ISO-10303-21;
HEADER;
FILE_DESCRIPTION(('FreeCAD Model'),'2;1');
FILE_NAME('Open CASCADE Shape Model','2026-09-10T09:31:47',('Author'),(
    ''),'Open CASCADE STEP processor 7.8','FreeCAD','Unknown');
FILE_SCHEMA(('AUTOMOTIVE_DESIGN { 1 0 10303 214 1 1 1 1 }'));
ENDSEC;
DATA;
#1 = APPLICATION_PROTOCOL_DEFINITION('international standard',
  'automotive_design',2000,#2);
#2 = APPLICATION_CONTEXT(
  'core data for automotive mechanical design processes');
#3 = SHAPE_DEFINITION_REPRESENTATION(#4,#10);
#4 = PRODUCT_DEFINITION_SHAPE('','',#5);
#5 = PRODUCT_DEFINITION('design','',#6,#9);
#6 = PRODUCT_DEFINITION_FORMATION('','',#7);
#7 = PRODUCT('Product031','Product031','',(#8));
#8 = PRODUCT_CONTEXT('',#2,'mechanical');
#9 = PRODUCT_DEFINITION_CONTEXT('part definition',#2,'design');
#10 = ADVANCED_BREP_SHAPE_REPRESENTATION('',(#11,#15),#2431);
#11 = AXIS2_PLACEMENT_3D('',#12,#13,#14);
#12 = CARTESIAN_POINT('',(0.,0.,0.));
#13 = DIRECTION('',(0.,0.,1.));
#14 = DIRECTION('',(1.,0.,-0.));
#15 = MANIFOLD_SOLID_BREP('',#16);
#16 = CLOSED_SHELL('',(#17,#144,#227,#308,#407,#497,#547,#662,#799,#834,
    #859,#884,#909,#937,#964,#991,#1016,#1044,#1069,#1097,#1115,#1155,
    #1252,#1292,#1374,#1476,#1540,#1604,#1654,#1704,#1775,#1839,#1928,
    #1974,#1991,#2032,#2061,#2079,#2108,#2149,#2190,#2202,#2225,#2249,
    #2261,#2284,#2304,#2316,#2333,#2363,#2376,#2393,#2419));
#17 = ADVANCED_FACE('',(#18),#127,.F.);
#18 = FACE_BOUND('',#19,.F.);
#19 = EDGE_LOOP('',(#20,#31,#42,#63,#81,#90,#105,#114));
#20 = ORIENTED_EDGE('',*,*,#21,.F.);
#21 = EDGE_CURVE('',#22,#24,#26,.T.);
#22 = VERTEX_POINT('',#23);
#23 = CARTESIAN_POINT('',(40.436311531757,100.69142500562,4.70736870252)
  );
#24 = VERTEX_POINT('',#25);
#25 = CARTESIAN_POINT('',(40.511963253764,93.68304119906,5.812747704253)
  );
#26 = B_SPLINE_CURVE_WITH_KNOTS('',3,(#27,#28,#29,#30),.UNSPECIFIED.,.F.
  ,.F.,(4,4),(-7.19035505699,-0.132758622054),.PIECEWISE_BEZIER_KNOTS.);
#27 = CARTESIAN_POINT('',(40.436311531757,100.6914250056,4.707368702523)
  );
#28 = CARTESIAN_POINT('',(40.465230360394,98.362853228529,5.074128014826
    ));
#29 = CARTESIAN_POINT('',(40.490186846702,96.007835133605,5.445631888106
    ));
#30 = CARTESIAN_POINT('',(40.511963254175,93.683041198405,5.812747700094
    ));
#31 = ORIENTED_EDGE('',*,*,#32,.T.);
#32 = EDGE_CURVE('',#22,#33,#35,.T.);
#33 = VERTEX_POINT('',#34);
#34 = CARTESIAN_POINT('',(38.115330296514,101.10326640212,
    2.055688952396E-12));
#35 = B_SPLINE_CURVE_WITH_KNOTS('',3,(#36,#37,#38,#39,#40,#41),
  .UNSPECIFIED.,.F.,.F.,(4,2,4),(0.616348708098,3.131650647209,
    5.868084441735),.UNSPECIFIED.);
#36 = CARTESIAN_POINT('',(40.436311531757,100.69142500562,4.70736870252)
  );
#37 = CARTESIAN_POINT('',(40.067515504372,100.75726709391,3.954790189654
    ));
#38 = CARTESIAN_POINT('',(39.696189619372,100.82333100718,3.199676205606
    ));
#39 = CARTESIAN_POINT('',(38.924806890776,100.96020603866,1.635187436913
    ));
#40 = CARTESIAN_POINT('',(38.519425622399,101.03192958307,0.815383572957
    ));
#41 = CARTESIAN_POINT('',(38.115330296514,101.10326640213,
    2.097877427332E-12));
#42 = ORIENTED_EDGE('',*,*,#43,.F.);
#43 = EDGE_CURVE('',#44,#33,#46,.T.);
#44 = VERTEX_POINT('',#45);
#45 = CARTESIAN_POINT('',(38.056039840416,85.729582103981,
    2.055688952396E-12));
#46 = B_SPLINE_CURVE_WITH_KNOTS('',3,(#47,#48,#49,#50,#51,#52,#53,#54,
    #55,#56,#57,#58,#59,#60,#61,#62),.UNSPECIFIED.,.F.,.F.,(4,3,3,3,3,4)
  ,(0.237540932445,4.490191523357,7.883564391157,11.333212223852,
    14.646753377302,15.440287318692),.UNSPECIFIED.);
#47 = CARTESIAN_POINT('',(38.056039840416,85.729582103984,
    2.028099910234E-12));
#48 = CARTESIAN_POINT('',(38.059695047769,87.149059911978,
    4.180321043949E-07));
#49 = CARTESIAN_POINT('',(38.063774541321,88.585324658635,
    1.958004891999E-05));
#50 = CARTESIAN_POINT('',(38.068308805996,90.019954458752,
    3.032273937889E-05));
#51 = CARTESIAN_POINT('',(38.071926890857,91.164707298184,
    3.889479427762E-05));
#52 = CARTESIAN_POINT('',(38.075834290987,92.308416712209,
    4.10383214276E-05));
#53 = CARTESIAN_POINT('',(38.080060601038,93.441715207383,
    4.126899901089E-05));
#54 = CARTESIAN_POINT('',(38.084356999356,94.593808094807,
    4.150350210442E-05));
#55 = CARTESIAN_POINT('',(38.089083655335,95.762258442129,
    4.113127988526E-05));
#56 = CARTESIAN_POINT('',(38.094316680655,96.933260782813,
    3.410020337594E-05));
#57 = CARTESIAN_POINT('',(38.09934323571,98.058060946431,
    2.734653966978E-05));
#58 = CARTESIAN_POINT('',(38.104836321825,99.185212452094,
    1.22106678165E-05));
#59 = CARTESIAN_POINT('',(38.110886379995,100.30245848535,
    3.665852642571E-06));
#60 = CARTESIAN_POINT('',(38.1123352609,100.57001896135,
    1.619521980175E-06));
#61 = CARTESIAN_POINT('',(38.113816216884,100.83701136594,
    1.31638357329E-07));
#62 = CARTESIAN_POINT('',(38.115330758041,101.10326749152,
    -1.871462712242E-07));
#63 = ORIENTED_EDGE('',*,*,#64,.T.);
#64 = EDGE_CURVE('',#44,#65,#67,.T.);
#65 = VERTEX_POINT('',#66);
#66 = CARTESIAN_POINT('',(40.554492506395,88.709384271278,6.59869253046)
  );
#67 = B_SPLINE_CURVE_WITH_KNOTS('',3,(#68,#69,#70,#71,#72,#73,#74,#75,
    #76,#77,#78,#79,#80),.UNSPECIFIED.,.F.,.F.,(4,3,3,3,4),(
    0.189263759729,3.838643327067,4.242089640731,7.381025788899,
    7.82125944201),.UNSPECIFIED.);
#68 = CARTESIAN_POINT('',(38.056039840417,85.729582103974,
    3.614636367999E-12));
#69 = CARTESIAN_POINT('',(38.451783098832,86.203361667981,1.049172225058
    ));
#70 = CARTESIAN_POINT('',(38.85060094484,86.680121043566,2.104907950454)
  );
#71 = CARTESIAN_POINT('',(39.247954055586,87.154207639563,3.154755902869
    ));
#72 = CARTESIAN_POINT('',(39.29188224798,87.2066188744,3.270818723547));
#73 = CARTESIAN_POINT('',(39.335792535696,87.258997442056,3.386809533999
    ));
#74 = CARTESIAN_POINT('',(39.379678783758,87.311335716376,3.502711475132
    ));
#75 = CARTESIAN_POINT('',(39.721127263477,87.718543554528,4.404464150374
    ));
#76 = CARTESIAN_POINT('',(40.065697737022,88.128770532087,5.312929675652
    ));
#77 = CARTESIAN_POINT('',(40.409766628493,88.537508860385,6.218077587493
    ));
#78 = CARTESIAN_POINT('',(40.458022055767,88.59483413205,6.345023964554)
  );
#79 = CARTESIAN_POINT('',(40.506267614862,88.652130100746,6.471905004768
    ));
#80 = CARTESIAN_POINT('',(40.554493308183,88.709384330475,6.598692964643
    ));
#81 = ORIENTED_EDGE('',*,*,#82,.F.);
#82 = EDGE_CURVE('',#83,#65,#85,.T.);
#83 = VERTEX_POINT('',#84);
#84 = CARTESIAN_POINT('',(40.51797720134,93.033041199058,5.915401252848)
  );
#85 = B_SPLINE_CURVE_WITH_KNOTS('',3,(#86,#87,#88,#89),.UNSPECIFIED.,.F.
  ,.F.,(4,4),(-4.662584383545,-0.293310880914),
  .PIECEWISE_BEZIER_KNOTS.);
#86 = CARTESIAN_POINT('',(40.517977201336,93.033041199065,5.915401252847
    ));
#87 = CARTESIAN_POINT('',(40.531130843141,91.593710830413,6.142734306031
    ));
#88 = CARTESIAN_POINT('',(40.543263363543,90.148706308952,6.371106063841
    ));
#89 = CARTESIAN_POINT('',(40.554492506333,88.709384271133,6.598692529521
    ));
#90 = ORIENTED_EDGE('',*,*,#91,.T.);
#91 = EDGE_CURVE('',#83,#92,#94,.T.);
#92 = VERTEX_POINT('',#93);
#93 = CARTESIAN_POINT('',(39.105965879586,93.033041199065,2.447001434767
    ));
#94 = B_SPLINE_CURVE_WITH_KNOTS('',3,(#95,#96,#97,#98,#99,#100,#101,#102
    ,#103,#104),.UNSPECIFIED.,.F.,.F.,(4,3,3,4),(0.432585664197,
    2.96872361451,3.73906398442,4.17204037547),.UNSPECIFIED.);
#95 = CARTESIAN_POINT('',(40.518129046408,93.0330518215,5.915479031933)
  );
#96 = CARTESIAN_POINT('',(40.204907031102,93.033052708617,5.129374533137
    ));
#97 = CARTESIAN_POINT('',(39.886557963026,93.033067018227,4.343025128192
    ));
#98 = CARTESIAN_POINT('',(39.565284026238,93.033069344304,3.559799811749
    ));
#99 = CARTESIAN_POINT('',(39.467698528857,93.033070050839,3.321898683414
    ));
#100 = CARTESIAN_POINT('',(39.369843250847,93.033069779304,
    3.084285465217));
#101 = CARTESIAN_POINT('',(39.271780080544,93.033069027344,
    2.847054246117));
#102 = CARTESIAN_POINT('',(39.216662837269,93.033068604698,
    2.713716411177));
#103 = CARTESIAN_POINT('',(39.161429131282,93.033067918995,
    2.580376405958));
#104 = CARTESIAN_POINT('',(39.106089241582,93.03306699269,2.447050747074
    ));
#105 = ORIENTED_EDGE('',*,*,#106,.F.);
#106 = EDGE_CURVE('',#107,#92,#109,.T.);
#107 = VERTEX_POINT('',#108);
#108 = CARTESIAN_POINT('',(39.12114319715,93.683041199067,2.447001434767
    ));
#109 = B_SPLINE_CURVE_WITH_KNOTS('',3,(#110,#111,#112,#113),
  .UNSPECIFIED.,.F.,.F.,(4,4),(-7.250629248545,-6.603092060613),
  .PIECEWISE_BEZIER_KNOTS.);
#110 = CARTESIAN_POINT('',(39.121273006731,93.683068505285,
    2.447053135284));
#111 = CARTESIAN_POINT('',(39.116147784502,93.466762828401,
    2.447052625469));
#112 = CARTESIAN_POINT('',(39.111086868899,93.25007136949,2.447051909627
    ));
#113 = CARTESIAN_POINT('',(39.106089241581,93.033066992692,
    2.447050747076));
#114 = ORIENTED_EDGE('',*,*,#115,.T.);
#115 = EDGE_CURVE('',#107,#24,#116,.T.);
#116 = B_SPLINE_CURVE_WITH_KNOTS('',3,(#117,#118,#119,#120,#121,#122,
    #123,#124,#125,#126),.UNSPECIFIED.,.F.,.F.,(4,3,3,4),(
    -0.433584186193,0.,2.322563948196,3.201128755661),.UNSPECIFIED.);
#117 = CARTESIAN_POINT('',(39.121273006731,93.683068505276,
    2.447053135283));
#118 = CARTESIAN_POINT('',(39.177358365114,93.683069444263,
    2.580411599711));
#119 = CARTESIAN_POINT('',(39.233330070899,93.68307012154,2.713752410167
    ));
#120 = CARTESIAN_POINT('',(39.289177178258,93.683070515903,
    2.847057223626));
#121 = CARTESIAN_POINT('',(39.588331257884,93.683072628373,
    3.561126056672));
#122 = CARTESIAN_POINT('',(39.885880406682,93.683064909179,
    4.278866030601));
#123 = CARTESIAN_POINT('',(40.179973115516,93.683057849594,4.99733981501
    ));
#124 = CARTESIAN_POINT('',(40.29122064621,93.683055179139,5.269119536106
    ));
#125 = CARTESIAN_POINT('',(40.401973664307,93.68305316336,5.541004161752
    ));
#126 = CARTESIAN_POINT('',(40.512132238885,93.683052909894,
    5.812833447225));
#127 = B_SPLINE_SURFACE_WITH_KNOTS('',3,3,(
    (#128,#129,#130,#131)
    ,(#132,#133,#134,#135)
    ,(#136,#137,#138,#139)
    ,(#140,#141,#142,#143
    )),.UNSPECIFIED.,.F.,.F.,.F.,(4,4),(4,4),(6.817430090376E-02,
    0.934028760381),(5.530734825159E-02,0.886294567988),
  .PIECEWISE_BEZIER_KNOTS.);
#128 = CARTESIAN_POINT('',(38.005844726951,101.11428971299,
    -0.220818829066));
#129 = CARTESIAN_POINT('',(38.836485188429,101.03083013302,
    1.454433862339));
#130 = CARTESIAN_POINT('',(39.666742259335,100.94374976316,
    3.129738040829));
#131 = CARTESIAN_POINT('',(40.495644656177,100.84972004908,
    4.805447899872));
#132 = CARTESIAN_POINT('',(38.029357999505,95.986114891952,
    -0.13829722953));
#133 = CARTESIAN_POINT('',(38.861586492018,96.238011668698,
    1.715990943566));
#134 = CARTESIAN_POINT('',(39.693889926981,96.486879979231,
    3.570953800282));
#135 = CARTESIAN_POINT('',(40.525594629398,96.730332162966,
    5.427196505725));
#136 = CARTESIAN_POINT('',(38.044353516707,90.857868727137,
    -6.619441913728E-02));
#137 = CARTESIAN_POINT('',(38.877108898378,91.444752521609,
    1.965792653265));
#138 = CARTESIAN_POINT('',(39.709969882486,92.029015057946,3.99867048205
    ));
#139 = CARTESIAN_POINT('',(40.542390531355,92.608779427552,
    6.033067578239));
#140 = CARTESIAN_POINT('',(38.056039840416,85.729582103973,
    2.16182627355E-12));
#141 = CARTESIAN_POINT('',(38.88912751614,86.65124551647,2.209153463257)
  );
#142 = CARTESIAN_POINT('',(39.722265344044,87.570596363417,
    4.419271311771));
#143 = CARTESIAN_POINT('',(40.555190346004,88.486155420847,
    6.631081685493));
#144 = ADVANCED_FACE('',(#145),#202,.F.);
#145 = FACE_BOUND('',#146,.F.);
#146 = EDGE_LOOP('',(#147,#164,#175,#191,#192));
#147 = ORIENTED_EDGE('',*,*,#148,.T.);
#148 = EDGE_CURVE('',#149,#151,#153,.T.);
#149 = VERTEX_POINT('',#150);
#150 = CARTESIAN_POINT('',(45.420989087568,93.683041199067,
    5.385902845469));
#151 = VERTEX_POINT('',#152);
#152 = CARTESIAN_POINT('',(47.776357532395,96.038409643894,
    4.951259838889));
#153 = B_SPLINE_CURVE_WITH_KNOTS('',3,(#154,#155,#156,#157,#158,#159,
    #160,#161,#162,#163),.UNSPECIFIED.,.F.,.F.,(4,2,2,2,4),(
    0.200876652056,1.0884926039,2.179733101776,3.082202365873,
    3.830853403853),.UNSPECIFIED.);
#154 = CARTESIAN_POINT('',(45.420989087568,93.683041199052,
    5.385902845471));
#155 = CARTESIAN_POINT('',(45.456046034626,93.972165921114,
    5.338307788729));
#156 = CARTESIAN_POINT('',(45.537711211277,94.254155274553,
    5.289716828823));
#157 = CARTESIAN_POINT('',(45.817424118373,94.842149794291,5.184617666)
  );
#158 = CARTESIAN_POINT('',(46.035164841072,95.133125898559,
    5.129893309913));
#159 = CARTESIAN_POINT('',(46.526957598209,95.571687862619,
    5.045158185318));
#160 = CARTESIAN_POINT('',(46.781494203377,95.732453181729,
    5.013118273851));
#161 = CARTESIAN_POINT('',(47.287363033393,95.944401491361,4.97047193028
    ));
#162 = CARTESIAN_POINT('',(47.529079001721,96.008426630695,
    4.957384353122));
#163 = CARTESIAN_POINT('',(47.776357532395,96.038409643894,
    4.951259838888));
#164 = ORIENTED_EDGE('',*,*,#165,.T.);
#165 = EDGE_CURVE('',#151,#166,#168,.T.);
#166 = VERTEX_POINT('',#167);
#167 = CARTESIAN_POINT('',(47.776357532395,100.73547598753,
    4.203863675273));
#168 = B_SPLINE_CURVE_WITH_KNOTS('',3,(#169,#170,#171,#172,#173,#174),
  .UNSPECIFIED.,.F.,.F.,(4,2,4),(2.594267820473,3.750240726036,
    7.350425225584),.UNSPECIFIED.);
#169 = CARTESIAN_POINT('',(47.776357532395,96.038409643916,
    4.951259838884));
#170 = CARTESIAN_POINT('',(47.776357532395,96.418946631129,
    4.890708877167));
#171 = CARTESIAN_POINT('',(47.776357532395,96.799483618343,
    4.830157915451));
#172 = CARTESIAN_POINT('',(47.776357532395,98.365172399557,
    4.581025860911));
#173 = CARTESIAN_POINT('',(47.776357532395,99.550324193573,
    4.392444768088));
#174 = CARTESIAN_POINT('',(47.776357532395,100.73547598758,
    4.203863675265));
#175 = ORIENTED_EDGE('',*,*,#176,.T.);
#176 = EDGE_CURVE('',#166,#22,#177,.T.);
#177 = B_SPLINE_CURVE_WITH_KNOTS('',3,(#178,#179,#180,#181,#182,#183,
    #184,#185,#186,#187,#188,#189,#190),.UNSPECIFIED.,.F.,.F.,(4,3,3,3,4
    ),(7.012375303388E-02,0.814334353403,2.963248289967,3.833691940451,
    7.44350132182),.UNSPECIFIED.);
#178 = CARTESIAN_POINT('',(47.776357532396,100.73547598754,
    4.203863675271));
#179 = CARTESIAN_POINT('',(47.528303000913,100.73535533011,
    4.205240745916));
#180 = CARTESIAN_POINT('',(47.28031972103,100.73509533877,4.208199975589
    ));
#181 = CARTESIAN_POINT('',(47.03242058819,100.73469746946,4.212742660727
    ));
#182 = CARTESIAN_POINT('',(46.316609900788,100.73354861873,
    4.225859699635));
#183 = CARTESIAN_POINT('',(45.601563151276,100.73124891656,
    4.252171160778));
#184 = CARTESIAN_POINT('',(44.887566603665,100.72780549301,
    4.291532777896));
#185 = CARTESIAN_POINT('',(44.598353643219,100.72641069253,
    4.307476678259));
#186 = CARTESIAN_POINT('',(44.309313015754,100.7248283296,4.325562377942
    ));
#187 = CARTESIAN_POINT('',(44.020463933986,100.72305925852,
    4.345782679938));
#188 = CARTESIAN_POINT('',(42.822580397444,100.71572275911,
    4.429638120003));
#189 = CARTESIAN_POINT('',(41.626801668817,100.70516742385,
    4.550291952137));
#190 = CARTESIAN_POINT('',(40.436311531766,100.69142500563,
    4.707368702518));
#191 = ORIENTED_EDGE('',*,*,#21,.T.);
#192 = ORIENTED_EDGE('',*,*,#193,.T.);
#193 = EDGE_CURVE('',#24,#149,#194,.T.);
#194 = B_SPLINE_CURVE_WITH_KNOTS('',3,(#195,#196,#197,#198,#199,#200,
    #201),.UNSPECIFIED.,.F.,.F.,(4,3,4),(0.294090904779,3.818070755215,
    5.222027343454),.UNSPECIFIED.);
#195 = CARTESIAN_POINT('',(40.511963254194,93.683041198412,5.81274770009
    ));
#196 = CARTESIAN_POINT('',(41.677078515942,93.683041163618,
    5.662676235736));
#197 = CARTESIAN_POINT('',(42.847067089504,93.683040862466,
    5.547016784475));
#198 = CARTESIAN_POINT('',(44.018945028809,93.683040924785,
    5.466093716163));
#199 = CARTESIAN_POINT('',(44.485826865268,93.683040949611,
    5.433853574526));
#200 = CARTESIAN_POINT('',(44.953201936594,93.683041232376,
    5.407112628413));
#201 = CARTESIAN_POINT('',(45.420989200535,93.683041081902,
    5.385902109135));
#202 = B_SPLINE_SURFACE_WITH_KNOTS('',3,3,(
    (#203,#204,#205,#206,#207,#208)
    ,(#209,#210,#211,#212,#213,#214)
    ,(#215,#216,#217,#218,#219,#220)
    ,(#221,#222,#223,#224,#225,#226
    )),.UNSPECIFIED.,.F.,.F.,.F.,(4,4),(4,2,4),(0.15000733579,
    0.272677456042),(6.573390892908E-02,0.175697674035,0.18803742633),
  .UNSPECIFIED.);
#203 = CARTESIAN_POINT('',(40.436311531757,100.8125273928,4.688098917305
    ));
#204 = CARTESIAN_POINT('',(42.617850378305,100.76847943105,
    4.411276251172));
#205 = CARTESIAN_POINT('',(44.822937900732,100.74303050954,4.2513406258)
  );
#206 = CARTESIAN_POINT('',(47.280361071473,100.73613942452,
    4.208033093718));
#207 = CARTESIAN_POINT('',(47.528349405591,100.73568667694,
    4.205187768059));
#208 = CARTESIAN_POINT('',(47.776357532399,100.73547598758,
    4.203863675265));
#209 = CARTESIAN_POINT('',(40.436311531757,98.436538613663,
    5.066165729312));
#210 = CARTESIAN_POINT('',(42.617850378305,98.39249065191,4.789343063179
    ));
#211 = CARTESIAN_POINT('',(44.822937900732,98.367041730395,
    4.629407437807));
#212 = CARTESIAN_POINT('',(47.280361071473,98.360150645378,
    4.586099905726));
#213 = CARTESIAN_POINT('',(47.528349405591,98.359697897795,
    4.583254580067));
#214 = CARTESIAN_POINT('',(47.776357532399,98.359487208443,
    4.581930487272));
#215 = CARTESIAN_POINT('',(40.436311531757,96.06054983451,5.44423254132)
  );
#216 = CARTESIAN_POINT('',(42.617850378305,96.016501872757,
    5.167409875187));
#217 = CARTESIAN_POINT('',(44.822937900732,95.99105295122,5.007474249815
    ));
#218 = CARTESIAN_POINT('',(47.280361071473,95.984161866239,
    4.964166717733));
#219 = CARTESIAN_POINT('',(47.528349405591,95.983709118642,
    4.961321392074));
#220 = CARTESIAN_POINT('',(47.776357532399,95.98349842929,4.95999729928)
  );
#221 = CARTESIAN_POINT('',(40.436311531757,93.684561055365,
    5.822299353327));
#222 = CARTESIAN_POINT('',(42.617850378305,93.640513093611,
    5.545476687194));
#223 = CARTESIAN_POINT('',(44.822937900732,93.615064172074,
    5.385541061823));
#224 = CARTESIAN_POINT('',(47.280361071473,93.608173087094,
    5.342233529741));
#225 = CARTESIAN_POINT('',(47.528349405591,93.607720339496,
    5.339388204082));
#226 = CARTESIAN_POINT('',(47.776357532399,93.607509650144,
    5.338064111287));
#227 = ADVANCED_FACE('',(#228),#283,.F.);
#228 = FACE_BOUND('',#229,.F.);
#229 = EDGE_LOOP('',(#230,#247,#257,#258,#276));
#230 = ORIENTED_EDGE('',*,*,#231,.T.);
#231 = EDGE_CURVE('',#232,#234,#236,.T.);
#232 = VERTEX_POINT('',#233);
#233 = CARTESIAN_POINT('',(47.776357532392,90.677672754246,
    5.804259113829));
#234 = VERTEX_POINT('',#235);
#235 = CARTESIAN_POINT('',(45.420989087572,93.033041199058,
    5.489330702522));
#236 = B_SPLINE_CURVE_WITH_KNOTS('',3,(#237,#238,#239,#240,#241,#242,
    #243,#244,#245,#246),.UNSPECIFIED.,.F.,.F.,(4,2,2,2,4),(
    7.010148631392E-02,0.749537805963,1.712300988736,2.701199569552,
    3.685962471523),.UNSPECIFIED.);
#237 = CARTESIAN_POINT('',(47.776357532395,90.677672754246,
    5.804259113829));
#238 = CARTESIAN_POINT('',(47.551737125374,90.70490842493,5.801154971165
    ));
#239 = CARTESIAN_POINT('',(47.331408957503,90.760276394431,
    5.794848899681));
#240 = CARTESIAN_POINT('',(46.821847720876,90.958944584308,
    5.771682512001));
#241 = CARTESIAN_POINT('',(46.546607566899,91.127556457432,
    5.751723049933));
#242 = CARTESIAN_POINT('',(46.061993356703,91.558337491762,
    5.697884008077));
#243 = CARTESIAN_POINT('',(45.858836284875,91.819141659777,
    5.664059858687));
#244 = CARTESIAN_POINT('',(45.55674010612,92.398280058864,5.584142061948
    ));
#245 = CARTESIAN_POINT('',(45.460002518728,92.711286215075,
    5.538759290565));
#246 = CARTESIAN_POINT('',(45.420989087572,93.033041199058,
    5.489330702521));
#247 = ORIENTED_EDGE('',*,*,#248,.T.);
#248 = EDGE_CURVE('',#234,#83,#249,.T.);
#249 = B_SPLINE_CURVE_WITH_KNOTS('',3,(#250,#251,#252,#253,#254,#255,
    #256),.UNSPECIFIED.,.F.,.F.,(4,3,4),(2.427799740983,3.762804587507,
    7.359568392243),.UNSPECIFIED.);
#250 = CARTESIAN_POINT('',(45.420989198548,93.033041084877,
    5.489329984952));
#251 = CARTESIAN_POINT('',(44.977083094618,93.033041222799,
    5.509457695104));
#252 = CARTESIAN_POINT('',(44.533545228511,93.033040964365,
    5.534565751978));
#253 = CARTESIAN_POINT('',(44.090440362434,93.03304094007,5.564627847823
    ));
#254 = CARTESIAN_POINT('',(42.896640998442,93.033040874609,
    5.645620212493));
#255 = CARTESIAN_POINT('',(41.704769331423,93.033041190844,
    5.762660670682));
#256 = CARTESIAN_POINT('',(40.517977201332,93.033041199051,5.91540125285
    ));
#257 = ORIENTED_EDGE('',*,*,#82,.T.);
#258 = ORIENTED_EDGE('',*,*,#259,.T.);
#259 = EDGE_CURVE('',#65,#260,#262,.T.);
#260 = VERTEX_POINT('',#261);
#261 = CARTESIAN_POINT('',(47.776357532395,88.506636893435,
    6.149713862545));
#262 = B_SPLINE_CURVE_WITH_KNOTS('',3,(#263,#264,#265,#266,#267,#268,
    #269,#270,#271,#272,#273,#274,#275),.UNSPECIFIED.,.F.,.F.,(4,3,3,3,4
    ),(0.196736257644,3.741531149289,5.863241420829,6.693674468661,
    7.436407104179),.UNSPECIFIED.);
#263 = CARTESIAN_POINT('',(40.554492506491,88.709384271124,
    6.598692529502));
#264 = CARTESIAN_POINT('',(41.726113357617,88.646167066283,
    6.458699637997));
#265 = CARTESIAN_POINT('',(42.902815373042,88.597598906655,
    6.351145503349));
#266 = CARTESIAN_POINT('',(44.081569062291,88.563832032493,
    6.276369918457));
#267 = CARTESIAN_POINT('',(44.787103207265,88.54362112422,6.231613555162
    ));
#268 = CARTESIAN_POINT('',(45.49376052048,88.528700574222,6.198570932934
    ));
#269 = CARTESIAN_POINT('',(46.201278049062,88.519119638972,6.17735222207
    ));
#270 = CARTESIAN_POINT('',(46.478198958356,88.515369680569,
    6.169047262165));
#271 = CARTESIAN_POINT('',(46.755251694104,88.512437798221,
    6.162554187501));
#272 = CARTESIAN_POINT('',(47.032420588319,88.510327287524,
    6.157881754493));
#273 = CARTESIAN_POINT('',(47.280318216937,88.50843966374,6.153702768009
    ));
#274 = CARTESIAN_POINT('',(47.5283012761,88.50720916567,6.150980683815)
  );
#275 = CARTESIAN_POINT('',(47.776357532392,88.506636893434,
    6.149713862544));
#276 = ORIENTED_EDGE('',*,*,#277,.T.);
#277 = EDGE_CURVE('',#260,#232,#278,.T.);
#278 = B_SPLINE_CURVE_WITH_KNOTS('',3,(#279,#280,#281,#282),
  .UNSPECIFIED.,.F.,.F.,(4,4),(0.163712080362,2.362060481351),
  .PIECEWISE_BEZIER_KNOTS.);
#279 = CARTESIAN_POINT('',(47.776357532392,88.506636893435,
    6.149713862545));
#280 = CARTESIAN_POINT('',(47.776357532392,89.230315513691,
    6.034562279643));
#281 = CARTESIAN_POINT('',(47.776357532392,89.953994133946,
    5.919410696739));
#282 = CARTESIAN_POINT('',(47.776357532392,90.677672754202,
    5.804259113837));
#283 = B_SPLINE_SURFACE_WITH_KNOTS('',3,3,(
    (#284,#285,#286,#287,#288,#289)
    ,(#290,#291,#292,#293,#294,#295)
    ,(#296,#297,#298,#299,#300,#301)
    ,(#302,#303,#304,#305,#306,#307
    )),.UNSPECIFIED.,.F.,.F.,.F.,(4,4),(4,2,4),(0.282723748088,
    0.360461915849),(6.710588531693E-02,0.175697674035,0.18803742633),
  .UNSPECIFIED.);
#284 = CARTESIAN_POINT('',(40.517977201332,93.099163298975,
    5.904879918852));
#285 = CARTESIAN_POINT('',(42.672875124972,93.056123363596,5.63439226887
    ));
#286 = CARTESIAN_POINT('',(44.8505047861,93.031229128399,5.477942610699)
  );
#287 = CARTESIAN_POINT('',(47.280361071171,93.024415352789,
    5.435120935179));
#288 = CARTESIAN_POINT('',(47.528349405587,93.023962604719,
    5.432275606458));
#289 = CARTESIAN_POINT('',(47.776357532395,93.023751915367,
    5.430951513664));
#290 = CARTESIAN_POINT('',(40.517977201332,91.59345829166,6.144467368479
    ));
#291 = CARTESIAN_POINT('',(42.672875124972,91.550418356281,
    5.873979718497));
#292 = CARTESIAN_POINT('',(44.8505047861,91.525524121083,5.717530060326)
  );
#293 = CARTESIAN_POINT('',(47.280361071171,91.518710345474,
    5.674708384807));
#294 = CARTESIAN_POINT('',(47.528349405587,91.518257597403,
    5.671863056086));
#295 = CARTESIAN_POINT('',(47.776357532395,91.518046908052,
    5.670538963291));
#296 = CARTESIAN_POINT('',(40.517977201332,90.087753284352,
    6.384054818107));
#297 = CARTESIAN_POINT('',(42.672875124972,90.044713348972,
    6.113567168124));
#298 = CARTESIAN_POINT('',(44.8505047861,90.019819113797,5.957117509953)
  );
#299 = CARTESIAN_POINT('',(47.280361071171,90.013005338165,
    5.914295834434));
#300 = CARTESIAN_POINT('',(47.528349405587,90.012552590095,
    5.911450505713));
#301 = CARTESIAN_POINT('',(47.776357532395,90.012341900743,
    5.910126412918));
#302 = CARTESIAN_POINT('',(40.517977201332,88.582048277036,
    6.623642267734));
#303 = CARTESIAN_POINT('',(42.672875124972,88.539008341657,
    6.353154617752));
#304 = CARTESIAN_POINT('',(44.8505047861,88.514114106481,6.19670495958)
  );
#305 = CARTESIAN_POINT('',(47.280361071171,88.50730033085,6.153883284061
    ));
#306 = CARTESIAN_POINT('',(47.528349405587,88.506847582779,6.15103795534
    ));
#307 = CARTESIAN_POINT('',(47.776357532395,88.506636893428,
    6.149713862545));
#308 = ADVANCED_FACE('',(#309),#382,.F.);
#309 = FACE_BOUND('',#310,.F.);
#310 = EDGE_LOOP('',(#311,#322,#340,#351,#366));
#311 = ORIENTED_EDGE('',*,*,#312,.T.);
#312 = EDGE_CURVE('',#313,#315,#317,.T.);
#313 = VERTEX_POINT('',#314);
#314 = CARTESIAN_POINT('',(55.690861169056,93.68304119906,5.812477852327
    ));
#315 = VERTEX_POINT('',#316);
#316 = CARTESIAN_POINT('',(55.766531739511,100.69144789463,
    4.707107079855));
#317 = B_SPLINE_CURVE_WITH_KNOTS('',3,(#318,#319,#320,#321),
  .UNSPECIFIED.,.F.,.F.,(4,4),(-7.338431342484,-0.272510484893),
  .PIECEWISE_BEZIER_KNOTS.);
#318 = CARTESIAN_POINT('',(55.690861169074,93.683041198892,5.8124778513)
  );
#319 = CARTESIAN_POINT('',(55.712642944283,96.007841663348,
    5.445364369074));
#320 = CARTESIAN_POINT('',(55.737605650258,98.362870072924,
    5.073862757825));
#321 = CARTESIAN_POINT('',(55.766531739508,100.69144789463,
    4.707107079855));
#322 = ORIENTED_EDGE('',*,*,#323,.T.);
#323 = EDGE_CURVE('',#315,#324,#326,.T.);
#324 = VERTEX_POINT('',#325);
#325 = CARTESIAN_POINT('',(48.426357532397,100.73547497487,
    4.203875250091));
#326 = B_SPLINE_CURVE_WITH_KNOTS('',3,(#327,#328,#329,#330,#331,#332,
    #333,#334,#335,#336,#337,#338,#339),.UNSPECIFIED.,.F.,.F.,(4,3,3,3,4
    ),(0.217838109593,1.915060315479,3.671884252084,3.820576774065,
    7.581445864818),.UNSPECIFIED.);
#327 = CARTESIAN_POINT('',(55.766531739508,100.69144789464,
    4.707107079854));
#328 = CARTESIAN_POINT('',(55.205780085158,100.69792721966,
    4.633048078823));
#329 = CARTESIAN_POINT('',(54.644248777064,100.70369259814,
    4.567136166808));
#330 = CARTESIAN_POINT('',(54.081859644717,100.70874561037,
    4.509378557372));
#331 = CARTESIAN_POINT('',(53.499720967784,100.71397607036,
    4.449592661084));
#332 = CARTESIAN_POINT('',(52.916689893227,100.71844345892,
    4.398545130703));
#333 = CARTESIAN_POINT('',(52.332694230395,100.72214614326,
    4.356222690374));
#334 = CARTESIAN_POINT('',(52.28326651819,100.72245952781,4.352640640825
    ));
#335 = CARTESIAN_POINT('',(52.233831892312,100.72276743925,
    4.349121123215));
#336 = CARTESIAN_POINT('',(52.184390307065,100.72306987928,
    4.345664146301));
#337 = CARTESIAN_POINT('',(50.933867773313,100.7307194737,4.258227072685
    ));
#338 = CARTESIAN_POINT('',(49.679958815413,100.73486255694,
    4.210875211137));
#339 = CARTESIAN_POINT('',(48.426357532406,100.73547497487,
    4.203875250091));
#340 = ORIENTED_EDGE('',*,*,#341,.T.);
#341 = EDGE_CURVE('',#324,#342,#344,.T.);
#342 = VERTEX_POINT('',#343);
#343 = CARTESIAN_POINT('',(48.426357532397,96.038409643894,
    4.951271252572));
#344 = B_SPLINE_CURVE_WITH_KNOTS('',3,(#345,#346,#347,#348,#349,#350),
  .UNSPECIFIED.,.F.,.F.,(4,2,4),(0.150056252676,3.750216922332,
    4.906212632361),.UNSPECIFIED.);
#345 = CARTESIAN_POINT('',(48.426357532397,100.73547497487,
    4.203875250091));
#346 = CARTESIAN_POINT('',(48.426357532397,99.550331025479,
    4.392455094682));
#347 = CARTESIAN_POINT('',(48.426357532397,98.365187076059,
    4.581034939272));
#348 = CARTESIAN_POINT('',(48.426357532397,96.799498632397,
    4.830166940099));
#349 = CARTESIAN_POINT('',(48.426357532397,96.418954138142,
    4.890719096336));
#350 = CARTESIAN_POINT('',(48.426357532397,96.038409643887,
    4.951271252572));
#351 = ORIENTED_EDGE('',*,*,#352,.T.);
#352 = EDGE_CURVE('',#342,#353,#355,.T.);
#353 = VERTEX_POINT('',#354);
#354 = CARTESIAN_POINT('',(50.78172597722,93.683041199045,5.385809135848
    ));
#355 = B_SPLINE_CURVE_WITH_KNOTS('',3,(#356,#357,#358,#359,#360,#361,
    #362,#363,#364,#365),.UNSPECIFIED.,.F.,.F.,(4,2,2,2,4),(
    7.053357245121E-02,1.052032441307,2.13845514705,3.050172406384,
    3.698925999585),.UNSPECIFIED.);
#356 = CARTESIAN_POINT('',(48.426357532397,96.038409643894,
    4.951271252571));
#357 = CARTESIAN_POINT('',(48.750601763986,95.99909438652,4.959312424158
    ));
#358 = CARTESIAN_POINT('',(49.064569974209,95.901341597353,
    4.979329401373));
#359 = CARTESIAN_POINT('',(49.672781102738,95.583056375734,
    5.042832822082));
#360 = CARTESIAN_POINT('',(49.954580385805,95.354062358405,
    5.087836272124));
#361 = CARTESIAN_POINT('',(50.374540120814,94.845710891932,
    5.183477634341));
#362 = CARTESIAN_POINT('',(50.525776472092,94.583691212298,5.23138114701
    ));
#363 = CARTESIAN_POINT('',(50.705434584379,94.102598599813,
    5.315600662438));
#364 = CARTESIAN_POINT('',(50.756072482924,93.894612942451,
    5.350983586072));
#365 = CARTESIAN_POINT('',(50.781725977216,93.683041199045,
    5.385809135848));
#366 = ORIENTED_EDGE('',*,*,#367,.T.);
#367 = EDGE_CURVE('',#353,#313,#368,.T.);
#368 = B_SPLINE_CURVE_WITH_KNOTS('',3,(#369,#370,#371,#372,#373,#374,
    #375,#376,#377,#378,#379,#380,#381),.UNSPECIFIED.,.F.,.F.,(4,3,3,3,4
    ),(2.425905118621,3.827269939526,5.583505499134,5.73590676094,
    7.356349985878),.UNSPECIFIED.);
#369 = CARTESIAN_POINT('',(50.781725966639,93.683041044015,
    5.385808161407));
#370 = CARTESIAN_POINT('',(51.248476346428,93.683041030484,
    5.406919066573));
#371 = CARTESIAN_POINT('',(51.714955396894,93.683041048182,
    5.433532923382));
#372 = CARTESIAN_POINT('',(52.180971711858,93.683041086168,
    5.465636376514));
#373 = CARTESIAN_POINT('',(52.764998353963,93.683041133772,
    5.505869457053));
#374 = CARTESIAN_POINT('',(53.348086354554,93.68304053108,5.554705522119
    ));
#375 = CARTESIAN_POINT('',(53.93030833996,93.683040378044,5.612156251101
    ));
#376 = CARTESIAN_POINT('',(53.980831952663,93.683040364764,
    5.617141666377));
#377 = CARTESIAN_POINT('',(54.031349039395,93.683040359922,5.6221919843)
  );
#378 = CARTESIAN_POINT('',(54.081859644717,93.683040367112,
    5.627307230581));
#379 = CARTESIAN_POINT('',(54.618925855396,93.683040443561,
    5.681696322116));
#380 = CARTESIAN_POINT('',(55.155237034103,93.683041180555,
    5.743421503531));
#381 = CARTESIAN_POINT('',(55.690861169019,93.683041198896,
    5.812477851293));
#382 = B_SPLINE_SURFACE_WITH_KNOTS('',3,3,(
    (#383,#384,#385,#386,#387,#388)
    ,(#389,#390,#391,#392,#393,#394)
    ,(#395,#396,#397,#398,#399,#400)
    ,(#401,#402,#403,#404,#405,#406
    )),.UNSPECIFIED.,.F.,.F.,.F.,(4,4),(4,2,4),(0.150007383702,
    0.272676735327),(0.198817330179,0.292829456724,0.321025395393),
  .UNSPECIFIED.);
#383 = CARTESIAN_POINT('',(48.426357532397,100.73547497487,
    4.203875250091));
#384 = CARTESIAN_POINT('',(50.315942043126,100.73708962808,
    4.214022657359));
#385 = CARTESIAN_POINT('',(52.205249928615,100.75273284753,
    4.312333624387));
#386 = CARTESIAN_POINT('',(54.644688871169,100.79107170312,
    4.553276991504));
#387 = CARTESIAN_POINT('',(55.206350622986,100.80116285027,
    4.616695550473));
#388 = CARTESIAN_POINT('',(55.766531739511,100.81248457266,
    4.687847750266));
#389 = CARTESIAN_POINT('',(48.426357532397,98.359501083207,
    4.581939693205));
#390 = CARTESIAN_POINT('',(50.315942043126,98.361115736421,
    4.592087100474));
#391 = CARTESIAN_POINT('',(52.205249928615,98.37675895587,4.690398067501
    ));
#392 = CARTESIAN_POINT('',(54.644688871169,98.415097811463,
    4.931341434619));
#393 = CARTESIAN_POINT('',(55.206350622986,98.425188958616,
    4.994759993587));
#394 = CARTESIAN_POINT('',(55.766531739511,98.436510681,5.065912193381)
  );
#395 = CARTESIAN_POINT('',(48.426357532397,95.983527191544,4.96000413632
    ));
#396 = CARTESIAN_POINT('',(50.315942043126,95.985141844758,
    4.970151543588));
#397 = CARTESIAN_POINT('',(52.205249928615,96.000785064221,
    5.068462510616));
#398 = CARTESIAN_POINT('',(54.644688871169,96.039123919814,
    5.309405877733));
#399 = CARTESIAN_POINT('',(55.206350622986,96.04921506696,5.372824436701
    ));
#400 = CARTESIAN_POINT('',(55.766531739511,96.060536789344,
    5.443976636495));
#401 = CARTESIAN_POINT('',(48.426357532397,93.60755329988,5.338068579434
    ));
#402 = CARTESIAN_POINT('',(50.315942043126,93.609167953095,
    5.348215986702));
#403 = CARTESIAN_POINT('',(52.205249928615,93.624811172558,5.44652695373
    ));
#404 = CARTESIAN_POINT('',(54.644688871169,93.663150028151,
    5.687470320847));
#405 = CARTESIAN_POINT('',(55.206350622986,93.673241175296,
    5.750888879816));
#406 = CARTESIAN_POINT('',(55.766531739511,93.684562897681,
    5.822041079609));
#407 = ADVANCED_FACE('',(#408),#472,.F.);
#408 = FACE_BOUND('',#409,.F.);
#409 = EDGE_LOOP('',(#410,#427,#436,#447,#456));
#410 = ORIENTED_EDGE('',*,*,#411,.T.);
#411 = EDGE_CURVE('',#412,#414,#416,.T.);
#412 = VERTEX_POINT('',#413);
#413 = CARTESIAN_POINT('',(50.781725977213,93.033041199058,
    5.489236992897));
#414 = VERTEX_POINT('',#415);
#415 = CARTESIAN_POINT('',(48.426357532397,90.677672754246,
    5.804270527513));
#416 = B_SPLINE_CURVE_WITH_KNOTS('',3,(#417,#418,#419,#420,#421,#422,
    #423,#424,#425,#426),.UNSPECIFIED.,.F.,.F.,(4,2,2,2,4),(
    0.101245245993,1.089591892846,2.163119504263,3.067453228951,
    3.718916219127),.UNSPECIFIED.);
#417 = CARTESIAN_POINT('',(50.781725977213,93.033041199058,
    5.489236992897));
#418 = CARTESIAN_POINT('',(50.742587324741,92.710253478879,
    5.538828673453));
#419 = CARTESIAN_POINT('',(50.645354434218,92.39627982492,5.584353459209
    ));
#420 = CARTESIAN_POINT('',(50.32919023242,91.791871338471,5.667762700907
    ));
#421 = CARTESIAN_POINT('',(50.103764637515,91.512092470919,5.70383048633
    ));
#422 = CARTESIAN_POINT('',(49.59904200965,91.091506793047,5.756028680863
    ));
#423 = CARTESIAN_POINT('',(49.337515496274,90.938836340916,
    5.774065793369));
#424 = CARTESIAN_POINT('',(48.853021305873,90.755727204436,5.79538872513
    ));
#425 = CARTESIAN_POINT('',(48.641643388502,90.703776592083,
    5.801302286199));
#426 = CARTESIAN_POINT('',(48.426357532393,90.677672754246,
    5.804270527513));
#427 = ORIENTED_EDGE('',*,*,#428,.T.);
#428 = EDGE_CURVE('',#414,#429,#431,.T.);
#429 = VERTEX_POINT('',#430);
#430 = CARTESIAN_POINT('',(48.426357532397,88.506641702035,
    6.149724511084));
#431 = B_SPLINE_CURVE_WITH_KNOTS('',3,(#432,#433,#434,#435),
  .UNSPECIFIED.,.F.,.F.,(4,4),(2.476248463069,4.674591994966),
  .PIECEWISE_BEZIER_KNOTS.);
#432 = CARTESIAN_POINT('',(48.426357532397,90.677672754238,
    5.804270527513));
#433 = CARTESIAN_POINT('',(48.426357532397,89.953995736847,
    5.919421855368));
#434 = CARTESIAN_POINT('',(48.426357532397,89.230318719485,
    6.034573183219));
#435 = CARTESIAN_POINT('',(48.426357532397,88.506641702086,
    6.149724511077));
#436 = ORIENTED_EDGE('',*,*,#437,.T.);
#437 = EDGE_CURVE('',#429,#438,#440,.T.);
#438 = VERTEX_POINT('',#439);
#439 = CARTESIAN_POINT('',(55.648320674543,88.709267786573,
    6.598434578185));
#440 = B_SPLINE_CURVE_WITH_KNOTS('',3,(#441,#442,#443,#444,#445,#446),
  .UNSPECIFIED.,.F.,.F.,(4,2,4),(6.95945169639E-02,3.756559488151,
    7.313879731906),.UNSPECIFIED.);
#441 = CARTESIAN_POINT('',(48.426357532397,88.506641702043,
    6.149724511084));
#442 = CARTESIAN_POINT('',(49.65534518443,88.509492648496,6.156037856075
    ));
#443 = CARTESIAN_POINT('',(50.884602196504,88.52845592278,6.198031521864
    ));
#444 = CARTESIAN_POINT('',(53.293583305018,88.597162071092,
    6.350179457265));
#445 = CARTESIAN_POINT('',(54.472556367855,88.645767039096,
    6.457813864288));
#446 = CARTESIAN_POINT('',(55.64832067454,88.709267786573,6.598434578185
    ));
#447 = ORIENTED_EDGE('',*,*,#448,.T.);
#448 = EDGE_CURVE('',#438,#449,#451,.T.);
#449 = VERTEX_POINT('',#450);
#450 = CARTESIAN_POINT('',(55.684845756816,93.033041199051,
    5.915130473262));
#451 = B_SPLINE_CURVE_WITH_KNOTS('',3,(#452,#453,#454,#455),
  .UNSPECIFIED.,.F.,.F.,(4,4),(-4.537981946918,-0.167544544255),
  .PIECEWISE_BEZIER_KNOTS.);
#452 = CARTESIAN_POINT('',(55.648320674543,88.709267786588,
    6.598434578183));
#453 = CARTESIAN_POINT('',(55.659552790148,90.148628333889,
    6.370843724806));
#454 = CARTESIAN_POINT('',(55.671688537925,91.59367222224,6.1424675946)
  );
#455 = CARTESIAN_POINT('',(55.684845756808,93.033041199043,
    5.915130473264));
#456 = ORIENTED_EDGE('',*,*,#457,.T.);
#457 = EDGE_CURVE('',#449,#412,#458,.T.);
#458 = B_SPLINE_CURVE_WITH_KNOTS('',3,(#459,#460,#461,#462,#463,#464,
    #465,#466,#467,#468,#469,#470,#471),.UNSPECIFIED.,.F.,.F.,(4,3,3,3,4
    ),(0.159791487424,1.774254955148,3.501162662248,3.750375248143,
    5.084962717418),.UNSPECIFIED.);
#459 = CARTESIAN_POINT('',(55.684845756819,93.033041199053,
    5.915130473262));
#460 = CARTESIAN_POINT('',(55.151166741402,93.033041204673,
    5.846380287922));
#461 = CARTESIAN_POINT('',(54.616868235626,93.03304060212,5.784915775968
    ));
#462 = CARTESIAN_POINT('',(54.081859644813,93.033040541332,
    5.730735059369));
#463 = CARTESIAN_POINT('',(53.50958874658,93.03304047631,5.672780761274)
  );
#464 = CARTESIAN_POINT('',(52.936531306177,93.0330411855,5.62316116549)
  );
#465 = CARTESIAN_POINT('',(52.362589556118,93.033041111327,
    5.581855340343));
#466 = CARTESIAN_POINT('',(52.279763179759,93.033041100623,
    5.575894436089));
#467 = CARTESIAN_POINT('',(52.196918374933,93.033041087394,
    5.570106759418));
#468 = CARTESIAN_POINT('',(52.114054837112,93.033041080932,
    5.564492335237));
#469 = CARTESIAN_POINT('',(51.670302650088,93.033041046329,
    5.534425878084));
#470 = CARTESIAN_POINT('',(51.226137959101,93.033041031247,
    5.509336569277));
#471 = CARTESIAN_POINT('',(50.781725966758,93.033041044096,
    5.489236018995));
#472 = B_SPLINE_SURFACE_WITH_KNOTS('',3,3,(
    (#473,#474,#475,#476,#477,#478)
    ,(#479,#480,#481,#482,#483,#484)
    ,(#485,#486,#487,#488,#489,#490)
    ,(#491,#492,#493,#494,#495,#496
    )),.UNSPECIFIED.,.F.,.F.,.F.,(4,4),(4,2,4),(0.28272349781,
    0.360461863577),(0.198817330163,0.292829456724,0.319655053983),
  .UNSPECIFIED.);
#473 = CARTESIAN_POINT('',(48.42635753144,93.023768229512,5.43096033144)
  );
#474 = CARTESIAN_POINT('',(50.315942042489,93.025382882719,5.44110773868
    ));
#475 = CARTESIAN_POINT('',(52.205249928684,93.041026102466,
    5.539418707606));
#476 = CARTESIAN_POINT('',(54.617334995677,93.078935056961,
    5.777660329552));
#477 = CARTESIAN_POINT('',(55.151753595081,93.088478176644,
    5.837634769443));
#478 = CARTESIAN_POINT('',(55.684845756819,93.099135819401,
    5.904613511808));
#479 = CARTESIAN_POINT('',(48.42635753144,91.518059387025,5.670548391319
    ));
#480 = CARTESIAN_POINT('',(50.315942042489,91.519674040232,
    5.680695798559));
#481 = CARTESIAN_POINT('',(52.205249928684,91.535317259979,
    5.779006767486));
#482 = CARTESIAN_POINT('',(54.617334995677,91.573226214474,
    6.017248389431));
#483 = CARTESIAN_POINT('',(55.151753595081,91.582769334156,
    6.077222829323));
#484 = CARTESIAN_POINT('',(55.684845756819,91.593426976913,
    6.144201571688));
#485 = CARTESIAN_POINT('',(48.42635753144,90.01235054453,5.910136451199)
  );
#486 = CARTESIAN_POINT('',(50.315942042489,90.013965197737,
    5.920283858439));
#487 = CARTESIAN_POINT('',(52.205249928684,90.029608417492,
    6.018594827365));
#488 = CARTESIAN_POINT('',(54.617334995677,90.067517371986,
    6.256836449311));
#489 = CARTESIAN_POINT('',(55.151753595081,90.077060491669,
    6.316810889203));
#490 = CARTESIAN_POINT('',(55.684845756819,90.087718134426,
    6.383789631567));
#491 = CARTESIAN_POINT('',(48.42635753144,88.506641702043,6.149724511079
    ));
#492 = CARTESIAN_POINT('',(50.315942042489,88.50825635525,6.159871918319
    ));
#493 = CARTESIAN_POINT('',(52.205249928684,88.523899575004,
    6.258182887245));
#494 = CARTESIAN_POINT('',(54.617334995677,88.561808529499,
    6.496424509191));
#495 = CARTESIAN_POINT('',(55.151753595081,88.571351649181,
    6.556398949082));
#496 = CARTESIAN_POINT('',(55.684845756819,88.582009291938,
    6.623377691447));
#497 = ADVANCED_FACE('',(#498),#542,.F.);
#498 = FACE_BOUND('',#499,.T.);
#499 = EDGE_LOOP('',(#500,#508,#516,#522,#523,#524,#532,#541));
#500 = ORIENTED_EDGE('',*,*,#501,.F.);
#501 = EDGE_CURVE('',#502,#324,#504,.T.);
#502 = VERTEX_POINT('',#503);
#503 = CARTESIAN_POINT('',(48.426357532397,100.88918151695,
    2.447001434767));
#504 = LINE('',#505,#506);
#505 = CARTESIAN_POINT('',(48.426357532397,100.88990305135,
    2.438754258836));
#506 = VECTOR('',#507,1.);
#507 = DIRECTION('',(-1.761504139058E-14,-8.715574274715E-02,
    0.996194698092));
#508 = ORIENTED_EDGE('',*,*,#509,.T.);
#509 = EDGE_CURVE('',#502,#510,#512,.T.);
#510 = VERTEX_POINT('',#511);
#511 = CARTESIAN_POINT('',(47.776357532395,100.88918151695,
    2.447001434767));
#512 = LINE('',#513,#514);
#513 = CARTESIAN_POINT('',(53.791982532395,100.88918151695,
    2.447001434767));
#514 = VECTOR('',#515,1.);
#515 = DIRECTION('',(-1.,8.633949212408E-18,0.));
#516 = ORIENTED_EDGE('',*,*,#517,.F.);
#517 = EDGE_CURVE('',#166,#510,#518,.T.);
#518 = LINE('',#519,#520);
#519 = CARTESIAN_POINT('',(47.776357532395,101.11279782644,
    -0.108944678432));
#520 = VECTOR('',#521,1.);
#521 = DIRECTION('',(0.,8.715574274715E-02,-0.996194698092));
#522 = ORIENTED_EDGE('',*,*,#176,.T.);
#523 = ORIENTED_EDGE('',*,*,#32,.T.);
#524 = ORIENTED_EDGE('',*,*,#525,.T.);
#525 = EDGE_CURVE('',#33,#526,#528,.T.);
#526 = VERTEX_POINT('',#527);
#527 = CARTESIAN_POINT('',(58.087384768278,101.10326640212,
    2.053024417137E-12));
#528 = LINE('',#529,#530);
#529 = CARTESIAN_POINT('',(54.982607532402,101.10326640212,
    2.053912595557E-12));
#530 = VECTOR('',#531,1.);
#531 = DIRECTION('',(1.,1.788716237788E-19,-1.007310030931E-16));
#532 = ORIENTED_EDGE('',*,*,#533,.F.);
#533 = EDGE_CURVE('',#315,#526,#534,.T.);
#534 = B_SPLINE_CURVE_WITH_KNOTS('',3,(#535,#536,#537,#538,#539,#540),
  .UNSPECIFIED.,.F.,.F.,(4,2,4),(-5.63242253905,-3.117992446604,
    -0.385673364835),.UNSPECIFIED.);
#535 = CARTESIAN_POINT('',(55.766531739511,100.69144789463,
    4.707107079857));
#536 = CARTESIAN_POINT('',(56.135530691074,100.7573261582,3.954115081639
    ));
#537 = CARTESIAN_POINT('',(56.507063276789,100.82342667515,
    3.198582715765));
#538 = CARTESIAN_POINT('',(57.278405154088,100.96029396799,
    1.634182399942));
#539 = CARTESIAN_POINT('',(57.683536349821,101.03197317077,
    0.814885363128));
#540 = CARTESIAN_POINT('',(58.087384768278,101.10326640212,
    2.017053191139E-12));
#541 = ORIENTED_EDGE('',*,*,#323,.T.);
#542 = PLANE('',#543);
#543 = AXIS2_PLACEMENT_3D('',#544,#545,#546);
#544 = CARTESIAN_POINT('',(59.482607532402,101.11279782644,
    -0.108944678432));
#545 = DIRECTION('',(8.601094428995E-18,0.996194698092,
    8.715574274715E-02));
#546 = DIRECTION('',(0.,-8.715574274715E-02,0.996194698092));
#547 = ADVANCED_FACE('',(#548,#559),#657,.T.);
#548 = FACE_BOUND('',#549,.T.);
#549 = EDGE_LOOP('',(#550));
#550 = ORIENTED_EDGE('',*,*,#551,.T.);
#551 = EDGE_CURVE('',#552,#552,#554,.T.);
#552 = VERTEX_POINT('',#553);
#553 = CARTESIAN_POINT('',(48.101357532392,90.658041199073,
    0.200000000001));
#554 = CIRCLE('',#555,2.7);
#555 = AXIS2_PLACEMENT_3D('',#556,#557,#558);
#556 = CARTESIAN_POINT('',(48.101357532392,93.35804119907,0.200000000001
    ));
#557 = DIRECTION('',(0.,-3.061616997868E-16,-1.));
#558 = DIRECTION('',(0.,1.,-3.061616997868E-16));
#559 = FACE_BOUND('',#560,.T.);
#560 = EDGE_LOOP('',(#561,#571,#579,#587,#595,#603,#611,#619,#627,#635,
    #643,#651));
#561 = ORIENTED_EDGE('',*,*,#562,.T.);
#562 = EDGE_CURVE('',#563,#565,#567,.T.);
#563 = VERTEX_POINT('',#564);
#564 = CARTESIAN_POINT('',(47.601357532392,95.35804119907,0.200000000001
    ));
#565 = VERTEX_POINT('',#566);
#566 = CARTESIAN_POINT('',(47.601357532392,93.85804119907,0.200000000001
    ));
#567 = LINE('',#568,#569);
#568 = CARTESIAN_POINT('',(47.601357532392,89.112027444571,
    0.200000000001));
#569 = VECTOR('',#570,1.);
#570 = DIRECTION('',(0.,-1.,3.061616997868E-16));
#571 = ORIENTED_EDGE('',*,*,#572,.T.);
#572 = EDGE_CURVE('',#565,#573,#575,.T.);
#573 = VERTEX_POINT('',#574);
#574 = CARTESIAN_POINT('',(46.101357532392,93.85804119907,0.200000000001
    ));
#575 = LINE('',#576,#577);
#576 = CARTESIAN_POINT('',(42.601357532392,93.85804119907,0.200000000001
    ));
#577 = VECTOR('',#578,1.);
#578 = DIRECTION('',(-1.,0.,0.));
#579 = ORIENTED_EDGE('',*,*,#580,.T.);
#580 = EDGE_CURVE('',#573,#581,#583,.T.);
#581 = VERTEX_POINT('',#582);
#582 = CARTESIAN_POINT('',(46.101357532392,92.85804119907,0.200000000001
    ));
#583 = LINE('',#584,#585);
#584 = CARTESIAN_POINT('',(46.101357532392,88.612027444571,
    0.200000000001));
#585 = VECTOR('',#586,1.);
#586 = DIRECTION('',(0.,-1.,3.061616997868E-16));
#587 = ORIENTED_EDGE('',*,*,#588,.T.);
#588 = EDGE_CURVE('',#581,#589,#591,.T.);
#589 = VERTEX_POINT('',#590);
#590 = CARTESIAN_POINT('',(47.601357532392,92.85804119907,0.200000000001
    ));
#591 = LINE('',#592,#593);
#592 = CARTESIAN_POINT('',(43.351357532392,92.85804119907,0.200000000001
    ));
#593 = VECTOR('',#594,1.);
#594 = DIRECTION('',(1.,0.,0.));
#595 = ORIENTED_EDGE('',*,*,#596,.T.);
#596 = EDGE_CURVE('',#589,#597,#599,.T.);
#597 = VERTEX_POINT('',#598);
#598 = CARTESIAN_POINT('',(47.601357532392,91.35804119907,0.200000000001
    ));
#599 = LINE('',#600,#601);
#600 = CARTESIAN_POINT('',(47.601357532392,89.112027444571,
    0.200000000001));
#601 = VECTOR('',#602,1.);
#602 = DIRECTION('',(0.,-1.,3.061616997868E-16));
#603 = ORIENTED_EDGE('',*,*,#604,.T.);
#604 = EDGE_CURVE('',#597,#605,#607,.T.);
#605 = VERTEX_POINT('',#606);
#606 = CARTESIAN_POINT('',(48.601357532392,91.35804119907,0.200000000001
    ));
#607 = LINE('',#608,#609);
#608 = CARTESIAN_POINT('',(43.851357532392,91.35804119907,0.200000000001
    ));
#609 = VECTOR('',#610,1.);
#610 = DIRECTION('',(1.,0.,0.));
#611 = ORIENTED_EDGE('',*,*,#612,.T.);
#612 = EDGE_CURVE('',#605,#613,#615,.T.);
#613 = VERTEX_POINT('',#614);
#614 = CARTESIAN_POINT('',(48.601357532392,92.85804119907,0.200000000001
    ));
#615 = LINE('',#616,#617);
#616 = CARTESIAN_POINT('',(48.601357532392,88.612027444571,
    0.200000000001));
#617 = VECTOR('',#618,1.);
#618 = DIRECTION('',(0.,1.,-3.061616997868E-16));
#619 = ORIENTED_EDGE('',*,*,#620,.T.);
#620 = EDGE_CURVE('',#613,#621,#623,.T.);
#621 = VERTEX_POINT('',#622);
#622 = CARTESIAN_POINT('',(50.101357532392,92.85804119907,0.200000000001
    ));
#623 = LINE('',#624,#625);
#624 = CARTESIAN_POINT('',(43.351357532392,92.85804119907,0.200000000001
    ));
#625 = VECTOR('',#626,1.);
#626 = DIRECTION('',(1.,0.,0.));
#627 = ORIENTED_EDGE('',*,*,#628,.T.);
#628 = EDGE_CURVE('',#621,#629,#631,.T.);
#629 = VERTEX_POINT('',#630);
#630 = CARTESIAN_POINT('',(50.101357532392,93.85804119907,0.200000000001
    ));
#631 = LINE('',#632,#633);
#632 = CARTESIAN_POINT('',(50.101357532392,89.112027444571,
    0.200000000001));
#633 = VECTOR('',#634,1.);
#634 = DIRECTION('',(0.,1.,-3.061616997868E-16));
#635 = ORIENTED_EDGE('',*,*,#636,.T.);
#636 = EDGE_CURVE('',#629,#637,#639,.T.);
#637 = VERTEX_POINT('',#638);
#638 = CARTESIAN_POINT('',(48.601357532392,93.85804119907,0.200000000001
    ));
#639 = LINE('',#640,#641);
#640 = CARTESIAN_POINT('',(43.851357532392,93.85804119907,0.200000000001
    ));
#641 = VECTOR('',#642,1.);
#642 = DIRECTION('',(-1.,0.,0.));
#643 = ORIENTED_EDGE('',*,*,#644,.T.);
#644 = EDGE_CURVE('',#637,#645,#647,.T.);
#645 = VERTEX_POINT('',#646);
#646 = CARTESIAN_POINT('',(48.601357532392,95.35804119907,0.200000000001
    ));
#647 = LINE('',#648,#649);
#648 = CARTESIAN_POINT('',(48.601357532392,89.862027444571,
    0.200000000001));
#649 = VECTOR('',#650,1.);
#650 = DIRECTION('',(0.,1.,-3.061616997868E-16));
#651 = ORIENTED_EDGE('',*,*,#652,.T.);
#652 = EDGE_CURVE('',#645,#563,#653,.T.);
#653 = LINE('',#654,#655);
#654 = CARTESIAN_POINT('',(43.351357532392,95.35804119907,0.200000000001
    ));
#655 = VECTOR('',#656,1.);
#656 = DIRECTION('',(-1.,0.,0.));
#657 = PLANE('',#658);
#658 = AXIS2_PLACEMENT_3D('',#659,#660,#661);
#659 = CARTESIAN_POINT('',(39.101357532392,84.366013690073,
    0.200000000001));
#660 = DIRECTION('',(0.,-3.061616997868E-16,-1.));
#661 = DIRECTION('',(0.,1.,-3.061616997868E-16));
#662 = ADVANCED_FACE('',(#663),#794,.T.);
#663 = FACE_BOUND('',#664,.T.);
#664 = EDGE_LOOP('',(#665,#673,#674,#682,#691,#697,#698,#699,#708,#718,
    #719,#727,#736,#746,#747,#759,#768,#774,#775,#787));
#665 = ORIENTED_EDGE('',*,*,#666,.F.);
#666 = EDGE_CURVE('',#412,#667,#669,.T.);
#667 = VERTEX_POINT('',#668);
#668 = CARTESIAN_POINT('',(50.781725977213,93.033041199058,
    2.447001434767));
#669 = LINE('',#670,#671);
#670 = CARTESIAN_POINT('',(50.781725977213,93.033041199058,
    1.286082351726E-12));
#671 = VECTOR('',#672,1.);
#672 = DIRECTION('',(0.,0.,-1.));
#673 = ORIENTED_EDGE('',*,*,#411,.T.);
#674 = ORIENTED_EDGE('',*,*,#675,.F.);
#675 = EDGE_CURVE('',#676,#414,#678,.T.);
#676 = VERTEX_POINT('',#677);
#677 = CARTESIAN_POINT('',(48.426357532397,90.677672754246,
    2.447001434767));
#678 = LINE('',#679,#680);
#679 = CARTESIAN_POINT('',(48.426357532397,90.677672754246,
    1.286082351726E-12));
#680 = VECTOR('',#681,1.);
#681 = DIRECTION('',(0.,0.,1.));
#682 = ORIENTED_EDGE('',*,*,#683,.F.);
#683 = EDGE_CURVE('',#684,#676,#686,.T.);
#684 = VERTEX_POINT('',#685);
#685 = CARTESIAN_POINT('',(48.101357532392,90.658041199073,
    2.447001434767));
#686 = CIRCLE('',#687,2.7);
#687 = AXIS2_PLACEMENT_3D('',#688,#689,#690);
#688 = CARTESIAN_POINT('',(48.101357532392,93.35804119907,2.447001434767
    ));
#689 = DIRECTION('',(0.,-0.,1.));
#690 = DIRECTION('',(0.,1.,0.));
#691 = ORIENTED_EDGE('',*,*,#692,.T.);
#692 = EDGE_CURVE('',#684,#552,#693,.T.);
#693 = LINE('',#694,#695);
#694 = CARTESIAN_POINT('',(48.101357532392,90.658041199073,
    1.286082351726E-12));
#695 = VECTOR('',#696,1.);
#696 = DIRECTION('',(0.,0.,-1.));
#697 = ORIENTED_EDGE('',*,*,#551,.F.);
#698 = ORIENTED_EDGE('',*,*,#692,.F.);
#699 = ORIENTED_EDGE('',*,*,#700,.F.);
#700 = EDGE_CURVE('',#701,#684,#703,.T.);
#701 = VERTEX_POINT('',#702);
#702 = CARTESIAN_POINT('',(47.776357532388,90.677672754246,
    2.447001434767));
#703 = CIRCLE('',#704,2.7);
#704 = AXIS2_PLACEMENT_3D('',#705,#706,#707);
#705 = CARTESIAN_POINT('',(48.101357532392,93.35804119907,2.447001434767
    ));
#706 = DIRECTION('',(0.,-0.,1.));
#707 = DIRECTION('',(0.,1.,0.));
#708 = ORIENTED_EDGE('',*,*,#709,.F.);
#709 = EDGE_CURVE('',#232,#701,#710,.T.);
#710 = B_SPLINE_CURVE_WITH_KNOTS('',3,(#711,#712,#713,#714,#715,#716,
    #717),.UNSPECIFIED.,.F.,.F.,(4,3,4),(-2.957257679062,0.,0.4),
  .UNSPECIFIED.);
#711 = CARTESIAN_POINT('',(47.776357532392,90.677672754246,
    5.804259113829));
#712 = CARTESIAN_POINT('',(47.776357532392,90.677672754246,
    4.818506554142));
#713 = CARTESIAN_POINT('',(47.776357532392,90.677672754246,
    3.832753994455));
#714 = CARTESIAN_POINT('',(47.776357532392,90.677672754246,
    2.847001434767));
#715 = CARTESIAN_POINT('',(47.776357532392,90.677672754246,
    2.713668101434));
#716 = CARTESIAN_POINT('',(47.776357532392,90.677672754246,
    2.580334768101));
#717 = CARTESIAN_POINT('',(47.776357532392,90.677672754246,
    2.447001434767));
#718 = ORIENTED_EDGE('',*,*,#231,.T.);
#719 = ORIENTED_EDGE('',*,*,#720,.F.);
#720 = EDGE_CURVE('',#721,#234,#723,.T.);
#721 = VERTEX_POINT('',#722);
#722 = CARTESIAN_POINT('',(45.420989087572,93.033041199058,
    2.447001434767));
#723 = LINE('',#724,#725);
#724 = CARTESIAN_POINT('',(45.420989087572,93.033041199058,
    1.286082351726E-12));
#725 = VECTOR('',#726,1.);
#726 = DIRECTION('',(0.,0.,1.));
#727 = ORIENTED_EDGE('',*,*,#728,.F.);
#728 = EDGE_CURVE('',#729,#721,#731,.T.);
#729 = VERTEX_POINT('',#730);
#730 = CARTESIAN_POINT('',(45.420989087568,93.683041199067,
    2.447001434767));
#731 = CIRCLE('',#732,2.7);
#732 = AXIS2_PLACEMENT_3D('',#733,#734,#735);
#733 = CARTESIAN_POINT('',(48.101357532392,93.35804119907,2.447001434767
    ));
#734 = DIRECTION('',(0.,-0.,1.));
#735 = DIRECTION('',(0.,1.,0.));
#736 = ORIENTED_EDGE('',*,*,#737,.F.);
#737 = EDGE_CURVE('',#149,#729,#738,.T.);
#738 = B_SPLINE_CURVE_WITH_KNOTS('',3,(#739,#740,#741,#742,#743,#744,
    #745),.UNSPECIFIED.,.F.,.F.,(4,3,4),(-2.538901410701,0.,0.4),
  .UNSPECIFIED.);
#739 = CARTESIAN_POINT('',(45.420989087568,93.683041199067,
    5.385902845469));
#740 = CARTESIAN_POINT('',(45.420989087568,93.683041199067,
    4.539602375235));
#741 = CARTESIAN_POINT('',(45.420989087568,93.683041199067,
    3.693301905001));
#742 = CARTESIAN_POINT('',(45.420989087568,93.683041199067,
    2.847001434767));
#743 = CARTESIAN_POINT('',(45.420989087568,93.683041199067,
    2.713668101434));
#744 = CARTESIAN_POINT('',(45.420989087568,93.683041199067,
    2.580334768101));
#745 = CARTESIAN_POINT('',(45.420989087568,93.683041199067,
    2.447001434767));
#746 = ORIENTED_EDGE('',*,*,#148,.T.);
#747 = ORIENTED_EDGE('',*,*,#748,.F.);
#748 = EDGE_CURVE('',#749,#151,#751,.T.);
#749 = VERTEX_POINT('',#750);
#750 = CARTESIAN_POINT('',(47.776357532395,96.038409643894,
    2.447001434767));
#751 = B_SPLINE_CURVE_WITH_KNOTS('',3,(#752,#753,#754,#755,#756,#757,
    #758),.UNSPECIFIED.,.F.,.F.,(4,3,4),(-3.76603422162,-3.366034221621,
    -1.261775817499),.UNSPECIFIED.);
#752 = CARTESIAN_POINT('',(47.776357532395,96.038409643894,
    2.447001434767));
#753 = CARTESIAN_POINT('',(47.776357532395,96.038409643894,
    2.580334768101));
#754 = CARTESIAN_POINT('',(47.776357532395,96.038409643894,
    2.713668101434));
#755 = CARTESIAN_POINT('',(47.776357532395,96.038409643894,
    2.847001434767));
#756 = CARTESIAN_POINT('',(47.776357532395,96.038409643894,
    3.548420902808));
#757 = CARTESIAN_POINT('',(47.776357532395,96.038409643894,
    4.249840370848));
#758 = CARTESIAN_POINT('',(47.776357532395,96.038409643894,
    4.951259838889));
#759 = ORIENTED_EDGE('',*,*,#760,.F.);
#760 = EDGE_CURVE('',#761,#749,#763,.T.);
#761 = VERTEX_POINT('',#762);
#762 = CARTESIAN_POINT('',(48.426357532397,96.038409643894,
    2.447001434767));
#763 = CIRCLE('',#764,2.7);
#764 = AXIS2_PLACEMENT_3D('',#765,#766,#767);
#765 = CARTESIAN_POINT('',(48.101357532392,93.35804119907,2.447001434767
    ));
#766 = DIRECTION('',(0.,-0.,1.));
#767 = DIRECTION('',(0.,1.,0.));
#768 = ORIENTED_EDGE('',*,*,#769,.F.);
#769 = EDGE_CURVE('',#342,#761,#770,.T.);
#770 = LINE('',#771,#772);
#771 = CARTESIAN_POINT('',(48.426357532397,96.038409643894,
    1.286082351726E-12));
#772 = VECTOR('',#773,1.);
#773 = DIRECTION('',(0.,0.,-1.));
#774 = ORIENTED_EDGE('',*,*,#352,.T.);
#775 = ORIENTED_EDGE('',*,*,#776,.F.);
#776 = EDGE_CURVE('',#777,#353,#779,.T.);
#777 = VERTEX_POINT('',#778);
#778 = CARTESIAN_POINT('',(50.781725977216,93.68304119906,2.447001434767
    ));
#779 = B_SPLINE_CURVE_WITH_KNOTS('',3,(#780,#781,#782,#783,#784,#785,
    #786),.UNSPECIFIED.,.F.,.F.,(4,3,4),(-3.76603422162,-3.366034221621,
    -0.82722652054),.UNSPECIFIED.);
#780 = CARTESIAN_POINT('',(50.781725977216,93.68304119906,2.447001434767
    ));
#781 = CARTESIAN_POINT('',(50.781725977216,93.68304119906,2.580334768101
    ));
#782 = CARTESIAN_POINT('',(50.781725977216,93.68304119906,2.713668101434
    ));
#783 = CARTESIAN_POINT('',(50.781725977216,93.68304119906,2.847001434767
    ));
#784 = CARTESIAN_POINT('',(50.781725977216,93.68304119906,3.693270668461
    ));
#785 = CARTESIAN_POINT('',(50.78172597722,93.683041199052,4.539539902154
    ));
#786 = CARTESIAN_POINT('',(50.78172597722,93.683041199052,5.385809135848
    ));
#787 = ORIENTED_EDGE('',*,*,#788,.F.);
#788 = EDGE_CURVE('',#667,#777,#789,.T.);
#789 = CIRCLE('',#790,2.7);
#790 = AXIS2_PLACEMENT_3D('',#791,#792,#793);
#791 = CARTESIAN_POINT('',(48.101357532392,93.35804119907,2.447001434767
    ));
#792 = DIRECTION('',(0.,-0.,1.));
#793 = DIRECTION('',(0.,1.,0.));
#794 = CYLINDRICAL_SURFACE('',#795,2.7);
#795 = AXIS2_PLACEMENT_3D('',#796,#797,#798);
#796 = CARTESIAN_POINT('',(48.101357532392,93.35804119907,
    1.286082351726E-12));
#797 = DIRECTION('',(0.,0.,1.));
#798 = DIRECTION('',(0.,1.,0.));
#799 = ADVANCED_FACE('',(#800),#829,.T.);
#800 = FACE_BOUND('',#801,.T.);
#801 = EDGE_LOOP('',(#802,#816,#822,#823));
#802 = ORIENTED_EDGE('',*,*,#803,.T.);
#803 = EDGE_CURVE('',#804,#806,#808,.T.);
#804 = VERTEX_POINT('',#805);
#805 = CARTESIAN_POINT('',(48.601357532392,95.358041199077,
    5.060753344179));
#806 = VERTEX_POINT('',#807);
#807 = CARTESIAN_POINT('',(47.601357532392,95.35804119907,5.060736829354
    ));
#808 = B_SPLINE_CURVE_WITH_KNOTS('',3,(#809,#810,#811,#812,#813,#814,
    #815),.UNSPECIFIED.,.F.,.F.,(4,3,4),(1.553992068443,2.054146416614,
    2.554119250033),.UNSPECIFIED.);
#809 = CARTESIAN_POINT('',(48.601357522737,95.358041185347,
    5.060753257923));
#810 = CARTESIAN_POINT('',(48.43463680322,95.358041185536,5.059342873835
    ));
#811 = CARTESIAN_POINT('',(48.267913044496,95.358041186875,
    5.058636009768));
#812 = CARTESIAN_POINT('',(48.101194920975,95.358041188934,
    5.058633425754));
#813 = CARTESIAN_POINT('',(47.934536882622,95.358041190993,
    5.058630842671));
#814 = CARTESIAN_POINT('',(47.767931642862,95.3580412218,5.059331943109)
  );
#815 = CARTESIAN_POINT('',(47.601357530264,95.358041196101,
    5.060736810769));
#816 = ORIENTED_EDGE('',*,*,#817,.F.);
#817 = EDGE_CURVE('',#563,#806,#818,.T.);
#818 = LINE('',#819,#820);
#819 = CARTESIAN_POINT('',(47.601357532392,95.35804119907,
    1.282529638047E-12));
#820 = VECTOR('',#821,1.);
#821 = DIRECTION('',(0.,0.,1.));
#822 = ORIENTED_EDGE('',*,*,#652,.F.);
#823 = ORIENTED_EDGE('',*,*,#824,.T.);
#824 = EDGE_CURVE('',#645,#804,#825,.T.);
#825 = LINE('',#826,#827);
#826 = CARTESIAN_POINT('',(48.601357532392,95.35804119907,
    1.282529638047E-12));
#827 = VECTOR('',#828,1.);
#828 = DIRECTION('',(0.,0.,1.));
#829 = PLANE('',#830);
#830 = AXIS2_PLACEMENT_3D('',#831,#832,#833);
#831 = CARTESIAN_POINT('',(47.601357532392,95.35804119907,
    1.282529638047E-12));
#832 = DIRECTION('',(0.,-1.,0.));
#833 = DIRECTION('',(1.,0.,0.));
#834 = ADVANCED_FACE('',(#835),#854,.T.);
#835 = FACE_BOUND('',#836,.T.);
#836 = EDGE_LOOP('',(#837,#846,#847,#848));
#837 = ORIENTED_EDGE('',*,*,#838,.T.);
#838 = EDGE_CURVE('',#839,#804,#841,.T.);
#839 = VERTEX_POINT('',#840);
#840 = CARTESIAN_POINT('',(48.601357532392,93.858041199077,
    5.299433014297));
#841 = B_SPLINE_CURVE_WITH_KNOTS('',3,(#842,#843,#844,#845),
  .UNSPECIFIED.,.F.,.F.,(4,4),(2.595101194967,4.113971823116),
  .PIECEWISE_BEZIER_KNOTS.);
#842 = CARTESIAN_POINT('',(48.601357532392,93.858041199092,
    5.299433014297));
#843 = CARTESIAN_POINT('',(48.601357532392,94.358041199099,
    5.219873124256));
#844 = CARTESIAN_POINT('',(48.601357532392,94.858041199113,
    5.140313234214));
#845 = CARTESIAN_POINT('',(48.601357532392,95.358041199128,
    5.060753344172));
#846 = ORIENTED_EDGE('',*,*,#824,.F.);
#847 = ORIENTED_EDGE('',*,*,#644,.F.);
#848 = ORIENTED_EDGE('',*,*,#849,.T.);
#849 = EDGE_CURVE('',#637,#839,#850,.T.);
#850 = LINE('',#851,#852);
#851 = CARTESIAN_POINT('',(48.601357532392,93.85804119907,
    1.282529638047E-12));
#852 = VECTOR('',#853,1.);
#853 = DIRECTION('',(0.,0.,1.));
#854 = PLANE('',#855);
#855 = AXIS2_PLACEMENT_3D('',#856,#857,#858);
#856 = CARTESIAN_POINT('',(48.601357532392,95.35804119907,
    1.282529638047E-12));
#857 = DIRECTION('',(-1.,0.,0.));
#858 = DIRECTION('',(0.,-1.,3.061616997868E-16));
#859 = ADVANCED_FACE('',(#860),#879,.T.);
#860 = FACE_BOUND('',#861,.T.);
#861 = EDGE_LOOP('',(#862,#871,#877,#878));
#862 = ORIENTED_EDGE('',*,*,#863,.T.);
#863 = EDGE_CURVE('',#806,#864,#866,.T.);
#864 = VERTEX_POINT('',#865);
#865 = CARTESIAN_POINT('',(47.601357532392,93.85804119907,5.299416499472
    ));
#866 = B_SPLINE_CURVE_WITH_KNOTS('',3,(#867,#868,#869,#870),
  .UNSPECIFIED.,.F.,.F.,(4,4),(9.580239400778E-02,1.614673022116),
  .PIECEWISE_BEZIER_KNOTS.);
#867 = CARTESIAN_POINT('',(47.601357532392,95.35804119907,5.060736829353
    ));
#868 = CARTESIAN_POINT('',(47.601357532392,94.85804119907,5.140296719393
    ));
#869 = CARTESIAN_POINT('',(47.601357532392,94.35804119907,5.219856609433
    ));
#870 = CARTESIAN_POINT('',(47.601357532392,93.85804119907,5.299416499473
    ));
#871 = ORIENTED_EDGE('',*,*,#872,.F.);
#872 = EDGE_CURVE('',#565,#864,#873,.T.);
#873 = LINE('',#874,#875);
#874 = CARTESIAN_POINT('',(47.601357532392,93.85804119907,
    1.282529638047E-12));
#875 = VECTOR('',#876,1.);
#876 = DIRECTION('',(0.,0.,1.));
#877 = ORIENTED_EDGE('',*,*,#562,.F.);
#878 = ORIENTED_EDGE('',*,*,#817,.T.);
#879 = PLANE('',#880);
#880 = AXIS2_PLACEMENT_3D('',#881,#882,#883);
#881 = CARTESIAN_POINT('',(47.601357532392,93.85804119907,
    1.282529638047E-12));
#882 = DIRECTION('',(1.,0.,0.));
#883 = DIRECTION('',(0.,1.,-3.061616997868E-16));
#884 = ADVANCED_FACE('',(#885),#904,.T.);
#885 = FACE_BOUND('',#886,.T.);
#886 = EDGE_LOOP('',(#887,#896,#897,#898));
#887 = ORIENTED_EDGE('',*,*,#888,.T.);
#888 = EDGE_CURVE('',#889,#839,#891,.T.);
#889 = VERTEX_POINT('',#890);
#890 = CARTESIAN_POINT('',(50.101357532392,93.858041199077,
    5.331094989505));
#891 = B_SPLINE_CURVE_WITH_KNOTS('',3,(#892,#893,#894,#895),
  .UNSPECIFIED.,.F.,.F.,(4,4),(5.369926774457E-02,1.553992068443),
  .PIECEWISE_BEZIER_KNOTS.);
#892 = CARTESIAN_POINT('',(50.101357532396,93.85804119907,5.331094989507
    ));
#893 = CARTESIAN_POINT('',(49.60154099757,93.85804119907,5.314224544289)
  );
#894 = CARTESIAN_POINT('',(49.101462942759,93.85804119907,5.30366369003)
  );
#895 = CARTESIAN_POINT('',(48.601357532392,93.85804119907,5.299433014299
    ));
#896 = ORIENTED_EDGE('',*,*,#849,.F.);
#897 = ORIENTED_EDGE('',*,*,#636,.F.);
#898 = ORIENTED_EDGE('',*,*,#899,.T.);
#899 = EDGE_CURVE('',#629,#889,#900,.T.);
#900 = LINE('',#901,#902);
#901 = CARTESIAN_POINT('',(50.101357532392,93.85804119907,
    1.282529638047E-12));
#902 = VECTOR('',#903,1.);
#903 = DIRECTION('',(0.,0.,1.));
#904 = PLANE('',#905);
#905 = AXIS2_PLACEMENT_3D('',#906,#907,#908);
#906 = CARTESIAN_POINT('',(48.601357532392,93.85804119907,
    1.282529638047E-12));
#907 = DIRECTION('',(0.,-1.,0.));
#908 = DIRECTION('',(1.,0.,0.));
#909 = ADVANCED_FACE('',(#910),#932,.T.);
#910 = FACE_BOUND('',#911,.T.);
#911 = EDGE_LOOP('',(#912,#924,#930,#931));
#912 = ORIENTED_EDGE('',*,*,#913,.T.);
#913 = EDGE_CURVE('',#864,#914,#916,.T.);
#914 = VERTEX_POINT('',#915);
#915 = CARTESIAN_POINT('',(46.101357532392,93.858041199062,
    5.331120789557));
#916 = B_SPLINE_CURVE_WITH_KNOTS('',3,(#917,#918,#919,#920,#921,#922,
    #923),.UNSPECIFIED.,.F.,.F.,(4,3,4),(2.554119250034,3.123432430723,
    4.055165072992),.UNSPECIFIED.);
#917 = CARTESIAN_POINT('',(47.60135753026,93.858041196101,5.299416480887
    ));
#918 = CARTESIAN_POINT('',(47.411682190319,93.858041148691,
    5.301016184632));
#919 = CARTESIAN_POINT('',(47.222047206629,93.858041035033,
    5.303528360399));
#920 = CARTESIAN_POINT('',(47.032420593237,93.858041032014,
    5.306954693198));
#921 = CARTESIAN_POINT('',(46.722079446168,93.858041027073,
    5.312562197505));
#922 = CARTESIAN_POINT('',(46.411772327087,93.858041199812,5.32061746093
    ));
#923 = CARTESIAN_POINT('',(46.101357532396,93.858041199077,
    5.331120789556));
#924 = ORIENTED_EDGE('',*,*,#925,.F.);
#925 = EDGE_CURVE('',#573,#914,#926,.T.);
#926 = LINE('',#927,#928);
#927 = CARTESIAN_POINT('',(46.101357532392,93.85804119907,
    1.282529638047E-12));
#928 = VECTOR('',#929,1.);
#929 = DIRECTION('',(0.,0.,1.));
#930 = ORIENTED_EDGE('',*,*,#572,.F.);
#931 = ORIENTED_EDGE('',*,*,#872,.T.);
#932 = PLANE('',#933);
#933 = AXIS2_PLACEMENT_3D('',#934,#935,#936);
#934 = CARTESIAN_POINT('',(46.101357532392,93.85804119907,
    1.282529638047E-12));
#935 = DIRECTION('',(0.,-1.,0.));
#936 = DIRECTION('',(1.,0.,0.));
#937 = ADVANCED_FACE('',(#938),#959,.T.);
#938 = FACE_BOUND('',#939,.T.);
#939 = EDGE_LOOP('',(#940,#951,#952,#953));
#940 = ORIENTED_EDGE('',*,*,#941,.T.);
#941 = EDGE_CURVE('',#942,#889,#944,.T.);
#942 = VERTEX_POINT('',#943);
#943 = CARTESIAN_POINT('',(50.101357532392,92.858041199077,
    5.490214769584));
#944 = B_SPLINE_CURVE_WITH_KNOTS('',3,(#945,#946,#947,#948,#949,#950),
  .UNSPECIFIED.,.F.,.F.,(4,2,4),(1.577545323009,2.104888406135,
    2.590125741722),.UNSPECIFIED.);
#945 = CARTESIAN_POINT('',(50.101357532392,92.858041199106,5.49021476958
    ));
#946 = CARTESIAN_POINT('',(50.101357532392,93.031638302564,
    5.462592036656));
#947 = CARTESIAN_POINT('',(50.101357532392,93.205235406022,
    5.434969303732));
#948 = CARTESIAN_POINT('',(50.101357532392,93.538568739343,5.38192937704
    ));
#949 = CARTESIAN_POINT('',(50.101357532392,93.698304969213,
    5.356512183273));
#950 = CARTESIAN_POINT('',(50.101357532392,93.858041199084,
    5.331094989505));
#951 = ORIENTED_EDGE('',*,*,#899,.F.);
#952 = ORIENTED_EDGE('',*,*,#628,.F.);
#953 = ORIENTED_EDGE('',*,*,#954,.T.);
#954 = EDGE_CURVE('',#621,#942,#955,.T.);
#955 = LINE('',#956,#957);
#956 = CARTESIAN_POINT('',(50.101357532392,92.85804119907,
    1.283417816467E-12));
#957 = VECTOR('',#958,1.);
#958 = DIRECTION('',(0.,0.,1.));
#959 = PLANE('',#960);
#960 = AXIS2_PLACEMENT_3D('',#961,#962,#963);
#961 = CARTESIAN_POINT('',(50.101357532392,93.85804119907,
    1.282529638047E-12));
#962 = DIRECTION('',(-1.,0.,0.));
#963 = DIRECTION('',(0.,-1.,3.061616997868E-16));
#964 = ADVANCED_FACE('',(#965),#986,.T.);
#965 = FACE_BOUND('',#966,.T.);
#966 = EDGE_LOOP('',(#967,#978,#984,#985));
#967 = ORIENTED_EDGE('',*,*,#968,.T.);
#968 = EDGE_CURVE('',#914,#969,#971,.T.);
#969 = VERTEX_POINT('',#970);
#970 = CARTESIAN_POINT('',(46.101357532392,92.85804119907,5.490240569635
    ));
#971 = B_SPLINE_CURVE_WITH_KNOTS('',3,(#972,#973,#974,#975,#976,#977),
  .UNSPECIFIED.,.F.,.F.,(4,2,4),(1.619655124846,2.104888406128,
    2.632235543581),.UNSPECIFIED.);
#972 = CARTESIAN_POINT('',(46.101357532392,93.85804119907,5.331120789558
    ));
#973 = CARTESIAN_POINT('',(46.101357532392,93.698306303842,
    5.356537770958));
#974 = CARTESIAN_POINT('',(46.101357532392,93.538571408615,
    5.381954752356));
#975 = CARTESIAN_POINT('',(46.101357532392,93.205238075287,
    5.434994679049));
#976 = CARTESIAN_POINT('',(46.101357532392,93.031639637171,
    5.462617624343));
#977 = CARTESIAN_POINT('',(46.101357532392,92.858041199062,
    5.490240569636));
#978 = ORIENTED_EDGE('',*,*,#979,.F.);
#979 = EDGE_CURVE('',#581,#969,#980,.T.);
#980 = LINE('',#981,#982);
#981 = CARTESIAN_POINT('',(46.101357532392,92.85804119907,
    1.283417816467E-12));
#982 = VECTOR('',#983,1.);
#983 = DIRECTION('',(0.,0.,1.));
#984 = ORIENTED_EDGE('',*,*,#580,.F.);
#985 = ORIENTED_EDGE('',*,*,#925,.T.);
#986 = PLANE('',#987);
#987 = AXIS2_PLACEMENT_3D('',#988,#989,#990);
#988 = CARTESIAN_POINT('',(46.101357532392,92.85804119907,
    1.283417816467E-12));
#989 = DIRECTION('',(1.,0.,0.));
#990 = DIRECTION('',(0.,1.,-3.061616997868E-16));
#991 = ADVANCED_FACE('',(#992),#1011,.T.);
#992 = FACE_BOUND('',#993,.T.);
#993 = EDGE_LOOP('',(#994,#1003,#1004,#1005));
#994 = ORIENTED_EDGE('',*,*,#995,.T.);
#995 = EDGE_CURVE('',#996,#942,#998,.T.);
#996 = VERTEX_POINT('',#997);
#997 = CARTESIAN_POINT('',(48.601357532392,92.858041199077,
    5.458552794377));
#998 = B_SPLINE_CURVE_WITH_KNOTS('',3,(#999,#1000,#1001,#1002),
  .UNSPECIFIED.,.F.,.F.,(4,4),(2.555195082888,4.055669867514),
  .PIECEWISE_BEZIER_KNOTS.);
#999 = CARTESIAN_POINT('',(48.601357532392,92.85804119907,5.458552794377
    ));
#1000 = CARTESIAN_POINT('',(49.101462944571,92.85804119907,
    5.462783470124));
#1001 = CARTESIAN_POINT('',(49.601540999385,92.85804119907,
    5.473344324429));
#1002 = CARTESIAN_POINT('',(50.101357532392,92.85804119907,
    5.490214769586));
#1003 = ORIENTED_EDGE('',*,*,#954,.F.);
#1004 = ORIENTED_EDGE('',*,*,#620,.F.);
#1005 = ORIENTED_EDGE('',*,*,#1006,.T.);
#1006 = EDGE_CURVE('',#613,#996,#1007,.T.);
#1007 = LINE('',#1008,#1009);
#1008 = CARTESIAN_POINT('',(48.601357532392,92.85804119907,
    1.283417816467E-12));
#1009 = VECTOR('',#1010,1.);
#1010 = DIRECTION('',(0.,0.,1.));
#1011 = PLANE('',#1012);
#1012 = AXIS2_PLACEMENT_3D('',#1013,#1014,#1015);
#1013 = CARTESIAN_POINT('',(47.601357532392,92.85804119907,
    1.283417816467E-12));
#1014 = DIRECTION('',(0.,1.,0.));
#1015 = DIRECTION('',(-1.,0.,0.));
#1016 = ADVANCED_FACE('',(#1017),#1039,.T.);
#1017 = FACE_BOUND('',#1018,.T.);
#1018 = EDGE_LOOP('',(#1019,#1031,#1037,#1038));
#1019 = ORIENTED_EDGE('',*,*,#1020,.T.);
#1020 = EDGE_CURVE('',#969,#1021,#1023,.T.);
#1021 = VERTEX_POINT('',#1022);
#1022 = CARTESIAN_POINT('',(47.601357532392,92.858041199062,
    5.458536279551));
#1023 = B_SPLINE_CURVE_WITH_KNOTS('',3,(#1024,#1025,#1026,#1027,#1028,
    #1029,#1030),.UNSPECIFIED.,.F.,.F.,(4,3,4),(5.371867328288E-02,
    0.985564388468,1.554946620343),.UNSPECIFIED.);
#1024 = CARTESIAN_POINT('',(46.101357532392,92.858041199084,
    5.490240569634));
#1025 = CARTESIAN_POINT('',(46.411772314506,92.858041198728,
    5.479737241609));
#1026 = CARTESIAN_POINT('',(46.72207943313,92.858041026091,
    5.471681977976));
#1027 = CARTESIAN_POINT('',(47.032420593237,92.858041031373,
    5.466074473379));
#1028 = CARTESIAN_POINT('',(47.222047201492,92.858041034597,
    5.46264814064));
#1029 = CARTESIAN_POINT('',(47.411682185084,92.858041148545,
    5.460135964778));
#1030 = CARTESIAN_POINT('',(47.601357530264,92.858041196108,
    5.458536260964));
#1031 = ORIENTED_EDGE('',*,*,#1032,.F.);
#1032 = EDGE_CURVE('',#589,#1021,#1033,.T.);
#1033 = LINE('',#1034,#1035);
#1034 = CARTESIAN_POINT('',(47.601357532392,92.85804119907,
    1.283417816467E-12));
#1035 = VECTOR('',#1036,1.);
#1036 = DIRECTION('',(0.,0.,1.));
#1037 = ORIENTED_EDGE('',*,*,#588,.F.);
#1038 = ORIENTED_EDGE('',*,*,#979,.T.);
#1039 = PLANE('',#1040);
#1040 = AXIS2_PLACEMENT_3D('',#1041,#1042,#1043);
#1041 = CARTESIAN_POINT('',(47.601357532392,92.85804119907,
    1.283417816467E-12));
#1042 = DIRECTION('',(0.,1.,0.));
#1043 = DIRECTION('',(-1.,0.,0.));
#1044 = ADVANCED_FACE('',(#1045),#1064,.T.);
#1045 = FACE_BOUND('',#1046,.T.);
#1046 = EDGE_LOOP('',(#1047,#1056,#1057,#1058));
#1047 = ORIENTED_EDGE('',*,*,#1048,.T.);
#1048 = EDGE_CURVE('',#1049,#996,#1051,.T.);
#1049 = VERTEX_POINT('',#1050);
#1050 = CARTESIAN_POINT('',(48.601357532392,91.358041199077,
    5.697232464494));
#1051 = B_SPLINE_CURVE_WITH_KNOTS('',3,(#1052,#1053,#1054,#1055),
  .UNSPECIFIED.,.F.,.F.,(4,4),(6.365014811694E-02,1.582520776254),
  .PIECEWISE_BEZIER_KNOTS.);
#1052 = CARTESIAN_POINT('',(48.601357532392,91.358041199062,
    5.697232464495));
#1053 = CARTESIAN_POINT('',(48.601357532392,91.858041199077,
    5.617672574454));
#1054 = CARTESIAN_POINT('',(48.601357532392,92.358041199092,
    5.538112684414));
#1055 = CARTESIAN_POINT('',(48.601357532392,92.858041199106,
    5.458552794372));
#1056 = ORIENTED_EDGE('',*,*,#1006,.F.);
#1057 = ORIENTED_EDGE('',*,*,#612,.F.);
#1058 = ORIENTED_EDGE('',*,*,#1059,.T.);
#1059 = EDGE_CURVE('',#605,#1049,#1060,.T.);
#1060 = LINE('',#1061,#1062);
#1061 = CARTESIAN_POINT('',(48.601357532392,91.35804119907,
    1.283417816467E-12));
#1062 = VECTOR('',#1063,1.);
#1063 = DIRECTION('',(0.,0.,1.));
#1064 = PLANE('',#1065);
#1065 = AXIS2_PLACEMENT_3D('',#1066,#1067,#1068);
#1066 = CARTESIAN_POINT('',(48.601357532392,92.85804119907,
    1.283417816467E-12));
#1067 = DIRECTION('',(-1.,0.,0.));
#1068 = DIRECTION('',(0.,-1.,3.061616997868E-16));
#1069 = ADVANCED_FACE('',(#1070),#1092,.T.);
#1070 = FACE_BOUND('',#1071,.T.);
#1071 = EDGE_LOOP('',(#1072,#1084,#1085,#1086));
#1072 = ORIENTED_EDGE('',*,*,#1073,.T.);
#1073 = EDGE_CURVE('',#1074,#1049,#1076,.T.);
#1074 = VERTEX_POINT('',#1075);
#1075 = CARTESIAN_POINT('',(47.601357532392,91.35804119907,
    5.697215949669));
#1076 = B_SPLINE_CURVE_WITH_KNOTS('',3,(#1077,#1078,#1079,#1080,#1081,
    #1082,#1083),.UNSPECIFIED.,.F.,.F.,(4,3,4),(1.554946620343,
    2.054907377958,2.555195082887),.UNSPECIFIED.);
#1077 = CARTESIAN_POINT('',(47.60135753026,91.358041196101,
    5.697215931083));
#1078 = CARTESIAN_POINT('',(47.767907423491,91.358041221793,
    5.695811267688));
#1079 = CARTESIAN_POINT('',(47.93448843895,91.358041190993,
    5.695110166867));
#1080 = CARTESIAN_POINT('',(48.101122238811,91.358041188934,
    5.695112544987));
#1081 = CARTESIAN_POINT('',(48.267864588281,91.358041186875,
    5.695114924656));
#1082 = CARTESIAN_POINT('',(48.434612575653,91.358041185529,
    5.695821789196));
#1083 = CARTESIAN_POINT('',(48.601357522737,91.35804118534,
    5.697232378239));
#1084 = ORIENTED_EDGE('',*,*,#1059,.F.);
#1085 = ORIENTED_EDGE('',*,*,#604,.F.);
#1086 = ORIENTED_EDGE('',*,*,#1087,.T.);
#1087 = EDGE_CURVE('',#597,#1074,#1088,.T.);
#1088 = LINE('',#1089,#1090);
#1089 = CARTESIAN_POINT('',(47.601357532392,91.35804119907,
    1.283417816467E-12));
#1090 = VECTOR('',#1091,1.);
#1091 = DIRECTION('',(0.,0.,1.));
#1092 = PLANE('',#1093);
#1093 = AXIS2_PLACEMENT_3D('',#1094,#1095,#1096);
#1094 = CARTESIAN_POINT('',(48.601357532392,91.35804119907,
    1.284305994886E-12));
#1095 = DIRECTION('',(0.,1.,0.));
#1096 = DIRECTION('',(-1.,0.,0.));
#1097 = ADVANCED_FACE('',(#1098),#1110,.T.);
#1098 = FACE_BOUND('',#1099,.T.);
#1099 = EDGE_LOOP('',(#1100,#1107,#1108,#1109));
#1100 = ORIENTED_EDGE('',*,*,#1101,.T.);
#1101 = EDGE_CURVE('',#1021,#1074,#1102,.T.);
#1102 = B_SPLINE_CURVE_WITH_KNOTS('',3,(#1103,#1104,#1105,#1106),
  .UNSPECIFIED.,.F.,.F.,(4,4),(2.627253440865,4.146124069009),
  .PIECEWISE_BEZIER_KNOTS.);
#1103 = CARTESIAN_POINT('',(47.601357532392,92.858041199062,
    5.458536279553));
#1104 = CARTESIAN_POINT('',(47.601357532392,92.358041199055,
    5.538096169594));
#1105 = CARTESIAN_POINT('',(47.601357532392,91.858041199026,
    5.617656059637));
#1106 = CARTESIAN_POINT('',(47.601357532392,91.358041199019,
    5.697215949677));
#1107 = ORIENTED_EDGE('',*,*,#1087,.F.);
#1108 = ORIENTED_EDGE('',*,*,#596,.F.);
#1109 = ORIENTED_EDGE('',*,*,#1032,.T.);
#1110 = PLANE('',#1111);
#1111 = AXIS2_PLACEMENT_3D('',#1112,#1113,#1114);
#1112 = CARTESIAN_POINT('',(47.601357532392,93.85804119907,
    1.282529638047E-12));
#1113 = DIRECTION('',(1.,0.,0.));
#1114 = DIRECTION('',(0.,1.,-3.061616997868E-16));
#1115 = ADVANCED_FACE('',(#1116),#1130,.F.);
#1116 = FACE_BOUND('',#1117,.F.);
#1117 = EDGE_LOOP('',(#1118,#1119,#1120,#1121,#1122,#1123,#1124,#1125,
    #1126,#1127,#1128,#1129));
#1118 = ORIENTED_EDGE('',*,*,#863,.T.);
#1119 = ORIENTED_EDGE('',*,*,#913,.T.);
#1120 = ORIENTED_EDGE('',*,*,#968,.T.);
#1121 = ORIENTED_EDGE('',*,*,#1020,.T.);
#1122 = ORIENTED_EDGE('',*,*,#1101,.T.);
#1123 = ORIENTED_EDGE('',*,*,#1073,.T.);
#1124 = ORIENTED_EDGE('',*,*,#1048,.T.);
#1125 = ORIENTED_EDGE('',*,*,#995,.T.);
#1126 = ORIENTED_EDGE('',*,*,#941,.T.);
#1127 = ORIENTED_EDGE('',*,*,#888,.T.);
#1128 = ORIENTED_EDGE('',*,*,#838,.T.);
#1129 = ORIENTED_EDGE('',*,*,#803,.T.);
#1130 = B_SPLINE_SURFACE_WITH_KNOTS('',3,3,(
    (#1131,#1132,#1133,#1134,#1135,#1136)
    ,(#1137,#1138,#1139,#1140,#1141,#1142)
    ,(#1143,#1144,#1145,#1146,#1147,#1148)
    ,(#1149,#1150,#1151,#1152,#1153,#1154
    )),.UNSPECIFIED.,.F.,.F.,.F.,(4,4),(4,2,4),(0.24254896918,
    0.311393414198),(0.160246445514,0.175697674035,0.226602498815),
  .UNSPECIFIED.);
#1131 = CARTESIAN_POINT('',(46.101357532392,95.363288224806,
    5.091606213858));
#1132 = CARTESIAN_POINT('',(46.411589707022,95.361659167,5.081368279881)
  );
#1133 = CARTESIAN_POINT('',(46.721961781594,95.3604084334,5.073507952274
    ));
#1134 = CARTESIAN_POINT('',(48.055242266448,95.356669765948,
    5.050012020808));
#1135 = CARTESIAN_POINT('',(49.078878664044,95.357928284793,
    5.057921275309));
#1136 = CARTESIAN_POINT('',(50.101357532421,95.363284220883,
    5.091581050912));
#1137 = CARTESIAN_POINT('',(46.101357532392,94.029845096738,
    5.303783391144));
#1138 = CARTESIAN_POINT('',(46.411589707022,94.028216038932,
    5.293545457166));
#1139 = CARTESIAN_POINT('',(46.721961781594,94.026965305333,
    5.285685129559));
#1140 = CARTESIAN_POINT('',(48.055242266448,94.023226637881,
    5.262189198093));
#1141 = CARTESIAN_POINT('',(49.078878664044,94.024485156726,
    5.270098452594));
#1142 = CARTESIAN_POINT('',(50.101357532421,94.029841092815,
    5.303758228197));
#1143 = CARTESIAN_POINT('',(46.101357532392,92.696401968678,
    5.515960568429));
#1144 = CARTESIAN_POINT('',(46.411589707022,92.694772910872,
    5.505722634451));
#1145 = CARTESIAN_POINT('',(46.721961781594,92.69352217728,
    5.497862306845));
#1146 = CARTESIAN_POINT('',(48.055242266448,92.689783509813,
    5.474366375378));
#1147 = CARTESIAN_POINT('',(49.078878664044,92.691042028666,
    5.482275629879));
#1148 = CARTESIAN_POINT('',(50.101357532421,92.696397964755,
    5.515935405482));
#1149 = CARTESIAN_POINT('',(46.101357532392,91.362958840611,
    5.728137745714));
#1150 = CARTESIAN_POINT('',(46.411589707022,91.361329782805,
    5.717899811737));
#1151 = CARTESIAN_POINT('',(46.721961781594,91.360079049213,
    5.71003948413));
#1152 = CARTESIAN_POINT('',(48.055242266448,91.356340381746,
    5.686543552664));
#1153 = CARTESIAN_POINT('',(49.078878664044,91.357598900599,
    5.694452807165));
#1154 = CARTESIAN_POINT('',(50.101357532421,91.362954836688,
    5.728112582768));
#1155 = ADVANCED_FACE('',(#1156),#1235,.F.);
#1156 = FACE_BOUND('',#1157,.F.);
#1157 = EDGE_LOOP('',(#1158,#1169,#1182,#1183,#1201,#1220,#1221,#1222));
#1158 = ORIENTED_EDGE('',*,*,#1159,.F.);
#1159 = EDGE_CURVE('',#1160,#1162,#1164,.T.);
#1160 = VERTEX_POINT('',#1161);
#1161 = CARTESIAN_POINT('',(57.096749185202,93.033041199058,
    2.447001434769));
#1162 = VERTEX_POINT('',#1163);
#1163 = CARTESIAN_POINT('',(57.081571867642,93.68304119906,
    2.447001434767));
#1164 = B_SPLINE_CURVE_WITH_KNOTS('',3,(#1165,#1166,#1167,#1168),
  .UNSPECIFIED.,.F.,.F.,(4,4),(-8.234591995792,-7.586036570193),
  .PIECEWISE_BEZIER_KNOTS.);
#1165 = CARTESIAN_POINT('',(57.096625824372,93.03306698941,
    2.447050748441));
#1166 = CARTESIAN_POINT('',(57.091628530543,93.250055787954,
    2.447051971892));
#1167 = CARTESIAN_POINT('',(57.086567609047,93.466747449929,
    2.447052714261));
#1168 = CARTESIAN_POINT('',(57.081442059327,93.683068501763,
    2.447053136683));
#1169 = ORIENTED_EDGE('',*,*,#1170,.T.);
#1170 = EDGE_CURVE('',#1160,#449,#1171,.T.);
#1171 = B_SPLINE_CURVE_WITH_KNOTS('',3,(#1172,#1173,#1174,#1175,#1176,
    #1177,#1178,#1179,#1180,#1181),.UNSPECIFIED.,.F.,.F.,(4,3,3,4),(
    -0.37866861904,5.410104642101E-02,2.396792607199,3.358710813525),
  .UNSPECIFIED.);
#1172 = CARTESIAN_POINT('',(57.096625824371,93.033066989422,
    2.447050748443));
#1173 = CARTESIAN_POINT('',(57.041285934758,93.033067915517,
    2.580376407448));
#1174 = CARTESIAN_POINT('',(56.986052228884,93.033068601019,
    2.713716412724));
#1175 = CARTESIAN_POINT('',(56.930934985747,93.03306902349,
    2.847054247656));
#1176 = CARTESIAN_POINT('',(56.632571420428,93.033071310428,
    3.568845642838));
#1177 = CARTESIAN_POINT('',(56.336132934005,93.033064338249,
    4.294173331373));
#1178 = CARTESIAN_POINT('',(56.043360406225,93.033057279676,
    5.020387039241));
#1179 = CARTESIAN_POINT('',(55.923146875132,93.033054381398,
    5.318573193567));
#1180 = CARTESIAN_POINT('',(55.803551328036,93.033052157511,
    5.616908647044));
#1181 = CARTESIAN_POINT('',(55.684693914581,93.033051820815,
    5.915208250802));
#1182 = ORIENTED_EDGE('',*,*,#448,.F.);
#1183 = ORIENTED_EDGE('',*,*,#1184,.T.);
#1184 = EDGE_CURVE('',#438,#1185,#1187,.T.);
#1185 = VERTEX_POINT('',#1186);
#1186 = CARTESIAN_POINT('',(58.146675224376,85.729582103981,
    2.053912595557E-12));
#1187 = B_SPLINE_CURVE_WITH_KNOTS('',3,(#1188,#1189,#1190,#1191,#1192,
    #1193,#1194,#1195,#1196,#1197,#1198,#1199,#1200),.UNSPECIFIED.,.F.,
  .F.,(4,3,3,3,4),(0.642499865589,3.783933912781,4.22117546644,
    7.873540546129,8.280728520143),.UNSPECIFIED.);
#1188 = CARTESIAN_POINT('',(55.648319872863,88.70926784576,
    6.598435012306));
#1189 = CARTESIAN_POINT('',(55.992155166524,88.301061512972,
    5.694473010082));
#1190 = CARTESIAN_POINT('',(56.336998318112,87.890735856215,
    4.785788326731));
#1191 = CARTESIAN_POINT('',(56.679226093966,87.482800085778,
    3.882416982991));
#1192 = CARTESIAN_POINT('',(56.726859181967,87.426021408467,3.7566809389
    ));
#1193 = CARTESIAN_POINT('',(56.774441605758,87.369289002659,
    3.631047747717));
#1194 = CARTESIAN_POINT('',(56.821963598709,87.312614982205,
    3.505544388015));
#1195 = CARTESIAN_POINT('',(57.218924194328,86.839205692763,
    2.457190029825));
#1196 = CARTESIAN_POINT('',(57.617853569641,86.362496008302,
    1.40156255647));
#1197 = CARTESIAN_POINT('',(58.014211990426,85.88813918038,
    0.351119178527));
#1198 = CARTESIAN_POINT('',(58.058400448814,85.835254983016,
    0.234009332839));
#1199 = CARTESIAN_POINT('',(58.102556955934,85.782400019492,
    0.11696386706));
#1200 = CARTESIAN_POINT('',(58.146675224375,85.729582103981,
    3.152784240337E-12));
#1201 = ORIENTED_EDGE('',*,*,#1202,.F.);
#1202 = EDGE_CURVE('',#526,#1185,#1203,.T.);
#1203 = B_SPLINE_CURVE_WITH_KNOTS('',3,(#1204,#1205,#1206,#1207,#1208,
    #1209,#1210,#1211,#1212,#1213,#1214,#1215,#1216,#1217,#1218,#1219),
  .UNSPECIFIED.,.F.,.F.,(4,3,3,3,3,4),(0.243038337101,3.539789483339,
    7.0454267068,7.806402045666,11.711488308493,15.519585000774),
  .UNSPECIFIED.);
#1204 = CARTESIAN_POINT('',(58.0873843068,101.10326749141,
    -1.871259318054E-07));
#1205 = CARTESIAN_POINT('',(58.093646050419,100.00245512784,
    1.115946996309E-06));
#1206 = CARTESIAN_POINT('',(58.09933590339,98.889103056959,
    1.858957076369E-05));
#1207 = CARTESIAN_POINT('',(58.104548767842,97.775108578362,
    2.788666094428E-05));
#1208 = CARTESIAN_POINT('',(58.110091925591,96.590530083454,
    3.777282582637E-05));
#1209 = CARTESIAN_POINT('',(58.115095126506,95.405228983479,
    4.082249405839E-05));
#1210 = CARTESIAN_POINT('',(58.119642313054,94.233497650405,
    4.121870335186E-05));
#1211 = CARTESIAN_POINT('',(58.120629379486,93.97914770162,
    4.130470925667E-05));
#1212 = CARTESIAN_POINT('',(58.121594873534,93.725436994748,
    4.130349133693E-05));
#1213 = CARTESIAN_POINT('',(58.12253953044,93.472511381443,
    4.127393652144E-05));
#1214 = CARTESIAN_POINT('',(58.127387212715,92.17457664507,
    4.112227049931E-05));
#1215 = CARTESIAN_POINT('',(58.131816431309,90.86292242531,
    3.769023523787E-05));
#1216 = CARTESIAN_POINT('',(58.135870120299,89.551635213783,
    2.666938093807E-05));
#1217 = CARTESIAN_POINT('',(58.139823128913,88.272916087811,
    1.592224861356E-05));
#1218 = CARTESIAN_POINT('',(58.143417888132,86.99454852987,
    3.761449951412E-07));
#1219 = CARTESIAN_POINT('',(58.146675224376,85.729582103981,
    2.036555006201E-12));
#1220 = ORIENTED_EDGE('',*,*,#533,.F.);
#1221 = ORIENTED_EDGE('',*,*,#312,.F.);
#1222 = ORIENTED_EDGE('',*,*,#1223,.T.);
#1223 = EDGE_CURVE('',#313,#1162,#1224,.T.);
#1224 = B_SPLINE_CURVE_WITH_KNOTS('',3,(#1225,#1226,#1227,#1228,#1229,
    #1230,#1231,#1232,#1233,#1234),.UNSPECIFIED.,.F.,.F.,(4,3,3,4),(
    0.434821664978,2.926999658572,3.637117010249,4.070984217599),
  .UNSPECIFIED.);
#1225 = CARTESIAN_POINT('',(55.690692188204,93.683052909057,
    5.812563593041));
#1226 = CARTESIAN_POINT('',(56.003031939121,93.68305362798,5.04183103909
    ));
#1227 = CARTESIAN_POINT('',(56.320151149236,93.683068320823,
    4.270657760909));
#1228 = CARTESIAN_POINT('',(56.63976859339,93.683070665475,
    3.502677628652));
#1229 = CARTESIAN_POINT('',(56.730839894708,93.683071333556,
    3.283850554879));
#1230 = CARTESIAN_POINT('',(56.822113964475,93.683071157064,
    3.065282478047));
#1231 = CARTESIAN_POINT('',(56.913537888166,93.683070511774,
    2.847057225193));
#1232 = CARTESIAN_POINT('',(56.969396039446,93.683070117515,
    2.713726049993));
#1233 = CARTESIAN_POINT('',(57.025367798107,93.683069440333,
    2.580385214886));
#1234 = CARTESIAN_POINT('',(57.081442059328,93.683068501753,
    2.447053136688));
#1235 = B_SPLINE_SURFACE_WITH_KNOTS('',3,3,(
    (#1236,#1237,#1238,#1239)
    ,(#1240,#1241,#1242,#1243)
    ,(#1244,#1245,#1246,#1247)
    ,(#1248,#1249,#1250,#1251
    )),.UNSPECIFIED.,.F.,.F.,.F.,(4,4),(4,4),(6.597123961991E-02,
    0.931825699096),(5.530734825159E-02,0.886261926473),
  .PIECEWISE_BEZIER_KNOTS.);
#1236 = CARTESIAN_POINT('',(58.146675224376,85.729582103981,
    2.045918989779E-12));
#1237 = CARTESIAN_POINT('',(57.313620272675,86.651209313161,
    2.209066686814));
#1238 = CARTESIAN_POINT('',(56.480515175132,87.570524132017,
    4.419097686772));
#1239 = CARTESIAN_POINT('',(55.647622871686,88.486047530248,
    6.630821043076));
#1240 = CARTESIAN_POINT('',(58.158361548085,90.857868727144,
    -6.619441913735E-02));
#1241 = CARTESIAN_POINT('',(57.325638877384,91.444729468589,
    1.965712835989));
#1242 = CARTESIAN_POINT('',(56.492810614182,92.028969149062,
    3.998510782653));
#1243 = CARTESIAN_POINT('',(55.66042263282,92.608711106324,
    6.032827839165));
#1244 = CARTESIAN_POINT('',(58.173357065287,95.986114891952,
    -0.13829722953));
#1245 = CARTESIAN_POINT('',(57.341161263048,96.238001774087,
    1.715918106375));
#1246 = CARTESIAN_POINT('',(56.508890526147,96.486860415993,
    3.570808078764));
#1247 = CARTESIAN_POINT('',(55.677218452369,96.730303473072,
    5.426977760251));
#1248 = CARTESIAN_POINT('',(58.196870337841,101.11428971299,
    -0.220818829066));
#1249 = CARTESIAN_POINT('',(57.366262504256,101.03083341134,
    1.454368057735));
#1250 = CARTESIAN_POINT('',(56.536038040031,100.94375658481,
    3.129606431244));
#1251 = CARTESIAN_POINT('',(55.707168087491,100.84973112962,
    4.805250432188));
#1252 = ADVANCED_FACE('',(#1253),#1287,.F.);
#1253 = FACE_BOUND('',#1254,.T.);
#1254 = EDGE_LOOP('',(#1255,#1263,#1264,#1265,#1271,#1272,#1273,#1281));
#1255 = ORIENTED_EDGE('',*,*,#1256,.F.);
#1256 = EDGE_CURVE('',#429,#1257,#1259,.T.);
#1257 = VERTEX_POINT('',#1258);
#1258 = CARTESIAN_POINT('',(48.426357532397,86.834585882374,
    2.447001434767));
#1259 = LINE('',#1260,#1261);
#1260 = CARTESIAN_POINT('',(48.426357532397,87.074731737914,
    2.97879803541));
#1261 = VECTOR('',#1262,1.);
#1262 = DIRECTION('',(-8.317991019661E-14,-0.411557753063,
    -0.911383682043));
#1263 = ORIENTED_EDGE('',*,*,#437,.T.);
#1264 = ORIENTED_EDGE('',*,*,#1184,.T.);
#1265 = ORIENTED_EDGE('',*,*,#1266,.T.);
#1266 = EDGE_CURVE('',#1185,#44,#1267,.T.);
#1267 = LINE('',#1268,#1269);
#1268 = CARTESIAN_POINT('',(45.982607532402,85.729582103981,
    2.054800773976E-12));
#1269 = VECTOR('',#1270,1.);
#1270 = DIRECTION('',(-1.,9.232497659334E-19,1.007310030931E-16));
#1271 = ORIENTED_EDGE('',*,*,#64,.T.);
#1272 = ORIENTED_EDGE('',*,*,#259,.T.);
#1273 = ORIENTED_EDGE('',*,*,#1274,.F.);
#1274 = EDGE_CURVE('',#1275,#260,#1277,.T.);
#1275 = VERTEX_POINT('',#1276);
#1276 = CARTESIAN_POINT('',(47.776357532395,86.834585882381,
    2.447001434767));
#1277 = LINE('',#1278,#1279);
#1278 = CARTESIAN_POINT('',(47.776357532395,85.497270801607,
    -0.514447191327));
#1279 = VECTOR('',#1280,1.);
#1280 = DIRECTION('',(0.,0.411557753063,0.911383682043));
#1281 = ORIENTED_EDGE('',*,*,#1282,.T.);
#1282 = EDGE_CURVE('',#1275,#1257,#1283,.T.);
#1283 = LINE('',#1284,#1285);
#1284 = CARTESIAN_POINT('',(44.791982532395,86.834585882381,
    2.447001434767));
#1285 = VECTOR('',#1286,1.);
#1286 = DIRECTION('',(1.,4.456431613376E-17,0.));
#1287 = PLANE('',#1288);
#1288 = AXIS2_PLACEMENT_3D('',#1289,#1290,#1291);
#1289 = CARTESIAN_POINT('',(41.482607532402,85.497270801607,
    -0.514447191327));
#1290 = DIRECTION('',(4.061519052569E-17,-0.911383682043,0.411557753063)
  );
#1291 = DIRECTION('',(0.,-0.411557753063,-0.911383682043));
#1292 = ADVANCED_FACE('',(#1293,#1363),#1369,.F.);
#1293 = FACE_BOUND('',#1294,.T.);
#1294 = EDGE_LOOP('',(#1295,#1305,#1314,#1322,#1331,#1339,#1348,#1356));
#1295 = ORIENTED_EDGE('',*,*,#1296,.T.);
#1296 = EDGE_CURVE('',#1297,#1299,#1301,.T.);
#1297 = VERTEX_POINT('',#1298);
#1298 = CARTESIAN_POINT('',(59.482607532402,102.10804119905,
    2.054356684766E-12));
#1299 = VERTEX_POINT('',#1300);
#1300 = CARTESIAN_POINT('',(59.482607532402,84.608041199055,
    2.054356684766E-12));
#1301 = LINE('',#1302,#1303);
#1302 = CARTESIAN_POINT('',(59.482607532402,84.608041199055,
    2.054356684766E-12));
#1303 = VECTOR('',#1304,1.);
#1304 = DIRECTION('',(-1.54074395551E-33,-1.,0.));
#1305 = ORIENTED_EDGE('',*,*,#1306,.T.);
#1306 = EDGE_CURVE('',#1299,#1307,#1309,.T.);
#1307 = VERTEX_POINT('',#1308);
#1308 = CARTESIAN_POINT('',(59.232607532402,84.358041199055,
    2.054356684766E-12));
#1309 = CIRCLE('',#1310,0.25);
#1310 = AXIS2_PLACEMENT_3D('',#1311,#1312,#1313);
#1311 = CARTESIAN_POINT('',(59.232607532402,84.608041199055,
    2.054356684766E-12));
#1312 = DIRECTION('',(0.,0.,-1.));
#1313 = DIRECTION('',(7.105427357601E-15,-1.,0.));
#1314 = ORIENTED_EDGE('',*,*,#1315,.T.);
#1315 = EDGE_CURVE('',#1307,#1316,#1318,.T.);
#1316 = VERTEX_POINT('',#1317);
#1317 = CARTESIAN_POINT('',(36.97010753239,84.358041199055,
    2.056133041606E-12));
#1318 = LINE('',#1319,#1320);
#1319 = CARTESIAN_POINT('',(36.97010753239,84.358041199055,
    2.056133041606E-12));
#1320 = VECTOR('',#1321,1.);
#1321 = DIRECTION('',(-1.,-1.54074395551E-33,1.015061051086E-16));
#1322 = ORIENTED_EDGE('',*,*,#1323,.T.);
#1323 = EDGE_CURVE('',#1316,#1324,#1326,.T.);
#1324 = VERTEX_POINT('',#1325);
#1325 = CARTESIAN_POINT('',(36.72010753239,84.608041199055,
    2.056133041606E-12));
#1326 = CIRCLE('',#1327,0.25);
#1327 = AXIS2_PLACEMENT_3D('',#1328,#1329,#1330);
#1328 = CARTESIAN_POINT('',(36.97010753239,84.608041199055,
    2.056133041606E-12));
#1329 = DIRECTION('',(0.,0.,-1.));
#1330 = DIRECTION('',(-1.,-7.105427357601E-15,-0.));
#1331 = ORIENTED_EDGE('',*,*,#1332,.T.);
#1332 = EDGE_CURVE('',#1324,#1333,#1335,.T.);
#1333 = VERTEX_POINT('',#1334);
#1334 = CARTESIAN_POINT('',(36.72010753239,102.10804119905,
    2.056133041606E-12));
#1335 = LINE('',#1336,#1337);
#1336 = CARTESIAN_POINT('',(36.72010753239,102.10804119905,
    2.056133041606E-12));
#1337 = VECTOR('',#1338,1.);
#1338 = DIRECTION('',(1.54074395551E-33,1.,0.));
#1339 = ORIENTED_EDGE('',*,*,#1340,.T.);
#1340 = EDGE_CURVE('',#1333,#1341,#1343,.T.);
#1341 = VERTEX_POINT('',#1342);
#1342 = CARTESIAN_POINT('',(36.97010753239,102.35804119905,
    2.056133041606E-12));
#1343 = CIRCLE('',#1344,0.25);
#1344 = AXIS2_PLACEMENT_3D('',#1345,#1346,#1347);
#1345 = CARTESIAN_POINT('',(36.97010753239,102.10804119905,
    2.056133041606E-12));
#1346 = DIRECTION('',(0.,0.,-1.));
#1347 = DIRECTION('',(-7.105427357601E-15,1.,0.));
#1348 = ORIENTED_EDGE('',*,*,#1349,.T.);
#1349 = EDGE_CURVE('',#1341,#1350,#1352,.T.);
#1350 = VERTEX_POINT('',#1351);
#1351 = CARTESIAN_POINT('',(59.232607532402,102.35804119905,
    2.054356684766E-12));
#1352 = LINE('',#1353,#1354);
#1353 = CARTESIAN_POINT('',(54.47010753239,102.35804119905,
    2.054356684766E-12));
#1354 = VECTOR('',#1355,1.);
#1355 = DIRECTION('',(1.,1.54074395551E-33,-1.015061051086E-16));
#1356 = ORIENTED_EDGE('',*,*,#1357,.T.);
#1357 = EDGE_CURVE('',#1350,#1297,#1358,.T.);
#1358 = CIRCLE('',#1359,0.25);
#1359 = AXIS2_PLACEMENT_3D('',#1360,#1361,#1362);
#1360 = CARTESIAN_POINT('',(59.232607532402,102.10804119905,
    2.054356684766E-12));
#1361 = DIRECTION('',(0.,0.,-1.));
#1362 = DIRECTION('',(1.,7.105427357601E-15,0.));
#1363 = FACE_BOUND('',#1364,.T.);
#1364 = EDGE_LOOP('',(#1365,#1366,#1367,#1368));
#1365 = ORIENTED_EDGE('',*,*,#1202,.F.);
#1366 = ORIENTED_EDGE('',*,*,#525,.F.);
#1367 = ORIENTED_EDGE('',*,*,#43,.F.);
#1368 = ORIENTED_EDGE('',*,*,#1266,.F.);
#1369 = PLANE('',#1370);
#1370 = AXIS2_PLACEMENT_3D('',#1371,#1372,#1373);
#1371 = CARTESIAN_POINT('',(50.482607532402,93.358041199055,
    2.054356684766E-12));
#1372 = DIRECTION('',(1.007310030931E-16,4.511556728623E-51,1.));
#1373 = DIRECTION('',(1.,0.,-1.007310030931E-16));
#1374 = ADVANCED_FACE('',(#1375),#1425,.F.);
#1375 = FACE_BOUND('',#1376,.F.);
#1376 = EDGE_LOOP('',(#1377,#1394,#1403,#1418));
#1377 = ORIENTED_EDGE('',*,*,#1378,.F.);
#1378 = EDGE_CURVE('',#1379,#1381,#1383,.T.);
#1379 = VERTEX_POINT('',#1380);
#1380 = CARTESIAN_POINT('',(56.30743758976,100.18876982586,
    6.137784601929));
#1381 = VERTEX_POINT('',#1382);
#1382 = CARTESIAN_POINT('',(56.280006468733,89.653557539947,
    7.810239759692));
#1383 = B_SPLINE_CURVE_WITH_KNOTS('',3,(#1384,#1385,#1386,#1387,#1388,
    #1389,#1390,#1391,#1392,#1393),.UNSPECIFIED.,.F.,.F.,(4,1,1,1,1,1,1,
    4),(0.,0.761940990712,1.523881981424,4.571645944272,7.619409907121,
    9.143291888545,9.905232879257,10.667173869969),.UNSPECIFIED.);
#1384 = CARTESIAN_POINT('',(56.307437589763,100.18876982586,
    6.137784601929));
#1385 = CARTESIAN_POINT('',(56.307361151001,99.937943297118,
    6.177685162475));
#1386 = CARTESIAN_POINT('',(56.305700280918,99.436259097136,
    6.257276186782));
#1387 = CARTESIAN_POINT('',(56.301023352611,97.931214092357,
    6.496091853795));
#1388 = CARTESIAN_POINT('',(56.293743953753,95.673640872315,
    6.85427942092));
#1389 = CARTESIAN_POINT('',(56.287125695402,93.16525496095,
    7.252471494032));
#1390 = CARTESIAN_POINT('',(56.282997368413,91.409394642549,
    7.531276518675));
#1391 = CARTESIAN_POINT('',(56.281039836536,90.406054028004,
    7.690649567093));
#1392 = CARTESIAN_POINT('',(56.280050440393,89.904383354595,7.770334661)
  );
#1393 = CARTESIAN_POINT('',(56.280006468736,89.653557539947,
    7.810239759692));
#1394 = ORIENTED_EDGE('',*,*,#1395,.F.);
#1395 = EDGE_CURVE('',#1396,#1379,#1398,.T.);
#1396 = VERTEX_POINT('',#1397);
#1397 = CARTESIAN_POINT('',(56.564251675223,100.16787843043,
    6.006949139355));
#1398 = CIRCLE('',#1399,0.25);
#1399 = AXIS2_PLACEMENT_3D('',#1400,#1401,#1402);
#1400 = CARTESIAN_POINT('',(56.342304975344,100.14986807595,
    5.893303683908));
#1401 = DIRECTION('',(-3.022421054215E-04,-0.987582525381,0.157100809076
    ));
#1402 = DIRECTION('',(0.887786799521,7.204141792139E-02,0.454581821788)
  );
#1403 = ORIENTED_EDGE('',*,*,#1404,.F.);
#1404 = EDGE_CURVE('',#1405,#1396,#1407,.T.);
#1405 = VERTEX_POINT('',#1406);
#1406 = CARTESIAN_POINT('',(56.55060535932,89.627640972169,
    7.647639001455));
#1407 = B_SPLINE_CURVE_WITH_KNOTS('',3,(#1408,#1409,#1410,#1411,#1412,
    #1413,#1414,#1415,#1416,#1417),.UNSPECIFIED.,.F.,.F.,(4,1,1,1,1,1,1,
    4),(-10.66717386996,-9.905232879257,-9.143291888545,-7.619409907121,
    -4.571645944272,-1.523881981424,-0.761940990712,0.),.UNSPECIFIED.);
#1408 = CARTESIAN_POINT('',(56.55060535932,89.627640972169,
    7.647639001457));
#1409 = CARTESIAN_POINT('',(56.550492822807,89.877565236595,
    7.608328160094));
#1410 = CARTESIAN_POINT('',(56.55114954396,90.3797497497,7.529525981267)
  );
#1411 = CARTESIAN_POINT('',(56.552269873679,91.383154283918,
    7.372510930848));
#1412 = CARTESIAN_POINT('',(56.554709219799,93.139731005853,
    7.098203190813));
#1413 = CARTESIAN_POINT('',(56.558285524156,95.649213054858,
    6.707548381319));
#1414 = CARTESIAN_POINT('',(56.561880721762,97.907596293793,
    6.357482707769));
#1415 = CARTESIAN_POINT('',(56.563766091593,99.414007156927,
    6.124177393175));
#1416 = CARTESIAN_POINT('',(56.564570412444,99.91528169201,
    6.046357790661));
#1417 = CARTESIAN_POINT('',(56.564251675227,100.16787843043,
    6.006949139355));
#1418 = ORIENTED_EDGE('',*,*,#1419,.F.);
#1419 = EDGE_CURVE('',#1381,#1405,#1420,.T.);
#1420 = CIRCLE('',#1421,0.25);
#1421 = AXIS2_PLACEMENT_3D('',#1422,#1423,#1424);
#1422 = CARTESIAN_POINT('',(56.314757300315,89.614653214747,
    7.56574265708));
#1423 = DIRECTION('',(1.738657968424E-04,0.987579701697,-0.157118753073)
  );
#1424 = DIRECTION('',(-0.139003326328,0.15561730079,0.977988410445));
#1425 = B_SPLINE_SURFACE_WITH_KNOTS('',3,3,(
    (#1426,#1427,#1428,#1429,#1430,#1431,#1432,#1433,#1434,#1435)
    ,(#1436,#1437,#1438,#1439,#1440,#1441,#1442,#1443,#1444,#1445)
    ,(#1446,#1447,#1448,#1449,#1450,#1451,#1452,#1453,#1454,#1455)
    ,(#1456,#1457,#1458,#1459,#1460,#1461,#1462,#1463,#1464,#1465)
    ,(#1466,#1467,#1468,#1469,#1470,#1471,#1472,#1473,#1474,#1475
  )),.UNSPECIFIED.,.F.,.F.,.F.,(4,1,4),(4,1,1,1,1,1,1,4),(0.,
    0.571428571429,1.),(0.,0.761940990712,1.523881981424,4.571645944272,
    7.619409907121,9.143291888545,9.905232879257,10.667173869969),
  .UNSPECIFIED.);
#1426 = CARTESIAN_POINT('',(56.307437589763,100.18876982586,
    6.137784601929));
#1427 = CARTESIAN_POINT('',(56.307361151001,99.937943297118,
    6.177685162475));
#1428 = CARTESIAN_POINT('',(56.305700280918,99.436259097136,
    6.257276186782));
#1429 = CARTESIAN_POINT('',(56.301023352611,97.931214092357,
    6.496091853795));
#1430 = CARTESIAN_POINT('',(56.293743953753,95.673640872315,
    6.85427942092));
#1431 = CARTESIAN_POINT('',(56.287125695402,93.16525496095,
    7.252471494032));
#1432 = CARTESIAN_POINT('',(56.282997368413,91.409394642549,
    7.531276518675));
#1433 = CARTESIAN_POINT('',(56.281039836536,90.406054028004,
    7.690649567093));
#1434 = CARTESIAN_POINT('',(56.280050440393,89.904383354595,7.770334661)
  );
#1435 = CARTESIAN_POINT('',(56.280006468736,89.653557539947,
    7.810239759692));
#1436 = CARTESIAN_POINT('',(56.365551604878,100.19003837076,
    6.145870857382));
#1437 = CARTESIAN_POINT('',(56.365638164822,99.938804604069,
    6.185862924134));
#1438 = CARTESIAN_POINT('',(56.364333210771,99.437295252945,
    6.265476365147));
#1439 = CARTESIAN_POINT('',(56.360846592812,97.932156067749,
    6.50448297423));
#1440 = CARTESIAN_POINT('',(56.355246662279,95.674728405713,
    6.862867168606));
#1441 = CARTESIAN_POINT('',(56.350170091697,93.166398204245,
    7.261254799823));
#1442 = CARTESIAN_POINT('',(56.346955066019,91.41055159377,
    7.540178085412));
#1443 = CARTESIAN_POINT('',(56.34546775146,90.407302631014,
    7.699609429336));
#1444 = CARTESIAN_POINT('',(56.344667616166,89.905537244311,
    7.779332630547));
#1445 = CARTESIAN_POINT('',(56.34471347577,89.654973486329,
    7.819211382839));
#1446 = CARTESIAN_POINT('',(56.472094112745,100.18637767726,
    6.123063620998));
#1447 = CARTESIAN_POINT('',(56.472487834613,99.934400417333,
    6.162989260862));
#1448 = CARTESIAN_POINT('',(56.471858489622,99.43311917004,6.24216518888
    ));
#1449 = CARTESIAN_POINT('',(56.470625835329,97.927557128409,
    6.479873095588));
#1450 = CARTESIAN_POINT('',(56.468231534385,95.670017259006,
    6.836300666121));
#1451 = CARTESIAN_POINT('',(56.466094885323,93.161433193091,
    7.232823500448));
#1452 = CARTESIAN_POINT('',(56.464621160081,91.405398620744,
    7.510618200006));
#1453 = CARTESIAN_POINT('',(56.464020670519,90.402193631664,
    7.669429222979));
#1454 = CARTESIAN_POINT('',(56.463582752462,89.90022043058,
    7.748942132316));
#1455 = CARTESIAN_POINT('',(56.463797330154,89.650087781156,
    7.788633755706));
#1456 = CARTESIAN_POINT('',(56.543993233554,100.17402343768,
    6.045539512351));
#1457 = CARTESIAN_POINT('',(56.544390854211,99.921556453439,
    6.085108144904));
#1458 = CARTESIAN_POINT('',(56.543761362584,99.420300604521,
    6.163322035399));
#1459 = CARTESIAN_POINT('',(56.542487347353,97.914121061127,
    6.39791279574));
#1460 = CARTESIAN_POINT('',(56.539851999194,95.655991053238,
    6.749804123316));
#1461 = CARTESIAN_POINT('',(56.537279590495,93.146763389537,
    7.142106357661));
#1462 = CARTESIAN_POINT('',(56.535475048175,91.390334351512,
    7.417380542156));
#1463 = CARTESIAN_POINT('',(56.534691858549,90.386994913082,
    7.574887474375));
#1464 = CARTESIAN_POINT('',(56.534172923773,89.884855096752,
    7.653886714042));
#1465 = CARTESIAN_POINT('',(56.534351087364,89.634907660242,
    7.693296234846));
#1466 = CARTESIAN_POINT('',(56.564251675227,100.16787843043,
    6.006949139355));
#1467 = CARTESIAN_POINT('',(56.564570412444,99.91528169201,
    6.046357790661));
#1468 = CARTESIAN_POINT('',(56.563766091593,99.414007156927,
    6.124177393175));
#1469 = CARTESIAN_POINT('',(56.561880721762,97.907596293793,
    6.357482707769));
#1470 = CARTESIAN_POINT('',(56.558285524156,95.649213054858,
    6.707548381319));
#1471 = CARTESIAN_POINT('',(56.554709219799,93.139731005853,
    7.098203190813));
#1472 = CARTESIAN_POINT('',(56.552269873679,91.383154283918,
    7.372510930848));
#1473 = CARTESIAN_POINT('',(56.55114954396,90.3797497497,7.529525981267)
  );
#1474 = CARTESIAN_POINT('',(56.550492822807,89.877565236595,
    7.608328160094));
#1475 = CARTESIAN_POINT('',(56.55060535932,89.627640972169,
    7.647639001457));
#1476 = ADVANCED_FACE('',(#1477),#1509,.F.);
#1477 = FACE_BOUND('',#1478,.F.);
#1478 = EDGE_LOOP('',(#1479,#1490,#1499,#1508));
#1479 = ORIENTED_EDGE('',*,*,#1480,.F.);
#1480 = EDGE_CURVE('',#1481,#1379,#1483,.T.);
#1481 = VERTEX_POINT('',#1482);
#1482 = CARTESIAN_POINT('',(55.002114930911,101.66610181718,
    5.731603685803));
#1483 = B_SPLINE_CURVE_WITH_KNOTS('',3,(#1484,#1485,#1486,#1487,#1488,
    #1489),.UNSPECIFIED.,.F.,.F.,(4,1,1,4),(0.,0.633885170536,
    1.267770341072,2.218598096875),.UNSPECIFIED.);
#1484 = CARTESIAN_POINT('',(55.002114930907,101.66610181718,
    5.731603685803));
#1485 = CARTESIAN_POINT('',(55.210974062131,101.66385992428,
    5.756936888364));
#1486 = CARTESIAN_POINT('',(55.620025427212,101.53437594078,
    5.828937982441));
#1487 = CARTESIAN_POINT('',(56.147245146909,101.01765293661,
    5.982702645716));
#1488 = CARTESIAN_POINT('',(56.307532977859,100.50177677565,
    6.087992608976));
#1489 = CARTESIAN_POINT('',(56.307437589763,100.18876982586,
    6.137784601928));
#1490 = ORIENTED_EDGE('',*,*,#1491,.F.);
#1491 = EDGE_CURVE('',#1492,#1481,#1494,.T.);
#1492 = VERTEX_POINT('',#1493);
#1493 = CARTESIAN_POINT('',(55.031436040059,101.87613591311,
    5.508202623293));
#1494 = CIRCLE('',#1495,0.25);
#1495 = AXIS2_PLACEMENT_3D('',#1496,#1497,#1498);
#1496 = CARTESIAN_POINT('',(55.031436040059,101.62708723859,
    5.486413687606));
#1497 = DIRECTION('',(0.992671435292,-1.053230238723E-02,0.120384767153)
  );
#1498 = DIRECTION('',(1.49292037066E-13,0.996194698092,
    8.715574274729E-02));
#1499 = ORIENTED_EDGE('',*,*,#1500,.F.);
#1500 = EDGE_CURVE('',#1396,#1492,#1501,.T.);
#1501 = B_SPLINE_CURVE_WITH_KNOTS('',3,(#1502,#1503,#1504,#1505,#1506,
    #1507),.UNSPECIFIED.,.F.,.F.,(4,1,1,4),(-2.218598096875,
    -1.267770341072,-0.633885170536,0.),.UNSPECIFIED.);
#1502 = CARTESIAN_POINT('',(56.564251675227,100.16787843043,
    6.006949139354));
#1503 = CARTESIAN_POINT('',(56.554159545802,100.53214899163,
    5.968929782607));
#1504 = CARTESIAN_POINT('',(56.360986012278,101.1135798233,
    5.863563924705));
#1505 = CARTESIAN_POINT('',(55.762678416839,101.70639878558,
    5.681297938527));
#1506 = CARTESIAN_POINT('',(55.285032461696,101.87100667504,
    5.566830082771));
#1507 = CARTESIAN_POINT('',(55.031436040055,101.87613591311,
    5.508202623293));
#1508 = ORIENTED_EDGE('',*,*,#1395,.T.);
#1509 = B_SPLINE_SURFACE_WITH_KNOTS('',3,3,(
    (#1510,#1511,#1512,#1513,#1514,#1515)
    ,(#1516,#1517,#1518,#1519,#1520,#1521)
    ,(#1522,#1523,#1524,#1525,#1526,#1527)
    ,(#1528,#1529,#1530,#1531,#1532,#1533)
    ,(#1534,#1535,#1536,#1537,#1538,#1539
    )),.UNSPECIFIED.,.F.,.F.,.F.,(4,1,4),(4,1,1,4),(0.,0.571428571429,1.
    ),(0.,0.633885170536,1.267770341072,2.218598096875),.UNSPECIFIED.);
#1510 = CARTESIAN_POINT('',(55.002114930907,101.66610181718,
    5.731603685803));
#1511 = CARTESIAN_POINT('',(55.210974062131,101.66385992428,
    5.756936888364));
#1512 = CARTESIAN_POINT('',(55.620025427212,101.53437594078,
    5.828937982441));
#1513 = CARTESIAN_POINT('',(56.147245146909,101.01765293661,
    5.982702645716));
#1514 = CARTESIAN_POINT('',(56.307532977859,100.50177677565,
    6.087992608976));
#1515 = CARTESIAN_POINT('',(56.307437589763,100.18876982586,
    6.137784601928));
#1516 = CARTESIAN_POINT('',(55.003955465229,101.72853609593,
    5.72188925787));
#1517 = CARTESIAN_POINT('',(55.225053984817,101.72086466786,
    5.749418500406));
#1518 = CARTESIAN_POINT('',(55.649615430986,101.57955017435,
    5.825368268148));
#1519 = CARTESIAN_POINT('',(56.192889841601,101.04465007413,
    5.984546836998));
#1520 = CARTESIAN_POINT('',(56.361447530831,100.51494666218,
    6.093496690711));
#1521 = CARTESIAN_POINT('',(56.365551604878,100.19003837076,
    6.145870857382));
#1522 = CARTESIAN_POINT('',(55.012328056531,101.83028971366,
    5.661752643202));
#1523 = CARTESIAN_POINT('',(55.253862660902,101.81481981249,
    5.701009089534));
#1524 = CARTESIAN_POINT('',(55.704999852507,101.65400256121,
    5.790699991681));
#1525 = CARTESIAN_POINT('',(56.276356332252,101.08763775156,
    5.960604634451));
#1526 = CARTESIAN_POINT('',(56.460062091697,100.53288750243,
    6.071988851914));
#1527 = CARTESIAN_POINT('',(56.472082531625,100.18637401326,
    6.123040565745));
#1528 = CARTESIAN_POINT('',(55.025706888988,101.87203420741,
    5.555085333972));
#1529 = CARTESIAN_POINT('',(55.277402496002,101.86199358295,
    5.609073097063));
#1530 = CARTESIAN_POINT('',(55.748365297619,101.69613367533,
    5.716729390047));
#1531 = CARTESIAN_POINT('',(56.340114728882,101.10918255962,
    5.895846631989));
#1532 = CARTESIAN_POINT('',(56.531868373408,100.53460228045,
    6.003449958245));
#1533 = CARTESIAN_POINT('',(56.543993233554,100.17402343767,
    6.045539512351));
#1534 = CARTESIAN_POINT('',(55.031436040055,101.87613591311,
    5.508202623293));
#1535 = CARTESIAN_POINT('',(55.285032461696,101.87100667504,
    5.566830082771));
#1536 = CARTESIAN_POINT('',(55.762678416839,101.70639878558,
    5.681297938527));
#1537 = CARTESIAN_POINT('',(56.360986012278,101.1135798233,
    5.863563924705));
#1538 = CARTESIAN_POINT('',(56.554159545802,100.53214899163,
    5.968929782607));
#1539 = CARTESIAN_POINT('',(56.564251675227,100.16787843043,
    6.006949139354));
#1540 = ADVANCED_FACE('',(#1541),#1573,.F.);
#1541 = FACE_BOUND('',#1542,.F.);
#1542 = EDGE_LOOP('',(#1543,#1554,#1555,#1566));
#1543 = ORIENTED_EDGE('',*,*,#1544,.F.);
#1544 = EDGE_CURVE('',#1381,#1545,#1547,.T.);
#1545 = VERTEX_POINT('',#1546);
#1546 = CARTESIAN_POINT('',(54.907105158294,88.117320945545,
    7.876200240536));
#1547 = B_SPLINE_CURVE_WITH_KNOTS('',3,(#1548,#1549,#1550,#1551,#1552,
    #1553),.UNSPECIFIED.,.F.,.F.,(4,1,1,4),(0.,0.975152979683,
    1.625254966139,2.275356952594),.UNSPECIFIED.);
#1548 = CARTESIAN_POINT('',(56.280006468736,89.653557539947,
    7.810239759692));
#1549 = CARTESIAN_POINT('',(56.279950192602,89.332543782286,
    7.86131139958));
#1550 = CARTESIAN_POINT('',(56.104793747443,88.796831808206,7.9212543165
    ));
#1551 = CARTESIAN_POINT('',(55.543216447277,88.264559164243,
    7.93036272332));
#1552 = CARTESIAN_POINT('',(55.121333898402,88.127992050235,
    7.899763321397));
#1553 = CARTESIAN_POINT('',(54.907105158294,88.117320945552,
    7.876200240536));
#1554 = ORIENTED_EDGE('',*,*,#1419,.T.);
#1555 = ORIENTED_EDGE('',*,*,#1556,.F.);
#1556 = EDGE_CURVE('',#1557,#1405,#1559,.T.);
#1557 = VERTEX_POINT('',#1558);
#1558 = CARTESIAN_POINT('',(54.936022573795,87.85045300678,
    7.733852925496));
#1559 = B_SPLINE_CURVE_WITH_KNOTS('',3,(#1560,#1561,#1562,#1563,#1564,
    #1565),.UNSPECIFIED.,.F.,.F.,(4,1,1,4),(-2.275356952594,
    -1.625254966139,-0.975152979683,0.),.UNSPECIFIED.);
#1560 = CARTESIAN_POINT('',(54.936022573795,87.850453006788,
    7.733852925493));
#1561 = CARTESIAN_POINT('',(55.191065173913,87.869455949527,
    7.775934436028));
#1562 = CARTESIAN_POINT('',(55.683876148905,88.039948304533,
    7.826271732871));
#1563 = CARTESIAN_POINT('',(56.330339767195,88.651037002091,
    7.814497054257));
#1564 = CARTESIAN_POINT('',(56.543052201912,89.25728885609,
    7.728124168507));
#1565 = CARTESIAN_POINT('',(56.55060535932,89.627640972169,
    7.647639001457));
#1566 = ORIENTED_EDGE('',*,*,#1567,.F.);
#1567 = EDGE_CURVE('',#1545,#1557,#1568,.T.);
#1568 = CIRCLE('',#1569,0.25);
#1569 = AXIS2_PLACEMENT_3D('',#1570,#1571,#1572);
#1570 = CARTESIAN_POINT('',(54.936022573795,88.078298927292,
    7.63096348723));
#1571 = DIRECTION('',(0.992793420173,4.932039301013E-02,0.109218696632)
  );
#1572 = DIRECTION('',(-0.115669662008,0.156088073013,0.980947013224));
#1573 = B_SPLINE_SURFACE_WITH_KNOTS('',3,3,(
    (#1574,#1575,#1576,#1577,#1578,#1579)
    ,(#1580,#1581,#1582,#1583,#1584,#1585)
    ,(#1586,#1587,#1588,#1589,#1590,#1591)
    ,(#1592,#1593,#1594,#1595,#1596,#1597)
    ,(#1598,#1599,#1600,#1601,#1602,#1603
    )),.UNSPECIFIED.,.F.,.F.,.F.,(4,1,4),(4,1,1,4),(0.,0.571428571429,1.
    ),(0.,0.975152979683,1.625254966139,2.275356952594),.UNSPECIFIED.);
#1574 = CARTESIAN_POINT('',(56.280006468736,89.653557539947,
    7.810239759692));
#1575 = CARTESIAN_POINT('',(56.279950192602,89.332543782286,
    7.86131139958));
#1576 = CARTESIAN_POINT('',(56.104793747443,88.796831808206,7.9212543165
    ));
#1577 = CARTESIAN_POINT('',(55.543216447277,88.264559164243,
    7.93036272332));
#1578 = CARTESIAN_POINT('',(55.121333898402,88.127992050235,
    7.899763321397));
#1579 = CARTESIAN_POINT('',(54.907105158294,88.117320945552,
    7.876200240536));
#1580 = CARTESIAN_POINT('',(56.34471347577,89.654973486329,
    7.819211382839));
#1581 = CARTESIAN_POINT('',(56.340358395828,89.319763210769,
    7.871804826087));
#1582 = CARTESIAN_POINT('',(56.154552251595,88.767047033893,
    7.932697754602));
#1583 = CARTESIAN_POINT('',(55.572742432374,88.215841222205,
    7.941691107015));
#1584 = CARTESIAN_POINT('',(55.134039656536,88.070052342329,
    7.910414395284));
#1585 = CARTESIAN_POINT('',(54.90905416006,88.055957066586,
    7.886194266578));
#1586 = CARTESIAN_POINT('',(56.463797330151,89.650087781149,
    7.788633755706));
#1587 = CARTESIAN_POINT('',(56.451366584297,89.291380541494,
    7.850633784271));
#1588 = CARTESIAN_POINT('',(56.246045063122,88.709612913204,
    7.918662974161));
#1589 = CARTESIAN_POINT('',(55.628593878162,88.125562226895,
    7.928270810875));
#1590 = CARTESIAN_POINT('',(55.160676017553,87.963020947027,
    7.891500328352));
#1591 = CARTESIAN_POINT('',(54.917374315999,87.942480161706,
    7.861807686152));
#1592 = CARTESIAN_POINT('',(56.534351087364,89.634907660242,
    7.693296234846));
#1593 = CARTESIAN_POINT('',(56.523659106784,89.265906139459,
    7.769021258546));
#1594 = CARTESIAN_POINT('',(56.310930630963,88.665221018746,
    7.850031018287));
#1595 = CARTESIAN_POINT('',(55.670649085205,88.060016146526,
    7.861165530938));
#1596 = CARTESIAN_POINT('',(55.183463385743,87.890132880195,
    7.814762432853));
#1597 = CARTESIAN_POINT('',(54.930431852226,87.869514714257,
    7.77606456896));
#1598 = CARTESIAN_POINT('',(56.55060535932,89.627640972169,
    7.647639001457));
#1599 = CARTESIAN_POINT('',(56.543052201912,89.25728885609,
    7.728124168507));
#1600 = CARTESIAN_POINT('',(56.330339767195,88.651037002091,
    7.814497054257));
#1601 = CARTESIAN_POINT('',(55.683876148905,88.039948304533,
    7.826271732871));
#1602 = CARTESIAN_POINT('',(55.191065173913,87.869455949527,
    7.775934436028));
#1603 = CARTESIAN_POINT('',(54.936022573795,87.850453006788,
    7.733852925493));
#1604 = ADVANCED_FACE('',(#1605),#1633,.F.);
#1605 = FACE_BOUND('',#1606,.F.);
#1606 = EDGE_LOOP('',(#1607,#1616,#1625,#1632));
#1607 = ORIENTED_EDGE('',*,*,#1608,.F.);
#1608 = EDGE_CURVE('',#1609,#1481,#1611,.T.);
#1609 = VERTEX_POINT('',#1610);
#1610 = CARTESIAN_POINT('',(41.200600133885,101.66610181718,
    5.731603685808));
#1611 = B_SPLINE_CURVE_WITH_KNOTS('',3,(#1612,#1613,#1614,#1615),
  .UNSPECIFIED.,.F.,.F.,(4,4),(0.,13.894015367841),
  .PIECEWISE_BEZIER_KNOTS.);
#1612 = CARTESIAN_POINT('',(41.200600133889,101.66610181718,
    5.731603685807));
#1613 = CARTESIAN_POINT('',(45.778545973077,101.71524146581,
    5.176329762283));
#1614 = CARTESIAN_POINT('',(50.424169091726,101.71524146581,
    5.176329762282));
#1615 = CARTESIAN_POINT('',(55.002114930914,101.66610181718,
    5.731603685803));
#1616 = ORIENTED_EDGE('',*,*,#1617,.F.);
#1617 = EDGE_CURVE('',#1618,#1609,#1620,.T.);
#1618 = VERTEX_POINT('',#1619);
#1619 = CARTESIAN_POINT('',(41.171279024737,101.87613591311,
    5.508202623298));
#1620 = CIRCLE('',#1621,0.25);
#1621 = AXIS2_PLACEMENT_3D('',#1622,#1623,#1624);
#1622 = CARTESIAN_POINT('',(41.171279024737,101.62708723859,
    5.486413687611));
#1623 = DIRECTION('',(0.992671435292,1.053230238712E-02,-0.120384767154)
  );
#1624 = DIRECTION('',(-5.724587470723E-17,0.996194698092,
    8.715574274718E-02));
#1625 = ORIENTED_EDGE('',*,*,#1626,.F.);
#1626 = EDGE_CURVE('',#1492,#1618,#1627,.T.);
#1627 = B_SPLINE_CURVE_WITH_KNOTS('',3,(#1628,#1629,#1630,#1631),
  .UNSPECIFIED.,.F.,.F.,(4,4),(-13.89401536784,0.),
  .PIECEWISE_BEZIER_KNOTS.);
#1628 = CARTESIAN_POINT('',(55.031436040063,101.87613591311,
    5.508202623293));
#1629 = CARTESIAN_POINT('',(50.43403864768,101.92491457019,
    4.950660021666));
#1630 = CARTESIAN_POINT('',(45.768676417123,101.92491457019,
    4.950660021667));
#1631 = CARTESIAN_POINT('',(41.17127902474,101.87613591311,
    5.508202623297));
#1632 = ORIENTED_EDGE('',*,*,#1491,.T.);
#1633 = B_SPLINE_SURFACE_WITH_KNOTS('',3,3,(
    (#1634,#1635,#1636,#1637)
    ,(#1638,#1639,#1640,#1641)
    ,(#1642,#1643,#1644,#1645)
    ,(#1646,#1647,#1648,#1649)
    ,(#1650,#1651,#1652,#1653
  )),.UNSPECIFIED.,.F.,.F.,.F.,(4,1,4),(4,4),(0.,0.571428571429,1.),(0.,
    13.894015367841),.UNSPECIFIED.);
#1634 = CARTESIAN_POINT('',(41.200600133889,101.66610181718,
    5.731603685807));
#1635 = CARTESIAN_POINT('',(45.778545973077,101.71524146581,
    5.176329762283));
#1636 = CARTESIAN_POINT('',(50.424169091726,101.71524146581,
    5.176329762282));
#1637 = CARTESIAN_POINT('',(55.002114930914,101.66610181718,
    5.731603685803));
#1638 = CARTESIAN_POINT('',(41.198759599567,101.72853609592,
    5.721889257876));
#1639 = CARTESIAN_POINT('',(45.777881572652,101.77755693742,
    5.166342350064));
#1640 = CARTESIAN_POINT('',(50.42483349215,101.77755693742,
    5.166342350064));
#1641 = CARTESIAN_POINT('',(55.003955465236,101.72853609592,
    5.721889257872));
#1642 = CARTESIAN_POINT('',(41.190387008261,101.83028971366,
    5.661752643208));
#1643 = CARTESIAN_POINT('',(45.77509262133,101.87907251057,
    5.105484886304));
#1644 = CARTESIAN_POINT('',(50.427622443469,101.87907251057,
    5.105484886304));
#1645 = CARTESIAN_POINT('',(55.012328056539,101.83028971366,
    5.661752643204));
#1646 = CARTESIAN_POINT('',(41.177008175808,101.87203420741,
    5.555085333977));
#1647 = CARTESIAN_POINT('',(45.770602670869,101.92077893584,
    4.997921957601));
#1648 = CARTESIAN_POINT('',(50.432112393934,101.92077893584,
    4.997921957601));
#1649 = CARTESIAN_POINT('',(55.025706888995,101.87203420741,
    5.555085333973));
#1650 = CARTESIAN_POINT('',(41.17127902474,101.87613591311,
    5.508202623297));
#1651 = CARTESIAN_POINT('',(45.768676417123,101.92491457019,
    4.950660021667));
#1652 = CARTESIAN_POINT('',(50.43403864768,101.92491457019,
    4.950660021666));
#1653 = CARTESIAN_POINT('',(55.031436040063,101.87613591311,
    5.508202623293));
#1654 = ADVANCED_FACE('',(#1655),#1683,.F.);
#1655 = FACE_BOUND('',#1656,.F.);
#1656 = EDGE_LOOP('',(#1657,#1666,#1667,#1676));
#1657 = ORIENTED_EDGE('',*,*,#1658,.F.);
#1658 = EDGE_CURVE('',#1545,#1659,#1661,.T.);
#1659 = VERTEX_POINT('',#1660);
#1660 = CARTESIAN_POINT('',(41.295609906545,88.117320945545,
    7.876200240536));
#1661 = B_SPLINE_CURVE_WITH_KNOTS('',3,(#1662,#1663,#1664,#1665),
  .UNSPECIFIED.,.F.,.F.,(4,4),(0.,13.702166455558),
  .PIECEWISE_BEZIER_KNOTS.);
#1662 = CARTESIAN_POINT('',(54.90710515829,88.117320945537,
    7.876200240535));
#1663 = CARTESIAN_POINT('',(50.39181691486,87.892406615661,
    7.379562385408));
#1664 = CARTESIAN_POINT('',(45.810898149972,87.892406615661,
    7.379562385409));
#1665 = CARTESIAN_POINT('',(41.295609906545,88.117320945537,
    7.876200240536));
#1666 = ORIENTED_EDGE('',*,*,#1567,.T.);
#1667 = ORIENTED_EDGE('',*,*,#1668,.F.);
#1668 = EDGE_CURVE('',#1669,#1557,#1671,.T.);
#1669 = VERTEX_POINT('',#1670);
#1670 = CARTESIAN_POINT('',(41.266692491026,87.85045300678,
    7.733852925503));
#1671 = B_SPLINE_CURVE_WITH_KNOTS('',3,(#1672,#1673,#1674,#1675),
  .UNSPECIFIED.,.F.,.F.,(4,4),(-13.70216645555,0.),
  .PIECEWISE_BEZIER_KNOTS.);
#1672 = CARTESIAN_POINT('',(41.266692491045,87.850453006773,
    7.733852925494));
#1673 = CARTESIAN_POINT('',(45.801166057437,87.625187595229,
    7.235008671722));
#1674 = CARTESIAN_POINT('',(50.401549007391,87.625187595229,
    7.235008671721));
#1675 = CARTESIAN_POINT('',(54.936022573791,87.850453006773,
    7.733852925494));
#1676 = ORIENTED_EDGE('',*,*,#1677,.F.);
#1677 = EDGE_CURVE('',#1659,#1669,#1678,.T.);
#1678 = CIRCLE('',#1679,0.25);
#1679 = AXIS2_PLACEMENT_3D('',#1680,#1681,#1682);
#1680 = CARTESIAN_POINT('',(41.266692491045,88.078298927292,
    7.63096348723));
#1681 = DIRECTION('',(0.992793420171,-4.932039307859E-02,-0.109218696621
    ));
#1682 = DIRECTION('',(0.115669662008,0.156088073013,0.980947013224));
#1683 = B_SPLINE_SURFACE_WITH_KNOTS('',3,3,(
    (#1684,#1685,#1686,#1687)
    ,(#1688,#1689,#1690,#1691)
    ,(#1692,#1693,#1694,#1695)
    ,(#1696,#1697,#1698,#1699)
    ,(#1700,#1701,#1702,#1703
  )),.UNSPECIFIED.,.F.,.F.,.F.,(4,1,4),(4,4),(0.,0.571428571429,1.),(0.,
    13.702166455558),.UNSPECIFIED.);
#1684 = CARTESIAN_POINT('',(54.90710515829,88.117320945537,
    7.876200240535));
#1685 = CARTESIAN_POINT('',(50.39181691486,87.892406615661,
    7.379562385408));
#1686 = CARTESIAN_POINT('',(45.810898149972,87.892406615661,
    7.379562385409));
#1687 = CARTESIAN_POINT('',(41.295609906545,88.117320945537,
    7.876200240536));
#1688 = CARTESIAN_POINT('',(54.909054160056,88.055957066572,
    7.886194266577));
#1689 = CARTESIAN_POINT('',(50.392515639534,87.831070497836,
    7.389246803792));
#1690 = CARTESIAN_POINT('',(45.810199425294,87.831070497836,
    7.389246803793));
#1691 = CARTESIAN_POINT('',(41.293660904779,88.055957066572,
    7.886194266577));
#1692 = CARTESIAN_POINT('',(54.917376765137,87.94249530002,
    7.861778587449));
#1693 = CARTESIAN_POINT('',(50.395290224224,87.717615565831,
    7.364080159459));
#1694 = CARTESIAN_POINT('',(45.807424840597,87.717615565838,
    7.36408015946));
#1695 = CARTESIAN_POINT('',(41.285338299687,87.94249530002,
    7.861778587449));
#1696 = CARTESIAN_POINT('',(54.930431852223,87.869514714242,
    7.776064568961));
#1697 = CARTESIAN_POINT('',(50.39967008989,87.644398473094,
    7.277548841768));
#1698 = CARTESIAN_POINT('',(45.803044974939,87.644398473094,
    7.277548841769));
#1699 = CARTESIAN_POINT('',(41.272283212613,87.869514714242,
    7.776064568961));
#1700 = CARTESIAN_POINT('',(54.936022573791,87.850453006773,
    7.733852925494));
#1701 = CARTESIAN_POINT('',(50.401549007391,87.625187595229,
    7.235008671721));
#1702 = CARTESIAN_POINT('',(45.801166057437,87.625187595229,
    7.235008671722));
#1703 = CARTESIAN_POINT('',(41.266692491045,87.850453006773,
    7.733852925494));
#1704 = ADVANCED_FACE('',(#1705),#1739,.F.);
#1705 = FACE_BOUND('',#1706,.F.);
#1706 = EDGE_LOOP('',(#1707,#1719,#1728,#1738));
#1707 = ORIENTED_EDGE('',*,*,#1708,.F.);
#1708 = EDGE_CURVE('',#1709,#1609,#1711,.T.);
#1709 = VERTEX_POINT('',#1710);
#1710 = CARTESIAN_POINT('',(39.895277475036,100.18876982585,
    6.137784601935));
#1711 = B_SPLINE_CURVE_WITH_KNOTS('',3,(#1712,#1713,#1714,#1715,#1716,
    #1717,#1718),.UNSPECIFIED.,.F.,.F.,(4,1,1,1,4),(0.,0.633887464326,
    1.267774928652,1.901662392978,2.218606125141),.UNSPECIFIED.);
#1712 = CARTESIAN_POINT('',(39.895277475032,100.18876982585,
    6.137784601935));
#1713 = CARTESIAN_POINT('',(39.895213882741,100.3974418808,6.10458981985
    ));
#1714 = CARTESIAN_POINT('',(39.980914023978,100.81185002572,
    6.026343303813));
#1715 = CARTESIAN_POINT('',(40.332114011955,101.33651683691,
    5.893941177136));
#1716 = CARTESIAN_POINT('',(40.784078828274,101.6150826851,
    5.790403094682));
#1717 = CARTESIAN_POINT('',(41.096170190383,101.66498086668,
    5.744270332923));
#1718 = CARTESIAN_POINT('',(41.200600133867,101.66610181719,
    5.731603685809));
#1719 = ORIENTED_EDGE('',*,*,#1720,.F.);
#1720 = EDGE_CURVE('',#1721,#1709,#1723,.T.);
#1721 = VERTEX_POINT('',#1722);
#1722 = CARTESIAN_POINT('',(39.638463389569,100.16787843043,
    6.006949139361));
#1723 = CIRCLE('',#1724,0.25);
#1724 = AXIS2_PLACEMENT_3D('',#1725,#1726,#1727);
#1725 = CARTESIAN_POINT('',(39.860410089452,100.14986807595,
    5.893303683914));
#1726 = DIRECTION('',(-3.022421055497E-04,0.987582525381,-0.157100809076
    ));
#1727 = DIRECTION('',(-0.887786799521,7.204141792126E-02,0.454581821788)
  );
#1728 = ORIENTED_EDGE('',*,*,#1729,.F.);
#1729 = EDGE_CURVE('',#1618,#1721,#1730,.T.);
#1730 = B_SPLINE_CURVE_WITH_KNOTS('',3,(#1731,#1732,#1733,#1734,#1735,
    #1736,#1737),.UNSPECIFIED.,.F.,.F.,(4,1,1,1,4),(-2.218606125141,
    -1.901662392978,-1.267774928652,-0.633887464326,0.),.UNSPECIFIED.);
#1731 = CARTESIAN_POINT('',(41.171279024715,101.87613591311,
    5.508202623302));
#1732 = CARTESIAN_POINT('',(41.044480355082,101.87357128479,
    5.537516459112));
#1733 = CARTESIAN_POINT('',(40.67243484762,101.80619536429,
    5.624653422661));
#1734 = CARTESIAN_POINT('',(40.15569550755,101.47619453161,
    5.761585818882));
#1735 = CARTESIAN_POINT('',(39.753774815534,100.88239729883,
    5.90783956428));
#1736 = CARTESIAN_POINT('',(39.645191500196,100.41072634999,
    5.981602809814));
#1737 = CARTESIAN_POINT('',(39.638463389569,100.16787843043,
    6.006949139362));
#1738 = ORIENTED_EDGE('',*,*,#1617,.T.);
#1739 = B_SPLINE_SURFACE_WITH_KNOTS('',3,3,(
    (#1740,#1741,#1742,#1743,#1744,#1745,#1746)
    ,(#1747,#1748,#1749,#1750,#1751,#1752,#1753)
    ,(#1754,#1755,#1756,#1757,#1758,#1759,#1760)
    ,(#1761,#1762,#1763,#1764,#1765,#1766,#1767)
    ,(#1768,#1769,#1770,#1771,#1772,#1773,#1774
  )),.UNSPECIFIED.,.F.,.F.,.F.,(4,1,4),(4,1,1,1,4),(0.,0.571428571429,1.
    ),(0.,0.633887464326,1.267774928652,1.901662392978,2.218606125141),
  .UNSPECIFIED.);
#1740 = CARTESIAN_POINT('',(39.895277475032,100.18876982585,
    6.137784601935));
#1741 = CARTESIAN_POINT('',(39.895213882741,100.3974418808,6.10458981985
    ));
#1742 = CARTESIAN_POINT('',(39.980914023978,100.81185002572,
    6.026343303813));
#1743 = CARTESIAN_POINT('',(40.332114011955,101.33651683691,
    5.893941177136));
#1744 = CARTESIAN_POINT('',(40.784078828274,101.6150826851,
    5.790403094682));
#1745 = CARTESIAN_POINT('',(41.096170190383,101.66498086668,
    5.744270332923));
#1746 = CARTESIAN_POINT('',(41.200600133867,101.66610181719,
    5.731603685809));
#1747 = CARTESIAN_POINT('',(39.837163459917,100.19003837075,
    6.145870857389));
#1748 = CARTESIAN_POINT('',(39.839899519182,100.40664468216,
    6.11095461993));
#1749 = CARTESIAN_POINT('',(39.932030274398,100.83349278518,
    6.029627420005));
#1750 = CARTESIAN_POINT('',(40.2950893165,101.37370619164,5.892792564432
    ));
#1751 = CARTESIAN_POINT('',(40.761355574505,101.66591118988,
    5.784974104317));
#1752 = CARTESIAN_POINT('',(41.088209939731,101.72470036802,
    5.735653928949));
#1753 = CARTESIAN_POINT('',(41.198759599542,101.72853609594,
    5.721889257874));
#1754 = CARTESIAN_POINT('',(39.730632533166,100.18637401326,
    6.12304056575));
#1755 = CARTESIAN_POINT('',(39.738646188784,100.41738384195,
    6.089005966709));
#1756 = CARTESIAN_POINT('',(39.842627545284,100.86678284878,
    6.006740124648));
#1757 = CARTESIAN_POINT('',(40.226738955222,101.43440656524,
    5.863480768954));
#1758 = CARTESIAN_POINT('',(40.717791547355,101.74982450432,
    5.744428099553));
#1759 = CARTESIAN_POINT('',(41.069619269063,101.82255473508,
    5.681380937396));
#1760 = CARTESIAN_POINT('',(41.190387008239,101.83028971366,
    5.661752643205));
#1761 = CARTESIAN_POINT('',(39.658721831242,100.17402343767,
    6.045539512359));
#1762 = CARTESIAN_POINT('',(39.666805100587,100.41441020271,
    6.017479708086));
#1763 = CARTESIAN_POINT('',(39.775407811587,100.88065322911,
    5.94082326419));
#1764 = CARTESIAN_POINT('',(40.173415198384,101.46811392752,
    5.794970277209));
#1765 = CARTESIAN_POINT('',(40.683556758122,101.79570110343,
    5.66296039003));
#1766 = CARTESIAN_POINT('',(41.0511599169,101.86701387701,5.582079313202
    ));
#1767 = CARTESIAN_POINT('',(41.177008175782,101.87203420741,
    5.55508533398));
#1768 = CARTESIAN_POINT('',(39.638463389569,100.16787843043,
    6.006949139362));
#1769 = CARTESIAN_POINT('',(39.645191500196,100.41072634999,
    5.981602809814));
#1770 = CARTESIAN_POINT('',(39.753774815534,100.88239729883,
    5.90783956428));
#1771 = CARTESIAN_POINT('',(40.15569550755,101.47619453161,
    5.761585818882));
#1772 = CARTESIAN_POINT('',(40.67243484762,101.80619536429,
    5.624653422661));
#1773 = CARTESIAN_POINT('',(41.044480355082,101.87357128479,
    5.537516459112));
#1774 = CARTESIAN_POINT('',(41.171279024715,101.87613591311,
    5.508202623302));
#1775 = ADVANCED_FACE('',(#1776),#1808,.F.);
#1776 = FACE_BOUND('',#1777,.F.);
#1777 = EDGE_LOOP('',(#1778,#1789,#1790,#1801));
#1778 = ORIENTED_EDGE('',*,*,#1779,.F.);
#1779 = EDGE_CURVE('',#1659,#1780,#1782,.T.);
#1780 = VERTEX_POINT('',#1781);
#1781 = CARTESIAN_POINT('',(39.922708596059,89.653557539947,
    7.810239759697));
#1782 = B_SPLINE_CURVE_WITH_KNOTS('',3,(#1783,#1784,#1785,#1786,#1787,
    #1788),.UNSPECIFIED.,.F.,.F.,(4,1,1,4),(0.,0.65010222095,
    0.975153331426,2.275357773327),.UNSPECIFIED.);
#1783 = CARTESIAN_POINT('',(41.295609906505,88.117320945545,
    7.87620024054));
#1784 = CARTESIAN_POINT('',(41.081381089127,88.127992054077,
    7.899763329901));
#1785 = CARTESIAN_POINT('',(40.765595670797,88.23022100309,
    7.922626818916));
#1786 = CARTESIAN_POINT('',(40.158435154855,88.689573961725,
    7.92940947617));
#1787 = CARTESIAN_POINT('',(39.922783630933,89.225539042018,
    7.87833530411));
#1788 = CARTESIAN_POINT('',(39.922708596059,89.653557539947,
    7.810239759697));
#1789 = ORIENTED_EDGE('',*,*,#1677,.T.);
#1790 = ORIENTED_EDGE('',*,*,#1791,.F.);
#1791 = EDGE_CURVE('',#1792,#1669,#1794,.T.);
#1792 = VERTEX_POINT('',#1793);
#1793 = CARTESIAN_POINT('',(39.652109705476,89.627640972169,
    7.64763900146));
#1794 = B_SPLINE_CURVE_WITH_KNOTS('',3,(#1795,#1796,#1797,#1798,#1799,
    #1800),.UNSPECIFIED.,.F.,.F.,(4,1,1,4),(-2.275357773327,
    -0.975153331426,-0.65010222095,0.),.UNSPECIFIED.);
#1795 = CARTESIAN_POINT('',(39.652109705476,89.627640972169,
    7.647639001461));
#1796 = CARTESIAN_POINT('',(39.662180585652,89.133837972615,
    7.754952596236));
#1797 = CARTESIAN_POINT('',(39.941602793391,88.530633813832,
    7.826456540785));
#1798 = CARTESIAN_POINT('',(40.642230240865,87.996915670745,
    7.813981055842));
#1799 = CARTESIAN_POINT('',(41.011649798893,87.869455956374,
    7.775934451213));
#1800 = CARTESIAN_POINT('',(41.266692491004,87.85045300678,
    7.733852925499));
#1801 = ORIENTED_EDGE('',*,*,#1802,.F.);
#1802 = EDGE_CURVE('',#1780,#1792,#1803,.T.);
#1803 = CIRCLE('',#1804,0.25);
#1804 = AXIS2_PLACEMENT_3D('',#1805,#1806,#1807);
#1805 = CARTESIAN_POINT('',(39.887957764477,89.614653214754,
    7.565742657086));
#1806 = DIRECTION('',(1.738657966931E-04,-0.987579701697,0.157118753073)
  );
#1807 = DIRECTION('',(0.139003326328,0.15561730079,0.977988410445));
#1808 = B_SPLINE_SURFACE_WITH_KNOTS('',3,3,(
    (#1809,#1810,#1811,#1812,#1813,#1814)
    ,(#1815,#1816,#1817,#1818,#1819,#1820)
    ,(#1821,#1822,#1823,#1824,#1825,#1826)
    ,(#1827,#1828,#1829,#1830,#1831,#1832)
    ,(#1833,#1834,#1835,#1836,#1837,#1838
    )),.UNSPECIFIED.,.F.,.F.,.F.,(4,1,4),(4,1,1,4),(0.,0.571428571429,1.
    ),(0.,0.65010222095,0.975153331426,2.275357773327),.UNSPECIFIED.);
#1809 = CARTESIAN_POINT('',(41.295609906505,88.117320945545,
    7.87620024054));
#1810 = CARTESIAN_POINT('',(41.081381089127,88.127992054077,
    7.899763329901));
#1811 = CARTESIAN_POINT('',(40.765595670797,88.23022100309,
    7.922626818916));
#1812 = CARTESIAN_POINT('',(40.158435154855,88.689573961725,
    7.92940947617));
#1813 = CARTESIAN_POINT('',(39.922783630933,89.225539042018,
    7.87833530411));
#1814 = CARTESIAN_POINT('',(39.922708596059,89.653557539947,
    7.810239759697));
#1815 = CARTESIAN_POINT('',(41.293660904739,88.055957066579,
    7.886194266582));
#1816 = CARTESIAN_POINT('',(41.068675327111,88.070052347408,
    7.910414404024));
#1817 = CARTESIAN_POINT('',(40.740167830958,88.179125576986,
    7.933805460068));
#1818 = CARTESIAN_POINT('',(40.110738947886,88.656915969201,
    7.940934733362));
#1819 = CARTESIAN_POINT('',(39.863808364371,89.208026291038,
    7.889335999136));
#1820 = CARTESIAN_POINT('',(39.858001589022,89.654973486329,
    7.819211382844));
#1821 = CARTESIAN_POINT('',(41.285340748796,87.942480161706,
    7.861807686156));
#1822 = CARTESIAN_POINT('',(41.042038959484,87.963020954434,
    7.891500339065));
#1823 = CARTESIAN_POINT('',(40.69143511941,88.084556992078,
    7.919151123576));
#1824 = CARTESIAN_POINT('',(40.023036669303,88.594513727345,
    7.927845761639));
#1825 = CARTESIAN_POINT('',(39.755492068423,89.17181128911,7.87130049028
    ));
#1826 = CARTESIAN_POINT('',(39.738917734641,89.650087781163,
    7.788633755709));
#1827 = CARTESIAN_POINT('',(41.272283212573,87.86951471425,
    7.776064568966));
#1828 = CARTESIAN_POINT('',(41.019251587786,87.890132887624,
    7.814762446817));
#1829 = CARTESIAN_POINT('',(40.654079155975,88.017140469005,
    7.84981149334));
#1830 = CARTESIAN_POINT('',(39.960441633004,88.546219076481,
    7.861150201069));
#1831 = CARTESIAN_POINT('',(39.682619956682,89.142905455068,
    7.794262969536));
#1832 = CARTESIAN_POINT('',(39.668363977431,89.634907660242,
    7.69329623485));
#1833 = CARTESIAN_POINT('',(41.266692491004,87.85045300678,
    7.733852925499));
#1834 = CARTESIAN_POINT('',(41.011649798893,87.869455956374,
    7.775934451213));
#1835 = CARTESIAN_POINT('',(40.642230240865,87.996915670745,
    7.813981055842));
#1836 = CARTESIAN_POINT('',(39.941602793391,88.530633813832,
    7.826456540785));
#1837 = CARTESIAN_POINT('',(39.662180585652,89.133837972615,
    7.754952596236));
#1838 = CARTESIAN_POINT('',(39.652109705476,89.627640972169,
    7.647639001461));
#1839 = ADVANCED_FACE('',(#1840),#1872,.F.);
#1840 = FACE_BOUND('',#1841,.F.);
#1841 = EDGE_LOOP('',(#1842,#1856,#1857,#1871));
#1842 = ORIENTED_EDGE('',*,*,#1843,.F.);
#1843 = EDGE_CURVE('',#1780,#1709,#1844,.T.);
#1844 = B_SPLINE_CURVE_WITH_KNOTS('',3,(#1845,#1846,#1847,#1848,#1849,
    #1850,#1851,#1852,#1853,#1854,#1855),.UNSPECIFIED.,.F.,.F.,(4,1,1,1,
    1,1,1,1,4),(1.567978642784E-14,0.76194099284,1.52388198568,
    3.04776397136,4.57164595704,7.6194099284,9.143291914081,
    9.905232906921,10.667173899761),.UNSPECIFIED.);
#1845 = CARTESIAN_POINT('',(39.922708596059,89.653557539954,
    7.810239759696));
#1846 = CARTESIAN_POINT('',(39.922664624402,89.904383355308,
    7.770334660893));
#1847 = CARTESIAN_POINT('',(39.921677218692,90.406054052248,
    7.690649278362));
#1848 = CARTESIAN_POINT('',(39.919713506202,91.409394765666,
    7.531277097837));
#1849 = CARTESIAN_POINT('',(39.916780482545,92.663580435226,
    7.332128437084));
#1850 = CARTESIAN_POINT('',(39.91167052255,94.670285499102,
    7.013548973613));
#1851 = CARTESIAN_POINT('',(39.905831556614,96.677004973353,
    6.695071496259));
#1852 = CARTESIAN_POINT('',(39.900101478717,98.43289644477,
    6.416490982378));
#1853 = CARTESIAN_POINT('',(39.897028737065,99.436258975911,
    6.257274215748));
#1854 = CARTESIAN_POINT('',(39.895353913795,99.937943296412,
    6.177685162593));
#1855 = CARTESIAN_POINT('',(39.895277475032,100.18876982585,
    6.137784601935));
#1856 = ORIENTED_EDGE('',*,*,#1802,.T.);
#1857 = ORIENTED_EDGE('',*,*,#1858,.F.);
#1858 = EDGE_CURVE('',#1721,#1792,#1859,.T.);
#1859 = B_SPLINE_CURVE_WITH_KNOTS('',3,(#1860,#1861,#1862,#1863,#1864,
    #1865,#1866,#1867,#1868,#1869,#1870),.UNSPECIFIED.,.F.,.F.,(4,1,1,1,
    1,1,1,1,4),(-10.66717389976,-9.905232906921,-9.143291914081,
    -7.6194099284,-4.57164595704,-3.04776397136,-1.52388198568,
    -0.76194099284,-1.567978642784E-14),.UNSPECIFIED.);
#1860 = CARTESIAN_POINT('',(39.638463389569,100.16787843043,
    6.006949139361));
#1861 = CARTESIAN_POINT('',(39.638144652352,99.915281691297,
    6.046357790777));
#1862 = CARTESIAN_POINT('',(39.638962174478,99.414043803074,
    6.124168064589));
#1863 = CARTESIAN_POINT('',(39.640178042249,98.409643907275,
    6.279740016992));
#1864 = CARTESIAN_POINT('',(39.642866806578,96.653160049267,
    6.551851382715));
#1865 = CARTESIAN_POINT('',(39.645874980772,94.645282434285,
    6.863759516628));
#1866 = CARTESIAN_POINT('',(39.648711161637,92.637943967486,
    7.176553988329));
#1867 = CARTESIAN_POINT('',(39.650440769739,91.383129058944,
    7.372514901193));
#1868 = CARTESIAN_POINT('',(39.651566900022,90.379765070924,
    7.529522009034));
#1869 = CARTESIAN_POINT('',(39.652222241988,89.877565237301,
    7.608328159987));
#1870 = CARTESIAN_POINT('',(39.652109705476,89.627640972176,
    7.64763900146));
#1871 = ORIENTED_EDGE('',*,*,#1720,.T.);
#1872 = B_SPLINE_SURFACE_WITH_KNOTS('',3,3,(
    (#1873,#1874,#1875,#1876,#1877,#1878,#1879,#1880,#1881,#1882,#1883)
    ,(#1884,#1885,#1886,#1887,#1888,#1889,#1890,#1891,#1892,#1893,#1894)
    ,(#1895,#1896,#1897,#1898,#1899,#1900,#1901,#1902,#1903,#1904,#1905)
    ,(#1906,#1907,#1908,#1909,#1910,#1911,#1912,#1913,#1914,#1915,#1916)
    ,(#1917,#1918,#1919,#1920,#1921,#1922,#1923,#1924,#1925,#1926,#1927
    )),.UNSPECIFIED.,.F.,.F.,.F.,(4,1,4),(4,1,1,1,1,1,1,1,4),(0.,
    0.571428571429,1.),(1.567978642784E-14,0.76194099284,1.52388198568,
    3.04776397136,4.57164595704,7.6194099284,9.143291914081,
    9.905232906921,10.667173899761),.UNSPECIFIED.);
#1873 = CARTESIAN_POINT('',(39.922708596059,89.653557539954,
    7.810239759696));
#1874 = CARTESIAN_POINT('',(39.922664624402,89.904383355308,
    7.770334660893));
#1875 = CARTESIAN_POINT('',(39.921677218692,90.406054052248,
    7.690649278362));
#1876 = CARTESIAN_POINT('',(39.919713506202,91.409394765666,
    7.531277097837));
#1877 = CARTESIAN_POINT('',(39.916780482545,92.663580435226,
    7.332128437084));
#1878 = CARTESIAN_POINT('',(39.91167052255,94.670285499102,
    7.013548973613));
#1879 = CARTESIAN_POINT('',(39.905831556614,96.677004973353,
    6.695071496259));
#1880 = CARTESIAN_POINT('',(39.900101478717,98.43289644477,
    6.416490982378));
#1881 = CARTESIAN_POINT('',(39.897028737065,99.436258975911,
    6.257274215748));
#1882 = CARTESIAN_POINT('',(39.895353913795,99.937943296412,
    6.177685162593));
#1883 = CARTESIAN_POINT('',(39.895277475032,100.18876982585,
    6.137784601935));
#1884 = CARTESIAN_POINT('',(39.858001589022,89.654973486337,
    7.819211382843));
#1885 = CARTESIAN_POINT('',(39.858047448626,89.905537245024,
    7.77933263044));
#1886 = CARTESIAN_POINT('',(39.857248892709,90.407306721536,
    7.699609086566));
#1887 = CARTESIAN_POINT('',(39.855754999422,91.410545724611,
    7.540182183542));
#1888 = CARTESIAN_POINT('',(39.853473166433,92.664751868637,
    7.340944105139));
#1889 = CARTESIAN_POINT('',(39.849539474722,94.671361706234,
    7.022214426463));
#1890 = CARTESIAN_POINT('',(39.845058067494,96.678087920547,
    6.703570960261));
#1891 = CARTESIAN_POINT('',(39.84067615759,98.433847102759,
    6.424822972763));
#1892 = CARTESIAN_POINT('',(39.83839613037,99.437303989493,6.26547068856
    ));
#1893 = CARTESIAN_POINT('',(39.837076899974,99.938804603364,
    6.185862924252));
#1894 = CARTESIAN_POINT('',(39.837163459917,100.19003837075,
    6.145870857389));
#1895 = CARTESIAN_POINT('',(39.738917734634,89.650087781156,
    7.788633755708));
#1896 = CARTESIAN_POINT('',(39.739132312326,89.900220431278,
    7.748942132207));
#1897 = CARTESIAN_POINT('',(39.73869567861,90.402204463433,
    7.669426820429));
#1898 = CARTESIAN_POINT('',(39.738089575312,91.405381144752,
    7.510620847201));
#1899 = CARTESIAN_POINT('',(39.737049067182,92.659773935273,
    7.312179521006));
#1900 = CARTESIAN_POINT('',(39.735349617928,94.666491559627,
    6.994906353015));
#1901 = CARTESIAN_POINT('',(39.733470961935,96.673525688886,
    6.677839092517));
#1902 = CARTESIAN_POINT('',(39.731651346687,98.429349473139,
    6.400652630687));
#1903 = CARTESIAN_POINT('',(39.73086945125,99.43314430974,6.242159428335
    ));
#1904 = CARTESIAN_POINT('',(39.730227230175,99.934400416612,
    6.162989260978));
#1905 = CARTESIAN_POINT('',(39.730620952043,100.18637767725,
    6.123063621003));
#1906 = CARTESIAN_POINT('',(39.668363977431,89.634907660249,
    7.693296234849));
#1907 = CARTESIAN_POINT('',(39.668542141022,89.884855097458,
    7.653886713935));
#1908 = CARTESIAN_POINT('',(39.668024310093,90.387009452679,
    7.574883833483));
#1909 = CARTESIAN_POINT('',(39.667234852379,91.390310528834,
    7.417384073508));
#1910 = CARTESIAN_POINT('',(39.665958155609,92.645013818445,
    7.220735212444));
#1911 = CARTESIAN_POINT('',(39.663903511333,94.652171245834,
    6.906689948119));
#1912 = CARTESIAN_POINT('',(39.661726289705,96.659814811443,
    6.593314986052));
#1913 = CARTESIAN_POINT('',(39.659775652686,98.416096737637,
    6.319739001917));
#1914 = CARTESIAN_POINT('',(39.658967359384,99.42033506307,
    6.163313741384));
#1915 = CARTESIAN_POINT('',(39.658324210584,99.921556452733,
    6.08510814502));
#1916 = CARTESIAN_POINT('',(39.658721831242,100.17402343767,
    6.045539512357));
#1917 = CARTESIAN_POINT('',(39.652109705476,89.627640972176,
    7.64763900146));
#1918 = CARTESIAN_POINT('',(39.652222241988,89.877565237301,
    7.608328159987));
#1919 = CARTESIAN_POINT('',(39.651566900022,90.379765070924,
    7.529522009034));
#1920 = CARTESIAN_POINT('',(39.650440769739,91.383129058944,
    7.372514901193));
#1921 = CARTESIAN_POINT('',(39.648711161637,92.637943967486,
    7.176553988329));
#1922 = CARTESIAN_POINT('',(39.645874980772,94.645282434285,
    6.863759516628));
#1923 = CARTESIAN_POINT('',(39.642866806578,96.653160049267,
    6.551851382715));
#1924 = CARTESIAN_POINT('',(39.640178042249,98.409643907275,
    6.279740016992));
#1925 = CARTESIAN_POINT('',(39.638962174478,99.414043803074,
    6.124168064589));
#1926 = CARTESIAN_POINT('',(39.638144652352,99.915281691297,
    6.046357790777));
#1927 = CARTESIAN_POINT('',(39.638463389569,100.16787843043,
    6.006949139361));
#1928 = ADVANCED_FACE('',(#1929),#1945,.T.);
#1929 = FACE_BOUND('',#1930,.T.);
#1930 = EDGE_LOOP('',(#1931,#1932,#1938,#1939));
#1931 = ORIENTED_EDGE('',*,*,#1729,.F.);
#1932 = ORIENTED_EDGE('',*,*,#1933,.T.);
#1933 = EDGE_CURVE('',#1618,#1341,#1934,.T.);
#1934 = LINE('',#1935,#1936);
#1935 = CARTESIAN_POINT('',(41.47010753239,101.84185808425,
    5.899999999999));
#1936 = VECTOR('',#1937,1.);
#1937 = DIRECTION('',(-0.604987123112,6.93964750271E-02,-0.793205339192)
  );
#1938 = ORIENTED_EDGE('',*,*,#1340,.F.);
#1939 = ORIENTED_EDGE('',*,*,#1940,.F.);
#1940 = EDGE_CURVE('',#1721,#1333,#1941,.T.);
#1941 = LINE('',#1942,#1943);
#1942 = CARTESIAN_POINT('',(39.72010753239,100.11360029098,
    6.174999999999));
#1943 = VECTOR('',#1944,1.);
#1944 = DIRECTION('',(-0.419638213192,0.278981206326,-0.863755322152));
#1945 = B_SPLINE_SURFACE_WITH_KNOTS('',3,3,(
    (#1946,#1947,#1948,#1949)
    ,(#1950,#1951,#1952,#1953)
    ,(#1954,#1955,#1956,#1957)
    ,(#1958,#1959,#1960,#1961)
    ,(#1962,#1963,#1964,#1965)
    ,(#1966,#1967,#1968,#1969)
    ,(#1970,#1971,#1972,#1973
    )),.UNSPECIFIED.,.F.,.F.,.F.,(4,1,1,1,4),(4,4),(0.,0.285714285714,
    0.571428571429,0.714285714286,1.),(2.528854464471E-02,1.),
  .UNSPECIFIED.);
#1946 = CARTESIAN_POINT('',(39.644241898455,100.16403679892,
    6.018843236818));
#1947 = CARTESIAN_POINT('',(38.669530443101,100.81203826563,
    4.012562157879));
#1948 = CARTESIAN_POINT('',(37.694818987744,101.46003973234,
    2.006281078941));
#1949 = CARTESIAN_POINT('',(36.72010753239,102.10804119905,
    2.056133041606E-12));
#1950 = CARTESIAN_POINT('',(39.644241898455,100.41699107824,
    5.978743701315));
#1951 = CARTESIAN_POINT('',(38.669582503208,100.99320003034,
    3.985818169431));
#1952 = CARTESIAN_POINT('',(37.694766927638,101.56923215949,
    1.992925531886));
#1953 = CARTESIAN_POINT('',(36.72010753239,102.14544111159,
    2.056133041606E-12));
#1954 = CARTESIAN_POINT('',(39.761135526664,100.92285021882,
    5.898552464297));
#1955 = CARTESIAN_POINT('',(38.753175707803,101.35526682534,
    3.932376593544));
#1956 = CARTESIAN_POINT('',(37.745136428526,101.78781702357,
    1.966175870755));
#1957 = CARTESIAN_POINT('',(36.737176609666,102.22023363009,
    2.055688952396E-12));
#1958 = CARTESIAN_POINT('',(40.170646329814,101.4294072227,
    5.818250598618));
#1959 = CARTESIAN_POINT('',(39.046138284717,101.7179196334,
    3.878845196474));
#1960 = CARTESIAN_POINT('',(37.921482367026,102.00661691871,
    1.939405402145));
#1961 = CARTESIAN_POINT('',(36.796974321929,102.29512932941,
    2.055688952396E-12));
#1962 = CARTESIAN_POINT('',(40.716498493126,101.76791973448,
    5.764587958391));
#1963 = CARTESIAN_POINT('',(39.436567161527,101.96032091596,
    3.843062108892));
#1964 = CARTESIAN_POINT('',(38.156612245759,102.15277805564,
    1.921525849501));
#1965 = CARTESIAN_POINT('',(36.87668091416,102.34517923712,
    2.054800773976E-12));
#1966 = CARTESIAN_POINT('',(41.100184429833,101.85491160399,
    5.750797586595));
#1967 = CARTESIAN_POINT('',(39.711082604539,102.02247594998,
    3.833892128607));
#1968 = CARTESIAN_POINT('',(38.32180944514,102.19047685306,1.91690545799
    ));
#1969 = CARTESIAN_POINT('',(36.932707619846,102.35804119905,
    2.056133041606E-12));
#1970 = CARTESIAN_POINT('',(41.356309081486,101.85491160399,
    5.750797586595));
#1971 = CARTESIAN_POINT('',(39.894241898452,102.02262146901,
    3.833865057731));
#1972 = CARTESIAN_POINT('',(38.432174715425,102.19033133403,
    1.916932528866));
#1973 = CARTESIAN_POINT('',(36.97010753239,102.35804119905,
    2.056133041606E-12));
#1974 = ADVANCED_FACE('',(#1975),#1986,.T.);
#1975 = FACE_BOUND('',#1976,.T.);
#1976 = EDGE_LOOP('',(#1977,#1978,#1984,#1985));
#1977 = ORIENTED_EDGE('',*,*,#1626,.F.);
#1978 = ORIENTED_EDGE('',*,*,#1979,.T.);
#1979 = EDGE_CURVE('',#1492,#1350,#1980,.T.);
#1980 = LINE('',#1981,#1982);
#1981 = CARTESIAN_POINT('',(54.732607532402,101.84185808425,
    5.899999999999));
#1982 = VECTOR('',#1983,1.);
#1983 = DIRECTION('',(0.604987123112,6.93964750271E-02,-0.793205339192)
  );
#1984 = ORIENTED_EDGE('',*,*,#1349,.F.);
#1985 = ORIENTED_EDGE('',*,*,#1933,.F.);
#1986 = PLANE('',#1987);
#1987 = AXIS2_PLACEMENT_3D('',#1988,#1989,#1990);
#1988 = CARTESIAN_POINT('',(46.232607532402,101.84185808425,
    5.899999999999));
#1989 = DIRECTION('',(7.651222648233E-18,0.996194698092,
    8.715574274718E-02));
#1990 = DIRECTION('',(0.,-8.715574274718E-02,0.996194698092));
#1991 = ADVANCED_FACE('',(#1992),#2003,.T.);
#1992 = FACE_BOUND('',#1993,.T.);
#1993 = EDGE_LOOP('',(#1994,#1995,#2001,#2002));
#1994 = ORIENTED_EDGE('',*,*,#1500,.F.);
#1995 = ORIENTED_EDGE('',*,*,#1996,.T.);
#1996 = EDGE_CURVE('',#1396,#1297,#1997,.T.);
#1997 = LINE('',#1998,#1999);
#1998 = CARTESIAN_POINT('',(56.482607532402,100.11360029098,
    6.174999999999));
#1999 = VECTOR('',#2000,1.);
#2000 = DIRECTION('',(0.419638213192,0.278981206326,-0.863755322152));
#2001 = ORIENTED_EDGE('',*,*,#1357,.F.);
#2002 = ORIENTED_EDGE('',*,*,#1979,.F.);
#2003 = B_SPLINE_SURFACE_WITH_KNOTS('',3,3,(
    (#2004,#2005,#2006,#2007)
    ,(#2008,#2009,#2010,#2011)
    ,(#2012,#2013,#2014,#2015)
    ,(#2016,#2017,#2018,#2019)
    ,(#2020,#2021,#2022,#2023)
    ,(#2024,#2025,#2026,#2027)
    ,(#2028,#2029,#2030,#2031
    )),.UNSPECIFIED.,.F.,.F.,.F.,(4,1,1,1,4),(4,4),(0.,0.285714285714,
    0.571428571429,0.714285714286,1.),(2.490286518626E-02,1.),
  .UNSPECIFIED.);
#2004 = CARTESIAN_POINT('',(54.844670425737,101.85471252277,5.7530730954
    ));
#2005 = CARTESIAN_POINT('',(56.307316127957,102.02248874819,
    3.835382063601));
#2006 = CARTESIAN_POINT('',(57.769961830181,102.19026497362,
    1.917691031801));
#2007 = CARTESIAN_POINT('',(59.232607532402,102.35804119905,
    2.054356684766E-12));
#2008 = CARTESIAN_POINT('',(55.100881623657,101.85471252277,5.7530730954
    ));
#2009 = CARTESIAN_POINT('',(56.490650062304,102.02243742238,
    3.835391611731));
#2010 = CARTESIAN_POINT('',(57.880239006299,102.19031629944,
    1.917681483671));
#2011 = CARTESIAN_POINT('',(59.270007444946,102.35804119905,
    2.054356684766E-12));
#2012 = CARTESIAN_POINT('',(55.613253965184,101.7392269053,
    5.771381504579));
#2013 = CARTESIAN_POINT('',(56.857057427882,101.93978253092,
    3.847592527555));
#2014 = CARTESIAN_POINT('',(58.100996500751,102.14041649615,
    1.923788977026));
#2015 = CARTESIAN_POINT('',(59.344799963448,102.34097212177,
    2.053024417137E-12));
#2016 = CARTESIAN_POINT('',(56.126333155316,101.33464875427,
    5.835520940267));
#2017 = CARTESIAN_POINT('',(57.224058101812,101.65010871039,
    3.890356333745));
#2018 = CARTESIAN_POINT('',(58.321970716261,101.96571445338,
    1.945164606523));
#2019 = CARTESIAN_POINT('',(59.419695662757,102.2811744095,
    2.053468506347E-12));
#2020 = CARTESIAN_POINT('',(56.469204192686,100.79537150621,
    5.921014776948));
#2021 = CARTESIAN_POINT('',(57.469365717388,101.26406252606,
    3.947344626457));
#2022 = CARTESIAN_POINT('',(58.469584045768,101.73277679742,
    1.973670150493));
#2023 = CARTESIAN_POINT('',(59.46974557047,102.20146781727,
    2.053468506347E-12));
#2024 = CARTESIAN_POINT('',(56.557316127961,100.41630715515,
    5.981109405155));
#2025 = CARTESIAN_POINT('',(57.532265545025,100.9926288348,
    3.987416744665));
#2026 = CARTESIAN_POINT('',(58.507658115337,101.56911943194,
    1.993692660492));
#2027 = CARTESIAN_POINT('',(59.482607532402,102.14544111159,
    2.054356684766E-12));
#2028 = CARTESIAN_POINT('',(56.557316127961,100.16326758403,
    6.021224807474));
#2029 = CARTESIAN_POINT('',(57.532413262776,100.81152545571,
    4.01414987165));
#2030 = CARTESIAN_POINT('',(58.507510397587,101.45978332738,
    2.007074935826));
#2031 = CARTESIAN_POINT('',(59.482607532402,102.10804119905,
    2.054356684766E-12));
#2032 = ADVANCED_FACE('',(#2033),#2044,.T.);
#2033 = FACE_BOUND('',#2034,.T.);
#2034 = EDGE_LOOP('',(#2035,#2036,#2037,#2038));
#2035 = ORIENTED_EDGE('',*,*,#1296,.F.);
#2036 = ORIENTED_EDGE('',*,*,#1996,.F.);
#2037 = ORIENTED_EDGE('',*,*,#1404,.F.);
#2038 = ORIENTED_EDGE('',*,*,#2039,.T.);
#2039 = EDGE_CURVE('',#1405,#1299,#2040,.T.);
#2040 = LINE('',#2041,#2042);
#2041 = CARTESIAN_POINT('',(56.482607532402,89.744053531373,
    7.824999999995));
#2042 = VECTOR('',#2043,1.);
#2043 = DIRECTION('',(0.305219238612,-0.522536591191,-0.796113514046));
#2044 = B_SPLINE_SURFACE_WITH_KNOTS('',3,3,(
    (#2045,#2046,#2047,#2048)
    ,(#2049,#2050,#2051,#2052)
    ,(#2053,#2054,#2055,#2056)
    ,(#2057,#2058,#2059,#2060
    )),.UNSPECIFIED.,.F.,.F.,.F.,(4,4),(4,4),(0.,1.),(2.263516671481E-02
    ,1.),.PIECEWISE_BEZIER_KNOTS.);
#2045 = CARTESIAN_POINT('',(56.550513032544,100.15874479344,
    6.035227845535));
#2046 = CARTESIAN_POINT('',(57.527877865829,100.80851026198,
    4.023485230357));
#2047 = CARTESIAN_POINT('',(58.505242699117,101.45827573051,
    2.01174261518));
#2048 = CARTESIAN_POINT('',(59.482607532402,102.10804119905,
    2.054356684766E-12));
#2049 = CARTESIAN_POINT('',(56.550513032544,99.271351064235,
    6.175958278791));
#2050 = CARTESIAN_POINT('',(57.527877865829,100.17328121121,
    4.117305519194));
#2051 = CARTESIAN_POINT('',(58.505242699117,101.07521135818,
    2.058652759598));
#2052 = CARTESIAN_POINT('',(59.482607532402,101.97714150515,
    2.054356684766E-12));
#2053 = CARTESIAN_POINT('',(56.550513032544,90.51519276519,
    7.507149387196));
#2054 = CARTESIAN_POINT('',(57.527877865829,88.589775474444,
    5.004766258132));
#2055 = CARTESIAN_POINT('',(58.505242699117,86.664358183698,
    2.502383129067));
#2056 = CARTESIAN_POINT('',(59.482607532402,84.738940892952,
    2.054356684766E-12));
#2057 = CARTESIAN_POINT('',(56.550513032544,89.627799035981,
    7.647879820452));
#2058 = CARTESIAN_POINT('',(57.527877865829,87.954546423673,
    5.098586546969));
#2059 = CARTESIAN_POINT('',(58.505242699117,86.281293811364,
    2.549293273485));
#2060 = CARTESIAN_POINT('',(59.482607532402,84.608041199055,
    2.054356684766E-12));
#2061 = ADVANCED_FACE('',(#2062),#2072,.T.);
#2062 = FACE_BOUND('',#2063,.T.);
#2063 = EDGE_LOOP('',(#2064,#2065,#2066,#2067,#2068,#2069,#2070,#2071));
#2064 = ORIENTED_EDGE('',*,*,#1378,.F.);
#2065 = ORIENTED_EDGE('',*,*,#1480,.F.);
#2066 = ORIENTED_EDGE('',*,*,#1608,.F.);
#2067 = ORIENTED_EDGE('',*,*,#1708,.F.);
#2068 = ORIENTED_EDGE('',*,*,#1843,.F.);
#2069 = ORIENTED_EDGE('',*,*,#1779,.F.);
#2070 = ORIENTED_EDGE('',*,*,#1658,.F.);
#2071 = ORIENTED_EDGE('',*,*,#1544,.F.);
#2072 = ( BOUNDED_SURFACE() B_SPLINE_SURFACE(1,2,(
    (#2073,#2074,#2075)
    ,(#2076,#2077,#2078
)),.UNSPECIFIED.,.F.,.F.,.F.) B_SPLINE_SURFACE_WITH_KNOTS((2,2),(3,3),(
    4.144736510258E-12,0.567890230684),(-6.038149120819E-17,
    0.409961239414),.PIECEWISE_BEZIER_KNOTS.) 
GEOMETRIC_REPRESENTATION_ITEM() RATIONAL_B_SPLINE_SURFACE((
    (1.,0.979064929527,1.)
,(1.,0.979064929527,1.))) REPRESENTATION_ITEM('') SURFACE() );
#2073 = CARTESIAN_POINT('',(36.793648750998,109.82053461616,
    5.133490531917));
#2074 = CARTESIAN_POINT('',(48.798034581927,109.45111070579,
    2.811818705886));
#2075 = CARTESIAN_POINT('',(60.744691155644,109.86416960547,
    5.407717842268));
#2076 = CARTESIAN_POINT('',(36.793648750998,76.822258920802,
    10.384168903542));
#2077 = CARTESIAN_POINT('',(48.798034581927,76.45283501043,
    8.062497077511));
#2078 = CARTESIAN_POINT('',(60.744691155644,76.865893910115,
    10.658396213894));
#2079 = ADVANCED_FACE('',(#2080),#2091,.T.);
#2080 = FACE_BOUND('',#2081,.T.);
#2081 = EDGE_LOOP('',(#2082,#2083,#2089,#2090));
#2082 = ORIENTED_EDGE('',*,*,#1332,.F.);
#2083 = ORIENTED_EDGE('',*,*,#2084,.F.);
#2084 = EDGE_CURVE('',#1792,#1324,#2085,.T.);
#2085 = LINE('',#2086,#2087);
#2086 = CARTESIAN_POINT('',(39.72010753239,89.744053531373,
    7.824999999995));
#2087 = VECTOR('',#2088,1.);
#2088 = DIRECTION('',(-0.305219238612,-0.522536591191,-0.796113514046));
#2089 = ORIENTED_EDGE('',*,*,#1858,.F.);
#2090 = ORIENTED_EDGE('',*,*,#1940,.T.);
#2091 = B_SPLINE_SURFACE_WITH_KNOTS('',3,3,(
    (#2092,#2093,#2094,#2095)
    ,(#2096,#2097,#2098,#2099)
    ,(#2100,#2101,#2102,#2103)
    ,(#2104,#2105,#2106,#2107
    )),.UNSPECIFIED.,.F.,.F.,.F.,(4,4),(4,4),(0.,1.),(2.263313879553E-02
    ,1.),.PIECEWISE_BEZIER_KNOTS.);
#2092 = CARTESIAN_POINT('',(39.652208116004,89.627809451398,
    7.64789568892));
#2093 = CARTESIAN_POINT('',(38.6748412548,87.954553367286,5.098597125948
    ));
#2094 = CARTESIAN_POINT('',(37.697474393593,86.281297283167,
    2.549298562975));
#2095 = CARTESIAN_POINT('',(36.72010753239,84.608041199055,
    2.056133041606E-12));
#2096 = CARTESIAN_POINT('',(39.652208116004,90.515204750249,
    7.507164963665));
#2097 = CARTESIAN_POINT('',(38.6748412548,88.589783464486,5.004776642444
    ));
#2098 = CARTESIAN_POINT('',(37.697474393593,86.664362178715,
    2.502388321223));
#2099 = CARTESIAN_POINT('',(36.72010753239,84.738940892952,
    2.056133041606E-12));
#2100 = CARTESIAN_POINT('',(39.652208116004,99.271345450026,
    6.175971093192));
#2101 = CARTESIAN_POINT('',(38.6748412548,100.17327746839,4.117314062128
    ));
#2102 = CARTESIAN_POINT('',(37.697474393593,101.07520948678,
    2.058657031065));
#2103 = CARTESIAN_POINT('',(36.72010753239,101.97714150515,
    2.056133041606E-12));
#2104 = CARTESIAN_POINT('',(39.652208116004,100.15874074887,
    6.035240367936));
#2105 = CARTESIAN_POINT('',(38.6748412548,100.8085075656,4.023493578625)
  );
#2106 = CARTESIAN_POINT('',(37.697474393593,101.45827438232,
    2.011746789314));
#2107 = CARTESIAN_POINT('',(36.72010753239,102.10804119905,
    2.056133041606E-12));
#2108 = ADVANCED_FACE('',(#2109),#2120,.T.);
#2109 = FACE_BOUND('',#2110,.T.);
#2110 = EDGE_LOOP('',(#2111,#2112,#2113,#2114));
#2111 = ORIENTED_EDGE('',*,*,#1791,.F.);
#2112 = ORIENTED_EDGE('',*,*,#2084,.T.);
#2113 = ORIENTED_EDGE('',*,*,#1323,.F.);
#2114 = ORIENTED_EDGE('',*,*,#2115,.F.);
#2115 = EDGE_CURVE('',#1669,#1316,#2116,.T.);
#2116 = LINE('',#2117,#2118);
#2117 = CARTESIAN_POINT('',(41.47010753239,88.015795738102,
    8.099999999995));
#2118 = VECTOR('',#2119,1.);
#2119 = DIRECTION('',(-0.451721702092,-0.367174912492,-0.813099063765));
#2120 = B_SPLINE_SURFACE_WITH_KNOTS('',3,3,(
    (#2121,#2122,#2123,#2124)
    ,(#2125,#2126,#2127,#2128)
    ,(#2129,#2130,#2131,#2132)
    ,(#2133,#2134,#2135,#2136)
    ,(#2137,#2138,#2139,#2140)
    ,(#2141,#2142,#2143,#2144)
    ,(#2145,#2146,#2147,#2148
    )),.UNSPECIFIED.,.F.,.F.,.F.,(4,1,1,1,4),(4,4),(0.,0.285714285714,
    0.571428571429,0.714285714286,1.),(2.077836486427E-02,1.),
  .UNSPECIFIED.);
#2121 = CARTESIAN_POINT('',(41.376604890502,87.939793579702,
    7.931695244595));
#2122 = CARTESIAN_POINT('',(39.907772437797,86.745876119487,
    5.28779682973));
#2123 = CARTESIAN_POINT('',(38.438939985095,85.551958659271,
    2.643898414866));
#2124 = CARTESIAN_POINT('',(36.97010753239,84.358041199055,
    2.056133041606E-12));
#2125 = CARTESIAN_POINT('',(41.119468156874,87.939793579702,
    7.931695244595));
#2126 = CARTESIAN_POINT('',(39.723821226569,86.745927662399,
    5.287787241213));
#2127 = CARTESIAN_POINT('',(38.328354550151,85.551907116358,
    2.643908003383));
#2128 = CARTESIAN_POINT('',(36.932707619846,84.358041199055,
    2.056133041606E-12));
#2129 = CARTESIAN_POINT('',(40.605244924627,88.055695482814,
    7.913309393875));
#2130 = CARTESIAN_POINT('',(39.356180378087,86.828859970941,
    5.27553471754));
#2131 = CARTESIAN_POINT('',(38.106979647859,85.60194578817,
    2.637774676337));
#2132 = CARTESIAN_POINT('',(36.857915101318,84.375110276298,
    2.054800773976E-12));
#2133 = CARTESIAN_POINT('',(40.0903122905,88.461731998366,7.848898658931
    ));
#2134 = CARTESIAN_POINT('',(38.98794414823,87.119506129588,
    5.232590027486));
#2135 = CARTESIAN_POINT('',(37.885387544284,85.777133857358,
    2.616308631447));
#2136 = CARTESIAN_POINT('',(36.783019402014,84.43490798858,
    2.055688952396E-12));
#2137 = CARTESIAN_POINT('',(39.746202667957,89.002953154624,
    7.763043197397));
#2138 = CARTESIAN_POINT('',(38.741810624691,87.506848079953,
    5.175360683679));
#2139 = CARTESIAN_POINT('',(37.737361537565,86.010719655482,
    2.58768251372));
#2140 = CARTESIAN_POINT('',(36.7329694943,84.51461458081,
    2.054800773976E-12));
#2141 = CARTESIAN_POINT('',(39.657772437797,89.383383901819,
    7.702694378798));
#2142 = CARTESIAN_POINT('',(38.678699145232,87.779192907372,5.135119067)
  );
#2143 = CARTESIAN_POINT('',(37.699180824955,86.174832280958,2.5675753118
    ));
#2144 = CARTESIAN_POINT('',(36.72010753239,84.570641286511,
    2.056133041606E-12));
#2145 = CARTESIAN_POINT('',(39.657772437797,89.637335593186,
    7.662409294932));
#2146 = CARTESIAN_POINT('',(38.678550802662,87.960904128478,
    5.108272863289));
#2147 = CARTESIAN_POINT('',(37.699329167524,86.284472663763,
    2.554136431646));
#2148 = CARTESIAN_POINT('',(36.72010753239,84.608041199055,
    2.056133041606E-12));
#2149 = ADVANCED_FACE('',(#2150),#2161,.T.);
#2150 = FACE_BOUND('',#2151,.T.);
#2151 = EDGE_LOOP('',(#2152,#2153,#2159,#2160));
#2152 = ORIENTED_EDGE('',*,*,#1556,.F.);
#2153 = ORIENTED_EDGE('',*,*,#2154,.T.);
#2154 = EDGE_CURVE('',#1557,#1307,#2155,.T.);
#2155 = LINE('',#2156,#2157);
#2156 = CARTESIAN_POINT('',(54.732607532402,88.015795738102,
    8.099999999995));
#2157 = VECTOR('',#2158,1.);
#2158 = DIRECTION('',(0.451721702092,-0.367174912492,-0.813099063765));
#2159 = ORIENTED_EDGE('',*,*,#1306,.F.);
#2160 = ORIENTED_EDGE('',*,*,#2039,.F.);
#2161 = B_SPLINE_SURFACE_WITH_KNOTS('',3,3,(
    (#2162,#2163,#2164,#2165)
    ,(#2166,#2167,#2168,#2169)
    ,(#2170,#2171,#2172,#2173)
    ,(#2174,#2175,#2176,#2177)
    ,(#2178,#2179,#2180,#2181)
    ,(#2182,#2183,#2184,#2185)
    ,(#2186,#2187,#2188,#2189
    )),.UNSPECIFIED.,.F.,.F.,.F.,(4,1,1,1,4),(4,4),(0.,0.285714285714,
    0.571428571429,0.714285714286,1.),(2.079766326994E-02,1.),
  .UNSPECIFIED.);
#2162 = CARTESIAN_POINT('',(56.545000522212,89.637236476337,
    7.662258284908));
#2163 = CARTESIAN_POINT('',(57.524202858942,87.960838050574,
    5.108172189939));
#2164 = CARTESIAN_POINT('',(58.503405195672,86.284439624818,
    2.554086094971));
#2165 = CARTESIAN_POINT('',(59.482607532402,84.608041199055,
    2.054356684766E-12));
#2166 = CARTESIAN_POINT('',(56.545000522212,89.383289052756,
    7.702542574839));
#2167 = CARTESIAN_POINT('',(57.524150558973,87.779013918131,
    5.135039398525));
#2168 = CARTESIAN_POINT('',(58.503457495641,86.174916421136,
    2.567503176316));
#2169 = CARTESIAN_POINT('',(59.482607532402,84.570641286511,
    2.054356684766E-12));
#2170 = CARTESIAN_POINT('',(56.427646962926,88.875443817487,
    7.783103284642));
#2171 = CARTESIAN_POINT('',(57.440250851527,87.415623536675,
    5.188727200924));
#2172 = CARTESIAN_POINT('',(58.452934566532,85.955669048788,
    2.594376083721));
#2173 = CARTESIAN_POINT('',(59.465538455133,84.495848767976,
    2.052136238717E-12));
#2174 = CARTESIAN_POINT('',(56.016524893144,88.366897979213,
    7.863775132788));
#2175 = CARTESIAN_POINT('',(57.146213991779,87.051644917796,
    5.242505238318));
#2176 = CARTESIAN_POINT('',(58.276051644236,85.736206130095,
    2.621269894472));
#2177 = CARTESIAN_POINT('',(59.40574074287,84.420953068679,
    2.052580327927E-12));
#2178 = CARTESIAN_POINT('',(55.468525012715,88.027056406041,
    7.917685018035));
#2179 = CARTESIAN_POINT('',(56.754353494438,86.808357396316,
    5.278453192746));
#2180 = CARTESIAN_POINT('',(58.040205668916,85.589602170687,
    2.639231825291));
#2181 = CARTESIAN_POINT('',(59.326034150639,84.370903160962,
    2.053024417137E-12));
#2182 = CARTESIAN_POINT('',(55.083329420195,87.939722990872,
    7.931538927509));
#2183 = CARTESIAN_POINT('',(56.478831387274,86.74597524976,
    5.287665422738));
#2184 = CARTESIAN_POINT('',(57.874505477866,85.551788940167,
    2.643873504773));
#2185 = CARTESIAN_POINT('',(59.270007444946,84.358041199055,
    2.054356684766E-12));
#2186 = CARTESIAN_POINT('',(54.826197017119,87.939722990872,
    7.931538927509));
#2187 = CARTESIAN_POINT('',(56.295000522216,86.745829060266,
    5.28769261834));
#2188 = CARTESIAN_POINT('',(57.763804027305,85.551935129661,
    2.643846309171));
#2189 = CARTESIAN_POINT('',(59.232607532402,84.358041199055,
    2.054356684766E-12));
#2190 = ADVANCED_FACE('',(#2191),#2197,.T.);
#2191 = FACE_BOUND('',#2192,.T.);
#2192 = EDGE_LOOP('',(#2193,#2194,#2195,#2196));
#2193 = ORIENTED_EDGE('',*,*,#1315,.F.);
#2194 = ORIENTED_EDGE('',*,*,#2154,.F.);
#2195 = ORIENTED_EDGE('',*,*,#1668,.F.);
#2196 = ORIENTED_EDGE('',*,*,#2115,.T.);
#2197 = PLANE('',#2198);
#2198 = AXIS2_PLACEMENT_3D('',#2199,#2200,#2201);
#2199 = CARTESIAN_POINT('',(54.732607532402,88.015795738102,
    8.099999999995));
#2200 = DIRECTION('',(8.99279624979E-17,-0.911383682043,0.411557753063)
  );
#2201 = DIRECTION('',(0.,-0.411557753063,-0.911383682043));
#2202 = ADVANCED_FACE('',(#2203),#2220,.F.);
#2203 = FACE_BOUND('',#2204,.T.);
#2204 = EDGE_LOOP('',(#2205,#2206,#2213,#2214));
#2205 = ORIENTED_EDGE('',*,*,#760,.T.);
#2206 = ORIENTED_EDGE('',*,*,#2207,.T.);
#2207 = EDGE_CURVE('',#749,#510,#2208,.T.);
#2208 = B_SPLINE_CURVE_WITH_KNOTS('',3,(#2209,#2210,#2211,#2212),
  .UNSPECIFIED.,.F.,.F.,(4,4),(-9.019631555185,-4.168859682135),
  .PIECEWISE_BEZIER_KNOTS.);
#2209 = CARTESIAN_POINT('',(47.776357532395,96.038409643865,
    2.447001434767));
#2210 = CARTESIAN_POINT('',(47.776357532395,97.655333601542,
    2.447001434767));
#2211 = CARTESIAN_POINT('',(47.776357532395,99.272257559234,
    2.447001434767));
#2212 = CARTESIAN_POINT('',(47.776357532395,100.88918151691,
    2.447001434767));
#2213 = ORIENTED_EDGE('',*,*,#509,.F.);
#2214 = ORIENTED_EDGE('',*,*,#2215,.F.);
#2215 = EDGE_CURVE('',#761,#502,#2216,.T.);
#2216 = LINE('',#2217,#2218);
#2217 = CARTESIAN_POINT('',(48.426357532397,93.520541199054,
    2.447001434767));
#2218 = VECTOR('',#2219,1.);
#2219 = DIRECTION('',(2.021099337273E-13,1.,0.));
#2220 = PLANE('',#2221);
#2221 = AXIS2_PLACEMENT_3D('',#2222,#2223,#2224);
#2222 = CARTESIAN_POINT('',(48.101357532392,93.68304119906,
    2.447001434767));
#2223 = DIRECTION('',(0.,0.,1.));
#2224 = DIRECTION('',(1.,0.,-0.));
#2225 = ADVANCED_FACE('',(#2226),#2232,.F.);
#2226 = FACE_BOUND('',#2227,.F.);
#2227 = EDGE_LOOP('',(#2228,#2229,#2230,#2231));
#2228 = ORIENTED_EDGE('',*,*,#2207,.T.);
#2229 = ORIENTED_EDGE('',*,*,#517,.F.);
#2230 = ORIENTED_EDGE('',*,*,#165,.F.);
#2231 = ORIENTED_EDGE('',*,*,#748,.F.);
#2232 = B_SPLINE_SURFACE_WITH_KNOTS('',1,1,(
    (#2233,#2234,#2235,#2236)
    ,(#2237,#2238,#2239,#2240)
    ,(#2241,#2242,#2243,#2244)
    ,(#2245,#2246,#2247,#2248
    )),.UNSPECIFIED.,.F.,.F.,.F.,(2,1,1,2),(2,1,1,2),(-66.20000000002,
    -3.4354741274E-12,18.000000000003,20.700000000005),(-1.,0.,3.,10.5),
  .UNSPECIFIED.);
#2233 = CARTESIAN_POINT('',(47.776357532377,18.158041199058,
    1.847001434767));
#2234 = CARTESIAN_POINT('',(47.776357532377,18.158041199058,
    2.847001434767));
#2235 = CARTESIAN_POINT('',(47.776357532377,18.158041199058,
    5.847001434767));
#2236 = CARTESIAN_POINT('',(47.776357532377,18.158041199058,
    13.347001434767));
#2237 = CARTESIAN_POINT('',(47.776357532392,84.358041199055,
    1.847001434767));
#2238 = CARTESIAN_POINT('',(47.776357532392,84.358041199055,
    2.847001434767));
#2239 = CARTESIAN_POINT('',(47.776357532392,84.358041199055,
    5.847001434767));
#2240 = CARTESIAN_POINT('',(47.776357532392,84.358041199055,
    13.347001434767));
#2241 = CARTESIAN_POINT('',(47.776357532395,102.35804119905,
    1.847001434767));
#2242 = CARTESIAN_POINT('',(47.776357532395,102.35804119905,
    2.847001434767));
#2243 = CARTESIAN_POINT('',(47.776357532395,102.35804119905,
    5.847001434767));
#2244 = CARTESIAN_POINT('',(47.776357532395,102.35804119905,
    13.347001434767));
#2245 = CARTESIAN_POINT('',(47.776357532395,105.05804119905,
    1.847001434767));
#2246 = CARTESIAN_POINT('',(47.776357532395,105.05804119905,
    2.847001434767));
#2247 = CARTESIAN_POINT('',(47.776357532395,105.05804119905,
    5.847001434767));
#2248 = CARTESIAN_POINT('',(47.776357532395,105.05804119905,
    13.347001434767));
#2249 = ADVANCED_FACE('',(#2250),#2256,.T.);
#2250 = FACE_BOUND('',#2251,.T.);
#2251 = EDGE_LOOP('',(#2252,#2253,#2254,#2255));
#2252 = ORIENTED_EDGE('',*,*,#769,.T.);
#2253 = ORIENTED_EDGE('',*,*,#2215,.T.);
#2254 = ORIENTED_EDGE('',*,*,#501,.T.);
#2255 = ORIENTED_EDGE('',*,*,#341,.T.);
#2256 = PLANE('',#2257);
#2257 = AXIS2_PLACEMENT_3D('',#2258,#2259,#2260);
#2258 = CARTESIAN_POINT('',(48.426357532397,93.358041199055,
    4.347001434767));
#2259 = DIRECTION('',(1.,-2.021099337273E-13,0.));
#2260 = DIRECTION('',(0.,0.,-1.));
#2261 = ADVANCED_FACE('',(#2262),#2279,.F.);
#2262 = FACE_BOUND('',#2263,.T.);
#2263 = EDGE_LOOP('',(#2264,#2265,#2271,#2272));
#2264 = ORIENTED_EDGE('',*,*,#728,.T.);
#2265 = ORIENTED_EDGE('',*,*,#2266,.F.);
#2266 = EDGE_CURVE('',#92,#721,#2267,.T.);
#2267 = LINE('',#2268,#2269);
#2268 = CARTESIAN_POINT('',(48.101357532392,93.033041199058,
    2.447001434767));
#2269 = VECTOR('',#2270,1.);
#2270 = DIRECTION('',(1.,-4.042198674546E-13,0.));
#2271 = ORIENTED_EDGE('',*,*,#106,.F.);
#2272 = ORIENTED_EDGE('',*,*,#2273,.T.);
#2273 = EDGE_CURVE('',#107,#729,#2274,.T.);
#2274 = B_SPLINE_CURVE_WITH_KNOTS('',3,(#2275,#2276,#2277,#2278),
  .UNSPECIFIED.,.F.,.F.,(4,4),(-17.98021433524,-11.68036844483),
  .PIECEWISE_BEZIER_KNOTS.);
#2275 = CARTESIAN_POINT('',(39.121143197139,93.68304119906,
    2.447001434767));
#2276 = CARTESIAN_POINT('',(41.22109182728,93.68304119906,2.447001434767
    ));
#2277 = CARTESIAN_POINT('',(43.321040457417,93.68304119906,
    2.447001434767));
#2278 = CARTESIAN_POINT('',(45.420989087557,93.68304119906,
    2.447001434767));
#2279 = PLANE('',#2280);
#2280 = AXIS2_PLACEMENT_3D('',#2281,#2282,#2283);
#2281 = CARTESIAN_POINT('',(48.101357532392,93.68304119906,
    2.447001434767));
#2282 = DIRECTION('',(0.,0.,1.));
#2283 = DIRECTION('',(1.,0.,-0.));
#2284 = ADVANCED_FACE('',(#2285),#2291,.F.);
#2285 = FACE_BOUND('',#2286,.F.);
#2286 = EDGE_LOOP('',(#2287,#2288,#2289,#2290));
#2287 = ORIENTED_EDGE('',*,*,#193,.F.);
#2288 = ORIENTED_EDGE('',*,*,#115,.F.);
#2289 = ORIENTED_EDGE('',*,*,#2273,.T.);
#2290 = ORIENTED_EDGE('',*,*,#737,.F.);
#2291 = B_SPLINE_SURFACE_WITH_KNOTS('',1,1,(
    (#2292,#2293,#2294,#2295)
    ,(#2296,#2297,#2298,#2299)
    ,(#2300,#2301,#2302,#2303
    )),.UNSPECIFIED.,.F.,.F.,.F.,(2,1,2),(2,1,1,2),(-48.49999999999,
    2.025046796916E-13,18.),(-113.9999999999,0.,3.,39.650002000038),
  .UNSPECIFIED.);
#2292 = CARTESIAN_POINT('',(-9.398642467608,93.683041199089,
    -111.1529985652));
#2293 = CARTESIAN_POINT('',(-9.398642467608,93.683041199089,
    2.847001434767));
#2294 = CARTESIAN_POINT('',(-9.398642467608,93.683041199089,
    5.847001434767));
#2295 = CARTESIAN_POINT('',(-9.398642467608,93.683041199089,
    42.497003434806));
#2296 = CARTESIAN_POINT('',(39.101357532392,93.683041199067,
    -111.1529985652));
#2297 = CARTESIAN_POINT('',(39.101357532392,93.683041199067,
    2.847001434767));
#2298 = CARTESIAN_POINT('',(39.101357532392,93.683041199067,
    5.847001434767));
#2299 = CARTESIAN_POINT('',(39.101357532392,93.683041199067,
    42.497003434806));
#2300 = CARTESIAN_POINT('',(57.101357532392,93.68304119906,
    -111.1529985652));
#2301 = CARTESIAN_POINT('',(57.101357532392,93.68304119906,
    2.847001434767));
#2302 = CARTESIAN_POINT('',(57.101357532392,93.68304119906,
    5.847001434767));
#2303 = CARTESIAN_POINT('',(57.101357532392,93.68304119906,
    42.497003434806));
#2304 = ADVANCED_FACE('',(#2305),#2311,.T.);
#2305 = FACE_BOUND('',#2306,.T.);
#2306 = EDGE_LOOP('',(#2307,#2308,#2309,#2310));
#2307 = ORIENTED_EDGE('',*,*,#720,.T.);
#2308 = ORIENTED_EDGE('',*,*,#248,.T.);
#2309 = ORIENTED_EDGE('',*,*,#91,.T.);
#2310 = ORIENTED_EDGE('',*,*,#2266,.T.);
#2311 = PLANE('',#2312);
#2312 = AXIS2_PLACEMENT_3D('',#2313,#2314,#2315);
#2313 = CARTESIAN_POINT('',(48.101357532392,93.033041199058,
    4.347001434767));
#2314 = DIRECTION('',(-4.042198674546E-13,-1.,0.));
#2315 = DIRECTION('',(-0.,0.,-1.));
#2316 = ADVANCED_FACE('',(#2317),#2328,.T.);
#2317 = FACE_BOUND('',#2318,.T.);
#2318 = EDGE_LOOP('',(#2319,#2320,#2321,#2322));
#2319 = ORIENTED_EDGE('',*,*,#675,.T.);
#2320 = ORIENTED_EDGE('',*,*,#428,.T.);
#2321 = ORIENTED_EDGE('',*,*,#1256,.T.);
#2322 = ORIENTED_EDGE('',*,*,#2323,.T.);
#2323 = EDGE_CURVE('',#1257,#676,#2324,.T.);
#2324 = LINE('',#2325,#2326);
#2325 = CARTESIAN_POINT('',(48.426357532397,93.520541199054,
    2.447001434767));
#2326 = VECTOR('',#2327,1.);
#2327 = DIRECTION('',(2.021099337273E-13,1.,0.));
#2328 = PLANE('',#2329);
#2329 = AXIS2_PLACEMENT_3D('',#2330,#2331,#2332);
#2330 = CARTESIAN_POINT('',(48.426357532397,93.358041199055,
    4.347001434767));
#2331 = DIRECTION('',(1.,-2.021099337273E-13,0.));
#2332 = DIRECTION('',(0.,0.,-1.));
#2333 = ADVANCED_FACE('',(#2334),#2346,.F.);
#2334 = FACE_BOUND('',#2335,.F.);
#2335 = EDGE_LOOP('',(#2336,#2337,#2338,#2345));
#2336 = ORIENTED_EDGE('',*,*,#277,.F.);
#2337 = ORIENTED_EDGE('',*,*,#1274,.F.);
#2338 = ORIENTED_EDGE('',*,*,#2339,.T.);
#2339 = EDGE_CURVE('',#1275,#701,#2340,.T.);
#2340 = B_SPLINE_CURVE_WITH_KNOTS('',3,(#2341,#2342,#2343,#2344),
  .UNSPECIFIED.,.F.,.F.,(4,4),(-18.22345531668,-14.38036844482),
  .PIECEWISE_BEZIER_KNOTS.);
#2341 = CARTESIAN_POINT('',(47.776357532392,86.834585882381,
    2.447001434767));
#2342 = CARTESIAN_POINT('',(47.776357532392,88.115614839669,
    2.447001434767));
#2343 = CARTESIAN_POINT('',(47.776357532392,89.39664379695,
    2.447001434767));
#2344 = CARTESIAN_POINT('',(47.776357532392,90.677672754231,
    2.447001434767));
#2345 = ORIENTED_EDGE('',*,*,#709,.F.);
#2346 = B_SPLINE_SURFACE_WITH_KNOTS('',1,1,(
    (#2347,#2348,#2349,#2350)
    ,(#2351,#2352,#2353,#2354)
    ,(#2355,#2356,#2357,#2358)
    ,(#2359,#2360,#2361,#2362
    )),.UNSPECIFIED.,.F.,.F.,.F.,(2,1,1,2),(2,1,1,2),(-66.20000000002,
    -3.4354741274E-12,18.000000000003,20.700000000005),(-1.,0.,3.,10.5),
  .UNSPECIFIED.);
#2347 = CARTESIAN_POINT('',(47.776357532377,18.158041199058,
    1.847001434767));
#2348 = CARTESIAN_POINT('',(47.776357532377,18.158041199058,
    2.847001434767));
#2349 = CARTESIAN_POINT('',(47.776357532377,18.158041199058,
    5.847001434767));
#2350 = CARTESIAN_POINT('',(47.776357532377,18.158041199058,
    13.347001434767));
#2351 = CARTESIAN_POINT('',(47.776357532392,84.358041199055,
    1.847001434767));
#2352 = CARTESIAN_POINT('',(47.776357532392,84.358041199055,
    2.847001434767));
#2353 = CARTESIAN_POINT('',(47.776357532392,84.358041199055,
    5.847001434767));
#2354 = CARTESIAN_POINT('',(47.776357532392,84.358041199055,
    13.347001434767));
#2355 = CARTESIAN_POINT('',(47.776357532395,102.35804119905,
    1.847001434767));
#2356 = CARTESIAN_POINT('',(47.776357532395,102.35804119905,
    2.847001434767));
#2357 = CARTESIAN_POINT('',(47.776357532395,102.35804119905,
    5.847001434767));
#2358 = CARTESIAN_POINT('',(47.776357532395,102.35804119905,
    13.347001434767));
#2359 = CARTESIAN_POINT('',(47.776357532395,105.05804119905,
    1.847001434767));
#2360 = CARTESIAN_POINT('',(47.776357532395,105.05804119905,
    2.847001434767));
#2361 = CARTESIAN_POINT('',(47.776357532395,105.05804119905,
    5.847001434767));
#2362 = CARTESIAN_POINT('',(47.776357532395,105.05804119905,
    13.347001434767));
#2363 = ADVANCED_FACE('',(#2364),#2371,.F.);
#2364 = FACE_BOUND('',#2365,.T.);
#2365 = EDGE_LOOP('',(#2366,#2367,#2368,#2369,#2370));
#2366 = ORIENTED_EDGE('',*,*,#700,.T.);
#2367 = ORIENTED_EDGE('',*,*,#683,.T.);
#2368 = ORIENTED_EDGE('',*,*,#2323,.F.);
#2369 = ORIENTED_EDGE('',*,*,#1282,.F.);
#2370 = ORIENTED_EDGE('',*,*,#2339,.T.);
#2371 = PLANE('',#2372);
#2372 = AXIS2_PLACEMENT_3D('',#2373,#2374,#2375);
#2373 = CARTESIAN_POINT('',(48.101357532392,93.68304119906,
    2.447001434767));
#2374 = DIRECTION('',(0.,0.,1.));
#2375 = DIRECTION('',(1.,0.,-0.));
#2376 = ADVANCED_FACE('',(#2377),#2388,.T.);
#2377 = FACE_BOUND('',#2378,.T.);
#2378 = EDGE_LOOP('',(#2379,#2380,#2386,#2387));
#2379 = ORIENTED_EDGE('',*,*,#666,.T.);
#2380 = ORIENTED_EDGE('',*,*,#2381,.T.);
#2381 = EDGE_CURVE('',#667,#1160,#2382,.T.);
#2382 = LINE('',#2383,#2384);
#2383 = CARTESIAN_POINT('',(48.101357532392,93.033041199058,
    2.447001434767));
#2384 = VECTOR('',#2385,1.);
#2385 = DIRECTION('',(1.,-4.042198674546E-13,0.));
#2386 = ORIENTED_EDGE('',*,*,#1170,.T.);
#2387 = ORIENTED_EDGE('',*,*,#457,.T.);
#2388 = PLANE('',#2389);
#2389 = AXIS2_PLACEMENT_3D('',#2390,#2391,#2392);
#2390 = CARTESIAN_POINT('',(48.101357532392,93.033041199058,
    4.347001434767));
#2391 = DIRECTION('',(-4.042198674546E-13,-1.,0.));
#2392 = DIRECTION('',(-0.,0.,-1.));
#2393 = ADVANCED_FACE('',(#2394),#2406,.F.);
#2394 = FACE_BOUND('',#2395,.F.);
#2395 = EDGE_LOOP('',(#2396,#2403,#2404,#2405));
#2396 = ORIENTED_EDGE('',*,*,#2397,.T.);
#2397 = EDGE_CURVE('',#777,#1162,#2398,.T.);
#2398 = B_SPLINE_CURVE_WITH_KNOTS('',3,(#2399,#2400,#2401,#2402),
  .UNSPECIFIED.,.F.,.F.,(4,4),(-54.81963155517,-48.51978566474),
  .PIECEWISE_BEZIER_KNOTS.);
#2399 = CARTESIAN_POINT('',(50.781725977224,93.683041199067,
    2.447001434767));
#2400 = CARTESIAN_POINT('',(52.881674607368,93.68304119906,
    2.447001434767));
#2401 = CARTESIAN_POINT('',(54.981623237512,93.683041199067,
    2.447001434767));
#2402 = CARTESIAN_POINT('',(57.081571867653,93.683041199067,
    2.447001434767));
#2403 = ORIENTED_EDGE('',*,*,#1223,.F.);
#2404 = ORIENTED_EDGE('',*,*,#367,.F.);
#2405 = ORIENTED_EDGE('',*,*,#776,.F.);
#2406 = B_SPLINE_SURFACE_WITH_KNOTS('',1,1,(
    (#2407,#2408,#2409,#2410)
    ,(#2411,#2412,#2413,#2414)
    ,(#2415,#2416,#2417,#2418
    )),.UNSPECIFIED.,.F.,.F.,.F.,(2,1,2),(2,1,1,2),(2.025046796916E-13,
    18.,66.499999999999),(-1.,0.,3.,10.5),.UNSPECIFIED.);
#2407 = CARTESIAN_POINT('',(39.101357532392,93.683041199067,
    1.847001434767));
#2408 = CARTESIAN_POINT('',(39.101357532392,93.683041199067,
    2.847001434767));
#2409 = CARTESIAN_POINT('',(39.101357532392,93.683041199067,
    5.847001434767));
#2410 = CARTESIAN_POINT('',(39.101357532392,93.683041199067,
    13.347001434767));
#2411 = CARTESIAN_POINT('',(57.101357532392,93.68304119906,
    1.847001434767));
#2412 = CARTESIAN_POINT('',(57.101357532392,93.68304119906,
    2.847001434767));
#2413 = CARTESIAN_POINT('',(57.101357532392,93.68304119906,
    5.847001434767));
#2414 = CARTESIAN_POINT('',(57.101357532392,93.68304119906,
    13.347001434767));
#2415 = CARTESIAN_POINT('',(105.60135753239,93.683041199038,
    1.847001434767));
#2416 = CARTESIAN_POINT('',(105.60135753239,93.683041199038,
    2.847001434767));
#2417 = CARTESIAN_POINT('',(105.60135753239,93.683041199038,
    5.847001434767));
#2418 = CARTESIAN_POINT('',(105.60135753239,93.683041199038,
    13.347001434767));
#2419 = ADVANCED_FACE('',(#2420),#2426,.F.);
#2420 = FACE_BOUND('',#2421,.T.);
#2421 = EDGE_LOOP('',(#2422,#2423,#2424,#2425));
#2422 = ORIENTED_EDGE('',*,*,#788,.T.);
#2423 = ORIENTED_EDGE('',*,*,#2397,.T.);
#2424 = ORIENTED_EDGE('',*,*,#1159,.F.);
#2425 = ORIENTED_EDGE('',*,*,#2381,.F.);
#2426 = PLANE('',#2427);
#2427 = AXIS2_PLACEMENT_3D('',#2428,#2429,#2430);
#2428 = CARTESIAN_POINT('',(48.101357532392,93.68304119906,
    2.447001434767));
#2429 = DIRECTION('',(0.,0.,1.));
#2430 = DIRECTION('',(1.,0.,-0.));
#2431 = ( GEOMETRIC_REPRESENTATION_CONTEXT(3) 
GLOBAL_UNCERTAINTY_ASSIGNED_CONTEXT((#2435)) 
GLOBAL_UNIT_ASSIGNED_CONTEXT((#2432,#2433,#2434)) REPRESENTATION_CONTEXT
('Context #1','3D Context with UNIT and UNCERTAINTY') );
#2432 = ( LENGTH_UNIT() NAMED_UNIT(*) SI_UNIT(.MILLI.,.METRE.) );
#2433 = ( NAMED_UNIT(*) PLANE_ANGLE_UNIT() SI_UNIT($,.RADIAN.) );
#2434 = ( NAMED_UNIT(*) SI_UNIT($,.STERADIAN.) SOLID_ANGLE_UNIT() );
#2435 = UNCERTAINTY_MEASURE_WITH_UNIT(LENGTH_MEASURE(1.E-03),#2432,
  'distance_accuracy_value','confusion accuracy');
#2436 = PRODUCT_RELATED_PRODUCT_CATEGORY('part',$,(#7));
#2437 = MECHANICAL_DESIGN_GEOMETRIC_PRESENTATION_REPRESENTATION('',(
    #2438),#2431);
#2438 = STYLED_ITEM('color',(#2439),#15);
#2439 = PRESENTATION_STYLE_ASSIGNMENT((#2440,#2446));
#2440 = SURFACE_STYLE_USAGE(.BOTH.,#2441);
#2441 = SURFACE_SIDE_STYLE('',(#2442));
#2442 = SURFACE_STYLE_FILL_AREA(#2443);
#2443 = FILL_AREA_STYLE('',(#2444));
#2444 = FILL_AREA_STYLE_COLOUR('',#2445);
#2445 = DRAUGHTING_PRE_DEFINED_COLOUR('white');
#2446 = CURVE_STYLE('',#2447,POSITIVE_LENGTH_MEASURE(0.1),#2448);
#2447 = DRAUGHTING_PRE_DEFINED_CURVE_FONT('continuous');
#2448 = COLOUR_RGB('',9.803921802644E-02,9.803921802644E-02,
  9.803921802644E-02);
ENDSEC;
END-ISO-10303-21;
