ISO-10303-21;
HEADER;
FILE_DESCRIPTION(('FreeCAD Model'),'2;1');
FILE_NAME('Open CASCADE Shape Model','2026-09-10T09:32:41',('Author'),(
    ''),'Open CASCADE STEP processor 7.8','FreeCAD','Unknown');
FILE_SCHEMA(('AUTOMOTIVE_DESIGN { 1 0 10303 214 1 1 1 1 }'));
ENDSEC;
DATA;
#1 = APPLICATION_PROTOCOL_DEFINITION('international standard',
  'automotive_design',2000,#2);
#2 = APPLICATION_CONTEXT(
  'core data for automotive mechanical design processes');
#3 = SHAPE_DEFINITION_REPRESENTATION(#4,#10);
#4 = PRODUCT_DEFINITION_SHAPE('','',#5);
#5 = PRODUCT_DEFINITION('design','',#6,#9);
#6 = PRODUCT_DEFINITION_FORMATION('','',#7);
#7 = PRODUCT('Product030','Product030','',(#8));
#8 = PRODUCT_CONTEXT('',#2,'mechanical');
#9 = PRODUCT_DEFINITION_CONTEXT('part definition',#2,'design');
#10 = ADVANCED_BREP_SHAPE_REPRESENTATION('',(#11,#15),#2395);
#11 = AXIS2_PLACEMENT_3D('',#12,#13,#14);
#12 = CARTESIAN_POINT('',(0.,0.,0.));
#13 = DIRECTION('',(0.,0.,1.));
#14 = DIRECTION('',(1.,0.,-0.));
#15 = MANIFOLD_SOLID_BREP('',#16);
#16 = CLOSED_SHELL('',(#17,#80,#121,#153,#224,#279,#336,#384,#408,#470,
    #514,#552,#610,#634,#687,#752,#801,#832,#855,#897,#957,#1021,#1085,
    #1205,#1325,#1396,#1467,#1507,#1563,#1599,#1648,#1672,#1712,#1844,
    #1875,#1911,#1960,#1996,#2045,#2062,#2084,#2115,#2139,#2163,#2187,
    #2211,#2235,#2266,#2290,#2337,#2354,#2371,#2383));
#17 = ADVANCED_FACE('',(#18),#63,.F.);
#18 = FACE_BOUND('',#19,.F.);
#19 = EDGE_LOOP('',(#20,#36,#45,#56));
#20 = ORIENTED_EDGE('',*,*,#21,.T.);
#21 = EDGE_CURVE('',#22,#24,#26,.T.);
#22 = VERTEX_POINT('',#23);
#23 = CARTESIAN_POINT('',(47.77635753237,52.043841026694,7.450061775068)
  );
#24 = VERTEX_POINT('',#25);
#25 = CARTESIAN_POINT('',(47.776357532373,50.563073654543,4.170941870646
    ));
#26 = B_SPLINE_CURVE_WITH_KNOTS('',3,(#27,#28,#29,#30,#31,#32,#33,#34,
    #35),.UNSPECIFIED.,.F.,.F.,(4,2,3,4),(5.000044663672E-02,
    1.422976276869,3.209065021907,3.647958111481),.UNSPECIFIED.);
#27 = CARTESIAN_POINT('',(47.77635753237,52.043841026694,7.450061775068)
  );
#28 = CARTESIAN_POINT('',(47.77635753237,51.855488077461,7.032959185897)
  );
#29 = CARTESIAN_POINT('',(47.776357532373,51.667135128227,6.615856596726
    ));
#30 = CARTESIAN_POINT('',(47.776357532373,51.233755955436,5.656149961918
    ));
#31 = CARTESIAN_POINT('',(47.776357532373,50.988729731878,5.113545916282
    ));
#32 = CARTESIAN_POINT('',(47.776357532373,50.74370350832,4.570941870646)
  );
#33 = CARTESIAN_POINT('',(47.776357532373,50.683493557059,4.437608537312
    ));
#34 = CARTESIAN_POINT('',(47.776357532373,50.623283605804,4.304275203979
    ));
#35 = CARTESIAN_POINT('',(47.776357532373,50.563073654543,4.170941870646
    ));
#36 = ORIENTED_EDGE('',*,*,#37,.T.);
#37 = EDGE_CURVE('',#24,#38,#40,.T.);
#38 = VERTEX_POINT('',#39);
#39 = CARTESIAN_POINT('',(47.776357532373,53.627672754286,4.170941870646
    ));
#40 = B_SPLINE_CURVE_WITH_KNOTS('',3,(#41,#42,#43,#44),.UNSPECIFIED.,.F.
  ,.F.,(4,4),(-17.44496754454,-14.3803684448),.PIECEWISE_BEZIER_KNOTS.);
#41 = CARTESIAN_POINT('',(47.776357532373,50.563073654543,4.170941870646
    ));
#42 = CARTESIAN_POINT('',(47.776357532373,51.584606687786,4.170941870646
    ));
#43 = CARTESIAN_POINT('',(47.776357532373,52.606139721036,4.170941870646
    ));
#44 = CARTESIAN_POINT('',(47.776357532373,53.627672754286,4.170941870646
    ));
#45 = ORIENTED_EDGE('',*,*,#46,.F.);
#46 = EDGE_CURVE('',#47,#38,#49,.T.);
#47 = VERTEX_POINT('',#48);
#48 = CARTESIAN_POINT('',(47.776357532377,53.627672754286,7.398129011396
    ));
#49 = B_SPLINE_CURVE_WITH_KNOTS('',3,(#50,#51,#52,#53,#54,#55),
  .UNSPECIFIED.,.F.,.F.,(4,2,4),(-3.827187140751,-0.70941857573,-0.6),
  .UNSPECIFIED.);
#50 = CARTESIAN_POINT('',(47.776357532373,53.627672754286,7.398129011396
    ));
#51 = CARTESIAN_POINT('',(47.776357532373,53.627672754286,6.358872823056
    ));
#52 = CARTESIAN_POINT('',(47.776357532373,53.627672754286,5.319616634716
    ));
#53 = CARTESIAN_POINT('',(47.776357532373,53.627672754286,4.243887587799
    ));
#54 = CARTESIAN_POINT('',(47.776357532373,53.627672754286,4.207414729222
    ));
#55 = CARTESIAN_POINT('',(47.776357532373,53.627672754286,4.170941870646
    ));
#56 = ORIENTED_EDGE('',*,*,#57,.T.);
#57 = EDGE_CURVE('',#47,#22,#58,.T.);
#58 = B_SPLINE_CURVE_WITH_KNOTS('',3,(#59,#60,#61,#62),.UNSPECIFIED.,.F.
  ,.F.,(4,4),(-1.584834703524,0.),.PIECEWISE_BEZIER_KNOTS.);
#59 = CARTESIAN_POINT('',(47.776357532377,53.627675453907,7.398102593579
    ));
#60 = CARTESIAN_POINT('',(47.776357532388,53.09947160256,7.425785588718)
  );
#61 = CARTESIAN_POINT('',(47.776357532399,52.57132318474,7.443096345649)
  );
#62 = CARTESIAN_POINT('',(47.77635753241,52.043841026512,7.450061775071)
  );
#63 = B_SPLINE_SURFACE_WITH_KNOTS('',1,1,(
    (#64,#65,#66,#67)
    ,(#68,#69,#70,#71)
    ,(#72,#73,#74,#75)
    ,(#76,#77,#78,#79
    )),.UNSPECIFIED.,.F.,.F.,.F.,(2,1,1,2),(2,1,1,2),(-66.20000000002,
    -3.4354741274E-12,18.000000000003,20.700000000005),(-1.,0.,3.,10.5),
  .UNSPECIFIED.);
#64 = CARTESIAN_POINT('',(47.776357532359,-18.8919588009,3.570941870646)
  );
#65 = CARTESIAN_POINT('',(47.776357532359,-18.8919588009,4.570941870646)
  );
#66 = CARTESIAN_POINT('',(47.776357532359,-18.8919588009,7.570941870646)
  );
#67 = CARTESIAN_POINT('',(47.776357532359,-18.8919588009,15.070941870646
    ));
#68 = CARTESIAN_POINT('',(47.776357532373,47.308041199089,3.570941870646
    ));
#69 = CARTESIAN_POINT('',(47.776357532373,47.308041199089,4.570941870646
    ));
#70 = CARTESIAN_POINT('',(47.776357532373,47.308041199089,7.570941870646
    ));
#71 = CARTESIAN_POINT('',(47.776357532373,47.308041199089,
    15.070941870646));
#72 = CARTESIAN_POINT('',(47.776357532377,65.308041199089,3.570941870646
    ));
#73 = CARTESIAN_POINT('',(47.776357532377,65.308041199089,4.570941870646
    ));
#74 = CARTESIAN_POINT('',(47.776357532377,65.308041199089,7.570941870646
    ));
#75 = CARTESIAN_POINT('',(47.776357532377,65.308041199089,
    15.070941870646));
#76 = CARTESIAN_POINT('',(47.776357532377,68.008041199086,3.570941870646
    ));
#77 = CARTESIAN_POINT('',(47.776357532377,68.008041199086,4.570941870646
    ));
#78 = CARTESIAN_POINT('',(47.776357532377,68.008041199086,7.570941870646
    ));
#79 = CARTESIAN_POINT('',(47.776357532377,68.008041199086,
    15.070941870646));
#80 = ADVANCED_FACE('',(#81),#116,.T.);
#81 = FACE_BOUND('',#82,.T.);
#82 = EDGE_LOOP('',(#83,#94,#102,#110));
#83 = ORIENTED_EDGE('',*,*,#84,.F.);
#84 = EDGE_CURVE('',#85,#87,#89,.T.);
#85 = VERTEX_POINT('',#86);
#86 = CARTESIAN_POINT('',(48.426357532379,52.043841026694,7.450061775066
    ));
#87 = VERTEX_POINT('',#88);
#88 = CARTESIAN_POINT('',(48.426357532379,53.627672754279,7.398129011395
    ));
#89 = B_SPLINE_CURVE_WITH_KNOTS('',3,(#90,#91,#92,#93),.UNSPECIFIED.,.F.
  ,.F.,(4,4),(-1.6349098845,-5.007038564998E-02),
  .PIECEWISE_BEZIER_KNOTS.);
#90 = CARTESIAN_POINT('',(48.426357532379,52.043841026527,7.450061775068
    ));
#91 = CARTESIAN_POINT('',(48.426357532379,52.572074806529,7.443086420442
    ));
#92 = CARTESIAN_POINT('',(48.426357532379,53.100119854309,7.425772120342
    ));
#93 = CARTESIAN_POINT('',(48.426357532379,53.627672754279,7.398129011395
    ));
#94 = ORIENTED_EDGE('',*,*,#95,.F.);
#95 = EDGE_CURVE('',#96,#85,#98,.T.);
#96 = VERTEX_POINT('',#97);
#97 = CARTESIAN_POINT('',(48.426357532379,50.563073654543,4.170941870646
    ));
#98 = LINE('',#99,#100);
#99 = CARTESIAN_POINT('',(48.426357532379,52.176922848135,7.744767923932
    ));
#100 = VECTOR('',#101,1.);
#101 = DIRECTION('',(8.317991019612E-14,0.411557753061,0.911383682044));
#102 = ORIENTED_EDGE('',*,*,#103,.T.);
#103 = EDGE_CURVE('',#96,#104,#106,.T.);
#104 = VERTEX_POINT('',#105);
#105 = CARTESIAN_POINT('',(48.426357532379,53.627672754286,
    4.170941870646));
#106 = LINE('',#107,#108);
#107 = CARTESIAN_POINT('',(48.426357532379,56.470541199087,
    4.170941870646));
#108 = VECTOR('',#109,1.);
#109 = DIRECTION('',(2.021099337273E-13,1.,0.));
#110 = ORIENTED_EDGE('',*,*,#111,.F.);
#111 = EDGE_CURVE('',#87,#104,#112,.T.);
#112 = LINE('',#113,#114);
#113 = CARTESIAN_POINT('',(48.426357532379,53.627672754286,
    2.139621813058E-12));
#114 = VECTOR('',#115,1.);
#115 = DIRECTION('',(0.,0.,-1.));
#116 = PLANE('',#117);
#117 = AXIS2_PLACEMENT_3D('',#118,#119,#120);
#118 = CARTESIAN_POINT('',(48.426357532379,56.308041199089,
    6.070941870646));
#119 = DIRECTION('',(1.,-2.021099337273E-13,0.));
#120 = DIRECTION('',(0.,0.,-1.));
#121 = ADVANCED_FACE('',(#122),#148,.F.);
#122 = FACE_BOUND('',#123,.T.);
#123 = EDGE_LOOP('',(#124,#133,#134,#140,#141));
#124 = ORIENTED_EDGE('',*,*,#125,.F.);
#125 = EDGE_CURVE('',#104,#126,#128,.T.);
#126 = VERTEX_POINT('',#127);
#127 = CARTESIAN_POINT('',(48.101357532381,53.608041199106,
    4.170941870646));
#128 = CIRCLE('',#129,2.7);
#129 = AXIS2_PLACEMENT_3D('',#130,#131,#132);
#130 = CARTESIAN_POINT('',(48.101357532381,56.308041199103,
    4.170941870646));
#131 = DIRECTION('',(0.,0.,-1.));
#132 = DIRECTION('',(0.,1.,0.));
#133 = ORIENTED_EDGE('',*,*,#103,.F.);
#134 = ORIENTED_EDGE('',*,*,#135,.F.);
#135 = EDGE_CURVE('',#24,#96,#136,.T.);
#136 = LINE('',#137,#138);
#137 = CARTESIAN_POINT('',(46.291982532381,50.563073654543,
    4.170941870646));
#138 = VECTOR('',#139,1.);
#139 = DIRECTION('',(1.,-2.655288753721E-17,0.));
#140 = ORIENTED_EDGE('',*,*,#37,.T.);
#141 = ORIENTED_EDGE('',*,*,#142,.F.);
#142 = EDGE_CURVE('',#126,#38,#143,.T.);
#143 = CIRCLE('',#144,2.7);
#144 = AXIS2_PLACEMENT_3D('',#145,#146,#147);
#145 = CARTESIAN_POINT('',(48.101357532381,56.308041199103,
    4.170941870646));
#146 = DIRECTION('',(0.,0.,-1.));
#147 = DIRECTION('',(0.,1.,0.));
#148 = PLANE('',#149);
#149 = AXIS2_PLACEMENT_3D('',#150,#151,#152);
#150 = CARTESIAN_POINT('',(48.101357532374,56.633041199093,
    4.170941870646));
#151 = DIRECTION('',(0.,0.,1.));
#152 = DIRECTION('',(1.,0.,-0.));
#153 = ADVANCED_FACE('',(#154),#219,.T.);
#154 = FACE_BOUND('',#155,.T.);
#155 = EDGE_LOOP('',(#156,#157,#158,#159,#168,#186,#194,#212));
#156 = ORIENTED_EDGE('',*,*,#21,.T.);
#157 = ORIENTED_EDGE('',*,*,#135,.T.);
#158 = ORIENTED_EDGE('',*,*,#95,.T.);
#159 = ORIENTED_EDGE('',*,*,#160,.T.);
#160 = EDGE_CURVE('',#85,#161,#163,.T.);
#161 = VERTEX_POINT('',#162);
#162 = CARTESIAN_POINT('',(55.324152953948,52.04384102668,7.450061775044
    ));
#163 = B_SPLINE_CURVE_WITH_KNOTS('',3,(#164,#165,#166,#167),
  .UNSPECIFIED.,.F.,.F.,(4,4),(7.858868245456,14.756663667027),
  .PIECEWISE_BEZIER_KNOTS.);
#164 = CARTESIAN_POINT('',(48.426357532379,52.043841026694,
    7.450061775066));
#165 = CARTESIAN_POINT('',(50.7256226729,52.043841026687,7.450061775059)
  );
#166 = CARTESIAN_POINT('',(53.024887813426,52.043841026687,
    7.450061775051));
#167 = CARTESIAN_POINT('',(55.324152953948,52.04384102668,7.450061775044
    ));
#168 = ORIENTED_EDGE('',*,*,#169,.F.);
#169 = EDGE_CURVE('',#170,#161,#172,.T.);
#170 = VERTEX_POINT('',#171);
#171 = CARTESIAN_POINT('',(58.146675224361,48.679582104,
    2.907007967679E-12));
#172 = B_SPLINE_CURVE_WITH_KNOTS('',3,(#173,#174,#175,#176,#177,#178,
    #179,#180,#181,#182,#183,#184,#185),.UNSPECIFIED.,.F.,.F.,(4,3,3,3,4
    ),(-10.01938500333,-6.38963999117,-5.088400849744,-2.137914451752,
    -1.405345252763),.UNSPECIFIED.);
#173 = CARTESIAN_POINT('',(58.146675224358,48.679582104,
    1.344869551306E-12));
#174 = CARTESIAN_POINT('',(57.753594957548,49.150173563154,
    1.042112251784));
#175 = CARTESIAN_POINT('',(57.356805502667,49.62451789466,2.092477056804
    ));
#176 = CARTESIAN_POINT('',(56.960908097595,50.096881536896,
    3.138488614194));
#177 = CARTESIAN_POINT('',(56.818981544148,50.266220721386,
    3.513476712889));
#178 = CARTESIAN_POINT('',(56.677169670918,50.435305134687,
    3.887904819861));
#179 = CARTESIAN_POINT('',(56.535684531729,50.603870978905,
    4.261190616794));
#180 = CARTESIAN_POINT('',(56.21487495461,50.986084528053,5.107595117973
    ));
#181 = CARTESIAN_POINT('',(55.890527118733,51.371848539912,
    5.961897764797));
#182 = CARTESIAN_POINT('',(55.565927882457,51.757070174307,
    6.814989524307));
#183 = CARTESIAN_POINT('',(55.485333915756,51.852715930998,
    7.026801633441));
#184 = CARTESIAN_POINT('',(55.404724455959,51.94832812799,7.238538859484
    ));
#185 = CARTESIAN_POINT('',(55.32414981547,52.04384402212,7.450061350041)
  );
#186 = ORIENTED_EDGE('',*,*,#187,.T.);
#187 = EDGE_CURVE('',#170,#188,#190,.T.);
#188 = VERTEX_POINT('',#189);
#189 = CARTESIAN_POINT('',(38.056039840409,48.679582104,
    2.907007967679E-12));
#190 = LINE('',#191,#192);
#191 = CARTESIAN_POINT('',(47.482607532384,48.679582104,
    2.907007967679E-12));
#192 = VECTOR('',#193,1.);
#193 = DIRECTION('',(-1.,-1.893467836216E-17,-1.007310030931E-16));
#194 = ORIENTED_EDGE('',*,*,#195,.F.);
#195 = EDGE_CURVE('',#196,#188,#198,.T.);
#196 = VERTEX_POINT('',#197);
#197 = CARTESIAN_POINT('',(40.878562110822,52.043841026702,
    7.450061775091));
#198 = B_SPLINE_CURVE_WITH_KNOTS('',3,(#199,#200,#201,#202,#203,#204,
    #205,#206,#207,#208,#209,#210,#211),.UNSPECIFIED.,.F.,.F.,(4,3,3,3,4
    ),(-8.807015038165,-5.851885227817,-5.095174750064,-1.469870628655,
    -0.20640598411),.UNSPECIFIED.);
#199 = CARTESIAN_POINT('',(40.878565246103,52.043844016067,
    7.450061352978));
#200 = CARTESIAN_POINT('',(40.553078813536,51.658001425945,
    6.595602685063));
#201 = CARTESIAN_POINT('',(40.226974107323,51.270528398907,
    5.737511846243));
#202 = CARTESIAN_POINT('',(39.903559418432,50.885549405357,
    4.884968160233));
#203 = CARTESIAN_POINT('',(39.820743671088,50.786969086782,
    4.666660071808));
#204 = CARTESIAN_POINT('',(39.73810430545,50.688552218198,4.448715471753
    ));
#205 = CARTESIAN_POINT('',(39.655696855169,50.590367717285,
    4.231287950477));
#206 = CARTESIAN_POINT('',(39.260893191254,50.119978200709,
    3.189620216036));
#207 = CARTESIAN_POINT('',(38.863569582986,49.645580199947,
    2.139130139067));
#208 = CARTESIAN_POINT('',(38.468327473197,49.172907817136,
    1.092439369016));
#209 = CARTESIAN_POINT('',(38.330580565619,49.008175473549,
    0.727654308937));
#210 = CARTESIAN_POINT('',(38.193086462273,48.84365284274,0.363330280812
    ));
#211 = CARTESIAN_POINT('',(38.0560398404,48.679582104002,
    6.997614179173E-12));
#212 = ORIENTED_EDGE('',*,*,#213,.T.);
#213 = EDGE_CURVE('',#196,#22,#214,.T.);
#214 = B_SPLINE_CURVE_WITH_KNOTS('',3,(#215,#216,#217,#218),
  .UNSPECIFIED.,.F.,.F.,(4,4),(0.311072823901,7.208868245447),
  .PIECEWISE_BEZIER_KNOTS.);
#215 = CARTESIAN_POINT('',(40.878562110822,52.043841026702,
    7.450061775091));
#216 = CARTESIAN_POINT('',(43.17782725134,52.043841026702,7.450061775083
    ));
#217 = CARTESIAN_POINT('',(45.477092391855,52.043841026694,
    7.450061775076));
#218 = CARTESIAN_POINT('',(47.77635753237,52.043841026694,7.450061775068
    ));
#219 = PLANE('',#220);
#220 = AXIS2_PLACEMENT_3D('',#221,#222,#223);
#221 = CARTESIAN_POINT('',(44.482607532384,52.105025340665,
    7.585552808678));
#222 = DIRECTION('',(2.419986841255E-17,0.911383682044,-0.411557753061)
  );
#223 = DIRECTION('',(3.08148791102E-33,-0.411557753061,-0.911383682044)
  );
#224 = ADVANCED_FACE('',(#225),#262,.F.);
#225 = FACE_BOUND('',#226,.F.);
#226 = EDGE_LOOP('',(#227,#228,#237,#246,#261));
#227 = ORIENTED_EDGE('',*,*,#160,.T.);
#228 = ORIENTED_EDGE('',*,*,#229,.T.);
#229 = EDGE_CURVE('',#161,#230,#232,.T.);
#230 = VERTEX_POINT('',#231);
#231 = CARTESIAN_POINT('',(55.175294136494,55.983041199092,
    7.205639346341));
#232 = B_SPLINE_CURVE_WITH_KNOTS('',3,(#233,#234,#235,#236),
  .UNSPECIFIED.,.F.,.F.,(4,4),(0.258450669475,4.211609784929),
  .PIECEWISE_BEZIER_KNOTS.);
#233 = CARTESIAN_POINT('',(55.324152953948,52.04384102668,7.450061775044
    ));
#234 = CARTESIAN_POINT('',(55.256453601862,53.359637109446,
    7.432686619118));
#235 = CARTESIAN_POINT('',(55.205030803278,54.674889348848,
    7.351091645181));
#236 = CARTESIAN_POINT('',(55.17529413649,55.983041199084,7.205639346341
    ));
#237 = ORIENTED_EDGE('',*,*,#238,.F.);
#238 = EDGE_CURVE('',#239,#230,#241,.T.);
#239 = VERTEX_POINT('',#240);
#240 = CARTESIAN_POINT('',(50.781725977202,55.983041199092,
    7.205639346345));
#241 = B_SPLINE_CURVE_WITH_KNOTS('',3,(#242,#243,#244,#245),
  .UNSPECIFIED.,.F.,.F.,(4,4),(-4.54242697666,-0.148858817369),
  .PIECEWISE_BEZIER_KNOTS.);
#242 = CARTESIAN_POINT('',(50.781725977202,55.983041199092,
    7.205639346345));
#243 = CARTESIAN_POINT('',(52.246248696967,55.983041199092,
    7.205639346344));
#244 = CARTESIAN_POINT('',(53.710771416729,55.983041199092,
    7.205639346342));
#245 = CARTESIAN_POINT('',(55.175294136494,55.983041199092,
    7.205639346341));
#246 = ORIENTED_EDGE('',*,*,#247,.T.);
#247 = EDGE_CURVE('',#239,#87,#248,.T.);
#248 = B_SPLINE_CURVE_WITH_KNOTS('',3,(#249,#250,#251,#252,#253,#254,
    #255,#256,#257,#258,#259,#260),.UNSPECIFIED.,.F.,.F.,(4,2,2,2,2,4),(
    12.012639386926,12.189792911126,13.266113801858,14.337634732148,
    15.291252198874,15.619410857583),.UNSPECIFIED.);
#249 = CARTESIAN_POINT('',(50.781725977202,55.983041199092,
    7.205639346345));
#250 = CARTESIAN_POINT('',(50.774677695874,55.924911996444,
    7.212102683269));
#251 = CARTESIAN_POINT('',(50.765729224564,55.866935653576,
    7.218421362363));
#252 = CARTESIAN_POINT('',(50.688938591244,55.458454112508,
    7.262054693695));
#253 = CARTESIAN_POINT('',(50.554025372883,55.123744226665,
    7.293032265682));
#254 = CARTESIAN_POINT('',(50.161566253701,54.526879069548,
    7.342076671621));
#255 = CARTESIAN_POINT('',(49.908588229107,54.270559609031,
    7.359808573185));
#256 = CARTESIAN_POINT('',(49.349573299329,53.892906753252,
    7.383751165216));
#257 = CARTESIAN_POINT('',(49.056912330696,53.762861244169,7.39089057323
    ));
#258 = CARTESIAN_POINT('',(48.642135628281,53.660490937145,
    7.396404542632));
#259 = CARTESIAN_POINT('',(48.534611717609,53.640798789347,
    7.397441223653));
#260 = CARTESIAN_POINT('',(48.426357532375,53.627672754279,
    7.398129011395));
#261 = ORIENTED_EDGE('',*,*,#84,.F.);
#262 = B_SPLINE_SURFACE_WITH_KNOTS('',3,3,(
    (#263,#264,#265,#266)
    ,(#267,#268,#269,#270)
    ,(#271,#272,#273,#274)
    ,(#275,#276,#277,#278
    )),.UNSPECIFIED.,.F.,.F.,.F.,(4,4),(4,4),(1.61552056658,
    1.783214134365),(-0.230387484889,-0.133236973623),
  .PIECEWISE_BEZIER_KNOTS.);
#263 = CARTESIAN_POINT('',(55.324152953864,55.983041199419,
    7.205639346305));
#264 = CARTESIAN_POINT('',(55.324152953894,54.672119423812,
    7.351399630817));
#265 = CARTESIAN_POINT('',(55.324152953923,53.355919038957,
    7.432735716432));
#266 = CARTESIAN_POINT('',(55.324152953952,52.043841026687,
    7.450061775044));
#267 = CARTESIAN_POINT('',(53.024887813339,55.983041199368,
    7.205639346313));
#268 = CARTESIAN_POINT('',(53.024887813368,54.672119423762,
    7.351399630825));
#269 = CARTESIAN_POINT('',(53.024887813397,53.355919038906,7.43273571644
    ));
#270 = CARTESIAN_POINT('',(53.024887813426,52.043841026636,
    7.450061775052));
#271 = CARTESIAN_POINT('',(50.725622672817,55.983041199317,
    7.205639346321));
#272 = CARTESIAN_POINT('',(50.725622672846,54.672119423711,
    7.351399630834));
#273 = CARTESIAN_POINT('',(50.725622672871,53.355919038848,
    7.432735716449));
#274 = CARTESIAN_POINT('',(50.7256226729,52.043841026578,7.45006177506)
  );
#275 = CARTESIAN_POINT('',(48.426357532291,55.983041199266,
    7.205639346329));
#276 = CARTESIAN_POINT('',(48.42635753232,54.67211942366,7.351399630842)
  );
#277 = CARTESIAN_POINT('',(48.426357532346,53.355919038797,
    7.432735716457));
#278 = CARTESIAN_POINT('',(48.426357532375,52.043841026527,
    7.450061775068));
#279 = ADVANCED_FACE('',(#280),#323,.F.);
#280 = FACE_BOUND('',#281,.F.);
#281 = EDGE_LOOP('',(#282,#299,#308,#316));
#282 = ORIENTED_EDGE('',*,*,#283,.T.);
#283 = EDGE_CURVE('',#284,#286,#288,.T.);
#284 = VERTEX_POINT('',#285);
#285 = CARTESIAN_POINT('',(41.040370265538,56.6330411991,7.128041213489)
  );
#286 = VERTEX_POINT('',#287);
#287 = CARTESIAN_POINT('',(39.839950288922,56.6330411991,4.170941870646)
  );
#288 = B_SPLINE_CURVE_WITH_KNOTS('',3,(#289,#290,#291,#292,#293,#294,
    #295,#296,#297,#298),.UNSPECIFIED.,.F.,.F.,(4,3,3,4),(
    -2.755477146766,-0.34417363073,0.,0.432362994988),.UNSPECIFIED.);
#289 = CARTESIAN_POINT('',(41.040564298446,56.633058414795,
    7.128139787104));
#290 = CARTESIAN_POINT('',(40.743136770583,56.633060562129,
    6.381030325783));
#291 = CARTESIAN_POINT('',(40.440873379905,56.63308428578,5.633772120564
    ));
#292 = CARTESIAN_POINT('',(40.135835086624,56.633096185102,
    4.889509383005));
#293 = CARTESIAN_POINT('',(40.092295923589,56.633097883533,
    4.783278206839));
#294 = CARTESIAN_POINT('',(40.048700243962,56.63309940843,4.677108000642
    ));
#295 = CARTESIAN_POINT('',(40.005054056403,56.633100774937,4.57100787805
    ));
#296 = CARTESIAN_POINT('',(39.950224234129,56.633102491588,
    4.437721302742));
#297 = CARTESIAN_POINT('',(39.895246582888,56.633103858388,4.30437975275
    ));
#298 = CARTESIAN_POINT('',(39.84013217876,56.633104818473,4.171001479135
    ));
#299 = ORIENTED_EDGE('',*,*,#300,.T.);
#300 = EDGE_CURVE('',#286,#301,#303,.T.);
#301 = VERTEX_POINT('',#302);
#302 = CARTESIAN_POINT('',(45.420989087557,56.6330411991,4.170941870646)
  );
#303 = B_SPLINE_CURVE_WITH_KNOTS('',3,(#304,#305,#306,#307),
  .UNSPECIFIED.,.F.,.F.,(4,4),(-17.26140724345,-11.68036844481),
  .PIECEWISE_BEZIER_KNOTS.);
#304 = CARTESIAN_POINT('',(39.839950288922,56.6330411991,4.170941870646)
  );
#305 = CARTESIAN_POINT('',(41.700296555133,56.6330411991,4.170941870646)
  );
#306 = CARTESIAN_POINT('',(43.560642821347,56.6330411991,4.170941870646)
  );
#307 = CARTESIAN_POINT('',(45.420989087557,56.6330411991,4.170941870646)
  );
#308 = ORIENTED_EDGE('',*,*,#309,.T.);
#309 = EDGE_CURVE('',#301,#310,#312,.T.);
#310 = VERTEX_POINT('',#311);
#311 = CARTESIAN_POINT('',(45.420989087561,56.633041199093,
    7.128041213487));
#312 = B_SPLINE_CURVE_WITH_KNOTS('',1,(#313,#314,#315),.UNSPECIFIED.,.F.
  ,.F.,(2,1,2),(-0.4,0.,2.557099342841),.UNSPECIFIED.);
#313 = CARTESIAN_POINT('',(45.420989087568,56.6330411991,4.170941870646)
  );
#314 = CARTESIAN_POINT('',(45.420989087568,56.6330411991,4.570941870646)
  );
#315 = CARTESIAN_POINT('',(45.420989087561,56.633041199093,
    7.128041213487));
#316 = ORIENTED_EDGE('',*,*,#317,.T.);
#317 = EDGE_CURVE('',#310,#284,#318,.T.);
#318 = B_SPLINE_CURVE_WITH_KNOTS('',3,(#319,#320,#321,#322),
  .UNSPECIFIED.,.F.,.F.,(4,4),(-4.542426976847,-0.161808154817),
  .PIECEWISE_BEZIER_KNOTS.);
#319 = CARTESIAN_POINT('',(45.420989087568,56.6330411991,7.128041213487)
  );
#320 = CARTESIAN_POINT('',(43.960782813556,56.6330411991,7.128041213487)
  );
#321 = CARTESIAN_POINT('',(42.500576539547,56.6330411991,7.128041213488)
  );
#322 = CARTESIAN_POINT('',(41.040370265538,56.6330411991,7.128041213489)
  );
#323 = B_SPLINE_SURFACE_WITH_KNOTS('',1,1,(
    (#324,#325,#326,#327)
    ,(#328,#329,#330,#331)
    ,(#332,#333,#334,#335
  )),.UNSPECIFIED.,.F.,.F.,.F.,(2,1,2),(2,1,1,2),(-48.49999999999,
    2.025046796916E-13,18.),(-113.9999999999,0.,3.,39.650002000038),
  .UNSPECIFIED.);
#324 = CARTESIAN_POINT('',(-9.398642467626,56.633041199122,
    -109.4290581293));
#325 = CARTESIAN_POINT('',(-9.398642467626,56.633041199122,
    4.570941870646));
#326 = CARTESIAN_POINT('',(-9.398642467626,56.633041199122,
    7.570941870646));
#327 = CARTESIAN_POINT('',(-9.398642467626,56.633041199122,
    44.220943870684));
#328 = CARTESIAN_POINT('',(39.101357532374,56.6330411991,-109.4290581293
    ));
#329 = CARTESIAN_POINT('',(39.101357532374,56.6330411991,4.570941870646)
  );
#330 = CARTESIAN_POINT('',(39.101357532374,56.6330411991,7.570941870646)
  );
#331 = CARTESIAN_POINT('',(39.101357532374,56.6330411991,44.220943870684
    ));
#332 = CARTESIAN_POINT('',(57.101357532374,56.633041199093,
    -109.4290581293));
#333 = CARTESIAN_POINT('',(57.101357532374,56.633041199093,
    4.570941870646));
#334 = CARTESIAN_POINT('',(57.101357532374,56.633041199093,
    7.570941870646));
#335 = CARTESIAN_POINT('',(57.101357532374,56.633041199093,
    44.220943870684));
#336 = ADVANCED_FACE('',(#337),#379,.T.);
#337 = FACE_BOUND('',#338,.T.);
#338 = EDGE_LOOP('',(#339,#350,#365,#373));
#339 = ORIENTED_EDGE('',*,*,#340,.F.);
#340 = EDGE_CURVE('',#341,#343,#345,.T.);
#341 = VERTEX_POINT('',#342);
#342 = CARTESIAN_POINT('',(41.027420928269,55.983041199092,
    7.205639346355));
#343 = VERTEX_POINT('',#344);
#344 = CARTESIAN_POINT('',(45.420989087561,55.983041199092,
    7.205639346351));
#345 = B_SPLINE_CURVE_WITH_KNOTS('',3,(#346,#347,#348,#349),
  .UNSPECIFIED.,.F.,.F.,(4,4),(-4.443568159292,-5.E-02),
  .PIECEWISE_BEZIER_KNOTS.);
#346 = CARTESIAN_POINT('',(41.027420928269,55.983041199092,
    7.205639346355));
#347 = CARTESIAN_POINT('',(42.491943648034,55.983041199092,
    7.205639346354));
#348 = CARTESIAN_POINT('',(43.956466367796,55.983041199092,
    7.205639346353));
#349 = CARTESIAN_POINT('',(45.420989087561,55.983041199092,
    7.205639346351));
#350 = ORIENTED_EDGE('',*,*,#351,.F.);
#351 = EDGE_CURVE('',#352,#341,#354,.T.);
#352 = VERTEX_POINT('',#353);
#353 = CARTESIAN_POINT('',(39.814981431115,55.983041199092,
    4.170941870646));
#354 = B_SPLINE_CURVE_WITH_KNOTS('',3,(#355,#356,#357,#358,#359,#360,
    #361,#362,#363,#364),.UNSPECIFIED.,.F.,.F.,(4,3,3,4),(
    -3.418515068185,-2.986801595752,-0.531533499409,-0.153353528036),
  .UNSPECIFIED.);
#355 = CARTESIAN_POINT('',(39.815150481363,55.983101934498,4.17099612464
    ));
#356 = CARTESIAN_POINT('',(39.869457548309,55.983101136235,
    4.304316687668));
#357 = CARTESIAN_POINT('',(39.923645218461,55.983099949023,
    4.437657143589));
#358 = CARTESIAN_POINT('',(39.977703143595,55.98309842758,4.571001544274
    ));
#359 = CARTESIAN_POINT('',(40.285144785822,55.983089774735,
    5.329366232278));
#360 = CARTESIAN_POINT('',(40.589715759307,55.983068138823,
    6.091131906612));
#361 = CARTESIAN_POINT('',(40.889442669945,55.983059338652,
    6.853445032348));
#362 = CARTESIAN_POINT('',(40.93560899885,55.983057983179,6.970862578927
    ));
#363 = CARTESIAN_POINT('',(40.981660422553,55.983056996358,
    7.088293038962));
#364 = CARTESIAN_POINT('',(41.027589750205,55.983056473352,
    7.205725863801));
#365 = ORIENTED_EDGE('',*,*,#366,.T.);
#366 = EDGE_CURVE('',#352,#367,#369,.T.);
#367 = VERTEX_POINT('',#368);
#368 = CARTESIAN_POINT('',(45.420989087561,55.983041199092,
    4.170941870646));
#369 = LINE('',#370,#371);
#370 = CARTESIAN_POINT('',(48.101357532374,55.983041199092,
    4.170941870646));
#371 = VECTOR('',#372,1.);
#372 = DIRECTION('',(1.,-4.042198674546E-13,0.));
#373 = ORIENTED_EDGE('',*,*,#374,.F.);
#374 = EDGE_CURVE('',#343,#367,#375,.T.);
#375 = LINE('',#376,#377);
#376 = CARTESIAN_POINT('',(45.420989087561,55.983041199092,
    2.139621813058E-12));
#377 = VECTOR('',#378,1.);
#378 = DIRECTION('',(0.,0.,-1.));
#379 = PLANE('',#380);
#380 = AXIS2_PLACEMENT_3D('',#381,#382,#383);
#381 = CARTESIAN_POINT('',(48.101357532374,55.983041199092,
    6.070941870646));
#382 = DIRECTION('',(-4.042198674546E-13,-1.,0.));
#383 = DIRECTION('',(-0.,0.,-1.));
#384 = ADVANCED_FACE('',(#385),#403,.F.);
#385 = FACE_BOUND('',#386,.T.);
#386 = EDGE_LOOP('',(#387,#394,#395,#402));
#387 = ORIENTED_EDGE('',*,*,#388,.F.);
#388 = EDGE_CURVE('',#286,#352,#389,.T.);
#389 = B_SPLINE_CURVE_WITH_KNOTS('',3,(#390,#391,#392,#393),
  .UNSPECIFIED.,.F.,.F.,(4,4),(-6.678843857245,-6.032611966811),
  .PIECEWISE_BEZIER_KNOTS.);
#390 = CARTESIAN_POINT('',(39.84013217876,56.633104818473,4.171001479135
    ));
#391 = CARTESIAN_POINT('',(39.831692053445,56.416845915068,4.17099979566
    ));
#392 = CARTESIAN_POINT('',(39.823365548182,56.200146849311,
    4.170998474113));
#393 = CARTESIAN_POINT('',(39.815150481361,55.983101934507,
    4.170996124639));
#394 = ORIENTED_EDGE('',*,*,#300,.T.);
#395 = ORIENTED_EDGE('',*,*,#396,.F.);
#396 = EDGE_CURVE('',#367,#301,#397,.T.);
#397 = CIRCLE('',#398,2.7);
#398 = AXIS2_PLACEMENT_3D('',#399,#400,#401);
#399 = CARTESIAN_POINT('',(48.101357532381,56.308041199103,
    4.170941870646));
#400 = DIRECTION('',(0.,0.,-1.));
#401 = DIRECTION('',(0.,1.,0.));
#402 = ORIENTED_EDGE('',*,*,#366,.F.);
#403 = PLANE('',#404);
#404 = AXIS2_PLACEMENT_3D('',#405,#406,#407);
#405 = CARTESIAN_POINT('',(48.101357532374,56.633041199093,
    4.170941870646));
#406 = DIRECTION('',(0.,0.,1.));
#407 = DIRECTION('',(1.,0.,-0.));
#408 = ADVANCED_FACE('',(#409),#453,.F.);
#409 = FACE_BOUND('',#410,.F.);
#410 = EDGE_LOOP('',(#411,#422,#433,#442,#443,#450,#451,#452));
#411 = ORIENTED_EDGE('',*,*,#412,.F.);
#412 = EDGE_CURVE('',#413,#284,#415,.T.);
#413 = VERTEX_POINT('',#414);
#414 = CARTESIAN_POINT('',(40.881848484314,63.561765929262,
    5.617876111879));
#415 = B_SPLINE_CURVE_WITH_KNOTS('',3,(#416,#417,#418,#419,#420,#421),
  .UNSPECIFIED.,.F.,.F.,(4,2,4),(0.243890019074,6.093093214599,
    7.342554106605),.UNSPECIFIED.);
#416 = CARTESIAN_POINT('',(40.881848484311,63.561765929269,
    5.617876111878));
#417 = CARTESIAN_POINT('',(41.01955126366,61.705032969119,6.196908037806
    ));
#418 = CARTESIAN_POINT('',(41.064444637468,59.799346246968,6.64375683391
    ));
#419 = CARTESIAN_POINT('',(41.052164201374,57.45957353909,7.016087079729
    ));
#420 = CARTESIAN_POINT('',(41.047426388257,57.046717337318,
    7.075260208195));
#421 = CARTESIAN_POINT('',(41.040370265535,56.633041199108,
    7.128041213488));
#422 = ORIENTED_EDGE('',*,*,#423,.T.);
#423 = EDGE_CURVE('',#413,#424,#426,.T.);
#424 = VERTEX_POINT('',#425);
#425 = CARTESIAN_POINT('',(38.1153302965,64.053266402152,
    2.907007967679E-12));
#426 = B_SPLINE_CURVE_WITH_KNOTS('',3,(#427,#428,#429,#430,#431,#432),
  .UNSPECIFIED.,.F.,.F.,(4,2,4),(0.868602724558,3.769043098186,
    7.128141348629),.UNSPECIFIED.);
#427 = CARTESIAN_POINT('',(40.881848484314,63.561765929262,
    5.617876111879));
#428 = CARTESIAN_POINT('',(40.456795189555,63.637877957961,4.74791164297
    ));
#429 = CARTESIAN_POINT('',(40.027975651872,63.714321241154,
    3.874160917929));
#430 = CARTESIAN_POINT('',(39.110009135115,63.877430576125,
    2.009812688153));
#431 = CARTESIAN_POINT('',(38.611246816727,63.965719962478,
    1.000660384449));
#432 = CARTESIAN_POINT('',(38.1153302965,64.053266402159,
    9.799272504551E-12));
#433 = ORIENTED_EDGE('',*,*,#434,.F.);
#434 = EDGE_CURVE('',#188,#424,#435,.T.);
#435 = B_SPLINE_CURVE_WITH_KNOTS('',3,(#436,#437,#438,#439,#440,#441),
  .UNSPECIFIED.,.F.,.F.,(4,2,4),(0.237533152583,7.885787379607,
    15.440286279357),.UNSPECIFIED.);
#436 = CARTESIAN_POINT('',(38.056039840398,48.679582104,
    2.906119789259E-12));
#437 = CARTESIAN_POINT('',(38.062613337293,51.232469904702,
    2.906119789259E-12));
#438 = CARTESIAN_POINT('',(38.070460667692,53.839686174077,
    2.954081423923E-12));
#439 = CARTESIAN_POINT('',(38.089390326746,58.917020050016,
    2.954081423923E-12));
#440 = CARTESIAN_POINT('',(38.100911642825,61.518493530675,
    2.910560681357E-12));
#441 = CARTESIAN_POINT('',(38.115330296492,64.053266402145,
    2.910560681357E-12));
#442 = ORIENTED_EDGE('',*,*,#195,.F.);
#443 = ORIENTED_EDGE('',*,*,#444,.F.);
#444 = EDGE_CURVE('',#341,#196,#445,.T.);
#445 = B_SPLINE_CURVE_WITH_KNOTS('',3,(#446,#447,#448,#449),
  .UNSPECIFIED.,.F.,.F.,(4,4),(7.996322428008,11.939787710783),
  .PIECEWISE_BEZIER_KNOTS.);
#446 = CARTESIAN_POINT('',(41.027420928269,55.983041199099,
    7.205639346356));
#447 = CARTESIAN_POINT('',(40.997684370137,54.674894128621,7.35109111375
    ));
#448 = CARTESIAN_POINT('',(40.946261682337,53.359641374336,
    7.432686562835));
#449 = CARTESIAN_POINT('',(40.878562110822,52.043841026694,
    7.450061775091));
#450 = ORIENTED_EDGE('',*,*,#351,.F.);
#451 = ORIENTED_EDGE('',*,*,#388,.F.);
#452 = ORIENTED_EDGE('',*,*,#283,.F.);
#453 = B_SPLINE_SURFACE_WITH_KNOTS('',3,3,(
    (#454,#455,#456,#457)
    ,(#458,#459,#460,#461)
    ,(#462,#463,#464,#465)
    ,(#466,#467,#468,#469
    )),.UNSPECIFIED.,.F.,.F.,.F.,(4,4),(4,4),(6.597123961995E-02,
    0.931825699096),(-6.698968008286E-02,0.944692651749),
  .PIECEWISE_BEZIER_KNOTS.);
#454 = CARTESIAN_POINT('',(41.098500079341,52.032839298852,
    8.074189500013));
#455 = CARTESIAN_POINT('',(40.084617095526,50.920367925049,
    5.380445530785));
#456 = CARTESIAN_POINT('',(39.070279364642,49.801657832919,
    2.689525752024));
#457 = CARTESIAN_POINT('',(38.056039840398,48.679582104,
    9.681144774731E-13));
#458 = CARTESIAN_POINT('',(41.085385935145,55.936310052683,
    7.360446342864));
#459 = CARTESIAN_POINT('',(40.072203380874,55.233067398534,
    4.882749798578));
#460 = CARTESIAN_POINT('',(39.058188490759,54.52236824244,2.407640762485
    ));
#461 = CARTESIAN_POINT('',(38.044353516689,53.807868727163,
    -6.619441913818E-02));
#462 = CARTESIAN_POINT('',(41.068114758847,59.838329667269,
    6.638328823589));
#463 = CARTESIAN_POINT('',(40.055883870231,59.545083805955,
    4.377641669791));
#464 = CARTESIAN_POINT('',(39.042551514289,59.242785695606,
    2.119199081235));
#465 = CARTESIAN_POINT('',(38.029357999487,58.936114891985,
    -0.138297229531));
#466 = CARTESIAN_POINT('',(41.036142316865,63.737306278839,
    5.898650474548));
#467 = CARTESIAN_POINT('',(40.027886933512,63.855898197988,
    3.858280527982));
#468 = CARTESIAN_POINT('',(39.017104899201,63.96268215459,1.818711393539
    ));
#469 = CARTESIAN_POINT('',(38.005844726933,64.064289713024,
    -0.220818829066));
#470 = ADVANCED_FACE('',(#471),#497,.F.);
#471 = FACE_BOUND('',#472,.F.);
#472 = EDGE_LOOP('',(#473,#482,#493,#494,#495,#496));
#473 = ORIENTED_EDGE('',*,*,#474,.T.);
#474 = EDGE_CURVE('',#47,#475,#477,.T.);
#475 = VERTEX_POINT('',#476);
#476 = CARTESIAN_POINT('',(47.004982697799,53.840661572438,
    7.386405913787));
#477 = B_SPLINE_CURVE_WITH_KNOTS('',3,(#478,#479,#480,#481),
  .UNSPECIFIED.,.F.,.F.,(4,4),(16.272398243429,17.077728740025),
  .PIECEWISE_BEZIER_KNOTS.);
#478 = CARTESIAN_POINT('',(47.776357532377,53.627672754279,
    7.398129011396));
#479 = CARTESIAN_POINT('',(47.510238762592,53.659940183912,
    7.396438238637));
#480 = CARTESIAN_POINT('',(47.250230991715,53.731686020088,
    7.392692041678));
#481 = CARTESIAN_POINT('',(47.004982697799,53.840661572438,
    7.386405913787));
#482 = ORIENTED_EDGE('',*,*,#483,.T.);
#483 = EDGE_CURVE('',#475,#343,#484,.T.);
#484 = B_SPLINE_CURVE_WITH_KNOTS('',3,(#485,#486,#487,#488,#489,#490,
    #491,#492),.UNSPECIFIED.,.F.,.F.,(4,2,2,4),(0.,1.027226209998,
    2.051099404109,2.801838457586),.UNSPECIFIED.);
#485 = CARTESIAN_POINT('',(47.004982697799,53.840661572438,
    7.386405913787));
#486 = CARTESIAN_POINT('',(46.692160227354,53.979663564911,
    7.378387745649));
#487 = CARTESIAN_POINT('',(46.40876498825,54.176827295858,7.366355812798
    ));
#488 = CARTESIAN_POINT('',(45.931657000481,54.665305786199,
    7.331125914529));
#489 = CARTESIAN_POINT('',(45.742101665131,54.951732741662,
    7.308195379613));
#490 = CARTESIAN_POINT('',(45.514485370004,55.495467826739,
    7.257527773645));
#491 = CARTESIAN_POINT('',(45.450823679781,55.73698673895,7.23299793386)
  );
#492 = CARTESIAN_POINT('',(45.420989087561,55.983041199092,
    7.205639346351));
#493 = ORIENTED_EDGE('',*,*,#340,.F.);
#494 = ORIENTED_EDGE('',*,*,#444,.T.);
#495 = ORIENTED_EDGE('',*,*,#213,.T.);
#496 = ORIENTED_EDGE('',*,*,#57,.F.);
#497 = B_SPLINE_SURFACE_WITH_KNOTS('',3,3,(
    (#498,#499,#500,#501)
    ,(#502,#503,#504,#505)
    ,(#506,#507,#508,#509)
    ,(#510,#511,#512,#513
    )),.UNSPECIFIED.,.F.,.F.,.F.,(4,4),(4,4),(1.799016403408,
    1.966709971194),(-0.230387484889,-0.133236973623),
  .PIECEWISE_BEZIER_KNOTS.);
#498 = CARTESIAN_POINT('',(47.776357532326,55.983041199252,
    7.205639346331));
#499 = CARTESIAN_POINT('',(47.776357532355,54.672119423645,
    7.351399630844));
#500 = CARTESIAN_POINT('',(47.776357532381,53.355919038782,
    7.432735716459));
#501 = CARTESIAN_POINT('',(47.77635753241,52.043841026512,7.450061775071
    ));
#502 = CARTESIAN_POINT('',(45.477092391797,55.983041199201,7.20563934634
    ));
#503 = CARTESIAN_POINT('',(45.477092391826,54.672119423594,
    7.351399630852));
#504 = CARTESIAN_POINT('',(45.477092391851,53.355919038731,
    7.432735716467));
#505 = CARTESIAN_POINT('',(45.47709239188,52.043841026462,7.450061775079
    ));
#506 = CARTESIAN_POINT('',(43.177827251267,55.98304119915,7.205639346348
    ));
#507 = CARTESIAN_POINT('',(43.177827251296,54.672119423543,7.35139963086
    ));
#508 = CARTESIAN_POINT('',(43.177827251322,53.355919038688,
    7.432735716475));
#509 = CARTESIAN_POINT('',(43.177827251351,52.043841026418,
    7.450061775087));
#510 = CARTESIAN_POINT('',(40.878562110738,55.983041199099,
    7.205639346356));
#511 = CARTESIAN_POINT('',(40.878562110767,54.672119423492,
    7.351399630868));
#512 = CARTESIAN_POINT('',(40.878562110793,53.355919038637,
    7.432735716484));
#513 = CARTESIAN_POINT('',(40.878562110822,52.043841026367,
    7.450061775095));
#514 = ADVANCED_FACE('',(#515),#547,.T.);
#515 = FACE_BOUND('',#516,.T.);
#516 = EDGE_LOOP('',(#517,#518,#526,#534));
#517 = ORIENTED_EDGE('',*,*,#238,.F.);
#518 = ORIENTED_EDGE('',*,*,#519,.F.);
#519 = EDGE_CURVE('',#520,#239,#522,.T.);
#520 = VERTEX_POINT('',#521);
#521 = CARTESIAN_POINT('',(50.781725977202,55.983041199092,
    4.170941870646));
#522 = LINE('',#523,#524);
#523 = CARTESIAN_POINT('',(50.781725977202,55.983041199092,
    2.139621813058E-12));
#524 = VECTOR('',#525,1.);
#525 = DIRECTION('',(0.,0.,1.));
#526 = ORIENTED_EDGE('',*,*,#527,.T.);
#527 = EDGE_CURVE('',#520,#528,#530,.T.);
#528 = VERTEX_POINT('',#529);
#529 = CARTESIAN_POINT('',(56.387733633641,55.983041199092,
    4.170941870646));
#530 = LINE('',#531,#532);
#531 = CARTESIAN_POINT('',(48.101357532374,55.983041199092,
    4.170941870646));
#532 = VECTOR('',#533,1.);
#533 = DIRECTION('',(1.,-4.042198674546E-13,0.));
#534 = ORIENTED_EDGE('',*,*,#535,.F.);
#535 = EDGE_CURVE('',#230,#528,#536,.T.);
#536 = B_SPLINE_CURVE_WITH_KNOTS('',3,(#537,#538,#539,#540,#541,#542,
    #543,#544,#545,#546),.UNSPECIFIED.,.F.,.F.,(4,3,3,4),(
    -2.886654954394,-0.432126943146,-5.395237640901E-02,0.377647798493),
  .UNSPECIFIED.);
#537 = CARTESIAN_POINT('',(55.175125301026,55.98305647816,7.205725868915
    ));
#538 = CARTESIAN_POINT('',(55.473302290137,55.983059885183,
    6.443342259613));
#539 = CARTESIAN_POINT('',(55.776625893268,55.983082769354,
    5.681063428205));
#540 = CARTESIAN_POINT('',(56.083124389907,55.983093894172,
    4.921748337219));
#541 = CARTESIAN_POINT('',(56.130347292086,55.983095608198,
    4.804758979495));
#542 = CARTESIAN_POINT('',(56.177645542394,55.983097116424,
    4.687839906432));
#543 = CARTESIAN_POINT('',(56.225011909985,55.983098449412,4.57100153631
    ));
#544 = CARTESIAN_POINT('',(56.279069835437,55.983099970715,
    4.437657135561));
#545 = CARTESIAN_POINT('',(56.33325750594,55.98310115767,4.30431667962)
  );
#546 = CARTESIAN_POINT('',(56.387564573265,55.983101955568,
    4.170996116602));
#547 = PLANE('',#548);
#548 = AXIS2_PLACEMENT_3D('',#549,#550,#551);
#549 = CARTESIAN_POINT('',(48.101357532374,55.983041199092,
    6.070941870646));
#550 = DIRECTION('',(-4.042198674546E-13,-1.,0.));
#551 = DIRECTION('',(-0.,0.,-1.));
#552 = ADVANCED_FACE('',(#553),#597,.F.);
#553 = FACE_BOUND('',#554,.F.);
#554 = EDGE_LOOP('',(#555,#566,#575,#590));
#555 = ORIENTED_EDGE('',*,*,#556,.F.);
#556 = EDGE_CURVE('',#557,#559,#561,.T.);
#557 = VERTEX_POINT('',#558);
#558 = CARTESIAN_POINT('',(50.781725977205,56.633041199093,
    4.170941870646));
#559 = VERTEX_POINT('',#560);
#560 = CARTESIAN_POINT('',(50.781725977205,56.633041199093,
    7.128041213483));
#561 = B_SPLINE_CURVE_WITH_KNOTS('',3,(#562,#563,#564,#565),
  .UNSPECIFIED.,.F.,.F.,(4,4),(-10.9,-7.942900657162),
  .PIECEWISE_BEZIER_KNOTS.);
#562 = CARTESIAN_POINT('',(50.781725977205,56.633041199093,
    4.170941870646));
#563 = CARTESIAN_POINT('',(50.781725977205,56.633041199093,
    5.156641651592));
#564 = CARTESIAN_POINT('',(50.781725977205,56.633041199093,
    6.142341432537));
#565 = CARTESIAN_POINT('',(50.781725977205,56.633041199093,
    7.128041213483));
#566 = ORIENTED_EDGE('',*,*,#567,.T.);
#567 = EDGE_CURVE('',#557,#568,#570,.T.);
#568 = VERTEX_POINT('',#569);
#569 = CARTESIAN_POINT('',(56.362764775833,56.633041199093,
    4.170941870646));
#570 = B_SPLINE_CURVE_WITH_KNOTS('',3,(#571,#572,#573,#574),
  .UNSPECIFIED.,.F.,.F.,(4,4),(-54.81963155516,-49.23859275654),
  .PIECEWISE_BEZIER_KNOTS.);
#571 = CARTESIAN_POINT('',(50.781725977205,56.633041199093,
    4.170941870646));
#572 = CARTESIAN_POINT('',(52.642072243416,56.633041199093,
    4.170941870646));
#573 = CARTESIAN_POINT('',(54.502418509623,56.633041199093,
    4.170941870646));
#574 = CARTESIAN_POINT('',(56.362764775833,56.633041199093,
    4.170941870646));
#575 = ORIENTED_EDGE('',*,*,#576,.T.);
#576 = EDGE_CURVE('',#568,#577,#579,.T.);
#577 = VERTEX_POINT('',#578);
#578 = CARTESIAN_POINT('',(55.162344799221,56.633041199093,7.12804121348
    ));
#579 = B_SPLINE_CURVE_WITH_KNOTS('',3,(#580,#581,#582,#583,#584,#585,
    #586,#587,#588,#589),.UNSPECIFIED.,.F.,.F.,(4,3,3,4),(
    -3.297367672044,-2.864737117954,-0.452956588455,-0.108603144315),
  .UNSPECIFIED.);
#580 = CARTESIAN_POINT('',(56.362582875068,56.633104840907,
    4.171001470996));
#581 = CARTESIAN_POINT('',(56.307489408637,56.633103873847,
    4.304329074614));
#582 = CARTESIAN_POINT('',(56.252511676582,56.633102515277,
    4.437670591496));
#583 = CARTESIAN_POINT('',(56.197660996314,56.633100798079,
    4.571007870068));
#584 = CARTESIAN_POINT('',(55.891885500594,56.633091225239,
    5.314321758863));
#585 = CARTESIAN_POINT('',(55.588589552416,56.633068438174,6.06107739399
    ));
#586 = CARTESIAN_POINT('',(55.289835255309,56.633060604101,
    6.808136091276));
#587 = CARTESIAN_POINT('',(55.247179188597,56.633059485554,
    6.914800952459));
#588 = CARTESIAN_POINT('',(55.20461569213,56.633058727539,7.021471928772
    ));
#589 = CARTESIAN_POINT('',(55.162150751716,56.633058419247,
    7.128139793071));
#590 = ORIENTED_EDGE('',*,*,#591,.T.);
#591 = EDGE_CURVE('',#577,#559,#592,.T.);
#592 = B_SPLINE_CURVE_WITH_KNOTS('',3,(#593,#594,#595,#596),
  .UNSPECIFIED.,.F.,.F.,(4,4),(-4.380618822022,0.),
  .PIECEWISE_BEZIER_KNOTS.);
#593 = CARTESIAN_POINT('',(55.162344799221,56.633041199093,7.12804121348
    ));
#594 = CARTESIAN_POINT('',(53.702138525216,56.633041199093,
    7.128041213481));
#595 = CARTESIAN_POINT('',(52.241932251207,56.633041199093,
    7.128041213482));
#596 = CARTESIAN_POINT('',(50.781725977202,56.633041199093,
    7.128041213483));
#597 = B_SPLINE_SURFACE_WITH_KNOTS('',1,1,(
    (#598,#599,#600,#601)
    ,(#602,#603,#604,#605)
    ,(#606,#607,#608,#609
  )),.UNSPECIFIED.,.F.,.F.,.F.,(2,1,2),(2,1,1,2),(2.025046796916E-13,18.
    ,66.499999999999),(-1.,0.,3.,10.5),.UNSPECIFIED.);
#598 = CARTESIAN_POINT('',(39.101357532374,56.6330411991,3.570941870646)
  );
#599 = CARTESIAN_POINT('',(39.101357532374,56.6330411991,4.570941870646)
  );
#600 = CARTESIAN_POINT('',(39.101357532374,56.6330411991,7.570941870646)
  );
#601 = CARTESIAN_POINT('',(39.101357532374,56.6330411991,15.070941870646
    ));
#602 = CARTESIAN_POINT('',(57.101357532374,56.633041199093,
    3.570941870646));
#603 = CARTESIAN_POINT('',(57.101357532374,56.633041199093,
    4.570941870646));
#604 = CARTESIAN_POINT('',(57.101357532374,56.633041199093,
    7.570941870646));
#605 = CARTESIAN_POINT('',(57.101357532374,56.633041199093,
    15.070941870646));
#606 = CARTESIAN_POINT('',(105.60135753237,56.633041199071,
    3.570941870646));
#607 = CARTESIAN_POINT('',(105.60135753237,56.633041199071,
    4.570941870646));
#608 = CARTESIAN_POINT('',(105.60135753237,56.633041199071,
    7.570941870646));
#609 = CARTESIAN_POINT('',(105.60135753237,56.633041199071,
    15.070941870646));
#610 = ADVANCED_FACE('',(#611),#629,.F.);
#611 = FACE_BOUND('',#612,.T.);
#612 = EDGE_LOOP('',(#613,#620,#621,#628));
#613 = ORIENTED_EDGE('',*,*,#614,.F.);
#614 = EDGE_CURVE('',#528,#568,#615,.T.);
#615 = B_SPLINE_CURVE_WITH_KNOTS('',3,(#616,#617,#618,#619),
  .UNSPECIFIED.,.F.,.F.,(4,4),(-8.225709381082,-7.579461013513),
  .PIECEWISE_BEZIER_KNOTS.);
#616 = CARTESIAN_POINT('',(56.387564573266,55.983101955571,
    4.170996116599));
#617 = CARTESIAN_POINT('',(56.379350703919,56.200112022001,
    4.170998763397));
#618 = CARTESIAN_POINT('',(56.371024120967,56.416811608658,
    4.171000318373));
#619 = CARTESIAN_POINT('',(56.36258287507,56.633104840912,4.171001470996
    ));
#620 = ORIENTED_EDGE('',*,*,#527,.F.);
#621 = ORIENTED_EDGE('',*,*,#622,.F.);
#622 = EDGE_CURVE('',#557,#520,#623,.T.);
#623 = CIRCLE('',#624,2.7);
#624 = AXIS2_PLACEMENT_3D('',#625,#626,#627);
#625 = CARTESIAN_POINT('',(48.101357532381,56.308041199103,
    4.170941870646));
#626 = DIRECTION('',(0.,0.,-1.));
#627 = DIRECTION('',(0.,1.,0.));
#628 = ORIENTED_EDGE('',*,*,#567,.T.);
#629 = PLANE('',#630);
#630 = AXIS2_PLACEMENT_3D('',#631,#632,#633);
#631 = CARTESIAN_POINT('',(48.101357532374,56.633041199093,
    4.170941870646));
#632 = DIRECTION('',(0.,0.,1.));
#633 = DIRECTION('',(1.,0.,-0.));
#634 = ADVANCED_FACE('',(#635),#670,.F.);
#635 = FACE_BOUND('',#636,.F.);
#636 = EDGE_LOOP('',(#637,#652,#661,#668,#669));
#637 = ORIENTED_EDGE('',*,*,#638,.T.);
#638 = EDGE_CURVE('',#310,#639,#641,.T.);
#639 = VERTEX_POINT('',#640);
#640 = CARTESIAN_POINT('',(47.776357532381,58.988409643927,
    6.756728192016));
#641 = B_SPLINE_CURVE_WITH_KNOTS('',3,(#642,#643,#644,#645,#646,#647,
    #648,#649,#650,#651),.UNSPECIFIED.,.F.,.F.,(4,2,2,2,4),(
    3.45935866925,4.175646666691,5.264402812048,6.266600348509,
    7.08044389729),.UNSPECIFIED.);
#642 = CARTESIAN_POINT('',(45.420989087557,56.6330411991,7.128041213487)
  );
#643 = CARTESIAN_POINT('',(45.449393150837,56.867297675766,
    7.098152391791));
#644 = CARTESIAN_POINT('',(45.508428916619,57.097180900833,
    7.066705234752));
#645 = CARTESIAN_POINT('',(45.731255000297,57.65044309415,6.986509061288
    ));
#646 = CARTESIAN_POINT('',(45.931129158944,57.954247394591,
    6.938122742128));
#647 = CARTESIAN_POINT('',(46.418704827152,58.445500997499,
    6.855673957722));
#648 = CARTESIAN_POINT('',(46.694288487011,58.636374013899,
    6.821534540495));
#649 = CARTESIAN_POINT('',(47.245274341298,58.882978911541,
    6.776561138727));
#650 = CARTESIAN_POINT('',(47.507505776095,58.955810834253,
    6.762856153785));
#651 = CARTESIAN_POINT('',(47.776357532377,58.988409643927,
    6.756728192016));
#652 = ORIENTED_EDGE('',*,*,#653,.F.);
#653 = EDGE_CURVE('',#654,#639,#656,.T.);
#654 = VERTEX_POINT('',#655);
#655 = CARTESIAN_POINT('',(47.776357532373,63.561765929255,
    5.617876111903));
#656 = B_SPLINE_CURVE_WITH_KNOTS('',3,(#657,#658,#659,#660),
  .UNSPECIFIED.,.F.,.F.,(4,4),(-4.717019765309,0.),
  .PIECEWISE_BEZIER_KNOTS.);
#657 = CARTESIAN_POINT('',(47.776357532381,63.561765929422,
    5.617876111854));
#658 = CARTESIAN_POINT('',(47.776357532413,62.065318041336,
    6.084551245698));
#659 = CARTESIAN_POINT('',(47.776357532446,60.535692217942,
    6.465469671914));
#660 = CARTESIAN_POINT('',(47.776357532479,58.98834613512,6.756498859544
    ));
#661 = ORIENTED_EDGE('',*,*,#662,.T.);
#662 = EDGE_CURVE('',#654,#413,#663,.T.);
#663 = B_SPLINE_CURVE_WITH_KNOTS('',3,(#664,#665,#666,#667),
  .UNSPECIFIED.,.F.,.F.,(4,4),(7.858868245707,14.75337729377),
  .PIECEWISE_BEZIER_KNOTS.);
#664 = CARTESIAN_POINT('',(47.776357532377,63.561765929255,
    5.617876111903));
#665 = CARTESIAN_POINT('',(45.478187849691,63.561765929255,
    5.617876111895));
#666 = CARTESIAN_POINT('',(43.180018167,63.561765929262,5.617876111887)
  );
#667 = CARTESIAN_POINT('',(40.881848484314,63.561765929262,
    5.617876111879));
#668 = ORIENTED_EDGE('',*,*,#412,.T.);
#669 = ORIENTED_EDGE('',*,*,#317,.F.);
#670 = B_SPLINE_SURFACE_WITH_KNOTS('',3,3,(
    (#671,#672,#673,#674)
    ,(#675,#676,#677,#678)
    ,(#679,#680,#681,#682)
    ,(#683,#684,#685,#686
    )),.UNSPECIFIED.,.F.,.F.,.F.,(4,4),(4,4),(1.799016403403,
    1.96663007556),(-0.420848107873,-0.246456117091),
  .PIECEWISE_BEZIER_KNOTS.);
#671 = CARTESIAN_POINT('',(47.776357532381,63.561765929422,
    5.617876111854));
#672 = CARTESIAN_POINT('',(47.776357532432,61.309768710118,
    6.320173273086));
#673 = CARTESIAN_POINT('',(47.776357532479,58.982633105079,
    6.828256402693));
#674 = CARTESIAN_POINT('',(47.776357532533,56.633041199151,
    7.128041213478));
#675 = CARTESIAN_POINT('',(45.478187849694,63.561765929371,
    5.617876111863));
#676 = CARTESIAN_POINT('',(45.478187849745,61.309768710067,
    6.320173273095));
#677 = CARTESIAN_POINT('',(45.478187849792,58.982633105028,
    6.828256402701));
#678 = CARTESIAN_POINT('',(45.478187849847,56.6330411991,7.128041213486)
  );
#679 = CARTESIAN_POINT('',(43.180018167008,63.561765929313,
    5.617876111871));
#680 = CARTESIAN_POINT('',(43.180018167059,61.309768710009,
    6.320173273103));
#681 = CARTESIAN_POINT('',(43.180018167102,58.982633104977,6.82825640271
    ));
#682 = CARTESIAN_POINT('',(43.180018167157,56.633041199049,
    7.128041213494));
#683 = CARTESIAN_POINT('',(40.881848484321,63.561765929262,
    5.617876111879));
#684 = CARTESIAN_POINT('',(40.881848484372,61.309768709958,
    6.320173273111));
#685 = CARTESIAN_POINT('',(40.881848484416,58.982633104926,
    6.828256402718));
#686 = CARTESIAN_POINT('',(40.881848484471,56.633041198998,
    7.128041213503));
#687 = ADVANCED_FACE('',(#688),#735,.F.);
#688 = FACE_BOUND('',#689,.F.);
#689 = EDGE_LOOP('',(#690,#701,#710,#719,#734));
#690 = ORIENTED_EDGE('',*,*,#691,.T.);
#691 = EDGE_CURVE('',#577,#692,#694,.T.);
#692 = VERTEX_POINT('',#693);
#693 = CARTESIAN_POINT('',(55.320866580416,63.561765929255,
    5.617876111929));
#694 = B_SPLINE_CURVE_WITH_KNOTS('',3,(#695,#696,#697,#698,#699,#700),
  .UNSPECIFIED.,.F.,.F.,(4,2,4),(4.866982354061,6.099482161867,
    11.983085673193),.UNSPECIFIED.);
#695 = CARTESIAN_POINT('',(55.162344799221,56.633041199093,7.12804121348
    ));
#696 = CARTESIAN_POINT('',(55.155401494325,57.040103217121,
    7.076104104854));
#697 = CARTESIAN_POINT('',(55.150703048017,57.446371859405,
    7.017977590307));
#698 = CARTESIAN_POINT('',(55.137954332862,59.786345257264,
    6.646800650543));
#699 = CARTESIAN_POINT('',(55.182694340987,61.698702944166,
    6.198882089365));
#700 = CARTESIAN_POINT('',(55.320866580419,63.561765929262,
    5.617876111927));
#701 = ORIENTED_EDGE('',*,*,#702,.T.);
#702 = EDGE_CURVE('',#692,#703,#705,.T.);
#703 = VERTEX_POINT('',#704);
#704 = CARTESIAN_POINT('',(48.426357532379,63.561765929262,
    5.617876111905));
#705 = B_SPLINE_CURVE_WITH_KNOTS('',3,(#706,#707,#708,#709),
  .UNSPECIFIED.,.F.,.F.,(4,4),(0.314359197667,7.208868245704),
  .PIECEWISE_BEZIER_KNOTS.);
#706 = CARTESIAN_POINT('',(55.320866580416,63.561765929255,
    5.617876111929));
#707 = CARTESIAN_POINT('',(53.022696897737,63.561765929255,
    5.617876111921));
#708 = CARTESIAN_POINT('',(50.724527215058,63.561765929255,
    5.617876111913));
#709 = CARTESIAN_POINT('',(48.426357532379,63.561765929255,
    5.617876111905));
#710 = ORIENTED_EDGE('',*,*,#711,.F.);
#711 = EDGE_CURVE('',#712,#703,#714,.T.);
#712 = VERTEX_POINT('',#713);
#713 = CARTESIAN_POINT('',(48.426357532379,58.988409643927,
    6.756728192017));
#714 = B_SPLINE_CURVE_WITH_KNOTS('',3,(#715,#716,#717,#718),
  .UNSPECIFIED.,.F.,.F.,(4,4),(-4.71706288307,0.),
  .PIECEWISE_BEZIER_KNOTS.);
#715 = CARTESIAN_POINT('',(48.426357532379,58.98834613512,6.756498859544
    ));
#716 = CARTESIAN_POINT('',(48.426357532342,60.535692217949,
    6.465469671913));
#717 = CARTESIAN_POINT('',(48.426357532309,62.065318041343,
    6.084551245697));
#718 = CARTESIAN_POINT('',(48.426357532277,63.561765929437,
    5.617876111852));
#719 = ORIENTED_EDGE('',*,*,#720,.T.);
#720 = EDGE_CURVE('',#712,#559,#721,.T.);
#721 = B_SPLINE_CURVE_WITH_KNOTS('',3,(#722,#723,#724,#725,#726,#727,
    #728,#729,#730,#731,#732,#733),.UNSPECIFIED.,.F.,.F.,(4,2,2,2,2,4),(
    7.73375806408,8.037642613213,8.985746654618,10.071237807358,
    11.119298735438,11.353941432961),.UNSPECIFIED.);
#722 = CARTESIAN_POINT('',(48.426357532379,58.988409643927,
    6.756728192017));
#723 = CARTESIAN_POINT('',(48.526540573759,58.97626225109,6.759011672905
    ));
#724 = CARTESIAN_POINT('',(48.626098853303,58.958491557707,
    6.762347677809));
#725 = CARTESIAN_POINT('',(49.031761656966,58.862259383502,
    6.780304150653));
#726 = CARTESIAN_POINT('',(49.323169139723,58.736233832744,
    6.803693275931));
#727 = CARTESIAN_POINT('',(49.886716584519,58.365269642825,
    6.869335740839));
#728 = CARTESIAN_POINT('',(50.144307902068,58.109460599306,
    6.913082286482));
#729 = CARTESIAN_POINT('',(50.537010037853,57.52361854793,7.005406681045
    ));
#730 = CARTESIAN_POINT('',(50.6727434149,57.201372637595,7.052893186576)
  );
#731 = CARTESIAN_POINT('',(50.759790859731,56.786319766448,
    7.108260030686));
#732 = CARTESIAN_POINT('',(50.77241306283,56.709847481623,7.11824148749)
  );
#733 = CARTESIAN_POINT('',(50.781725977205,56.633041199093,
    7.128041213483));
#734 = ORIENTED_EDGE('',*,*,#591,.F.);
#735 = B_SPLINE_SURFACE_WITH_KNOTS('',3,3,(
    (#736,#737,#738,#739)
    ,(#740,#741,#742,#743)
    ,(#744,#745,#746,#747)
    ,(#748,#749,#750,#751
    )),.UNSPECIFIED.,.F.,.F.,.F.,(4,4),(4,4),(1.615600462202,
    1.783214134361),(-0.420848107873,-0.246456117085),
  .PIECEWISE_BEZIER_KNOTS.);
#736 = CARTESIAN_POINT('',(55.320866580419,63.561765929589,
    5.617876111828));
#737 = CARTESIAN_POINT('',(55.320866580471,61.309768710213,
    6.320173273082));
#738 = CARTESIAN_POINT('',(55.320866580521,58.982633105108,
    6.828256402698));
#739 = CARTESIAN_POINT('',(55.320866580576,56.6330411991,7.12804121348)
  );
#740 = CARTESIAN_POINT('',(53.022696897704,63.561765929539,
    5.617876111836));
#741 = CARTESIAN_POINT('',(53.022696897755,61.309768710162,6.32017327309
    ));
#742 = CARTESIAN_POINT('',(53.022696897806,58.982633105057,
    6.828256402706));
#743 = CARTESIAN_POINT('',(53.02269689786,56.633041199049,7.128041213488
    ));
#744 = CARTESIAN_POINT('',(50.724527214992,63.561765929488,
    5.617876111844));
#745 = CARTESIAN_POINT('',(50.724527215043,61.309768710111,
    6.320173273098));
#746 = CARTESIAN_POINT('',(50.724527215094,58.982633104999,
    6.828256402715));
#747 = CARTESIAN_POINT('',(50.724527215149,56.633041198991,
    7.128041213496));
#748 = CARTESIAN_POINT('',(48.426357532277,63.561765929437,
    5.617876111852));
#749 = CARTESIAN_POINT('',(48.426357532328,61.30976871006,6.320173273106
    ));
#750 = CARTESIAN_POINT('',(48.426357532379,58.982633104948,
    6.828256402723));
#751 = CARTESIAN_POINT('',(48.426357532433,56.63304119894,7.128041213504
    ));
#752 = ADVANCED_FACE('',(#753),#784,.F.);
#753 = FACE_BOUND('',#754,.F.);
#754 = EDGE_LOOP('',(#755,#764,#773,#783));
#755 = ORIENTED_EDGE('',*,*,#756,.F.);
#756 = EDGE_CURVE('',#757,#639,#759,.T.);
#757 = VERTEX_POINT('',#758);
#758 = CARTESIAN_POINT('',(47.776357532377,58.988409643927,
    4.170941870646));
#759 = B_SPLINE_CURVE_WITH_KNOTS('',3,(#760,#761,#762,#763),
  .UNSPECIFIED.,.F.,.F.,(4,4),(-10.9,-8.314213678629),
  .PIECEWISE_BEZIER_KNOTS.);
#760 = CARTESIAN_POINT('',(47.776357532377,58.988409643927,
    4.170941870646));
#761 = CARTESIAN_POINT('',(47.776357532377,58.988409643927,
    5.032870644436));
#762 = CARTESIAN_POINT('',(47.776357532377,58.988409643927,
    5.894799418226));
#763 = CARTESIAN_POINT('',(47.776357532377,58.988409643927,
    6.756728192016));
#764 = ORIENTED_EDGE('',*,*,#765,.T.);
#765 = EDGE_CURVE('',#757,#766,#768,.T.);
#766 = VERTEX_POINT('',#767);
#767 = CARTESIAN_POINT('',(47.776357532377,63.688356272236,
    4.170941870646));
#768 = B_SPLINE_CURVE_WITH_KNOTS('',3,(#769,#770,#771,#772),
  .UNSPECIFIED.,.F.,.F.,(4,4),(-9.019631555161,-4.319684926851),
  .PIECEWISE_BEZIER_KNOTS.);
#769 = CARTESIAN_POINT('',(47.776357532377,58.988409643927,
    4.170941870646));
#770 = CARTESIAN_POINT('',(47.776357532377,60.555058520033,
    4.170941870646));
#771 = CARTESIAN_POINT('',(47.776357532377,62.121707396138,
    4.170941870646));
#772 = CARTESIAN_POINT('',(47.776357532377,63.688356272236,
    4.170941870646));
#773 = ORIENTED_EDGE('',*,*,#774,.T.);
#774 = EDGE_CURVE('',#766,#654,#775,.T.);
#775 = B_SPLINE_CURVE_WITH_KNOTS('',3,(#776,#777,#778,#779,#780,#781,
    #782),.UNSPECIFIED.,.F.,.F.,(4,3,4),(-0.401527935017,0.,
    1.050933359978),.UNSPECIFIED.);
#776 = CARTESIAN_POINT('',(47.776357532377,63.688356272236,
    4.170941870646));
#777 = CARTESIAN_POINT('',(47.776357532377,63.6766911171,4.304275203979)
  );
#778 = CARTESIAN_POINT('',(47.776357532377,63.665025961964,
    4.437608537312));
#779 = CARTESIAN_POINT('',(47.776357532377,63.653360806828,
    4.570941870646));
#780 = CARTESIAN_POINT('',(47.776357532377,63.622829180967,
    4.919919951065));
#781 = CARTESIAN_POINT('',(47.776357532373,63.592297555115,
    5.268898031484));
#782 = CARTESIAN_POINT('',(47.776357532373,63.561765929255,
    5.617876111903));
#783 = ORIENTED_EDGE('',*,*,#653,.T.);
#784 = B_SPLINE_SURFACE_WITH_KNOTS('',1,1,(
    (#785,#786,#787,#788)
    ,(#789,#790,#791,#792)
    ,(#793,#794,#795,#796)
    ,(#797,#798,#799,#800
    )),.UNSPECIFIED.,.F.,.F.,.F.,(2,1,1,2),(2,1,1,2),(-66.20000000002,
    -3.4354741274E-12,18.000000000003,20.700000000005),(-1.,0.,3.,10.5),
  .UNSPECIFIED.);
#785 = CARTESIAN_POINT('',(47.776357532359,-18.8919588009,3.570941870646
    ));
#786 = CARTESIAN_POINT('',(47.776357532359,-18.8919588009,4.570941870646
    ));
#787 = CARTESIAN_POINT('',(47.776357532359,-18.8919588009,7.570941870646
    ));
#788 = CARTESIAN_POINT('',(47.776357532359,-18.8919588009,
    15.070941870646));
#789 = CARTESIAN_POINT('',(47.776357532373,47.308041199089,
    3.570941870646));
#790 = CARTESIAN_POINT('',(47.776357532373,47.308041199089,
    4.570941870646));
#791 = CARTESIAN_POINT('',(47.776357532373,47.308041199089,
    7.570941870646));
#792 = CARTESIAN_POINT('',(47.776357532373,47.308041199089,
    15.070941870646));
#793 = CARTESIAN_POINT('',(47.776357532377,65.308041199089,
    3.570941870646));
#794 = CARTESIAN_POINT('',(47.776357532377,65.308041199089,
    4.570941870646));
#795 = CARTESIAN_POINT('',(47.776357532377,65.308041199089,
    7.570941870646));
#796 = CARTESIAN_POINT('',(47.776357532377,65.308041199089,
    15.070941870646));
#797 = CARTESIAN_POINT('',(47.776357532377,68.008041199086,
    3.570941870646));
#798 = CARTESIAN_POINT('',(47.776357532377,68.008041199086,
    4.570941870646));
#799 = CARTESIAN_POINT('',(47.776357532377,68.008041199086,
    7.570941870646));
#800 = CARTESIAN_POINT('',(47.776357532377,68.008041199086,
    15.070941870646));
#801 = ADVANCED_FACE('',(#802),#827,.T.);
#802 = FACE_BOUND('',#803,.T.);
#803 = EDGE_LOOP('',(#804,#805,#813,#821));
#804 = ORIENTED_EDGE('',*,*,#711,.F.);
#805 = ORIENTED_EDGE('',*,*,#806,.F.);
#806 = EDGE_CURVE('',#807,#712,#809,.T.);
#807 = VERTEX_POINT('',#808);
#808 = CARTESIAN_POINT('',(48.426357532379,58.988409643927,
    4.170941870646));
#809 = LINE('',#810,#811);
#810 = CARTESIAN_POINT('',(48.426357532379,58.988409643927,
    2.139621813058E-12));
#811 = VECTOR('',#812,1.);
#812 = DIRECTION('',(0.,0.,1.));
#813 = ORIENTED_EDGE('',*,*,#814,.T.);
#814 = EDGE_CURVE('',#807,#815,#817,.T.);
#815 = VERTEX_POINT('',#816);
#816 = CARTESIAN_POINT('',(48.426357532379,63.688356272236,
    4.170941870646));
#817 = LINE('',#818,#819);
#818 = CARTESIAN_POINT('',(48.426357532379,56.470541199087,
    4.170941870646));
#819 = VECTOR('',#820,1.);
#820 = DIRECTION('',(2.021099337273E-13,1.,0.));
#821 = ORIENTED_EDGE('',*,*,#822,.F.);
#822 = EDGE_CURVE('',#703,#815,#823,.T.);
#823 = LINE('',#824,#825);
#824 = CARTESIAN_POINT('',(48.426357532379,63.506971715193,
    6.244176844561));
#825 = VECTOR('',#826,1.);
#826 = DIRECTION('',(1.761504139105E-14,8.715574274948E-02,
    -0.996194698092));
#827 = PLANE('',#828);
#828 = AXIS2_PLACEMENT_3D('',#829,#830,#831);
#829 = CARTESIAN_POINT('',(48.426357532379,56.308041199089,
    6.070941870646));
#830 = DIRECTION('',(1.,-2.021099337273E-13,0.));
#831 = DIRECTION('',(0.,0.,-1.));
#832 = ADVANCED_FACE('',(#833),#850,.F.);
#833 = FACE_BOUND('',#834,.T.);
#834 = EDGE_LOOP('',(#835,#841,#842,#849));
#835 = ORIENTED_EDGE('',*,*,#836,.F.);
#836 = EDGE_CURVE('',#815,#766,#837,.T.);
#837 = LINE('',#838,#839);
#838 = CARTESIAN_POINT('',(52.291982532381,63.688356272236,
    4.170941870646));
#839 = VECTOR('',#840,1.);
#840 = DIRECTION('',(-1.,-4.214792822518E-18,0.));
#841 = ORIENTED_EDGE('',*,*,#814,.F.);
#842 = ORIENTED_EDGE('',*,*,#843,.F.);
#843 = EDGE_CURVE('',#757,#807,#844,.T.);
#844 = CIRCLE('',#845,2.7);
#845 = AXIS2_PLACEMENT_3D('',#846,#847,#848);
#846 = CARTESIAN_POINT('',(48.101357532381,56.308041199103,
    4.170941870646));
#847 = DIRECTION('',(0.,0.,-1.));
#848 = DIRECTION('',(0.,1.,0.));
#849 = ORIENTED_EDGE('',*,*,#765,.T.);
#850 = PLANE('',#851);
#851 = AXIS2_PLACEMENT_3D('',#852,#853,#854);
#852 = CARTESIAN_POINT('',(48.101357532374,56.633041199093,
    4.170941870646));
#853 = DIRECTION('',(0.,0.,1.));
#854 = DIRECTION('',(1.,0.,-0.));
#855 = ADVANCED_FACE('',(#856),#892,.T.);
#856 = FACE_BOUND('',#857,.T.);
#857 = EDGE_LOOP('',(#858,#859,#860,#861,#862,#863,#864,#865,#866,#867,
    #868,#869,#870,#871,#872,#873,#874,#875,#883,#890,#891));
#858 = ORIENTED_EDGE('',*,*,#46,.F.);
#859 = ORIENTED_EDGE('',*,*,#474,.T.);
#860 = ORIENTED_EDGE('',*,*,#483,.T.);
#861 = ORIENTED_EDGE('',*,*,#374,.T.);
#862 = ORIENTED_EDGE('',*,*,#396,.T.);
#863 = ORIENTED_EDGE('',*,*,#309,.T.);
#864 = ORIENTED_EDGE('',*,*,#638,.T.);
#865 = ORIENTED_EDGE('',*,*,#756,.F.);
#866 = ORIENTED_EDGE('',*,*,#843,.T.);
#867 = ORIENTED_EDGE('',*,*,#806,.T.);
#868 = ORIENTED_EDGE('',*,*,#720,.T.);
#869 = ORIENTED_EDGE('',*,*,#556,.F.);
#870 = ORIENTED_EDGE('',*,*,#622,.T.);
#871 = ORIENTED_EDGE('',*,*,#519,.T.);
#872 = ORIENTED_EDGE('',*,*,#247,.T.);
#873 = ORIENTED_EDGE('',*,*,#111,.T.);
#874 = ORIENTED_EDGE('',*,*,#125,.T.);
#875 = ORIENTED_EDGE('',*,*,#876,.T.);
#876 = EDGE_CURVE('',#126,#877,#879,.T.);
#877 = VERTEX_POINT('',#878);
#878 = CARTESIAN_POINT('',(48.101357532381,53.608041199106,
    0.200000000002));
#879 = LINE('',#880,#881);
#880 = CARTESIAN_POINT('',(48.101357532381,53.608041199106,
    2.139621813058E-12));
#881 = VECTOR('',#882,1.);
#882 = DIRECTION('',(0.,0.,-1.));
#883 = ORIENTED_EDGE('',*,*,#884,.F.);
#884 = EDGE_CURVE('',#877,#877,#885,.T.);
#885 = CIRCLE('',#886,2.7);
#886 = AXIS2_PLACEMENT_3D('',#887,#888,#889);
#887 = CARTESIAN_POINT('',(48.101357532381,56.308041199103,
    0.200000000002));
#888 = DIRECTION('',(0.,-3.061616997868E-16,-1.));
#889 = DIRECTION('',(0.,1.,-3.061616997868E-16));
#890 = ORIENTED_EDGE('',*,*,#876,.F.);
#891 = ORIENTED_EDGE('',*,*,#142,.T.);
#892 = CYLINDRICAL_SURFACE('',#893,2.7);
#893 = AXIS2_PLACEMENT_3D('',#894,#895,#896);
#894 = CARTESIAN_POINT('',(48.101357532381,56.308041199103,
    2.139621813058E-12));
#895 = DIRECTION('',(0.,0.,1.));
#896 = DIRECTION('',(0.,1.,0.));
#897 = ADVANCED_FACE('',(#898),#936,.F.);
#898 = FACE_BOUND('',#899,.F.);
#899 = EDGE_LOOP('',(#900,#911,#920,#929));
#900 = ORIENTED_EDGE('',*,*,#901,.F.);
#901 = EDGE_CURVE('',#902,#904,#906,.T.);
#902 = VERTEX_POINT('',#903);
#903 = CARTESIAN_POINT('',(54.479185444645,51.398949194016,
    8.703269387674));
#904 = VERTEX_POINT('',#905);
#905 = CARTESIAN_POINT('',(41.72352962014,51.398949194037,8.70326938772)
  );
#906 = B_SPLINE_CURVE_WITH_KNOTS('',3,(#907,#908,#909,#910),
  .UNSPECIFIED.,.F.,.F.,(4,4),(0.,12.755655824504),
  .PIECEWISE_BEZIER_KNOTS.);
#907 = CARTESIAN_POINT('',(54.479185444641,51.398949194016,
    8.703269387674));
#908 = CARTESIAN_POINT('',(50.227300169809,51.398949194023,
    8.703269387689));
#909 = CARTESIAN_POINT('',(45.975414894972,51.398949194023,
    8.703269387704));
#910 = CARTESIAN_POINT('',(41.72352962014,51.39894919403,8.70326938772)
  );
#911 = ORIENTED_EDGE('',*,*,#912,.F.);
#912 = EDGE_CURVE('',#913,#902,#915,.T.);
#913 = VERTEX_POINT('',#914);
#914 = CARTESIAN_POINT('',(54.479185444641,51.171785914055,
    8.556159757937));
#915 = CIRCLE('',#916,0.25);
#916 = AXIS2_PLACEMENT_3D('',#917,#918,#919);
#917 = CARTESIAN_POINT('',(54.479185444641,51.39963183456,8.453270319672
    ));
#918 = DIRECTION('',(-1.,1.616390991231E-12,3.613984226675E-12));
#919 = DIRECTION('',(1.42108547152E-14,-0.911383682044,0.41155775306));
#920 = ORIENTED_EDGE('',*,*,#921,.F.);
#921 = EDGE_CURVE('',#922,#913,#924,.T.);
#922 = VERTEX_POINT('',#923);
#923 = CARTESIAN_POINT('',(41.72352962014,51.17178591407,8.556159757983)
  );
#924 = B_SPLINE_CURVE_WITH_KNOTS('',3,(#925,#926,#927,#928),
  .UNSPECIFIED.,.F.,.F.,(4,4),(-12.7556558245,0.),
  .PIECEWISE_BEZIER_KNOTS.);
#925 = CARTESIAN_POINT('',(41.72352962014,51.171785914063,8.556159757982
    ));
#926 = CARTESIAN_POINT('',(45.975414894972,51.171785914055,
    8.556159757967));
#927 = CARTESIAN_POINT('',(50.227300169809,51.171785914055,
    8.556159757952));
#928 = CARTESIAN_POINT('',(54.479185444641,51.171785914048,
    8.556159757937));
#929 = ORIENTED_EDGE('',*,*,#930,.F.);
#930 = EDGE_CURVE('',#904,#922,#931,.T.);
#931 = CIRCLE('',#932,0.25);
#932 = AXIS2_PLACEMENT_3D('',#933,#934,#935);
#933 = CARTESIAN_POINT('',(41.72352962014,51.399631834582,8.453270319718
    ));
#934 = DIRECTION('',(1.,-1.647614721529E-12,-3.614069485318E-12));
#935 = DIRECTION('',(3.609557097661E-12,-2.730562173252E-03,
    0.999996272008));
#936 = B_SPLINE_SURFACE_WITH_KNOTS('',3,3,(
    (#937,#938,#939,#940)
    ,(#941,#942,#943,#944)
    ,(#945,#946,#947,#948)
    ,(#949,#950,#951,#952)
    ,(#953,#954,#955,#956
    )),.UNSPECIFIED.,.F.,.F.,.F.,(4,1,4),(4,4),(0.,0.571428571429,1.),(
    0.,12.755655824504),.UNSPECIFIED.);
#937 = CARTESIAN_POINT('',(54.479185444641,51.398949194016,
    8.703269387674));
#938 = CARTESIAN_POINT('',(50.227300169809,51.398949194023,
    8.703269387689));
#939 = CARTESIAN_POINT('',(45.975414894972,51.398949194023,
    8.703269387704));
#940 = CARTESIAN_POINT('',(41.72352962014,51.39894919403,8.70326938772)
  );
#941 = CARTESIAN_POINT('',(54.479185444641,51.344477819002,
    8.703120649643));
#942 = CARTESIAN_POINT('',(50.227300169809,51.34447781901,8.703120649658
    ));
#943 = CARTESIAN_POINT('',(45.975414894972,51.34447781901,8.703120649673
    ));
#944 = CARTESIAN_POINT('',(41.72352962014,51.344477819017,8.703120649689
    ));
#945 = CARTESIAN_POINT('',(54.479185444638,51.249543580496,
    8.670519838391));
#946 = CARTESIAN_POINT('',(50.227300169805,51.249543580503,
    8.670519838406));
#947 = CARTESIAN_POINT('',(45.975414894972,51.249543580496,
    8.670519838421));
#948 = CARTESIAN_POINT('',(41.72352962014,51.249543580503,8.670519838437
    ));
#949 = CARTESIAN_POINT('',(54.479185444641,51.188599564259,
    8.593393138485));
#950 = CARTESIAN_POINT('',(50.227300169809,51.188599564266,8.5933931385)
  );
#951 = CARTESIAN_POINT('',(45.975414894972,51.188599564266,
    8.593393138515));
#952 = CARTESIAN_POINT('',(41.72352962014,51.188599564273,8.593393138531
    ));
#953 = CARTESIAN_POINT('',(54.479185444641,51.171785914048,
    8.556159757937));
#954 = CARTESIAN_POINT('',(50.227300169809,51.171785914055,
    8.556159757952));
#955 = CARTESIAN_POINT('',(45.975414894972,51.171785914055,
    8.556159757967));
#956 = CARTESIAN_POINT('',(41.72352962014,51.171785914063,8.556159757982
    ));
#957 = ADVANCED_FACE('',(#958),#990,.F.);
#958 = FACE_BOUND('',#959,.F.);
#959 = EDGE_LOOP('',(#960,#971,#980,#989));
#960 = ORIENTED_EDGE('',*,*,#961,.F.);
#961 = EDGE_CURVE('',#962,#902,#964,.T.);
#962 = VERTEX_POINT('',#963);
#963 = CARTESIAN_POINT('',(55.986486086415,53.136169290927,
    8.671829586354));
#964 = B_SPLINE_CURVE_WITH_KNOTS('',3,(#965,#966,#967,#968,#969,#970),
  .UNSPECIFIED.,.F.,.F.,(4,1,1,4),(0.,1.098759513323,1.831265855538,
    2.563772197753),.UNSPECIFIED.);
#965 = CARTESIAN_POINT('',(55.986486086415,53.136169290927,
    8.671829586354));
#966 = CARTESIAN_POINT('',(56.00195311465,52.768305590209,8.686171730548
    ));
#967 = CARTESIAN_POINT('',(55.844654508855,52.144234904547,
    8.701187831106));
#968 = CARTESIAN_POINT('',(55.211763944761,51.528630510598,
    8.703875505848));
#969 = CARTESIAN_POINT('',(54.723354225378,51.398949194023,
    8.703269387673));
#970 = CARTESIAN_POINT('',(54.479185444641,51.398949194023,
    8.703269387674));
#971 = ORIENTED_EDGE('',*,*,#972,.F.);
#972 = EDGE_CURVE('',#973,#962,#975,.T.);
#973 = VERTEX_POINT('',#974);
#974 = CARTESIAN_POINT('',(56.222361307413,53.139596138346,
    8.503808903469));
#975 = CIRCLE('',#976,0.25);
#976 = AXIS2_PLACEMENT_3D('',#977,#978,#979);
#977 = CARTESIAN_POINT('',(55.986486086415,53.126429775802,
    8.422019374702));
#978 = DIRECTION('',(4.223042817505E-02,-0.998349421392,
    3.892330591403E-02));
#979 = DIRECTION('',(0.943500883997,5.266545017523E-02,0.327158115068));
#980 = ORIENTED_EDGE('',*,*,#981,.F.);
#981 = EDGE_CURVE('',#913,#973,#982,.T.);
#982 = B_SPLINE_CURVE_WITH_KNOTS('',3,(#983,#984,#985,#986,#987,#988),
  .UNSPECIFIED.,.F.,.F.,(4,1,1,4),(-2.563772197753,-1.831265855538,
    -1.098759513323,0.),.UNSPECIFIED.);
#983 = CARTESIAN_POINT('',(54.479185444641,51.171785914055,
    8.556159757936));
#984 = CARTESIAN_POINT('',(54.761826942231,51.179802923347,
    8.573913211479));
#985 = CARTESIAN_POINT('',(55.320434067813,51.34229732785,8.594890785082
    ));
#986 = CARTESIAN_POINT('',(56.038528118952,52.036120182529,
    8.588748617043));
#987 = CARTESIAN_POINT('',(56.230769420123,52.727222465743,
    8.545943830587));
#988 = CARTESIAN_POINT('',(56.222361307413,53.139596138346,8.50380890347
    ));
#989 = ORIENTED_EDGE('',*,*,#912,.T.);
#990 = B_SPLINE_SURFACE_WITH_KNOTS('',3,3,(
    (#991,#992,#993,#994,#995,#996)
    ,(#997,#998,#999,#1000,#1001,#1002)
    ,(#1003,#1004,#1005,#1006,#1007,#1008)
    ,(#1009,#1010,#1011,#1012,#1013,#1014)
    ,(#1015,#1016,#1017,#1018,#1019,#1020
    )),.UNSPECIFIED.,.F.,.F.,.F.,(4,1,4),(4,1,1,4),(0.,0.571428571429,1.
    ),(0.,1.098759513323,1.831265855538,2.563772197753),.UNSPECIFIED.);
#991 = CARTESIAN_POINT('',(55.986486086415,53.136169290927,
    8.671829586354));
#992 = CARTESIAN_POINT('',(56.00195311465,52.768305590209,8.686171730548
    ));
#993 = CARTESIAN_POINT('',(55.844654508855,52.144234904547,
    8.701187831106));
#994 = CARTESIAN_POINT('',(55.211763944761,51.528630510598,
    8.703875505848));
#995 = CARTESIAN_POINT('',(54.723354225378,51.398949194023,
    8.703269387673));
#996 = CARTESIAN_POINT('',(54.479185444641,51.398949194023,
    8.703269387674));
#997 = CARTESIAN_POINT('',(56.045271343457,53.138652147849,
    8.671732785577));
#998 = CARTESIAN_POINT('',(56.055958032546,52.758919266154,
    8.686450248598));
#999 = CARTESIAN_POINT('',(55.888305071443,52.119962709883,
    8.701547617752));
#1000 = CARTESIAN_POINT('',(55.236208911323,51.486917636088,
    8.703795657415));
#1001 = CARTESIAN_POINT('',(54.73257457127,51.348210986493,
    8.703068722538));
#1002 = CARTESIAN_POINT('',(54.479185444641,51.34447781901,
    8.703120649643));
#1003 = CARTESIAN_POINT('',(56.147701860104,53.141499732294,
    8.633637350211));
#1004 = CARTESIAN_POINT('',(56.150341921806,52.741785230988,
    8.656338330652));
#1005 = CARTESIAN_POINT('',(55.964588322815,52.077176132843,
    8.678144486851));
#1006 = CARTESIAN_POINT('',(55.278974520843,51.413999897974,
    8.680947736983));
#1007 = CARTESIAN_POINT('',(54.748625865093,51.259627223612,
    8.675123201056));
#1008 = CARTESIAN_POINT('',(54.479185444641,51.249543580488,
    8.670519838391));
#1009 = CARTESIAN_POINT('',(56.207857742855,53.140607036119,
    8.545473425819));
#1010 = CARTESIAN_POINT('',(56.212830283017,52.730370963465,
    8.582227300244));
#1011 = CARTESIAN_POINT('',(56.020426748553,52.046068780182,
    8.618554701661));
#1012 = CARTESIAN_POINT('',(55.3102782735,51.36001920329,8.623620157408)
  );
#1013 = CARTESIAN_POINT('',(54.758975787696,51.198388279095,8.6073064869
    ));
#1014 = CARTESIAN_POINT('',(54.479185444641,51.188599564266,
    8.593393138485));
#1015 = CARTESIAN_POINT('',(56.222361307413,53.139596138346,
    8.50380890347));
#1016 = CARTESIAN_POINT('',(56.230769420123,52.727222465743,
    8.545943830587));
#1017 = CARTESIAN_POINT('',(56.038528118952,52.036120182529,
    8.588748617043));
#1018 = CARTESIAN_POINT('',(55.320434067813,51.34229732785,
    8.594890785082));
#1019 = CARTESIAN_POINT('',(54.761826942231,51.179802923347,
    8.573913211479));
#1020 = CARTESIAN_POINT('',(54.479185444641,51.171785914055,
    8.556159757936));
#1021 = ADVANCED_FACE('',(#1022),#1054,.F.);
#1022 = FACE_BOUND('',#1023,.F.);
#1023 = EDGE_LOOP('',(#1024,#1035,#1044,#1053));
#1024 = ORIENTED_EDGE('',*,*,#1025,.F.);
#1025 = EDGE_CURVE('',#1026,#922,#1028,.T.);
#1026 = VERTEX_POINT('',#1027);
#1027 = CARTESIAN_POINT('',(39.980353757357,53.139596138375,
    8.503808903511));
#1028 = B_SPLINE_CURVE_WITH_KNOTS('',3,(#1029,#1030,#1031,#1032,#1033,
    #1034),.UNSPECIFIED.,.F.,.F.,(4,1,1,4),(0.,1.098759513323,
    1.831265855538,2.563772197753),.UNSPECIFIED.);
#1029 = CARTESIAN_POINT('',(39.980353757357,53.139596138375,
    8.503808903511));
#1030 = CARTESIAN_POINT('',(39.971945644647,52.72722246575,
    8.545943830633));
#1031 = CARTESIAN_POINT('',(40.164186945833,52.036120182551,
    8.588748617087));
#1032 = CARTESIAN_POINT('',(40.88228099699,51.342297327887,
    8.594890785128));
#1033 = CARTESIAN_POINT('',(41.440888122543,51.179802923369,
    8.573913211528));
#1034 = CARTESIAN_POINT('',(41.723529620133,51.17178591407,
    8.556159757983));
#1035 = ORIENTED_EDGE('',*,*,#1036,.F.);
#1036 = EDGE_CURVE('',#1037,#1026,#1039,.T.);
#1037 = VERTEX_POINT('',#1038);
#1038 = CARTESIAN_POINT('',(40.216228978359,53.136169290956,
    8.671829586395));
#1039 = CIRCLE('',#1040,0.25);
#1040 = AXIS2_PLACEMENT_3D('',#1041,#1042,#1043);
#1041 = CARTESIAN_POINT('',(40.216228978359,53.126429775832,
    8.422019374744));
#1042 = DIRECTION('',(-4.223042817196E-02,-0.998349421391,
    3.892330592341E-02));
#1043 = DIRECTION('',(2.671641987501E-12,3.895806050472E-02,
    0.999240846604));
#1044 = ORIENTED_EDGE('',*,*,#1045,.F.);
#1045 = EDGE_CURVE('',#904,#1037,#1046,.T.);
#1046 = B_SPLINE_CURVE_WITH_KNOTS('',3,(#1047,#1048,#1049,#1050,#1051,
    #1052),.UNSPECIFIED.,.F.,.F.,(4,1,1,4),(-2.563772197753,
    -1.831265855538,-1.098759513323,0.),.UNSPECIFIED.);
#1047 = CARTESIAN_POINT('',(41.723529620133,51.398949194037,
    8.703269387721));
#1048 = CARTESIAN_POINT('',(41.479360839396,51.398949194037,
    8.703269387721));
#1049 = CARTESIAN_POINT('',(40.990951120035,51.528630510627,
    8.703875505896));
#1050 = CARTESIAN_POINT('',(40.35806055594,52.144234904561,
    8.701187831151));
#1051 = CARTESIAN_POINT('',(40.200761950124,52.768305590223,
    8.686171730592));
#1052 = CARTESIAN_POINT('',(40.216228978359,53.136169290956,
    8.671829586394));
#1053 = ORIENTED_EDGE('',*,*,#930,.T.);
#1054 = B_SPLINE_SURFACE_WITH_KNOTS('',3,3,(
    (#1055,#1056,#1057,#1058,#1059,#1060)
    ,(#1061,#1062,#1063,#1064,#1065,#1066)
    ,(#1067,#1068,#1069,#1070,#1071,#1072)
    ,(#1073,#1074,#1075,#1076,#1077,#1078)
    ,(#1079,#1080,#1081,#1082,#1083,#1084
    )),.UNSPECIFIED.,.F.,.F.,.F.,(4,1,4),(4,1,1,4),(0.,0.571428571429,1.
    ),(0.,1.098759513323,1.831265855538,2.563772197753),.UNSPECIFIED.);
#1055 = CARTESIAN_POINT('',(39.980353757357,53.139596138375,
    8.503808903511));
#1056 = CARTESIAN_POINT('',(39.971945644647,52.72722246575,
    8.545943830633));
#1057 = CARTESIAN_POINT('',(40.164186945833,52.036120182551,
    8.588748617087));
#1058 = CARTESIAN_POINT('',(40.88228099699,51.342297327887,
    8.594890785128));
#1059 = CARTESIAN_POINT('',(41.440888122543,51.179802923369,
    8.573913211528));
#1060 = CARTESIAN_POINT('',(41.723529620133,51.17178591407,
    8.556159757983));
#1061 = CARTESIAN_POINT('',(39.999691843437,53.140944002073,
    8.559361599976));
#1062 = CARTESIAN_POINT('',(39.995935148079,52.731379635538,
    8.59425635836));
#1063 = CARTESIAN_POINT('',(40.188338381671,52.049416445501,
    8.62840462074));
#1064 = CARTESIAN_POINT('',(40.895855377588,51.365946655482,
    8.633103944543));
#1065 = CARTESIAN_POINT('',(41.444670055498,51.204621771307,
    8.618397499873));
#1066 = CARTESIAN_POINT('',(41.723529620133,51.194204114348,
    8.605804265381));
#1067 = CARTESIAN_POINT('',(40.069198661466,53.141293642868,
    8.643742057857));
#1068 = CARTESIAN_POINT('',(40.06557605385,52.744271212228,
    8.664370427703));
#1069 = CARTESIAN_POINT('',(40.248879312967,52.083233770303,
    8.684388428332));
#1070 = CARTESIAN_POINT('',(40.92976427028,51.424284805718,
    8.686948401159));
#1071 = CARTESIAN_POINT('',(41.456336648484,51.272054948276,
    8.682437511848));
#1072 = CARTESIAN_POINT('',(41.723529620133,51.26278701111,8.6790962077)
  );
#1073 = CARTESIAN_POINT('',(40.172140035578,53.138031433642,
    8.671756985812));
#1074 = CARTESIAN_POINT('',(40.160210550512,52.761293873213,
    8.686434744187));
#1075 = CARTESIAN_POINT('',(40.325311525579,52.12600988397,
    8.701526624999));
#1076 = CARTESIAN_POINT('',(40.972594912095,51.497332622828,
    8.703890288147));
#1077 = CARTESIAN_POINT('',(41.472458694028,51.360869704229,
    8.703151375278));
#1078 = CARTESIAN_POINT('',(41.723529620133,51.358095662778,
    8.703157834198));
#1079 = CARTESIAN_POINT('',(40.216228978359,53.136169290956,
    8.671829586394));
#1080 = CARTESIAN_POINT('',(40.200761950124,52.768305590223,
    8.686171730592));
#1081 = CARTESIAN_POINT('',(40.35806055594,52.144234904561,
    8.701187831151));
#1082 = CARTESIAN_POINT('',(40.990951120035,51.528630510627,
    8.703875505896));
#1083 = CARTESIAN_POINT('',(41.479360839396,51.398949194037,
    8.703269387721));
#1084 = CARTESIAN_POINT('',(41.723529620133,51.398949194037,
    8.703269387721));
#1085 = ADVANCED_FACE('',(#1086),#1134,.F.);
#1086 = FACE_BOUND('',#1087,.F.);
#1087 = EDGE_LOOP('',(#1088,#1107,#1116,#1133));
#1088 = ORIENTED_EDGE('',*,*,#1089,.F.);
#1089 = EDGE_CURVE('',#1090,#962,#1092,.T.);
#1090 = VERTEX_POINT('',#1091);
#1091 = CARTESIAN_POINT('',(55.856119544769,62.844103516567,
    7.134706818171));
#1092 = B_SPLINE_CURVE_WITH_KNOTS('',3,(#1093,#1094,#1095,#1096,#1097,
    #1098,#1099,#1100,#1101,#1102,#1103,#1104,#1105,#1106),
  .UNSPECIFIED.,.F.,.F.,(4,1,1,1,2,1,1,1,2,4),(0.,0.272956512514,
    0.545913025028,1.637739075084,2.729565125141,5.470546076428,
    6.841036552072,8.211527027716,9.58201750336,9.796998075957),
  .UNSPECIFIED.);
#1093 = CARTESIAN_POINT('',(55.856119544765,62.844103516567,
    7.134706818172));
#1094 = CARTESIAN_POINT('',(55.850725638371,62.756168497625,
    7.15952887843));
#1095 = CARTESIAN_POINT('',(55.84195108428,62.580027547738,
    7.208627351968));
#1096 = CARTESIAN_POINT('',(55.820180860384,62.050469501977,
    7.352503705223));
#1097 = CARTESIAN_POINT('',(55.800158254577,61.252182906675,
    7.555391433367));
#1098 = CARTESIAN_POINT('',(55.794254905824,60.537895549147,
    7.717012884658));
#1099 = CARTESIAN_POINT('',(55.792586614844,59.280576815268,
    7.98403670158));
#1100 = CARTESIAN_POINT('',(55.812608422329,57.922446821467,
    8.22559712735));
#1101 = CARTESIAN_POINT('',(55.865665858455,56.099393276738,
    8.457769664352));
#1102 = CARTESIAN_POINT('',(55.916253868571,54.727462618816,
    8.586791416191));
#1103 = CARTESIAN_POINT('',(55.956447295262,53.810743547438,
    8.642573985568));
#1104 = CARTESIAN_POINT('',(55.980224031082,53.280103659068,
    8.666030359681));
#1105 = CARTESIAN_POINT('',(55.983459845873,53.208144594035,
    8.669023437844));
#1106 = CARTESIAN_POINT('',(55.986486086415,53.136169290927,
    8.671829586354));
#1107 = ORIENTED_EDGE('',*,*,#1108,.F.);
#1108 = EDGE_CURVE('',#1109,#1090,#1111,.T.);
#1109 = VERTEX_POINT('',#1110);
#1110 = CARTESIAN_POINT('',(56.07798616089,62.794602485796,7.00784565633
    ));
#1111 = CIRCLE('',#1112,0.25);
#1112 = AXIS2_PLACEMENT_3D('',#1113,#1114,#1115);
#1113 = CARTESIAN_POINT('',(55.856119544769,62.776188103191,
    6.894108612389));
#1114 = DIRECTION('',(-5.928314014074E-02,-0.960700174305,0.271183857163
    ));
#1115 = DIRECTION('',(0.887466464482,7.365753043588E-02,0.454948175763)
  );
#1116 = ORIENTED_EDGE('',*,*,#1117,.F.);
#1117 = EDGE_CURVE('',#973,#1109,#1118,.T.);
#1118 = B_SPLINE_CURVE_WITH_KNOTS('',3,(#1119,#1120,#1121,#1122,#1123,
    #1124,#1125,#1126,#1127,#1128,#1129,#1130,#1131,#1132),
  .UNSPECIFIED.,.F.,.F.,(4,2,1,1,1,2,1,1,1,4),(-9.796998075957,
    -9.58201750336,-8.211527027716,-6.841036552072,-5.470546076428,
    -2.729565125141,-1.637739075084,-0.545913025028,-0.272956512514,0.),
  .UNSPECIFIED.);
#1119 = CARTESIAN_POINT('',(56.222361307413,53.139596138346,
    8.50380890347));
#1120 = CARTESIAN_POINT('',(56.219451369307,53.211933477265,
    8.500556196924));
#1121 = CARTESIAN_POINT('',(56.216194333043,53.283536117015,
    8.497624328604));
#1122 = CARTESIAN_POINT('',(56.19235291412,53.812402438103,
    8.474251423346));
#1123 = CARTESIAN_POINT('',(56.151388551574,54.724152227092,8.4209198342
    ));
#1124 = CARTESIAN_POINT('',(56.09940588352,56.089557263433,
    8.296187125443));
#1125 = CARTESIAN_POINT('',(56.043807468093,57.903573572061,
    8.071673780577));
#1126 = CARTESIAN_POINT('',(56.021111273487,59.255202018212,
    7.837597077063));
#1127 = CARTESIAN_POINT('',(56.019891480446,60.506019596389,
    7.578276829505));
#1128 = CARTESIAN_POINT('',(56.024149243614,61.21631846216,
    7.421057044691));
#1129 = CARTESIAN_POINT('',(56.042263432988,62.010144233005,
    7.22313760518));
#1130 = CARTESIAN_POINT('',(56.063418794878,62.535080936512,
    7.081585304815));
#1131 = CARTESIAN_POINT('',(56.072166535949,62.709389065611,
    7.032994305495));
#1132 = CARTESIAN_POINT('',(56.07798616089,62.794602485796,7.00784565633
    ));
#1133 = ORIENTED_EDGE('',*,*,#972,.T.);
#1134 = B_SPLINE_SURFACE_WITH_KNOTS('',3,3,(
    (#1135,#1136,#1137,#1138,#1139,#1140,#1141,#1142,#1143,#1144,#1145
      ,#1146,#1147,#1148)
    ,(#1149,#1150,#1151,#1152,#1153,#1154,#1155,#1156,#1157,#1158,#1159
      ,#1160,#1161,#1162)
    ,(#1163,#1164,#1165,#1166,#1167,#1168,#1169,#1170,#1171,#1172,#1173
      ,#1174,#1175,#1176)
    ,(#1177,#1178,#1179,#1180,#1181,#1182,#1183,#1184,#1185,#1186,#1187
      ,#1188,#1189,#1190)
    ,(#1191,#1192,#1193,#1194,#1195,#1196,#1197,#1198,#1199,#1200,#1201
      ,#1202,#1203,#1204
    )),.UNSPECIFIED.,.F.,.F.,.F.,(4,1,4),(4,1,1,1,2,1,1,1,2,4),(0.,
    0.571428571429,1.),(0.,0.272956512514,0.545913025028,1.637739075084,
    2.729565125141,5.470546076428,6.841036552072,8.211527027716,
    9.58201750336,9.796998075957),.UNSPECIFIED.);
#1135 = CARTESIAN_POINT('',(55.856119544765,62.844103516567,
    7.134706818172));
#1136 = CARTESIAN_POINT('',(55.850725638371,62.756168497625,
    7.15952887843));
#1137 = CARTESIAN_POINT('',(55.84195108428,62.580027547738,
    7.208627351968));
#1138 = CARTESIAN_POINT('',(55.820180860384,62.050469501977,
    7.352503705223));
#1139 = CARTESIAN_POINT('',(55.800158254577,61.252182906675,
    7.555391433367));
#1140 = CARTESIAN_POINT('',(55.794254905824,60.537895549147,
    7.717012884658));
#1141 = CARTESIAN_POINT('',(55.792586614844,59.280576815268,
    7.98403670158));
#1142 = CARTESIAN_POINT('',(55.812608422329,57.922446821467,
    8.22559712735));
#1143 = CARTESIAN_POINT('',(55.865665858455,56.099393276738,
    8.457769664352));
#1144 = CARTESIAN_POINT('',(55.916253868571,54.727462618816,
    8.586791416191));
#1145 = CARTESIAN_POINT('',(55.956447295262,53.810743547438,
    8.642573985568));
#1146 = CARTESIAN_POINT('',(55.980224031082,53.280103659068,
    8.666030359681));
#1147 = CARTESIAN_POINT('',(55.983459845873,53.208144594035,
    8.669023437844));
#1148 = CARTESIAN_POINT('',(55.986486086415,53.136169290927,
    8.671829586354));
#1149 = CARTESIAN_POINT('',(55.908181263981,62.841127971129,
    7.135546747124));
#1150 = CARTESIAN_POINT('',(55.902627401436,62.753619182215,
    7.160241795031));
#1151 = CARTESIAN_POINT('',(55.893815316082,62.57784746457,
    7.209226343433));
#1152 = CARTESIAN_POINT('',(55.872306295874,62.048964933245,
    7.352891578853));
#1153 = CARTESIAN_POINT('',(55.853047474222,61.25136254578,
    7.555581474548));
#1154 = CARTESIAN_POINT('',(55.847868929635,60.537592372741,
    7.71707736284));
#1155 = CARTESIAN_POINT('',(55.847499619893,59.281084964474,
    7.983928580089));
#1156 = CARTESIAN_POINT('',(55.868805771788,57.923633370701,
    8.225397833123));
#1157 = CARTESIAN_POINT('',(55.923208701188,56.10129595115,
    8.457553969057));
#1158 = CARTESIAN_POINT('',(55.974605660194,54.729814153921,
    8.586604242012));
#1159 = CARTESIAN_POINT('',(56.015215022311,53.813376930724,
    8.642427599387));
#1160 = CARTESIAN_POINT('',(56.039077783167,53.282745763252,
    8.665918243055));
#1161 = CARTESIAN_POINT('',(56.042306229861,53.210763921932,
    8.668916899972));
#1162 = CARTESIAN_POINT('',(56.045271343457,53.138652147849,
    8.671732785577));
#1163 = CARTESIAN_POINT('',(55.999046296125,62.827904455422,
    7.10856479666));
#1164 = CARTESIAN_POINT('',(55.993160489434,62.741523107543,
    7.13330192314));
#1165 = CARTESIAN_POINT('',(55.984339796658,62.566292716263,
    7.18204203095));
#1166 = CARTESIAN_POINT('',(55.963235615822,62.039086484874,
    7.325035711587));
#1167 = CARTESIAN_POINT('',(55.945330203762,61.242884389459,
    7.526340327494));
#1168 = CARTESIAN_POINT('',(55.941393107438,60.530434490764,
    7.686653484309));
#1169 = CARTESIAN_POINT('',(55.943261219196,59.275981622311,
    7.95144799453));
#1170 = CARTESIAN_POINT('',(55.966804624932,57.920457968605,
    8.190910055577));
#1171 = CARTESIAN_POINT('',(56.023531742965,56.100771381709,
    8.421023017599));
#1172 = CARTESIAN_POINT('',(56.076292246194,54.731041011415,
    8.549016404081));
#1173 = CARTESIAN_POINT('',(56.117664129721,53.816101686942,
    8.604108079723));
#1174 = CARTESIAN_POINT('',(56.141620675226,53.285716545513,
    8.627717075492));
#1175 = CARTESIAN_POINT('',(56.144856751631,53.213861144351,
    8.630660332231));
#1176 = CARTESIAN_POINT('',(56.147701860104,53.141499732294,
    8.633637350212));
#1177 = CARTESIAN_POINT('',(56.060108864694,62.805071142844,
    7.041023952734));
#1178 = CARTESIAN_POINT('',(56.054209560956,62.719593081478,
    7.06604906051));
#1179 = CARTESIAN_POINT('',(56.045435045129,62.544997668338,
    7.114663877964));
#1180 = CARTESIAN_POINT('',(56.024357698898,62.019447249535,7.256644715)
  );
#1181 = CARTESIAN_POINT('',(56.006531088198,61.224900274508,
    7.455560324996));
#1182 = CARTESIAN_POINT('',(56.002583991103,60.513973242683,
    7.613693483776));
#1183 = CARTESIAN_POINT('',(56.004390973278,59.262065558752,
    7.874625794019));
#1184 = CARTESIAN_POINT('',(56.027749920635,57.909242159243,
    8.110267832343));
#1185 = CARTESIAN_POINT('',(56.08412756972,56.093503780306,
    8.336392329003));
#1186 = CARTESIAN_POINT('',(56.136608423847,54.726747779488,
    8.462078449973));
#1187 = CARTESIAN_POINT('',(56.177843865971,53.814054137045,
    8.515887711463));
#1188 = CARTESIAN_POINT('',(56.201739917691,53.284658412398,
    8.539362979344));
#1189 = CARTESIAN_POINT('',(56.204991237675,53.212988170089,
    8.542287926789));
#1190 = CARTESIAN_POINT('',(56.207857742855,53.140607036119,
    8.545473425819));
#1191 = CARTESIAN_POINT('',(56.07798616089,62.794602485796,7.00784565633
    ));
#1192 = CARTESIAN_POINT('',(56.072166535949,62.709389065611,
    7.032994305495));
#1193 = CARTESIAN_POINT('',(56.063418794878,62.535080936512,
    7.081585304815));
#1194 = CARTESIAN_POINT('',(56.042263432988,62.010144233005,
    7.22313760518));
#1195 = CARTESIAN_POINT('',(56.024149243614,61.21631846216,
    7.421057044691));
#1196 = CARTESIAN_POINT('',(56.019891480446,60.506019596389,
    7.578276829505));
#1197 = CARTESIAN_POINT('',(56.021111273487,59.255202018212,
    7.837597077063));
#1198 = CARTESIAN_POINT('',(56.043807468093,57.903573572061,
    8.071673780577));
#1199 = CARTESIAN_POINT('',(56.09940588352,56.089557263433,
    8.296187125443));
#1200 = CARTESIAN_POINT('',(56.151388551574,54.724152227092,8.4209198342
    ));
#1201 = CARTESIAN_POINT('',(56.19235291412,53.812402438103,
    8.474251423346));
#1202 = CARTESIAN_POINT('',(56.216194333043,53.283536117015,
    8.497624328604));
#1203 = CARTESIAN_POINT('',(56.219451369307,53.211933477265,
    8.500556196924));
#1204 = CARTESIAN_POINT('',(56.222361307413,53.139596138346,
    8.50380890347));
#1205 = ADVANCED_FACE('',(#1206),#1254,.F.);
#1206 = FACE_BOUND('',#1207,.F.);
#1207 = EDGE_LOOP('',(#1208,#1227,#1236,#1253));
#1208 = ORIENTED_EDGE('',*,*,#1209,.F.);
#1209 = EDGE_CURVE('',#1210,#1026,#1212,.T.);
#1210 = VERTEX_POINT('',#1211);
#1211 = CARTESIAN_POINT('',(40.12472890384,62.79460248581,7.007845656283
    ));
#1212 = B_SPLINE_CURVE_WITH_KNOTS('',3,(#1213,#1214,#1215,#1216,#1217,
    #1218,#1219,#1220,#1221,#1222,#1223,#1224,#1225,#1226),
  .UNSPECIFIED.,.F.,.F.,(4,1,1,1,2,1,1,1,2,4),(0.,0.272956512551,
    0.545913025103,1.637739075308,2.729565125513,5.470546076804,
    6.841036552449,8.211527028095,9.58201750374,9.796998075959),
  .UNSPECIFIED.);
#1213 = CARTESIAN_POINT('',(40.124728903844,62.794602485817,
    7.007845656283));
#1214 = CARTESIAN_POINT('',(40.130548528785,62.709389065618,
    7.032994305453));
#1215 = CARTESIAN_POINT('',(40.139296269881,62.535080936541,
    7.081585304784));
#1216 = CARTESIAN_POINT('',(40.160451631778,62.010144233042,
    7.223137605174));
#1217 = CARTESIAN_POINT('',(40.178565821192,61.21631846216,
    7.421057044717));
#1218 = CARTESIAN_POINT('',(40.182823584342,60.506019596345,
    7.578276829536));
#1219 = CARTESIAN_POINT('',(40.181603791269,59.255202018285,
    7.83759707703));
#1220 = CARTESIAN_POINT('',(40.158907596553,57.903573572374,
    8.071673780382));
#1221 = CARTESIAN_POINT('',(40.103309181111,56.089557263665,
    8.29618712528));
#1222 = CARTESIAN_POINT('',(40.051326513087,54.724152227165,
    8.420919834082));
#1223 = CARTESIAN_POINT('',(40.010362150595,53.812402437936,
    8.474251423358));
#1224 = CARTESIAN_POINT('',(39.986520731723,53.283536116782,
    8.497624328655));
#1225 = CARTESIAN_POINT('',(39.98326369546,53.211933477163,8.50055619697
    ));
#1226 = CARTESIAN_POINT('',(39.980353757357,53.139596138382,
    8.503808903511));
#1227 = ORIENTED_EDGE('',*,*,#1228,.F.);
#1228 = EDGE_CURVE('',#1229,#1210,#1231,.T.);
#1229 = VERTEX_POINT('',#1230);
#1230 = CARTESIAN_POINT('',(40.346595519961,62.844103516581,
    7.134706818124));
#1231 = CIRCLE('',#1232,0.25);
#1232 = AXIS2_PLACEMENT_3D('',#1233,#1234,#1235);
#1233 = CARTESIAN_POINT('',(40.346595519961,62.776188103206,
    6.894108612342));
#1234 = DIRECTION('',(5.92831401456E-02,-0.960700174302,0.271183857172)
  );
#1235 = DIRECTION('',(-2.629039347335E-12,0.271661653522,0.962392823127)
  );
#1236 = ORIENTED_EDGE('',*,*,#1237,.F.);
#1237 = EDGE_CURVE('',#1037,#1229,#1238,.T.);
#1238 = B_SPLINE_CURVE_WITH_KNOTS('',3,(#1239,#1240,#1241,#1242,#1243,
    #1244,#1245,#1246,#1247,#1248,#1249,#1250,#1251,#1252),
  .UNSPECIFIED.,.F.,.F.,(4,2,1,1,1,2,1,1,1,4),(-9.796998075959,
    -9.58201750374,-8.211527028095,-6.841036552449,-5.470546076804,
    -2.729565125513,-1.637739075308,-0.545913025103,-0.272956512551,0.),
  .UNSPECIFIED.);
#1239 = CARTESIAN_POINT('',(40.216228978356,53.136169290963,
    8.671829586394));
#1240 = CARTESIAN_POINT('',(40.219255218894,53.20814459394,
    8.669023437889));
#1241 = CARTESIAN_POINT('',(40.222491033681,53.280103658835,
    8.666030359731));
#1242 = CARTESIAN_POINT('',(40.246267769475,53.810743547183,
    8.64257398562));
#1243 = CARTESIAN_POINT('',(40.286461196123,54.727462618524,
    8.586791416244));
#1244 = CARTESIAN_POINT('',(40.33704920622,56.09939327649,8.457769664402
    ));
#1245 = CARTESIAN_POINT('',(40.390106642357,57.922446821169,
    8.225597127403));
#1246 = CARTESIAN_POINT('',(40.410128449905,59.280576814948,
    7.984036701632));
#1247 = CARTESIAN_POINT('',(40.408460158942,60.537895548878,
    7.717012884694));
#1248 = CARTESIAN_POINT('',(40.402556810197,61.252182906515,
    7.555391433379));
#1249 = CARTESIAN_POINT('',(40.382534204364,62.050469501912,
    7.352503705204));
#1250 = CARTESIAN_POINT('',(40.360763980461,62.580027547738,
    7.20862735193));
#1251 = CARTESIAN_POINT('',(40.351989426355,62.756168497632,
    7.159528878383));
#1252 = CARTESIAN_POINT('',(40.346595519961,62.844103516589,
    7.134706818121));
#1253 = ORIENTED_EDGE('',*,*,#1036,.T.);
#1254 = B_SPLINE_SURFACE_WITH_KNOTS('',3,3,(
    (#1255,#1256,#1257,#1258,#1259,#1260,#1261,#1262,#1263,#1264,#1265
      ,#1266,#1267,#1268)
    ,(#1269,#1270,#1271,#1272,#1273,#1274,#1275,#1276,#1277,#1278,#1279
      ,#1280,#1281,#1282)
    ,(#1283,#1284,#1285,#1286,#1287,#1288,#1289,#1290,#1291,#1292,#1293
      ,#1294,#1295,#1296)
    ,(#1297,#1298,#1299,#1300,#1301,#1302,#1303,#1304,#1305,#1306,#1307
      ,#1308,#1309,#1310)
    ,(#1311,#1312,#1313,#1314,#1315,#1316,#1317,#1318,#1319,#1320,#1321
      ,#1322,#1323,#1324
    )),.UNSPECIFIED.,.F.,.F.,.F.,(4,1,4),(4,1,1,1,2,1,1,1,2,4),(0.,
    0.571428571429,1.),(0.,0.272956512551,0.545913025103,1.637739075308,
    2.729565125513,5.470546076804,6.841036552449,8.211527028095,
    9.58201750374,9.796998075959),.UNSPECIFIED.);
#1255 = CARTESIAN_POINT('',(40.124728903844,62.794602485817,
    7.007845656283));
#1256 = CARTESIAN_POINT('',(40.130548528785,62.709389065618,
    7.032994305453));
#1257 = CARTESIAN_POINT('',(40.139296269881,62.535080936541,
    7.081585304784));
#1258 = CARTESIAN_POINT('',(40.160451631778,62.010144233042,
    7.223137605174));
#1259 = CARTESIAN_POINT('',(40.178565821192,61.21631846216,
    7.421057044717));
#1260 = CARTESIAN_POINT('',(40.182823584342,60.506019596345,
    7.578276829536));
#1261 = CARTESIAN_POINT('',(40.181603791269,59.255202018285,
    7.83759707703));
#1262 = CARTESIAN_POINT('',(40.158907596553,57.903573572374,
    8.071673780382));
#1263 = CARTESIAN_POINT('',(40.103309181111,56.089557263665,
    8.29618712528));
#1264 = CARTESIAN_POINT('',(40.051326513087,54.724152227165,
    8.420919834082));
#1265 = CARTESIAN_POINT('',(40.010362150595,53.812402437936,
    8.474251423358));
#1266 = CARTESIAN_POINT('',(39.986520731723,53.283536116782,
    8.497624328655));
#1267 = CARTESIAN_POINT('',(39.98326369546,53.211933477163,8.50055619697
    ));
#1268 = CARTESIAN_POINT('',(39.980353757357,53.139596138382,
    8.503808903511));
#1269 = CARTESIAN_POINT('',(40.148565298772,62.808560695215,
    7.05208338482));
#1270 = CARTESIAN_POINT('',(40.15449116211,62.722994420103,
    7.077067312138));
#1271 = CARTESIAN_POINT('',(40.163274602877,62.548303245647,
    7.125690068981));
#1272 = CARTESIAN_POINT('',(40.184325943897,62.022548255081,7.2678137516
    ));
#1273 = CARTESIAN_POINT('',(40.202056695078,61.227760878624,
    7.467061418458));
#1274 = CARTESIAN_POINT('',(40.205900236801,60.516624458069,
    7.62549903523));
#1275 = CARTESIAN_POINT('',(40.20389752488,59.264353405677,
    7.886968699638));
#1276 = CARTESIAN_POINT('',(40.180317659833,57.911131688619,
    8.123132516071));
#1277 = CARTESIAN_POINT('',(40.123680266177,56.094819286162,
    8.349794063361));
#1278 = CARTESIAN_POINT('',(40.071033350054,54.727612963696,
    8.475797988446));
#1279 = CARTESIAN_POINT('',(40.029707548128,53.814604703184,
    8.529766474181));
#1280 = CARTESIAN_POINT('',(40.005793285527,53.285032510634,
    8.553275862976));
#1281 = CARTESIAN_POINT('',(40.002543870971,53.213339734262,
    8.556198503458));
#1282 = CARTESIAN_POINT('',(39.999691843437,53.14094400208,
    8.559361599976));
#1283 = CARTESIAN_POINT('',(40.216400859499,62.830745133484,
    7.115844881698));
#1284 = CARTESIAN_POINT('',(40.222225506226,62.744105960111,
    7.140527046587));
#1285 = CARTESIAN_POINT('',(40.231063958749,62.568860611158,
    7.189320936193));
#1286 = CARTESIAN_POINT('',(40.252205592849,62.041319569726,
    7.332436834835));
#1287 = CARTESIAN_POINT('',(40.270297650735,61.244926734835,
    7.534081067961));
#1288 = CARTESIAN_POINT('',(40.274390938048,60.532227611227,
    7.694687187196));
#1289 = CARTESIAN_POINT('',(40.272807593992,59.27741076368,
    7.960004283154));
#1290 = CARTESIAN_POINT('',(40.249554532893,57.921541106123,
    8.200004088467));
#1291 = CARTESIAN_POINT('',(40.193119328756,56.101298019726,
    8.430685649581));
#1292 = CARTESIAN_POINT('',(40.140517556498,54.731230619342,
    8.558959714329));
#1293 = CARTESIAN_POINT('',(40.099255070243,53.815915967578,
    8.614296305455));
#1294 = CARTESIAN_POINT('',(40.075291665093,53.285516763266,
    8.637844318606));
#1295 = CARTESIAN_POINT('',(40.072063431216,53.213603163153,
    8.64081787304));
#1296 = CARTESIAN_POINT('',(40.069198661469,53.141293642875,
    8.643742057856));
#1297 = CARTESIAN_POINT('',(40.307549230551,62.841871857512,
    7.135336764834));
#1298 = CARTESIAN_POINT('',(40.313063104059,62.754256511078,
    7.160063565834));
#1299 = CARTESIAN_POINT('',(40.321865806611,62.57839248536,
    7.209076595528));
#1300 = CARTESIAN_POINT('',(40.343440127748,62.049341075362,
    7.352794610427));
#1301 = CARTESIAN_POINT('',(40.362889895463,61.251567635845,
    7.555533964265));
#1302 = CARTESIAN_POINT('',(40.368249641084,60.537668166573,
    7.717061243331));
#1303 = CARTESIAN_POINT('',(40.368943696118,59.28095792685,
    7.983955610513));
#1304 = CARTESIAN_POINT('',(40.347958630264,57.923336733089,
    8.225447656733));
#1305 = CARTESIAN_POINT('',(40.293892074169,56.100820282307,
    8.457607892931));
#1306 = CARTESIAN_POINT('',(40.242697352405,54.729226269854,
    8.58665103561));
#1307 = CARTESIAN_POINT('',(40.202191974189,53.812718584653,
    8.642464195984));
#1308 = CARTESIAN_POINT('',(40.178350719616,53.28208523697,
    8.665946272262));
#1309 = CARTESIAN_POINT('',(40.1751204309,53.210109089865,8.668943534485
    ));
#1310 = CARTESIAN_POINT('',(40.172140035575,53.138031433657,
    8.671756985812));
#1311 = CARTESIAN_POINT('',(40.346595519961,62.844103516589,
    7.134706818121));
#1312 = CARTESIAN_POINT('',(40.351989426355,62.756168497632,
    7.159528878383));
#1313 = CARTESIAN_POINT('',(40.360763980461,62.580027547738,
    7.20862735193));
#1314 = CARTESIAN_POINT('',(40.382534204364,62.050469501912,
    7.352503705204));
#1315 = CARTESIAN_POINT('',(40.402556810197,61.252182906515,
    7.555391433379));
#1316 = CARTESIAN_POINT('',(40.408460158942,60.537895548878,
    7.717012884694));
#1317 = CARTESIAN_POINT('',(40.410128449905,59.280576814948,
    7.984036701632));
#1318 = CARTESIAN_POINT('',(40.390106642357,57.922446821169,
    8.225597127403));
#1319 = CARTESIAN_POINT('',(40.33704920622,56.09939327649,8.457769664402
    ));
#1320 = CARTESIAN_POINT('',(40.286461196123,54.727462618524,
    8.586791416244));
#1321 = CARTESIAN_POINT('',(40.246267769475,53.810743547183,
    8.64257398562));
#1322 = CARTESIAN_POINT('',(40.222491033681,53.280103658835,
    8.666030359731));
#1323 = CARTESIAN_POINT('',(40.219255218894,53.20814459394,
    8.669023437889));
#1324 = CARTESIAN_POINT('',(40.216228978356,53.136169290963,
    8.671829586394));
#1325 = ADVANCED_FACE('',(#1326),#1360,.F.);
#1326 = FACE_BOUND('',#1327,.F.);
#1327 = EDGE_LOOP('',(#1328,#1340,#1349,#1359));
#1328 = ORIENTED_EDGE('',*,*,#1329,.F.);
#1329 = EDGE_CURVE('',#1330,#1090,#1332,.T.);
#1330 = VERTEX_POINT('',#1331);
#1331 = CARTESIAN_POINT('',(54.359848708471,64.578321041729,
    6.604371051372));
#1332 = B_SPLINE_CURVE_WITH_KNOTS('',3,(#1333,#1334,#1335,#1336,#1337,
    #1338,#1339),.UNSPECIFIED.,.F.,.F.,(4,1,1,1,4),(0.,0.750691999888,
    1.126037999833,1.876729999721,2.62742199961),.UNSPECIFIED.);
#1333 = CARTESIAN_POINT('',(54.359848708478,64.578321041721,
    6.604371051375));
#1334 = CARTESIAN_POINT('',(54.610079375103,64.578321041721,
    6.604371051376));
#1335 = CARTESIAN_POINT('',(54.98423896587,64.478655850944,
    6.637483989057));
#1336 = CARTESIAN_POINT('',(55.479707744991,64.103524743237,
    6.758484717995));
#1337 = CARTESIAN_POINT('',(55.806979285269,63.574209476836,
    6.92368690717));
#1338 = CARTESIAN_POINT('',(55.870954004451,63.085944660503,
    7.066440551559));
#1339 = CARTESIAN_POINT('',(55.856119544773,62.844103516567,
    7.134706818171));
#1340 = ORIENTED_EDGE('',*,*,#1341,.F.);
#1341 = EDGE_CURVE('',#1342,#1330,#1344,.T.);
#1342 = VERTEX_POINT('',#1343);
#1343 = CARTESIAN_POINT('',(54.359848708475,64.749099904089,
    6.388728235804));
#1344 = CIRCLE('',#1345,0.250000000001);
#1345 = AXIS2_PLACEMENT_3D('',#1346,#1347,#1348);
#1346 = CARTESIAN_POINT('',(54.359848708475,64.500051229566,
    6.366939300116));
#1347 = DIRECTION('',(1.,-2.829572969561E-13,3.886421791432E-12));
#1348 = DIRECTION('',(-5.684341886067E-14,0.996194698091,
    8.715574275068E-02));
#1349 = ORIENTED_EDGE('',*,*,#1350,.F.);
#1350 = EDGE_CURVE('',#1109,#1342,#1351,.T.);
#1351 = B_SPLINE_CURVE_WITH_KNOTS('',3,(#1352,#1353,#1354,#1355,#1356,
    #1357,#1358),.UNSPECIFIED.,.F.,.F.,(4,1,1,1,4),(-2.62742199961,
    -1.876729999721,-1.126037999833,-0.750691999888,0.),.UNSPECIFIED.);
#1352 = CARTESIAN_POINT('',(56.077986160894,62.794602485796,
    7.00784565633));
#1353 = CARTESIAN_POINT('',(56.08634826008,63.067334408777,
    6.947377576704));
#1354 = CARTESIAN_POINT('',(56.000668133009,63.609333890359,
    6.810464689924));
#1355 = CARTESIAN_POINT('',(55.631149699013,64.195982906152,
    6.634874024071));
#1356 = CARTESIAN_POINT('',(55.076069422255,64.622376539475,
    6.485385949501));
#1357 = CARTESIAN_POINT('',(54.650748167369,64.746406744976,
    6.419511185288));
#1358 = CARTESIAN_POINT('',(54.359848708478,64.749099904089,
    6.388728235807));
#1359 = ORIENTED_EDGE('',*,*,#1108,.T.);
#1360 = B_SPLINE_SURFACE_WITH_KNOTS('',3,3,(
    (#1361,#1362,#1363,#1364,#1365,#1366,#1367)
    ,(#1368,#1369,#1370,#1371,#1372,#1373,#1374)
    ,(#1375,#1376,#1377,#1378,#1379,#1380,#1381)
    ,(#1382,#1383,#1384,#1385,#1386,#1387,#1388)
    ,(#1389,#1390,#1391,#1392,#1393,#1394,#1395
  )),.UNSPECIFIED.,.F.,.F.,.F.,(4,1,4),(4,1,1,1,4),(0.,0.571428571429,1.
    ),(0.,0.750691999888,1.126037999833,1.876729999721,2.62742199961),
  .UNSPECIFIED.);
#1361 = CARTESIAN_POINT('',(54.359848708478,64.578321041721,
    6.604371051375));
#1362 = CARTESIAN_POINT('',(54.610079375103,64.578321041721,
    6.604371051376));
#1363 = CARTESIAN_POINT('',(54.98423896587,64.478655850944,
    6.637483989057));
#1364 = CARTESIAN_POINT('',(55.479707744991,64.103524743237,
    6.758484717995));
#1365 = CARTESIAN_POINT('',(55.806979285269,63.574209476836,
    6.92368690717));
#1366 = CARTESIAN_POINT('',(55.870954004451,63.085944660503,
    7.066440551559));
#1367 = CARTESIAN_POINT('',(55.856119544773,62.844103516567,
    7.134706818171));
#1368 = CARTESIAN_POINT('',(54.359848708478,64.631012633618,
    6.58700117149));
#1369 = CARTESIAN_POINT('',(54.61991492899,64.625353539806,
    6.588757291295));
#1370 = CARTESIAN_POINT('',(55.004609452582,64.517094068789,
    6.624814925734));
#1371 = CARTESIAN_POINT('',(55.512673296274,64.129425582556,
    6.750173104857));
#1372 = CARTESIAN_POINT('',(55.849506389928,63.588385494062,
    6.919378695661));
#1373 = CARTESIAN_POINT('',(55.920005190135,63.089472466614,
    7.065412063238));
#1374 = CARTESIAN_POINT('',(55.908181263985,62.841127971129,
    7.135546747122));
#1375 = CARTESIAN_POINT('',(54.359848708475,64.712390224675,
    6.524801194749));
#1376 = CARTESIAN_POINT('',(54.637030380596,64.699512662257,
    6.536850672339));
#1377 = CARTESIAN_POINT('',(55.040222599189,64.577955534383,
    6.583076760759));
#1378 = CARTESIAN_POINT('',(55.570318291604,64.169284004747,
    6.718220205185));
#1379 = CARTESIAN_POINT('',(55.923879611979,63.607295437687,
    6.892413657499));
#1380 = CARTESIAN_POINT('',(56.005728800344,63.088517820193,
    7.039186504464));
#1381 = CARTESIAN_POINT('',(55.999046296136,62.827904455422,
    7.108564796658));
#1382 = CARTESIAN_POINT('',(54.359848708478,64.745473302864,
    6.430180477509));
#1383 = CARTESIAN_POINT('',(54.647850470479,64.738019386074,
    6.456136460481));
#1384 = CARTESIAN_POINT('',(55.067082367288,64.613118655259,
    6.516322513287));
#1385 = CARTESIAN_POINT('',(55.615450596917,64.190752234346,
    6.661819130167));
#1386 = CARTESIAN_POINT('',(55.981111720008,63.61079894915,
    6.837353979088));
#1387 = CARTESIAN_POINT('',(56.067016307297,63.074957054159,
    6.977684636698));
#1388 = CARTESIAN_POINT('',(56.060108864698,62.805071142844,
    7.041023952734));
#1389 = CARTESIAN_POINT('',(54.359848708478,64.749099904089,
    6.388728235807));
#1390 = CARTESIAN_POINT('',(54.650748167369,64.746406744976,
    6.419511185288));
#1391 = CARTESIAN_POINT('',(55.076069422255,64.622376539475,
    6.485385949501));
#1392 = CARTESIAN_POINT('',(55.631149699013,64.195982906152,
    6.634874024071));
#1393 = CARTESIAN_POINT('',(56.000668133009,63.609333890359,
    6.810464689924));
#1394 = CARTESIAN_POINT('',(56.08634826008,63.067334408777,
    6.947377576704));
#1395 = CARTESIAN_POINT('',(56.077986160894,62.794602485796,
    7.00784565633));
#1396 = ADVANCED_FACE('',(#1397),#1431,.F.);
#1397 = FACE_BOUND('',#1398,.F.);
#1398 = EDGE_LOOP('',(#1399,#1411,#1420,#1430));
#1399 = ORIENTED_EDGE('',*,*,#1400,.F.);
#1400 = EDGE_CURVE('',#1401,#1210,#1403,.T.);
#1401 = VERTEX_POINT('',#1402);
#1402 = CARTESIAN_POINT('',(41.842866356263,64.749099904089,
    6.388728235755));
#1403 = B_SPLINE_CURVE_WITH_KNOTS('',3,(#1404,#1405,#1406,#1407,#1408,
    #1409,#1410),.UNSPECIFIED.,.F.,.F.,(4,1,1,1,4),(0.,0.75069199985,
    1.126037999774,1.876729999624,2.627421999473),.UNSPECIFIED.);
#1404 = CARTESIAN_POINT('',(41.842866356263,64.749099904089,
    6.388728235754));
#1405 = CARTESIAN_POINT('',(41.551966897376,64.746406744984,
    6.419511185232));
#1406 = CARTESIAN_POINT('',(41.126645642537,64.622376539468,
    6.485385949441));
#1407 = CARTESIAN_POINT('',(40.571565365786,64.195982906203,
    6.634874023997));
#1408 = CARTESIAN_POINT('',(40.202046931805,63.60933389049,
    6.810464689832));
#1409 = CARTESIAN_POINT('',(40.116366804672,63.06733440893,
    6.947377576621));
#1410 = CARTESIAN_POINT('',(40.12472890384,62.794602485963,
    7.007845656249));
#1411 = ORIENTED_EDGE('',*,*,#1412,.F.);
#1412 = EDGE_CURVE('',#1413,#1401,#1415,.T.);
#1413 = VERTEX_POINT('',#1414);
#1414 = CARTESIAN_POINT('',(41.842866356259,64.578321041729,
    6.604371051323));
#1415 = CIRCLE('',#1416,0.25);
#1416 = AXIS2_PLACEMENT_3D('',#1417,#1418,#1419);
#1417 = CARTESIAN_POINT('',(41.842866356263,64.500051229566,
    6.366939300068));
#1418 = DIRECTION('',(-1.,-1.156542538972E-12,-3.411888031026E-12));
#1419 = DIRECTION('',(-3.602451670304E-12,0.313079248649,0.949727005021)
  );
#1420 = ORIENTED_EDGE('',*,*,#1421,.F.);
#1421 = EDGE_CURVE('',#1229,#1413,#1422,.T.);
#1422 = B_SPLINE_CURVE_WITH_KNOTS('',3,(#1423,#1424,#1425,#1426,#1427,
    #1428,#1429),.UNSPECIFIED.,.F.,.F.,(4,1,1,1,4),(-2.627421999473,
    -1.876729999624,-1.126037999774,-0.75069199985,0.),.UNSPECIFIED.);
#1423 = CARTESIAN_POINT('',(40.346595519954,62.84410351672,
    7.134706818083));
#1424 = CARTESIAN_POINT('',(40.331761060294,63.085944660641,
    7.066440551472));
#1425 = CARTESIAN_POINT('',(40.395735779519,63.574209476945,
    6.923686907087));
#1426 = CARTESIAN_POINT('',(40.723007319783,64.103524743267,
    6.758484717929));
#1427 = CARTESIAN_POINT('',(41.218476098897,64.478655850908,
    6.637483989013));
#1428 = CARTESIAN_POINT('',(41.592635689638,64.578321041729,
    6.604371051321));
#1429 = CARTESIAN_POINT('',(41.842866356259,64.578321041729,
    6.604371051323));
#1430 = ORIENTED_EDGE('',*,*,#1228,.T.);
#1431 = B_SPLINE_SURFACE_WITH_KNOTS('',3,3,(
    (#1432,#1433,#1434,#1435,#1436,#1437,#1438)
    ,(#1439,#1440,#1441,#1442,#1443,#1444,#1445)
    ,(#1446,#1447,#1448,#1449,#1450,#1451,#1452)
    ,(#1453,#1454,#1455,#1456,#1457,#1458,#1459)
    ,(#1460,#1461,#1462,#1463,#1464,#1465,#1466
  )),.UNSPECIFIED.,.F.,.F.,.F.,(4,1,4),(4,1,1,1,4),(0.,0.571428571429,1.
    ),(0.,0.75069199985,1.126037999774,1.876729999624,2.627421999473),
  .UNSPECIFIED.);
#1432 = CARTESIAN_POINT('',(41.842866356263,64.749099904089,
    6.388728235754));
#1433 = CARTESIAN_POINT('',(41.551966897376,64.746406744984,
    6.419511185232));
#1434 = CARTESIAN_POINT('',(41.126645642537,64.622376539468,
    6.485385949441));
#1435 = CARTESIAN_POINT('',(40.571565365786,64.195982906203,
    6.634874023997));
#1436 = CARTESIAN_POINT('',(40.202046931805,63.60933389049,
    6.810464689832));
#1437 = CARTESIAN_POINT('',(40.116366804672,63.06733440893,
    6.947377576621));
#1438 = CARTESIAN_POINT('',(40.12472890384,62.794602485963,
    7.007845656249));
#1439 = CARTESIAN_POINT('',(41.842866356263,64.744264435787,
    6.443997891355));
#1440 = CARTESIAN_POINT('',(41.555808052788,64.735141025194,
    6.468302176584));
#1441 = CARTESIAN_POINT('',(41.138637927161,64.609961198788,
    6.526564501681));
#1442 = CARTESIAN_POINT('',(40.592510588253,64.188930136865,
    6.670721241012));
#1443 = CARTESIAN_POINT('',(40.228148244016,63.611244045504,
    6.846248416869));
#1444 = CARTESIAN_POINT('',(40.142171629723,63.077502797794,
    6.987751135063));
#1445 = CARTESIAN_POINT('',(40.148565298769,62.808560695354,
    7.052083384784));
#1446 = CARTESIAN_POINT('',(41.842866356263,64.702363722507,
    6.537461679297));
#1447 = CARTESIAN_POINT('',(41.568077517641,64.69006780957,
    6.547165612462));
#1448 = CARTESIAN_POINT('',(41.167523155935,64.570133159446,
    6.591348446747));
#1449 = CARTESIAN_POINT('',(40.640557256858,64.164311555622,
    6.724843055496));
#1450 = CARTESIAN_POINT('',(40.289353423472,63.605342825729,
    6.898569232246));
#1451 = CARTESIAN_POINT('',(40.209051535701,63.089516987573,
    7.045849773381));
#1452 = CARTESIAN_POINT('',(40.216400859496,62.830745133622,
    7.115844881659));
#1453 = CARTESIAN_POINT('',(41.842866356259,64.617839735649,
    6.591343641408));
#1454 = CARTESIAN_POINT('',(41.585274041921,64.613653923603,
    6.592698305134));
#1455 = CARTESIAN_POINT('',(41.203191811568,64.507535947938,
    6.62804022052));
#1456 = CARTESIAN_POINT('',(40.698274346247,64.123006881127,
    6.752316582142));
#1457 = CARTESIAN_POINT('',(40.363822916086,63.584873400811,
    6.920511445373));
#1458 = CARTESIAN_POINT('',(40.294953265147,63.088588392697,
    7.065697510562));
#1459 = CARTESIAN_POINT('',(40.307549230543,62.841871857643,
    7.135336764796));
#1460 = CARTESIAN_POINT('',(41.842866356259,64.578321041729,
    6.604371051323));
#1461 = CARTESIAN_POINT('',(41.592635689638,64.578321041729,
    6.604371051321));
#1462 = CARTESIAN_POINT('',(41.218476098897,64.478655850908,
    6.637483989013));
#1463 = CARTESIAN_POINT('',(40.723007319783,64.103524743267,
    6.758484717929));
#1464 = CARTESIAN_POINT('',(40.395735779519,63.574209476945,
    6.923686907087));
#1465 = CARTESIAN_POINT('',(40.331761060294,63.085944660641,
    7.066440551472));
#1466 = CARTESIAN_POINT('',(40.346595519954,62.84410351672,
    7.134706818083));
#1467 = ADVANCED_FACE('',(#1468),#1486,.F.);
#1468 = FACE_BOUND('',#1469,.F.);
#1469 = EDGE_LOOP('',(#1470,#1477,#1478,#1485));
#1470 = ORIENTED_EDGE('',*,*,#1471,.F.);
#1471 = EDGE_CURVE('',#1413,#1330,#1472,.T.);
#1472 = B_SPLINE_CURVE_WITH_KNOTS('',3,(#1473,#1474,#1475,#1476),
  .UNSPECIFIED.,.F.,.F.,(4,4),(0.,12.516982352212),
  .PIECEWISE_BEZIER_KNOTS.);
#1473 = CARTESIAN_POINT('',(41.842866356263,64.578321041729,
    6.604371051323));
#1474 = CARTESIAN_POINT('',(46.015193806998,64.578321041729,
    6.604371051339));
#1475 = CARTESIAN_POINT('',(50.187521257732,64.578321041729,
    6.604371051356));
#1476 = CARTESIAN_POINT('',(54.359848708475,64.578321041729,
    6.604371051372));
#1477 = ORIENTED_EDGE('',*,*,#1412,.T.);
#1478 = ORIENTED_EDGE('',*,*,#1479,.F.);
#1479 = EDGE_CURVE('',#1342,#1401,#1480,.T.);
#1480 = B_SPLINE_CURVE_WITH_KNOTS('',3,(#1481,#1482,#1483,#1484),
  .UNSPECIFIED.,.F.,.F.,(4,4),(-12.51698235221,0.),
  .PIECEWISE_BEZIER_KNOTS.);
#1481 = CARTESIAN_POINT('',(54.359848708475,64.749099904089,
    6.388728235804));
#1482 = CARTESIAN_POINT('',(50.187521257732,64.749099904089,
    6.388728235788));
#1483 = CARTESIAN_POINT('',(46.015193806998,64.749099904089,
    6.388728235772));
#1484 = CARTESIAN_POINT('',(41.842866356263,64.749099904089,
    6.388728235756));
#1485 = ORIENTED_EDGE('',*,*,#1341,.T.);
#1486 = B_SPLINE_SURFACE_WITH_KNOTS('',3,3,(
    (#1487,#1488,#1489,#1490)
    ,(#1491,#1492,#1493,#1494)
    ,(#1495,#1496,#1497,#1498)
    ,(#1499,#1500,#1501,#1502)
    ,(#1503,#1504,#1505,#1506
  )),.UNSPECIFIED.,.F.,.F.,.F.,(4,1,4),(4,4),(0.,0.571428571429,1.),(0.,
    12.516982352212),.UNSPECIFIED.);
#1487 = CARTESIAN_POINT('',(41.842866356263,64.578321041729,
    6.604371051323));
#1488 = CARTESIAN_POINT('',(46.015193806998,64.578321041729,
    6.604371051339));
#1489 = CARTESIAN_POINT('',(50.187521257732,64.578321041729,
    6.604371051356));
#1490 = CARTESIAN_POINT('',(54.359848708475,64.578321041729,
    6.604371051372));
#1491 = CARTESIAN_POINT('',(41.842866356263,64.631012633625,
    6.587001171437));
#1492 = CARTESIAN_POINT('',(46.015193806998,64.631012633625,
    6.587001171454));
#1493 = CARTESIAN_POINT('',(50.187521257732,64.631012633625,
    6.58700117147));
#1494 = CARTESIAN_POINT('',(54.359848708475,64.631012633625,
    6.587001171486));
#1495 = CARTESIAN_POINT('',(41.842866356263,64.712390224668,
    6.524801194695));
#1496 = CARTESIAN_POINT('',(46.015193806998,64.712390224668,
    6.524801194712));
#1497 = CARTESIAN_POINT('',(50.187521257736,64.712390224668,
    6.524801194728));
#1498 = CARTESIAN_POINT('',(54.359848708478,64.712390224668,
    6.524801194744));
#1499 = CARTESIAN_POINT('',(41.842866356263,64.745473302864,
    6.430180477457));
#1500 = CARTESIAN_POINT('',(46.015193806998,64.745473302864,
    6.430180477473));
#1501 = CARTESIAN_POINT('',(50.187521257732,64.745473302864,
    6.430180477489));
#1502 = CARTESIAN_POINT('',(54.359848708475,64.745473302864,
    6.430180477505));
#1503 = CARTESIAN_POINT('',(41.842866356263,64.749099904089,
    6.388728235756));
#1504 = CARTESIAN_POINT('',(46.015193806998,64.749099904089,
    6.388728235772));
#1505 = CARTESIAN_POINT('',(50.187521257732,64.749099904089,
    6.388728235788));
#1506 = CARTESIAN_POINT('',(54.359848708475,64.749099904089,
    6.388728235804));
#1507 = ADVANCED_FACE('',(#1508),#1534,.F.);
#1508 = FACE_BOUND('',#1509,.F.);
#1509 = EDGE_LOOP('',(#1510,#1518,#1527,#1533));
#1510 = ORIENTED_EDGE('',*,*,#1511,.T.);
#1511 = EDGE_CURVE('',#1342,#1512,#1514,.T.);
#1512 = VERTEX_POINT('',#1513);
#1513 = CARTESIAN_POINT('',(59.232607532384,65.308041199089,
    2.908784324518E-12));
#1514 = LINE('',#1515,#1516);
#1515 = CARTESIAN_POINT('',(54.732607532384,64.791858084267,
    5.900000000007));
#1516 = VECTOR('',#1517,1.);
#1517 = DIRECTION('',(0.604987123112,6.939647502999E-02,-0.793205339192)
  );
#1518 = ORIENTED_EDGE('',*,*,#1519,.F.);
#1519 = EDGE_CURVE('',#1520,#1512,#1522,.T.);
#1520 = VERTEX_POINT('',#1521);
#1521 = CARTESIAN_POINT('',(59.482607532384,65.058041199089,
    2.908784324518E-12));
#1522 = CIRCLE('',#1523,0.25);
#1523 = AXIS2_PLACEMENT_3D('',#1524,#1525,#1526);
#1524 = CARTESIAN_POINT('',(59.232607532384,65.058041199089,
    2.908784324518E-12));
#1525 = DIRECTION('',(1.54074395551E-33,0.,1.));
#1526 = DIRECTION('',(7.105427357601E-15,1.,-1.094764425254E-47));
#1527 = ORIENTED_EDGE('',*,*,#1528,.F.);
#1528 = EDGE_CURVE('',#1109,#1520,#1529,.T.);
#1529 = LINE('',#1530,#1531);
#1530 = CARTESIAN_POINT('',(56.482607532384,63.063600290996,
    6.175000000007));
#1531 = VECTOR('',#1532,1.);
#1532 = DIRECTION('',(0.41963821319,0.278981206329,-0.863755322152));
#1533 = ORIENTED_EDGE('',*,*,#1350,.T.);
#1534 = B_SPLINE_SURFACE_WITH_KNOTS('',3,3,(
    (#1535,#1536,#1537,#1538)
    ,(#1539,#1540,#1541,#1542)
    ,(#1543,#1544,#1545,#1546)
    ,(#1547,#1548,#1549,#1550)
    ,(#1551,#1552,#1553,#1554)
    ,(#1555,#1556,#1557,#1558)
    ,(#1559,#1560,#1561,#1562
    )),.UNSPECIFIED.,.F.,.F.,.F.,(4,1,1,1,4),(4,4),(0.,0.285714285714,
    0.571428571429,0.857142857143,1.),(-0.134873790498,1.),
  .UNSPECIFIED.);
#1535 = CARTESIAN_POINT('',(56.07798616089,62.794602485796,
    7.007845656332));
#1536 = CARTESIAN_POINT('',(57.212859951389,63.549082056896,
    4.671897104222));
#1537 = CARTESIAN_POINT('',(58.347733741884,64.303561627989,
    2.335948552112));
#1538 = CARTESIAN_POINT('',(59.482607532384,65.058041199089,
    2.908784324518E-12));
#1539 = CARTESIAN_POINT('',(56.07798616089,63.082976160818,
    6.961157057769));
#1540 = CARTESIAN_POINT('',(57.212780410653,63.753815030483,
    4.640768168526));
#1541 = CARTESIAN_POINT('',(58.34781328262,64.424602241968,
    2.320388889246));
#1542 = CARTESIAN_POINT('',(59.482607532384,65.095441111633,
    2.908784324518E-12));
#1543 = CARTESIAN_POINT('',(55.944570119169,63.659505662639,
    6.867815130951));
#1544 = CARTESIAN_POINT('',(57.118181358499,64.163054114892,
    4.578547244417));
#1545 = CARTESIAN_POINT('',(58.291911916742,64.666664231168,
    2.289267886537));
#1546 = CARTESIAN_POINT('',(59.465523156072,65.170212683421,
    2.908340235308E-12));
#1547 = CARTESIAN_POINT('',(55.384480851255,64.353324648917,
    6.755483670313));
#1548 = CARTESIAN_POINT('',(56.720890961544,64.655644386359,
    4.503650321127));
#1549 = CARTESIAN_POINT('',(58.057391716797,64.957876088192,
    2.251833349189));
#1550 = CARTESIAN_POINT('',(59.393801827086,65.260195825635,
    2.909672502938E-12));
#1551 = CARTESIAN_POINT('',(54.709877125912,64.673936950654,
    6.703575537403));
#1552 = CARTESIAN_POINT('',(56.242382907818,64.883186167863,
    4.469056078379));
#1553 = CARTESIAN_POINT('',(57.774910751807,65.092527630135,
    2.234519459026));
#1554 = CARTESIAN_POINT('',(59.307416533713,65.301776847344,
    2.908340235308E-12));
#1555 = CARTESIAN_POINT('',(54.271707972948,64.722238510978,
    6.695755363945));
#1556 = CARTESIAN_POINT('',(55.931580918234,64.917559208909,
    4.463827024561));
#1557 = CARTESIAN_POINT('',(57.59143454337,65.112720501158,
    2.231928339387));
#1558 = CARTESIAN_POINT('',(59.251307488656,65.308041199089,
    2.908784324518E-12));
#1559 = CARTESIAN_POINT('',(54.125675475141,64.722238510978,
    6.695755363945));
#1560 = CARTESIAN_POINT('',(55.827986160886,64.917506073682,
    4.463836909298));
#1561 = CARTESIAN_POINT('',(57.530296846638,65.112773636385,
    2.23191845465));
#1562 = CARTESIAN_POINT('',(59.232607532384,65.308041199089,
    2.908784324518E-12));
#1563 = ADVANCED_FACE('',(#1564),#1582,.F.);
#1564 = FACE_BOUND('',#1565,.F.);
#1565 = EDGE_LOOP('',(#1566,#1567,#1575,#1581));
#1566 = ORIENTED_EDGE('',*,*,#1528,.T.);
#1567 = ORIENTED_EDGE('',*,*,#1568,.F.);
#1568 = EDGE_CURVE('',#1569,#1520,#1571,.T.);
#1569 = VERTEX_POINT('',#1570);
#1570 = CARTESIAN_POINT('',(59.482607532384,47.558041199089,
    2.908784324518E-12));
#1571 = LINE('',#1572,#1573);
#1572 = CARTESIAN_POINT('',(59.482607532384,65.058041199089,
    2.908784324518E-12));
#1573 = VECTOR('',#1574,1.);
#1574 = DIRECTION('',(-2.311115933265E-33,1.,0.));
#1575 = ORIENTED_EDGE('',*,*,#1576,.F.);
#1576 = EDGE_CURVE('',#973,#1569,#1577,.T.);
#1577 = LINE('',#1578,#1579);
#1578 = CARTESIAN_POINT('',(56.482607532384,52.694053531384,
    7.825000000003));
#1579 = VECTOR('',#1580,1.);
#1580 = DIRECTION('',(0.305219238612,-0.522536591189,-0.796113514048));
#1581 = ORIENTED_EDGE('',*,*,#1117,.T.);
#1582 = B_SPLINE_SURFACE_WITH_KNOTS('',3,3,(
    (#1583,#1584,#1585,#1586)
    ,(#1587,#1588,#1589,#1590)
    ,(#1591,#1592,#1593,#1594)
    ,(#1595,#1596,#1597,#1598
    )),.UNSPECIFIED.,.F.,.F.,.F.,(4,4),(4,4),(-1.529355054818E-12,1.),(
    -0.154143987144,1.),.PIECEWISE_BEZIER_KNOTS.);
#1583 = CARTESIAN_POINT('',(56.020175570953,53.485738950294,
    9.031176699403));
#1584 = CARTESIAN_POINT('',(57.174319558097,51.509839699895,
    6.020784466269));
#1585 = CARTESIAN_POINT('',(58.32846354524,49.533940449488,
    3.010392233136));
#1586 = CARTESIAN_POINT('',(59.482607532384,47.558041199089,
    2.908784324518E-12));
#1587 = CARTESIAN_POINT('',(56.020175570953,54.509962214281,
    8.86499189531));
#1588 = CARTESIAN_POINT('',(57.174319558097,52.236288440494,
    5.909994596875));
#1589 = CARTESIAN_POINT('',(58.32846354524,49.962614666721,
    2.954997298439));
#1590 = CARTESIAN_POINT('',(59.482607532384,47.688940892935,
    2.908784324518E-12));
#1591 = CARTESIAN_POINT('',(56.020175570953,61.731945953303,
    7.293023924715));
#1592 = CARTESIAN_POINT('',(57.174319558097,62.797011137271,
    4.862015949811));
#1593 = CARTESIAN_POINT('',(58.32846354524,63.862076321224,
    2.431007974907));
#1594 = CARTESIAN_POINT('',(59.482607532384,64.927141505192,
    2.908784324518E-12));
#1595 = CARTESIAN_POINT('',(56.020175570953,62.756169217304,
    7.126839120619));
#1596 = CARTESIAN_POINT('',(57.174319558097,63.523459877899,
    4.751226080414));
#1597 = CARTESIAN_POINT('',(58.32846354524,64.290750538494,
    2.375613040208));
#1598 = CARTESIAN_POINT('',(59.482607532384,65.058041199089,
    2.908784324518E-12));
#1599 = ADVANCED_FACE('',(#1600),#1619,.F.);
#1600 = FACE_BOUND('',#1601,.F.);
#1601 = EDGE_LOOP('',(#1602,#1603,#1612,#1618));
#1602 = ORIENTED_EDGE('',*,*,#1576,.T.);
#1603 = ORIENTED_EDGE('',*,*,#1604,.F.);
#1604 = EDGE_CURVE('',#1605,#1569,#1607,.T.);
#1605 = VERTEX_POINT('',#1606);
#1606 = CARTESIAN_POINT('',(59.232607532384,47.308041199089,
    2.908784324518E-12));
#1607 = CIRCLE('',#1608,0.25);
#1608 = AXIS2_PLACEMENT_3D('',#1609,#1610,#1611);
#1609 = CARTESIAN_POINT('',(59.232607532384,47.558041199089,
    2.908784324518E-12));
#1610 = DIRECTION('',(1.54074395551E-33,0.,1.));
#1611 = DIRECTION('',(1.,-7.105427357601E-15,-1.54074395551E-33));
#1612 = ORIENTED_EDGE('',*,*,#1613,.F.);
#1613 = EDGE_CURVE('',#913,#1605,#1614,.T.);
#1614 = LINE('',#1615,#1616);
#1615 = CARTESIAN_POINT('',(54.732607532384,50.965795738113,
    8.100000000003));
#1616 = VECTOR('',#1617,1.);
#1617 = DIRECTION('',(0.451721702092,-0.36717491249,-0.813099063766));
#1618 = ORIENTED_EDGE('',*,*,#981,.T.);
#1619 = B_SPLINE_SURFACE_WITH_KNOTS('',3,3,(
    (#1620,#1621,#1622,#1623)
    ,(#1624,#1625,#1626,#1627)
    ,(#1628,#1629,#1630,#1631)
    ,(#1632,#1633,#1634,#1635)
    ,(#1636,#1637,#1638,#1639)
    ,(#1640,#1641,#1642,#1643)
    ,(#1644,#1645,#1646,#1647
    )),.UNSPECIFIED.,.F.,.F.,.F.,(4,1,1,1,4),(4,4),(0.,0.285714285714,
    0.571428571429,0.857142857143,1.),(-8.674874165701E-02,1.),
  .UNSPECIFIED.);
#1620 = CARTESIAN_POINT('',(54.342238194928,51.283101341658,
    8.802664807425));
#1621 = CARTESIAN_POINT('',(55.972361307413,49.958081294135,
    5.868443204951));
#1622 = CARTESIAN_POINT('',(57.602484419898,48.633061246612,
    2.934221602477));
#1623 = CARTESIAN_POINT('',(59.232607532384,47.308041199089,
    2.908784324518E-12));
#1624 = CARTESIAN_POINT('',(54.623503954834,51.283101341658,
    8.802664807425));
#1625 = CARTESIAN_POINT('',(56.172355183251,49.958156357854,
    5.868429240862));
#1626 = CARTESIAN_POINT('',(57.72115621651,48.632986182893,
    2.934235566566));
#1627 = CARTESIAN_POINT('',(59.270007444928,47.308041199089,
    2.908784324518E-12));
#1628 = CARTESIAN_POINT('',(55.185822996064,51.409969565357,
    8.782241740392));
#1629 = CARTESIAN_POINT('',(56.572121697096,50.04839243662,
    5.854820844385));
#1630 = CARTESIAN_POINT('',(57.958480315694,48.686702704239,
    2.927420896011));
#1631 = CARTESIAN_POINT('',(59.344779016726,47.325125575502,
    2.907452056888E-12));
#1632 = CARTESIAN_POINT('',(55.862540537626,51.942570661355,
    8.696504370013));
#1633 = CARTESIAN_POINT('',(57.053309592193,50.427357923509,
    5.797664275472));
#1634 = CARTESIAN_POINT('',(58.24399310437,48.912059642295,
    2.898840094545));
#1635 = CARTESIAN_POINT('',(59.434762158937,47.396846904449,
    2.907452056888E-12));
#1636 = CARTESIAN_POINT('',(56.175250297547,52.584066051772,
    8.593237350289));
#1637 = CARTESIAN_POINT('',(57.275584714418,50.883795040631,
    5.728823609111));
#1638 = CARTESIAN_POINT('',(58.376008763778,49.183503208937,
    2.86441374118));
#1639 = CARTESIAN_POINT('',(59.47634318065,47.483232197796,
    2.907896146098E-12));
#1640 = CARTESIAN_POINT('',(56.222361307413,53.000730652282,
    8.526163272811));
#1641 = CARTESIAN_POINT('',(57.309161679441,51.180261438232,
    5.68410997915));
#1642 = CARTESIAN_POINT('',(58.395807160356,49.359810456866,
    2.842053293664));
#1643 = CARTESIAN_POINT('',(59.482607532384,47.539341242817,
    2.908784324518E-12));
#1644 = CARTESIAN_POINT('',(56.222361307413,53.139596138346,
    8.503808903469));
#1645 = CARTESIAN_POINT('',(57.309110049071,51.27907782526,
    5.669205935647));
#1646 = CARTESIAN_POINT('',(58.395858790725,49.418559512174,
    2.834602967825));
#1647 = CARTESIAN_POINT('',(59.482607532384,47.558041199089,
    2.908784324518E-12));
#1648 = ADVANCED_FACE('',(#1649),#1667,.F.);
#1649 = FACE_BOUND('',#1650,.T.);
#1650 = EDGE_LOOP('',(#1651,#1652,#1660,#1666));
#1651 = ORIENTED_EDGE('',*,*,#921,.F.);
#1652 = ORIENTED_EDGE('',*,*,#1653,.T.);
#1653 = EDGE_CURVE('',#922,#1654,#1656,.T.);
#1654 = VERTEX_POINT('',#1655);
#1655 = CARTESIAN_POINT('',(36.970107532372,47.308041199089,
    2.908784324518E-12));
#1656 = LINE('',#1657,#1658);
#1657 = CARTESIAN_POINT('',(41.470107532372,50.965795738113,
    8.100000000003));
#1658 = VECTOR('',#1659,1.);
#1659 = DIRECTION('',(-0.451721702092,-0.36717491249,-0.813099063766));
#1660 = ORIENTED_EDGE('',*,*,#1661,.F.);
#1661 = EDGE_CURVE('',#1605,#1654,#1662,.T.);
#1662 = LINE('',#1663,#1664);
#1663 = CARTESIAN_POINT('',(36.970107532372,47.308041199089,
    2.908784324518E-12));
#1664 = VECTOR('',#1665,1.);
#1665 = DIRECTION('',(-1.,-3.08148791102E-33,1.015061051086E-16));
#1666 = ORIENTED_EDGE('',*,*,#1613,.F.);
#1667 = PLANE('',#1668);
#1668 = AXIS2_PLACEMENT_3D('',#1669,#1670,#1671);
#1669 = CARTESIAN_POINT('',(46.232607532384,50.965795738113,
    8.100000000003));
#1670 = DIRECTION('',(4.496398124896E-17,0.911383682044,-0.41155775306)
  );
#1671 = DIRECTION('',(-6.162975822039E-33,-0.41155775306,-0.911383682044
    ));
#1672 = ADVANCED_FACE('',(#1673),#1683,.T.);
#1673 = FACE_BOUND('',#1674,.T.);
#1674 = EDGE_LOOP('',(#1675,#1676,#1677,#1678,#1679,#1680,#1681,#1682));
#1675 = ORIENTED_EDGE('',*,*,#901,.F.);
#1676 = ORIENTED_EDGE('',*,*,#961,.F.);
#1677 = ORIENTED_EDGE('',*,*,#1089,.F.);
#1678 = ORIENTED_EDGE('',*,*,#1329,.F.);
#1679 = ORIENTED_EDGE('',*,*,#1471,.F.);
#1680 = ORIENTED_EDGE('',*,*,#1421,.F.);
#1681 = ORIENTED_EDGE('',*,*,#1237,.F.);
#1682 = ORIENTED_EDGE('',*,*,#1045,.F.);
#1683 = B_SPLINE_SURFACE_WITH_KNOTS('',3,3,(
    (#1684,#1685,#1686,#1687,#1688,#1689,#1690)
    ,(#1691,#1692,#1693,#1694,#1695,#1696,#1697)
    ,(#1698,#1699,#1700,#1701,#1702,#1703,#1704)
    ,(#1705,#1706,#1707,#1708,#1709,#1710,#1711
  )),.UNSPECIFIED.,.F.,.F.,.F.,(4,4),(4,1,1,1,4),(-1.337422357899E-12,
    4.862236628849),(-0.574482017917,-0.492413158214,-0.328275438809,
    -0.164137719405,4.391948717189E-14),.UNSPECIFIED.);
#1684 = CARTESIAN_POINT('',(121.77589892557,69.857303853816,
    4.453880405605));
#1685 = CARTESIAN_POINT('',(121.7758989256,68.845933759229,
    4.948939790514));
#1686 = CARTESIAN_POINT('',(121.77589892565,65.734125108102,
    6.32024125637));
#1687 = CARTESIAN_POINT('',(121.77589892578,60.22340253157,
    7.979280330897));
#1688 = CARTESIAN_POINT('',(121.77589892594,53.348506783608,
    8.852921357464));
#1689 = CARTESIAN_POINT('',(121.77589892605,48.779436933815,
    8.675062525647));
#1690 = CARTESIAN_POINT('',(121.77589892609,46.543368795435,
    8.407084295601));
#1691 = CARTESIAN_POINT('',(55.109232258899,69.857303852332,
    4.453880405842));
#1692 = CARTESIAN_POINT('',(55.109232258928,68.845933757744,
    4.94893979075));
#1693 = CARTESIAN_POINT('',(55.109232259001,65.734125106617,
    6.320241256607));
#1694 = CARTESIAN_POINT('',(55.109232259118,60.223402530093,
    7.979280331133));
#1695 = CARTESIAN_POINT('',(55.109232259278,53.348506782131,8.8529213577
    ));
#1696 = CARTESIAN_POINT('',(55.10923225938,48.779436932331,
    8.675062525884));
#1697 = CARTESIAN_POINT('',(55.109232259438,46.543368793951,
    8.407084295838));
#1698 = CARTESIAN_POINT('',(-11.55743440777,69.85730385084,
    4.453880406078));
#1699 = CARTESIAN_POINT('',(-11.55743440774,68.845933756253,
    4.948939790987));
#1700 = CARTESIAN_POINT('',(-11.55743440767,65.73412510514,
    6.320241256843));
#1701 = CARTESIAN_POINT('',(-11.55743440753,60.223402528594,
    7.97928033137));
#1702 = CARTESIAN_POINT('',(-11.55743440739,53.34850678064,
    8.852921357937));
#1703 = CARTESIAN_POINT('',(-11.55743440727,48.779436930839,
    8.67506252612));
#1704 = CARTESIAN_POINT('',(-11.55743440723,46.54336879246,
    8.407084296074));
#1705 = CARTESIAN_POINT('',(-78.22410107442,69.857303849356,
    4.453880406315));
#1706 = CARTESIAN_POINT('',(-78.2241010744,68.845933754768,
    4.948939791223));
#1707 = CARTESIAN_POINT('',(-78.22410107434,65.734125103649,
    6.320241257079));
#1708 = CARTESIAN_POINT('',(-78.22410107421,60.223402527117,
    7.979280331606));
#1709 = CARTESIAN_POINT('',(-78.22410107405,53.348506779155,
    8.852921358173));
#1710 = CARTESIAN_POINT('',(-78.22410107394,48.779436929355,
    8.675062526357));
#1711 = CARTESIAN_POINT('',(-78.2241010739,46.543368790975,
    8.407084296311));
#1712 = ADVANCED_FACE('',(#1713),#1827,.F.);
#1713 = FACE_BOUND('',#1714,.F.);
#1714 = EDGE_LOOP('',(#1715,#1726,#1735,#1746,#1755,#1764,#1773,#1782,
    #1791,#1802,#1811,#1820));
#1715 = ORIENTED_EDGE('',*,*,#1716,.T.);
#1716 = EDGE_CURVE('',#1717,#1719,#1721,.T.);
#1717 = VERTEX_POINT('',#1718);
#1718 = CARTESIAN_POINT('',(46.101357532381,55.808041199103,
    7.22471235483));
#1719 = VERTEX_POINT('',#1720);
#1720 = CARTESIAN_POINT('',(47.601357532381,55.808041199103,
    7.224712354828));
#1721 = B_SPLINE_CURVE_WITH_KNOTS('',3,(#1722,#1723,#1724,#1725),
  .UNSPECIFIED.,.F.,.F.,(4,4),(0.,1.500000000001),
  .PIECEWISE_BEZIER_KNOTS.);
#1722 = CARTESIAN_POINT('',(46.101357532381,55.808041199103,
    7.22471235483));
#1723 = CARTESIAN_POINT('',(46.601357532381,55.808041199103,
    7.224712354829));
#1724 = CARTESIAN_POINT('',(47.101357532381,55.808041199103,
    7.224712354828));
#1725 = CARTESIAN_POINT('',(47.601357532381,55.808041199103,
    7.224712354828));
#1726 = ORIENTED_EDGE('',*,*,#1727,.T.);
#1727 = EDGE_CURVE('',#1719,#1728,#1730,.T.);
#1728 = VERTEX_POINT('',#1729);
#1729 = CARTESIAN_POINT('',(47.601357532381,54.308041199103,
    7.356732339724));
#1730 = B_SPLINE_CURVE_WITH_KNOTS('',3,(#1731,#1732,#1733,#1734),
  .UNSPECIFIED.,.F.,.F.,(4,4),(2.625561995043,4.131541967485),
  .PIECEWISE_BEZIER_KNOTS.);
#1731 = CARTESIAN_POINT('',(47.601357532381,55.808041199103,
    7.224712354828));
#1732 = CARTESIAN_POINT('',(47.601357532381,55.308917766153,
    7.278013310704));
#1733 = CARTESIAN_POINT('',(47.601357532381,54.808831326809,
    7.322028136928));
#1734 = CARTESIAN_POINT('',(47.601357532381,54.308041199103,
    7.356732339724));
#1735 = ORIENTED_EDGE('',*,*,#1736,.T.);
#1736 = EDGE_CURVE('',#1728,#1737,#1739,.T.);
#1737 = VERTEX_POINT('',#1738);
#1738 = CARTESIAN_POINT('',(48.601357532381,54.308041199103,
    7.356732339722));
#1739 = B_SPLINE_CURVE_WITH_KNOTS('',3,(#1740,#1741,#1742,#1743,#1744,
    #1745),.UNSPECIFIED.,.F.,.F.,(4,2,4),(1.499999999968,2.000000000011,
    2.499999999968),.UNSPECIFIED.);
#1740 = CARTESIAN_POINT('',(47.601357532381,54.308041199103,
    7.356732339724));
#1741 = CARTESIAN_POINT('',(47.768024199064,54.308041199103,
    7.356732339724));
#1742 = CARTESIAN_POINT('',(47.934690865743,54.308041199103,
    7.356732339723));
#1743 = CARTESIAN_POINT('',(48.268024199078,54.308041199103,
    7.356732339723));
#1744 = CARTESIAN_POINT('',(48.434690865728,54.308041199103,
    7.356732339722));
#1745 = CARTESIAN_POINT('',(48.601357532381,54.308041199103,
    7.356732339722));
#1746 = ORIENTED_EDGE('',*,*,#1747,.T.);
#1747 = EDGE_CURVE('',#1737,#1748,#1750,.T.);
#1748 = VERTEX_POINT('',#1749);
#1749 = CARTESIAN_POINT('',(48.601357532381,55.808041199103,
    7.224712354827));
#1750 = B_SPLINE_CURVE_WITH_KNOTS('',3,(#1751,#1752,#1753,#1754),
  .UNSPECIFIED.,.F.,.F.,(4,4),(2.744776829065E-02,1.533427740732),
  .PIECEWISE_BEZIER_KNOTS.);
#1751 = CARTESIAN_POINT('',(48.601357532381,54.308041199096,
    7.356732339722));
#1752 = CARTESIAN_POINT('',(48.601357532381,54.808831326802,
    7.322028136926));
#1753 = CARTESIAN_POINT('',(48.601357532378,55.308917766153,
    7.278013310703));
#1754 = CARTESIAN_POINT('',(48.601357532378,55.808041199103,
    7.224712354827));
#1755 = ORIENTED_EDGE('',*,*,#1756,.T.);
#1756 = EDGE_CURVE('',#1748,#1757,#1759,.T.);
#1757 = VERTEX_POINT('',#1758);
#1758 = CARTESIAN_POINT('',(50.101357532381,55.808041199103,
    7.224712354825));
#1759 = B_SPLINE_CURVE_WITH_KNOTS('',3,(#1760,#1761,#1762,#1763),
  .UNSPECIFIED.,.F.,.F.,(4,4),(2.500000000001,4.000000000023),
  .PIECEWISE_BEZIER_KNOTS.);
#1760 = CARTESIAN_POINT('',(48.601357532381,55.808041199103,
    7.224712354827));
#1761 = CARTESIAN_POINT('',(49.101357532389,55.808041199103,
    7.224712354826));
#1762 = CARTESIAN_POINT('',(49.601357532396,55.808041199103,
    7.224712354826));
#1763 = CARTESIAN_POINT('',(50.101357532403,55.808041199103,
    7.224712354825));
#1764 = ORIENTED_EDGE('',*,*,#1765,.T.);
#1765 = EDGE_CURVE('',#1757,#1766,#1768,.T.);
#1766 = VERTEX_POINT('',#1767);
#1767 = CARTESIAN_POINT('',(50.101357532381,56.808041199103,
    7.105325201951));
#1768 = B_SPLINE_CURVE_WITH_KNOTS('',3,(#1769,#1770,#1771,#1772),
  .UNSPECIFIED.,.F.,.F.,(4,4),(0.226065241561,0.250786779265),
  .PIECEWISE_BEZIER_KNOTS.);
#1769 = CARTESIAN_POINT('',(50.101357532407,55.808040132004,
    7.22468512632));
#1770 = CARTESIAN_POINT('',(50.101357532396,56.141740345134,
    7.189044657021));
#1771 = CARTESIAN_POINT('',(50.101357532385,56.475125347693,
    7.149245269977));
#1772 = CARTESIAN_POINT('',(50.101357532378,56.808039786309,
    7.105297851589));
#1773 = ORIENTED_EDGE('',*,*,#1774,.T.);
#1774 = EDGE_CURVE('',#1766,#1775,#1777,.T.);
#1775 = VERTEX_POINT('',#1776);
#1776 = CARTESIAN_POINT('',(48.601357532381,56.808041199103,
    7.105325201952));
#1777 = B_SPLINE_CURVE_WITH_KNOTS('',3,(#1778,#1779,#1780,#1781),
  .UNSPECIFIED.,.F.,.F.,(4,4),(0.,1.499999999999),
  .PIECEWISE_BEZIER_KNOTS.);
#1778 = CARTESIAN_POINT('',(50.101357532381,56.808041199103,
    7.105325201951));
#1779 = CARTESIAN_POINT('',(49.601357532381,56.808041199103,
    7.105325201951));
#1780 = CARTESIAN_POINT('',(49.101357532381,56.808041199103,
    7.105325201951));
#1781 = CARTESIAN_POINT('',(48.601357532381,56.808041199103,
    7.105325201952));
#1782 = ORIENTED_EDGE('',*,*,#1783,.T.);
#1783 = EDGE_CURVE('',#1775,#1784,#1786,.T.);
#1784 = VERTEX_POINT('',#1785);
#1785 = CARTESIAN_POINT('',(48.601357532381,58.308041199103,
    6.878620597267));
#1786 = B_SPLINE_CURVE_WITH_KNOTS('',3,(#1787,#1788,#1789,#1790),
  .UNSPECIFIED.,.F.,.F.,(4,4),(2.54058900053,4.057811964835),
  .PIECEWISE_BEZIER_KNOTS.);
#1787 = CARTESIAN_POINT('',(48.601357532381,56.808041199103,
    7.105325201952));
#1788 = CARTESIAN_POINT('',(48.601357532381,57.309402841122,
    7.039134107931));
#1789 = CARTESIAN_POINT('',(48.601357532381,57.809490685642,
    6.963553030336));
#1790 = CARTESIAN_POINT('',(48.601357532381,58.308041199103,
    6.878620597267));
#1791 = ORIENTED_EDGE('',*,*,#1792,.T.);
#1792 = EDGE_CURVE('',#1784,#1793,#1795,.T.);
#1793 = VERTEX_POINT('',#1794);
#1794 = CARTESIAN_POINT('',(47.601357532381,58.308041199103,
    6.878620597267));
#1795 = B_SPLINE_CURVE_WITH_KNOTS('',3,(#1796,#1797,#1798,#1799,#1800,
    #1801),.UNSPECIFIED.,.F.,.F.,(4,2,4),(1.499999999964,2.000000000011,
    2.499999999965),.UNSPECIFIED.);
#1796 = CARTESIAN_POINT('',(48.601357532381,58.308041199103,
    6.878620597267));
#1797 = CARTESIAN_POINT('',(48.434690865699,58.308041199103,
    6.878620597266));
#1798 = CARTESIAN_POINT('',(48.268024199017,58.308041199103,
    6.878620597266));
#1799 = CARTESIAN_POINT('',(47.934690865684,58.308041199103,
    6.878620597266));
#1800 = CARTESIAN_POINT('',(47.768024199031,58.308041199103,
    6.878620597266));
#1801 = CARTESIAN_POINT('',(47.601357532381,58.308041199103,
    6.878620597266));
#1802 = ORIENTED_EDGE('',*,*,#1803,.T.);
#1803 = EDGE_CURVE('',#1793,#1804,#1806,.T.);
#1804 = VERTEX_POINT('',#1805);
#1805 = CARTESIAN_POINT('',(47.601357532381,56.808041199103,
    7.105325201952));
#1806 = B_SPLINE_CURVE_WITH_KNOTS('',3,(#1807,#1808,#1809,#1810),
  .UNSPECIFIED.,.F.,.F.,(4,4),(0.10117777094,1.618400735245),
  .PIECEWISE_BEZIER_KNOTS.);
#1807 = CARTESIAN_POINT('',(47.601357532381,58.30804119911,
    6.878620597266));
#1808 = CARTESIAN_POINT('',(47.601357532381,57.80949068565,
    6.963553030335));
#1809 = CARTESIAN_POINT('',(47.601357532381,57.309402841122,
    7.039134107932));
#1810 = CARTESIAN_POINT('',(47.601357532381,56.808041199103,
    7.105325201952));
#1811 = ORIENTED_EDGE('',*,*,#1812,.T.);
#1812 = EDGE_CURVE('',#1804,#1813,#1815,.T.);
#1813 = VERTEX_POINT('',#1814);
#1814 = CARTESIAN_POINT('',(46.101357532381,56.808041199103,
    7.105325201953));
#1815 = B_SPLINE_CURVE_WITH_KNOTS('',3,(#1816,#1817,#1818,#1819),
  .UNSPECIFIED.,.F.,.F.,(4,4),(2.499999999999,4.000000000023),
  .PIECEWISE_BEZIER_KNOTS.);
#1816 = CARTESIAN_POINT('',(47.601357532381,56.808041199103,
    7.105325201952));
#1817 = CARTESIAN_POINT('',(47.101357532374,56.808041199103,
    7.105325201953));
#1818 = CARTESIAN_POINT('',(46.601357532367,56.808041199103,
    7.105325201953));
#1819 = CARTESIAN_POINT('',(46.101357532356,56.808041199103,
    7.105325201953));
#1820 = ORIENTED_EDGE('',*,*,#1821,.T.);
#1821 = EDGE_CURVE('',#1813,#1717,#1822,.T.);
#1822 = B_SPLINE_CURVE_WITH_KNOTS('',3,(#1823,#1824,#1825,#1826),
  .UNSPECIFIED.,.F.,.F.,(4,4),(-0.250786779267,-0.226065241563),
  .PIECEWISE_BEZIER_KNOTS.);
#1823 = CARTESIAN_POINT('',(46.101357532363,56.808039786323,
    7.105297851591));
#1824 = CARTESIAN_POINT('',(46.10135753237,56.475125347708,
    7.149245269981));
#1825 = CARTESIAN_POINT('',(46.101357532378,56.141740345149,
    7.189044657024));
#1826 = CARTESIAN_POINT('',(46.101357532385,55.808040132011,
    7.224685126325));
#1827 = B_SPLINE_SURFACE_WITH_KNOTS('',3,3,(
    (#1828,#1829,#1830,#1831)
    ,(#1832,#1833,#1834,#1835)
    ,(#1836,#1837,#1838,#1839)
    ,(#1840,#1841,#1842,#1843
    )),.UNSPECIFIED.,.F.,.F.,.F.,(4,4),(4,4),(1.742492902596,
    1.839737635173),(-0.288008117599,-0.189063181235),
  .PIECEWISE_BEZIER_KNOTS.);
#1828 = CARTESIAN_POINT('',(50.101357532341,58.308041199562,
    6.878620597189));
#1829 = CARTESIAN_POINT('',(50.10135753237,56.982672634782,
    7.104408704687));
#1830 = CARTESIAN_POINT('',(50.101357532411,55.646019181935,
    7.264011943139));
#1831 = CARTESIAN_POINT('',(50.10135753244,54.308041198623,
    7.356732339752));
#1832 = CARTESIAN_POINT('',(48.768024199002,58.308041199532,
    6.878620597193));
#1833 = CARTESIAN_POINT('',(48.768024199031,56.982672634753,
    7.104408704691));
#1834 = CARTESIAN_POINT('',(48.768024199071,55.646019181906,
    7.264011943143));
#1835 = CARTESIAN_POINT('',(48.7680241991,54.308041198594,7.356732339757
    ));
#1836 = CARTESIAN_POINT('',(47.434690865663,58.308041199503,
    6.878620597198));
#1837 = CARTESIAN_POINT('',(47.434690865692,56.982672634724,
    7.104408704696));
#1838 = CARTESIAN_POINT('',(47.434690865728,55.646019181877,
    7.264011943148));
#1839 = CARTESIAN_POINT('',(47.434690865757,54.308041198565,
    7.356732339762));
#1840 = CARTESIAN_POINT('',(46.101357532323,58.308041199474,
    6.878620597203));
#1841 = CARTESIAN_POINT('',(46.101357532352,56.982672634695,
    7.104408704701));
#1842 = CARTESIAN_POINT('',(46.101357532389,55.646019181848,
    7.264011943153));
#1843 = CARTESIAN_POINT('',(46.101357532418,54.308041198536,
    7.356732339767));
#1844 = ADVANCED_FACE('',(#1845),#1870,.T.);
#1845 = FACE_BOUND('',#1846,.T.);
#1846 = EDGE_LOOP('',(#1847,#1848,#1849,#1850,#1858,#1867,#1868,#1869));
#1847 = ORIENTED_EDGE('',*,*,#774,.T.);
#1848 = ORIENTED_EDGE('',*,*,#662,.T.);
#1849 = ORIENTED_EDGE('',*,*,#423,.T.);
#1850 = ORIENTED_EDGE('',*,*,#1851,.T.);
#1851 = EDGE_CURVE('',#424,#1852,#1854,.T.);
#1852 = VERTEX_POINT('',#1853);
#1853 = CARTESIAN_POINT('',(58.087384768285,64.053266402152,
    2.908784324518E-12));
#1854 = LINE('',#1855,#1856);
#1855 = CARTESIAN_POINT('',(53.482607532384,64.053266402152,
    2.907896146098E-12));
#1856 = VECTOR('',#1857,1.);
#1857 = DIRECTION('',(1.,-4.598028013906E-18,1.007310030931E-16));
#1858 = ORIENTED_EDGE('',*,*,#1859,.F.);
#1859 = EDGE_CURVE('',#692,#1852,#1860,.T.);
#1860 = B_SPLINE_CURVE_WITH_KNOTS('',3,(#1861,#1862,#1863,#1864,#1865,
    #1866),.UNSPECIFIED.,.F.,.F.,(4,2,4),(-6.647326495121,-3.76937669314
    ,-0.398545948953),.UNSPECIFIED.);
#1861 = CARTESIAN_POINT('',(55.320866580416,63.561765929255,
    5.61787611193));
#1862 = CARTESIAN_POINT('',(55.743419471662,63.637430224022,
    4.753029265304));
#1863 = CARTESIAN_POINT('',(56.169627984949,63.713409998141,
    3.884576473193));
#1864 = CARTESIAN_POINT('',(57.08751815846,63.876512258212,2.02030910995
    ));
#1865 = CARTESIAN_POINT('',(57.588902366952,63.965266995612,
    1.005837819449));
#1866 = CARTESIAN_POINT('',(58.087384768271,64.053266402159,
    -1.223376955295E-11));
#1867 = ORIENTED_EDGE('',*,*,#702,.T.);
#1868 = ORIENTED_EDGE('',*,*,#822,.T.);
#1869 = ORIENTED_EDGE('',*,*,#836,.T.);
#1870 = PLANE('',#1871);
#1871 = AXIS2_PLACEMENT_3D('',#1872,#1873,#1874);
#1872 = CARTESIAN_POINT('',(56.482607532384,63.546614711653,
    5.791055321572));
#1873 = DIRECTION('',(4.198754263347E-18,-0.996194698092,
    -8.715574274948E-02));
#1874 = DIRECTION('',(9.629649721936E-35,-8.715574274948E-02,
    0.996194698092));
#1875 = ADVANCED_FACE('',(#1876),#1894,.T.);
#1876 = FACE_BOUND('',#1877,.T.);
#1877 = EDGE_LOOP('',(#1878,#1879,#1880,#1881,#1890,#1891,#1892,#1893));
#1878 = ORIENTED_EDGE('',*,*,#576,.T.);
#1879 = ORIENTED_EDGE('',*,*,#691,.T.);
#1880 = ORIENTED_EDGE('',*,*,#1859,.T.);
#1881 = ORIENTED_EDGE('',*,*,#1882,.T.);
#1882 = EDGE_CURVE('',#1852,#170,#1883,.T.);
#1883 = B_SPLINE_CURVE_WITH_KNOTS('',3,(#1884,#1885,#1886,#1887,#1888,
    #1889),.UNSPECIFIED.,.F.,.F.,(4,2,4),(0.243037704302,7.813628140809,
    15.51959460031),.UNSPECIFIED.);
#1884 = CARTESIAN_POINT('',(58.08738476826,64.053266402152,
    2.908784324518E-12));
#1885 = CARTESIAN_POINT('',(58.101764240757,61.525381508793,
    2.908784324518E-12));
#1886 = CARTESIAN_POINT('',(58.11326120637,58.931328458471,
    2.098765605751E-12));
#1887 = CARTESIAN_POINT('',(58.132211712178,53.853893120206,
    2.098765605751E-12));
#1888 = CARTESIAN_POINT('',(58.140084067323,51.239328408497,
    2.908340235308E-12));
#1889 = CARTESIAN_POINT('',(58.146675224358,48.679582104,
    2.908340235308E-12));
#1890 = ORIENTED_EDGE('',*,*,#169,.T.);
#1891 = ORIENTED_EDGE('',*,*,#229,.T.);
#1892 = ORIENTED_EDGE('',*,*,#535,.T.);
#1893 = ORIENTED_EDGE('',*,*,#614,.T.);
#1894 = B_SPLINE_SURFACE_WITH_KNOTS('',3,3,(
    (#1895,#1896,#1897,#1898)
    ,(#1899,#1900,#1901,#1902)
    ,(#1903,#1904,#1905,#1906)
    ,(#1907,#1908,#1909,#1910
    )),.UNSPECIFIED.,.F.,.F.,.F.,(4,4),(4,4),(6.59712396199E-02,
    0.931825699096),(-6.70676821777E-02,0.944692651749),
  .PIECEWISE_BEZIER_KNOTS.);
#1895 = CARTESIAN_POINT('',(55.103980470118,52.033096617946,
    8.074812574125));
#1896 = CARTESIAN_POINT('',(56.117941543271,50.920540464082,
    5.380860460232));
#1897 = CARTESIAN_POINT('',(57.132357500857,49.8017443465,2.689733118147
    ));
#1898 = CARTESIAN_POINT('',(58.146675224358,48.679582104,
    1.355804357672E-12));
#1899 = CARTESIAN_POINT('',(55.117094758527,55.936472719142,
    7.361019453838));
#1900 = CARTESIAN_POINT('',(56.130355305588,55.233177032846,
    4.883131444932));
#1901 = CARTESIAN_POINT('',(57.144448405928,54.522423331335,
    2.407831498569));
#1902 = CARTESIAN_POINT('',(58.158361548067,53.807868727163,
    -6.619441913782E-02));
#1903 = CARTESIAN_POINT('',(55.134366148763,59.838397500076,
    6.638851740371));
#1904 = CARTESIAN_POINT('',(56.146674918644,59.545130479491,
    4.377989901777));
#1905 = CARTESIAN_POINT('',(57.160085431857,59.242809340343,
    2.119373137296));
#1906 = CARTESIAN_POINT('',(58.173357065269,58.936114891985,
    -0.138297229531));
#1907 = CARTESIAN_POINT('',(55.166339534324,63.73727884781,
    5.899122420526));
#1908 = CARTESIAN_POINT('',(56.174672218753,63.855881828,3.858595015456)
  );
#1909 = CARTESIAN_POINT('',(57.18553219601,63.962674320508,
    1.818868644116));
#1910 = CARTESIAN_POINT('',(58.196870337823,64.064289713024,
    -0.220818829066));
#1911 = ADVANCED_FACE('',(#1912),#1931,.T.);
#1912 = FACE_BOUND('',#1913,.T.);
#1913 = EDGE_LOOP('',(#1914,#1915,#1923,#1930));
#1914 = ORIENTED_EDGE('',*,*,#1025,.F.);
#1915 = ORIENTED_EDGE('',*,*,#1916,.T.);
#1916 = EDGE_CURVE('',#1026,#1917,#1919,.T.);
#1917 = VERTEX_POINT('',#1918);
#1918 = CARTESIAN_POINT('',(36.720107532372,47.558041199089,
    2.908784324518E-12));
#1919 = LINE('',#1920,#1921);
#1920 = CARTESIAN_POINT('',(39.720107532372,52.694053531384,
    7.825000000003));
#1921 = VECTOR('',#1922,1.);
#1922 = DIRECTION('',(-0.305219238612,-0.522536591189,-0.796113514048));
#1923 = ORIENTED_EDGE('',*,*,#1924,.F.);
#1924 = EDGE_CURVE('',#1654,#1917,#1925,.T.);
#1925 = CIRCLE('',#1926,0.25);
#1926 = AXIS2_PLACEMENT_3D('',#1927,#1928,#1929);
#1927 = CARTESIAN_POINT('',(36.970107532372,47.558041199089,
    2.908784324518E-12));
#1928 = DIRECTION('',(1.54074395551E-33,0.,-1.));
#1929 = DIRECTION('',(-1.,-7.105427357601E-15,-1.54074395551E-33));
#1930 = ORIENTED_EDGE('',*,*,#1653,.F.);
#1931 = B_SPLINE_SURFACE_WITH_KNOTS('',3,3,(
    (#1932,#1933,#1934,#1935)
    ,(#1936,#1937,#1938,#1939)
    ,(#1940,#1941,#1942,#1943)
    ,(#1944,#1945,#1946,#1947)
    ,(#1948,#1949,#1950,#1951)
    ,(#1952,#1953,#1954,#1955)
    ,(#1956,#1957,#1958,#1959
    )),.UNSPECIFIED.,.F.,.F.,.F.,(4,1,1,1,4),(4,4),(-9.040685880913E-09,
    0.285714279257,0.428571423405,0.714285711703,1.),(
    -8.674874166227E-02,1.),.UNSPECIFIED.);
#1932 = CARTESIAN_POINT('',(41.860476896549,51.28310134168,
    8.802664807467));
#1933 = CARTESIAN_POINT('',(40.23035377634,49.95808129415,5.868443204979
    ));
#1934 = CARTESIAN_POINT('',(38.600230656131,48.633061246619,
    2.934221602491));
#1935 = CARTESIAN_POINT('',(36.970107535923,47.308041199089,
    2.908784324518E-12));
#1936 = CARTESIAN_POINT('',(41.5792111341,51.283101337736,8.802664808102
    ));
#1937 = CARTESIAN_POINT('',(40.030440306396,49.95824353693,
    5.868413022889));
#1938 = CARTESIAN_POINT('',(38.481478450744,48.632898999363,
    2.934251785216));
#1939 = CARTESIAN_POINT('',(36.93270762304,47.308041198557,
    2.908784324518E-12));
#1940 = CARTESIAN_POINT('',(41.157862709471,51.378613991612,
    8.787289316306));
#1941 = CARTESIAN_POINT('',(39.730810876092,50.026064509948,
    5.858189008914));
#1942 = CARTESIAN_POINT('',(38.303732749733,48.673452641109,
    2.929100307395));
#1943 = CARTESIAN_POINT('',(36.876680916354,47.320903159445,
    2.908340235308E-12));
#1944 = CARTESIAN_POINT('',(40.558429875204,51.75028356284,
    8.727458474937));
#1945 = CARTESIAN_POINT('',(39.304666313572,50.290575438194,
    5.818292868349));
#1946 = CARTESIAN_POINT('',(38.050737884529,48.830661191569,
    2.909165606591));
#1947 = CARTESIAN_POINT('',(36.796974322897,47.370953066922,
    2.907452056888E-12));
#1948 = CARTESIAN_POINT('',(40.108721622855,52.306457468949,
    8.63792638696));
#1949 = CARTESIAN_POINT('',(38.984902815311,50.686304216055,
    5.758608355312));
#1950 = CARTESIAN_POINT('',(37.860995417013,49.066002019375,
    2.87931803165));
#1951 = CARTESIAN_POINT('',(36.737176609469,47.445848766481,
    2.907896146098E-12));
#1952 = CARTESIAN_POINT('',(39.980353757357,52.861865163737,
    8.548517642598));
#1953 = CARTESIAN_POINT('',(38.893663059807,51.081391488653,
    5.699023986849));
#1954 = CARTESIAN_POINT('',(37.806798229922,49.301114961294,
    2.849493655752));
#1955 = CARTESIAN_POINT('',(36.720107532372,47.52064128621,
    2.908784324518E-12));
#1956 = CARTESIAN_POINT('',(39.980353757357,53.139596138375,
    8.50380890351));
#1957 = CARTESIAN_POINT('',(38.893605015695,51.279077825282,
    5.669205935675));
#1958 = CARTESIAN_POINT('',(37.806856274034,49.418559512182,
    2.834602967839));
#1959 = CARTESIAN_POINT('',(36.720107532372,47.558041199089,
    2.908784324518E-12));
#1960 = ADVANCED_FACE('',(#1961),#1979,.T.);
#1961 = FACE_BOUND('',#1962,.T.);
#1962 = EDGE_LOOP('',(#1963,#1964,#1972,#1978));
#1963 = ORIENTED_EDGE('',*,*,#1209,.F.);
#1964 = ORIENTED_EDGE('',*,*,#1965,.T.);
#1965 = EDGE_CURVE('',#1210,#1966,#1968,.T.);
#1966 = VERTEX_POINT('',#1967);
#1967 = CARTESIAN_POINT('',(36.720107532372,65.058041199089,
    2.908784324518E-12));
#1968 = LINE('',#1969,#1970);
#1969 = CARTESIAN_POINT('',(39.720107532372,63.063600290996,
    6.175000000007));
#1970 = VECTOR('',#1971,1.);
#1971 = DIRECTION('',(-0.41963821319,0.278981206329,-0.863755322152));
#1972 = ORIENTED_EDGE('',*,*,#1973,.F.);
#1973 = EDGE_CURVE('',#1917,#1966,#1974,.T.);
#1974 = LINE('',#1975,#1976);
#1975 = CARTESIAN_POINT('',(36.720107532372,65.058041199089,
    2.908784324518E-12));
#1976 = VECTOR('',#1977,1.);
#1977 = DIRECTION('',(2.311115933265E-33,1.,0.));
#1978 = ORIENTED_EDGE('',*,*,#1916,.F.);
#1979 = B_SPLINE_SURFACE_WITH_KNOTS('',3,3,(
    (#1980,#1981,#1982,#1983)
    ,(#1984,#1985,#1986,#1987)
    ,(#1988,#1989,#1990,#1991)
    ,(#1992,#1993,#1994,#1995
    )),.UNSPECIFIED.,.F.,.F.,.F.,(4,4),(4,4),(-7.756848120207E-12,1.),(
    -0.154143987141,1.),.PIECEWISE_BEZIER_KNOTS.);
#1980 = CARTESIAN_POINT('',(40.182539493791,53.485738950258,
    9.031176699383));
#1981 = CARTESIAN_POINT('',(39.028395506652,51.509839699866,
    6.020784466257));
#1982 = CARTESIAN_POINT('',(37.874251519512,49.533940449481,
    3.01039223313));
#1983 = CARTESIAN_POINT('',(36.720107532372,47.558041199089,
    2.908784324518E-12));
#1984 = CARTESIAN_POINT('',(40.182539493791,54.509962214172,
    8.864991895308));
#1985 = CARTESIAN_POINT('',(39.028395506652,52.236288440348,
    5.909994596873));
#1986 = CARTESIAN_POINT('',(37.874251519512,49.962614666547,
    2.954997298438));
#1987 = CARTESIAN_POINT('',(36.720107532372,47.688940892724,
    2.908784324518E-12));
#1988 = CARTESIAN_POINT('',(40.182539493791,61.731945953296,
    7.293023924698));
#1989 = CARTESIAN_POINT('',(39.028395506652,62.797011137263,
    4.862015949799));
#1990 = CARTESIAN_POINT('',(37.874251519512,63.862076321231,
    2.431007974901));
#1991 = CARTESIAN_POINT('',(36.720107532372,64.927141505199,
    2.908784324518E-12));
#1992 = CARTESIAN_POINT('',(40.182539493791,62.756169217304,
    7.126839120601));
#1993 = CARTESIAN_POINT('',(39.028395506652,63.523459877899,
    4.751226080402));
#1994 = CARTESIAN_POINT('',(37.874251519512,64.290750538494,
    2.375613040202));
#1995 = CARTESIAN_POINT('',(36.720107532372,65.058041199089,
    2.908784324518E-12));
#1996 = ADVANCED_FACE('',(#1997),#2016,.T.);
#1997 = FACE_BOUND('',#1998,.T.);
#1998 = EDGE_LOOP('',(#1999,#2000,#2008,#2015));
#1999 = ORIENTED_EDGE('',*,*,#1400,.F.);
#2000 = ORIENTED_EDGE('',*,*,#2001,.T.);
#2001 = EDGE_CURVE('',#1401,#2002,#2004,.T.);
#2002 = VERTEX_POINT('',#2003);
#2003 = CARTESIAN_POINT('',(36.970107532372,65.308041199089,
    2.908784324518E-12));
#2004 = LINE('',#2005,#2006);
#2005 = CARTESIAN_POINT('',(41.470107532372,64.791858084267,
    5.900000000007));
#2006 = VECTOR('',#2007,1.);
#2007 = DIRECTION('',(-0.604987123112,6.939647502999E-02,-0.793205339192
    ));
#2008 = ORIENTED_EDGE('',*,*,#2009,.F.);
#2009 = EDGE_CURVE('',#1966,#2002,#2010,.T.);
#2010 = CIRCLE('',#2011,0.25);
#2011 = AXIS2_PLACEMENT_3D('',#2012,#2013,#2014);
#2012 = CARTESIAN_POINT('',(36.970107532372,65.058041199089,
    2.908784324518E-12));
#2013 = DIRECTION('',(1.54074395551E-33,0.,-1.));
#2014 = DIRECTION('',(-7.105427357601E-15,1.,-1.094764425254E-47));
#2015 = ORIENTED_EDGE('',*,*,#1965,.F.);
#2016 = B_SPLINE_SURFACE_WITH_KNOTS('',3,3,(
    (#2017,#2018,#2019,#2020)
    ,(#2021,#2022,#2023,#2024)
    ,(#2025,#2026,#2027,#2028)
    ,(#2029,#2030,#2031,#2032)
    ,(#2033,#2034,#2035,#2036)
    ,(#2037,#2038,#2039,#2040)
    ,(#2041,#2042,#2043,#2044
    )),.UNSPECIFIED.,.F.,.F.,.F.,(4,1,1,1,4),(4,4),(1.110223024625E-16,
    0.285714285718,0.571428571436,0.857142857154,1.000000000013),(
    -0.134873790491,1.),.UNSPECIFIED.);
#2017 = CARTESIAN_POINT('',(40.124728903844,62.79460248581,
    7.007845656289));
#2018 = CARTESIAN_POINT('',(38.989855113352,63.549082056903,
    4.671897104194));
#2019 = CARTESIAN_POINT('',(37.854981322864,64.303561627996,
    2.335948552098));
#2020 = CARTESIAN_POINT('',(36.720107532372,65.058041199089,
    2.908784324518E-12));
#2021 = CARTESIAN_POINT('',(40.124728903844,63.082976160833,
    6.961157057726));
#2022 = CARTESIAN_POINT('',(38.989934654088,63.753815030497,
    4.640768168497));
#2023 = CARTESIAN_POINT('',(37.854901782128,64.424602241968,
    2.320388889232));
#2024 = CARTESIAN_POINT('',(36.720107532372,65.095441111633,
    2.908784324518E-12));
#2025 = CARTESIAN_POINT('',(40.258144945561,63.659505662654,
    6.867815130907));
#2026 = CARTESIAN_POINT('',(39.084533706235,64.163054114899,
    4.578547244388));
#2027 = CARTESIAN_POINT('',(37.910803148006,64.666664231183,
    2.289267886522));
#2028 = CARTESIAN_POINT('',(36.73719190868,65.170212683428,
    2.907007967679E-12));
#2029 = CARTESIAN_POINT('',(40.81823421349,64.353324648931,
    6.755483670269));
#2030 = CARTESIAN_POINT('',(39.481824103204,64.655644386374,
    4.503650321098));
#2031 = CARTESIAN_POINT('',(38.145323347955,64.957876088185,
    2.251833349174));
#2032 = CARTESIAN_POINT('',(36.80891323767,65.260195825627,
    2.907452056888E-12));
#2033 = CARTESIAN_POINT('',(41.492837938837,64.673936950683,
    6.703575537361));
#2034 = CARTESIAN_POINT('',(39.96033215693,64.883186167885,
    4.469056078351));
#2035 = CARTESIAN_POINT('',(38.427804312953,65.092527630164,
    2.234519459012));
#2036 = CARTESIAN_POINT('',(36.895298531046,65.301776847366,
    2.909228413728E-12));
#2037 = CARTESIAN_POINT('',(41.931007091807,64.722238510985,
    6.695755363904));
#2038 = CARTESIAN_POINT('',(40.271134146522,64.917559208923,
    4.463827024534));
#2039 = CARTESIAN_POINT('',(38.611280521389,65.112720501151,
    2.231928339373));
#2040 = CARTESIAN_POINT('',(36.951407576103,65.308041199089,
    2.908784324518E-12));
#2041 = CARTESIAN_POINT('',(42.077039589614,64.722238510985,
    6.695755363904));
#2042 = CARTESIAN_POINT('',(40.374728903866,64.917506073689,
    4.463836909271));
#2043 = CARTESIAN_POINT('',(38.672418218124,65.112773636385,
    2.231918454637));
#2044 = CARTESIAN_POINT('',(36.970107532376,65.308041199089,
    2.908784324518E-12));
#2045 = ADVANCED_FACE('',(#2046),#2057,.F.);
#2046 = FACE_BOUND('',#2047,.T.);
#2047 = EDGE_LOOP('',(#2048,#2049,#2050,#2056));
#2048 = ORIENTED_EDGE('',*,*,#1479,.F.);
#2049 = ORIENTED_EDGE('',*,*,#1511,.T.);
#2050 = ORIENTED_EDGE('',*,*,#2051,.F.);
#2051 = EDGE_CURVE('',#2002,#1512,#2052,.T.);
#2052 = LINE('',#2053,#2054);
#2053 = CARTESIAN_POINT('',(54.470107532372,65.308041199089,
    2.907007967679E-12));
#2054 = VECTOR('',#2055,1.);
#2055 = DIRECTION('',(1.,3.08148791102E-33,-1.015061051086E-16));
#2056 = ORIENTED_EDGE('',*,*,#2001,.F.);
#2057 = PLANE('',#2058);
#2058 = AXIS2_PLACEMENT_3D('',#2059,#2060,#2061);
#2059 = CARTESIAN_POINT('',(54.732607532384,64.791858084267,
    5.900000000007));
#2060 = DIRECTION('',(7.651222648225E-18,-0.996194698091,
    -8.715574275073E-02));
#2061 = DIRECTION('',(0.,-8.715574275073E-02,0.996194698091));
#2062 = ADVANCED_FACE('',(#2063,#2073),#2079,.T.);
#2063 = FACE_BOUND('',#2064,.T.);
#2064 = EDGE_LOOP('',(#2065,#2066,#2067,#2068,#2069,#2070,#2071,#2072));
#2065 = ORIENTED_EDGE('',*,*,#2051,.T.);
#2066 = ORIENTED_EDGE('',*,*,#1519,.F.);
#2067 = ORIENTED_EDGE('',*,*,#1568,.F.);
#2068 = ORIENTED_EDGE('',*,*,#1604,.F.);
#2069 = ORIENTED_EDGE('',*,*,#1661,.T.);
#2070 = ORIENTED_EDGE('',*,*,#1924,.T.);
#2071 = ORIENTED_EDGE('',*,*,#1973,.T.);
#2072 = ORIENTED_EDGE('',*,*,#2009,.T.);
#2073 = FACE_BOUND('',#2074,.T.);
#2074 = EDGE_LOOP('',(#2075,#2076,#2077,#2078));
#2075 = ORIENTED_EDGE('',*,*,#187,.F.);
#2076 = ORIENTED_EDGE('',*,*,#1882,.F.);
#2077 = ORIENTED_EDGE('',*,*,#1851,.F.);
#2078 = ORIENTED_EDGE('',*,*,#434,.F.);
#2079 = PLANE('',#2080);
#2080 = AXIS2_PLACEMENT_3D('',#2081,#2082,#2083);
#2081 = CARTESIAN_POINT('',(50.482607532384,56.308041199089,
    2.907007967679E-12));
#2082 = DIRECTION('',(1.007310030931E-16,3.042969312132E-32,-1.));
#2083 = DIRECTION('',(-1.,0.,-1.007310030931E-16));
#2084 = ADVANCED_FACE('',(#2085),#2110,.T.);
#2085 = FACE_BOUND('',#2086,.T.);
#2086 = EDGE_LOOP('',(#2087,#2088,#2096,#2104));
#2087 = ORIENTED_EDGE('',*,*,#1747,.T.);
#2088 = ORIENTED_EDGE('',*,*,#2089,.F.);
#2089 = EDGE_CURVE('',#2090,#1748,#2092,.T.);
#2090 = VERTEX_POINT('',#2091);
#2091 = CARTESIAN_POINT('',(48.601357532381,55.808041199103,
    0.200000000002));
#2092 = LINE('',#2093,#2094);
#2093 = CARTESIAN_POINT('',(48.601357532381,55.808041199103,
    2.136957277799E-12));
#2094 = VECTOR('',#2095,1.);
#2095 = DIRECTION('',(0.,0.,1.));
#2096 = ORIENTED_EDGE('',*,*,#2097,.F.);
#2097 = EDGE_CURVE('',#2098,#2090,#2100,.T.);
#2098 = VERTEX_POINT('',#2099);
#2099 = CARTESIAN_POINT('',(48.601357532381,54.308041199103,
    0.200000000002));
#2100 = LINE('',#2101,#2102);
#2101 = CARTESIAN_POINT('',(48.601357532381,51.562027444605,
    0.200000000002));
#2102 = VECTOR('',#2103,1.);
#2103 = DIRECTION('',(0.,1.,-3.061616997868E-16));
#2104 = ORIENTED_EDGE('',*,*,#2105,.T.);
#2105 = EDGE_CURVE('',#2098,#1737,#2106,.T.);
#2106 = LINE('',#2107,#2108);
#2107 = CARTESIAN_POINT('',(48.601357532381,54.308041199103,
    2.136957277799E-12));
#2108 = VECTOR('',#2109,1.);
#2109 = DIRECTION('',(0.,0.,1.));
#2110 = PLANE('',#2111);
#2111 = AXIS2_PLACEMENT_3D('',#2112,#2113,#2114);
#2112 = CARTESIAN_POINT('',(48.601357532381,55.808041199103,
    2.136957277799E-12));
#2113 = DIRECTION('',(-1.,0.,0.));
#2114 = DIRECTION('',(0.,-1.,3.061616997868E-16));
#2115 = ADVANCED_FACE('',(#2116),#2134,.T.);
#2116 = FACE_BOUND('',#2117,.T.);
#2117 = EDGE_LOOP('',(#2118,#2119,#2120,#2128));
#2118 = ORIENTED_EDGE('',*,*,#1736,.T.);
#2119 = ORIENTED_EDGE('',*,*,#2105,.F.);
#2120 = ORIENTED_EDGE('',*,*,#2121,.F.);
#2121 = EDGE_CURVE('',#2122,#2098,#2124,.T.);
#2122 = VERTEX_POINT('',#2123);
#2123 = CARTESIAN_POINT('',(47.601357532381,54.308041199103,
    0.200000000002));
#2124 = LINE('',#2125,#2126);
#2125 = CARTESIAN_POINT('',(43.851357532381,54.308041199103,
    0.200000000002));
#2126 = VECTOR('',#2127,1.);
#2127 = DIRECTION('',(1.,0.,0.));
#2128 = ORIENTED_EDGE('',*,*,#2129,.T.);
#2129 = EDGE_CURVE('',#2122,#1728,#2130,.T.);
#2130 = LINE('',#2131,#2132);
#2131 = CARTESIAN_POINT('',(47.601357532381,54.308041199103,
    2.136957277799E-12));
#2132 = VECTOR('',#2133,1.);
#2133 = DIRECTION('',(0.,0.,1.));
#2134 = PLANE('',#2135);
#2135 = AXIS2_PLACEMENT_3D('',#2136,#2137,#2138);
#2136 = CARTESIAN_POINT('',(48.601357532381,54.308041199103,
    2.137845456218E-12));
#2137 = DIRECTION('',(0.,1.,0.));
#2138 = DIRECTION('',(-1.,0.,0.));
#2139 = ADVANCED_FACE('',(#2140),#2158,.T.);
#2140 = FACE_BOUND('',#2141,.T.);
#2141 = EDGE_LOOP('',(#2142,#2143,#2151,#2157));
#2142 = ORIENTED_EDGE('',*,*,#1756,.T.);
#2143 = ORIENTED_EDGE('',*,*,#2144,.F.);
#2144 = EDGE_CURVE('',#2145,#1757,#2147,.T.);
#2145 = VERTEX_POINT('',#2146);
#2146 = CARTESIAN_POINT('',(50.101357532381,55.808041199103,
    0.200000000002));
#2147 = LINE('',#2148,#2149);
#2148 = CARTESIAN_POINT('',(50.101357532381,55.808041199103,
    2.136957277799E-12));
#2149 = VECTOR('',#2150,1.);
#2150 = DIRECTION('',(0.,0.,1.));
#2151 = ORIENTED_EDGE('',*,*,#2152,.F.);
#2152 = EDGE_CURVE('',#2090,#2145,#2153,.T.);
#2153 = LINE('',#2154,#2155);
#2154 = CARTESIAN_POINT('',(43.351357532381,55.808041199103,
    0.200000000002));
#2155 = VECTOR('',#2156,1.);
#2156 = DIRECTION('',(1.,0.,0.));
#2157 = ORIENTED_EDGE('',*,*,#2089,.T.);
#2158 = PLANE('',#2159);
#2159 = AXIS2_PLACEMENT_3D('',#2160,#2161,#2162);
#2160 = CARTESIAN_POINT('',(47.601357532381,55.808041199103,
    2.136957277799E-12));
#2161 = DIRECTION('',(0.,1.,0.));
#2162 = DIRECTION('',(-1.,0.,0.));
#2163 = ADVANCED_FACE('',(#2164),#2182,.T.);
#2164 = FACE_BOUND('',#2165,.T.);
#2165 = EDGE_LOOP('',(#2166,#2167,#2175,#2181));
#2166 = ORIENTED_EDGE('',*,*,#1765,.T.);
#2167 = ORIENTED_EDGE('',*,*,#2168,.F.);
#2168 = EDGE_CURVE('',#2169,#1766,#2171,.T.);
#2169 = VERTEX_POINT('',#2170);
#2170 = CARTESIAN_POINT('',(50.101357532381,56.808041199103,
    0.200000000002));
#2171 = LINE('',#2172,#2173);
#2172 = CARTESIAN_POINT('',(50.101357532381,56.808041199103,
    2.136069099379E-12));
#2173 = VECTOR('',#2174,1.);
#2174 = DIRECTION('',(0.,0.,1.));
#2175 = ORIENTED_EDGE('',*,*,#2176,.F.);
#2176 = EDGE_CURVE('',#2145,#2169,#2177,.T.);
#2177 = LINE('',#2178,#2179);
#2178 = CARTESIAN_POINT('',(50.101357532381,52.062027444605,
    0.200000000002));
#2179 = VECTOR('',#2180,1.);
#2180 = DIRECTION('',(0.,1.,-3.061616997868E-16));
#2181 = ORIENTED_EDGE('',*,*,#2144,.T.);
#2182 = PLANE('',#2183);
#2183 = AXIS2_PLACEMENT_3D('',#2184,#2185,#2186);
#2184 = CARTESIAN_POINT('',(50.101357532381,56.808041199103,
    2.136069099379E-12));
#2185 = DIRECTION('',(-1.,0.,0.));
#2186 = DIRECTION('',(0.,-1.,3.061616997868E-16));
#2187 = ADVANCED_FACE('',(#2188),#2206,.T.);
#2188 = FACE_BOUND('',#2189,.T.);
#2189 = EDGE_LOOP('',(#2190,#2191,#2199,#2205));
#2190 = ORIENTED_EDGE('',*,*,#1774,.T.);
#2191 = ORIENTED_EDGE('',*,*,#2192,.F.);
#2192 = EDGE_CURVE('',#2193,#1775,#2195,.T.);
#2193 = VERTEX_POINT('',#2194);
#2194 = CARTESIAN_POINT('',(48.601357532381,56.808041199103,
    0.200000000002));
#2195 = LINE('',#2196,#2197);
#2196 = CARTESIAN_POINT('',(48.601357532381,56.808041199103,
    2.136069099379E-12));
#2197 = VECTOR('',#2198,1.);
#2198 = DIRECTION('',(0.,0.,1.));
#2199 = ORIENTED_EDGE('',*,*,#2200,.F.);
#2200 = EDGE_CURVE('',#2169,#2193,#2201,.T.);
#2201 = LINE('',#2202,#2203);
#2202 = CARTESIAN_POINT('',(43.851357532381,56.808041199103,
    0.200000000002));
#2203 = VECTOR('',#2204,1.);
#2204 = DIRECTION('',(-1.,0.,0.));
#2205 = ORIENTED_EDGE('',*,*,#2168,.T.);
#2206 = PLANE('',#2207);
#2207 = AXIS2_PLACEMENT_3D('',#2208,#2209,#2210);
#2208 = CARTESIAN_POINT('',(48.601357532381,56.808041199103,
    2.136069099379E-12));
#2209 = DIRECTION('',(0.,-1.,0.));
#2210 = DIRECTION('',(1.,0.,0.));
#2211 = ADVANCED_FACE('',(#2212),#2230,.T.);
#2212 = FACE_BOUND('',#2213,.T.);
#2213 = EDGE_LOOP('',(#2214,#2215,#2223,#2229));
#2214 = ORIENTED_EDGE('',*,*,#1783,.T.);
#2215 = ORIENTED_EDGE('',*,*,#2216,.F.);
#2216 = EDGE_CURVE('',#2217,#1784,#2219,.T.);
#2217 = VERTEX_POINT('',#2218);
#2218 = CARTESIAN_POINT('',(48.601357532381,58.308041199103,
    0.200000000002));
#2219 = LINE('',#2220,#2221);
#2220 = CARTESIAN_POINT('',(48.601357532381,58.308041199103,
    2.136069099379E-12));
#2221 = VECTOR('',#2222,1.);
#2222 = DIRECTION('',(0.,0.,1.));
#2223 = ORIENTED_EDGE('',*,*,#2224,.F.);
#2224 = EDGE_CURVE('',#2193,#2217,#2225,.T.);
#2225 = LINE('',#2226,#2227);
#2226 = CARTESIAN_POINT('',(48.601357532381,52.812027444605,
    0.200000000002));
#2227 = VECTOR('',#2228,1.);
#2228 = DIRECTION('',(0.,1.,-3.061616997868E-16));
#2229 = ORIENTED_EDGE('',*,*,#2192,.T.);
#2230 = PLANE('',#2231);
#2231 = AXIS2_PLACEMENT_3D('',#2232,#2233,#2234);
#2232 = CARTESIAN_POINT('',(48.601357532381,58.308041199103,
    2.136069099379E-12));
#2233 = DIRECTION('',(-1.,0.,0.));
#2234 = DIRECTION('',(0.,-1.,3.061616997868E-16));
#2235 = ADVANCED_FACE('',(#2236),#2261,.T.);
#2236 = FACE_BOUND('',#2237,.T.);
#2237 = EDGE_LOOP('',(#2238,#2239,#2247,#2255));
#2238 = ORIENTED_EDGE('',*,*,#1821,.T.);
#2239 = ORIENTED_EDGE('',*,*,#2240,.F.);
#2240 = EDGE_CURVE('',#2241,#1717,#2243,.T.);
#2241 = VERTEX_POINT('',#2242);
#2242 = CARTESIAN_POINT('',(46.101357532381,55.808041199103,
    0.200000000002));
#2243 = LINE('',#2244,#2245);
#2244 = CARTESIAN_POINT('',(46.101357532381,55.808041199103,
    2.136957277799E-12));
#2245 = VECTOR('',#2246,1.);
#2246 = DIRECTION('',(0.,0.,1.));
#2247 = ORIENTED_EDGE('',*,*,#2248,.F.);
#2248 = EDGE_CURVE('',#2249,#2241,#2251,.T.);
#2249 = VERTEX_POINT('',#2250);
#2250 = CARTESIAN_POINT('',(46.101357532381,56.808041199103,
    0.200000000002));
#2251 = LINE('',#2252,#2253);
#2252 = CARTESIAN_POINT('',(46.101357532381,51.562027444605,
    0.200000000002));
#2253 = VECTOR('',#2254,1.);
#2254 = DIRECTION('',(0.,-1.,3.061616997868E-16));
#2255 = ORIENTED_EDGE('',*,*,#2256,.T.);
#2256 = EDGE_CURVE('',#2249,#1813,#2257,.T.);
#2257 = LINE('',#2258,#2259);
#2258 = CARTESIAN_POINT('',(46.101357532381,56.808041199103,
    2.136069099379E-12));
#2259 = VECTOR('',#2260,1.);
#2260 = DIRECTION('',(0.,0.,1.));
#2261 = PLANE('',#2262);
#2262 = AXIS2_PLACEMENT_3D('',#2263,#2264,#2265);
#2263 = CARTESIAN_POINT('',(46.101357532381,55.808041199103,
    2.136957277799E-12));
#2264 = DIRECTION('',(1.,0.,0.));
#2265 = DIRECTION('',(0.,1.,-3.061616997868E-16));
#2266 = ADVANCED_FACE('',(#2267),#2285,.T.);
#2267 = FACE_BOUND('',#2268,.T.);
#2268 = EDGE_LOOP('',(#2269,#2270,#2271,#2279));
#2269 = ORIENTED_EDGE('',*,*,#1812,.T.);
#2270 = ORIENTED_EDGE('',*,*,#2256,.F.);
#2271 = ORIENTED_EDGE('',*,*,#2272,.F.);
#2272 = EDGE_CURVE('',#2273,#2249,#2275,.T.);
#2273 = VERTEX_POINT('',#2274);
#2274 = CARTESIAN_POINT('',(47.601357532381,56.808041199103,
    0.200000000002));
#2275 = LINE('',#2276,#2277);
#2276 = CARTESIAN_POINT('',(42.601357532381,56.808041199103,
    0.200000000002));
#2277 = VECTOR('',#2278,1.);
#2278 = DIRECTION('',(-1.,0.,0.));
#2279 = ORIENTED_EDGE('',*,*,#2280,.T.);
#2280 = EDGE_CURVE('',#2273,#1804,#2281,.T.);
#2281 = LINE('',#2282,#2283);
#2282 = CARTESIAN_POINT('',(47.601357532381,56.808041199103,
    2.136069099379E-12));
#2283 = VECTOR('',#2284,1.);
#2284 = DIRECTION('',(0.,0.,1.));
#2285 = PLANE('',#2286);
#2286 = AXIS2_PLACEMENT_3D('',#2287,#2288,#2289);
#2287 = CARTESIAN_POINT('',(46.101357532381,56.808041199103,
    2.136069099379E-12));
#2288 = DIRECTION('',(0.,-1.,0.));
#2289 = DIRECTION('',(1.,0.,0.));
#2290 = ADVANCED_FACE('',(#2291,#2294),#2332,.T.);
#2291 = FACE_BOUND('',#2292,.T.);
#2292 = EDGE_LOOP('',(#2293));
#2293 = ORIENTED_EDGE('',*,*,#884,.T.);
#2294 = FACE_BOUND('',#2295,.T.);
#2295 = EDGE_LOOP('',(#2296,#2304,#2305,#2306,#2314,#2320,#2321,#2322,
    #2323,#2324,#2325,#2326));
#2296 = ORIENTED_EDGE('',*,*,#2297,.T.);
#2297 = EDGE_CURVE('',#2298,#2273,#2300,.T.);
#2298 = VERTEX_POINT('',#2299);
#2299 = CARTESIAN_POINT('',(47.601357532381,58.308041199103,
    0.200000000002));
#2300 = LINE('',#2301,#2302);
#2301 = CARTESIAN_POINT('',(47.601357532381,52.062027444605,
    0.200000000002));
#2302 = VECTOR('',#2303,1.);
#2303 = DIRECTION('',(0.,-1.,3.061616997868E-16));
#2304 = ORIENTED_EDGE('',*,*,#2272,.T.);
#2305 = ORIENTED_EDGE('',*,*,#2248,.T.);
#2306 = ORIENTED_EDGE('',*,*,#2307,.T.);
#2307 = EDGE_CURVE('',#2241,#2308,#2310,.T.);
#2308 = VERTEX_POINT('',#2309);
#2309 = CARTESIAN_POINT('',(47.601357532381,55.808041199103,
    0.200000000002));
#2310 = LINE('',#2311,#2312);
#2311 = CARTESIAN_POINT('',(43.351357532381,55.808041199103,
    0.200000000002));
#2312 = VECTOR('',#2313,1.);
#2313 = DIRECTION('',(1.,0.,0.));
#2314 = ORIENTED_EDGE('',*,*,#2315,.T.);
#2315 = EDGE_CURVE('',#2308,#2122,#2316,.T.);
#2316 = LINE('',#2317,#2318);
#2317 = CARTESIAN_POINT('',(47.601357532381,52.062027444605,
    0.200000000002));
#2318 = VECTOR('',#2319,1.);
#2319 = DIRECTION('',(0.,-1.,3.061616997868E-16));
#2320 = ORIENTED_EDGE('',*,*,#2121,.T.);
#2321 = ORIENTED_EDGE('',*,*,#2097,.T.);
#2322 = ORIENTED_EDGE('',*,*,#2152,.T.);
#2323 = ORIENTED_EDGE('',*,*,#2176,.T.);
#2324 = ORIENTED_EDGE('',*,*,#2200,.T.);
#2325 = ORIENTED_EDGE('',*,*,#2224,.T.);
#2326 = ORIENTED_EDGE('',*,*,#2327,.T.);
#2327 = EDGE_CURVE('',#2217,#2298,#2328,.T.);
#2328 = LINE('',#2329,#2330);
#2329 = CARTESIAN_POINT('',(43.351357532381,58.308041199103,
    0.200000000002));
#2330 = VECTOR('',#2331,1.);
#2331 = DIRECTION('',(-1.,0.,0.));
#2332 = PLANE('',#2333);
#2333 = AXIS2_PLACEMENT_3D('',#2334,#2335,#2336);
#2334 = CARTESIAN_POINT('',(39.101357532381,47.316013690106,
    0.200000000002));
#2335 = DIRECTION('',(0.,-3.061616997868E-16,-1.));
#2336 = DIRECTION('',(0.,1.,-3.061616997868E-16));
#2337 = ADVANCED_FACE('',(#2338),#2349,.T.);
#2338 = FACE_BOUND('',#2339,.T.);
#2339 = EDGE_LOOP('',(#2340,#2341,#2347,#2348));
#2340 = ORIENTED_EDGE('',*,*,#1792,.T.);
#2341 = ORIENTED_EDGE('',*,*,#2342,.F.);
#2342 = EDGE_CURVE('',#2298,#1793,#2343,.T.);
#2343 = LINE('',#2344,#2345);
#2344 = CARTESIAN_POINT('',(47.601357532381,58.308041199103,
    2.136069099379E-12));
#2345 = VECTOR('',#2346,1.);
#2346 = DIRECTION('',(0.,0.,1.));
#2347 = ORIENTED_EDGE('',*,*,#2327,.F.);
#2348 = ORIENTED_EDGE('',*,*,#2216,.T.);
#2349 = PLANE('',#2350);
#2350 = AXIS2_PLACEMENT_3D('',#2351,#2352,#2353);
#2351 = CARTESIAN_POINT('',(47.601357532381,58.308041199103,
    2.136069099379E-12));
#2352 = DIRECTION('',(0.,-1.,0.));
#2353 = DIRECTION('',(1.,0.,0.));
#2354 = ADVANCED_FACE('',(#2355),#2366,.T.);
#2355 = FACE_BOUND('',#2356,.T.);
#2356 = EDGE_LOOP('',(#2357,#2358,#2359,#2360));
#2357 = ORIENTED_EDGE('',*,*,#1727,.T.);
#2358 = ORIENTED_EDGE('',*,*,#2129,.F.);
#2359 = ORIENTED_EDGE('',*,*,#2315,.F.);
#2360 = ORIENTED_EDGE('',*,*,#2361,.T.);
#2361 = EDGE_CURVE('',#2308,#1719,#2362,.T.);
#2362 = LINE('',#2363,#2364);
#2363 = CARTESIAN_POINT('',(47.601357532381,55.808041199103,
    2.136957277799E-12));
#2364 = VECTOR('',#2365,1.);
#2365 = DIRECTION('',(0.,0.,1.));
#2366 = PLANE('',#2367);
#2367 = AXIS2_PLACEMENT_3D('',#2368,#2369,#2370);
#2368 = CARTESIAN_POINT('',(47.601357532381,56.808041199103,
    2.136069099379E-12));
#2369 = DIRECTION('',(1.,0.,0.));
#2370 = DIRECTION('',(0.,1.,-3.061616997868E-16));
#2371 = ADVANCED_FACE('',(#2372),#2378,.T.);
#2372 = FACE_BOUND('',#2373,.T.);
#2373 = EDGE_LOOP('',(#2374,#2375,#2376,#2377));
#2374 = ORIENTED_EDGE('',*,*,#1716,.T.);
#2375 = ORIENTED_EDGE('',*,*,#2361,.F.);
#2376 = ORIENTED_EDGE('',*,*,#2307,.F.);
#2377 = ORIENTED_EDGE('',*,*,#2240,.T.);
#2378 = PLANE('',#2379);
#2379 = AXIS2_PLACEMENT_3D('',#2380,#2381,#2382);
#2380 = CARTESIAN_POINT('',(47.601357532381,55.808041199103,
    2.136957277799E-12));
#2381 = DIRECTION('',(0.,1.,0.));
#2382 = DIRECTION('',(-1.,0.,0.));
#2383 = ADVANCED_FACE('',(#2384),#2390,.T.);
#2384 = FACE_BOUND('',#2385,.T.);
#2385 = EDGE_LOOP('',(#2386,#2387,#2388,#2389));
#2386 = ORIENTED_EDGE('',*,*,#1803,.T.);
#2387 = ORIENTED_EDGE('',*,*,#2280,.F.);
#2388 = ORIENTED_EDGE('',*,*,#2297,.F.);
#2389 = ORIENTED_EDGE('',*,*,#2342,.T.);
#2390 = PLANE('',#2391);
#2391 = AXIS2_PLACEMENT_3D('',#2392,#2393,#2394);
#2392 = CARTESIAN_POINT('',(47.601357532381,56.808041199103,
    2.136069099379E-12));
#2393 = DIRECTION('',(1.,0.,0.));
#2394 = DIRECTION('',(0.,1.,-3.061616997868E-16));
#2395 = ( GEOMETRIC_REPRESENTATION_CONTEXT(3) 
GLOBAL_UNCERTAINTY_ASSIGNED_CONTEXT((#2399)) 
GLOBAL_UNIT_ASSIGNED_CONTEXT((#2396,#2397,#2398)) REPRESENTATION_CONTEXT
('Context #1','3D Context with UNIT and UNCERTAINTY') );
#2396 = ( LENGTH_UNIT() NAMED_UNIT(*) SI_UNIT(.MILLI.,.METRE.) );
#2397 = ( NAMED_UNIT(*) PLANE_ANGLE_UNIT() SI_UNIT($,.RADIAN.) );
#2398 = ( NAMED_UNIT(*) SI_UNIT($,.STERADIAN.) SOLID_ANGLE_UNIT() );
#2399 = UNCERTAINTY_MEASURE_WITH_UNIT(LENGTH_MEASURE(5.E-04),#2396,
  'distance_accuracy_value','confusion accuracy');
#2400 = PRODUCT_RELATED_PRODUCT_CATEGORY('part',$,(#7));
#2401 = MECHANICAL_DESIGN_GEOMETRIC_PRESENTATION_REPRESENTATION('',(
    #2402),#2395);
#2402 = STYLED_ITEM('color',(#2403),#15);
#2403 = PRESENTATION_STYLE_ASSIGNMENT((#2404,#2410));
#2404 = SURFACE_STYLE_USAGE(.BOTH.,#2405);
#2405 = SURFACE_SIDE_STYLE('',(#2406));
#2406 = SURFACE_STYLE_FILL_AREA(#2407);
#2407 = FILL_AREA_STYLE('',(#2408));
#2408 = FILL_AREA_STYLE_COLOUR('',#2409);
#2409 = DRAUGHTING_PRE_DEFINED_COLOUR('white');
#2410 = CURVE_STYLE('',#2411,POSITIVE_LENGTH_MEASURE(0.1),#2412);
#2411 = DRAUGHTING_PRE_DEFINED_CURVE_FONT('continuous');
#2412 = COLOUR_RGB('',9.803921802644E-02,9.803921802644E-02,
  9.803921802644E-02);
ENDSEC;
END-ISO-10303-21;
