ISO-10303-21;
HEADER;
FILE_DESCRIPTION(('FreeCAD Model'),'2;1');
FILE_NAME('Open CASCADE Shape Model','2026-09-10T09:31:28',('Author'),(
    ''),'Open CASCADE STEP processor 7.8','FreeCAD','Unknown');
FILE_SCHEMA(('AUTOMOTIVE_DESIGN { 1 0 10303 214 1 1 1 1 }'));
ENDSEC;
DATA;
#1 = APPLICATION_PROTOCOL_DEFINITION('international standard',
  'automotive_design',2000,#2);
#2 = APPLICATION_CONTEXT(
  'core data for automotive mechanical design processes');
#3 = SHAPE_DEFINITION_REPRESENTATION(#4,#10);
#4 = PRODUCT_DEFINITION_SHAPE('','',#5);
#5 = PRODUCT_DEFINITION('design','',#6,#9);
#6 = PRODUCT_DEFINITION_FORMATION('','',#7);
#7 = PRODUCT('Product028','Product028','',(#8));
#8 = PRODUCT_CONTEXT('',#2,'mechanical');
#9 = PRODUCT_DEFINITION_CONTEXT('part definition',#2,'design');
#10 = ADVANCED_BREP_SHAPE_REPRESENTATION('',(#11,#15),#2457);
#11 = AXIS2_PLACEMENT_3D('',#12,#13,#14);
#12 = CARTESIAN_POINT('',(0.,0.,0.));
#13 = DIRECTION('',(0.,0.,1.));
#14 = DIRECTION('',(1.,0.,-0.));
#15 = MANIFOLD_SOLID_BREP('',#16);
#16 = CLOSED_SHELL('',(#17,#134,#260,#380,#482,#615,#767,#853,#903,#979,
    #1019,#1101,#1182,#1232,#1324,#1388,#1459,#1551,#1601,#1662,#1696,
    #1737,#1754,#1795,#1813,#1854,#1883,#1924,#1936,#2043,#2065,#2082,
    #2099,#2116,#2133,#2150,#2167,#2184,#2201,#2218,#2235,#2247,#2271,
    #2288,#2300,#2321,#2338,#2350,#2367,#2384,#2404,#2425,#2445));
#17 = ADVANCED_FACE('',(#18),#109,.F.);
#18 = FACE_BOUND('',#19,.F.);
#19 = EDGE_LOOP('',(#20,#52,#70,#82,#100));
#20 = ORIENTED_EDGE('',*,*,#21,.T.);
#21 = EDGE_CURVE('',#22,#24,#26,.T.);
#22 = VERTEX_POINT('',#23);
#23 = CARTESIAN_POINT('',(47.776357532388,127.72767275424,5.183434127262
    ));
#24 = VERTEX_POINT('',#25);
#25 = CARTESIAN_POINT('',(45.42098909253,130.08304113862,5.023026552044)
  );
#26 = B_SPLINE_CURVE_WITH_KNOTS('',3,(#27,#28,#29,#30,#31,#32,#33,#34,
    #35,#36,#37,#38,#39,#40,#41,#42,#43,#44,#45,#46,#47,#48,#49,#50,#51)
  ,.UNSPECIFIED.,.F.,.F.,(4,3,3,3,3,3,3,3,4),(7.02068420426E-02,
    0.548691588838,0.766418178278,1.337000378296,1.736818224638,
    2.378825281976,2.728041592692,3.213913994933,3.673813834035),
  .UNSPECIFIED.);
#27 = CARTESIAN_POINT('',(47.776357532392,127.72767275424,5.183434127262
    ));
#28 = CARTESIAN_POINT('',(47.61815792522,127.74685467771,5.18251112022)
  );
#29 = CARTESIAN_POINT('',(47.4620668559,127.7799929829,5.180907165047));
#30 = CARTESIAN_POINT('',(47.309906174905,127.82664520795,5.178575539317
    ));
#31 = CARTESIAN_POINT('',(47.24066796754,127.84787353323,5.177514571498)
  );
#32 = CARTESIAN_POINT('',(47.172243536752,127.8718999212,5.176302200216)
  );
#33 = CARTESIAN_POINT('',(47.104804339481,127.89868235717,5.174930515115
    ));
#34 = CARTESIAN_POINT('',(46.928070736345,127.96886937897,5.171335827454
    ));
#35 = CARTESIAN_POINT('',(46.759622129528,128.05738072047,5.166682104965
    ));
#36 = CARTESIAN_POINT('',(46.602135354128,128.16252707815,5.160828515856
    ));
#37 = CARTESIAN_POINT('',(46.491781362423,128.2362051394,5.156726794157)
  );
#38 = CARTESIAN_POINT('',(46.386809536601,128.31805096433,5.152034320662
    ));
#39 = CARTESIAN_POINT('',(46.288138586551,128.40748197557,5.146688071531
    ));
#40 = CARTESIAN_POINT('',(46.129697819423,128.55108572134,5.138103337999
    ));
#41 = CARTESIAN_POINT('',(45.989250805965,128.71266212421,5.127923196614
    ));
#42 = CARTESIAN_POINT('',(45.869468580473,128.88860984123,5.11598752436)
  );
#43 = CARTESIAN_POINT('',(45.804313678518,128.9843156624,5.109495179171)
  );
#44 = CARTESIAN_POINT('',(45.745272854233,129.08427365354,5.102483908133
    ));
#45 = CARTESIAN_POINT('',(45.692775491528,129.18790486827,5.094934953497
    ));
#46 = CARTESIAN_POINT('',(45.619734745363,129.33208927793,5.084431925328
    ));
#47 = CARTESIAN_POINT('',(45.559980184977,129.48216023456,5.072974377919
    ));
#48 = CARTESIAN_POINT('',(45.514015809487,129.636251453,5.060593854652)
  );
#49 = CARTESIAN_POINT('',(45.470508483706,129.78210564484,5.048875138725
    ));
#50 = CARTESIAN_POINT('',(45.4393563696,129.93156177806,5.036329508265)
  );
#51 = CARTESIAN_POINT('',(45.42098909253,130.08304113862,5.023026552045)
  );
#52 = ORIENTED_EDGE('',*,*,#53,.T.);
#53 = EDGE_CURVE('',#24,#54,#56,.T.);
#54 = VERTEX_POINT('',#55);
#55 = CARTESIAN_POINT('',(40.491750372406,130.08304119906,5.448784679311
    ));
#56 = B_SPLINE_CURVE_WITH_KNOTS('',3,(#57,#58,#59,#60,#61,#62,#63,#64,
    #65,#66,#67,#68,#69),.UNSPECIFIED.,.F.,.F.,(4,3,3,3,4),(
    2.425592017685,3.778430830021,5.118515360701,7.055397587445,
    7.376823578654),.UNSPECIFIED.);
#57 = CARTESIAN_POINT('',(45.420989092532,130.08304113862,5.023026552044
    ));
#58 = CARTESIAN_POINT('',(44.97039317563,130.08304113781,5.04323320806)
  );
#59 = CARTESIAN_POINT('',(44.520048256265,130.08304115152,5.068526356095
    ));
#60 = CARTESIAN_POINT('',(44.070127115182,130.08304116944,5.098897961506
    ));
#61 = CARTESIAN_POINT('',(43.624447672345,130.08304118719,5.128983234106
    ));
#62 = CARTESIAN_POINT('',(43.179283332379,130.08304057462,5.164043988042
    ));
#63 = CARTESIAN_POINT('',(42.734665018172,130.08304052444,5.20408077007)
  );
#64 = CARTESIAN_POINT('',(42.09203890709,130.08304045191,5.261947665593)
  );
#65 = CARTESIAN_POINT('',(41.450586181794,130.08304114988,5.33020523403)
  );
#66 = CARTESIAN_POINT('',(40.810376188449,130.08304119385,5.408801236211
    ));
#67 = CARTESIAN_POINT('',(40.704133212572,130.08304120115,5.421844258423
    ));
#68 = CARTESIAN_POINT('',(40.597924489381,130.0830412009,5.435172107903)
  );
#69 = CARTESIAN_POINT('',(40.491750372414,130.08304119906,5.44878467931)
  );
#70 = ORIENTED_EDGE('',*,*,#71,.T.);
#71 = EDGE_CURVE('',#54,#72,#74,.T.);
#72 = VERTEX_POINT('',#73);
#73 = CARTESIAN_POINT('',(40.516912574985,125.63494157821,5.86038379624)
  );
#74 = B_SPLINE_CURVE_WITH_KNOTS('',3,(#75,#76,#77,#78,#79,#80,#81),
  .UNSPECIFIED.,.F.,.F.,(4,3,4),(0.100708770945,2.485498805805,
    4.567171135029),.UNSPECIFIED.);
#75 = CARTESIAN_POINT('',(40.491773892842,130.08304202969,5.448795075285
    ));
#76 = CARTESIAN_POINT('',(40.496478696274,129.29147562349,5.522009658975
    ));
#77 = CARTESIAN_POINT('',(40.501054399145,128.49958236644,5.595270593298
    ));
#78 = CARTESIAN_POINT('',(40.505508991391,127.70805298829,5.668513814003
    ));
#79 = CARTESIAN_POINT('',(40.509397384569,127.01713061821,5.732447486005
    ));
#80 = CARTESIAN_POINT('',(40.51319656974,126.32594466095,5.796417701359)
  );
#81 = CARTESIAN_POINT('',(40.516912689829,125.63494158241,5.860383849302
    ));
#82 = ORIENTED_EDGE('',*,*,#83,.T.);
#83 = EDGE_CURVE('',#72,#84,#86,.T.);
#84 = VERTEX_POINT('',#85);
#85 = CARTESIAN_POINT('',(47.776357532395,125.4117063808,5.399415932112)
  );
#86 = B_SPLINE_CURVE_WITH_KNOTS('',3,(#87,#88,#89,#90,#91,#92,#93,#94,
    #95,#96,#97,#98,#99),.UNSPECIFIED.,.F.,.F.,(4,3,3,3,4),(
    0.200894315549,2.141507034194,2.433605404971,3.75699914771,
    7.478886823607),.UNSPECIFIED.);
#87 = CARTESIAN_POINT('',(40.516912574993,125.6349415782,5.860383796137)
  );
#88 = CARTESIAN_POINT('',(41.157873681819,125.59699243048,5.782021078247
    ));
#89 = CARTESIAN_POINT('',(41.800232481477,125.5638425128,5.713564542273)
  );
#90 = CARTESIAN_POINT('',(42.443916038082,125.53551614204,5.655070530137
    ));
#91 = CARTESIAN_POINT('',(42.540802406173,125.53125249548,5.646266091477
    ));
#92 = CARTESIAN_POINT('',(42.637718808893,125.52709813923,5.637687455783
    ));
#93 = CARTESIAN_POINT('',(42.734665018172,125.52305316552,5.629334915021
    ));
#94 = CARTESIAN_POINT('',(43.17389378347,125.50472682948,5.591492525994)
  );
#95 = CARTESIAN_POINT('',(43.613718670676,125.48864577218,5.55829125866)
  );
#96 = CARTESIAN_POINT('',(44.054109065929,125.47481631499,5.529734071394
    ));
#97 = CARTESIAN_POINT('',(45.292654867102,125.4359226054,5.449420366186)
  );
#98 = CARTESIAN_POINT('',(46.534603530408,125.41485546461,5.40591860657)
  );
#99 = CARTESIAN_POINT('',(47.77635753239,125.41170638079,5.399415932112)
  );
#100 = ORIENTED_EDGE('',*,*,#101,.T.);
#101 = EDGE_CURVE('',#84,#22,#102,.T.);
#102 = B_SPLINE_CURVE_WITH_KNOTS('',3,(#103,#104,#105,#106,#107,#108),
  .UNSPECIFIED.,.F.,.F.,(4,2,4),(0.224476005392,2.485876881227,
    2.550491564869),.UNSPECIFIED.);
#103 = CARTESIAN_POINT('',(47.776357532392,125.4117063808,5.399415932112
    ));
#104 = CARTESIAN_POINT('',(47.776357532392,126.16224999661,
    5.329421925887));
#105 = CARTESIAN_POINT('',(47.776357532392,126.91279361242,
    5.259427919661));
#106 = CARTESIAN_POINT('',(47.776357532392,127.68478240356,
    5.187433984712));
#107 = CARTESIAN_POINT('',(47.776357532392,127.70622757889,
    5.185434055987));
#108 = CARTESIAN_POINT('',(47.776357532392,127.72767275424,
    5.183434127263));
#109 = B_SPLINE_SURFACE_WITH_KNOTS('',3,3,(
    (#110,#111,#112,#113,#114,#115)
    ,(#116,#117,#118,#119,#120,#121)
    ,(#122,#123,#124,#125,#126,#127)
    ,(#128,#129,#130,#131,#132,#133
    )),.UNSPECIFIED.,.F.,.F.,.F.,(4,4),(4,2,4),(0.283340990135,
    0.362985421495),(8.131608641581E-02,0.11884133567,0.202622183592),
  .UNSPECIFIED.);
#110 = CARTESIAN_POINT('',(40.491750372399,130.12240404317,
    5.445113789176));
#111 = CARTESIAN_POINT('',(41.23696143437,130.1135707024,5.350394142722)
  );
#112 = CARTESIAN_POINT('',(41.984846202991,130.10602267128,
    5.269456832968));
#113 = CARTESIAN_POINT('',(44.408749997558,130.08584312823,
    5.053072201851));
#114 = CARTESIAN_POINT('',(46.092249028228,130.07841555799,
    4.973426590387));
#115 = CARTESIAN_POINT('',(47.776357532395,130.07756337182,
    4.964288623855));
#116 = CARTESIAN_POINT('',(40.491750372399,128.56711837949,
    5.590156225262));
#117 = CARTESIAN_POINT('',(41.23696143437,128.55828503872,5.495436578807
    ));
#118 = CARTESIAN_POINT('',(41.984846202991,128.5507370076,5.414499269053
    ));
#119 = CARTESIAN_POINT('',(44.408749997558,128.53055746455,
    5.198114637936));
#120 = CARTESIAN_POINT('',(46.092249028228,128.52312989431,
    5.118469026473));
#121 = CARTESIAN_POINT('',(47.776357532395,128.52227770815,
    5.109331059941));
#122 = CARTESIAN_POINT('',(40.491750372399,127.01183271582,
    5.735198661347));
#123 = CARTESIAN_POINT('',(41.23696143437,127.00299937505,5.640479014893
    ));
#124 = CARTESIAN_POINT('',(41.984846202991,126.99545134393,
    5.559541705139));
#125 = CARTESIAN_POINT('',(44.408749997558,126.97527180088,
    5.343157074022));
#126 = CARTESIAN_POINT('',(46.092249028228,126.96784423063,
    5.263511462558));
#127 = CARTESIAN_POINT('',(47.776357532395,126.96699204446,
    5.254373496027));
#128 = CARTESIAN_POINT('',(40.491750372399,125.45654705214,
    5.880241097433));
#129 = CARTESIAN_POINT('',(41.23696143437,125.44771371137,5.785521450979
    ));
#130 = CARTESIAN_POINT('',(41.984846202991,125.44016568026,
    5.704584141225));
#131 = CARTESIAN_POINT('',(44.408749997558,125.41998613721,
    5.488199510108));
#132 = CARTESIAN_POINT('',(46.092249028228,125.41255856696,
    5.408553898644));
#133 = CARTESIAN_POINT('',(47.776357532395,125.41170638079,
    5.399415932112));
#134 = ADVANCED_FACE('',(#135),#235,.F.);
#135 = FACE_BOUND('',#136,.F.);
#136 = EDGE_LOOP('',(#137,#157,#178,#190,#226));
#137 = ORIENTED_EDGE('',*,*,#138,.T.);
#138 = EDGE_CURVE('',#139,#141,#143,.T.);
#139 = VERTEX_POINT('',#140);
#140 = CARTESIAN_POINT('',(48.426357532397,125.41169509929,
    5.399392636452));
#141 = VERTEX_POINT('',#142);
#142 = CARTESIAN_POINT('',(55.685654927398,125.63511248725,
    5.860736713598));
#143 = B_SPLINE_CURVE_WITH_KNOTS('',3,(#144,#145,#146,#147,#148,#149,
    #150,#151,#152,#153,#154,#155,#156),.UNSPECIFIED.,.F.,.F.,(4,3,3,3,4
    ),(6.980020354871E-02,1.53514426818,3.204868217301,3.782743286998,
    7.35916151597),.UNSPECIFIED.);
#144 = CARTESIAN_POINT('',(48.426357532397,125.41169509928,
    5.399392636453));
#145 = CARTESIAN_POINT('',(48.914757820626,125.41291753122,
    5.401916316563));
#146 = CARTESIAN_POINT('',(49.402711354706,125.41691675441,
    5.410165842399));
#147 = CARTESIAN_POINT('',(49.890322166502,125.42368809489,
    5.424147969443));
#148 = CARTESIAN_POINT('',(50.445942836047,125.4314038728,5.440080263399
    ));
#149 = CARTESIAN_POINT('',(51.001080783371,125.44271869201,
    5.463452693133));
#150 = CARTESIAN_POINT('',(51.555901239037,125.45762106597,
    5.494226234514));
#151 = CARTESIAN_POINT('',(51.74791915293,125.46277863132,5.50487665513)
  );
#152 = CARTESIAN_POINT('',(51.9398989985,125.46836595074,5.516414024205)
  );
#153 = CARTESIAN_POINT('',(52.131847459358,125.47438268202,5.52883816069
    ));
#154 = CARTESIAN_POINT('',(53.319799694957,125.5116197057,5.605730054725
    ));
#155 = CARTESIAN_POINT('',(54.505426127814,125.5652710793,5.716518154166
    ));
#156 = CARTESIAN_POINT('',(55.685654927355,125.63511248722,
    5.860736713232));
#157 = ORIENTED_EDGE('',*,*,#158,.T.);
#158 = EDGE_CURVE('',#141,#159,#161,.T.);
#159 = VERTEX_POINT('',#160);
#160 = CARTESIAN_POINT('',(55.710806726373,130.08304119905,5.44915053752
    ));
#161 = B_SPLINE_CURVE_WITH_KNOTS('',3,(#162,#163,#164,#165,#166,#167,
    #168,#169,#170,#171,#172,#173,#174,#175,#176,#177),.UNSPECIFIED.,.F.
  ,.F.,(4,3,3,3,3,4),(0.404068665672,1.520623596105,2.082518900987,
    2.448407076638,2.769105055185,4.870288387405),.UNSPECIFIED.);
#162 = CARTESIAN_POINT('',(55.685654927366,125.63511248721,
    5.860736713234));
#163 = CARTESIAN_POINT('',(55.687647837821,126.00575451934,
    5.826425995261));
#164 = CARTESIAN_POINT('',(55.689665594628,126.37644905179,
    5.792113656011));
#165 = CARTESIAN_POINT('',(55.691708693777,126.74712726949,
    5.757806184167));
#166 = CARTESIAN_POINT('',(55.692736863362,126.93366744271,5.74054128584
    ));
#167 = CARTESIAN_POINT('',(55.693771450912,127.12020348422,
    5.723277620193));
#168 = CARTESIAN_POINT('',(55.69481251963,127.3067266238,5.70601601422)
  );
#169 = CARTESIAN_POINT('',(55.695490430143,127.42818450157,
    5.694775810816));
#170 = CARTESIAN_POINT('',(55.696171088798,127.54963690867,
    5.683536480756));
#171 = CARTESIAN_POINT('',(55.696854513046,127.67108142359,
    5.672298252383));
#172 = CARTESIAN_POINT('',(55.697453528782,127.7775265427,5.662448037587
    ));
#173 = CARTESIAN_POINT('',(55.698054710752,127.88397301233,
    5.652597983095));
#174 = CARTESIAN_POINT('',(55.698658116273,127.99042702994,5.64274751848
    ));
#175 = CARTESIAN_POINT('',(55.702611573129,128.68790385365,
    5.578208190363));
#176 = CARTESIAN_POINT('',(55.706659889152,129.38559935328,
    5.513661004234));
#177 = CARTESIAN_POINT('',(55.71080672638,130.08304119904,5.449150537521
    ));
#178 = ORIENTED_EDGE('',*,*,#179,.T.);
#179 = EDGE_CURVE('',#159,#180,#182,.T.);
#180 = VERTEX_POINT('',#181);
#181 = CARTESIAN_POINT('',(50.781725956211,130.08304118702,
    5.023025935148));
#182 = B_SPLINE_CURVE_WITH_KNOTS('',3,(#183,#184,#185,#186,#187,#188,
    #189),.UNSPECIFIED.,.F.,.F.,(4,3,4),(0.175343917512,3.769538940613,
    5.123980136381),.UNSPECIFIED.);
#183 = CARTESIAN_POINT('',(55.710806726373,130.08304119905,
    5.449150537519));
#184 = CARTESIAN_POINT('',(54.522408485685,130.0830411941,5.296865638807
    ));
#185 = CARTESIAN_POINT('',(53.32896981655,130.08304106523,5.180065832472
    ));
#186 = CARTESIAN_POINT('',(52.133631643133,130.08304111415,
    5.099165787272));
#187 = CARTESIAN_POINT('',(51.683174636073,130.08304113258,
    5.068679023741));
#188 = CARTESIAN_POINT('',(51.232568360181,130.08304138518,
    5.043296517146));
#189 = CARTESIAN_POINT('',(50.781725956211,130.08304118702,
    5.023025935148));
#190 = ORIENTED_EDGE('',*,*,#191,.T.);
#191 = EDGE_CURVE('',#180,#192,#194,.T.);
#192 = VERTEX_POINT('',#193);
#193 = CARTESIAN_POINT('',(48.426357532397,127.72767275424,
    5.183409779514));
#194 = B_SPLINE_CURVE_WITH_KNOTS('',3,(#195,#196,#197,#198,#199,#200,
    #201,#202,#203,#204,#205,#206,#207,#208,#209,#210,#211,#212,#213,
    #214,#215,#216,#217,#218,#219,#220,#221,#222,#223,#224,#225),
  .UNSPECIFIED.,.F.,.F.,(4,3,3,3,3,3,3,3,3,3,4),(6.158893058671E-02,
    0.540485318972,1.036651395689,1.076462026252,1.708834750419,
    2.032686083709,2.146108653996,2.694130168087,3.023737351855,
    3.499951232479,3.666146242326),.UNSPECIFIED.);
#195 = CARTESIAN_POINT('',(50.781725956209,130.083041187,5.02302593515)
  );
#196 = CARTESIAN_POINT('',(50.762603976808,129.92533785885,
    5.036873237156));
#197 = CARTESIAN_POINT('',(50.729630314737,129.7698725148,5.04989381313)
  );
#198 = CARTESIAN_POINT('',(50.683312443453,129.61841893386,5.06201212391
    ));
#199 = CARTESIAN_POINT('',(50.63532428352,129.46150372031,5.074567438298
    ));
#200 = CARTESIAN_POINT('',(50.573012058064,129.30889484349,
    5.086154420285));
#201 = CARTESIAN_POINT('',(50.496937177142,129.16257011181,
    5.096744081342));
#202 = CARTESIAN_POINT('',(50.490833194783,129.15082952713,
    5.097593758706));
#203 = CARTESIAN_POINT('',(50.484640608777,129.13912940169,
    5.098437042828));
#204 = CARTESIAN_POINT('',(50.478359708612,129.12747075844,
    5.099273932812));
#205 = CARTESIAN_POINT('',(50.378590630462,128.94227881789,
    5.112567527675));
#206 = CARTESIAN_POINT('',(50.257722824937,128.76975204658,
    5.124085078962));
#207 = CARTESIAN_POINT('',(50.118439720998,128.6132202964,5.133973909539
    ));
#208 = CARTESIAN_POINT('',(50.047109922619,128.53305710457,
    5.139038187053));
#209 = CARTESIAN_POINT('',(49.970950420992,128.45708898169,
    5.143676252715));
#210 = CARTESIAN_POINT('',(49.890322166502,128.38576350531,
    5.147911491841));
#211 = CARTESIAN_POINT('',(49.862083703596,128.36078315777,
    5.149394801181));
#212 = CARTESIAN_POINT('',(49.833297200665,128.33637228472,
    5.150828714288));
#213 = CARTESIAN_POINT('',(49.803978194087,128.31255011425,
    5.152214238838));
#214 = CARTESIAN_POINT('',(49.662318149388,128.1974490202,5.158908649481
    ));
#215 = CARTESIAN_POINT('',(49.509546658187,128.09716742314,
    5.164414274112));
#216 = CARTESIAN_POINT('',(49.348088234163,128.01311666934,
    5.168885728426));
#217 = CARTESIAN_POINT('',(49.250979169884,127.96256439806,
    5.171575081719));
#218 = CARTESIAN_POINT('',(49.150727812712,127.91788342279,
    5.173889575138));
#219 = CARTESIAN_POINT('',(49.047862819332,127.87937994212,
    5.175853554181));
#220 = CARTESIAN_POINT('',(48.899244278606,127.82375041333,
    5.178691095796));
#221 = CARTESIAN_POINT('',(48.746144035339,127.78138130804,
    5.180781067739));
#222 = CARTESIAN_POINT('',(48.590361594334,127.75269274335,
    5.182187372383));
#223 = CARTESIAN_POINT('',(48.535994711363,127.74268065323,
    5.182678161971));
#224 = CARTESIAN_POINT('',(48.481301172219,127.73433475127,
    5.183085228316));
#225 = CARTESIAN_POINT('',(48.426357532393,127.72767275424,
    5.183409779514));
#226 = ORIENTED_EDGE('',*,*,#227,.T.);
#227 = EDGE_CURVE('',#192,#139,#228,.T.);
#228 = B_SPLINE_CURVE_WITH_KNOTS('',3,(#229,#230,#231,#232,#233,#234),
  .UNSPECIFIED.,.F.,.F.,(4,2,4),(2.421273427622,2.485888116888,
    4.747300317575),.UNSPECIFIED.);
#229 = CARTESIAN_POINT('',(48.426357532397,127.72767275429,5.18340977951
    ));
#230 = CARTESIAN_POINT('',(48.426357532397,127.70622757708,
    5.185409708408));
#231 = CARTESIAN_POINT('',(48.426357532397,127.68478239988,
    5.187409637307));
#232 = CARTESIAN_POINT('',(48.426357532397,126.91278984823,
    5.259403922953));
#233 = CARTESIAN_POINT('',(48.426357532397,126.16224247377,
    5.329398279701));
#234 = CARTESIAN_POINT('',(48.426357532397,125.41169509932,
    5.399392636448));
#235 = B_SPLINE_SURFACE_WITH_KNOTS('',3,3,(
    (#236,#237,#238,#239,#240,#241)
    ,(#242,#243,#244,#245,#246,#247)
    ,(#248,#249,#250,#251,#252,#253)
    ,(#254,#255,#256,#257,#258,#259
    )),.UNSPECIFIED.,.F.,.F.,.F.,(4,4),(4,2,4),(0.283340988343,
    0.362985575642),(0.213400702699,0.23768267134,0.334707064818),
  .UNSPECIFIED.);
#236 = CARTESIAN_POINT('',(48.426357532393,130.07756122578,
    4.964264476241));
#237 = CARTESIAN_POINT('',(48.914461187647,130.07780494101,
    4.966877827254));
#238 = CARTESIAN_POINT('',(49.402520853109,130.07860174165,
    4.975421896515));
#239 = CARTESIAN_POINT('',(51.839448584971,130.08535402926,
    5.047826472557));
#240 = CARTESIAN_POINT('',(53.78398161161,130.09961031694,5.200696215129
    ));
#241 = CARTESIAN_POINT('',(55.71080672638,130.12243797311,5.445476483154
    ));
#242 = CARTESIAN_POINT('',(48.426357532393,128.52227251695,
    5.109307196312));
#243 = CARTESIAN_POINT('',(48.914461187647,128.52251623218,
    5.111920547325));
#244 = CARTESIAN_POINT('',(49.402520853109,128.52331303282,
    5.120464616585));
#245 = CARTESIAN_POINT('',(51.839448584971,128.53006532043,
    5.192869192628));
#246 = CARTESIAN_POINT('',(53.78398161161,128.54432160811,5.345738935199
    ));
#247 = CARTESIAN_POINT('',(55.71080672638,128.56714926428,5.590519203224
    ));
#248 = CARTESIAN_POINT('',(48.426357532393,126.96698380811,
    5.254349916382));
#249 = CARTESIAN_POINT('',(48.914461187647,126.96722752334,
    5.256963267395));
#250 = CARTESIAN_POINT('',(49.402520853109,126.96802432398,
    5.265507336656));
#251 = CARTESIAN_POINT('',(51.839448584971,126.97477661159,
    5.337911912698));
#252 = CARTESIAN_POINT('',(53.78398161161,126.98903289927,5.49078165527)
  );
#253 = CARTESIAN_POINT('',(55.71080672638,127.01186055544,5.735561923295
    ));
#254 = CARTESIAN_POINT('',(48.426357532393,125.41169509928,
    5.399392636453));
#255 = CARTESIAN_POINT('',(48.914461187647,125.41193881451,
    5.402005987466));
#256 = CARTESIAN_POINT('',(49.402520853109,125.41273561515,
    5.410550056726));
#257 = CARTESIAN_POINT('',(51.839448584971,125.41948790276,
    5.482954632769));
#258 = CARTESIAN_POINT('',(53.78398161161,125.43374419044,5.63582437534)
  );
#259 = CARTESIAN_POINT('',(55.71080672638,125.45657184661,5.880604643365
    ));
#260 = ADVANCED_FACE('',(#261),#355,.F.);
#261 = FACE_BOUND('',#262,.F.);
#262 = EDGE_LOOP('',(#263,#298,#310,#328,#346));
#263 = ORIENTED_EDGE('',*,*,#264,.T.);
#264 = EDGE_CURVE('',#265,#267,#269,.T.);
#265 = VERTEX_POINT('',#266);
#266 = CARTESIAN_POINT('',(48.426357532397,133.08840964389,
    4.683479537856));
#267 = VERTEX_POINT('',#268);
#268 = CARTESIAN_POINT('',(50.781725956178,130.73304118698,
    4.962408399494));
#269 = B_SPLINE_CURVE_WITH_KNOTS('',3,(#270,#271,#272,#273,#274,#275,
    #276,#277,#278,#279,#280,#281,#282,#283,#284,#285,#286,#287,#288,
    #289,#290,#291,#292,#293,#294,#295,#296,#297),.UNSPECIFIED.,.F.,.F.,
  (4,3,3,3,3,3,3,3,3,4),(7.053963612819E-02,0.558419201289,
    1.042438649279,1.671300634307,1.708541006843,2.121527575562,
    2.676830692226,3.0026289496,3.481771226366,3.681814845651),
  .UNSPECIFIED.);
#270 = CARTESIAN_POINT('',(48.426357532401,133.08840964389,
    4.683479537856));
#271 = CARTESIAN_POINT('',(48.587576242747,133.06886183714,
    4.686173208863));
#272 = CARTESIAN_POINT('',(48.746350496422,133.03485184386,
    4.690859777969));
#273 = CARTESIAN_POINT('',(48.900807860461,132.986971108,4.697386826172)
  );
#274 = CARTESIAN_POINT('',(49.054043153387,132.93946920589,
    4.703862232183));
#275 = CARTESIAN_POINT('',(49.203029525904,132.87831513036,
    4.712148530162));
#276 = CARTESIAN_POINT('',(49.345941773076,132.80408168932,
    4.722046404252));
#277 = CARTESIAN_POINT('',(49.531620422476,132.70763393663,
    4.734906211087));
#278 = CARTESIAN_POINT('',(49.704867877166,132.59024066369,
    4.750333774738));
#279 = CARTESIAN_POINT('',(49.862485529568,132.45460636754,
    4.767632639731));
#280 = CARTESIAN_POINT('',(49.871819437856,132.44657428445,
    4.768657055568));
#281 = CARTESIAN_POINT('',(49.881098537911,132.4384782315,4.769688019892
    ));
#282 = CARTESIAN_POINT('',(49.890322166637,132.43031876992,
    4.770725383436));
#283 = CARTESIAN_POINT('',(49.99260993981,132.33983234857,4.782229489911
    ));
#284 = CARTESIAN_POINT('',(50.088074285683,132.241547772,4.794520659662)
  );
#285 = CARTESIAN_POINT('',(50.175812310001,132.13623026364,
    4.807393316976));
#286 = CARTESIAN_POINT('',(50.293785149903,131.9946199909,4.8247019349)
  );
#287 = CARTESIAN_POINT('',(50.396736574282,131.84155679001,
    4.842903852097));
#288 = CARTESIAN_POINT('',(50.483227848675,131.67953383853,
    4.861468535634));
#289 = CARTESIAN_POINT('',(50.533972578228,131.58447441304,
    4.872360499614));
#290 = CARTESIAN_POINT('',(50.579051411975,131.48633092344,
    4.883378082736));
#291 = CARTESIAN_POINT('',(50.618173718621,131.38560768421,
    4.894422754384));
#292 = CARTESIAN_POINT('',(50.6757097909,131.23747685888,4.910665841274)
  );
#293 = CARTESIAN_POINT('',(50.719984460956,131.08473904757,
    4.926858020355));
#294 = CARTESIAN_POINT('',(50.75058301224,130.92919597192,4.942723360389
    ));
#295 = CARTESIAN_POINT('',(50.763358017162,130.86425617988,
    4.949347196763));
#296 = CARTESIAN_POINT('',(50.773749114037,130.79882746086,
    4.955914668256));
#297 = CARTESIAN_POINT('',(50.781725956178,130.73304118698,
    4.962408399494));
#298 = ORIENTED_EDGE('',*,*,#299,.T.);
#299 = EDGE_CURVE('',#267,#300,#302,.T.);
#300 = VERTEX_POINT('',#301);
#301 = CARTESIAN_POINT('',(55.714700647379,130.73304119906,
    5.389032110299));
#302 = B_SPLINE_CURVE_WITH_KNOTS('',3,(#303,#304,#305,#306,#307,#308,
    #309),.UNSPECIFIED.,.F.,.F.,(4,3,4),(2.42854321895,3.826568651237,
    7.386038809675),.UNSPECIFIED.);
#303 = CARTESIAN_POINT('',(50.781725956178,130.73304118698,
    4.962408399494));
#304 = CARTESIAN_POINT('',(51.246623575891,130.73304139578,
    4.983310920995));
#305 = CARTESIAN_POINT('',(51.7112607932,130.73304112931,5.009648570303)
  );
#306 = CARTESIAN_POINT('',(52.175726003017,130.73304111024,
    5.041412051988));
#307 = CARTESIAN_POINT('',(53.358275531482,130.7330410617,5.122283319619
    ));
#308 = CARTESIAN_POINT('',(54.538947965371,130.73304118593,
    5.238289499406));
#309 = CARTESIAN_POINT('',(55.714700647237,130.73304119893,
    5.389032109063));
#310 = ORIENTED_EDGE('',*,*,#311,.T.);
#311 = EDGE_CURVE('',#300,#312,#314,.T.);
#312 = VERTEX_POINT('',#313);
#313 = CARTESIAN_POINT('',(55.760694417517,137.73842660937,4.74164053067
    ));
#314 = B_SPLINE_CURVE_WITH_KNOTS('',3,(#315,#316,#317,#318,#319,#320,
    #321,#322,#323,#324,#325,#326,#327),.UNSPECIFIED.,.F.,.F.,(4,3,3,3,4
    ),(0.106497322437,2.351904834107,3.626680885951,3.857072065376,
    7.13899920609),.UNSPECIFIED.);
#315 = CARTESIAN_POINT('',(55.714700647248,130.73304119893,
    5.389032109065));
#316 = CARTESIAN_POINT('',(55.719199275673,131.47836236869,
    5.320101903089));
#317 = CARTESIAN_POINT('',(55.723817384018,132.22415490435,
    5.251143574007));
#318 = CARTESIAN_POINT('',(55.728560144154,132.96981581213,
    5.182214105976));
#319 = CARTESIAN_POINT('',(55.73125273203,133.39314683916,5.143081060122
    ));
#320 = CARTESIAN_POINT('',(55.733985496731,133.81643544087,
    5.103957316717));
#321 = CARTESIAN_POINT('',(55.736759384365,134.23957127838,
    5.064853304371));
#322 = CARTESIAN_POINT('',(55.737260711043,134.31604491822,
    5.057786008502));
#323 = CARTESIAN_POINT('',(55.737763406496,134.39251748603,
    5.050718995043));
#324 = CARTESIAN_POINT('',(55.738267539289,134.468997779,5.043651452514)
  );
#325 = CARTESIAN_POINT('',(55.745448921408,135.55846114238,
    4.942974162253));
#326 = CARTESIAN_POINT('',(55.752918243772,136.64892279825,
    4.842242120862));
#327 = CARTESIAN_POINT('',(55.760694417637,137.73842660936,
    4.741640530686));
#328 = ORIENTED_EDGE('',*,*,#329,.T.);
#329 = EDGE_CURVE('',#312,#330,#332,.T.);
#330 = VERTEX_POINT('',#331);
#331 = CARTESIAN_POINT('',(48.426357532397,137.78180845717,
    4.245783741323));
#332 = B_SPLINE_CURVE_WITH_KNOTS('',3,(#333,#334,#335,#336,#337,#338,
    #339,#340,#341,#342,#343,#344,#345),.UNSPECIFIED.,.F.,.F.,(4,3,3,3,4
    ),(0.211527640772,3.812403700468,5.491815879967,6.103310591678,
    7.567110949303),.UNSPECIFIED.);
#333 = CARTESIAN_POINT('',(55.760694417516,137.73842660935,
    4.741640530671));
#334 = CARTESIAN_POINT('',(54.570444377516,137.75196968095,
    4.586842385628));
#335 = CARTESIAN_POINT('',(53.375024616835,137.76237320232,4.46792666439
    ));
#336 = CARTESIAN_POINT('',(52.177592275945,137.76959991093,
    4.385326093921));
#337 = CARTESIAN_POINT('',(51.6191219488,137.77297037469,4.346802023678)
  );
#338 = CARTESIAN_POINT('',(51.060395316242,137.77564848274,
    4.316185109586));
#339 = CARTESIAN_POINT('',(50.501258671684,137.77763252633,
    4.293496546631));
#340 = CARTESIAN_POINT('',(50.297670115257,137.7783549411,4.285235360704
    ));
#341 = CARTESIAN_POINT('',(50.094027139679,137.77898538429,
    4.278025790989));
#342 = CARTESIAN_POINT('',(49.890322166637,137.77952393233,
    4.271870564673));
#343 = CARTESIAN_POINT('',(49.402691764154,137.78081311244,
    4.257136140466));
#344 = CARTESIAN_POINT('',(48.91473539199,137.7815756653,4.248443011195)
  );
#345 = CARTESIAN_POINT('',(48.426357532397,137.78180845716,
    4.245783741323));
#346 = ORIENTED_EDGE('',*,*,#347,.T.);
#347 = EDGE_CURVE('',#330,#265,#348,.T.);
#348 = B_SPLINE_CURVE_WITH_KNOTS('',3,(#349,#350,#351,#352,#353,#354),
  .UNSPECIFIED.,.F.,.F.,(4,2,4),(0.109341559383,3.670155279543,
    4.823105451512),.UNSPECIFIED.);
#349 = CARTESIAN_POINT('',(48.426357532397,137.78180845717,
    4.245783741322));
#350 = CARTESIAN_POINT('',(48.426357532397,136.59999852983,
    4.355996671882));
#351 = CARTESIAN_POINT('',(48.426357532397,135.4181886025,4.466209602442
    ));
#352 = CARTESIAN_POINT('',(48.426357532397,133.85372233141,
    4.612108201286));
#353 = CARTESIAN_POINT('',(48.426357532397,133.47106598765,4.64779386957
    ));
#354 = CARTESIAN_POINT('',(48.426357532397,133.08840964388,
    4.683479537856));
#355 = B_SPLINE_SURFACE_WITH_KNOTS('',3,3,(
    (#356,#357,#358,#359,#360,#361)
    ,(#362,#363,#364,#365,#366,#367)
    ,(#368,#369,#370,#371,#372,#373)
    ,(#374,#375,#376,#377,#378,#379
    )),.UNSPECIFIED.,.F.,.F.,.F.,(4,4),(4,2,4),(0.151832373531,
    0.272919007629),(0.213400702699,0.23768267134,0.33554448864),
  .UNSPECIFIED.);
#356 = CARTESIAN_POINT('',(48.426357532397,137.78180845717,
    4.245783741322));
#357 = CARTESIAN_POINT('',(48.914461187651,137.78205217239,
    4.248397092335));
#358 = CARTESIAN_POINT('',(49.402520852793,137.78284897275,
    4.256941158538));
#359 = CARTESIAN_POINT('',(51.856271623259,137.78964787584,
    4.329845591092));
#360 = CARTESIAN_POINT('',(53.817548037307,137.8041042912,4.484861296682
    ));
#361 = CARTESIAN_POINT('',(55.760694417637,137.82727820096,
    4.733354431484));
#362 = CARTESIAN_POINT('',(48.426357532397,135.41724507389,
    4.466297593792));
#363 = CARTESIAN_POINT('',(48.914461187651,135.41748878912,
    4.468910944805));
#364 = CARTESIAN_POINT('',(49.402520852793,135.41828558948,
    4.477455011008));
#365 = CARTESIAN_POINT('',(51.856271623259,135.42508449257,
    4.550359443562));
#366 = CARTESIAN_POINT('',(53.817548037307,135.43954090793,
    4.705375149152));
#367 = CARTESIAN_POINT('',(55.760694417637,135.46271481769,
    4.953868283954));
#368 = CARTESIAN_POINT('',(48.426357532397,133.05268169063,
    4.686811446262));
#369 = CARTESIAN_POINT('',(48.914461187651,133.05292540586,
    4.689424797276));
#370 = CARTESIAN_POINT('',(49.402520852793,133.05372220621,
    4.697968863479));
#371 = CARTESIAN_POINT('',(51.856271623259,133.06052110931,
    4.770873296033));
#372 = CARTESIAN_POINT('',(53.817548037307,133.07497752466,
    4.925889001622));
#373 = CARTESIAN_POINT('',(55.760694417637,133.09815143442,
    5.174382136425));
#374 = CARTESIAN_POINT('',(48.426357532397,130.68811830736,
    4.907325298733));
#375 = CARTESIAN_POINT('',(48.914461187651,130.68836202259,
    4.909938649746));
#376 = CARTESIAN_POINT('',(49.402520852793,130.68915882294,
    4.918482715949));
#377 = CARTESIAN_POINT('',(51.856271623259,130.69595772604,
    4.991387148503));
#378 = CARTESIAN_POINT('',(53.817548037307,130.71041414139,
    5.146402854093));
#379 = CARTESIAN_POINT('',(55.760694417637,130.73358805115,
    5.394895988895));
#380 = ADVANCED_FACE('',(#381),#457,.F.);
#381 = FACE_BOUND('',#382,.F.);
#382 = EDGE_LOOP('',(#383,#403,#415,#433,#448));
#383 = ORIENTED_EDGE('',*,*,#384,.T.);
#384 = EDGE_CURVE('',#385,#387,#389,.T.);
#385 = VERTEX_POINT('',#386);
#386 = CARTESIAN_POINT('',(47.776357532395,137.78180630949,
    4.245808289357));
#387 = VERTEX_POINT('',#388);
#388 = CARTESIAN_POINT('',(40.441843093748,137.73845835886,
    4.741277632307));
#389 = B_SPLINE_CURVE_WITH_KNOTS('',3,(#390,#391,#392,#393,#394,#395,
    #396,#397,#398,#399,#400,#401,#402),.UNSPECIFIED.,.F.,.F.,(4,3,3,3,4
    ),(7.004774747489E-02,3.821979852802,5.11895319696,7.092647902586,
    7.428034377499),.UNSPECIFIED.);
#390 = CARTESIAN_POINT('',(47.776357532393,137.78180630949,
    4.245808289358));
#391 = CARTESIAN_POINT('',(46.525711038946,137.78120252057,
    4.252709618532));
#392 = CARTESIAN_POINT('',(45.274713662777,137.77713844908,
    4.299160449377));
#393 = CARTESIAN_POINT('',(44.027043725334,137.76962961106,4.38498796885
    ));
#394 = CARTESIAN_POINT('',(43.595747417547,137.76703394532,
    4.414656947115));
#395 = CARTESIAN_POINT('',(43.164942266522,137.76402603807,
    4.449023969865));
#396 = CARTESIAN_POINT('',(42.734665018222,137.76060824086,
    4.488088106388));
#397 = CARTESIAN_POINT('',(42.079882149517,137.7554071407,4.547534724766
    ));
#398 = CARTESIAN_POINT('',(41.426355771,137.74925639202,4.617854203266)
  );
#399 = CARTESIAN_POINT('',(40.774189214424,137.74215865315,
    4.698982905472));
#400 = CARTESIAN_POINT('',(40.66336769687,137.74095254685,4.71276896335)
  );
#401 = CARTESIAN_POINT('',(40.552585474574,137.73971910661,
    4.726867261789));
#402 = CARTESIAN_POINT('',(40.441843093748,137.73845835887,
    4.741277632306));
#403 = ORIENTED_EDGE('',*,*,#404,.T.);
#404 = EDGE_CURVE('',#387,#405,#407,.T.);
#405 = VERTEX_POINT('',#406);
#406 = CARTESIAN_POINT('',(40.487854967283,130.73304119906,
    5.388666703303));
#407 = B_SPLINE_CURVE_WITH_KNOTS('',3,(#408,#409,#410,#411,#412,#413,
    #414),.UNSPECIFIED.,.F.,.F.,(4,3,4),(0.198502678943,3.668739420341,
    7.231463652606),.UNSPECIFIED.);
#408 = CARTESIAN_POINT('',(40.441843231463,137.7384584485,4.741277671033
    ));
#409 = CARTESIAN_POINT('',(40.45006959244,136.58651114388,4.847644512012
    ));
#410 = CARTESIAN_POINT('',(40.45796258343,135.43349364952,4.95416151224)
  );
#411 = CARTESIAN_POINT('',(40.465530549154,134.2817176885,5.060603784932
    ));
#412 = CARTESIAN_POINT('',(40.47330021346,133.09924502714,5.169882917098
    ));
#413 = CARTESIAN_POINT('',(40.48074407181,131.91554992038,5.279317240179
    ));
#414 = CARTESIAN_POINT('',(40.487880853012,130.73304210852,
    5.388678064276));
#415 = ORIENTED_EDGE('',*,*,#416,.T.);
#416 = EDGE_CURVE('',#405,#417,#419,.T.);
#417 = VERTEX_POINT('',#418);
#418 = CARTESIAN_POINT('',(45.420989087575,130.73304119907,
    4.962409664885));
#419 = B_SPLINE_CURVE_WITH_KNOTS('',3,(#420,#421,#422,#423,#424,#425,
    #426,#427,#428,#429,#430,#431,#432),.UNSPECIFIED.,.F.,.F.,(4,3,3,3,4
    ),(0.257840788047,2.229235329217,2.517889489371,3.812899543298,
    5.208101106061),.UNSPECIFIED.);
#420 = CARTESIAN_POINT('',(40.487854967308,130.73304119904,
    5.388666702952));
#421 = CARTESIAN_POINT('',(41.139635393108,130.73304120601,5.30505858068
    ));
#422 = CARTESIAN_POINT('',(41.792766137697,130.73304071323,
    5.232170185061));
#423 = CARTESIAN_POINT('',(42.447141652014,130.7330405347,5.170054844141
    ));
#424 = CARTESIAN_POINT('',(42.54295616837,130.73304050856,5.160959834902
    ));
#425 = CARTESIAN_POINT('',(42.638797393817,130.73304049736,5.15209587932
    ));
#426 = CARTESIAN_POINT('',(42.734665018222,130.73304051215,
    5.143463235817));
#427 = CARTESIAN_POINT('',(43.164762881301,130.7330405785,5.104733982366
    ));
#428 = CARTESIAN_POINT('',(43.595377017501,130.73304118836,
    5.070660690764));
#429 = CARTESIAN_POINT('',(44.026470683214,130.73304117108,
    5.041243450331));
#430 = CARTESIAN_POINT('',(44.490916898067,130.73304115246,
    5.009550277694));
#431 = CARTESIAN_POINT('',(44.955819738092,130.73304113769,
    4.983269207358));
#432 = CARTESIAN_POINT('',(45.420989092649,130.73304113856,
    4.962409016004));
#433 = ORIENTED_EDGE('',*,*,#434,.T.);
#434 = EDGE_CURVE('',#417,#435,#437,.T.);
#435 = VERTEX_POINT('',#436);
#436 = CARTESIAN_POINT('',(47.776357532395,133.08840964389,
    4.683503885603));
#437 = B_SPLINE_CURVE_WITH_KNOTS('',3,(#438,#439,#440,#441,#442,#443,
    #444,#445,#446,#447),.UNSPECIFIED.,.F.,.F.,(4,2,2,2,4),(
    0.146902582844,1.072286661931,2.151060296561,3.029013227524,
    3.758733749765),.UNSPECIFIED.);
#438 = CARTESIAN_POINT('',(45.420989087572,130.73304119907,
    4.962409664886));
#439 = CARTESIAN_POINT('',(45.457861056282,131.03713492654,
    4.932397070874));
#440 = CARTESIAN_POINT('',(45.546254832887,131.33303912455,
    4.900813487063));
#441 = CARTESIAN_POINT('',(45.841613997538,131.92841505423,
    4.833337974411));
#442 = CARTESIAN_POINT('',(46.062841595936,132.2143727184,4.798313757418
    ));
#443 = CARTESIAN_POINT('',(46.55410005504,132.63986247076,4.744101448092
    ));
#444 = CARTESIAN_POINT('',(46.80422601078,132.79400870471,4.723566811109
    ));
#445 = CARTESIAN_POINT('',(47.299112904693,132.9975187977,4.696074247609
    ));
#446 = CARTESIAN_POINT('',(47.535191858071,133.05916782667,4.68755085623
    ));
#447 = CARTESIAN_POINT('',(47.776357532399,133.08840964389,
    4.683503885603));
#448 = ORIENTED_EDGE('',*,*,#449,.T.);
#449 = EDGE_CURVE('',#435,#385,#450,.T.);
#450 = B_SPLINE_CURVE_WITH_KNOTS('',3,(#451,#452,#453,#454,#455,#456),
  .UNSPECIFIED.,.F.,.F.,(4,2,4),(2.51716786057,3.670135599257,
    7.230929595784),.UNSPECIFIED.);
#451 = CARTESIAN_POINT('',(47.776357532395,133.08840964392,
    4.683503885601));
#452 = CARTESIAN_POINT('',(47.776357532395,133.47107181795,
    4.647817673598));
#453 = CARTESIAN_POINT('',(47.776357532395,133.85373399198,
    4.612131461595));
#454 = CARTESIAN_POINT('',(47.776357532395,135.41819954721,
    4.466232929511));
#455 = CARTESIAN_POINT('',(47.776357532395,136.60000292841,
    4.356020609429));
#456 = CARTESIAN_POINT('',(47.776357532395,137.7818063096,4.245808289348
    ));
#457 = B_SPLINE_SURFACE_WITH_KNOTS('',3,3,(
    (#458,#459,#460,#461,#462,#463)
    ,(#464,#465,#466,#467,#468,#469)
    ,(#470,#471,#472,#473,#474,#475)
    ,(#476,#477,#478,#479,#480,#481
    )),.UNSPECIFIED.,.F.,.F.,.F.,(4,4),(4,2,4),(0.151832448614,
    0.272918430962),(8.047832223487E-02,0.11884133567,0.202622183592),
  .UNSPECIFIED.);
#458 = CARTESIAN_POINT('',(40.441843093635,137.82724052482,
    4.732998007598));
#459 = CARTESIAN_POINT('',(41.203568826597,137.81815131453,
    4.635534680042));
#460 = CARTESIAN_POINT('',(41.96810623827,137.81040497311,4.552470894805
    ));
#461 = CARTESIAN_POINT('',(44.4087499979,137.79008606579,4.334591864979)
  );
#462 = CARTESIAN_POINT('',(46.092249028232,137.78265849577,
    4.254946255879));
#463 = CARTESIAN_POINT('',(47.776357532399,137.7818063096,4.245808289347
    ));
#464 = CARTESIAN_POINT('',(40.441843093635,135.46268986882,
    4.953510673151));
#465 = CARTESIAN_POINT('',(41.203568826597,135.45360065854,
    4.856047345595));
#466 = CARTESIAN_POINT('',(41.96810623827,135.44585431712,4.772983560359
    ));
#467 = CARTESIAN_POINT('',(44.4087499979,135.4255354098,4.555104530532)
  );
#468 = CARTESIAN_POINT('',(46.092249028232,135.41810783977,
    4.475458921432));
#469 = CARTESIAN_POINT('',(47.776357532399,135.4172556536,4.4663209549)
  );
#470 = CARTESIAN_POINT('',(40.441843093635,133.09813921283,
    5.174023338705));
#471 = CARTESIAN_POINT('',(41.203568826597,133.08905000254,
    5.076560011148));
#472 = CARTESIAN_POINT('',(41.96810623827,133.08130366113,4.993496225912
    ));
#473 = CARTESIAN_POINT('',(44.4087499979,133.0609847538,4.775617196085)
  );
#474 = CARTESIAN_POINT('',(46.092249028232,133.05355718379,
    4.695971586985));
#475 = CARTESIAN_POINT('',(47.776357532399,133.05270499762,
    4.686833620453));
#476 = CARTESIAN_POINT('',(40.441843093635,130.73358855683,
    5.394536004258));
#477 = CARTESIAN_POINT('',(41.203568826597,130.72449934655,
    5.297072676701));
#478 = CARTESIAN_POINT('',(41.96810623827,130.71675300513,5.214008891465
    ));
#479 = CARTESIAN_POINT('',(44.4087499979,130.6964340978,4.996129861638)
  );
#480 = CARTESIAN_POINT('',(46.092249028232,130.68900652779,
    4.916484252538));
#481 = CARTESIAN_POINT('',(47.776357532399,130.68815434162,
    4.907346286007));
#482 = ADVANCED_FACE('',(#483),#610,.T.);
#483 = FACE_BOUND('',#484,.T.);
#484 = EDGE_LOOP('',(#485,#494,#503,#509,#510,#519,#528,#534,#535,#543,
    #552,#560,#567,#568,#577,#584,#585,#593,#602,#609));
#485 = ORIENTED_EDGE('',*,*,#486,.F.);
#486 = EDGE_CURVE('',#487,#435,#489,.T.);
#487 = VERTEX_POINT('',#488);
#488 = CARTESIAN_POINT('',(47.776357532395,133.08840964388,
    2.398051947622));
#489 = B_SPLINE_CURVE_WITH_KNOTS('',3,(#490,#491,#492,#493),
  .UNSPECIFIED.,.F.,.F.,(4,4),(-3.188801704522,-0.90334976654),
  .PIECEWISE_BEZIER_KNOTS.);
#490 = CARTESIAN_POINT('',(47.776357532395,133.08840964389,
    2.398051947622));
#491 = CARTESIAN_POINT('',(47.776357532395,133.08840964389,
    3.159869260282));
#492 = CARTESIAN_POINT('',(47.776357532395,133.08840964389,
    3.921686572943));
#493 = CARTESIAN_POINT('',(47.776357532395,133.08840964389,
    4.683503885603));
#494 = ORIENTED_EDGE('',*,*,#495,.F.);
#495 = EDGE_CURVE('',#496,#487,#498,.T.);
#496 = VERTEX_POINT('',#497);
#497 = CARTESIAN_POINT('',(48.426357532397,133.08840964389,
    2.398051947622));
#498 = CIRCLE('',#499,2.7);
#499 = AXIS2_PLACEMENT_3D('',#500,#501,#502);
#500 = CARTESIAN_POINT('',(48.101357532392,130.40804119907,
    2.398051947622));
#501 = DIRECTION('',(0.,-0.,1.));
#502 = DIRECTION('',(0.,1.,0.));
#503 = ORIENTED_EDGE('',*,*,#504,.F.);
#504 = EDGE_CURVE('',#265,#496,#505,.T.);
#505 = LINE('',#506,#507);
#506 = CARTESIAN_POINT('',(48.426357532397,133.08840964389,
    2.881250793507E-12));
#507 = VECTOR('',#508,1.);
#508 = DIRECTION('',(0.,0.,-1.));
#509 = ORIENTED_EDGE('',*,*,#264,.T.);
#510 = ORIENTED_EDGE('',*,*,#511,.F.);
#511 = EDGE_CURVE('',#512,#267,#514,.T.);
#512 = VERTEX_POINT('',#513);
#513 = CARTESIAN_POINT('',(50.781725977216,130.73304119906,
    2.398051947622));
#514 = B_SPLINE_CURVE_WITH_KNOTS('',3,(#515,#516,#517,#518),
  .UNSPECIFIED.,.F.,.F.,(4,4),(-3.188801704522,-0.624445123139),
  .PIECEWISE_BEZIER_KNOTS.);
#515 = CARTESIAN_POINT('',(50.781725977216,130.73304119906,
    2.398051947622));
#516 = CARTESIAN_POINT('',(50.781725977216,130.73304119906,
    3.252837474749));
#517 = CARTESIAN_POINT('',(50.781725977216,130.73304119907,
    4.107623001877));
#518 = CARTESIAN_POINT('',(50.781725977216,130.73304119907,
    4.962408529004));
#519 = ORIENTED_EDGE('',*,*,#520,.F.);
#520 = EDGE_CURVE('',#521,#512,#523,.T.);
#521 = VERTEX_POINT('',#522);
#522 = CARTESIAN_POINT('',(50.781725977213,130.08304119906,
    2.398051947622));
#523 = CIRCLE('',#524,2.7);
#524 = AXIS2_PLACEMENT_3D('',#525,#526,#527);
#525 = CARTESIAN_POINT('',(48.101357532392,130.40804119907,
    2.398051947622));
#526 = DIRECTION('',(0.,-0.,1.));
#527 = DIRECTION('',(0.,1.,0.));
#528 = ORIENTED_EDGE('',*,*,#529,.F.);
#529 = EDGE_CURVE('',#180,#521,#530,.T.);
#530 = LINE('',#531,#532);
#531 = CARTESIAN_POINT('',(50.781725977213,130.08304119906,
    2.881250793507E-12));
#532 = VECTOR('',#533,1.);
#533 = DIRECTION('',(0.,0.,-1.));
#534 = ORIENTED_EDGE('',*,*,#191,.T.);
#535 = ORIENTED_EDGE('',*,*,#536,.F.);
#536 = EDGE_CURVE('',#537,#192,#539,.T.);
#537 = VERTEX_POINT('',#538);
#538 = CARTESIAN_POINT('',(48.426357532397,127.72767275424,
    2.398051947622));
#539 = LINE('',#540,#541);
#540 = CARTESIAN_POINT('',(48.426357532397,127.72767275424,
    2.881250793507E-12));
#541 = VECTOR('',#542,1.);
#542 = DIRECTION('',(0.,0.,1.));
#543 = ORIENTED_EDGE('',*,*,#544,.F.);
#544 = EDGE_CURVE('',#545,#537,#547,.T.);
#545 = VERTEX_POINT('',#546);
#546 = CARTESIAN_POINT('',(48.101357532392,127.70804119907,
    2.398051947622));
#547 = CIRCLE('',#548,2.7);
#548 = AXIS2_PLACEMENT_3D('',#549,#550,#551);
#549 = CARTESIAN_POINT('',(48.101357532392,130.40804119907,
    2.398051947622));
#550 = DIRECTION('',(0.,-0.,1.));
#551 = DIRECTION('',(0.,1.,0.));
#552 = ORIENTED_EDGE('',*,*,#553,.T.);
#553 = EDGE_CURVE('',#545,#554,#556,.T.);
#554 = VERTEX_POINT('',#555);
#555 = CARTESIAN_POINT('',(48.101357532392,127.70804119907,
    0.200000000003));
#556 = LINE('',#557,#558);
#557 = CARTESIAN_POINT('',(48.101357532392,127.70804119907,
    2.881250793507E-12));
#558 = VECTOR('',#559,1.);
#559 = DIRECTION('',(0.,0.,-1.));
#560 = ORIENTED_EDGE('',*,*,#561,.F.);
#561 = EDGE_CURVE('',#554,#554,#562,.T.);
#562 = CIRCLE('',#563,2.7);
#563 = AXIS2_PLACEMENT_3D('',#564,#565,#566);
#564 = CARTESIAN_POINT('',(48.101357532392,130.40804119907,
    0.200000000003));
#565 = DIRECTION('',(0.,-3.061616997868E-16,-1.));
#566 = DIRECTION('',(0.,1.,-3.061616997868E-16));
#567 = ORIENTED_EDGE('',*,*,#553,.F.);
#568 = ORIENTED_EDGE('',*,*,#569,.F.);
#569 = EDGE_CURVE('',#570,#545,#572,.T.);
#570 = VERTEX_POINT('',#571);
#571 = CARTESIAN_POINT('',(47.776357532395,127.72767275424,
    2.398051947622));
#572 = CIRCLE('',#573,2.7);
#573 = AXIS2_PLACEMENT_3D('',#574,#575,#576);
#574 = CARTESIAN_POINT('',(48.101357532392,130.40804119907,
    2.398051947622));
#575 = DIRECTION('',(0.,-0.,1.));
#576 = DIRECTION('',(0.,1.,0.));
#577 = ORIENTED_EDGE('',*,*,#578,.F.);
#578 = EDGE_CURVE('',#22,#570,#579,.T.);
#579 = B_SPLINE_CURVE_WITH_KNOTS('',3,(#580,#581,#582,#583),
  .UNSPECIFIED.,.F.,.F.,(4,4),(-2.785382179641,0.),
  .PIECEWISE_BEZIER_KNOTS.);
#580 = CARTESIAN_POINT('',(47.776357532392,127.72767275424,
    5.183434127262));
#581 = CARTESIAN_POINT('',(47.776357532392,127.72767275424,
    4.254973400715));
#582 = CARTESIAN_POINT('',(47.776357532392,127.72767275424,
    3.326512674169));
#583 = CARTESIAN_POINT('',(47.776357532392,127.72767275424,
    2.398051947622));
#584 = ORIENTED_EDGE('',*,*,#21,.T.);
#585 = ORIENTED_EDGE('',*,*,#586,.F.);
#586 = EDGE_CURVE('',#587,#24,#589,.T.);
#587 = VERTEX_POINT('',#588);
#588 = CARTESIAN_POINT('',(45.420989087572,130.08304119906,
    2.398051947622));
#589 = LINE('',#590,#591);
#590 = CARTESIAN_POINT('',(45.420989087572,130.08304119906,
    2.881250793507E-12));
#591 = VECTOR('',#592,1.);
#592 = DIRECTION('',(0.,0.,1.));
#593 = ORIENTED_EDGE('',*,*,#594,.F.);
#594 = EDGE_CURVE('',#595,#587,#597,.T.);
#595 = VERTEX_POINT('',#596);
#596 = CARTESIAN_POINT('',(45.420989087568,130.73304119906,
    2.398051947622));
#597 = CIRCLE('',#598,2.7);
#598 = AXIS2_PLACEMENT_3D('',#599,#600,#601);
#599 = CARTESIAN_POINT('',(48.101357532392,130.40804119907,
    2.398051947622));
#600 = DIRECTION('',(0.,-0.,1.));
#601 = DIRECTION('',(0.,1.,0.));
#602 = ORIENTED_EDGE('',*,*,#603,.F.);
#603 = EDGE_CURVE('',#417,#595,#604,.T.);
#604 = B_SPLINE_CURVE_WITH_KNOTS('',3,(#605,#606,#607,#608),
  .UNSPECIFIED.,.F.,.F.,(4,4),(-2.564357717264,0.),
  .PIECEWISE_BEZIER_KNOTS.);
#605 = CARTESIAN_POINT('',(45.420989087572,130.73304119907,
    4.962409664885));
#606 = CARTESIAN_POINT('',(45.420989087572,130.73304119907,
    4.107623759131));
#607 = CARTESIAN_POINT('',(45.420989087568,130.73304119907,
    3.252837853376));
#608 = CARTESIAN_POINT('',(45.420989087568,130.73304119907,
    2.398051947622));
#609 = ORIENTED_EDGE('',*,*,#434,.T.);
#610 = CYLINDRICAL_SURFACE('',#611,2.7);
#611 = AXIS2_PLACEMENT_3D('',#612,#613,#614);
#612 = CARTESIAN_POINT('',(48.101357532392,130.40804119907,
    2.881250793507E-12));
#613 = DIRECTION('',(0.,0.,1.));
#614 = DIRECTION('',(0.,1.,0.));
#615 = ADVANCED_FACE('',(#616),#742,.F.);
#616 = FACE_BOUND('',#617,.F.);
#617 = EDGE_LOOP('',(#618,#629,#638,#649,#658,#667,#679,#688,#700,#711,
    #723,#732));
#618 = ORIENTED_EDGE('',*,*,#619,.T.);
#619 = EDGE_CURVE('',#620,#622,#624,.T.);
#620 = VERTEX_POINT('',#621);
#621 = CARTESIAN_POINT('',(47.601357532392,132.40804119907,
    4.748167309131));
#622 = VERTEX_POINT('',#623);
#623 = CARTESIAN_POINT('',(47.601357532392,130.90804119907,
    4.888053928811));
#624 = B_SPLINE_CURVE_WITH_KNOTS('',3,(#625,#626,#627,#628),
  .UNSPECIFIED.,.F.,.F.,(4,4),(5.615052510361E-02,1.562659159753),
  .PIECEWISE_BEZIER_KNOTS.);
#625 = CARTESIAN_POINT('',(47.601357532392,132.40804119908,
    4.748167309131));
#626 = CARTESIAN_POINT('',(47.601357532392,131.90804119908,
    4.794796182356));
#627 = CARTESIAN_POINT('',(47.601357532392,131.40804119908,
    4.841425055582));
#628 = CARTESIAN_POINT('',(47.601357532392,130.90804119909,
    4.888053928808));
#629 = ORIENTED_EDGE('',*,*,#630,.T.);
#630 = EDGE_CURVE('',#622,#631,#633,.T.);
#631 = VERTEX_POINT('',#632);
#632 = CARTESIAN_POINT('',(46.101357532392,130.90804119907,
    4.919450980645));
#633 = B_SPLINE_CURVE_WITH_KNOTS('',3,(#634,#635,#636,#637),
  .UNSPECIFIED.,.F.,.F.,(4,4),(2.555550773151,4.05727058082),
  .PIECEWISE_BEZIER_KNOTS.);
#634 = CARTESIAN_POINT('',(47.601357532392,130.90804119907,
    4.888053928811));
#635 = CARTESIAN_POINT('',(47.101253973626,130.90804119907,
    4.892254123224));
#636 = CARTESIAN_POINT('',(46.601175812164,130.90804119907,
    4.902724843181));
#637 = CARTESIAN_POINT('',(46.101357532396,130.90804119907,
    4.919450980644));
#638 = ORIENTED_EDGE('',*,*,#639,.T.);
#639 = EDGE_CURVE('',#631,#640,#642,.T.);
#640 = VERTEX_POINT('',#641);
#641 = CARTESIAN_POINT('',(46.101357532392,129.90804119907,
    5.012708727099));
#642 = B_SPLINE_CURVE_WITH_KNOTS('',3,(#643,#644,#645,#646,#647,#648),
  .UNSPECIFIED.,.F.,.F.,(4,2,4),(1.56557452802,2.055405647918,
    2.569913617837),.UNSPECIFIED.);
#643 = CARTESIAN_POINT('',(46.101357532392,130.9080411991,4.919450980642
    ));
#644 = CARTESIAN_POINT('',(46.101357532392,130.74546957202,
    4.934612044221));
#645 = CARTESIAN_POINT('',(46.101357532392,130.58289794494,4.9497731078)
  );
#646 = CARTESIAN_POINT('',(46.101357532392,130.2495646116,4.980859023285
    ));
#647 = CARTESIAN_POINT('',(46.101357532392,130.07880290533,
    4.996783875192));
#648 = CARTESIAN_POINT('',(46.101357532392,129.90804119907,
    5.012708727099));
#649 = ORIENTED_EDGE('',*,*,#650,.T.);
#650 = EDGE_CURVE('',#640,#651,#653,.T.);
#651 = VERTEX_POINT('',#652);
#652 = CARTESIAN_POINT('',(47.601357532392,129.90804119906,
    4.981311675265));
#653 = B_SPLINE_CURVE_WITH_KNOTS('',3,(#654,#655,#656,#657),
  .UNSPECIFIED.,.F.,.F.,(4,4),(5.368496431652E-02,1.553968020523),
  .PIECEWISE_BEZIER_KNOTS.);
#654 = CARTESIAN_POINT('',(46.1013575324,129.90804119907,5.012708727098)
  );
#655 = CARTESIAN_POINT('',(46.601175812852,129.90804119907,
    4.995982589611));
#656 = CARTESIAN_POINT('',(47.10125397431,129.90804119907,4.985511869672
    ));
#657 = CARTESIAN_POINT('',(47.601357532396,129.90804119907,
    4.981311675264));
#658 = ORIENTED_EDGE('',*,*,#659,.T.);
#659 = EDGE_CURVE('',#651,#660,#662,.T.);
#660 = VERTEX_POINT('',#661);
#661 = CARTESIAN_POINT('',(47.601357532392,128.40804119907,
    5.121198294945));
#662 = B_SPLINE_CURVE_WITH_KNOTS('',3,(#663,#664,#665,#666),
  .UNSPECIFIED.,.F.,.F.,(4,4),(2.566998249573,4.073506884202),
  .PIECEWISE_BEZIER_KNOTS.);
#663 = CARTESIAN_POINT('',(47.601357532392,129.90804119905,
    4.981311675265));
#664 = CARTESIAN_POINT('',(47.601357532392,129.40804119907,5.02794054849
    ));
#665 = CARTESIAN_POINT('',(47.601357532392,128.90804119908,
    5.074569421715));
#666 = CARTESIAN_POINT('',(47.601357532392,128.4080411991,5.12119829494)
  );
#667 = ORIENTED_EDGE('',*,*,#668,.T.);
#668 = EDGE_CURVE('',#660,#669,#671,.T.);
#669 = VERTEX_POINT('',#670);
#670 = CARTESIAN_POINT('',(48.601357532392,128.40804119907,
    5.121161651787));
#671 = B_SPLINE_CURVE_WITH_KNOTS('',3,(#672,#673,#674,#675,#676,#677,
    #678),.UNSPECIFIED.,.F.,.F.,(4,3,4),(1.553968020529,2.05393821367,
    2.553908600214),.UNSPECIFIED.);
#672 = CARTESIAN_POINT('',(47.601357553293,128.40804118121,
    5.121198103524));
#673 = CARTESIAN_POINT('',(47.768017352959,128.40804118007,
    5.119798374094));
#674 = CARTESIAN_POINT('',(47.934679971295,128.40804117985,
    5.119095033723));
#675 = CARTESIAN_POINT('',(48.10133673497,128.40804118061,5.119088641893
    ));
#676 = CARTESIAN_POINT('',(48.267994083195,128.40804118137,
    5.119082250041));
#677 = CARTESIAN_POINT('',(48.434669314825,128.40804118746,
    5.119772799598));
#678 = CARTESIAN_POINT('',(48.601357549742,128.40804118546,
    5.121161506042));
#679 = ORIENTED_EDGE('',*,*,#680,.T.);
#680 = EDGE_CURVE('',#669,#681,#683,.T.);
#681 = VERTEX_POINT('',#682);
#682 = CARTESIAN_POINT('',(48.601357532392,129.90804119907,
    4.981275032106));
#683 = B_SPLINE_CURVE_WITH_KNOTS('',3,(#684,#685,#686,#687),
  .UNSPECIFIED.,.F.,.F.,(4,4),(3.730781407383E-02,1.543816448724),
  .PIECEWISE_BEZIER_KNOTS.);
#684 = CARTESIAN_POINT('',(48.601357532392,128.40804119907,
    5.121161651787));
#685 = CARTESIAN_POINT('',(48.601357532392,128.90804119906,
    5.074532778561));
#686 = CARTESIAN_POINT('',(48.601357532392,129.40804119904,
    5.027903905335));
#687 = CARTESIAN_POINT('',(48.601357532392,129.90804119903,
    4.981275032109));
#688 = ORIENTED_EDGE('',*,*,#689,.T.);
#689 = EDGE_CURVE('',#681,#690,#692,.T.);
#690 = VERTEX_POINT('',#691);
#691 = CARTESIAN_POINT('',(50.101357532392,129.90804119907,
    5.012646693413));
#692 = B_SPLINE_CURVE_WITH_KNOTS('',3,(#693,#694,#695,#696,#697,#698,
    #699),.UNSPECIFIED.,.F.,.F.,(4,3,4),(2.553908600196,3.842460205394,
    4.053415012683),.UNSPECIFIED.);
#693 = CARTESIAN_POINT('',(48.601357549742,129.90804118546,
    4.981274886362));
#694 = CARTESIAN_POINT('',(49.030954000293,129.90804117058,
    4.984853924263));
#695 = CARTESIAN_POINT('',(49.46063688241,129.90804107752,4.993069868895
    ));
#696 = CARTESIAN_POINT('',(49.890322160467,129.9080411596,5.005947278267
    ));
#697 = CARTESIAN_POINT('',(49.960667946125,129.90804117304,
    5.008055499157));
#698 = CARTESIAN_POINT('',(50.031013184624,129.90804119204,
    5.010288668398));
#699 = CARTESIAN_POINT('',(50.101357532392,129.90804119906,
    5.012646693413));
#700 = ORIENTED_EDGE('',*,*,#701,.T.);
#701 = EDGE_CURVE('',#690,#702,#704,.T.);
#702 = VERTEX_POINT('',#703);
#703 = CARTESIAN_POINT('',(50.101357532392,130.90804119906,4.91938894696
    ));
#704 = B_SPLINE_CURVE_WITH_KNOTS('',3,(#705,#706,#707,#708,#709,#710),
  .UNSPECIFIED.,.F.,.F.,(4,2,4),(1.540903438145,2.055405647926,
    2.54524252792),.UNSPECIFIED.);
#705 = CARTESIAN_POINT('',(50.101357532392,129.90804119907,
    5.012646693413));
#706 = CARTESIAN_POINT('',(50.101357532392,130.07880099358,
    4.996722019791));
#707 = CARTESIAN_POINT('',(50.101357532392,130.24956078809,4.98079734617
    ));
#708 = CARTESIAN_POINT('',(50.101357532392,130.58289412142,
    4.949711430686));
#709 = CARTESIAN_POINT('',(50.101357532392,130.74546766025,
    4.934550188823));
#710 = CARTESIAN_POINT('',(50.101357532392,130.90804119906,4.91938894696
    ));
#711 = ORIENTED_EDGE('',*,*,#712,.T.);
#712 = EDGE_CURVE('',#702,#713,#715,.T.);
#713 = VERTEX_POINT('',#714);
#714 = CARTESIAN_POINT('',(48.601357532392,130.90804119907,
    4.888017285653));
#715 = B_SPLINE_CURVE_WITH_KNOTS('',3,(#716,#717,#718,#719,#720,#721,
    #722),.UNSPECIFIED.,.F.,.F.,(4,3,4),(5.371015266433E-02,
    0.264866983436,1.554652590874),.UNSPECIFIED.);
#716 = CARTESIAN_POINT('',(50.1013575324,130.90804119907,4.919388946959)
  );
#717 = CARTESIAN_POINT('',(50.031013184565,130.90804119201,
    4.917030921946));
#718 = CARTESIAN_POINT('',(49.96066794607,130.90804117299,4.914797752707
    ));
#719 = CARTESIAN_POINT('',(49.890322160467,130.90804115955,
    4.912689531818));
#720 = CARTESIAN_POINT('',(49.460636881133,130.90804107745,4.89981212241
    ));
#721 = CARTESIAN_POINT('',(49.030953999772,130.90804117106,
    4.891596177761));
#722 = CARTESIAN_POINT('',(48.601357549745,130.90804118547,
    4.888017139908));
#723 = ORIENTED_EDGE('',*,*,#724,.T.);
#724 = EDGE_CURVE('',#713,#725,#727,.T.);
#725 = VERTEX_POINT('',#726);
#726 = CARTESIAN_POINT('',(48.601357532392,132.40804119906,
    4.748130665973));
#727 = B_SPLINE_CURVE_WITH_KNOTS('',3,(#728,#729,#730,#731),
  .UNSPECIFIED.,.F.,.F.,(4,4),(2.548155538537,4.054664173165),
  .PIECEWISE_BEZIER_KNOTS.);
#728 = CARTESIAN_POINT('',(48.601357532392,130.90804119907,
    4.888017285653));
#729 = CARTESIAN_POINT('',(48.601357532392,131.40804119905,
    4.841388412428));
#730 = CARTESIAN_POINT('',(48.601357532392,131.90804119902,
    4.794759539203));
#731 = CARTESIAN_POINT('',(48.601357532392,132.40804119901,
    4.748130665978));
#732 = ORIENTED_EDGE('',*,*,#733,.T.);
#733 = EDGE_CURVE('',#725,#620,#734,.T.);
#734 = B_SPLINE_CURVE_WITH_KNOTS('',3,(#735,#736,#737,#738,#739,#740,
    #741),.UNSPECIFIED.,.F.,.F.,(4,3,4),(1.554652590873,2.055075633899,
    2.55555077315),.UNSPECIFIED.);
#735 = CARTESIAN_POINT('',(48.601357549742,132.40804118546,
    4.748130520228));
#736 = CARTESIAN_POINT('',(48.434678024438,132.40804118746,
    4.746741886346));
#737 = CARTESIAN_POINT('',(48.268011501023,132.40804118138,
    4.746051336393));
#738 = CARTESIAN_POINT('',(48.101362858728,132.40804118062,
    4.746057655083));
#739 = CARTESIAN_POINT('',(47.934697387671,132.40804117985,
    4.746063974411));
#740 = CARTESIAN_POINT('',(47.768026060963,132.40804118007,
    4.746767315144));
#741 = CARTESIAN_POINT('',(47.601357553296,132.40804118121,4.74816711771
    ));
#742 = B_SPLINE_SURFACE_WITH_KNOTS('',3,3,(
    (#743,#744,#745,#746,#747,#748)
    ,(#749,#750,#751,#752,#753,#754)
    ,(#755,#756,#757,#758,#759,#760)
    ,(#761,#762,#763,#764,#765,#766
    )),.UNSPECIFIED.,.F.,.F.,.F.,(4,4),(4,2,4),(0.243559182973,
    0.311841023898),(0.174837617496,0.23768267134,0.241184647215),
  .UNSPECIFIED.);
#743 = CARTESIAN_POINT('',(46.101357532272,132.41113958387,
    4.779275412585));
#744 = CARTESIAN_POINT('',(47.363598632957,132.40723432319,
    4.737399420275));
#745 = CARTESIAN_POINT('',(48.627825733871,132.4070163594,4.735062201555
    ));
#746 = CARTESIAN_POINT('',(49.960673473077,132.41070939094,
    4.774662466676));
#747 = CARTESIAN_POINT('',(50.031018802121,132.41091585789,
    4.776876405712));
#748 = CARTESIAN_POINT('',(50.1013575324,132.41113384862,4.779213913751)
  );
#749 = CARTESIAN_POINT('',(46.101357532272,131.07774104656,
    4.903625155299));
#750 = CARTESIAN_POINT('',(47.363598632957,131.07383578588,
    4.861749162989));
#751 = CARTESIAN_POINT('',(48.627825733871,131.07361782209,
    4.859411944269));
#752 = CARTESIAN_POINT('',(49.960673473077,131.07731085363,4.89901220939
    ));
#753 = CARTESIAN_POINT('',(50.031018802121,131.07751732058,
    4.901226148426));
#754 = CARTESIAN_POINT('',(50.1013575324,131.07773531131,4.903563656465)
  );
#755 = CARTESIAN_POINT('',(46.101357532272,129.74434250924,
    5.027974898012));
#756 = CARTESIAN_POINT('',(47.363598632957,129.74043724856,
    4.986098905702));
#757 = CARTESIAN_POINT('',(48.627825733871,129.7402192848,4.983761686983
    ));
#758 = CARTESIAN_POINT('',(49.960673473077,129.7439123163,5.023361952104
    ));
#759 = CARTESIAN_POINT('',(50.031018802121,129.74411878326,5.02557589114
    ));
#760 = CARTESIAN_POINT('',(50.1013575324,129.74433677399,5.027913399179)
  );
#761 = CARTESIAN_POINT('',(46.101357532272,128.41094397193,
    5.152324640726));
#762 = CARTESIAN_POINT('',(47.363598632957,128.40703871125,
    5.110448648416));
#763 = CARTESIAN_POINT('',(48.627825733871,128.40682074749,
    5.108111429697));
#764 = CARTESIAN_POINT('',(49.960673473077,128.41051377899,
    5.147711694818));
#765 = CARTESIAN_POINT('',(50.031018802121,128.41072024595,
    5.149925633854));
#766 = CARTESIAN_POINT('',(50.1013575324,128.41093823668,5.152263141893)
  );
#767 = ADVANCED_FACE('',(#768),#836,.T.);
#768 = FACE_BOUND('',#769,.T.);
#769 = EDGE_LOOP('',(#770,#779,#780,#792,#810,#819,#820,#829));
#770 = ORIENTED_EDGE('',*,*,#771,.F.);
#771 = EDGE_CURVE('',#54,#772,#774,.T.);
#772 = VERTEX_POINT('',#773);
#773 = CARTESIAN_POINT('',(39.158160424431,130.08304119906,
    2.398051947622));
#774 = B_SPLINE_CURVE_WITH_KNOTS('',3,(#775,#776,#777,#778),
  .UNSPECIFIED.,.F.,.F.,(4,4),(0.42319468251,3.743518765739),
  .PIECEWISE_BEZIER_KNOTS.);
#775 = CARTESIAN_POINT('',(40.491750372406,130.08304119906,
    5.448784679311));
#776 = CARTESIAN_POINT('',(40.052323455202,130.08304119906,
    4.431048781218));
#777 = CARTESIAN_POINT('',(39.605446956739,130.08304119906,
    3.409937727191));
#778 = CARTESIAN_POINT('',(39.158160424431,130.08304119906,
    2.398051947622));
#779 = ORIENTED_EDGE('',*,*,#71,.T.);
#780 = ORIENTED_EDGE('',*,*,#781,.F.);
#781 = EDGE_CURVE('',#782,#72,#784,.T.);
#782 = VERTEX_POINT('',#783);
#783 = CARTESIAN_POINT('',(38.07384965647,122.79690440578,
    5.700329097635E-12));
#784 = B_SPLINE_CURVE_WITH_KNOTS('',3,(#785,#786,#787,#788,#789,#790,
    #791),.UNSPECIFIED.,.F.,.F.,(4,3,4),(0.115640852472,3.856071897949,
    7.045575013249),.UNSPECIFIED.);
#785 = CARTESIAN_POINT('',(38.07384965647,122.79690440579,
    3.187228259094E-12));
#786 = CARTESIAN_POINT('',(38.511098537314,123.30609779063,
    1.051455100972));
#787 = CARTESIAN_POINT('',(38.952045490128,123.81904997032,
    2.110640213771));
#788 = CARTESIAN_POINT('',(39.39022503747,124.3280269543,3.161650820429)
  );
#789 = CARTESIAN_POINT('',(39.763865137855,124.76203673988,
    4.057858119372));
#790 = CARTESIAN_POINT('',(40.141104671544,125.19967474862,
    4.961582866061));
#791 = CARTESIAN_POINT('',(40.516912689825,125.63494158242,
    5.860383849297));
#792 = ORIENTED_EDGE('',*,*,#793,.T.);
#793 = EDGE_CURVE('',#782,#794,#796,.T.);
#794 = VERTEX_POINT('',#795);
#795 = CARTESIAN_POINT('',(38.113594439787,138.15326640231,
    5.700329097635E-12));
#796 = B_SPLINE_CURVE_WITH_KNOTS('',3,(#797,#798,#799,#800,#801,#802,
    #803,#804,#805,#806,#807,#808,#809),.UNSPECIFIED.,.F.,.F.,(4,3,3,3,4
    ),(0.23467863217,6.648413272518,7.908636039514,13.672252753626,
    15.531449801856),.UNSPECIFIED.);
#797 = CARTESIAN_POINT('',(38.073849656471,122.79690440579,
    5.708960274653E-12));
#798 = CARTESIAN_POINT('',(38.078169324077,124.93593449591,
    1.086232741378E-07));
#799 = CARTESIAN_POINT('',(38.082935264331,127.08985711828,
    4.891824449203E-06));
#800 = CARTESIAN_POINT('',(38.088200744166,129.23373934721,
    5.299244633883E-06));
#801 = CARTESIAN_POINT('',(38.089235348487,129.65498677108,
    5.379297866712E-06));
#802 = CARTESIAN_POINT('',(38.090289319693,130.07584644474,
    5.3743081383E-06));
#803 = CARTESIAN_POINT('',(38.091363196973,130.49612913642,
    5.376636555435E-06));
#804 = CARTESIAN_POINT('',(38.096274564414,132.4182879982,
    5.387285548986E-06));
#805 = CARTESIAN_POINT('',(38.101670962794,134.35606061203,
    4.096810169736E-06));
#806 = CARTESIAN_POINT('',(38.107637914644,136.28723263327,
    1.621667758939E-06));
#807 = CARTESIAN_POINT('',(38.109562702467,136.91017990745,
    8.23249388606E-07));
#808 = CARTESIAN_POINT('',(38.111547058065,137.53243998314,
    5.125598604008E-08));
#809 = CARTESIAN_POINT('',(38.113594507492,138.15326667583,
    -2.222041534106E-08));
#810 = ORIENTED_EDGE('',*,*,#811,.F.);
#811 = EDGE_CURVE('',#387,#794,#812,.T.);
#812 = B_SPLINE_CURVE_WITH_KNOTS('',3,(#813,#814,#815,#816,#817,#818),
  .UNSPECIFIED.,.F.,.F.,(4,2,4),(0.609065397225,3.077596636984,
    5.893804517044),.UNSPECIFIED.);
#813 = CARTESIAN_POINT('',(40.441843093748,137.73845835885,
    4.741277632308));
#814 = CARTESIAN_POINT('',(40.080292723178,137.80310949507,
    4.002311763956));
#815 = CARTESIAN_POINT('',(39.716580585871,137.86801468084,
    3.260442095887));
#816 = CARTESIAN_POINT('',(38.942936462481,138.00585883532,
    1.684876200476));
#817 = CARTESIAN_POINT('',(38.527245229703,138.07979349471,
    0.839799176642));
#818 = CARTESIAN_POINT('',(38.11359443979,138.15326640231,
    5.898836974438E-12));
#819 = ORIENTED_EDGE('',*,*,#404,.T.);
#820 = ORIENTED_EDGE('',*,*,#821,.F.);
#821 = EDGE_CURVE('',#822,#405,#824,.T.);
#822 = VERTEX_POINT('',#823);
#823 = CARTESIAN_POINT('',(39.168174063081,130.73304119906,
    2.398051947622));
#824 = B_SPLINE_CURVE_WITH_KNOTS('',3,(#825,#826,#827,#828),
  .UNSPECIFIED.,.F.,.F.,(4,4),(0.,3.257911006479),
  .PIECEWISE_BEZIER_KNOTS.);
#825 = CARTESIAN_POINT('',(39.168174063085,130.73304119907,
    2.398051947622));
#826 = CARTESIAN_POINT('',(39.610307265408,130.73304119907,
    3.389943978528));
#827 = CARTESIAN_POINT('',(40.052537038173,130.73304119907,
    4.391063383964));
#828 = CARTESIAN_POINT('',(40.487854967279,130.73304119907,
    5.388666703307));
#829 = ORIENTED_EDGE('',*,*,#830,.F.);
#830 = EDGE_CURVE('',#772,#822,#831,.T.);
#831 = B_SPLINE_CURVE_WITH_KNOTS('',3,(#832,#833,#834,#835),
  .UNSPECIFIED.,.F.,.F.,(4,4),(6.194387025761,6.843474272402),
  .PIECEWISE_BEZIER_KNOTS.);
#832 = CARTESIAN_POINT('',(39.158180711609,130.08305625715,
    2.398054909688));
#833 = CARTESIAN_POINT('',(39.161490794006,130.29985931621,
    2.398055114648));
#834 = CARTESIAN_POINT('',(39.164828889192,130.51653663431,
    2.398055239231));
#835 = CARTESIAN_POINT('',(39.168195312403,130.73305678994,
    2.398055328898));
#836 = B_SPLINE_SURFACE_WITH_KNOTS('',3,3,(
    (#837,#838,#839,#840)
    ,(#841,#842,#843,#844)
    ,(#845,#846,#847,#848)
    ,(#849,#850,#851,#852
    )),.UNSPECIFIED.,.F.,.F.,.F.,(4,4),(4,4),(6.522670840899E-02,
    0.931745166874),(6.638806340651E-02,0.879262982477),
  .PIECEWISE_BEZIER_KNOTS.);
#837 = CARTESIAN_POINT('',(38.07384965647,122.79690440579,
    3.218758592993E-12));
#838 = CARTESIAN_POINT('',(38.888254472393,123.67339770637,
    1.958754363862));
#839 = CARTESIAN_POINT('',(39.702793539753,124.54837814172,
    3.918138631687));
#840 = CARTESIAN_POINT('',(40.517435853322,125.42077751016,
    5.878649870252));
#841 = CARTESIAN_POINT('',(38.06491171267,127.91805511663,
    -4.647142557745E-02));
#842 = CARTESIAN_POINT('',(38.878966103614,128.47634823878,
    1.809509634717));
#843 = CARTESIAN_POINT('',(39.693127484668,129.03299722522,
    3.665991536239));
#844 = CARTESIAN_POINT('',(40.507299193432,129.58676346139,
    5.523397039767));
#845 = CARTESIAN_POINT('',(38.054228742061,133.03919303411,
    -9.557112925938E-02));
#846 = CARTESIAN_POINT('',(38.867779026645,133.27923177192,
    1.657365842073));
#847 = CARTESIAN_POINT('',(39.681367480509,133.51747138301,
    3.410609655025));
#848 = CARTESIAN_POINT('',(40.494837344489,133.75245880815,
    5.164475539823));
#849 = CARTESIAN_POINT('',(38.040508705613,138.16031309664,
    -0.148338967226));
#850 = CARTESIAN_POINT('',(38.853182229854,138.08202138084,
    1.501098938437));
#851 = CARTESIAN_POINT('',(39.665710474677,138.00174101665,
    3.150527488385));
#852 = CARTESIAN_POINT('',(40.477780868983,137.91771652199,
    4.800029243505));
#853 = ADVANCED_FACE('',(#854),#898,.T.);
#854 = FACE_BOUND('',#855,.T.);
#855 = EDGE_LOOP('',(#856,#864,#865,#866,#874,#883,#884,#892));
#856 = ORIENTED_EDGE('',*,*,#857,.F.);
#857 = EDGE_CURVE('',#385,#858,#860,.T.);
#858 = VERTEX_POINT('',#859);
#859 = CARTESIAN_POINT('',(47.776357532395,137.94346404235,
    2.398051947622));
#860 = LINE('',#861,#862);
#861 = CARTESIAN_POINT('',(47.776357532395,138.16279782662,
    -0.108944678446));
#862 = VECTOR('',#863,1.);
#863 = DIRECTION('',(0.,8.715574274637E-02,-0.996194698092));
#864 = ORIENTED_EDGE('',*,*,#384,.T.);
#865 = ORIENTED_EDGE('',*,*,#811,.T.);
#866 = ORIENTED_EDGE('',*,*,#867,.F.);
#867 = EDGE_CURVE('',#868,#794,#870,.T.);
#868 = VERTEX_POINT('',#869);
#869 = CARTESIAN_POINT('',(58.089120625002,138.15326640231,
    5.693223670278E-12));
#870 = LINE('',#871,#872);
#871 = CARTESIAN_POINT('',(43.601357532396,138.15326640231,
    5.698552740796E-12));
#872 = VECTOR('',#873,1.);
#873 = DIRECTION('',(-1.,-1.066536263548E-18,3.082500385087E-16));
#874 = ORIENTED_EDGE('',*,*,#875,.F.);
#875 = EDGE_CURVE('',#312,#868,#876,.T.);
#876 = B_SPLINE_CURVE_WITH_KNOTS('',3,(#877,#878,#879,#880,#881,#882),
  .UNSPECIFIED.,.F.,.F.,(4,2,4),(-5.538003752387,-3.069727844499,
    -0.257637837763),.UNSPECIFIED.);
#877 = CARTESIAN_POINT('',(55.760694417517,137.73842660936,4.74164053067
    ));
#878 = CARTESIAN_POINT('',(56.122534988826,137.80312968164,
    4.002081030395));
#879 = CARTESIAN_POINT('',(56.486542472492,137.86808750478,
    3.259609714328));
#880 = CARTESIAN_POINT('',(57.260246071681,138.00594197878,
    1.683925866345));
#881 = CARTESIAN_POINT('',(57.675701553042,138.0798346526,0.839328739856
    ));
#882 = CARTESIAN_POINT('',(58.089120625002,138.15326640231,
    6.137312880128E-12));
#883 = ORIENTED_EDGE('',*,*,#329,.T.);
#884 = ORIENTED_EDGE('',*,*,#885,.F.);
#885 = EDGE_CURVE('',#886,#330,#888,.T.);
#886 = VERTEX_POINT('',#887);
#887 = CARTESIAN_POINT('',(48.426357532397,137.94346404235,
    2.398051947622));
#888 = LINE('',#889,#890);
#889 = CARTESIAN_POINT('',(48.426357532397,137.95939286661,
    2.215984653135));
#890 = VECTOR('',#891,1.);
#891 = DIRECTION('',(-1.761504139042E-14,-8.715574274637E-02,
    0.996194698092));
#892 = ORIENTED_EDGE('',*,*,#893,.F.);
#893 = EDGE_CURVE('',#858,#886,#894,.T.);
#894 = LINE('',#895,#896);
#895 = CARTESIAN_POINT('',(44.791982532395,137.94346404235,
    2.398051947622));
#896 = VECTOR('',#897,1.);
#897 = DIRECTION('',(1.,-2.590184763699E-17,0.));
#898 = PLANE('',#899);
#899 = AXIS2_PLACEMENT_3D('',#900,#901,#902);
#900 = CARTESIAN_POINT('',(41.482607532402,138.16279782662,
    -0.108944678446));
#901 = DIRECTION('',(-2.580328328675E-17,-0.996194698092,
    -8.715574274637E-02));
#902 = DIRECTION('',(2.696301922142E-33,8.715574274637E-02,
    -0.996194698092));
#903 = ADVANCED_FACE('',(#904),#962,.T.);
#904 = FACE_BOUND('',#905,.T.);
#905 = EDGE_LOOP('',(#906,#915,#916,#917,#935,#945,#946,#955));
#906 = ORIENTED_EDGE('',*,*,#907,.F.);
#907 = EDGE_CURVE('',#300,#908,#910,.T.);
#908 = VERTEX_POINT('',#909);
#909 = CARTESIAN_POINT('',(57.034541001707,130.73304119906,
    2.398051947622));
#910 = B_SPLINE_CURVE_WITH_KNOTS('',3,(#911,#912,#913,#914),
  .UNSPECIFIED.,.F.,.F.,(4,4),(0.424168295163,3.684493750422),
  .PIECEWISE_BEZIER_KNOTS.);
#911 = CARTESIAN_POINT('',(55.714700647382,130.73304119906,
    5.389032110304));
#912 = CARTESIAN_POINT('',(56.150070392319,130.73304119906,
    4.391307037867));
#913 = CARTESIAN_POINT('',(56.592354196437,130.73304119906,
    3.390064232652));
#914 = CARTESIAN_POINT('',(57.034541001711,130.73304119906,
    2.398051947621));
#915 = ORIENTED_EDGE('',*,*,#311,.T.);
#916 = ORIENTED_EDGE('',*,*,#875,.T.);
#917 = ORIENTED_EDGE('',*,*,#918,.T.);
#918 = EDGE_CURVE('',#868,#919,#921,.T.);
#919 = VERTEX_POINT('',#920);
#920 = CARTESIAN_POINT('',(58.128865408318,122.79690440578,
    5.693223670278E-12));
#921 = B_SPLINE_CURVE_WITH_KNOTS('',3,(#922,#923,#924,#925,#926,#927,
    #928,#929,#930,#931,#932,#933,#934),.UNSPECIFIED.,.F.,.F.,(4,3,3,3,4
    ),(0.243977268616,6.013486374793,7.862621901637,14.28334420234,
    15.55825026488),.UNSPECIFIED.);
#922 = CARTESIAN_POINT('',(58.08912055729,138.15326667588,
    -2.222416059516E-08));
#923 = CARTESIAN_POINT('',(58.095466988265,136.22890490011,
    2.044311326307E-07));
#924 = CARTESIAN_POINT('',(58.101209455638,134.29079484277,
    4.596305699628E-06));
#925 = CARTESIAN_POINT('',(58.106442335169,132.36115626695,
    5.173833663427E-06));
#926 = CARTESIAN_POINT('',(58.108119480186,131.74270447515,
    5.358932162442E-06));
#927 = CARTESIAN_POINT('',(58.109744054603,131.12512267665,
    5.377142365907E-06));
#928 = CARTESIAN_POINT('',(58.111318613144,130.5091413297,
    5.376675660959E-06));
#929 = CARTESIAN_POINT('',(58.116785926353,128.37027963322,
    5.37505512921E-06));
#930 = CARTESIAN_POINT('',(58.121739889615,126.21644868326,
    2.639279999172E-06));
#931 = CARTESIAN_POINT('',(58.126239039505,124.07259080226,
    6.787419881693E-07));
#932 = CARTESIAN_POINT('',(58.127132395922,123.64690389638,
    2.894552881676E-07));
#933 = CARTESIAN_POINT('',(58.128007735746,123.22161008735,
    2.165406805565E-08));
#934 = CARTESIAN_POINT('',(58.128865408322,122.79690440579,
    5.689504423145E-12));
#935 = ORIENTED_EDGE('',*,*,#936,.F.);
#936 = EDGE_CURVE('',#141,#919,#937,.T.);
#937 = B_SPLINE_CURVE_WITH_KNOTS('',3,(#938,#939,#940,#941,#942,#943,
    #944),.UNSPECIFIED.,.F.,.F.,(4,3,4),(0.654870712195,3.844463451342,
    7.591275973818),.UNSPECIFIED.);
#938 = CARTESIAN_POINT('',(55.685654812532,125.63511249147,
    5.860736766667));
#939 = CARTESIAN_POINT('',(56.061144761377,125.20021423969,4.96269688411
    ));
#940 = CARTESIAN_POINT('',(56.438061785262,124.76295114348,
    4.059746336788));
#941 = CARTESIAN_POINT('',(56.811387310867,124.32930783974,
    3.164295772964));
#942 = CARTESIAN_POINT('',(57.249932563722,123.81990733202,
    2.112410576268));
#943 = CARTESIAN_POINT('',(57.691252749511,123.30652142426,
    1.052329880109));
#944 = CARTESIAN_POINT('',(58.128865408322,122.79690440579,
    6.894484982922E-12));
#945 = ORIENTED_EDGE('',*,*,#158,.T.);
#946 = ORIENTED_EDGE('',*,*,#947,.F.);
#947 = EDGE_CURVE('',#948,#159,#950,.T.);
#948 = VERTEX_POINT('',#949);
#949 = CARTESIAN_POINT('',(57.044554640357,130.08304119906,
    2.398051947622));
#950 = B_SPLINE_CURVE_WITH_KNOTS('',3,(#951,#952,#953,#954),
  .UNSPECIFIED.,.F.,.F.,(4,4),(5.466162279843E-02,3.373233394978),
  .PIECEWISE_BEZIER_KNOTS.);
#951 = CARTESIAN_POINT('',(57.044554640357,130.08304119906,
    2.398051947622));
#952 = CARTESIAN_POINT('',(56.597214880454,130.08304119906,
    3.410058142729));
#953 = CARTESIAN_POINT('',(56.150284859003,130.08304119906,4.43129269672
    ));
#954 = CARTESIAN_POINT('',(55.710806726369,130.08304119906,5.44915053752
    ));
#955 = ORIENTED_EDGE('',*,*,#956,.F.);
#956 = EDGE_CURVE('',#908,#948,#957,.T.);
#957 = B_SPLINE_CURVE_WITH_KNOTS('',3,(#958,#959,#960,#961),
  .UNSPECIFIED.,.F.,.F.,(4,4),(7.28146785494,7.930801708627),
  .PIECEWISE_BEZIER_KNOTS.);
#958 = CARTESIAN_POINT('',(57.034519751756,130.73305679369,
    2.398055327729));
#959 = CARTESIAN_POINT('',(57.037886243746,130.51653339712,
    2.398055196835));
#960 = CARTESIAN_POINT('',(57.041224324283,130.29985604841,
    2.398055104076));
#961 = CARTESIAN_POINT('',(57.044534352601,130.08305626073,
    2.398054908501));
#962 = B_SPLINE_SURFACE_WITH_KNOTS('',3,3,(
    (#963,#964,#965,#966)
    ,(#967,#968,#969,#970)
    ,(#971,#972,#973,#974)
    ,(#975,#976,#977,#978
    )),.UNSPECIFIED.,.F.,.F.,.F.,(4,4),(4,4),(6.825483312567E-02,
    0.934773291591),(6.638806340742E-02,0.87931207758),
  .PIECEWISE_BEZIER_KNOTS.);
#963 = CARTESIAN_POINT('',(58.162206359178,138.16031309664,
    -0.148338967224));
#964 = CARTESIAN_POINT('',(57.349483751997,138.08201665226,
    1.501198559328));
#965 = CARTESIAN_POINT('',(56.536906437617,138.00173133509,
    3.150726727625));
#966 = CARTESIAN_POINT('',(55.724787056279,137.91770129749,
    4.800328117744));
#967 = CARTESIAN_POINT('',(58.148486322731,133.03919303411,
    -9.557112925761E-02));
#968 = CARTESIAN_POINT('',(57.334886902256,133.27924626952,
    1.657471713984));
#969 = CARTESIAN_POINT('',(56.521249306385,133.51750017298,
    3.410821432335));
#970 = CARTESIAN_POINT('',(55.707730325474,133.75250138576,
    5.164793324595));
#971 = CARTESIAN_POINT('',(58.137803352121,127.91805511663,
    -4.647142557533E-02));
#972 = CARTESIAN_POINT('',(57.323699794837,128.47638195794,
    1.809621730169));
#973 = CARTESIAN_POINT('',(56.509489233489,129.03306447474,
    3.666215783551));
#974 = CARTESIAN_POINT('',(55.695268349631,129.58686379874,
    5.523733584924));
#975 = CARTESIAN_POINT('',(58.128865408322,122.79690440579,
    5.690115045809E-12));
#976 = CARTESIAN_POINT('',(57.314411404896,123.67345064382,
    1.958872666501));
#977 = CARTESIAN_POINT('',(56.499823132766,124.54848384194,
    3.918375308968));
#978 = CARTESIAN_POINT('',(55.685131605926,125.42093558071,
    5.879005096504));
#979 = ADVANCED_FACE('',(#980),#1014,.T.);
#980 = FACE_BOUND('',#981,.T.);
#981 = EDGE_LOOP('',(#982,#990,#991,#992,#998,#999,#1000,#1008));
#982 = ORIENTED_EDGE('',*,*,#983,.F.);
#983 = EDGE_CURVE('',#139,#984,#986,.T.);
#984 = VERTEX_POINT('',#985);
#985 = CARTESIAN_POINT('',(48.426357532397,123.95822093477,
    2.398051947622));
#986 = LINE('',#987,#988);
#987 = CARTESIAN_POINT('',(48.426357532397,124.15248570912,
    2.799197551669));
#988 = VECTOR('',#989,1.);
#989 = DIRECTION('',(-8.809073233915E-14,-0.435855530278,-0.900016642472
    ));
#990 = ORIENTED_EDGE('',*,*,#138,.T.);
#991 = ORIENTED_EDGE('',*,*,#936,.T.);
#992 = ORIENTED_EDGE('',*,*,#993,.F.);
#993 = EDGE_CURVE('',#782,#919,#994,.T.);
#994 = LINE('',#995,#996);
#995 = CARTESIAN_POINT('',(52.601357532396,122.79690440578,
    5.695000027117E-12));
#996 = VECTOR('',#997,1.);
#997 = DIRECTION('',(1.,-5.903585602453E-18,-3.082500385087E-16));
#998 = ORIENTED_EDGE('',*,*,#781,.T.);
#999 = ORIENTED_EDGE('',*,*,#83,.T.);
#1000 = ORIENTED_EDGE('',*,*,#1001,.F.);
#1001 = EDGE_CURVE('',#1002,#84,#1004,.T.);
#1002 = VERTEX_POINT('',#1003);
#1003 = CARTESIAN_POINT('',(47.776357532395,123.95822093476,
    2.398051947621));
#1004 = LINE('',#1005,#1006);
#1005 = CARTESIAN_POINT('',(47.776357532395,122.53306200233,
    -0.544819412861));
#1006 = VECTOR('',#1007,1.);
#1007 = DIRECTION('',(0.,0.435855530278,0.900016642472));
#1008 = ORIENTED_EDGE('',*,*,#1009,.F.);
#1009 = EDGE_CURVE('',#984,#1002,#1010,.T.);
#1010 = LINE('',#1011,#1012);
#1011 = CARTESIAN_POINT('',(53.791982532395,123.95822093476,
    2.398051947622));
#1012 = VECTOR('',#1013,1.);
#1013 = DIRECTION('',(-1.,-1.433741917767E-16,0.));
#1014 = PLANE('',#1015);
#1015 = AXIS2_PLACEMENT_3D('',#1016,#1017,#1018);
#1016 = CARTESIAN_POINT('',(59.482607532402,122.53306200233,
    -0.544819412861));
#1017 = DIRECTION('',(-1.290391586999E-16,0.900016642472,-0.435855530278
    ));
#1018 = DIRECTION('',(5.546678239835E-32,0.435855530278,0.900016642472)
  );
#1019 = ADVANCED_FACE('',(#1020,#1090),#1096,.F.);
#1020 = FACE_BOUND('',#1021,.T.);
#1021 = EDGE_LOOP('',(#1022,#1032,#1041,#1049,#1058,#1066,#1075,#1083));
#1022 = ORIENTED_EDGE('',*,*,#1023,.F.);
#1023 = EDGE_CURVE('',#1024,#1026,#1028,.T.);
#1024 = VERTEX_POINT('',#1025);
#1025 = CARTESIAN_POINT('',(59.482607532402,121.65804119905,
    1.602273869139E-12));
#1026 = VERTEX_POINT('',#1027);
#1027 = CARTESIAN_POINT('',(59.482607532402,139.15804119905,
    1.601385690719E-12));
#1028 = LINE('',#1029,#1030);
#1029 = CARTESIAN_POINT('',(59.482607532402,139.15804119905,
    1.601385690719E-12));
#1030 = VECTOR('',#1031,1.);
#1031 = DIRECTION('',(-1.54074395551E-33,1.,0.));
#1032 = ORIENTED_EDGE('',*,*,#1033,.F.);
#1033 = EDGE_CURVE('',#1034,#1024,#1036,.T.);
#1034 = VERTEX_POINT('',#1035);
#1035 = CARTESIAN_POINT('',(59.232607532402,121.40804119905,
    1.602273869139E-12));
#1036 = CIRCLE('',#1037,0.25);
#1037 = AXIS2_PLACEMENT_3D('',#1038,#1039,#1040);
#1038 = CARTESIAN_POINT('',(59.232607532402,121.65804119905,
    1.602273869139E-12));
#1039 = DIRECTION('',(0.,0.,1.));
#1040 = DIRECTION('',(1.,-7.105427357601E-15,0.));
#1041 = ORIENTED_EDGE('',*,*,#1042,.F.);
#1042 = EDGE_CURVE('',#1043,#1034,#1045,.T.);
#1043 = VERTEX_POINT('',#1044);
#1044 = CARTESIAN_POINT('',(36.97010753239,121.40804119905,
    5.700329097635E-12));
#1045 = LINE('',#1046,#1047);
#1046 = CARTESIAN_POINT('',(54.47010753239,121.40804119905,
    5.695000027117E-12));
#1047 = VECTOR('',#1048,1.);
#1048 = DIRECTION('',(1.,0.,-3.045183153258E-16));
#1049 = ORIENTED_EDGE('',*,*,#1050,.F.);
#1050 = EDGE_CURVE('',#1051,#1043,#1053,.T.);
#1051 = VERTEX_POINT('',#1052);
#1052 = CARTESIAN_POINT('',(36.72010753239,121.65804119905,
    5.700329097635E-12));
#1053 = CIRCLE('',#1054,0.25);
#1054 = AXIS2_PLACEMENT_3D('',#1055,#1056,#1057);
#1055 = CARTESIAN_POINT('',(36.97010753239,121.65804119905,
    5.700329097635E-12));
#1056 = DIRECTION('',(0.,0.,1.));
#1057 = DIRECTION('',(-7.105427357601E-15,-1.,0.));
#1058 = ORIENTED_EDGE('',*,*,#1059,.F.);
#1059 = EDGE_CURVE('',#1060,#1051,#1062,.T.);
#1060 = VERTEX_POINT('',#1061);
#1061 = CARTESIAN_POINT('',(36.72010753239,139.15804119905,
    5.700329097635E-12));
#1062 = LINE('',#1063,#1064);
#1063 = CARTESIAN_POINT('',(36.72010753239,121.65804119905,
    5.700329097635E-12));
#1064 = VECTOR('',#1065,1.);
#1065 = DIRECTION('',(1.54074395551E-33,-1.,0.));
#1066 = ORIENTED_EDGE('',*,*,#1067,.F.);
#1067 = EDGE_CURVE('',#1068,#1060,#1070,.T.);
#1068 = VERTEX_POINT('',#1069);
#1069 = CARTESIAN_POINT('',(36.97010753239,139.40804119905,
    5.699440919216E-12));
#1070 = CIRCLE('',#1071,0.25);
#1071 = AXIS2_PLACEMENT_3D('',#1072,#1073,#1074);
#1072 = CARTESIAN_POINT('',(36.97010753239,139.15804119905,
    5.699440919216E-12));
#1073 = DIRECTION('',(0.,0.,1.));
#1074 = DIRECTION('',(-1.,7.105427357601E-15,0.));
#1075 = ORIENTED_EDGE('',*,*,#1076,.F.);
#1076 = EDGE_CURVE('',#1077,#1068,#1079,.T.);
#1077 = VERTEX_POINT('',#1078);
#1078 = CARTESIAN_POINT('',(59.232607532402,139.40804119905,
    1.602273869139E-12));
#1079 = LINE('',#1080,#1081);
#1080 = CARTESIAN_POINT('',(36.97010753239,139.40804119905,
    5.700329097635E-12));
#1081 = VECTOR('',#1082,1.);
#1082 = DIRECTION('',(-1.,0.,3.045183153258E-16));
#1083 = ORIENTED_EDGE('',*,*,#1084,.F.);
#1084 = EDGE_CURVE('',#1026,#1077,#1085,.T.);
#1085 = CIRCLE('',#1086,0.25);
#1086 = AXIS2_PLACEMENT_3D('',#1087,#1088,#1089);
#1087 = CARTESIAN_POINT('',(59.232607532402,139.15804119905,
    1.601385690719E-12));
#1088 = DIRECTION('',(0.,0.,1.));
#1089 = DIRECTION('',(7.105427357601E-15,1.,-0.));
#1090 = FACE_BOUND('',#1091,.T.);
#1091 = EDGE_LOOP('',(#1092,#1093,#1094,#1095));
#1092 = ORIENTED_EDGE('',*,*,#918,.F.);
#1093 = ORIENTED_EDGE('',*,*,#867,.T.);
#1094 = ORIENTED_EDGE('',*,*,#793,.F.);
#1095 = ORIENTED_EDGE('',*,*,#993,.T.);
#1096 = PLANE('',#1097);
#1097 = AXIS2_PLACEMENT_3D('',#1098,#1099,#1100);
#1098 = CARTESIAN_POINT('',(45.72010753239,130.40804119905,
    5.697664562376E-12));
#1099 = DIRECTION('',(3.082500385087E-16,7.366730315533E-18,1.));
#1100 = DIRECTION('',(1.,0.,-3.082500385087E-16));
#1101 = ADVANCED_FACE('',(#1102),#1146,.F.);
#1102 = FACE_BOUND('',#1103,.F.);
#1103 = EDGE_LOOP('',(#1104,#1118,#1127,#1139));
#1104 = ORIENTED_EDGE('',*,*,#1105,.F.);
#1105 = EDGE_CURVE('',#1106,#1108,#1110,.T.);
#1106 = VERTEX_POINT('',#1107);
#1107 = CARTESIAN_POINT('',(41.283256272487,125.02176049201,
    7.088169233206));
#1108 = VERTEX_POINT('',#1109);
#1109 = CARTESIAN_POINT('',(39.914760185158,126.5785616053,
    7.119692853192));
#1110 = B_SPLINE_CURVE_WITH_KNOTS('',3,(#1111,#1112,#1113,#1114,#1115,
    #1116,#1117),.UNSPECIFIED.,.F.,.F.,(4,1,1,1,4),(0.,0.652085245648,
    0.978127868472,1.630213114121,2.282298359769),.UNSPECIFIED.);
#1111 = CARTESIAN_POINT('',(41.283256272491,125.02176049202,
    7.088169233206));
#1112 = CARTESIAN_POINT('',(41.068474037933,125.03346098785,
    7.112244490279));
#1113 = CARTESIAN_POINT('',(40.75299319837,125.13957742705,
    7.141256174381));
#1114 = CARTESIAN_POINT('',(40.322753042004,125.47345766703,
    7.166259042757));
#1115 = CARTESIAN_POINT('',(40.008909826174,125.92964458395,
    7.166815754294));
#1116 = CARTESIAN_POINT('',(39.914786797166,126.36213858862,
    7.13987222066));
#1117 = CARTESIAN_POINT('',(39.914760185158,126.57856160529,
    7.119692853192));
#1118 = ORIENTED_EDGE('',*,*,#1119,.F.);
#1119 = EDGE_CURVE('',#1120,#1106,#1122,.T.);
#1120 = VERTEX_POINT('',#1121);
#1121 = CARTESIAN_POINT('',(41.254286366769,124.77369900578,
    6.949890109205));
#1122 = CIRCLE('',#1123,0.250000000001);
#1123 = AXIS2_PLACEMENT_3D('',#1124,#1125,#1126);
#1124 = CARTESIAN_POINT('',(41.254286366769,124.99870316639,
    6.840926226635));
#1125 = DIRECTION('',(-0.992331167753,5.387508200981E-02,0.111248950756)
  );
#1126 = DIRECTION('',(1.023264806221E-12,-0.900016642472,0.435855530277)
  );
#1127 = ORIENTED_EDGE('',*,*,#1128,.F.);
#1128 = EDGE_CURVE('',#1129,#1120,#1131,.T.);
#1129 = VERTEX_POINT('',#1130);
#1130 = CARTESIAN_POINT('',(39.647552469385,126.5640941207,
    6.964883343583));
#1131 = B_SPLINE_CURVE_WITH_KNOTS('',3,(#1132,#1133,#1134,#1135,#1136,
    #1137,#1138),.UNSPECIFIED.,.F.,.F.,(4,1,1,1,4),(-2.282298359769,
    -1.630213114121,-0.978127868472,-0.652085245648,0.),.UNSPECIFIED.);
#1132 = CARTESIAN_POINT('',(39.647552469382,126.5640941207,
    6.964883343583));
#1133 = CARTESIAN_POINT('',(39.654580112259,126.31375908605,
    7.005960696297));
#1134 = CARTESIAN_POINT('',(39.776460737467,125.82325509492,
    7.058785937732));
#1135 = CARTESIAN_POINT('',(40.140083194008,125.30999335437,
    7.06818801369));
#1136 = CARTESIAN_POINT('',(40.633992838044,124.9263866038,
    7.037619890127));
#1137 = CARTESIAN_POINT('',(40.999245154828,124.79492392072,
    6.99371833977));
#1138 = CARTESIAN_POINT('',(41.254286366773,124.77369900578,
    6.949890109202));
#1139 = ORIENTED_EDGE('',*,*,#1140,.F.);
#1140 = EDGE_CURVE('',#1108,#1129,#1141,.T.);
#1141 = CIRCLE('',#1142,0.25);
#1142 = AXIS2_PLACEMENT_3D('',#1143,#1144,#1145);
#1143 = CARTESIAN_POINT('',(39.879975581018,126.55557369615,
    6.873194197318));
#1144 = DIRECTION('',(1.229520910582E-04,-0.995681253001,
    9.283763948329E-02));
#1145 = DIRECTION('',(0.139138416555,9.195163660254E-02,0.985994623497)
  );
#1146 = B_SPLINE_SURFACE_WITH_KNOTS('',3,3,(
    (#1147,#1148,#1149,#1150,#1151,#1152,#1153)
    ,(#1154,#1155,#1156,#1157,#1158,#1159,#1160)
    ,(#1161,#1162,#1163,#1164,#1165,#1166,#1167)
    ,(#1168,#1169,#1170,#1171,#1172,#1173,#1174)
    ,(#1175,#1176,#1177,#1178,#1179,#1180,#1181
  )),.UNSPECIFIED.,.F.,.F.,.F.,(4,1,4),(4,1,1,1,4),(0.,0.571428571429,1.
    ),(0.,0.652085245648,0.978127868472,1.630213114121,2.282298359769),
  .UNSPECIFIED.);
#1147 = CARTESIAN_POINT('',(41.283256272491,125.02176049202,
    7.088169233206));
#1148 = CARTESIAN_POINT('',(41.068474037933,125.03346098785,
    7.112244490279));
#1149 = CARTESIAN_POINT('',(40.75299319837,125.13957742705,
    7.141256174381));
#1150 = CARTESIAN_POINT('',(40.322753042004,125.47345766703,
    7.166259042757));
#1151 = CARTESIAN_POINT('',(40.008909826174,125.92964458395,
    7.166815754294));
#1152 = CARTESIAN_POINT('',(39.914786797166,126.36213858862,
    7.13987222066));
#1153 = CARTESIAN_POINT('',(39.914760185158,126.57856160529,
    7.119692853192));
#1154 = CARTESIAN_POINT('',(41.280766580538,124.96421938981,
    7.09382710839));
#1155 = CARTESIAN_POINT('',(41.055794840984,124.97967382245,
    7.118691180358));
#1156 = CARTESIAN_POINT('',(40.728995096655,125.09241724404,
    7.148514833146));
#1157 = CARTESIAN_POINT('',(40.284062506114,125.43798576582,
    7.174566003202));
#1158 = CARTESIAN_POINT('',(39.958206509909,125.90708984855,
    7.175821870969));
#1159 = CARTESIAN_POINT('',(39.855531366851,126.35358552137,
    7.148936301369));
#1160 = CARTESIAN_POINT('',(39.851893494495,126.57937395249,
    7.128488514884));
#1161 = CARTESIAN_POINT('',(41.272177741794,124.86054686633,
    7.06742140612));
#1162 = CARTESIAN_POINT('',(41.029858668251,124.88278619714,
    7.098032121195));
#1163 = CARTESIAN_POINT('',(40.683367532045,125.00736548208,
    7.13210719457));
#1164 = CARTESIAN_POINT('',(40.212610708997,125.37335151492,
    7.160294989067));
#1165 = CARTESIAN_POINT('',(39.865208875468,125.86479522701,
    7.159693887182));
#1166 = CARTESIAN_POINT('',(39.746763189596,126.3351934241,
    7.126385304797));
#1167 = CARTESIAN_POINT('',(39.73633016894,126.57669727903,
    7.099934311648));
#1168 = CARTESIAN_POINT('',(41.259651449789,124.79247185777,
    6.988654970588));
#1169 = CARTESIAN_POINT('',(41.007142585411,124.81515002004,
    7.028763075951));
#1170 = CARTESIAN_POINT('',(40.646480584292,124.94566954688,
    7.069752236779));
#1171 = CARTESIAN_POINT('',(40.157920107998,125.32531132283,
    7.099729338942));
#1172 = CARTESIAN_POINT('',(39.797472077877,125.83316083729,
    7.093099721134));
#1173 = CARTESIAN_POINT('',(39.67450860819,126.31913941966,
    7.046056656183));
#1174 = CARTESIAN_POINT('',(39.665090142469,126.56820578062,
    7.008957562035));
#1175 = CARTESIAN_POINT('',(41.254286366773,124.77369900578,
    6.949890109202));
#1176 = CARTESIAN_POINT('',(40.999245154828,124.79492392072,
    6.99371833977));
#1177 = CARTESIAN_POINT('',(40.633992838044,124.9263866038,
    7.037619890127));
#1178 = CARTESIAN_POINT('',(40.140083194008,125.30999335437,
    7.06818801369));
#1179 = CARTESIAN_POINT('',(39.776460737467,125.82325509492,
    7.058785937732));
#1180 = CARTESIAN_POINT('',(39.654580112259,126.31375908605,
    7.005960696297));
#1181 = CARTESIAN_POINT('',(39.647552469382,126.5640941207,
    6.964883343583));
#1182 = ADVANCED_FACE('',(#1183),#1211,.F.);
#1183 = FACE_BOUND('',#1184,.F.);
#1184 = EDGE_LOOP('',(#1185,#1194,#1203,#1210));
#1185 = ORIENTED_EDGE('',*,*,#1186,.F.);
#1186 = EDGE_CURVE('',#1187,#1106,#1189,.T.);
#1187 = VERTEX_POINT('',#1188);
#1188 = CARTESIAN_POINT('',(54.919458792287,125.02176049201,7.0881692332
    ));
#1189 = B_SPLINE_CURVE_WITH_KNOTS('',3,(#1190,#1191,#1192,#1193),
  .UNSPECIFIED.,.F.,.F.,(4,4),(0.,13.729148358003),
  .PIECEWISE_BEZIER_KNOTS.);
#1190 = CARTESIAN_POINT('',(54.919458792287,125.02176049201,7.0881692332
    ));
#1191 = CARTESIAN_POINT('',(50.397385669887,124.7754156403,
    6.581283395317));
#1192 = CARTESIAN_POINT('',(45.805329394898,124.7754156403,
    6.581283395318));
#1193 = CARTESIAN_POINT('',(41.283256272491,125.02176049202,
    7.088169233206));
#1194 = ORIENTED_EDGE('',*,*,#1195,.F.);
#1195 = EDGE_CURVE('',#1196,#1187,#1198,.T.);
#1196 = VERTEX_POINT('',#1197);
#1197 = CARTESIAN_POINT('',(54.948428698011,124.77369900578,
    6.949890109202));
#1198 = CIRCLE('',#1199,0.25);
#1199 = AXIS2_PLACEMENT_3D('',#1200,#1201,#1202);
#1200 = CARTESIAN_POINT('',(54.948428698004,124.99870316639,
    6.84092622663));
#1201 = DIRECTION('',(-0.992331167752,-5.38750820345E-02,-0.111248950752
    ));
#1202 = DIRECTION('',(2.127379522543E-11,-0.900016642467,0.435855530289)
  );
#1203 = ORIENTED_EDGE('',*,*,#1204,.F.);
#1204 = EDGE_CURVE('',#1120,#1196,#1205,.T.);
#1205 = B_SPLINE_CURVE_WITH_KNOTS('',3,(#1206,#1207,#1208,#1209),
  .UNSPECIFIED.,.F.,.F.,(4,4),(-13.729148358,0.),
  .PIECEWISE_BEZIER_KNOTS.);
#1206 = CARTESIAN_POINT('',(41.254286366773,124.77369900578,
    6.949890109204));
#1207 = CARTESIAN_POINT('',(45.795573640891,124.52714600788,
    6.440772326005));
#1208 = CARTESIAN_POINT('',(50.40714142389,124.52714600787,
    6.440772326006));
#1209 = CARTESIAN_POINT('',(54.948428698004,124.77369900578,6.9498901092
    ));
#1210 = ORIENTED_EDGE('',*,*,#1119,.T.);
#1211 = B_SPLINE_SURFACE_WITH_KNOTS('',3,3,(
    (#1212,#1213,#1214,#1215)
    ,(#1216,#1217,#1218,#1219)
    ,(#1220,#1221,#1222,#1223)
    ,(#1224,#1225,#1226,#1227)
    ,(#1228,#1229,#1230,#1231
  )),.UNSPECIFIED.,.F.,.F.,.F.,(4,1,4),(4,4),(0.,0.571428571429,1.),(0.,
    13.729148358003),.UNSPECIFIED.);
#1212 = CARTESIAN_POINT('',(54.919458792287,125.02176049201,7.0881692332
    ));
#1213 = CARTESIAN_POINT('',(50.397385669887,124.7754156403,
    6.581283395317));
#1214 = CARTESIAN_POINT('',(45.805329394898,124.7754156403,
    6.581283395318));
#1215 = CARTESIAN_POINT('',(41.283256272491,125.02176049202,
    7.088169233206));
#1216 = CARTESIAN_POINT('',(54.92194848424,124.9642193898,7.093827108384
    ));
#1217 = CARTESIAN_POINT('',(50.398263203668,124.71792686283,
    6.586547853392));
#1218 = CARTESIAN_POINT('',(45.804451861117,124.71792686283,
    6.586547853393));
#1219 = CARTESIAN_POINT('',(41.280766580538,124.96421938981,
    7.09382710839));
#1220 = CARTESIAN_POINT('',(54.93053732298,124.86054686633,
    7.067421406115));
#1221 = CARTESIAN_POINT('',(50.401139037,124.61432692636,6.559341033968)
  );
#1222 = CARTESIAN_POINT('',(45.801576027785,124.61432692637,
    6.559341033969));
#1223 = CARTESIAN_POINT('',(41.272177741801,124.86054686635,
    7.06742140612));
#1224 = CARTESIAN_POINT('',(54.943063614988,124.79247185777,
    6.988654970585));
#1225 = CARTESIAN_POINT('',(50.405339755576,124.54606064512,
    6.479828206525));
#1226 = CARTESIAN_POINT('',(45.797375309208,124.54606064512,
    6.479828206525));
#1227 = CARTESIAN_POINT('',(41.259651449789,124.79247185777,
    6.988654970589));
#1228 = CARTESIAN_POINT('',(54.948428698004,124.77369900578,6.9498901092
    ));
#1229 = CARTESIAN_POINT('',(50.40714142389,124.52714600787,
    6.440772326006));
#1230 = CARTESIAN_POINT('',(45.795573640891,124.52714600788,
    6.440772326005));
#1231 = CARTESIAN_POINT('',(41.254286366773,124.77369900578,
    6.949890109204));
#1232 = ADVANCED_FACE('',(#1233),#1273,.F.);
#1233 = FACE_BOUND('',#1234,.F.);
#1234 = EDGE_LOOP('',(#1235,#1250,#1259,#1272));
#1235 = ORIENTED_EDGE('',*,*,#1236,.F.);
#1236 = EDGE_CURVE('',#1237,#1129,#1239,.T.);
#1237 = VERTEX_POINT('',#1238);
#1238 = CARTESIAN_POINT('',(39.639297478836,137.19501111532,
    5.996498761941));
#1239 = B_SPLINE_CURVE_WITH_KNOTS('',3,(#1240,#1241,#1242,#1243,#1244,
    #1245,#1246,#1247,#1248,#1249),.UNSPECIFIED.,.F.,.F.,(4,1,1,1,1,1,1,
    4),(0.,0.762495214913,1.524990429826,3.049980859652,4.574971289478,
    7.624952149129,9.149942578955,10.674933008781),.UNSPECIFIED.);
#1240 = CARTESIAN_POINT('',(39.639297478836,137.19501111533,
    5.996498761942));
#1241 = CARTESIAN_POINT('',(39.639148206224,136.94095925494,
    6.019800031039));
#1242 = CARTESIAN_POINT('',(39.639626178876,136.43510254922,
    6.065849776501));
#1243 = CARTESIAN_POINT('',(39.640349508336,135.42232739445,
    6.157857110058));
#1244 = CARTESIAN_POINT('',(39.641519569668,134.15680901706,
    6.272741301691));
#1245 = CARTESIAN_POINT('',(39.64325507835,132.1317822027,6.456730868276
    ));
#1246 = CARTESIAN_POINT('',(39.645227487592,130.10655349157,
    6.641101546604));
#1247 = CARTESIAN_POINT('',(39.64671865198,128.08209303402,
    6.825821168622));
#1248 = CARTESIAN_POINT('',(39.647790939671,127.06892219258,
    6.918575534348));
#1249 = CARTESIAN_POINT('',(39.647552469385,126.5640941207,
    6.964883343583));
#1250 = ORIENTED_EDGE('',*,*,#1251,.F.);
#1251 = EDGE_CURVE('',#1252,#1237,#1254,.T.);
#1252 = VERTEX_POINT('',#1253);
#1253 = CARTESIAN_POINT('',(39.89738242462,137.207587241,6.130908788513)
  );
#1254 = CIRCLE('',#1255,0.25);
#1255 = AXIS2_PLACEMENT_3D('',#1256,#1257,#1258);
#1256 = CARTESIAN_POINT('',(39.862523982902,137.18460029622,
    5.884420473555));
#1257 = DIRECTION('',(1.722081582559E-04,-0.995681893106,
    9.283069581298E-02));
#1258 = DIRECTION('',(0.139433766868,9.194777912031E-02,0.985953259831)
  );
#1259 = ORIENTED_EDGE('',*,*,#1260,.F.);
#1260 = EDGE_CURVE('',#1108,#1252,#1261,.T.);
#1261 = B_SPLINE_CURVE_WITH_KNOTS('',3,(#1262,#1263,#1264,#1265,#1266,
    #1267,#1268,#1269,#1270,#1271),.UNSPECIFIED.,.F.,.F.,(4,1,1,1,1,1,1,
    4),(-10.67493300878,-9.149942578955,-7.624952149129,-4.574971289478,
    -3.049980859652,-1.524990429826,-0.762495214913,0.),.UNSPECIFIED.);
#1262 = CARTESIAN_POINT('',(39.914760185158,126.5785616053,
    7.119692853193));
#1263 = CARTESIAN_POINT('',(39.914697949342,127.08469639583,
    7.07250064562));
#1264 = CARTESIAN_POINT('',(39.913036369577,128.09698496362,
    6.978331386025));
#1265 = CARTESIAN_POINT('',(39.91005387147,130.12155744418,
    6.789945350864));
#1266 = CARTESIAN_POINT('',(39.906374982762,132.14613822785,
    6.601657061521));
#1267 = CARTESIAN_POINT('',(39.902667983031,134.17071912175,
    6.413373015705));
#1268 = CARTESIAN_POINT('',(39.900181800324,135.4360841785,
    6.295719347107));
#1269 = CARTESIAN_POINT('',(39.89839352827,136.44837386249,
    6.201568333911));
#1270 = CARTESIAN_POINT('',(39.897426008727,136.95451968372,
    6.154503134928));
#1271 = CARTESIAN_POINT('',(39.897382424617,137.207587241,6.130908788513
    ));
#1272 = ORIENTED_EDGE('',*,*,#1140,.T.);
#1273 = B_SPLINE_SURFACE_WITH_KNOTS('',3,3,(
    (#1274,#1275,#1276,#1277,#1278,#1279,#1280,#1281,#1282,#1283)
    ,(#1284,#1285,#1286,#1287,#1288,#1289,#1290,#1291,#1292,#1293)
    ,(#1294,#1295,#1296,#1297,#1298,#1299,#1300,#1301,#1302,#1303)
    ,(#1304,#1305,#1306,#1307,#1308,#1309,#1310,#1311,#1312,#1313)
    ,(#1314,#1315,#1316,#1317,#1318,#1319,#1320,#1321,#1322,#1323
  )),.UNSPECIFIED.,.F.,.F.,.F.,(4,1,4),(4,1,1,1,1,1,1,4),(0.,
    0.571428571429,1.),(0.,0.762495214913,1.524990429826,3.049980859652,
    4.574971289478,7.624952149129,9.149942578955,10.674933008781),
  .UNSPECIFIED.);
#1274 = CARTESIAN_POINT('',(39.639297478836,137.19501111533,
    5.996498761942));
#1275 = CARTESIAN_POINT('',(39.639148206224,136.94095925494,
    6.019800031039));
#1276 = CARTESIAN_POINT('',(39.639626178876,136.43510254922,
    6.065849776501));
#1277 = CARTESIAN_POINT('',(39.640349508336,135.42232739445,
    6.157857110058));
#1278 = CARTESIAN_POINT('',(39.641519569668,134.15680901706,
    6.272741301691));
#1279 = CARTESIAN_POINT('',(39.64325507835,132.1317822027,6.456730868276
    ));
#1280 = CARTESIAN_POINT('',(39.645227487592,130.10655349157,
    6.641101546604));
#1281 = CARTESIAN_POINT('',(39.64671865198,128.08209303402,
    6.825821168622));
#1282 = CARTESIAN_POINT('',(39.647790939671,127.06892219258,
    6.918575534348));
#1283 = CARTESIAN_POINT('',(39.647552469385,126.5640941207,
    6.964883343583));
#1284 = CARTESIAN_POINT('',(39.665961481052,137.19992449106,
    6.049149099652));
#1285 = CARTESIAN_POINT('',(39.665756571543,136.94595890226,
    6.072562551903));
#1286 = CARTESIAN_POINT('',(39.666095596866,136.44009909241,
    6.118917556515));
#1287 = CARTESIAN_POINT('',(39.666496807313,135.42740771614,
    6.211593237395));
#1288 = CARTESIAN_POINT('',(39.66725170899,134.16195628992,
    6.327320559412));
#1289 = CARTESIAN_POINT('',(39.668307018339,132.13705260512,
    6.512611320069));
#1290 = CARTESIAN_POINT('',(39.669642499961,130.11194410703,
    6.69814453261));
#1291 = CARTESIAN_POINT('',(39.670496007278,128.087554721,6.883935178324
    ));
#1292 = CARTESIAN_POINT('',(39.671314067309,127.07446629297,
    6.977111467634));
#1293 = CARTESIAN_POINT('',(39.670936033504,126.56957633393,
    7.023648968185));
#1294 = CARTESIAN_POINT('',(39.746769315672,137.20688271981,
    6.123631646271));
#1295 = CARTESIAN_POINT('',(39.746599594746,136.9532170687,
    6.147230650729));
#1296 = CARTESIAN_POINT('',(39.747020661194,136.44729530584,
    6.194142327797));
#1297 = CARTESIAN_POINT('',(39.747603565534,135.43479954762,
    6.288016730111));
#1298 = CARTESIAN_POINT('',(39.748563090623,134.1694596893,
    6.405288639988));
#1299 = CARTESIAN_POINT('',(39.749908125661,132.14479263655,
    6.592981507668));
#1300 = CARTESIAN_POINT('',(39.751434417984,130.11996990468,
    6.780734363147));
#1301 = CARTESIAN_POINT('',(39.752456422553,128.0956407354,
    6.968574542299));
#1302 = CARTESIAN_POINT('',(39.753316502993,127.08284357326,
    7.062575562085));
#1303 = CARTESIAN_POINT('',(39.752970847589,126.57759825886,
    7.10957525818));
#1304 = CARTESIAN_POINT('',(39.853400294807,137.20815460868,
    6.137075841337));
#1305 = CARTESIAN_POINT('',(39.853383543112,136.95491004157,
    6.160695630694));
#1306 = CARTESIAN_POINT('',(39.854195758689,136.44883699272,
    6.207775058849));
#1307 = CARTESIAN_POINT('',(39.855642558774,135.43649822373,
    6.301979072073));
#1308 = CARTESIAN_POINT('',(39.857695510655,134.17115672041,
    6.419689818439));
#1309 = CARTESIAN_POINT('',(39.860733505564,132.14657523232,
    6.608067157493));
#1310 = CARTESIAN_POINT('',(39.863800427964,130.12194472921,
    6.796439108216));
#1311 = CARTESIAN_POINT('',(39.866229206,128.0974668873,6.98489460455));
#1312 = CARTESIAN_POINT('',(39.867662702691,127.08503451089,
    7.079105436797));
#1313 = CARTESIAN_POINT('',(39.867610167159,126.5791708657,
    7.126289599461));
#1314 = CARTESIAN_POINT('',(39.897382424617,137.207587241,6.130908788513
    ));
#1315 = CARTESIAN_POINT('',(39.897426008727,136.95451968372,
    6.154503134928));
#1316 = CARTESIAN_POINT('',(39.89839352827,136.44837386249,
    6.201568333911));
#1317 = CARTESIAN_POINT('',(39.900181800324,135.4360841785,
    6.295719347107));
#1318 = CARTESIAN_POINT('',(39.902667983031,134.17071912175,
    6.413373015705));
#1319 = CARTESIAN_POINT('',(39.906374982762,132.14613822785,
    6.601657061521));
#1320 = CARTESIAN_POINT('',(39.91005387147,130.12155744418,
    6.789945350864));
#1321 = CARTESIAN_POINT('',(39.913036369577,128.09698496362,
    6.978331386025));
#1322 = CARTESIAN_POINT('',(39.914697949342,127.08469639583,
    7.07250064562));
#1323 = CARTESIAN_POINT('',(39.914760185158,126.5785616053,
    7.119692853193));
#1324 = ADVANCED_FACE('',(#1325),#1357,.F.);
#1325 = FACE_BOUND('',#1326,.F.);
#1326 = EDGE_LOOP('',(#1327,#1338,#1347,#1356));
#1327 = ORIENTED_EDGE('',*,*,#1328,.F.);
#1328 = EDGE_CURVE('',#1329,#1187,#1331,.T.);
#1329 = VERTEX_POINT('',#1330);
#1330 = CARTESIAN_POINT('',(56.287954879634,126.5785616053,
    7.119692853187));
#1331 = B_SPLINE_CURVE_WITH_KNOTS('',3,(#1332,#1333,#1334,#1335,#1336,
    #1337),.UNSPECIFIED.,.F.,.F.,(4,1,1,4),(0.,0.978127868474,
    1.630213114123,2.282298359772),.UNSPECIFIED.);
#1332 = CARTESIAN_POINT('',(56.287954879634,126.57856160531,
    7.119692853187));
#1333 = CARTESIAN_POINT('',(56.28791496162,126.2539270803,7.149961904389
    ));
#1334 = CARTESIAN_POINT('',(56.111765011956,125.71465642418,
    7.175009859377));
#1335 = CARTESIAN_POINT('',(55.555268255113,125.17552615708,
    7.150904556252));
#1336 = CARTESIAN_POINT('',(55.134241026859,125.03346098785,
    7.112244490275));
#1337 = CARTESIAN_POINT('',(54.919458792301,125.02176049202,
    7.088169233201));
#1338 = ORIENTED_EDGE('',*,*,#1339,.F.);
#1339 = EDGE_CURVE('',#1340,#1329,#1342,.T.);
#1340 = VERTEX_POINT('',#1341);
#1341 = CARTESIAN_POINT('',(56.555162595407,126.5640941207,
    6.964883343579));
#1342 = CIRCLE('',#1343,0.25);
#1343 = AXIS2_PLACEMENT_3D('',#1344,#1345,#1346);
#1344 = CARTESIAN_POINT('',(56.322739483774,126.55557369615,
    6.873194197313));
#1345 = DIRECTION('',(-1.229520910544E-04,-0.995681253001,
    9.283763948329E-02));
#1346 = DIRECTION('',(0.929692446543,3.408169822373E-02,0.366756585062)
  );
#1347 = ORIENTED_EDGE('',*,*,#1348,.F.);
#1348 = EDGE_CURVE('',#1196,#1340,#1349,.T.);
#1349 = B_SPLINE_CURVE_WITH_KNOTS('',3,(#1350,#1351,#1352,#1353,#1354,
    #1355),.UNSPECIFIED.,.F.,.F.,(4,1,1,4),(-2.282298359772,
    -1.630213114123,-0.978127868474,0.),.UNSPECIFIED.);
#1350 = CARTESIAN_POINT('',(54.948428698019,124.77369900578,
    6.949890109198));
#1351 = CARTESIAN_POINT('',(55.203469909964,124.79492392072,
    6.993718339766));
#1352 = CARTESIAN_POINT('',(55.691088767435,124.97085742557,
    7.052279035712));
#1353 = CARTESIAN_POINT('',(56.327657254271,125.58274391182,
    7.075501882716));
#1354 = CARTESIAN_POINT('',(56.544621131095,126.18859156873,
    7.026499372649));
#1355 = CARTESIAN_POINT('',(56.55516259541,126.5640941207,6.964883343579
    ));
#1356 = ORIENTED_EDGE('',*,*,#1195,.T.);
#1357 = B_SPLINE_SURFACE_WITH_KNOTS('',3,3,(
    (#1358,#1359,#1360,#1361,#1362,#1363)
    ,(#1364,#1365,#1366,#1367,#1368,#1369)
    ,(#1370,#1371,#1372,#1373,#1374,#1375)
    ,(#1376,#1377,#1378,#1379,#1380,#1381)
    ,(#1382,#1383,#1384,#1385,#1386,#1387
    )),.UNSPECIFIED.,.F.,.F.,.F.,(4,1,4),(4,1,1,4),(0.,0.571428571429,1.
    ),(0.,0.978127868474,1.630213114123,2.282298359772),.UNSPECIFIED.);
#1358 = CARTESIAN_POINT('',(56.287954879634,126.57856160531,
    7.119692853187));
#1359 = CARTESIAN_POINT('',(56.28791496162,126.2539270803,7.149961904389
    ));
#1360 = CARTESIAN_POINT('',(56.111765011956,125.71465642418,
    7.175009859377));
#1361 = CARTESIAN_POINT('',(55.555268255113,125.17552615708,
    7.150904556252));
#1362 = CARTESIAN_POINT('',(55.134241026859,125.03346098785,
    7.112244490275));
#1363 = CARTESIAN_POINT('',(54.919458792301,125.02176049202,
    7.088169233201));
#1364 = CARTESIAN_POINT('',(56.350821570297,126.57937395251,
    7.12848851488));
#1365 = CARTESIAN_POINT('',(56.345364761764,126.24069130582,
    7.159160194607));
#1366 = CARTESIAN_POINT('',(56.15817094221,125.68638848805,
    7.183855864996));
#1367 = CARTESIAN_POINT('',(55.583098453237,125.13050609199,
    7.158455283604));
#1368 = CARTESIAN_POINT('',(55.146920223808,124.97967382245,
    7.118691180354));
#1369 = CARTESIAN_POINT('',(54.921948484254,124.96421938981,
    7.093827108385));
#1370 = CARTESIAN_POINT('',(56.466384895848,126.57669727905,
    7.099934311644));
#1371 = CARTESIAN_POINT('',(56.45073536487,126.21444149668,7.13961080137
    ));
#1372 = CARTESIAN_POINT('',(56.243282349376,125.63422940818,
    7.169589179433));
#1373 = CARTESIAN_POINT('',(55.635372158606,125.04927714612,
    7.143535815838));
#1374 = CARTESIAN_POINT('',(55.172856396537,124.88278619715,
    7.098032121191));
#1375 = CARTESIAN_POINT('',(54.930537322995,124.86054686633,
    7.067421406117));
#1376 = CARTESIAN_POINT('',(56.537624922323,126.56820578062,
    7.00895756203));
#1377 = CARTESIAN_POINT('',(56.523497223745,126.19460623919,
    7.064606203253));
#1378 = CARTESIAN_POINT('',(56.307173492951,125.59517920645,
    7.107700251673));
#1379 = CARTESIAN_POINT('',(55.677060909016,124.98971370234,
    7.083488684419));
#1380 = CARTESIAN_POINT('',(55.195572479381,124.81515002004,
    7.028763075947));
#1381 = CARTESIAN_POINT('',(54.943063615003,124.79247185777,
    6.988654970584));
#1382 = CARTESIAN_POINT('',(56.55516259541,126.5640941207,6.964883343579
    ));
#1383 = CARTESIAN_POINT('',(56.544621131095,126.18859156873,
    7.026499372649));
#1384 = CARTESIAN_POINT('',(56.327657254271,125.58274391182,
    7.075501882716));
#1385 = CARTESIAN_POINT('',(55.691088767435,124.97085742557,
    7.052279035712));
#1386 = CARTESIAN_POINT('',(55.203469909964,124.79492392072,
    6.993718339766));
#1387 = CARTESIAN_POINT('',(54.948428698019,124.77369900578,
    6.949890109198));
#1388 = ADVANCED_FACE('',(#1389),#1423,.F.);
#1389 = FACE_BOUND('',#1390,.F.);
#1390 = EDGE_LOOP('',(#1391,#1403,#1404,#1416));
#1391 = ORIENTED_EDGE('',*,*,#1392,.F.);
#1392 = EDGE_CURVE('',#1252,#1393,#1395,.T.);
#1393 = VERTEX_POINT('',#1394);
#1394 = CARTESIAN_POINT('',(41.197895282996,138.6922895897,
    5.823351870417));
#1395 = B_SPLINE_CURVE_WITH_KNOTS('',3,(#1396,#1397,#1398,#1399,#1400,
    #1401,#1402),.UNSPECIFIED.,.F.,.F.,(4,1,1,1,4),(0.,0.945163821275,
    1.575273035458,1.890327642549,2.205382249641),.UNSPECIFIED.);
#1396 = CARTESIAN_POINT('',(39.897382424617,137.20758724101,
    6.130908788513));
#1397 = CARTESIAN_POINT('',(39.897328399194,137.52128140562,
    6.101662017935));
#1398 = CARTESIAN_POINT('',(40.055128895339,138.04060290287,
    6.030541770572));
#1399 = CARTESIAN_POINT('',(40.506969468272,138.48668566221,
    5.928150056678));
#1400 = CARTESIAN_POINT('',(40.887478513148,138.65831329533,
    5.86393121689));
#1401 = CARTESIAN_POINT('',(41.094067441187,138.69119339506,
    5.835774217463));
#1402 = CARTESIAN_POINT('',(41.197895282996,138.6922895897,
    5.823351870418));
#1403 = ORIENTED_EDGE('',*,*,#1251,.T.);
#1404 = ORIENTED_EDGE('',*,*,#1405,.F.);
#1405 = EDGE_CURVE('',#1406,#1237,#1408,.T.);
#1406 = VERTEX_POINT('',#1407);
#1407 = CARTESIAN_POINT('',(41.168562681018,138.91828489262,
    5.597940198259));
#1408 = B_SPLINE_CURVE_WITH_KNOTS('',3,(#1409,#1410,#1411,#1412,#1413,
    #1414,#1415),.UNSPECIFIED.,.F.,.F.,(4,1,1,1,4),(-2.205382249641,
    -1.890327642549,-1.575273035458,-0.945163821275,0.),.UNSPECIFIED.);
#1409 = CARTESIAN_POINT('',(41.168562681018,138.91828489262,
    5.59794019826));
#1410 = CARTESIAN_POINT('',(41.042219982839,138.91575614138,
    5.626843957146));
#1411 = CARTESIAN_POINT('',(40.794357723596,138.87145928534,
    5.682921137251));
#1412 = CARTESIAN_POINT('',(40.35025887017,138.66117768672,
    5.783652893592));
#1413 = CARTESIAN_POINT('',(39.835713036173,138.14476390128,
    5.910408759558));
#1414 = CARTESIAN_POINT('',(39.6477177991,137.55846183052,5.979509021827
    ));
#1415 = CARTESIAN_POINT('',(39.639297478836,137.19501111532,
    5.996498761942));
#1416 = ORIENTED_EDGE('',*,*,#1417,.F.);
#1417 = EDGE_CURVE('',#1393,#1406,#1418,.T.);
#1418 = CIRCLE('',#1419,0.25);
#1419 = AXIS2_PLACEMENT_3D('',#1420,#1421,#1422);
#1420 = CARTESIAN_POINT('',(41.168562681018,138.66923621809,
    5.576151262573));
#1421 = DIRECTION('',(-0.992866006256,-1.039205460299E-02,0.118781727645
    ));
#1422 = DIRECTION('',(0.117330407908,9.221348643801E-02,0.988802431378)
  );
#1423 = B_SPLINE_SURFACE_WITH_KNOTS('',3,3,(
    (#1424,#1425,#1426,#1427,#1428,#1429,#1430)
    ,(#1431,#1432,#1433,#1434,#1435,#1436,#1437)
    ,(#1438,#1439,#1440,#1441,#1442,#1443,#1444)
    ,(#1445,#1446,#1447,#1448,#1449,#1450,#1451)
    ,(#1452,#1453,#1454,#1455,#1456,#1457,#1458
  )),.UNSPECIFIED.,.F.,.F.,.F.,(4,1,4),(4,1,1,1,4),(0.,0.571428571429,1.
    ),(0.,0.945163821275,1.575273035458,1.890327642549,2.205382249641),
  .UNSPECIFIED.);
#1424 = CARTESIAN_POINT('',(39.897382424617,137.20758724101,
    6.130908788513));
#1425 = CARTESIAN_POINT('',(39.897328399194,137.52128140562,
    6.101662017935));
#1426 = CARTESIAN_POINT('',(40.055128895339,138.04060290287,
    6.030541770572));
#1427 = CARTESIAN_POINT('',(40.506969468272,138.48668566221,
    5.928150056678));
#1428 = CARTESIAN_POINT('',(40.887478513148,138.65831329533,
    5.86393121689));
#1429 = CARTESIAN_POINT('',(41.094067441187,138.69119339506,
    5.835774217463));
#1430 = CARTESIAN_POINT('',(41.197895282996,138.6922895897,
    5.823351870418));
#1431 = CARTESIAN_POINT('',(39.83873958487,137.20834373124,
    6.139131525613));
#1432 = CARTESIAN_POINT('',(39.842257425567,137.53406138867,
    6.10817948341));
#1433 = CARTESIAN_POINT('',(40.007835959914,138.06811099502,
    6.034271698232));
#1434 = CARTESIAN_POINT('',(40.473790341799,138.53146664026,
    5.928044569539));
#1435 = CARTESIAN_POINT('',(40.869150528852,138.71542302443,
    5.860694091364));
#1436 = CARTESIAN_POINT('',(41.086281685835,138.75446896532,
    5.830720716967));
#1437 = CARTESIAN_POINT('',(41.196488308378,138.75827978251,
    5.817364724092));
#1438 = CARTESIAN_POINT('',(39.731192322368,137.20612650476,
    6.115549543986));
#1439 = CARTESIAN_POINT('',(39.741441604958,137.55320047199,
    6.086669870789));
#1440 = CARTESIAN_POINT('',(39.921240646523,138.11360967758,
    6.011436472245));
#1441 = CARTESIAN_POINT('',(40.411845766535,138.60693294628,
    5.896586735353));
#1442 = CARTESIAN_POINT('',(40.832588534828,138.81161893551,
    5.817330520922));
#1443 = CARTESIAN_POINT('',(41.06750047571,138.86059843325,
    5.778031677086));
#1444 = CARTESIAN_POINT('',(41.188334938946,138.86850315966,
    5.758856095477));
#1445 = CARTESIAN_POINT('',(39.659295480498,137.19869614711,
    6.035986515225));
#1446 = CARTESIAN_POINT('',(39.669514010264,137.55889397543,
    6.015382587395));
#1447 = CARTESIAN_POINT('',(39.856416803694,138.13878161379,
    5.944097315396));
#1448 = CARTESIAN_POINT('',(40.365080661155,138.65044141015,
    5.820519289034));
#1449 = CARTESIAN_POINT('',(40.803581788947,138.8614591662,5.72555536235
    ));
#1450 = CARTESIAN_POINT('',(41.04884613393,138.90889428454,
    5.673737204731));
#1451 = CARTESIAN_POINT('',(41.174489533187,138.91398353716,
    5.647104916076));
#1452 = CARTESIAN_POINT('',(39.639297478836,137.19501111532,
    5.996498761942));
#1453 = CARTESIAN_POINT('',(39.6477177991,137.55846183052,5.979509021827
    ));
#1454 = CARTESIAN_POINT('',(39.835713036173,138.14476390128,
    5.910408759558));
#1455 = CARTESIAN_POINT('',(40.35025887017,138.66117768672,
    5.783652893592));
#1456 = CARTESIAN_POINT('',(40.794357723596,138.87145928534,
    5.682921137251));
#1457 = CARTESIAN_POINT('',(41.042219982839,138.91575614138,
    5.626843957146));
#1458 = CARTESIAN_POINT('',(41.168562681018,138.91828489262,
    5.59794019826));
#1459 = ADVANCED_FACE('',(#1460),#1500,.F.);
#1460 = FACE_BOUND('',#1461,.F.);
#1461 = EDGE_LOOP('',(#1462,#1477,#1478,#1493));
#1462 = ORIENTED_EDGE('',*,*,#1463,.F.);
#1463 = EDGE_CURVE('',#1340,#1464,#1466,.T.);
#1464 = VERTEX_POINT('',#1465);
#1465 = CARTESIAN_POINT('',(56.563417585956,137.19501111532,
    5.996498761936));
#1466 = B_SPLINE_CURVE_WITH_KNOTS('',3,(#1467,#1468,#1469,#1470,#1471,
    #1472,#1473,#1474,#1475,#1476),.UNSPECIFIED.,.F.,.F.,(4,1,1,1,1,1,1,
    4),(2.70946571667E-14,1.524990429826,3.049980859652,4.574971289478,
    7.62495214913,9.149942578956,9.912437793869,10.674933008782),
  .UNSPECIFIED.);
#1467 = CARTESIAN_POINT('',(56.555162595407,126.5640941207,
    6.964883343579));
#1468 = CARTESIAN_POINT('',(56.554924125121,127.06892219258,
    6.918575534343));
#1469 = CARTESIAN_POINT('',(56.556013716614,128.08213509637,
    6.825814186969));
#1470 = CARTESIAN_POINT('',(56.557096680317,129.60039390741,
    6.687288562292));
#1471 = CARTESIAN_POINT('',(56.558961866973,131.62552654892,
    6.502783018389));
#1472 = CARTESIAN_POINT('',(56.560743767161,133.65056746197,
    6.318698027245));
#1473 = CARTESIAN_POINT('',(56.562363415771,135.42233799128,
    6.157855845616));
#1474 = CARTESIAN_POINT('',(56.563090488882,136.43509923425,
    6.06585010235));
#1475 = CARTESIAN_POINT('',(56.563566858571,136.94095925492,
    6.019800031034));
#1476 = CARTESIAN_POINT('',(56.563417585959,137.19501111532,
    5.996498761936));
#1477 = ORIENTED_EDGE('',*,*,#1339,.T.);
#1478 = ORIENTED_EDGE('',*,*,#1479,.F.);
#1479 = EDGE_CURVE('',#1480,#1329,#1482,.T.);
#1480 = VERTEX_POINT('',#1481);
#1481 = CARTESIAN_POINT('',(56.305332640175,137.207587241,6.130908788508
    ));
#1482 = B_SPLINE_CURVE_WITH_KNOTS('',3,(#1483,#1484,#1485,#1486,#1487,
    #1488,#1489,#1490,#1491,#1492),.UNSPECIFIED.,.F.,.F.,(4,1,1,1,1,1,1,
    4),(-10.67493300878,-9.912437793869,-9.149942578956,-7.62495214913,
    -4.574971289478,-3.049980859652,-1.524990429826,-2.70946571667E-14),
  .UNSPECIFIED.);
#1483 = CARTESIAN_POINT('',(56.305332640175,137.207587241,6.13090878851)
  );
#1484 = CARTESIAN_POINT('',(56.305289056065,136.95451968372,
    6.154503134926));
#1485 = CARTESIAN_POINT('',(56.304323038239,136.44837388069,
    6.201568544444));
#1486 = CARTESIAN_POINT('',(56.302531171095,135.43608415334,
    6.295719053331));
#1487 = CARTESIAN_POINT('',(56.299067757758,133.66457328285,
    6.460436607059));
#1488 = CARTESIAN_POINT('',(56.295395019886,131.63999274207,
    6.648725561921));
#1489 = CARTESIAN_POINT('',(56.291899700951,129.61541412687,
    6.837039639113));
#1490 = CARTESIAN_POINT('',(56.289693772382,128.09698515169,
    6.978333495869));
#1491 = CARTESIAN_POINT('',(56.288017115447,127.08469639583,
    7.072500645614));
#1492 = CARTESIAN_POINT('',(56.28795487963,126.5785616053,7.119692853187
    ));
#1493 = ORIENTED_EDGE('',*,*,#1494,.F.);
#1494 = EDGE_CURVE('',#1464,#1480,#1495,.T.);
#1495 = CIRCLE('',#1496,0.25);
#1496 = AXIS2_PLACEMENT_3D('',#1497,#1498,#1499);
#1497 = CARTESIAN_POINT('',(56.34019108189,137.18460029622,5.88442047355
    ));
#1498 = DIRECTION('',(-1.722081582521E-04,-0.995681893106,
    9.283069581298E-02));
#1499 = DIRECTION('',(0.89290601627,4.164327640389E-02,0.448313153543));
#1500 = B_SPLINE_SURFACE_WITH_KNOTS('',3,3,(
    (#1501,#1502,#1503,#1504,#1505,#1506,#1507,#1508,#1509,#1510)
    ,(#1511,#1512,#1513,#1514,#1515,#1516,#1517,#1518,#1519,#1520)
    ,(#1521,#1522,#1523,#1524,#1525,#1526,#1527,#1528,#1529,#1530)
    ,(#1531,#1532,#1533,#1534,#1535,#1536,#1537,#1538,#1539,#1540)
    ,(#1541,#1542,#1543,#1544,#1545,#1546,#1547,#1548,#1549,#1550
  )),.UNSPECIFIED.,.F.,.F.,.F.,(4,1,4),(4,1,1,1,1,1,1,4),(0.,
    0.571428571429,1.),(2.70946571667E-14,1.524990429826,3.049980859652,
    4.574971289478,7.62495214913,9.149942578956,9.912437793869,
    10.674933008782),.UNSPECIFIED.);
#1501 = CARTESIAN_POINT('',(56.555162595407,126.5640941207,
    6.964883343579));
#1502 = CARTESIAN_POINT('',(56.554924125121,127.06892219258,
    6.918575534343));
#1503 = CARTESIAN_POINT('',(56.556013716614,128.08213509637,
    6.825814186969));
#1504 = CARTESIAN_POINT('',(56.557096680317,129.60039390741,
    6.687288562292));
#1505 = CARTESIAN_POINT('',(56.558961866973,131.62552654892,
    6.502783018389));
#1506 = CARTESIAN_POINT('',(56.560743767161,133.65056746197,
    6.318698027245));
#1507 = CARTESIAN_POINT('',(56.562363415771,135.42233799128,
    6.157855845616));
#1508 = CARTESIAN_POINT('',(56.563090488882,136.43509923425,
    6.06585010235));
#1509 = CARTESIAN_POINT('',(56.563566858571,136.94095925492,
    6.019800031034));
#1510 = CARTESIAN_POINT('',(56.563417585959,137.19501111532,
    5.996498761936));
#1511 = CARTESIAN_POINT('',(56.531779031287,126.56957633393,
    7.023648968181));
#1512 = CARTESIAN_POINT('',(56.531400997483,127.07446629297,
    6.97711146763));
#1513 = CARTESIAN_POINT('',(56.53223801859,128.08759446875,
    6.883930384328));
#1514 = CARTESIAN_POINT('',(56.532839679818,129.60580476818,
    6.744597234656));
#1515 = CARTESIAN_POINT('',(56.534061915194,131.63082357899,
    6.558959651568));
#1516 = CARTESIAN_POINT('',(56.535178650171,133.65574452248,
    6.373615317819));
#1517 = CARTESIAN_POINT('',(56.536216166991,135.42741749688,
    6.211592056813));
#1518 = CARTESIAN_POINT('',(56.53662111393,136.44009606638,6.11891792625
    ));
#1519 = CARTESIAN_POINT('',(56.536958493252,136.94595890225,
    6.072562551899));
#1520 = CARTESIAN_POINT('',(56.536753583743,137.19992449105,
    6.049149099648));
#1521 = CARTESIAN_POINT('',(56.449744217196,126.57759825886,
    7.109575258178));
#1522 = CARTESIAN_POINT('',(56.449398561792,127.08284357326,
    7.062575562082));
#1523 = CARTESIAN_POINT('',(56.450276383151,128.09566857811,
    6.968573287789));
#1524 = CARTESIAN_POINT('',(56.451006546857,129.61385819898,
    6.827695668206));
#1525 = CARTESIAN_POINT('',(56.452420736594,131.63862130543,
    6.639910287165));
#1526 = CARTESIAN_POINT('',(56.453784457291,133.66330281346,
    6.452201152719));
#1527 = CARTESIAN_POINT('',(56.455109377985,135.43480619932,
    6.28801580345));
#1528 = CARTESIAN_POINT('',(56.455696012461,136.44729327699,
    6.19414270483));
#1529 = CARTESIAN_POINT('',(56.456115470035,136.95321706871,
    6.147230650728));
#1530 = CARTESIAN_POINT('',(56.455945749109,137.20688271982,
    6.12363164627));
#1531 = CARTESIAN_POINT('',(56.335104897629,126.5791708657,
    7.126289599457));
#1532 = CARTESIAN_POINT('',(56.335052362097,127.0850345109,
    7.079105436793));
#1533 = CARTESIAN_POINT('',(56.336501588303,128.09747541221,
    6.984896250374));
#1534 = CARTESIAN_POINT('',(56.338290870772,129.61581627321,
    6.843551329775));
#1535 = CARTESIAN_POINT('',(56.34119668616,131.64042761028,
    6.655153876443));
#1536 = CARTESIAN_POINT('',(56.344213765737,133.66501400298,
    6.466777041648));
#1537 = CARTESIAN_POINT('',(56.347070399563,135.4365002006,
    6.301978599331));
#1538 = CARTESIAN_POINT('',(56.348520836069,136.44883639889,
    6.207775335681));
#1539 = CARTESIAN_POINT('',(56.34933152168,136.95491004156,
    6.160695630693));
#1540 = CARTESIAN_POINT('',(56.349314769985,137.20815460868,
    6.137075841335));
#1541 = CARTESIAN_POINT('',(56.28795487963,126.5785616053,7.119692853187
    ));
#1542 = CARTESIAN_POINT('',(56.288017115447,127.08469639583,
    7.072500645614));
#1543 = CARTESIAN_POINT('',(56.289693772382,128.09698515169,
    6.978333495869));
#1544 = CARTESIAN_POINT('',(56.291899700951,129.61541412687,
    6.837039639113));
#1545 = CARTESIAN_POINT('',(56.295395019886,131.63999274207,
    6.648725561921));
#1546 = CARTESIAN_POINT('',(56.299067757758,133.66457328285,
    6.460436607059));
#1547 = CARTESIAN_POINT('',(56.302531171095,135.43608415334,
    6.295719053331));
#1548 = CARTESIAN_POINT('',(56.304323038239,136.44837388069,
    6.201568544444));
#1549 = CARTESIAN_POINT('',(56.305289056065,136.95451968372,
    6.154503134926));
#1550 = CARTESIAN_POINT('',(56.305332640175,137.207587241,6.13090878851)
  );
#1551 = ADVANCED_FACE('',(#1552),#1580,.F.);
#1552 = FACE_BOUND('',#1553,.F.);
#1553 = EDGE_LOOP('',(#1554,#1563,#1564,#1573));
#1554 = ORIENTED_EDGE('',*,*,#1555,.F.);
#1555 = EDGE_CURVE('',#1393,#1556,#1558,.T.);
#1556 = VERTEX_POINT('',#1557);
#1557 = CARTESIAN_POINT('',(55.004819781796,138.6922895897,
    5.823351870413));
#1558 = B_SPLINE_CURVE_WITH_KNOTS('',3,(#1559,#1560,#1561,#1562),
  .UNSPECIFIED.,.F.,.F.,(4,4),(0.,13.898562046155),
  .PIECEWISE_BEZIER_KNOTS.);
#1559 = CARTESIAN_POINT('',(41.197895282996,138.69228958971,
    5.823351870417));
#1560 = CARTESIAN_POINT('',(45.7782368144,138.74064796596,5.275342867289
    ));
#1561 = CARTESIAN_POINT('',(50.424478250392,138.74064796595,
    5.275342867287));
#1562 = CARTESIAN_POINT('',(55.004819781796,138.6922895897,
    5.823351870413));
#1563 = ORIENTED_EDGE('',*,*,#1417,.T.);
#1564 = ORIENTED_EDGE('',*,*,#1565,.F.);
#1565 = EDGE_CURVE('',#1566,#1406,#1568,.T.);
#1566 = VERTEX_POINT('',#1567);
#1567 = CARTESIAN_POINT('',(55.034152383774,138.91828489262,
    5.597940198255));
#1568 = B_SPLINE_CURVE_WITH_KNOTS('',3,(#1569,#1570,#1571,#1572),
  .UNSPECIFIED.,.F.,.F.,(4,4),(-13.89856204615,0.),
  .PIECEWISE_BEZIER_KNOTS.);
#1569 = CARTESIAN_POINT('',(55.034152383774,138.91828489262,
    5.597940198255));
#1570 = CARTESIAN_POINT('',(50.434349119954,138.96642976451,
    5.047641794385));
#1571 = CARTESIAN_POINT('',(45.768365944838,138.96642976452,
    5.047641794387));
#1572 = CARTESIAN_POINT('',(41.168562681018,138.91828489262,
    5.597940198259));
#1573 = ORIENTED_EDGE('',*,*,#1574,.F.);
#1574 = EDGE_CURVE('',#1556,#1566,#1575,.T.);
#1575 = CIRCLE('',#1576,0.25);
#1576 = AXIS2_PLACEMENT_3D('',#1577,#1578,#1579);
#1577 = CARTESIAN_POINT('',(55.034152383774,138.66923621809,
    5.576151262569));
#1578 = DIRECTION('',(-0.992866006256,1.039205460277E-02,-0.118781727644
    ));
#1579 = DIRECTION('',(-0.117330407908,9.221348643802E-02,0.988802431378)
  );
#1580 = B_SPLINE_SURFACE_WITH_KNOTS('',3,3,(
    (#1581,#1582,#1583,#1584)
    ,(#1585,#1586,#1587,#1588)
    ,(#1589,#1590,#1591,#1592)
    ,(#1593,#1594,#1595,#1596)
    ,(#1597,#1598,#1599,#1600
  )),.UNSPECIFIED.,.F.,.F.,.F.,(4,1,4),(4,4),(0.,0.571428571429,1.),(0.,
    13.898562046155),.UNSPECIFIED.);
#1581 = CARTESIAN_POINT('',(41.197895282996,138.69228958971,
    5.823351870417));
#1582 = CARTESIAN_POINT('',(45.7782368144,138.74064796596,5.275342867289
    ));
#1583 = CARTESIAN_POINT('',(50.424478250392,138.74064796595,
    5.275342867287));
#1584 = CARTESIAN_POINT('',(55.004819781796,138.6922895897,
    5.823351870413));
#1585 = CARTESIAN_POINT('',(41.196488308378,138.75827978252,
    5.817364724091));
#1586 = CARTESIAN_POINT('',(45.777714227959,138.80655735526,
    5.269143282564));
#1587 = CARTESIAN_POINT('',(50.425000836833,138.80655735525,
    5.269143282562));
#1588 = CARTESIAN_POINT('',(55.006226756413,138.75827978251,
    5.817364724087));
#1589 = CARTESIAN_POINT('',(41.188334938946,138.86850315966,
    5.758856095477));
#1590 = CARTESIAN_POINT('',(45.775010426551,138.91661645341,
    5.209935774571));
#1591 = CARTESIAN_POINT('',(50.427704638241,138.91661645341,
    5.209935774569));
#1592 = CARTESIAN_POINT('',(55.014380125845,138.86850315966,
    5.758856095473));
#1593 = CARTESIAN_POINT('',(41.174489533187,138.91398353717,
    5.647104916075));
#1594 = CARTESIAN_POINT('',(45.770361623778,138.96209184477,
    5.09721716075));
#1595 = CARTESIAN_POINT('',(50.432353441014,138.96209184476,
    5.097217160749));
#1596 = CARTESIAN_POINT('',(55.028225531605,138.91398353716,
    5.647104916071));
#1597 = CARTESIAN_POINT('',(41.168562681018,138.91828489262,
    5.597940198259));
#1598 = CARTESIAN_POINT('',(45.768365944838,138.96642976452,
    5.047641794387));
#1599 = CARTESIAN_POINT('',(50.434349119954,138.96642976451,
    5.047641794385));
#1600 = CARTESIAN_POINT('',(55.034152383774,138.91828489262,
    5.597940198255));
#1601 = ADVANCED_FACE('',(#1602),#1626,.F.);
#1602 = FACE_BOUND('',#1603,.F.);
#1603 = EDGE_LOOP('',(#1604,#1614,#1615,#1625));
#1604 = ORIENTED_EDGE('',*,*,#1605,.F.);
#1605 = EDGE_CURVE('',#1556,#1480,#1606,.T.);
#1606 = B_SPLINE_CURVE_WITH_KNOTS('',3,(#1607,#1608,#1609,#1610,#1611,
    #1612,#1613),.UNSPECIFIED.,.F.,.F.,(4,1,1,1,4),(5.628733356939E-14,
    0.315056258146,0.630112516291,1.260225032582,2.205393807019),
  .UNSPECIFIED.);
#1607 = CARTESIAN_POINT('',(55.004819781796,138.6922895897,
    5.823351870413));
#1608 = CARTESIAN_POINT('',(55.108648167723,138.69119338932,
    5.835774282558));
#1609 = CARTESIAN_POINT('',(55.315232199257,138.65831528109,
    5.863930489451));
#1610 = CARTESIAN_POINT('',(55.695752153821,138.48668508156,
    5.92815092369));
#1611 = CARTESIAN_POINT('',(56.147588987351,138.04059943011,
    6.030542508909));
#1612 = CARTESIAN_POINT('',(56.305386665881,137.52128304953,
    6.101661864663));
#1613 = CARTESIAN_POINT('',(56.305332640175,137.20758724101,
    6.130908788508));
#1614 = ORIENTED_EDGE('',*,*,#1574,.T.);
#1615 = ORIENTED_EDGE('',*,*,#1616,.F.);
#1616 = EDGE_CURVE('',#1464,#1566,#1617,.T.);
#1617 = B_SPLINE_CURVE_WITH_KNOTS('',3,(#1618,#1619,#1620,#1621,#1622,
    #1623,#1624),.UNSPECIFIED.,.F.,.F.,(4,1,1,1,4),(-2.205393807019,
    -1.260225032582,-0.630112516291,-0.315056258146,-5.628733356939E-14)
  ,.UNSPECIFIED.);
#1618 = CARTESIAN_POINT('',(56.563417585956,137.19501111532,
    5.996498761937));
#1619 = CARTESIAN_POINT('',(56.554997221563,137.55846373518,
    5.979508932788));
#1620 = CARTESIAN_POINT('',(56.367005103199,138.14476008105,
    5.910409575853));
#1621 = CARTESIAN_POINT('',(55.852463905809,138.66117680188,
    5.783654560326));
#1622 = CARTESIAN_POINT('',(55.408352196453,138.8714617346,
    5.682919953565));
#1623 = CARTESIAN_POINT('',(55.160495744061,138.91575612813,
    5.626844108614));
#1624 = CARTESIAN_POINT('',(55.034152383774,138.91828489262,
    5.597940198255));
#1625 = ORIENTED_EDGE('',*,*,#1494,.T.);
#1626 = B_SPLINE_SURFACE_WITH_KNOTS('',3,3,(
    (#1627,#1628,#1629,#1630,#1631,#1632,#1633)
    ,(#1634,#1635,#1636,#1637,#1638,#1639,#1640)
    ,(#1641,#1642,#1643,#1644,#1645,#1646,#1647)
    ,(#1648,#1649,#1650,#1651,#1652,#1653,#1654)
    ,(#1655,#1656,#1657,#1658,#1659,#1660,#1661
  )),.UNSPECIFIED.,.F.,.F.,.F.,(4,1,4),(4,1,1,1,4),(0.,0.571428571429,1.
    ),(5.628733356939E-14,0.315056258146,0.630112516291,1.260225032582,
    2.205393807019),.UNSPECIFIED.);
#1627 = CARTESIAN_POINT('',(55.004819781796,138.6922895897,
    5.823351870413));
#1628 = CARTESIAN_POINT('',(55.108648167723,138.69119338932,
    5.835774282558));
#1629 = CARTESIAN_POINT('',(55.315232199257,138.65831528109,
    5.863930489451));
#1630 = CARTESIAN_POINT('',(55.695752153821,138.48668508156,
    5.92815092369));
#1631 = CARTESIAN_POINT('',(56.147588987351,138.04059943011,
    6.030542508909));
#1632 = CARTESIAN_POINT('',(56.305386665881,137.52128304953,
    6.101661864663));
#1633 = CARTESIAN_POINT('',(56.305332640175,137.20758724101,
    6.130908788508));
#1634 = CARTESIAN_POINT('',(55.006226756413,138.75827978251,
    5.817364724088));
#1635 = CARTESIAN_POINT('',(55.116433956504,138.75446894535,
    5.830720786956));
#1636 = CARTESIAN_POINT('',(55.333559990289,138.71542517003,
    5.860693324558));
#1637 = CARTESIAN_POINT('',(55.728931559777,138.53146590423,
    5.928045484646));
#1638 = CARTESIAN_POINT('',(56.194881965657,138.06810746758,
    6.034272451652));
#1639 = CARTESIAN_POINT('',(56.360457620791,137.53406309559,
    6.108179321201));
#1640 = CARTESIAN_POINT('',(56.363975479922,137.20834373124,
    6.139131525608));
#1641 = CARTESIAN_POINT('',(55.014380125845,138.86850315966,
    5.758856095474));
#1642 = CARTESIAN_POINT('',(55.135215222326,138.86059839183,
    5.778031777574));
#1643 = CARTESIAN_POINT('',(55.370121655091,138.81162134788,
    5.817329601194));
#1644 = CARTESIAN_POINT('',(55.790876605144,138.60693196245,
    5.896587908016));
#1645 = CARTESIAN_POINT('',(56.281477355838,138.11360605258,
    6.011437251563));
#1646 = CARTESIAN_POINT('',(56.461273406127,137.55320229082,
    6.086669719442));
#1647 = CARTESIAN_POINT('',(56.471522742428,137.20612650475,
    6.115549543983));
#1648 = CARTESIAN_POINT('',(55.028225531605,138.91398353716,
    5.647104916071));
#1649 = CARTESIAN_POINT('',(55.153869589307,138.90889425788,
    5.673737344295));
#1650 = CARTESIAN_POINT('',(55.399128190358,138.86146163878,
    5.72555424759));
#1651 = CARTESIAN_POINT('',(55.837642021506,138.65044045337,
    5.82052082553));
#1652 = CARTESIAN_POINT('',(56.34630129291,138.13877785647,
    5.944098121039));
#1653 = CARTESIAN_POINT('',(56.533201000977,137.55889586305,
    6.015382479416));
#1654 = CARTESIAN_POINT('',(56.543419584294,137.19869614711,
    6.03598651522));
#1655 = CARTESIAN_POINT('',(55.034152383774,138.91828489262,
    5.597940198255));
#1656 = CARTESIAN_POINT('',(55.160495744061,138.91575612813,
    5.626844108614));
#1657 = CARTESIAN_POINT('',(55.408352196453,138.8714617346,
    5.682919953565));
#1658 = CARTESIAN_POINT('',(55.852463905809,138.66117680188,
    5.783654560326));
#1659 = CARTESIAN_POINT('',(56.367005103199,138.14476008105,
    5.910409575853));
#1660 = CARTESIAN_POINT('',(56.554997221563,137.55846373518,
    5.979508932788));
#1661 = CARTESIAN_POINT('',(56.563417585956,137.19501111532,
    5.996498761937));
#1662 = ADVANCED_FACE('',(#1663),#1679,.F.);
#1663 = FACE_BOUND('',#1664,.F.);
#1664 = EDGE_LOOP('',(#1665,#1666,#1672,#1673));
#1665 = ORIENTED_EDGE('',*,*,#1023,.F.);
#1666 = ORIENTED_EDGE('',*,*,#1667,.F.);
#1667 = EDGE_CURVE('',#1340,#1024,#1668,.T.);
#1668 = LINE('',#1669,#1670);
#1669 = CARTESIAN_POINT('',(56.482607532402,126.68568786081,
    7.137504028409));
#1670 = VECTOR('',#1671,1.);
#1671 = DIRECTION('',(0.324973124185,-0.544616680989,-0.773165660998));
#1672 = ORIENTED_EDGE('',*,*,#1463,.T.);
#1673 = ORIENTED_EDGE('',*,*,#1674,.T.);
#1674 = EDGE_CURVE('',#1464,#1026,#1675,.T.);
#1675 = LINE('',#1676,#1677);
#1676 = CARTESIAN_POINT('',(56.482607532402,137.1406698189,
    6.162495971775));
#1677 = VECTOR('',#1678,1.);
#1678 = DIRECTION('',(0.419894111816,0.282360787958,-0.862531924213));
#1679 = B_SPLINE_SURFACE_WITH_KNOTS('',3,3,(
    (#1680,#1681,#1682,#1683)
    ,(#1684,#1685,#1686,#1687)
    ,(#1688,#1689,#1690,#1691)
    ,(#1692,#1693,#1694,#1695
    )),.UNSPECIFIED.,.F.,.F.,.F.,(4,4),(4,4),(0.,1.),(2.415025458572E-02
    ,1.),.PIECEWISE_BEZIER_KNOTS.);
#1680 = CARTESIAN_POINT('',(56.555058296159,126.56426891396,
    6.965131489017));
#1681 = CARTESIAN_POINT('',(57.530908041572,124.92885967566,
    4.643420992678));
#1682 = CARTESIAN_POINT('',(58.506757786989,123.29345043736,
    2.32171049634));
#1683 = CARTESIAN_POINT('',(59.482607532402,121.65804119905,
    1.601385690719E-12));
#1684 = CARTESIAN_POINT('',(56.555058296159,127.45773608837,
    6.882103565871));
#1685 = CARTESIAN_POINT('',(57.530908041572,125.5681376899,
    4.588069043915));
#1686 = CARTESIAN_POINT('',(58.506757786989,123.67853929142,
    2.294034521958));
#1687 = CARTESIAN_POINT('',(59.482607532402,121.78894089295,
    1.601385690719E-12));
#1688 = CARTESIAN_POINT('',(56.555058296159,136.29592267691,
    6.096698048319));
#1689 = CARTESIAN_POINT('',(57.530908041572,137.20632895299,
    4.064465365547));
#1690 = CARTESIAN_POINT('',(58.506757786989,138.11673522907,
    2.032232682774));
#1691 = CARTESIAN_POINT('',(59.482607532402,139.02714150516,
    1.601385690719E-12));
#1692 = CARTESIAN_POINT('',(56.555058296159,137.18938985132,
    6.013670125174));
#1693 = CARTESIAN_POINT('',(57.530908041572,137.84560696723,
    4.009113416783));
#1694 = CARTESIAN_POINT('',(58.506757786989,138.50182408314,
    2.004556708392));
#1695 = CARTESIAN_POINT('',(59.482607532402,139.15804119905,
    1.601385690719E-12));
#1696 = ADVANCED_FACE('',(#1697),#1708,.F.);
#1697 = FACE_BOUND('',#1698,.F.);
#1698 = EDGE_LOOP('',(#1699,#1700,#1701,#1707));
#1699 = ORIENTED_EDGE('',*,*,#1667,.T.);
#1700 = ORIENTED_EDGE('',*,*,#1033,.F.);
#1701 = ORIENTED_EDGE('',*,*,#1702,.F.);
#1702 = EDGE_CURVE('',#1196,#1034,#1703,.T.);
#1703 = LINE('',#1704,#1705);
#1704 = CARTESIAN_POINT('',(54.732607532402,124.94324846181,
    7.300000000094));
#1705 = VECTOR('',#1706,1.);
#1706 = DIRECTION('',(0.485141181983,-0.381127695558,-0.787006806338));
#1707 = ORIENTED_EDGE('',*,*,#1348,.T.);
#1708 = B_SPLINE_SURFACE_WITH_KNOTS('',3,3,(
    (#1709,#1710,#1711,#1712)
    ,(#1713,#1714,#1715,#1716)
    ,(#1717,#1718,#1719,#1720)
    ,(#1721,#1722,#1723,#1724)
    ,(#1725,#1726,#1727,#1728)
    ,(#1729,#1730,#1731,#1732)
    ,(#1733,#1734,#1735,#1736
    )),.UNSPECIFIED.,.F.,.F.,.F.,(4,1,1,1,4),(4,4),(0.,0.285714285714,
    0.571428571429,0.714285714286,1.),(2.144289178983E-02,1.),
  .UNSPECIFIED.);
#1709 = CARTESIAN_POINT('',(54.829100545456,124.86744339502,
    7.143466890026));
#1710 = CARTESIAN_POINT('',(56.296936207771,123.71430932969,
    4.762311260018));
#1711 = CARTESIAN_POINT('',(57.764771870086,122.56117526438,
    2.38115563001));
#1712 = CARTESIAN_POINT('',(59.232607532402,121.40804119905,
    1.602273869139E-12));
#1713 = CARTESIAN_POINT('',(55.086088159591,124.86744339502,
    7.143466890026));
#1714 = CARTESIAN_POINT('',(56.480787965233,123.71436133176,
    4.762305598062));
#1715 = CARTESIAN_POINT('',(57.875307639304,122.56112326231,
    2.381161291966));
#1716 = CARTESIAN_POINT('',(59.270007444946,121.40804119905,
    1.602273869139E-12));
#1717 = CARTESIAN_POINT('',(55.600013180952,124.98422573359,
    7.132610165608));
#1718 = CARTESIAN_POINT('',(56.848230077692,123.79788037204,
    4.755070563061));
#1719 = CARTESIAN_POINT('',(58.096583066577,122.61145563799,
    2.377539602548));
#1720 = CARTESIAN_POINT('',(59.344799963317,121.42511027643,
    1.600941601509E-12));
#1721 = CARTESIAN_POINT('',(56.114647194012,125.39334665531,
    7.09457604885));
#1722 = CARTESIAN_POINT('',(57.216267238728,124.09058300251,
    4.729712005104));
#1723 = CARTESIAN_POINT('',(58.318075617943,122.78767164149,
    2.364864043748));
#1724 = CARTESIAN_POINT('',(59.419695662658,121.48490798869,
    1.602717958349E-12));
#1725 = CARTESIAN_POINT('',(56.458557259415,125.9386791314,
    7.043878961589));
#1726 = CARTESIAN_POINT('',(57.46226769442,124.48066546733,
    4.695918452721));
#1727 = CARTESIAN_POINT('',(58.466035135349,123.02262824496,
    2.34796050887));
#1728 = CARTESIAN_POINT('',(59.469745570354,121.5646145809,
    1.6004975123E-12));
#1729 = CARTESIAN_POINT('',(56.546936207771,126.32199977335,
    7.008243379839));
#1730 = CARTESIAN_POINT('',(57.525345074078,124.75493732544,
    4.672156041905));
#1731 = CARTESIAN_POINT('',(58.504198666095,123.18770373442,
    2.336087337936));
#1732 = CARTESIAN_POINT('',(59.482607532402,121.62064128651,
    1.602273869139E-12));
#1733 = CARTESIAN_POINT('',(56.546936207771,126.57788057749,
    6.984455301879));
#1734 = CARTESIAN_POINT('',(57.525493315981,124.93793411801,
    4.656303534586));
#1735 = CARTESIAN_POINT('',(58.504050424191,123.29798765853,
    2.328151767294));
#1736 = CARTESIAN_POINT('',(59.482607532402,121.65804119905,
    1.602273869139E-12));
#1737 = ADVANCED_FACE('',(#1738),#1749,.F.);
#1738 = FACE_BOUND('',#1739,.T.);
#1739 = EDGE_LOOP('',(#1740,#1741,#1742,#1743));
#1740 = ORIENTED_EDGE('',*,*,#1042,.T.);
#1741 = ORIENTED_EDGE('',*,*,#1702,.F.);
#1742 = ORIENTED_EDGE('',*,*,#1204,.F.);
#1743 = ORIENTED_EDGE('',*,*,#1744,.T.);
#1744 = EDGE_CURVE('',#1120,#1043,#1745,.T.);
#1745 = LINE('',#1746,#1747);
#1746 = CARTESIAN_POINT('',(41.47010753239,124.94324846181,
    7.300000000098));
#1747 = VECTOR('',#1748,1.);
#1748 = DIRECTION('',(-0.485141181983,-0.381127695558,-0.787006806338));
#1749 = PLANE('',#1750);
#1750 = AXIS2_PLACEMENT_3D('',#1751,#1752,#1753);
#1751 = CARTESIAN_POINT('',(41.47010753239,124.94324846181,
    7.300000000098));
#1752 = DIRECTION('',(-1.198498577819E-16,0.900016642472,-0.435855530278
    ));
#1753 = DIRECTION('',(-3.08148791102E-32,0.435855530278,0.900016642472)
  );
#1754 = ADVANCED_FACE('',(#1755),#1766,.F.);
#1755 = FACE_BOUND('',#1756,.F.);
#1756 = EDGE_LOOP('',(#1757,#1758,#1759,#1765));
#1757 = ORIENTED_EDGE('',*,*,#1744,.T.);
#1758 = ORIENTED_EDGE('',*,*,#1050,.F.);
#1759 = ORIENTED_EDGE('',*,*,#1760,.F.);
#1760 = EDGE_CURVE('',#1129,#1051,#1761,.T.);
#1761 = LINE('',#1762,#1763);
#1762 = CARTESIAN_POINT('',(39.72010753239,126.68568786081,
    7.137504028414));
#1763 = VECTOR('',#1764,1.);
#1764 = DIRECTION('',(-0.324973124185,-0.544616680989,-0.773165660998));
#1765 = ORIENTED_EDGE('',*,*,#1128,.T.);
#1766 = B_SPLINE_SURFACE_WITH_KNOTS('',3,3,(
    (#1767,#1768,#1769,#1770)
    ,(#1771,#1772,#1773,#1774)
    ,(#1775,#1776,#1777,#1778)
    ,(#1779,#1780,#1781,#1782)
    ,(#1783,#1784,#1785,#1786)
    ,(#1787,#1788,#1789,#1790)
    ,(#1791,#1792,#1793,#1794
    )),.UNSPECIFIED.,.F.,.F.,.F.,(4,1,1,1,4),(4,4),(0.,0.285714285714,
    0.571428571429,0.714285714286,1.),(2.144289178976E-02,1.),
  .UNSPECIFIED.);
#1767 = CARTESIAN_POINT('',(39.655778857021,126.57788057749,
    6.984455301883));
#1768 = CARTESIAN_POINT('',(38.677221748811,124.93793411801,
    4.656303534591));
#1769 = CARTESIAN_POINT('',(37.6986646406,123.29798765853,2.328151767298
    ));
#1770 = CARTESIAN_POINT('',(36.72010753239,121.65804119905,
    5.700329097635E-12));
#1771 = CARTESIAN_POINT('',(39.655778857021,126.32199977335,
    7.008243379843));
#1772 = CARTESIAN_POINT('',(38.677274014321,124.75482053653,
    4.672168757821));
#1773 = CARTESIAN_POINT('',(37.69861237509,123.18782052333,
    2.336074622028));
#1774 = CARTESIAN_POINT('',(36.72010753239,121.62064128651,
    5.700329097635E-12));
#1775 = CARTESIAN_POINT('',(39.773066336507,125.81028815575,
    7.055814888356));
#1776 = CARTESIAN_POINT('',(38.761129685805,124.38885349527,
    4.703871677922));
#1777 = CARTESIAN_POINT('',(37.749113260481,122.9672834286,2.35194321044
    ));
#1778 = CARTESIAN_POINT('',(36.737176609779,121.54584876812,
    5.698552740796E-12));
#1779 = CARTESIAN_POINT('',(40.183956906894,125.29787059999,
    7.10345202474));
#1780 = CARTESIAN_POINT('',(39.055012197441,124.02229388467,
    4.735627882362));
#1781 = CARTESIAN_POINT('',(37.925919031462,122.74652978412,
    2.367824142384));
#1782 = CARTESIAN_POINT('',(36.796974322009,121.4709530688,
    5.699885008426E-12));
#1783 = CARTESIAN_POINT('',(40.731648213456,124.95544170752,
    7.135286085983));
#1784 = CARTESIAN_POINT('',(39.446667006272,123.77728109825,
    4.756855332161));
#1785 = CARTESIAN_POINT('',(38.16166212142,122.59906377036,
    2.378430753828));
#1786 = CARTESIAN_POINT('',(36.876680914236,121.42090316109,
    5.699440919216E-12));
#1787 = CARTESIAN_POINT('',(41.116626905205,124.86744339502,
    7.143466890031));
#1788 = CARTESIAN_POINT('',(39.722044480117,123.71445682441,
    4.762295200881));
#1789 = CARTESIAN_POINT('',(38.327290044934,122.56102776967,
    2.381171689155));
#1790 = CARTESIAN_POINT('',(36.932707619846,121.40804119905,
    5.700329097635E-12));
#1791 = CARTESIAN_POINT('',(41.37361451934,124.86744339502,
    7.143466890031));
#1792 = CARTESIAN_POINT('',(39.905778857024,123.7143093297,
    4.762311260022));
#1793 = CARTESIAN_POINT('',(38.437943194705,122.56117526438,
    2.381155630014));
#1794 = CARTESIAN_POINT('',(36.97010753239,121.40804119905,
    5.700329097635E-12));
#1795 = ADVANCED_FACE('',(#1796),#1806,.T.);
#1796 = FACE_BOUND('',#1797,.T.);
#1797 = EDGE_LOOP('',(#1798,#1799,#1800,#1801,#1802,#1803,#1804,#1805));
#1798 = ORIENTED_EDGE('',*,*,#1105,.F.);
#1799 = ORIENTED_EDGE('',*,*,#1186,.F.);
#1800 = ORIENTED_EDGE('',*,*,#1328,.F.);
#1801 = ORIENTED_EDGE('',*,*,#1479,.F.);
#1802 = ORIENTED_EDGE('',*,*,#1605,.F.);
#1803 = ORIENTED_EDGE('',*,*,#1555,.F.);
#1804 = ORIENTED_EDGE('',*,*,#1392,.F.);
#1805 = ORIENTED_EDGE('',*,*,#1260,.F.);
#1806 = ( BOUNDED_SURFACE() B_SPLINE_SURFACE(1,2,(
    (#1807,#1808,#1809)
    ,(#1810,#1811,#1812
)),.UNSPECIFIED.,.F.,.F.,.F.) B_SPLINE_SURFACE_WITH_KNOTS((2,2),(3,3),(
    9.978796190675E-13,0.590994425078),(-9.057223681121E-16,
    0.415944674844),.PIECEWISE_BEZIER_KNOTS.) 
GEOMETRIC_REPRESENTATION_ITEM() RATIONAL_B_SPLINE_SURFACE((
    (1.,0.978451590227,1.)
,(1.,0.978451590227,1.))) REPRESENTATION_ITEM('') SURFACE() );
#1807 = CARTESIAN_POINT('',(35.950532404582,146.91043115164,
    5.922617690723));
#1808 = CARTESIAN_POINT('',(48.099046977368,146.67234106962,
    3.369584928556));
#1809 = CARTESIAN_POINT('',(60.247758559566,146.91034446333,
    5.921688134593));
#1810 = CARTESIAN_POINT('',(35.950532404582,112.28785399427,
    9.15144121283));
#1811 = CARTESIAN_POINT('',(48.099046977368,112.04976391225,
    6.598408450663));
#1812 = CARTESIAN_POINT('',(60.247758559566,112.28776730597,9.1505116567
    ));
#1813 = ADVANCED_FACE('',(#1814),#1825,.F.);
#1814 = FACE_BOUND('',#1815,.F.);
#1815 = EDGE_LOOP('',(#1816,#1822,#1823,#1824));
#1816 = ORIENTED_EDGE('',*,*,#1817,.T.);
#1817 = EDGE_CURVE('',#1566,#1077,#1818,.T.);
#1818 = LINE('',#1819,#1820);
#1819 = CARTESIAN_POINT('',(54.732607532402,138.8831092179,
    6.000000000091));
#1820 = VECTOR('',#1821,1.);
#1821 = DIRECTION('',(0.598535758378,6.982012476396E-02,-0.798047677849)
  );
#1822 = ORIENTED_EDGE('',*,*,#1084,.F.);
#1823 = ORIENTED_EDGE('',*,*,#1674,.F.);
#1824 = ORIENTED_EDGE('',*,*,#1616,.T.);
#1825 = B_SPLINE_SURFACE_WITH_KNOTS('',3,3,(
    (#1826,#1827,#1828,#1829)
    ,(#1830,#1831,#1832,#1833)
    ,(#1834,#1835,#1836,#1837)
    ,(#1838,#1839,#1840,#1841)
    ,(#1842,#1843,#1844,#1845)
    ,(#1846,#1847,#1848,#1849)
    ,(#1850,#1851,#1852,#1853
    )),.UNSPECIFIED.,.F.,.F.,.F.,(4,1,1,1,4),(4,4),(0.,0.285714285714,
    0.571428571429,0.714285714286,1.),(2.553436066533E-02,1.),
  .UNSPECIFIED.);
#1826 = CARTESIAN_POINT('',(56.559210614399,137.19218210731,
    6.005140577033));
#1827 = CARTESIAN_POINT('',(57.533676253734,137.84746847123,
    4.003427051356));
#1828 = CARTESIAN_POINT('',(58.508141893068,138.50275483514,
    2.001713525679));
#1829 = CARTESIAN_POINT('',(59.482607532402,139.15804119905,
    1.601385690719E-12));
#1830 = CARTESIAN_POINT('',(56.559210614399,137.44714941569,
    5.981451959984));
#1831 = CARTESIAN_POINT('',(57.533624206753,138.02997280575,
    3.987628162596));
#1832 = CARTESIAN_POINT('',(58.508193940048,138.61261772154,
    1.993823797389));
#1833 = CARTESIAN_POINT('',(59.482607532402,139.1954411116,
    1.601385690719E-12));
#1834 = CARTESIAN_POINT('',(56.442342160401,137.95703422013,
    5.934079353869));
#1835 = CARTESIAN_POINT('',(57.450047778213,138.39472241002,
    3.956057796353));
#1836 = CARTESIAN_POINT('',(58.457832837179,138.83254544006,
    1.978021557518));
#1837 = CARTESIAN_POINT('',(59.465538454992,139.27023362995,
    1.601829779929E-12));
#1838 = CARTESIAN_POINT('',(56.032919552919,138.46762244266,
    5.886641394271));
#1839 = CARTESIAN_POINT('',(57.15714400425,138.7600625376,3.924434368549
    ));
#1840 = CARTESIAN_POINT('',(58.281516291434,139.05268923436,
    1.962207025724));
#1841 = CARTESIAN_POINT('',(59.405740742765,139.34512932929,
    1.600941601509E-12));
#1842 = CARTESIAN_POINT('',(55.487184948604,138.80882886225,
    5.854940435194));
#1843 = CARTESIAN_POINT('',(56.766793489674,139.00426015998,
    3.903295673356));
#1844 = CARTESIAN_POINT('',(58.046425609471,139.19974793925,
    1.95164476184));
#1845 = CARTESIAN_POINT('',(59.326034150541,139.39517923698,
    1.601385690719E-12));
#1846 = CARTESIAN_POINT('',(55.103581646061,138.89651302043,
    5.846793836097));
#1847 = CARTESIAN_POINT('',(56.492333148723,139.0668755353,
    3.897878549394));
#1848 = CARTESIAN_POINT('',(57.881255942284,139.23767868419,
    1.948915286704));
#1849 = CARTESIAN_POINT('',(59.270007444946,139.40804119905,
    1.601385690719E-12));
#1850 = CARTESIAN_POINT('',(54.847512155397,138.89651302043,
    5.846793836097));
#1851 = CARTESIAN_POINT('',(56.309210614399,139.06702241331,
    3.897862557398));
#1852 = CARTESIAN_POINT('',(57.770909073399,139.23753180618,1.9489312787
    ));
#1853 = CARTESIAN_POINT('',(59.232607532402,139.40804119905,
    1.601385690719E-12));
#1854 = ADVANCED_FACE('',(#1855),#1866,.F.);
#1855 = FACE_BOUND('',#1856,.F.);
#1856 = EDGE_LOOP('',(#1857,#1863,#1864,#1865));
#1857 = ORIENTED_EDGE('',*,*,#1858,.F.);
#1858 = EDGE_CURVE('',#1237,#1060,#1859,.T.);
#1859 = LINE('',#1860,#1861);
#1860 = CARTESIAN_POINT('',(39.72010753239,137.1406698189,6.162495971779
    ));
#1861 = VECTOR('',#1862,1.);
#1862 = DIRECTION('',(-0.419894111816,0.282360787958,-0.862531924213));
#1863 = ORIENTED_EDGE('',*,*,#1236,.T.);
#1864 = ORIENTED_EDGE('',*,*,#1760,.T.);
#1865 = ORIENTED_EDGE('',*,*,#1059,.F.);
#1866 = B_SPLINE_SURFACE_WITH_KNOTS('',3,3,(
    (#1867,#1868,#1869,#1870)
    ,(#1871,#1872,#1873,#1874)
    ,(#1875,#1876,#1877,#1878)
    ,(#1879,#1880,#1881,#1882
    )),.UNSPECIFIED.,.F.,.F.,.F.,(4,4),(4,4),(0.,1.),(2.415025458553E-02
    ,1.),.PIECEWISE_BEZIER_KNOTS.);
#1867 = CARTESIAN_POINT('',(39.647656768633,137.18938985132,
    6.013670125179));
#1868 = CARTESIAN_POINT('',(38.67180702322,137.84560696723,
    4.009113416788));
#1869 = CARTESIAN_POINT('',(37.695957277803,138.50182408314,
    2.004556708397));
#1870 = CARTESIAN_POINT('',(36.72010753239,139.15804119905,
    5.700329097635E-12));
#1871 = CARTESIAN_POINT('',(39.647656768633,136.29592267691,
    6.096698048324));
#1872 = CARTESIAN_POINT('',(38.67180702322,137.20632895299,
    4.064465365551));
#1873 = CARTESIAN_POINT('',(37.695957277803,138.11673522907,
    2.032232682779));
#1874 = CARTESIAN_POINT('',(36.72010753239,139.02714150516,
    5.700329097635E-12));
#1875 = CARTESIAN_POINT('',(39.647656768633,127.45773608837,
    6.882103565877));
#1876 = CARTESIAN_POINT('',(38.67180702322,125.56813768989,4.58806904392
    ));
#1877 = CARTESIAN_POINT('',(37.695957277803,123.67853929143,
    2.294034521963));
#1878 = CARTESIAN_POINT('',(36.72010753239,121.78894089295,
    5.700329097635E-12));
#1879 = CARTESIAN_POINT('',(39.647656768633,126.56426891396,
    6.965131489022));
#1880 = CARTESIAN_POINT('',(38.67180702322,124.92885967566,
    4.643420992683));
#1881 = CARTESIAN_POINT('',(37.695957277803,123.29345043736,
    2.321710496345));
#1882 = CARTESIAN_POINT('',(36.72010753239,121.65804119905,
    5.700329097635E-12));
#1883 = ADVANCED_FACE('',(#1884),#1895,.F.);
#1884 = FACE_BOUND('',#1885,.F.);
#1885 = EDGE_LOOP('',(#1886,#1887,#1888,#1894));
#1886 = ORIENTED_EDGE('',*,*,#1858,.T.);
#1887 = ORIENTED_EDGE('',*,*,#1067,.F.);
#1888 = ORIENTED_EDGE('',*,*,#1889,.F.);
#1889 = EDGE_CURVE('',#1406,#1068,#1890,.T.);
#1890 = LINE('',#1891,#1892);
#1891 = CARTESIAN_POINT('',(41.47010753239,138.8831092179,6.000000000095
    ));
#1892 = VECTOR('',#1893,1.);
#1893 = DIRECTION('',(-0.598535758378,6.982012476396E-02,-0.798047677849
    ));
#1894 = ORIENTED_EDGE('',*,*,#1405,.T.);
#1895 = B_SPLINE_SURFACE_WITH_KNOTS('',3,3,(
    (#1896,#1897,#1898,#1899)
    ,(#1900,#1901,#1902,#1903)
    ,(#1904,#1905,#1906,#1907)
    ,(#1908,#1909,#1910,#1911)
    ,(#1912,#1913,#1914,#1915)
    ,(#1916,#1917,#1918,#1919)
    ,(#1920,#1921,#1922,#1923
    )),.UNSPECIFIED.,.F.,.F.,.F.,(4,1,1,1,4),(4,4),(0.,0.285714285714,
    0.571428571429,0.714285714286,1.),(2.510921888401E-02,1.),
  .UNSPECIFIED.);
#1896 = CARTESIAN_POINT('',(41.357116047409,138.89628984991,
    5.849344686789));
#1897 = CARTESIAN_POINT('',(39.894779875736,139.06687363296,
    3.899563124528));
#1898 = CARTESIAN_POINT('',(38.432443704063,139.23745741601,
    1.949781562267));
#1899 = CARTESIAN_POINT('',(36.97010753239,139.40804119905,
    5.699440919216E-12));
#1900 = CARTESIAN_POINT('',(41.100951155153,138.89628984991,
    5.849344686789));
#1901 = CARTESIAN_POINT('',(39.711476824494,139.06682182572,
    3.899568765271));
#1902 = CARTESIAN_POINT('',(38.322181950505,139.23750922324,
    1.949775921524));
#1903 = CARTESIAN_POINT('',(36.932707619846,139.40804119905,
    5.699440919216E-12));
#1904 = CARTESIAN_POINT('',(40.588671416925,138.77988110356,
    5.860160734692));
#1905 = CARTESIAN_POINT('',(39.345131172562,138.98355175118,
    3.906776693019));
#1906 = CARTESIAN_POINT('',(38.101455345852,139.18730147402,
    1.953384041679));
#1907 = CARTESIAN_POINT('',(36.857915101489,139.39097212164,
    5.699440919216E-12));
#1908 = CARTESIAN_POINT('',(40.075684956639,138.37206897942,
    5.898052350297));
#1909 = CARTESIAN_POINT('',(38.978192314797,138.69172173779,
    3.932040240914));
#1910 = CARTESIAN_POINT('',(37.880512043994,139.01152165104,
    1.966012109389));
#1911 = CARTESIAN_POINT('',(36.783019402152,139.33117440941,
    5.698552740796E-12));
#1912 = CARTESIAN_POINT('',(39.732875887235,137.82848104821,
    5.948559492481));
#1913 = CARTESIAN_POINT('',(38.73292602045,138.30280214783,
    3.965707180127));
#1914 = CARTESIAN_POINT('',(37.732919361235,138.77714671757,
    1.98285231236));
#1915 = CARTESIAN_POINT('',(36.732969494449,139.25146781719,
    5.699440919216E-12));
#1916 = CARTESIAN_POINT('',(39.644779875736,137.44638666756,
    5.984061559586));
#1917 = CARTESIAN_POINT('',(38.67003678111,138.02934798161,
    3.989380561109));
#1918 = CARTESIAN_POINT('',(37.694850627016,138.61247979755,
    1.994680998483));
#1919 = CARTESIAN_POINT('',(36.72010753239,139.1954411116,
    5.699440919216E-12));
#1920 = CARTESIAN_POINT('',(39.644779875736,137.19132443845,
    6.007760511552));
#1921 = CARTESIAN_POINT('',(38.669889094621,137.84689669199,
    4.00517367437));
#1922 = CARTESIAN_POINT('',(37.694998313506,138.50246894552,
    2.002586837188));
#1923 = CARTESIAN_POINT('',(36.72010753239,139.15804119905,
    5.699440919216E-12));
#1924 = ADVANCED_FACE('',(#1925),#1931,.F.);
#1925 = FACE_BOUND('',#1926,.T.);
#1926 = EDGE_LOOP('',(#1927,#1928,#1929,#1930));
#1927 = ORIENTED_EDGE('',*,*,#1565,.F.);
#1928 = ORIENTED_EDGE('',*,*,#1817,.T.);
#1929 = ORIENTED_EDGE('',*,*,#1076,.T.);
#1930 = ORIENTED_EDGE('',*,*,#1889,.F.);
#1931 = PLANE('',#1932);
#1932 = AXIS2_PLACEMENT_3D('',#1933,#1934,#1935);
#1933 = CARTESIAN_POINT('',(49.97010753239,138.8831092179,6.000000000095
    ));
#1934 = DIRECTION('',(-3.018309484516E-17,-0.996194698092,
    -8.715574274637E-02));
#1935 = DIRECTION('',(0.,8.715574274637E-02,-0.996194698092));
#1936 = ADVANCED_FACE('',(#1937,#1940),#2038,.T.);
#1937 = FACE_BOUND('',#1938,.T.);
#1938 = EDGE_LOOP('',(#1939));
#1939 = ORIENTED_EDGE('',*,*,#561,.T.);
#1940 = FACE_BOUND('',#1941,.T.);
#1941 = EDGE_LOOP('',(#1942,#1952,#1960,#1968,#1976,#1984,#1992,#2000,
    #2008,#2016,#2024,#2032));
#1942 = ORIENTED_EDGE('',*,*,#1943,.T.);
#1943 = EDGE_CURVE('',#1944,#1946,#1948,.T.);
#1944 = VERTEX_POINT('',#1945);
#1945 = CARTESIAN_POINT('',(47.601357532392,132.40804119907,
    0.200000000003));
#1946 = VERTEX_POINT('',#1947);
#1947 = CARTESIAN_POINT('',(47.601357532392,130.90804119907,
    0.200000000003));
#1948 = LINE('',#1949,#1950);
#1949 = CARTESIAN_POINT('',(47.601357532392,126.16202744457,
    0.200000000003));
#1950 = VECTOR('',#1951,1.);
#1951 = DIRECTION('',(0.,-1.,3.061616997868E-16));
#1952 = ORIENTED_EDGE('',*,*,#1953,.T.);
#1953 = EDGE_CURVE('',#1946,#1954,#1956,.T.);
#1954 = VERTEX_POINT('',#1955);
#1955 = CARTESIAN_POINT('',(46.101357532392,130.90804119907,
    0.200000000003));
#1956 = LINE('',#1957,#1958);
#1957 = CARTESIAN_POINT('',(42.601357532392,130.90804119907,
    0.200000000003));
#1958 = VECTOR('',#1959,1.);
#1959 = DIRECTION('',(-1.,0.,0.));
#1960 = ORIENTED_EDGE('',*,*,#1961,.T.);
#1961 = EDGE_CURVE('',#1954,#1962,#1964,.T.);
#1962 = VERTEX_POINT('',#1963);
#1963 = CARTESIAN_POINT('',(46.101357532392,129.90804119907,
    0.200000000003));
#1964 = LINE('',#1965,#1966);
#1965 = CARTESIAN_POINT('',(46.101357532392,125.66202744457,
    0.200000000003));
#1966 = VECTOR('',#1967,1.);
#1967 = DIRECTION('',(0.,-1.,3.061616997868E-16));
#1968 = ORIENTED_EDGE('',*,*,#1969,.T.);
#1969 = EDGE_CURVE('',#1962,#1970,#1972,.T.);
#1970 = VERTEX_POINT('',#1971);
#1971 = CARTESIAN_POINT('',(47.601357532392,129.90804119907,
    0.200000000003));
#1972 = LINE('',#1973,#1974);
#1973 = CARTESIAN_POINT('',(43.351357532392,129.90804119907,
    0.200000000003));
#1974 = VECTOR('',#1975,1.);
#1975 = DIRECTION('',(1.,0.,0.));
#1976 = ORIENTED_EDGE('',*,*,#1977,.T.);
#1977 = EDGE_CURVE('',#1970,#1978,#1980,.T.);
#1978 = VERTEX_POINT('',#1979);
#1979 = CARTESIAN_POINT('',(47.601357532392,128.40804119907,
    0.200000000003));
#1980 = LINE('',#1981,#1982);
#1981 = CARTESIAN_POINT('',(47.601357532392,126.16202744457,
    0.200000000003));
#1982 = VECTOR('',#1983,1.);
#1983 = DIRECTION('',(0.,-1.,3.061616997868E-16));
#1984 = ORIENTED_EDGE('',*,*,#1985,.T.);
#1985 = EDGE_CURVE('',#1978,#1986,#1988,.T.);
#1986 = VERTEX_POINT('',#1987);
#1987 = CARTESIAN_POINT('',(48.601357532392,128.40804119907,
    0.200000000003));
#1988 = LINE('',#1989,#1990);
#1989 = CARTESIAN_POINT('',(43.851357532392,128.40804119907,
    0.200000000003));
#1990 = VECTOR('',#1991,1.);
#1991 = DIRECTION('',(1.,0.,0.));
#1992 = ORIENTED_EDGE('',*,*,#1993,.T.);
#1993 = EDGE_CURVE('',#1986,#1994,#1996,.T.);
#1994 = VERTEX_POINT('',#1995);
#1995 = CARTESIAN_POINT('',(48.601357532392,129.90804119907,
    0.200000000003));
#1996 = LINE('',#1997,#1998);
#1997 = CARTESIAN_POINT('',(48.601357532392,125.66202744457,
    0.200000000003));
#1998 = VECTOR('',#1999,1.);
#1999 = DIRECTION('',(0.,1.,-3.061616997868E-16));
#2000 = ORIENTED_EDGE('',*,*,#2001,.T.);
#2001 = EDGE_CURVE('',#1994,#2002,#2004,.T.);
#2002 = VERTEX_POINT('',#2003);
#2003 = CARTESIAN_POINT('',(50.101357532392,129.90804119907,
    0.200000000003));
#2004 = LINE('',#2005,#2006);
#2005 = CARTESIAN_POINT('',(43.351357532392,129.90804119907,
    0.200000000003));
#2006 = VECTOR('',#2007,1.);
#2007 = DIRECTION('',(1.,0.,0.));
#2008 = ORIENTED_EDGE('',*,*,#2009,.T.);
#2009 = EDGE_CURVE('',#2002,#2010,#2012,.T.);
#2010 = VERTEX_POINT('',#2011);
#2011 = CARTESIAN_POINT('',(50.101357532392,130.90804119907,
    0.200000000003));
#2012 = LINE('',#2013,#2014);
#2013 = CARTESIAN_POINT('',(50.101357532392,126.16202744457,
    0.200000000003));
#2014 = VECTOR('',#2015,1.);
#2015 = DIRECTION('',(0.,1.,-3.061616997868E-16));
#2016 = ORIENTED_EDGE('',*,*,#2017,.T.);
#2017 = EDGE_CURVE('',#2010,#2018,#2020,.T.);
#2018 = VERTEX_POINT('',#2019);
#2019 = CARTESIAN_POINT('',(48.601357532392,130.90804119907,
    0.200000000003));
#2020 = LINE('',#2021,#2022);
#2021 = CARTESIAN_POINT('',(43.851357532392,130.90804119907,
    0.200000000003));
#2022 = VECTOR('',#2023,1.);
#2023 = DIRECTION('',(-1.,0.,0.));
#2024 = ORIENTED_EDGE('',*,*,#2025,.T.);
#2025 = EDGE_CURVE('',#2018,#2026,#2028,.T.);
#2026 = VERTEX_POINT('',#2027);
#2027 = CARTESIAN_POINT('',(48.601357532392,132.40804119907,
    0.200000000003));
#2028 = LINE('',#2029,#2030);
#2029 = CARTESIAN_POINT('',(48.601357532392,126.91202744457,
    0.200000000003));
#2030 = VECTOR('',#2031,1.);
#2031 = DIRECTION('',(0.,1.,-3.061616997868E-16));
#2032 = ORIENTED_EDGE('',*,*,#2033,.T.);
#2033 = EDGE_CURVE('',#2026,#1944,#2034,.T.);
#2034 = LINE('',#2035,#2036);
#2035 = CARTESIAN_POINT('',(43.351357532392,132.40804119907,
    0.200000000003));
#2036 = VECTOR('',#2037,1.);
#2037 = DIRECTION('',(-1.,0.,0.));
#2038 = PLANE('',#2039);
#2039 = AXIS2_PLACEMENT_3D('',#2040,#2041,#2042);
#2040 = CARTESIAN_POINT('',(39.101357532392,121.41601369007,
    0.200000000003));
#2041 = DIRECTION('',(0.,-3.061616997868E-16,-1.));
#2042 = DIRECTION('',(0.,1.,-3.061616997868E-16));
#2043 = ADVANCED_FACE('',(#2044),#2060,.T.);
#2044 = FACE_BOUND('',#2045,.T.);
#2045 = EDGE_LOOP('',(#2046,#2047,#2053,#2054));
#2046 = ORIENTED_EDGE('',*,*,#733,.T.);
#2047 = ORIENTED_EDGE('',*,*,#2048,.F.);
#2048 = EDGE_CURVE('',#1944,#620,#2049,.T.);
#2049 = LINE('',#2050,#2051);
#2050 = CARTESIAN_POINT('',(47.601357532392,132.40804119907,
    2.877698079828E-12));
#2051 = VECTOR('',#2052,1.);
#2052 = DIRECTION('',(0.,0.,1.));
#2053 = ORIENTED_EDGE('',*,*,#2033,.F.);
#2054 = ORIENTED_EDGE('',*,*,#2055,.T.);
#2055 = EDGE_CURVE('',#2026,#725,#2056,.T.);
#2056 = LINE('',#2057,#2058);
#2057 = CARTESIAN_POINT('',(48.601357532392,132.40804119907,
    2.877698079828E-12));
#2058 = VECTOR('',#2059,1.);
#2059 = DIRECTION('',(0.,0.,1.));
#2060 = PLANE('',#2061);
#2061 = AXIS2_PLACEMENT_3D('',#2062,#2063,#2064);
#2062 = CARTESIAN_POINT('',(47.601357532392,132.40804119907,
    2.877698079828E-12));
#2063 = DIRECTION('',(0.,-1.,0.));
#2064 = DIRECTION('',(1.,0.,0.));
#2065 = ADVANCED_FACE('',(#2066),#2077,.T.);
#2066 = FACE_BOUND('',#2067,.T.);
#2067 = EDGE_LOOP('',(#2068,#2069,#2070,#2071));
#2068 = ORIENTED_EDGE('',*,*,#724,.T.);
#2069 = ORIENTED_EDGE('',*,*,#2055,.F.);
#2070 = ORIENTED_EDGE('',*,*,#2025,.F.);
#2071 = ORIENTED_EDGE('',*,*,#2072,.T.);
#2072 = EDGE_CURVE('',#2018,#713,#2073,.T.);
#2073 = LINE('',#2074,#2075);
#2074 = CARTESIAN_POINT('',(48.601357532392,130.90804119907,
    2.877698079828E-12));
#2075 = VECTOR('',#2076,1.);
#2076 = DIRECTION('',(0.,0.,1.));
#2077 = PLANE('',#2078);
#2078 = AXIS2_PLACEMENT_3D('',#2079,#2080,#2081);
#2079 = CARTESIAN_POINT('',(48.601357532392,132.40804119907,
    2.877698079828E-12));
#2080 = DIRECTION('',(-1.,0.,0.));
#2081 = DIRECTION('',(0.,-1.,3.061616997868E-16));
#2082 = ADVANCED_FACE('',(#2083),#2094,.T.);
#2083 = FACE_BOUND('',#2084,.T.);
#2084 = EDGE_LOOP('',(#2085,#2086,#2092,#2093));
#2085 = ORIENTED_EDGE('',*,*,#619,.T.);
#2086 = ORIENTED_EDGE('',*,*,#2087,.F.);
#2087 = EDGE_CURVE('',#1946,#622,#2088,.T.);
#2088 = LINE('',#2089,#2090);
#2089 = CARTESIAN_POINT('',(47.601357532392,130.90804119907,
    2.877698079828E-12));
#2090 = VECTOR('',#2091,1.);
#2091 = DIRECTION('',(0.,0.,1.));
#2092 = ORIENTED_EDGE('',*,*,#1943,.F.);
#2093 = ORIENTED_EDGE('',*,*,#2048,.T.);
#2094 = PLANE('',#2095);
#2095 = AXIS2_PLACEMENT_3D('',#2096,#2097,#2098);
#2096 = CARTESIAN_POINT('',(47.601357532392,130.90804119907,
    2.877698079828E-12));
#2097 = DIRECTION('',(1.,0.,0.));
#2098 = DIRECTION('',(0.,1.,-3.061616997868E-16));
#2099 = ADVANCED_FACE('',(#2100),#2111,.T.);
#2100 = FACE_BOUND('',#2101,.T.);
#2101 = EDGE_LOOP('',(#2102,#2103,#2104,#2105));
#2102 = ORIENTED_EDGE('',*,*,#712,.T.);
#2103 = ORIENTED_EDGE('',*,*,#2072,.F.);
#2104 = ORIENTED_EDGE('',*,*,#2017,.F.);
#2105 = ORIENTED_EDGE('',*,*,#2106,.T.);
#2106 = EDGE_CURVE('',#2010,#702,#2107,.T.);
#2107 = LINE('',#2108,#2109);
#2108 = CARTESIAN_POINT('',(50.101357532392,130.90804119907,
    2.877698079828E-12));
#2109 = VECTOR('',#2110,1.);
#2110 = DIRECTION('',(0.,0.,1.));
#2111 = PLANE('',#2112);
#2112 = AXIS2_PLACEMENT_3D('',#2113,#2114,#2115);
#2113 = CARTESIAN_POINT('',(48.601357532392,130.90804119907,
    2.877698079828E-12));
#2114 = DIRECTION('',(0.,-1.,0.));
#2115 = DIRECTION('',(1.,0.,0.));
#2116 = ADVANCED_FACE('',(#2117),#2128,.T.);
#2117 = FACE_BOUND('',#2118,.T.);
#2118 = EDGE_LOOP('',(#2119,#2120,#2126,#2127));
#2119 = ORIENTED_EDGE('',*,*,#630,.T.);
#2120 = ORIENTED_EDGE('',*,*,#2121,.F.);
#2121 = EDGE_CURVE('',#1954,#631,#2122,.T.);
#2122 = LINE('',#2123,#2124);
#2123 = CARTESIAN_POINT('',(46.101357532392,130.90804119907,
    2.877698079828E-12));
#2124 = VECTOR('',#2125,1.);
#2125 = DIRECTION('',(0.,0.,1.));
#2126 = ORIENTED_EDGE('',*,*,#1953,.F.);
#2127 = ORIENTED_EDGE('',*,*,#2087,.T.);
#2128 = PLANE('',#2129);
#2129 = AXIS2_PLACEMENT_3D('',#2130,#2131,#2132);
#2130 = CARTESIAN_POINT('',(46.101357532392,130.90804119907,
    2.877698079828E-12));
#2131 = DIRECTION('',(0.,-1.,0.));
#2132 = DIRECTION('',(1.,0.,0.));
#2133 = ADVANCED_FACE('',(#2134),#2145,.T.);
#2134 = FACE_BOUND('',#2135,.T.);
#2135 = EDGE_LOOP('',(#2136,#2137,#2138,#2139));
#2136 = ORIENTED_EDGE('',*,*,#701,.T.);
#2137 = ORIENTED_EDGE('',*,*,#2106,.F.);
#2138 = ORIENTED_EDGE('',*,*,#2009,.F.);
#2139 = ORIENTED_EDGE('',*,*,#2140,.T.);
#2140 = EDGE_CURVE('',#2002,#690,#2141,.T.);
#2141 = LINE('',#2142,#2143);
#2142 = CARTESIAN_POINT('',(50.101357532392,129.90804119907,
    2.878586258248E-12));
#2143 = VECTOR('',#2144,1.);
#2144 = DIRECTION('',(0.,0.,1.));
#2145 = PLANE('',#2146);
#2146 = AXIS2_PLACEMENT_3D('',#2147,#2148,#2149);
#2147 = CARTESIAN_POINT('',(50.101357532392,130.90804119907,
    2.877698079828E-12));
#2148 = DIRECTION('',(-1.,0.,0.));
#2149 = DIRECTION('',(0.,-1.,3.061616997868E-16));
#2150 = ADVANCED_FACE('',(#2151),#2162,.T.);
#2151 = FACE_BOUND('',#2152,.T.);
#2152 = EDGE_LOOP('',(#2153,#2154,#2160,#2161));
#2153 = ORIENTED_EDGE('',*,*,#639,.T.);
#2154 = ORIENTED_EDGE('',*,*,#2155,.F.);
#2155 = EDGE_CURVE('',#1962,#640,#2156,.T.);
#2156 = LINE('',#2157,#2158);
#2157 = CARTESIAN_POINT('',(46.101357532392,129.90804119907,
    2.878586258248E-12));
#2158 = VECTOR('',#2159,1.);
#2159 = DIRECTION('',(0.,0.,1.));
#2160 = ORIENTED_EDGE('',*,*,#1961,.F.);
#2161 = ORIENTED_EDGE('',*,*,#2121,.T.);
#2162 = PLANE('',#2163);
#2163 = AXIS2_PLACEMENT_3D('',#2164,#2165,#2166);
#2164 = CARTESIAN_POINT('',(46.101357532392,129.90804119907,
    2.878586258248E-12));
#2165 = DIRECTION('',(1.,0.,0.));
#2166 = DIRECTION('',(0.,1.,-3.061616997868E-16));
#2167 = ADVANCED_FACE('',(#2168),#2179,.T.);
#2168 = FACE_BOUND('',#2169,.T.);
#2169 = EDGE_LOOP('',(#2170,#2171,#2172,#2173));
#2170 = ORIENTED_EDGE('',*,*,#689,.T.);
#2171 = ORIENTED_EDGE('',*,*,#2140,.F.);
#2172 = ORIENTED_EDGE('',*,*,#2001,.F.);
#2173 = ORIENTED_EDGE('',*,*,#2174,.T.);
#2174 = EDGE_CURVE('',#1994,#681,#2175,.T.);
#2175 = LINE('',#2176,#2177);
#2176 = CARTESIAN_POINT('',(48.601357532392,129.90804119907,
    2.878586258248E-12));
#2177 = VECTOR('',#2178,1.);
#2178 = DIRECTION('',(0.,0.,1.));
#2179 = PLANE('',#2180);
#2180 = AXIS2_PLACEMENT_3D('',#2181,#2182,#2183);
#2181 = CARTESIAN_POINT('',(47.601357532392,129.90804119907,
    2.878586258248E-12));
#2182 = DIRECTION('',(0.,1.,0.));
#2183 = DIRECTION('',(-1.,0.,0.));
#2184 = ADVANCED_FACE('',(#2185),#2196,.T.);
#2185 = FACE_BOUND('',#2186,.T.);
#2186 = EDGE_LOOP('',(#2187,#2188,#2194,#2195));
#2187 = ORIENTED_EDGE('',*,*,#650,.T.);
#2188 = ORIENTED_EDGE('',*,*,#2189,.F.);
#2189 = EDGE_CURVE('',#1970,#651,#2190,.T.);
#2190 = LINE('',#2191,#2192);
#2191 = CARTESIAN_POINT('',(47.601357532392,129.90804119907,
    2.878586258248E-12));
#2192 = VECTOR('',#2193,1.);
#2193 = DIRECTION('',(0.,0.,1.));
#2194 = ORIENTED_EDGE('',*,*,#1969,.F.);
#2195 = ORIENTED_EDGE('',*,*,#2155,.T.);
#2196 = PLANE('',#2197);
#2197 = AXIS2_PLACEMENT_3D('',#2198,#2199,#2200);
#2198 = CARTESIAN_POINT('',(47.601357532392,129.90804119907,
    2.878586258248E-12));
#2199 = DIRECTION('',(0.,1.,0.));
#2200 = DIRECTION('',(-1.,0.,0.));
#2201 = ADVANCED_FACE('',(#2202),#2213,.T.);
#2202 = FACE_BOUND('',#2203,.T.);
#2203 = EDGE_LOOP('',(#2204,#2205,#2206,#2207));
#2204 = ORIENTED_EDGE('',*,*,#680,.T.);
#2205 = ORIENTED_EDGE('',*,*,#2174,.F.);
#2206 = ORIENTED_EDGE('',*,*,#1993,.F.);
#2207 = ORIENTED_EDGE('',*,*,#2208,.T.);
#2208 = EDGE_CURVE('',#1986,#669,#2209,.T.);
#2209 = LINE('',#2210,#2211);
#2210 = CARTESIAN_POINT('',(48.601357532392,128.40804119907,
    2.878586258248E-12));
#2211 = VECTOR('',#2212,1.);
#2212 = DIRECTION('',(0.,0.,1.));
#2213 = PLANE('',#2214);
#2214 = AXIS2_PLACEMENT_3D('',#2215,#2216,#2217);
#2215 = CARTESIAN_POINT('',(48.601357532392,129.90804119907,
    2.878586258248E-12));
#2216 = DIRECTION('',(-1.,0.,0.));
#2217 = DIRECTION('',(0.,-1.,3.061616997868E-16));
#2218 = ADVANCED_FACE('',(#2219),#2230,.T.);
#2219 = FACE_BOUND('',#2220,.T.);
#2220 = EDGE_LOOP('',(#2221,#2222,#2223,#2224));
#2221 = ORIENTED_EDGE('',*,*,#668,.T.);
#2222 = ORIENTED_EDGE('',*,*,#2208,.F.);
#2223 = ORIENTED_EDGE('',*,*,#1985,.F.);
#2224 = ORIENTED_EDGE('',*,*,#2225,.T.);
#2225 = EDGE_CURVE('',#1978,#660,#2226,.T.);
#2226 = LINE('',#2227,#2228);
#2227 = CARTESIAN_POINT('',(47.601357532392,128.40804119907,
    2.878586258248E-12));
#2228 = VECTOR('',#2229,1.);
#2229 = DIRECTION('',(0.,0.,1.));
#2230 = PLANE('',#2231);
#2231 = AXIS2_PLACEMENT_3D('',#2232,#2233,#2234);
#2232 = CARTESIAN_POINT('',(48.601357532392,128.40804119907,
    2.879474436668E-12));
#2233 = DIRECTION('',(0.,1.,0.));
#2234 = DIRECTION('',(-1.,0.,0.));
#2235 = ADVANCED_FACE('',(#2236),#2242,.T.);
#2236 = FACE_BOUND('',#2237,.T.);
#2237 = EDGE_LOOP('',(#2238,#2239,#2240,#2241));
#2238 = ORIENTED_EDGE('',*,*,#659,.T.);
#2239 = ORIENTED_EDGE('',*,*,#2225,.F.);
#2240 = ORIENTED_EDGE('',*,*,#1977,.F.);
#2241 = ORIENTED_EDGE('',*,*,#2189,.T.);
#2242 = PLANE('',#2243);
#2243 = AXIS2_PLACEMENT_3D('',#2244,#2245,#2246);
#2244 = CARTESIAN_POINT('',(47.601357532392,130.90804119907,
    2.877698079828E-12));
#2245 = DIRECTION('',(1.,0.,0.));
#2246 = DIRECTION('',(0.,1.,-3.061616997868E-16));
#2247 = ADVANCED_FACE('',(#2248),#2258,.F.);
#2248 = FACE_BOUND('',#2249,.F.);
#2249 = EDGE_LOOP('',(#2250,#2255,#2256,#2257));
#2250 = ORIENTED_EDGE('',*,*,#2251,.T.);
#2251 = EDGE_CURVE('',#822,#595,#2252,.T.);
#2252 = B_SPLINE_CURVE_WITH_KNOTS('',1,(#2253,#2254),.UNSPECIFIED.,.F.,
  .F.,(2,2),(6.681653068892E-02,6.319631555176),
  .PIECEWISE_BEZIER_KNOTS.);
#2253 = CARTESIAN_POINT('',(39.168174063081,130.73304119906,
    2.398051947622));
#2254 = CARTESIAN_POINT('',(45.420989087568,130.73304119906,
    2.398051947622));
#2255 = ORIENTED_EDGE('',*,*,#603,.F.);
#2256 = ORIENTED_EDGE('',*,*,#416,.F.);
#2257 = ORIENTED_EDGE('',*,*,#821,.F.);
#2258 = B_SPLINE_SURFACE_WITH_KNOTS('',1,1,(
    (#2259,#2260,#2261,#2262)
    ,(#2263,#2264,#2265,#2266)
    ,(#2267,#2268,#2269,#2270
    )),.UNSPECIFIED.,.F.,.F.,.F.,(2,1,2),(2,1,1,2),(-48.49999999999,
    2.025046796916E-13,18.),(-113.9999999999,0.,3.,39.650002000038),
  .UNSPECIFIED.);
#2259 = CARTESIAN_POINT('',(-9.398642467608,130.73304119909,
    -111.6019480523));
#2260 = CARTESIAN_POINT('',(-9.398642467608,130.73304119909,
    2.398051947622));
#2261 = CARTESIAN_POINT('',(-9.398642467608,130.73304119909,
    5.398051947622));
#2262 = CARTESIAN_POINT('',(-9.398642467608,130.73304119909,
    42.04805394766));
#2263 = CARTESIAN_POINT('',(39.101357532392,130.73304119907,
    -111.6019480523));
#2264 = CARTESIAN_POINT('',(39.101357532392,130.73304119907,
    2.398051947622));
#2265 = CARTESIAN_POINT('',(39.101357532392,130.73304119907,
    5.398051947622));
#2266 = CARTESIAN_POINT('',(39.101357532392,130.73304119907,
    42.04805394766));
#2267 = CARTESIAN_POINT('',(57.101357532392,130.73304119906,
    -111.6019480523));
#2268 = CARTESIAN_POINT('',(57.101357532392,130.73304119906,
    2.398051947622));
#2269 = CARTESIAN_POINT('',(57.101357532392,130.73304119906,
    5.398051947622));
#2270 = CARTESIAN_POINT('',(57.101357532392,130.73304119906,
    42.04805394766));
#2271 = ADVANCED_FACE('',(#2272),#2283,.T.);
#2272 = FACE_BOUND('',#2273,.T.);
#2273 = EDGE_LOOP('',(#2274,#2275,#2281,#2282));
#2274 = ORIENTED_EDGE('',*,*,#771,.T.);
#2275 = ORIENTED_EDGE('',*,*,#2276,.F.);
#2276 = EDGE_CURVE('',#587,#772,#2277,.T.);
#2277 = LINE('',#2278,#2279);
#2278 = CARTESIAN_POINT('',(48.101357532392,130.08304119906,
    2.398051947622));
#2279 = VECTOR('',#2280,1.);
#2280 = DIRECTION('',(-1.,4.042198674546E-13,0.));
#2281 = ORIENTED_EDGE('',*,*,#586,.T.);
#2282 = ORIENTED_EDGE('',*,*,#53,.T.);
#2283 = PLANE('',#2284);
#2284 = AXIS2_PLACEMENT_3D('',#2285,#2286,#2287);
#2285 = CARTESIAN_POINT('',(48.101357532392,130.08304119906,
    3.898051947622));
#2286 = DIRECTION('',(-4.042198674546E-13,-1.,0.));
#2287 = DIRECTION('',(-0.,0.,-1.));
#2288 = ADVANCED_FACE('',(#2289),#2295,.F.);
#2289 = FACE_BOUND('',#2290,.T.);
#2290 = EDGE_LOOP('',(#2291,#2292,#2293,#2294));
#2291 = ORIENTED_EDGE('',*,*,#830,.T.);
#2292 = ORIENTED_EDGE('',*,*,#2251,.T.);
#2293 = ORIENTED_EDGE('',*,*,#594,.T.);
#2294 = ORIENTED_EDGE('',*,*,#2276,.T.);
#2295 = PLANE('',#2296);
#2296 = AXIS2_PLACEMENT_3D('',#2297,#2298,#2299);
#2297 = CARTESIAN_POINT('',(48.101357532392,130.73304119906,
    2.398051947622));
#2298 = DIRECTION('',(0.,0.,1.));
#2299 = DIRECTION('',(1.,0.,-0.));
#2300 = ADVANCED_FACE('',(#2301),#2311,.F.);
#2301 = FACE_BOUND('',#2302,.F.);
#2302 = EDGE_LOOP('',(#2303,#2304,#2305,#2310));
#2303 = ORIENTED_EDGE('',*,*,#299,.F.);
#2304 = ORIENTED_EDGE('',*,*,#511,.F.);
#2305 = ORIENTED_EDGE('',*,*,#2306,.T.);
#2306 = EDGE_CURVE('',#512,#908,#2307,.T.);
#2307 = B_SPLINE_CURVE_WITH_KNOTS('',1,(#2308,#2309),.UNSPECIFIED.,.F.,
  .F.,(2,2),(11.680368444824,17.933183469316),.PIECEWISE_BEZIER_KNOTS.);
#2308 = CARTESIAN_POINT('',(50.781725977216,130.73304119906,
    2.398051947622));
#2309 = CARTESIAN_POINT('',(57.034541001707,130.73304119905,
    2.398051947622));
#2310 = ORIENTED_EDGE('',*,*,#907,.F.);
#2311 = B_SPLINE_SURFACE_WITH_KNOTS('',1,1,(
    (#2312,#2313,#2314)
    ,(#2315,#2316,#2317)
    ,(#2318,#2319,#2320
    )),.UNSPECIFIED.,.F.,.F.,.F.,(2,1,2),(2,1,2),(2.025046796916E-13,18.
    ,66.499999999999),(0.,3.,10.5),.UNSPECIFIED.);
#2312 = CARTESIAN_POINT('',(39.101357532392,130.73304119907,
    2.398051947622));
#2313 = CARTESIAN_POINT('',(39.101357532392,130.73304119907,
    5.398051947622));
#2314 = CARTESIAN_POINT('',(39.101357532392,130.73304119907,
    12.898051947622));
#2315 = CARTESIAN_POINT('',(57.101357532392,130.73304119906,
    2.398051947622));
#2316 = CARTESIAN_POINT('',(57.101357532392,130.73304119906,
    5.398051947622));
#2317 = CARTESIAN_POINT('',(57.101357532392,130.73304119906,
    12.898051947622));
#2318 = CARTESIAN_POINT('',(105.60135753239,130.73304119904,
    2.398051947622));
#2319 = CARTESIAN_POINT('',(105.60135753239,130.73304119904,
    5.398051947622));
#2320 = CARTESIAN_POINT('',(105.60135753239,130.73304119904,
    12.898051947622));
#2321 = ADVANCED_FACE('',(#2322),#2333,.T.);
#2322 = FACE_BOUND('',#2323,.T.);
#2323 = EDGE_LOOP('',(#2324,#2325,#2326,#2327));
#2324 = ORIENTED_EDGE('',*,*,#947,.T.);
#2325 = ORIENTED_EDGE('',*,*,#179,.T.);
#2326 = ORIENTED_EDGE('',*,*,#529,.T.);
#2327 = ORIENTED_EDGE('',*,*,#2328,.T.);
#2328 = EDGE_CURVE('',#521,#948,#2329,.T.);
#2329 = LINE('',#2330,#2331);
#2330 = CARTESIAN_POINT('',(48.101357532392,130.08304119906,
    2.398051947622));
#2331 = VECTOR('',#2332,1.);
#2332 = DIRECTION('',(1.,-4.042198674546E-13,0.));
#2333 = PLANE('',#2334);
#2334 = AXIS2_PLACEMENT_3D('',#2335,#2336,#2337);
#2335 = CARTESIAN_POINT('',(48.101357532392,130.08304119906,
    3.898051947622));
#2336 = DIRECTION('',(-4.042198674546E-13,-1.,0.));
#2337 = DIRECTION('',(-0.,0.,-1.));
#2338 = ADVANCED_FACE('',(#2339),#2345,.F.);
#2339 = FACE_BOUND('',#2340,.T.);
#2340 = EDGE_LOOP('',(#2341,#2342,#2343,#2344));
#2341 = ORIENTED_EDGE('',*,*,#956,.T.);
#2342 = ORIENTED_EDGE('',*,*,#2328,.F.);
#2343 = ORIENTED_EDGE('',*,*,#520,.T.);
#2344 = ORIENTED_EDGE('',*,*,#2306,.T.);
#2345 = PLANE('',#2346);
#2346 = AXIS2_PLACEMENT_3D('',#2347,#2348,#2349);
#2347 = CARTESIAN_POINT('',(48.101357532392,130.73304119906,
    2.398051947622));
#2348 = DIRECTION('',(0.,0.,1.));
#2349 = DIRECTION('',(1.,0.,-0.));
#2350 = ADVANCED_FACE('',(#2351),#2362,.T.);
#2351 = FACE_BOUND('',#2352,.T.);
#2352 = EDGE_LOOP('',(#2353,#2354,#2355,#2356));
#2353 = ORIENTED_EDGE('',*,*,#536,.T.);
#2354 = ORIENTED_EDGE('',*,*,#227,.T.);
#2355 = ORIENTED_EDGE('',*,*,#983,.T.);
#2356 = ORIENTED_EDGE('',*,*,#2357,.F.);
#2357 = EDGE_CURVE('',#537,#984,#2358,.T.);
#2358 = LINE('',#2359,#2360);
#2359 = CARTESIAN_POINT('',(48.426357532397,130.40804119905,
    2.398051947622));
#2360 = VECTOR('',#2361,1.);
#2361 = DIRECTION('',(-2.021099337273E-13,-1.,0.));
#2362 = PLANE('',#2363);
#2363 = AXIS2_PLACEMENT_3D('',#2364,#2365,#2366);
#2364 = CARTESIAN_POINT('',(48.426357532397,130.40804119905,
    3.898051947622));
#2365 = DIRECTION('',(1.,-2.021099337273E-13,0.));
#2366 = DIRECTION('',(0.,0.,-1.));
#2367 = ADVANCED_FACE('',(#2368),#2379,.F.);
#2368 = FACE_BOUND('',#2369,.T.);
#2369 = EDGE_LOOP('',(#2370,#2371,#2372,#2373,#2374));
#2370 = ORIENTED_EDGE('',*,*,#569,.T.);
#2371 = ORIENTED_EDGE('',*,*,#544,.T.);
#2372 = ORIENTED_EDGE('',*,*,#2357,.T.);
#2373 = ORIENTED_EDGE('',*,*,#1009,.T.);
#2374 = ORIENTED_EDGE('',*,*,#2375,.T.);
#2375 = EDGE_CURVE('',#1002,#570,#2376,.T.);
#2376 = B_SPLINE_CURVE_WITH_KNOTS('',1,(#2377,#2378),.UNSPECIFIED.,.F.,
  .F.,(2,2),(2.550179735712,6.319631555192),.PIECEWISE_BEZIER_KNOTS.);
#2377 = CARTESIAN_POINT('',(47.776357532395,123.95822093477,
    2.398051947622));
#2378 = CARTESIAN_POINT('',(47.776357532395,127.72767275424,
    2.398051947622));
#2379 = PLANE('',#2380);
#2380 = AXIS2_PLACEMENT_3D('',#2381,#2382,#2383);
#2381 = CARTESIAN_POINT('',(48.101357532392,130.73304119906,
    2.398051947622));
#2382 = DIRECTION('',(0.,0.,1.));
#2383 = DIRECTION('',(1.,0.,-0.));
#2384 = ADVANCED_FACE('',(#2385),#2391,.F.);
#2385 = FACE_BOUND('',#2386,.F.);
#2386 = EDGE_LOOP('',(#2387,#2388,#2389,#2390));
#2387 = ORIENTED_EDGE('',*,*,#101,.F.);
#2388 = ORIENTED_EDGE('',*,*,#1001,.F.);
#2389 = ORIENTED_EDGE('',*,*,#2375,.T.);
#2390 = ORIENTED_EDGE('',*,*,#578,.F.);
#2391 = B_SPLINE_SURFACE_WITH_KNOTS('',1,1,(
    (#2392,#2393,#2394)
    ,(#2395,#2396,#2397)
    ,(#2398,#2399,#2400)
    ,(#2401,#2402,#2403
    )),.UNSPECIFIED.,.F.,.F.,.F.,(2,1,1,2),(2,1,2),(-66.20000000002,
    -3.4354741274E-12,18.000000000003,20.700000000005),(0.,3.,10.5),
  .UNSPECIFIED.);
#2392 = CARTESIAN_POINT('',(47.776357532377,55.208041199061,
    2.398051947622));
#2393 = CARTESIAN_POINT('',(47.776357532377,55.208041199061,
    5.398051947622));
#2394 = CARTESIAN_POINT('',(47.776357532377,55.208041199061,
    12.898051947622));
#2395 = CARTESIAN_POINT('',(47.776357532392,121.40804119905,
    2.398051947622));
#2396 = CARTESIAN_POINT('',(47.776357532392,121.40804119905,
    5.398051947622));
#2397 = CARTESIAN_POINT('',(47.776357532392,121.40804119905,
    12.898051947622));
#2398 = CARTESIAN_POINT('',(47.776357532395,139.40804119905,
    2.398051947622));
#2399 = CARTESIAN_POINT('',(47.776357532395,139.40804119905,
    5.398051947622));
#2400 = CARTESIAN_POINT('',(47.776357532395,139.40804119905,
    12.898051947622));
#2401 = CARTESIAN_POINT('',(47.776357532395,142.10804119905,
    2.398051947622));
#2402 = CARTESIAN_POINT('',(47.776357532395,142.10804119905,
    5.398051947622));
#2403 = CARTESIAN_POINT('',(47.776357532395,142.10804119905,
    12.898051947622));
#2404 = ADVANCED_FACE('',(#2405),#2420,.F.);
#2405 = FACE_BOUND('',#2406,.T.);
#2406 = EDGE_LOOP('',(#2407,#2408,#2414,#2415));
#2407 = ORIENTED_EDGE('',*,*,#893,.T.);
#2408 = ORIENTED_EDGE('',*,*,#2409,.T.);
#2409 = EDGE_CURVE('',#886,#496,#2410,.T.);
#2410 = LINE('',#2411,#2412);
#2411 = CARTESIAN_POINT('',(48.426357532397,130.40804119905,
    2.398051947622));
#2412 = VECTOR('',#2413,1.);
#2413 = DIRECTION('',(-2.021099337273E-13,-1.,0.));
#2414 = ORIENTED_EDGE('',*,*,#495,.T.);
#2415 = ORIENTED_EDGE('',*,*,#2416,.T.);
#2416 = EDGE_CURVE('',#487,#858,#2417,.T.);
#2417 = B_SPLINE_CURVE_WITH_KNOTS('',1,(#2418,#2419),.UNSPECIFIED.,.F.,
  .F.,(2,2),(11.680368444836,16.535422843292),.PIECEWISE_BEZIER_KNOTS.);
#2418 = CARTESIAN_POINT('',(47.776357532395,133.08840964389,
    2.398051947622));
#2419 = CARTESIAN_POINT('',(47.776357532395,137.94346404235,
    2.398051947622));
#2420 = PLANE('',#2421);
#2421 = AXIS2_PLACEMENT_3D('',#2422,#2423,#2424);
#2422 = CARTESIAN_POINT('',(48.101357532392,130.73304119906,
    2.398051947622));
#2423 = DIRECTION('',(0.,0.,1.));
#2424 = DIRECTION('',(1.,0.,-0.));
#2425 = ADVANCED_FACE('',(#2426),#2432,.F.);
#2426 = FACE_BOUND('',#2427,.F.);
#2427 = EDGE_LOOP('',(#2428,#2429,#2430,#2431));
#2428 = ORIENTED_EDGE('',*,*,#449,.F.);
#2429 = ORIENTED_EDGE('',*,*,#486,.F.);
#2430 = ORIENTED_EDGE('',*,*,#2416,.T.);
#2431 = ORIENTED_EDGE('',*,*,#857,.F.);
#2432 = B_SPLINE_SURFACE_WITH_KNOTS('',1,1,(
    (#2433,#2434,#2435)
    ,(#2436,#2437,#2438)
    ,(#2439,#2440,#2441)
    ,(#2442,#2443,#2444
    )),.UNSPECIFIED.,.F.,.F.,.F.,(2,1,1,2),(2,1,2),(-66.20000000002,
    -3.4354741274E-12,18.000000000003,20.700000000005),(0.,3.,10.5),
  .UNSPECIFIED.);
#2433 = CARTESIAN_POINT('',(47.776357532377,55.208041199061,
    2.398051947622));
#2434 = CARTESIAN_POINT('',(47.776357532377,55.208041199061,
    5.398051947622));
#2435 = CARTESIAN_POINT('',(47.776357532377,55.208041199061,
    12.898051947622));
#2436 = CARTESIAN_POINT('',(47.776357532392,121.40804119905,
    2.398051947622));
#2437 = CARTESIAN_POINT('',(47.776357532392,121.40804119905,
    5.398051947622));
#2438 = CARTESIAN_POINT('',(47.776357532392,121.40804119905,
    12.898051947622));
#2439 = CARTESIAN_POINT('',(47.776357532395,139.40804119905,
    2.398051947622));
#2440 = CARTESIAN_POINT('',(47.776357532395,139.40804119905,
    5.398051947622));
#2441 = CARTESIAN_POINT('',(47.776357532395,139.40804119905,
    12.898051947622));
#2442 = CARTESIAN_POINT('',(47.776357532395,142.10804119905,
    2.398051947622));
#2443 = CARTESIAN_POINT('',(47.776357532395,142.10804119905,
    5.398051947622));
#2444 = CARTESIAN_POINT('',(47.776357532395,142.10804119905,
    12.898051947622));
#2445 = ADVANCED_FACE('',(#2446),#2452,.T.);
#2446 = FACE_BOUND('',#2447,.T.);
#2447 = EDGE_LOOP('',(#2448,#2449,#2450,#2451));
#2448 = ORIENTED_EDGE('',*,*,#885,.T.);
#2449 = ORIENTED_EDGE('',*,*,#347,.T.);
#2450 = ORIENTED_EDGE('',*,*,#504,.T.);
#2451 = ORIENTED_EDGE('',*,*,#2409,.F.);
#2452 = PLANE('',#2453);
#2453 = AXIS2_PLACEMENT_3D('',#2454,#2455,#2456);
#2454 = CARTESIAN_POINT('',(48.426357532397,130.40804119905,
    3.898051947622));
#2455 = DIRECTION('',(1.,-2.021099337273E-13,0.));
#2456 = DIRECTION('',(0.,0.,-1.));
#2457 = ( GEOMETRIC_REPRESENTATION_CONTEXT(3) 
GLOBAL_UNCERTAINTY_ASSIGNED_CONTEXT((#2461)) 
GLOBAL_UNIT_ASSIGNED_CONTEXT((#2458,#2459,#2460)) REPRESENTATION_CONTEXT
('Context #1','3D Context with UNIT and UNCERTAINTY') );
#2458 = ( LENGTH_UNIT() NAMED_UNIT(*) SI_UNIT(.MILLI.,.METRE.) );
#2459 = ( NAMED_UNIT(*) PLANE_ANGLE_UNIT() SI_UNIT($,.RADIAN.) );
#2460 = ( NAMED_UNIT(*) SI_UNIT($,.STERADIAN.) SOLID_ANGLE_UNIT() );
#2461 = UNCERTAINTY_MEASURE_WITH_UNIT(LENGTH_MEASURE(1.E-03),#2458,
  'distance_accuracy_value','confusion accuracy');
#2462 = PRODUCT_RELATED_PRODUCT_CATEGORY('part',$,(#7));
#2463 = MECHANICAL_DESIGN_GEOMETRIC_PRESENTATION_REPRESENTATION('',(
    #2464),#2457);
#2464 = STYLED_ITEM('color',(#2465),#15);
#2465 = PRESENTATION_STYLE_ASSIGNMENT((#2466,#2472));
#2466 = SURFACE_STYLE_USAGE(.BOTH.,#2467);
#2467 = SURFACE_SIDE_STYLE('',(#2468));
#2468 = SURFACE_STYLE_FILL_AREA(#2469);
#2469 = FILL_AREA_STYLE('',(#2470));
#2470 = FILL_AREA_STYLE_COLOUR('',#2471);
#2471 = DRAUGHTING_PRE_DEFINED_COLOUR('white');
#2472 = CURVE_STYLE('',#2473,POSITIVE_LENGTH_MEASURE(0.1),#2474);
#2473 = DRAUGHTING_PRE_DEFINED_CURVE_FONT('continuous');
#2474 = COLOUR_RGB('',9.803921802644E-02,9.803921802644E-02,
  9.803921802644E-02);
ENDSEC;
END-ISO-10303-21;
