ISO-10303-21;
HEADER;
FILE_DESCRIPTION(('FreeCAD Model'),'2;1');
FILE_NAME('Open CASCADE Shape Model','2026-09-10T09:34:22',('Author'),(
    ''),'Open CASCADE STEP processor 7.8','FreeCAD','Unknown');
FILE_SCHEMA(('AUTOMOTIVE_DESIGN { 1 0 10303 214 1 1 1 1 }'));
ENDSEC;
DATA;
#1 = APPLICATION_PROTOCOL_DEFINITION('international standard',
  'automotive_design',2000,#2);
#2 = APPLICATION_CONTEXT(
  'core data for automotive mechanical design processes');
#3 = SHAPE_DEFINITION_REPRESENTATION(#4,#10);
#4 = PRODUCT_DEFINITION_SHAPE('','',#5);
#5 = PRODUCT_DEFINITION('design','',#6,#9);
#6 = PRODUCT_DEFINITION_FORMATION('','',#7);
#7 = PRODUCT('Product036','Product036','',(#8));
#8 = PRODUCT_CONTEXT('',#2,'mechanical');
#9 = PRODUCT_DEFINITION_CONTEXT('part definition',#2,'design');
#10 = ADVANCED_BREP_SHAPE_REPRESENTATION('',(#11,#15),#2409);
#11 = AXIS2_PLACEMENT_3D('',#12,#13,#14);
#12 = CARTESIAN_POINT('',(0.,0.,0.));
#13 = DIRECTION('',(0.,0.,1.));
#14 = DIRECTION('',(1.,0.,-0.));
#15 = MANIFOLD_SOLID_BREP('',#16);
#16 = CLOSED_SHELL('',(#17,#134,#245,#332,#446,#579,#729,#815,#865,#941,
    #981,#1063,#1144,#1194,#1279,#1350,#1414,#1506,#1556,#1610,#1644,
    #1685,#1702,#1743,#1761,#1802,#1831,#1872,#1884,#1991,#2013,#2030,
    #2047,#2064,#2081,#2098,#2115,#2132,#2149,#2166,#2183,#2195,#2221,
    #2238,#2250,#2273,#2290,#2302,#2319,#2336,#2356,#2377,#2397));
#17 = ADVANCED_FACE('',(#18),#109,.F.);
#18 = FACE_BOUND('',#19,.F.);
#19 = EDGE_LOOP('',(#20,#55,#67,#82,#100));
#20 = ORIENTED_EDGE('',*,*,#21,.T.);
#21 = EDGE_CURVE('',#22,#24,#26,.T.);
#22 = VERTEX_POINT('',#23);
#23 = CARTESIAN_POINT('',(91.970107532401,127.72767275425,5.183010722765
    ));
#24 = VERTEX_POINT('',#25);
#25 = CARTESIAN_POINT('',(89.614739087585,130.08304119906,4.999440634598
    ));
#26 = B_SPLINE_CURVE_WITH_KNOTS('',3,(#27,#28,#29,#30,#31,#32,#33,#34,
    #35,#36,#37,#38,#39,#40,#41,#42,#43,#44,#45,#46,#47,#48,#49,#50,#51,
    #52,#53,#54),.UNSPECIFIED.,.F.,.F.,(4,3,3,3,3,3,3,3,3,4),(
    9.479324539153E-02,0.604814365771,1.202121475254,1.469839418624,
    1.79535856359,2.418713600229,3.012042711092,3.107668986291,
    3.645443876088,3.696521027269),.UNSPECIFIED.);
#27 = CARTESIAN_POINT('',(91.970107532404,127.72767275425,5.183010722765
    ));
#28 = CARTESIAN_POINT('',(91.801483337998,127.74811875449,5.181645582143
    ));
#29 = CARTESIAN_POINT('',(91.635105385703,127.78443916596,5.17923424729)
  );
#30 = CARTESIAN_POINT('',(91.473200136877,127.83618034814,5.175755225708
    ));
#31 = CARTESIAN_POINT('',(91.283586116407,127.89677661448,5.171680797767
    ));
#32 = CARTESIAN_POINT('',(91.101555954241,127.97805967499,5.166173141118
    ));
#33 = CARTESIAN_POINT('',(90.930337821495,128.0783623791,5.15919854538)
  );
#34 = CARTESIAN_POINT('',(90.853596450702,128.1233188734,5.156072474391)
  );
#35 = CARTESIAN_POINT('',(90.779027069343,128.17209616357,5.152650942133
    ));
#36 = CARTESIAN_POINT('',(90.706920117225,128.22454383583,5.14892767266)
  );
#37 = CARTESIAN_POINT('',(90.61924503238,128.28831513637,5.144400536825)
  );
#38 = CARTESIAN_POINT('',(90.535661624786,128.35718418498,5.139450514029
    ));
#39 = CARTESIAN_POINT('',(90.456570357801,128.43072440205,5.134077261616
    ));
#40 = CARTESIAN_POINT('',(90.305114013707,128.57155072643,5.123787716417
    ));
#41 = CARTESIAN_POINT('',(90.170131772573,128.7295064009,5.11194509897)
  );
#42 = CARTESIAN_POINT('',(90.054432915914,128.90159595542,5.098547886235
    ));
#43 = CARTESIAN_POINT('',(89.944307071548,129.065396256,5.08579599389));
#44 = CARTESIAN_POINT('',(89.852578861939,129.24062226368,5.071740176397
    ));
#45 = CARTESIAN_POINT('',(89.780782413176,129.42408531756,5.056478460645
    ));
#46 = CARTESIAN_POINT('',(89.769211049422,129.45365387936,5.054018744774
    ));
#47 = CARTESIAN_POINT('',(89.758157423887,129.4834364124,5.051527814783)
  );
#48 = CARTESIAN_POINT('',(89.74762796174,129.51341958001,5.049006214541)
  );
#49 = CARTESIAN_POINT('',(89.688413270549,129.68203636083,5.034825454156
    ));
#50 = CARTESIAN_POINT('',(89.646138379803,129.85596490327,5.019757458688
    ));
#51 = CARTESIAN_POINT('',(89.621333610434,130.03263082116,5.003961037642
    ));
#52 = CARTESIAN_POINT('',(89.618977686089,130.0494103175,5.002460714363)
  );
#53 = CARTESIAN_POINT('',(89.616779360318,130.06621451119,5.00095385883)
  );
#54 = CARTESIAN_POINT('',(89.614739088472,130.08304119882,4.999440631913
    ));
#55 = ORIENTED_EDGE('',*,*,#56,.T.);
#56 = EDGE_CURVE('',#24,#57,#59,.T.);
#57 = VERTEX_POINT('',#58);
#58 = CARTESIAN_POINT('',(82.315160653172,130.08304119907,5.474056317947
    ));
#59 = B_SPLINE_CURVE_WITH_KNOTS('',3,(#60,#61,#62,#63,#64,#65,#66),
  .UNSPECIFIED.,.F.,.F.,(4,3,4),(2.451437983499,4.986932276294,
    9.777045241222),.UNSPECIFIED.);
#60 = CARTESIAN_POINT('',(89.61473908848,130.08304119882,4.999440631913)
  );
#61 = CARTESIAN_POINT('',(88.770799305414,130.08304132502,5.022601219613
    ));
#62 = CARTESIAN_POINT('',(87.92745595855,130.08304115998,5.056736399708)
  );
#63 = CARTESIAN_POINT('',(87.084589610702,130.08304114886,5.101803213045
    ));
#64 = CARTESIAN_POINT('',(85.492233846719,130.08304112785,5.186944113692
    ));
#65 = CARTESIAN_POINT('',(83.901478899323,130.08304119706,5.311124011168
    ));
#66 = CARTESIAN_POINT('',(82.315160653176,130.08304119907,5.474056317946
    ));
#67 = ORIENTED_EDGE('',*,*,#68,.T.);
#68 = EDGE_CURVE('',#57,#69,#71,.T.);
#69 = VERTEX_POINT('',#70);
#70 = CARTESIAN_POINT('',(82.339800016856,125.64697229094,5.885226527191
    ));
#71 = B_SPLINE_CURVE_WITH_KNOTS('',3,(#72,#73,#74,#75,#76,#77,#78,#79,
    #80,#81),.UNSPECIFIED.,.F.,.F.,(4,3,3,4),(0.103253474281,
    2.330467628291,2.690898887037,4.557681782301),.UNSPECIFIED.);
#72 = CARTESIAN_POINT('',(82.315160653161,130.08304119907,5.474056317948
    ));
#73 = CARTESIAN_POINT('',(82.319478862847,129.34378737408,5.54255393616)
  );
#74 = CARTESIAN_POINT('',(82.323687632828,128.6042433439,5.611090149078)
  );
#75 = CARTESIAN_POINT('',(82.327791297038,127.86498255327,5.679610991443
    ));
#76 = CARTESIAN_POINT('',(82.328455395214,127.74534758381,5.690699756041
    ));
#77 = CARTESIAN_POINT('',(82.329116725838,127.625722787,5.701787862726)
  );
#78 = CARTESIAN_POINT('',(82.32977544053,127.50608625547,5.712877338811)
  );
#79 = CARTESIAN_POINT('',(82.333187123868,126.8864523439,5.770313101582)
  );
#80 = CARTESIAN_POINT('',(82.33652788224,126.26663851631,5.827773098112)
  );
#81 = CARTESIAN_POINT('',(82.339800016856,125.64697229093,5.885226527094
    ));
#82 = ORIENTED_EDGE('',*,*,#83,.T.);
#83 = EDGE_CURVE('',#69,#84,#86,.T.);
#84 = VERTEX_POINT('',#85);
#85 = CARTESIAN_POINT('',(91.970107532405,125.41151019674,5.399010823298
    ));
#86 = B_SPLINE_CURVE_WITH_KNOTS('',3,(#87,#88,#89,#90,#91,#92,#93,#94,
    #95,#96,#97,#98,#99),.UNSPECIFIED.,.F.,.F.,(4,3,3,3,4),(
    0.215992764433,4.953622876766,7.457611986185,8.351523731171,
    9.863908925837),.UNSPECIFIED.);
#87 = CARTESIAN_POINT('',(82.339800016865,125.64697229093,5.885226527093
    ));
#88 = CARTESIAN_POINT('',(83.909756505756,125.57244261868,5.731327009474
    ));
#89 = CARTESIAN_POINT('',(85.48443061291,125.51548190617,5.613705819639)
  );
#90 = CARTESIAN_POINT('',(87.061075910634,125.47624439263,5.532682783246
    ));
#91 = CARTESIAN_POINT('',(87.894383398814,125.45550611123,5.489859515997
    ));
#92 = CARTESIAN_POINT('',(88.728204689305,125.43971901855,5.457257243887
    ));
#93 = CARTESIAN_POINT('',(89.562649207424,125.42890266554,5.434918590819
    ));
#94 = CARTESIAN_POINT('',(89.860541779113,125.42504128094,5.426943802003
    ));
#95 = CARTESIAN_POINT('',(90.158513812635,125.42181343926,5.420277543864
    ));
#96 = CARTESIAN_POINT('',(90.456570357801,125.41922017955,5.414923358841
    ));
#97 = CARTESIAN_POINT('',(90.96084419536,125.41483271332,5.40586475747)
  );
#98 = CARTESIAN_POINT('',(91.465348476005,125.41226170613,5.40056198452)
  );
#99 = CARTESIAN_POINT('',(91.970107532399,125.41151019674,5.399010823298
    ));
#100 = ORIENTED_EDGE('',*,*,#101,.T.);
#101 = EDGE_CURVE('',#84,#22,#102,.T.);
#102 = B_SPLINE_CURVE_WITH_KNOTS('',3,(#103,#104,#105,#106,#107,#108),
  .UNSPECIFIED.,.F.,.F.,(4,2,4),(0.224473772977,2.486053760791,
    2.550686367784),.UNSPECIFIED.);
#103 = CARTESIAN_POINT('',(91.970107532401,125.41151019674,
    5.399010823298));
#104 = CARTESIAN_POINT('',(91.970107532401,126.1621132586,5.329011273268
    ));
#105 = CARTESIAN_POINT('',(91.970107532401,126.91271632046,
    5.259011723238));
#106 = CARTESIAN_POINT('',(91.970107532397,127.68477050629,
    5.187011689727));
#107 = CARTESIAN_POINT('',(91.970107532401,127.70622163027,
    5.185011206246));
#108 = CARTESIAN_POINT('',(91.970107532401,127.72767275424,
    5.183010722765));
#109 = B_SPLINE_SURFACE_WITH_KNOTS('',3,3,(
    (#110,#111,#112,#113,#114,#115)
    ,(#116,#117,#118,#119,#120,#121)
    ,(#122,#123,#124,#125,#126,#127)
    ,(#128,#129,#130,#131,#132,#133
    )),.UNSPECIFIED.,.F.,.F.,.F.,(4,4),(4,2,4),(0.172153541417,
    0.220574854784),(4.296465195516E-02,0.126094579381,0.141500880454),
  .UNSPECIFIED.);
#110 = CARTESIAN_POINT('',(82.315160653161,130.12692116377,
    5.469964171326));
#111 = CARTESIAN_POINT('',(85.016309216149,130.10127103542,
    5.194918619417));
#112 = CARTESIAN_POINT('',(87.734719735403,130.08596718854,
    5.030815931422));
#113 = CARTESIAN_POINT('',(90.961005420646,130.08036692957,
    4.970764523448));
#114 = CARTESIAN_POINT('',(91.465547145453,130.0798547223,4.965272140361
    ));
#115 = CARTESIAN_POINT('',(91.970107532405,130.07970489121,
    4.963665506086));
#116 = CARTESIAN_POINT('',(82.315160653161,128.57085626561,
    5.615079277063));
#117 = CARTESIAN_POINT('',(85.016309216149,128.54520613727,
    5.340033725154));
#118 = CARTESIAN_POINT('',(87.734719735403,128.52990229039,
    5.175931037159));
#119 = CARTESIAN_POINT('',(90.961005420646,128.52430203141,
    5.115879629186));
#120 = CARTESIAN_POINT('',(91.465547145453,128.52378982414,
    5.110387246098));
#121 = CARTESIAN_POINT('',(91.970107532405,128.52363999305,
    5.108780611823));
#122 = CARTESIAN_POINT('',(82.315160653161,127.01479136745,5.7601943828)
  );
#123 = CARTESIAN_POINT('',(85.016309216149,126.98914123911,
    5.485148830891));
#124 = CARTESIAN_POINT('',(87.734719735403,126.97383739225,
    5.321046142896));
#125 = CARTESIAN_POINT('',(90.961005420646,126.96823713326,
    5.260994734923));
#126 = CARTESIAN_POINT('',(91.465547145453,126.96772492599,
    5.255502351835));
#127 = CARTESIAN_POINT('',(91.970107532405,126.9675750949,5.253895717561
    ));
#128 = CARTESIAN_POINT('',(82.315160653161,125.4587264693,5.905309488538
    ));
#129 = CARTESIAN_POINT('',(85.016309216149,125.43307634096,
    5.630263936628));
#130 = CARTESIAN_POINT('',(87.734719735403,125.41777249409,
    5.466161248633));
#131 = CARTESIAN_POINT('',(90.961005420646,125.4121722351,5.40610984066)
  );
#132 = CARTESIAN_POINT('',(91.465547145453,125.41166002783,
    5.400617457573));
#133 = CARTESIAN_POINT('',(91.970107532405,125.41151019674,
    5.399010823298));
#134 = ADVANCED_FACE('',(#135),#228,.F.);
#135 = FACE_BOUND('',#136,.F.);
#136 = EDGE_LOOP('',(#137,#150,#171,#189,#219));
#137 = ORIENTED_EDGE('',*,*,#138,.T.);
#138 = EDGE_CURVE('',#139,#141,#143,.T.);
#139 = VERTEX_POINT('',#140);
#140 = CARTESIAN_POINT('',(92.620107532406,125.4115471176,5.399087062745
    ));
#141 = VERTEX_POINT('',#142);
#142 = CARTESIAN_POINT('',(102.25027921452,125.64712961051,
    5.885551383062));
#143 = B_SPLINE_CURVE_WITH_KNOTS('',3,(#144,#145,#146,#147,#148,#149),
  .UNSPECIFIED.,.F.,.F.,(4,2,4),(9.413120177928E-02,4.980744516724,
    9.743112805788),.UNSPECIFIED.);
#144 = CARTESIAN_POINT('',(92.620107532417,125.4115471176,5.399087062745
    ));
#145 = CARTESIAN_POINT('',(94.248981074616,125.41415531571,
    5.404472842074));
#146 = CARTESIAN_POINT('',(95.878037263206,125.43566925458,
    5.448897890476));
#147 = CARTESIAN_POINT('',(99.089182532269,125.51519787852,5.61311993225
    ));
#148 = CARTESIAN_POINT('',(100.6721103478,125.57228788619,5.731007519875
    ));
#149 = CARTESIAN_POINT('',(102.2502792145,125.64712961059,5.885551383237
    ));
#150 = ORIENTED_EDGE('',*,*,#151,.T.);
#151 = EDGE_CURVE('',#141,#152,#154,.T.);
#152 = VERTEX_POINT('',#153);
#153 = CARTESIAN_POINT('',(102.27490938666,130.08304119906,
    5.474392279829));
#154 = B_SPLINE_CURVE_WITH_KNOTS('',3,(#155,#156,#157,#158,#159,#160,
    #161,#162,#163,#164,#165,#166,#167,#168,#169,#170),.UNSPECIFIED.,.F.
  ,.F.,(4,3,3,3,3,4),(0.413844841645,1.527394461455,2.090501694755,
    2.415161515229,2.697603390089,4.868043320885),.UNSPECIFIED.);
#155 = CARTESIAN_POINT('',(102.25027921443,125.6471296105,5.885551383087
    ));
#156 = CARTESIAN_POINT('',(102.2522304475,126.01677101957,5.851279164352
    ));
#157 = CARTESIAN_POINT('',(102.25420608976,126.38646492262,
    5.817004607682));
#158 = CARTESIAN_POINT('',(102.25620662953,126.75614182193,
    5.782734248828));
#159 = CARTESIAN_POINT('',(102.25721827589,126.94308251347,
    5.765404184127));
#160 = CARTESIAN_POINT('',(102.25823628901,127.13001885682,
    5.748075192891));
#161 = CARTESIAN_POINT('',(102.25926073204,127.31694186498,
    5.730748120304));
#162 = CARTESIAN_POINT('',(102.25985137529,127.4247124399,5.720758185984
    ));
#163 = CARTESIAN_POINT('',(102.26044415592,127.53247858206,
    5.710768889444));
#164 = CARTESIAN_POINT('',(102.26103908601,127.64023856908,
    5.700780392667));
#165 = CARTESIAN_POINT('',(102.26155665289,127.73398571872,
    5.692090774862));
#166 = CARTESIAN_POINT('',(102.26207585702,127.82773012745,
    5.683401584592));
#167 = CARTESIAN_POINT('',(102.26259677006,127.92148202269,
    5.674711875497));
#168 = CARTESIAN_POINT('',(102.26659975461,128.64192355473,
    5.607935333894));
#169 = CARTESIAN_POINT('',(102.27070262365,129.36262014027,
    5.541145491686));
#170 = CARTESIAN_POINT('',(102.27490938667,130.08304119904,
    5.474392279831));
#171 = ORIENTED_EDGE('',*,*,#172,.T.);
#172 = EDGE_CURVE('',#152,#173,#175,.T.);
#173 = VERTEX_POINT('',#174);
#174 = CARTESIAN_POINT('',(94.975475930478,130.08304112677,
    4.999982503927));
#175 = B_SPLINE_CURVE_WITH_KNOTS('',3,(#176,#177,#178,#179,#180,#181,
    #182,#183,#184,#185,#186,#187,#188),.UNSPECIFIED.,.F.,.F.,(4,3,3,3,4
    ),(0.191144538014,3.849010870155,4.692715566126,5.326798931812,
    7.506877202296),.UNSPECIFIED.);
#176 = CARTESIAN_POINT('',(102.27490938665,130.08304119905,
    5.474392279828));
#177 = CARTESIAN_POINT('',(101.06195992173,130.08304119833,
    5.349938273489));
#178 = CARTESIAN_POINT('',(99.846421323258,130.0830411084,5.248139229319
    ));
#179 = CARTESIAN_POINT('',(98.629562178974,130.08304107967,
    5.169055067385));
#180 = CARTESIAN_POINT('',(98.348887687031,130.08304107305,
    5.150813920021));
#181 = CARTESIAN_POINT('',(98.068142897418,130.08304106873,
    5.133781232164));
#182 = CARTESIAN_POINT('',(97.787343300722,130.08304106685,
    5.117957720777));
#183 = CARTESIAN_POINT('',(97.57630932852,130.08304106544,5.106065615156
    ));
#184 = CARTESIAN_POINT('',(97.365247494463,130.08304106533,
    5.094856599708));
#185 = CARTESIAN_POINT('',(97.154139451678,130.08304106677,
    5.084329835318));
#186 = CARTESIAN_POINT('',(96.42831682061,130.08304107171,5.048137164845
    ));
#187 = CARTESIAN_POINT('',(95.702006998423,130.08304109635,
    5.020012931117));
#188 = CARTESIAN_POINT('',(94.97547593048,130.08304112677,4.999982503927
    ));
#189 = ORIENTED_EDGE('',*,*,#190,.T.);
#190 = EDGE_CURVE('',#173,#191,#193,.T.);
#191 = VERTEX_POINT('',#192);
#192 = CARTESIAN_POINT('',(92.620107532406,127.72767275425,
    5.183090405368));
#193 = B_SPLINE_CURVE_WITH_KNOTS('',3,(#194,#195,#196,#197,#198,#199,
    #200,#201,#202,#203,#204,#205,#206,#207,#208,#209,#210,#211,#212,
    #213,#214,#215,#216,#217,#218),.UNSPECIFIED.,.F.,.F.,(4,3,3,3,3,3,3,
    3,4),(5.958541682073E-02,0.612015935865,1.077240563295,
    1.809642592468,2.121971030804,2.753079163305,2.979751769632,
    3.393556000678,3.664054829415),.UNSPECIFIED.);
#194 = CARTESIAN_POINT('',(94.97547593047,130.08304112675,4.999982503928
    ));
#195 = CARTESIAN_POINT('',(94.95342077389,129.90114676574,5.016337502591
    ));
#196 = CARTESIAN_POINT('',(94.912940261091,129.72224517762,
    5.031908142595));
#197 = CARTESIAN_POINT('',(94.854823356405,129.54905895061,
    5.046528553517));
#198 = CARTESIAN_POINT('',(94.805880703171,129.4032116537,5.058841007281
    ));
#199 = CARTESIAN_POINT('',(94.744430218799,129.26141781513,
    5.070480754549));
#200 = CARTESIAN_POINT('',(94.670942279124,129.12530614406,
    5.081377116546));
#201 = CARTESIAN_POINT('',(94.555250390277,128.91102586365,
    5.098531233352));
#202 = CARTESIAN_POINT('',(94.411271809392,128.71369745469,
    5.113613048284));
#203 = CARTESIAN_POINT('',(94.243149437435,128.53851379471,
    5.126574839192));
#204 = CARTESIAN_POINT('',(94.171454663539,128.46380777703,5.13210231693
    ));
#205 = CARTESIAN_POINT('',(94.095369265101,128.39312894476,
    5.137244943108));
#206 = CARTESIAN_POINT('',(94.01521475797,128.32688017948,5.142000840426
    ));
#207 = CARTESIAN_POINT('',(93.853250123637,128.19301425695,
    5.151610869827));
#208 = CARTESIAN_POINT('',(93.676364752687,128.0786392623,5.159544870908
    ));
#209 = CARTESIAN_POINT('',(93.488226733786,127.98596215932,
    5.165864251457));
#210 = CARTESIAN_POINT('',(93.420653947289,127.9526756916,5.16813395832)
  );
#211 = CARTESIAN_POINT('',(93.351629607546,127.92218821562,
    5.170194933418));
#212 = CARTESIAN_POINT('',(93.281323803785,127.89460182307,
    5.172048279884));
#213 = CARTESIAN_POINT('',(93.152976406476,127.84424123412,
    5.175431673325));
#214 = CARTESIAN_POINT('',(93.020946414587,127.80378033843,
    5.178108634971));
#215 = CARTESIAN_POINT('',(92.886392759839,127.77358076352,
    5.180092757387));
#216 = CARTESIAN_POINT('',(92.798436660177,127.753839666,5.181389754256)
  );
#217 = CARTESIAN_POINT('',(92.709563144378,127.73851942149,
    5.182388007737));
#218 = CARTESIAN_POINT('',(92.620107532416,127.72767275425,
    5.183090405368));
#219 = ORIENTED_EDGE('',*,*,#220,.T.);
#220 = EDGE_CURVE('',#191,#139,#221,.T.);
#221 = B_SPLINE_CURVE_WITH_KNOTS('',3,(#222,#223,#224,#225,#226,#227),
  .UNSPECIFIED.,.F.,.F.,(4,2,4),(2.421392704839,2.486021087259,
    4.747568218591),.UNSPECIFIED.);
#222 = CARTESIAN_POINT('',(92.620107532406,127.72767275429,
    5.183090405363));
#223 = CARTESIAN_POINT('',(92.620107532406,127.70622303243,
    5.185090758087));
#224 = CARTESIAN_POINT('',(92.620107532406,127.68477331056,
    5.187091110811));
#225 = CARTESIAN_POINT('',(92.620107532406,126.91273143167,
    5.259089996603));
#226 = CARTESIAN_POINT('',(92.620107532406,126.16213927466,
    5.329088529672));
#227 = CARTESIAN_POINT('',(92.620107532406,125.41154711764,
    5.399087062741));
#228 = B_SPLINE_SURFACE_WITH_KNOTS('',3,3,(
    (#229,#230,#231,#232)
    ,(#233,#234,#235,#236)
    ,(#237,#238,#239,#240)
    ,(#241,#242,#243,#244
    )),.UNSPECIFIED.,.F.,.F.,.F.,(4,4),(4,4),(0.172154061805,
    0.220574548234),(0.148116569613,0.246641677689),
  .PIECEWISE_BEZIER_KNOTS.);
#229 = CARTESIAN_POINT('',(92.620107531748,130.07966208867,
    4.963749180355));
#230 = CARTESIAN_POINT('',(95.846829258124,130.08069302218,
    4.974803849277));
#231 = CARTESIAN_POINT('',(99.072767820591,130.096526034,5.144580756986)
  );
#232 = CARTESIAN_POINT('',(102.27490938667,130.12690205519,
    5.470301915229));
#233 = CARTESIAN_POINT('',(92.620107531748,128.52362376498,
    5.108861807817));
#234 = CARTESIAN_POINT('',(95.846829258124,128.5246546985,5.119916476739
    ));
#235 = CARTESIAN_POINT('',(99.072767820591,128.54048771031,
    5.289693384449));
#236 = CARTESIAN_POINT('',(102.27490938667,128.5708637315,5.615414542692
    ));
#237 = CARTESIAN_POINT('',(92.620107531748,126.96758544129,5.25397443528
    ));
#238 = CARTESIAN_POINT('',(95.846829258124,126.9686163748,5.265029104202
    ));
#239 = CARTESIAN_POINT('',(99.072767820591,126.98444938661,
    5.434806011911));
#240 = CARTESIAN_POINT('',(102.27490938667,127.0148254078,5.760527170154
    ));
#241 = CARTESIAN_POINT('',(92.620107531748,125.4115471176,5.399087062743
    ));
#242 = CARTESIAN_POINT('',(95.846829258124,125.41257805111,
    5.410141731664));
#243 = CARTESIAN_POINT('',(99.072767820591,125.42841106293,
    5.579918639374));
#244 = CARTESIAN_POINT('',(102.27490938667,125.45878708412,
    5.905639797617));
#245 = ADVANCED_FACE('',(#246),#315,.F.);
#246 = FACE_BOUND('',#247,.F.);
#247 = EDGE_LOOP('',(#248,#265,#283,#295,#306));
#248 = ORIENTED_EDGE('',*,*,#249,.T.);
#249 = EDGE_CURVE('',#250,#252,#254,.T.);
#250 = VERTEX_POINT('',#251);
#251 = CARTESIAN_POINT('',(92.620107532406,133.0884096439,4.683160163709
    ));
#252 = VERTEX_POINT('',#253);
#253 = CARTESIAN_POINT('',(94.975475977222,130.73304119907,
    4.939365743916));
#254 = B_SPLINE_CURVE_WITH_KNOTS('',3,(#255,#256,#257,#258,#259,#260,
    #261,#262,#263,#264),.UNSPECIFIED.,.F.,.F.,(4,2,2,2,4),(
    9.497443187358E-02,0.829145170273,1.825875697408,2.837125534449,
    3.704440741031),.UNSPECIFIED.);
#255 = CARTESIAN_POINT('',(92.62010753241,133.0884096439,4.683160163709)
  );
#256 = CARTESIAN_POINT('',(92.862719155626,133.0589925025,4.686741950244
    ));
#257 = CARTESIAN_POINT('',(93.100254276102,132.99676805805,
    4.694285741088));
#258 = CARTESIAN_POINT('',(93.63295102452,132.77665607079,4.720507889523
    ));
#259 = CARTESIAN_POINT('',(93.913393474879,132.59456452493,
    4.741957344347));
#260 = CARTESIAN_POINT('',(94.39746627885,132.13518959988,4.794073491295
    ));
#261 = CARTESIAN_POINT('',(94.595747706233,131.8605195826,4.82438366401)
  );
#262 = CARTESIAN_POINT('',(94.861009427452,131.29629992502,
    4.883671914656));
#263 = CARTESIAN_POINT('',(94.940903046994,131.01817409518,
    4.911821703109));
#264 = CARTESIAN_POINT('',(94.975475977222,130.73304119907,
    4.939365743916));
#265 = ORIENTED_EDGE('',*,*,#266,.T.);
#266 = EDGE_CURVE('',#252,#267,#269,.T.);
#267 = VERTEX_POINT('',#268);
#268 = CARTESIAN_POINT('',(102.27873376842,130.73304119907,
    5.414167219157));
#269 = B_SPLINE_CURVE_WITH_KNOTS('',3,(#270,#271,#272,#273,#274,#275,
    #276,#277,#278,#279,#280,#281,#282),.UNSPECIFIED.,.F.,.F.,(4,3,3,3,4
    ),(2.449852947675,4.279748392371,4.960403230844,5.519683806843,
    9.769434726458),.UNSPECIFIED.);
#270 = CARTESIAN_POINT('',(94.975475930241,130.73304112578,
    4.939364958223));
#271 = CARTESIAN_POINT('',(95.585304720658,130.73304109981,
    4.956177904572));
#272 = CARTESIAN_POINT('',(96.194978197147,130.73304107744,
    4.978693295715));
#273 = CARTESIAN_POINT('',(96.804339105202,130.73304106817,
    5.006896174298));
#274 = CARTESIAN_POINT('',(97.030999295896,130.73304106473,
    5.017386623805));
#275 = CARTESIAN_POINT('',(97.257616238398,130.73304106297,
    5.028663976079));
#276 = CARTESIAN_POINT('',(97.484181832246,130.73304106299,
    5.040727456865));
#277 = CARTESIAN_POINT('',(97.670346285457,130.733041063,5.050639779678)
  );
#278 = CARTESIAN_POINT('',(97.856483774663,130.73304106409,
    5.061083258629));
#279 = CARTESIAN_POINT('',(98.04259777968,130.73304106623,5.072058111256
    ));
#280 = CARTESIAN_POINT('',(99.456804168955,130.73304108248,
    5.155451656547));
#281 = CARTESIAN_POINT('',(100.8695122717,130.73304119487,5.269518820745
    ));
#282 = CARTESIAN_POINT('',(102.27873376841,130.73304119902,
    5.414167218649));
#283 = ORIENTED_EDGE('',*,*,#284,.T.);
#284 = EDGE_CURVE('',#267,#285,#287,.T.);
#285 = VERTEX_POINT('',#286);
#286 = CARTESIAN_POINT('',(102.32392035852,137.73632116621,
    4.765705856112));
#287 = B_SPLINE_CURVE_WITH_KNOTS('',3,(#288,#289,#290,#291,#292,#293,
    #294),.UNSPECIFIED.,.F.,.F.,(4,3,4),(0.106797422316,3.670094739935,
    7.137230871017),.UNSPECIFIED.);
#288 = CARTESIAN_POINT('',(102.27870780717,130.73304211518,
    5.414178615812));
#289 = CARTESIAN_POINT('',(102.28571617501,131.91579672865,
    5.304598595146));
#290 = CARTESIAN_POINT('',(102.29302833145,133.09976292014,
    5.194934202395));
#291 = CARTESIAN_POINT('',(102.30066289874,134.28247977515,
    5.085418211378));
#292 = CARTESIAN_POINT('',(102.30809143531,135.43327916939,
    4.978857680353));
#293 = CARTESIAN_POINT('',(102.3158411693,136.58534571858,4.872210743257
    ));
#294 = CARTESIAN_POINT('',(102.32392022115,137.73632125031,
    4.765705895791));
#295 = ORIENTED_EDGE('',*,*,#296,.T.);
#296 = EDGE_CURVE('',#285,#297,#299,.T.);
#297 = VERTEX_POINT('',#298);
#298 = CARTESIAN_POINT('',(92.620107532406,137.78183662863,
    4.245461739969));
#299 = B_SPLINE_CURVE_WITH_KNOTS('',3,(#300,#301,#302,#303,#304,#305),
  .UNSPECIFIED.,.F.,.F.,(4,2,4),(0.227539216704,5.015719728473,
    9.948449749895),.UNSPECIFIED.);
#300 = CARTESIAN_POINT('',(102.32392035851,137.73632116621,
    4.765705856113));
#301 = CARTESIAN_POINT('',(100.73643880643,137.75076006769,
    4.600668456969));
#302 = CARTESIAN_POINT('',(99.144431046352,137.7617761284,4.47475430693)
  );
#303 = CARTESIAN_POINT('',(95.908934311294,137.77716674502,
    4.298838754078));
#304 = CARTESIAN_POINT('',(94.264364540832,137.78133541326,
    4.251190657928));
#305 = CARTESIAN_POINT('',(92.620107532406,137.78183662864,
    4.245461739968));
#306 = ORIENTED_EDGE('',*,*,#307,.T.);
#307 = EDGE_CURVE('',#297,#250,#308,.T.);
#308 = B_SPLINE_CURVE_WITH_KNOTS('',3,(#309,#310,#311,#312,#313,#314),
  .UNSPECIFIED.,.F.,.F.,(4,2,4),(0.109340604501,3.67150086699,
    4.823132790326),.UNSPECIFIED.);
#309 = CARTESIAN_POINT('',(92.620107532406,137.78183662863,
    4.245461739969));
#310 = CARTESIAN_POINT('',(92.620107532406,136.59957979303,
    4.355716348187));
#311 = CARTESIAN_POINT('',(92.620107532406,135.41732295743,
    4.465970956404));
#312 = CARTESIAN_POINT('',(92.620107532406,133.85284729585,
    4.611870430984));
#313 = CARTESIAN_POINT('',(92.620107532406,133.47062846987,
    4.647515297347));
#314 = CARTESIAN_POINT('',(92.620107532406,133.0884096439,4.683160163709
    ));
#315 = B_SPLINE_SURFACE_WITH_KNOTS('',3,3,(
    (#316,#317,#318,#319)
    ,(#320,#321,#322,#323)
    ,(#324,#325,#326,#327)
    ,(#328,#329,#330,#331
    )),.UNSPECIFIED.,.F.,.F.,.F.,(4,4),(4,4),(9.226249099137E-02,
    0.165867199678),(0.14811656961,0.247144361556),
  .PIECEWISE_BEZIER_KNOTS.);
#316 = CARTESIAN_POINT('',(92.620107531467,137.78183662863,
    4.245461739966));
#317 = CARTESIAN_POINT('',(95.863292279242,137.78287282206,
    4.256572810783));
#318 = CARTESIAN_POINT('',(99.105685849401,137.79886251479,
    4.428029803203));
#319 = CARTESIAN_POINT('',(102.32392035865,137.82954267438,
    4.757012228354));
#320 = CARTESIAN_POINT('',(92.620107531467,135.41647940137,
    4.466049624538));
#321 = CARTESIAN_POINT('',(95.863292279242,135.41751559479,
    4.477160695356));
#322 = CARTESIAN_POINT('',(99.105685849401,135.43350528752,
    4.648617687776));
#323 = CARTESIAN_POINT('',(102.32392035865,135.46418544711,
    4.977600112926));
#324 = CARTESIAN_POINT('',(92.620107531467,133.05112217409,
    4.686637509111));
#325 = CARTESIAN_POINT('',(95.863292279242,133.05215836752,
    4.697748579928));
#326 = CARTESIAN_POINT('',(99.105685849401,133.06814806025,
    4.869205572348));
#327 = CARTESIAN_POINT('',(102.32392035865,133.09882821984,
    5.198187997499));
#328 = CARTESIAN_POINT('',(92.620107531467,130.68576494682,
    4.907225393684));
#329 = CARTESIAN_POINT('',(95.863292279242,130.68680114025,
    4.918336464501));
#330 = CARTESIAN_POINT('',(99.105685849401,130.70279083298,
    5.089793456921));
#331 = CARTESIAN_POINT('',(102.32392035865,130.73347099257,
    5.418775882071));
#332 = ADVANCED_FACE('',(#333),#421,.F.);
#333 = FACE_BOUND('',#334,.F.);
#334 = EDGE_LOOP('',(#335,#355,#367,#379,#412));
#335 = ORIENTED_EDGE('',*,*,#336,.T.);
#336 = EDGE_CURVE('',#337,#339,#341,.T.);
#337 = VERTEX_POINT('',#338);
#338 = CARTESIAN_POINT('',(91.970107532405,137.78184365731,
    4.245381401887));
#339 = VERTEX_POINT('',#340);
#340 = CARTESIAN_POINT('',(82.266132441037,137.7363501832,4.765374190377
    ));
#341 = B_SPLINE_CURVE_WITH_KNOTS('',3,(#342,#343,#344,#345,#346,#347,
    #348,#349,#350,#351,#352,#353,#354),.UNSPECIFIED.,.F.,.F.,(4,3,3,3,4
    ),(9.450845280401E-02,1.608844979259,4.121940125752,5.030096822241,
    9.827284643154),.UNSPECIFIED.);
#342 = CARTESIAN_POINT('',(91.970107532406,137.7818436573,4.245381401888
    ));
#343 = CARTESIAN_POINT('',(91.465360351971,137.7817005021,4.24701595937)
  );
#344 = CARTESIAN_POINT('',(90.960855732828,137.78121020825,
    4.252604043024));
#345 = CARTESIAN_POINT('',(90.456570357776,137.78037476231,4.26214993919
    ));
#346 = CARTESIAN_POINT('',(89.619690901756,137.77898831016,
    4.277991692263));
#347 = CARTESIAN_POINT('',(88.783446700458,137.77665090741,
    4.304729396023));
#348 = CARTESIAN_POINT('',(87.947731281955,137.77336406401,
    4.342301472003));
#349 = CARTESIAN_POINT('',(87.645728966313,137.77217629806,
    4.355878885676));
#350 = CARTESIAN_POINT('',(87.34379572538,137.77086459227,4.370871631276
    ));
#351 = CARTESIAN_POINT('',(87.0419266547,137.76942917275,4.387278463538)
  );
#352 = CARTESIAN_POINT('',(85.447353120234,137.7618468061,4.47394484658)
  );
#353 = CARTESIAN_POINT('',(83.85447261983,137.75081184726,4.600076562575
    ));
#354 = CARTESIAN_POINT('',(82.26613244104,137.7363501832,4.765374190377)
  );
#355 = ORIENTED_EDGE('',*,*,#356,.T.);
#356 = EDGE_CURVE('',#339,#357,#359,.T.);
#357 = VERTEX_POINT('',#358);
#358 = CARTESIAN_POINT('',(82.311334961938,130.73304119907,
    5.413831799277));
#359 = B_SPLINE_CURVE_WITH_KNOTS('',3,(#360,#361,#362,#363,#364,#365,
    #366),.UNSPECIFIED.,.F.,.F.,(4,3,4),(0.202914091054,3.670135356602,
    7.233811904879),.UNSPECIFIED.);
#360 = CARTESIAN_POINT('',(82.266132578417,137.7363502674,4.765374230039
    ));
#361 = CARTESIAN_POINT('',(82.274214189678,136.58541788443,
    4.871873927062));
#362 = CARTESIAN_POINT('',(82.281966364262,135.43339407882,4.97851579962
    ));
#363 = CARTESIAN_POINT('',(82.289397231591,134.2826378471,5.085071273535
    ));
#364 = CARTESIAN_POINT('',(82.297034819519,133.0998685261,5.194591032854
    ));
#365 = CARTESIAN_POINT('',(82.304349838931,131.91584924235,5.30425930351
    ));
#366 = CARTESIAN_POINT('',(82.311360922216,130.73304211512,5.41384319547
    ));
#367 = ORIENTED_EDGE('',*,*,#368,.T.);
#368 = EDGE_CURVE('',#357,#369,#371,.T.);
#369 = VERTEX_POINT('',#370);
#370 = CARTESIAN_POINT('',(89.614739087578,130.73304119907,
    4.938823099403));
#371 = B_SPLINE_CURVE_WITH_KNOTS('',3,(#372,#373,#374,#375,#376,#377,
    #378),.UNSPECIFIED.,.F.,.F.,(4,3,4),(0.27287804671,5.017041716734,
    7.592750647742),.UNSPECIFIED.);
#372 = CARTESIAN_POINT('',(82.311334961967,130.73304119904,
    5.413831798944));
#373 = CARTESIAN_POINT('',(83.88449359046,130.73304119405,5.252188589699
    ));
#374 = CARTESIAN_POINT('',(85.462005603484,130.73304112658,
    5.128658903213));
#375 = CARTESIAN_POINT('',(87.041104681946,130.73304114733,
    5.043520467827));
#376 = CARTESIAN_POINT('',(87.898435118874,130.73304115859,
    4.997296786866));
#377 = CARTESIAN_POINT('',(88.75627535682,130.73304132287,4.962382270937
    ));
#378 = CARTESIAN_POINT('',(89.614739088411,130.73304119888,
    4.938823097311));
#379 = ORIENTED_EDGE('',*,*,#380,.T.);
#380 = EDGE_CURVE('',#369,#381,#383,.T.);
#381 = VERTEX_POINT('',#382);
#382 = CARTESIAN_POINT('',(91.970107532405,133.0884096439,4.683080481106
    ));
#383 = B_SPLINE_CURVE_WITH_KNOTS('',3,(#384,#385,#386,#387,#388,#389,
    #390,#391,#392,#393,#394,#395,#396,#397,#398,#399,#400,#401,#402,
    #403,#404,#405,#406,#407,#408,#409,#410,#411),.UNSPECIFIED.,.F.,.F.,
  (4,3,3,3,3,3,3,3,3,4),(0.151753754082,0.701056528333,1.08635055712,
    1.808873479271,2.059297245882,2.163809048108,2.800275400319,
    3.090632236161,3.630792917108,3.762119129153),.UNSPECIFIED.);
#384 = CARTESIAN_POINT('',(89.614739088414,130.73304119888,
    4.938823097311));
#385 = CARTESIAN_POINT('',(89.636628504441,130.91356549902,4.92138708735
    ));
#386 = CARTESIAN_POINT('',(89.676677411318,131.09122716307,4.90372241953
    ));
#387 = CARTESIAN_POINT('',(89.734158555044,131.26334004262,
    4.886164733521));
#388 = CARTESIAN_POINT('',(89.774477196208,131.38406410934,
    4.873849355017));
#389 = CARTESIAN_POINT('',(89.823372471014,131.50205831439,
    4.861587837163));
#390 = CARTESIAN_POINT('',(89.880593900528,131.61639708283,
    4.849511099735));
#391 = CARTESIAN_POINT('',(89.987898423677,131.83081093319,4.82686418997
    ));
#392 = CARTESIAN_POINT('',(90.123110004749,132.02962652037,4.80515453476
    ));
#393 = CARTESIAN_POINT('',(90.282409987825,132.20777712237,
    4.785263944598));
#394 = CARTESIAN_POINT('',(90.337622771475,132.26952346067,
    4.778369939778));
#395 = CARTESIAN_POINT('',(90.395729254896,132.32878738459,
    4.771694987527));
#396 = CARTESIAN_POINT('',(90.456570357776,132.38535805011,
    4.765277039848));
#397 = CARTESIAN_POINT('',(90.481961770889,132.40896723979,
    4.762598574911));
#398 = CARTESIAN_POINT('',(90.50782944958,132.43210733842,4.759964878444
    ));
#399 = CARTESIAN_POINT('',(90.534161823334,132.45476302076,
    4.757378718147));
#400 = CARTESIAN_POINT('',(90.69452332808,132.59273384504,4.741629262337
    ));
#401 = CARTESIAN_POINT('',(90.870388907392,132.71124706592,
    4.727816575894));
#402 = CARTESIAN_POINT('',(91.058065250729,132.80798433099,
    4.716433563985));
#403 = CARTESIAN_POINT('',(91.143683459806,132.85211600598,
    4.711240618107));
#404 = CARTESIAN_POINT('',(91.231759660392,132.89171561903,
    4.706552731408));
#405 = CARTESIAN_POINT('',(91.321942883551,132.92656270112,
    4.702412904274));
#406 = CARTESIAN_POINT('',(91.48971379776,132.99138991195,4.694711443196
    ));
#407 = CARTESIAN_POINT('',(91.663412792755,133.03924132223,
    4.688972830713));
#408 = CARTESIAN_POINT('',(91.840437851303,133.06948357542,
    4.685348272074));
#409 = CARTESIAN_POINT('',(91.883476952808,133.07683620344,
    4.684467053627));
#410 = CARTESIAN_POINT('',(91.926712648587,133.08314794159,
    4.683710556466));
#411 = CARTESIAN_POINT('',(91.970107532407,133.0884096439,4.683080481107
    ));
#412 = ORIENTED_EDGE('',*,*,#413,.T.);
#413 = EDGE_CURVE('',#381,#337,#414,.T.);
#414 = B_SPLINE_CURVE_WITH_KNOTS('',3,(#415,#416,#417,#418,#419,#420),
  .UNSPECIFIED.,.F.,.F.,(4,2,4),(2.519843800248,3.671491780349,
    7.233643045228),.UNSPECIFIED.);
#415 = CARTESIAN_POINT('',(91.970107532405,133.08840964386,
    4.683080481109));
#416 = CARTESIAN_POINT('',(91.970107532405,133.47063379897,
    4.647435117763));
#417 = CARTESIAN_POINT('',(91.970107532405,133.85285795408,
    4.611789754418));
#418 = CARTESIAN_POINT('',(91.970107532405,135.41733595855,
    4.465890061346));
#419 = CARTESIAN_POINT('',(91.970107532405,136.5995898079,4.355635731619
    ));
#420 = CARTESIAN_POINT('',(91.970107532405,137.78184365726,
    4.245381401892));
#421 = B_SPLINE_SURFACE_WITH_KNOTS('',3,3,(
    (#422,#423,#424,#425,#426,#427)
    ,(#428,#429,#430,#431,#432,#433)
    ,(#434,#435,#436,#437,#438,#439)
    ,(#440,#441,#442,#443,#444,#445
    )),.UNSPECIFIED.,.F.,.F.,.F.,(4,4),(4,2,4),(9.226234167131E-02,
    0.165866878015),(4.246167214456E-02,0.126094579381,0.141500880455),
  .UNSPECIFIED.);
#422 = CARTESIAN_POINT('',(82.266132440905,137.82952665648,4.75668476247
    ));
#423 = CARTESIAN_POINT('',(84.983413717477,137.80359537738,4.47862443946
    ));
#424 = CARTESIAN_POINT('',(87.718251106089,137.78813454187,
    4.312838367175));
#425 = CARTESIAN_POINT('',(90.961005420726,137.7825056956,4.252480418395
    ));
#426 = CARTESIAN_POINT('',(91.465547145457,137.7819934884,4.246988036162
    ));
#427 = CARTESIAN_POINT('',(91.970107532408,137.78184365731,
    4.245381401888));
#428 = CARTESIAN_POINT('',(82.266132440905,135.4641749676,4.977272130545
    ));
#429 = CARTESIAN_POINT('',(84.983413717477,135.4382436885,4.699211807534
    ));
#430 = CARTESIAN_POINT('',(87.718251106089,135.42278285299,4.53342573525
    ));
#431 = CARTESIAN_POINT('',(90.961005420726,135.41715400673,
    4.473067786469));
#432 = CARTESIAN_POINT('',(91.465547145457,135.41664179952,
    4.467575404237));
#433 = CARTESIAN_POINT('',(91.970107532408,135.41649196844,
    4.465968769962));
#434 = CARTESIAN_POINT('',(82.266132440905,133.09882327873,
    5.197859498619));
#435 = CARTESIAN_POINT('',(84.983413717477,133.07289199963,
    4.919799175608));
#436 = CARTESIAN_POINT('',(87.718251106089,133.05743116413,
    4.754013103324));
#437 = CARTESIAN_POINT('',(90.961005420726,133.05180231785,
    4.693655154543));
#438 = CARTESIAN_POINT('',(91.465547145457,133.05129011065,
    4.688162772311));
#439 = CARTESIAN_POINT('',(91.970107532408,133.05114027956,
    4.686556138036));
#440 = CARTESIAN_POINT('',(82.266132440905,130.73347158986,
    5.418446866693));
#441 = CARTESIAN_POINT('',(84.983413717477,130.70754031075,
    5.140386543683));
#442 = CARTESIAN_POINT('',(87.718251106089,130.69207947525,
    4.974600471398));
#443 = CARTESIAN_POINT('',(90.961005420726,130.68645062898,
    4.914242522618));
#444 = CARTESIAN_POINT('',(91.465547145457,130.68593842178,
    4.908750140385));
#445 = CARTESIAN_POINT('',(91.970107532408,130.68578859069,
    4.907143506111));
#446 = ADVANCED_FACE('',(#447),#574,.T.);
#447 = FACE_BOUND('',#448,.T.);
#448 = EDGE_LOOP('',(#449,#458,#467,#473,#474,#483,#492,#498,#499,#507,
    #516,#524,#531,#532,#541,#548,#549,#557,#566,#573));
#449 = ORIENTED_EDGE('',*,*,#450,.F.);
#450 = EDGE_CURVE('',#451,#381,#453,.T.);
#451 = VERTEX_POINT('',#452);
#452 = CARTESIAN_POINT('',(91.970107532405,133.08840964389,
    2.398051947622));
#453 = B_SPLINE_CURVE_WITH_KNOTS('',3,(#454,#455,#456,#457),
  .UNSPECIFIED.,.F.,.F.,(4,4),(-3.188517717278,-0.903489183794),
  .PIECEWISE_BEZIER_KNOTS.);
#454 = CARTESIAN_POINT('',(91.970107532405,133.0884096439,2.398051947622
    ));
#455 = CARTESIAN_POINT('',(91.970107532405,133.0884096439,3.15972812545)
  );
#456 = CARTESIAN_POINT('',(91.970107532405,133.0884096439,3.921404303278
    ));
#457 = CARTESIAN_POINT('',(91.970107532405,133.0884096439,4.683080481106
    ));
#458 = ORIENTED_EDGE('',*,*,#459,.F.);
#459 = EDGE_CURVE('',#460,#451,#462,.T.);
#460 = VERTEX_POINT('',#461);
#461 = CARTESIAN_POINT('',(92.620107532406,133.0884096439,2.398051947622
    ));
#462 = CIRCLE('',#463,2.7);
#463 = AXIS2_PLACEMENT_3D('',#464,#465,#466);
#464 = CARTESIAN_POINT('',(92.295107532402,130.40804119908,
    2.398051947622));
#465 = DIRECTION('',(0.,-0.,1.));
#466 = DIRECTION('',(0.,1.,0.));
#467 = ORIENTED_EDGE('',*,*,#468,.F.);
#468 = EDGE_CURVE('',#250,#460,#469,.T.);
#469 = LINE('',#470,#471);
#470 = CARTESIAN_POINT('',(92.620107532406,133.0884096439,
    3.05178105009E-12));
#471 = VECTOR('',#472,1.);
#472 = DIRECTION('',(0.,0.,-1.));
#473 = ORIENTED_EDGE('',*,*,#249,.T.);
#474 = ORIENTED_EDGE('',*,*,#475,.F.);
#475 = EDGE_CURVE('',#476,#252,#478,.T.);
#476 = VERTEX_POINT('',#477);
#477 = CARTESIAN_POINT('',(94.975475977226,130.73304119907,
    2.398051947622));
#478 = B_SPLINE_CURVE_WITH_KNOTS('',3,(#479,#480,#481,#482),
  .UNSPECIFIED.,.F.,.F.,(4,4),(-3.188517717278,-0.647203920984),
  .PIECEWISE_BEZIER_KNOTS.);
#479 = CARTESIAN_POINT('',(94.975475977226,130.73304119907,
    2.398051947622));
#480 = CARTESIAN_POINT('',(94.975475977226,130.73304119907,
    3.245156546387));
#481 = CARTESIAN_POINT('',(94.975475977222,130.73304119907,
    4.092261145152));
#482 = CARTESIAN_POINT('',(94.975475977219,130.73304119907,
    4.939365743916));
#483 = ORIENTED_EDGE('',*,*,#484,.F.);
#484 = EDGE_CURVE('',#485,#476,#487,.T.);
#485 = VERTEX_POINT('',#486);
#486 = CARTESIAN_POINT('',(94.975475977222,130.08304119906,
    2.398051947622));
#487 = CIRCLE('',#488,2.7);
#488 = AXIS2_PLACEMENT_3D('',#489,#490,#491);
#489 = CARTESIAN_POINT('',(92.295107532402,130.40804119908,
    2.398051947622));
#490 = DIRECTION('',(0.,-0.,1.));
#491 = DIRECTION('',(0.,1.,0.));
#492 = ORIENTED_EDGE('',*,*,#493,.F.);
#493 = EDGE_CURVE('',#173,#485,#494,.T.);
#494 = LINE('',#495,#496);
#495 = CARTESIAN_POINT('',(94.975475977222,130.08304119906,
    3.05178105009E-12));
#496 = VECTOR('',#497,1.);
#497 = DIRECTION('',(0.,0.,-1.));
#498 = ORIENTED_EDGE('',*,*,#190,.T.);
#499 = ORIENTED_EDGE('',*,*,#500,.F.);
#500 = EDGE_CURVE('',#501,#191,#503,.T.);
#501 = VERTEX_POINT('',#502);
#502 = CARTESIAN_POINT('',(92.620107532406,127.72767275425,
    2.398051947622));
#503 = LINE('',#504,#505);
#504 = CARTESIAN_POINT('',(92.620107532406,127.72767275425,
    3.05178105009E-12));
#505 = VECTOR('',#506,1.);
#506 = DIRECTION('',(0.,0.,1.));
#507 = ORIENTED_EDGE('',*,*,#508,.F.);
#508 = EDGE_CURVE('',#509,#501,#511,.T.);
#509 = VERTEX_POINT('',#510);
#510 = CARTESIAN_POINT('',(92.295107532402,127.70804119908,
    2.398051947622));
#511 = CIRCLE('',#512,2.7);
#512 = AXIS2_PLACEMENT_3D('',#513,#514,#515);
#513 = CARTESIAN_POINT('',(92.295107532402,130.40804119908,
    2.398051947622));
#514 = DIRECTION('',(0.,-0.,1.));
#515 = DIRECTION('',(0.,1.,0.));
#516 = ORIENTED_EDGE('',*,*,#517,.T.);
#517 = EDGE_CURVE('',#509,#518,#520,.T.);
#518 = VERTEX_POINT('',#519);
#519 = CARTESIAN_POINT('',(92.295107532402,127.70804119908,
    0.200000000003));
#520 = LINE('',#521,#522);
#521 = CARTESIAN_POINT('',(92.295107532402,127.70804119908,
    3.05178105009E-12));
#522 = VECTOR('',#523,1.);
#523 = DIRECTION('',(0.,0.,-1.));
#524 = ORIENTED_EDGE('',*,*,#525,.F.);
#525 = EDGE_CURVE('',#518,#518,#526,.T.);
#526 = CIRCLE('',#527,2.7);
#527 = AXIS2_PLACEMENT_3D('',#528,#529,#530);
#528 = CARTESIAN_POINT('',(92.295107532402,130.40804119908,
    0.200000000003));
#529 = DIRECTION('',(0.,-3.061616997868E-16,-1.));
#530 = DIRECTION('',(0.,1.,-3.061616997868E-16));
#531 = ORIENTED_EDGE('',*,*,#517,.F.);
#532 = ORIENTED_EDGE('',*,*,#533,.F.);
#533 = EDGE_CURVE('',#534,#509,#536,.T.);
#534 = VERTEX_POINT('',#535);
#535 = CARTESIAN_POINT('',(91.970107532405,127.72767275425,
    2.398051947622));
#536 = CIRCLE('',#537,2.7);
#537 = AXIS2_PLACEMENT_3D('',#538,#539,#540);
#538 = CARTESIAN_POINT('',(92.295107532402,130.40804119908,
    2.398051947622));
#539 = DIRECTION('',(0.,-0.,1.));
#540 = DIRECTION('',(0.,1.,0.));
#541 = ORIENTED_EDGE('',*,*,#542,.F.);
#542 = EDGE_CURVE('',#22,#534,#543,.T.);
#543 = B_SPLINE_CURVE_WITH_KNOTS('',3,(#544,#545,#546,#547),
  .UNSPECIFIED.,.F.,.F.,(4,4),(-2.784958775143,0.),
  .PIECEWISE_BEZIER_KNOTS.);
#544 = CARTESIAN_POINT('',(91.970107532401,127.72767275425,
    5.183010722765));
#545 = CARTESIAN_POINT('',(91.970107532401,127.72767275425,4.25469113105
    ));
#546 = CARTESIAN_POINT('',(91.970107532401,127.72767275425,
    3.326371539336));
#547 = CARTESIAN_POINT('',(91.970107532401,127.72767275425,
    2.398051947622));
#548 = ORIENTED_EDGE('',*,*,#21,.T.);
#549 = ORIENTED_EDGE('',*,*,#550,.F.);
#550 = EDGE_CURVE('',#551,#24,#553,.T.);
#551 = VERTEX_POINT('',#552);
#552 = CARTESIAN_POINT('',(89.614739087581,130.08304119907,
    2.398051947622));
#553 = LINE('',#554,#555);
#554 = CARTESIAN_POINT('',(89.614739087581,130.08304119906,
    3.05178105009E-12));
#555 = VECTOR('',#556,1.);
#556 = DIRECTION('',(0.,0.,1.));
#557 = ORIENTED_EDGE('',*,*,#558,.F.);
#558 = EDGE_CURVE('',#559,#551,#561,.T.);
#559 = VERTEX_POINT('',#560);
#560 = CARTESIAN_POINT('',(89.614739087578,130.73304119907,
    2.398051947622));
#561 = CIRCLE('',#562,2.7);
#562 = AXIS2_PLACEMENT_3D('',#563,#564,#565);
#563 = CARTESIAN_POINT('',(92.295107532402,130.40804119908,
    2.398051947622));
#564 = DIRECTION('',(0.,-0.,1.));
#565 = DIRECTION('',(0.,1.,0.));
#566 = ORIENTED_EDGE('',*,*,#567,.F.);
#567 = EDGE_CURVE('',#369,#559,#568,.T.);
#568 = B_SPLINE_CURVE_WITH_KNOTS('',3,(#569,#570,#571,#572),
  .UNSPECIFIED.,.F.,.F.,(4,4),(-2.540771151781,0.),
  .PIECEWISE_BEZIER_KNOTS.);
#569 = CARTESIAN_POINT('',(89.614739087578,130.73304119907,
    4.938823099403));
#570 = CARTESIAN_POINT('',(89.614739087578,130.73304119907,
    4.091899382143));
#571 = CARTESIAN_POINT('',(89.614739087578,130.73304119907,
    3.244975664882));
#572 = CARTESIAN_POINT('',(89.614739087578,130.73304119907,
    2.398051947622));
#573 = ORIENTED_EDGE('',*,*,#380,.T.);
#574 = CYLINDRICAL_SURFACE('',#575,2.7);
#575 = AXIS2_PLACEMENT_3D('',#576,#577,#578);
#576 = CARTESIAN_POINT('',(92.295107532402,130.40804119908,
    3.05178105009E-12));
#577 = DIRECTION('',(0.,0.,1.));
#578 = DIRECTION('',(0.,1.,0.));
#579 = ADVANCED_FACE('',(#580),#704,.F.);
#580 = FACE_BOUND('',#581,.F.);
#581 = EDGE_LOOP('',(#582,#593,#605,#616,#628,#637,#648,#657,#666,#677,
    #686,#695));
#582 = ORIENTED_EDGE('',*,*,#583,.T.);
#583 = EDGE_CURVE('',#584,#586,#588,.T.);
#584 = VERTEX_POINT('',#585);
#585 = CARTESIAN_POINT('',(91.795107532402,132.40804119908,
    4.747249386245));
#586 = VERTEX_POINT('',#587);
#587 = CARTESIAN_POINT('',(91.795107532402,130.90804119908,
    4.887136005926));
#588 = B_SPLINE_CURVE_WITH_KNOTS('',3,(#589,#590,#591,#592),
  .UNSPECIFIED.,.F.,.F.,(4,4),(5.606810900539E-02,1.562576743686),
  .PIECEWISE_BEZIER_KNOTS.);
#589 = CARTESIAN_POINT('',(91.795107532402,132.40804119908,
    4.747249386245));
#590 = CARTESIAN_POINT('',(91.795107532402,131.90804119908,
    4.793878259472));
#591 = CARTESIAN_POINT('',(91.795107532402,131.40804119908,
    4.840507132699));
#592 = CARTESIAN_POINT('',(91.795107532402,130.90804119908,
    4.887136005925));
#593 = ORIENTED_EDGE('',*,*,#594,.T.);
#594 = EDGE_CURVE('',#586,#595,#597,.T.);
#595 = VERTEX_POINT('',#596);
#596 = CARTESIAN_POINT('',(90.295107532402,130.90804119907,
    4.906214010231));
#597 = B_SPLINE_CURVE_WITH_KNOTS('',3,(#598,#599,#600,#601,#602,#603,
    #604),.UNSPECIFIED.,.F.,.F.,(4,3,4),(2.548486205103,3.886752415849,
    4.04817015532),.UNSPECIFIED.);
#598 = CARTESIAN_POINT('',(91.795107528422,130.90804119709,
    4.887135984256));
#599 = CARTESIAN_POINT('',(91.348972707667,130.90804119277,
    4.889370460752));
#600 = CARTESIAN_POINT('',(90.902782342826,130.90804116737,
    4.894670677152));
#601 = CARTESIAN_POINT('',(90.456570359867,130.90804119102,
    4.903048266092));
#602 = CARTESIAN_POINT('',(90.402749581135,130.90804119387,
    4.904058746263));
#603 = CARTESIAN_POINT('',(90.348928618841,130.90804119754,
    4.905113998446));
#604 = CARTESIAN_POINT('',(90.295107532405,130.90804119907,
    4.906214010231));
#605 = ORIENTED_EDGE('',*,*,#606,.T.);
#606 = EDGE_CURVE('',#595,#607,#609,.T.);
#607 = VERTEX_POINT('',#608);
#608 = CARTESIAN_POINT('',(90.295107532402,129.90804119907,
    4.999471756685));
#609 = B_SPLINE_CURVE_WITH_KNOTS('',3,(#610,#611,#612,#613,#614,#615),
  .UNSPECIFIED.,.F.,.F.,(4,2,4),(1.564348228744,2.055369709639,
    2.568687318535),.UNSPECIFIED.);
#610 = CARTESIAN_POINT('',(90.295107532402,130.90804119907,
    4.906214010231));
#611 = CARTESIAN_POINT('',(90.295107532402,130.74507449925,
    4.921411917404));
#612 = CARTESIAN_POINT('',(90.295107532402,130.58210779943,
    4.936609824576));
#613 = CARTESIAN_POINT('',(90.295107532402,130.24877446609,
    4.967695740061));
#614 = CARTESIAN_POINT('',(90.295107532402,130.07840783258,
    4.983583748373));
#615 = CARTESIAN_POINT('',(90.295107532402,129.90804119907,
    4.999471756685));
#616 = ORIENTED_EDGE('',*,*,#617,.T.);
#617 = EDGE_CURVE('',#607,#618,#620,.T.);
#618 = VERTEX_POINT('',#619);
#619 = CARTESIAN_POINT('',(91.795107532402,129.90804119908,
    4.980393752379));
#620 = B_SPLINE_CURVE_WITH_KNOTS('',3,(#621,#622,#623,#624,#625,#626,
    #627),.UNSPECIFIED.,.F.,.F.,(4,3,4),(4.833793733416E-02,
    0.209836836219,1.54877591642),.UNSPECIFIED.);
#621 = CARTESIAN_POINT('',(90.295107532405,129.90804119907,
    4.999471756685));
#622 = CARTESIAN_POINT('',(90.348928618849,129.90804119754,
    4.998371744901));
#623 = CARTESIAN_POINT('',(90.402749581139,129.90804119387,
    4.997316492717));
#624 = CARTESIAN_POINT('',(90.456570359867,129.90804119101,
    4.996306012547));
#625 = CARTESIAN_POINT('',(90.902782343113,129.90804116737,
    4.987928423601));
#626 = CARTESIAN_POINT('',(91.34897270783,129.90804119291,4.982628207193
    ));
#627 = CARTESIAN_POINT('',(91.795107528411,129.9080411971,4.980393730709
    ));
#628 = ORIENTED_EDGE('',*,*,#629,.T.);
#629 = EDGE_CURVE('',#618,#630,#632,.T.);
#630 = VERTEX_POINT('',#631);
#631 = CARTESIAN_POINT('',(91.795107532402,128.40804119908,
    5.120280372059));
#632 = B_SPLINE_CURVE_WITH_KNOTS('',3,(#633,#634,#635,#636),
  .UNSPECIFIED.,.F.,.F.,(4,4),(2.566915833477,4.073424468201),
  .PIECEWISE_BEZIER_KNOTS.);
#633 = CARTESIAN_POINT('',(91.795107532402,129.90804119908,
    4.980393752379));
#634 = CARTESIAN_POINT('',(91.795107532402,129.40804119906,
    5.027022625607));
#635 = CARTESIAN_POINT('',(91.795107532402,128.90804119904,
    5.073651498835));
#636 = CARTESIAN_POINT('',(91.795107532402,128.40804119902,
    5.120280372063));
#637 = ORIENTED_EDGE('',*,*,#638,.T.);
#638 = EDGE_CURVE('',#630,#639,#641,.T.);
#639 = VERTEX_POINT('',#640);
#640 = CARTESIAN_POINT('',(92.795107532402,128.40804119908,
    5.120402507767));
#641 = B_SPLINE_CURVE_WITH_KNOTS('',3,(#642,#643,#644,#645,#646,#647),
  .UNSPECIFIED.,.F.,.F.,(4,2,4),(1.548775916423,2.04903037556,
    2.549248512132),.UNSPECIFIED.);
#642 = CARTESIAN_POINT('',(91.795107532398,128.40804119908,
    5.120280372059));
#643 = CARTESIAN_POINT('',(91.961792759143,128.40804119908,
    5.119445528897));
#644 = CARTESIAN_POINT('',(92.12847018602,128.40804119907,5.119038654319
    ));
#645 = CARTESIAN_POINT('',(92.461793464056,128.40804119907,
    5.119079730154));
#646 = CARTESIAN_POINT('',(92.628451083518,128.40804119908,
    5.119527622146));
#647 = CARTESIAN_POINT('',(92.795107532398,128.40804119908,
    5.120402507767));
#648 = ORIENTED_EDGE('',*,*,#649,.T.);
#649 = EDGE_CURVE('',#639,#650,#652,.T.);
#650 = VERTEX_POINT('',#651);
#651 = CARTESIAN_POINT('',(92.795107532402,129.90804119908,
    4.980515888087));
#652 = B_SPLINE_CURVE_WITH_KNOTS('',3,(#653,#654,#655,#656),
  .UNSPECIFIED.,.F.,.F.,(4,4),(3.730361025017E-02,1.54381224496),
  .PIECEWISE_BEZIER_KNOTS.);
#653 = CARTESIAN_POINT('',(92.795107532402,128.40804119907,
    5.120402507767));
#654 = CARTESIAN_POINT('',(92.795107532402,128.90804119908,
    5.073773634539));
#655 = CARTESIAN_POINT('',(92.795107532402,129.4080411991,5.027144761312
    ));
#656 = CARTESIAN_POINT('',(92.795107532402,129.90804119911,
    4.980515888084));
#657 = ORIENTED_EDGE('',*,*,#658,.T.);
#658 = EDGE_CURVE('',#650,#659,#661,.T.);
#659 = VERTEX_POINT('',#660);
#660 = CARTESIAN_POINT('',(94.295107532402,129.90804119908,
    4.999913262022));
#661 = B_SPLINE_CURVE_WITH_KNOTS('',3,(#662,#663,#664,#665),
  .UNSPECIFIED.,.F.,.F.,(4,4),(2.549248512132,4.050113084354),
  .PIECEWISE_BEZIER_KNOTS.);
#662 = CARTESIAN_POINT('',(92.795107532394,129.90804119908,
    4.980515888087));
#663 = CARTESIAN_POINT('',(93.295146898363,129.90804119908,
    4.983140912527));
#664 = CARTESIAN_POINT('',(93.795175726151,129.90804119908,
    4.989609956093));
#665 = CARTESIAN_POINT('',(94.295107532391,129.90804119908,
    4.999913262021));
#666 = ORIENTED_EDGE('',*,*,#667,.T.);
#667 = EDGE_CURVE('',#659,#668,#670,.T.);
#668 = VERTEX_POINT('',#669);
#669 = CARTESIAN_POINT('',(94.295107532402,130.90804119907,
    4.906655515569));
#670 = B_SPLINE_CURVE_WITH_KNOTS('',3,(#671,#672,#673,#674,#675,#676),
  .UNSPECIFIED.,.F.,.F.,(4,2,4),(1.542011104883,2.055369709646,
    2.546350194633),.UNSPECIFIED.);
#671 = CARTESIAN_POINT('',(94.295107532402,129.9080411991,4.999913262019
    ));
#672 = CARTESIAN_POINT('',(94.295107532402,130.07842143886,
    4.984023984819));
#673 = CARTESIAN_POINT('',(94.295107532402,130.24880167863,
    4.968134707618));
#674 = CARTESIAN_POINT('',(94.295107532402,130.58213501195,
    4.937048792135));
#675 = CARTESIAN_POINT('',(94.295107532402,130.74508810551,
    4.921852153851));
#676 = CARTESIAN_POINT('',(94.295107532402,130.90804119907,
    4.906655515569));
#677 = ORIENTED_EDGE('',*,*,#678,.T.);
#678 = EDGE_CURVE('',#668,#679,#681,.T.);
#679 = VERTEX_POINT('',#680);
#680 = CARTESIAN_POINT('',(92.795107532402,130.90804119908,
    4.887258141634));
#681 = B_SPLINE_CURVE_WITH_KNOTS('',3,(#682,#683,#684,#685),
  .UNSPECIFIED.,.F.,.F.,(4,4),(4.840605336352E-02,1.548516385234),
  .PIECEWISE_BEZIER_KNOTS.);
#682 = CARTESIAN_POINT('',(94.295107532402,130.90804119908,
    4.906655515568));
#683 = CARTESIAN_POINT('',(93.795175726071,130.90804119908,
    4.896352209638));
#684 = CARTESIAN_POINT('',(93.295146898283,130.90804119908,
    4.889883166073));
#685 = CARTESIAN_POINT('',(92.795107532405,130.90804119908,
    4.887258141634));
#686 = ORIENTED_EDGE('',*,*,#687,.T.);
#687 = EDGE_CURVE('',#679,#688,#690,.T.);
#688 = VERTEX_POINT('',#689);
#689 = CARTESIAN_POINT('',(92.795107532402,132.40804119908,
    4.747371521954));
#690 = B_SPLINE_CURVE_WITH_KNOTS('',3,(#691,#692,#693,#694),
  .UNSPECIFIED.,.F.,.F.,(4,4),(2.548151334717,4.054659969397),
  .PIECEWISE_BEZIER_KNOTS.);
#691 = CARTESIAN_POINT('',(92.795107532402,130.90804119908,
    4.887258141634));
#692 = CARTESIAN_POINT('',(92.795107532402,131.40804119908,
    4.840629268407));
#693 = CARTESIAN_POINT('',(92.795107532402,131.90804119908,4.79400039518
    ));
#694 = CARTESIAN_POINT('',(92.795107532402,132.40804119908,
    4.747371521953));
#695 = ORIENTED_EDGE('',*,*,#696,.T.);
#696 = EDGE_CURVE('',#688,#584,#697,.T.);
#697 = B_SPLINE_CURVE_WITH_KNOTS('',3,(#698,#699,#700,#701,#702,#703),
  .UNSPECIFIED.,.F.,.F.,(4,2,4),(1.548516385237,2.048473456563,
    2.548486205102),.UNSPECIFIED.);
#698 = CARTESIAN_POINT('',(92.795107532402,132.40804119908,
    4.747371521953));
#699 = CARTESIAN_POINT('',(92.628454312569,132.40804119908,
    4.746496653283));
#700 = CARTESIAN_POINT('',(92.46179992221,132.40804119908,4.746048761696
    ));
#701 = CARTESIAN_POINT('',(92.128476644484,132.40804119908,4.74600765274
    ));
#702 = CARTESIAN_POINT('',(91.961795988525,132.40804119908,
    4.746414526909));
#703 = CARTESIAN_POINT('',(91.795107532405,132.40804119908,
    4.747249386245));
#704 = B_SPLINE_SURFACE_WITH_KNOTS('',3,3,(
    (#705,#706,#707,#708,#709,#710)
    ,(#711,#712,#713,#714,#715,#716)
    ,(#717,#718,#719,#720,#721,#722)
    ,(#723,#724,#725,#726,#727,#728
    )),.UNSPECIFIED.,.F.,.F.,.F.,(4,4),(4,2,4),(0.14800214066,
    0.189493846087),(0.124450754464,0.126094579381,0.165166716342),
  .UNSPECIFIED.);
#705 = CARTESIAN_POINT('',(90.295107532405,132.40991983353,
    4.766152193334));
#706 = CARTESIAN_POINT('',(90.348927058716,132.40981813633,
    4.765061697346));
#707 = CARTESIAN_POINT('',(90.40274803673,132.40972057407,4.764015540365
    ));
#708 = CARTESIAN_POINT('',(91.735875204962,132.40740651909,
    4.739201997359));
#709 = CARTESIAN_POINT('',(93.01586613707,132.40752316416,4.740452779974
    ));
#710 = CARTESIAN_POINT('',(94.295107532405,132.40996065233,
    4.766589892003));
#711 = CARTESIAN_POINT('',(90.295107532405,131.07654446863,
    4.890499775042));
#712 = CARTESIAN_POINT('',(90.348927058716,131.07644277143,
    4.889409279054));
#713 = CARTESIAN_POINT('',(90.40274803673,131.07634520917,4.888363122073
    ));
#714 = CARTESIAN_POINT('',(91.735875204962,131.07403115418,
    4.863549579067));
#715 = CARTESIAN_POINT('',(93.01586613707,131.07414779925,4.864800361682
    ));
#716 = CARTESIAN_POINT('',(94.295107532405,131.07658528742,
    4.890937473711));
#717 = CARTESIAN_POINT('',(90.295107532405,129.74316910372,5.01484735675
    ));
#718 = CARTESIAN_POINT('',(90.348927058716,129.74306740651,
    5.013756860761));
#719 = CARTESIAN_POINT('',(90.40274803673,129.74296984426,5.012710703781
    ));
#720 = CARTESIAN_POINT('',(91.735875204962,129.7406557893,4.987897160775
    ));
#721 = CARTESIAN_POINT('',(93.01586613707,129.74077243434,4.98914794339)
  );
#722 = CARTESIAN_POINT('',(94.295107532405,129.74320992251,
    5.015285055419));
#723 = CARTESIAN_POINT('',(90.295107532405,128.40979373881,
    5.139194938458));
#724 = CARTESIAN_POINT('',(90.348927058716,128.40969204161,
    5.138104442469));
#725 = CARTESIAN_POINT('',(90.40274803673,128.40959447935,5.137058285489
    ));
#726 = CARTESIAN_POINT('',(91.735875204962,128.40728042439,
    5.112244742483));
#727 = CARTESIAN_POINT('',(93.01586613707,128.40739706943,5.113495525098
    ));
#728 = CARTESIAN_POINT('',(94.295107532405,128.4098345576,5.139632637127
    ));
#729 = ADVANCED_FACE('',(#730),#798,.T.);
#730 = FACE_BOUND('',#731,.T.);
#731 = EDGE_LOOP('',(#732,#741,#742,#754,#772,#781,#782,#791));
#732 = ORIENTED_EDGE('',*,*,#733,.F.);
#733 = EDGE_CURVE('',#57,#734,#736,.T.);
#734 = VERTEX_POINT('',#735);
#735 = CARTESIAN_POINT('',(80.970660424446,130.08304119908,
    2.398051947622));
#736 = B_SPLINE_CURVE_WITH_KNOTS('',3,(#737,#738,#739,#740),
  .UNSPECIFIED.,.F.,.F.,(4,4),(0.424655961493,3.772295079964),
  .PIECEWISE_BEZIER_KNOTS.);
#737 = CARTESIAN_POINT('',(82.315160653168,130.08304119907,
    5.474056317946));
#738 = CARTESIAN_POINT('',(81.872194531708,130.08304119907,
    4.447891615711));
#739 = CARTESIAN_POINT('',(81.421620648165,130.08304119907,
    3.418248632694));
#740 = CARTESIAN_POINT('',(80.970660424442,130.08304119907,
    2.398051947623));
#741 = ORIENTED_EDGE('',*,*,#68,.T.);
#742 = ORIENTED_EDGE('',*,*,#743,.F.);
#743 = EDGE_CURVE('',#744,#69,#746,.T.);
#744 = VERTEX_POINT('',#745);
#745 = CARTESIAN_POINT('',(79.886349656481,122.79690440579,
    5.870859354218E-12));
#746 = B_SPLINE_CURVE_WITH_KNOTS('',3,(#747,#748,#749,#750,#751,#752,
    #753),.UNSPECIFIED.,.F.,.F.,(4,3,4),(0.115640711722,3.872215442282,
    7.074714780934),.UNSPECIFIED.);
#747 = CARTESIAN_POINT('',(79.886349656481,122.79690440579,
    4.645173135032E-12));
#748 = CARTESIAN_POINT('',(80.325486769158,123.30829671029,1.0559957438)
  );
#749 = CARTESIAN_POINT('',(80.768371237264,123.82350056903,
    2.119829838103));
#750 = CARTESIAN_POINT('',(81.208449060803,124.33467597085,
    3.175380096545));
#751 = CARTESIAN_POINT('',(81.583617675809,124.77045563815,
    4.075242137642));
#752 = CARTESIAN_POINT('',(81.962435334412,125.20991575643,
    4.982729960078));
#753 = CARTESIAN_POINT('',(82.339800133283,125.64697229522,
    5.885226580992));
#754 = ORIENTED_EDGE('',*,*,#755,.T.);
#755 = EDGE_CURVE('',#744,#756,#758,.T.);
#756 = VERTEX_POINT('',#757);
#757 = CARTESIAN_POINT('',(79.926094439797,138.15326640231,
    5.870859354218E-12));
#758 = B_SPLINE_CURVE_WITH_KNOTS('',3,(#759,#760,#761,#762,#763,#764,
    #765,#766,#767,#768,#769,#770,#771),.UNSPECIFIED.,.F.,.F.,(4,3,3,3,4
    ),(0.234678631854,6.64841251306,7.90867158588,13.672285153973,
    15.531449814105),.UNSPECIFIED.);
#759 = CARTESIAN_POINT('',(79.886349656481,122.79690440579,
    5.847558855829E-12));
#760 = CARTESIAN_POINT('',(79.890669323589,124.93593424891,
    1.086245744393E-07));
#761 = CARTESIAN_POINT('',(79.895435263422,127.08985670486,
    4.891816990655E-06));
#762 = CARTESIAN_POINT('',(79.900700742968,129.23373883865,
    5.299164696673E-06));
#763 = CARTESIAN_POINT('',(79.90173537716,129.65499842943,
    5.379206003626E-06));
#764 = CARTESIAN_POINT('',(79.902789379363,130.07587025032,
    5.374196489241E-06));
#765 = CARTESIAN_POINT('',(79.903863288813,130.49616505305,
    5.376505941276E-06));
#766 = CARTESIAN_POINT('',(79.908774659214,132.41832287983,
    5.387067888016E-06));
#767 = CARTESIAN_POINT('',(79.914171060611,134.35609437224,
    4.096460127202E-06));
#768 = CARTESIAN_POINT('',(79.920138015768,136.28726521807,
    1.62133033485E-06));
#769 = CARTESIAN_POINT('',(79.922062772177,136.91020160109,
    8.229295078658E-07));
#770 = CARTESIAN_POINT('',(79.924047094384,137.5324508032,
    5.09708174608E-08));
#771 = CARTESIAN_POINT('',(79.926094508272,138.15326667876,
    -2.248094105317E-08));
#772 = ORIENTED_EDGE('',*,*,#773,.F.);
#773 = EDGE_CURVE('',#339,#756,#774,.T.);
#774 = B_SPLINE_CURVE_WITH_KNOTS('',3,(#775,#776,#777,#778,#779,#780),
  .UNSPECIFIED.,.F.,.F.,(4,2,4),(0.608261295188,3.090554516378,
    5.919724454075),.UNSPECIFIED.);
#775 = CARTESIAN_POINT('',(82.266132441037,137.7363501832,4.765374190376
    ));
#776 = CARTESIAN_POINT('',(81.902573620799,137.80136336376,
    4.022270136306));
#777 = CARTESIAN_POINT('',(81.536812306294,137.86663600138,
    3.276200474259));
#778 = CARTESIAN_POINT('',(80.759272320927,138.00517659249,
    1.692674271802));
#779 = CARTESIAN_POINT('',(80.341646507051,138.07945578867,
    0.843659174457));
#780 = CARTESIAN_POINT('',(79.926094439797,138.15326640231,
    5.930367308338E-12));
#781 = ORIENTED_EDGE('',*,*,#356,.T.);
#782 = ORIENTED_EDGE('',*,*,#783,.F.);
#783 = EDGE_CURVE('',#784,#357,#786,.T.);
#784 = VERTEX_POINT('',#785);
#785 = CARTESIAN_POINT('',(80.980674063092,130.73304119907,
    2.398051947622));
#786 = B_SPLINE_CURVE_WITH_KNOTS('',3,(#787,#788,#789,#790),
  .UNSPECIFIED.,.F.,.F.,(4,4),(0.,3.28508933403),
  .PIECEWISE_BEZIER_KNOTS.);
#787 = CARTESIAN_POINT('',(80.980674063096,130.73304119907,
    2.398051947622));
#788 = CARTESIAN_POINT('',(81.426495653766,130.73304119907,
    3.398218595746));
#789 = CARTESIAN_POINT('',(81.872446851197,130.73304119907,
    4.407837658272));
#790 = CARTESIAN_POINT('',(82.311334961934,130.73304119907,5.41383179928
    ));
#791 = ORIENTED_EDGE('',*,*,#792,.F.);
#792 = EDGE_CURVE('',#734,#784,#793,.T.);
#793 = B_SPLINE_CURVE_WITH_KNOTS('',3,(#794,#795,#796,#797),
  .UNSPECIFIED.,.F.,.F.,(4,4),(6.194383678635,6.843470223809),
  .PIECEWISE_BEZIER_KNOTS.);
#794 = CARTESIAN_POINT('',(80.970660424442,130.08304119909,
    2.398051947622));
#795 = CARTESIAN_POINT('',(80.973970080795,130.29984399647,
    2.398051947622));
#796 = CARTESIAN_POINT('',(80.977307859394,130.5165211213,2.398051947622
    ));
#797 = CARTESIAN_POINT('',(80.980674063096,130.73304119907,
    2.398051947622));
#798 = B_SPLINE_SURFACE_WITH_KNOTS('',3,3,(
    (#799,#800,#801,#802)
    ,(#803,#804,#805,#806)
    ,(#807,#808,#809,#810)
    ,(#811,#812,#813,#814
    )),.UNSPECIFIED.,.F.,.F.,.F.,(4,4),(4,4),(6.522670840817E-02,
    0.931745166874),(6.638806340668E-02,0.882718960847),
  .PIECEWISE_BEZIER_KNOTS.);
#799 = CARTESIAN_POINT('',(79.886349656481,122.79690440578,
    4.773514916678E-12));
#800 = CARTESIAN_POINT('',(80.704216955208,123.67712416146,
    1.967082105999));
#801 = CARTESIAN_POINT('',(81.522219724011,124.55581873378,
    3.934799192605));
#802 = CARTESIAN_POINT('',(82.340326336063,125.43190451509,5.90365556798
    ));
#803 = CARTESIAN_POINT('',(79.877411712681,127.91805511663,
    -4.6471425576E-02));
#804 = CARTESIAN_POINT('',(80.694927096578,128.47872184991,
    1.817400431014));
#805 = CARTESIAN_POINT('',(81.512550456027,129.0377311351,3.681777105399
    ));
#806 = CARTESIAN_POINT('',(82.330183771843,129.59382640429,
    5.547087698514));
#807 = CARTESIAN_POINT('',(79.866728742072,133.03919303411,
    -9.557112925804E-02));
#808 = CARTESIAN_POINT('',(80.683737876378,133.28025230862,
    1.664818541272));
#809 = CARTESIAN_POINT('',(81.500785612498,133.51949798946,
    3.425517413439));
#810 = CARTESIAN_POINT('',(82.31771298324,133.75545581806,5.18684557224)
  );
#811 = CARTESIAN_POINT('',(79.853008705624,138.16031309664,
    -0.148338967224));
#812 = CARTESIAN_POINT('',(80.669137351997,138.08168851969,
    1.508111606182));
#813 = CARTESIAN_POINT('',(81.485119778045,138.00105947521,
    3.164552643638));
#814 = CARTESIAN_POINT('',(82.300638515928,137.91664460864,4.82106806573
    ));
#815 = ADVANCED_FACE('',(#816),#860,.T.);
#816 = FACE_BOUND('',#817,.T.);
#817 = EDGE_LOOP('',(#818,#826,#827,#828,#836,#845,#846,#854));
#818 = ORIENTED_EDGE('',*,*,#819,.F.);
#819 = EDGE_CURVE('',#337,#820,#822,.T.);
#820 = VERTEX_POINT('',#821);
#821 = CARTESIAN_POINT('',(91.970107532405,137.94346404235,
    2.398051947622));
#822 = LINE('',#823,#824);
#823 = CARTESIAN_POINT('',(91.970107532405,138.16279782663,
    -0.108944678446));
#824 = VECTOR('',#825,1.);
#825 = DIRECTION('',(0.,8.715574274637E-02,-0.996194698092));
#826 = ORIENTED_EDGE('',*,*,#336,.T.);
#827 = ORIENTED_EDGE('',*,*,#773,.T.);
#828 = ORIENTED_EDGE('',*,*,#829,.F.);
#829 = EDGE_CURVE('',#830,#756,#832,.T.);
#830 = VERTEX_POINT('',#831);
#831 = CARTESIAN_POINT('',(104.66412062501,138.15326640231,
    5.862865748441E-12));
#832 = LINE('',#833,#834);
#833 = CARTESIAN_POINT('',(87.795107532405,138.15326640231,
    5.868194818959E-12));
#834 = VECTOR('',#835,1.);
#835 = DIRECTION('',(-1.,-1.066536263548E-18,3.082500385087E-16));
#836 = ORIENTED_EDGE('',*,*,#837,.F.);
#837 = EDGE_CURVE('',#285,#830,#838,.T.);
#838 = B_SPLINE_CURVE_WITH_KNOTS('',3,(#839,#840,#841,#842,#843,#844),
  .UNSPECIFIED.,.F.,.F.,(4,2,4),(-5.564600626375,-3.0825978626,
    -0.257637007709),.UNSPECIFIED.);
#839 = CARTESIAN_POINT('',(102.32392035852,137.73632116621,
    4.765705856111));
#840 = CARTESIAN_POINT('',(102.6877707008,137.80138651803,4.022005481732
    ));
#841 = CARTESIAN_POINT('',(103.05382876698,137.8667120409,3.275331338519
    ));
#842 = CARTESIAN_POINT('',(103.83142318305,138.00526204326,
    1.691697565053));
#843 = CARTESIAN_POINT('',(104.24880668154,138.07949808437,
    0.843175732457));
#844 = CARTESIAN_POINT('',(104.66412062501,138.15326640231,
    7.31636973228E-12));
#845 = ORIENTED_EDGE('',*,*,#296,.T.);
#846 = ORIENTED_EDGE('',*,*,#847,.F.);
#847 = EDGE_CURVE('',#848,#297,#850,.T.);
#848 = VERTEX_POINT('',#849);
#849 = CARTESIAN_POINT('',(92.620107532406,137.94346404235,
    2.398051947622));
#850 = LINE('',#851,#852);
#851 = CARTESIAN_POINT('',(92.620107532406,137.95939286662,
    2.215984653135));
#852 = VECTOR('',#853,1.);
#853 = DIRECTION('',(-1.761504139042E-14,-8.715574274637E-02,
    0.996194698092));
#854 = ORIENTED_EDGE('',*,*,#855,.F.);
#855 = EDGE_CURVE('',#820,#848,#856,.T.);
#856 = LINE('',#857,#858);
#857 = CARTESIAN_POINT('',(90.176357532408,137.94346404236,
    2.398051947622));
#858 = VECTOR('',#859,1.);
#859 = DIRECTION('',(1.,-2.590184763699E-17,0.));
#860 = PLANE('',#861);
#861 = AXIS2_PLACEMENT_3D('',#862,#863,#864);
#862 = CARTESIAN_POINT('',(88.05760753241,138.16279782663,
    -0.108944678446));
#863 = DIRECTION('',(-2.580328328675E-17,-0.996194698092,
    -8.715574274637E-02));
#864 = DIRECTION('',(2.696301922142E-33,8.715574274637E-02,
    -0.996194698092));
#865 = ADVANCED_FACE('',(#866),#924,.T.);
#866 = FACE_BOUND('',#867,.T.);
#867 = EDGE_LOOP('',(#868,#877,#878,#879,#897,#907,#908,#917));
#868 = ORIENTED_EDGE('',*,*,#869,.F.);
#869 = EDGE_CURVE('',#267,#870,#872,.T.);
#870 = VERTEX_POINT('',#871);
#871 = CARTESIAN_POINT('',(103.60954100171,130.73304119907,
    2.398051947622));
#872 = B_SPLINE_CURVE_WITH_KNOTS('',3,(#873,#874,#875,#876),
  .UNSPECIFIED.,.F.,.F.,(4,4),(0.425436292688,3.712974009713),
  .PIECEWISE_BEZIER_KNOTS.);
#873 = CARTESIAN_POINT('',(102.27873376842,130.73304119907,5.41416721916
    ));
#874 = CARTESIAN_POINT('',(102.71766942447,130.73304119907,4.40806130542
    ));
#875 = CARTESIAN_POINT('',(103.16367022408,130.73304119907,
    3.398328942925));
#876 = CARTESIAN_POINT('',(103.60954100171,130.73304119907,
    2.398051947622));
#877 = ORIENTED_EDGE('',*,*,#284,.T.);
#878 = ORIENTED_EDGE('',*,*,#837,.T.);
#879 = ORIENTED_EDGE('',*,*,#880,.T.);
#880 = EDGE_CURVE('',#830,#881,#883,.T.);
#881 = VERTEX_POINT('',#882);
#882 = CARTESIAN_POINT('',(104.70386540832,122.79690440579,
    5.862865748441E-12));
#883 = B_SPLINE_CURVE_WITH_KNOTS('',3,(#884,#885,#886,#887,#888,#889,
    #890,#891,#892,#893,#894,#895,#896),.UNSPECIFIED.,.F.,.F.,(4,3,3,3,4
    ),(0.243977267942,6.013489125948,7.862694257421,14.283418702026,
    15.558250277835),.UNSPECIFIED.);
#884 = CARTESIAN_POINT('',(104.66412055652,138.1532666788,
    -2.248435482244E-08));
#885 = CARTESIAN_POINT('',(104.67046699098,136.22890397339,
    2.041078786069E-07));
#886 = CARTESIAN_POINT('',(104.67620946136,134.29079284781,
    4.596106935068E-06));
#887 = CARTESIAN_POINT('',(104.68144234366,132.36115308797,
    5.173676354484E-06));
#888 = CARTESIAN_POINT('',(104.68311955189,131.74267793208,
    5.358795019711E-06));
#889 = CARTESIAN_POINT('',(104.68474418559,131.12507282227,
    5.377008007681E-06));
#890 = CARTESIAN_POINT('',(104.68631879977,130.509068299,
    5.376544512561E-06));
#891 = CARTESIAN_POINT('',(104.69178610218,128.37020592401,
    5.374935186303E-06));
#892 = CARTESIAN_POINT('',(104.69674005555,126.21637444047,
    2.639107668863E-06));
#893 = CARTESIAN_POINT('',(104.70123919616,124.07251615906,
    6.786657537061E-07));
#894 = CARTESIAN_POINT('',(104.70213249824,123.64685418668,
    2.894210076429E-07));
#895 = CARTESIAN_POINT('',(104.70300778587,123.22158527021,
    2.165253242813E-08));
#896 = CARTESIAN_POINT('',(104.70386540832,122.79690440579,
    5.87976889399E-12));
#897 = ORIENTED_EDGE('',*,*,#898,.F.);
#898 = EDGE_CURVE('',#141,#881,#899,.T.);
#899 = B_SPLINE_CURVE_WITH_KNOTS('',3,(#900,#901,#902,#903,#904,#905,
    #906),.UNSPECIFIED.,.F.,.F.,(4,3,4),(0.657864724512,3.860449480291,
    7.623488305539),.UNSPECIFIED.);
#900 = CARTESIAN_POINT('',(102.25027909805,125.64712961479,
    5.885551436864));
#901 = CARTESIAN_POINT('',(102.62731926738,125.21044923068,4.98383155374
    ));
#902 = CARTESIAN_POINT('',(103.00580772496,124.77137178429,
    4.077133954715));
#903 = CARTESIAN_POINT('',(103.38065533604,124.33596607578,
    3.178044087427));
#904 = CARTESIAN_POINT('',(103.82110148239,123.82436413211,
    2.121613005662));
#905 = CARTESIAN_POINT('',(104.26436192903,123.30872335852,1.05687674787
    ));
#906 = CARTESIAN_POINT('',(104.70386540833,122.7969044058,
    3.627764755265E-12));
#907 = ORIENTED_EDGE('',*,*,#151,.T.);
#908 = ORIENTED_EDGE('',*,*,#909,.F.);
#909 = EDGE_CURVE('',#910,#152,#912,.T.);
#910 = VERTEX_POINT('',#911);
#911 = CARTESIAN_POINT('',(103.61955464036,130.08304119906,
    2.398051947622));
#912 = B_SPLINE_CURVE_WITH_KNOTS('',3,(#913,#914,#915,#916),
  .UNSPECIFIED.,.F.,.F.,(4,4),(5.466156241273E-02,3.400446688511),
  .PIECEWISE_BEZIER_KNOTS.);
#913 = CARTESIAN_POINT('',(103.61955464036,130.08304119906,
    2.398051947621));
#914 = CARTESIAN_POINT('',(103.16854555494,130.08304119906,
    3.418359171362));
#915 = CARTESIAN_POINT('',(102.71792251851,130.08304119906,
    4.448115587942));
#916 = CARTESIAN_POINT('',(102.27490938666,130.08304119906,
    5.474392279828));
#917 = ORIENTED_EDGE('',*,*,#918,.F.);
#918 = EDGE_CURVE('',#870,#910,#919,.T.);
#919 = B_SPLINE_CURVE_WITH_KNOTS('',3,(#920,#921,#922,#923),
  .UNSPECIFIED.,.F.,.F.,(4,4),(7.281460351698,7.930795463627),
  .PIECEWISE_BEZIER_KNOTS.);
#920 = CARTESIAN_POINT('',(103.60951970694,130.73305705805,
    2.398055245106));
#921 = CARTESIAN_POINT('',(103.61288619982,130.5165336756,2.398055113764
    ));
#922 = CARTESIAN_POINT('',(103.61622428153,130.29985632334,
    2.398055020484));
#923 = CARTESIAN_POINT('',(103.61953431121,130.08305651389,2.39805482449
    ));
#924 = B_SPLINE_SURFACE_WITH_KNOTS('',3,3,(
    (#925,#926,#927,#928)
    ,(#929,#930,#931,#932)
    ,(#933,#934,#935,#936)
    ,(#937,#938,#939,#940
    )),.UNSPECIFIED.,.F.,.F.,.F.,(4,4),(4,4),(6.825483312566E-02,
    0.934773291591),(6.638806340712E-02,0.882764153656),
  .PIECEWISE_BEZIER_KNOTS.);
#925 = CARTESIAN_POINT('',(104.73720635918,138.16031309664,
    -0.148338967226));
#926 = CARTESIAN_POINT('',(103.9210325312,138.08168416697,1.508203308767
    ));
#927 = CARTESIAN_POINT('',(103.10500493582,138.00105056261,
    3.164736046432));
#928 = CARTESIAN_POINT('',(102.28944110534,137.91663058877,
    4.821343184257));
#929 = CARTESIAN_POINT('',(104.72348632273,133.03919303412,
    -9.557112925934E-02));
#930 = CARTESIAN_POINT('',(103.90643195807,133.28026565389,
    1.664915998018));
#931 = CARTESIAN_POINT('',(103.0893389859,133.51952449051,3.425712357828
    ));
#932 = CARTESIAN_POINT('',(102.27236640248,133.75549500667,
    5.187138099024));
#933 = CARTESIAN_POINT('',(104.71280335212,127.91805511663,
    -4.647142557716E-02));
#934 = CARTESIAN_POINT('',(103.89524270984,128.47875288892,
    1.817503616626));
#935 = CARTESIAN_POINT('',(103.07757407908,129.03779303877,
    3.681983528702));
#936 = CARTESIAN_POINT('',(102.25989549688,129.59391876219,
    5.547397494959));
#937 = CARTESIAN_POINT('',(104.70386540833,122.79690440579,
    3.742783860616E-12));
#938 = CARTESIAN_POINT('',(103.88595283173,123.67717289122,
    1.967191005423));
#939 = CARTESIAN_POINT('',(103.06790476908,124.55591603195,
    3.935017057946));
#940 = CARTESIAN_POINT('',(102.2497528554,125.43205001776,5.903982560942
    ));
#941 = ADVANCED_FACE('',(#942),#976,.T.);
#942 = FACE_BOUND('',#943,.T.);
#943 = EDGE_LOOP('',(#944,#952,#953,#954,#960,#961,#962,#970));
#944 = ORIENTED_EDGE('',*,*,#945,.F.);
#945 = EDGE_CURVE('',#139,#946,#948,.T.);
#946 = VERTEX_POINT('',#947);
#947 = CARTESIAN_POINT('',(92.620107532406,123.95822093477,
    2.398051947622));
#948 = LINE('',#949,#950);
#949 = CARTESIAN_POINT('',(92.620107532406,124.15248570913,
    2.799197551669));
#950 = VECTOR('',#951,1.);
#951 = DIRECTION('',(-8.809073233915E-14,-0.435855530278,-0.900016642472
    ));
#952 = ORIENTED_EDGE('',*,*,#138,.T.);
#953 = ORIENTED_EDGE('',*,*,#898,.T.);
#954 = ORIENTED_EDGE('',*,*,#955,.F.);
#955 = EDGE_CURVE('',#744,#881,#956,.T.);
#956 = LINE('',#957,#958);
#957 = CARTESIAN_POINT('',(96.795107532405,122.79690440579,
    5.8655302837E-12));
#958 = VECTOR('',#959,1.);
#959 = DIRECTION('',(1.,-5.903585602453E-18,-3.082500385087E-16));
#960 = ORIENTED_EDGE('',*,*,#743,.T.);
#961 = ORIENTED_EDGE('',*,*,#83,.T.);
#962 = ORIENTED_EDGE('',*,*,#963,.F.);
#963 = EDGE_CURVE('',#964,#84,#966,.T.);
#964 = VERTEX_POINT('',#965);
#965 = CARTESIAN_POINT('',(91.970107532405,123.95822093477,
    2.398051947622));
#966 = LINE('',#967,#968);
#967 = CARTESIAN_POINT('',(91.970107532405,122.53306200233,
    -0.544819412861));
#968 = VECTOR('',#969,1.);
#969 = DIRECTION('',(0.,0.435855530278,0.900016642472));
#970 = ORIENTED_EDGE('',*,*,#971,.F.);
#971 = EDGE_CURVE('',#946,#964,#972,.T.);
#972 = LINE('',#973,#974);
#973 = CARTESIAN_POINT('',(99.176357532408,123.95822093477,
    2.398051947622));
#974 = VECTOR('',#975,1.);
#975 = DIRECTION('',(-1.,-1.433741917767E-16,0.));
#976 = PLANE('',#977);
#977 = AXIS2_PLACEMENT_3D('',#978,#979,#980);
#978 = CARTESIAN_POINT('',(106.05760753241,122.53306200233,
    -0.544819412861));
#979 = DIRECTION('',(-1.290391586999E-16,0.900016642472,-0.435855530278)
  );
#980 = DIRECTION('',(5.546678239835E-32,0.435855530278,0.900016642472));
#981 = ADVANCED_FACE('',(#982,#1052),#1058,.F.);
#982 = FACE_BOUND('',#983,.T.);
#983 = EDGE_LOOP('',(#984,#994,#1003,#1011,#1020,#1028,#1037,#1045));
#984 = ORIENTED_EDGE('',*,*,#985,.F.);
#985 = EDGE_CURVE('',#986,#988,#990,.T.);
#986 = VERTEX_POINT('',#987);
#987 = CARTESIAN_POINT('',(106.05760753241,121.65804119906,
    1.772804125721E-12));
#988 = VERTEX_POINT('',#989);
#989 = CARTESIAN_POINT('',(106.05760753241,139.15804119906,
    1.771915947302E-12));
#990 = LINE('',#991,#992);
#991 = CARTESIAN_POINT('',(106.05760753241,139.15804119906,
    1.771915947302E-12));
#992 = VECTOR('',#993,1.);
#993 = DIRECTION('',(-1.54074395551E-33,1.,0.));
#994 = ORIENTED_EDGE('',*,*,#995,.F.);
#995 = EDGE_CURVE('',#996,#986,#998,.T.);
#996 = VERTEX_POINT('',#997);
#997 = CARTESIAN_POINT('',(105.80760753241,121.40804119906,
    1.772804125721E-12));
#998 = CIRCLE('',#999,0.25);
#999 = AXIS2_PLACEMENT_3D('',#1000,#1001,#1002);
#1000 = CARTESIAN_POINT('',(105.80760753241,121.65804119906,
    1.772804125721E-12));
#1001 = DIRECTION('',(0.,0.,1.));
#1002 = DIRECTION('',(1.,-7.105427357601E-15,0.));
#1003 = ORIENTED_EDGE('',*,*,#1004,.F.);
#1004 = EDGE_CURVE('',#1005,#996,#1007,.T.);
#1005 = VERTEX_POINT('',#1006);
#1006 = CARTESIAN_POINT('',(78.782607532401,121.40804119906,
    5.870859354218E-12));
#1007 = LINE('',#1008,#1009);
#1008 = CARTESIAN_POINT('',(96.282607532401,121.40804119906,
    5.8655302837E-12));
#1009 = VECTOR('',#1010,1.);
#1010 = DIRECTION('',(1.,0.,-3.045183153258E-16));
#1011 = ORIENTED_EDGE('',*,*,#1012,.F.);
#1012 = EDGE_CURVE('',#1013,#1005,#1015,.T.);
#1013 = VERTEX_POINT('',#1014);
#1014 = CARTESIAN_POINT('',(78.532607532401,121.65804119906,
    5.870859354218E-12));
#1015 = CIRCLE('',#1016,0.25);
#1016 = AXIS2_PLACEMENT_3D('',#1017,#1018,#1019);
#1017 = CARTESIAN_POINT('',(78.782607532401,121.65804119906,
    5.870859354218E-12));
#1018 = DIRECTION('',(0.,0.,1.));
#1019 = DIRECTION('',(-7.105427357601E-15,-1.,0.));
#1020 = ORIENTED_EDGE('',*,*,#1021,.F.);
#1021 = EDGE_CURVE('',#1022,#1013,#1024,.T.);
#1022 = VERTEX_POINT('',#1023);
#1023 = CARTESIAN_POINT('',(78.532607532401,139.15804119906,
    5.870859354218E-12));
#1024 = LINE('',#1025,#1026);
#1025 = CARTESIAN_POINT('',(78.532607532401,121.65804119906,
    5.870859354218E-12));
#1026 = VECTOR('',#1027,1.);
#1027 = DIRECTION('',(1.54074395551E-33,-1.,0.));
#1028 = ORIENTED_EDGE('',*,*,#1029,.F.);
#1029 = EDGE_CURVE('',#1030,#1022,#1032,.T.);
#1030 = VERTEX_POINT('',#1031);
#1031 = CARTESIAN_POINT('',(78.782607532401,139.40804119906,
    5.869971175798E-12));
#1032 = CIRCLE('',#1033,0.25);
#1033 = AXIS2_PLACEMENT_3D('',#1034,#1035,#1036);
#1034 = CARTESIAN_POINT('',(78.782607532401,139.15804119906,
    5.869971175798E-12));
#1035 = DIRECTION('',(0.,0.,1.));
#1036 = DIRECTION('',(-1.,7.105427357601E-15,0.));
#1037 = ORIENTED_EDGE('',*,*,#1038,.F.);
#1038 = EDGE_CURVE('',#1039,#1030,#1041,.T.);
#1039 = VERTEX_POINT('',#1040);
#1040 = CARTESIAN_POINT('',(105.80760753241,139.40804119906,
    1.772804125721E-12));
#1041 = LINE('',#1042,#1043);
#1042 = CARTESIAN_POINT('',(78.782607532401,139.40804119906,
    5.870859354218E-12));
#1043 = VECTOR('',#1044,1.);
#1044 = DIRECTION('',(-1.,0.,3.045183153258E-16));
#1045 = ORIENTED_EDGE('',*,*,#1046,.F.);
#1046 = EDGE_CURVE('',#988,#1039,#1047,.T.);
#1047 = CIRCLE('',#1048,0.25);
#1048 = AXIS2_PLACEMENT_3D('',#1049,#1050,#1051);
#1049 = CARTESIAN_POINT('',(105.80760753241,139.15804119906,
    1.771915947302E-12));
#1050 = DIRECTION('',(0.,0.,1.));
#1051 = DIRECTION('',(7.105427357601E-15,1.,-0.));
#1052 = FACE_BOUND('',#1053,.T.);
#1053 = EDGE_LOOP('',(#1054,#1055,#1056,#1057));
#1054 = ORIENTED_EDGE('',*,*,#880,.F.);
#1055 = ORIENTED_EDGE('',*,*,#829,.T.);
#1056 = ORIENTED_EDGE('',*,*,#755,.F.);
#1057 = ORIENTED_EDGE('',*,*,#955,.T.);
#1058 = PLANE('',#1059);
#1059 = AXIS2_PLACEMENT_3D('',#1060,#1061,#1062);
#1060 = CARTESIAN_POINT('',(87.532607532401,130.40804119906,
    5.868194818959E-12));
#1061 = DIRECTION('',(3.082500385087E-16,7.366730315533E-18,1.));
#1062 = DIRECTION('',(1.,0.,-3.082500385087E-16));
#1063 = ADVANCED_FACE('',(#1064),#1108,.F.);
#1064 = FACE_BOUND('',#1065,.F.);
#1065 = EDGE_LOOP('',(#1066,#1080,#1089,#1101));
#1066 = ORIENTED_EDGE('',*,*,#1067,.F.);
#1067 = EDGE_CURVE('',#1068,#1070,#1072,.T.);
#1068 = VERTEX_POINT('',#1069);
#1069 = CARTESIAN_POINT('',(83.1138003042,125.04012331258,7.12653578525)
  );
#1070 = VERTEX_POINT('',#1071);
#1071 = CARTESIAN_POINT('',(81.7220503358,126.58246114032,7.126039976865
    ));
#1072 = B_SPLINE_CURVE_WITH_KNOTS('',3,(#1073,#1074,#1075,#1076,#1077,
    #1078,#1079),.UNSPECIFIED.,.F.,.F.,(4,1,1,1,4),(0.,0.327023505214,
    0.981070515643,1.635117526072,2.289164536501),.UNSPECIFIED.);
#1073 = CARTESIAN_POINT('',(83.1138003042,125.04012331258,7.12653578525)
  );
#1074 = CARTESIAN_POINT('',(83.005631143777,125.04492796259,
    7.136435724766));
#1075 = CARTESIAN_POINT('',(82.682440980785,125.10232778375,
    7.162553756896));
#1076 = CARTESIAN_POINT('',(82.203680614945,125.38747709334,
    7.185146142086));
#1077 = CARTESIAN_POINT('',(81.818358963916,125.93172732478,
    7.17603564673));
#1078 = CARTESIAN_POINT('',(81.722076517581,126.36538710728,
    7.146280923368));
#1079 = CARTESIAN_POINT('',(81.722050335804,126.58246114032,
    7.126039976864));
#1080 = ORIENTED_EDGE('',*,*,#1081,.F.);
#1081 = EDGE_CURVE('',#1082,#1068,#1084,.T.);
#1082 = VERTEX_POINT('',#1083);
#1083 = CARTESIAN_POINT('',(83.090094659718,124.79201003834,
    6.987701339966));
#1084 = CIRCLE('',#1085,0.25);
#1085 = AXIS2_PLACEMENT_3D('',#1086,#1087,#1088);
#1086 = CARTESIAN_POINT('',(83.090094659718,125.01701419895,
    6.878737457397));
#1087 = DIRECTION('',(-0.994868371999,4.4098850217E-02,9.10615934688E-02
    ));
#1088 = DIRECTION('',(1.137492877668E-13,-0.900016642472,0.435855530278)
  );
#1089 = ORIENTED_EDGE('',*,*,#1090,.F.);
#1090 = EDGE_CURVE('',#1091,#1082,#1093,.T.);
#1091 = VERTEX_POINT('',#1092);
#1092 = CARTESIAN_POINT('',(81.462327965906,126.56790758486,
    6.970297132094));
#1093 = B_SPLINE_CURVE_WITH_KNOTS('',3,(#1094,#1095,#1096,#1097,#1098,
    #1099,#1100),.UNSPECIFIED.,.F.,.F.,(4,1,1,1,4),(-2.289164536501,
    -1.635117526072,-0.981070515643,-0.327023505214,0.),.UNSPECIFIED.);
#1094 = CARTESIAN_POINT('',(81.46232796591,126.56790758486,
    6.970297132093));
#1095 = CARTESIAN_POINT('',(81.469370322204,126.31684721773,
    7.011481965078));
#1096 = CARTESIAN_POINT('',(81.593422605765,125.82481565918,
    7.067311223929));
#1097 = CARTESIAN_POINT('',(82.038246129327,125.21234336685,
    7.088083566568));
#1098 = CARTESIAN_POINT('',(82.584692206579,124.87935451967,
    7.055106264941));
#1099 = CARTESIAN_POINT('',(82.96220744323,124.80151773925,
    7.007334196409));
#1100 = CARTESIAN_POINT('',(83.090094659718,124.79201003833,
    6.987701339969));
#1101 = ORIENTED_EDGE('',*,*,#1102,.F.);
#1102 = EDGE_CURVE('',#1070,#1091,#1103,.T.);
#1103 = CIRCLE('',#1104,0.25);
#1104 = AXIS2_PLACEMENT_3D('',#1105,#1106,#1107);
#1105 = CARTESIAN_POINT('',(81.694751267296,126.55938624324,
    6.878608552055));
#1106 = DIRECTION('',(1.204013242721E-04,-0.995680877409,
    9.284167095561E-02));
#1107 = DIRECTION('',(0.109196274025,9.229958831817E-02,0.98972569924));
#1108 = B_SPLINE_SURFACE_WITH_KNOTS('',3,3,(
    (#1109,#1110,#1111,#1112,#1113,#1114,#1115)
    ,(#1116,#1117,#1118,#1119,#1120,#1121,#1122)
    ,(#1123,#1124,#1125,#1126,#1127,#1128,#1129)
    ,(#1130,#1131,#1132,#1133,#1134,#1135,#1136)
    ,(#1137,#1138,#1139,#1140,#1141,#1142,#1143
  )),.UNSPECIFIED.,.F.,.F.,.F.,(4,1,4),(4,1,1,1,4),(0.,0.571428571429,1.
    ),(0.,0.327023505214,0.981070515643,1.635117526072,2.289164536501),
  .UNSPECIFIED.);
#1109 = CARTESIAN_POINT('',(83.1138003042,125.04012331258,7.12653578525)
  );
#1110 = CARTESIAN_POINT('',(83.005631143777,125.04492796259,
    7.136435724766));
#1111 = CARTESIAN_POINT('',(82.682440980785,125.10232778375,
    7.162553756896));
#1112 = CARTESIAN_POINT('',(82.203680614945,125.38747709334,
    7.185146142086));
#1113 = CARTESIAN_POINT('',(81.818358963916,125.93172732478,
    7.17603564673));
#1114 = CARTESIAN_POINT('',(81.722076517581,126.36538710728,
    7.146280923368));
#1115 = CARTESIAN_POINT('',(81.722050335804,126.58246114032,
    7.126039976864));
#1116 = CARTESIAN_POINT('',(83.111759218846,124.98259495954,
    7.132096010386));
#1117 = CARTESIAN_POINT('',(82.998597957641,124.9892917924,
    7.142265915394));
#1118 = CARTESIAN_POINT('',(82.662453387558,125.05300158385,
    7.169012481585));
#1119 = CARTESIAN_POINT('',(82.168468016702,125.34955258485,
    7.192203626174));
#1120 = CARTESIAN_POINT('',(81.768812400278,125.90921684994,
    7.18339524773));
#1121 = CARTESIAN_POINT('',(81.664033013258,126.35677517833,
    7.153398784312));
#1122 = CARTESIAN_POINT('',(81.660374055969,126.58308277992,
    7.132786737991));
#1123 = CARTESIAN_POINT('',(83.104729382852,124.87894078408,
    7.105490594872));
#1124 = CARTESIAN_POINT('',(82.983062688301,124.88906241465,
    7.118413657546));
#1125 = CARTESIAN_POINT('',(82.624633885243,124.96411856712,
    7.151100914531));
#1126 = CARTESIAN_POINT('',(82.10404336706,125.28076208366,
    7.177234784492));
#1127 = CARTESIAN_POINT('',(81.678945068725,125.86711073232,
    7.165893132918));
#1128 = CARTESIAN_POINT('',(81.558719042147,126.3384308921,
    7.129226972798));
#1129 = CARTESIAN_POINT('',(81.548385738075,126.58025128513,
    7.102565592106));
#1130 = CARTESIAN_POINT('',(83.094483175271,124.81081797361,
    7.026538646342));
#1131 = CARTESIAN_POINT('',(82.967828478395,124.82110057169,
    7.044268185546));
#1132 = CARTESIAN_POINT('',(82.594648710874,124.89958022666,
    7.087625189973));
#1133 = CARTESIAN_POINT('',(82.054564382743,125.22908360962,
    7.11855523032));
#1134 = CARTESIAN_POINT('',(81.61373887962,125.83507355649,
    7.100732570968));
#1135 = CARTESIAN_POINT('',(81.488828397352,126.32231770423,
    7.050584249443));
#1136 = CARTESIAN_POINT('',(81.479468603895,126.57192631602,
    7.013373801903));
#1137 = CARTESIAN_POINT('',(83.090094659718,124.79201003833,
    6.987701339969));
#1138 = CARTESIAN_POINT('',(82.96220744323,124.80151773925,
    7.007334196409));
#1139 = CARTESIAN_POINT('',(82.584692206579,124.87935451967,
    7.055106264941));
#1140 = CARTESIAN_POINT('',(82.038246129327,125.21234336685,
    7.088083566568));
#1141 = CARTESIAN_POINT('',(81.593422605765,125.82481565918,
    7.067311223929));
#1142 = CARTESIAN_POINT('',(81.469370322204,126.31684721773,
    7.011481965078));
#1143 = CARTESIAN_POINT('',(81.46232796591,126.56790758486,
    6.970297132093));
#1144 = ADVANCED_FACE('',(#1145),#1173,.F.);
#1145 = FACE_BOUND('',#1146,.F.);
#1146 = EDGE_LOOP('',(#1147,#1156,#1165,#1172));
#1147 = ORIENTED_EDGE('',*,*,#1148,.F.);
#1148 = EDGE_CURVE('',#1149,#1068,#1151,.T.);
#1149 = VERTEX_POINT('',#1150);
#1150 = CARTESIAN_POINT('',(101.4764147606,125.04012331258,
    7.126535785246));
#1151 = B_SPLINE_CURVE_WITH_KNOTS('',3,(#1152,#1153,#1154,#1155),
  .UNSPECIFIED.,.F.,.F.,(4,4),(0.,18.441516879909),
  .PIECEWISE_BEZIER_KNOTS.);
#1152 = CARTESIAN_POINT('',(101.47641476061,125.04012331258,
    7.126535785246));
#1153 = CARTESIAN_POINT('',(95.376537027016,124.76917938071,
    6.568258172841));
#1154 = CARTESIAN_POINT('',(89.213678037795,124.7691793807,
    6.568258172843));
#1155 = CARTESIAN_POINT('',(83.1138003042,125.04012331258,7.12653578525)
  );
#1156 = ORIENTED_EDGE('',*,*,#1157,.F.);
#1157 = EDGE_CURVE('',#1158,#1149,#1160,.T.);
#1158 = VERTEX_POINT('',#1159);
#1159 = CARTESIAN_POINT('',(101.50012040509,124.79201003833,
    6.987701339962));
#1160 = CIRCLE('',#1161,0.25);
#1161 = AXIS2_PLACEMENT_3D('',#1162,#1163,#1164);
#1162 = CARTESIAN_POINT('',(101.50012040509,125.01701419895,
    6.878737457393));
#1163 = DIRECTION('',(-0.994868371999,-4.409885021827E-02,
    -9.106159346824E-02));
#1164 = DIRECTION('',(1.207978161943E-12,-0.900016642471,0.435855530278)
  );
#1165 = ORIENTED_EDGE('',*,*,#1166,.F.);
#1166 = EDGE_CURVE('',#1082,#1158,#1167,.T.);
#1167 = B_SPLINE_CURVE_WITH_KNOTS('',3,(#1168,#1169,#1170,#1171),
  .UNSPECIFIED.,.F.,.F.,(4,4),(-18.4415168799,0.),
  .PIECEWISE_BEZIER_KNOTS.);
#1168 = CARTESIAN_POINT('',(83.090094659718,124.79201003833,
    6.987701339965));
#1169 = CARTESIAN_POINT('',(89.205721951556,124.52092680811,
    6.427930035609));
#1170 = CARTESIAN_POINT('',(95.384493113255,124.52092680812,
    6.427930035608));
#1171 = CARTESIAN_POINT('',(101.50012040509,124.79201003834,
    6.987701339961));
#1172 = ORIENTED_EDGE('',*,*,#1081,.T.);
#1173 = B_SPLINE_SURFACE_WITH_KNOTS('',3,3,(
    (#1174,#1175,#1176,#1177)
    ,(#1178,#1179,#1180,#1181)
    ,(#1182,#1183,#1184,#1185)
    ,(#1186,#1187,#1188,#1189)
    ,(#1190,#1191,#1192,#1193
  )),.UNSPECIFIED.,.F.,.F.,.F.,(4,1,4),(4,4),(0.,0.571428571429,1.),(0.,
    18.441516879909),.UNSPECIFIED.);
#1174 = CARTESIAN_POINT('',(101.47641476061,125.04012331258,
    7.126535785246));
#1175 = CARTESIAN_POINT('',(95.376537027016,124.76917938071,
    6.568258172841));
#1176 = CARTESIAN_POINT('',(89.213678037795,124.7691793807,
    6.568258172843));
#1177 = CARTESIAN_POINT('',(83.1138003042,125.04012331258,7.12653578525)
  );
#1178 = CARTESIAN_POINT('',(101.47845584596,124.98259495954,
    7.132096010382));
#1179 = CARTESIAN_POINT('',(95.377248878565,124.7116859538,
    6.573554728148));
#1180 = CARTESIAN_POINT('',(89.212966186245,124.71168595379,
    6.573554728149));
#1181 = CARTESIAN_POINT('',(83.111759218846,124.98259495953,
    7.132096010386));
#1182 = CARTESIAN_POINT('',(101.48548568195,124.87894078409,
    7.105490594867));
#1183 = CARTESIAN_POINT('',(95.379592582725,124.60808026174,
    6.546413072885));
#1184 = CARTESIAN_POINT('',(89.210622482078,124.60808026172,
    6.546413072886));
#1185 = CARTESIAN_POINT('',(83.104729382849,124.87894078408,
    7.105490594871));
#1186 = CARTESIAN_POINT('',(101.49573188953,124.81081797362,
    7.026538646334));
#1187 = CARTESIAN_POINT('',(95.383022186696,124.53982956209,
    6.466961962605));
#1188 = CARTESIAN_POINT('',(89.207192878115,124.53982956208,
    6.466961962606));
#1189 = CARTESIAN_POINT('',(83.094483175271,124.81081797361,
    7.026538646338));
#1190 = CARTESIAN_POINT('',(101.50012040509,124.79201003834,
    6.987701339961));
#1191 = CARTESIAN_POINT('',(95.384493113255,124.52092680812,
    6.427930035608));
#1192 = CARTESIAN_POINT('',(89.205721951556,124.52092680811,
    6.427930035609));
#1193 = CARTESIAN_POINT('',(83.090094659718,124.79201003833,
    6.987701339965));
#1194 = ADVANCED_FACE('',(#1195),#1233,.F.);
#1195 = FACE_BOUND('',#1196,.F.);
#1196 = EDGE_LOOP('',(#1197,#1211,#1220,#1232));
#1197 = ORIENTED_EDGE('',*,*,#1198,.F.);
#1198 = EDGE_CURVE('',#1199,#1091,#1201,.T.);
#1199 = VERTEX_POINT('',#1200);
#1200 = CARTESIAN_POINT('',(81.4544062684,137.19325681609,6.001857646994
    ));
#1201 = B_SPLINE_CURVE_WITH_KNOTS('',3,(#1202,#1203,#1204,#1205,#1206,
    #1207,#1208,#1209,#1210),.UNSPECIFIED.,.F.,.F.,(4,1,1,1,1,1,4),(0.,
    1.52419904811,3.04839809622,4.57259714433,7.620995240551,
    9.145194288661,10.669393336771),.UNSPECIFIED.);
#1202 = CARTESIAN_POINT('',(81.454406268385,137.193256816,6.001857646969
    ));
#1203 = CARTESIAN_POINT('',(81.454117519588,136.68548315089,
    6.048455226446));
#1204 = CARTESIAN_POINT('',(81.455256294357,135.67457478842,
    6.140226254628));
#1205 = CARTESIAN_POINT('',(81.456345658029,134.1560482254,
    6.278240804237));
#1206 = CARTESIAN_POINT('',(81.458162748517,132.13253019187,
    6.462165199352));
#1207 = CARTESIAN_POINT('',(81.460037684978,130.10836037047,
    6.64655013458));
#1208 = CARTESIAN_POINT('',(81.461511173107,128.08506767707,
    6.831252948488));
#1209 = CARTESIAN_POINT('',(81.462558753403,127.07251607428,
    6.923984920357));
#1210 = CARTESIAN_POINT('',(81.462327965906,126.56790758486,
    6.970297132094));
#1211 = ORIENTED_EDGE('',*,*,#1212,.F.);
#1212 = EDGE_CURVE('',#1213,#1199,#1215,.T.);
#1213 = VERTEX_POINT('',#1214);
#1214 = CARTESIAN_POINT('',(81.704975689881,137.20591904678,
    6.137205615363));
#1215 = CIRCLE('',#1216,0.25);
#1216 = AXIS2_PLACEMENT_3D('',#1217,#1218,#1219);
#1217 = CARTESIAN_POINT('',(81.677632535553,137.18284459976,
    5.889779016538));
#1218 = DIRECTION('',(1.689704670649E-04,-0.995681368569,
    9.283632766417E-02));
#1219 = DIRECTION('',(0.109372617317,9.229778807624E-02,0.9897063953));
#1220 = ORIENTED_EDGE('',*,*,#1221,.F.);
#1221 = EDGE_CURVE('',#1070,#1213,#1222,.T.);
#1222 = B_SPLINE_CURVE_WITH_KNOTS('',3,(#1223,#1224,#1225,#1226,#1227,
    #1228,#1229,#1230,#1231),.UNSPECIFIED.,.F.,.F.,(4,1,1,1,1,1,4),(
    -10.66939333677,-9.145194288661,-7.620995240551,-4.57259714433,
    -3.04839809622,-1.52419904811,0.),.UNSPECIFIED.);
#1223 = CARTESIAN_POINT('',(81.7220503358,126.58246114032,7.126039976864
    ));
#1224 = CARTESIAN_POINT('',(81.721989321475,127.08833308723,
    7.078870230801));
#1225 = CARTESIAN_POINT('',(81.720342267145,128.10009149814,
    6.984697654238));
#1226 = CARTESIAN_POINT('',(81.717370852803,130.12360482756,
    6.796317295748));
#1227 = CARTESIAN_POINT('',(81.713779052498,132.1471237593,
    6.608004995744));
#1228 = CARTESIAN_POINT('',(81.709969549051,134.17064453129,
    6.419716742135));
#1229 = CARTESIAN_POINT('',(81.707313547428,135.68828309061,
    6.278478587706));
#1230 = CARTESIAN_POINT('',(81.705061317203,136.70004685099,
    6.18437265365));
#1231 = CARTESIAN_POINT('',(81.704975689885,137.20591904678,
    6.137205615366));
#1232 = ORIENTED_EDGE('',*,*,#1102,.T.);
#1233 = B_SPLINE_SURFACE_WITH_KNOTS('',3,3,(
    (#1234,#1235,#1236,#1237,#1238,#1239,#1240,#1241,#1242)
    ,(#1243,#1244,#1245,#1246,#1247,#1248,#1249,#1250,#1251)
    ,(#1252,#1253,#1254,#1255,#1256,#1257,#1258,#1259,#1260)
    ,(#1261,#1262,#1263,#1264,#1265,#1266,#1267,#1268,#1269)
    ,(#1270,#1271,#1272,#1273,#1274,#1275,#1276,#1277,#1278
  )),.UNSPECIFIED.,.F.,.F.,.F.,(4,1,4),(4,1,1,1,1,1,4),(0.,
    0.571428571429,1.),(0.,1.52419904811,3.04839809622,4.57259714433,
    7.620995240551,9.145194288661,10.669393336771),.UNSPECIFIED.);
#1234 = CARTESIAN_POINT('',(81.454406268385,137.193256816,6.001857646969
    ));
#1235 = CARTESIAN_POINT('',(81.454117519588,136.68548315089,
    6.048455226446));
#1236 = CARTESIAN_POINT('',(81.455256294357,135.67457478842,
    6.140226254628));
#1237 = CARTESIAN_POINT('',(81.456345658029,134.1560482254,
    6.278240804237));
#1238 = CARTESIAN_POINT('',(81.458162748517,132.13253019187,
    6.462165199352));
#1239 = CARTESIAN_POINT('',(81.460037684978,130.10836037047,
    6.64655013458));
#1240 = CARTESIAN_POINT('',(81.461511173107,128.08506767707,
    6.831252948488));
#1241 = CARTESIAN_POINT('',(81.462558753403,127.07251607428,
    6.923984920357));
#1242 = CARTESIAN_POINT('',(81.462327965906,126.56790758486,
    6.970297132094));
#1243 = CARTESIAN_POINT('',(81.480420746691,137.19805068556,
    6.053225156155));
#1244 = CARTESIAN_POINT('',(81.480028567599,136.69045462553,
    6.100037173888));
#1245 = CARTESIAN_POINT('',(81.480866438076,135.6795161216,
    6.192496853554));
#1246 = CARTESIAN_POINT('',(81.481472856911,134.16112964375,
    6.331503331252));
#1247 = CARTESIAN_POINT('',(81.482634609136,132.13769585518,
    6.516729244388));
#1248 = CARTESIAN_POINT('',(81.483888774146,130.11364904129,
    6.70227360743));
#1249 = CARTESIAN_POINT('',(81.484746689348,128.09041418235,
    6.888041157583));
#1250 = CARTESIAN_POINT('',(81.485543821422,127.07794331476,
    6.981198639664));
#1251 = CARTESIAN_POINT('',(81.485182149889,126.57326589307,
    7.02773269184));
#1252 = CARTESIAN_POINT('',(81.558397461809,137.20488411354,
    6.126372611607));
#1253 = CARTESIAN_POINT('',(81.558072716431,136.69787169081,
    6.173538481872));
#1254 = CARTESIAN_POINT('',(81.559087265076,135.686729964,6.267260253519
    ));
#1255 = CARTESIAN_POINT('',(81.559945228149,134.16868375881,
    6.408050663632));
#1256 = CARTESIAN_POINT('',(81.561394778189,132.14535054326,
    6.59567394274));
#1257 = CARTESIAN_POINT('',(81.562846068107,130.12158872242,
    6.783408694098));
#1258 = CARTESIAN_POINT('',(81.563871750801,128.09837762664,
    6.971200918105));
#1259 = CARTESIAN_POINT('',(81.564714421867,127.08617328209,
    7.06518197124));
#1260 = CARTESIAN_POINT('',(81.564383482713,126.58114771952,
    7.112158659739));
#1261 = CARTESIAN_POINT('',(81.661901781896,137.20635180143,
    6.141925362334));
#1262 = CARTESIAN_POINT('',(81.661869793897,136.70014209423,
    6.189137599776));
#1263 = CARTESIAN_POINT('',(81.663765315007,135.68857719624,
    6.283261504726));
#1264 = CARTESIAN_POINT('',(81.665905647798,134.17083527024,
    6.424567162465));
#1265 = CARTESIAN_POINT('',(81.669037752756,132.14739548643,
    6.612921677087));
#1266 = CARTESIAN_POINT('',(81.672013965981,130.12382625725,
    6.801301924881));
#1267 = CARTESIAN_POINT('',(81.674428442555,128.10042477756,
    6.989734160726));
#1268 = CARTESIAN_POINT('',(81.675843963643,127.08854130132,
    7.083941085569));
#1269 = CARTESIAN_POINT('',(81.675793125924,126.58292737002,
    7.131100047709));
#1270 = CARTESIAN_POINT('',(81.704975689885,137.20591904678,
    6.137205615366));
#1271 = CARTESIAN_POINT('',(81.705061317203,136.70004685099,
    6.18437265365));
#1272 = CARTESIAN_POINT('',(81.707313547428,135.68828309061,
    6.278478587706));
#1273 = CARTESIAN_POINT('',(81.709969549051,134.17064453129,
    6.419716742135));
#1274 = CARTESIAN_POINT('',(81.713779052498,132.1471237593,
    6.608004995744));
#1275 = CARTESIAN_POINT('',(81.717370852803,130.12360482756,
    6.796317295748));
#1276 = CARTESIAN_POINT('',(81.720342267145,128.10009149814,
    6.984697654238));
#1277 = CARTESIAN_POINT('',(81.721989321475,127.08833308723,
    7.078870230801));
#1278 = CARTESIAN_POINT('',(81.7220503358,126.58246114032,7.126039976864
    ));
#1279 = ADVANCED_FACE('',(#1280),#1314,.F.);
#1280 = FACE_BOUND('',#1281,.F.);
#1281 = EDGE_LOOP('',(#1282,#1294,#1303,#1313));
#1282 = ORIENTED_EDGE('',*,*,#1283,.F.);
#1283 = EDGE_CURVE('',#1284,#1149,#1286,.T.);
#1284 = VERTEX_POINT('',#1285);
#1285 = CARTESIAN_POINT('',(102.86816472901,126.58246114032,
    7.12603997686));
#1286 = B_SPLINE_CURVE_WITH_KNOTS('',3,(#1287,#1288,#1289,#1290,#1291,
    #1292,#1293),.UNSPECIFIED.,.F.,.F.,(4,1,1,1,4),(0.,0.654047010429,
    1.308094020858,1.962141031287,2.289164536501),.UNSPECIFIED.);
#1287 = CARTESIAN_POINT('',(102.86816472901,126.58246114031,
    7.12603997686));
#1288 = CARTESIAN_POINT('',(102.86813854723,126.36538710726,
    7.146280923366));
#1289 = CARTESIAN_POINT('',(102.77185610091,125.93172732475,
    7.176035646729));
#1290 = CARTESIAN_POINT('',(102.38653444988,125.38747709333,
    7.185146142085));
#1291 = CARTESIAN_POINT('',(101.90777408405,125.10232778373,
    7.162553756894));
#1292 = CARTESIAN_POINT('',(101.58458392103,125.04492796259,
    7.136435724761));
#1293 = CARTESIAN_POINT('',(101.47641476061,125.04012331258,
    7.126535785246));
#1294 = ORIENTED_EDGE('',*,*,#1295,.F.);
#1295 = EDGE_CURVE('',#1296,#1284,#1298,.T.);
#1296 = VERTEX_POINT('',#1297);
#1297 = CARTESIAN_POINT('',(103.1278870989,126.56790758486,6.97029713209
    ));
#1298 = CIRCLE('',#1299,0.25);
#1299 = AXIS2_PLACEMENT_3D('',#1300,#1301,#1302);
#1300 = CARTESIAN_POINT('',(102.89546379751,126.55938624324,
    6.87860855205));
#1301 = DIRECTION('',(-1.204013242757E-04,-0.995680877409,
    9.284167095561E-02));
#1302 = DIRECTION('',(0.929693205545,3.408536649687E-02,0.366754320157)
  );
#1303 = ORIENTED_EDGE('',*,*,#1304,.F.);
#1304 = EDGE_CURVE('',#1158,#1296,#1305,.T.);
#1305 = B_SPLINE_CURVE_WITH_KNOTS('',3,(#1306,#1307,#1308,#1309,#1310,
    #1311,#1312),.UNSPECIFIED.,.F.,.F.,(4,1,1,1,4),(-2.289164536501,
    -1.962141031287,-1.308094020858,-0.654047010429,0.),.UNSPECIFIED.);
#1306 = CARTESIAN_POINT('',(101.50012040509,124.79201003833,
    6.987701339965));
#1307 = CARTESIAN_POINT('',(101.62800762157,124.80151773925,
    7.007334196404));
#1308 = CARTESIAN_POINT('',(102.00552285825,124.87935451965,
    7.055106264939));
#1309 = CARTESIAN_POINT('',(102.5519689355,125.21234336684,
    7.088083566567));
#1310 = CARTESIAN_POINT('',(102.99679245904,125.82481565916,
    7.067311223926));
#1311 = CARTESIAN_POINT('',(103.12084474261,126.31684721772,
    7.011481965077));
#1312 = CARTESIAN_POINT('',(103.1278870989,126.56790758486,6.97029713209
    ));
#1313 = ORIENTED_EDGE('',*,*,#1157,.T.);
#1314 = B_SPLINE_SURFACE_WITH_KNOTS('',3,3,(
    (#1315,#1316,#1317,#1318,#1319,#1320,#1321)
    ,(#1322,#1323,#1324,#1325,#1326,#1327,#1328)
    ,(#1329,#1330,#1331,#1332,#1333,#1334,#1335)
    ,(#1336,#1337,#1338,#1339,#1340,#1341,#1342)
    ,(#1343,#1344,#1345,#1346,#1347,#1348,#1349
  )),.UNSPECIFIED.,.F.,.F.,.F.,(4,1,4),(4,1,1,1,4),(0.,0.571428571429,1.
    ),(0.,0.654047010429,1.308094020858,1.962141031287,2.289164536501),
  .UNSPECIFIED.);
#1315 = CARTESIAN_POINT('',(102.86816472901,126.58246114031,
    7.12603997686));
#1316 = CARTESIAN_POINT('',(102.86813854723,126.36538710726,
    7.146280923366));
#1317 = CARTESIAN_POINT('',(102.77185610091,125.93172732475,
    7.176035646729));
#1318 = CARTESIAN_POINT('',(102.38653444988,125.38747709333,
    7.185146142085));
#1319 = CARTESIAN_POINT('',(101.90777408405,125.10232778373,
    7.162553756894));
#1320 = CARTESIAN_POINT('',(101.58458392103,125.04492796259,
    7.136435724761));
#1321 = CARTESIAN_POINT('',(101.47641476061,125.04012331258,
    7.126535785246));
#1322 = CARTESIAN_POINT('',(102.92984100884,126.58308277992,
    7.132786737986));
#1323 = CARTESIAN_POINT('',(102.92618205156,126.35677517831,
    7.153398784308));
#1324 = CARTESIAN_POINT('',(102.82140266454,125.90921684991,
    7.183395247742));
#1325 = CARTESIAN_POINT('',(102.42174704813,125.34955258484,
    7.192203626186));
#1326 = CARTESIAN_POINT('',(101.92776167726,125.05300158383,
    7.169012481592));
#1327 = CARTESIAN_POINT('',(101.59161710716,124.9892917924,7.14226591539
    ));
#1328 = CARTESIAN_POINT('',(101.47845584596,124.98259495954,
    7.132096010382));
#1329 = CARTESIAN_POINT('',(103.04182932673,126.58025128513,
    7.102565592102));
#1330 = CARTESIAN_POINT('',(103.03149602266,126.33843089209,
    7.129226972795));
#1331 = CARTESIAN_POINT('',(102.91126999609,125.8671107323,
    7.165893132909));
#1332 = CARTESIAN_POINT('',(102.48617169777,125.28076208366,
    7.177234784487));
#1333 = CARTESIAN_POINT('',(101.96558117958,124.96411856711,
    7.151100914527));
#1334 = CARTESIAN_POINT('',(101.6071523765,124.88906241466,
    7.118413657542));
#1335 = CARTESIAN_POINT('',(101.48548568195,124.87894078409,
    7.105490594869));
#1336 = CARTESIAN_POINT('',(103.11074646091,126.57192631602,
    7.013373801899));
#1337 = CARTESIAN_POINT('',(103.10138666746,126.32231770421,
    7.050584249441));
#1338 = CARTESIAN_POINT('',(102.97647618519,125.83507355646,
    7.100732570961));
#1339 = CARTESIAN_POINT('',(102.53565068209,125.22908360962,
    7.118555230316));
#1340 = CARTESIAN_POINT('',(101.99556635395,124.89958022665,
    7.08762518997));
#1341 = CARTESIAN_POINT('',(101.62238658641,124.82110057169,
    7.044268185541));
#1342 = CARTESIAN_POINT('',(101.49573188953,124.81081797361,
    7.026538646338));
#1343 = CARTESIAN_POINT('',(103.1278870989,126.56790758486,6.97029713209
    ));
#1344 = CARTESIAN_POINT('',(103.12084474261,126.31684721772,
    7.011481965077));
#1345 = CARTESIAN_POINT('',(102.99679245904,125.82481565916,
    7.067311223926));
#1346 = CARTESIAN_POINT('',(102.5519689355,125.21234336684,
    7.088083566567));
#1347 = CARTESIAN_POINT('',(102.00552285825,124.87935451965,
    7.055106264939));
#1348 = CARTESIAN_POINT('',(101.62800762157,124.80151773925,
    7.007334196404));
#1349 = CARTESIAN_POINT('',(101.50012040509,124.79201003833,
    6.987701339965));
#1350 = ADVANCED_FACE('',(#1351),#1383,.F.);
#1351 = FACE_BOUND('',#1352,.F.);
#1352 = EDGE_LOOP('',(#1353,#1364,#1365,#1376));
#1353 = ORIENTED_EDGE('',*,*,#1354,.F.);
#1354 = EDGE_CURVE('',#1213,#1355,#1357,.T.);
#1355 = VERTEX_POINT('',#1356);
#1356 = CARTESIAN_POINT('',(83.033095355757,138.6890633959,
    5.861421279544));
#1357 = B_SPLINE_CURVE_WITH_KNOTS('',3,(#1358,#1359,#1360,#1361,#1362,
    #1363),.UNSPECIFIED.,.F.,.F.,(4,1,1,4),(0.,0.951321186848,
    1.585535311414,2.219749435979),.UNSPECIFIED.);
#1358 = CARTESIAN_POINT('',(81.704975689881,137.20591904698,
    6.137205615343));
#1359 = CARTESIAN_POINT('',(81.704922246023,137.52165663932,
    6.107766545101));
#1360 = CARTESIAN_POINT('',(81.868663499663,138.04437711703,
    6.040702306088));
#1361 = CARTESIAN_POINT('',(82.409670466532,138.56168677058,
    5.934965842184));
#1362 = CARTESIAN_POINT('',(82.823233871619,138.68726733092,
    5.881843287103));
#1363 = CARTESIAN_POINT('',(83.033095355757,138.6890633959,
    5.861421279544));
#1364 = ORIENTED_EDGE('',*,*,#1212,.T.);
#1365 = ORIENTED_EDGE('',*,*,#1366,.F.);
#1366 = EDGE_CURVE('',#1367,#1199,#1369,.T.);
#1367 = VERTEX_POINT('',#1368);
#1368 = CARTESIAN_POINT('',(83.009181335408,138.91500480797,
    5.635431737449));
#1369 = B_SPLINE_CURVE_WITH_KNOTS('',3,(#1370,#1371,#1372,#1373,#1374,
    #1375),.UNSPECIFIED.,.F.,.F.,(4,1,1,4),(-2.219749435979,
    -1.585535311414,-0.951321186848,0.),.UNSPECIFIED.);
#1370 = CARTESIAN_POINT('',(83.009181335412,138.91500480796,
    5.635431737449));
#1371 = CARTESIAN_POINT('',(82.755243177096,138.91037867444,
    5.688308685538));
#1372 = CARTESIAN_POINT('',(82.270739787269,138.74858161622,
    5.785187740012));
#1373 = CARTESIAN_POINT('',(81.657368714914,138.14969867119,
    5.919390936423));
#1374 = CARTESIAN_POINT('',(81.462875108606,137.55903044063,
    5.984744246496));
#1375 = CARTESIAN_POINT('',(81.454406268385,137.19325681621,
    6.001857646949));
#1376 = ORIENTED_EDGE('',*,*,#1377,.F.);
#1377 = EDGE_CURVE('',#1355,#1367,#1378,.T.);
#1378 = CIRCLE('',#1379,0.25);
#1379 = AXIS2_PLACEMENT_3D('',#1380,#1381,#1382);
#1380 = CARTESIAN_POINT('',(83.009181335412,138.66595613345,
    5.613642801761));
#1381 = DIRECTION('',(-0.995263242128,-8.472990166096E-03,
    9.684672068308E-02));
#1382 = DIRECTION('',(9.565608138288E-02,9.242904983096E-02,
    0.991113911133));
#1383 = B_SPLINE_SURFACE_WITH_KNOTS('',3,3,(
    (#1384,#1385,#1386,#1387,#1388,#1389)
    ,(#1390,#1391,#1392,#1393,#1394,#1395)
    ,(#1396,#1397,#1398,#1399,#1400,#1401)
    ,(#1402,#1403,#1404,#1405,#1406,#1407)
    ,(#1408,#1409,#1410,#1411,#1412,#1413
    )),.UNSPECIFIED.,.F.,.F.,.F.,(4,1,4),(4,1,1,4),(0.,0.571428571429,1.
    ),(0.,0.951321186848,1.585535311414,2.219749435979),.UNSPECIFIED.);
#1384 = CARTESIAN_POINT('',(81.704975689881,137.20591904698,
    6.137205615343));
#1385 = CARTESIAN_POINT('',(81.704922246023,137.52165663932,
    6.107766545101));
#1386 = CARTESIAN_POINT('',(81.868663499663,138.04437711703,
    6.040702306088));
#1387 = CARTESIAN_POINT('',(82.409670466532,138.56168677058,
    5.934965842184));
#1388 = CARTESIAN_POINT('',(82.823233871619,138.68726733092,
    5.881843287103));
#1389 = CARTESIAN_POINT('',(83.033095355757,138.6890633959,
    5.861421279544));
#1390 = CARTESIAN_POINT('',(81.647543812563,137.20649605318,6.1434986113
    ));
#1391 = CARTESIAN_POINT('',(81.651096106216,137.53416606545,
    6.112474653391));
#1392 = CARTESIAN_POINT('',(81.822550461584,138.07174801948,
    6.042907518377));
#1393 = CARTESIAN_POINT('',(82.379767587823,138.60920929042,
    5.933376356152));
#1394 = CARTESIAN_POINT('',(82.809641427404,138.74770774161,
    5.877359910975));
#1395 = CARTESIAN_POINT('',(83.031945870018,138.75503341417,
    5.85538000544));
#1396 = CARTESIAN_POINT('',(81.54343252274,137.20413046349,
    6.118316854704));
#1397 = CARTESIAN_POINT('',(81.55362866482,137.55300263712,
    6.089462407805));
#1398 = CARTESIAN_POINT('',(81.739045114245,138.1171766303,
    6.018815915218));
#1399 = CARTESIAN_POINT('',(82.324401661965,138.68942748042,
    5.899596467706));
#1400 = CARTESIAN_POINT('',(82.782185768545,138.84955697807,
    5.829988495661));
#1401 = CARTESIAN_POINT('',(83.02529740852,138.86521503936,
    5.796695503987));
#1402 = CARTESIAN_POINT('',(81.473917127114,137.19685221838,
    6.040383278837));
#1403 = CARTESIAN_POINT('',(81.48411913462,137.55914092527,
    6.019691534347));
#1404 = CARTESIAN_POINT('',(81.677129831103,138.14319143285,
    5.952471479515));
#1405 = CARTESIAN_POINT('',(82.283494803771,138.7366310886,
    5.822359202359));
#1406 = CARTESIAN_POINT('',(82.761442942927,138.90082284217,
    5.732972305905));
#1407 = CARTESIAN_POINT('',(83.014012227901,138.91069437742,
    5.684700184029));
#1408 = CARTESIAN_POINT('',(81.454406268385,137.19325681621,
    6.001857646949));
#1409 = CARTESIAN_POINT('',(81.462875108606,137.55903044063,
    5.984744246496));
#1410 = CARTESIAN_POINT('',(81.657368714914,138.14969867119,
    5.919390936423));
#1411 = CARTESIAN_POINT('',(82.270739787269,138.74858161622,
    5.785187740012));
#1412 = CARTESIAN_POINT('',(82.755243177096,138.91037867444,
    5.688308685538));
#1413 = CARTESIAN_POINT('',(83.009181335412,138.91500480796,
    5.635431737449));
#1414 = ADVANCED_FACE('',(#1415),#1455,.F.);
#1415 = FACE_BOUND('',#1416,.F.);
#1416 = EDGE_LOOP('',(#1417,#1432,#1433,#1448));
#1417 = ORIENTED_EDGE('',*,*,#1418,.F.);
#1418 = EDGE_CURVE('',#1296,#1419,#1421,.T.);
#1419 = VERTEX_POINT('',#1420);
#1420 = CARTESIAN_POINT('',(103.13580879641,137.19325681609,
    6.001857646989));
#1421 = B_SPLINE_CURVE_WITH_KNOTS('',3,(#1422,#1423,#1424,#1425,#1426,
    #1427,#1428,#1429,#1430,#1431),.UNSPECIFIED.,.F.,.F.,(4,1,1,1,1,1,1,
    4),(2.53458664674E-14,1.52419904811,3.048398096221,4.572597144331,
    7.620995240552,9.145194288663,9.907293812718,10.669393336773),
  .UNSPECIFIED.);
#1422 = CARTESIAN_POINT('',(103.1278870989,126.56790758483,
    6.970297132092));
#1423 = CARTESIAN_POINT('',(103.1276563114,127.07251607428,
    6.923984920352));
#1424 = CARTESIAN_POINT('',(103.12870573901,128.08517387092,
    6.831234868412));
#1425 = CARTESIAN_POINT('',(103.12974718368,129.60265157697,
    6.692703711421));
#1426 = CARTESIAN_POINT('',(103.13154050172,131.62671744487,
    6.508190703288));
#1427 = CARTESIAN_POINT('',(103.13325089371,133.65069476983,
    6.324087567471));
#1428 = CARTESIAN_POINT('',(103.13480252611,135.42154020763,
    6.16322546352));
#1429 = CARTESIAN_POINT('',(103.13549752106,136.4337614366,
    6.071209426022));
#1430 = CARTESIAN_POINT('',(103.13595317082,136.93936998344,
    6.025156436704));
#1431 = CARTESIAN_POINT('',(103.13580879642,137.19325681601,
    6.001857646965));
#1432 = ORIENTED_EDGE('',*,*,#1295,.T.);
#1433 = ORIENTED_EDGE('',*,*,#1434,.F.);
#1434 = EDGE_CURVE('',#1435,#1284,#1437,.T.);
#1435 = VERTEX_POINT('',#1436);
#1436 = CARTESIAN_POINT('',(102.88523937492,137.20591904678,
    6.137205615358));
#1437 = B_SPLINE_CURVE_WITH_KNOTS('',3,(#1438,#1439,#1440,#1441,#1442,
    #1443,#1444,#1445,#1446,#1447),.UNSPECIFIED.,.F.,.F.,(4,1,1,1,1,1,1,
    4),(-10.66939333677,-9.907293812718,-9.145194288663,-7.620995240552,
    -4.572597144331,-3.048398096221,-1.52419904811,-2.53458664674E-14),
  .UNSPECIFIED.);
#1438 = CARTESIAN_POINT('',(102.88523937492,137.20591904678,
    6.137205615358));
#1439 = CARTESIAN_POINT('',(102.88519656127,136.95298294887,
    6.160789134502));
#1440 = CARTESIAN_POINT('',(102.88424681676,136.4471026915,
    6.207861434939));
#1441 = CARTESIAN_POINT('',(102.88248465846,135.43534362351,
    6.30202110197));
#1442 = CARTESIAN_POINT('',(102.87907943306,133.66476238145,
    6.46676534527));
#1443 = CARTESIAN_POINT('',(102.87547015852,131.64124343233,
    6.655075611812));
#1444 = CARTESIAN_POINT('',(102.87203714651,129.61772589699,
    6.843405347558));
#1445 = CARTESIAN_POINT('',(102.86987110466,128.10009149365,
    6.984697464317));
#1446 = CARTESIAN_POINT('',(102.86822574332,127.08833308723,7.0788702308
    ));
#1447 = CARTESIAN_POINT('',(102.868164729,126.58246114027,7.126039976866
    ));
#1448 = ORIENTED_EDGE('',*,*,#1449,.F.);
#1449 = EDGE_CURVE('',#1419,#1435,#1450,.T.);
#1450 = CIRCLE('',#1451,0.250000000003);
#1451 = AXIS2_PLACEMENT_3D('',#1452,#1453,#1454);
#1452 = CARTESIAN_POINT('',(102.91258252925,137.18284459976,
    5.889779016533));
#1453 = DIRECTION('',(-1.689704707159E-04,-0.995681368569,
    9.283632766378E-02));
#1454 = DIRECTION('',(0.892905068605,4.164886535322E-02,0.448314521819)
  );
#1455 = B_SPLINE_SURFACE_WITH_KNOTS('',3,3,(
    (#1456,#1457,#1458,#1459,#1460,#1461,#1462,#1463,#1464,#1465)
    ,(#1466,#1467,#1468,#1469,#1470,#1471,#1472,#1473,#1474,#1475)
    ,(#1476,#1477,#1478,#1479,#1480,#1481,#1482,#1483,#1484,#1485)
    ,(#1486,#1487,#1488,#1489,#1490,#1491,#1492,#1493,#1494,#1495)
    ,(#1496,#1497,#1498,#1499,#1500,#1501,#1502,#1503,#1504,#1505
  )),.UNSPECIFIED.,.F.,.F.,.F.,(4,1,4),(4,1,1,1,1,1,1,4),(0.,
    0.571428571429,1.),(2.53458664674E-14,1.52419904811,3.048398096221,
    4.572597144331,7.620995240552,9.145194288663,9.907293812718,
    10.669393336773),.UNSPECIFIED.);
#1456 = CARTESIAN_POINT('',(103.1278870989,126.56790758483,
    6.970297132092));
#1457 = CARTESIAN_POINT('',(103.1276563114,127.07251607428,
    6.923984920352));
#1458 = CARTESIAN_POINT('',(103.12870573901,128.08517387092,
    6.831234868412));
#1459 = CARTESIAN_POINT('',(103.12974718368,129.60265157697,
    6.692703711421));
#1460 = CARTESIAN_POINT('',(103.13154050172,131.62671744487,
    6.508190703288));
#1461 = CARTESIAN_POINT('',(103.13325089371,133.65069476983,
    6.324087567471));
#1462 = CARTESIAN_POINT('',(103.13480252611,135.42154020763,
    6.16322546352));
#1463 = CARTESIAN_POINT('',(103.13549752106,136.4337614366,
    6.071209426022));
#1464 = CARTESIAN_POINT('',(103.13595317082,136.93936998344,
    6.025156436704));
#1465 = CARTESIAN_POINT('',(103.13580879642,137.19325681601,
    6.001857646965));
#1466 = CARTESIAN_POINT('',(103.10503291491,126.57326589303,
    7.027732691839));
#1467 = CARTESIAN_POINT('',(103.10467124338,127.07794331476,
    6.98119863966));
#1468 = CARTESIAN_POINT('',(103.10547341944,128.09051250725,
    6.888027251802));
#1469 = CARTESIAN_POINT('',(103.10605107164,129.60794426909,
    6.74869603743));
#1470 = CARTESIAN_POINT('',(103.10722244712,131.63189569407,
    6.563056859313));
#1471 = CARTESIAN_POINT('',(103.10829123425,133.65575341334,
    6.377702689788));
#1472 = CARTESIAN_POINT('',(103.10928242947,135.4265019469,
    6.215666722299));
#1473 = CARTESIAN_POINT('',(103.10966874846,136.43864016987,
    6.122988720029));
#1474 = CARTESIAN_POINT('',(103.10999040766,136.94425265554,
    6.076631165017));
#1475 = CARTESIAN_POINT('',(103.10979431811,137.19805068556,
    6.053225156149));
#1476 = CARTESIAN_POINT('',(103.02583158209,126.58114771948,
    7.112158659741));
#1477 = CARTESIAN_POINT('',(103.02550064293,127.08617328208,
    7.065181971239));
#1478 = CARTESIAN_POINT('',(103.02634549448,128.09844478703,
    6.971193051132));
#1479 = CARTESIAN_POINT('',(103.02705061198,129.61585536936,
    6.830342443279));
#1480 = CARTESIAN_POINT('',(103.02841434014,131.63955465442,
    6.642581638084));
#1481 = CARTESIAN_POINT('',(103.02973058934,133.66317634374,
    6.454894928168));
#1482 = CARTESIAN_POINT('',(103.03100905747,135.43375671335,
    6.29072368534));
#1483 = CARTESIAN_POINT('',(103.03157587145,136.44570712851,
    6.196864606367));
#1484 = CARTESIAN_POINT('',(103.03197997568,136.95137790218,
    6.149955546734));
#1485 = CARTESIAN_POINT('',(103.03181760299,137.20488411356,6.1263726116
    ));
#1486 = CARTESIAN_POINT('',(102.91442193888,126.58292736998,
    7.131100047711));
#1487 = CARTESIAN_POINT('',(102.91437110116,127.08854130132,
    7.083941085567));
#1488 = CARTESIAN_POINT('',(102.9157858115,128.10044499746,
    6.989732693387));
#1489 = CARTESIAN_POINT('',(102.91753384987,129.61799631615,
    6.848401179262));
#1490 = CARTESIAN_POINT('',(102.92037315344,131.64154617263,
    6.660004591292));
#1491 = CARTESIAN_POINT('',(102.92332315179,133.66507198832,
    6.471624717816));
#1492 = CARTESIAN_POINT('',(102.92611732738,135.43563097532,
    6.306816492279));
#1493 = CARTESIAN_POINT('',(102.92753650909,136.44743501138,
    6.21261415187));
#1494 = CARTESIAN_POINT('',(102.92832927691,136.95324694782,
    6.165531481048));
#1495 = CARTESIAN_POINT('',(102.92831328291,137.20635180143,
    6.141925362326));
#1496 = CARTESIAN_POINT('',(102.868164729,126.58246114027,7.126039976866
    ));
#1497 = CARTESIAN_POINT('',(102.86822574332,127.08833308723,7.0788702308
    ));
#1498 = CARTESIAN_POINT('',(102.86987110466,128.10009149365,
    6.984697464317));
#1499 = CARTESIAN_POINT('',(102.87203714651,129.61772589699,
    6.843405347558));
#1500 = CARTESIAN_POINT('',(102.87547015852,131.64124343233,
    6.655075611812));
#1501 = CARTESIAN_POINT('',(102.87907943306,133.66476238145,
    6.46676534527));
#1502 = CARTESIAN_POINT('',(102.88248465846,135.43534362351,
    6.30202110197));
#1503 = CARTESIAN_POINT('',(102.88424681676,136.4471026915,
    6.207861434939));
#1504 = CARTESIAN_POINT('',(102.88519656127,136.95298294887,
    6.160789134502));
#1505 = CARTESIAN_POINT('',(102.88523937492,137.20591904678,
    6.137205615358));
#1506 = ADVANCED_FACE('',(#1507),#1535,.F.);
#1507 = FACE_BOUND('',#1508,.F.);
#1508 = EDGE_LOOP('',(#1509,#1518,#1519,#1528));
#1509 = ORIENTED_EDGE('',*,*,#1510,.F.);
#1510 = EDGE_CURVE('',#1355,#1511,#1513,.T.);
#1511 = VERTEX_POINT('',#1512);
#1512 = CARTESIAN_POINT('',(101.55711970905,138.6890633959,5.86142127954
    ));
#1513 = B_SPLINE_CURVE_WITH_KNOTS('',3,(#1514,#1515,#1516,#1517),
  .UNSPECIFIED.,.F.,.F.,(4,4),(0.,18.601175849993),
  .PIECEWISE_BEZIER_KNOTS.);
#1514 = CARTESIAN_POINT('',(83.033095355757,138.6890633959,
    5.861421279544));
#1515 = CARTESIAN_POINT('',(89.18822533379,138.74174106288,
    5.262454244435));
#1516 = CARTESIAN_POINT('',(95.401989731014,138.74174106288,
    5.262454244433));
#1517 = CARTESIAN_POINT('',(101.55711970904,138.6890633959,5.86142127954
    ));
#1518 = ORIENTED_EDGE('',*,*,#1377,.T.);
#1519 = ORIENTED_EDGE('',*,*,#1520,.F.);
#1520 = EDGE_CURVE('',#1521,#1367,#1523,.T.);
#1521 = VERTEX_POINT('',#1522);
#1522 = CARTESIAN_POINT('',(101.58103372939,138.91500480797,
    5.635431737442));
#1523 = B_SPLINE_CURVE_WITH_KNOTS('',3,(#1524,#1525,#1526,#1527),
  .UNSPECIFIED.,.F.,.F.,(4,4),(-18.60117584999,0.),
  .PIECEWISE_BEZIER_KNOTS.);
#1524 = CARTESIAN_POINT('',(101.58103372939,138.91500480797,
    5.635431737443));
#1525 = CARTESIAN_POINT('',(95.410011534772,138.96754066795,
    5.034944110142));
#1526 = CARTESIAN_POINT('',(89.180203530032,138.96754066795,
    5.034944110144));
#1527 = CARTESIAN_POINT('',(83.009181335412,138.91500480797,
    5.635431737447));
#1528 = ORIENTED_EDGE('',*,*,#1529,.F.);
#1529 = EDGE_CURVE('',#1511,#1521,#1530,.T.);
#1530 = CIRCLE('',#1531,0.25);
#1531 = AXIS2_PLACEMENT_3D('',#1532,#1533,#1534);
#1532 = CARTESIAN_POINT('',(101.58103372939,138.66595613345,
    5.613642801756));
#1533 = DIRECTION('',(-0.995263242128,8.472990153972E-03,
    -9.684672068151E-02));
#1534 = DIRECTION('',(-9.565608138242E-02,9.242904983098E-02,
    0.991113911133));
#1535 = B_SPLINE_SURFACE_WITH_KNOTS('',3,3,(
    (#1536,#1537,#1538,#1539)
    ,(#1540,#1541,#1542,#1543)
    ,(#1544,#1545,#1546,#1547)
    ,(#1548,#1549,#1550,#1551)
    ,(#1552,#1553,#1554,#1555
  )),.UNSPECIFIED.,.F.,.F.,.F.,(4,1,4),(4,4),(0.,0.571428571429,1.),(0.,
    18.601175849993),.UNSPECIFIED.);
#1536 = CARTESIAN_POINT('',(83.033095355757,138.6890633959,
    5.861421279544));
#1537 = CARTESIAN_POINT('',(89.18822533379,138.74174106288,
    5.262454244435));
#1538 = CARTESIAN_POINT('',(95.401989731014,138.74174106288,
    5.262454244433));
#1539 = CARTESIAN_POINT('',(101.55711970904,138.6890633959,5.86142127954
    ));
#1540 = CARTESIAN_POINT('',(83.031945870021,138.75503341418,
    5.855380005441));
#1541 = CARTESIAN_POINT('',(89.187802996781,138.80765740909,
    5.256271588807));
#1542 = CARTESIAN_POINT('',(95.402412068026,138.80765740909,
    5.256271588805));
#1543 = CARTESIAN_POINT('',(101.55826919478,138.75503341418,
    5.855380005437));
#1544 = CARTESIAN_POINT('',(83.025297408523,138.86521503938,
    5.79669550399));
#1545 = CARTESIAN_POINT('',(89.185606954172,138.91772994506,
    5.197122777472));
#1546 = CARTESIAN_POINT('',(95.404608110632,138.91772994506,
    5.19712277747));
#1547 = CARTESIAN_POINT('',(101.56491765628,138.86521503938,
    5.796695503985));
#1548 = CARTESIAN_POINT('',(83.014012227901,138.91069437743,
    5.684700184029));
#1549 = CARTESIAN_POINT('',(89.181826453427,138.96320596285,
    5.084485184493));
#1550 = CARTESIAN_POINT('',(95.408388611377,138.96320596285,
    5.084485184492));
#1551 = CARTESIAN_POINT('',(101.5762028369,138.91069437743,
    5.684700184024));
#1552 = CARTESIAN_POINT('',(83.009181335412,138.91500480797,
    5.635431737447));
#1553 = CARTESIAN_POINT('',(89.180203530032,138.96754066795,
    5.034944110144));
#1554 = CARTESIAN_POINT('',(95.410011534772,138.96754066795,
    5.034944110142));
#1555 = CARTESIAN_POINT('',(101.58103372939,138.91500480797,
    5.635431737443));
#1556 = ADVANCED_FACE('',(#1557),#1579,.F.);
#1557 = FACE_BOUND('',#1558,.F.);
#1558 = EDGE_LOOP('',(#1559,#1568,#1569,#1578));
#1559 = ORIENTED_EDGE('',*,*,#1560,.F.);
#1560 = EDGE_CURVE('',#1511,#1435,#1561,.T.);
#1561 = B_SPLINE_CURVE_WITH_KNOTS('',3,(#1562,#1563,#1564,#1565,#1566,
    #1567),.UNSPECIFIED.,.F.,.F.,(4,1,1,4),(1.436566166664E-12,
    0.634218370311,1.26843674062,2.219764296084),.UNSPECIFIED.);
#1562 = CARTESIAN_POINT('',(101.55711970905,138.6890633959,5.86142127954
    ));
#1563 = CARTESIAN_POINT('',(101.7669825981,138.6872673189,5.881843423813
    ));
#1564 = CARTESIAN_POINT('',(102.18055070877,138.56168882911,
    5.934966250161));
#1565 = CARTESIAN_POINT('',(102.72155952153,138.04437028469,
    6.040703789701));
#1566 = CARTESIAN_POINT('',(102.88529281914,137.521658753,6.107766348019
    ));
#1567 = CARTESIAN_POINT('',(102.88523937492,137.20591904698,
    6.137205615339));
#1568 = ORIENTED_EDGE('',*,*,#1529,.T.);
#1569 = ORIENTED_EDGE('',*,*,#1570,.F.);
#1570 = EDGE_CURVE('',#1419,#1521,#1571,.T.);
#1571 = B_SPLINE_CURVE_WITH_KNOTS('',3,(#1572,#1573,#1574,#1575,#1576,
    #1577),.UNSPECIFIED.,.F.,.F.,(4,1,1,4),(-2.219764296084,
    -1.26843674062,-0.634218370311,-1.436566166664E-12),.UNSPECIFIED.);
#1572 = CARTESIAN_POINT('',(103.13580879642,137.19325681621,
    6.001857646946));
#1573 = CARTESIAN_POINT('',(103.12733989951,137.55903288927,
    5.984744131928));
#1574 = CARTESIAN_POINT('',(102.93285541921,138.14969088912,
    5.919392955911));
#1575 = CARTESIAN_POINT('',(102.31948242457,138.7485837248,
    5.785188995203));
#1576 = CARTESIAN_POINT('',(101.83497358769,138.91037864347,
    5.688309039517));
#1577 = CARTESIAN_POINT('',(101.58103372939,138.91500480796,
    5.635431737443));
#1578 = ORIENTED_EDGE('',*,*,#1449,.T.);
#1579 = B_SPLINE_SURFACE_WITH_KNOTS('',3,3,(
    (#1580,#1581,#1582,#1583,#1584,#1585)
    ,(#1586,#1587,#1588,#1589,#1590,#1591)
    ,(#1592,#1593,#1594,#1595,#1596,#1597)
    ,(#1598,#1599,#1600,#1601,#1602,#1603)
    ,(#1604,#1605,#1606,#1607,#1608,#1609
    )),.UNSPECIFIED.,.F.,.F.,.F.,(4,1,4),(4,1,1,4),(0.,0.571428571429,1.
    ),(1.436566166664E-12,0.634218370311,1.26843674062,2.219764296084),
  .UNSPECIFIED.);
#1580 = CARTESIAN_POINT('',(101.55711970905,138.6890633959,5.86142127954
    ));
#1581 = CARTESIAN_POINT('',(101.7669825981,138.6872673189,5.881843423813
    ));
#1582 = CARTESIAN_POINT('',(102.18055070877,138.56168882911,
    5.934966250161));
#1583 = CARTESIAN_POINT('',(102.72155952153,138.04437028469,
    6.040703789701));
#1584 = CARTESIAN_POINT('',(102.88529281914,137.521658753,6.107766348019
    ));
#1585 = CARTESIAN_POINT('',(102.88523937492,137.20591904698,
    6.137205615339));
#1586 = CARTESIAN_POINT('',(101.55826919478,138.75503341417,
    5.855380005435));
#1587 = CARTESIAN_POINT('',(101.78057512561,138.74770769257,
    5.877360058115));
#1588 = CARTESIAN_POINT('',(102.21045383437,138.60921126508,
    5.933376793481));
#1589 = CARTESIAN_POINT('',(102.76767281152,138.07174094151,
    6.042909053078));
#1590 = CARTESIAN_POINT('',(102.93911893481,137.53416825901,6.1124744457
    ));
#1591 = CARTESIAN_POINT('',(102.94267125224,137.20649605317,
    6.143498611296));
#1592 = CARTESIAN_POINT('',(101.56491765627,138.86521503936,
    5.796695503985));
#1593 = CARTESIAN_POINT('',(101.80803092376,138.84955687325,
    5.829988718537));
#1594 = CARTESIAN_POINT('',(102.26582017282,138.68942933586,
    5.899597164258));
#1595 = CARTESIAN_POINT('',(102.85117859219,138.11716913472,6.0188176292
    ));
#1596 = CARTESIAN_POINT('',(103.03658633172,137.55300497261,
    6.089462214639));
#1597 = CARTESIAN_POINT('',(103.04678254206,137.20413046347,
    6.118316854701));
#1598 = CARTESIAN_POINT('',(101.5762028369,138.91069437742,
    5.684700184024));
#1599 = CARTESIAN_POINT('',(101.8287738127,138.90082277608,
    5.732972629057));
#1600 = CARTESIAN_POINT('',(102.30672731682,138.73663308379,
    5.822360306993));
#1601 = CARTESIAN_POINT('',(102.91309419647,138.1431837048,5.95247341885
    ));
#1602 = CARTESIAN_POINT('',(103.10609586189,137.55914335059,
    6.019691395823));
#1603 = CARTESIAN_POINT('',(103.11629793769,137.19685221838,
    6.040383278834));
#1604 = CARTESIAN_POINT('',(101.58103372939,138.91500480796,
    5.635431737443));
#1605 = CARTESIAN_POINT('',(101.83497358769,138.91037864347,
    5.688309039517));
#1606 = CARTESIAN_POINT('',(102.31948242457,138.7485837248,
    5.785188995203));
#1607 = CARTESIAN_POINT('',(102.93285541921,138.14969088912,
    5.919392955911));
#1608 = CARTESIAN_POINT('',(103.12733989951,137.55903288927,
    5.984744131928));
#1609 = CARTESIAN_POINT('',(103.13580879642,137.19325681621,
    6.001857646946));
#1610 = ADVANCED_FACE('',(#1611),#1627,.F.);
#1611 = FACE_BOUND('',#1612,.F.);
#1612 = EDGE_LOOP('',(#1613,#1614,#1620,#1621));
#1613 = ORIENTED_EDGE('',*,*,#985,.F.);
#1614 = ORIENTED_EDGE('',*,*,#1615,.F.);
#1615 = EDGE_CURVE('',#1296,#986,#1616,.T.);
#1616 = LINE('',#1617,#1618);
#1617 = CARTESIAN_POINT('',(103.05760753241,126.68568786082,
    7.13750402841));
#1618 = VECTOR('',#1619,1.);
#1619 = DIRECTION('',(0.324973124185,-0.544616680989,-0.773165660998));
#1620 = ORIENTED_EDGE('',*,*,#1418,.T.);
#1621 = ORIENTED_EDGE('',*,*,#1622,.T.);
#1622 = EDGE_CURVE('',#1419,#988,#1623,.T.);
#1623 = LINE('',#1624,#1625);
#1624 = CARTESIAN_POINT('',(103.05760753241,137.1406698189,
    6.162495971776));
#1625 = VECTOR('',#1626,1.);
#1626 = DIRECTION('',(0.419894111816,0.282360787958,-0.862531924213));
#1627 = B_SPLINE_SURFACE_WITH_KNOTS('',3,3,(
    (#1628,#1629,#1630,#1631)
    ,(#1632,#1633,#1634,#1635)
    ,(#1636,#1637,#1638,#1639)
    ,(#1640,#1641,#1642,#1643
    )),.UNSPECIFIED.,.F.,.F.,.F.,(4,4),(4,4),(0.,1.),(2.339287154306E-02
    ,1.),.PIECEWISE_BEZIER_KNOTS.);
#1628 = CARTESIAN_POINT('',(103.12778614704,126.5680767683,
    6.970537313535));
#1629 = CARTESIAN_POINT('',(104.10439327549,124.93139824522,
    4.647024875691));
#1630 = CARTESIAN_POINT('',(105.08100040395,123.29471972214,
    2.323512437846));
#1631 = CARTESIAN_POINT('',(106.05760753241,121.65804119906,
    1.771915947302E-12));
#1632 = CARTESIAN_POINT('',(103.12778614704,127.46213579168,
    6.887444950202));
#1633 = CARTESIAN_POINT('',(104.10439327549,125.57107082544,
    4.591629966802));
#1634 = CARTESIAN_POINT('',(105.08100040395,123.6800058592,
    2.295814983402));
#1635 = CARTESIAN_POINT('',(106.05760753241,121.78894089296,
    1.771915947302E-12));
#1636 = CARTESIAN_POINT('',(103.12778614704,136.29380290507,
    6.101429858457));
#1637 = CARTESIAN_POINT('',(104.10439327549,137.20491577177,
    4.067619905638));
#1638 = CARTESIAN_POINT('',(105.08100040395,138.11602863846,
    2.03380995282));
#1639 = CARTESIAN_POINT('',(106.05760753241,139.02714150516,
    1.771915947302E-12));
#1640 = CARTESIAN_POINT('',(103.12778614704,137.18786192846,
    6.018337495123));
#1641 = CARTESIAN_POINT('',(104.10439327549,137.84458835199,
    4.012224996749));
#1642 = CARTESIAN_POINT('',(105.08100040395,138.50131477553,
    2.006112498376));
#1643 = CARTESIAN_POINT('',(106.05760753241,139.15804119906,
    1.771915947302E-12));
#1644 = ADVANCED_FACE('',(#1645),#1656,.F.);
#1645 = FACE_BOUND('',#1646,.F.);
#1646 = EDGE_LOOP('',(#1647,#1648,#1649,#1655));
#1647 = ORIENTED_EDGE('',*,*,#1615,.T.);
#1648 = ORIENTED_EDGE('',*,*,#995,.F.);
#1649 = ORIENTED_EDGE('',*,*,#1650,.F.);
#1650 = EDGE_CURVE('',#1158,#996,#1651,.T.);
#1651 = LINE('',#1652,#1653);
#1652 = CARTESIAN_POINT('',(101.30760753241,124.94324846182,
    7.300000000094));
#1653 = VECTOR('',#1654,1.);
#1654 = DIRECTION('',(0.485141181983,-0.381127695558,-0.787006806338));
#1655 = ORIENTED_EDGE('',*,*,#1304,.T.);
#1656 = B_SPLINE_SURFACE_WITH_KNOTS('',3,3,(
    (#1657,#1658,#1659,#1660)
    ,(#1661,#1662,#1663,#1664)
    ,(#1665,#1666,#1667,#1668)
    ,(#1669,#1670,#1671,#1672)
    ,(#1673,#1674,#1675,#1676)
    ,(#1677,#1678,#1679,#1680)
    ,(#1681,#1682,#1683,#1684
    )),.UNSPECIFIED.,.F.,.F.,.F.,(4,1,1,1,4),(4,4),(0.,0.285714285714,
    0.571428571429,0.714285714286,1.),(2.053160225603E-02,1.),
  .UNSPECIFIED.);
#1657 = CARTESIAN_POINT('',(101.39999974256,124.87066499241,
    7.150119303623));
#1658 = CARTESIAN_POINT('',(102.86920233917,123.71645706129,
    4.766746202416));
#1659 = CARTESIAN_POINT('',(104.33840493579,122.56224913018,
    2.383373101209));
#1660 = CARTESIAN_POINT('',(105.80760753241,121.40804119906,
    1.772804125721E-12));
#1661 = CARTESIAN_POINT('',(101.65719184959,124.87066499241,
    7.150119303623));
#1662 = CARTESIAN_POINT('',(103.05319048115,123.7165091118,
    4.766740535187));
#1663 = CARTESIAN_POINT('',(104.44900881339,122.56219707967,
    2.383378768438));
#1664 = CARTESIAN_POINT('',(105.84500744495,121.40804119906,
    1.772804125721E-12));
#1665 = CARTESIAN_POINT('',(102.17152581685,124.98754018974,
    7.139252468794));
#1666 = CARTESIAN_POINT('',(103.42090512607,123.8000900341,
    4.759498762504));
#1667 = CARTESIAN_POINT('',(104.67042065411,122.61256043207,
    2.379753706292));
#1668 = CARTESIAN_POINT('',(105.91979996333,121.42511027643,
    1.771915947302E-12));
#1669 = CARTESIAN_POINT('',(102.68656933989,125.39698642162,
    7.101182932444));
#1670 = CARTESIAN_POINT('',(103.78921527753,124.09300955921,
    4.734116589176));
#1671 = CARTESIAN_POINT('',(104.89204972502,122.78888485108,
    2.36706634327));
#1672 = CARTESIAN_POINT('',(105.99469566266,121.48490798867,
    1.771915947302E-12));
#1673 = CARTESIAN_POINT('',(103.03075306505,125.94275251576,
    7.050438633094));
#1674 = CARTESIAN_POINT('',(104.03539821383,124.48338106422,
    4.700291566263));
#1675 = CARTESIAN_POINT('',(105.04010042158,123.02398603244,
    2.350147066833));
#1676 = CARTESIAN_POINT('',(106.04474557036,121.5646145809,
    1.771915947302E-12));
#1677 = CARTESIAN_POINT('',(103.11920233917,126.32637795298,
    7.014769865405));
#1678 = CARTESIAN_POINT('',(104.09852235696,124.75785616498,
    4.676507026498));
#1679 = CARTESIAN_POINT('',(105.07828751462,123.18916307451,
    2.338262838909));
#1680 = CARTESIAN_POINT('',(106.05760753241,121.62064128652,
    1.772804125721E-12));
#1681 = CARTESIAN_POINT('',(103.11920233917,126.58246221928,
    6.990959634598));
#1682 = CARTESIAN_POINT('',(104.09867073692,124.94098854587,
    4.660639756399));
#1683 = CARTESIAN_POINT('',(105.07813913466,123.29951487247,2.3303198782
    ));
#1684 = CARTESIAN_POINT('',(106.05760753241,121.65804119906,
    1.772804125721E-12));
#1685 = ADVANCED_FACE('',(#1686),#1697,.F.);
#1686 = FACE_BOUND('',#1687,.T.);
#1687 = EDGE_LOOP('',(#1688,#1689,#1690,#1691));
#1688 = ORIENTED_EDGE('',*,*,#1004,.T.);
#1689 = ORIENTED_EDGE('',*,*,#1650,.F.);
#1690 = ORIENTED_EDGE('',*,*,#1166,.F.);
#1691 = ORIENTED_EDGE('',*,*,#1692,.T.);
#1692 = EDGE_CURVE('',#1082,#1005,#1693,.T.);
#1693 = LINE('',#1694,#1695);
#1694 = CARTESIAN_POINT('',(83.282607532401,124.94324846182,
    7.300000000098));
#1695 = VECTOR('',#1696,1.);
#1696 = DIRECTION('',(-0.485141181983,-0.381127695558,-0.787006806338));
#1697 = PLANE('',#1698);
#1698 = AXIS2_PLACEMENT_3D('',#1699,#1700,#1701);
#1699 = CARTESIAN_POINT('',(83.282607532401,124.94324846182,
    7.300000000098));
#1700 = DIRECTION('',(-1.198498577819E-16,0.900016642472,-0.435855530278
    ));
#1701 = DIRECTION('',(-3.08148791102E-32,0.435855530278,0.900016642472)
  );
#1702 = ADVANCED_FACE('',(#1703),#1714,.F.);
#1703 = FACE_BOUND('',#1704,.F.);
#1704 = EDGE_LOOP('',(#1705,#1706,#1707,#1713));
#1705 = ORIENTED_EDGE('',*,*,#1692,.T.);
#1706 = ORIENTED_EDGE('',*,*,#1012,.F.);
#1707 = ORIENTED_EDGE('',*,*,#1708,.F.);
#1708 = EDGE_CURVE('',#1091,#1013,#1709,.T.);
#1709 = LINE('',#1710,#1711);
#1710 = CARTESIAN_POINT('',(81.532607532401,126.68568786082,
    7.137504028414));
#1711 = VECTOR('',#1712,1.);
#1712 = DIRECTION('',(-0.324973124185,-0.544616680989,-0.773165660998));
#1713 = ORIENTED_EDGE('',*,*,#1090,.T.);
#1714 = B_SPLINE_SURFACE_WITH_KNOTS('',3,3,(
    (#1715,#1716,#1717,#1718)
    ,(#1719,#1720,#1721,#1722)
    ,(#1723,#1724,#1725,#1726)
    ,(#1727,#1728,#1729,#1730)
    ,(#1731,#1732,#1733,#1734)
    ,(#1735,#1736,#1737,#1738)
    ,(#1739,#1740,#1741,#1742
    )),.UNSPECIFIED.,.F.,.F.,.F.,(4,1,1,1,4),(4,4),(0.,0.285714285714,
    0.571428571429,0.714285714286,1.),(2.053160225598E-02,1.),
  .UNSPECIFIED.);
#1715 = CARTESIAN_POINT('',(81.471012725633,126.58246221928,
    6.990959634602));
#1716 = CARTESIAN_POINT('',(80.491544327888,124.94098854587,
    4.660639756403));
#1717 = CARTESIAN_POINT('',(79.512075930146,123.29951487247,
    2.330319878205));
#1718 = CARTESIAN_POINT('',(78.532607532401,121.65804119906,
    5.870859354218E-12));
#1719 = CARTESIAN_POINT('',(81.471012725633,126.32637795298,
    7.01476986541));
#1720 = CARTESIAN_POINT('',(80.49159664207,124.75773926731,
    4.676519754256));
#1721 = CARTESIAN_POINT('',(79.512023615964,123.18927997218,
    2.33825011116));
#1722 = CARTESIAN_POINT('',(78.532607532401,121.62064128652,
    5.870859354218E-12));
#1723 = CARTESIAN_POINT('',(81.588393534308,125.81425945075,
    7.062385675295));
#1724 = CARTESIAN_POINT('',(80.575514509092,124.3915010673,
    4.708252197974));
#1725 = CARTESIAN_POINT('',(79.56255563501,122.96860715159,
    2.354133477328));
#1726 = CARTESIAN_POINT('',(78.549676609793,121.54584876814,
    5.870859354218E-12));
#1727 = CARTESIAN_POINT('',(81.999611062874,125.30143444908,
    7.110067174162));
#1728 = CARTESIAN_POINT('',(80.869615014169,124.02466984222,
    4.740037975645));
#1729 = CARTESIAN_POINT('',(79.739470370729,122.74771767568,
    2.370029198523));
#1730 = CARTESIAN_POINT('',(78.609474322024,121.47095306882,
    5.870859354218E-12));
#1731 = CARTESIAN_POINT('',(82.547738184145,124.95873327621,
    7.141930881143));
#1732 = CARTESIAN_POINT('',(81.26156032741,123.77947549497,
    4.761285193685));
#1733 = CARTESIAN_POINT('',(79.975358770986,122.60016094235,
    2.380645687464));
#1734 = CARTESIAN_POINT('',(78.689180914251,121.42090316111,
    5.870859354218E-12));
#1735 = CARTESIAN_POINT('',(82.933023215224,124.87066499241,
    7.150119303628));
#1736 = CARTESIAN_POINT('',(81.537142073532,123.71660469335,
    4.766730128324));
#1737 = CARTESIAN_POINT('',(80.141088761549,122.56210149812,
    2.38338917531));
#1738 = CARTESIAN_POINT('',(78.745207619857,121.40804119906,
    5.870859354218E-12));
#1739 = CARTESIAN_POINT('',(83.190215322251,124.87066499241,
    7.150119303628));
#1740 = CARTESIAN_POINT('',(81.721012725633,123.71645706129,
    4.76674620242));
#1741 = CARTESIAN_POINT('',(80.251810129019,122.56224913018,
    2.383373101213));
#1742 = CARTESIAN_POINT('',(78.782607532401,121.40804119906,
    5.870859354218E-12));
#1743 = ADVANCED_FACE('',(#1744),#1754,.T.);
#1744 = FACE_BOUND('',#1745,.T.);
#1745 = EDGE_LOOP('',(#1746,#1747,#1748,#1749,#1750,#1751,#1752,#1753));
#1746 = ORIENTED_EDGE('',*,*,#1067,.F.);
#1747 = ORIENTED_EDGE('',*,*,#1148,.F.);
#1748 = ORIENTED_EDGE('',*,*,#1283,.F.);
#1749 = ORIENTED_EDGE('',*,*,#1434,.F.);
#1750 = ORIENTED_EDGE('',*,*,#1560,.F.);
#1751 = ORIENTED_EDGE('',*,*,#1510,.F.);
#1752 = ORIENTED_EDGE('',*,*,#1354,.F.);
#1753 = ORIENTED_EDGE('',*,*,#1221,.F.);
#1754 = ( BOUNDED_SURFACE() B_SPLINE_SURFACE(1,2,(
    (#1755,#1756,#1757)
    ,(#1758,#1759,#1760
)),.UNSPECIFIED.,.F.,.F.,.F.) B_SPLINE_SURFACE_WITH_KNOTS((2,2),(3,3),(
    -4.60590389567E-12,0.359126122155),(-7.888708457302E-16,
    0.294220685223),.PIECEWISE_BEZIER_KNOTS.) 
GEOMETRIC_REPRESENTATION_ITEM() RATIONAL_B_SPLINE_SURFACE((
    (1.,0.989198774163,1.)
,(1.,0.989198774163,1.))) REPRESENTATION_ITEM('') SURFACE() );
#1755 = CARTESIAN_POINT('',(78.323112754959,146.88675810252,
    5.668772299329));
#1756 = CARTESIAN_POINT('',(92.52073237775,146.69451312151,
    3.607335171363));
#1757 = CARTESIAN_POINT('',(106.70865654661,146.89283358331,
    5.733919496425));
#1758 = CARTESIAN_POINT('',(78.323112754959,112.26418094516,
    8.897595821436));
#1759 = CARTESIAN_POINT('',(92.52073237775,112.07193596415,
    6.836158693471));
#1760 = CARTESIAN_POINT('',(106.70865654661,112.27025642595,
    8.962743018532));
#1761 = ADVANCED_FACE('',(#1762),#1773,.F.);
#1762 = FACE_BOUND('',#1763,.F.);
#1763 = EDGE_LOOP('',(#1764,#1770,#1771,#1772));
#1764 = ORIENTED_EDGE('',*,*,#1765,.T.);
#1765 = EDGE_CURVE('',#1521,#1039,#1766,.T.);
#1766 = LINE('',#1767,#1768);
#1767 = CARTESIAN_POINT('',(101.30760753241,138.88310921791,
    6.000000000091));
#1768 = VECTOR('',#1769,1.);
#1769 = DIRECTION('',(0.598535758378,6.982012476396E-02,-0.798047677849)
  );
#1770 = ORIENTED_EDGE('',*,*,#1046,.F.);
#1771 = ORIENTED_EDGE('',*,*,#1622,.F.);
#1772 = ORIENTED_EDGE('',*,*,#1570,.T.);
#1773 = B_SPLINE_SURFACE_WITH_KNOTS('',3,3,(
    (#1774,#1775,#1776,#1777)
    ,(#1778,#1779,#1780,#1781)
    ,(#1782,#1783,#1784,#1785)
    ,(#1786,#1787,#1788,#1789)
    ,(#1790,#1791,#1792,#1793)
    ,(#1794,#1795,#1796,#1797)
    ,(#1798,#1799,#1800,#1801
    )),.UNSPECIFIED.,.F.,.F.,.F.,(4,1,1,1,4),(4,4),(0.,0.285714285714,
    0.571428571429,0.714285714286,1.),(2.440925518162E-02,1.),
  .UNSPECIFIED.);
#1774 = CARTESIAN_POINT('',(103.13083529795,137.18991235172,
    6.012074035045));
#1775 = CARTESIAN_POINT('',(104.10642604277,137.84595530083,
    4.008049356697));
#1776 = CARTESIAN_POINT('',(105.08201678759,138.50199824995,
    2.004024678349));
#1777 = CARTESIAN_POINT('',(106.05760753241,139.15804119906,
    1.771915947302E-12));
#1778 = CARTESIAN_POINT('',(103.13083529795,137.44513086061,
    5.988358067423));
#1779 = CARTESIAN_POINT('',(104.10637393569,138.02862717105,
    3.992232226744));
#1780 = CARTESIAN_POINT('',(105.08206889466,138.61194480116,
    1.996125840681));
#1781 = CARTESIAN_POINT('',(106.05760753241,139.1954411116,
    1.771915947302E-12));
#1782 = CARTESIAN_POINT('',(103.01385161694,137.95551801707,
    5.940930765501));
#1783 = CARTESIAN_POINT('',(104.02272071869,138.39371155612,
    3.960625409756));
#1784 = CARTESIAN_POINT('',(105.03166935325,138.83204009092,
    1.980305355747));
#1785 = CARTESIAN_POINT('',(106.040538455,139.27023362997,
    1.771471858092E-12));
#1786 = CARTESIAN_POINT('',(102.60402533704,138.46660928457,
    5.893438034646));
#1787 = CARTESIAN_POINT('',(103.72954780345,138.75938702707,
    3.92896546995));
#1788 = CARTESIAN_POINT('',(104.85521827636,139.05235158679,
    1.964472564698));
#1789 = CARTESIAN_POINT('',(105.98074074277,139.34512932929,
    1.771915947302E-12));
#1790 = CARTESIAN_POINT('',(102.05775266278,138.80815186973,
    5.861700474049));
#1791 = CARTESIAN_POINT('',(103.3388386234,139.00380880993,
    3.907802368291));
#1792 = CARTESIAN_POINT('',(104.61994818993,139.19952229681,
    1.95389810576));
#1793 = CARTESIAN_POINT('',(105.90103415055,139.395179237,
    1.771915947302E-12));
#1794 = CARTESIAN_POINT('',(101.67377114447,138.89592241658,
    5.853544468999));
#1795 = CARTESIAN_POINT('',(103.06412608174,139.06648162982,
    3.902378989794));
#1796 = CARTESIAN_POINT('',(104.45465250768,139.23748198583,
    1.951165479207));
#1797 = CARTESIAN_POINT('',(105.84500744495,139.40804119906,
    1.771915947302E-12));
#1798 = CARTESIAN_POINT('',(101.41744918072,138.89592241658,
    5.853544468999));
#1799 = CARTESIAN_POINT('',(102.88083529795,139.06662867741,
    3.902362979333));
#1800 = CARTESIAN_POINT('',(104.34422141518,139.23733493824,
    1.951181489668));
#1801 = CARTESIAN_POINT('',(105.80760753241,139.40804119906,
    1.771915947302E-12));
#1802 = ADVANCED_FACE('',(#1803),#1814,.F.);
#1803 = FACE_BOUND('',#1804,.F.);
#1804 = EDGE_LOOP('',(#1805,#1811,#1812,#1813));
#1805 = ORIENTED_EDGE('',*,*,#1806,.F.);
#1806 = EDGE_CURVE('',#1199,#1022,#1807,.T.);
#1807 = LINE('',#1808,#1809);
#1808 = CARTESIAN_POINT('',(81.532607532401,137.1406698189,6.16249597178
    ));
#1809 = VECTOR('',#1810,1.);
#1810 = DIRECTION('',(-0.419894111816,0.282360787958,-0.862531924213));
#1811 = ORIENTED_EDGE('',*,*,#1198,.T.);
#1812 = ORIENTED_EDGE('',*,*,#1708,.T.);
#1813 = ORIENTED_EDGE('',*,*,#1021,.F.);
#1814 = B_SPLINE_SURFACE_WITH_KNOTS('',3,3,(
    (#1815,#1816,#1817,#1818)
    ,(#1819,#1820,#1821,#1822)
    ,(#1823,#1824,#1825,#1826)
    ,(#1827,#1828,#1829,#1830
    )),.UNSPECIFIED.,.F.,.F.,.F.,(4,4),(4,4),(0.,1.),(2.339287154595E-02
    ,1.),.PIECEWISE_BEZIER_KNOTS.);
#1815 = CARTESIAN_POINT('',(81.462428917763,137.18786192846,
    6.018337495109));
#1816 = CARTESIAN_POINT('',(80.485821789309,137.844588352,4.012224996742
    ));
#1817 = CARTESIAN_POINT('',(79.509214660855,138.50131477553,
    2.006112498374));
#1818 = CARTESIAN_POINT('',(78.532607532401,139.15804119906,
    5.870859354218E-12));
#1819 = CARTESIAN_POINT('',(81.462428917763,136.29380290508,
    6.101429858443));
#1820 = CARTESIAN_POINT('',(80.485821789309,137.20491577178,
    4.06761990563));
#1821 = CARTESIAN_POINT('',(79.509214660855,138.11602863846,
    2.033809952818));
#1822 = CARTESIAN_POINT('',(78.532607532401,139.02714150516,
    5.870859354218E-12));
#1823 = CARTESIAN_POINT('',(81.462428917763,127.46213579166,
    6.887444950185));
#1824 = CARTESIAN_POINT('',(80.485821789309,125.57107082543,
    4.591629966792));
#1825 = CARTESIAN_POINT('',(79.509214660855,123.68000585919,
    2.295814983399));
#1826 = CARTESIAN_POINT('',(78.532607532401,121.78894089296,
    5.870859354218E-12));
#1827 = CARTESIAN_POINT('',(81.462428917763,126.56807676828,
    6.970537313518));
#1828 = CARTESIAN_POINT('',(80.485821789309,124.93139824521,
    4.647024875681));
#1829 = CARTESIAN_POINT('',(79.509214660855,123.29471972213,
    2.323512437843));
#1830 = CARTESIAN_POINT('',(78.532607532401,121.65804119906,
    5.870859354218E-12));
#1831 = ADVANCED_FACE('',(#1832),#1843,.F.);
#1832 = FACE_BOUND('',#1833,.F.);
#1833 = EDGE_LOOP('',(#1834,#1835,#1836,#1842));
#1834 = ORIENTED_EDGE('',*,*,#1806,.T.);
#1835 = ORIENTED_EDGE('',*,*,#1029,.F.);
#1836 = ORIENTED_EDGE('',*,*,#1837,.F.);
#1837 = EDGE_CURVE('',#1367,#1030,#1838,.T.);
#1838 = LINE('',#1839,#1840);
#1839 = CARTESIAN_POINT('',(83.282607532401,138.88310921791,
    6.000000000095));
#1840 = VECTOR('',#1841,1.);
#1841 = DIRECTION('',(-0.598535758378,6.982012476396E-02,-0.798047677849
    ));
#1842 = ORIENTED_EDGE('',*,*,#1366,.T.);
#1843 = B_SPLINE_SURFACE_WITH_KNOTS('',3,3,(
    (#1844,#1845,#1846,#1847)
    ,(#1848,#1849,#1850,#1851)
    ,(#1852,#1853,#1854,#1855)
    ,(#1856,#1857,#1858,#1859)
    ,(#1860,#1861,#1862,#1863)
    ,(#1864,#1865,#1866,#1867)
    ,(#1868,#1869,#1870,#1871
    )),.UNSPECIFIED.,.F.,.F.,.F.,(4,1,1,1,4),(4,4),(0.,0.285714285714,
    0.571428571429,0.714285714286,1.),(2.408524727633E-02,1.),
  .UNSPECIFIED.);
#1844 = CARTESIAN_POINT('',(83.174223919657,138.89575233447,
    5.855488516435));
#1845 = CARTESIAN_POINT('',(81.710351790571,139.06651528933,
    3.903659010959));
#1846 = CARTESIAN_POINT('',(80.246479661488,139.2372782442,
    1.951829505482));
#1847 = CARTESIAN_POINT('',(78.782607532401,139.40804119906,
    5.869971175798E-12));
#1848 = CARTESIAN_POINT('',(82.917829248709,138.89575233447,
    5.855488516435));
#1849 = CARTESIAN_POINT('',(81.526895490704,139.06646342768,
    3.903664657626));
#1850 = CARTESIAN_POINT('',(80.136141377861,139.23733010585,
    1.951823858815));
#1851 = CARTESIAN_POINT('',(78.745207619857,139.40804119906,
    5.869971175798E-12));
#1852 = CARTESIAN_POINT('',(82.405089997919,138.77923924724,
    5.866315924914));
#1853 = CARTESIAN_POINT('',(81.160243607344,138.9831238193,
    3.910880156179));
#1854 = CARTESIAN_POINT('',(79.915261492057,139.18708754958,
    1.955435768741));
#1855 = CARTESIAN_POINT('',(78.670415101482,139.39097212164,
    5.868638908169E-12));
#1856 = CARTESIAN_POINT('',(81.891643391234,138.37106158793,
    5.904247339788));
#1857 = CARTESIAN_POINT('',(80.792998003537,138.69105009196,
    3.936170239516));
#1858 = CARTESIAN_POINT('',(79.694164789849,139.01118590539,
    1.968077100278));
#1859 = CARTESIAN_POINT('',(78.595519402152,139.33117440942,
    5.869527086588E-12));
#1860 = CARTESIAN_POINT('',(81.548526823714,137.82698642129,
    5.954807531894));
#1861 = CARTESIAN_POINT('',(80.547526664639,138.30180572168,
    3.969872540629));
#1862 = CARTESIAN_POINT('',(79.54646965352,138.77664851681,
    1.984934991271));
#1863 = CARTESIAN_POINT('',(78.545469494446,139.2514678172,
    5.868638908169E-12));
#1864 = CARTESIAN_POINT('',(81.460351790571,137.44454955706,
    5.990346888419));
#1865 = CARTESIAN_POINT('',(80.484584879458,138.02812318159,
    3.993570786831));
#1866 = CARTESIAN_POINT('',(79.508374443514,138.61186748708,
    1.996776101594));
#1867 = CARTESIAN_POINT('',(78.532607532401,139.1954411116,
    5.869971175798E-12));
#1868 = CARTESIAN_POINT('',(81.460351790571,137.18925870744,
    6.01407073246));
#1869 = CARTESIAN_POINT('',(80.484437037849,137.84551953798,
    4.009380488309));
#1870 = CARTESIAN_POINT('',(79.508522285123,138.50178036852,
    2.004690244157));
#1871 = CARTESIAN_POINT('',(78.532607532401,139.15804119906,
    5.869971175798E-12));
#1872 = ADVANCED_FACE('',(#1873),#1879,.F.);
#1873 = FACE_BOUND('',#1874,.T.);
#1874 = EDGE_LOOP('',(#1875,#1876,#1877,#1878));
#1875 = ORIENTED_EDGE('',*,*,#1520,.F.);
#1876 = ORIENTED_EDGE('',*,*,#1765,.T.);
#1877 = ORIENTED_EDGE('',*,*,#1038,.T.);
#1878 = ORIENTED_EDGE('',*,*,#1837,.F.);
#1879 = PLANE('',#1880);
#1880 = AXIS2_PLACEMENT_3D('',#1881,#1882,#1883);
#1881 = CARTESIAN_POINT('',(91.782607532401,138.88310921791,
    6.000000000095));
#1882 = DIRECTION('',(-3.018309484516E-17,-0.996194698092,
    -8.715574274637E-02));
#1883 = DIRECTION('',(0.,8.715574274637E-02,-0.996194698092));
#1884 = ADVANCED_FACE('',(#1885,#1888),#1986,.T.);
#1885 = FACE_BOUND('',#1886,.T.);
#1886 = EDGE_LOOP('',(#1887));
#1887 = ORIENTED_EDGE('',*,*,#525,.T.);
#1888 = FACE_BOUND('',#1889,.T.);
#1889 = EDGE_LOOP('',(#1890,#1900,#1908,#1916,#1924,#1932,#1940,#1948,
    #1956,#1964,#1972,#1980));
#1890 = ORIENTED_EDGE('',*,*,#1891,.T.);
#1891 = EDGE_CURVE('',#1892,#1894,#1896,.T.);
#1892 = VERTEX_POINT('',#1893);
#1893 = CARTESIAN_POINT('',(91.795107532402,132.40804119908,
    0.200000000003));
#1894 = VERTEX_POINT('',#1895);
#1895 = CARTESIAN_POINT('',(91.795107532402,130.90804119908,
    0.200000000003));
#1896 = LINE('',#1897,#1898);
#1897 = CARTESIAN_POINT('',(91.795107532402,126.16202744458,
    0.200000000003));
#1898 = VECTOR('',#1899,1.);
#1899 = DIRECTION('',(0.,-1.,3.061616997868E-16));
#1900 = ORIENTED_EDGE('',*,*,#1901,.T.);
#1901 = EDGE_CURVE('',#1894,#1902,#1904,.T.);
#1902 = VERTEX_POINT('',#1903);
#1903 = CARTESIAN_POINT('',(90.295107532402,130.90804119908,
    0.200000000003));
#1904 = LINE('',#1905,#1906);
#1905 = CARTESIAN_POINT('',(86.795107532402,130.90804119908,
    0.200000000003));
#1906 = VECTOR('',#1907,1.);
#1907 = DIRECTION('',(-1.,0.,0.));
#1908 = ORIENTED_EDGE('',*,*,#1909,.T.);
#1909 = EDGE_CURVE('',#1902,#1910,#1912,.T.);
#1910 = VERTEX_POINT('',#1911);
#1911 = CARTESIAN_POINT('',(90.295107532402,129.90804119908,
    0.200000000003));
#1912 = LINE('',#1913,#1914);
#1913 = CARTESIAN_POINT('',(90.295107532402,125.66202744458,
    0.200000000003));
#1914 = VECTOR('',#1915,1.);
#1915 = DIRECTION('',(0.,-1.,3.061616997868E-16));
#1916 = ORIENTED_EDGE('',*,*,#1917,.T.);
#1917 = EDGE_CURVE('',#1910,#1918,#1920,.T.);
#1918 = VERTEX_POINT('',#1919);
#1919 = CARTESIAN_POINT('',(91.795107532402,129.90804119908,
    0.200000000003));
#1920 = LINE('',#1921,#1922);
#1921 = CARTESIAN_POINT('',(87.545107532402,129.90804119908,
    0.200000000003));
#1922 = VECTOR('',#1923,1.);
#1923 = DIRECTION('',(1.,0.,0.));
#1924 = ORIENTED_EDGE('',*,*,#1925,.T.);
#1925 = EDGE_CURVE('',#1918,#1926,#1928,.T.);
#1926 = VERTEX_POINT('',#1927);
#1927 = CARTESIAN_POINT('',(91.795107532402,128.40804119908,
    0.200000000003));
#1928 = LINE('',#1929,#1930);
#1929 = CARTESIAN_POINT('',(91.795107532402,126.16202744458,
    0.200000000003));
#1930 = VECTOR('',#1931,1.);
#1931 = DIRECTION('',(0.,-1.,3.061616997868E-16));
#1932 = ORIENTED_EDGE('',*,*,#1933,.T.);
#1933 = EDGE_CURVE('',#1926,#1934,#1936,.T.);
#1934 = VERTEX_POINT('',#1935);
#1935 = CARTESIAN_POINT('',(92.795107532402,128.40804119908,
    0.200000000003));
#1936 = LINE('',#1937,#1938);
#1937 = CARTESIAN_POINT('',(88.045107532402,128.40804119908,
    0.200000000003));
#1938 = VECTOR('',#1939,1.);
#1939 = DIRECTION('',(1.,0.,0.));
#1940 = ORIENTED_EDGE('',*,*,#1941,.T.);
#1941 = EDGE_CURVE('',#1934,#1942,#1944,.T.);
#1942 = VERTEX_POINT('',#1943);
#1943 = CARTESIAN_POINT('',(92.795107532402,129.90804119908,
    0.200000000003));
#1944 = LINE('',#1945,#1946);
#1945 = CARTESIAN_POINT('',(92.795107532402,125.66202744458,
    0.200000000003));
#1946 = VECTOR('',#1947,1.);
#1947 = DIRECTION('',(0.,1.,-3.061616997868E-16));
#1948 = ORIENTED_EDGE('',*,*,#1949,.T.);
#1949 = EDGE_CURVE('',#1942,#1950,#1952,.T.);
#1950 = VERTEX_POINT('',#1951);
#1951 = CARTESIAN_POINT('',(94.295107532402,129.90804119908,
    0.200000000003));
#1952 = LINE('',#1953,#1954);
#1953 = CARTESIAN_POINT('',(87.545107532402,129.90804119908,
    0.200000000003));
#1954 = VECTOR('',#1955,1.);
#1955 = DIRECTION('',(1.,0.,0.));
#1956 = ORIENTED_EDGE('',*,*,#1957,.T.);
#1957 = EDGE_CURVE('',#1950,#1958,#1960,.T.);
#1958 = VERTEX_POINT('',#1959);
#1959 = CARTESIAN_POINT('',(94.295107532402,130.90804119908,
    0.200000000003));
#1960 = LINE('',#1961,#1962);
#1961 = CARTESIAN_POINT('',(94.295107532402,126.16202744458,
    0.200000000003));
#1962 = VECTOR('',#1963,1.);
#1963 = DIRECTION('',(0.,1.,-3.061616997868E-16));
#1964 = ORIENTED_EDGE('',*,*,#1965,.T.);
#1965 = EDGE_CURVE('',#1958,#1966,#1968,.T.);
#1966 = VERTEX_POINT('',#1967);
#1967 = CARTESIAN_POINT('',(92.795107532402,130.90804119908,
    0.200000000003));
#1968 = LINE('',#1969,#1970);
#1969 = CARTESIAN_POINT('',(88.045107532402,130.90804119908,
    0.200000000003));
#1970 = VECTOR('',#1971,1.);
#1971 = DIRECTION('',(-1.,0.,0.));
#1972 = ORIENTED_EDGE('',*,*,#1973,.T.);
#1973 = EDGE_CURVE('',#1966,#1974,#1976,.T.);
#1974 = VERTEX_POINT('',#1975);
#1975 = CARTESIAN_POINT('',(92.795107532402,132.40804119908,
    0.200000000003));
#1976 = LINE('',#1977,#1978);
#1977 = CARTESIAN_POINT('',(92.795107532402,126.91202744458,
    0.200000000003));
#1978 = VECTOR('',#1979,1.);
#1979 = DIRECTION('',(0.,1.,-3.061616997868E-16));
#1980 = ORIENTED_EDGE('',*,*,#1981,.T.);
#1981 = EDGE_CURVE('',#1974,#1892,#1982,.T.);
#1982 = LINE('',#1983,#1984);
#1983 = CARTESIAN_POINT('',(87.545107532402,132.40804119908,
    0.200000000003));
#1984 = VECTOR('',#1985,1.);
#1985 = DIRECTION('',(-1.,0.,0.));
#1986 = PLANE('',#1987);
#1987 = AXIS2_PLACEMENT_3D('',#1988,#1989,#1990);
#1988 = CARTESIAN_POINT('',(83.295107532402,121.41601369008,
    0.200000000003));
#1989 = DIRECTION('',(0.,-3.061616997868E-16,-1.));
#1990 = DIRECTION('',(0.,1.,-3.061616997868E-16));
#1991 = ADVANCED_FACE('',(#1992),#2008,.T.);
#1992 = FACE_BOUND('',#1993,.T.);
#1993 = EDGE_LOOP('',(#1994,#1995,#2001,#2002));
#1994 = ORIENTED_EDGE('',*,*,#696,.T.);
#1995 = ORIENTED_EDGE('',*,*,#1996,.F.);
#1996 = EDGE_CURVE('',#1892,#584,#1997,.T.);
#1997 = LINE('',#1998,#1999);
#1998 = CARTESIAN_POINT('',(91.795107532402,132.40804119908,
    3.048228336411E-12));
#1999 = VECTOR('',#2000,1.);
#2000 = DIRECTION('',(0.,0.,1.));
#2001 = ORIENTED_EDGE('',*,*,#1981,.F.);
#2002 = ORIENTED_EDGE('',*,*,#2003,.T.);
#2003 = EDGE_CURVE('',#1974,#688,#2004,.T.);
#2004 = LINE('',#2005,#2006);
#2005 = CARTESIAN_POINT('',(92.795107532402,132.40804119908,
    3.048228336411E-12));
#2006 = VECTOR('',#2007,1.);
#2007 = DIRECTION('',(0.,0.,1.));
#2008 = PLANE('',#2009);
#2009 = AXIS2_PLACEMENT_3D('',#2010,#2011,#2012);
#2010 = CARTESIAN_POINT('',(91.795107532402,132.40804119908,
    3.048228336411E-12));
#2011 = DIRECTION('',(0.,-1.,0.));
#2012 = DIRECTION('',(1.,0.,0.));
#2013 = ADVANCED_FACE('',(#2014),#2025,.T.);
#2014 = FACE_BOUND('',#2015,.T.);
#2015 = EDGE_LOOP('',(#2016,#2017,#2018,#2019));
#2016 = ORIENTED_EDGE('',*,*,#687,.T.);
#2017 = ORIENTED_EDGE('',*,*,#2003,.F.);
#2018 = ORIENTED_EDGE('',*,*,#1973,.F.);
#2019 = ORIENTED_EDGE('',*,*,#2020,.T.);
#2020 = EDGE_CURVE('',#1966,#679,#2021,.T.);
#2021 = LINE('',#2022,#2023);
#2022 = CARTESIAN_POINT('',(92.795107532402,130.90804119908,
    3.048228336411E-12));
#2023 = VECTOR('',#2024,1.);
#2024 = DIRECTION('',(0.,0.,1.));
#2025 = PLANE('',#2026);
#2026 = AXIS2_PLACEMENT_3D('',#2027,#2028,#2029);
#2027 = CARTESIAN_POINT('',(92.795107532402,132.40804119908,
    3.048228336411E-12));
#2028 = DIRECTION('',(-1.,0.,0.));
#2029 = DIRECTION('',(0.,-1.,3.061616997868E-16));
#2030 = ADVANCED_FACE('',(#2031),#2042,.T.);
#2031 = FACE_BOUND('',#2032,.T.);
#2032 = EDGE_LOOP('',(#2033,#2034,#2040,#2041));
#2033 = ORIENTED_EDGE('',*,*,#583,.T.);
#2034 = ORIENTED_EDGE('',*,*,#2035,.F.);
#2035 = EDGE_CURVE('',#1894,#586,#2036,.T.);
#2036 = LINE('',#2037,#2038);
#2037 = CARTESIAN_POINT('',(91.795107532402,130.90804119908,
    3.048228336411E-12));
#2038 = VECTOR('',#2039,1.);
#2039 = DIRECTION('',(0.,0.,1.));
#2040 = ORIENTED_EDGE('',*,*,#1891,.F.);
#2041 = ORIENTED_EDGE('',*,*,#1996,.T.);
#2042 = PLANE('',#2043);
#2043 = AXIS2_PLACEMENT_3D('',#2044,#2045,#2046);
#2044 = CARTESIAN_POINT('',(91.795107532402,130.90804119908,
    3.048228336411E-12));
#2045 = DIRECTION('',(1.,0.,0.));
#2046 = DIRECTION('',(0.,1.,-3.061616997868E-16));
#2047 = ADVANCED_FACE('',(#2048),#2059,.T.);
#2048 = FACE_BOUND('',#2049,.T.);
#2049 = EDGE_LOOP('',(#2050,#2051,#2052,#2053));
#2050 = ORIENTED_EDGE('',*,*,#678,.T.);
#2051 = ORIENTED_EDGE('',*,*,#2020,.F.);
#2052 = ORIENTED_EDGE('',*,*,#1965,.F.);
#2053 = ORIENTED_EDGE('',*,*,#2054,.T.);
#2054 = EDGE_CURVE('',#1958,#668,#2055,.T.);
#2055 = LINE('',#2056,#2057);
#2056 = CARTESIAN_POINT('',(94.295107532402,130.90804119908,
    3.048228336411E-12));
#2057 = VECTOR('',#2058,1.);
#2058 = DIRECTION('',(0.,0.,1.));
#2059 = PLANE('',#2060);
#2060 = AXIS2_PLACEMENT_3D('',#2061,#2062,#2063);
#2061 = CARTESIAN_POINT('',(92.795107532402,130.90804119908,
    3.048228336411E-12));
#2062 = DIRECTION('',(0.,-1.,0.));
#2063 = DIRECTION('',(1.,0.,0.));
#2064 = ADVANCED_FACE('',(#2065),#2076,.T.);
#2065 = FACE_BOUND('',#2066,.T.);
#2066 = EDGE_LOOP('',(#2067,#2068,#2074,#2075));
#2067 = ORIENTED_EDGE('',*,*,#594,.T.);
#2068 = ORIENTED_EDGE('',*,*,#2069,.F.);
#2069 = EDGE_CURVE('',#1902,#595,#2070,.T.);
#2070 = LINE('',#2071,#2072);
#2071 = CARTESIAN_POINT('',(90.295107532402,130.90804119908,
    3.048228336411E-12));
#2072 = VECTOR('',#2073,1.);
#2073 = DIRECTION('',(0.,0.,1.));
#2074 = ORIENTED_EDGE('',*,*,#1901,.F.);
#2075 = ORIENTED_EDGE('',*,*,#2035,.T.);
#2076 = PLANE('',#2077);
#2077 = AXIS2_PLACEMENT_3D('',#2078,#2079,#2080);
#2078 = CARTESIAN_POINT('',(90.295107532402,130.90804119908,
    3.048228336411E-12));
#2079 = DIRECTION('',(0.,-1.,0.));
#2080 = DIRECTION('',(1.,0.,0.));
#2081 = ADVANCED_FACE('',(#2082),#2093,.T.);
#2082 = FACE_BOUND('',#2083,.T.);
#2083 = EDGE_LOOP('',(#2084,#2085,#2086,#2087));
#2084 = ORIENTED_EDGE('',*,*,#667,.T.);
#2085 = ORIENTED_EDGE('',*,*,#2054,.F.);
#2086 = ORIENTED_EDGE('',*,*,#1957,.F.);
#2087 = ORIENTED_EDGE('',*,*,#2088,.T.);
#2088 = EDGE_CURVE('',#1950,#659,#2089,.T.);
#2089 = LINE('',#2090,#2091);
#2090 = CARTESIAN_POINT('',(94.295107532402,129.90804119908,
    3.049116514831E-12));
#2091 = VECTOR('',#2092,1.);
#2092 = DIRECTION('',(0.,0.,1.));
#2093 = PLANE('',#2094);
#2094 = AXIS2_PLACEMENT_3D('',#2095,#2096,#2097);
#2095 = CARTESIAN_POINT('',(94.295107532402,130.90804119908,
    3.048228336411E-12));
#2096 = DIRECTION('',(-1.,0.,0.));
#2097 = DIRECTION('',(0.,-1.,3.061616997868E-16));
#2098 = ADVANCED_FACE('',(#2099),#2110,.T.);
#2099 = FACE_BOUND('',#2100,.T.);
#2100 = EDGE_LOOP('',(#2101,#2102,#2108,#2109));
#2101 = ORIENTED_EDGE('',*,*,#606,.T.);
#2102 = ORIENTED_EDGE('',*,*,#2103,.F.);
#2103 = EDGE_CURVE('',#1910,#607,#2104,.T.);
#2104 = LINE('',#2105,#2106);
#2105 = CARTESIAN_POINT('',(90.295107532402,129.90804119908,
    3.049116514831E-12));
#2106 = VECTOR('',#2107,1.);
#2107 = DIRECTION('',(0.,0.,1.));
#2108 = ORIENTED_EDGE('',*,*,#1909,.F.);
#2109 = ORIENTED_EDGE('',*,*,#2069,.T.);
#2110 = PLANE('',#2111);
#2111 = AXIS2_PLACEMENT_3D('',#2112,#2113,#2114);
#2112 = CARTESIAN_POINT('',(90.295107532402,129.90804119908,
    3.049116514831E-12));
#2113 = DIRECTION('',(1.,0.,0.));
#2114 = DIRECTION('',(0.,1.,-3.061616997868E-16));
#2115 = ADVANCED_FACE('',(#2116),#2127,.T.);
#2116 = FACE_BOUND('',#2117,.T.);
#2117 = EDGE_LOOP('',(#2118,#2119,#2120,#2121));
#2118 = ORIENTED_EDGE('',*,*,#658,.T.);
#2119 = ORIENTED_EDGE('',*,*,#2088,.F.);
#2120 = ORIENTED_EDGE('',*,*,#1949,.F.);
#2121 = ORIENTED_EDGE('',*,*,#2122,.T.);
#2122 = EDGE_CURVE('',#1942,#650,#2123,.T.);
#2123 = LINE('',#2124,#2125);
#2124 = CARTESIAN_POINT('',(92.795107532402,129.90804119908,
    3.049116514831E-12));
#2125 = VECTOR('',#2126,1.);
#2126 = DIRECTION('',(0.,0.,1.));
#2127 = PLANE('',#2128);
#2128 = AXIS2_PLACEMENT_3D('',#2129,#2130,#2131);
#2129 = CARTESIAN_POINT('',(91.795107532402,129.90804119908,
    3.049116514831E-12));
#2130 = DIRECTION('',(0.,1.,0.));
#2131 = DIRECTION('',(-1.,0.,0.));
#2132 = ADVANCED_FACE('',(#2133),#2144,.T.);
#2133 = FACE_BOUND('',#2134,.T.);
#2134 = EDGE_LOOP('',(#2135,#2136,#2142,#2143));
#2135 = ORIENTED_EDGE('',*,*,#617,.T.);
#2136 = ORIENTED_EDGE('',*,*,#2137,.F.);
#2137 = EDGE_CURVE('',#1918,#618,#2138,.T.);
#2138 = LINE('',#2139,#2140);
#2139 = CARTESIAN_POINT('',(91.795107532402,129.90804119908,
    3.049116514831E-12));
#2140 = VECTOR('',#2141,1.);
#2141 = DIRECTION('',(0.,0.,1.));
#2142 = ORIENTED_EDGE('',*,*,#1917,.F.);
#2143 = ORIENTED_EDGE('',*,*,#2103,.T.);
#2144 = PLANE('',#2145);
#2145 = AXIS2_PLACEMENT_3D('',#2146,#2147,#2148);
#2146 = CARTESIAN_POINT('',(91.795107532402,129.90804119908,
    3.049116514831E-12));
#2147 = DIRECTION('',(0.,1.,0.));
#2148 = DIRECTION('',(-1.,0.,0.));
#2149 = ADVANCED_FACE('',(#2150),#2161,.T.);
#2150 = FACE_BOUND('',#2151,.T.);
#2151 = EDGE_LOOP('',(#2152,#2153,#2154,#2155));
#2152 = ORIENTED_EDGE('',*,*,#649,.T.);
#2153 = ORIENTED_EDGE('',*,*,#2122,.F.);
#2154 = ORIENTED_EDGE('',*,*,#1941,.F.);
#2155 = ORIENTED_EDGE('',*,*,#2156,.T.);
#2156 = EDGE_CURVE('',#1934,#639,#2157,.T.);
#2157 = LINE('',#2158,#2159);
#2158 = CARTESIAN_POINT('',(92.795107532402,128.40804119908,
    3.049116514831E-12));
#2159 = VECTOR('',#2160,1.);
#2160 = DIRECTION('',(0.,0.,1.));
#2161 = PLANE('',#2162);
#2162 = AXIS2_PLACEMENT_3D('',#2163,#2164,#2165);
#2163 = CARTESIAN_POINT('',(92.795107532402,129.90804119908,
    3.049116514831E-12));
#2164 = DIRECTION('',(-1.,0.,0.));
#2165 = DIRECTION('',(0.,-1.,3.061616997868E-16));
#2166 = ADVANCED_FACE('',(#2167),#2178,.T.);
#2167 = FACE_BOUND('',#2168,.T.);
#2168 = EDGE_LOOP('',(#2169,#2170,#2171,#2172));
#2169 = ORIENTED_EDGE('',*,*,#638,.T.);
#2170 = ORIENTED_EDGE('',*,*,#2156,.F.);
#2171 = ORIENTED_EDGE('',*,*,#1933,.F.);
#2172 = ORIENTED_EDGE('',*,*,#2173,.T.);
#2173 = EDGE_CURVE('',#1926,#630,#2174,.T.);
#2174 = LINE('',#2175,#2176);
#2175 = CARTESIAN_POINT('',(91.795107532402,128.40804119908,
    3.049116514831E-12));
#2176 = VECTOR('',#2177,1.);
#2177 = DIRECTION('',(0.,0.,1.));
#2178 = PLANE('',#2179);
#2179 = AXIS2_PLACEMENT_3D('',#2180,#2181,#2182);
#2180 = CARTESIAN_POINT('',(92.795107532402,128.40804119908,
    3.05000469325E-12));
#2181 = DIRECTION('',(0.,1.,0.));
#2182 = DIRECTION('',(-1.,0.,0.));
#2183 = ADVANCED_FACE('',(#2184),#2190,.T.);
#2184 = FACE_BOUND('',#2185,.T.);
#2185 = EDGE_LOOP('',(#2186,#2187,#2188,#2189));
#2186 = ORIENTED_EDGE('',*,*,#629,.T.);
#2187 = ORIENTED_EDGE('',*,*,#2173,.F.);
#2188 = ORIENTED_EDGE('',*,*,#1925,.F.);
#2189 = ORIENTED_EDGE('',*,*,#2137,.T.);
#2190 = PLANE('',#2191);
#2191 = AXIS2_PLACEMENT_3D('',#2192,#2193,#2194);
#2192 = CARTESIAN_POINT('',(91.795107532402,130.90804119908,
    3.048228336411E-12));
#2193 = DIRECTION('',(1.,0.,0.));
#2194 = DIRECTION('',(0.,1.,-3.061616997868E-16));
#2195 = ADVANCED_FACE('',(#2196),#2208,.F.);
#2196 = FACE_BOUND('',#2197,.F.);
#2197 = EDGE_LOOP('',(#2198,#2205,#2206,#2207));
#2198 = ORIENTED_EDGE('',*,*,#2199,.T.);
#2199 = EDGE_CURVE('',#784,#559,#2200,.T.);
#2200 = B_SPLINE_CURVE_WITH_KNOTS('',1,(#2201,#2202,#2203,#2204),
  .UNSPECIFIED.,.F.,.F.,(2,1,1,2),(-2.314433469307,-1.,0.,6.319631555176
    ),.UNSPECIFIED.);
#2201 = CARTESIAN_POINT('',(80.980674063092,130.73304119907,
    2.398051947622));
#2202 = CARTESIAN_POINT('',(82.295107532402,130.73304119907,
    2.398051947622));
#2203 = CARTESIAN_POINT('',(83.295107532402,130.73304119907,
    2.398051947622));
#2204 = CARTESIAN_POINT('',(89.614739087578,130.73304119907,
    2.398051947622));
#2205 = ORIENTED_EDGE('',*,*,#567,.F.);
#2206 = ORIENTED_EDGE('',*,*,#368,.F.);
#2207 = ORIENTED_EDGE('',*,*,#783,.F.);
#2208 = B_SPLINE_SURFACE_WITH_KNOTS('',1,1,(
    (#2209,#2210,#2211,#2212)
    ,(#2213,#2214,#2215,#2216)
    ,(#2217,#2218,#2219,#2220
    )),.UNSPECIFIED.,.F.,.F.,.F.,(2,1,2),(2,1,1,2),(-48.49999999999,
    2.025046796916E-13,18.),(-113.9999999999,0.,3.,39.650002000038),
  .UNSPECIFIED.);
#2209 = CARTESIAN_POINT('',(34.795107532402,130.73304119909,
    -111.6019480523));
#2210 = CARTESIAN_POINT('',(34.795107532402,130.73304119909,
    2.398051947622));
#2211 = CARTESIAN_POINT('',(34.795107532402,130.73304119909,
    5.398051947622));
#2212 = CARTESIAN_POINT('',(34.795107532402,130.73304119909,
    42.04805394766));
#2213 = CARTESIAN_POINT('',(83.295107532402,130.73304119907,
    -111.6019480523));
#2214 = CARTESIAN_POINT('',(83.295107532402,130.73304119907,
    2.398051947622));
#2215 = CARTESIAN_POINT('',(83.295107532402,130.73304119907,
    5.398051947622));
#2216 = CARTESIAN_POINT('',(83.295107532402,130.73304119907,
    42.04805394766));
#2217 = CARTESIAN_POINT('',(101.2951075324,130.73304119907,
    -111.6019480523));
#2218 = CARTESIAN_POINT('',(101.2951075324,130.73304119907,
    2.398051947622));
#2219 = CARTESIAN_POINT('',(101.2951075324,130.73304119907,
    5.398051947622));
#2220 = CARTESIAN_POINT('',(101.2951075324,130.73304119907,
    42.04805394766));
#2221 = ADVANCED_FACE('',(#2222),#2233,.T.);
#2222 = FACE_BOUND('',#2223,.T.);
#2223 = EDGE_LOOP('',(#2224,#2225,#2231,#2232));
#2224 = ORIENTED_EDGE('',*,*,#733,.T.);
#2225 = ORIENTED_EDGE('',*,*,#2226,.F.);
#2226 = EDGE_CURVE('',#551,#734,#2227,.T.);
#2227 = LINE('',#2228,#2229);
#2228 = CARTESIAN_POINT('',(92.295107532402,130.08304119907,
    2.398051947622));
#2229 = VECTOR('',#2230,1.);
#2230 = DIRECTION('',(-1.,4.042198674546E-13,0.));
#2231 = ORIENTED_EDGE('',*,*,#550,.T.);
#2232 = ORIENTED_EDGE('',*,*,#56,.T.);
#2233 = PLANE('',#2234);
#2234 = AXIS2_PLACEMENT_3D('',#2235,#2236,#2237);
#2235 = CARTESIAN_POINT('',(92.295107532402,130.08304119906,
    3.898051947622));
#2236 = DIRECTION('',(-4.042198674546E-13,-1.,0.));
#2237 = DIRECTION('',(-0.,0.,-1.));
#2238 = ADVANCED_FACE('',(#2239),#2245,.F.);
#2239 = FACE_BOUND('',#2240,.T.);
#2240 = EDGE_LOOP('',(#2241,#2242,#2243,#2244));
#2241 = ORIENTED_EDGE('',*,*,#792,.T.);
#2242 = ORIENTED_EDGE('',*,*,#2199,.T.);
#2243 = ORIENTED_EDGE('',*,*,#558,.T.);
#2244 = ORIENTED_EDGE('',*,*,#2226,.T.);
#2245 = PLANE('',#2246);
#2246 = AXIS2_PLACEMENT_3D('',#2247,#2248,#2249);
#2247 = CARTESIAN_POINT('',(92.295107532402,130.73304119907,
    2.398051947622));
#2248 = DIRECTION('',(0.,0.,1.));
#2249 = DIRECTION('',(1.,0.,-0.));
#2250 = ADVANCED_FACE('',(#2251),#2263,.F.);
#2251 = FACE_BOUND('',#2252,.F.);
#2252 = EDGE_LOOP('',(#2253,#2254,#2255,#2262));
#2253 = ORIENTED_EDGE('',*,*,#266,.F.);
#2254 = ORIENTED_EDGE('',*,*,#475,.F.);
#2255 = ORIENTED_EDGE('',*,*,#2256,.T.);
#2256 = EDGE_CURVE('',#476,#870,#2257,.T.);
#2257 = B_SPLINE_CURVE_WITH_KNOTS('',1,(#2258,#2259,#2260,#2261),
  .UNSPECIFIED.,.F.,.F.,(2,1,1,2),(11.680368444824,18.,19.,
    20.314433469315),.UNSPECIFIED.);
#2258 = CARTESIAN_POINT('',(94.975475977226,130.73304119907,
    2.398051947622));
#2259 = CARTESIAN_POINT('',(101.2951075324,130.73304119907,
    2.398051947622));
#2260 = CARTESIAN_POINT('',(102.2951075324,130.73304119907,
    2.398051947622));
#2261 = CARTESIAN_POINT('',(103.60954100171,130.73304119907,
    2.398051947622));
#2262 = ORIENTED_EDGE('',*,*,#869,.F.);
#2263 = B_SPLINE_SURFACE_WITH_KNOTS('',1,1,(
    (#2264,#2265,#2266)
    ,(#2267,#2268,#2269)
    ,(#2270,#2271,#2272
    )),.UNSPECIFIED.,.F.,.F.,.F.,(2,1,2),(2,1,2),(2.025046796916E-13,18.
    ,66.499999999999),(0.,3.,10.5),.UNSPECIFIED.);
#2264 = CARTESIAN_POINT('',(83.295107532402,130.73304119907,
    2.398051947622));
#2265 = CARTESIAN_POINT('',(83.295107532402,130.73304119907,
    5.398051947622));
#2266 = CARTESIAN_POINT('',(83.295107532402,130.73304119907,
    12.898051947622));
#2267 = CARTESIAN_POINT('',(101.2951075324,130.73304119907,
    2.398051947622));
#2268 = CARTESIAN_POINT('',(101.2951075324,130.73304119907,
    5.398051947622));
#2269 = CARTESIAN_POINT('',(101.2951075324,130.73304119907,
    12.898051947622));
#2270 = CARTESIAN_POINT('',(149.7951075324,130.73304119904,
    2.398051947622));
#2271 = CARTESIAN_POINT('',(149.7951075324,130.73304119904,
    5.398051947622));
#2272 = CARTESIAN_POINT('',(149.7951075324,130.73304119904,
    12.898051947622));
#2273 = ADVANCED_FACE('',(#2274),#2285,.T.);
#2274 = FACE_BOUND('',#2275,.T.);
#2275 = EDGE_LOOP('',(#2276,#2277,#2278,#2279));
#2276 = ORIENTED_EDGE('',*,*,#909,.T.);
#2277 = ORIENTED_EDGE('',*,*,#172,.T.);
#2278 = ORIENTED_EDGE('',*,*,#493,.T.);
#2279 = ORIENTED_EDGE('',*,*,#2280,.T.);
#2280 = EDGE_CURVE('',#485,#910,#2281,.T.);
#2281 = LINE('',#2282,#2283);
#2282 = CARTESIAN_POINT('',(92.295107532402,130.08304119906,
    2.398051947622));
#2283 = VECTOR('',#2284,1.);
#2284 = DIRECTION('',(1.,-4.042198674546E-13,0.));
#2285 = PLANE('',#2286);
#2286 = AXIS2_PLACEMENT_3D('',#2287,#2288,#2289);
#2287 = CARTESIAN_POINT('',(92.295107532402,130.08304119906,
    3.898051947622));
#2288 = DIRECTION('',(-4.042198674546E-13,-1.,0.));
#2289 = DIRECTION('',(-0.,0.,-1.));
#2290 = ADVANCED_FACE('',(#2291),#2297,.F.);
#2291 = FACE_BOUND('',#2292,.T.);
#2292 = EDGE_LOOP('',(#2293,#2294,#2295,#2296));
#2293 = ORIENTED_EDGE('',*,*,#918,.T.);
#2294 = ORIENTED_EDGE('',*,*,#2280,.F.);
#2295 = ORIENTED_EDGE('',*,*,#484,.T.);
#2296 = ORIENTED_EDGE('',*,*,#2256,.T.);
#2297 = PLANE('',#2298);
#2298 = AXIS2_PLACEMENT_3D('',#2299,#2300,#2301);
#2299 = CARTESIAN_POINT('',(92.295107532402,130.73304119907,
    2.398051947622));
#2300 = DIRECTION('',(0.,0.,1.));
#2301 = DIRECTION('',(1.,0.,-0.));
#2302 = ADVANCED_FACE('',(#2303),#2314,.T.);
#2303 = FACE_BOUND('',#2304,.T.);
#2304 = EDGE_LOOP('',(#2305,#2306,#2307,#2308));
#2305 = ORIENTED_EDGE('',*,*,#500,.T.);
#2306 = ORIENTED_EDGE('',*,*,#220,.T.);
#2307 = ORIENTED_EDGE('',*,*,#945,.T.);
#2308 = ORIENTED_EDGE('',*,*,#2309,.F.);
#2309 = EDGE_CURVE('',#501,#946,#2310,.T.);
#2310 = LINE('',#2311,#2312);
#2311 = CARTESIAN_POINT('',(92.620107532406,130.40804119906,
    2.398051947622));
#2312 = VECTOR('',#2313,1.);
#2313 = DIRECTION('',(-2.021099337273E-13,-1.,0.));
#2314 = PLANE('',#2315);
#2315 = AXIS2_PLACEMENT_3D('',#2316,#2317,#2318);
#2316 = CARTESIAN_POINT('',(92.620107532406,130.40804119906,
    3.898051947622));
#2317 = DIRECTION('',(1.,-2.021099337273E-13,0.));
#2318 = DIRECTION('',(0.,0.,-1.));
#2319 = ADVANCED_FACE('',(#2320),#2331,.F.);
#2320 = FACE_BOUND('',#2321,.T.);
#2321 = EDGE_LOOP('',(#2322,#2323,#2324,#2325,#2326));
#2322 = ORIENTED_EDGE('',*,*,#533,.T.);
#2323 = ORIENTED_EDGE('',*,*,#508,.T.);
#2324 = ORIENTED_EDGE('',*,*,#2309,.T.);
#2325 = ORIENTED_EDGE('',*,*,#971,.T.);
#2326 = ORIENTED_EDGE('',*,*,#2327,.T.);
#2327 = EDGE_CURVE('',#964,#534,#2328,.T.);
#2328 = B_SPLINE_CURVE_WITH_KNOTS('',1,(#2329,#2330),.UNSPECIFIED.,.F.,
  .F.,(2,2),(2.550179735712,6.319631555192),.PIECEWISE_BEZIER_KNOTS.);
#2329 = CARTESIAN_POINT('',(91.970107532405,123.95822093477,
    2.398051947622));
#2330 = CARTESIAN_POINT('',(91.970107532405,127.72767275426,
    2.398051947622));
#2331 = PLANE('',#2332);
#2332 = AXIS2_PLACEMENT_3D('',#2333,#2334,#2335);
#2333 = CARTESIAN_POINT('',(92.295107532402,130.73304119907,
    2.398051947622));
#2334 = DIRECTION('',(0.,0.,1.));
#2335 = DIRECTION('',(1.,0.,-0.));
#2336 = ADVANCED_FACE('',(#2337),#2343,.F.);
#2337 = FACE_BOUND('',#2338,.F.);
#2338 = EDGE_LOOP('',(#2339,#2340,#2341,#2342));
#2339 = ORIENTED_EDGE('',*,*,#101,.F.);
#2340 = ORIENTED_EDGE('',*,*,#963,.F.);
#2341 = ORIENTED_EDGE('',*,*,#2327,.T.);
#2342 = ORIENTED_EDGE('',*,*,#542,.F.);
#2343 = B_SPLINE_SURFACE_WITH_KNOTS('',1,1,(
    (#2344,#2345,#2346)
    ,(#2347,#2348,#2349)
    ,(#2350,#2351,#2352)
    ,(#2353,#2354,#2355
    )),.UNSPECIFIED.,.F.,.F.,.F.,(2,1,1,2),(2,1,2),(-66.20000000002,
    -3.4354741274E-12,18.000000000003,20.700000000005),(0.,3.,10.5),
  .UNSPECIFIED.);
#2344 = CARTESIAN_POINT('',(91.970107532387,55.208041199068,
    2.398051947622));
#2345 = CARTESIAN_POINT('',(91.970107532387,55.208041199068,
    5.398051947622));
#2346 = CARTESIAN_POINT('',(91.970107532387,55.208041199068,
    12.898051947622));
#2347 = CARTESIAN_POINT('',(91.970107532401,121.40804119906,
    2.398051947622));
#2348 = CARTESIAN_POINT('',(91.970107532401,121.40804119906,
    5.398051947622));
#2349 = CARTESIAN_POINT('',(91.970107532401,121.40804119906,
    12.898051947622));
#2350 = CARTESIAN_POINT('',(91.970107532405,139.40804119906,
    2.398051947622));
#2351 = CARTESIAN_POINT('',(91.970107532405,139.40804119906,
    5.398051947622));
#2352 = CARTESIAN_POINT('',(91.970107532405,139.40804119906,
    12.898051947622));
#2353 = CARTESIAN_POINT('',(91.970107532405,142.10804119906,
    2.398051947622));
#2354 = CARTESIAN_POINT('',(91.970107532405,142.10804119906,
    5.398051947622));
#2355 = CARTESIAN_POINT('',(91.970107532405,142.10804119906,
    12.898051947622));
#2356 = ADVANCED_FACE('',(#2357),#2372,.F.);
#2357 = FACE_BOUND('',#2358,.T.);
#2358 = EDGE_LOOP('',(#2359,#2360,#2366,#2367));
#2359 = ORIENTED_EDGE('',*,*,#855,.T.);
#2360 = ORIENTED_EDGE('',*,*,#2361,.T.);
#2361 = EDGE_CURVE('',#848,#460,#2362,.T.);
#2362 = LINE('',#2363,#2364);
#2363 = CARTESIAN_POINT('',(92.620107532406,130.40804119906,
    2.398051947622));
#2364 = VECTOR('',#2365,1.);
#2365 = DIRECTION('',(-2.021099337273E-13,-1.,0.));
#2366 = ORIENTED_EDGE('',*,*,#459,.T.);
#2367 = ORIENTED_EDGE('',*,*,#2368,.T.);
#2368 = EDGE_CURVE('',#451,#820,#2369,.T.);
#2369 = B_SPLINE_CURVE_WITH_KNOTS('',1,(#2370,#2371),.UNSPECIFIED.,.F.,
  .F.,(2,2),(11.680368444836,16.535422843292),.PIECEWISE_BEZIER_KNOTS.);
#2370 = CARTESIAN_POINT('',(91.970107532405,133.0884096439,
    2.398051947622));
#2371 = CARTESIAN_POINT('',(91.970107532405,137.94346404235,
    2.398051947622));
#2372 = PLANE('',#2373);
#2373 = AXIS2_PLACEMENT_3D('',#2374,#2375,#2376);
#2374 = CARTESIAN_POINT('',(92.295107532402,130.73304119907,
    2.398051947622));
#2375 = DIRECTION('',(0.,0.,1.));
#2376 = DIRECTION('',(1.,0.,-0.));
#2377 = ADVANCED_FACE('',(#2378),#2384,.F.);
#2378 = FACE_BOUND('',#2379,.F.);
#2379 = EDGE_LOOP('',(#2380,#2381,#2382,#2383));
#2380 = ORIENTED_EDGE('',*,*,#413,.F.);
#2381 = ORIENTED_EDGE('',*,*,#450,.F.);
#2382 = ORIENTED_EDGE('',*,*,#2368,.T.);
#2383 = ORIENTED_EDGE('',*,*,#819,.F.);
#2384 = B_SPLINE_SURFACE_WITH_KNOTS('',1,1,(
    (#2385,#2386,#2387)
    ,(#2388,#2389,#2390)
    ,(#2391,#2392,#2393)
    ,(#2394,#2395,#2396
    )),.UNSPECIFIED.,.F.,.F.,.F.,(2,1,1,2),(2,1,2),(-66.20000000002,
    -3.4354741274E-12,18.000000000003,20.700000000005),(0.,3.,10.5),
  .UNSPECIFIED.);
#2385 = CARTESIAN_POINT('',(91.970107532387,55.208041199068,
    2.398051947622));
#2386 = CARTESIAN_POINT('',(91.970107532387,55.208041199068,
    5.398051947622));
#2387 = CARTESIAN_POINT('',(91.970107532387,55.208041199068,
    12.898051947622));
#2388 = CARTESIAN_POINT('',(91.970107532401,121.40804119906,
    2.398051947622));
#2389 = CARTESIAN_POINT('',(91.970107532401,121.40804119906,
    5.398051947622));
#2390 = CARTESIAN_POINT('',(91.970107532401,121.40804119906,
    12.898051947622));
#2391 = CARTESIAN_POINT('',(91.970107532405,139.40804119906,
    2.398051947622));
#2392 = CARTESIAN_POINT('',(91.970107532405,139.40804119906,
    5.398051947622));
#2393 = CARTESIAN_POINT('',(91.970107532405,139.40804119906,
    12.898051947622));
#2394 = CARTESIAN_POINT('',(91.970107532405,142.10804119906,
    2.398051947622));
#2395 = CARTESIAN_POINT('',(91.970107532405,142.10804119906,
    5.398051947622));
#2396 = CARTESIAN_POINT('',(91.970107532405,142.10804119906,
    12.898051947622));
#2397 = ADVANCED_FACE('',(#2398),#2404,.T.);
#2398 = FACE_BOUND('',#2399,.T.);
#2399 = EDGE_LOOP('',(#2400,#2401,#2402,#2403));
#2400 = ORIENTED_EDGE('',*,*,#847,.T.);
#2401 = ORIENTED_EDGE('',*,*,#307,.T.);
#2402 = ORIENTED_EDGE('',*,*,#468,.T.);
#2403 = ORIENTED_EDGE('',*,*,#2361,.F.);
#2404 = PLANE('',#2405);
#2405 = AXIS2_PLACEMENT_3D('',#2406,#2407,#2408);
#2406 = CARTESIAN_POINT('',(92.620107532406,130.40804119906,
    3.898051947622));
#2407 = DIRECTION('',(1.,-2.021099337273E-13,0.));
#2408 = DIRECTION('',(0.,0.,-1.));
#2409 = ( GEOMETRIC_REPRESENTATION_CONTEXT(3) 
GLOBAL_UNCERTAINTY_ASSIGNED_CONTEXT((#2413)) 
GLOBAL_UNIT_ASSIGNED_CONTEXT((#2410,#2411,#2412)) REPRESENTATION_CONTEXT
('Context #1','3D Context with UNIT and UNCERTAINTY') );
#2410 = ( LENGTH_UNIT() NAMED_UNIT(*) SI_UNIT(.MILLI.,.METRE.) );
#2411 = ( NAMED_UNIT(*) PLANE_ANGLE_UNIT() SI_UNIT($,.RADIAN.) );
#2412 = ( NAMED_UNIT(*) SI_UNIT($,.STERADIAN.) SOLID_ANGLE_UNIT() );
#2413 = UNCERTAINTY_MEASURE_WITH_UNIT(LENGTH_MEASURE(1.E-03),#2410,
  'distance_accuracy_value','confusion accuracy');
#2414 = PRODUCT_RELATED_PRODUCT_CATEGORY('part',$,(#7));
#2415 = MECHANICAL_DESIGN_GEOMETRIC_PRESENTATION_REPRESENTATION('',(
    #2416),#2409);
#2416 = STYLED_ITEM('color',(#2417),#15);
#2417 = PRESENTATION_STYLE_ASSIGNMENT((#2418,#2424));
#2418 = SURFACE_STYLE_USAGE(.BOTH.,#2419);
#2419 = SURFACE_SIDE_STYLE('',(#2420));
#2420 = SURFACE_STYLE_FILL_AREA(#2421);
#2421 = FILL_AREA_STYLE('',(#2422));
#2422 = FILL_AREA_STYLE_COLOUR('',#2423);
#2423 = DRAUGHTING_PRE_DEFINED_COLOUR('white');
#2424 = CURVE_STYLE('',#2425,POSITIVE_LENGTH_MEASURE(0.1),#2426);
#2425 = DRAUGHTING_PRE_DEFINED_CURVE_FONT('continuous');
#2426 = COLOUR_RGB('',9.803921802644E-02,9.803921802644E-02,
  9.803921802644E-02);
ENDSEC;
END-ISO-10303-21;
