ISO-10303-21;
HEADER;
FILE_DESCRIPTION(('FreeCAD Model'),'2;1');
FILE_NAME('Open CASCADE Shape Model','2026-09-10T09:34:39',('Author'),(
    ''),'Open CASCADE STEP processor 7.8','FreeCAD','Unknown');
FILE_SCHEMA(('AUTOMOTIVE_DESIGN { 1 0 10303 214 1 1 1 1 }'));
ENDSEC;
DATA;
#1 = APPLICATION_PROTOCOL_DEFINITION('international standard',
  'automotive_design',2000,#2);
#2 = APPLICATION_CONTEXT(
  'core data for automotive mechanical design processes');
#3 = SHAPE_DEFINITION_REPRESENTATION(#4,#10);
#4 = PRODUCT_DEFINITION_SHAPE('','',#5);
#5 = PRODUCT_DEFINITION('design','',#6,#9);
#6 = PRODUCT_DEFINITION_FORMATION('','',#7);
#7 = PRODUCT('Product037','Product037','',(#8));
#8 = PRODUCT_CONTEXT('',#2,'mechanical');
#9 = PRODUCT_DEFINITION_CONTEXT('part definition',#2,'design');
#10 = ADVANCED_BREP_SHAPE_REPRESENTATION('',(#11,#15),#2433);
#11 = AXIS2_PLACEMENT_3D('',#12,#13,#14);
#12 = CARTESIAN_POINT('',(0.,0.,0.));
#13 = DIRECTION('',(0.,0.,1.));
#14 = DIRECTION('',(1.,0.,-0.));
#15 = MANIFOLD_SOLID_BREP('',#16);
#16 = CLOSED_SHELL('',(#17,#59,#106,#140,#365,#426,#496,#544,#584,#602,
    #651,#714,#747,#779,#814,#838,#883,#901,#1008,#1042,#1067,#1092,
    #1117,#1145,#1172,#1199,#1224,#1252,#1277,#1304,#1322,#1362,#1433,
    #1454,#1490,#1572,#1674,#1752,#1816,#1866,#1916,#1980,#2044,#2126,
    #2172,#2189,#2230,#2259,#2277,#2310,#2339,#2380,#2421));
#17 = ADVANCED_FACE('',(#18),#54,.F.);
#18 = FACE_BOUND('',#19,.T.);
#19 = EDGE_LOOP('',(#20,#31,#40,#48));
#20 = ORIENTED_EDGE('',*,*,#21,.F.);
#21 = EDGE_CURVE('',#22,#24,#26,.T.);
#22 = VERTEX_POINT('',#23);
#23 = CARTESIAN_POINT('',(91.970107532405,96.038409643901,2.447001434768
    ));
#24 = VERTEX_POINT('',#25);
#25 = CARTESIAN_POINT('',(92.620107532406,96.038409643901,2.447001434768
    ));
#26 = CIRCLE('',#27,2.7);
#27 = AXIS2_PLACEMENT_3D('',#28,#29,#30);
#28 = CARTESIAN_POINT('',(92.295107532402,93.358041199077,2.447001434768
    ));
#29 = DIRECTION('',(0.,0.,-1.));
#30 = DIRECTION('',(0.,1.,0.));
#31 = ORIENTED_EDGE('',*,*,#32,.T.);
#32 = EDGE_CURVE('',#22,#33,#35,.T.);
#33 = VERTEX_POINT('',#34);
#34 = CARTESIAN_POINT('',(91.970107532405,100.88918151696,2.447001434768
    ));
#35 = B_SPLINE_CURVE_WITH_KNOTS('',3,(#36,#37,#38,#39),.UNSPECIFIED.,.F.
  ,.F.,(4,4),(-9.01963155516,-4.168859682102),.PIECEWISE_BEZIER_KNOTS.);
#36 = CARTESIAN_POINT('',(91.970107532405,96.038409643901,2.447001434768
    ));
#37 = CARTESIAN_POINT('',(91.970107532405,97.655333601586,2.447001434768
    ));
#38 = CARTESIAN_POINT('',(91.970107532405,99.272257559278,2.447001434768
    ));
#39 = CARTESIAN_POINT('',(91.970107532405,100.88918151696,2.447001434768
    ));
#40 = ORIENTED_EDGE('',*,*,#41,.F.);
#41 = EDGE_CURVE('',#42,#33,#44,.T.);
#42 = VERTEX_POINT('',#43);
#43 = CARTESIAN_POINT('',(92.620107532406,100.88918151696,2.447001434768
    ));
#44 = LINE('',#45,#46);
#45 = CARTESIAN_POINT('',(99.176357532404,100.88918151696,2.447001434768
    ));
#46 = VECTOR('',#47,1.);
#47 = DIRECTION('',(-1.,8.633949212408E-18,0.));
#48 = ORIENTED_EDGE('',*,*,#49,.F.);
#49 = EDGE_CURVE('',#24,#42,#50,.T.);
#50 = LINE('',#51,#52);
#51 = CARTESIAN_POINT('',(92.620107532406,93.520541199061,2.447001434768
    ));
#52 = VECTOR('',#53,1.);
#53 = DIRECTION('',(2.021099337273E-13,1.,0.));
#54 = PLANE('',#55);
#55 = AXIS2_PLACEMENT_3D('',#56,#57,#58);
#56 = CARTESIAN_POINT('',(92.295107532402,93.683041199067,2.447001434768
    ));
#57 = DIRECTION('',(0.,0.,1.));
#58 = DIRECTION('',(1.,0.,-0.));
#59 = ADVANCED_FACE('',(#60),#89,.F.);
#60 = FACE_BOUND('',#61,.F.);
#61 = EDGE_LOOP('',(#62,#63,#71,#82));
#62 = ORIENTED_EDGE('',*,*,#32,.T.);
#63 = ORIENTED_EDGE('',*,*,#64,.T.);
#64 = EDGE_CURVE('',#33,#65,#67,.T.);
#65 = VERTEX_POINT('',#66);
#66 = CARTESIAN_POINT('',(91.970107532405,100.73551700357,4.203394859864
    ));
#67 = LINE('',#68,#69);
#68 = CARTESIAN_POINT('',(91.970107532405,101.11279782644,
    -0.108944678432));
#69 = VECTOR('',#70,1.);
#70 = DIRECTION('',(0.,-8.715574274715E-02,0.996194698092));
#71 = ORIENTED_EDGE('',*,*,#72,.F.);
#72 = EDGE_CURVE('',#73,#65,#75,.T.);
#73 = VERTEX_POINT('',#74);
#74 = CARTESIAN_POINT('',(91.970107532405,96.038409643894,4.950797549943
    ));
#75 = B_SPLINE_CURVE_WITH_KNOTS('',3,(#76,#77,#78,#79,#80,#81),
  .UNSPECIFIED.,.F.,.F.,(4,2,4),(2.598948883354,3.752601300737,
    7.355147820481),.UNSPECIFIED.);
#76 = CARTESIAN_POINT('',(91.970107532405,96.038409643894,4.950797549943
    ));
#77 = CARTESIAN_POINT('',(91.970107532405,96.418182745045,4.890368137607
    ));
#78 = CARTESIAN_POINT('',(91.970107532405,96.797955846203,4.829938725272
    ));
#79 = CARTESIAN_POINT('',(91.970107532405,98.36365829943,4.580804495245)
  );
#80 = CARTESIAN_POINT('',(91.970107532405,99.549587651505,4.392099677555
    ));
#81 = CARTESIAN_POINT('',(91.970107532405,100.73551700357,4.203394859864
    ));
#82 = ORIENTED_EDGE('',*,*,#83,.F.);
#83 = EDGE_CURVE('',#22,#73,#84,.T.);
#84 = B_SPLINE_CURVE_WITH_KNOTS('',3,(#85,#86,#87,#88),.UNSPECIFIED.,.F.
  ,.F.,(4,4),(-10.9,-8.396203884824),.PIECEWISE_BEZIER_KNOTS.);
#85 = CARTESIAN_POINT('',(91.970107532405,96.038409643901,2.447001434768
    ));
#86 = CARTESIAN_POINT('',(91.970107532405,96.038409643901,3.281600139826
    ));
#87 = CARTESIAN_POINT('',(91.970107532405,96.038409643901,4.116198844885
    ));
#88 = CARTESIAN_POINT('',(91.970107532405,96.038409643901,4.950797549943
    ));
#89 = B_SPLINE_SURFACE_WITH_KNOTS('',1,1,(
    (#90,#91,#92,#93)
    ,(#94,#95,#96,#97)
    ,(#98,#99,#100,#101)
    ,(#102,#103,#104,#105
    )),.UNSPECIFIED.,.F.,.F.,.F.,(2,1,1,2),(2,1,1,2),(-66.20000000002,
    -3.4354741274E-12,18.000000000003,20.700000000005),(-1.,0.,3.,10.5),
  .UNSPECIFIED.);
#90 = CARTESIAN_POINT('',(91.970107532387,18.158041199065,1.847001434768
    ));
#91 = CARTESIAN_POINT('',(91.970107532387,18.158041199065,2.847001434768
    ));
#92 = CARTESIAN_POINT('',(91.970107532387,18.158041199065,5.847001434768
    ));
#93 = CARTESIAN_POINT('',(91.970107532387,18.158041199065,
    13.347001434768));
#94 = CARTESIAN_POINT('',(91.970107532401,84.358041199062,1.847001434768
    ));
#95 = CARTESIAN_POINT('',(91.970107532401,84.358041199062,2.847001434768
    ));
#96 = CARTESIAN_POINT('',(91.970107532401,84.358041199062,5.847001434768
    ));
#97 = CARTESIAN_POINT('',(91.970107532401,84.358041199062,
    13.347001434768));
#98 = CARTESIAN_POINT('',(91.970107532405,102.35804119906,1.847001434768
    ));
#99 = CARTESIAN_POINT('',(91.970107532405,102.35804119906,2.847001434768
    ));
#100 = CARTESIAN_POINT('',(91.970107532405,102.35804119906,
    5.847001434768));
#101 = CARTESIAN_POINT('',(91.970107532405,102.35804119906,
    13.347001434768));
#102 = CARTESIAN_POINT('',(91.970107532405,105.05804119906,
    1.847001434768));
#103 = CARTESIAN_POINT('',(91.970107532405,105.05804119906,
    2.847001434768));
#104 = CARTESIAN_POINT('',(91.970107532405,105.05804119906,
    5.847001434768));
#105 = CARTESIAN_POINT('',(91.970107532405,105.05804119906,
    13.347001434768));
#106 = ADVANCED_FACE('',(#107),#135,.T.);
#107 = FACE_BOUND('',#108,.T.);
#108 = EDGE_LOOP('',(#109,#117,#118,#126));
#109 = ORIENTED_EDGE('',*,*,#110,.F.);
#110 = EDGE_CURVE('',#24,#111,#113,.T.);
#111 = VERTEX_POINT('',#112);
#112 = CARTESIAN_POINT('',(92.620107532406,96.038409643901,
    4.950867712221));
#113 = LINE('',#114,#115);
#114 = CARTESIAN_POINT('',(92.620107532406,96.038409643901,
    1.456612608308E-12));
#115 = VECTOR('',#116,1.);
#116 = DIRECTION('',(0.,0.,1.));
#117 = ORIENTED_EDGE('',*,*,#49,.T.);
#118 = ORIENTED_EDGE('',*,*,#119,.F.);
#119 = EDGE_CURVE('',#120,#42,#122,.T.);
#120 = VERTEX_POINT('',#121);
#121 = CARTESIAN_POINT('',(92.620107532406,100.73551077851,
    4.203466012674));
#122 = LINE('',#123,#124);
#123 = CARTESIAN_POINT('',(92.620107532406,100.88990305136,
    2.438754258836));
#124 = VECTOR('',#125,1.);
#125 = DIRECTION('',(1.761504139058E-14,8.715574274715E-02,
    -0.996194698092));
#126 = ORIENTED_EDGE('',*,*,#127,.T.);
#127 = EDGE_CURVE('',#120,#111,#128,.T.);
#128 = B_SPLINE_CURVE_WITH_KNOTS('',3,(#129,#130,#131,#132,#133,#134),
  .UNSPECIFIED.,.F.,.F.,(4,2,4),(0.150054887772,3.752592602689,
    4.906247521511),.UNSPECIFIED.);
#129 = CARTESIAN_POINT('',(92.620107532406,100.73551077851,
    4.203466012674));
#130 = CARTESIAN_POINT('',(92.620107532406,99.549584324916,
    4.392170369159));
#131 = CARTESIAN_POINT('',(92.620107532406,98.363657871327,
    4.580874725645));
#132 = CARTESIAN_POINT('',(92.620107532406,96.797957493123,
    4.830008625493));
#133 = CARTESIAN_POINT('',(92.620107532406,96.418183568508,
    4.890438168857));
#134 = CARTESIAN_POINT('',(92.620107532406,96.038409643901,
    4.950867712221));
#135 = PLANE('',#136);
#136 = AXIS2_PLACEMENT_3D('',#137,#138,#139);
#137 = CARTESIAN_POINT('',(92.620107532406,93.358041199062,
    4.347001434768));
#138 = DIRECTION('',(1.,-2.021099337273E-13,0.));
#139 = DIRECTION('',(0.,0.,-1.));
#140 = ADVANCED_FACE('',(#141),#360,.T.);
#141 = FACE_BOUND('',#142,.T.);
#142 = EDGE_LOOP('',(#143,#144,#145,#146,#176,#185,#194,#202,#232,#240,
    #249,#257,#264,#265,#274,#286,#303,#311,#320,#329));
#143 = ORIENTED_EDGE('',*,*,#83,.F.);
#144 = ORIENTED_EDGE('',*,*,#21,.T.);
#145 = ORIENTED_EDGE('',*,*,#110,.T.);
#146 = ORIENTED_EDGE('',*,*,#147,.T.);
#147 = EDGE_CURVE('',#111,#148,#150,.T.);
#148 = VERTEX_POINT('',#149);
#149 = CARTESIAN_POINT('',(94.975475914562,93.683041075041,
    5.362527945035));
#150 = B_SPLINE_CURVE_WITH_KNOTS('',3,(#151,#152,#153,#154,#155,#156,
    #157,#158,#159,#160,#161,#162,#163,#164,#165,#166,#167,#168,#169,
    #170,#171,#172,#173,#174,#175),.UNSPECIFIED.,.F.,.F.,(4,3,3,3,3,3,3,
    3,4),(9.499932303575E-02,0.639919026364,0.837634631719,
    1.518640691124,1.841472670983,2.526810044214,2.861046503749,
    3.411298459148,3.720636919666),.UNSPECIFIED.);
#151 = CARTESIAN_POINT('',(92.620107532405,96.038409643901,
    4.950867712221));
#152 = CARTESIAN_POINT('',(92.800133954528,96.016581325772,
    4.954966649177));
#153 = CARTESIAN_POINT('',(92.977273265471,95.97669994405,4.962436153245
    ));
#154 = CARTESIAN_POINT('',(93.14888763944,95.919497730718,4.973073811767
    ));
#155 = CARTESIAN_POINT('',(93.211155235252,95.898742800831,
    4.976933520053));
#156 = CARTESIAN_POINT('',(93.27269549249,95.875707524283,4.981209808502
    ));
#157 = CARTESIAN_POINT('',(93.333382462391,95.85042661576,4.985891364318
    ));
#158 = CARTESIAN_POINT('',(93.542410953885,95.763349765807,
    5.002016383441));
#159 = CARTESIAN_POINT('',(93.73888749702,95.650650762901,5.022765503791
    ));
#160 = CARTESIAN_POINT('',(93.918548415558,95.515456532647,
    5.047315021844));
#161 = CARTESIAN_POINT('',(94.00371695295,95.451367497879,5.058952758996
    ));
#162 = CARTESIAN_POINT('',(94.085106683328,95.382223077717,
    5.071443608368));
#163 = CARTESIAN_POINT('',(94.162263812679,95.308355799157,
    5.084696124109));
#164 = CARTESIAN_POINT('',(94.326060052377,95.151543556832,5.11282978153
    ));
#165 = CARTESIAN_POINT('',(94.468897011998,94.975258582348,
    5.144067385784));
#166 = CARTESIAN_POINT('',(94.587869792521,94.783959088488,
    5.177341018202));
#167 = CARTESIAN_POINT('',(94.645892370154,94.690663044764,
    5.193568443599));
#168 = CARTESIAN_POINT('',(94.698238953266,94.593795924435,
    5.210280706103));
#169 = CARTESIAN_POINT('',(94.744572704666,94.493875630883,
    5.227358720875));
#170 = CARTESIAN_POINT('',(94.820851753258,94.329377296584,5.25547418054
    ));
#171 = CARTESIAN_POINT('',(94.880168216948,94.158043797264,
    5.284331671017));
#172 = CARTESIAN_POINT('',(94.921894064044,93.982532679371,
    5.313396861103));
#173 = CARTESIAN_POINT('',(94.945351335168,93.88386453566,5.329736614315
    ));
#174 = CARTESIAN_POINT('',(94.963249215641,93.783876228088,
    5.346142880412));
#175 = CARTESIAN_POINT('',(94.975475914563,93.683041075044,
    5.362527945035));
#176 = ORIENTED_EDGE('',*,*,#177,.F.);
#177 = EDGE_CURVE('',#178,#148,#180,.T.);
#178 = VERTEX_POINT('',#179);
#179 = CARTESIAN_POINT('',(94.975475977226,93.683041199067,
    2.447001434768));
#180 = B_SPLINE_CURVE_WITH_KNOTS('',3,(#181,#182,#183,#184),
  .UNSPECIFIED.,.F.,.F.,(4,4),(-10.9,-7.9844727103),
  .PIECEWISE_BEZIER_KNOTS.);
#181 = CARTESIAN_POINT('',(94.975475977226,93.683041199067,
    2.447001434768));
#182 = CARTESIAN_POINT('',(94.975475977226,93.683041199067,
    3.418843864668));
#183 = CARTESIAN_POINT('',(94.975475977226,93.683041199067,
    4.390686294567));
#184 = CARTESIAN_POINT('',(94.975475977226,93.683041199067,
    5.362528724467));
#185 = ORIENTED_EDGE('',*,*,#186,.T.);
#186 = EDGE_CURVE('',#178,#187,#189,.T.);
#187 = VERTEX_POINT('',#188);
#188 = CARTESIAN_POINT('',(94.975475977222,93.033041199065,
    2.447001434768));
#189 = CIRCLE('',#190,2.7);
#190 = AXIS2_PLACEMENT_3D('',#191,#192,#193);
#191 = CARTESIAN_POINT('',(92.295107532402,93.358041199077,
    2.447001434768));
#192 = DIRECTION('',(0.,0.,-1.));
#193 = DIRECTION('',(0.,1.,0.));
#194 = ORIENTED_EDGE('',*,*,#195,.T.);
#195 = EDGE_CURVE('',#187,#196,#198,.T.);
#196 = VERTEX_POINT('',#197);
#197 = CARTESIAN_POINT('',(94.975475915286,93.033041077746,
    5.465955819077));
#198 = LINE('',#199,#200);
#199 = CARTESIAN_POINT('',(94.975475977222,93.033041199065,
    1.456612608308E-12));
#200 = VECTOR('',#201,1.);
#201 = DIRECTION('',(0.,0.,1.));
#202 = ORIENTED_EDGE('',*,*,#203,.T.);
#203 = EDGE_CURVE('',#196,#204,#206,.T.);
#204 = VERTEX_POINT('',#205);
#205 = CARTESIAN_POINT('',(92.620107532406,90.67767275426,5.803866987161
    ));
#206 = B_SPLINE_CURVE_WITH_KNOTS('',3,(#207,#208,#209,#210,#211,#212,
    #213,#214,#215,#216,#217,#218,#219,#220,#221,#222,#223,#224,#225,
    #226,#227,#228,#229,#230,#231),.UNSPECIFIED.,.F.,.F.,(4,3,3,3,3,3,3,
    3,4),(9.930209549155E-02,0.652242645929,1.091202471811,
    1.794175777323,2.136297548181,2.779773601847,3.023009594737,
    3.444141705827,3.717722250029),.UNSPECIFIED.);
#207 = CARTESIAN_POINT('',(94.975475915285,93.033041077743,
    5.465955819077));
#208 = CARTESIAN_POINT('',(94.953584692839,92.852499030005,
    5.494074525543));
#209 = CARTESIAN_POINT('',(94.913522147552,92.674747562899,
    5.521246309085));
#210 = CARTESIAN_POINT('',(94.855970164067,92.50248129835,5.547126964264
    ));
#211 = CARTESIAN_POINT('',(94.810281692442,92.365725241243,
    5.567672695414));
#212 = CARTESIAN_POINT('',(94.753570961775,92.232426264974,
    5.587405941152));
#213 = CARTESIAN_POINT('',(94.68617854221,92.103936168321,5.606177449953
    ));
#214 = CARTESIAN_POINT('',(94.578252785263,91.898165385335,
    5.636239129137));
#215 = CARTESIAN_POINT('',(94.444284724607,91.707316263918,
    5.663455172007));
#216 = CARTESIAN_POINT('',(94.287690180603,91.536058917685,
    5.687460847147));
#217 = CARTESIAN_POINT('',(94.211479032497,91.452711703635,5.6991438855)
  );
#218 = CARTESIAN_POINT('',(94.129908700264,91.374005047946,
    5.710067382575));
#219 = CARTESIAN_POINT('',(94.043373213865,91.300477777901,5.72019238507
    ));
#220 = CARTESIAN_POINT('',(93.880613874843,91.162184802723,
    5.739235887131));
#221 = CARTESIAN_POINT('',(93.702074255882,91.043738461183,
    5.755248487649));
#222 = CARTESIAN_POINT('',(93.511538063977,90.947585035171,
    5.768128754441));
#223 = CARTESIAN_POINT('',(93.439514778021,90.911238734617,
    5.772997536215));
#224 = CARTESIAN_POINT('',(93.365777390266,90.878077713599,
    5.777418279018));
#225 = CARTESIAN_POINT('',(93.290530428951,90.848233773207,5.7813834537)
  );
#226 = CARTESIAN_POINT('',(93.160249908805,90.796562795276,
    5.788248648133));
#227 = CARTESIAN_POINT('',(93.026091415153,90.755093649016,
    5.793714969986));
#228 = CARTESIAN_POINT('',(92.889267963414,90.724227729182,
    5.797769595008));
#229 = CARTESIAN_POINT('',(92.800383184748,90.704176265651,
    5.800403605794));
#230 = CARTESIAN_POINT('',(92.710547540923,90.688638779747,
    5.802436368672));
#231 = CARTESIAN_POINT('',(92.620107532402,90.677672754256,
    5.803866987161));
#232 = ORIENTED_EDGE('',*,*,#233,.T.);
#233 = EDGE_CURVE('',#204,#234,#236,.T.);
#234 = VERTEX_POINT('',#235);
#235 = CARTESIAN_POINT('',(92.620107532406,90.67767275426,2.447001434768
    ));
#236 = LINE('',#237,#238);
#237 = CARTESIAN_POINT('',(92.620107532406,90.67767275426,
    1.456612608308E-12));
#238 = VECTOR('',#239,1.);
#239 = DIRECTION('',(0.,0.,-1.));
#240 = ORIENTED_EDGE('',*,*,#241,.T.);
#241 = EDGE_CURVE('',#234,#242,#244,.T.);
#242 = VERTEX_POINT('',#243);
#243 = CARTESIAN_POINT('',(92.295107532402,90.65804119908,2.447001434768
    ));
#244 = CIRCLE('',#245,2.7);
#245 = AXIS2_PLACEMENT_3D('',#246,#247,#248);
#246 = CARTESIAN_POINT('',(92.295107532402,93.358041199077,
    2.447001434768));
#247 = DIRECTION('',(0.,0.,-1.));
#248 = DIRECTION('',(0.,1.,0.));
#249 = ORIENTED_EDGE('',*,*,#250,.T.);
#250 = EDGE_CURVE('',#242,#251,#253,.T.);
#251 = VERTEX_POINT('',#252);
#252 = CARTESIAN_POINT('',(92.295107532402,90.65804119908,0.200000000001
    ));
#253 = LINE('',#254,#255);
#254 = CARTESIAN_POINT('',(92.295107532402,90.65804119908,
    1.456612608308E-12));
#255 = VECTOR('',#256,1.);
#256 = DIRECTION('',(0.,0.,-1.));
#257 = ORIENTED_EDGE('',*,*,#258,.F.);
#258 = EDGE_CURVE('',#251,#251,#259,.T.);
#259 = CIRCLE('',#260,2.7);
#260 = AXIS2_PLACEMENT_3D('',#261,#262,#263);
#261 = CARTESIAN_POINT('',(92.295107532402,93.358041199077,
    0.200000000001));
#262 = DIRECTION('',(0.,-3.061616997868E-16,-1.));
#263 = DIRECTION('',(0.,1.,-3.061616997868E-16));
#264 = ORIENTED_EDGE('',*,*,#250,.F.);
#265 = ORIENTED_EDGE('',*,*,#266,.T.);
#266 = EDGE_CURVE('',#242,#267,#269,.T.);
#267 = VERTEX_POINT('',#268);
#268 = CARTESIAN_POINT('',(91.970107532401,90.67767275426,2.447001434768
    ));
#269 = CIRCLE('',#270,2.7);
#270 = AXIS2_PLACEMENT_3D('',#271,#272,#273);
#271 = CARTESIAN_POINT('',(92.295107532402,93.358041199077,
    2.447001434768));
#272 = DIRECTION('',(0.,0.,-1.));
#273 = DIRECTION('',(0.,1.,0.));
#274 = ORIENTED_EDGE('',*,*,#275,.F.);
#275 = EDGE_CURVE('',#276,#267,#278,.T.);
#276 = VERTEX_POINT('',#277);
#277 = CARTESIAN_POINT('',(91.970107532401,90.677672754253,
    5.803796824883));
#278 = B_SPLINE_CURVE_WITH_KNOTS('',3,(#279,#280,#281,#282,#283,#284,
    #285),.UNSPECIFIED.,.F.,.F.,(4,3,4),(-2.956795390115,0.,0.4),
  .UNSPECIFIED.);
#279 = CARTESIAN_POINT('',(91.970107532401,90.677672754253,
    5.803796824883));
#280 = CARTESIAN_POINT('',(91.970107532401,90.677672754253,
    4.818198361511));
#281 = CARTESIAN_POINT('',(91.970107532401,90.677672754253,
    3.832599898139));
#282 = CARTESIAN_POINT('',(91.970107532401,90.677672754253,
    2.847001434768));
#283 = CARTESIAN_POINT('',(91.970107532401,90.677672754253,
    2.713668101434));
#284 = CARTESIAN_POINT('',(91.970107532401,90.677672754253,
    2.580334768101));
#285 = CARTESIAN_POINT('',(91.970107532401,90.677672754253,
    2.447001434768));
#286 = ORIENTED_EDGE('',*,*,#287,.T.);
#287 = EDGE_CURVE('',#276,#288,#290,.T.);
#288 = VERTEX_POINT('',#289);
#289 = CARTESIAN_POINT('',(89.614739087581,93.033041199065,
    5.465478749537));
#290 = B_SPLINE_CURVE_WITH_KNOTS('',3,(#291,#292,#293,#294,#295,#296,
    #297,#298,#299,#300,#301,#302),.UNSPECIFIED.,.F.,.F.,(4,2,2,2,2,4),(
    9.466929262564E-02,0.590673434962,1.447130156758,2.392554783191,
    3.123250621125,3.709436236465),.UNSPECIFIED.);
#291 = CARTESIAN_POINT('',(91.970107532397,90.677672754253,
    5.803796824883));
#292 = CARTESIAN_POINT('',(91.806135142091,90.697554732404,
    5.801167898915));
#293 = CARTESIAN_POINT('',(91.644312555553,90.732444325244,
    5.796565505704));
#294 = CARTESIAN_POINT('',(91.214509312187,90.867321881546,
    5.778661397571));
#295 = CARTESIAN_POINT('',(90.957897715449,90.995230129236,
    5.761606179735));
#296 = CARTESIAN_POINT('',(90.470557775836,91.343164463018,5.71412429108
    ));
#297 = CARTESIAN_POINT('',(90.249166136204,91.568595498793,
    5.682851323711));
#298 = CARTESIAN_POINT('',(89.934340486911,92.025632375,5.617356854636)
  );
#299 = CARTESIAN_POINT('',(89.824705173542,92.242110361694,
    5.585711716078));
#300 = CARTESIAN_POINT('',(89.681702296741,92.652660333282,
    5.524152373626));
#301 = CARTESIAN_POINT('',(89.637968360857,92.841462703414,
    5.495319278021));
#302 = CARTESIAN_POINT('',(89.614739087581,93.033041199065,
    5.465478749537));
#303 = ORIENTED_EDGE('',*,*,#304,.T.);
#304 = EDGE_CURVE('',#288,#305,#307,.T.);
#305 = VERTEX_POINT('',#306);
#306 = CARTESIAN_POINT('',(89.614739087581,93.033041199065,
    2.447001434768));
#307 = LINE('',#308,#309);
#308 = CARTESIAN_POINT('',(89.614739087581,93.033041199065,
    1.456612608308E-12));
#309 = VECTOR('',#310,1.);
#310 = DIRECTION('',(0.,0.,-1.));
#311 = ORIENTED_EDGE('',*,*,#312,.T.);
#312 = EDGE_CURVE('',#305,#313,#315,.T.);
#313 = VERTEX_POINT('',#314);
#314 = CARTESIAN_POINT('',(89.614739087578,93.683041199074,
    2.447001434768));
#315 = CIRCLE('',#316,2.7);
#316 = AXIS2_PLACEMENT_3D('',#317,#318,#319);
#317 = CARTESIAN_POINT('',(92.295107532402,93.358041199077,
    2.447001434768));
#318 = DIRECTION('',(0.,0.,-1.));
#319 = DIRECTION('',(0.,1.,0.));
#320 = ORIENTED_EDGE('',*,*,#321,.F.);
#321 = EDGE_CURVE('',#322,#313,#324,.T.);
#322 = VERTEX_POINT('',#323);
#323 = CARTESIAN_POINT('',(89.614739118973,93.683041163582,
    5.362050669324));
#324 = B_SPLINE_CURVE_WITH_KNOTS('',3,(#325,#326,#327,#328),
  .UNSPECIFIED.,.F.,.F.,(4,4),(-116.5150494577,-113.5999999999),
  .PIECEWISE_BEZIER_KNOTS.);
#325 = CARTESIAN_POINT('',(89.614739087578,93.683041199074,
    5.362050892484));
#326 = CARTESIAN_POINT('',(89.614739087578,93.683041199074,
    4.390367739912));
#327 = CARTESIAN_POINT('',(89.614739087578,93.683041199074,3.41868458734
    ));
#328 = CARTESIAN_POINT('',(89.614739087578,93.683041199074,
    2.447001434768));
#329 = ORIENTED_EDGE('',*,*,#330,.T.);
#330 = EDGE_CURVE('',#322,#73,#331,.T.);
#331 = B_SPLINE_CURVE_WITH_KNOTS('',3,(#332,#333,#334,#335,#336,#337,
    #338,#339,#340,#341,#342,#343,#344,#345,#346,#347,#348,#349,#350,
    #351,#352,#353,#354,#355,#356,#357,#358,#359),.UNSPECIFIED.,.F.,.F.,
  (4,3,3,3,3,3,3,3,3,4),(0.209273630982,0.760273119348,1.101356107814,
    1.770781990026,2.188894178999,2.84697746371,3.145494467116,
    3.191148669881,3.732462633006,3.836841706989),.UNSPECIFIED.);
#332 = CARTESIAN_POINT('',(89.614739118976,93.683041163581,
    5.362050669324));
#333 = CARTESIAN_POINT('',(89.636505152569,93.862547241068,
    5.332884837759));
#334 = CARTESIAN_POINT('',(89.676240830902,94.039346185032,
    5.303654778075));
#335 = CARTESIAN_POINT('',(89.733301962861,94.210772823171,
    5.274867074554));
#336 = CARTESIAN_POINT('',(89.768624284977,94.316890362794,
    5.257046738683));
#337 = CARTESIAN_POINT('',(89.810585653207,94.420949445745,
    5.239397004649));
#338 = CARTESIAN_POINT('',(89.85903363438,94.52231943177,5.222047816018)
  );
#339 = CARTESIAN_POINT('',(89.954119962771,94.721273021716,
    5.187997467427));
#340 = CARTESIAN_POINT('',(90.073130915831,94.907640571867,
    5.155483493642));
#341 = CARTESIAN_POINT('',(90.213271310425,95.07733287926,5.12547004614)
  );
#342 = CARTESIAN_POINT('',(90.300800652663,95.183319851053,
    5.106724149743));
#343 = CARTESIAN_POINT('',(90.396572691166,95.282801941216,
    5.088954982916));
#344 = CARTESIAN_POINT('',(90.499906032234,95.374784011252,
    5.072405044681));
#345 = CARTESIAN_POINT('',(90.662546458187,95.519558223486,
    5.046356443365));
#346 = CARTESIAN_POINT('',(90.842091991312,95.644118105877,
    5.023626256462));
#347 = CARTESIAN_POINT('',(91.034619396414,95.745754319046,
    5.004956505526));
#348 = CARTESIAN_POINT('',(91.121952877419,95.791858115476,
    4.996487610732));
#349 = CARTESIAN_POINT('',(91.211957531633,95.833244877942,4.9888536447)
  );
#350 = CARTESIAN_POINT('',(91.30426679634,95.869661125244,4.982120138592
    ));
#351 = CARTESIAN_POINT('',(91.318384269634,95.875230505527,
    4.981090338464));
#352 = CARTESIAN_POINT('',(91.332545198092,95.880679474966,
    4.980082361154));
#353 = CARTESIAN_POINT('',(91.346748028224,95.886007623351,
    4.979096344126));
#354 = CARTESIAN_POINT('',(91.515148521521,95.94918255455,4.967405311262
    ));
#355 = CARTESIAN_POINT('',(91.689438573592,95.995372610405,
    4.958805774447));
#356 = CARTESIAN_POINT('',(91.867027321603,96.0238896168,4.953499202371)
  );
#357 = CARTESIAN_POINT('',(91.901270940519,96.02938841957,4.952475960562
    ));
#358 = CARTESIAN_POINT('',(91.935637204924,96.034230085149,
    4.951575003116));
#359 = CARTESIAN_POINT('',(91.970107532399,96.038409643901,
    4.950797549942));
#360 = CYLINDRICAL_SURFACE('',#361,2.7);
#361 = AXIS2_PLACEMENT_3D('',#362,#363,#364);
#362 = CARTESIAN_POINT('',(92.295107532402,93.358041199077,
    1.456612608308E-12));
#363 = DIRECTION('',(0.,0.,1.));
#364 = DIRECTION('',(0.,1.,0.));
#365 = ADVANCED_FACE('',(#366),#409,.F.);
#366 = FACE_BOUND('',#367,.F.);
#367 = EDGE_LOOP('',(#368,#369,#387,#399,#408));
#368 = ORIENTED_EDGE('',*,*,#147,.T.);
#369 = ORIENTED_EDGE('',*,*,#370,.T.);
#370 = EDGE_CURVE('',#148,#371,#373,.T.);
#371 = VERTEX_POINT('',#372);
#372 = CARTESIAN_POINT('',(102.25508890863,93.683041199067,
    5.839063942437));
#373 = B_SPLINE_CURVE_WITH_KNOTS('',3,(#374,#375,#376,#377,#378,#379,
    #380,#381,#382,#383,#384,#385,#386),.UNSPECIFIED.,.F.,.F.,(4,3,3,3,4
    ),(2.449879087686,4.273913502174,4.93162675882,5.392286668095,
    9.746016745636),.UNSPECIFIED.);
#374 = CARTESIAN_POINT('',(94.975475914562,93.683041075046,
    5.362527945034));
#375 = CARTESIAN_POINT('',(95.583343267664,93.683041031325,
    5.379441331544));
#376 = CARTESIAN_POINT('',(96.19105346189,93.68304099356,5.402073353828)
  );
#377 = CARTESIAN_POINT('',(96.798451163238,93.683040977706,5.4304053712)
  );
#378 = CARTESIAN_POINT('',(97.017467601228,93.68304097199,5.440621375495
    ));
#379 = CARTESIAN_POINT('',(97.236443407984,93.683040968941,
    5.451578486854));
#380 = CARTESIAN_POINT('',(97.45537129709,93.683040968702,5.463275827535
    ));
#381 = CARTESIAN_POINT('',(97.608707573216,93.683040968534,
    5.471468601273));
#382 = CARTESIAN_POINT('',(97.762022811436,93.683040969677,5.48002461637
    ));
#383 = CARTESIAN_POINT('',(97.915323112644,93.683040972016,
    5.488944147446));
#384 = CARTESIAN_POINT('',(99.364175332746,93.683040994122,
    5.573243279927));
#385 = CARTESIAN_POINT('',(100.81147287164,93.68304118864,5.690001356673
    ));
#386 = CARTESIAN_POINT('',(102.25508890857,93.683041198853,
    5.839063941088));
#387 = ORIENTED_EDGE('',*,*,#388,.T.);
#388 = EDGE_CURVE('',#371,#389,#391,.T.);
#389 = VERTEX_POINT('',#390);
#390 = CARTESIAN_POINT('',(102.32936694744,100.68927600185,
    4.731931928066));
#391 = B_SPLINE_CURVE_WITH_KNOTS('',3,(#392,#393,#394,#395,#396,#397,
    #398),.UNSPECIFIED.,.F.,.F.,(4,3,4),(-7.365106131983,-3.75498437945,
    -0.2787135047),.UNSPECIFIED.);
#392 = CARTESIAN_POINT('',(102.25508890859,93.683041198856,5.83906394109
    ));
#393 = CARTESIAN_POINT('',(102.26601250889,94.87149607321,5.651085194424
    ));
#394 = CARTESIAN_POINT('',(102.27771576652,96.063470129528,
    5.462628830851));
#395 = CARTESIAN_POINT('',(102.29028954464,97.251832318216,
    5.274839851707));
#396 = CARTESIAN_POINT('',(102.30239713038,98.396134130831,
    5.094013440979));
#397 = CARTESIAN_POINT('',(102.31538738638,99.544237666698,
    4.912675838725));
#398 = CARTESIAN_POINT('',(102.32936694744,100.68927600186,
    4.731931928066));
#399 = ORIENTED_EDGE('',*,*,#400,.T.);
#400 = EDGE_CURVE('',#389,#120,#401,.T.);
#401 = B_SPLINE_CURVE_WITH_KNOTS('',3,(#402,#403,#404,#405,#406,#407),
  .UNSPECIFIED.,.F.,.F.,(4,2,4),(0.233360595413,5.020296227724,
    9.960354362514),.UNSPECIFIED.);
#402 = CARTESIAN_POINT('',(102.32936694744,100.68927600185,
    4.731931928066));
#403 = CARTESIAN_POINT('',(100.74255500819,100.70392261635,4.56452035823
    ));
#404 = CARTESIAN_POINT('',(99.151137112509,100.71510683278,
    4.436684179461));
#405 = CARTESIAN_POINT('',(95.913775782541,100.73075800205,
    4.257790496143));
#406 = CARTESIAN_POINT('',(94.266804137984,100.7350030542,4.209269328103
    ));
#407 = CARTESIAN_POINT('',(92.620107532406,100.73551077851,
    4.203466012674));
#408 = ORIENTED_EDGE('',*,*,#127,.T.);
#409 = B_SPLINE_SURFACE_WITH_KNOTS('',3,3,(
    (#410,#411,#412,#413)
    ,(#414,#415,#416,#417)
    ,(#418,#419,#420,#421)
    ,(#422,#423,#424,#425
    )),.UNSPECIFIED.,.F.,.F.,.F.,(4,4),(4,4),(9.115307924864E-02,
    0.165739022866),(0.142754704926,0.241806289295),
  .PIECEWISE_BEZIER_KNOTS.);
#410 = CARTESIAN_POINT('',(92.620107531926,100.73551077851,
    4.203466012672));
#411 = CARTESIAN_POINT('',(95.864387768648,100.73726045477,
    4.214461982237));
#412 = CARTESIAN_POINT('',(99.108590408141,100.76438266691,
    4.384913525902));
#413 = CARTESIAN_POINT('',(102.32936694744,100.81638194997,
    4.711706857555));
#414 = CARTESIAN_POINT('',(92.620107531926,98.358128774264,
    4.581754514351));
#415 = CARTESIAN_POINT('',(95.864387768648,98.359878450523,
    4.592750483916));
#416 = CARTESIAN_POINT('',(99.108590408141,98.387000662668,
    4.763202027581));
#417 = CARTESIAN_POINT('',(102.32936694744,98.438999945727,
    5.089995359234));
#418 = CARTESIAN_POINT('',(92.620107531926,95.980746770016,4.96004301603
    ));
#419 = CARTESIAN_POINT('',(95.864387768648,95.982496446275,
    4.971038985595));
#420 = CARTESIAN_POINT('',(99.108590408141,96.00961865842,5.14149052926)
  );
#421 = CARTESIAN_POINT('',(102.32936694744,96.061617941479,
    5.468283860913));
#422 = CARTESIAN_POINT('',(92.620107531926,93.603364765768,
    5.338331517709));
#423 = CARTESIAN_POINT('',(95.864387768648,93.605114442027,
    5.349327487274));
#424 = CARTESIAN_POINT('',(99.108590408141,93.632236654172,
    5.519779030939));
#425 = CARTESIAN_POINT('',(102.32936694744,93.684235937231,
    5.846572362592));
#426 = ADVANCED_FACE('',(#427),#471,.F.);
#427 = FACE_BOUND('',#428,.F.);
#428 = EDGE_LOOP('',(#429,#447,#459,#469,#470));
#429 = ORIENTED_EDGE('',*,*,#430,.T.);
#430 = EDGE_CURVE('',#65,#431,#433,.T.);
#431 = VERTEX_POINT('',#432);
#432 = CARTESIAN_POINT('',(82.260580682636,100.68932375124,
    4.731386150033));
#433 = B_SPLINE_CURVE_WITH_KNOTS('',3,(#434,#435,#436,#437,#438,#439,
    #440,#441,#442,#443,#444,#445,#446),.UNSPECIFIED.,.F.,.F.,(4,3,3,3,4
    ),(9.454995900266E-02,0.717999209003,4.219508503174,5.035468235929,
    9.833449784926),.UNSPECIFIED.);
#434 = CARTESIAN_POINT('',(91.970107532401,100.73551700357,
    4.203394859864));
#435 = CARTESIAN_POINT('',(91.762298115913,100.73545678889,
    4.204082077375));
#436 = CARTESIAN_POINT('',(91.55451025548,100.7353367022,4.205450499335)
  );
#437 = CARTESIAN_POINT('',(91.346748028224,100.73515711403,4.2075007436)
  );
#438 = CARTESIAN_POINT('',(90.179882610211,100.734148484,4.219015633302)
  );
#439 = CARTESIAN_POINT('',(89.013889280761,100.73126173985,
    4.252029743035));
#440 = CARTESIAN_POINT('',(87.849493736137,100.72651115833,
    4.306329720499));
#441 = CARTESIAN_POINT('',(87.578153637456,100.72540412622,
    4.318983291111));
#442 = CARTESIAN_POINT('',(87.306900304922,100.72419591652,
    4.332792976882));
#443 = CARTESIAN_POINT('',(87.035742934087,100.72288677357,
    4.347756478122));
#444 = CARTESIAN_POINT('',(85.441291642818,100.71518879119,
    4.435744401152));
#445 = CARTESIAN_POINT('',(83.848618916962,100.70399323051,
    4.563713158558));
#446 = CARTESIAN_POINT('',(82.260580682636,100.68932375124,
    4.731386150033));
#447 = ORIENTED_EDGE('',*,*,#448,.T.);
#448 = EDGE_CURVE('',#431,#449,#451,.T.);
#449 = VERTEX_POINT('',#450);
#450 = CARTESIAN_POINT('',(82.334903796877,93.683041199074,
    5.838515065449));
#451 = B_SPLINE_CURVE_WITH_KNOTS('',3,(#452,#453,#454,#455,#456,#457,
    #458),.UNSPECIFIED.,.F.,.F.,(4,3,4),(-7.217604661948,-3.742266193061
    ,-0.133335573621),.UNSPECIFIED.);
#452 = CARTESIAN_POINT('',(82.260580682636,100.68932375124,
    4.731386150033));
#453 = CARTESIAN_POINT('',(82.274569477981,99.544242372911,
    4.912134802056));
#454 = CARTESIAN_POINT('',(82.28756812798,98.396092347328,5.093477872127
    ));
#455 = CARTESIAN_POINT('',(82.29968335832,97.251747826944,5.274309305041
    ));
#456 = CARTESIAN_POINT('',(82.312264298598,96.063414657168,
    5.462091905511));
#457 = CARTESIAN_POINT('',(82.323974137718,94.871467374876,
    5.650542385557));
#458 = CARTESIAN_POINT('',(82.334903796964,93.683041198899,
    5.838515064353));
#459 = ORIENTED_EDGE('',*,*,#460,.T.);
#460 = EDGE_CURVE('',#449,#322,#461,.T.);
#461 = B_SPLINE_CURVE_WITH_KNOTS('',3,(#462,#463,#464,#465,#466,#467,
    #468),.UNSPECIFIED.,.F.,.F.,(4,3,4),(0.30797330959,5.021143541464,
    7.603554388409),.UNSPECIFIED.);
#462 = CARTESIAN_POINT('',(82.334903796978,93.683041198899,
    5.838515064351));
#463 = CARTESIAN_POINT('',(83.897696711163,93.683041185824,
    5.677021483174));
#464 = CARTESIAN_POINT('',(85.464823601189,93.683041030781,
    5.553453171115));
#465 = CARTESIAN_POINT('',(87.033562687196,93.683041053904,
    5.468053844898));
#466 = CARTESIAN_POINT('',(87.893099766683,93.683041066572,
    5.421262196687));
#467 = CARTESIAN_POINT('',(88.753589499036,93.683041253716,
    5.385902317966));
#468 = CARTESIAN_POINT('',(89.614739118973,93.683041163582,
    5.362050669324));
#469 = ORIENTED_EDGE('',*,*,#330,.T.);
#470 = ORIENTED_EDGE('',*,*,#72,.T.);
#471 = B_SPLINE_SURFACE_WITH_KNOTS('',3,3,(
    (#472,#473,#474,#475,#476,#477)
    ,(#478,#479,#480,#481,#482,#483)
    ,(#484,#485,#486,#487,#488,#489)
    ,(#490,#491,#492,#493,#494,#495
    )),.UNSPECIFIED.,.F.,.F.,.F.,(4,4),(4,2,4),(9.115290027969E-02,
    0.165738132072),(3.702532668124E-02,0.129795172357,0.136139563583),
  .UNSPECIFIED.);
#472 = CARTESIAN_POINT('',(82.260580682636,100.81631554311,
    4.711179244039));
#473 = CARTESIAN_POINT('',(85.273437281885,100.7676347803,4.405241397852
    ));
#474 = CARTESIAN_POINT('',(88.308571877718,100.74073328908,
    4.236176990859));
#475 = CARTESIAN_POINT('',(91.554524358675,100.73583154564,
    4.205371622722));
#476 = CARTESIAN_POINT('',(91.762312902156,100.73562215878,
    4.204055715539));
#477 = CARTESIAN_POINT('',(91.970107532401,100.73551700357,
    4.203394859864));
#478 = CARTESIAN_POINT('',(82.260580682636,98.438956227837,
    5.089464135454));
#479 = CARTESIAN_POINT('',(85.273437281885,98.390275465033,
    4.783526289267));
#480 = CARTESIAN_POINT('',(88.308571877718,98.363373973807,
    4.614461882273));
#481 = CARTESIAN_POINT('',(91.554524358675,98.358472230371,
    4.583656514137));
#482 = CARTESIAN_POINT('',(91.762312902156,98.358262843511,
    4.582340606953));
#483 = CARTESIAN_POINT('',(91.970107532401,98.358157688301,
    4.581679751279));
#484 = CARTESIAN_POINT('',(82.260580682636,96.061596912557,
    5.467749026869));
#485 = CARTESIAN_POINT('',(85.273437281885,96.012916149753,
    5.161811180682));
#486 = CARTESIAN_POINT('',(88.308571877718,95.986014658549,
    4.992746773688));
#487 = CARTESIAN_POINT('',(91.554524358675,95.981112915084,
    4.961941405552));
#488 = CARTESIAN_POINT('',(91.762312902156,95.980903528231,
    4.960625498368));
#489 = CARTESIAN_POINT('',(91.970107532401,95.980798373021,
    4.959964642694));
#490 = CARTESIAN_POINT('',(82.260580682636,93.684237597285,
    5.846033918284));
#491 = CARTESIAN_POINT('',(85.273437281885,93.635556834481,
    5.540096072097));
#492 = CARTESIAN_POINT('',(88.308571877718,93.608655343276,
    5.371031665103));
#493 = CARTESIAN_POINT('',(91.554524358675,93.603753599811,
    5.340226296967));
#494 = CARTESIAN_POINT('',(91.762312902156,93.603544212958,
    5.338910389783));
#495 = CARTESIAN_POINT('',(91.970107532401,93.603439057748,
    5.338249534109));
#496 = ADVANCED_FACE('',(#497),#539,.T.);
#497 = FACE_BOUND('',#498,.T.);
#498 = EDGE_LOOP('',(#499,#500,#508,#523));
#499 = ORIENTED_EDGE('',*,*,#195,.F.);
#500 = ORIENTED_EDGE('',*,*,#501,.T.);
#501 = EDGE_CURVE('',#187,#502,#504,.T.);
#502 = VERTEX_POINT('',#503);
#503 = CARTESIAN_POINT('',(103.67174918521,93.033041199058,
    2.447001434768));
#504 = LINE('',#505,#506);
#505 = CARTESIAN_POINT('',(92.295107532402,93.033041199065,
    2.447001434768));
#506 = VECTOR('',#507,1.);
#507 = DIRECTION('',(1.,-4.042198674546E-13,0.));
#508 = ORIENTED_EDGE('',*,*,#509,.F.);
#509 = EDGE_CURVE('',#510,#502,#512,.T.);
#510 = VERTEX_POINT('',#511);
#511 = CARTESIAN_POINT('',(102.24918813588,93.033041199058,
    5.941882689224));
#512 = B_SPLINE_CURVE_WITH_KNOTS('',3,(#513,#514,#515,#516,#517,#518,
    #519,#520,#521,#522),.UNSPECIFIED.,.F.,.F.,(4,3,3,4),(
    -3.387336310119,-0.852962950685,-5.410190447632E-02,0.378667230876),
  .UNSPECIFIED.);
#513 = CARTESIAN_POINT('',(102.24903600649,93.033051890311,
    5.941960622757));
#514 = CARTESIAN_POINT('',(102.56209824958,93.0330527653,5.155973516729)
  );
#515 = CARTESIAN_POINT('',(102.88030176905,93.03306724919,4.369726082496
    ));
#516 = CARTESIAN_POINT('',(103.20144492335,93.03306973286,3.586585880672
    ));
#517 = CARTESIAN_POINT('',(103.30267261156,93.033070515739,
    3.339731880795));
#518 = CARTESIAN_POINT('',(103.40419229832,93.033070225638,
    3.093186253224));
#519 = CARTESIAN_POINT('',(103.50593483463,93.033069412991,
    2.847054092144));
#520 = CARTESIAN_POINT('',(103.56105209147,93.033068972754,
    2.713716256936));
#521 = CARTESIAN_POINT('',(103.61628580868,93.033068267335,
    2.580376257683));
#522 = CARTESIAN_POINT('',(103.67162570714,93.033067319992,
    2.447050610515));
#523 = ORIENTED_EDGE('',*,*,#524,.T.);
#524 = EDGE_CURVE('',#510,#196,#525,.T.);
#525 = B_SPLINE_CURVE_WITH_KNOTS('',3,(#526,#527,#528,#529,#530,#531,
    #532,#533,#534,#535,#536,#537,#538),.UNSPECIFIED.,.F.,.F.,(4,3,3,3,4
    ),(0.174916560784,3.82002626667,4.670302833162,5.312820264437,
    7.465135972557),.UNSPECIFIED.);
#526 = CARTESIAN_POINT('',(102.24918813588,93.033041199057,
    5.941882689224));
#527 = CARTESIAN_POINT('',(101.04054487869,93.033041198138,
    5.817157160241));
#528 = CARTESIAN_POINT('',(99.829311801646,93.03304104882,5.715074361882
    ));
#529 = CARTESIAN_POINT('',(98.616737739915,93.033041000084,
    5.635726405082));
#530 = CARTESIAN_POINT('',(98.333886634457,93.033040988715,5.61721730283
    ));
#531 = CARTESIAN_POINT('',(98.050962527222,93.033040981271,
    5.599945251931));
#532 = CARTESIAN_POINT('',(97.767981204336,93.033040978082,
    5.583911403721));
#533 = CARTESIAN_POINT('',(97.554144389535,93.033040975671,
    5.571795314237));
#534 = CARTESIAN_POINT('',(97.340277774555,93.033040975574,
    5.560386368982));
#535 = CARTESIAN_POINT('',(97.126363841286,93.033040978151,
    5.549683949408));
#536 = CARTESIAN_POINT('',(96.409791346362,93.033040986784,
    5.513832804143));
#537 = CARTESIAN_POINT('',(95.692743631822,93.033041027556,
    5.485913185322));
#538 = CARTESIAN_POINT('',(94.975475915285,93.033041077743,
    5.465955819077));
#539 = PLANE('',#540);
#540 = AXIS2_PLACEMENT_3D('',#541,#542,#543);
#541 = CARTESIAN_POINT('',(92.295107532402,93.033041199065,
    4.347001434768));
#542 = DIRECTION('',(-4.042198674546E-13,-1.,0.));
#543 = DIRECTION('',(-0.,0.,-1.));
#544 = ADVANCED_FACE('',(#545),#571,.F.);
#545 = FACE_BOUND('',#546,.F.);
#546 = EDGE_LOOP('',(#547,#556,#569,#570));
#547 = ORIENTED_EDGE('',*,*,#548,.T.);
#548 = EDGE_CURVE('',#178,#549,#551,.T.);
#549 = VERTEX_POINT('',#550);
#550 = CARTESIAN_POINT('',(103.65657186765,93.683041199067,
    2.447001434768));
#551 = B_SPLINE_CURVE_WITH_KNOTS('',3,(#552,#553,#554,#555),
  .UNSPECIFIED.,.F.,.F.,(4,4),(-54.81963155517,-46.13853566474),
  .PIECEWISE_BEZIER_KNOTS.);
#552 = CARTESIAN_POINT('',(94.975475977226,93.683041199067,
    2.447001434768));
#553 = CARTESIAN_POINT('',(97.869174607367,93.683041199067,
    2.447001434768));
#554 = CARTESIAN_POINT('',(100.7628732375,93.683041199067,2.447001434768
    ));
#555 = CARTESIAN_POINT('',(103.65657186765,93.683041199067,
    2.447001434768));
#556 = ORIENTED_EDGE('',*,*,#557,.T.);
#557 = EDGE_CURVE('',#549,#371,#558,.T.);
#558 = B_SPLINE_CURVE_WITH_KNOTS('',3,(#559,#560,#561,#562,#563,#564,
    #565,#566,#567,#568),.UNSPECIFIED.,.F.,.F.,(4,3,3,4),(
    -4.086141692853,-3.652271947642,-1.332193656132,-0.421372695061),
  .UNSPECIFIED.);
#559 = CARTESIAN_POINT('',(103.65644193131,93.683068856297,
    2.447052995428));
#560 = CARTESIAN_POINT('',(103.60036765845,93.683069817282,
    2.580385066583));
#561 = CARTESIAN_POINT('',(103.5443958876,93.683070515347,2.71372589586)
  );
#562 = CARTESIAN_POINT('',(103.48853772369,93.683070928076,
    2.847057066953));
#563 = CARTESIAN_POINT('',(103.18984136394,93.683073135104,
    3.560033159542));
#564 = CARTESIAN_POINT('',(102.89274028969,93.683065478074,
    4.276680464448));
#565 = CARTESIAN_POINT('',(102.59907804764,93.683058248132,
    4.994074811185));
#566 = CARTESIAN_POINT('',(102.4837915392,93.683055409788,5.27571091405)
  );
#567 = CARTESIAN_POINT('',(102.36903494902,93.683053248623,
    5.557462059614));
#568 = CARTESIAN_POINT('',(102.2549194989,93.683052992887,5.839149909841
    ));
#569 = ORIENTED_EDGE('',*,*,#370,.F.);
#570 = ORIENTED_EDGE('',*,*,#177,.F.);
#571 = B_SPLINE_SURFACE_WITH_KNOTS('',1,1,(
    (#572,#573,#574,#575)
    ,(#576,#577,#578,#579)
    ,(#580,#581,#582,#583
  )),.UNSPECIFIED.,.F.,.F.,.F.,(2,1,2),(2,1,1,2),(2.025046796916E-13,18.
    ,66.499999999999),(-1.,0.,3.,10.5),.UNSPECIFIED.);
#572 = CARTESIAN_POINT('',(83.295107532402,93.683041199074,
    1.847001434768));
#573 = CARTESIAN_POINT('',(83.295107532402,93.683041199074,
    2.847001434768));
#574 = CARTESIAN_POINT('',(83.295107532402,93.683041199074,
    5.847001434768));
#575 = CARTESIAN_POINT('',(83.295107532402,93.683041199074,
    13.347001434768));
#576 = CARTESIAN_POINT('',(101.2951075324,93.683041199067,1.847001434768
    ));
#577 = CARTESIAN_POINT('',(101.2951075324,93.683041199067,2.847001434768
    ));
#578 = CARTESIAN_POINT('',(101.2951075324,93.683041199067,5.847001434768
    ));
#579 = CARTESIAN_POINT('',(101.2951075324,93.683041199067,
    13.347001434768));
#580 = CARTESIAN_POINT('',(149.7951075324,93.683041199045,1.847001434768
    ));
#581 = CARTESIAN_POINT('',(149.7951075324,93.683041199045,2.847001434768
    ));
#582 = CARTESIAN_POINT('',(149.7951075324,93.683041199045,5.847001434768
    ));
#583 = CARTESIAN_POINT('',(149.7951075324,93.683041199045,
    13.347001434768));
#584 = ADVANCED_FACE('',(#585),#597,.F.);
#585 = FACE_BOUND('',#586,.T.);
#586 = EDGE_LOOP('',(#587,#588,#589,#596));
#587 = ORIENTED_EDGE('',*,*,#186,.F.);
#588 = ORIENTED_EDGE('',*,*,#548,.T.);
#589 = ORIENTED_EDGE('',*,*,#590,.F.);
#590 = EDGE_CURVE('',#502,#549,#591,.T.);
#591 = B_SPLINE_CURVE_WITH_KNOTS('',3,(#592,#593,#594,#595),
  .UNSPECIFIED.,.F.,.F.,(4,4),(-8.234584586765,-7.586027776593),
  .PIECEWISE_BEZIER_KNOTS.);
#592 = CARTESIAN_POINT('',(103.67162570714,93.033067319993,
    2.447050610515));
#593 = CARTESIAN_POINT('',(103.66662840955,93.250056143319,
    2.447051832747));
#594 = CARTESIAN_POINT('',(103.66156748445,93.466747813051,
    2.447052574025));
#595 = CARTESIAN_POINT('',(103.65644193131,93.683068856299,
    2.447052995428));
#596 = ORIENTED_EDGE('',*,*,#501,.F.);
#597 = PLANE('',#598);
#598 = AXIS2_PLACEMENT_3D('',#599,#600,#601);
#599 = CARTESIAN_POINT('',(92.295107532402,93.683041199067,
    2.447001434768));
#600 = DIRECTION('',(0.,0.,1.));
#601 = DIRECTION('',(1.,0.,-0.));
#602 = ADVANCED_FACE('',(#603),#634,.F.);
#603 = FACE_BOUND('',#604,.F.);
#604 = EDGE_LOOP('',(#605,#606,#615,#626,#633));
#605 = ORIENTED_EDGE('',*,*,#203,.T.);
#606 = ORIENTED_EDGE('',*,*,#607,.T.);
#607 = EDGE_CURVE('',#204,#608,#610,.T.);
#608 = VERTEX_POINT('',#609);
#609 = CARTESIAN_POINT('',(92.620107532406,88.506471689616,
    6.149348023073));
#610 = B_SPLINE_CURVE_WITH_KNOTS('',3,(#611,#612,#613,#614),
  .UNSPECIFIED.,.F.,.F.,(4,4),(2.47791288411,4.676428567308),
  .PIECEWISE_BEZIER_KNOTS.);
#611 = CARTESIAN_POINT('',(92.620107532406,90.67767275426,5.803866987161
    ));
#612 = CARTESIAN_POINT('',(92.620107532406,89.953939066043,
    5.919027332465));
#613 = CARTESIAN_POINT('',(92.620107532406,89.230205377833,
    6.034187677769));
#614 = CARTESIAN_POINT('',(92.620107532406,88.506471689616,
    6.149348023073));
#615 = ORIENTED_EDGE('',*,*,#616,.T.);
#616 = EDGE_CURVE('',#608,#617,#619,.T.);
#617 = VERTEX_POINT('',#618);
#618 = CARTESIAN_POINT('',(102.21346707821,88.720965845976,
    6.624339619134));
#619 = B_SPLINE_CURVE_WITH_KNOTS('',3,(#620,#621,#622,#623,#624,#625),
  .UNSPECIFIED.,.F.,.F.,(4,2,4),(9.396750006544E-02,4.959263860699,
    9.704706772806),.UNSPECIFIED.);
#620 = CARTESIAN_POINT('',(92.62010753241,88.506471689616,6.149348023074
    ));
#621 = CARTESIAN_POINT('',(94.24187831095,88.508846108896,6.154606111327
    ));
#622 = CARTESIAN_POINT('',(95.86389618897,88.52843389292,6.197982737301)
  );
#623 = CARTESIAN_POINT('',(99.062641988516,88.600826047375,
    6.358293235131));
#624 = CARTESIAN_POINT('',(100.64031143196,88.652818638591,
    6.473429443526));
#625 = CARTESIAN_POINT('',(102.21346707821,88.720965845976,
    6.624339619134));
#626 = ORIENTED_EDGE('',*,*,#627,.T.);
#627 = EDGE_CURVE('',#617,#510,#628,.T.);
#628 = B_SPLINE_CURVE_WITH_KNOTS('',3,(#629,#630,#631,#632),
  .UNSPECIFIED.,.F.,.F.,(4,4),(-4.532100774681,-0.173473869208),
  .PIECEWISE_BEZIER_KNOTS.);
#629 = CARTESIAN_POINT('',(102.21346707841,88.720965845925,
    6.624339618847));
#630 = CARTESIAN_POINT('',(102.22444934513,90.156418581057,
    6.397059905307));
#631 = CARTESIAN_POINT('',(102.23631778688,91.597592556769,
    6.168962810219));
#632 = CARTESIAN_POINT('',(102.24918813588,93.033041199058,
    5.941882689224));
#633 = ORIENTED_EDGE('',*,*,#524,.T.);
#634 = B_SPLINE_SURFACE_WITH_KNOTS('',3,3,(
    (#635,#636,#637,#638)
    ,(#639,#640,#641,#642)
    ,(#643,#644,#645,#646)
    ,(#647,#648,#649,#650
    )),.UNSPECIFIED.,.F.,.F.,.F.,(4,4),(4,4),(0.171763149971,
    0.219040873238),(0.142754704926,0.240984400508),
  .PIECEWISE_BEZIER_KNOTS.);
#635 = CARTESIAN_POINT('',(92.62010753198,93.027318502464,5.429991872442
    ));
#636 = CARTESIAN_POINT('',(95.837468082689,93.029053660641,
    5.440896602033));
#637 = CARTESIAN_POINT('',(99.054752323937,93.055742060103,
    5.608621817968));
#638 = CARTESIAN_POINT('',(102.24918813588,93.106900407634,
    5.930130228198));
#639 = CARTESIAN_POINT('',(92.62010753198,91.520369564845,5.669777255985
    ));
#640 = CARTESIAN_POINT('',(95.837468082689,91.522104723022,
    5.680681985576));
#641 = CARTESIAN_POINT('',(99.054752323937,91.548793122485,
    5.848407201511));
#642 = CARTESIAN_POINT('',(102.24918813588,91.599951470016,
    6.169915611742));
#643 = CARTESIAN_POINT('',(92.62010753198,90.013420627234,5.909562639528
    ));
#644 = CARTESIAN_POINT('',(95.837468082689,90.015155785411,5.92046736912
    ));
#645 = CARTESIAN_POINT('',(99.054752323937,90.041844184874,
    6.088192585055));
#646 = CARTESIAN_POINT('',(102.24918813588,90.093002532405,
    6.409700995285));
#647 = CARTESIAN_POINT('',(92.62010753198,88.506471689616,6.149348023072
    ));
#648 = CARTESIAN_POINT('',(95.837468082689,88.508206847793,
    6.160252752663));
#649 = CARTESIAN_POINT('',(99.054752323937,88.534895247256,
    6.327977968598));
#650 = CARTESIAN_POINT('',(102.24918813588,88.586053594787,
    6.649486378829));
#651 = ADVANCED_FACE('',(#652),#697,.F.);
#652 = FACE_BOUND('',#653,.F.);
#653 = EDGE_LOOP('',(#654,#655,#673,#684,#693,#694,#695,#696));
#654 = ORIENTED_EDGE('',*,*,#627,.F.);
#655 = ORIENTED_EDGE('',*,*,#656,.T.);
#656 = EDGE_CURVE('',#617,#657,#659,.T.);
#657 = VERTEX_POINT('',#658);
#658 = CARTESIAN_POINT('',(104.72167522438,85.729582103988,
    2.224442852139E-12));
#659 = B_SPLINE_CURVE_WITH_KNOTS('',3,(#660,#661,#662,#663,#664,#665,
    #666,#667,#668,#669,#670,#671,#672),.UNSPECIFIED.,.F.,.F.,(4,3,3,3,4
    ),(0.648733634337,3.787148946818,4.239205878834,7.891116685831,
    8.316777357886),.UNSPECIFIED.);
#660 = CARTESIAN_POINT('',(102.21346626627,88.720965906203,
    6.624340058819));
#661 = CARTESIAN_POINT('',(102.55699712531,88.31313875925,5.721217752765
    ));
#662 = CARTESIAN_POINT('',(102.90153807948,87.903189139835,
    4.813365547989));
#663 = CARTESIAN_POINT('',(103.24346979119,87.495621533899,
    3.910809199977));
#664 = CARTESIAN_POINT('',(103.29272159032,87.436915549131,
    3.780805101402));
#665 = CARTESIAN_POINT('',(103.34191925665,87.378258956938,
    3.650910793026));
#666 = CARTESIAN_POINT('',(103.3910519772,87.319665169167,3.521156144907
    ));
#667 = CARTESIAN_POINT('',(103.78796727798,86.846319288089,
    2.472942152009));
#668 = CARTESIAN_POINT('',(104.18686303574,86.369658028107,
    1.417422175264));
#669 = CARTESIAN_POINT('',(104.58319823865,85.895336309876,
    0.367056906204));
#670 = CARTESIAN_POINT('',(104.62939441313,85.840050156402,0.24462807101
    ));
#671 = CARTESIAN_POINT('',(104.67555580412,85.784795776891,
    0.122269207994));
#672 = CARTESIAN_POINT('',(104.72167522438,85.729582103988,
    2.246668347901E-12));
#673 = ORIENTED_EDGE('',*,*,#674,.F.);
#674 = EDGE_CURVE('',#675,#657,#677,.T.);
#675 = VERTEX_POINT('',#676);
#676 = CARTESIAN_POINT('',(104.66238476828,101.10326640213,
    2.224442852139E-12));
#677 = B_SPLINE_CURVE_WITH_KNOTS('',3,(#678,#679,#680,#681,#682,#683),
  .UNSPECIFIED.,.F.,.F.,(4,2,4),(0.243038332185,7.806598640857,
    15.519585277255),.UNSPECIFIED.);
#678 = CARTESIAN_POINT('',(104.66238476828,101.10326640213,
    2.223998762929E-12));
#679 = CARTESIAN_POINT('',(104.67675086665,98.57773265669,
    2.223998762929E-12));
#680 = CARTESIAN_POINT('',(104.68823951272,95.986211867734,
    1.39133149446E-12));
#681 = CARTESIAN_POINT('',(104.70719713896,90.908742425723,
    1.39133149446E-12));
#682 = CARTESIAN_POINT('',(104.71507804025,88.291669095182,
    2.223998762929E-12));
#683 = CARTESIAN_POINT('',(104.72167522438,85.729582103988,
    2.223998762929E-12));
#684 = ORIENTED_EDGE('',*,*,#685,.F.);
#685 = EDGE_CURVE('',#389,#675,#686,.T.);
#686 = B_SPLINE_CURVE_WITH_KNOTS('',3,(#687,#688,#689,#690,#691,#692),
  .UNSPECIFIED.,.F.,.F.,(4,2,4),(-5.660148565875,-3.131479426775,
    -0.385939591473),.UNSPECIFIED.);
#687 = CARTESIAN_POINT('',(102.32936694744,100.68927600186,
    4.731931928066));
#688 = CARTESIAN_POINT('',(102.70044306061,100.75553019842,
    3.974642996059));
#689 = CARTESIAN_POINT('',(103.07409859533,100.82201152966,
    3.214757902757));
#690 = CARTESIAN_POINT('',(103.84946371504,100.95959661652,
    1.642153163895));
#691 = CARTESIAN_POINT('',(104.25657814913,101.03162748055,
    0.818836620604));
#692 = CARTESIAN_POINT('',(104.66238476828,101.10326640213,
    2.203126570066E-12));
#693 = ORIENTED_EDGE('',*,*,#388,.F.);
#694 = ORIENTED_EDGE('',*,*,#557,.F.);
#695 = ORIENTED_EDGE('',*,*,#590,.F.);
#696 = ORIENTED_EDGE('',*,*,#509,.F.);
#697 = B_SPLINE_SURFACE_WITH_KNOTS('',3,3,(
    (#698,#699,#700,#701)
    ,(#702,#703,#704,#705)
    ,(#706,#707,#708,#709)
    ,(#710,#711,#712,#713
    )),.UNSPECIFIED.,.F.,.F.,.F.,(4,4),(4,4),(6.597123961995E-02,
    0.931825699096),(5.53073482516E-02,0.889540049798),
  .PIECEWISE_BEZIER_KNOTS.);
#698 = CARTESIAN_POINT('',(104.72167522438,85.729582103988,
    2.219557870831E-12));
#699 = CARTESIAN_POINT('',(103.88533386336,86.654845140845,
    2.217781474869));
#700 = CARTESIAN_POINT('',(103.04894171656,87.57777816226,4.436534515712
    ));
#701 = CARTESIAN_POINT('',(102.21276558007,88.496882593528,
    6.656996930245));
#702 = CARTESIAN_POINT('',(104.73336154809,90.857868727151,
    -6.619441913717E-02));
#703 = CARTESIAN_POINT('',(103.89735377892,91.447044639521,
    1.973728728484));
#704 = CARTESIAN_POINT('',(103.06123941412,92.033579658288,
    4.014549088838));
#705 = CARTESIAN_POINT('',(102.22557072105,92.6155722619,6.056904440038)
  );
#706 = CARTESIAN_POINT('',(104.74835706529,95.986114891959,
    -0.13829722953));
#707 = CARTESIAN_POINT('',(103.91287824309,96.238995470121,
    1.723233002642));
#708 = CARTESIAN_POINT('',(103.07732369866,96.488825081062,
    3.585442609826));
#709 = CARTESIAN_POINT('',(102.24237482264,96.733184486664,
    5.448946004713));
#710 = CARTESIAN_POINT('',(104.77187033784,101.11428971299,
    -0.220818829066));
#711 = CARTESIAN_POINT('',(103.93798574884,101.03050417548,
    1.460976685151));
#712 = CARTESIAN_POINT('',(103.10448665557,100.94307146605,
    3.142823720275));
#713 = CARTESIAN_POINT('',(102.27235845776,100.84861799952,
    4.825081745556));
#714 = ADVANCED_FACE('',(#715),#742,.F.);
#715 = FACE_BOUND('',#716,.T.);
#716 = EDGE_LOOP('',(#717,#718,#726,#735));
#717 = ORIENTED_EDGE('',*,*,#312,.F.);
#718 = ORIENTED_EDGE('',*,*,#719,.F.);
#719 = EDGE_CURVE('',#720,#305,#722,.T.);
#720 = VERTEX_POINT('',#721);
#721 = CARTESIAN_POINT('',(80.9184658796,93.033041199073,2.447001434768)
  );
#722 = LINE('',#723,#724);
#723 = CARTESIAN_POINT('',(92.295107532402,93.033041199065,
    2.447001434768));
#724 = VECTOR('',#725,1.);
#725 = DIRECTION('',(1.,-4.042198674546E-13,0.));
#726 = ORIENTED_EDGE('',*,*,#727,.F.);
#727 = EDGE_CURVE('',#728,#720,#730,.T.);
#728 = VERTEX_POINT('',#729);
#729 = CARTESIAN_POINT('',(80.933643197157,93.683041199074,
    2.447001434768));
#730 = B_SPLINE_CURVE_WITH_KNOTS('',3,(#731,#732,#733,#734),
  .UNSPECIFIED.,.F.,.F.,(4,4),(-7.250626481207,-6.603089735233),
  .PIECEWISE_BEZIER_KNOTS.);
#731 = CARTESIAN_POINT('',(80.933773130924,93.68306884919,2.447052998263
    ));
#732 = CARTESIAN_POINT('',(80.928647904861,93.466763158729,
    2.447052489453));
#733 = CARTESIAN_POINT('',(80.923586985788,93.250071692004,
    2.447051774707));
#734 = CARTESIAN_POINT('',(80.918589355308,93.033067313365,
    2.447050613283));
#735 = ORIENTED_EDGE('',*,*,#736,.T.);
#736 = EDGE_CURVE('',#728,#313,#737,.T.);
#737 = B_SPLINE_CURVE_WITH_KNOTS('',3,(#738,#739,#740,#741),
  .UNSPECIFIED.,.F.,.F.,(4,4),(-20.36146433524,-11.68036844482),
  .PIECEWISE_BEZIER_KNOTS.);
#738 = CARTESIAN_POINT('',(80.933643197157,93.683041199074,
    2.447001434768));
#739 = CARTESIAN_POINT('',(83.827341827298,93.683041199074,
    2.447001434768));
#740 = CARTESIAN_POINT('',(86.72104045744,93.683041199074,2.447001434768
    ));
#741 = CARTESIAN_POINT('',(89.614739087578,93.683041199074,
    2.447001434768));
#742 = PLANE('',#743);
#743 = AXIS2_PLACEMENT_3D('',#744,#745,#746);
#744 = CARTESIAN_POINT('',(92.295107532402,93.683041199067,
    2.447001434768));
#745 = DIRECTION('',(0.,0.,1.));
#746 = DIRECTION('',(1.,0.,-0.));
#747 = ADVANCED_FACE('',(#748),#766,.F.);
#748 = FACE_BOUND('',#749,.F.);
#749 = EDGE_LOOP('',(#750,#751,#764,#765));
#750 = ORIENTED_EDGE('',*,*,#460,.F.);
#751 = ORIENTED_EDGE('',*,*,#752,.T.);
#752 = EDGE_CURVE('',#449,#728,#753,.T.);
#753 = B_SPLINE_CURVE_WITH_KNOTS('',3,(#754,#755,#756,#757,#758,#759,
    #760,#761,#762,#763),.UNSPECIFIED.,.F.,.F.,(4,3,3,4),(
    -3.228822763886,-0.735988380242,0.,0.433584165451),.UNSPECIFIED.);
#754 = CARTESIAN_POINT('',(82.335073198072,93.683052991231,
    5.838601028324));
#755 = CARTESIAN_POINT('',(82.022603911374,93.683053692105,
    5.067292806626));
#756 = CARTESIAN_POINT('',(81.705327225153,93.68306856713,4.295514386335
    ));
#757 = CARTESIAN_POINT('',(81.385529803157,93.683071067446,
    3.526908309154));
#758 = CARTESIAN_POINT('',(81.291112304681,93.683071805643,
    3.299983830937));
#759 = CARTESIAN_POINT('',(81.196475147357,93.683071619543,3.07333559672
    ));
#760 = CARTESIAN_POINT('',(81.101677337815,93.683070919726,
    2.847057070131));
#761 = CARTESIAN_POINT('',(81.045830220877,93.683070507451,
    2.713752267033));
#762 = CARTESIAN_POINT('',(80.989858503287,93.683069809914,2.58041146224
    ));
#763 = CARTESIAN_POINT('',(80.933773130926,93.683068849191,
    2.447052998263));
#764 = ORIENTED_EDGE('',*,*,#736,.T.);
#765 = ORIENTED_EDGE('',*,*,#321,.F.);
#766 = B_SPLINE_SURFACE_WITH_KNOTS('',1,1,(
    (#767,#768,#769,#770)
    ,(#771,#772,#773,#774)
    ,(#775,#776,#777,#778
  )),.UNSPECIFIED.,.F.,.F.,.F.,(2,1,2),(2,1,1,2),(-48.49999999999,
    2.025046796916E-13,18.),(-113.9999999999,0.,3.,39.650002000038),
  .UNSPECIFIED.);
#767 = CARTESIAN_POINT('',(34.795107532402,93.683041199096,
    -111.1529985652));
#768 = CARTESIAN_POINT('',(34.795107532402,93.683041199096,
    2.847001434768));
#769 = CARTESIAN_POINT('',(34.795107532402,93.683041199096,
    5.847001434768));
#770 = CARTESIAN_POINT('',(34.795107532402,93.683041199096,
    42.497003434806));
#771 = CARTESIAN_POINT('',(83.295107532402,93.683041199074,
    -111.1529985652));
#772 = CARTESIAN_POINT('',(83.295107532402,93.683041199074,
    2.847001434768));
#773 = CARTESIAN_POINT('',(83.295107532402,93.683041199074,
    5.847001434768));
#774 = CARTESIAN_POINT('',(83.295107532402,93.683041199074,
    42.497003434806));
#775 = CARTESIAN_POINT('',(101.2951075324,93.683041199067,
    -111.1529985652));
#776 = CARTESIAN_POINT('',(101.2951075324,93.683041199067,2.847001434768
    ));
#777 = CARTESIAN_POINT('',(101.2951075324,93.683041199067,5.847001434768
    ));
#778 = CARTESIAN_POINT('',(101.2951075324,93.683041199067,
    42.497003434806));
#779 = ADVANCED_FACE('',(#780),#809,.T.);
#780 = FACE_BOUND('',#781,.T.);
#781 = EDGE_LOOP('',(#782,#783,#795,#808));
#782 = ORIENTED_EDGE('',*,*,#304,.F.);
#783 = ORIENTED_EDGE('',*,*,#784,.T.);
#784 = EDGE_CURVE('',#288,#785,#787,.T.);
#785 = VERTEX_POINT('',#786);
#786 = CARTESIAN_POINT('',(82.340807976492,93.033041199073,
    5.941332987864));
#787 = B_SPLINE_CURVE_WITH_KNOTS('',3,(#788,#789,#790,#791,#792,#793,
    #794),.UNSPECIFIED.,.F.,.F.,(4,3,4),(2.450743190738,4.965392433555,
    9.751497795232),.UNSPECIFIED.);
#788 = CARTESIAN_POINT('',(89.614739118671,93.033041164068,
    5.465478529476));
#789 = CARTESIAN_POINT('',(88.777472364982,93.033041255003,
    5.488668689209));
#790 = CARTESIAN_POINT('',(87.940831267984,93.033041072347,
    5.522737574275));
#791 = CARTESIAN_POINT('',(87.105079475074,93.033041059505,
    5.567614987417));
#792 = CARTESIAN_POINT('',(85.514408082345,93.033041035065,
    5.653029362678));
#793 = CARTESIAN_POINT('',(83.925372135349,93.033041195704,
    5.777687683572));
#794 = CARTESIAN_POINT('',(82.340807976492,93.033041199065,
    5.941332987864));
#795 = ORIENTED_EDGE('',*,*,#796,.F.);
#796 = EDGE_CURVE('',#720,#785,#797,.T.);
#797 = B_SPLINE_CURVE_WITH_KNOTS('',3,(#798,#799,#800,#801,#802,#803,
    #804,#805,#806,#807),.UNSPECIFIED.,.F.,.F.,(4,3,3,4),(
    -4.200127174589,-3.767146569371,-1.430944104098,-0.432872134803),
  .UNSPECIFIED.);
#798 = CARTESIAN_POINT('',(80.918589355308,93.033067313366,
    2.447050613283));
#799 = CARTESIAN_POINT('',(80.973929253594,93.033068260282,
    2.580376260695));
#800 = CARTESIAN_POINT('',(81.029162970574,93.0330689653,2.713716260069)
  );
#801 = CARTESIAN_POINT('',(81.08428022714,93.033069405179,2.847054095266
    ));
#802 = CARTESIAN_POINT('',(81.381672463921,93.033071778605,
    3.566495510307));
#803 = CARTESIAN_POINT('',(81.677160065318,93.033064937188,
    4.289469369353));
#804 = CARTESIAN_POINT('',(81.969018309597,93.033057715121,5.01335096113
    ));
#805 = CARTESIAN_POINT('',(82.09370593276,93.03305462971,5.32260751598)
  );
#806 = CARTESIAN_POINT('',(82.217731221336,93.03305223353,5.632029682848
    ));
#807 = CARTESIAN_POINT('',(82.340960100242,93.033051888945,5.94141091832
    ));
#808 = ORIENTED_EDGE('',*,*,#719,.T.);
#809 = PLANE('',#810);
#810 = AXIS2_PLACEMENT_3D('',#811,#812,#813);
#811 = CARTESIAN_POINT('',(92.295107532402,93.033041199065,
    4.347001434768));
#812 = DIRECTION('',(-4.042198674546E-13,-1.,0.));
#813 = DIRECTION('',(-0.,0.,-1.));
#814 = ADVANCED_FACE('',(#815),#833,.T.);
#815 = FACE_BOUND('',#816,.T.);
#816 = EDGE_LOOP('',(#817,#818,#819,#827));
#817 = ORIENTED_EDGE('',*,*,#233,.F.);
#818 = ORIENTED_EDGE('',*,*,#607,.T.);
#819 = ORIENTED_EDGE('',*,*,#820,.F.);
#820 = EDGE_CURVE('',#821,#608,#823,.T.);
#821 = VERTEX_POINT('',#822);
#822 = CARTESIAN_POINT('',(92.620107532406,86.834585882389,
    2.447001434768));
#823 = LINE('',#824,#825);
#824 = CARTESIAN_POINT('',(92.620107532406,87.074731737928,2.97879803541
    ));
#825 = VECTOR('',#826,1.);
#826 = DIRECTION('',(8.317991019661E-14,0.411557753063,0.911383682043));
#827 = ORIENTED_EDGE('',*,*,#828,.T.);
#828 = EDGE_CURVE('',#821,#234,#829,.T.);
#829 = LINE('',#830,#831);
#830 = CARTESIAN_POINT('',(92.620107532406,93.520541199061,
    2.447001434768));
#831 = VECTOR('',#832,1.);
#832 = DIRECTION('',(2.021099337273E-13,1.,0.));
#833 = PLANE('',#834);
#834 = AXIS2_PLACEMENT_3D('',#835,#836,#837);
#835 = CARTESIAN_POINT('',(92.620107532406,93.358041199062,
    4.347001434768));
#836 = DIRECTION('',(1.,-2.021099337273E-13,0.));
#837 = DIRECTION('',(0.,0.,-1.));
#838 = ADVANCED_FACE('',(#839),#866,.F.);
#839 = FACE_BOUND('',#840,.F.);
#840 = EDGE_LOOP('',(#841,#850,#858,#865));
#841 = ORIENTED_EDGE('',*,*,#842,.F.);
#842 = EDGE_CURVE('',#843,#276,#845,.T.);
#843 = VERTEX_POINT('',#844);
#844 = CARTESIAN_POINT('',(91.970107532405,88.5064421301,6.149282564299)
  );
#845 = B_SPLINE_CURVE_WITH_KNOTS('',3,(#846,#847,#848,#849),
  .UNSPECIFIED.,.F.,.F.,(4,4),(0.163710503265,2.362256117851),
  .PIECEWISE_BEZIER_KNOTS.);
#846 = CARTESIAN_POINT('',(91.970107532401,88.5064421301,6.149282564299)
  );
#847 = CARTESIAN_POINT('',(91.970107532401,89.230185671484,6.03412065116
    ));
#848 = CARTESIAN_POINT('',(91.970107532401,89.953929212868,
    5.918958738022));
#849 = CARTESIAN_POINT('',(91.970107532401,90.677672754253,
    5.803796824883));
#850 = ORIENTED_EDGE('',*,*,#851,.T.);
#851 = EDGE_CURVE('',#843,#852,#854,.T.);
#852 = VERTEX_POINT('',#853);
#853 = CARTESIAN_POINT('',(91.970107532405,86.834585882389,
    2.447001434768));
#854 = LINE('',#855,#856);
#855 = CARTESIAN_POINT('',(91.970107532405,85.497270801614,
    -0.514447191327));
#856 = VECTOR('',#857,1.);
#857 = DIRECTION('',(0.,-0.411557753063,-0.911383682043));
#858 = ORIENTED_EDGE('',*,*,#859,.T.);
#859 = EDGE_CURVE('',#852,#267,#860,.T.);
#860 = B_SPLINE_CURVE_WITH_KNOTS('',3,(#861,#862,#863,#864),
  .UNSPECIFIED.,.F.,.F.,(4,4),(-18.22345531667,-14.3803684448),
  .PIECEWISE_BEZIER_KNOTS.);
#861 = CARTESIAN_POINT('',(91.970107532401,86.834585882389,
    2.447001434768));
#862 = CARTESIAN_POINT('',(91.970107532401,88.115614839677,
    2.447001434768));
#863 = CARTESIAN_POINT('',(91.970107532401,89.396643796972,
    2.447001434768));
#864 = CARTESIAN_POINT('',(91.970107532401,90.67767275426,2.447001434768
    ));
#865 = ORIENTED_EDGE('',*,*,#275,.F.);
#866 = B_SPLINE_SURFACE_WITH_KNOTS('',1,1,(
    (#867,#868,#869,#870)
    ,(#871,#872,#873,#874)
    ,(#875,#876,#877,#878)
    ,(#879,#880,#881,#882
    )),.UNSPECIFIED.,.F.,.F.,.F.,(2,1,1,2),(2,1,1,2),(-66.20000000002,
    -3.4354741274E-12,18.000000000003,20.700000000005),(-1.,0.,3.,10.5),
  .UNSPECIFIED.);
#867 = CARTESIAN_POINT('',(91.970107532387,18.158041199065,
    1.847001434768));
#868 = CARTESIAN_POINT('',(91.970107532387,18.158041199065,
    2.847001434768));
#869 = CARTESIAN_POINT('',(91.970107532387,18.158041199065,
    5.847001434768));
#870 = CARTESIAN_POINT('',(91.970107532387,18.158041199065,
    13.347001434768));
#871 = CARTESIAN_POINT('',(91.970107532401,84.358041199062,
    1.847001434768));
#872 = CARTESIAN_POINT('',(91.970107532401,84.358041199062,
    2.847001434768));
#873 = CARTESIAN_POINT('',(91.970107532401,84.358041199062,
    5.847001434768));
#874 = CARTESIAN_POINT('',(91.970107532401,84.358041199062,
    13.347001434768));
#875 = CARTESIAN_POINT('',(91.970107532405,102.35804119906,
    1.847001434768));
#876 = CARTESIAN_POINT('',(91.970107532405,102.35804119906,
    2.847001434768));
#877 = CARTESIAN_POINT('',(91.970107532405,102.35804119906,
    5.847001434768));
#878 = CARTESIAN_POINT('',(91.970107532405,102.35804119906,
    13.347001434768));
#879 = CARTESIAN_POINT('',(91.970107532405,105.05804119906,
    1.847001434768));
#880 = CARTESIAN_POINT('',(91.970107532405,105.05804119906,
    2.847001434768));
#881 = CARTESIAN_POINT('',(91.970107532405,105.05804119906,
    5.847001434768));
#882 = CARTESIAN_POINT('',(91.970107532405,105.05804119906,
    13.347001434768));
#883 = ADVANCED_FACE('',(#884),#896,.F.);
#884 = FACE_BOUND('',#885,.T.);
#885 = EDGE_LOOP('',(#886,#887,#888,#894,#895));
#886 = ORIENTED_EDGE('',*,*,#241,.F.);
#887 = ORIENTED_EDGE('',*,*,#828,.F.);
#888 = ORIENTED_EDGE('',*,*,#889,.F.);
#889 = EDGE_CURVE('',#852,#821,#890,.T.);
#890 = LINE('',#891,#892);
#891 = CARTESIAN_POINT('',(90.176357532404,86.834585882389,
    2.447001434768));
#892 = VECTOR('',#893,1.);
#893 = DIRECTION('',(1.,4.456431613376E-17,0.));
#894 = ORIENTED_EDGE('',*,*,#859,.T.);
#895 = ORIENTED_EDGE('',*,*,#266,.F.);
#896 = PLANE('',#897);
#897 = AXIS2_PLACEMENT_3D('',#898,#899,#900);
#898 = CARTESIAN_POINT('',(92.295107532402,93.683041199067,
    2.447001434768));
#899 = DIRECTION('',(0.,0.,1.));
#900 = DIRECTION('',(1.,0.,-0.));
#901 = ADVANCED_FACE('',(#902,#905),#1003,.T.);
#902 = FACE_BOUND('',#903,.T.);
#903 = EDGE_LOOP('',(#904));
#904 = ORIENTED_EDGE('',*,*,#258,.T.);
#905 = FACE_BOUND('',#906,.T.);
#906 = EDGE_LOOP('',(#907,#917,#925,#933,#941,#949,#957,#965,#973,#981,
    #989,#997));
#907 = ORIENTED_EDGE('',*,*,#908,.T.);
#908 = EDGE_CURVE('',#909,#911,#913,.T.);
#909 = VERTEX_POINT('',#910);
#910 = CARTESIAN_POINT('',(91.795107532402,95.358041199077,
    0.200000000001));
#911 = VERTEX_POINT('',#912);
#912 = CARTESIAN_POINT('',(91.795107532402,93.858041199077,
    0.200000000001));
#913 = LINE('',#914,#915);
#914 = CARTESIAN_POINT('',(91.795107532402,89.112027444578,
    0.200000000001));
#915 = VECTOR('',#916,1.);
#916 = DIRECTION('',(0.,-1.,3.061616997868E-16));
#917 = ORIENTED_EDGE('',*,*,#918,.T.);
#918 = EDGE_CURVE('',#911,#919,#921,.T.);
#919 = VERTEX_POINT('',#920);
#920 = CARTESIAN_POINT('',(90.295107532402,93.858041199077,
    0.200000000001));
#921 = LINE('',#922,#923);
#922 = CARTESIAN_POINT('',(86.795107532402,93.858041199077,
    0.200000000001));
#923 = VECTOR('',#924,1.);
#924 = DIRECTION('',(-1.,0.,0.));
#925 = ORIENTED_EDGE('',*,*,#926,.T.);
#926 = EDGE_CURVE('',#919,#927,#929,.T.);
#927 = VERTEX_POINT('',#928);
#928 = CARTESIAN_POINT('',(90.295107532402,92.858041199077,
    0.200000000001));
#929 = LINE('',#930,#931);
#930 = CARTESIAN_POINT('',(90.295107532402,88.612027444578,
    0.200000000001));
#931 = VECTOR('',#932,1.);
#932 = DIRECTION('',(0.,-1.,3.061616997868E-16));
#933 = ORIENTED_EDGE('',*,*,#934,.T.);
#934 = EDGE_CURVE('',#927,#935,#937,.T.);
#935 = VERTEX_POINT('',#936);
#936 = CARTESIAN_POINT('',(91.795107532402,92.858041199077,
    0.200000000001));
#937 = LINE('',#938,#939);
#938 = CARTESIAN_POINT('',(87.545107532402,92.858041199077,
    0.200000000001));
#939 = VECTOR('',#940,1.);
#940 = DIRECTION('',(1.,0.,0.));
#941 = ORIENTED_EDGE('',*,*,#942,.T.);
#942 = EDGE_CURVE('',#935,#943,#945,.T.);
#943 = VERTEX_POINT('',#944);
#944 = CARTESIAN_POINT('',(91.795107532402,91.358041199077,
    0.200000000001));
#945 = LINE('',#946,#947);
#946 = CARTESIAN_POINT('',(91.795107532402,89.112027444578,
    0.200000000001));
#947 = VECTOR('',#948,1.);
#948 = DIRECTION('',(0.,-1.,3.061616997868E-16));
#949 = ORIENTED_EDGE('',*,*,#950,.T.);
#950 = EDGE_CURVE('',#943,#951,#953,.T.);
#951 = VERTEX_POINT('',#952);
#952 = CARTESIAN_POINT('',(92.795107532402,91.358041199077,
    0.200000000001));
#953 = LINE('',#954,#955);
#954 = CARTESIAN_POINT('',(88.045107532402,91.358041199077,
    0.200000000001));
#955 = VECTOR('',#956,1.);
#956 = DIRECTION('',(1.,0.,0.));
#957 = ORIENTED_EDGE('',*,*,#958,.T.);
#958 = EDGE_CURVE('',#951,#959,#961,.T.);
#959 = VERTEX_POINT('',#960);
#960 = CARTESIAN_POINT('',(92.795107532402,92.858041199077,
    0.200000000001));
#961 = LINE('',#962,#963);
#962 = CARTESIAN_POINT('',(92.795107532402,88.612027444578,
    0.200000000001));
#963 = VECTOR('',#964,1.);
#964 = DIRECTION('',(0.,1.,-3.061616997868E-16));
#965 = ORIENTED_EDGE('',*,*,#966,.T.);
#966 = EDGE_CURVE('',#959,#967,#969,.T.);
#967 = VERTEX_POINT('',#968);
#968 = CARTESIAN_POINT('',(94.295107532402,92.858041199077,
    0.200000000001));
#969 = LINE('',#970,#971);
#970 = CARTESIAN_POINT('',(87.545107532402,92.858041199077,
    0.200000000001));
#971 = VECTOR('',#972,1.);
#972 = DIRECTION('',(1.,0.,0.));
#973 = ORIENTED_EDGE('',*,*,#974,.T.);
#974 = EDGE_CURVE('',#967,#975,#977,.T.);
#975 = VERTEX_POINT('',#976);
#976 = CARTESIAN_POINT('',(94.295107532402,93.858041199077,
    0.200000000001));
#977 = LINE('',#978,#979);
#978 = CARTESIAN_POINT('',(94.295107532402,89.112027444578,
    0.200000000001));
#979 = VECTOR('',#980,1.);
#980 = DIRECTION('',(0.,1.,-3.061616997868E-16));
#981 = ORIENTED_EDGE('',*,*,#982,.T.);
#982 = EDGE_CURVE('',#975,#983,#985,.T.);
#983 = VERTEX_POINT('',#984);
#984 = CARTESIAN_POINT('',(92.795107532402,93.858041199077,
    0.200000000001));
#985 = LINE('',#986,#987);
#986 = CARTESIAN_POINT('',(88.045107532402,93.858041199077,
    0.200000000001));
#987 = VECTOR('',#988,1.);
#988 = DIRECTION('',(-1.,0.,0.));
#989 = ORIENTED_EDGE('',*,*,#990,.T.);
#990 = EDGE_CURVE('',#983,#991,#993,.T.);
#991 = VERTEX_POINT('',#992);
#992 = CARTESIAN_POINT('',(92.795107532402,95.358041199077,
    0.200000000001));
#993 = LINE('',#994,#995);
#994 = CARTESIAN_POINT('',(92.795107532402,89.862027444578,
    0.200000000001));
#995 = VECTOR('',#996,1.);
#996 = DIRECTION('',(0.,1.,-3.061616997868E-16));
#997 = ORIENTED_EDGE('',*,*,#998,.T.);
#998 = EDGE_CURVE('',#991,#909,#999,.T.);
#999 = LINE('',#1000,#1001);
#1000 = CARTESIAN_POINT('',(87.545107532402,95.358041199077,
    0.200000000001));
#1001 = VECTOR('',#1002,1.);
#1002 = DIRECTION('',(-1.,0.,0.));
#1003 = PLANE('',#1004);
#1004 = AXIS2_PLACEMENT_3D('',#1005,#1006,#1007);
#1005 = CARTESIAN_POINT('',(83.295107532402,84.36601369008,
    0.200000000001));
#1006 = DIRECTION('',(0.,-3.061616997868E-16,-1.));
#1007 = DIRECTION('',(0.,1.,-3.061616997868E-16));
#1008 = ADVANCED_FACE('',(#1009),#1037,.T.);
#1009 = FACE_BOUND('',#1010,.T.);
#1010 = EDGE_LOOP('',(#1011,#1024,#1030,#1031));
#1011 = ORIENTED_EDGE('',*,*,#1012,.T.);
#1012 = EDGE_CURVE('',#1013,#1015,#1017,.T.);
#1013 = VERTEX_POINT('',#1014);
#1014 = CARTESIAN_POINT('',(92.795107532402,95.358041199077,
    5.059894500152));
#1015 = VERTEX_POINT('',#1016);
#1016 = CARTESIAN_POINT('',(91.795107532402,95.358041199077,
    5.059787098995));
#1017 = B_SPLINE_CURVE_WITH_KNOTS('',3,(#1018,#1019,#1020,#1021,#1022,
    #1023),.UNSPECIFIED.,.F.,.F.,(4,2,4),(1.548532249027,2.048584269174,
    2.548617968538),.UNSPECIFIED.);
#1018 = CARTESIAN_POINT('',(92.795107532398,95.35804119907,
    5.059894500153));
#1019 = CARTESIAN_POINT('',(92.628422844842,95.35804119907,
    5.059013213133));
#1020 = CARTESIAN_POINT('',(92.461736898909,95.358041199077,
    5.058563368464));
#1021 = CARTESIAN_POINT('',(92.1283749953,95.358041199077,5.058527441586
    ));
#1022 = CARTESIAN_POINT('',(91.961730863455,95.358041199077,
    5.058941303297));
#1023 = CARTESIAN_POINT('',(91.795107532402,95.358041199077,
    5.059787098996));
#1024 = ORIENTED_EDGE('',*,*,#1025,.F.);
#1025 = EDGE_CURVE('',#909,#1015,#1026,.T.);
#1026 = LINE('',#1027,#1028);
#1027 = CARTESIAN_POINT('',(91.795107532402,95.358041199077,
    1.453059894629E-12));
#1028 = VECTOR('',#1029,1.);
#1029 = DIRECTION('',(0.,0.,1.));
#1030 = ORIENTED_EDGE('',*,*,#998,.F.);
#1031 = ORIENTED_EDGE('',*,*,#1032,.T.);
#1032 = EDGE_CURVE('',#991,#1013,#1033,.T.);
#1033 = LINE('',#1034,#1035);
#1034 = CARTESIAN_POINT('',(92.795107532402,95.358041199077,
    1.453059894629E-12));
#1035 = VECTOR('',#1036,1.);
#1036 = DIRECTION('',(0.,0.,1.));
#1037 = PLANE('',#1038);
#1038 = AXIS2_PLACEMENT_3D('',#1039,#1040,#1041);
#1039 = CARTESIAN_POINT('',(91.795107532402,95.358041199077,
    1.453059894629E-12));
#1040 = DIRECTION('',(0.,-1.,0.));
#1041 = DIRECTION('',(1.,0.,0.));
#1042 = ADVANCED_FACE('',(#1043),#1062,.T.);
#1043 = FACE_BOUND('',#1044,.T.);
#1044 = EDGE_LOOP('',(#1045,#1054,#1055,#1056));
#1045 = ORIENTED_EDGE('',*,*,#1046,.T.);
#1046 = EDGE_CURVE('',#1047,#1013,#1049,.T.);
#1047 = VERTEX_POINT('',#1048);
#1048 = CARTESIAN_POINT('',(92.795107532402,93.858041199077,
    5.29857417027));
#1049 = B_SPLINE_CURVE_WITH_KNOTS('',3,(#1050,#1051,#1052,#1053),
  .UNSPECIFIED.,.F.,.F.,(4,4),(2.595099830072,4.113970458179),
  .PIECEWISE_BEZIER_KNOTS.);
#1050 = CARTESIAN_POINT('',(92.795107532402,93.858041199077,
    5.29857417027));
#1051 = CARTESIAN_POINT('',(92.795107532402,94.358041199077,
    5.219014280231));
#1052 = CARTESIAN_POINT('',(92.795107532402,94.858041199077,
    5.139454390191));
#1053 = CARTESIAN_POINT('',(92.795107532402,95.358041199077,
    5.059894500152));
#1054 = ORIENTED_EDGE('',*,*,#1032,.F.);
#1055 = ORIENTED_EDGE('',*,*,#990,.F.);
#1056 = ORIENTED_EDGE('',*,*,#1057,.T.);
#1057 = EDGE_CURVE('',#983,#1047,#1058,.T.);
#1058 = LINE('',#1059,#1060);
#1059 = CARTESIAN_POINT('',(92.795107532402,93.858041199077,
    1.453059894629E-12));
#1060 = VECTOR('',#1061,1.);
#1061 = DIRECTION('',(0.,0.,1.));
#1062 = PLANE('',#1063);
#1063 = AXIS2_PLACEMENT_3D('',#1064,#1065,#1066);
#1064 = CARTESIAN_POINT('',(92.795107532402,95.358041199077,
    1.453059894629E-12));
#1065 = DIRECTION('',(-1.,0.,0.));
#1066 = DIRECTION('',(0.,-1.,3.061616997868E-16));
#1067 = ADVANCED_FACE('',(#1068),#1087,.T.);
#1068 = FACE_BOUND('',#1069,.T.);
#1069 = EDGE_LOOP('',(#1070,#1079,#1085,#1086));
#1070 = ORIENTED_EDGE('',*,*,#1071,.T.);
#1071 = EDGE_CURVE('',#1015,#1072,#1074,.T.);
#1072 = VERTEX_POINT('',#1073);
#1073 = CARTESIAN_POINT('',(91.795107532402,93.858041199077,
    5.298466769113));
#1074 = B_SPLINE_CURVE_WITH_KNOTS('',3,(#1075,#1076,#1077,#1078),
  .UNSPECIFIED.,.F.,.F.,(4,4),(9.566707949849E-02,1.614537707606),
  .PIECEWISE_BEZIER_KNOTS.);
#1075 = CARTESIAN_POINT('',(91.795107532402,95.358041199077,
    5.059787098995));
#1076 = CARTESIAN_POINT('',(91.795107532402,94.858041199077,
    5.139346989035));
#1077 = CARTESIAN_POINT('',(91.795107532402,94.358041199077,
    5.218906879074));
#1078 = CARTESIAN_POINT('',(91.795107532402,93.858041199077,
    5.298466769113));
#1079 = ORIENTED_EDGE('',*,*,#1080,.F.);
#1080 = EDGE_CURVE('',#911,#1072,#1081,.T.);
#1081 = LINE('',#1082,#1083);
#1082 = CARTESIAN_POINT('',(91.795107532402,93.858041199077,
    1.453059894629E-12));
#1083 = VECTOR('',#1084,1.);
#1084 = DIRECTION('',(0.,0.,1.));
#1085 = ORIENTED_EDGE('',*,*,#908,.F.);
#1086 = ORIENTED_EDGE('',*,*,#1025,.T.);
#1087 = PLANE('',#1088);
#1088 = AXIS2_PLACEMENT_3D('',#1089,#1090,#1091);
#1089 = CARTESIAN_POINT('',(91.795107532402,93.858041199077,
    1.453059894629E-12));
#1090 = DIRECTION('',(1.,0.,0.));
#1091 = DIRECTION('',(0.,1.,-3.061616997868E-16));
#1092 = ADVANCED_FACE('',(#1093),#1112,.T.);
#1093 = FACE_BOUND('',#1094,.T.);
#1094 = EDGE_LOOP('',(#1095,#1104,#1105,#1106));
#1095 = ORIENTED_EDGE('',*,*,#1096,.T.);
#1096 = EDGE_CURVE('',#1097,#1047,#1099,.T.);
#1097 = VERTEX_POINT('',#1098);
#1098 = CARTESIAN_POINT('',(94.295107532402,93.858041199077,
    5.318141986077));
#1099 = B_SPLINE_CURVE_WITH_KNOTS('',3,(#1100,#1101,#1102,#1103),
  .UNSPECIFIED.,.F.,.F.,(4,4),(4.841803529947E-02,1.548532249027),
  .PIECEWISE_BEZIER_KNOTS.);
#1100 = CARTESIAN_POINT('',(94.295107532402,93.858041199077,
    5.318141986077));
#1101 = CARTESIAN_POINT('',(93.795176435065,93.858041199077,
    5.307744509427));
#1102 = CARTESIAN_POINT('',(93.295147646109,93.85804119907,5.30121795758
    ));
#1103 = CARTESIAN_POINT('',(92.795107532398,93.85804119907,
    5.298574170271));
#1104 = ORIENTED_EDGE('',*,*,#1057,.F.);
#1105 = ORIENTED_EDGE('',*,*,#982,.F.);
#1106 = ORIENTED_EDGE('',*,*,#1107,.T.);
#1107 = EDGE_CURVE('',#975,#1097,#1108,.T.);
#1108 = LINE('',#1109,#1110);
#1109 = CARTESIAN_POINT('',(94.295107532402,93.858041199077,
    1.453059894629E-12));
#1110 = VECTOR('',#1111,1.);
#1111 = DIRECTION('',(0.,0.,1.));
#1112 = PLANE('',#1113);
#1113 = AXIS2_PLACEMENT_3D('',#1114,#1115,#1116);
#1114 = CARTESIAN_POINT('',(92.795107532402,93.858041199077,
    1.453059894629E-12));
#1115 = DIRECTION('',(0.,-1.,0.));
#1116 = DIRECTION('',(1.,0.,0.));
#1117 = ADVANCED_FACE('',(#1118),#1140,.T.);
#1118 = FACE_BOUND('',#1119,.T.);
#1119 = EDGE_LOOP('',(#1120,#1132,#1138,#1139));
#1120 = ORIENTED_EDGE('',*,*,#1121,.T.);
#1121 = EDGE_CURVE('',#1072,#1122,#1124,.T.);
#1122 = VERTEX_POINT('',#1123);
#1123 = CARTESIAN_POINT('',(90.295107532402,93.858041199077,
    5.317759320628));
#1124 = B_SPLINE_CURVE_WITH_KNOTS('',3,(#1125,#1126,#1127,#1128,#1129,
    #1130,#1131),.UNSPECIFIED.,.F.,.F.,(4,3,4),(2.548617968538,
    2.997164682504,4.049320874595),.UNSPECIFIED.);
#1125 = CARTESIAN_POINT('',(91.795107532205,93.858041198888,
    5.298466767911));
#1126 = CARTESIAN_POINT('',(91.645641022107,93.858041170839,
    5.299225479888));
#1127 = CARTESIAN_POINT('',(91.496191089562,93.858041133426,
    5.300331760478));
#1128 = CARTESIAN_POINT('',(91.34674802962,93.858041127947,
    5.301785917053));
#1129 = CARTESIAN_POINT('',(90.996199388894,93.858041115098,
    5.305196932665));
#1130 = CARTESIAN_POINT('',(90.645694239196,93.858041200016,
    5.310521579701));
#1131 = CARTESIAN_POINT('',(90.295107532402,93.858041199077,
    5.317759320628));
#1132 = ORIENTED_EDGE('',*,*,#1133,.F.);
#1133 = EDGE_CURVE('',#919,#1122,#1134,.T.);
#1134 = LINE('',#1135,#1136);
#1135 = CARTESIAN_POINT('',(90.295107532402,93.858041199077,
    1.453059894629E-12));
#1136 = VECTOR('',#1137,1.);
#1137 = DIRECTION('',(0.,0.,1.));
#1138 = ORIENTED_EDGE('',*,*,#918,.F.);
#1139 = ORIENTED_EDGE('',*,*,#1080,.T.);
#1140 = PLANE('',#1141);
#1141 = AXIS2_PLACEMENT_3D('',#1142,#1143,#1144);
#1142 = CARTESIAN_POINT('',(90.295107532402,93.858041199077,
    1.453059894629E-12));
#1143 = DIRECTION('',(0.,-1.,0.));
#1144 = DIRECTION('',(1.,0.,0.));
#1145 = ADVANCED_FACE('',(#1146),#1167,.T.);
#1146 = FACE_BOUND('',#1147,.T.);
#1147 = EDGE_LOOP('',(#1148,#1159,#1160,#1161));
#1148 = ORIENTED_EDGE('',*,*,#1149,.T.);
#1149 = EDGE_CURVE('',#1150,#1097,#1152,.T.);
#1150 = VERTEX_POINT('',#1151);
#1151 = CARTESIAN_POINT('',(94.295107532402,92.858041199077,
    5.477261766156));
#1152 = B_SPLINE_CURVE_WITH_KNOTS('',3,(#1153,#1154,#1155,#1156,#1157,
    #1158),.UNSPECIFIED.,.F.,.F.,(4,2,4),(1.57944446885,2.104827207501,
    2.592024887589),.UNSPECIFIED.);
#1153 = CARTESIAN_POINT('',(94.295107532402,92.858041199077,
    5.477261766156));
#1154 = CARTESIAN_POINT('',(94.295107532402,93.030992972897,
    5.449741717943));
#1155 = CARTESIAN_POINT('',(94.295107532402,93.203944746711,
    5.422221669729));
#1156 = CARTESIAN_POINT('',(94.295107532402,93.537278080039,
    5.369181743036));
#1157 = CARTESIAN_POINT('',(94.295107532402,93.697659639562,
    5.343661864557));
#1158 = CARTESIAN_POINT('',(94.295107532402,93.858041199077,
    5.318141986077));
#1159 = ORIENTED_EDGE('',*,*,#1107,.F.);
#1160 = ORIENTED_EDGE('',*,*,#974,.F.);
#1161 = ORIENTED_EDGE('',*,*,#1162,.T.);
#1162 = EDGE_CURVE('',#967,#1150,#1163,.T.);
#1163 = LINE('',#1164,#1165);
#1164 = CARTESIAN_POINT('',(94.295107532402,92.858041199077,
    1.453948073049E-12));
#1165 = VECTOR('',#1166,1.);
#1166 = DIRECTION('',(0.,0.,1.));
#1167 = PLANE('',#1168);
#1168 = AXIS2_PLACEMENT_3D('',#1169,#1170,#1171);
#1169 = CARTESIAN_POINT('',(94.295107532402,93.858041199077,
    1.453059894629E-12));
#1170 = DIRECTION('',(-1.,0.,0.));
#1171 = DIRECTION('',(0.,-1.,3.061616997868E-16));
#1172 = ADVANCED_FACE('',(#1173),#1194,.T.);
#1173 = FACE_BOUND('',#1174,.T.);
#1174 = EDGE_LOOP('',(#1175,#1186,#1192,#1193));
#1175 = ORIENTED_EDGE('',*,*,#1176,.T.);
#1176 = EDGE_CURVE('',#1122,#1177,#1179,.T.);
#1177 = VERTEX_POINT('',#1178);
#1178 = CARTESIAN_POINT('',(90.295107532402,92.858041199077,
    5.476879100707));
#1179 = B_SPLINE_CURVE_WITH_KNOTS('',3,(#1180,#1181,#1182,#1183,#1184,
    #1185),.UNSPECIFIED.,.F.,.F.,(4,2,4),(1.617569394273,2.104827207501,
    2.630149813011),.UNSPECIFIED.);
#1180 = CARTESIAN_POINT('',(90.295107532402,93.858041199077,
    5.317759320628));
#1181 = CARTESIAN_POINT('',(90.295107532402,93.697639844213,
    5.343282348939));
#1182 = CARTESIAN_POINT('',(90.295107532402,93.537238489349,
    5.368805377249));
#1183 = CARTESIAN_POINT('',(90.295107532402,93.203905156013,
    5.421845303942));
#1184 = CARTESIAN_POINT('',(90.295107532402,93.030973177549,
    5.449362202324));
#1185 = CARTESIAN_POINT('',(90.295107532402,92.858041199077,
    5.476879100707));
#1186 = ORIENTED_EDGE('',*,*,#1187,.F.);
#1187 = EDGE_CURVE('',#927,#1177,#1188,.T.);
#1188 = LINE('',#1189,#1190);
#1189 = CARTESIAN_POINT('',(90.295107532402,92.858041199077,
    1.453948073049E-12));
#1190 = VECTOR('',#1191,1.);
#1191 = DIRECTION('',(0.,0.,1.));
#1192 = ORIENTED_EDGE('',*,*,#926,.F.);
#1193 = ORIENTED_EDGE('',*,*,#1133,.T.);
#1194 = PLANE('',#1195);
#1195 = AXIS2_PLACEMENT_3D('',#1196,#1197,#1198);
#1196 = CARTESIAN_POINT('',(90.295107532402,92.858041199077,
    1.453948073049E-12));
#1197 = DIRECTION('',(1.,0.,0.));
#1198 = DIRECTION('',(0.,1.,-3.061616997868E-16));
#1199 = ADVANCED_FACE('',(#1200),#1219,.T.);
#1200 = FACE_BOUND('',#1201,.T.);
#1201 = EDGE_LOOP('',(#1202,#1211,#1212,#1213));
#1202 = ORIENTED_EDGE('',*,*,#1203,.T.);
#1203 = EDGE_CURVE('',#1204,#1150,#1206,.T.);
#1204 = VERTEX_POINT('',#1205);
#1205 = CARTESIAN_POINT('',(92.795107532402,92.858041199077,
    5.457693950349));
#1206 = B_SPLINE_CURVE_WITH_KNOTS('',3,(#1207,#1208,#1209,#1210),
  .UNSPECIFIED.,.F.,.F.,(4,4),(2.548811477401,4.048729743019),
  .PIECEWISE_BEZIER_KNOTS.);
#1207 = CARTESIAN_POINT('',(92.795107532398,92.85804119907,5.45769395035
    ));
#1208 = CARTESIAN_POINT('',(93.295147646342,92.85804119907,5.46033773766
    ));
#1209 = CARTESIAN_POINT('',(93.795176435302,92.858041199077,
    5.466864289511));
#1210 = CARTESIAN_POINT('',(94.295107532402,92.858041199077,
    5.477261766156));
#1211 = ORIENTED_EDGE('',*,*,#1162,.F.);
#1212 = ORIENTED_EDGE('',*,*,#966,.F.);
#1213 = ORIENTED_EDGE('',*,*,#1214,.T.);
#1214 = EDGE_CURVE('',#959,#1204,#1215,.T.);
#1215 = LINE('',#1216,#1217);
#1216 = CARTESIAN_POINT('',(92.795107532402,92.858041199077,
    1.453948073049E-12));
#1217 = VECTOR('',#1218,1.);
#1218 = DIRECTION('',(0.,0.,1.));
#1219 = PLANE('',#1220);
#1220 = AXIS2_PLACEMENT_3D('',#1221,#1222,#1223);
#1221 = CARTESIAN_POINT('',(91.795107532402,92.858041199077,
    1.453948073049E-12));
#1222 = DIRECTION('',(0.,1.,0.));
#1223 = DIRECTION('',(-1.,0.,0.));
#1224 = ADVANCED_FACE('',(#1225),#1247,.T.);
#1225 = FACE_BOUND('',#1226,.T.);
#1226 = EDGE_LOOP('',(#1227,#1239,#1245,#1246));
#1227 = ORIENTED_EDGE('',*,*,#1228,.T.);
#1228 = EDGE_CURVE('',#1177,#1229,#1231,.T.);
#1229 = VERTEX_POINT('',#1230);
#1230 = CARTESIAN_POINT('',(91.795107532402,92.858041199077,
    5.457586549192));
#1231 = B_SPLINE_CURVE_WITH_KNOTS('',3,(#1232,#1233,#1234,#1235,#1236,
    #1237,#1238),.UNSPECIFIED.,.F.,.F.,(4,3,4),(4.83495119057E-02,
    1.100368279217,1.548856399847),.UNSPECIFIED.);
#1232 = CARTESIAN_POINT('',(90.295107532402,92.858041199077,
    5.476879100707));
#1233 = CARTESIAN_POINT('',(90.645694234801,92.858041198786,
    5.469641360066));
#1234 = CARTESIAN_POINT('',(90.996199384692,92.858041114152,
    5.464316712936));
#1235 = CARTESIAN_POINT('',(91.34674802962,92.858041127423,
    5.460905697215));
#1236 = CARTESIAN_POINT('',(91.496191088849,92.858041133084,
    5.459451540618));
#1237 = CARTESIAN_POINT('',(91.645641021409,92.858041170708,
    5.458345259991));
#1238 = CARTESIAN_POINT('',(91.795107532205,92.858041198888,
    5.45758654799));
#1239 = ORIENTED_EDGE('',*,*,#1240,.F.);
#1240 = EDGE_CURVE('',#935,#1229,#1241,.T.);
#1241 = LINE('',#1242,#1243);
#1242 = CARTESIAN_POINT('',(91.795107532402,92.858041199077,
    1.453948073049E-12));
#1243 = VECTOR('',#1244,1.);
#1244 = DIRECTION('',(0.,0.,1.));
#1245 = ORIENTED_EDGE('',*,*,#934,.F.);
#1246 = ORIENTED_EDGE('',*,*,#1187,.T.);
#1247 = PLANE('',#1248);
#1248 = AXIS2_PLACEMENT_3D('',#1249,#1250,#1251);
#1249 = CARTESIAN_POINT('',(91.795107532402,92.858041199077,
    1.453948073049E-12));
#1250 = DIRECTION('',(0.,1.,0.));
#1251 = DIRECTION('',(-1.,0.,0.));
#1252 = ADVANCED_FACE('',(#1253),#1272,.T.);
#1253 = FACE_BOUND('',#1254,.T.);
#1254 = EDGE_LOOP('',(#1255,#1264,#1265,#1266));
#1255 = ORIENTED_EDGE('',*,*,#1256,.T.);
#1256 = EDGE_CURVE('',#1257,#1204,#1259,.T.);
#1257 = VERTEX_POINT('',#1258);
#1258 = CARTESIAN_POINT('',(92.795107532402,91.358041199077,
    5.696373620467));
#1259 = B_SPLINE_CURVE_WITH_KNOTS('',3,(#1260,#1261,#1262,#1263),
  .UNSPECIFIED.,.F.,.F.,(4,4),(6.364878322611E-02,1.582519411334),
  .PIECEWISE_BEZIER_KNOTS.);
#1260 = CARTESIAN_POINT('',(92.795107532402,91.358041199077,
    5.696373620467));
#1261 = CARTESIAN_POINT('',(92.795107532402,91.858041199077,
    5.616813730428));
#1262 = CARTESIAN_POINT('',(92.795107532402,92.358041199077,
    5.537253840388));
#1263 = CARTESIAN_POINT('',(92.795107532402,92.858041199077,
    5.457693950349));
#1264 = ORIENTED_EDGE('',*,*,#1214,.F.);
#1265 = ORIENTED_EDGE('',*,*,#958,.F.);
#1266 = ORIENTED_EDGE('',*,*,#1267,.T.);
#1267 = EDGE_CURVE('',#951,#1257,#1268,.T.);
#1268 = LINE('',#1269,#1270);
#1269 = CARTESIAN_POINT('',(92.795107532402,91.358041199077,
    1.453948073049E-12));
#1270 = VECTOR('',#1271,1.);
#1271 = DIRECTION('',(0.,0.,1.));
#1272 = PLANE('',#1273);
#1273 = AXIS2_PLACEMENT_3D('',#1274,#1275,#1276);
#1274 = CARTESIAN_POINT('',(92.795107532402,92.858041199077,
    1.453948073049E-12));
#1275 = DIRECTION('',(-1.,0.,0.));
#1276 = DIRECTION('',(0.,-1.,3.061616997868E-16));
#1277 = ADVANCED_FACE('',(#1278),#1299,.T.);
#1278 = FACE_BOUND('',#1279,.T.);
#1279 = EDGE_LOOP('',(#1280,#1291,#1292,#1293));
#1280 = ORIENTED_EDGE('',*,*,#1281,.T.);
#1281 = EDGE_CURVE('',#1282,#1257,#1284,.T.);
#1282 = VERTEX_POINT('',#1283);
#1283 = CARTESIAN_POINT('',(91.795107532402,91.358041199077,
    5.69626621931));
#1284 = B_SPLINE_CURVE_WITH_KNOTS('',3,(#1285,#1286,#1287,#1288,#1289,
    #1290),.UNSPECIFIED.,.F.,.F.,(4,2,4),(1.548856399848,2.048797798128,
    2.548811477401),.UNSPECIFIED.);
#1285 = CARTESIAN_POINT('',(91.795107532402,91.358041199077,
    5.696266219312));
#1286 = CARTESIAN_POINT('',(91.96172187198,91.358041199077,
    5.695420469253));
#1287 = CARTESIAN_POINT('',(92.128357010933,91.358041199077,
    5.695006606567));
#1288 = CARTESIAN_POINT('',(92.461718911512,91.358041199077,
    5.695042440237));
#1289 = CARTESIAN_POINT('',(92.628413851224,91.35804119907,
    5.695492285897));
#1290 = CARTESIAN_POINT('',(92.795107532398,91.35804119907,
    5.696373620468));
#1291 = ORIENTED_EDGE('',*,*,#1267,.F.);
#1292 = ORIENTED_EDGE('',*,*,#950,.F.);
#1293 = ORIENTED_EDGE('',*,*,#1294,.T.);
#1294 = EDGE_CURVE('',#943,#1282,#1295,.T.);
#1295 = LINE('',#1296,#1297);
#1296 = CARTESIAN_POINT('',(91.795107532402,91.358041199077,
    1.453948073049E-12));
#1297 = VECTOR('',#1298,1.);
#1298 = DIRECTION('',(0.,0.,1.));
#1299 = PLANE('',#1300);
#1300 = AXIS2_PLACEMENT_3D('',#1301,#1302,#1303);
#1301 = CARTESIAN_POINT('',(92.795107532402,91.358041199077,
    1.454836251469E-12));
#1302 = DIRECTION('',(0.,1.,0.));
#1303 = DIRECTION('',(-1.,0.,0.));
#1304 = ADVANCED_FACE('',(#1305),#1317,.T.);
#1305 = FACE_BOUND('',#1306,.T.);
#1306 = EDGE_LOOP('',(#1307,#1314,#1315,#1316));
#1307 = ORIENTED_EDGE('',*,*,#1308,.T.);
#1308 = EDGE_CURVE('',#1229,#1282,#1309,.T.);
#1309 = B_SPLINE_CURVE_WITH_KNOTS('',3,(#1310,#1311,#1312,#1313),
  .UNSPECIFIED.,.F.,.F.,(4,4),(2.627118126344,4.145988754452),
  .PIECEWISE_BEZIER_KNOTS.);
#1310 = CARTESIAN_POINT('',(91.795107532402,92.858041199077,
    5.457586549192));
#1311 = CARTESIAN_POINT('',(91.795107532402,92.358041199077,
    5.537146439232));
#1312 = CARTESIAN_POINT('',(91.795107532402,91.858041199077,
    5.616706329271));
#1313 = CARTESIAN_POINT('',(91.795107532402,91.358041199077,
    5.69626621931));
#1314 = ORIENTED_EDGE('',*,*,#1294,.F.);
#1315 = ORIENTED_EDGE('',*,*,#942,.F.);
#1316 = ORIENTED_EDGE('',*,*,#1240,.T.);
#1317 = PLANE('',#1318);
#1318 = AXIS2_PLACEMENT_3D('',#1319,#1320,#1321);
#1319 = CARTESIAN_POINT('',(91.795107532402,93.858041199077,
    1.453059894629E-12));
#1320 = DIRECTION('',(1.,0.,0.));
#1321 = DIRECTION('',(0.,1.,-3.061616997868E-16));
#1322 = ADVANCED_FACE('',(#1323),#1337,.F.);
#1323 = FACE_BOUND('',#1324,.F.);
#1324 = EDGE_LOOP('',(#1325,#1326,#1327,#1328,#1329,#1330,#1331,#1332,
    #1333,#1334,#1335,#1336));
#1325 = ORIENTED_EDGE('',*,*,#1071,.T.);
#1326 = ORIENTED_EDGE('',*,*,#1121,.T.);
#1327 = ORIENTED_EDGE('',*,*,#1176,.T.);
#1328 = ORIENTED_EDGE('',*,*,#1228,.T.);
#1329 = ORIENTED_EDGE('',*,*,#1308,.T.);
#1330 = ORIENTED_EDGE('',*,*,#1281,.T.);
#1331 = ORIENTED_EDGE('',*,*,#1256,.T.);
#1332 = ORIENTED_EDGE('',*,*,#1203,.T.);
#1333 = ORIENTED_EDGE('',*,*,#1149,.T.);
#1334 = ORIENTED_EDGE('',*,*,#1096,.T.);
#1335 = ORIENTED_EDGE('',*,*,#1046,.T.);
#1336 = ORIENTED_EDGE('',*,*,#1012,.T.);
#1337 = B_SPLINE_SURFACE_WITH_KNOTS('',3,3,(
    (#1338,#1339,#1340,#1341,#1342,#1343)
    ,(#1344,#1345,#1346,#1347,#1348,#1349)
    ,(#1350,#1351,#1352,#1353,#1354,#1355)
    ,(#1356,#1357,#1358,#1359,#1360,#1361
    )),.UNSPECIFIED.,.F.,.F.,.F.,(4,4),(4,2,4),(0.147388144135,
    0.189221219016),(0.119089786875,0.129795172357,0.159802541087),
  .UNSPECIFIED.);
#1338 = CARTESIAN_POINT('',(90.295107532402,95.36123070657,
    5.078572136779));
#1339 = CARTESIAN_POINT('',(90.645594162525,95.360107798624,
    5.071515138915));
#1340 = CARTESIAN_POINT('',(90.99615085078,95.359281214573,
    5.066320410492));
#1341 = CARTESIAN_POINT('',(92.32947759486,95.357267783031,
    5.053666851317));
#1342 = CARTESIAN_POINT('',(93.312480532695,95.35811854223,
    5.059013510305));
#1343 = CARTESIAN_POINT('',(94.295107532405,95.361290092616,
    5.078945352735));
#1344 = CARTESIAN_POINT('',(90.295107532402,94.027826655074,
    5.29074309621));
#1345 = CARTESIAN_POINT('',(90.645594162525,94.026703747128,
    5.283686098346));
#1346 = CARTESIAN_POINT('',(90.99615085078,94.025877163076,
    5.278491369923));
#1347 = CARTESIAN_POINT('',(92.32947759486,94.023863731534,
    5.265837810748));
#1348 = CARTESIAN_POINT('',(93.312480532695,94.024714490734,
    5.271184469736));
#1349 = CARTESIAN_POINT('',(94.295107532405,94.02788604112,
    5.291116312166));
#1350 = CARTESIAN_POINT('',(90.295107532402,92.69442260357,5.50291405564
    ));
#1351 = CARTESIAN_POINT('',(90.645594162525,92.693299695624,
    5.495857057777));
#1352 = CARTESIAN_POINT('',(90.99615085078,92.692473111572,
    5.490662329353));
#1353 = CARTESIAN_POINT('',(92.32947759486,92.690459680031,
    5.478008770179));
#1354 = CARTESIAN_POINT('',(93.312480532695,92.691310439222,
    5.483355429167));
#1355 = CARTESIAN_POINT('',(94.295107532405,92.694481989609,
    5.503287271596));
#1356 = CARTESIAN_POINT('',(90.295107532402,91.361018552074,
    5.715085015071));
#1357 = CARTESIAN_POINT('',(90.645594162525,91.359895644127,
    5.708028017207));
#1358 = CARTESIAN_POINT('',(90.99615085078,91.359069060076,
    5.702833288784));
#1359 = CARTESIAN_POINT('',(92.32947759486,91.357055628534,5.69017972961
    ));
#1360 = CARTESIAN_POINT('',(93.312480532695,91.357906387726,
    5.695526388597));
#1361 = CARTESIAN_POINT('',(94.295107532405,91.361077938112,
    5.715458231027));
#1362 = ADVANCED_FACE('',(#1363),#1416,.F.);
#1363 = FACE_BOUND('',#1364,.F.);
#1364 = EDGE_LOOP('',(#1365,#1366,#1367,#1368,#1379,#1390,#1408,#1415));
#1365 = ORIENTED_EDGE('',*,*,#727,.F.);
#1366 = ORIENTED_EDGE('',*,*,#752,.F.);
#1367 = ORIENTED_EDGE('',*,*,#448,.F.);
#1368 = ORIENTED_EDGE('',*,*,#1369,.T.);
#1369 = EDGE_CURVE('',#431,#1370,#1372,.T.);
#1370 = VERTEX_POINT('',#1371);
#1371 = CARTESIAN_POINT('',(79.927830296525,101.10326640213,
    2.226663298188E-12));
#1372 = B_SPLINE_CURVE_WITH_KNOTS('',3,(#1373,#1374,#1375,#1376,#1377,
    #1378),.UNSPECIFIED.,.F.,.F.,(4,2,4),(0.615703186277,3.144812940243,
    5.894095207301),.UNSPECIFIED.);
#1373 = CARTESIAN_POINT('',(82.260580682636,100.68932375124,
    4.731386150032));
#1374 = CARTESIAN_POINT('',(81.889776833992,100.75552922399,
    3.974654133776));
#1375 = CARTESIAN_POINT('',(81.516398901193,100.82196123623,
    3.215332759268));
#1376 = CARTESIAN_POINT('',(80.741123776552,100.95953072337,
    1.642906326021));
#1377 = CARTESIAN_POINT('',(80.333821924804,101.03159482003,
    0.819209932042));
#1378 = CARTESIAN_POINT('',(79.927830296525,101.10326640213,
    2.232880547126E-12));
#1379 = ORIENTED_EDGE('',*,*,#1380,.F.);
#1380 = EDGE_CURVE('',#1381,#1370,#1383,.T.);
#1381 = VERTEX_POINT('',#1382);
#1382 = CARTESIAN_POINT('',(79.868539840427,85.729582103988,
    2.226663298188E-12));
#1383 = B_SPLINE_CURVE_WITH_KNOTS('',3,(#1384,#1385,#1386,#1387,#1388,
    #1389),.UNSPECIFIED.,.F.,.F.,(4,2,4),(0.237540930926,7.883624408878,
    15.440287488738),.UNSPECIFIED.);
#1384 = CARTESIAN_POINT('',(79.868539840427,85.729582103988,
    2.226663298188E-12));
#1385 = CARTESIAN_POINT('',(79.875111468562,88.281744151238,
    2.226663298188E-12));
#1386 = CARTESIAN_POINT('',(79.882956152316,90.888182994946,
    2.275957200482E-12));
#1387 = CARTESIAN_POINT('',(79.901883606704,95.965505969012,
    2.275957200482E-12));
#1388 = CARTESIAN_POINT('',(79.913407497235,98.567764737643,
    2.238209617644E-12));
#1389 = CARTESIAN_POINT('',(79.927830296525,101.10326640214,
    2.238209617644E-12));
#1390 = ORIENTED_EDGE('',*,*,#1391,.T.);
#1391 = EDGE_CURVE('',#1381,#1392,#1394,.T.);
#1392 = VERTEX_POINT('',#1393);
#1393 = CARTESIAN_POINT('',(82.376551092257,88.720732100606,
    6.623821996233));
#1394 = B_SPLINE_CURVE_WITH_KNOTS('',3,(#1395,#1396,#1397,#1398,#1399,
    #1400,#1401,#1402,#1403,#1404,#1405,#1406,#1407),.UNSPECIFIED.,.F.,
  .F.,(4,3,3,3,4),(0.189617621715,3.838517701247,4.259746586174,
    7.3957417546,7.850419998662),.UNSPECIFIED.);
#1395 = CARTESIAN_POINT('',(79.868539840427,85.729582103988,
    2.23171481295E-12));
#1396 = CARTESIAN_POINT('',(80.264233008757,86.203301700682,
    1.049039429045));
#1397 = CARTESIAN_POINT('',(80.663013068479,86.680016078189,
    2.104675163542));
#1398 = CARTESIAN_POINT('',(81.060339474769,87.15407105234,
    3.154452817203));
#1399 = CARTESIAN_POINT('',(81.106206819839,87.208795940335,
    3.27563910919));
#1400 = CARTESIAN_POINT('',(81.152054789638,87.263485386523,
    3.396747278146));
#1401 = CARTESIAN_POINT('',(81.197876397047,87.318130705375,
    3.517758123434));
#1402 = CARTESIAN_POINT('',(81.539012403114,87.724958114479,
    4.418668387975));
#1403 = CARTESIAN_POINT('',(81.883280987016,88.134817564941,
    5.326320259813));
#1404 = CARTESIAN_POINT('',(82.227062303088,88.543205862684,
    6.230693322785));
#1405 = CARTESIAN_POINT('',(82.276906093253,88.602416819379,
    6.361815577178));
#1406 = CARTESIAN_POINT('',(82.326739638207,88.661596827271,
    6.492868821777));
#1407 = CARTESIAN_POINT('',(82.376551903984,88.720732160809,
    6.623822435807));
#1408 = ORIENTED_EDGE('',*,*,#1409,.F.);
#1409 = EDGE_CURVE('',#785,#1392,#1410,.T.);
#1410 = B_SPLINE_CURVE_WITH_KNOTS('',3,(#1411,#1412,#1413,#1414),
  .UNSPECIFIED.,.F.,.F.,(4,4),(-4.658483373936,-0.300685921179),
  .PIECEWISE_BEZIER_KNOTS.);
#1411 = CARTESIAN_POINT('',(82.340807976492,93.033041199065,
    5.941332987864));
#1412 = CARTESIAN_POINT('',(82.353686426839,91.597515725691,
    6.168423468066));
#1413 = CARTESIAN_POINT('',(82.365562188705,90.15626148296,
    6.396531637776));
#1414 = CARTESIAN_POINT('',(82.376551092078,88.720732100563,
    6.623821996002));
#1415 = ORIENTED_EDGE('',*,*,#796,.F.);
#1416 = B_SPLINE_SURFACE_WITH_KNOTS('',3,3,(
    (#1417,#1418,#1419,#1420)
    ,(#1421,#1422,#1423,#1424)
    ,(#1425,#1426,#1427,#1428)
    ,(#1429,#1430,#1431,#1432
    )),.UNSPECIFIED.,.F.,.F.,.F.,(4,4),(4,4),(6.817430090396E-02,
    0.93402876038),(5.530734825159E-02,0.889474546304),
  .PIECEWISE_BEZIER_KNOTS.);
#1417 = CARTESIAN_POINT('',(79.818344726962,101.11428971299,
    -0.220818829066));
#1418 = CARTESIAN_POINT('',(80.652163839801,101.03051075428,
    1.460844631491));
#1419 = CARTESIAN_POINT('',(81.485597499319,100.94308515677,
    3.142559612343));
#1420 = CARTESIAN_POINT('',(82.317660592275,100.84864024868,
    4.824685475637));
#1421 = CARTESIAN_POINT('',(79.841857999516,95.986114891959,
    -0.13829722953));
#1422 = CARTESIAN_POINT('',(80.677271220382,96.238975614076,
    1.723086836311));
#1423 = CARTESIAN_POINT('',(81.51276014762,96.488785823763,
    3.585150182384));
#1424 = CARTESIAN_POINT('',(82.347643547106,96.733126923296,
    5.448507033734));
#1425 = CARTESIAN_POINT('',(79.856853516718,90.857868727151,
    -6.619441913718E-02));
#1426 = CARTESIAN_POINT('',(80.692795643015,91.446998377753,
    1.973568554839));
#1427 = CARTESIAN_POINT('',(81.528844344801,92.033487531655,
    4.014228611065));
#1428 = CARTESIAN_POINT('',(82.364447483083,92.615435166423,
    6.056423339655));
#1429 = CARTESIAN_POINT('',(79.868539840427,85.729582103988,
    2.206235194535E-12));
#1430 = CARTESIAN_POINT('',(80.704815532383,86.654772489696,
    2.217607335886));
#1431 = CARTESIAN_POINT('',(81.541141997262,87.577633212721,
    4.436186092605));
#1432 = CARTESIAN_POINT('',(82.377252516457,88.49666609073,6.65647388181
    ));
#1433 = ADVANCED_FACE('',(#1434),#1449,.F.);
#1434 = FACE_BOUND('',#1435,.T.);
#1435 = EDGE_LOOP('',(#1436,#1437,#1438,#1439,#1445,#1446,#1447,#1448));
#1436 = ORIENTED_EDGE('',*,*,#64,.T.);
#1437 = ORIENTED_EDGE('',*,*,#430,.T.);
#1438 = ORIENTED_EDGE('',*,*,#1369,.T.);
#1439 = ORIENTED_EDGE('',*,*,#1440,.T.);
#1440 = EDGE_CURVE('',#1370,#675,#1441,.T.);
#1441 = LINE('',#1442,#1443);
#1442 = CARTESIAN_POINT('',(101.55760753241,101.10326640213,
    2.224442852139E-12));
#1443 = VECTOR('',#1444,1.);
#1444 = DIRECTION('',(1.,1.788716237788E-19,-1.007310030931E-16));
#1445 = ORIENTED_EDGE('',*,*,#685,.F.);
#1446 = ORIENTED_EDGE('',*,*,#400,.T.);
#1447 = ORIENTED_EDGE('',*,*,#119,.T.);
#1448 = ORIENTED_EDGE('',*,*,#41,.T.);
#1449 = PLANE('',#1450);
#1450 = AXIS2_PLACEMENT_3D('',#1451,#1452,#1453);
#1451 = CARTESIAN_POINT('',(106.05760753241,101.11279782644,
    -0.108944678432));
#1452 = DIRECTION('',(8.601094428995E-18,0.996194698092,
    8.715574274715E-02));
#1453 = DIRECTION('',(0.,-8.715574274715E-02,0.996194698092));
#1454 = ADVANCED_FACE('',(#1455),#1485,.F.);
#1455 = FACE_BOUND('',#1456,.T.);
#1456 = EDGE_LOOP('',(#1457,#1458,#1459,#1460,#1466,#1467,#1483,#1484));
#1457 = ORIENTED_EDGE('',*,*,#820,.T.);
#1458 = ORIENTED_EDGE('',*,*,#616,.T.);
#1459 = ORIENTED_EDGE('',*,*,#656,.T.);
#1460 = ORIENTED_EDGE('',*,*,#1461,.T.);
#1461 = EDGE_CURVE('',#657,#1381,#1462,.T.);
#1462 = LINE('',#1463,#1464);
#1463 = CARTESIAN_POINT('',(92.55760753241,85.729582103988,
    2.225331030559E-12));
#1464 = VECTOR('',#1465,1.);
#1465 = DIRECTION('',(-1.,9.232497659334E-19,1.007310030931E-16));
#1466 = ORIENTED_EDGE('',*,*,#1391,.T.);
#1467 = ORIENTED_EDGE('',*,*,#1468,.T.);
#1468 = EDGE_CURVE('',#1392,#843,#1469,.T.);
#1469 = B_SPLINE_CURVE_WITH_KNOTS('',3,(#1470,#1471,#1472,#1473,#1474,
    #1475,#1476,#1477,#1478,#1479,#1480,#1481,#1482),.UNSPECIFIED.,.F.,
  .F.,(4,3,3,3,4),(0.210850261552,4.941438648427,8.410636323294,
    9.196127954631,9.818636030766),.UNSPECIFIED.);
#1470 = CARTESIAN_POINT('',(82.376551092278,88.720732100559,
    6.623821995982));
#1471 = CARTESIAN_POINT('',(83.944773578716,88.652746343237,
    6.473269318488));
#1472 = CARTESIAN_POINT('',(85.517497949385,88.600842325078,
    6.358328616816));
#1473 = CARTESIAN_POINT('',(87.091976236951,88.565133280913,
    6.279251985511));
#1474 = CARTESIAN_POINT('',(88.246626784638,88.538945896986,
    6.221260791624));
#1475 = CARTESIAN_POINT('',(89.403006779612,88.521449519871,
    6.182513573589));
#1476 = CARTESIAN_POINT('',(90.560418267473,88.512724765011,
    6.163192684467));
#1477 = CARTESIAN_POINT('',(90.82247800662,88.510749316342,6.15881807162
    ));
#1478 = CARTESIAN_POINT('',(91.084590628725,88.50922358227,
    6.155439567303));
#1479 = CARTESIAN_POINT('',(91.346748028245,88.508148557053,
    6.153059655931));
#1480 = CARTESIAN_POINT('',(91.554509755944,88.507296591415,
    6.151173558115));
#1481 = CARTESIAN_POINT('',(91.762297595073,88.50672771992,
    6.149914759172));
#1482 = CARTESIAN_POINT('',(91.970107532401,88.5064421301,6.149282564299
    ));
#1483 = ORIENTED_EDGE('',*,*,#851,.T.);
#1484 = ORIENTED_EDGE('',*,*,#889,.T.);
#1485 = PLANE('',#1486);
#1486 = AXIS2_PLACEMENT_3D('',#1487,#1488,#1489);
#1487 = CARTESIAN_POINT('',(88.05760753241,85.497270801614,
    -0.514447191327));
#1488 = DIRECTION('',(4.061519052569E-17,-0.911383682043,0.411557753063)
  );
#1489 = DIRECTION('',(0.,-0.411557753063,-0.911383682043));
#1490 = ADVANCED_FACE('',(#1491,#1561),#1567,.F.);
#1491 = FACE_BOUND('',#1492,.T.);
#1492 = EDGE_LOOP('',(#1493,#1503,#1512,#1520,#1529,#1537,#1546,#1554));
#1493 = ORIENTED_EDGE('',*,*,#1494,.T.);
#1494 = EDGE_CURVE('',#1495,#1497,#1499,.T.);
#1495 = VERTEX_POINT('',#1496);
#1496 = CARTESIAN_POINT('',(106.05760753241,102.10804119906,
    2.224886941349E-12));
#1497 = VERTEX_POINT('',#1498);
#1498 = CARTESIAN_POINT('',(106.05760753241,84.608041199062,
    2.224886941349E-12));
#1499 = LINE('',#1500,#1501);
#1500 = CARTESIAN_POINT('',(106.05760753241,84.608041199062,
    2.224886941349E-12));
#1501 = VECTOR('',#1502,1.);
#1502 = DIRECTION('',(-1.54074395551E-33,-1.,0.));
#1503 = ORIENTED_EDGE('',*,*,#1504,.T.);
#1504 = EDGE_CURVE('',#1497,#1505,#1507,.T.);
#1505 = VERTEX_POINT('',#1506);
#1506 = CARTESIAN_POINT('',(105.80760753241,84.358041199062,
    2.224886941349E-12));
#1507 = CIRCLE('',#1508,0.25);
#1508 = AXIS2_PLACEMENT_3D('',#1509,#1510,#1511);
#1509 = CARTESIAN_POINT('',(105.80760753241,84.608041199062,
    2.224886941349E-12));
#1510 = DIRECTION('',(0.,0.,-1.));
#1511 = DIRECTION('',(7.105427357601E-15,-1.,0.));
#1512 = ORIENTED_EDGE('',*,*,#1513,.T.);
#1513 = EDGE_CURVE('',#1505,#1514,#1516,.T.);
#1514 = VERTEX_POINT('',#1515);
#1515 = CARTESIAN_POINT('',(78.782607532401,84.358041199062,
    2.226663298188E-12));
#1516 = LINE('',#1517,#1518);
#1517 = CARTESIAN_POINT('',(78.782607532401,84.358041199062,
    2.226663298188E-12));
#1518 = VECTOR('',#1519,1.);
#1519 = DIRECTION('',(-1.,-1.54074395551E-33,1.015061051086E-16));
#1520 = ORIENTED_EDGE('',*,*,#1521,.T.);
#1521 = EDGE_CURVE('',#1514,#1522,#1524,.T.);
#1522 = VERTEX_POINT('',#1523);
#1523 = CARTESIAN_POINT('',(78.532607532401,84.608041199062,
    2.226663298188E-12));
#1524 = CIRCLE('',#1525,0.25);
#1525 = AXIS2_PLACEMENT_3D('',#1526,#1527,#1528);
#1526 = CARTESIAN_POINT('',(78.782607532401,84.608041199062,
    2.226663298188E-12));
#1527 = DIRECTION('',(0.,0.,-1.));
#1528 = DIRECTION('',(-1.,-7.105427357601E-15,-0.));
#1529 = ORIENTED_EDGE('',*,*,#1530,.T.);
#1530 = EDGE_CURVE('',#1522,#1531,#1533,.T.);
#1531 = VERTEX_POINT('',#1532);
#1532 = CARTESIAN_POINT('',(78.532607532401,102.10804119906,
    2.226663298188E-12));
#1533 = LINE('',#1534,#1535);
#1534 = CARTESIAN_POINT('',(78.532607532401,102.10804119906,
    2.226663298188E-12));
#1535 = VECTOR('',#1536,1.);
#1536 = DIRECTION('',(1.54074395551E-33,1.,0.));
#1537 = ORIENTED_EDGE('',*,*,#1538,.T.);
#1538 = EDGE_CURVE('',#1531,#1539,#1541,.T.);
#1539 = VERTEX_POINT('',#1540);
#1540 = CARTESIAN_POINT('',(78.782607532401,102.35804119906,
    2.226663298188E-12));
#1541 = CIRCLE('',#1542,0.25);
#1542 = AXIS2_PLACEMENT_3D('',#1543,#1544,#1545);
#1543 = CARTESIAN_POINT('',(78.782607532401,102.10804119906,
    2.226663298188E-12));
#1544 = DIRECTION('',(0.,0.,-1.));
#1545 = DIRECTION('',(-7.105427357601E-15,1.,0.));
#1546 = ORIENTED_EDGE('',*,*,#1547,.T.);
#1547 = EDGE_CURVE('',#1539,#1548,#1550,.T.);
#1548 = VERTEX_POINT('',#1549);
#1549 = CARTESIAN_POINT('',(105.80760753241,102.35804119906,
    2.224886941349E-12));
#1550 = LINE('',#1551,#1552);
#1551 = CARTESIAN_POINT('',(96.282607532401,102.35804119906,
    2.224886941349E-12));
#1552 = VECTOR('',#1553,1.);
#1553 = DIRECTION('',(1.,1.54074395551E-33,-1.015061051086E-16));
#1554 = ORIENTED_EDGE('',*,*,#1555,.T.);
#1555 = EDGE_CURVE('',#1548,#1495,#1556,.T.);
#1556 = CIRCLE('',#1557,0.25);
#1557 = AXIS2_PLACEMENT_3D('',#1558,#1559,#1560);
#1558 = CARTESIAN_POINT('',(105.80760753241,102.10804119906,
    2.224886941349E-12));
#1559 = DIRECTION('',(0.,0.,-1.));
#1560 = DIRECTION('',(1.,7.105427357601E-15,0.));
#1561 = FACE_BOUND('',#1562,.T.);
#1562 = EDGE_LOOP('',(#1563,#1564,#1565,#1566));
#1563 = ORIENTED_EDGE('',*,*,#674,.F.);
#1564 = ORIENTED_EDGE('',*,*,#1440,.F.);
#1565 = ORIENTED_EDGE('',*,*,#1380,.F.);
#1566 = ORIENTED_EDGE('',*,*,#1461,.F.);
#1567 = PLANE('',#1568);
#1568 = AXIS2_PLACEMENT_3D('',#1569,#1570,#1571);
#1569 = CARTESIAN_POINT('',(97.05760753241,93.358041199062,
    2.224886941349E-12));
#1570 = DIRECTION('',(1.007310030931E-16,4.511556728623E-51,1.));
#1571 = DIRECTION('',(1.,0.,-1.007310030931E-16));
#1572 = ADVANCED_FACE('',(#1573),#1623,.F.);
#1573 = FACE_BOUND('',#1574,.F.);
#1574 = EDGE_LOOP('',(#1575,#1592,#1601,#1616));
#1575 = ORIENTED_EDGE('',*,*,#1576,.F.);
#1576 = EDGE_CURVE('',#1577,#1579,#1581,.T.);
#1577 = VERTEX_POINT('',#1578);
#1578 = CARTESIAN_POINT('',(102.88731002358,100.18715578188,
    6.144163640272));
#1579 = VERTEX_POINT('',#1580);
#1580 = CARTESIAN_POINT('',(102.86036675643,89.657317851641,
    7.816670469332));
#1581 = B_SPLINE_CURVE_WITH_KNOTS('',3,(#1582,#1583,#1584,#1585,#1586,
    #1587,#1588,#1589,#1590,#1591),.UNSPECIFIED.,.F.,.F.,(4,1,1,1,1,1,1,
    4),(0.,0.761562335755,1.523124671509,4.569374014528,7.615623357546,
    9.138748029055,9.90031036481,10.661872700564),.UNSPECIFIED.);
#1582 = CARTESIAN_POINT('',(102.88731002358,100.18715578188,
    6.144163640272));
#1583 = CARTESIAN_POINT('',(102.88723491614,99.936454295683,
    6.184046835723));
#1584 = CARTESIAN_POINT('',(102.8856015462,99.435027810592,6.26365169515
    ));
#1585 = CARTESIAN_POINT('',(102.88100145865,97.930754327281,
    6.502498877633));
#1586 = CARTESIAN_POINT('',(102.87384670311,95.674339760415,
    6.860742437312));
#1587 = CARTESIAN_POINT('',(102.86734935793,93.167233922119,
    7.258949750716));
#1588 = CARTESIAN_POINT('',(102.863299315,91.412267149441,7.537749323861
    ));
#1589 = CARTESIAN_POINT('',(102.86137961515,90.409435108595,
    7.697106323199));
#1590 = CARTESIAN_POINT('',(102.86040982727,89.908018789371,
    7.77678377867));
#1591 = CARTESIAN_POINT('',(102.86036675643,89.657317851634,
    7.816670469333));
#1592 = ORIENTED_EDGE('',*,*,#1593,.F.);
#1593 = EDGE_CURVE('',#1594,#1577,#1596,.T.);
#1594 = VERTEX_POINT('',#1595);
#1595 = CARTESIAN_POINT('',(103.136604729,100.16611870437,6.012397437036
    ));
#1596 = CIRCLE('',#1597,0.250000000004);
#1597 = AXIS2_PLACEMENT_3D('',#1598,#1599,#1600);
#1598 = CARTESIAN_POINT('',(102.91465852421,100.14810584212,
    5.89875141214));
#1599 = DIRECTION('',(-2.966320259598E-04,-0.987580967932,0.157110610042
    ));
#1600 = DIRECTION('',(0.887784819143,7.205144904687E-02,0.454584099578)
  );
#1601 = ORIENTED_EDGE('',*,*,#1602,.F.);
#1602 = EDGE_CURVE('',#1603,#1594,#1605,.T.);
#1603 = VERTEX_POINT('',#1604);
#1604 = CARTESIAN_POINT('',(103.12349394209,89.631255727152,
    7.653146281393));
#1605 = B_SPLINE_CURVE_WITH_KNOTS('',3,(#1606,#1607,#1608,#1609,#1610,
    #1611,#1612,#1613,#1614,#1615),.UNSPECIFIED.,.F.,.F.,(4,1,1,1,1,1,1,
    4),(-10.66187270056,-9.90031036481,-9.138748029055,-7.615623357546,
    -4.569374014528,-1.523124671509,-0.761562335755,0.),.UNSPECIFIED.);
#1606 = CARTESIAN_POINT('',(103.12349394209,89.631255727145,
    7.653146281394));
#1607 = CARTESIAN_POINT('',(103.12338497297,89.881084661836,
    7.613836081607));
#1608 = CARTESIAN_POINT('',(103.12401840569,90.383003460127,
    7.535048636021));
#1609 = CARTESIAN_POINT('',(103.1250987778,91.385908653174,
    7.378044208176));
#1610 = CARTESIAN_POINT('',(103.12745012116,93.141592940927,
    7.103747229339));
#1611 = CARTESIAN_POINT('',(103.13089296175,95.649798480954,
    6.713078107782));
#1612 = CARTESIAN_POINT('',(103.13434287501,97.907042279687,
    6.362968310777));
#1613 = CARTESIAN_POINT('',(103.13614433082,99.412664838055,
    6.129630448912));
#1614 = CARTESIAN_POINT('',(103.13691287316,99.913707627376,
    6.051802726535));
#1615 = CARTESIAN_POINT('',(103.13660472902,100.16611870428,
    6.012397437013));
#1616 = ORIENTED_EDGE('',*,*,#1617,.F.);
#1617 = EDGE_CURVE('',#1579,#1603,#1618,.T.);
#1618 = CIRCLE('',#1619,0.25);
#1619 = AXIS2_PLACEMENT_3D('',#1620,#1621,#1622);
#1620 = CARTESIAN_POINT('',(102.88764569098,89.61826671032,
    7.571250689992));
#1621 = DIRECTION('',(1.701057535085E-04,0.987578801693,-0.157124414117)
  );
#1622 = DIRECTION('',(-0.10911573823,0.156204565262,0.981679117361));
#1623 = B_SPLINE_SURFACE_WITH_KNOTS('',3,3,(
    (#1624,#1625,#1626,#1627,#1628,#1629,#1630,#1631,#1632,#1633)
    ,(#1634,#1635,#1636,#1637,#1638,#1639,#1640,#1641,#1642,#1643)
    ,(#1644,#1645,#1646,#1647,#1648,#1649,#1650,#1651,#1652,#1653)
    ,(#1654,#1655,#1656,#1657,#1658,#1659,#1660,#1661,#1662,#1663)
    ,(#1664,#1665,#1666,#1667,#1668,#1669,#1670,#1671,#1672,#1673
  )),.UNSPECIFIED.,.F.,.F.,.F.,(4,1,4),(4,1,1,1,1,1,1,4),(0.,
    0.571428571429,1.),(0.,0.761562335755,1.523124671509,4.569374014528,
    7.615623357546,9.138748029055,9.90031036481,10.661872700564),
  .UNSPECIFIED.);
#1624 = CARTESIAN_POINT('',(102.88731002358,100.18715578188,
    6.144163640272));
#1625 = CARTESIAN_POINT('',(102.88723491614,99.936454295683,
    6.184046835723));
#1626 = CARTESIAN_POINT('',(102.8856015462,99.435027810592,6.26365169515
    ));
#1627 = CARTESIAN_POINT('',(102.88100145865,97.930754327281,
    6.502498877633));
#1628 = CARTESIAN_POINT('',(102.87384670311,95.674339760415,
    6.860742437312));
#1629 = CARTESIAN_POINT('',(102.86734935793,93.167233922119,
    7.258949750716));
#1630 = CARTESIAN_POINT('',(102.863299315,91.412267149441,7.537749323861
    ));
#1631 = CARTESIAN_POINT('',(102.86137961515,90.409435108595,
    7.697106323199));
#1632 = CARTESIAN_POINT('',(102.86040982727,89.908018789371,
    7.77678377867));
#1633 = CARTESIAN_POINT('',(102.86036675643,89.657317851634,
    7.816670469333));
#1634 = CARTESIAN_POINT('',(102.94421042953,100.18812296264,
    6.150350668724));
#1635 = CARTESIAN_POINT('',(102.94429394192,99.937033007278,
    6.190316434648));
#1636 = CARTESIAN_POINT('',(102.94302047565,99.435771564196,
    6.269935252874));
#1637 = CARTESIAN_POINT('',(102.93961587236,97.931404211456,
    6.508937842138));
#1638 = CARTESIAN_POINT('',(102.93415251378,95.675122614368,
    6.86733337466));
#1639 = CARTESIAN_POINT('',(102.92920510277,93.168064701429,
    7.265694335017));
#1640 = CARTESIAN_POINT('',(102.92607423223,91.413108023815,
    7.544587545202));
#1641 = CARTESIAN_POINT('',(102.92462623443,90.410361628645,
    7.703989674749));
#1642 = CARTESIAN_POINT('',(102.92384780468,89.90885465841,7.78369971797
    ));
#1643 = CARTESIAN_POINT('',(102.92389227162,89.658402850895,
    7.823558821677));
#1644 = CARTESIAN_POINT('',(103.04732285823,100.18420938239,
    6.125944991186));
#1645 = CARTESIAN_POINT('',(103.04769873475,99.93241011721,
    6.165841787161));
#1646 = CARTESIAN_POINT('',(103.04709346385,99.43136123471,
    6.245016616027));
#1647 = CARTESIAN_POINT('',(103.045902845,97.926577820166,6.48269915111)
  );
#1648 = CARTESIAN_POINT('',(103.04359378553,95.670169108758,
    6.839103816115));
#1649 = CARTESIAN_POINT('',(103.04153248433,93.162850848821,
    7.235571331316));
#1650 = CARTESIAN_POINT('',(103.04011227924,91.407703788631,
    7.513317805117));
#1651 = CARTESIAN_POINT('',(103.03953311544,90.404993901313,
    7.672094466787));
#1652 = CARTESIAN_POINT('',(103.03911199147,89.903286496461,
    7.751587939679));
#1653 = CARTESIAN_POINT('',(103.03931695121,89.653245051908,
    7.791265313579));
#1654 = CARTESIAN_POINT('',(103.11684445812,100.172112802,6.050038404052
    ));
#1655 = CARTESIAN_POINT('',(103.11722581019,99.919833899301,
    6.089596245469));
#1656 = CARTESIAN_POINT('',(103.11662558034,99.41880838255,6.1678175189)
  );
#1657 = CARTESIAN_POINT('',(103.11541004826,97.913416632342,
    6.402429583731));
#1658 = CARTESIAN_POINT('',(103.1128860348,95.65642385347,6.754354211313
    ));
#1659 = CARTESIAN_POINT('',(103.11041429383,93.148470790315,
    7.14665966381));
#1660 = CARTESIAN_POINT('',(103.10867876845,91.39293380305,
    7.421917971601));
#1661 = CARTESIAN_POINT('',(103.10792475922,90.39009207442,
    7.579410970623));
#1662 = CARTESIAN_POINT('',(103.10742575796,89.888219384855,
    7.658395093976));
#1663 = CARTESIAN_POINT('',(103.10759655675,89.638363113809,
    7.697801341595));
#1664 = CARTESIAN_POINT('',(103.13660472902,100.16611870428,
    6.012397437013));
#1665 = CARTESIAN_POINT('',(103.13691287316,99.913707627376,
    6.051802726535));
#1666 = CARTESIAN_POINT('',(103.13614433082,99.412664838055,
    6.129630448912));
#1667 = CARTESIAN_POINT('',(103.13434287501,97.907042279687,
    6.362968310777));
#1668 = CARTESIAN_POINT('',(103.13089296175,95.649798480954,
    6.713078107782));
#1669 = CARTESIAN_POINT('',(103.12745012116,93.141592940927,
    7.103747229339));
#1670 = CARTESIAN_POINT('',(103.1250987778,91.385908653174,
    7.378044208176));
#1671 = CARTESIAN_POINT('',(103.12401840569,90.383003460127,
    7.535048636021));
#1672 = CARTESIAN_POINT('',(103.12338497297,89.881084661836,
    7.613836081607));
#1673 = CARTESIAN_POINT('',(103.12349394209,89.631255727145,
    7.653146281394));
#1674 = ADVANCED_FACE('',(#1675),#1711,.F.);
#1675 = FACE_BOUND('',#1676,.F.);
#1676 = EDGE_LOOP('',(#1677,#1690,#1699,#1710));
#1677 = ORIENTED_EDGE('',*,*,#1678,.F.);
#1678 = EDGE_CURVE('',#1679,#1577,#1681,.T.);
#1679 = VERTEX_POINT('',#1680);
#1680 = CARTESIAN_POINT('',(101.55355082617,101.66286867905,
    5.770172921344));
#1681 = B_SPLINE_CURVE_WITH_KNOTS('',3,(#1682,#1683,#1684,#1685,#1686,
    #1687,#1688,#1689),.UNSPECIFIED.,.F.,.F.,(4,1,1,1,1,4),(0.,
    0.637793153154,0.956689729731,1.195862162163,1.594482882884,
    2.232276036038),.UNSPECIFIED.);
#1682 = CARTESIAN_POINT('',(101.55355082617,101.66286867905,
    5.770172921344));
#1683 = CARTESIAN_POINT('',(101.76456909733,101.66103467093,
    5.790990038756));
#1684 = CARTESIAN_POINT('',(102.07563668246,101.56706252357,
    5.837346468869));
#1685 = CARTESIAN_POINT('',(102.39077178433,101.33087488248,
    5.908093576547));
#1686 = CARTESIAN_POINT('',(102.60233000291,101.09883793349,
    5.967706203325));
#1687 = CARTESIAN_POINT('',(102.81533030634,100.73629632204,
    6.048722973628));
#1688 = CARTESIAN_POINT('',(102.88737292455,100.39711323916,
    6.11076226547));
#1689 = CARTESIAN_POINT('',(102.88731002358,100.18715578211,
    6.144163640238));
#1690 = ORIENTED_EDGE('',*,*,#1691,.F.);
#1691 = EDGE_CURVE('',#1692,#1679,#1694,.T.);
#1692 = VERTEX_POINT('',#1693);
#1693 = CARTESIAN_POINT('',(101.57745563185,101.87281164703,
    5.546199158516));
#1694 = CIRCLE('',#1695,0.250000000002);
#1695 = AXIS2_PLACEMENT_3D('',#1696,#1697,#1698);
#1696 = CARTESIAN_POINT('',(101.57745563185,101.62376297251,
    5.524410222829));
#1697 = DIRECTION('',(0.995133491215,-8.587974448796E-03,
    9.816099712427E-02));
#1698 = DIRECTION('',(6.395751983579E-14,0.996194698092,
    8.715574274723E-02));
#1699 = ORIENTED_EDGE('',*,*,#1700,.F.);
#1700 = EDGE_CURVE('',#1594,#1692,#1701,.T.);
#1701 = B_SPLINE_CURVE_WITH_KNOTS('',3,(#1702,#1703,#1704,#1705,#1706,
    #1707,#1708,#1709),.UNSPECIFIED.,.F.,.F.,(4,1,1,1,1,4),(
    -2.232276036038,-1.594482882884,-1.195862162163,-0.956689729731,
    -0.637793153154,0.),.UNSPECIFIED.);
#1702 = CARTESIAN_POINT('',(103.13660472902,100.1661187045,
    6.012397436979));
#1703 = CARTESIAN_POINT('',(103.12983987306,100.41043136555,
    5.986885447557));
#1704 = CARTESIAN_POINT('',(103.03898445559,100.79669571361,
    5.928433781141));
#1705 = CARTESIAN_POINT('',(102.79422494478,101.20768318839,
    5.840616909529));
#1706 = CARTESIAN_POINT('',(102.55322776743,101.47344825312,
    5.76995946976));
#1707 = CARTESIAN_POINT('',(102.19415124617,101.7480462519,
    5.677957174957));
#1708 = CARTESIAN_POINT('',(101.83221876469,101.86812508154,
    5.599766847187));
#1709 = CARTESIAN_POINT('',(101.57745563185,101.87281164703,
    5.546199158517));
#1710 = ORIENTED_EDGE('',*,*,#1593,.T.);
#1711 = B_SPLINE_SURFACE_WITH_KNOTS('',3,3,(
    (#1712,#1713,#1714,#1715,#1716,#1717,#1718,#1719)
    ,(#1720,#1721,#1722,#1723,#1724,#1725,#1726,#1727)
    ,(#1728,#1729,#1730,#1731,#1732,#1733,#1734,#1735)
    ,(#1736,#1737,#1738,#1739,#1740,#1741,#1742,#1743)
    ,(#1744,#1745,#1746,#1747,#1748,#1749,#1750,#1751
  )),.UNSPECIFIED.,.F.,.F.,.F.,(4,1,4),(4,1,1,1,1,4),(0.,0.571428571429,
    1.),(0.,0.637793153154,0.956689729731,1.195862162163,1.594482882884,
    2.232276036038),.UNSPECIFIED.);
#1712 = CARTESIAN_POINT('',(101.55355082617,101.66286867905,
    5.770172921344));
#1713 = CARTESIAN_POINT('',(101.76456909733,101.66103467093,
    5.790990038756));
#1714 = CARTESIAN_POINT('',(102.07563668246,101.56706252357,
    5.837346468869));
#1715 = CARTESIAN_POINT('',(102.39077178433,101.33087488248,
    5.908093576547));
#1716 = CARTESIAN_POINT('',(102.60233000291,101.09883793349,
    5.967706203325));
#1717 = CARTESIAN_POINT('',(102.81533030634,100.73629632204,
    6.048722973628));
#1718 = CARTESIAN_POINT('',(102.88737292455,100.39711323916,
    6.11076226547));
#1719 = CARTESIAN_POINT('',(102.88731002358,100.18715578211,
    6.144163640238));
#1720 = CARTESIAN_POINT('',(101.55505443476,101.72527322886,
    5.760389375853));
#1721 = CARTESIAN_POINT('',(101.77799575903,101.71791354427,
    5.783107797314));
#1722 = CARTESIAN_POINT('',(102.10045100085,101.61488513906,
    5.832094168078));
#1723 = CARTESIAN_POINT('',(102.4254985254,101.3686396439,5.905560617504
    ));
#1724 = CARTESIAN_POINT('',(102.64367878099,101.12860769586,
    5.967251980544));
#1725 = CARTESIAN_POINT('',(102.86422839145,100.75524053667,
    6.050938211246));
#1726 = CARTESIAN_POINT('',(102.9414480859,100.40595951569,
    6.115325075141));
#1727 = CARTESIAN_POINT('',(102.94421042953,100.18812296287,
    6.150350668689));
#1728 = CARTESIAN_POINT('',(101.56188191736,101.82696644037,
    5.700070939007));
#1729 = CARTESIAN_POINT('',(101.80480556396,101.8116791583,
    5.734194527296));
#1730 = CARTESIAN_POINT('',(102.14679450903,101.69377040536,
    5.793225431774));
#1731 = CARTESIAN_POINT('',(102.48897882437,101.43044999046,
    5.873984806609));
#1732 = CARTESIAN_POINT('',(102.71875396249,101.17651397761,
    5.93978377464));
#1733 = CARTESIAN_POINT('',(102.95264008916,100.78405500228,
    6.026934712363));
#1734 = CARTESIAN_POINT('',(103.03935257197,100.41634896308,
    6.091881348977));
#1735 = CARTESIAN_POINT('',(103.04732285824,100.1842093826,
    6.125944991152));
#1736 = CARTESIAN_POINT('',(101.57278615816,101.86870156444,
    5.593177617497));
#1737 = CARTESIAN_POINT('',(101.82568843859,101.85898879927,
    5.642060286642));
#1738 = CARTESIAN_POINT('',(102.18254174447,101.73765396152,
    5.714912662739));
#1739 = CARTESIAN_POINT('',(102.53741109429,101.46505444555,
    5.803894422923));
#1740 = CARTESIAN_POINT('',(102.77566536836,101.20193688885,
    5.87329910601));
#1741 = CARTESIAN_POINT('',(103.01811528519,100.79545764078,5.9612080944
    ));
#1742 = CARTESIAN_POINT('',(103.10877591946,100.41381320024,6.0218501552
    ));
#1743 = CARTESIAN_POINT('',(103.11684445812,100.17211280222,
    6.050038404017));
#1744 = CARTESIAN_POINT('',(101.57745563185,101.87281164703,
    5.546199158517));
#1745 = CARTESIAN_POINT('',(101.83221876469,101.86812508154,
    5.599766847187));
#1746 = CARTESIAN_POINT('',(102.19415124617,101.7480462519,
    5.677957174957));
#1747 = CARTESIAN_POINT('',(102.55322776743,101.47344825312,
    5.76995946976));
#1748 = CARTESIAN_POINT('',(102.79422494478,101.20768318839,
    5.840616909529));
#1749 = CARTESIAN_POINT('',(103.03898445559,100.79669571361,
    5.928433781141));
#1750 = CARTESIAN_POINT('',(103.12983987306,100.41043136555,
    5.986885447557));
#1751 = CARTESIAN_POINT('',(103.13660472902,100.1661187045,
    6.012397436979));
#1752 = ADVANCED_FACE('',(#1753),#1785,.F.);
#1753 = FACE_BOUND('',#1754,.F.);
#1754 = EDGE_LOOP('',(#1755,#1766,#1767,#1778));
#1755 = ORIENTED_EDGE('',*,*,#1756,.F.);
#1756 = EDGE_CURVE('',#1579,#1757,#1759,.T.);
#1757 = VERTEX_POINT('',#1758);
#1758 = CARTESIAN_POINT('',(101.46643260249,88.134404460667,
    7.914385603462));
#1759 = B_SPLINE_CURVE_WITH_KNOTS('',3,(#1760,#1761,#1762,#1763,#1764,
    #1765),.UNSPECIFIED.,.F.,.F.,(4,1,1,4),(0.,0.978209770524,
    1.630349617541,2.282489464557),.UNSPECIFIED.);
#1760 = CARTESIAN_POINT('',(102.86036675643,89.657317851634,
    7.816670469333));
#1761 = CARTESIAN_POINT('',(102.8603114329,89.335298109778,
    7.867904030509));
#1762 = CARTESIAN_POINT('',(102.68110520854,88.798680594438,
    7.933115512542));
#1763 = CARTESIAN_POINT('',(102.10828834497,88.273805714023,
    7.955620823535));
#1764 = CARTESIAN_POINT('',(101.68220586311,88.143176991085,
    7.93377823518));
#1765 = CARTESIAN_POINT('',(101.46643260249,88.134404460674,
    7.91438560346));
#1766 = ORIENTED_EDGE('',*,*,#1617,.T.);
#1767 = ORIENTED_EDGE('',*,*,#1768,.F.);
#1768 = EDGE_CURVE('',#1769,#1603,#1771,.T.);
#1769 = VERTEX_POINT('',#1770);
#1770 = CARTESIAN_POINT('',(101.49011247357,87.867449454345,
    7.771491105897));
#1771 = B_SPLINE_CURVE_WITH_KNOTS('',3,(#1772,#1773,#1774,#1775,#1776,
    #1777),.UNSPECIFIED.,.F.,.F.,(4,1,1,4),(-2.282489464557,
    -1.630349617541,-0.978209770524,0.),.UNSPECIFIED.);
#1772 = CARTESIAN_POINT('',(101.49011247357,87.867449454345,
    7.771491105895));
#1773 = CARTESIAN_POINT('',(101.74594692545,87.884462240276,
    7.80916546719));
#1774 = CARTESIAN_POINT('',(102.2419509957,88.048609817721,
    7.850700146014));
#1775 = CARTESIAN_POINT('',(102.89914949363,88.652214265472,
    7.825669080378));
#1776 = CARTESIAN_POINT('',(103.11592427832,89.259780095039,7.7338636324
    ));
#1777 = CARTESIAN_POINT('',(103.12349394209,89.631255727145,
    7.653146281395));
#1778 = ORIENTED_EDGE('',*,*,#1779,.F.);
#1779 = EDGE_CURVE('',#1757,#1769,#1780,.T.);
#1780 = CIRCLE('',#1781,0.25);
#1781 = AXIS2_PLACEMENT_3D('',#1782,#1783,#1784);
#1782 = CARTESIAN_POINT('',(101.49011247357,88.095295374857,
    7.668601667632));
#1783 = DIRECTION('',(0.9951717104,4.039406706588E-02,8.945158559251E-02
    ));
#1784 = DIRECTION('',(-9.471948433513E-02,0.156436343265,0.98313574332)
  );
#1785 = B_SPLINE_SURFACE_WITH_KNOTS('',3,3,(
    (#1786,#1787,#1788,#1789,#1790,#1791)
    ,(#1792,#1793,#1794,#1795,#1796,#1797)
    ,(#1798,#1799,#1800,#1801,#1802,#1803)
    ,(#1804,#1805,#1806,#1807,#1808,#1809)
    ,(#1810,#1811,#1812,#1813,#1814,#1815
    )),.UNSPECIFIED.,.F.,.F.,.F.,(4,1,4),(4,1,1,4),(0.,0.571428571429,1.
    ),(0.,0.978209770524,1.630349617541,2.282489464557),.UNSPECIFIED.);
#1786 = CARTESIAN_POINT('',(102.86036675643,89.657317851634,
    7.816670469333));
#1787 = CARTESIAN_POINT('',(102.8603114329,89.335298109778,
    7.867904030509));
#1788 = CARTESIAN_POINT('',(102.68110520854,88.798680594438,
    7.933115512542));
#1789 = CARTESIAN_POINT('',(102.10828834497,88.273805714023,
    7.955620823535));
#1790 = CARTESIAN_POINT('',(101.68220586311,88.143176991085,
    7.93377823518));
#1791 = CARTESIAN_POINT('',(101.46643260249,88.134404460674,
    7.91438560346));
#1792 = CARTESIAN_POINT('',(102.92389227162,89.658402850895,
    7.823558821677));
#1793 = CARTESIAN_POINT('',(102.91951320284,89.322398149656,
    7.876420778752));
#1794 = CARTESIAN_POINT('',(102.72977486886,88.76890599107,
    7.942975979811));
#1795 = CARTESIAN_POINT('',(102.13700851232,88.225145980759,
    7.966125117646));
#1796 = CARTESIAN_POINT('',(101.6943767678,88.085281923442,
    7.944090783729));
#1797 = CARTESIAN_POINT('',(101.46803168256,88.07304717521,
    7.924302823414));
#1798 = CARTESIAN_POINT('',(103.03931695121,89.653245051901,
    7.791265313579));
#1799 = CARTESIAN_POINT('',(103.02700964361,89.294060846682,
    7.853563685174));
#1800 = CARTESIAN_POINT('',(102.81821744339,88.71169367453,
    7.927583272055));
#1801 = CARTESIAN_POINT('',(102.19051402666,88.135051177138,
    7.95186092026));
#1802 = CARTESIAN_POINT('',(101.71919837901,87.978360196263,
    7.924721888469));
#1803 = CARTESIAN_POINT('',(101.47484838251,87.959587421938,
    7.899700844037));
#1804 = CARTESIAN_POINT('',(103.10759655675,89.638363113809,
    7.697801341596));
#1805 = CARTESIAN_POINT('',(103.0969741049,89.268520018013,7.77373018404
    ));
#1806 = CARTESIAN_POINT('',(102.88049861025,88.666821911509,
    7.860343231348));
#1807 = CARTESIAN_POINT('',(102.2298076939,88.069044075659,
    7.885252423687));
#1808 = CARTESIAN_POINT('',(101.7394208564,87.905281871841,
    7.847966456974));
#1809 = CARTESIAN_POINT('',(101.48553571602,87.886547983478,
    7.813784289962));
#1810 = CARTESIAN_POINT('',(103.12349394209,89.631255727145,
    7.653146281395));
#1811 = CARTESIAN_POINT('',(103.11592427832,89.259780095039,7.7338636324
    ));
#1812 = CARTESIAN_POINT('',(102.89914949363,88.652214265472,
    7.825669080378));
#1813 = CARTESIAN_POINT('',(102.2419509957,88.048609817721,
    7.850700146014));
#1814 = CARTESIAN_POINT('',(101.74594692545,87.884462240276,
    7.80916546719));
#1815 = CARTESIAN_POINT('',(101.49011247357,87.867449454345,
    7.771491105895));
#1816 = ADVANCED_FACE('',(#1817),#1845,.F.);
#1817 = FACE_BOUND('',#1818,.F.);
#1818 = EDGE_LOOP('',(#1819,#1828,#1837,#1844));
#1819 = ORIENTED_EDGE('',*,*,#1820,.F.);
#1820 = EDGE_CURVE('',#1821,#1679,#1823,.T.);
#1821 = VERTEX_POINT('',#1822);
#1822 = CARTESIAN_POINT('',(83.03666423864,101.66286867905,
    5.770172921345));
#1823 = B_SPLINE_CURVE_WITH_KNOTS('',3,(#1824,#1825,#1826,#1827),
  .UNSPECIFIED.,.F.,.F.,(4,4),(0.,18.594811284605),
  .PIECEWISE_BEZIER_KNOTS.);
#1824 = CARTESIAN_POINT('',(83.036664238643,101.66286867905,
    5.770172921345));
#1825 = CARTESIAN_POINT('',(89.188886021577,101.71633904747,
    5.163251433009));
#1826 = CARTESIAN_POINT('',(95.401329043241,101.71633904747,
    5.163251433008));
#1827 = CARTESIAN_POINT('',(101.55355082617,101.66286867905,
    5.770172921344));
#1828 = ORIENTED_EDGE('',*,*,#1829,.F.);
#1829 = EDGE_CURVE('',#1830,#1821,#1832,.T.);
#1830 = VERTEX_POINT('',#1831);
#1831 = CARTESIAN_POINT('',(83.012759432961,101.87281164703,
    5.546199158515));
#1832 = CIRCLE('',#1833,0.25);
#1833 = AXIS2_PLACEMENT_3D('',#1834,#1835,#1836);
#1834 = CARTESIAN_POINT('',(83.012759432961,101.62376297251,
    5.52441022283));
#1835 = DIRECTION('',(0.995133491216,8.587974441499E-03,
    -9.816099712321E-02));
#1836 = DIRECTION('',(6.643581518251E-12,0.996194698092,
    8.715574274215E-02));
#1837 = ORIENTED_EDGE('',*,*,#1838,.F.);
#1838 = EDGE_CURVE('',#1692,#1830,#1839,.T.);
#1839 = B_SPLINE_CURVE_WITH_KNOTS('',3,(#1840,#1841,#1842,#1843),
  .UNSPECIFIED.,.F.,.F.,(4,4),(-18.5948112846,0.),
  .PIECEWISE_BEZIER_KNOTS.);
#1840 = CARTESIAN_POINT('',(101.57745563185,101.87281164703,
    5.546199158516));
#1841 = CARTESIAN_POINT('',(95.40934914114,101.9260422351,4.937770752838
    ));
#1842 = CARTESIAN_POINT('',(89.180865923678,101.9260422351,
    4.937770752838));
#1843 = CARTESIAN_POINT('',(83.012759432964,101.87281164703,
    5.546199158517));
#1844 = ORIENTED_EDGE('',*,*,#1691,.T.);
#1845 = B_SPLINE_SURFACE_WITH_KNOTS('',3,3,(
    (#1846,#1847,#1848,#1849)
    ,(#1850,#1851,#1852,#1853)
    ,(#1854,#1855,#1856,#1857)
    ,(#1858,#1859,#1860,#1861)
    ,(#1862,#1863,#1864,#1865
  )),.UNSPECIFIED.,.F.,.F.,.F.,(4,1,4),(4,4),(0.,0.571428571429,1.),(0.,
    18.594811284605),.UNSPECIFIED.);
#1846 = CARTESIAN_POINT('',(83.036664238643,101.66286867905,
    5.770172921345));
#1847 = CARTESIAN_POINT('',(89.188886021577,101.71633904747,
    5.163251433009));
#1848 = CARTESIAN_POINT('',(95.401329043241,101.71633904747,
    5.163251433008));
#1849 = CARTESIAN_POINT('',(101.55355082617,101.66286867905,
    5.770172921344));
#1850 = CARTESIAN_POINT('',(83.035160630057,101.72527322886,
    5.760389375854));
#1851 = CARTESIAN_POINT('',(89.188349154647,101.77866466442,
    5.153286221697));
#1852 = CARTESIAN_POINT('',(95.401865910171,101.77866466442,
    5.153286221697));
#1853 = CARTESIAN_POINT('',(101.55505443476,101.72527322886,
    5.760389375853));
#1854 = CARTESIAN_POINT('',(83.028333147446,101.82696644037,
    5.700070939006));
#1855 = CARTESIAN_POINT('',(89.186084289209,101.88019979344,
    5.092488841191));
#1856 = CARTESIAN_POINT('',(95.404130775605,101.88019979344,
    5.09248884119));
#1857 = CARTESIAN_POINT('',(101.56188191736,101.82696644037,
    5.700070939006));
#1858 = CARTESIAN_POINT('',(83.01742890666,101.86870156444,
    5.593177617497));
#1859 = CARTESIAN_POINT('',(89.182432560123,101.92190962939,
    4.985000961618));
#1860 = CARTESIAN_POINT('',(95.407782504695,101.92190962939,
    4.985000961618));
#1861 = CARTESIAN_POINT('',(101.57278615815,101.86870156444,
    5.593177617496));
#1862 = CARTESIAN_POINT('',(83.012759432964,101.87281164703,
    5.546199158517));
#1863 = CARTESIAN_POINT('',(89.180865923678,101.9260422351,
    4.937770752838));
#1864 = CARTESIAN_POINT('',(95.40934914114,101.9260422351,4.937770752838
    ));
#1865 = CARTESIAN_POINT('',(101.57745563185,101.87281164703,
    5.546199158516));
#1866 = ADVANCED_FACE('',(#1867),#1895,.F.);
#1867 = FACE_BOUND('',#1868,.F.);
#1868 = EDGE_LOOP('',(#1869,#1878,#1879,#1888));
#1869 = ORIENTED_EDGE('',*,*,#1870,.F.);
#1870 = EDGE_CURVE('',#1757,#1871,#1873,.T.);
#1871 = VERTEX_POINT('',#1872);
#1872 = CARTESIAN_POINT('',(83.123782462328,88.134404460667,
    7.914385603462));
#1873 = B_SPLINE_CURVE_WITH_KNOTS('',3,(#1874,#1875,#1876,#1877),
  .UNSPECIFIED.,.F.,.F.,(4,4),(0.,18.419607313485),
  .PIECEWISE_BEZIER_KNOTS.);
#1874 = CARTESIAN_POINT('',(101.46643260249,88.134404460667,
    7.914385603462));
#1875 = CARTESIAN_POINT('',(95.3719442074,87.886625451116,7.366643178739
    ));
#1876 = CARTESIAN_POINT('',(89.218270857422,87.886625451116,
    7.366643178739));
#1877 = CARTESIAN_POINT('',(83.123782462328,88.134404460667,
    7.914385603462));
#1878 = ORIENTED_EDGE('',*,*,#1779,.T.);
#1879 = ORIENTED_EDGE('',*,*,#1880,.F.);
#1880 = EDGE_CURVE('',#1881,#1769,#1883,.T.);
#1881 = VERTEX_POINT('',#1882);
#1882 = CARTESIAN_POINT('',(83.100102591241,87.867449454345,
    7.771491105899));
#1883 = B_SPLINE_CURVE_WITH_KNOTS('',3,(#1884,#1885,#1886,#1887),
  .UNSPECIFIED.,.F.,.F.,(4,4),(-18.41960731348,0.),
  .PIECEWISE_BEZIER_KNOTS.);
#1884 = CARTESIAN_POINT('',(83.100102591245,87.867449454345,
    7.771491105897));
#1885 = CARTESIAN_POINT('',(89.2103266296,87.619435169967,7.222270079168
    ));
#1886 = CARTESIAN_POINT('',(95.379888435225,87.619435169967,
    7.222270079168));
#1887 = CARTESIAN_POINT('',(101.49011247358,87.867449454345,
    7.771491105897));
#1888 = ORIENTED_EDGE('',*,*,#1889,.F.);
#1889 = EDGE_CURVE('',#1871,#1881,#1890,.T.);
#1890 = CIRCLE('',#1891,0.25);
#1891 = AXIS2_PLACEMENT_3D('',#1892,#1893,#1894);
#1892 = CARTESIAN_POINT('',(83.100102591245,88.095295374857,
    7.668601667632));
#1893 = DIRECTION('',(0.9951717104,-4.039406707823E-02,
    -8.945158559052E-02));
#1894 = DIRECTION('',(9.471948433513E-02,0.156436343265,0.98313574332));
#1895 = B_SPLINE_SURFACE_WITH_KNOTS('',3,3,(
    (#1896,#1897,#1898,#1899)
    ,(#1900,#1901,#1902,#1903)
    ,(#1904,#1905,#1906,#1907)
    ,(#1908,#1909,#1910,#1911)
    ,(#1912,#1913,#1914,#1915
  )),.UNSPECIFIED.,.F.,.F.,.F.,(4,1,4),(4,4),(0.,0.571428571429,1.),(0.,
    18.419607313485),.UNSPECIFIED.);
#1896 = CARTESIAN_POINT('',(101.46643260249,88.134404460667,
    7.914385603462));
#1897 = CARTESIAN_POINT('',(95.3719442074,87.886625451116,7.366643178739
    ));
#1898 = CARTESIAN_POINT('',(89.218270857422,87.886625451116,
    7.366643178739));
#1899 = CARTESIAN_POINT('',(83.123782462328,88.134404460667,
    7.914385603462));
#1900 = CARTESIAN_POINT('',(101.46803168257,88.073047175203,
    7.924302823413));
#1901 = CARTESIAN_POINT('',(95.372511510781,87.825286679516,
    7.376352592746));
#1902 = CARTESIAN_POINT('',(89.217703554044,87.825286679516,
    7.376352592746));
#1903 = CARTESIAN_POINT('',(83.122183382253,88.073047175203,
    7.924302823414));
#1904 = CARTESIAN_POINT('',(101.47484838252,87.959587421945,
    7.899700844033));
#1905 = CARTESIAN_POINT('',(95.374774944612,87.711831430905,
    7.351247248285));
#1906 = CARTESIAN_POINT('',(89.21544012021,87.711831430905,
    7.351247248285));
#1907 = CARTESIAN_POINT('',(83.115366682301,87.959587421945,
    7.899700844034));
#1908 = CARTESIAN_POINT('',(101.48553571603,87.886547983478,
    7.813784289962));
#1909 = CARTESIAN_POINT('',(95.378353346699,87.638633606686,
    7.264783296835));
#1910 = CARTESIAN_POINT('',(89.211861718126,87.638633606686,
    7.264783296835));
#1911 = CARTESIAN_POINT('',(83.104679348795,87.886547983478,
    7.813784289962));
#1912 = CARTESIAN_POINT('',(101.49011247358,87.867449454345,
    7.771491105897));
#1913 = CARTESIAN_POINT('',(95.379888435225,87.619435169967,
    7.222270079168));
#1914 = CARTESIAN_POINT('',(89.2103266296,87.619435169967,7.222270079168
    ));
#1915 = CARTESIAN_POINT('',(83.100102591245,87.867449454345,
    7.771491105897));
#1916 = ADVANCED_FACE('',(#1917),#1949,.F.);
#1917 = FACE_BOUND('',#1918,.F.);
#1918 = EDGE_LOOP('',(#1919,#1930,#1939,#1948));
#1919 = ORIENTED_EDGE('',*,*,#1920,.F.);
#1920 = EDGE_CURVE('',#1921,#1821,#1923,.T.);
#1921 = VERTEX_POINT('',#1922);
#1922 = CARTESIAN_POINT('',(81.702905041231,100.18715578211,
    6.144163640238));
#1923 = B_SPLINE_CURVE_WITH_KNOTS('',3,(#1924,#1925,#1926,#1927,#1928,
    #1929),.UNSPECIFIED.,.F.,.F.,(4,1,1,4),(0.,0.956694798032,
    1.594491330053,2.232287862074),.UNSPECIFIED.);
#1924 = CARTESIAN_POINT('',(81.702905041227,100.18715578211,
    6.144163640238));
#1925 = CARTESIAN_POINT('',(81.702810689276,100.50209363612,
    6.094061312659));
#1926 = CARTESIAN_POINT('',(81.868670459909,101.02179709889,
    5.992660333413));
#1927 = CARTESIAN_POINT('',(82.410841258632,101.535263949,5.852873231763
    ));
#1928 = CARTESIAN_POINT('',(82.825644849545,101.66103466122,
    5.790990149041));
#1929 = CARTESIAN_POINT('',(83.036664238622,101.66286867905,
    5.770172921345));
#1930 = ORIENTED_EDGE('',*,*,#1931,.F.);
#1931 = EDGE_CURVE('',#1932,#1921,#1934,.T.);
#1932 = VERTEX_POINT('',#1933);
#1933 = CARTESIAN_POINT('',(81.45361033579,100.16611870451,
    6.012397436978));
#1934 = CIRCLE('',#1935,0.250000000001);
#1935 = AXIS2_PLACEMENT_3D('',#1936,#1937,#1938);
#1936 = CARTESIAN_POINT('',(81.675556540598,100.14810584234,
    5.898751412105));
#1937 = DIRECTION('',(-2.966324181927E-04,0.987580967939,-0.157110609999
    ));
#1938 = DIRECTION('',(-0.887784819219,7.205144866021E-02,0.45458409949)
  );
#1939 = ORIENTED_EDGE('',*,*,#1940,.F.);
#1940 = EDGE_CURVE('',#1830,#1932,#1941,.T.);
#1941 = B_SPLINE_CURVE_WITH_KNOTS('',3,(#1942,#1943,#1944,#1945,#1946,
    #1947),.UNSPECIFIED.,.F.,.F.,(4,1,1,4),(-2.232287862074,
    -1.594491330053,-0.956694798032,0.),.UNSPECIFIED.);
#1942 = CARTESIAN_POINT('',(83.012759432942,101.87281164703,
    5.54619915852));
#1943 = CARTESIAN_POINT('',(82.757994950436,101.86812505671,
    5.599767130977));
#1944 = CARTESIAN_POINT('',(82.275548188121,101.70788829113,
    5.703988103709));
#1945 = CARTESIAN_POINT('',(81.662603441793,101.11832931121,
    5.872609004512));
#1946 = CARTESIAN_POINT('',(81.463757673475,100.53258963753,
    5.974129250113));
#1947 = CARTESIAN_POINT('',(81.45361033579,100.16611870451,
    6.012397436979));
#1948 = ORIENTED_EDGE('',*,*,#1829,.T.);
#1949 = B_SPLINE_SURFACE_WITH_KNOTS('',3,3,(
    (#1950,#1951,#1952,#1953,#1954,#1955)
    ,(#1956,#1957,#1958,#1959,#1960,#1961)
    ,(#1962,#1963,#1964,#1965,#1966,#1967)
    ,(#1968,#1969,#1970,#1971,#1972,#1973)
    ,(#1974,#1975,#1976,#1977,#1978,#1979
    )),.UNSPECIFIED.,.F.,.F.,.F.,(4,1,4),(4,1,1,4),(0.,0.571428571429,1.
    ),(0.,0.956694798032,1.594491330053,2.232287862074),.UNSPECIFIED.);
#1950 = CARTESIAN_POINT('',(81.702905041227,100.18715578211,
    6.144163640238));
#1951 = CARTESIAN_POINT('',(81.702810689276,100.50209363612,
    6.094061312659));
#1952 = CARTESIAN_POINT('',(81.868670459909,101.02179709889,
    5.992660333413));
#1953 = CARTESIAN_POINT('',(82.410841258632,101.535263949,5.852873231763
    ));
#1954 = CARTESIAN_POINT('',(82.825644849545,101.66103466122,
    5.790990149041));
#1955 = CARTESIAN_POINT('',(83.036664238622,101.66286867905,
    5.770172921345));
#1956 = CARTESIAN_POINT('',(81.64600463528,100.18812296287,
    6.150350668689));
#1957 = CARTESIAN_POINT('',(81.650148172663,100.51487952316,
    6.097812000033));
#1958 = CARTESIAN_POINT('',(81.82422500852,101.04843494024,
    5.993068439108));
#1959 = CARTESIAN_POINT('',(82.382212457451,101.58022807797,
    5.848475063998));
#1960 = CARTESIAN_POINT('',(82.812218124673,101.71791350528,
    5.783107917671));
#1961 = CARTESIAN_POINT('',(83.035160630036,101.72527322886,
    5.760389375854));
#1962 = CARTESIAN_POINT('',(81.542892206569,100.18420938262,
    6.125944991152));
#1963 = CARTESIAN_POINT('',(81.554847699306,100.53242059806,6.0748492572
    ));
#1964 = CARTESIAN_POINT('',(81.743798884443,101.09102413759,
    5.967934642179));
#1965 = CARTESIAN_POINT('',(82.329331084526,101.65443018698,
    5.812974042557));
#1966 = CARTESIAN_POINT('',(82.785408213884,101.81167907732,
    5.734194708074));
#1967 = CARTESIAN_POINT('',(83.028333147424,101.82696644037,
    5.700070939008));
#1968 = CARTESIAN_POINT('',(81.473370606691,100.17211280223,
    6.050038404018));
#1969 = CARTESIAN_POINT('',(81.485473478788,100.53466531995,
    6.007755806791));
#1970 = CARTESIAN_POINT('',(81.68267030971,101.11335376525,
    5.904220993009));
#1971 = CARTESIAN_POINT('',(82.288769945229,101.69717708448,
    5.73922934724));
#1972 = CARTESIAN_POINT('',(82.764525286402,101.85898874782,
    5.642060545612));
#1973 = CARTESIAN_POINT('',(83.017428906638,101.86870156444,
    5.593177617499));
#1974 = CARTESIAN_POINT('',(81.45361033579,100.16611870451,
    6.012397436979));
#1975 = CARTESIAN_POINT('',(81.463757673475,100.53258963753,
    5.974129250113));
#1976 = CARTESIAN_POINT('',(81.662603441793,101.11832931121,
    5.872609004512));
#1977 = CARTESIAN_POINT('',(82.275548188121,101.70788829113,
    5.703988103709));
#1978 = CARTESIAN_POINT('',(82.757994950436,101.86812505671,
    5.599767130977));
#1979 = CARTESIAN_POINT('',(83.012759432942,101.87281164703,
    5.54619915852));
#1980 = ADVANCED_FACE('',(#1981),#2013,.F.);
#1981 = FACE_BOUND('',#1982,.F.);
#1982 = EDGE_LOOP('',(#1983,#1994,#1995,#2006));
#1983 = ORIENTED_EDGE('',*,*,#1984,.F.);
#1984 = EDGE_CURVE('',#1871,#1985,#1987,.T.);
#1985 = VERTEX_POINT('',#1986);
#1986 = CARTESIAN_POINT('',(81.72984830838,89.657317851641,
    7.816670469333));
#1987 = B_SPLINE_CURVE_WITH_KNOTS('',3,(#1988,#1989,#1990,#1991,#1992,
    #1993),.UNSPECIFIED.,.F.,.F.,(4,1,1,4),(0.,0.326070012964,
    0.978210038893,2.28249009075),.UNSPECIFIED.);
#1988 = CARTESIAN_POINT('',(83.12378246232,88.134404460674,
    7.914385603462));
#1989 = CARTESIAN_POINT('',(83.015895802404,88.138790727084,
    7.924081921983));
#1990 = CARTESIAN_POINT('',(82.693446894042,88.193792482169,
    7.946905026636));
#1991 = CARTESIAN_POINT('',(82.018949034489,88.584385255752,
    7.954663070498));
#1992 = CARTESIAN_POINT('',(81.729922073104,89.227958078038,
    7.884981902975));
#1993 = CARTESIAN_POINT('',(81.72984830838,89.657317851634,
    7.816670469333));
#1994 = ORIENTED_EDGE('',*,*,#1889,.T.);
#1995 = ORIENTED_EDGE('',*,*,#1996,.F.);
#1996 = EDGE_CURVE('',#1997,#1881,#1999,.T.);
#1997 = VERTEX_POINT('',#1998);
#1998 = CARTESIAN_POINT('',(81.466721122713,89.631255727152,
    7.653146281394));
#1999 = B_SPLINE_CURVE_WITH_KNOTS('',3,(#2000,#2001,#2002,#2003,#2004,
    #2005),.UNSPECIFIED.,.F.,.F.,(4,1,1,4),(-2.28249009075,
    -0.978210038893,-0.326070012964,0.),.UNSPECIFIED.);
#2000 = CARTESIAN_POINT('',(81.466721122713,89.631255727152,
    7.653146281394));
#2001 = CARTESIAN_POINT('',(81.476814010504,89.135954748461,
    7.760769445593));
#2002 = CARTESIAN_POINT('',(81.817869430648,88.411719370837,
    7.855104176019));
#2003 = CARTESIAN_POINT('',(82.592489917741,87.950340256961,
    7.834442068763));
#2004 = CARTESIAN_POINT('',(82.9721853302,87.875955849646,7.790328291713
    ));
#2005 = CARTESIAN_POINT('',(83.100102591237,87.867449454345,
    7.771491105898));
#2006 = ORIENTED_EDGE('',*,*,#2007,.F.);
#2007 = EDGE_CURVE('',#1985,#1997,#2008,.T.);
#2008 = CIRCLE('',#2009,0.25);
#2009 = AXIS2_PLACEMENT_3D('',#2010,#2011,#2012);
#2010 = CARTESIAN_POINT('',(81.702569373822,89.61826671032,
    7.571250689993));
#2011 = DIRECTION('',(1.701057533628E-04,-0.987578801693,0.157124414117)
  );
#2012 = DIRECTION('',(0.10911573823,0.156204565262,0.981679117361));
#2013 = B_SPLINE_SURFACE_WITH_KNOTS('',3,3,(
    (#2014,#2015,#2016,#2017,#2018,#2019)
    ,(#2020,#2021,#2022,#2023,#2024,#2025)
    ,(#2026,#2027,#2028,#2029,#2030,#2031)
    ,(#2032,#2033,#2034,#2035,#2036,#2037)
    ,(#2038,#2039,#2040,#2041,#2042,#2043
    )),.UNSPECIFIED.,.F.,.F.,.F.,(4,1,4),(4,1,1,4),(0.,0.571428571429,1.
    ),(0.,0.326070012964,0.978210038893,2.28249009075),.UNSPECIFIED.);
#2014 = CARTESIAN_POINT('',(83.12378246232,88.134404460674,
    7.914385603462));
#2015 = CARTESIAN_POINT('',(83.015895802404,88.138790727084,
    7.924081921983));
#2016 = CARTESIAN_POINT('',(82.693446894042,88.193792482169,
    7.946905026636));
#2017 = CARTESIAN_POINT('',(82.018949034489,88.584385255752,
    7.954663070498));
#2018 = CARTESIAN_POINT('',(81.729922073104,89.227958078038,
    7.884981902975));
#2019 = CARTESIAN_POINT('',(81.72984830838,89.657317851634,
    7.816670469333));
#2020 = CARTESIAN_POINT('',(83.122183382246,88.07304717521,
    7.924302823416));
#2021 = CARTESIAN_POINT('',(83.009010808572,88.079164551004,
    7.934196806289));
#2022 = CARTESIAN_POINT('',(82.672341534464,88.14032153679,
    7.957380905647));
#2023 = CARTESIAN_POINT('',(81.974525135221,88.548803851867,
    7.964882402157));
#2024 = CARTESIAN_POINT('',(81.672161553164,89.210396459668,
    7.894041450446));
#2025 = CARTESIAN_POINT('',(81.666322793186,89.658402850895,
    7.823558821677));
#2026 = CARTESIAN_POINT('',(83.115366682294,87.959587421945,
    7.899700844038));
#2027 = CARTESIAN_POINT('',(82.993191650519,87.968973811687,
    7.912211369686));
#2028 = CARTESIAN_POINT('',(82.632068144867,88.041555483782,
    7.941248331745));
#2029 = CARTESIAN_POINT('',(81.893711089619,88.481590439333,
    7.951550219711));
#2030 = CARTESIAN_POINT('',(81.567307861551,89.174332646893,
    7.874329831824));
#2031 = CARTESIAN_POINT('',(81.550898113597,89.653245051908,
    7.791265313577));
#2032 = CARTESIAN_POINT('',(83.104679348788,87.886547983478,
    7.813784289964));
#2033 = CARTESIAN_POINT('',(82.977736743767,87.895914930232,
    7.83087537816));
#2034 = CARTESIAN_POINT('',(82.601852357482,87.971355680413,
    7.870699724527));
#2035 = CARTESIAN_POINT('',(81.835645580504,88.42901783008,
    7.888105536098));
#2036 = CARTESIAN_POINT('',(81.496781781072,89.145238850804,
    7.799039825961));
#2037 = CARTESIAN_POINT('',(81.482618508053,89.638363113816,
    7.697801341595));
#2038 = CARTESIAN_POINT('',(83.100102591237,87.867449454345,
    7.771491105898));
#2039 = CARTESIAN_POINT('',(82.9721853302,87.875955849646,7.790328291713
    ));
#2040 = CARTESIAN_POINT('',(82.592489917741,87.950340256961,
    7.834442068763));
#2041 = CARTESIAN_POINT('',(81.817869430648,88.411719370837,
    7.855104176019));
#2042 = CARTESIAN_POINT('',(81.476814010504,89.135954748461,
    7.760769445593));
#2043 = CARTESIAN_POINT('',(81.466721122713,89.631255727152,
    7.653146281394));
#2044 = ADVANCED_FACE('',(#2045),#2075,.F.);
#2045 = FACE_BOUND('',#2046,.F.);
#2046 = EDGE_LOOP('',(#2047,#2060,#2061,#2074));
#2047 = ORIENTED_EDGE('',*,*,#2048,.F.);
#2048 = EDGE_CURVE('',#1985,#1921,#2049,.T.);
#2049 = B_SPLINE_CURVE_WITH_KNOTS('',3,(#2050,#2051,#2052,#2053,#2054,
    #2055,#2056,#2057,#2058,#2059),.UNSPECIFIED.,.F.,.F.,(4,1,1,1,1,1,1,
    4),(1.690742202979E-14,0.761562337814,1.523124675627,3.046249351254,
    6.092498702509,9.138748053763,9.900310391576,10.66187272939),
  .UNSPECIFIED.);
#2050 = CARTESIAN_POINT('',(81.72984830838,89.657317851634,
    7.816670469333));
#2051 = CARTESIAN_POINT('',(81.729805237541,89.908018790062,
    7.776783778561));
#2052 = CARTESIAN_POINT('',(81.72883544959,90.409435164394,
    7.697106314325));
#2053 = CARTESIAN_POINT('',(81.72691574975,91.412267188811,
    7.537749317601));
#2054 = CARTESIAN_POINT('',(81.722865706783,93.167233976172,
    7.258949742125));
#2055 = CARTESIAN_POINT('',(81.716368361489,95.674339823061,
    6.860742427363));
#2056 = CARTESIAN_POINT('',(81.709213606071,97.930754355722,
    6.502498873118));
#2057 = CARTESIAN_POINT('',(81.704613518272,99.435027960535,
    6.263651671328));
#2058 = CARTESIAN_POINT('',(81.702980148672,99.936454295217,
    6.184046835797));
#2059 = CARTESIAN_POINT('',(81.702905041235,100.18715578211,
    6.144163640237));
#2060 = ORIENTED_EDGE('',*,*,#2007,.T.);
#2061 = ORIENTED_EDGE('',*,*,#2062,.F.);
#2062 = EDGE_CURVE('',#1932,#1997,#2063,.T.);
#2063 = B_SPLINE_CURVE_WITH_KNOTS('',3,(#2064,#2065,#2066,#2067,#2068,
    #2069,#2070,#2071,#2072,#2073),.UNSPECIFIED.,.F.,.F.,(4,1,1,1,1,1,1,
    4),(-10.66187272939,-9.900310391576,-9.138748053763,-6.092498702509,
    -3.046249351254,-1.523124675627,-0.761562337814,-1.690742202979E-14)
  ,.UNSPECIFIED.);
#2064 = CARTESIAN_POINT('',(81.453610335797,100.16611870451,
    6.012397436975));
#2065 = CARTESIAN_POINT('',(81.453302191647,99.913707626896,
    6.051802726606));
#2066 = CARTESIAN_POINT('',(81.45407073386,99.412664987976,
    6.129630425507));
#2067 = CARTESIAN_POINT('',(81.455872189708,97.907042307663,
    6.362968306351));
#2068 = CARTESIAN_POINT('',(81.459322102935,95.64979854261,
    6.713078098122));
#2069 = CARTESIAN_POINT('',(81.46276494359,93.14159299431,7.103747220972
    ));
#2070 = CARTESIAN_POINT('',(81.465116286989,91.385908692217,
    7.378044202063));
#2071 = CARTESIAN_POINT('',(81.466196659094,90.383003515723,
    7.535048627283));
#2072 = CARTESIAN_POINT('',(81.466830091835,89.88108466252,
    7.613836081499));
#2073 = CARTESIAN_POINT('',(81.466721122713,89.631255727145,
    7.653146281394));
#2074 = ORIENTED_EDGE('',*,*,#1931,.T.);
#2075 = B_SPLINE_SURFACE_WITH_KNOTS('',3,3,(
    (#2076,#2077,#2078,#2079,#2080,#2081,#2082,#2083,#2084,#2085)
    ,(#2086,#2087,#2088,#2089,#2090,#2091,#2092,#2093,#2094,#2095)
    ,(#2096,#2097,#2098,#2099,#2100,#2101,#2102,#2103,#2104,#2105)
    ,(#2106,#2107,#2108,#2109,#2110,#2111,#2112,#2113,#2114,#2115)
    ,(#2116,#2117,#2118,#2119,#2120,#2121,#2122,#2123,#2124,#2125
  )),.UNSPECIFIED.,.F.,.F.,.F.,(4,1,4),(4,1,1,1,1,1,1,4),(0.,
    0.571428571429,1.),(1.690742202979E-14,0.761562337814,1.523124675627
    ,3.046249351254,6.092498702509,9.138748053763,9.900310391576,
    10.66187272939),.UNSPECIFIED.);
#2076 = CARTESIAN_POINT('',(81.72984830838,89.657317851634,
    7.816670469333));
#2077 = CARTESIAN_POINT('',(81.729805237541,89.908018790062,
    7.776783778561));
#2078 = CARTESIAN_POINT('',(81.72883544959,90.409435164394,
    7.697106314325));
#2079 = CARTESIAN_POINT('',(81.72691574975,91.412267188811,
    7.537749317601));
#2080 = CARTESIAN_POINT('',(81.722865706783,93.167233976172,
    7.258949742125));
#2081 = CARTESIAN_POINT('',(81.716368361489,95.674339823061,
    6.860742427363));
#2082 = CARTESIAN_POINT('',(81.709213606071,97.930754355722,
    6.502498873118));
#2083 = CARTESIAN_POINT('',(81.704613518272,99.435027960535,
    6.263651671328));
#2084 = CARTESIAN_POINT('',(81.702980148672,99.936454295217,
    6.184046835797));
#2085 = CARTESIAN_POINT('',(81.702905041235,100.18715578211,
    6.144163640237));
#2086 = CARTESIAN_POINT('',(81.666322793186,89.658402850895,
    7.823558821677));
#2087 = CARTESIAN_POINT('',(81.666367260124,89.908854659094,
    7.783699717861));
#2088 = CARTESIAN_POINT('',(81.665588830339,90.410361684393,
    7.703989665881));
#2089 = CARTESIAN_POINT('',(81.664140832541,91.413108063083,
    7.544587538952));
#2090 = CARTESIAN_POINT('',(81.661009961968,93.168064755308,
    7.26569432645));
#2091 = CARTESIAN_POINT('',(81.656062550846,95.675122676759,
    6.867333364757));
#2092 = CARTESIAN_POINT('',(81.650599192355,97.931404239782,
    6.508937837647));
#2093 = CARTESIAN_POINT('',(81.647194588899,99.435771714117,
    6.269935229046));
#2094 = CARTESIAN_POINT('',(81.645921122887,99.937033006812,
    6.190316434723));
#2095 = CARTESIAN_POINT('',(81.646004635284,100.18812296287,
    6.150350668689));
#2096 = CARTESIAN_POINT('',(81.550898113594,89.653245051901,
    7.791265313577));
#2097 = CARTESIAN_POINT('',(81.551103073325,89.903286497138,
    7.751587939568));
#2098 = CARTESIAN_POINT('',(81.550681949357,90.404993956952,
    7.67209445796));
#2099 = CARTESIAN_POINT('',(81.550102785557,91.407703827761,
    7.513317798916));
#2100 = CARTESIAN_POINT('',(81.54868258044,93.162850902387,
    7.235571322827));
#2101 = CARTESIAN_POINT('',(81.546621279147,95.670169170713,6.8391038063
    ));
#2102 = CARTESIAN_POINT('',(81.544312219725,97.926577848266,
    6.482699146647));
#2103 = CARTESIAN_POINT('',(81.543121600866,99.431361384602,
    6.245016592299));
#2104 = CARTESIAN_POINT('',(81.54251633005,99.932410116722,
    6.165841787235));
#2105 = CARTESIAN_POINT('',(81.542892206573,100.1842093826,
    6.125944991149));
#2106 = CARTESIAN_POINT('',(81.482618508053,89.638363113809,
    7.697801341595));
#2107 = CARTESIAN_POINT('',(81.482789306847,89.888219385539,
    7.658395093868));
#2108 = CARTESIAN_POINT('',(81.482290305579,90.390092130023,
    7.579410961862));
#2109 = CARTESIAN_POINT('',(81.481536296349,91.392933842108,
    7.421917965466));
#2110 = CARTESIAN_POINT('',(81.479800770943,93.148470843735,
    7.146659655414));
#2111 = CARTESIAN_POINT('',(81.477329029884,95.656423915192,
    6.754354201615));
#2112 = CARTESIAN_POINT('',(81.474805016474,97.913416660347,
    6.402429579297));
#2113 = CARTESIAN_POINT('',(81.473589484387,99.418808532464,6.1678174954
    ));
#2114 = CARTESIAN_POINT('',(81.472989254624,99.919833898828,
    6.089596245541));
#2115 = CARTESIAN_POINT('',(81.473370606698,100.17211280223,
    6.050038404015));
#2116 = CARTESIAN_POINT('',(81.466721122713,89.631255727145,
    7.653146281394));
#2117 = CARTESIAN_POINT('',(81.466830091835,89.88108466252,
    7.613836081499));
#2118 = CARTESIAN_POINT('',(81.466196659094,90.383003515723,
    7.535048627283));
#2119 = CARTESIAN_POINT('',(81.465116286989,91.385908692217,
    7.378044202063));
#2120 = CARTESIAN_POINT('',(81.46276494359,93.14159299431,7.103747220972
    ));
#2121 = CARTESIAN_POINT('',(81.459322102935,95.64979854261,
    6.713078098122));
#2122 = CARTESIAN_POINT('',(81.455872189708,97.907042307663,
    6.362968306351));
#2123 = CARTESIAN_POINT('',(81.45407073386,99.412664987976,
    6.129630425507));
#2124 = CARTESIAN_POINT('',(81.453302191647,99.913707626896,
    6.051802726606));
#2125 = CARTESIAN_POINT('',(81.453610335797,100.16611870451,
    6.012397436975));
#2126 = ADVANCED_FACE('',(#2127),#2143,.T.);
#2127 = FACE_BOUND('',#2128,.T.);
#2128 = EDGE_LOOP('',(#2129,#2130,#2136,#2137));
#2129 = ORIENTED_EDGE('',*,*,#1940,.F.);
#2130 = ORIENTED_EDGE('',*,*,#2131,.T.);
#2131 = EDGE_CURVE('',#1830,#1539,#2132,.T.);
#2132 = LINE('',#2133,#2134);
#2133 = CARTESIAN_POINT('',(83.282607532401,101.84185808426,
    5.899999999999));
#2134 = VECTOR('',#2135,1.);
#2135 = DIRECTION('',(-0.604987123112,6.93964750271E-02,-0.793205339192)
  );
#2136 = ORIENTED_EDGE('',*,*,#1538,.F.);
#2137 = ORIENTED_EDGE('',*,*,#2138,.F.);
#2138 = EDGE_CURVE('',#1932,#1531,#2139,.T.);
#2139 = LINE('',#2140,#2141);
#2140 = CARTESIAN_POINT('',(81.532607532401,100.11360029099,
    6.174999999999));
#2141 = VECTOR('',#2142,1.);
#2142 = DIRECTION('',(-0.419638213192,0.278981206326,-0.863755322152));
#2143 = B_SPLINE_SURFACE_WITH_KNOTS('',3,3,(
    (#2144,#2145,#2146,#2147)
    ,(#2148,#2149,#2150,#2151)
    ,(#2152,#2153,#2154,#2155)
    ,(#2156,#2157,#2158,#2159)
    ,(#2160,#2161,#2162,#2163)
    ,(#2164,#2165,#2166,#2167)
    ,(#2168,#2169,#2170,#2171
    )),.UNSPECIFIED.,.F.,.F.,.F.,(4,1,1,1,4),(4,4),(0.,0.285714285714,
    0.571428571429,0.714285714286,1.),(2.413304844256E-02,1.),
  .UNSPECIFIED.);
#2144 = CARTESIAN_POINT('',(81.460208387074,100.16173223004,
    6.025978425866));
#2145 = CARTESIAN_POINT('',(80.484341435516,100.81050188638,
    4.017318950578));
#2146 = CARTESIAN_POINT('',(79.508474483959,101.45927154272,
    2.00865947529));
#2147 = CARTESIAN_POINT('',(78.532607532401,102.10804119906,
    2.226663298188E-12));
#2148 = CARTESIAN_POINT('',(81.460208387074,100.41494204371,
    5.985831353361));
#2149 = CARTESIAN_POINT('',(80.484393557341,100.99183407719,
    3.990543257796));
#2150 = CARTESIAN_POINT('',(79.508422362134,101.56854907811,
    1.995288095567));
#2151 = CARTESIAN_POINT('',(78.532607532401,102.1454411116,
    2.226663298188E-12));
#2152 = CARTESIAN_POINT('',(81.577220354746,100.92131220313,
    5.905545051614));
#2153 = CARTESIAN_POINT('',(80.568065624575,101.35424142879,
    3.937038328239));
#2154 = CARTESIAN_POINT('',(79.55883133984,101.78730440444,
    1.968506723377));
#2155 = CARTESIAN_POINT('',(78.549676609669,102.2202336301,
    2.225775119769E-12));
#2156 = CARTESIAN_POINT('',(81.987145734092,101.42838093074,
    5.82514799007));
#2157 = CARTESIAN_POINT('',(80.861304612659,101.71723536573,
    3.88344347103));
#2158 = CARTESIAN_POINT('',(79.735315443366,102.00627489442,
    1.941704519042));
#2159 = CARTESIAN_POINT('',(78.609474321933,102.29512932941,
    2.226663298188E-12));
#2160 = CARTESIAN_POINT('',(82.533550501401,101.76723540778,
    5.771421734117));
#2161 = CARTESIAN_POINT('',(81.252101843023,101.95986467607,
    3.847617963486));
#2162 = CARTESIAN_POINT('',(79.970629572545,102.15254996883,
    1.923803770633));
#2163 = CARTESIAN_POINT('',(78.689180914167,102.34517923712,
    2.225775119769E-12));
#2164 = CARTESIAN_POINT('',(82.917624870017,101.85431515637,
    5.757615014188));
#2165 = CARTESIAN_POINT('',(81.526876299038,102.02207814573,
    3.838437112427));
#2166 = CARTESIAN_POINT('',(80.135956190836,102.19027820971,
    1.919177901763));
#2167 = CARTESIAN_POINT('',(78.745207619857,102.35804119906,
    2.226663298188E-12));
#2168 = CARTESIAN_POINT('',(83.174008814411,101.85431515637,
    5.757615014188));
#2169 = CARTESIAN_POINT('',(81.710208387074,102.02222383727,
    3.83841000946));
#2170 = CARTESIAN_POINT('',(80.246407959738,102.19013251816,
    1.919205004731));
#2171 = CARTESIAN_POINT('',(78.782607532401,102.35804119906,
    2.226663298188E-12));
#2172 = ADVANCED_FACE('',(#2173),#2184,.T.);
#2173 = FACE_BOUND('',#2174,.T.);
#2174 = EDGE_LOOP('',(#2175,#2176,#2182,#2183));
#2175 = ORIENTED_EDGE('',*,*,#1838,.F.);
#2176 = ORIENTED_EDGE('',*,*,#2177,.T.);
#2177 = EDGE_CURVE('',#1692,#1548,#2178,.T.);
#2178 = LINE('',#2179,#2180);
#2179 = CARTESIAN_POINT('',(101.30760753241,101.84185808426,
    5.899999999999));
#2180 = VECTOR('',#2181,1.);
#2181 = DIRECTION('',(0.604987123112,6.93964750271E-02,-0.793205339192)
  );
#2182 = ORIENTED_EDGE('',*,*,#1547,.F.);
#2183 = ORIENTED_EDGE('',*,*,#2131,.F.);
#2184 = PLANE('',#2185);
#2185 = AXIS2_PLACEMENT_3D('',#2186,#2187,#2188);
#2186 = CARTESIAN_POINT('',(92.80760753241,101.84185808426,
    5.899999999999));
#2187 = DIRECTION('',(7.651222648233E-18,0.996194698092,
    8.715574274718E-02));
#2188 = DIRECTION('',(0.,-8.715574274718E-02,0.996194698092));
#2189 = ADVANCED_FACE('',(#2190),#2201,.T.);
#2190 = FACE_BOUND('',#2191,.T.);
#2191 = EDGE_LOOP('',(#2192,#2193,#2199,#2200));
#2192 = ORIENTED_EDGE('',*,*,#1700,.F.);
#2193 = ORIENTED_EDGE('',*,*,#2194,.T.);
#2194 = EDGE_CURVE('',#1594,#1495,#2195,.T.);
#2195 = LINE('',#2196,#2197);
#2196 = CARTESIAN_POINT('',(103.05760753241,100.11360029099,
    6.174999999999));
#2197 = VECTOR('',#2198,1.);
#2198 = DIRECTION('',(0.419638213192,0.278981206326,-0.863755322152));
#2199 = ORIENTED_EDGE('',*,*,#1555,.F.);
#2200 = ORIENTED_EDGE('',*,*,#2177,.F.);
#2201 = B_SPLINE_SURFACE_WITH_KNOTS('',3,3,(
    (#2202,#2203,#2204,#2205)
    ,(#2206,#2207,#2208,#2209)
    ,(#2210,#2211,#2212,#2213)
    ,(#2214,#2215,#2216,#2217)
    ,(#2218,#2219,#2220,#2221)
    ,(#2222,#2223,#2224,#2225)
    ,(#2226,#2227,#2228,#2229
    )),.UNSPECIFIED.,.F.,.F.,.F.,(4,1,1,1,4),(4,4),(0.,0.285714285714,
    0.571428571429,0.714285714286,1.),(2.382129322782E-02,1.),
  .UNSPECIFIED.);
#2202 = CARTESIAN_POINT('',(101.41480335193,101.85415423359,
    5.759454369955));
#2203 = CARTESIAN_POINT('',(102.87907141209,102.02211655541,
    3.839636246637));
#2204 = CARTESIAN_POINT('',(104.34333947225,102.19007887724,
    1.91981812332));
#2205 = CARTESIAN_POINT('',(105.80760753241,102.35804119906,
    2.224886941349E-12));
#2206 = CARTESIAN_POINT('',(101.67125725403,101.85415423359,
    5.759454369955));
#2207 = CARTESIAN_POINT('',(103.06256721559,102.02206517267,
    3.839645805358));
#2208 = CARTESIAN_POINT('',(104.45369748339,102.19013025998,
    1.919808564599));
#2209 = CARTESIAN_POINT('',(105.84500744495,102.35804119906,
    2.224886941349E-12));
#2210 = CARTESIAN_POINT('',(102.18411495658,101.73855945315,
    5.777783086703));
#2211 = CARTESIAN_POINT('',(103.4292980387,101.93933753388,
    3.851860254356));
#2212 = CARTESIAN_POINT('',(104.67461688135,102.14019404108,
    1.92592283235));
#2213 = CARTESIAN_POINT('',(105.91979996347,102.3409721218,
    2.225331030559E-12));
#2214 = CARTESIAN_POINT('',(102.69768017723,101.33359887369,
    5.841993665475));
#2215 = CARTESIAN_POINT('',(103.79662271372,101.64940873612,
    3.894671493909));
#2216 = CARTESIAN_POINT('',(104.89575312628,101.9653645471,
    1.947322171568));
#2217 = CARTESIAN_POINT('',(105.99469566277,102.28117440953,
    2.225331030559E-12));
#2218 = CARTESIAN_POINT('',(103.04087601006,100.79381187258,
    5.927582331413));
#2219 = CARTESIAN_POINT('',(104.04214690799,101.26302276173,
    3.951722997698));
#2220 = CARTESIAN_POINT('',(105.04347467255,101.73225692815,
    1.975859333718));
#2221 = CARTESIAN_POINT('',(106.04474557048,102.2014678173,
    2.224442852139E-12));
#2222 = CARTESIAN_POINT('',(103.12907141209,100.41438921004,
    5.987743616232));
#2223 = CARTESIAN_POINT('',(104.10510223727,100.99135014228,
    3.991839563668));
#2224 = CARTESIAN_POINT('',(105.08157670723,101.56848017936,
    1.995904052566));
#2225 = CARTESIAN_POINT('',(106.05760753241,102.1454411116,
    2.224886941349E-12));
#2226 = CARTESIAN_POINT('',(103.12907141209,100.16111045268,
    6.027903514317));
#2227 = CARTESIAN_POINT('',(104.10525011886,100.81008736814,
    4.018602342879));
#2228 = CARTESIAN_POINT('',(105.08142882563,101.4590642836,
    2.009301171441));
#2229 = CARTESIAN_POINT('',(106.05760753241,102.10804119906,
    2.224886941349E-12));
#2230 = ADVANCED_FACE('',(#2231),#2242,.T.);
#2231 = FACE_BOUND('',#2232,.T.);
#2232 = EDGE_LOOP('',(#2233,#2234,#2235,#2236));
#2233 = ORIENTED_EDGE('',*,*,#1494,.F.);
#2234 = ORIENTED_EDGE('',*,*,#2194,.F.);
#2235 = ORIENTED_EDGE('',*,*,#1602,.F.);
#2236 = ORIENTED_EDGE('',*,*,#2237,.T.);
#2237 = EDGE_CURVE('',#1603,#1497,#2238,.T.);
#2238 = LINE('',#2239,#2240);
#2239 = CARTESIAN_POINT('',(103.05760753241,89.74405353138,
    7.824999999995));
#2240 = VECTOR('',#2241,1.);
#2241 = DIRECTION('',(0.305219238612,-0.522536591191,-0.796113514046));
#2242 = B_SPLINE_SURFACE_WITH_KNOTS('',3,3,(
    (#2243,#2244,#2245,#2246)
    ,(#2247,#2248,#2249,#2250)
    ,(#2251,#2252,#2253,#2254)
    ,(#2255,#2256,#2257,#2258
    )),.UNSPECIFIED.,.F.,.F.,.F.,(4,4),(4,4),(0.,1.),(2.193233815439E-02
    ,1.),.PIECEWISE_BEZIER_KNOTS.);
#2243 = CARTESIAN_POINT('',(103.12340454687,100.15734304341,
    6.039567811896));
#2244 = CARTESIAN_POINT('',(104.10147220872,100.80757576196,
    4.026378541265));
#2245 = CARTESIAN_POINT('',(105.07953987056,101.45780848051,
    2.013189270633));
#2246 = CARTESIAN_POINT('',(106.05760753241,102.10804119906,
    2.224886941349E-12));
#2247 = CARTESIAN_POINT('',(103.12340454687,99.269405315077,
    6.180399445199));
#2248 = CARTESIAN_POINT('',(104.10147220872,100.1719840451,4.1202662968)
  );
#2249 = CARTESIAN_POINT('',(105.07953987056,101.07456277513,
    2.060133148401));
#2250 = CARTESIAN_POINT('',(106.05760753241,101.97714150516,
    2.224886941349E-12));
#2251 = CARTESIAN_POINT('',(103.12340454687,90.519346500485,
    7.512547820634));
#2252 = CARTESIAN_POINT('',(104.10147220872,88.592544631312,
    5.008365213757));
#2253 = CARTESIAN_POINT('',(105.07953987056,86.665742762132,
    2.504182606879));
#2254 = CARTESIAN_POINT('',(106.05760753241,84.738940892959,
    2.224886941349E-12));
#2255 = CARTESIAN_POINT('',(103.12340454687,89.631408772148,
    7.653379453937));
#2256 = CARTESIAN_POINT('',(104.10147220872,87.956952914457,
    5.102252969292));
#2257 = CARTESIAN_POINT('',(105.07953987056,86.282497056753,
    2.551126484647));
#2258 = CARTESIAN_POINT('',(106.05760753241,84.608041199062,
    2.224886941349E-12));
#2259 = ADVANCED_FACE('',(#2260),#2270,.T.);
#2260 = FACE_BOUND('',#2261,.T.);
#2261 = EDGE_LOOP('',(#2262,#2263,#2264,#2265,#2266,#2267,#2268,#2269));
#2262 = ORIENTED_EDGE('',*,*,#1576,.F.);
#2263 = ORIENTED_EDGE('',*,*,#1678,.F.);
#2264 = ORIENTED_EDGE('',*,*,#1820,.F.);
#2265 = ORIENTED_EDGE('',*,*,#1920,.F.);
#2266 = ORIENTED_EDGE('',*,*,#2048,.F.);
#2267 = ORIENTED_EDGE('',*,*,#1984,.F.);
#2268 = ORIENTED_EDGE('',*,*,#1870,.F.);
#2269 = ORIENTED_EDGE('',*,*,#1756,.F.);
#2270 = ( BOUNDED_SURFACE() B_SPLINE_SURFACE(1,2,(
    (#2271,#2272,#2273)
    ,(#2274,#2275,#2276
)),.UNSPECIFIED.,.F.,.F.,.F.) B_SPLINE_SURFACE_WITH_KNOTS((2,2),(3,3),(
    8.709867970078E-13,0.345086531611),(-1.48601252333E-15,
    0.302855402167),.PIECEWISE_BEZIER_KNOTS.) 
GEOMETRIC_REPRESENTATION_ITEM() RATIONAL_B_SPLINE_SURFACE((
    (1.,0.988556717304,1.)
,(1.,0.988556717304,1.))) REPRESENTATION_ITEM('') SURFACE() );
#2271 = CARTESIAN_POINT('',(78.838787524484,109.79583057005,
    4.978236131204));
#2272 = CARTESIAN_POINT('',(93.470680416529,109.47315679882,
    2.950369004499));
#2273 = CARTESIAN_POINT('',(108.04907153672,109.85092657348,
    5.324491030493));
#2274 = CARTESIAN_POINT('',(78.838787524484,76.797554874698,
    10.228914502828));
#2275 = CARTESIAN_POINT('',(93.470680416529,76.474881103466,
    8.201047376124));
#2276 = CARTESIAN_POINT('',(108.04907153672,76.852650878121,
    10.575169402118));
#2277 = ADVANCED_FACE('',(#2278),#2285,.F.);
#2278 = FACE_BOUND('',#2279,.F.);
#2279 = EDGE_LOOP('',(#2280,#2281,#2282,#2283,#2284));
#2280 = ORIENTED_EDGE('',*,*,#1409,.T.);
#2281 = ORIENTED_EDGE('',*,*,#1468,.T.);
#2282 = ORIENTED_EDGE('',*,*,#842,.T.);
#2283 = ORIENTED_EDGE('',*,*,#287,.T.);
#2284 = ORIENTED_EDGE('',*,*,#784,.T.);
#2285 = B_SPLINE_SURFACE_WITH_KNOTS('',3,3,(
    (#2286,#2287,#2288,#2289,#2290,#2291)
    ,(#2292,#2293,#2294,#2295,#2296,#2297)
    ,(#2298,#2299,#2300,#2301,#2302,#2303)
    ,(#2304,#2305,#2306,#2307,#2308,#2309
    )),.UNSPECIFIED.,.F.,.F.,.F.,(4,4),(4,2,4),(0.17176237448,
    0.219041068494),(3.784870766702E-02,0.129795172357,0.136139563583),
  .UNSPECIFIED.);
#2286 = CARTESIAN_POINT('',(82.340807976492,93.106889254195,
    5.929582301573));
#2287 = CARTESIAN_POINT('',(85.327314332073,93.059023788941,
    5.628768252975));
#2288 = CARTESIAN_POINT('',(88.335537284132,93.032557331528,
    5.462437847841));
#2289 = CARTESIAN_POINT('',(91.554524358609,93.027696311095,
    5.431888406757));
#2290 = CARTESIAN_POINT('',(91.762312902156,93.02748692414,
    5.430572498893));
#2291 = CARTESIAN_POINT('',(91.970107532401,93.02738176893,
    5.429911643218));
#2292 = CARTESIAN_POINT('',(82.340807976492,91.599909374585,6.1693726086
    ));
#2293 = CARTESIAN_POINT('',(85.327314332073,91.552043909331,
    5.868558560002));
#2294 = CARTESIAN_POINT('',(88.335537284132,91.525577451917,
    5.702228154868));
#2295 = CARTESIAN_POINT('',(91.554524358609,91.520716431485,
    5.671678713784));
#2296 = CARTESIAN_POINT('',(91.762312902156,91.52050704453,5.67036280592
    ));
#2297 = CARTESIAN_POINT('',(91.970107532401,91.52040188932,
    5.669701950245));
#2298 = CARTESIAN_POINT('',(82.340807976492,90.092929494967,
    6.409162915627));
#2299 = CARTESIAN_POINT('',(85.327314332073,90.045064029713,
    6.108348867029));
#2300 = CARTESIAN_POINT('',(88.335537284132,90.018597572293,
    5.942018461895));
#2301 = CARTESIAN_POINT('',(91.554524358609,90.013736551875,
    5.911469020811));
#2302 = CARTESIAN_POINT('',(91.762312902156,90.01352716492,
    5.910153112947));
#2303 = CARTESIAN_POINT('',(91.970107532401,90.01342200971,
    5.909492257272));
#2304 = CARTESIAN_POINT('',(82.340807976492,88.585949615357,
    6.648953222654));
#2305 = CARTESIAN_POINT('',(85.327314332073,88.538084150103,
    6.348139174055));
#2306 = CARTESIAN_POINT('',(88.335537284132,88.511617692682,
    6.181808768922));
#2307 = CARTESIAN_POINT('',(91.554524358609,88.506756672265,
    6.151259327838));
#2308 = CARTESIAN_POINT('',(91.762312902156,88.506547285309,
    6.149943419973));
#2309 = CARTESIAN_POINT('',(91.970107532401,88.5064421301,6.149282564299
    ));
#2310 = ADVANCED_FACE('',(#2311),#2322,.T.);
#2311 = FACE_BOUND('',#2312,.T.);
#2312 = EDGE_LOOP('',(#2313,#2314,#2320,#2321));
#2313 = ORIENTED_EDGE('',*,*,#1530,.F.);
#2314 = ORIENTED_EDGE('',*,*,#2315,.F.);
#2315 = EDGE_CURVE('',#1997,#1522,#2316,.T.);
#2316 = LINE('',#2317,#2318);
#2317 = CARTESIAN_POINT('',(81.532607532401,89.74405353138,
    7.824999999995));
#2318 = VECTOR('',#2319,1.);
#2319 = DIRECTION('',(-0.305219238612,-0.522536591191,-0.796113514046));
#2320 = ORIENTED_EDGE('',*,*,#2062,.F.);
#2321 = ORIENTED_EDGE('',*,*,#2138,.T.);
#2322 = B_SPLINE_SURFACE_WITH_KNOTS('',3,3,(
    (#2323,#2324,#2325,#2326)
    ,(#2327,#2328,#2329,#2330)
    ,(#2331,#2332,#2333,#2334)
    ,(#2335,#2336,#2337,#2338
    )),.UNSPECIFIED.,.F.,.F.,.F.,(4,4),(4,4),(0.,1.),(2.193036491373E-02
    ,1.),.PIECEWISE_BEZIER_KNOTS.);
#2323 = CARTESIAN_POINT('',(81.466816437663,89.631418906734,
    7.653394894546));
#2324 = CARTESIAN_POINT('',(80.488746802577,87.956959670846,
    5.102263263031));
#2325 = CARTESIAN_POINT('',(79.510677167487,86.282500434951,
    2.551131631517));
#2326 = CARTESIAN_POINT('',(78.532607532401,84.608041199062,
    2.226663298188E-12));
#2327 = CARTESIAN_POINT('',(81.466816437663,90.519358162383,
    7.512562977116));
#2328 = CARTESIAN_POINT('',(80.488746802577,88.592552405913,
    5.008375318078));
#2329 = CARTESIAN_POINT('',(79.510677167487,86.665746649429,
    2.50418765904));
#2330 = CARTESIAN_POINT('',(78.532607532401,84.738940892959,
    2.226663298188E-12));
#2331 = CARTESIAN_POINT('',(81.466816437663,99.269399852259,
    6.180411914086));
#2332 = CARTESIAN_POINT('',(80.488746802577,100.17198040322,
    4.120274609392));
#2333 = CARTESIAN_POINT('',(79.510677167487,101.07456095419,
    2.060137304697));
#2334 = CARTESIAN_POINT('',(78.532607532401,101.97714150516,
    2.226663298188E-12));
#2335 = CARTESIAN_POINT('',(81.466816437663,100.1573391079,
    6.039579996657));
#2336 = CARTESIAN_POINT('',(80.488746802577,100.80757313829,
    4.026386664439));
#2337 = CARTESIAN_POINT('',(79.510677167487,101.45780716867,
    2.01319333222));
#2338 = CARTESIAN_POINT('',(78.532607532401,102.10804119906,
    2.226663298188E-12));
#2339 = ADVANCED_FACE('',(#2340),#2351,.T.);
#2340 = FACE_BOUND('',#2341,.T.);
#2341 = EDGE_LOOP('',(#2342,#2343,#2344,#2345));
#2342 = ORIENTED_EDGE('',*,*,#1996,.F.);
#2343 = ORIENTED_EDGE('',*,*,#2315,.T.);
#2344 = ORIENTED_EDGE('',*,*,#1521,.F.);
#2345 = ORIENTED_EDGE('',*,*,#2346,.F.);
#2346 = EDGE_CURVE('',#1881,#1514,#2347,.T.);
#2347 = LINE('',#2348,#2349);
#2348 = CARTESIAN_POINT('',(83.282607532401,88.015795738109,
    8.099999999995));
#2349 = VECTOR('',#2350,1.);
#2350 = DIRECTION('',(-0.451721702092,-0.367174912492,-0.813099063765));
#2351 = B_SPLINE_SURFACE_WITH_KNOTS('',3,3,(
    (#2352,#2353,#2354,#2355)
    ,(#2356,#2357,#2358,#2359)
    ,(#2360,#2361,#2362,#2363)
    ,(#2364,#2365,#2366,#2367)
    ,(#2368,#2369,#2370,#2371)
    ,(#2372,#2373,#2374,#2375)
    ,(#2376,#2377,#2378,#2379
    )),.UNSPECIFIED.,.F.,.F.,.F.,(4,1,1,1,4),(4,4),(0.,0.285714285714,
    0.571428571429,0.714285714286,1.),(1.993481634985E-02,1.),
  .UNSPECIFIED.);
#2352 = CARTESIAN_POINT('',(83.19290085883,87.942879073125,
    7.938527987562));
#2353 = CARTESIAN_POINT('',(81.722803083354,86.747933115104,
    5.292351991708));
#2354 = CARTESIAN_POINT('',(80.252705307878,85.552987157083,
    2.646175995855));
#2355 = CARTESIAN_POINT('',(78.782607532401,84.358041199062,
    2.226663298188E-12));
#2356 = CARTESIAN_POINT('',(82.935574833358,87.942879073125,
    7.938527987562));
#2357 = CARTESIAN_POINT('',(81.538725625804,86.747984702415,
    5.292342394931));
#2358 = CARTESIAN_POINT('',(80.142056827412,85.552935569773,
    2.646185592632));
#2359 = CARTESIAN_POINT('',(78.745207619857,84.358041199062,
    2.226663298188E-12));
#2360 = CARTESIAN_POINT('',(82.420973054344,88.058866115513,
    7.920126298396));
#2361 = CARTESIAN_POINT('',(81.170832503653,86.830973748649,
    5.280079316355));
#2362 = CARTESIAN_POINT('',(79.92055565201,85.603002643162,
    2.640046982044));
#2363 = CARTESIAN_POINT('',(78.670415101318,84.375110276298,
    2.224886941349E-12));
#2364 = CARTESIAN_POINT('',(81.905661351291,88.465200897808,
    7.855660076951));
#2365 = CARTESIAN_POINT('',(80.802343576193,87.121818771251,
    5.237097631681));
#2366 = CARTESIAN_POINT('',(79.698837177119,85.778290115137,
    2.618562445272));
#2367 = CARTESIAN_POINT('',(78.595519402021,84.43490798858,
    2.226219208978E-12));
#2368 = CARTESIAN_POINT('',(81.56129841159,89.006819624854,
    7.769730655402));
#2369 = CARTESIAN_POINT('',(80.556041136813,87.509425733464,
    5.17981898777));
#2370 = CARTESIAN_POINT('',(79.550726769077,86.012008472193,
    2.589911667634));
#2371 = CARTESIAN_POINT('',(78.5454694943,84.514614580803,
    2.225331030559E-12));
#2372 = CARTESIAN_POINT('',(81.47280308335,89.387529829299,
    7.709329849428));
#2373 = CARTESIAN_POINT('',(80.492886370062,87.781956907733,
    5.139542705025));
#2374 = CARTESIAN_POINT('',(79.512524245689,86.176214208084,
    2.569787144405));
#2375 = CARTESIAN_POINT('',(78.532607532401,84.570641286518,
    2.226663298188E-12));
#2376 = CARTESIAN_POINT('',(81.47280308335,89.641668068762,
    7.669010062058));
#2377 = CARTESIAN_POINT('',(80.492737899702,87.963792445531,
    5.112673374706));
#2378 = CARTESIAN_POINT('',(79.51267271605,86.285916822293,
    2.556336687354));
#2379 = CARTESIAN_POINT('',(78.532607532401,84.608041199062,
    2.226663298188E-12));
#2380 = ADVANCED_FACE('',(#2381),#2392,.T.);
#2381 = FACE_BOUND('',#2382,.T.);
#2382 = EDGE_LOOP('',(#2383,#2384,#2390,#2391));
#2383 = ORIENTED_EDGE('',*,*,#1768,.F.);
#2384 = ORIENTED_EDGE('',*,*,#2385,.T.);
#2385 = EDGE_CURVE('',#1769,#1505,#2386,.T.);
#2386 = LINE('',#2387,#2388);
#2387 = CARTESIAN_POINT('',(101.30760753241,88.015795738109,
    8.099999999995));
#2388 = VECTOR('',#2389,1.);
#2389 = DIRECTION('',(0.451721702092,-0.367174912492,-0.813099063765));
#2390 = ORIENTED_EDGE('',*,*,#1504,.F.);
#2391 = ORIENTED_EDGE('',*,*,#2237,.F.);
#2392 = B_SPLINE_SURFACE_WITH_KNOTS('',3,3,(
    (#2393,#2394,#2395,#2396)
    ,(#2397,#2398,#2399,#2400)
    ,(#2401,#2402,#2403,#2404)
    ,(#2405,#2406,#2407,#2408)
    ,(#2409,#2410,#2411,#2412)
    ,(#2413,#2414,#2415,#2416)
    ,(#2417,#2418,#2419,#2420
    )),.UNSPECIFIED.,.F.,.F.,.F.,(4,1,1,1,4),(4,4),(0.,0.285714285714,
    0.571428571429,0.714285714286,1.),(1.996282417536E-02,1.),
  .UNSPECIFIED.);
#2393 = CARTESIAN_POINT('',(103.11749600493,89.641524220227,
    7.668790900823));
#2394 = CARTESIAN_POINT('',(104.09753318076,87.963696546503,
    5.112527267216));
#2395 = CARTESIAN_POINT('',(105.07757035658,86.285868872786,
    2.556263633609));
#2396 = CARTESIAN_POINT('',(106.05760753241,84.608041199062,
    2.224886941349E-12));
#2397 = CARTESIAN_POINT('',(103.11749600493,89.387392174605,
    7.709109535954));
#2398 = CARTESIAN_POINT('',(104.0974808362,87.781749282214,
    5.139417381994));
#2399 = CARTESIAN_POINT('',(105.07762270114,86.17628417891,
    2.569692153963));
#2400 = CARTESIAN_POINT('',(106.05760753241,84.570641286518,
    2.224886941349E-12));
#2401 = CARTESIAN_POINT('',(103.00005694611,88.879177731295,
    7.789738929457));
#2402 = CARTESIAN_POINT('',(104.01352415099,87.418112850668,
    5.193150957042));
#2403 = CARTESIAN_POINT('',(105.02707125028,85.956913648602,
    2.596587972418));
#2404 = CARTESIAN_POINT('',(106.04053845516,84.495848767976,
    2.225331030559E-12));
#2405 = CARTESIAN_POINT('',(102.5886353475,88.370262175682,
    7.870479556046));
#2406 = CARTESIAN_POINT('',(103.71928758582,87.053887768212,
    5.246974844007));
#2407 = CARTESIAN_POINT('',(104.85008850457,85.737327476148,
    2.623504712041));
#2408 = CARTESIAN_POINT('',(105.98074074288,84.420953068679,
    2.225331030559E-12));
#2409 = CARTESIAN_POINT('',(102.04023621399,88.030173534658,
    7.924435403274));
#2410 = CARTESIAN_POINT('',(103.32716095524,86.810435498024,
    5.282953446603));
#2411 = CARTESIAN_POINT('',(104.6141094094,85.590641197588,
    2.641481956673));
#2412 = CARTESIAN_POINT('',(105.90103415065,84.370903160954,
    2.224442852139E-12));
#2413 = CARTESIAN_POINT('',(101.65475998173,87.942776627373,
    7.938301124175));
#2414 = CARTESIAN_POINT('',(103.05145171271,86.748011132069,
    5.292173530662));
#2415 = CARTESIAN_POINT('',(104.44831571396,85.552806694366,
    2.646127593515));
#2416 = CARTESIAN_POINT('',(105.84500744495,84.358041199062,
    2.224886941349E-12));
#2417 = CARTESIAN_POINT('',(101.3974402412,87.942776627373,
    7.938301124175));
#2418 = CARTESIAN_POINT('',(102.86749600493,86.747864817939,
    5.292200749451));
#2419 = CARTESIAN_POINT('',(104.33755176867,85.552953008497,
    2.646100374726));
#2420 = CARTESIAN_POINT('',(105.80760753241,84.358041199062,
    2.224886941349E-12));
#2421 = ADVANCED_FACE('',(#2422),#2428,.T.);
#2422 = FACE_BOUND('',#2423,.T.);
#2423 = EDGE_LOOP('',(#2424,#2425,#2426,#2427));
#2424 = ORIENTED_EDGE('',*,*,#1513,.F.);
#2425 = ORIENTED_EDGE('',*,*,#2385,.F.);
#2426 = ORIENTED_EDGE('',*,*,#1880,.F.);
#2427 = ORIENTED_EDGE('',*,*,#2346,.T.);
#2428 = PLANE('',#2429);
#2429 = AXIS2_PLACEMENT_3D('',#2430,#2431,#2432);
#2430 = CARTESIAN_POINT('',(101.30760753241,88.015795738109,
    8.099999999995));
#2431 = DIRECTION('',(8.99279624979E-17,-0.911383682043,0.411557753063)
  );
#2432 = DIRECTION('',(0.,-0.411557753063,-0.911383682043));
#2433 = ( GEOMETRIC_REPRESENTATION_CONTEXT(3) 
GLOBAL_UNCERTAINTY_ASSIGNED_CONTEXT((#2437)) 
GLOBAL_UNIT_ASSIGNED_CONTEXT((#2434,#2435,#2436)) REPRESENTATION_CONTEXT
('Context #1','3D Context with UNIT and UNCERTAINTY') );
#2434 = ( LENGTH_UNIT() NAMED_UNIT(*) SI_UNIT(.MILLI.,.METRE.) );
#2435 = ( NAMED_UNIT(*) PLANE_ANGLE_UNIT() SI_UNIT($,.RADIAN.) );
#2436 = ( NAMED_UNIT(*) SI_UNIT($,.STERADIAN.) SOLID_ANGLE_UNIT() );
#2437 = UNCERTAINTY_MEASURE_WITH_UNIT(LENGTH_MEASURE(1.E-03),#2434,
  'distance_accuracy_value','confusion accuracy');
#2438 = PRODUCT_RELATED_PRODUCT_CATEGORY('part',$,(#7));
#2439 = MECHANICAL_DESIGN_GEOMETRIC_PRESENTATION_REPRESENTATION('',(
    #2440),#2433);
#2440 = STYLED_ITEM('color',(#2441),#15);
#2441 = PRESENTATION_STYLE_ASSIGNMENT((#2442,#2448));
#2442 = SURFACE_STYLE_USAGE(.BOTH.,#2443);
#2443 = SURFACE_SIDE_STYLE('',(#2444));
#2444 = SURFACE_STYLE_FILL_AREA(#2445);
#2445 = FILL_AREA_STYLE('',(#2446));
#2446 = FILL_AREA_STYLE_COLOUR('',#2447);
#2447 = DRAUGHTING_PRE_DEFINED_COLOUR('white');
#2448 = CURVE_STYLE('',#2449,POSITIVE_LENGTH_MEASURE(0.1),#2450);
#2449 = DRAUGHTING_PRE_DEFINED_CURVE_FONT('continuous');
#2450 = COLOUR_RGB('',9.803921802644E-02,9.803921802644E-02,
  9.803921802644E-02);
ENDSEC;
END-ISO-10303-21;
