ISO-10303-21;
HEADER;
FILE_DESCRIPTION(('FreeCAD Model'),'2;1');
FILE_NAME('Open CASCADE Shape Model','2026-09-10T09:36:43',('Author'),(
    ''),'Open CASCADE STEP processor 7.8','FreeCAD','Unknown');
FILE_SCHEMA(('AUTOMOTIVE_DESIGN { 1 0 10303 214 1 1 1 1 }'));
ENDSEC;
DATA;
#1 = APPLICATION_PROTOCOL_DEFINITION('international standard',
  'automotive_design',2000,#2);
#2 = APPLICATION_CONTEXT(
  'core data for automotive mechanical design processes');
#3 = SHAPE_DEFINITION_REPRESENTATION(#4,#10);
#4 = PRODUCT_DEFINITION_SHAPE('','',#5);
#5 = PRODUCT_DEFINITION('design','',#6,#9);
#6 = PRODUCT_DEFINITION_FORMATION('','',#7);
#7 = PRODUCT('Product040','Product040','',(#8));
#8 = PRODUCT_CONTEXT('',#2,'mechanical');
#9 = PRODUCT_DEFINITION_CONTEXT('part definition',#2,'design');
#10 = ADVANCED_BREP_SHAPE_REPRESENTATION('',(#11,#15),#2421);
#11 = AXIS2_PLACEMENT_3D('',#12,#13,#14);
#12 = CARTESIAN_POINT('',(0.,0.,0.));
#13 = DIRECTION('',(0.,0.,1.));
#14 = DIRECTION('',(1.,0.,-0.));
#15 = MANIFOLD_SOLID_BREP('',#16);
#16 = CLOSED_SHELL('',(#17,#77,#141,#205,#318,#431,#502,#573,#613,#669,
    #705,#754,#778,#818,#902,#995,#1070,#1154,#1286,#1353,#1443,#1493,
    #1563,#1612,#1648,#1697,#1714,#1736,#1767,#1791,#1815,#1839,#1863,
    #1887,#1918,#1942,#1997,#2014,#2031,#2043,#2055,#2192,#2215,#2235,
    #2247,#2270,#2294,#2306,#2323,#2342,#2366,#2392,#2409));
#17 = ADVANCED_FACE('',(#18),#56,.F.);
#18 = FACE_BOUND('',#19,.F.);
#19 = EDGE_LOOP('',(#20,#31,#40,#49));
#20 = ORIENTED_EDGE('',*,*,#21,.F.);
#21 = EDGE_CURVE('',#22,#24,#26,.T.);
#22 = VERTEX_POINT('',#23);
#23 = CARTESIAN_POINT('',(152.39168544468,51.39894919403,8.703269387674)
  );
#24 = VERTEX_POINT('',#25);
#25 = CARTESIAN_POINT('',(130.11102962019,51.398949194074,8.703269387755
    ));
#26 = B_SPLINE_CURVE_WITH_KNOTS('',3,(#27,#28,#29,#30),.UNSPECIFIED.,.F.
  ,.F.,(4,4),(0.,22.280655824481),.PIECEWISE_BEZIER_KNOTS.);
#27 = CARTESIAN_POINT('',(152.39168544468,51.398949194037,8.703269387674
    ));
#28 = CARTESIAN_POINT('',(144.96480016985,51.398949194052,8.703269387701
    ));
#29 = CARTESIAN_POINT('',(137.53791489502,51.398949194052,8.703269387728
    ));
#30 = CARTESIAN_POINT('',(130.11102962019,51.398949194067,8.703269387755
    ));
#31 = ORIENTED_EDGE('',*,*,#32,.F.);
#32 = EDGE_CURVE('',#33,#22,#35,.T.);
#33 = VERTEX_POINT('',#34);
#34 = CARTESIAN_POINT('',(152.39168544468,51.17178591407,8.556159757937)
  );
#35 = CIRCLE('',#36,0.250000000001);
#36 = AXIS2_PLACEMENT_3D('',#37,#38,#39);
#37 = CARTESIAN_POINT('',(152.39168544468,51.399631834582,8.453270319672
    ));
#38 = DIRECTION('',(-1.,0.,0.));
#39 = DIRECTION('',(0.,-0.911383682045,0.411557753058));
#40 = ORIENTED_EDGE('',*,*,#41,.F.);
#41 = EDGE_CURVE('',#42,#33,#44,.T.);
#42 = VERTEX_POINT('',#43);
#43 = CARTESIAN_POINT('',(130.11102962019,51.171785914099,8.556159758018
    ));
#44 = B_SPLINE_CURVE_WITH_KNOTS('',3,(#45,#46,#47,#48),.UNSPECIFIED.,.F.
  ,.F.,(4,4),(-22.28065582448,0.),.PIECEWISE_BEZIER_KNOTS.);
#45 = CARTESIAN_POINT('',(130.11102962019,51.171785914099,8.556159758016
    ));
#46 = CARTESIAN_POINT('',(137.53791489502,51.171785914085,8.55615975799)
  );
#47 = CARTESIAN_POINT('',(144.96480016985,51.171785914085,8.556159757964
    ));
#48 = CARTESIAN_POINT('',(152.39168544468,51.17178591407,8.556159757937)
  );
#49 = ORIENTED_EDGE('',*,*,#50,.F.);
#50 = EDGE_CURVE('',#24,#42,#51,.T.);
#51 = CIRCLE('',#52,0.25);
#52 = AXIS2_PLACEMENT_3D('',#53,#54,#55);
#53 = CARTESIAN_POINT('',(130.11102962019,51.399631834611,8.453270319752
    ));
#54 = DIRECTION('',(1.,0.,0.));
#55 = DIRECTION('',(0.,-2.730562147917E-03,0.999996272008));
#56 = B_SPLINE_SURFACE_WITH_KNOTS('',3,3,(
    (#57,#58,#59,#60)
    ,(#61,#62,#63,#64)
    ,(#65,#66,#67,#68)
    ,(#69,#70,#71,#72)
    ,(#73,#74,#75,#76
    )),.UNSPECIFIED.,.F.,.F.,.F.,(4,1,4),(4,4),(0.,0.571428571429,1.),(
    0.,22.280655824481),.UNSPECIFIED.);
#57 = CARTESIAN_POINT('',(152.39168544468,51.398949194037,8.703269387674
    ));
#58 = CARTESIAN_POINT('',(144.96480016985,51.398949194052,8.703269387701
    ));
#59 = CARTESIAN_POINT('',(137.53791489502,51.398949194052,8.703269387728
    ));
#60 = CARTESIAN_POINT('',(130.11102962019,51.398949194067,8.703269387755
    ));
#61 = CARTESIAN_POINT('',(152.39168544468,51.344477819024,8.703120649643
    ));
#62 = CARTESIAN_POINT('',(144.96480016985,51.344477819039,8.70312064967)
  );
#63 = CARTESIAN_POINT('',(137.53791489502,51.344477819039,8.703120649697
    ));
#64 = CARTESIAN_POINT('',(130.11102962019,51.344477819053,8.703120649724
    ));
#65 = CARTESIAN_POINT('',(152.39168544468,51.24954358051,8.670519838394)
  );
#66 = CARTESIAN_POINT('',(144.96480016985,51.249543580525,8.670519838422
    ));
#67 = CARTESIAN_POINT('',(137.53791489502,51.249543580525,8.670519838447
    ));
#68 = CARTESIAN_POINT('',(130.11102962019,51.24954358054,8.670519838474)
  );
#69 = CARTESIAN_POINT('',(152.39168544468,51.188599564281,8.593393138485
    ));
#70 = CARTESIAN_POINT('',(144.96480016985,51.188599564295,8.593393138512
    ));
#71 = CARTESIAN_POINT('',(137.53791489502,51.188599564295,8.593393138538
    ));
#72 = CARTESIAN_POINT('',(130.11102962019,51.18859956431,8.593393138565)
  );
#73 = CARTESIAN_POINT('',(152.39168544468,51.17178591407,8.556159757937)
  );
#74 = CARTESIAN_POINT('',(144.96480016985,51.171785914085,8.556159757964
    ));
#75 = CARTESIAN_POINT('',(137.53791489502,51.171785914085,8.55615975799)
  );
#76 = CARTESIAN_POINT('',(130.11102962019,51.171785914099,8.556159758016
    ));
#77 = ADVANCED_FACE('',(#78),#110,.F.);
#78 = FACE_BOUND('',#79,.F.);
#79 = EDGE_LOOP('',(#80,#91,#100,#109));
#80 = ORIENTED_EDGE('',*,*,#81,.F.);
#81 = EDGE_CURVE('',#82,#22,#84,.T.);
#82 = VERTEX_POINT('',#83);
#83 = CARTESIAN_POINT('',(153.89898608644,53.136169290941,8.671829586354
    ));
#84 = B_SPLINE_CURVE_WITH_KNOTS('',3,(#85,#86,#87,#88,#89,#90),
  .UNSPECIFIED.,.F.,.F.,(4,1,1,4),(0.,1.098759513322,1.831265855537,
    2.563772197752),.UNSPECIFIED.);
#85 = CARTESIAN_POINT('',(153.89898608645,53.136169290941,8.671829586354
    ));
#86 = CARTESIAN_POINT('',(153.91445311468,52.768305590231,8.686171730548
    ));
#87 = CARTESIAN_POINT('',(153.75715450893,52.144234904517,8.701187831143
    ));
#88 = CARTESIAN_POINT('',(153.12426394478,51.528630510482,8.703875505859
    ));
#89 = CARTESIAN_POINT('',(152.63585422537,51.398949194037,8.703269387673
    ));
#90 = CARTESIAN_POINT('',(152.39168544467,51.398949194037,8.703269387674
    ));
#91 = ORIENTED_EDGE('',*,*,#92,.F.);
#92 = EDGE_CURVE('',#93,#82,#95,.T.);
#93 = VERTEX_POINT('',#94);
#94 = CARTESIAN_POINT('',(154.13486130744,53.139596138361,8.50380890347)
  );
#95 = CIRCLE('',#96,0.249999999999);
#96 = AXIS2_PLACEMENT_3D('',#97,#98,#99);
#97 = CARTESIAN_POINT('',(153.89898608644,53.126429775817,8.422019374703
    ));
#98 = DIRECTION('',(4.223042817302E-02,-0.998349421392,
    3.892330591553E-02));
#99 = DIRECTION('',(0.943500883997,5.266545017383E-02,0.327158115069));
#100 = ORIENTED_EDGE('',*,*,#101,.F.);
#101 = EDGE_CURVE('',#33,#93,#102,.T.);
#102 = B_SPLINE_CURVE_WITH_KNOTS('',3,(#103,#104,#105,#106,#107,#108),
  .UNSPECIFIED.,.F.,.F.,(4,1,1,4),(-2.563772197752,-1.831265855537,
    -1.098759513322,0.),.UNSPECIFIED.);
#103 = CARTESIAN_POINT('',(152.39168544467,51.17178591407,8.556159757936
    ));
#104 = CARTESIAN_POINT('',(152.67432694222,51.179802923361,
    8.573913211477));
#105 = CARTESIAN_POINT('',(153.23293406783,51.342297327734,
    8.594890785105));
#106 = CARTESIAN_POINT('',(153.95102811896,52.036120182463,
    8.588748617082));
#107 = CARTESIAN_POINT('',(154.14326942015,52.727222465764,
    8.545943830587));
#108 = CARTESIAN_POINT('',(154.13486130744,53.139596138361,8.50380890347
    ));
#109 = ORIENTED_EDGE('',*,*,#32,.T.);
#110 = B_SPLINE_SURFACE_WITH_KNOTS('',3,3,(
    (#111,#112,#113,#114,#115,#116)
    ,(#117,#118,#119,#120,#121,#122)
    ,(#123,#124,#125,#126,#127,#128)
    ,(#129,#130,#131,#132,#133,#134)
    ,(#135,#136,#137,#138,#139,#140
  )),.UNSPECIFIED.,.F.,.F.,.F.,(4,1,4),(4,1,1,4),(0.,0.571428571429,1.),
  (0.,1.098759513322,1.831265855537,2.563772197752),.UNSPECIFIED.);
#111 = CARTESIAN_POINT('',(153.89898608645,53.136169290941,
    8.671829586354));
#112 = CARTESIAN_POINT('',(153.91445311468,52.768305590231,
    8.686171730548));
#113 = CARTESIAN_POINT('',(153.75715450893,52.144234904517,
    8.701187831143));
#114 = CARTESIAN_POINT('',(153.12426394478,51.528630510482,
    8.703875505859));
#115 = CARTESIAN_POINT('',(152.63585422537,51.398949194037,
    8.703269387673));
#116 = CARTESIAN_POINT('',(152.39168544467,51.398949194037,
    8.703269387674));
#117 = CARTESIAN_POINT('',(153.95777134349,53.138652147864,
    8.671732785576));
#118 = CARTESIAN_POINT('',(153.96845803258,52.758919266169,
    8.686450248597));
#119 = CARTESIAN_POINT('',(153.80080507151,52.119962709869,8.70154761788
    ));
#120 = CARTESIAN_POINT('',(153.14870891133,51.486917635979,
    8.703795657491));
#121 = CARTESIAN_POINT('',(152.64507457126,51.348210986507,
    8.703068722539));
#122 = CARTESIAN_POINT('',(152.39168544467,51.344477819024,
    8.703120649643));
#123 = CARTESIAN_POINT('',(154.06020186014,53.141499732308,
    8.633637350215));
#124 = CARTESIAN_POINT('',(154.06284192184,52.74178523101,8.656338330655
    ));
#125 = CARTESIAN_POINT('',(153.87708832281,52.077176132858,
    8.678144486848));
#126 = CARTESIAN_POINT('',(153.19147452083,51.413999897886,
    8.680947736971));
#127 = CARTESIAN_POINT('',(152.66112586508,51.259627223626,
    8.675123201059));
#128 = CARTESIAN_POINT('',(152.39168544467,51.249543580503,
    8.670519838395));
#129 = CARTESIAN_POINT('',(154.12035774289,53.140607036134,
    8.545473425818));
#130 = CARTESIAN_POINT('',(154.12533028305,52.730370963487,
    8.582227300243));
#131 = CARTESIAN_POINT('',(153.93292674855,52.046068780146,
    8.618554701671));
#132 = CARTESIAN_POINT('',(153.2227782735,51.360019203188,8.623620157409
    ));
#133 = CARTESIAN_POINT('',(152.67147578768,51.19838827911,8.607306486899
    ));
#134 = CARTESIAN_POINT('',(152.39168544467,51.188599564281,
    8.593393138485));
#135 = CARTESIAN_POINT('',(154.13486130744,53.139596138361,8.50380890347
    ));
#136 = CARTESIAN_POINT('',(154.14326942015,52.727222465764,
    8.545943830587));
#137 = CARTESIAN_POINT('',(153.95102811896,52.036120182463,
    8.588748617082));
#138 = CARTESIAN_POINT('',(153.23293406783,51.342297327734,
    8.594890785105));
#139 = CARTESIAN_POINT('',(152.67432694222,51.179802923361,
    8.573913211477));
#140 = CARTESIAN_POINT('',(152.39168544467,51.17178591407,8.556159757936
    ));
#141 = ADVANCED_FACE('',(#142),#174,.F.);
#142 = FACE_BOUND('',#143,.F.);
#143 = EDGE_LOOP('',(#144,#155,#164,#173));
#144 = ORIENTED_EDGE('',*,*,#145,.F.);
#145 = EDGE_CURVE('',#146,#42,#148,.T.);
#146 = VERTEX_POINT('',#147);
#147 = CARTESIAN_POINT('',(128.3678537574,53.139596138404,8.503808903536
    ));
#148 = B_SPLINE_CURVE_WITH_KNOTS('',3,(#149,#150,#151,#152,#153,#154),
  .UNSPECIFIED.,.F.,.F.,(4,1,1,4),(0.,1.098759513324,1.83126585554,
    2.563772197756),.UNSPECIFIED.);
#149 = CARTESIAN_POINT('',(128.36785375741,53.139596138404,
    8.503808903536));
#150 = CARTESIAN_POINT('',(128.3594456447,52.727222465801,8.545943830659
    ));
#151 = CARTESIAN_POINT('',(128.55168694592,52.036120182471,
    8.588748617154));
#152 = CARTESIAN_POINT('',(129.26978099702,51.342297327799,
    8.594890785184));
#153 = CARTESIAN_POINT('',(129.82838812259,51.179802923405,
    8.573913211563));
#154 = CARTESIAN_POINT('',(130.11102962018,51.171785914106,
    8.556159758018));
#155 = ORIENTED_EDGE('',*,*,#156,.F.);
#156 = EDGE_CURVE('',#157,#146,#159,.T.);
#157 = VERTEX_POINT('',#158);
#158 = CARTESIAN_POINT('',(128.6037289784,53.136169290985,8.67182958642)
  );
#159 = CIRCLE('',#160,0.25);
#160 = AXIS2_PLACEMENT_3D('',#161,#162,#163);
#161 = CARTESIAN_POINT('',(128.6037289784,53.126429775861,8.422019374769
    ));
#162 = DIRECTION('',(-4.223042817301E-02,-0.998349421392,
    3.892330591555E-02));
#163 = DIRECTION('',(2.818925648462E-18,3.895806049697E-02,
    0.999240846604));
#164 = ORIENTED_EDGE('',*,*,#165,.F.);
#165 = EDGE_CURVE('',#24,#157,#166,.T.);
#166 = B_SPLINE_CURVE_WITH_KNOTS('',3,(#167,#168,#169,#170,#171,#172),
  .UNSPECIFIED.,.F.,.F.,(4,1,1,4),(-2.563772197756,-1.83126585554,
    -1.098759513324,0.),.UNSPECIFIED.);
#167 = CARTESIAN_POINT('',(130.11102962019,51.398949194074,
    8.703269387756));
#168 = CARTESIAN_POINT('',(129.86686083945,51.398949194074,
    8.703269387757));
#169 = CARTESIAN_POINT('',(129.37845112007,51.528630510547,
    8.703875505941));
#170 = CARTESIAN_POINT('',(128.74556055597,52.144234904525,
    8.701187831214));
#171 = CARTESIAN_POINT('',(128.58826195017,52.768305590267,
    8.686171730619));
#172 = CARTESIAN_POINT('',(128.6037289784,53.136169290985,8.671829586419
    ));
#173 = ORIENTED_EDGE('',*,*,#50,.T.);
#174 = B_SPLINE_SURFACE_WITH_KNOTS('',3,3,(
    (#175,#176,#177,#178,#179,#180)
    ,(#181,#182,#183,#184,#185,#186)
    ,(#187,#188,#189,#190,#191,#192)
    ,(#193,#194,#195,#196,#197,#198)
    ,(#199,#200,#201,#202,#203,#204
  )),.UNSPECIFIED.,.F.,.F.,.F.,(4,1,4),(4,1,1,4),(0.,0.571428571429,1.),
  (0.,1.098759513324,1.83126585554,2.563772197756),.UNSPECIFIED.);
#175 = CARTESIAN_POINT('',(128.36785375741,53.139596138404,
    8.503808903536));
#176 = CARTESIAN_POINT('',(128.3594456447,52.727222465801,8.545943830659
    ));
#177 = CARTESIAN_POINT('',(128.55168694592,52.036120182471,
    8.588748617154));
#178 = CARTESIAN_POINT('',(129.26978099702,51.342297327799,
    8.594890785184));
#179 = CARTESIAN_POINT('',(129.82838812259,51.179802923405,
    8.573913211563));
#180 = CARTESIAN_POINT('',(130.11102962018,51.171785914106,
    8.556159758018));
#181 = CARTESIAN_POINT('',(128.38719184349,53.140944002102,8.5593616));
#182 = CARTESIAN_POINT('',(128.38343514813,52.731379635588,
    8.594256358385));
#183 = CARTESIAN_POINT('',(128.57583838174,52.04941644545,8.628404620825
    ));
#184 = CARTESIAN_POINT('',(129.28335537762,51.365946655402,8.63310394461
    ));
#185 = CARTESIAN_POINT('',(129.83217005555,51.204621771343,
    8.618397499908));
#186 = CARTESIAN_POINT('',(130.11102962018,51.194204114385,
    8.605804265416));
#187 = CARTESIAN_POINT('',(128.45669866151,53.141293642897,
    8.643742057884));
#188 = CARTESIAN_POINT('',(128.4530760539,52.744271212279,8.664370427732
    ));
#189 = CARTESIAN_POINT('',(128.63637931305,52.083233770296,
    8.684388428374));
#190 = CARTESIAN_POINT('',(129.31726427034,51.424284805675,
    8.686948401192));
#191 = CARTESIAN_POINT('',(129.84383664854,51.272054948306,
    8.682437511887));
#192 = CARTESIAN_POINT('',(130.11102962019,51.262787011139,
    8.679096207738));
#193 = CARTESIAN_POINT('',(128.55964003562,53.138031433671,
    8.671756985836));
#194 = CARTESIAN_POINT('',(128.54771055056,52.761293873256,
    8.686434744212));
#195 = CARTESIAN_POINT('',(128.71281152562,52.126009883948,8.70152662508
    ));
#196 = CARTESIAN_POINT('',(129.36009491213,51.497332622756,
    8.703890288204));
#197 = CARTESIAN_POINT('',(129.85995869408,51.360869704265,
    8.703151375314));
#198 = CARTESIAN_POINT('',(130.11102962019,51.358095662814,
    8.703157834232));
#199 = CARTESIAN_POINT('',(128.6037289784,53.136169290985,8.671829586419
    ));
#200 = CARTESIAN_POINT('',(128.58826195017,52.768305590267,
    8.686171730619));
#201 = CARTESIAN_POINT('',(128.74556055597,52.144234904525,
    8.701187831214));
#202 = CARTESIAN_POINT('',(129.37845112007,51.528630510547,
    8.703875505941));
#203 = CARTESIAN_POINT('',(129.86686083945,51.398949194074,
    8.703269387757));
#204 = CARTESIAN_POINT('',(130.11102962019,51.398949194074,
    8.703269387756));
#205 = ADVANCED_FACE('',(#206),#252,.F.);
#206 = FACE_BOUND('',#207,.F.);
#207 = EDGE_LOOP('',(#208,#226,#235,#251));
#208 = ORIENTED_EDGE('',*,*,#209,.F.);
#209 = EDGE_CURVE('',#210,#82,#212,.T.);
#210 = VERTEX_POINT('',#211);
#211 = CARTESIAN_POINT('',(153.7686195448,62.844103516581,7.134706818173
    ));
#212 = B_SPLINE_CURVE_WITH_KNOTS('',3,(#213,#214,#215,#216,#217,#218,
    #219,#220,#221,#222,#223,#224,#225),.UNSPECIFIED.,.F.,.F.,(4,1,1,1,2
    ,1,1,2,4),(0.,0.272956511272,0.545913022543,1.63773906763,
    2.729565112717,6.841036548083,8.211527026539,9.582017504995,
    9.796998077597),.UNSPECIFIED.);
#213 = CARTESIAN_POINT('',(153.7686195448,62.844103516574,7.134706818173
    ));
#214 = CARTESIAN_POINT('',(153.76322563843,62.756168498032,
    7.159528878318));
#215 = CARTESIAN_POINT('',(153.75445197903,62.580027476884,
    7.208627292494));
#216 = CARTESIAN_POINT('',(153.73267992975,62.05046970697,7.35250371208)
  );
#217 = CARTESIAN_POINT('',(153.71266993051,61.252181848438,
    7.555390713276));
#218 = CARTESIAN_POINT('',(153.70674081305,60.537897419687,
    7.717013500635));
#219 = CARTESIAN_POINT('',(153.70478917924,58.830969712908,
    8.079498685781));
#220 = CARTESIAN_POINT('',(153.74474443565,57.013984719706,
    8.371737568093));
#221 = CARTESIAN_POINT('',(153.82863860746,54.727473063227,
    8.586798345299));
#222 = CARTESIAN_POINT('',(153.86895977667,53.810742322043,
    8.642573281331));
#223 = CARTESIAN_POINT('',(153.8927226333,53.280103790152,8.666030441484
    ));
#224 = CARTESIAN_POINT('',(153.8959598459,53.208144594042,8.669023437844
    ));
#225 = CARTESIAN_POINT('',(153.89898608644,53.136169290934,
    8.671829586354));
#226 = ORIENTED_EDGE('',*,*,#227,.F.);
#227 = EDGE_CURVE('',#228,#210,#230,.T.);
#228 = VERTEX_POINT('',#229);
#229 = CARTESIAN_POINT('',(153.99048616092,62.79460248581,7.00784565633)
  );
#230 = CIRCLE('',#231,0.25);
#231 = AXIS2_PLACEMENT_3D('',#232,#233,#234);
#232 = CARTESIAN_POINT('',(153.7686195448,62.776188103206,6.89410861239)
  );
#233 = DIRECTION('',(-5.928314015425E-02,-0.960700174307,0.271183857154)
  );
#234 = DIRECTION('',(0.887466464484,7.365753041826E-02,0.454948175761));
#235 = ORIENTED_EDGE('',*,*,#236,.F.);
#236 = EDGE_CURVE('',#93,#228,#237,.T.);
#237 = B_SPLINE_CURVE_WITH_KNOTS('',3,(#238,#239,#240,#241,#242,#243,
    #244,#245,#246,#247,#248,#249,#250),.UNSPECIFIED.,.F.,.F.,(4,2,1,1,2
    ,1,1,1,4),(-9.796998077597,-9.582017504995,-8.211527026539,
    -6.841036548083,-2.729565112717,-1.63773906763,-0.545913022543,
    -0.272956511272,0.),.UNSPECIFIED.);
#238 = CARTESIAN_POINT('',(154.13486130744,53.139596138353,8.50380890347
    ));
#239 = CARTESIAN_POINT('',(154.13195136934,53.211933477272,
    8.500556196924));
#240 = CARTESIAN_POINT('',(154.12869290724,53.283536742769,
    8.497624333916));
#241 = CARTESIAN_POINT('',(154.10486554094,53.812397554451,
    8.474251512308));
#242 = CARTESIAN_POINT('',(154.06377023736,54.724208834676,
    8.420921239002));
#243 = CARTESIAN_POINT('',(153.97756005698,56.999695940802,
    8.213031805297));
#244 = CARTESIAN_POINT('',(153.93434887158,58.807819119065,
    7.930329442254));
#245 = CARTESIAN_POINT('',(153.93237819806,60.50602049764,7.578275085459
    ));
#246 = CARTESIAN_POINT('',(153.93666123746,61.216312081968,
    7.421057006683));
#247 = CARTESIAN_POINT('',(153.95476270746,62.010143434578,7.22313726114
    ));
#248 = CARTESIAN_POINT('',(153.97591973378,62.53508033503,7.081585272137
    ));
#249 = CARTESIAN_POINT('',(153.984666536,62.709389066011,7.032994305385)
  );
#250 = CARTESIAN_POINT('',(153.99048616091,62.79460248581,7.007845656334
    ));
#251 = ORIENTED_EDGE('',*,*,#92,.T.);
#252 = B_SPLINE_SURFACE_WITH_KNOTS('',3,3,(
    (#253,#254,#255,#256,#257,#258,#259,#260,#261,#262,#263,#264,#265)
    ,(#266,#267,#268,#269,#270,#271,#272,#273,#274,#275,#276,#277,#278)
    ,(#279,#280,#281,#282,#283,#284,#285,#286,#287,#288,#289,#290,#291)
    ,(#292,#293,#294,#295,#296,#297,#298,#299,#300,#301,#302,#303,#304)
    ,(#305,#306,#307,#308,#309,#310,#311,#312,#313,#314,#315,#316,#317
  )),.UNSPECIFIED.,.F.,.F.,.F.,(4,1,4),(4,1,1,1,2,1,1,2,4),(0.,
    0.571428571429,1.),(0.,0.272956511272,0.545913022543,1.63773906763,
    2.729565112717,6.841036548083,8.211527026539,9.582017504995,
    9.796998077597),.UNSPECIFIED.);
#253 = CARTESIAN_POINT('',(153.7686195448,62.844103516574,7.134706818173
    ));
#254 = CARTESIAN_POINT('',(153.76322563843,62.756168498032,
    7.159528878318));
#255 = CARTESIAN_POINT('',(153.75445197903,62.580027476884,
    7.208627292494));
#256 = CARTESIAN_POINT('',(153.73267992975,62.05046970697,7.35250371208)
  );
#257 = CARTESIAN_POINT('',(153.71266993051,61.252181848438,
    7.555390713276));
#258 = CARTESIAN_POINT('',(153.70674081305,60.537897419687,
    7.717013500635));
#259 = CARTESIAN_POINT('',(153.70478917924,58.830969712908,
    8.079498685781));
#260 = CARTESIAN_POINT('',(153.74474443565,57.013984719706,
    8.371737568093));
#261 = CARTESIAN_POINT('',(153.82863860746,54.727473063227,
    8.586798345299));
#262 = CARTESIAN_POINT('',(153.86895977667,53.810742322043,
    8.642573281331));
#263 = CARTESIAN_POINT('',(153.8927226333,53.280103790152,8.666030441484
    ));
#264 = CARTESIAN_POINT('',(153.8959598459,53.208144594042,8.669023437844
    ));
#265 = CARTESIAN_POINT('',(153.89898608644,53.136169290934,
    8.671829586354));
#266 = CARTESIAN_POINT('',(153.82068126401,62.841127971136,
    7.135546747124));
#267 = CARTESIAN_POINT('',(153.81512721465,62.753619519448,7.16024172181
    ));
#268 = CARTESIAN_POINT('',(153.80631649222,62.577846886095,
    7.209226394111));
#269 = CARTESIAN_POINT('',(153.78480477021,62.04896621441,7.35289135239)
  );
#270 = CARTESIAN_POINT('',(153.76556035571,61.251359287322,7.55558122998
    ));
#271 = CARTESIAN_POINT('',(153.76035355498,60.537596672133,
    7.717077460537));
#272 = CARTESIAN_POINT('',(153.7601681244,58.831759788401,8.079330205565
    ));
#273 = CARTESIAN_POINT('',(153.8017537456,57.015580521525,8.371504759035
    ));
#274 = CARTESIAN_POINT('',(153.88698822355,54.729827523675,8.58661045042
    ));
#275 = CARTESIAN_POINT('',(153.92772874364,53.813374021338,
    8.642427307397));
#276 = CARTESIAN_POINT('',(153.95157611977,53.282746255944,
    8.665918236469));
#277 = CARTESIAN_POINT('',(153.95480645139,53.210763620213,
    8.668916973699));
#278 = CARTESIAN_POINT('',(153.95777134349,53.138652147856,
    8.671732785577));
#279 = CARTESIAN_POINT('',(153.91154629616,62.827904455444,
    7.108564796663));
#280 = CARTESIAN_POINT('',(153.90566027135,62.741522942481,
    7.133301558314));
#281 = CARTESIAN_POINT('',(153.89684104862,62.56629254976,7.182042538175
    ));
#282 = CARTESIAN_POINT('',(153.87573412411,62.039085509976,
    7.325034328825));
#283 = CARTESIAN_POINT('',(153.85784349156,61.242880944352,
    7.526342404276));
#284 = CARTESIAN_POINT('',(153.85387805496,60.530434574073,
    7.686650062898));
#285 = CARTESIAN_POINT('',(153.85673105247,58.827336320152,
    8.046131969394));
#286 = CARTESIAN_POINT('',(153.90117265677,57.013834107049,
    8.335699119962));
#287 = CARTESIAN_POINT('',(153.98867231145,54.731079696205,
    8.549015482595));
#288 = CARTESIAN_POINT('',(154.03017823219,53.816099093005,
    8.604110317393));
#289 = CARTESIAN_POINT('',(154.05411893253,53.285716781815,
    8.627716587894));
#290 = CARTESIAN_POINT('',(154.05735702405,53.213861324803,8.63066076559
    ));
#291 = CARTESIAN_POINT('',(154.06020186014,53.141499732315,
    8.633637350217));
#292 = CARTESIAN_POINT('',(153.97260886472,62.805071142851,
    7.041023952737));
#293 = CARTESIAN_POINT('',(153.9667094837,62.719592882895,7.066048876565
    ));
#294 = CARTESIAN_POINT('',(153.95793610046,62.544997366676,
    7.114664122139));
#295 = CARTESIAN_POINT('',(153.93685672729,62.019445815953,7.2566437856)
  );
#296 = CARTESIAN_POINT('',(153.91904357984,61.224895189465,
    7.455561472411));
#297 = CARTESIAN_POINT('',(153.91507018285,60.513972729357,7.61369048169
    ));
#298 = CARTESIAN_POINT('',(153.91783892444,58.814296752622,
    7.967935873343));
#299 = CARTESIAN_POINT('',(153.96195223897,57.004548121025,8.25260716446
    ));
#300 = CARTESIAN_POINT('',(154.0489891317,54.726802475539,8.462077682308
    ));
#301 = CARTESIAN_POINT('',(154.09035704672,53.81405034929,8.515889037892
    ));
#302 = CARTESIAN_POINT('',(154.1142383734,53.284658803059,8.539362719606
    ));
#303 = CARTESIAN_POINT('',(154.11749133647,53.212988366213,
    8.542288147809));
#304 = CARTESIAN_POINT('',(154.12035774289,53.140607036126,
    8.545473425819));
#305 = CARTESIAN_POINT('',(153.99048616091,62.79460248581,7.007845656334
    ));
#306 = CARTESIAN_POINT('',(153.984666536,62.709389066011,7.032994305385)
  );
#307 = CARTESIAN_POINT('',(153.97591973378,62.53508033503,7.081585272137
    ));
#308 = CARTESIAN_POINT('',(153.95476270746,62.010143434578,7.22313726114
    ));
#309 = CARTESIAN_POINT('',(153.93666123746,61.216312081968,
    7.421057006683));
#310 = CARTESIAN_POINT('',(153.93237819806,60.50602049764,7.578275085459
    ));
#311 = CARTESIAN_POINT('',(153.93434887158,58.807819119065,
    7.930329442254));
#312 = CARTESIAN_POINT('',(153.97756005698,56.999695940802,
    8.213031805297));
#313 = CARTESIAN_POINT('',(154.06377023736,54.724208834676,
    8.420921239002));
#314 = CARTESIAN_POINT('',(154.10486554094,53.812397554451,
    8.474251512308));
#315 = CARTESIAN_POINT('',(154.12869290724,53.283536742769,
    8.497624333916));
#316 = CARTESIAN_POINT('',(154.13195136934,53.211933477272,
    8.500556196924));
#317 = CARTESIAN_POINT('',(154.13486130744,53.139596138353,8.50380890347
    ));
#318 = ADVANCED_FACE('',(#319),#365,.F.);
#319 = FACE_BOUND('',#320,.F.);
#320 = EDGE_LOOP('',(#321,#339,#348,#364));
#321 = ORIENTED_EDGE('',*,*,#322,.F.);
#322 = EDGE_CURVE('',#323,#146,#325,.T.);
#323 = VERTEX_POINT('',#324);
#324 = CARTESIAN_POINT('',(128.51222890386,62.794602485839,
    7.007845656256));
#325 = B_SPLINE_CURVE_WITH_KNOTS('',3,(#326,#327,#328,#329,#330,#331,
    #332,#333,#334,#335,#336,#337,#338),.UNSPECIFIED.,.F.,.F.,(4,1,1,1,2
    ,1,1,2,4),(0.,0.272956511333,0.545913022666,1.091826045332,
    2.729565113331,6.841036548698,8.211527027154,9.58201750561,
    9.79699807759),.UNSPECIFIED.);
#326 = CARTESIAN_POINT('',(128.51222890386,62.794602485832,
    7.007845656256));
#327 = CARTESIAN_POINT('',(128.51804852878,62.709389066018,
    7.032994305313));
#328 = CARTESIAN_POINT('',(128.52676508445,62.53505195841,7.081573481499
    ));
#329 = CARTESIAN_POINT('',(128.54096645434,62.185187975912,
    7.175981268271));
#330 = CARTESIAN_POINT('',(128.56407088496,61.393479224673,
    7.379485787736));
#331 = CARTESIAN_POINT('',(128.57038599087,60.684103492946,7.54129673393
    ));
#332 = CARTESIAN_POINT('',(128.56840164621,58.807800794486,
    7.930312960496));
#333 = CARTESIAN_POINT('',(128.52516306223,56.999686456438,
    8.213020404793));
#334 = CARTESIAN_POINT('',(128.43894811425,54.724203526137,
    8.420917144783));
#335 = CARTESIAN_POINT('',(128.3978503135,53.812396583096,8.474250474744
    ));
#336 = CARTESIAN_POINT('',(128.37402214175,53.283536752751,
    8.497624355919));
#337 = CARTESIAN_POINT('',(128.3707636955,53.211933477112,8.500556196997
    ));
#338 = CARTESIAN_POINT('',(128.3678537574,53.139596138404,8.503808903535
    ));
#339 = ORIENTED_EDGE('',*,*,#340,.F.);
#340 = EDGE_CURVE('',#341,#323,#343,.T.);
#341 = VERTEX_POINT('',#342);
#342 = CARTESIAN_POINT('',(128.73409551998,62.844103516603,
    7.134706818096));
#343 = CIRCLE('',#344,0.25);
#344 = AXIS2_PLACEMENT_3D('',#345,#346,#347);
#345 = CARTESIAN_POINT('',(128.73409551998,62.77618810322,6.894108612315
    ));
#346 = DIRECTION('',(5.928314010758E-02,-0.960700174301,0.271183857182)
  );
#347 = DIRECTION('',(-3.989863994747E-17,0.271661653532,0.962392823124)
  );
#348 = ORIENTED_EDGE('',*,*,#349,.F.);
#349 = EDGE_CURVE('',#157,#341,#350,.T.);
#350 = B_SPLINE_CURVE_WITH_KNOTS('',3,(#351,#352,#353,#354,#355,#356,
    #357,#358,#359,#360,#361,#362,#363),.UNSPECIFIED.,.F.,.F.,(4,2,1,1,2
    ,1,1,1,4),(-9.79699807759,-9.58201750561,-8.211527027154,
    -6.841036548698,-2.729565113331,-1.091826045332,-0.545913022666,
    -0.272956511333,0.),.UNSPECIFIED.);
#351 = CARTESIAN_POINT('',(128.6037289784,53.136169290985,8.671829586418
    ));
#352 = CARTESIAN_POINT('',(128.60675521894,53.208144593889,
    8.669023437915));
#353 = CARTESIAN_POINT('',(128.60999240235,53.280103787081,
    8.666030437175));
#354 = CARTESIAN_POINT('',(128.63375668746,53.810742549664,
    8.642573425822));
#355 = CARTESIAN_POINT('',(128.67408208396,54.727474278065,
    8.586798723693));
#356 = CARTESIAN_POINT('',(128.75798547461,57.013986863887,
    8.371739330343));
#357 = CARTESIAN_POINT('',(128.79797016357,58.830977825113,
    8.079500606661));
#358 = CARTESIAN_POINT('',(128.79564136837,60.716967851979,
    7.678983021635));
#359 = CARTESIAN_POINT('',(128.78757456608,61.430273405196,
    7.512604440016));
#360 = CARTESIAN_POINT('',(128.76282399708,62.226989631956,
    7.304544580442));
#361 = CARTESIAN_POINT('',(128.74824144082,62.580027013224,
    7.208627343921));
#362 = CARTESIAN_POINT('',(128.73948942636,62.756168498046,
    7.159528878248));
#363 = CARTESIAN_POINT('',(128.73409551999,62.844103516603,
    7.134706818096));
#364 = ORIENTED_EDGE('',*,*,#156,.T.);
#365 = B_SPLINE_SURFACE_WITH_KNOTS('',3,3,(
    (#366,#367,#368,#369,#370,#371,#372,#373,#374,#375,#376,#377,#378)
    ,(#379,#380,#381,#382,#383,#384,#385,#386,#387,#388,#389,#390,#391)
    ,(#392,#393,#394,#395,#396,#397,#398,#399,#400,#401,#402,#403,#404)
    ,(#405,#406,#407,#408,#409,#410,#411,#412,#413,#414,#415,#416,#417)
    ,(#418,#419,#420,#421,#422,#423,#424,#425,#426,#427,#428,#429,#430
  )),.UNSPECIFIED.,.F.,.F.,.F.,(4,1,4),(4,1,1,1,2,1,1,2,4),(0.,
    0.571428571429,1.),(0.,0.272956511333,0.545913022666,1.091826045332,
    2.729565113331,6.841036548698,8.211527027154,9.58201750561,
    9.79699807759),.UNSPECIFIED.);
#366 = CARTESIAN_POINT('',(128.51222890386,62.794602485832,
    7.007845656256));
#367 = CARTESIAN_POINT('',(128.51804852878,62.709389066018,
    7.032994305313));
#368 = CARTESIAN_POINT('',(128.52676508445,62.53505195841,7.081573481499
    ));
#369 = CARTESIAN_POINT('',(128.54096645434,62.185187975912,
    7.175981268271));
#370 = CARTESIAN_POINT('',(128.56407088496,61.393479224673,
    7.379485787736));
#371 = CARTESIAN_POINT('',(128.57038599087,60.684103492946,7.54129673393
    ));
#372 = CARTESIAN_POINT('',(128.56840164621,58.807800794486,
    7.930312960496));
#373 = CARTESIAN_POINT('',(128.52516306223,56.999686456438,
    8.213020404793));
#374 = CARTESIAN_POINT('',(128.43894811425,54.724203526137,
    8.420917144783));
#375 = CARTESIAN_POINT('',(128.3978503135,53.812396583096,8.474250474744
    ));
#376 = CARTESIAN_POINT('',(128.37402214175,53.283536752751,
    8.497624355919));
#377 = CARTESIAN_POINT('',(128.3707636955,53.211933477112,8.500556196997
    ));
#378 = CARTESIAN_POINT('',(128.3678537574,53.139596138404,8.503808903535
    ));
#379 = CARTESIAN_POINT('',(128.53606529879,62.80856069523,7.052083384794
    ));
#380 = CARTESIAN_POINT('',(128.54199386127,62.722989800641,
    7.077060685706));
#381 = CARTESIAN_POINT('',(128.55073914837,62.548281549556,
    7.125688738171));
#382 = CARTESIAN_POINT('',(128.56488114319,62.197855161001,
    7.220452873587));
#383 = CARTESIAN_POINT('',(128.58767282624,61.405111566455,
    7.425147834728));
#384 = CARTESIAN_POINT('',(128.59357213399,60.69491714672,7.588218005958
    ));
#385 = CARTESIAN_POINT('',(128.59041502969,58.816436995359,
    7.980453999508));
#386 = CARTESIAN_POINT('',(128.54597355949,57.006156211239,
    8.265787727036));
#387 = CARTESIAN_POINT('',(128.45865621219,54.727661653946,8.47579235568
    ));
#388 = CARTESIAN_POINT('',(128.41719500161,53.814600341262,
    8.529767196241));
#389 = CARTESIAN_POINT('',(128.39329484706,53.285032826469,
    8.553275532698));
#390 = CARTESIAN_POINT('',(128.39004374477,53.213340001239,
    8.556198801566));
#391 = CARTESIAN_POINT('',(128.38719184348,53.140944002102,8.5593616));
#392 = CARTESIAN_POINT('',(128.60390085952,62.830745133506,
    7.115844881677));
#393 = CARTESIAN_POINT('',(128.60973407858,62.744110715183,
    7.140521220907));
#394 = CARTESIAN_POINT('',(128.61852482758,62.568842674991,
    7.189325995213));
#395 = CARTESIAN_POINT('',(128.63273010306,62.217199356863,
    7.284728800197));
#396 = CARTESIAN_POINT('',(128.65583398441,61.422644081795,
    7.491566317016));
#397 = CARTESIAN_POINT('',(128.66201811046,60.710921198442,
    7.656887667307));
#398 = CARTESIAN_POINT('',(128.65948165696,58.828655632358,
    8.054862012771));
#399 = CARTESIAN_POINT('',(128.61538381607,57.014603092764,
    8.345162183561));
#400 = CARTESIAN_POINT('',(128.52814244373,54.731258646359,
    8.558960920582));
#401 = CARTESIAN_POINT('',(128.48674159783,53.815911826838,
    8.614297090885));
#402 = CARTESIAN_POINT('',(128.46279350314,53.285517379489,
    8.637844061283));
#403 = CARTESIAN_POINT('',(128.45956305203,53.213602904128,
    8.640818137574));
#404 = CARTESIAN_POINT('',(128.45669866152,53.141293642911,
    8.643742057885));
#405 = CARTESIAN_POINT('',(128.69504923058,62.841871857527,7.13533676481
    ));
#406 = CARTESIAN_POINT('',(128.70056696685,62.754260846472,
    7.160062326482));
#407 = CARTESIAN_POINT('',(128.70933715305,62.578385145367,7.20907853633
    ));
#408 = CARTESIAN_POINT('',(128.72380341214,62.225701154515,
    7.304885719642));
#409 = CARTESIAN_POINT('',(128.74806338871,61.429567615349,
    7.512770114622));
#410 = CARTESIAN_POINT('',(128.75556662953,60.716652909214,
    7.679050359115));
#411 = CARTESIAN_POINT('',(128.75643652684,58.831571264054,
    8.079374042038));
#412 = CARTESIAN_POINT('',(128.71522834374,57.015183336531,
    8.371564797787));
#413 = CARTESIAN_POINT('',(128.63031991894,54.729240271525,
    8.586657775049));
#414 = CARTESIAN_POINT('',(128.58967993809,53.812716238019,
    8.642463960897));
#415 = CARTESIAN_POINT('',(128.56585229254,53.282085654959,
    8.665946280094));
#416 = CARTESIAN_POINT('',(128.56262026065,53.210108848041,
    8.668943592572));
#417 = CARTESIAN_POINT('',(128.55964003562,53.138031433671,
    8.671756985836));
#418 = CARTESIAN_POINT('',(128.73409551999,62.844103516603,
    7.134706818096));
#419 = CARTESIAN_POINT('',(128.73948942636,62.756168498046,
    7.159528878248));
#420 = CARTESIAN_POINT('',(128.74824144082,62.580027013224,
    7.208627343921));
#421 = CARTESIAN_POINT('',(128.76282399708,62.226989631956,
    7.304544580442));
#422 = CARTESIAN_POINT('',(128.78757456608,61.430273405196,
    7.512604440016));
#423 = CARTESIAN_POINT('',(128.79564136837,60.716967851979,
    7.678983021635));
#424 = CARTESIAN_POINT('',(128.79797016357,58.830977825113,
    8.079500606661));
#425 = CARTESIAN_POINT('',(128.75798547461,57.013986863887,
    8.371739330343));
#426 = CARTESIAN_POINT('',(128.67408208396,54.727474278065,
    8.586798723693));
#427 = CARTESIAN_POINT('',(128.63375668746,53.810742549664,
    8.642573425822));
#428 = CARTESIAN_POINT('',(128.60999240235,53.280103787081,
    8.666030437175));
#429 = CARTESIAN_POINT('',(128.60675521894,53.208144593889,
    8.669023437915));
#430 = CARTESIAN_POINT('',(128.6037289784,53.136169290985,8.671829586418
    ));
#431 = ADVANCED_FACE('',(#432),#466,.F.);
#432 = FACE_BOUND('',#433,.F.);
#433 = EDGE_LOOP('',(#434,#446,#455,#465));
#434 = ORIENTED_EDGE('',*,*,#435,.F.);
#435 = EDGE_CURVE('',#436,#210,#438,.T.);
#436 = VERTEX_POINT('',#437);
#437 = CARTESIAN_POINT('',(152.27234870851,64.578321041743,
    6.604371051371));
#438 = B_SPLINE_CURVE_WITH_KNOTS('',3,(#439,#440,#441,#442,#443,#444,
    #445),.UNSPECIFIED.,.F.,.F.,(4,1,1,1,4),(0.,0.375345999941,
    1.126037999822,1.876729999704,2.627421999586),.UNSPECIFIED.);
#439 = CARTESIAN_POINT('',(152.27234870851,64.578321041736,
    6.604371051373));
#440 = CARTESIAN_POINT('',(152.39746404182,64.578321041736,
    6.604371051374));
#441 = CARTESIAN_POINT('',(152.77382996162,64.531338869048,
    6.619845108018));
#442 = CARTESIAN_POINT('',(153.32770935814,64.210769264326,
    6.724925166504));
#443 = CARTESIAN_POINT('',(153.71919644281,63.573854292546,
    6.923819666021));
#444 = CARTESIAN_POINT('',(153.78345400448,63.085944660539,
    7.066440551554));
#445 = CARTESIAN_POINT('',(153.7686195448,62.844103516603,7.134706818165
    ));
#446 = ORIENTED_EDGE('',*,*,#447,.F.);
#447 = EDGE_CURVE('',#448,#436,#450,.T.);
#448 = VERTEX_POINT('',#449);
#449 = CARTESIAN_POINT('',(152.27234870851,64.749099904104,
    6.388728235803));
#450 = CIRCLE('',#451,0.25);
#451 = AXIS2_PLACEMENT_3D('',#452,#453,#454);
#452 = CARTESIAN_POINT('',(152.27234870851,64.500051229581,
    6.366939300115));
#453 = DIRECTION('',(1.,0.,0.));
#454 = DIRECTION('',(-0.,0.996194698091,8.715574275167E-02));
#455 = ORIENTED_EDGE('',*,*,#456,.F.);
#456 = EDGE_CURVE('',#228,#448,#457,.T.);
#457 = B_SPLINE_CURVE_WITH_KNOTS('',3,(#458,#459,#460,#461,#462,#463,
    #464),.UNSPECIFIED.,.F.,.F.,(4,1,1,1,4),(-2.627421999586,
    -1.876729999704,-1.126037999822,-0.375345999941,0.),.UNSPECIFIED.);
#458 = CARTESIAN_POINT('',(153.99048616092,62.794602485839,
    7.007845656325));
#459 = CARTESIAN_POINT('',(153.99884826011,63.067334408821,
    6.947377576698));
#460 = CARTESIAN_POINT('',(153.91288096284,63.609120891488,6.81061915513
    ));
#461 = CARTESIAN_POINT('',(153.47107374877,64.314052209265,
    6.599418839074));
#462 = CARTESIAN_POINT('',(152.85117768752,64.685291328671,
    6.459582823555));
#463 = CARTESIAN_POINT('',(152.41779843795,64.747753324547,
    6.404119710546));
#464 = CARTESIAN_POINT('',(152.27234870851,64.749099904104,
    6.388728235806));
#465 = ORIENTED_EDGE('',*,*,#227,.T.);
#466 = B_SPLINE_SURFACE_WITH_KNOTS('',3,3,(
    (#467,#468,#469,#470,#471,#472,#473)
    ,(#474,#475,#476,#477,#478,#479,#480)
    ,(#481,#482,#483,#484,#485,#486,#487)
    ,(#488,#489,#490,#491,#492,#493,#494)
    ,(#495,#496,#497,#498,#499,#500,#501
    )),.UNSPECIFIED.,.F.,.F.,.F.,(4,1,4),(4,1,1,1,4),(0.,0.571428571429,
    1.),(0.,0.375345999941,1.126037999822,1.876729999704,2.627421999586)
  ,.UNSPECIFIED.);
#467 = CARTESIAN_POINT('',(152.27234870851,64.578321041736,
    6.604371051373));
#468 = CARTESIAN_POINT('',(152.39746404182,64.578321041736,
    6.604371051374));
#469 = CARTESIAN_POINT('',(152.77382996162,64.531338869048,
    6.619845108018));
#470 = CARTESIAN_POINT('',(153.32770935814,64.210769264326,
    6.724925166504));
#471 = CARTESIAN_POINT('',(153.71919644281,63.573854292546,
    6.923819666021));
#472 = CARTESIAN_POINT('',(153.78345400448,63.085944660539,
    7.066440551554));
#473 = CARTESIAN_POINT('',(153.7686195448,62.844103516603,7.134706818165
    ));
#474 = CARTESIAN_POINT('',(152.27234870851,64.631012633632,
    6.587001171489));
#475 = CARTESIAN_POINT('',(152.40238181876,64.628183086723,
    6.587879231391));
#476 = CARTESIAN_POINT('',(152.79134357976,64.572455549263,
    6.606222331569));
#477 = CARTESIAN_POINT('',(153.35872696291,64.238932299973,
    6.715849393748));
#478 = CARTESIAN_POINT('',(153.76173909234,63.588036191359,
    6.919507378551));
#479 = CARTESIAN_POINT('',(153.83250519016,63.089472466643,
    7.065412063232));
#480 = CARTESIAN_POINT('',(153.82068126402,62.841127971165,
    7.135546747116));
#481 = CARTESIAN_POINT('',(152.2723487085,64.712390224675,6.52480119475)
  );
#482 = CARTESIAN_POINT('',(152.41093954457,64.705951443466,
    6.530825933545));
#483 = CARTESIAN_POINT('',(152.82193111889,64.637723751694,
    6.561954383731));
#484 = CARTESIAN_POINT('',(153.41298469706,64.282778177192,
    6.682872867175));
#485 = CARTESIAN_POINT('',(153.83613657205,63.606970952635,
    6.892560515442));
#486 = CARTESIAN_POINT('',(153.91822880037,63.088517820237,
    7.039186504462));
#487 = CARTESIAN_POINT('',(153.91154629617,62.827904455466,
    7.108564796655));
#488 = CARTESIAN_POINT('',(152.27234870851,64.745473302879,
    6.430180477507));
#489 = CARTESIAN_POINT('',(152.41634958951,64.74174634448,6.443158468993
    ));
#490 = CARTESIAN_POINT('',(152.84409716911,64.675413498691,
    6.491919431573));
#491 = CARTESIAN_POINT('',(153.45595931091,64.307575583371,
    6.626276515517));
#492 = CARTESIAN_POINT('',(153.89334856951,63.610545988718,
    6.837514008319));
#493 = CARTESIAN_POINT('',(153.97951630732,63.074957054203,
    6.977684636692));
#494 = CARTESIAN_POINT('',(153.97260886473,62.805071142888,
    7.041023952728));
#495 = CARTESIAN_POINT('',(152.27234870851,64.749099904104,
    6.388728235806));
#496 = CARTESIAN_POINT('',(152.41779843795,64.747753324547,
    6.404119710546));
#497 = CARTESIAN_POINT('',(152.85117768752,64.685291328671,
    6.459582823555));
#498 = CARTESIAN_POINT('',(153.47107374877,64.314052209265,
    6.599418839074));
#499 = CARTESIAN_POINT('',(153.91288096284,63.609120891488,6.81061915513
    ));
#500 = CARTESIAN_POINT('',(153.99884826011,63.067334408821,
    6.947377576698));
#501 = CARTESIAN_POINT('',(153.99048616092,62.794602485839,
    7.007845656325));
#502 = ADVANCED_FACE('',(#503),#537,.F.);
#503 = FACE_BOUND('',#504,.F.);
#504 = EDGE_LOOP('',(#505,#517,#526,#536));
#505 = ORIENTED_EDGE('',*,*,#506,.F.);
#506 = EDGE_CURVE('',#507,#323,#509,.T.);
#507 = VERTEX_POINT('',#508);
#508 = CARTESIAN_POINT('',(130.23036635625,64.749099904111,
    6.388728235719));
#509 = B_SPLINE_CURVE_WITH_KNOTS('',3,(#510,#511,#512,#513,#514,#515,
    #516),.UNSPECIFIED.,.F.,.F.,(4,1,1,1,4),(0.,0.750691999838,
    1.126037999758,1.876729999596,2.627421999434),.UNSPECIFIED.);
#510 = CARTESIAN_POINT('',(130.23036635625,64.749099904111,
    6.388728235718));
#511 = CARTESIAN_POINT('',(129.93946689737,64.746406744998,
    6.419511185197));
#512 = CARTESIAN_POINT('',(129.5141456423,64.622376539613,6.485385949398
    ));
#513 = CARTESIAN_POINT('',(128.95906536569,64.195982906349,
    6.634874023946));
#514 = CARTESIAN_POINT('',(128.5895469317,63.609333890621,6.810464689788
    ));
#515 = CARTESIAN_POINT('',(128.50386680469,63.067334408959,
    6.947377576592));
#516 = CARTESIAN_POINT('',(128.51222890386,62.794602485999,7.00784565622
    ));
#517 = ORIENTED_EDGE('',*,*,#518,.F.);
#518 = EDGE_CURVE('',#519,#507,#521,.T.);
#519 = VERTEX_POINT('',#520);
#520 = CARTESIAN_POINT('',(130.23036635625,64.57832104175,6.604371051286
    ));
#521 = CIRCLE('',#522,0.25);
#522 = AXIS2_PLACEMENT_3D('',#523,#524,#525);
#523 = CARTESIAN_POINT('',(130.23036635625,64.500051229588,
    6.366939300031));
#524 = DIRECTION('',(-1.,0.,0.));
#525 = DIRECTION('',(0.,0.313079248649,0.949727005021));
#526 = ORIENTED_EDGE('',*,*,#527,.F.);
#527 = EDGE_CURVE('',#341,#519,#528,.T.);
#528 = B_SPLINE_CURVE_WITH_KNOTS('',3,(#529,#530,#531,#532,#533,#534,
    #535),.UNSPECIFIED.,.F.,.F.,(4,1,1,1,4),(-2.627421999434,
    -1.876729999596,-1.126037999758,-0.750691999838,0.),.UNSPECIFIED.);
#529 = CARTESIAN_POINT('',(128.73409551998,62.844103516756,
    7.134706818056));
#530 = CARTESIAN_POINT('',(128.71926106032,63.08594466067,7.066440551445
    ));
#531 = CARTESIAN_POINT('',(128.78323577949,63.574209477163,
    6.923686906985));
#532 = CARTESIAN_POINT('',(129.11050731977,64.103524743507,
    6.758484717823));
#533 = CARTESIAN_POINT('',(129.6059760988,64.478655851191,6.63748398888)
  );
#534 = CARTESIAN_POINT('',(129.98013568963,64.57832104175,6.604371051285
    ));
#535 = CARTESIAN_POINT('',(130.23036635625,64.57832104175,6.604371051286
    ));
#536 = ORIENTED_EDGE('',*,*,#340,.T.);
#537 = B_SPLINE_SURFACE_WITH_KNOTS('',3,3,(
    (#538,#539,#540,#541,#542,#543,#544)
    ,(#545,#546,#547,#548,#549,#550,#551)
    ,(#552,#553,#554,#555,#556,#557,#558)
    ,(#559,#560,#561,#562,#563,#564,#565)
    ,(#566,#567,#568,#569,#570,#571,#572
    )),.UNSPECIFIED.,.F.,.F.,.F.,(4,1,4),(4,1,1,1,4),(0.,0.571428571429,
    1.),(0.,0.750691999838,1.126037999758,1.876729999596,2.627421999434)
  ,.UNSPECIFIED.);
#538 = CARTESIAN_POINT('',(130.23036635625,64.749099904111,
    6.388728235718));
#539 = CARTESIAN_POINT('',(129.93946689737,64.746406744998,
    6.419511185197));
#540 = CARTESIAN_POINT('',(129.5141456423,64.622376539613,6.485385949398
    ));
#541 = CARTESIAN_POINT('',(128.95906536569,64.195982906349,
    6.634874023946));
#542 = CARTESIAN_POINT('',(128.5895469317,63.609333890621,6.810464689788
    ));
#543 = CARTESIAN_POINT('',(128.50386680469,63.067334408959,
    6.947377576592));
#544 = CARTESIAN_POINT('',(128.51222890386,62.794602485999,7.00784565622
    ));
#545 = CARTESIAN_POINT('',(130.23036635625,64.744264435809,6.44399789132
    ));
#546 = CARTESIAN_POINT('',(129.94330805278,64.735141025209,
    6.468302176549));
#547 = CARTESIAN_POINT('',(129.52613792698,64.609961198985,
    6.526564501631));
#548 = CARTESIAN_POINT('',(128.98001058819,64.188930137047,
    6.670721240963));
#549 = CARTESIAN_POINT('',(128.61564824394,63.611244045664,
    6.846248416834));
#550 = CARTESIAN_POINT('',(128.52967162974,63.077502797823,
    6.987751135034));
#551 = CARTESIAN_POINT('',(128.53606529879,62.80856069539,7.052083384756
    ));
#552 = CARTESIAN_POINT('',(130.23036635624,64.702363722521,
    6.537461679264));
#553 = CARTESIAN_POINT('',(129.95557751763,64.690067809577,
    6.547165612429));
#554 = CARTESIAN_POINT('',(129.55502315584,64.570133159599,
    6.591348446626));
#555 = CARTESIAN_POINT('',(129.02805725685,64.164311555767,
    6.724843055396));
#556 = CARTESIAN_POINT('',(128.67685342346,63.605342825838,6.89856923215
    ));
#557 = CARTESIAN_POINT('',(128.59655153572,63.089516987602,
    7.045849773357));
#558 = CARTESIAN_POINT('',(128.60390085951,62.830745133659,
    7.115844881635));
#559 = CARTESIAN_POINT('',(130.23036635625,64.617839735671,
    6.591343641371));
#560 = CARTESIAN_POINT('',(129.97277404191,64.613653923625,
    6.592698305099));
#561 = CARTESIAN_POINT('',(129.59069181147,64.507535948178,
    6.628040220421));
#562 = CARTESIAN_POINT('',(129.08577434624,64.123006881346,
    6.752316582061));
#563 = CARTESIAN_POINT('',(128.75132291607,63.584873401007,
    6.920511445302));
#564 = CARTESIAN_POINT('',(128.68245326517,63.088588392726,
    7.065697510535));
#565 = CARTESIAN_POINT('',(128.69504923057,62.84187185768,7.135336764769
    ));
#566 = CARTESIAN_POINT('',(130.23036635625,64.57832104175,6.604371051286
    ));
#567 = CARTESIAN_POINT('',(129.98013568963,64.57832104175,6.604371051285
    ));
#568 = CARTESIAN_POINT('',(129.6059760988,64.478655851191,6.63748398888)
  );
#569 = CARTESIAN_POINT('',(129.11050731977,64.103524743507,
    6.758484717823));
#570 = CARTESIAN_POINT('',(128.78323577949,63.574209477163,
    6.923686906985));
#571 = CARTESIAN_POINT('',(128.71926106032,63.08594466067,7.066440551445
    ));
#572 = CARTESIAN_POINT('',(128.73409551998,62.844103516756,
    7.134706818056));
#573 = ADVANCED_FACE('',(#574),#592,.F.);
#574 = FACE_BOUND('',#575,.F.);
#575 = EDGE_LOOP('',(#576,#583,#584,#591));
#576 = ORIENTED_EDGE('',*,*,#577,.F.);
#577 = EDGE_CURVE('',#519,#436,#578,.T.);
#578 = B_SPLINE_CURVE_WITH_KNOTS('',3,(#579,#580,#581,#582),
  .UNSPECIFIED.,.F.,.F.,(4,4),(4.17263901635E-12,22.041982352254),
  .PIECEWISE_BEZIER_KNOTS.);
#579 = CARTESIAN_POINT('',(130.23036635625,64.57832104175,6.604371051286
    ));
#580 = CARTESIAN_POINT('',(137.57769380696,64.57832104175,6.604371051315
    ));
#581 = CARTESIAN_POINT('',(144.92502125778,64.578321041736,
    6.604371051344));
#582 = CARTESIAN_POINT('',(152.2723487085,64.578321041736,6.604371051373
    ));
#583 = ORIENTED_EDGE('',*,*,#518,.T.);
#584 = ORIENTED_EDGE('',*,*,#585,.F.);
#585 = EDGE_CURVE('',#448,#507,#586,.T.);
#586 = B_SPLINE_CURVE_WITH_KNOTS('',3,(#587,#588,#589,#590),
  .UNSPECIFIED.,.F.,.F.,(4,4),(-22.04198235225,-4.17263901635E-12),
  .PIECEWISE_BEZIER_KNOTS.);
#587 = CARTESIAN_POINT('',(152.27234870851,64.749099904096,
    6.388728235805));
#588 = CARTESIAN_POINT('',(144.92502125777,64.749099904096,
    6.388728235776));
#589 = CARTESIAN_POINT('',(137.57769380698,64.749099904111,
    6.388728235747));
#590 = CARTESIAN_POINT('',(130.23036635625,64.749099904111,
    6.388728235718));
#591 = ORIENTED_EDGE('',*,*,#447,.T.);
#592 = B_SPLINE_SURFACE_WITH_KNOTS('',3,3,(
    (#593,#594,#595,#596)
    ,(#597,#598,#599,#600)
    ,(#601,#602,#603,#604)
    ,(#605,#606,#607,#608)
    ,(#609,#610,#611,#612
    )),.UNSPECIFIED.,.F.,.F.,.F.,(4,1,4),(4,4),(0.,0.571428571429,1.),(
    4.17263901635E-12,22.041982352254),.UNSPECIFIED.);
#593 = CARTESIAN_POINT('',(130.23036635625,64.57832104175,6.604371051286
    ));
#594 = CARTESIAN_POINT('',(137.57769380696,64.57832104175,6.604371051315
    ));
#595 = CARTESIAN_POINT('',(144.92502125778,64.578321041736,
    6.604371051344));
#596 = CARTESIAN_POINT('',(152.2723487085,64.578321041736,6.604371051373
    ));
#597 = CARTESIAN_POINT('',(130.23036635625,64.631012633647,6.5870011714)
  );
#598 = CARTESIAN_POINT('',(137.57769380696,64.631012633647,
    6.587001171429));
#599 = CARTESIAN_POINT('',(144.92502125778,64.631012633632,
    6.587001171458));
#600 = CARTESIAN_POINT('',(152.2723487085,64.631012633632,6.587001171487
    ));
#601 = CARTESIAN_POINT('',(130.23036635625,64.712390224689,6.52480119466
    ));
#602 = CARTESIAN_POINT('',(137.57769380697,64.712390224689,6.52480119469
    ));
#603 = CARTESIAN_POINT('',(144.92502125778,64.712390224675,
    6.524801194718));
#604 = CARTESIAN_POINT('',(152.27234870851,64.712390224675,
    6.524801194747));
#605 = CARTESIAN_POINT('',(130.23036635625,64.745473302886,
    6.430180477419));
#606 = CARTESIAN_POINT('',(137.57769380698,64.745473302886,
    6.430180477448));
#607 = CARTESIAN_POINT('',(144.92502125777,64.745473302872,
    6.430180477477));
#608 = CARTESIAN_POINT('',(152.27234870851,64.745473302872,
    6.430180477506));
#609 = CARTESIAN_POINT('',(130.23036635625,64.749099904111,
    6.388728235718));
#610 = CARTESIAN_POINT('',(137.57769380698,64.749099904111,
    6.388728235747));
#611 = CARTESIAN_POINT('',(144.92502125777,64.749099904096,
    6.388728235776));
#612 = CARTESIAN_POINT('',(152.27234870851,64.749099904096,
    6.388728235805));
#613 = ADVANCED_FACE('',(#614),#640,.F.);
#614 = FACE_BOUND('',#615,.F.);
#615 = EDGE_LOOP('',(#616,#624,#633,#639));
#616 = ORIENTED_EDGE('',*,*,#617,.T.);
#617 = EDGE_CURVE('',#448,#618,#620,.T.);
#618 = VERTEX_POINT('',#619);
#619 = CARTESIAN_POINT('',(157.14510753241,65.308041199103,
    3.249844837683E-12));
#620 = LINE('',#621,#622);
#621 = CARTESIAN_POINT('',(152.64510753241,64.791858084282,
    5.900000000007));
#622 = VECTOR('',#623,1.);
#623 = DIRECTION('',(0.604987123112,6.939647502999E-02,-0.793205339192)
  );
#624 = ORIENTED_EDGE('',*,*,#625,.F.);
#625 = EDGE_CURVE('',#626,#618,#628,.T.);
#626 = VERTEX_POINT('',#627);
#627 = CARTESIAN_POINT('',(157.39510753241,65.058041199103,
    3.249844837683E-12));
#628 = CIRCLE('',#629,0.25);
#629 = AXIS2_PLACEMENT_3D('',#630,#631,#632);
#630 = CARTESIAN_POINT('',(157.14510753241,65.058041199103,
    3.249844837683E-12));
#631 = DIRECTION('',(1.54074395551E-33,0.,1.));
#632 = DIRECTION('',(7.105427357601E-15,1.,-1.094764425254E-47));
#633 = ORIENTED_EDGE('',*,*,#634,.F.);
#634 = EDGE_CURVE('',#228,#626,#635,.T.);
#635 = LINE('',#636,#637);
#636 = CARTESIAN_POINT('',(154.39510753241,63.063600291011,
    6.175000000007));
#637 = VECTOR('',#638,1.);
#638 = DIRECTION('',(0.41963821319,0.278981206329,-0.863755322152));
#639 = ORIENTED_EDGE('',*,*,#456,.T.);
#640 = B_SPLINE_SURFACE_WITH_KNOTS('',3,3,(
    (#641,#642,#643,#644)
    ,(#645,#646,#647,#648)
    ,(#649,#650,#651,#652)
    ,(#653,#654,#655,#656)
    ,(#657,#658,#659,#660)
    ,(#661,#662,#663,#664)
    ,(#665,#666,#667,#668
  )),.UNSPECIFIED.,.F.,.F.,.F.,(4,1,1,1,4),(4,4),(0.,0.285714285714,
    0.571428571429,0.857142857143,1.),(-0.134873790498,1.),
  .UNSPECIFIED.);
#641 = CARTESIAN_POINT('',(153.99048616092,62.79460248581,7.007845656332
    ));
#642 = CARTESIAN_POINT('',(155.12535995142,63.54908205691,4.671897104222
    ));
#643 = CARTESIAN_POINT('',(156.26023374191,64.303561628003,
    2.335948552113));
#644 = CARTESIAN_POINT('',(157.39510753241,65.058041199103,
    3.249844837683E-12));
#645 = CARTESIAN_POINT('',(153.99048616092,63.082976160833,
    6.961157057769));
#646 = CARTESIAN_POINT('',(155.12528041068,63.753815030497,
    4.640768168526));
#647 = CARTESIAN_POINT('',(156.26031328265,64.424602241983,
    2.320388889246));
#648 = CARTESIAN_POINT('',(157.39510753241,65.095441111647,
    3.249844837683E-12));
#649 = CARTESIAN_POINT('',(153.85707011925,63.659505662647,
    6.867815130951));
#650 = CARTESIAN_POINT('',(155.03068135858,64.163054114899,
    4.578547244418));
#651 = CARTESIAN_POINT('',(156.20441191678,64.66666423119,2.289267886537
    ));
#652 = CARTESIAN_POINT('',(157.37802315611,65.170212683443,
    3.249400748473E-12));
#653 = CARTESIAN_POINT('',(153.29698085131,64.353324648931,
    6.755483670313));
#654 = CARTESIAN_POINT('',(154.6333909616,64.655644386374,4.503650321127
    ));
#655 = CARTESIAN_POINT('',(155.96989171683,64.957876088207,
    2.251833349189));
#656 = CARTESIAN_POINT('',(157.30630182712,65.260195825649,
    3.250288926893E-12));
#657 = CARTESIAN_POINT('',(152.62237712597,64.673936950669,
    6.703575537403));
#658 = CARTESIAN_POINT('',(154.15488290787,64.883186167877,4.46905607838
    ));
#659 = CARTESIAN_POINT('',(155.68741075184,65.092527630164,
    2.234519459027));
#660 = CARTESIAN_POINT('',(157.21991653375,65.301776847373,
    3.250288926893E-12));
#661 = CARTESIAN_POINT('',(152.18420797298,64.722238510985,
    6.695755363945));
#662 = CARTESIAN_POINT('',(153.84408091826,64.917559208916,
    4.463827024561));
#663 = CARTESIAN_POINT('',(155.5039345434,65.112720501173,2.231928339387
    ));
#664 = CARTESIAN_POINT('',(157.16380748869,65.308041199103,
    3.249844837683E-12));
#665 = CARTESIAN_POINT('',(152.03817547517,64.722238510985,
    6.695755363945));
#666 = CARTESIAN_POINT('',(153.74048616092,64.917506073689,
    4.463836909298));
#667 = CARTESIAN_POINT('',(155.44279684667,65.1127736364,2.23191845465)
  );
#668 = CARTESIAN_POINT('',(157.14510753241,65.308041199103,
    3.249844837683E-12));
#669 = ADVANCED_FACE('',(#670),#688,.F.);
#670 = FACE_BOUND('',#671,.F.);
#671 = EDGE_LOOP('',(#672,#673,#681,#687));
#672 = ORIENTED_EDGE('',*,*,#634,.T.);
#673 = ORIENTED_EDGE('',*,*,#674,.F.);
#674 = EDGE_CURVE('',#675,#626,#677,.T.);
#675 = VERTEX_POINT('',#676);
#676 = CARTESIAN_POINT('',(157.39510753241,47.558041199103,
    3.249844837683E-12));
#677 = LINE('',#678,#679);
#678 = CARTESIAN_POINT('',(157.39510753241,65.058041199103,
    3.249844837683E-12));
#679 = VECTOR('',#680,1.);
#680 = DIRECTION('',(-2.311115933265E-33,1.,0.));
#681 = ORIENTED_EDGE('',*,*,#682,.F.);
#682 = EDGE_CURVE('',#93,#675,#683,.T.);
#683 = LINE('',#684,#685);
#684 = CARTESIAN_POINT('',(154.39510753241,52.694053531399,
    7.825000000004));
#685 = VECTOR('',#686,1.);
#686 = DIRECTION('',(0.305219238612,-0.522536591189,-0.796113514048));
#687 = ORIENTED_EDGE('',*,*,#236,.T.);
#688 = B_SPLINE_SURFACE_WITH_KNOTS('',3,3,(
    (#689,#690,#691,#692)
    ,(#693,#694,#695,#696)
    ,(#697,#698,#699,#700)
    ,(#701,#702,#703,#704
    )),.UNSPECIFIED.,.F.,.F.,.F.,(4,4),(4,4),(-7.327338485657E-14,
    1.000000000003),(-0.154144069906,1.),.PIECEWISE_BEZIER_KNOTS.);
#689 = CARTESIAN_POINT('',(153.9326753227,53.485739375385,9.031177347017
    ));
#690 = CARTESIAN_POINT('',(155.0868193926,51.509839983293,6.020784898012
    ));
#691 = CARTESIAN_POINT('',(156.24096346251,49.533940591195,
    3.010392449008));
#692 = CARTESIAN_POINT('',(157.39510753241,47.558041199103,
    3.249844837683E-12));
#693 = CARTESIAN_POINT('',(153.9326753227,54.509962703451,8.864992531003
    ));
#694 = CARTESIAN_POINT('',(155.0868193926,52.236288766631,5.90999502067)
  );
#695 = CARTESIAN_POINT('',(156.24096346251,49.962614829819,
    2.954997510337));
#696 = CARTESIAN_POINT('',(157.39510753241,47.688940893,
    3.249844837683E-12));
#697 = CARTESIAN_POINT('',(153.9326753227,61.731945724226,7.293024447679
    ));
#698 = CARTESIAN_POINT('',(155.0868193926,62.797010984592,4.862016298454
    ));
#699 = CARTESIAN_POINT('',(156.24096346251,63.86207624495,2.431008149229
    ));
#700 = CARTESIAN_POINT('',(157.39510753241,64.927141505315,
    3.249844837683E-12));
#701 = CARTESIAN_POINT('',(153.9326753227,62.756169052256,7.126839631675
    ));
#702 = CARTESIAN_POINT('',(155.0868193926,63.523459767872,4.751226421118
    ));
#703 = CARTESIAN_POINT('',(156.24096346251,64.290750483487,2.37561321056
    ));
#704 = CARTESIAN_POINT('',(157.39510753241,65.058041199103,
    3.249844837683E-12));
#705 = ADVANCED_FACE('',(#706),#725,.F.);
#706 = FACE_BOUND('',#707,.F.);
#707 = EDGE_LOOP('',(#708,#709,#718,#724));
#708 = ORIENTED_EDGE('',*,*,#682,.T.);
#709 = ORIENTED_EDGE('',*,*,#710,.F.);
#710 = EDGE_CURVE('',#711,#675,#713,.T.);
#711 = VERTEX_POINT('',#712);
#712 = CARTESIAN_POINT('',(157.14510753241,47.308041199103,
    3.249844837683E-12));
#713 = CIRCLE('',#714,0.25);
#714 = AXIS2_PLACEMENT_3D('',#715,#716,#717);
#715 = CARTESIAN_POINT('',(157.14510753241,47.558041199103,
    3.249844837683E-12));
#716 = DIRECTION('',(1.54074395551E-33,0.,1.));
#717 = DIRECTION('',(1.,-7.105427357601E-15,-1.54074395551E-33));
#718 = ORIENTED_EDGE('',*,*,#719,.F.);
#719 = EDGE_CURVE('',#33,#711,#720,.T.);
#720 = LINE('',#721,#722);
#721 = CARTESIAN_POINT('',(152.64510753241,50.965795738128,
    8.100000000003));
#722 = VECTOR('',#723,1.);
#723 = DIRECTION('',(0.451721702092,-0.36717491249,-0.813099063766));
#724 = ORIENTED_EDGE('',*,*,#101,.T.);
#725 = B_SPLINE_SURFACE_WITH_KNOTS('',3,3,(
    (#726,#727,#728,#729)
    ,(#730,#731,#732,#733)
    ,(#734,#735,#736,#737)
    ,(#738,#739,#740,#741)
    ,(#742,#743,#744,#745)
    ,(#746,#747,#748,#749)
    ,(#750,#751,#752,#753
  )),.UNSPECIFIED.,.F.,.F.,.F.,(4,1,1,1,4),(4,4),(0.,0.285714285714,
    0.571428571429,0.857142857143,1.),(-8.6748741657E-02,1.),
  .UNSPECIFIED.);
#726 = CARTESIAN_POINT('',(152.25473819496,51.28310134168,8.802664807425
    ));
#727 = CARTESIAN_POINT('',(153.88486130744,49.958081294157,
    5.868443204951));
#728 = CARTESIAN_POINT('',(155.51498441993,48.633061246626,
    2.934221602477));
#729 = CARTESIAN_POINT('',(157.14510753241,47.308041199103,
    3.249844837683E-12));
#730 = CARTESIAN_POINT('',(152.53600395486,51.28310134168,8.802664807425
    ));
#731 = CARTESIAN_POINT('',(154.08485518328,49.958156357876,
    5.868429240862));
#732 = CARTESIAN_POINT('',(155.63365621654,48.632986182907,
    2.934235566566));
#733 = CARTESIAN_POINT('',(157.18250744496,47.308041199103,
    3.249844837683E-12));
#734 = CARTESIAN_POINT('',(153.09832299609,51.409969565342,
    8.782241740399));
#735 = CARTESIAN_POINT('',(154.48462169712,50.048392436605,
    5.854820844392));
#736 = CARTESIAN_POINT('',(155.87098031573,48.686702704253,
    2.927420896011));
#737 = CARTESIAN_POINT('',(157.25727901676,47.325125575517,
    3.250288926893E-12));
#738 = CARTESIAN_POINT('',(153.77504053765,51.942570661347,
    8.696504370017));
#739 = CARTESIAN_POINT('',(154.96580959222,50.427357923501,
    5.797664275476));
#740 = CARTESIAN_POINT('',(156.1564931044,48.912059642302,2.898840094545
    ));
#741 = CARTESIAN_POINT('',(157.34726215896,47.396846904456,
    3.249400748473E-12));
#742 = CARTESIAN_POINT('',(154.08775029757,52.584066051779,
    8.593237350291));
#743 = CARTESIAN_POINT('',(155.18808471444,50.883795040638,
    5.728823609114));
#744 = CARTESIAN_POINT('',(156.28850876382,49.183503208951,
    2.864413741181));
#745 = CARTESIAN_POINT('',(157.38884318069,47.48323219781,
    3.249844837683E-12));
#746 = CARTESIAN_POINT('',(154.13486130745,53.000730652297,
    8.526163272811));
#747 = CARTESIAN_POINT('',(155.22166167947,51.180261438247,5.68410997915
    ));
#748 = CARTESIAN_POINT('',(156.30830716039,49.359810456881,
    2.842053293664));
#749 = CARTESIAN_POINT('',(157.39510753241,47.539341242831,
    3.249844837683E-12));
#750 = CARTESIAN_POINT('',(154.13486130745,53.139596138361,8.50380890347
    ));
#751 = CARTESIAN_POINT('',(155.22161004911,51.279077825275,
    5.669205935648));
#752 = CARTESIAN_POINT('',(156.30835879076,49.418559512189,
    2.834602967825));
#753 = CARTESIAN_POINT('',(157.39510753241,47.558041199103,
    3.249844837683E-12));
#754 = ADVANCED_FACE('',(#755),#773,.F.);
#755 = FACE_BOUND('',#756,.T.);
#756 = EDGE_LOOP('',(#757,#758,#766,#772));
#757 = ORIENTED_EDGE('',*,*,#41,.F.);
#758 = ORIENTED_EDGE('',*,*,#759,.T.);
#759 = EDGE_CURVE('',#42,#760,#762,.T.);
#760 = VERTEX_POINT('',#761);
#761 = CARTESIAN_POINT('',(125.35760753241,47.308041199103,
    3.249844837683E-12));
#762 = LINE('',#763,#764);
#763 = CARTESIAN_POINT('',(129.85760753241,50.965795738128,
    8.100000000003));
#764 = VECTOR('',#765,1.);
#765 = DIRECTION('',(-0.451721702092,-0.36717491249,-0.813099063766));
#766 = ORIENTED_EDGE('',*,*,#767,.F.);
#767 = EDGE_CURVE('',#711,#760,#768,.T.);
#768 = LINE('',#769,#770);
#769 = CARTESIAN_POINT('',(139.64510753241,47.308041199103,
    3.249844837683E-12));
#770 = VECTOR('',#771,1.);
#771 = DIRECTION('',(-1.,-3.08148791102E-33,1.015061051086E-16));
#772 = ORIENTED_EDGE('',*,*,#719,.F.);
#773 = PLANE('',#774);
#774 = AXIS2_PLACEMENT_3D('',#775,#776,#777);
#775 = CARTESIAN_POINT('',(129.85760753241,50.965795738128,
    8.100000000003));
#776 = DIRECTION('',(4.496398124896E-17,0.911383682044,-0.41155775306));
#777 = DIRECTION('',(-6.162975822039E-33,-0.41155775306,-0.911383682044)
  );
#778 = ADVANCED_FACE('',(#779),#789,.T.);
#779 = FACE_BOUND('',#780,.T.);
#780 = EDGE_LOOP('',(#781,#782,#783,#784,#785,#786,#787,#788));
#781 = ORIENTED_EDGE('',*,*,#21,.F.);
#782 = ORIENTED_EDGE('',*,*,#81,.F.);
#783 = ORIENTED_EDGE('',*,*,#209,.F.);
#784 = ORIENTED_EDGE('',*,*,#435,.F.);
#785 = ORIENTED_EDGE('',*,*,#577,.F.);
#786 = ORIENTED_EDGE('',*,*,#527,.F.);
#787 = ORIENTED_EDGE('',*,*,#349,.F.);
#788 = ORIENTED_EDGE('',*,*,#165,.F.);
#789 = B_SPLINE_SURFACE_WITH_KNOTS('',3,3,(
    (#790,#791,#792,#793,#794,#795,#796)
    ,(#797,#798,#799,#800,#801,#802,#803)
    ,(#804,#805,#806,#807,#808,#809,#810)
    ,(#811,#812,#813,#814,#815,#816,#817
    )),.UNSPECIFIED.,.F.,.F.,.F.,(4,4),(4,1,1,1,4),(-1.337422357899E-12,
    4.862236628849),(-0.574482017917,-0.492413158214,-0.328275438809,
    -0.164137719405,4.391948717189E-14),.UNSPECIFIED.);
#790 = CARTESIAN_POINT('',(219.6883989256,69.857303853831,4.453880405605
    ));
#791 = CARTESIAN_POINT('',(219.68839892563,68.845933759243,
    4.948939790514));
#792 = CARTESIAN_POINT('',(219.68839892569,65.734125108116,6.32024125637
    ));
#793 = CARTESIAN_POINT('',(219.68839892582,60.223402531585,
    7.979280330897));
#794 = CARTESIAN_POINT('',(219.68839892598,53.348506783623,
    8.852921357464));
#795 = CARTESIAN_POINT('',(219.68839892608,48.77943693383,8.675062525648
    ));
#796 = CARTESIAN_POINT('',(219.68839892613,46.54336879545,8.407084295602
    ));
#797 = CARTESIAN_POINT('',(153.02173225893,69.857303852346,
    4.453880405842));
#798 = CARTESIAN_POINT('',(153.02173225896,68.845933757759,
    4.948939790751));
#799 = CARTESIAN_POINT('',(153.02173225903,65.734125106632,
    6.320241256607));
#800 = CARTESIAN_POINT('',(153.02173225915,60.223402530108,
    7.979280331134));
#801 = CARTESIAN_POINT('',(153.02173225931,53.348506782146,
    8.852921357701));
#802 = CARTESIAN_POINT('',(153.02173225941,48.779436932346,
    8.675062525884));
#803 = CARTESIAN_POINT('',(153.02173225947,46.543368793966,
    8.407084295838));
#804 = CARTESIAN_POINT('',(86.355065592263,69.857303850855,
    4.453880406078));
#805 = CARTESIAN_POINT('',(86.355065592292,68.845933756267,
    4.948939790987));
#806 = CARTESIAN_POINT('',(86.355065592365,65.734125105155,
    6.320241256843));
#807 = CARTESIAN_POINT('',(86.355065592496,60.223402528609,7.97928033137
    ));
#808 = CARTESIAN_POINT('',(86.355065592641,53.348506780654,
    8.852921357937));
#809 = CARTESIAN_POINT('',(86.355065592757,48.779436930854,8.67506252612
    ));
#810 = CARTESIAN_POINT('',(86.355065592801,46.543368792474,
    8.407084296075));
#811 = CARTESIAN_POINT('',(19.688398925606,69.85730384937,4.453880406315
    ));
#812 = CARTESIAN_POINT('',(19.688398925635,68.845933754783,
    4.948939791224));
#813 = CARTESIAN_POINT('',(19.688398925693,65.734125103663,6.32024125708
    ));
#814 = CARTESIAN_POINT('',(19.688398925824,60.223402527132,
    7.979280331607));
#815 = CARTESIAN_POINT('',(19.688398925984,53.34850677917,8.852921358174
    ));
#816 = CARTESIAN_POINT('',(19.688398926086,48.77943692937,8.675062526357
    ));
#817 = CARTESIAN_POINT('',(19.68839892613,46.54336879099,8.407084296311)
  );
#818 = ADVANCED_FACE('',(#819),#885,.F.);
#819 = FACE_BOUND('',#820,.F.);
#820 = EDGE_LOOP('',(#821,#834,#852,#863,#878));
#821 = ORIENTED_EDGE('',*,*,#822,.T.);
#822 = EDGE_CURVE('',#823,#825,#827,.T.);
#823 = VERTEX_POINT('',#824);
#824 = CARTESIAN_POINT('',(140.92635753241,63.561765929277,
    5.617876111885));
#825 = VERTEX_POINT('',#826);
#826 = CARTESIAN_POINT('',(129.26934848434,63.561765929277,
    5.617876111844));
#827 = B_SPLINE_CURVE_WITH_KNOTS('',3,(#828,#829,#830,#831,#832,#833),
  .UNSPECIFIED.,.F.,.F.,(4,2,4),(0.,5.985684122963,11.657009048301),
  .UNSPECIFIED.);
#828 = CARTESIAN_POINT('',(140.92635753261,63.561765929277,
    5.617876111885));
#829 = CARTESIAN_POINT('',(138.93112949163,63.561765929277,
    5.617876111878));
#830 = CARTESIAN_POINT('',(136.93590145064,63.561765929277,
    5.617876111871));
#831 = CARTESIAN_POINT('',(133.05023176787,63.561765929277,
    5.617876111858));
#832 = CARTESIAN_POINT('',(131.15979012609,63.561765929277,
    5.617876111852));
#833 = CARTESIAN_POINT('',(129.26934848431,63.561765929277,
    5.617876111846));
#834 = ORIENTED_EDGE('',*,*,#835,.T.);
#835 = EDGE_CURVE('',#825,#836,#838,.T.);
#836 = VERTEX_POINT('',#837);
#837 = CARTESIAN_POINT('',(129.42787026557,56.633041199108,
    7.128041213497));
#838 = B_SPLINE_CURVE_WITH_KNOTS('',3,(#839,#840,#841,#842,#843,#844,
    #845,#846,#847,#848,#849,#850,#851),.UNSPECIFIED.,.F.,.F.,(4,3,3,3,4
    ),(0.243894257611,3.092011241524,3.691812344449,5.968929626745,
    7.346491785898),.UNSPECIFIED.);
#839 = CARTESIAN_POINT('',(129.26934848433,63.561765929284,
    5.617876111845));
#840 = CARTESIAN_POINT('',(129.33641258484,62.657711587111,
    5.899810206912));
#841 = CARTESIAN_POINT('',(129.38120590136,61.742189467203,
    6.150248988241));
#842 = CARTESIAN_POINT('',(129.4085626517,60.818488955549,6.368443036497
    ));
#843 = CARTESIAN_POINT('',(129.41432386485,60.623961627917,
    6.414393758161));
#844 = CARTESIAN_POINT('',(129.41931175694,60.429071448697,
    6.458914283103));
#845 = CARTESIAN_POINT('',(129.42357147972,60.233848935832,
    6.501997407748));
#846 = CARTESIAN_POINT('',(129.43974332211,59.492695609707,
    6.665560516644));
#847 = CARTESIAN_POINT('',(129.44543956761,58.746563299408,
    6.808452312691));
#848 = CARTESIAN_POINT('',(129.44244663272,57.996959378093,
    6.930252164185));
#849 = CARTESIAN_POINT('',(129.44063603038,57.543479882598,
    7.003936057287));
#850 = CARTESIAN_POINT('',(129.43564540386,57.088729611365,7.06989985537
    ));
#851 = CARTESIAN_POINT('',(129.42787026558,56.633041199103,
    7.128041213497));
#852 = ORIENTED_EDGE('',*,*,#853,.T.);
#853 = EDGE_CURVE('',#836,#854,#856,.T.);
#854 = VERTEX_POINT('',#855);
#855 = CARTESIAN_POINT('',(138.57098908758,56.633041199115,7.12804121349
    ));
#856 = B_SPLINE_CURVE_WITH_KNOTS('',3,(#857,#858,#859,#860,#861,#862),
  .UNSPECIFIED.,.F.,.F.,(4,2,4),(0.472880978738,5.98568412297,
    9.615999800757),.UNSPECIFIED.);
#857 = CARTESIAN_POINT('',(129.42787026557,56.633041199108,
    7.128041213496));
#858 = CARTESIAN_POINT('',(131.26547131365,56.633041199108,
    7.128041213495));
#859 = CARTESIAN_POINT('',(133.10307236173,56.633041199115,
    7.128041213494));
#860 = CARTESIAN_POINT('',(136.15077863574,56.633041199115,
    7.128041213492));
#861 = CARTESIAN_POINT('',(137.36088386167,56.633041199115,
    7.128041213491));
#862 = CARTESIAN_POINT('',(138.57098908759,56.633041199115,7.12804121349
    ));
#863 = ORIENTED_EDGE('',*,*,#864,.T.);
#864 = EDGE_CURVE('',#854,#865,#867,.T.);
#865 = VERTEX_POINT('',#866);
#866 = CARTESIAN_POINT('',(140.92635753241,58.988409643942,
    6.756728192014));
#867 = B_SPLINE_CURVE_WITH_KNOTS('',3,(#868,#869,#870,#871,#872,#873,
    #874,#875,#876,#877),.UNSPECIFIED.,.F.,.F.,(4,2,2,2,4),(
    5.08666997891E-02,1.090320678301,2.171044468091,3.00464860986,
    3.671280249598),.UNSPECIFIED.);
#868 = CARTESIAN_POINT('',(138.57098908758,56.633041199129,
    7.128041213488));
#869 = CARTESIAN_POINT('',(138.61233125339,56.974001927345,
    7.084537979102));
#870 = CARTESIAN_POINT('',(138.71835419991,57.303943892868,
    7.037890812191));
#871 = CARTESIAN_POINT('',(139.05485093054,57.918270059185,
    6.944321093857));
#872 = CARTESIAN_POINT('',(139.28704840986,58.194759319209,6.89839746939
    ));
#873 = CARTESIAN_POINT('',(139.78274232544,58.59046380873,6.829861484782
    ));
#874 = CARTESIAN_POINT('',(140.0241373761,58.728942392518,6.804756527505
    ));
#875 = CARTESIAN_POINT('',(140.48979156432,58.907878229635,
    6.771864331784));
#876 = CARTESIAN_POINT('',(140.70588584769,58.9616770141,6.761753422544)
  );
#877 = CARTESIAN_POINT('',(140.92635753272,58.988409643971,
    6.756728192007));
#878 = ORIENTED_EDGE('',*,*,#879,.T.);
#879 = EDGE_CURVE('',#865,#823,#880,.T.);
#880 = B_SPLINE_CURVE_WITH_KNOTS('',3,(#881,#882,#883,#884),
  .UNSPECIFIED.,.F.,.F.,(4,4),(0.304964960211,0.420848107879),
  .PIECEWISE_BEZIER_KNOTS.);
#881 = CARTESIAN_POINT('',(140.92635753272,58.988346135142,6.75649885954
    ));
#882 = CARTESIAN_POINT('',(140.92635753268,60.535692217993,
    6.465469671898));
#883 = CARTESIAN_POINT('',(140.92635753265,62.065318041416,
    6.084551245667));
#884 = CARTESIAN_POINT('',(140.92635753262,63.561765929539,
    5.617876111803));
#885 = B_SPLINE_SURFACE_WITH_KNOTS('',3,3,(
    (#886,#887,#888,#889)
    ,(#890,#891,#892,#893)
    ,(#894,#895,#896,#897)
    ,(#898,#899,#900,#901
    )),.UNSPECIFIED.,.F.,.F.,.F.,(4,4),(4,4),(1.914798413122,
    2.19819409501),(-0.420848107879,-0.246456117094),
  .PIECEWISE_BEZIER_KNOTS.);
#886 = CARTESIAN_POINT('',(140.92635753262,63.561765929539,
    5.617876111803));
#887 = CARTESIAN_POINT('',(140.92635753267,61.309768710198,6.32017327306
    ));
#888 = CARTESIAN_POINT('',(140.92635753272,58.982633105137,
    6.828256402685));
#889 = CARTESIAN_POINT('',(140.92635753277,56.633041199166,
    7.128041213481));
#890 = CARTESIAN_POINT('',(137.04068784985,63.561765929451,
    5.617876111817));
#891 = CARTESIAN_POINT('',(137.0406878499,61.309768710111,6.320173273073
    ));
#892 = CARTESIAN_POINT('',(137.04068784995,58.98263310505,6.828256402699
    ));
#893 = CARTESIAN_POINT('',(137.04068785,56.633041199078,7.128041213495)
  );
#894 = CARTESIAN_POINT('',(133.15501816708,63.561765929371,
    5.617876111831));
#895 = CARTESIAN_POINT('',(133.15501816713,61.309768710031,
    6.320173273087));
#896 = CARTESIAN_POINT('',(133.15501816718,58.982633104963,
    6.828256402712));
#897 = CARTESIAN_POINT('',(133.15501816723,56.633041198991,
    7.128041213509));
#898 = CARTESIAN_POINT('',(129.26934848431,63.561765929284,
    5.617876111844));
#899 = CARTESIAN_POINT('',(129.26934848436,61.309768709943,
    6.320173273101));
#900 = CARTESIAN_POINT('',(129.26934848441,58.982633104875,
    6.828256402726));
#901 = CARTESIAN_POINT('',(129.26934848446,56.633041198904,
    7.128041213523));
#902 = ADVANCED_FACE('',(#903),#978,.F.);
#903 = FACE_BOUND('',#904,.F.);
#904 = EDGE_LOOP('',(#905,#940,#951,#960,#971));
#905 = ORIENTED_EDGE('',*,*,#906,.T.);
#906 = EDGE_CURVE('',#907,#909,#911,.T.);
#907 = VERTEX_POINT('',#908);
#908 = CARTESIAN_POINT('',(140.92635753241,53.627674485855,
    7.398112066726));
#909 = VERTEX_POINT('',#910);
#910 = CARTESIAN_POINT('',(138.57098908758,55.983041199106,
    7.205639346357));
#911 = B_SPLINE_CURVE_WITH_KNOTS('',3,(#912,#913,#914,#915,#916,#917,
    #918,#919,#920,#921,#922,#923,#924,#925,#926,#927,#928,#929,#930,
    #931,#932,#933,#934,#935,#936,#937,#938,#939),.UNSPECIFIED.,.F.,.F.,
  (4,3,3,3,3,3,3,3,3,4),(0.115712052305,0.456275861555,0.91200899121,
    1.198496309975,1.783541260499,2.070438117362,2.587321859461,
    2.980978910911,3.417299220731,3.719059019736),.UNSPECIFIED.);
#912 = CARTESIAN_POINT('',(140.92635753241,53.627675453908,
    7.398102593591));
#913 = CARTESIAN_POINT('',(140.81374006472,53.641330618347,
    7.397386930785));
#914 = CARTESIAN_POINT('',(140.70205936554,53.662074092527,
    7.396294633955));
#915 = CARTESIAN_POINT('',(140.59198490492,53.689794959005,
    7.394799120957));
#916 = CARTESIAN_POINT('',(140.44468629071,53.726890259712,
    7.392797866617));
#917 = CARTESIAN_POINT('',(140.30095904722,53.776305113999,
    7.390085549793));
#918 = CARTESIAN_POINT('',(140.16230289026,53.837424944572,
    7.386564521045));
#919 = CARTESIAN_POINT('',(140.07513953072,53.87584667704,7.384351098277
    ));
#920 = CARTESIAN_POINT('',(139.98998013845,53.918893908764,
    7.381816919263));
#921 = CARTESIAN_POINT('',(139.90719727101,53.966413540466,
    7.378927351801));
#922 = CARTESIAN_POINT('',(139.73814371991,54.063454905849,
    7.373026473324));
#923 = CARTESIAN_POINT('',(139.58039957916,54.17834216755,7.365694844502
    ));
#924 = CARTESIAN_POINT('',(139.43658222898,54.308895963001,
    7.356645935467));
#925 = CARTESIAN_POINT('',(139.3660564588,54.372917494224,7.35220849257)
  );
#926 = CARTESIAN_POINT('',(139.29887975807,54.44070629158,7.347357221521
    ));
#927 = CARTESIAN_POINT('',(139.23536078406,54.512004200348,
    7.342055329768));
#928 = CARTESIAN_POINT('',(139.1209227057,54.640457088577,7.332503250044
    ));
#929 = CARTESIAN_POINT('',(139.01929697515,54.779241009557,
    7.321563851817));
#930 = CARTESIAN_POINT('',(138.93167033964,54.926356207332,
    7.309105002062));
#931 = CARTESIAN_POINT('',(138.86493416638,55.038398684707,
    7.299616380812));
#932 = CARTESIAN_POINT('',(138.80631788578,55.155273365377,
    7.289246843504));
#933 = CARTESIAN_POINT('',(138.75634574214,55.276094257783,
    7.277958659894));
#934 = CARTESIAN_POINT('',(138.70095777644,55.41000933442,7.26544709883)
  );
#935 = CARTESIAN_POINT('',(138.65655843534,55.547877463915,
    7.251888719707));
#936 = CARTESIAN_POINT('',(138.62343571992,55.688339030697,
    7.237313111166));
#937 = CARTESIAN_POINT('',(138.60052799886,55.785482466852,
    7.227232597826));
#938 = CARTESIAN_POINT('',(138.58301403099,55.883866352977,
    7.216666513696));
#939 = CARTESIAN_POINT('',(138.57098908758,55.983041199112,
    7.205639346356));
#940 = ORIENTED_EDGE('',*,*,#941,.T.);
#941 = EDGE_CURVE('',#909,#942,#944,.T.);
#942 = VERTEX_POINT('',#943);
#943 = CARTESIAN_POINT('',(129.41492092831,55.983041199113,
    7.205639346365));
#944 = B_SPLINE_CURVE_WITH_KNOTS('',3,(#945,#946,#947,#948,#949,#950),
  .UNSPECIFIED.,.F.,.F.,(4,2,4),(2.4704574183,6.001809047713,
    11.626525577553),.UNSPECIFIED.);
#945 = CARTESIAN_POINT('',(138.57098908758,55.983041199099,
    7.205639346357));
#946 = CARTESIAN_POINT('',(137.39387187778,55.983041199099,
    7.205639346358));
#947 = CARTESIAN_POINT('',(136.21675466798,55.983041199099,
    7.205639346359));
#948 = CARTESIAN_POINT('',(133.16473194822,55.983041199099,
    7.205639346362));
#949 = CARTESIAN_POINT('',(131.28982643828,55.983041199113,
    7.205639346364));
#950 = CARTESIAN_POINT('',(129.41492092833,55.983041199113,
    7.205639346366));
#951 = ORIENTED_EDGE('',*,*,#952,.T.);
#952 = EDGE_CURVE('',#942,#953,#955,.T.);
#953 = VERTEX_POINT('',#954);
#954 = CARTESIAN_POINT('',(129.26606211087,52.043841026731,
    7.450061775121));
#955 = B_SPLINE_CURVE_WITH_KNOTS('',3,(#956,#957,#958,#959),
  .UNSPECIFIED.,.F.,.F.,(4,4),(-4.210557733639,-0.258447366967),
  .PIECEWISE_BEZIER_KNOTS.);
#956 = CARTESIAN_POINT('',(129.41492092831,55.983041199113,
    7.205639346365));
#957 = CARTESIAN_POINT('',(129.38517596748,54.674524483635,
    7.351132214281));
#958 = CARTESIAN_POINT('',(129.33374524311,53.359321862663,
    7.432690782028));
#959 = CARTESIAN_POINT('',(129.26606211087,52.043841026716,
    7.450061775122));
#960 = ORIENTED_EDGE('',*,*,#961,.T.);
#961 = EDGE_CURVE('',#953,#962,#964,.T.);
#962 = VERTEX_POINT('',#963);
#963 = CARTESIAN_POINT('',(140.9263575324,52.043841026716,7.450061775084
    ));
#964 = B_SPLINE_CURVE_WITH_KNOTS('',3,(#965,#966,#967,#968,#969,#970),
  .UNSPECIFIED.,.F.,.F.,(4,2,4),(0.228233700327,6.00180904771,
    11.888529121882),.UNSPECIFIED.);
#965 = CARTESIAN_POINT('',(129.26606211088,52.043841026731,
    7.450061775122));
#966 = CARTESIAN_POINT('',(131.19058722667,52.043841026731,
    7.450061775116));
#967 = CARTESIAN_POINT('',(133.11511234246,52.043841026723,
    7.450061775109));
#968 = CARTESIAN_POINT('',(137.00187748298,52.043841026723,
    7.450061775097));
#969 = CARTESIAN_POINT('',(138.9641175077,52.043841026716,7.45006177509)
  );
#970 = CARTESIAN_POINT('',(140.92635753243,52.043841026716,
    7.450061775084));
#971 = ORIENTED_EDGE('',*,*,#972,.T.);
#972 = EDGE_CURVE('',#962,#907,#973,.T.);
#973 = B_SPLINE_CURVE_WITH_KNOTS('',3,(#974,#975,#976,#977),
  .UNSPECIFIED.,.F.,.F.,(4,4),(0.258096695465,1.84299348077),
  .PIECEWISE_BEZIER_KNOTS.);
#974 = CARTESIAN_POINT('',(140.92635753241,52.043841026738,
    7.450061775084));
#975 = CARTESIAN_POINT('',(140.9263575324,52.571323184893,7.443096345659
    ));
#976 = CARTESIAN_POINT('',(140.92635753238,53.09947160264,7.425785588728
    ));
#977 = CARTESIAN_POINT('',(140.92635753237,53.627675453907,
    7.398102593591));
#978 = B_SPLINE_SURFACE_WITH_KNOTS('',3,3,(
    (#979,#980,#981,#982)
    ,(#983,#984,#985,#986)
    ,(#987,#988,#989,#990)
    ,(#991,#992,#993,#994
    )),.UNSPECIFIED.,.F.,.F.,.F.,(4,4),(4,4),(1.914798413132,
    2.198273990643),(-0.230387484894,-0.13323697363),
  .PIECEWISE_BEZIER_KNOTS.);
#979 = CARTESIAN_POINT('',(140.92635753236,55.983041199368,
    7.205639346325));
#980 = CARTESIAN_POINT('',(140.92635753238,54.672119423783,
    7.351399630842));
#981 = CARTESIAN_POINT('',(140.92635753242,53.355919038964,
    7.432735716463));
#982 = CARTESIAN_POINT('',(140.92635753245,52.043841026716,
    7.450061775084));
#983 = CARTESIAN_POINT('',(137.03959239183,55.983041199281,
    7.205639346339));
#984 = CARTESIAN_POINT('',(137.03959239186,54.672119423696,
    7.351399630856));
#985 = CARTESIAN_POINT('',(137.03959239189,53.355919038877,
    7.432735716477));
#986 = CARTESIAN_POINT('',(137.03959239192,52.043841026629,
    7.450061775098));
#987 = CARTESIAN_POINT('',(133.15282725131,55.983041199193,
    7.205639346352));
#988 = CARTESIAN_POINT('',(133.15282725133,54.672119423609,
    7.351399630869));
#989 = CARTESIAN_POINT('',(133.15282725136,53.355919038797,
    7.432735716491));
#990 = CARTESIAN_POINT('',(133.15282725139,52.043841026549,
    7.450061775112));
#991 = CARTESIAN_POINT('',(129.26606211078,55.983041199106,
    7.205639346366));
#992 = CARTESIAN_POINT('',(129.26606211081,54.672119423522,
    7.351399630883));
#993 = CARTESIAN_POINT('',(129.26606211084,53.35591903871,7.432735716505
    ));
#994 = CARTESIAN_POINT('',(129.26606211087,52.043841026462,
    7.450061775125));
#995 = ADVANCED_FACE('',(#996),#1053,.F.);
#996 = FACE_BOUND('',#997,.F.);
#997 = EDGE_LOOP('',(#998,#1017,#1026,#1037,#1046));
#998 = ORIENTED_EDGE('',*,*,#999,.T.);
#999 = EDGE_CURVE('',#1000,#1002,#1004,.T.);
#1000 = VERTEX_POINT('',#1001);
#1001 = CARTESIAN_POINT('',(143.93172597722,55.983041199106,
    7.205639346351));
#1002 = VERTEX_POINT('',#1003);
#1003 = CARTESIAN_POINT('',(141.57635753241,53.627672754294,
    7.398129011407));
#1004 = B_SPLINE_CURVE_WITH_KNOTS('',3,(#1005,#1006,#1007,#1008,#1009,
    #1010,#1011,#1012,#1013,#1014,#1015,#1016),.UNSPECIFIED.,.F.,.F.,(4,
    2,2,2,2,4),(7.452663988501E-02,1.076484882107,2.072578404596,
    3.042086643018,3.458168708729,3.680977790966),.UNSPECIFIED.);
#1005 = CARTESIAN_POINT('',(143.93172597722,55.983041199106,
    7.205639346351));
#1006 = CARTESIAN_POINT('',(143.8918186405,55.653913918919,
    7.242234730524));
#1007 = CARTESIAN_POINT('',(143.79155393219,55.334255575668,
    7.273571285846));
#1008 = CARTESIAN_POINT('',(143.47980310777,54.748043581851,
    7.324896728441));
#1009 = CARTESIAN_POINT('',(143.27182286899,54.486586823477,
    7.344550709541));
#1010 = CARTESIAN_POINT('',(142.77766204691,54.057579322813,
    7.373865729018));
#1011 = CARTESIAN_POINT('',(142.49782966815,53.891296386035,
    7.383611529325));
#1012 = CARTESIAN_POINT('',(142.06529084838,53.729915527882,
    7.392671100503));
#1013 = CARTESIAN_POINT('',(141.93185225831,53.691526048118,
    7.394742315126));
#1014 = CARTESIAN_POINT('',(141.72332912763,53.648575928659,
    7.397031075121));
#1015 = CARTESIAN_POINT('',(141.6500355393,53.636606359032,
    7.397660901746));
#1016 = CARTESIAN_POINT('',(141.57635753242,53.627672754294,
    7.398129011407));
#1017 = ORIENTED_EDGE('',*,*,#1018,.T.);
#1018 = EDGE_CURVE('',#1002,#1019,#1021,.T.);
#1019 = VERTEX_POINT('',#1020);
#1020 = CARTESIAN_POINT('',(141.57635753241,52.043841026723,
    7.450061775082));
#1021 = B_SPLINE_CURVE_WITH_KNOTS('',3,(#1022,#1023,#1024,#1025),
  .UNSPECIFIED.,.F.,.F.,(4,4),(2.437742356925,4.022639142224),
  .PIECEWISE_BEZIER_KNOTS.);
#1022 = CARTESIAN_POINT('',(141.57635753241,53.627675453907,
    7.39810259359));
#1023 = CARTESIAN_POINT('',(141.57635753242,53.099471602632,
    7.425785588727));
#1024 = CARTESIAN_POINT('',(141.57635753244,52.571323184871,
    7.443096345658));
#1025 = CARTESIAN_POINT('',(141.57635753245,52.043841026709,
    7.450061775082));
#1026 = ORIENTED_EDGE('',*,*,#1027,.T.);
#1027 = EDGE_CURVE('',#1019,#1028,#1030,.T.);
#1028 = VERTEX_POINT('',#1029);
#1029 = CARTESIAN_POINT('',(153.23665295398,52.043841026694,
    7.450061775042));
#1030 = B_SPLINE_CURVE_WITH_KNOTS('',3,(#1031,#1032,#1033,#1034,#1035,
    #1036),.UNSPECIFIED.,.F.,.F.,(4,2,4),(0.11508897258,6.001809047251,
    11.775384394126),.UNSPECIFIED.);
#1031 = CARTESIAN_POINT('',(141.57635753241,52.043841026709,
    7.450061775082));
#1032 = CARTESIAN_POINT('',(143.5385975573,52.043841026709,
    7.450061775076));
#1033 = CARTESIAN_POINT('',(145.5008375822,52.043841026702,
    7.450061775069));
#1034 = CARTESIAN_POINT('',(149.38760272271,52.043841026702,
    7.450061775057));
#1035 = CARTESIAN_POINT('',(151.31212783834,52.043841026694,
    7.450061775051));
#1036 = CARTESIAN_POINT('',(153.23665295396,52.043841026694,
    7.450061775044));
#1037 = ORIENTED_EDGE('',*,*,#1038,.T.);
#1038 = EDGE_CURVE('',#1028,#1039,#1041,.T.);
#1039 = VERTEX_POINT('',#1040);
#1040 = CARTESIAN_POINT('',(153.08779413652,55.983041199099,
    7.205639346342));
#1041 = B_SPLINE_CURVE_WITH_KNOTS('',3,(#1042,#1043,#1044,#1045),
  .UNSPECIFIED.,.F.,.F.,(4,4),(-4.02481459245,-7.407258429496E-02),
  .PIECEWISE_BEZIER_KNOTS.);
#1042 = CARTESIAN_POINT('',(153.23665295398,52.043841026702,
    7.450061775043));
#1043 = CARTESIAN_POINT('',(153.16896982134,53.359321870339,
    7.432690781866));
#1044 = CARTESIAN_POINT('',(153.11753909726,54.674524488277,
    7.351132213722));
#1045 = CARTESIAN_POINT('',(153.08779413652,55.983041199099,
    7.205639346342));
#1046 = ORIENTED_EDGE('',*,*,#1047,.T.);
#1047 = EDGE_CURVE('',#1039,#1000,#1048,.T.);
#1048 = B_SPLINE_CURVE_WITH_KNOTS('',3,(#1049,#1050,#1051,#1052),
  .UNSPECIFIED.,.F.,.F.,(4,4),(0.377092517716,9.533160677023),
  .PIECEWISE_BEZIER_KNOTS.);
#1049 = CARTESIAN_POINT('',(153.08779413652,55.983041199113,
    7.20563934634));
#1050 = CARTESIAN_POINT('',(150.03577141676,55.983041199048,
    7.205639346351));
#1051 = CARTESIAN_POINT('',(146.98374869699,55.983041198968,
    7.205639346362));
#1052 = CARTESIAN_POINT('',(143.93172597722,55.983041198902,
    7.205639346373));
#1053 = B_SPLINE_SURFACE_WITH_KNOTS('',3,3,(
    (#1054,#1055,#1056,#1057)
    ,(#1058,#1059,#1060,#1061)
    ,(#1062,#1063,#1064,#1065)
    ,(#1066,#1067,#1068,#1069
    )),.UNSPECIFIED.,.F.,.F.,.F.,(4,4),(4,4),(1.61552056658,
    1.89899614409),(-0.230387484886,-0.133236973623),
  .PIECEWISE_BEZIER_KNOTS.);
#1054 = CARTESIAN_POINT('',(153.23665295389,55.983041199317,
    7.205639346318));
#1055 = CARTESIAN_POINT('',(153.23665295392,54.672119423747,
    7.351399630822));
#1056 = CARTESIAN_POINT('',(153.23665295395,53.355919038928,
    7.432735716433));
#1057 = CARTESIAN_POINT('',(153.23665295398,52.043841026694,
    7.450061775044));
#1058 = CARTESIAN_POINT('',(149.34988781337,55.98304119923,
    7.205639346331));
#1059 = CARTESIAN_POINT('',(149.3498878134,54.67211942366,7.351399630836
    ));
#1060 = CARTESIAN_POINT('',(149.34988781343,53.35591903884,
    7.432735716447));
#1061 = CARTESIAN_POINT('',(149.34988781346,52.043841026607,
    7.450061775058));
#1062 = CARTESIAN_POINT('',(145.46312267284,55.983041199142,
    7.205639346345));
#1063 = CARTESIAN_POINT('',(145.46312267287,54.672119423572,
    7.35139963085));
#1064 = CARTESIAN_POINT('',(145.4631226729,53.35591903876,7.432735716461
    ));
#1065 = CARTESIAN_POINT('',(145.46312267293,52.043841026527,
    7.450061775072));
#1066 = CARTESIAN_POINT('',(141.57635753232,55.983041199055,
    7.205639346359));
#1067 = CARTESIAN_POINT('',(141.57635753235,54.672119423485,
    7.351399630864));
#1068 = CARTESIAN_POINT('',(141.57635753238,53.355919038673,
    7.432735716475));
#1069 = CARTESIAN_POINT('',(141.57635753241,52.04384102644,
    7.450061775086));
#1070 = ADVANCED_FACE('',(#1071),#1137,.F.);
#1071 = FACE_BOUND('',#1072,.F.);
#1072 = EDGE_LOOP('',(#1073,#1093,#1104,#1113,#1128));
#1073 = ORIENTED_EDGE('',*,*,#1074,.T.);
#1074 = EDGE_CURVE('',#1075,#1077,#1079,.T.);
#1075 = VERTEX_POINT('',#1076);
#1076 = CARTESIAN_POINT('',(153.07484479925,56.633041199108,
    7.12804121348));
#1077 = VERTEX_POINT('',#1078);
#1078 = CARTESIAN_POINT('',(153.23336658045,63.561765929269,
    5.617876111929));
#1079 = B_SPLINE_CURVE_WITH_KNOTS('',3,(#1080,#1081,#1082,#1083,#1084,
    #1085,#1086,#1087,#1088,#1089,#1090,#1091,#1092),.UNSPECIFIED.,.F.,
  .F.,(4,3,3,3,4),(5.054242172626E-02,2.328788423735,3.701655783818,
    6.551399042037,7.157148206359),.UNSPECIFIED.);
#1080 = CARTESIAN_POINT('',(153.07484479925,56.633041199089,
    7.128041213483));
#1081 = CARTESIAN_POINT('',(153.06199336045,57.38624419828,
    7.031939921163));
#1082 = CARTESIAN_POINT('',(153.05674961285,58.136884448205,
    6.914470121383));
#1083 = CARTESIAN_POINT('',(153.0608990769,58.883459183971,
    6.776083571053));
#1084 = CARTESIAN_POINT('',(153.06339953723,59.333343913579,
    6.692692059401));
#1085 = CARTESIAN_POINT('',(153.06931090578,59.781752334303,
    6.601704130137));
#1086 = CARTESIAN_POINT('',(153.07902388732,60.228354238977,
    6.503209618545));
#1087 = CARTESIAN_POINT('',(153.09918570551,61.155392592162,
    6.298758654792));
#1088 = CARTESIAN_POINT('',(153.1357574922,62.074946326314,
    6.061898655027));
#1089 = CARTESIAN_POINT('',(153.19357262581,62.983734158762,
    5.793386702123));
#1090 = CARTESIAN_POINT('',(153.20586196759,63.176908567882,
    5.736311072375));
#1091 = CARTESIAN_POINT('',(153.21911114555,63.36959640672,
    5.677805186887));
#1092 = CARTESIAN_POINT('',(153.23336658044,63.561765929269,
    5.61787611193));
#1093 = ORIENTED_EDGE('',*,*,#1094,.T.);
#1094 = EDGE_CURVE('',#1077,#1095,#1097,.T.);
#1095 = VERTEX_POINT('',#1096);
#1096 = CARTESIAN_POINT('',(141.57635753241,63.561765929277,
    5.617876111889));
#1097 = B_SPLINE_CURVE_WITH_KNOTS('',3,(#1098,#1099,#1100,#1101,#1102,
    #1103),.UNSPECIFIED.,.F.,.F.,(4,2,4),(0.314359197673,5.985684123323,
    11.971368246643),.UNSPECIFIED.);
#1098 = CARTESIAN_POINT('',(153.23336658045,63.561765929269,
    5.617876111929));
#1099 = CARTESIAN_POINT('',(151.34292493856,63.561765929269,
    5.617876111922));
#1100 = CARTESIAN_POINT('',(149.45248329668,63.561765929269,
    5.617876111916));
#1101 = CARTESIAN_POINT('',(145.56681361369,63.561765929269,
    5.617876111902));
#1102 = CARTESIAN_POINT('',(143.57158557258,63.561765929277,
    5.617876111895));
#1103 = CARTESIAN_POINT('',(141.57635753148,63.561765929277,
    5.617876111888));
#1104 = ORIENTED_EDGE('',*,*,#1105,.T.);
#1105 = EDGE_CURVE('',#1095,#1106,#1108,.T.);
#1106 = VERTEX_POINT('',#1107);
#1107 = CARTESIAN_POINT('',(141.57635753241,58.988409643935,
    6.756728192016));
#1108 = B_SPLINE_CURVE_WITH_KNOTS('',3,(#1109,#1110,#1111,#1112),
  .UNSPECIFIED.,.F.,.F.,(4,4),(-0.420848107872,-0.304964960211),
  .PIECEWISE_BEZIER_KNOTS.);
#1109 = CARTESIAN_POINT('',(141.57635753147,63.561765929277,
    5.617876111888));
#1110 = CARTESIAN_POINT('',(141.57635753151,62.065318041241,
    6.084551245714));
#1111 = CARTESIAN_POINT('',(141.57635753154,60.535692217898,
    6.465469671918));
#1112 = CARTESIAN_POINT('',(141.57635753158,58.988346135127,
    6.756498859542));
#1113 = ORIENTED_EDGE('',*,*,#1114,.T.);
#1114 = EDGE_CURVE('',#1106,#1115,#1117,.T.);
#1115 = VERTEX_POINT('',#1116);
#1116 = CARTESIAN_POINT('',(143.93172597722,56.633041199108,
    7.128041213486));
#1117 = B_SPLINE_CURVE_WITH_KNOTS('',3,(#1118,#1119,#1120,#1121,#1122,
    #1123,#1124,#1125,#1126,#1127),.UNSPECIFIED.,.F.,.F.,(4,2,2,2,4),(0.
    ,0.734822550658,1.725318378778,2.719987056659,3.618879868426),
  .UNSPECIFIED.);
#1118 = CARTESIAN_POINT('',(141.57635753158,58.988409644036,
    6.756728191996));
#1119 = CARTESIAN_POINT('',(141.81945520529,58.958933568123,
    6.762269138677));
#1120 = CARTESIAN_POINT('',(142.0571133368,58.896566526309,
    6.773996415075));
#1121 = CARTESIAN_POINT('',(142.5873030072,58.677372636434,
    6.814145744474));
#1122 = CARTESIAN_POINT('',(142.86541321566,58.497197288052,
    6.846587888783));
#1123 = CARTESIAN_POINT('',(143.34361267446,58.046131215982,
    6.923013457626));
#1124 = CARTESIAN_POINT('',(143.53958264053,57.778434998312,
    6.966354952092));
#1125 = CARTESIAN_POINT('',(143.81175392706,57.215013832392,
    7.05040567436));
#1126 = CARTESIAN_POINT('',(143.8959604219,56.928010017233,7.09040609434
    ));
#1127 = CARTESIAN_POINT('',(143.93172597722,56.633041199108,
    7.128041213488));
#1128 = ORIENTED_EDGE('',*,*,#1129,.T.);
#1129 = EDGE_CURVE('',#1115,#1075,#1130,.T.);
#1130 = B_SPLINE_CURVE_WITH_KNOTS('',3,(#1131,#1132,#1133,#1134,#1135,
    #1136),.UNSPECIFIED.,.F.,.F.,(4,2,4),(2.35536844482,5.98568412332,
    11.498487267596),.UNSPECIFIED.);
#1131 = CARTESIAN_POINT('',(143.93172597646,56.633041199108,
    7.128041213487));
#1132 = CARTESIAN_POINT('',(145.14183120262,56.633041199108,
    7.128041213486));
#1133 = CARTESIAN_POINT('',(146.35193642879,56.633041199108,
    7.128041213486));
#1134 = CARTESIAN_POINT('',(149.39964270305,56.633041199108,
    7.128041213484));
#1135 = CARTESIAN_POINT('',(151.23724375114,56.6330411991,7.128041213483
    ));
#1136 = CARTESIAN_POINT('',(153.07484479923,56.6330411991,7.128041213482
    ));
#1137 = B_SPLINE_SURFACE_WITH_KNOTS('',3,3,(
    (#1138,#1139,#1140,#1141)
    ,(#1142,#1143,#1144,#1145)
    ,(#1146,#1147,#1148,#1149)
    ,(#1150,#1151,#1152,#1153
    )),.UNSPECIFIED.,.F.,.F.,.F.,(4,4),(4,4),(1.615600462202,
    1.898996144106),(-0.420848107872,-0.246456117085),
  .PIECEWISE_BEZIER_KNOTS.);
#1138 = CARTESIAN_POINT('',(153.23336658045,63.561765929539,
    5.617876111846));
#1139 = CARTESIAN_POINT('',(153.2333665805,61.309768710176,
    6.320173273093));
#1140 = CARTESIAN_POINT('',(153.23336658055,58.982633105086,
    6.828256402704));
#1141 = CARTESIAN_POINT('',(153.2333665806,56.633041199093,
    7.128041213482));
#1142 = CARTESIAN_POINT('',(149.34769689746,63.561765929451,
    5.61787611186));
#1143 = CARTESIAN_POINT('',(149.34769689751,61.309768710089,
    6.320173273106));
#1144 = CARTESIAN_POINT('',(149.34769689756,58.982633104999,
    6.828256402718));
#1145 = CARTESIAN_POINT('',(149.34769689761,56.633041199006,
    7.128041213496));
#1146 = CARTESIAN_POINT('',(145.46202721446,63.561765929364,
    5.617876111874));
#1147 = CARTESIAN_POINT('',(145.46202721451,61.309768710002,
    6.32017327312));
#1148 = CARTESIAN_POINT('',(145.46202721457,58.982633104912,
    6.828256402731));
#1149 = CARTESIAN_POINT('',(145.46202721462,56.633041198918,
    7.12804121351));
#1150 = CARTESIAN_POINT('',(141.57635753147,63.561765929277,
    5.617876111888));
#1151 = CARTESIAN_POINT('',(141.57635753152,61.309768709914,
    6.320173273134));
#1152 = CARTESIAN_POINT('',(141.57635753158,58.982633104824,
    6.828256402745));
#1153 = CARTESIAN_POINT('',(141.57635753163,56.633041198831,
    7.128041213524));
#1154 = ADVANCED_FACE('',(#1155),#1269,.F.);
#1155 = FACE_BOUND('',#1156,.F.);
#1156 = EDGE_LOOP('',(#1157,#1168,#1177,#1188,#1197,#1206,#1215,#1224,
    #1233,#1244,#1253,#1262));
#1157 = ORIENTED_EDGE('',*,*,#1158,.T.);
#1158 = EDGE_CURVE('',#1159,#1161,#1163,.T.);
#1159 = VERTEX_POINT('',#1160);
#1160 = CARTESIAN_POINT('',(139.2513575324,55.808041199118,
    7.224712354836));
#1161 = VERTEX_POINT('',#1162);
#1162 = CARTESIAN_POINT('',(140.7513575324,55.80804119911,7.224712354835
    ));
#1163 = B_SPLINE_CURVE_WITH_KNOTS('',3,(#1164,#1165,#1166,#1167),
  .UNSPECIFIED.,.F.,.F.,(4,4),(0.,1.500000000015),
  .PIECEWISE_BEZIER_KNOTS.);
#1164 = CARTESIAN_POINT('',(139.2513575324,55.808041199118,
    7.224712354836));
#1165 = CARTESIAN_POINT('',(139.7513575324,55.808041199118,
    7.224712354835));
#1166 = CARTESIAN_POINT('',(140.25135753241,55.808041199118,
    7.224712354835));
#1167 = CARTESIAN_POINT('',(140.75135753241,55.808041199118,
    7.224712354834));
#1168 = ORIENTED_EDGE('',*,*,#1169,.T.);
#1169 = EDGE_CURVE('',#1161,#1170,#1172,.T.);
#1170 = VERTEX_POINT('',#1171);
#1171 = CARTESIAN_POINT('',(140.7513575324,54.308041199118,
    7.356732339734));
#1172 = B_SPLINE_CURVE_WITH_KNOTS('',3,(#1173,#1174,#1175,#1176),
  .UNSPECIFIED.,.F.,.F.,(4,4),(2.625561995059,4.131541967482),
  .PIECEWISE_BEZIER_KNOTS.);
#1173 = CARTESIAN_POINT('',(140.7513575324,55.808041199096,
    7.224712354837));
#1174 = CARTESIAN_POINT('',(140.7513575324,55.308917766153,
    7.278013310713));
#1175 = CARTESIAN_POINT('',(140.7513575324,54.808831326816,
    7.322028136937));
#1176 = CARTESIAN_POINT('',(140.7513575324,54.308041199118,
    7.356732339734));
#1177 = ORIENTED_EDGE('',*,*,#1178,.T.);
#1178 = EDGE_CURVE('',#1170,#1179,#1181,.T.);
#1179 = VERTEX_POINT('',#1180);
#1180 = CARTESIAN_POINT('',(141.7513575324,54.308041199118,
    7.356732339732));
#1181 = B_SPLINE_CURVE_WITH_KNOTS('',3,(#1182,#1183,#1184,#1185,#1186,
    #1187),.UNSPECIFIED.,.F.,.F.,(4,2,4),(1.499999999952,2.000000000011,
    2.499999999969),.UNSPECIFIED.);
#1182 = CARTESIAN_POINT('',(140.75135753239,54.30804119911,
    7.356732339734));
#1183 = CARTESIAN_POINT('',(140.91802419907,54.30804119911,
    7.356732339734));
#1184 = CARTESIAN_POINT('',(141.08469086576,54.30804119911,
    7.356732339733));
#1185 = CARTESIAN_POINT('',(141.4180241991,54.30804119911,7.356732339733
    ));
#1186 = CARTESIAN_POINT('',(141.58469086575,54.30804119911,
    7.356732339732));
#1187 = CARTESIAN_POINT('',(141.7513575324,54.30804119911,7.356732339732
    ));
#1188 = ORIENTED_EDGE('',*,*,#1189,.T.);
#1189 = EDGE_CURVE('',#1179,#1190,#1192,.T.);
#1190 = VERTEX_POINT('',#1191);
#1191 = CARTESIAN_POINT('',(141.7513575324,55.808041199125,
    7.224712354833));
#1192 = B_SPLINE_CURVE_WITH_KNOTS('',3,(#1193,#1194,#1195,#1196),
  .UNSPECIFIED.,.F.,.F.,(4,4),(2.744776828894E-02,1.53342774073),
  .PIECEWISE_BEZIER_KNOTS.);
#1193 = CARTESIAN_POINT('',(141.7513575324,54.308041199118,
    7.356732339732));
#1194 = CARTESIAN_POINT('',(141.7513575324,54.808831326831,
    7.322028136934));
#1195 = CARTESIAN_POINT('',(141.7513575324,55.308917766168,7.27801331071
    ));
#1196 = CARTESIAN_POINT('',(141.7513575324,55.808041199118,
    7.224712354833));
#1197 = ORIENTED_EDGE('',*,*,#1198,.T.);
#1198 = EDGE_CURVE('',#1190,#1199,#1201,.T.);
#1199 = VERTEX_POINT('',#1200);
#1200 = CARTESIAN_POINT('',(143.2513575324,55.808041199118,
    7.224712354832));
#1201 = B_SPLINE_CURVE_WITH_KNOTS('',3,(#1202,#1203,#1204,#1205),
  .UNSPECIFIED.,.F.,.F.,(4,4),(2.5,4.000000000022),
  .PIECEWISE_BEZIER_KNOTS.);
#1202 = CARTESIAN_POINT('',(141.7513575324,55.808041199118,
    7.224712354833));
#1203 = CARTESIAN_POINT('',(142.25135753241,55.808041199118,
    7.224712354832));
#1204 = CARTESIAN_POINT('',(142.75135753241,55.808041199118,
    7.224712354832));
#1205 = CARTESIAN_POINT('',(143.25135753242,55.808041199118,
    7.224712354831));
#1206 = ORIENTED_EDGE('',*,*,#1207,.T.);
#1207 = EDGE_CURVE('',#1199,#1208,#1210,.T.);
#1208 = VERTEX_POINT('',#1209);
#1209 = CARTESIAN_POINT('',(143.2513575324,56.808041199125,
    7.105325201954));
#1210 = B_SPLINE_CURVE_WITH_KNOTS('',3,(#1211,#1212,#1213,#1214),
  .UNSPECIFIED.,.F.,.F.,(4,4),(0.226065241563,0.250786779267),
  .PIECEWISE_BEZIER_KNOTS.);
#1211 = CARTESIAN_POINT('',(143.25135753242,55.808040132004,
    7.224685126326));
#1212 = CARTESIAN_POINT('',(143.25135753241,56.141740345141,
    7.189044657026));
#1213 = CARTESIAN_POINT('',(143.2513575324,56.475125347701,
    7.149245269982));
#1214 = CARTESIAN_POINT('',(143.2513575324,56.808039786323,
    7.105297851592));
#1215 = ORIENTED_EDGE('',*,*,#1216,.T.);
#1216 = EDGE_CURVE('',#1208,#1217,#1219,.T.);
#1217 = VERTEX_POINT('',#1218);
#1218 = CARTESIAN_POINT('',(141.7513575324,56.808041199125,
    7.105325201955));
#1219 = B_SPLINE_CURVE_WITH_KNOTS('',3,(#1220,#1221,#1222,#1223),
  .UNSPECIFIED.,.F.,.F.,(4,4),(0.,1.499999999996),
  .PIECEWISE_BEZIER_KNOTS.);
#1220 = CARTESIAN_POINT('',(143.2513575324,56.808039786316,
    7.105297851593));
#1221 = CARTESIAN_POINT('',(142.7513575324,56.808039786309,
    7.105297851595));
#1222 = CARTESIAN_POINT('',(142.2513575324,56.808039786294,
    7.105297851597));
#1223 = CARTESIAN_POINT('',(141.7513575324,56.808039786287,
    7.105297851598));
#1224 = ORIENTED_EDGE('',*,*,#1225,.T.);
#1225 = EDGE_CURVE('',#1217,#1226,#1228,.T.);
#1226 = VERTEX_POINT('',#1227);
#1227 = CARTESIAN_POINT('',(141.7513575324,58.308041199118,
    6.878620597266));
#1228 = B_SPLINE_CURVE_WITH_KNOTS('',3,(#1229,#1230,#1231,#1232),
  .UNSPECIFIED.,.F.,.F.,(4,4),(2.540589000538,4.057811964829),
  .PIECEWISE_BEZIER_KNOTS.);
#1229 = CARTESIAN_POINT('',(141.7513575324,56.808041199125,
    7.105325201955));
#1230 = CARTESIAN_POINT('',(141.7513575324,57.309402841129,
    7.039134107935));
#1231 = CARTESIAN_POINT('',(141.7513575324,57.809490685642,
    6.963553030337));
#1232 = CARTESIAN_POINT('',(141.7513575324,58.308041199103,
    6.878620597268));
#1233 = ORIENTED_EDGE('',*,*,#1234,.T.);
#1234 = EDGE_CURVE('',#1226,#1235,#1237,.T.);
#1235 = VERTEX_POINT('',#1236);
#1236 = CARTESIAN_POINT('',(140.7513575324,58.308041199118,
    6.878620597266));
#1237 = B_SPLINE_CURVE_WITH_KNOTS('',3,(#1238,#1239,#1240,#1241,#1242,
    #1243),.UNSPECIFIED.,.F.,.F.,(4,2,4),(1.499999999964,2.000000000015,
    2.499999999966),.UNSPECIFIED.);
#1238 = CARTESIAN_POINT('',(141.7513575324,58.308041199118,
    6.878620597265));
#1239 = CARTESIAN_POINT('',(141.58469086572,58.308041199118,
    6.878620597265));
#1240 = CARTESIAN_POINT('',(141.41802419904,58.308041199118,
    6.878620597265));
#1241 = CARTESIAN_POINT('',(141.0846908657,58.308041199118,
    6.878620597265));
#1242 = CARTESIAN_POINT('',(140.91802419905,58.308041199118,
    6.878620597265));
#1243 = CARTESIAN_POINT('',(140.7513575324,58.308041199118,
    6.878620597265));
#1244 = ORIENTED_EDGE('',*,*,#1245,.T.);
#1245 = EDGE_CURVE('',#1235,#1246,#1248,.T.);
#1246 = VERTEX_POINT('',#1247);
#1247 = CARTESIAN_POINT('',(140.7513575324,56.808041199118,
    7.105325201956));
#1248 = B_SPLINE_CURVE_WITH_KNOTS('',3,(#1249,#1250,#1251,#1252),
  .UNSPECIFIED.,.F.,.F.,(4,4),(0.101177770942,1.61840073524),
  .PIECEWISE_BEZIER_KNOTS.);
#1249 = CARTESIAN_POINT('',(140.7513575324,58.308041199118,
    6.878620597266));
#1250 = CARTESIAN_POINT('',(140.7513575324,57.809490685657,
    6.963553030336));
#1251 = CARTESIAN_POINT('',(140.7513575324,57.309402841136,
    7.039134107934));
#1252 = CARTESIAN_POINT('',(140.7513575324,56.808041199125,
    7.105325201955));
#1253 = ORIENTED_EDGE('',*,*,#1254,.T.);
#1254 = EDGE_CURVE('',#1246,#1255,#1257,.T.);
#1255 = VERTEX_POINT('',#1256);
#1256 = CARTESIAN_POINT('',(139.2513575324,56.80804119911,7.105325201958
    ));
#1257 = B_SPLINE_CURVE_WITH_KNOTS('',3,(#1258,#1259,#1260,#1261),
  .UNSPECIFIED.,.F.,.F.,(4,4),(2.499999999999,4.000000000018),
  .PIECEWISE_BEZIER_KNOTS.);
#1258 = CARTESIAN_POINT('',(140.7513575324,56.808039786323,
    7.105297851594));
#1259 = CARTESIAN_POINT('',(140.25135753239,56.808039786309,
    7.105297851596));
#1260 = CARTESIAN_POINT('',(139.75135753238,56.808039786301,
    7.105297851598));
#1261 = CARTESIAN_POINT('',(139.25135753237,56.808039786287,7.1052978516
    ));
#1262 = ORIENTED_EDGE('',*,*,#1263,.T.);
#1263 = EDGE_CURVE('',#1255,#1159,#1264,.T.);
#1264 = B_SPLINE_CURVE_WITH_KNOTS('',3,(#1265,#1266,#1267,#1268),
  .UNSPECIFIED.,.F.,.F.,(4,4),(-0.250786779269,-0.226065241566),
  .PIECEWISE_BEZIER_KNOTS.);
#1265 = CARTESIAN_POINT('',(139.25135753237,56.808039786309,
    7.105297851597));
#1266 = CARTESIAN_POINT('',(139.25135753238,56.475125347701,
    7.149245269986));
#1267 = CARTESIAN_POINT('',(139.25135753239,56.141740345149,
    7.18904465703));
#1268 = CARTESIAN_POINT('',(139.25135753239,55.808040132018,
    7.22468512633));
#1269 = B_SPLINE_SURFACE_WITH_KNOTS('',3,3,(
    (#1270,#1271,#1272,#1273)
    ,(#1274,#1275,#1276,#1277)
    ,(#1278,#1279,#1280,#1281)
    ,(#1282,#1283,#1284,#1285
    )),.UNSPECIFIED.,.F.,.F.,.F.,(4,4),(4,4),(1.858274912321,
    1.955519644898),(-0.288008117602,-0.189063181237),
  .PIECEWISE_BEZIER_KNOTS.);
#1270 = CARTESIAN_POINT('',(143.25135753237,58.308041199576,
    6.878620597188));
#1271 = CARTESIAN_POINT('',(143.2513575324,56.982672634797,
    7.104408704689));
#1272 = CARTESIAN_POINT('',(143.25135753242,55.64601918195,
    7.264011943145));
#1273 = CARTESIAN_POINT('',(143.25135753245,54.308041198637,
    7.356732339762));
#1274 = CARTESIAN_POINT('',(141.91802419903,58.308041199547,
    6.878620597192));
#1275 = CARTESIAN_POINT('',(141.91802419906,56.982672634767,
    7.104408704694));
#1276 = CARTESIAN_POINT('',(141.91802419908,55.646019181921,
    7.264011943149));
#1277 = CARTESIAN_POINT('',(141.91802419911,54.308041198608,
    7.356732339767));
#1278 = CARTESIAN_POINT('',(140.58469086568,58.308041199518,
    6.878620597197));
#1279 = CARTESIAN_POINT('',(140.58469086571,56.982672634738,
    7.104408704699));
#1280 = CARTESIAN_POINT('',(140.58469086574,55.646019181892,
    7.264011943154));
#1281 = CARTESIAN_POINT('',(140.58469086577,54.308041198579,
    7.356732339771));
#1282 = CARTESIAN_POINT('',(139.25135753234,58.308041199489,
    6.878620597202));
#1283 = CARTESIAN_POINT('',(139.25135753237,56.982672634709,
    7.104408704703));
#1284 = CARTESIAN_POINT('',(139.2513575324,55.646019181862,
    7.264011943159));
#1285 = CARTESIAN_POINT('',(139.25135753243,54.30804119855,
    7.356732339776));
#1286 = ADVANCED_FACE('',(#1287),#1348,.T.);
#1287 = FACE_BOUND('',#1288,.T.);
#1288 = EDGE_LOOP('',(#1289,#1297,#1298,#1309,#1317,#1333,#1334,#1342));
#1289 = ORIENTED_EDGE('',*,*,#1290,.F.);
#1290 = EDGE_CURVE('',#1019,#1291,#1293,.T.);
#1291 = VERTEX_POINT('',#1292);
#1292 = CARTESIAN_POINT('',(141.57635753241,50.563073654557,
    4.170941870646));
#1293 = LINE('',#1294,#1295);
#1294 = CARTESIAN_POINT('',(141.57635753241,52.17692284815,
    7.744767923933));
#1295 = VECTOR('',#1296,1.);
#1296 = DIRECTION('',(-8.317991019612E-14,-0.411557753061,
    -0.911383682044));
#1297 = ORIENTED_EDGE('',*,*,#1027,.T.);
#1298 = ORIENTED_EDGE('',*,*,#1299,.F.);
#1299 = EDGE_CURVE('',#1300,#1028,#1302,.T.);
#1300 = VERTEX_POINT('',#1301);
#1301 = CARTESIAN_POINT('',(156.05917522441,48.679582104014,
    3.249844837683E-12));
#1302 = B_SPLINE_CURVE_WITH_KNOTS('',3,(#1303,#1304,#1305,#1306,#1307,
    #1308),.UNSPECIFIED.,.F.,.F.,(4,2,4),(-10.01938498635,
    -5.088400849806,-1.405345252764),.UNSPECIFIED.);
#1303 = CARTESIAN_POINT('',(156.05917522439,48.679582104014,
    -4.860112312599E-12));
#1304 = CARTESIAN_POINT('',(155.52517832386,49.318877438382,
    1.415702489903));
#1305 = CARTESIAN_POINT('',(154.98434915801,49.965062482232,
    2.846662057947));
#1306 = CARTESIAN_POINT('',(154.04773617236,51.080949814517,
    5.317764832917));
#1307 = CARTESIAN_POINT('',(153.64175314714,51.563617192158,
    6.386618884542));
#1308 = CARTESIAN_POINT('',(153.23665295398,52.043841026694,
    7.450061775043));
#1309 = ORIENTED_EDGE('',*,*,#1310,.T.);
#1310 = EDGE_CURVE('',#1300,#1311,#1313,.T.);
#1311 = VERTEX_POINT('',#1312);
#1312 = CARTESIAN_POINT('',(126.44353984044,48.679582104014,
    3.248068480843E-12));
#1313 = LINE('',#1314,#1315);
#1314 = CARTESIAN_POINT('',(138.25135753241,48.679582104014,
    3.248068480843E-12));
#1315 = VECTOR('',#1316,1.);
#1316 = DIRECTION('',(-1.,-1.893467836216E-17,-1.007310030931E-16));
#1317 = ORIENTED_EDGE('',*,*,#1318,.F.);
#1318 = EDGE_CURVE('',#953,#1311,#1319,.T.);
#1319 = B_SPLINE_CURVE_WITH_KNOTS('',3,(#1320,#1321,#1322,#1323,#1324,
    #1325,#1326,#1327,#1328,#1329,#1330,#1331,#1332),.UNSPECIFIED.,.F.,
  .F.,(4,3,3,3,4),(-8.807014918274,-5.85188228235,-5.095141794886,
    -1.469936700599,-0.206405320415),.UNSPECIFIED.);
#1320 = CARTESIAN_POINT('',(129.26606516157,52.043843856227,
    7.450061428877));
#1321 = CARTESIAN_POINT('',(128.9405784354,51.658000801359,
    6.595602282591));
#1322 = CARTESIAN_POINT('',(128.61447343558,51.270527399082,
    5.737510724919));
#1323 = CARTESIAN_POINT('',(128.2910584239,50.885548033142,
    4.884966132287));
#1324 = CARTESIAN_POINT('',(128.20823938877,50.786963803959,
    4.666649362755));
#1325 = CARTESIAN_POINT('',(128.12559674707,50.68854303761,4.44869609742
    ));
#1326 = CARTESIAN_POINT('',(128.04318603839,50.590354658355,
    4.231259945385));
#1327 = CARTESIAN_POINT('',(127.64839320531,50.119978064831,
    3.189620626363));
#1328 = CARTESIAN_POINT('',(127.25108061479,49.645593307679,
    2.139159467981));
#1329 = CARTESIAN_POINT('',(126.85584927222,49.172933866055,
    1.092497161775));
#1330 = CARTESIAN_POINT('',(126.7180950788,49.008192831796,
    0.727692789622));
#1331 = CARTESIAN_POINT('',(126.58059369967,48.843661507245,
    0.363349468104));
#1332 = CARTESIAN_POINT('',(126.44353984043,48.679582104011,
    5.415218913011E-12));
#1333 = ORIENTED_EDGE('',*,*,#961,.T.);
#1334 = ORIENTED_EDGE('',*,*,#1335,.F.);
#1335 = EDGE_CURVE('',#1336,#962,#1338,.T.);
#1336 = VERTEX_POINT('',#1337);
#1337 = CARTESIAN_POINT('',(140.9263575324,50.563073654557,
    4.170941870646));
#1338 = LINE('',#1339,#1340);
#1339 = CARTESIAN_POINT('',(140.9263575324,52.105025340679,
    7.585552808678));
#1340 = VECTOR('',#1341,1.);
#1341 = DIRECTION('',(0.,0.411557753061,0.911383682044));
#1342 = ORIENTED_EDGE('',*,*,#1343,.T.);
#1343 = EDGE_CURVE('',#1336,#1291,#1344,.T.);
#1344 = LINE('',#1345,#1346);
#1345 = CARTESIAN_POINT('',(141.82323253241,50.563073654557,
    4.170941870646));
#1346 = VECTOR('',#1347,1.);
#1347 = DIRECTION('',(1.,-2.655288753721E-17,0.));
#1348 = PLANE('',#1349);
#1349 = AXIS2_PLACEMENT_3D('',#1350,#1351,#1352);
#1350 = CARTESIAN_POINT('',(142.39510753241,52.105025340679,
    7.585552808678));
#1351 = DIRECTION('',(2.419986841255E-17,0.911383682044,-0.411557753061)
  );
#1352 = DIRECTION('',(3.08148791102E-33,-0.411557753061,-0.911383682044)
  );
#1353 = ADVANCED_FACE('',(#1354),#1426,.F.);
#1354 = FACE_BOUND('',#1355,.F.);
#1355 = EDGE_LOOP('',(#1356,#1367,#1380,#1381,#1392,#1411,#1412,#1413));
#1356 = ORIENTED_EDGE('',*,*,#1357,.F.);
#1357 = EDGE_CURVE('',#1358,#1360,#1362,.T.);
#1358 = VERTEX_POINT('',#1359);
#1359 = CARTESIAN_POINT('',(128.22745028896,56.633041199115,
    4.170941870645));
#1360 = VERTEX_POINT('',#1361);
#1361 = CARTESIAN_POINT('',(128.20248143115,55.983041199113,
    4.170941870646));
#1362 = B_SPLINE_CURVE_WITH_KNOTS('',3,(#1363,#1364,#1365,#1366),
  .UNSPECIFIED.,.F.,.F.,(4,4),(-6.678811019475,-6.032584745343),
  .PIECEWISE_BEZIER_KNOTS.);
#1363 = CARTESIAN_POINT('',(128.22763188743,56.633104220338,
    4.171001695903));
#1364 = CARTESIAN_POINT('',(128.21919176616,56.416845255051,
    4.171000010771));
#1365 = CARTESIAN_POINT('',(128.2108652684,56.20014619999,4.170998689159
    ));
#1366 = CARTESIAN_POINT('',(128.2026502114,55.983101372818,
    4.170996338791));
#1367 = ORIENTED_EDGE('',*,*,#1368,.T.);
#1368 = EDGE_CURVE('',#1358,#836,#1369,.T.);
#1369 = B_SPLINE_CURVE_WITH_KNOTS('',3,(#1370,#1371,#1372,#1373,#1374,
    #1375,#1376,#1377,#1378,#1379),.UNSPECIFIED.,.F.,.F.,(4,3,3,4),(
    -0.43237855714,0.,2.329736582108,2.753936808509),.UNSPECIFIED.);
#1370 = CARTESIAN_POINT('',(128.22763188744,56.633104220328,
    4.171001695904));
#1371 = CARTESIAN_POINT('',(128.28274426612,56.633103253761,
    4.304375093222));
#1372 = CARTESIAN_POINT('',(128.33772189895,56.633101877595,
    4.437716599591));
#1373 = CARTESIAN_POINT('',(128.39255373541,56.633100158103,
    4.571008090445));
#1374 = CARTESIAN_POINT('',(128.68799793158,56.633090893161,
    5.289207587619));
#1375 = CARTESIAN_POINT('',(128.98126910797,56.633070098561,
    6.010963667307));
#1376 = CARTESIAN_POINT('',(129.27049199743,56.633061313115,
    6.733438970545));
#1377 = CARTESIAN_POINT('',(129.32315392331,56.633059713455,
    6.86498782871));
#1378 = CARTESIAN_POINT('',(129.37568165705,56.633058638274,
    6.996560469693));
#1379 = CARTESIAN_POINT('',(129.42806390892,56.633058299622,
    7.128139625067));
#1380 = ORIENTED_EDGE('',*,*,#835,.F.);
#1381 = ORIENTED_EDGE('',*,*,#1382,.T.);
#1382 = EDGE_CURVE('',#825,#1383,#1385,.T.);
#1383 = VERTEX_POINT('',#1384);
#1384 = CARTESIAN_POINT('',(126.50283029654,64.053266402167,
    3.248068480843E-12));
#1385 = B_SPLINE_CURVE_WITH_KNOTS('',3,(#1386,#1387,#1388,#1389,#1390,
    #1391),.UNSPECIFIED.,.F.,.F.,(4,2,4),(0.868553719787,3.769018423075,
    7.128092516032),.UNSPECIFIED.);
#1386 = CARTESIAN_POINT('',(129.26934848433,63.561765929277,
    5.617876111844));
#1387 = CARTESIAN_POINT('',(128.84429172023,63.637878579211,
    4.747904542175));
#1388 = CARTESIAN_POINT('',(128.41546856809,63.71432250402,
    3.874146483464));
#1389 = CARTESIAN_POINT('',(127.4975019518,63.877431847701,
    2.009798154133));
#1390 = CARTESIAN_POINT('',(126.99874326109,63.965720590182,
    1.000653209826));
#1391 = CARTESIAN_POINT('',(126.50283029654,64.053266402167,
    1.776001568032E-11));
#1392 = ORIENTED_EDGE('',*,*,#1393,.F.);
#1393 = EDGE_CURVE('',#1311,#1383,#1394,.T.);
#1394 = B_SPLINE_CURVE_WITH_KNOTS('',3,(#1395,#1396,#1397,#1398,#1399,
    #1400,#1401,#1402,#1403,#1404,#1405,#1406,#1407,#1408,#1409,#1410),
  .UNSPECIFIED.,.F.,.F.,(4,3,3,3,3,4),(0.237533152603,4.490014261421,
    7.885787326474,11.335543455557,14.648731717331,15.44028625302),
  .UNSPECIFIED.);
#1395 = CARTESIAN_POINT('',(126.44353984044,48.679582104021,
    1.088474166558E-11));
#1396 = CARTESIAN_POINT('',(126.44719490397,50.099004019693,
    4.183079184977E-07));
#1397 = CARTESIAN_POINT('',(126.45127423958,51.535218155501,
    1.958129711691E-05));
#1398 = CARTESIAN_POINT('',(126.45580833513,52.969803348399,
    3.032056417426E-05));
#1399 = CARTESIAN_POINT('',(126.45942898838,54.115375928948,
    3.889629040998E-05));
#1400 = CARTESIAN_POINT('',(126.46333937977,55.259907351335,
    4.102715494825E-05));
#1401 = CARTESIAN_POINT('',(126.46756917824,56.394009476168,
    4.124016241344E-05));
#1402 = CARTESIAN_POINT('',(126.47186621844,57.546140590048,
    4.145655608922E-05));
#1403 = CARTESIAN_POINT('',(126.47659359691,58.714625532617,
    4.105852909537E-05));
#1404 = CARTESIAN_POINT('',(126.48182746591,59.885657400563,
    3.400195347317E-05));
#1405 = CARTESIAN_POINT('',(126.48685413815,61.010330824964,
    2.722473136095E-05));
#1406 = CARTESIAN_POINT('',(126.49234732469,62.137350267122,
    1.206810923771E-05));
#1407 = CARTESIAN_POINT('',(126.49839748753,63.254462734509,
    3.522279101609E-06));
#1408 = CARTESIAN_POINT('',(126.49984293327,63.521352319577,
    1.480592945859E-06));
#1409 = CARTESIAN_POINT('',(126.50132030141,63.787676457736,
    -4.099927990182E-09));
#1410 = CARTESIAN_POINT('',(126.50283109153,64.053268195853,
    -3.255362975851E-07));
#1411 = ORIENTED_EDGE('',*,*,#1318,.F.);
#1412 = ORIENTED_EDGE('',*,*,#952,.F.);
#1413 = ORIENTED_EDGE('',*,*,#1414,.T.);
#1414 = EDGE_CURVE('',#942,#1360,#1415,.T.);
#1415 = B_SPLINE_CURVE_WITH_KNOTS('',3,(#1416,#1417,#1418,#1419,#1420,
    #1421,#1422,#1423,#1424,#1425),.UNSPECIFIED.,.F.,.F.,(4,3,3,4),(
    0.641687097655,3.012405165752,3.474070659214,3.905840574297),
  .UNSPECIFIED.);
#1416 = CARTESIAN_POINT('',(129.41508938922,55.983056348745,
    7.20572572451));
#1417 = CARTESIAN_POINT('',(129.12691478054,55.983059329257,
    6.468916624214));
#1418 = CARTESIAN_POINT('',(128.83405740323,55.983081384914,
    5.732521840076));
#1419 = CARTESIAN_POINT('',(128.53830225161,55.983092268474,
    4.999110006467));
#1420 = CARTESIAN_POINT('',(128.48070790926,55.983094387901,
    4.856287905168));
#1421 = CARTESIAN_POINT('',(128.42300370155,55.983096214968,
    4.713578845264));
#1422 = CARTESIAN_POINT('',(128.36520284563,55.983097845663,
    4.571001756265));
#1423 = CARTESIAN_POINT('',(128.31114493789,55.983099370761,
    4.437657379262));
#1424 = CARTESIAN_POINT('',(128.25695727714,55.983100564872,
    4.304316923934));
#1425 = CARTESIAN_POINT('',(128.2026502114,55.983101372818,
    4.170996338793));
#1426 = B_SPLINE_SURFACE_WITH_KNOTS('',3,3,(
    (#1427,#1428,#1429,#1430)
    ,(#1431,#1432,#1433,#1434)
    ,(#1435,#1436,#1437,#1438)
    ,(#1439,#1440,#1441,#1442
    )),.UNSPECIFIED.,.F.,.F.,.F.,(4,4),(4,4),(6.597123961914E-02,
    0.931825699096),(-6.490372678607E-02,0.944692651749),
  .PIECEWISE_BEZIER_KNOTS.);
#1427 = CARTESIAN_POINT('',(129.47972860033,52.025957916419,
    8.057527121023));
#1428 = CARTESIAN_POINT('',(128.46793391247,50.915753829373,
    5.369349377596));
#1429 = CARTESIAN_POINT('',(127.45568813879,49.79934426325,
    2.683980310604));
#1430 = CARTESIAN_POINT('',(126.44353984043,48.679582104007,
    3.007372129105E-12));
#1431 = CARTESIAN_POINT('',(129.46661830975,55.931959880276,
    7.345120090119));
#1432 = CARTESIAN_POINT('',(128.4555214739,55.230135518024,
    4.872543709952));
#1433 = CARTESIAN_POINT('',(127.44359809904,54.520895040267,
    2.402540046095));
#1434 = CARTESIAN_POINT('',(126.43185351672,53.80786872717,
    -6.619441913631E-02));
#1435 = CARTESIAN_POINT('',(129.4493528516,59.83651553961,6.624344873539
    ));
#1436 = CARTESIAN_POINT('',(128.43920470239,59.543835639553,
    4.368329155193));
#1437 = CARTESIAN_POINT('',(127.42796244517,59.242153381529,
    2.114544426585));
#1438 = CARTESIAN_POINT('',(126.41685799952,58.936114891985,
    -0.138297229529));
#1439 = CARTESIAN_POINT('',(129.41740561865,63.73803968227,
    5.886029578755));
#1440 = CARTESIAN_POINT('',(128.41121748537,63.856335961471,
    3.849870414843));
#1441 = CARTESIAN_POINT('',(127.40251981638,63.962891655756,
    1.814506155732));
#1442 = CARTESIAN_POINT('',(126.39334472697,64.064289713031,
    -0.220818829065));
#1443 = ADVANCED_FACE('',(#1444),#1488,.T.);
#1444 = FACE_BOUND('',#1445,.T.);
#1445 = EDGE_LOOP('',(#1446,#1454,#1455,#1456,#1464,#1473,#1474,#1482));
#1446 = ORIENTED_EDGE('',*,*,#1447,.F.);
#1447 = EDGE_CURVE('',#823,#1448,#1450,.T.);
#1448 = VERTEX_POINT('',#1449);
#1449 = CARTESIAN_POINT('',(140.92635753241,63.688356272251,
    4.170941870646));
#1450 = LINE('',#1451,#1452);
#1451 = CARTESIAN_POINT('',(140.92635753241,63.546614711668,
    5.791055321572));
#1452 = VECTOR('',#1453,1.);
#1453 = DIRECTION('',(0.,8.715574274948E-02,-0.996194698092));
#1454 = ORIENTED_EDGE('',*,*,#822,.T.);
#1455 = ORIENTED_EDGE('',*,*,#1382,.T.);
#1456 = ORIENTED_EDGE('',*,*,#1457,.T.);
#1457 = EDGE_CURVE('',#1383,#1458,#1460,.T.);
#1458 = VERTEX_POINT('',#1459);
#1459 = CARTESIAN_POINT('',(155.9998847683,64.053266402167,
    3.249844837683E-12));
#1460 = LINE('',#1461,#1462);
#1461 = CARTESIAN_POINT('',(144.25135753241,64.053266402167,
    3.249844837683E-12));
#1462 = VECTOR('',#1463,1.);
#1463 = DIRECTION('',(1.,-4.598028013906E-18,1.007310030931E-16));
#1464 = ORIENTED_EDGE('',*,*,#1465,.F.);
#1465 = EDGE_CURVE('',#1077,#1458,#1466,.T.);
#1466 = B_SPLINE_CURVE_WITH_KNOTS('',3,(#1467,#1468,#1469,#1470,#1471,
    #1472),.UNSPECIFIED.,.F.,.F.,(4,2,4),(-6.647326541776,
    -3.769376722592,-0.398545949485),.UNSPECIFIED.);
#1467 = CARTESIAN_POINT('',(153.23336658045,63.561765929262,
    5.617876111931));
#1468 = CARTESIAN_POINT('',(153.65591947281,63.637430224226,
    4.753029263031));
#1469 = CARTESIAN_POINT('',(154.08212798696,63.713409998505,
    3.884576469205));
#1470 = CARTESIAN_POINT('',(155.00001815749,63.876512258044,
    2.020309112005));
#1471 = CARTESIAN_POINT('',(155.50140236398,63.965266995088,
    1.005837825506));
#1472 = CARTESIAN_POINT('',(155.9998847683,64.053266402167,
    -7.735145857168E-12));
#1473 = ORIENTED_EDGE('',*,*,#1094,.T.);
#1474 = ORIENTED_EDGE('',*,*,#1475,.F.);
#1475 = EDGE_CURVE('',#1476,#1095,#1478,.T.);
#1476 = VERTEX_POINT('',#1477);
#1477 = CARTESIAN_POINT('',(141.57635753241,63.688356272251,
    4.170941870646));
#1478 = LINE('',#1479,#1480);
#1479 = CARTESIAN_POINT('',(141.57635753241,63.506971715207,
    6.244176844561));
#1480 = VECTOR('',#1481,1.);
#1481 = DIRECTION('',(-1.761504139105E-14,-8.715574274948E-02,
    0.996194698092));
#1482 = ORIENTED_EDGE('',*,*,#1483,.T.);
#1483 = EDGE_CURVE('',#1476,#1448,#1484,.T.);
#1484 = LINE('',#1485,#1486);
#1485 = CARTESIAN_POINT('',(147.82323253241,63.688356272251,
    4.170941870646));
#1486 = VECTOR('',#1487,1.);
#1487 = DIRECTION('',(-1.,-4.214792822518E-18,0.));
#1488 = PLANE('',#1489);
#1489 = AXIS2_PLACEMENT_3D('',#1490,#1491,#1492);
#1490 = CARTESIAN_POINT('',(154.39510753241,63.546614711668,
    5.791055321572));
#1491 = DIRECTION('',(4.198754263347E-18,-0.996194698092,
    -8.715574274948E-02));
#1492 = DIRECTION('',(9.629649721936E-35,-8.715574274948E-02,
    0.996194698092));
#1493 = ADVANCED_FACE('',(#1494),#1546,.T.);
#1494 = FACE_BOUND('',#1495,.T.);
#1495 = EDGE_LOOP('',(#1496,#1511,#1512,#1513,#1522,#1523,#1524,#1539));
#1496 = ORIENTED_EDGE('',*,*,#1497,.F.);
#1497 = EDGE_CURVE('',#1075,#1498,#1500,.T.);
#1498 = VERTEX_POINT('',#1499);
#1499 = CARTESIAN_POINT('',(154.27526477586,56.633041199108,
    4.170941870645));
#1500 = B_SPLINE_CURVE_WITH_KNOTS('',3,(#1501,#1502,#1503,#1504,#1505,
    #1506,#1507,#1508,#1509,#1510),.UNSPECIFIED.,.F.,.F.,(4,3,3,4),(
    0.588387059051,2.918994016616,3.343378758812,3.776071632368),
  .UNSPECIFIED.);
#1501 = CARTESIAN_POINT('',(153.07465115738,56.633058299215,
    7.128139624432));
#1502 = CARTESIAN_POINT('',(153.36233537913,56.63306015787,
    6.405504657207));
#1503 = CARTESIAN_POINT('',(153.65440831845,56.633082841651,
    5.683069548031));
#1504 = CARTESIAN_POINT('',(153.94899628257,56.633094477266,
    4.96367594649));
#1505 = CARTESIAN_POINT('',(154.00263837644,56.633096596018,
    4.832680169988));
#1506 = CARTESIAN_POINT('',(154.05636383977,56.633098468716,
    4.701785176723));
#1507 = CARTESIAN_POINT('',(154.11016133062,56.63310015578,
    4.571008091241));
#1508 = CARTESIAN_POINT('',(154.16501200877,56.633101875873,
    4.437670797776));
#1509 = CARTESIAN_POINT('',(154.21998972499,56.633103251812,
    4.304329294673));
#1510 = CARTESIAN_POINT('',(154.27508317848,56.633104218083,
    4.171001696715));
#1511 = ORIENTED_EDGE('',*,*,#1074,.T.);
#1512 = ORIENTED_EDGE('',*,*,#1465,.T.);
#1513 = ORIENTED_EDGE('',*,*,#1514,.T.);
#1514 = EDGE_CURVE('',#1458,#1300,#1515,.T.);
#1515 = B_SPLINE_CURVE_WITH_KNOTS('',3,(#1516,#1517,#1518,#1519,#1520,
    #1521),.UNSPECIFIED.,.F.,.F.,(4,2,4),(0.243037704302,7.813628140809,
    15.51959462263),.UNSPECIFIED.);
#1516 = CARTESIAN_POINT('',(155.99988476829,64.053266402167,
    3.250733016102E-12));
#1517 = CARTESIAN_POINT('',(156.01426424079,61.525381508807,
    3.250733016102E-12));
#1518 = CARTESIAN_POINT('',(156.02576120642,58.931328458486,
    2.439826118916E-12));
#1519 = CARTESIAN_POINT('',(156.04471171224,53.853893112806,
    2.439826118916E-12));
#1520 = CARTESIAN_POINT('',(156.05258406742,51.239328384028,
    3.249400748473E-12));
#1521 = CARTESIAN_POINT('',(156.05917522439,48.679582104007,
    3.249400748473E-12));
#1522 = ORIENTED_EDGE('',*,*,#1299,.T.);
#1523 = ORIENTED_EDGE('',*,*,#1038,.T.);
#1524 = ORIENTED_EDGE('',*,*,#1525,.F.);
#1525 = EDGE_CURVE('',#1526,#1039,#1528,.T.);
#1526 = VERTEX_POINT('',#1527);
#1527 = CARTESIAN_POINT('',(154.30023363367,55.983041199099,
    4.170941870645));
#1528 = B_SPLINE_CURVE_WITH_KNOTS('',3,(#1529,#1530,#1531,#1532,#1533,
    #1534,#1535,#1536,#1537,#1538),.UNSPECIFIED.,.F.,.F.,(4,3,3,4),(
    -0.377640640033,5.39511339605E-02,2.302704479768,2.885165743755),
  .UNSPECIFIED.);
#1529 = CARTESIAN_POINT('',(154.30006485444,55.983101370692,
    4.170996339596));
#1530 = CARTESIAN_POINT('',(154.24575778873,55.983100562709,
    4.304316924748));
#1531 = CARTESIAN_POINT('',(154.19157012802,55.983099368566,
    4.437657380073));
#1532 = CARTESIAN_POINT('',(154.13751222031,55.983097843455,
    4.571001757063));
#1533 = CARTESIAN_POINT('',(153.85585045531,55.983089897059,
    5.265775457511));
#1534 = CARTESIAN_POINT('',(153.57648416669,55.983072116711,
    5.963683285482));
#1535 = CARTESIAN_POINT('',(153.30094021551,55.983061726997,
    6.662534882598));
#1536 = CARTESIAN_POINT('',(153.229570148,55.983059035904,6.843548058345
    ));
#1537 = CARTESIAN_POINT('',(153.15845648242,55.983057080578,
    7.024624473557));
#1538 = CARTESIAN_POINT('',(153.08762567697,55.983056348274,
    7.205725723951));
#1539 = ORIENTED_EDGE('',*,*,#1540,.T.);
#1540 = EDGE_CURVE('',#1526,#1498,#1541,.T.);
#1541 = B_SPLINE_CURVE_WITH_KNOTS('',3,(#1542,#1543,#1544,#1545),
  .UNSPECIFIED.,.F.,.F.,(4,4),(-8.225640207565,-7.579376794648),
  .PIECEWISE_BEZIER_KNOTS.);
#1542 = CARTESIAN_POINT('',(154.30006485444,55.983101370693,
    4.170996339593));
#1543 = CARTESIAN_POINT('',(154.29185098519,56.20011162202,
    4.170998986534));
#1544 = CARTESIAN_POINT('',(154.2835244093,56.416811192576,
    4.171000543057));
#1545 = CARTESIAN_POINT('',(154.27508317848,56.633104218061,
    4.171001696718));
#1546 = B_SPLINE_SURFACE_WITH_KNOTS('',3,3,(
    (#1547,#1548,#1549,#1550)
    ,(#1551,#1552,#1553,#1554)
    ,(#1555,#1556,#1557,#1558)
    ,(#1559,#1560,#1561,#1562
    )),.UNSPECIFIED.,.F.,.F.,.F.,(4,4),(4,4),(6.597123961914E-02,
    0.931825699096),(-6.489585969938E-02,0.94469265175),
  .PIECEWISE_BEZIER_KNOTS.);
#1547 = CARTESIAN_POINT('',(153.02301011714,52.025931963268,
    8.057464279691));
#1548 = CARTESIAN_POINT('',(154.03479692904,50.915736427472,
    5.369307528922));
#1549 = CARTESIAN_POINT('',(155.04703481301,49.799335537711,
    2.683959396195));
#1550 = CARTESIAN_POINT('',(156.05917522439,48.679582104,
    -4.755751348284E-12));
#1551 = CARTESIAN_POINT('',(153.0361203932,55.931943473421,
    7.345062287926));
#1552 = CARTESIAN_POINT('',(154.0472093628,55.230124460533,
    4.872505218116));
#1553 = CARTESIAN_POINT('',(155.05912484961,54.520889484142,
    2.402520808949));
#1554 = CARTESIAN_POINT('',(156.0708615481,53.80786872717,
    -6.619441914345E-02));
#1555 = CARTESIAN_POINT('',(153.05338582979,59.836508697248,
    6.62429213377));
#1556 = CARTESIAN_POINT('',(154.06352612397,59.543830932111,
    4.368294033427));
#1557 = CARTESIAN_POINT('',(155.07476049849,59.242150996783,
    2.114526871743));
#1558 = CARTESIAN_POINT('',(156.0858570653,58.936114891985,
    -0.138297229536));
#1559 = CARTESIAN_POINT('',(153.08533296776,63.738042447672,
    5.885981979613));
#1560 = CARTESIAN_POINT('',(154.09151330433,63.856337612451,
    3.849838696435));
#1561 = CARTESIAN_POINT('',(155.10020311225,63.962892445881,
    1.814490295847));
#1562 = CARTESIAN_POINT('',(156.10937033786,64.064289713031,
    -0.220818829071));
#1563 = ADVANCED_FACE('',(#1564),#1583,.T.);
#1564 = FACE_BOUND('',#1565,.T.);
#1565 = EDGE_LOOP('',(#1566,#1567,#1575,#1582));
#1566 = ORIENTED_EDGE('',*,*,#145,.F.);
#1567 = ORIENTED_EDGE('',*,*,#1568,.T.);
#1568 = EDGE_CURVE('',#146,#1569,#1571,.T.);
#1569 = VERTEX_POINT('',#1570);
#1570 = CARTESIAN_POINT('',(125.10760753241,47.558041199103,
    3.249844837683E-12));
#1571 = LINE('',#1572,#1573);
#1572 = CARTESIAN_POINT('',(128.10760753241,52.694053531399,
    7.825000000004));
#1573 = VECTOR('',#1574,1.);
#1574 = DIRECTION('',(-0.305219238612,-0.522536591189,-0.796113514048));
#1575 = ORIENTED_EDGE('',*,*,#1576,.F.);
#1576 = EDGE_CURVE('',#760,#1569,#1577,.T.);
#1577 = CIRCLE('',#1578,0.25);
#1578 = AXIS2_PLACEMENT_3D('',#1579,#1580,#1581);
#1579 = CARTESIAN_POINT('',(125.35760753241,47.558041199103,
    3.249844837683E-12));
#1580 = DIRECTION('',(1.54074395551E-33,0.,-1.));
#1581 = DIRECTION('',(-1.,-7.105427357601E-15,-1.54074395551E-33));
#1582 = ORIENTED_EDGE('',*,*,#759,.F.);
#1583 = B_SPLINE_SURFACE_WITH_KNOTS('',3,3,(
    (#1584,#1585,#1586,#1587)
    ,(#1588,#1589,#1590,#1591)
    ,(#1592,#1593,#1594,#1595)
    ,(#1596,#1597,#1598,#1599)
    ,(#1600,#1601,#1602,#1603)
    ,(#1604,#1605,#1606,#1607)
    ,(#1608,#1609,#1610,#1611
    )),.UNSPECIFIED.,.F.,.F.,.F.,(4,1,1,1,4),(4,4),(-1.807208457509E-07,
    0.285714424808,0.428571727573,0.714286333101,1.00000093863),(
    -8.67487416656E-02,1.),.UNSPECIFIED.);
#1584 = CARTESIAN_POINT('',(130.24797740362,51.283101341709,
    8.802664807495));
#1585 = CARTESIAN_POINT('',(128.61785413687,49.958081294171,
    5.868443204998));
#1586 = CARTESIAN_POINT('',(126.98773087012,48.633061246641,2.9342216025
    ));
#1587 = CARTESIAN_POINT('',(125.35760760338,47.308041199103,
    3.249844837683E-12));
#1588 = CARTESIAN_POINT('',(129.96671132888,51.283101262867,
    8.802664820186));
#1589 = CARTESIAN_POINT('',(128.41794044519,49.958243484354,
    5.868413030815));
#1590 = CARTESIAN_POINT('',(126.86897853266,48.632898967,2.934251789374)
  );
#1591 = CARTESIAN_POINT('',(125.32020764897,47.308041188488,
    3.249844837683E-12));
#1592 = CARTESIAN_POINT('',(129.54536241265,51.378614020796,
    8.787289311641));
#1593 = CARTESIAN_POINT('',(128.11831066509,50.026064530779,
    5.858189005792));
#1594 = CARTESIAN_POINT('',(126.69123262448,48.673452653398,
    2.929100305852));
#1595 = CARTESIAN_POINT('',(125.26418087692,47.320903163381,
    3.248512570053E-12));
#1596 = CARTESIAN_POINT('',(128.94592903621,51.750284218811,
    8.727458369373));
#1597 = CARTESIAN_POINT('',(127.69216571731,50.290575905194,
    5.818292797929));
#1598 = CARTESIAN_POINT('',(126.43823753028,48.830661468892,
    2.909165571447));
#1599 = CARTESIAN_POINT('',(125.18447421137,47.370953155274,
    3.250288926893E-12));
#1600 = CARTESIAN_POINT('',(128.4962206688,52.306459094456,8.63792612532
    ));
#1601 = CARTESIAN_POINT('',(127.37240213712,50.686305372881,
    5.758608180852));
#1602 = CARTESIAN_POINT('',(126.24849501433,49.066002706961,
    2.879317944471));
#1603 = CARTESIAN_POINT('',(125.12467648265,47.445848985386,
    3.249400748473E-12));
#1604 = CARTESIAN_POINT('',(128.36785334271,52.861867592604,
    8.548517251633));
#1605 = CARTESIAN_POINT('',(127.28116276525,51.081393216504,
    5.699023726285));
#1606 = CARTESIAN_POINT('',(126.19429805473,49.301115989394,
    2.849493525351));
#1607 = CARTESIAN_POINT('',(125.10760747727,47.520641613293,
    3.249844837683E-12));
#1608 = CARTESIAN_POINT('',(128.36785375741,53.139598875612,
    8.503808462905));
#1609 = CARTESIAN_POINT('',(127.28110501574,51.279079772976,
    5.669205641938));
#1610 = CARTESIAN_POINT('',(126.19435627407,49.41856067034,2.83460282097
    ));
#1611 = CARTESIAN_POINT('',(125.10760753241,47.558041567703,
    3.249844837683E-12));
#1612 = ADVANCED_FACE('',(#1613),#1631,.T.);
#1613 = FACE_BOUND('',#1614,.T.);
#1614 = EDGE_LOOP('',(#1615,#1616,#1624,#1630));
#1615 = ORIENTED_EDGE('',*,*,#322,.F.);
#1616 = ORIENTED_EDGE('',*,*,#1617,.T.);
#1617 = EDGE_CURVE('',#323,#1618,#1620,.T.);
#1618 = VERTEX_POINT('',#1619);
#1619 = CARTESIAN_POINT('',(125.10760753241,65.058041199103,
    3.249844837683E-12));
#1620 = LINE('',#1621,#1622);
#1621 = CARTESIAN_POINT('',(128.10760753241,63.063600291011,
    6.175000000007));
#1622 = VECTOR('',#1623,1.);
#1623 = DIRECTION('',(-0.41963821319,0.278981206329,-0.863755322152));
#1624 = ORIENTED_EDGE('',*,*,#1625,.F.);
#1625 = EDGE_CURVE('',#1569,#1618,#1626,.T.);
#1626 = LINE('',#1627,#1628);
#1627 = CARTESIAN_POINT('',(125.10760753241,65.058041199103,
    3.249844837683E-12));
#1628 = VECTOR('',#1629,1.);
#1629 = DIRECTION('',(2.311115933265E-33,1.,0.));
#1630 = ORIENTED_EDGE('',*,*,#1568,.F.);
#1631 = B_SPLINE_SURFACE_WITH_KNOTS('',3,3,(
    (#1632,#1633,#1634,#1635)
    ,(#1636,#1637,#1638,#1639)
    ,(#1640,#1641,#1642,#1643)
    ,(#1644,#1645,#1646,#1647
    )),.UNSPECIFIED.,.F.,.F.,.F.,(4,4),(4,4),(-9.315088175531E-13,
    1.000000000003),(-0.154144069901,1.),.PIECEWISE_BEZIER_KNOTS.);
#1632 = CARTESIAN_POINT('',(128.57003974211,53.485739375356,
    9.031177346979));
#1633 = CARTESIAN_POINT('',(127.41589567221,51.509839983271,
    6.020784897987));
#1634 = CARTESIAN_POINT('',(126.26175160231,49.533940591187,
    3.010392448995));
#1635 = CARTESIAN_POINT('',(125.10760753241,47.558041199103,
    3.249844837683E-12));
#1636 = CARTESIAN_POINT('',(128.57003974211,54.509962703407,
    8.864992530969));
#1637 = CARTESIAN_POINT('',(127.41589567221,52.236288766595,
    5.909995020647));
#1638 = CARTESIAN_POINT('',(126.26175160231,49.962614829783,
    2.954997510325));
#1639 = CARTESIAN_POINT('',(125.10760753241,47.688940892971,
    3.249844837683E-12));
#1640 = CARTESIAN_POINT('',(128.57003974211,61.731945724241,
    7.293024447649));
#1641 = CARTESIAN_POINT('',(127.41589567221,62.797010984599,
    4.862016298434));
#1642 = CARTESIAN_POINT('',(126.26175160231,63.862076244957,
    2.431008149218));
#1643 = CARTESIAN_POINT('',(125.10760753241,64.927141505315,
    3.249844837683E-12));
#1644 = CARTESIAN_POINT('',(128.57003974211,62.756169052263,
    7.126839631645));
#1645 = CARTESIAN_POINT('',(127.41589567221,63.523459767872,
    4.751226421098));
#1646 = CARTESIAN_POINT('',(126.26175160231,64.290750483495,
    2.37561321055));
#1647 = CARTESIAN_POINT('',(125.10760753241,65.058041199103,
    3.249844837683E-12));
#1648 = ADVANCED_FACE('',(#1649),#1668,.T.);
#1649 = FACE_BOUND('',#1650,.T.);
#1650 = EDGE_LOOP('',(#1651,#1652,#1660,#1667));
#1651 = ORIENTED_EDGE('',*,*,#506,.F.);
#1652 = ORIENTED_EDGE('',*,*,#1653,.T.);
#1653 = EDGE_CURVE('',#507,#1654,#1656,.T.);
#1654 = VERTEX_POINT('',#1655);
#1655 = CARTESIAN_POINT('',(125.35760753241,65.308041199103,
    3.249844837683E-12));
#1656 = LINE('',#1657,#1658);
#1657 = CARTESIAN_POINT('',(129.85760753241,64.791858084282,
    5.900000000007));
#1658 = VECTOR('',#1659,1.);
#1659 = DIRECTION('',(-0.604987123112,6.939647502999E-02,-0.793205339192
    ));
#1660 = ORIENTED_EDGE('',*,*,#1661,.F.);
#1661 = EDGE_CURVE('',#1618,#1654,#1662,.T.);
#1662 = CIRCLE('',#1663,0.25);
#1663 = AXIS2_PLACEMENT_3D('',#1664,#1665,#1666);
#1664 = CARTESIAN_POINT('',(125.35760753241,65.058041199103,
    3.249844837683E-12));
#1665 = DIRECTION('',(1.54074395551E-33,0.,-1.));
#1666 = DIRECTION('',(-7.105427357601E-15,1.,-1.094764425254E-47));
#1667 = ORIENTED_EDGE('',*,*,#1617,.F.);
#1668 = B_SPLINE_SURFACE_WITH_KNOTS('',3,3,(
    (#1669,#1670,#1671,#1672)
    ,(#1673,#1674,#1675,#1676)
    ,(#1677,#1678,#1679,#1680)
    ,(#1681,#1682,#1683,#1684)
    ,(#1685,#1686,#1687,#1688)
    ,(#1689,#1690,#1691,#1692)
    ,(#1693,#1694,#1695,#1696
    )),.UNSPECIFIED.,.F.,.F.,.F.,(4,1,1,1,4),(4,4),(-2.588261563593E-13,
    0.142857171422,0.428571514266,0.714285857109,1.000000199953),(
    -0.134873790485,1.),.UNSPECIFIED.);
#1669 = CARTESIAN_POINT('',(128.51222890386,62.794602485839,
    7.007845656254));
#1670 = CARTESIAN_POINT('',(127.37735511338,63.549082056925,
    4.671897104171));
#1671 = CARTESIAN_POINT('',(126.24248132289,64.303561628018,
    2.335948552087));
#1672 = CARTESIAN_POINT('',(125.10760753241,65.058041199103,
    3.249844837683E-12));
#1673 = CARTESIAN_POINT('',(128.51222890386,62.938789352178,
    6.984501352305));
#1674 = CARTESIAN_POINT('',(127.37730119659,63.651446301199,
    4.656333054194));
#1675 = CARTESIAN_POINT('',(126.24253523968,64.364084210094,
    2.328168298114));
#1676 = CARTESIAN_POINT('',(125.10760753241,65.076741159115,
    3.249844837683E-12));
#1677 = CARTESIAN_POINT('',(128.56114876664,63.371420705153,
    6.914456985172));
#1678 = CARTESIAN_POINT('',(127.41208767392,63.958556627796,
    4.609639338354));
#1679 = CARTESIAN_POINT('',(126.26293297934,64.545714292748,
    2.304817646821));
#1680 = CARTESIAN_POINT('',(125.11387188663,65.132850215392,
    3.249400748473E-12));
#1681 = CARTESIAN_POINT('',(128.88586518741,64.037498430414,
    6.806616921325));
#1682 = CARTESIAN_POINT('',(127.64236465636,64.431381017625,
    4.537750153635));
#1683 = CARTESIAN_POINT('',(126.39895345587,64.825352935957,
    2.268866767693));
#1684 = CARTESIAN_POINT('',(125.15545292482,65.219235523167,
    3.249400748473E-12));
#1685 = CARTESIAN_POINT('',(129.58856563585,64.590508892121,
    6.717082800553));
#1686 = CARTESIAN_POINT('',(128.14087664718,64.823952348612,
    4.478062492085));
#1687 = CARTESIAN_POINT('',(126.69312508749,65.057513394582,
    2.239020308471));
#1688 = CARTESIAN_POINT('',(125.24543609882,65.290956851073,
    3.249844837683E-12));
#1689 = CARTESIAN_POINT('',(130.17247514877,64.722238601571,
    6.695755349207));
#1690 = CARTESIAN_POINT('',(128.55503519011,64.917427750137,
    4.463851481951));
#1691 = CARTESIAN_POINT('',(126.93764764957,65.112852062281,
    2.231903867259));
#1692 = CARTESIAN_POINT('',(125.32020769091,65.308041210847,
    3.249844837683E-12));
#1693 = CARTESIAN_POINT('',(130.46454020278,64.722238511,6.695755363871)
  );
#1694 = CARTESIAN_POINT('',(128.76222933883,64.917506073703,
    4.463836909248));
#1695 = CARTESIAN_POINT('',(127.05991847488,65.1127736364,2.231918454626
    ));
#1696 = CARTESIAN_POINT('',(125.35760761093,65.308041199103,
    3.249844837683E-12));
#1697 = ADVANCED_FACE('',(#1698),#1709,.F.);
#1698 = FACE_BOUND('',#1699,.T.);
#1699 = EDGE_LOOP('',(#1700,#1701,#1702,#1708));
#1700 = ORIENTED_EDGE('',*,*,#585,.F.);
#1701 = ORIENTED_EDGE('',*,*,#617,.T.);
#1702 = ORIENTED_EDGE('',*,*,#1703,.F.);
#1703 = EDGE_CURVE('',#1654,#618,#1704,.T.);
#1704 = LINE('',#1705,#1706);
#1705 = CARTESIAN_POINT('',(157.14510753241,65.308041199103,
    3.248068480843E-12));
#1706 = VECTOR('',#1707,1.);
#1707 = DIRECTION('',(1.,3.08148791102E-33,-1.015061051086E-16));
#1708 = ORIENTED_EDGE('',*,*,#1653,.F.);
#1709 = PLANE('',#1710);
#1710 = AXIS2_PLACEMENT_3D('',#1711,#1712,#1713);
#1711 = CARTESIAN_POINT('',(138.35760753241,64.791858084282,
    5.900000000007));
#1712 = DIRECTION('',(7.651222648225E-18,-0.996194698091,
    -8.715574275073E-02));
#1713 = DIRECTION('',(0.,-8.715574275073E-02,0.996194698091));
#1714 = ADVANCED_FACE('',(#1715,#1725),#1731,.T.);
#1715 = FACE_BOUND('',#1716,.T.);
#1716 = EDGE_LOOP('',(#1717,#1718,#1719,#1720,#1721,#1722,#1723,#1724));
#1717 = ORIENTED_EDGE('',*,*,#767,.T.);
#1718 = ORIENTED_EDGE('',*,*,#1576,.T.);
#1719 = ORIENTED_EDGE('',*,*,#1625,.T.);
#1720 = ORIENTED_EDGE('',*,*,#1661,.T.);
#1721 = ORIENTED_EDGE('',*,*,#1703,.T.);
#1722 = ORIENTED_EDGE('',*,*,#625,.F.);
#1723 = ORIENTED_EDGE('',*,*,#674,.F.);
#1724 = ORIENTED_EDGE('',*,*,#710,.F.);
#1725 = FACE_BOUND('',#1726,.T.);
#1726 = EDGE_LOOP('',(#1727,#1728,#1729,#1730));
#1727 = ORIENTED_EDGE('',*,*,#1310,.F.);
#1728 = ORIENTED_EDGE('',*,*,#1514,.F.);
#1729 = ORIENTED_EDGE('',*,*,#1457,.F.);
#1730 = ORIENTED_EDGE('',*,*,#1393,.F.);
#1731 = PLANE('',#1732);
#1732 = AXIS2_PLACEMENT_3D('',#1733,#1734,#1735);
#1733 = CARTESIAN_POINT('',(134.10760753241,56.308041199103,
    3.248068480843E-12));
#1734 = DIRECTION('',(1.007310030931E-16,3.042969312132E-32,-1.));
#1735 = DIRECTION('',(-1.,0.,-1.007310030931E-16));
#1736 = ADVANCED_FACE('',(#1737),#1762,.T.);
#1737 = FACE_BOUND('',#1738,.T.);
#1738 = EDGE_LOOP('',(#1739,#1740,#1748,#1756));
#1739 = ORIENTED_EDGE('',*,*,#1189,.T.);
#1740 = ORIENTED_EDGE('',*,*,#1741,.F.);
#1741 = EDGE_CURVE('',#1742,#1190,#1744,.T.);
#1742 = VERTEX_POINT('',#1743);
#1743 = CARTESIAN_POINT('',(141.7513575324,55.808041199118,
    0.200000000002));
#1744 = LINE('',#1745,#1746);
#1745 = CARTESIAN_POINT('',(141.7513575324,55.808041199118,
    2.478017790963E-12));
#1746 = VECTOR('',#1747,1.);
#1747 = DIRECTION('',(0.,0.,1.));
#1748 = ORIENTED_EDGE('',*,*,#1749,.F.);
#1749 = EDGE_CURVE('',#1750,#1742,#1752,.T.);
#1750 = VERTEX_POINT('',#1751);
#1751 = CARTESIAN_POINT('',(141.7513575324,54.308041199118,
    0.200000000002));
#1752 = LINE('',#1753,#1754);
#1753 = CARTESIAN_POINT('',(141.7513575324,51.562027444619,
    0.200000000002));
#1754 = VECTOR('',#1755,1.);
#1755 = DIRECTION('',(0.,1.,-3.061616997868E-16));
#1756 = ORIENTED_EDGE('',*,*,#1757,.T.);
#1757 = EDGE_CURVE('',#1750,#1179,#1758,.T.);
#1758 = LINE('',#1759,#1760);
#1759 = CARTESIAN_POINT('',(141.7513575324,54.308041199118,
    2.478017790963E-12));
#1760 = VECTOR('',#1761,1.);
#1761 = DIRECTION('',(0.,0.,1.));
#1762 = PLANE('',#1763);
#1763 = AXIS2_PLACEMENT_3D('',#1764,#1765,#1766);
#1764 = CARTESIAN_POINT('',(141.7513575324,55.808041199118,
    2.478017790963E-12));
#1765 = DIRECTION('',(-1.,0.,0.));
#1766 = DIRECTION('',(0.,-1.,3.061616997868E-16));
#1767 = ADVANCED_FACE('',(#1768),#1786,.T.);
#1768 = FACE_BOUND('',#1769,.T.);
#1769 = EDGE_LOOP('',(#1770,#1771,#1772,#1780));
#1770 = ORIENTED_EDGE('',*,*,#1178,.T.);
#1771 = ORIENTED_EDGE('',*,*,#1757,.F.);
#1772 = ORIENTED_EDGE('',*,*,#1773,.F.);
#1773 = EDGE_CURVE('',#1774,#1750,#1776,.T.);
#1774 = VERTEX_POINT('',#1775);
#1775 = CARTESIAN_POINT('',(140.7513575324,54.308041199118,
    0.200000000002));
#1776 = LINE('',#1777,#1778);
#1777 = CARTESIAN_POINT('',(137.0013575324,54.308041199118,
    0.200000000002));
#1778 = VECTOR('',#1779,1.);
#1779 = DIRECTION('',(1.,0.,0.));
#1780 = ORIENTED_EDGE('',*,*,#1781,.T.);
#1781 = EDGE_CURVE('',#1774,#1170,#1782,.T.);
#1782 = LINE('',#1783,#1784);
#1783 = CARTESIAN_POINT('',(140.7513575324,54.308041199118,
    2.478017790963E-12));
#1784 = VECTOR('',#1785,1.);
#1785 = DIRECTION('',(0.,0.,1.));
#1786 = PLANE('',#1787);
#1787 = AXIS2_PLACEMENT_3D('',#1788,#1789,#1790);
#1788 = CARTESIAN_POINT('',(141.7513575324,54.308041199118,
    2.478905969383E-12));
#1789 = DIRECTION('',(0.,1.,0.));
#1790 = DIRECTION('',(-1.,0.,0.));
#1791 = ADVANCED_FACE('',(#1792),#1810,.T.);
#1792 = FACE_BOUND('',#1793,.T.);
#1793 = EDGE_LOOP('',(#1794,#1795,#1803,#1809));
#1794 = ORIENTED_EDGE('',*,*,#1198,.T.);
#1795 = ORIENTED_EDGE('',*,*,#1796,.F.);
#1796 = EDGE_CURVE('',#1797,#1199,#1799,.T.);
#1797 = VERTEX_POINT('',#1798);
#1798 = CARTESIAN_POINT('',(143.2513575324,55.808041199118,
    0.200000000002));
#1799 = LINE('',#1800,#1801);
#1800 = CARTESIAN_POINT('',(143.2513575324,55.808041199118,
    2.478017790963E-12));
#1801 = VECTOR('',#1802,1.);
#1802 = DIRECTION('',(0.,0.,1.));
#1803 = ORIENTED_EDGE('',*,*,#1804,.F.);
#1804 = EDGE_CURVE('',#1742,#1797,#1805,.T.);
#1805 = LINE('',#1806,#1807);
#1806 = CARTESIAN_POINT('',(136.5013575324,55.808041199118,
    0.200000000002));
#1807 = VECTOR('',#1808,1.);
#1808 = DIRECTION('',(1.,0.,0.));
#1809 = ORIENTED_EDGE('',*,*,#1741,.T.);
#1810 = PLANE('',#1811);
#1811 = AXIS2_PLACEMENT_3D('',#1812,#1813,#1814);
#1812 = CARTESIAN_POINT('',(140.7513575324,55.808041199118,
    2.478017790963E-12));
#1813 = DIRECTION('',(0.,1.,0.));
#1814 = DIRECTION('',(-1.,0.,0.));
#1815 = ADVANCED_FACE('',(#1816),#1834,.T.);
#1816 = FACE_BOUND('',#1817,.T.);
#1817 = EDGE_LOOP('',(#1818,#1819,#1827,#1833));
#1818 = ORIENTED_EDGE('',*,*,#1207,.T.);
#1819 = ORIENTED_EDGE('',*,*,#1820,.F.);
#1820 = EDGE_CURVE('',#1821,#1208,#1823,.T.);
#1821 = VERTEX_POINT('',#1822);
#1822 = CARTESIAN_POINT('',(143.2513575324,56.808041199118,
    0.200000000002));
#1823 = LINE('',#1824,#1825);
#1824 = CARTESIAN_POINT('',(143.2513575324,56.808041199118,
    2.477129612544E-12));
#1825 = VECTOR('',#1826,1.);
#1826 = DIRECTION('',(0.,0.,1.));
#1827 = ORIENTED_EDGE('',*,*,#1828,.F.);
#1828 = EDGE_CURVE('',#1797,#1821,#1829,.T.);
#1829 = LINE('',#1830,#1831);
#1830 = CARTESIAN_POINT('',(143.2513575324,52.062027444619,
    0.200000000002));
#1831 = VECTOR('',#1832,1.);
#1832 = DIRECTION('',(0.,1.,-3.061616997868E-16));
#1833 = ORIENTED_EDGE('',*,*,#1796,.T.);
#1834 = PLANE('',#1835);
#1835 = AXIS2_PLACEMENT_3D('',#1836,#1837,#1838);
#1836 = CARTESIAN_POINT('',(143.2513575324,56.808041199118,
    2.477129612544E-12));
#1837 = DIRECTION('',(-1.,0.,0.));
#1838 = DIRECTION('',(0.,-1.,3.061616997868E-16));
#1839 = ADVANCED_FACE('',(#1840),#1858,.T.);
#1840 = FACE_BOUND('',#1841,.T.);
#1841 = EDGE_LOOP('',(#1842,#1843,#1851,#1857));
#1842 = ORIENTED_EDGE('',*,*,#1216,.T.);
#1843 = ORIENTED_EDGE('',*,*,#1844,.F.);
#1844 = EDGE_CURVE('',#1845,#1217,#1847,.T.);
#1845 = VERTEX_POINT('',#1846);
#1846 = CARTESIAN_POINT('',(141.7513575324,56.808041199118,
    0.200000000002));
#1847 = LINE('',#1848,#1849);
#1848 = CARTESIAN_POINT('',(141.7513575324,56.808041199118,
    2.477129612544E-12));
#1849 = VECTOR('',#1850,1.);
#1850 = DIRECTION('',(0.,0.,1.));
#1851 = ORIENTED_EDGE('',*,*,#1852,.F.);
#1852 = EDGE_CURVE('',#1821,#1845,#1853,.T.);
#1853 = LINE('',#1854,#1855);
#1854 = CARTESIAN_POINT('',(137.0013575324,56.808041199118,
    0.200000000002));
#1855 = VECTOR('',#1856,1.);
#1856 = DIRECTION('',(-1.,0.,0.));
#1857 = ORIENTED_EDGE('',*,*,#1820,.T.);
#1858 = PLANE('',#1859);
#1859 = AXIS2_PLACEMENT_3D('',#1860,#1861,#1862);
#1860 = CARTESIAN_POINT('',(141.7513575324,56.808041199118,
    2.477129612544E-12));
#1861 = DIRECTION('',(0.,-1.,0.));
#1862 = DIRECTION('',(1.,0.,0.));
#1863 = ADVANCED_FACE('',(#1864),#1882,.T.);
#1864 = FACE_BOUND('',#1865,.T.);
#1865 = EDGE_LOOP('',(#1866,#1867,#1875,#1881));
#1866 = ORIENTED_EDGE('',*,*,#1225,.T.);
#1867 = ORIENTED_EDGE('',*,*,#1868,.F.);
#1868 = EDGE_CURVE('',#1869,#1226,#1871,.T.);
#1869 = VERTEX_POINT('',#1870);
#1870 = CARTESIAN_POINT('',(141.7513575324,58.308041199118,
    0.200000000002));
#1871 = LINE('',#1872,#1873);
#1872 = CARTESIAN_POINT('',(141.7513575324,58.308041199118,
    2.477129612544E-12));
#1873 = VECTOR('',#1874,1.);
#1874 = DIRECTION('',(0.,0.,1.));
#1875 = ORIENTED_EDGE('',*,*,#1876,.F.);
#1876 = EDGE_CURVE('',#1845,#1869,#1877,.T.);
#1877 = LINE('',#1878,#1879);
#1878 = CARTESIAN_POINT('',(141.7513575324,52.812027444619,
    0.200000000002));
#1879 = VECTOR('',#1880,1.);
#1880 = DIRECTION('',(0.,1.,-3.061616997868E-16));
#1881 = ORIENTED_EDGE('',*,*,#1844,.T.);
#1882 = PLANE('',#1883);
#1883 = AXIS2_PLACEMENT_3D('',#1884,#1885,#1886);
#1884 = CARTESIAN_POINT('',(141.7513575324,58.308041199118,
    2.477129612544E-12));
#1885 = DIRECTION('',(-1.,0.,0.));
#1886 = DIRECTION('',(0.,-1.,3.061616997868E-16));
#1887 = ADVANCED_FACE('',(#1888),#1913,.T.);
#1888 = FACE_BOUND('',#1889,.T.);
#1889 = EDGE_LOOP('',(#1890,#1891,#1899,#1907));
#1890 = ORIENTED_EDGE('',*,*,#1263,.T.);
#1891 = ORIENTED_EDGE('',*,*,#1892,.F.);
#1892 = EDGE_CURVE('',#1893,#1159,#1895,.T.);
#1893 = VERTEX_POINT('',#1894);
#1894 = CARTESIAN_POINT('',(139.2513575324,55.808041199118,
    0.200000000002));
#1895 = LINE('',#1896,#1897);
#1896 = CARTESIAN_POINT('',(139.2513575324,55.808041199118,
    2.478017790963E-12));
#1897 = VECTOR('',#1898,1.);
#1898 = DIRECTION('',(0.,0.,1.));
#1899 = ORIENTED_EDGE('',*,*,#1900,.F.);
#1900 = EDGE_CURVE('',#1901,#1893,#1903,.T.);
#1901 = VERTEX_POINT('',#1902);
#1902 = CARTESIAN_POINT('',(139.2513575324,56.808041199118,
    0.200000000002));
#1903 = LINE('',#1904,#1905);
#1904 = CARTESIAN_POINT('',(139.2513575324,51.562027444619,
    0.200000000002));
#1905 = VECTOR('',#1906,1.);
#1906 = DIRECTION('',(0.,-1.,3.061616997868E-16));
#1907 = ORIENTED_EDGE('',*,*,#1908,.T.);
#1908 = EDGE_CURVE('',#1901,#1255,#1909,.T.);
#1909 = LINE('',#1910,#1911);
#1910 = CARTESIAN_POINT('',(139.2513575324,56.808041199118,
    2.477129612544E-12));
#1911 = VECTOR('',#1912,1.);
#1912 = DIRECTION('',(0.,0.,1.));
#1913 = PLANE('',#1914);
#1914 = AXIS2_PLACEMENT_3D('',#1915,#1916,#1917);
#1915 = CARTESIAN_POINT('',(139.2513575324,55.808041199118,
    2.478017790963E-12));
#1916 = DIRECTION('',(1.,0.,0.));
#1917 = DIRECTION('',(0.,1.,-3.061616997868E-16));
#1918 = ADVANCED_FACE('',(#1919),#1937,.T.);
#1919 = FACE_BOUND('',#1920,.T.);
#1920 = EDGE_LOOP('',(#1921,#1922,#1923,#1931));
#1921 = ORIENTED_EDGE('',*,*,#1254,.T.);
#1922 = ORIENTED_EDGE('',*,*,#1908,.F.);
#1923 = ORIENTED_EDGE('',*,*,#1924,.F.);
#1924 = EDGE_CURVE('',#1925,#1901,#1927,.T.);
#1925 = VERTEX_POINT('',#1926);
#1926 = CARTESIAN_POINT('',(140.7513575324,56.808041199118,
    0.200000000002));
#1927 = LINE('',#1928,#1929);
#1928 = CARTESIAN_POINT('',(135.7513575324,56.808041199118,
    0.200000000002));
#1929 = VECTOR('',#1930,1.);
#1930 = DIRECTION('',(-1.,0.,0.));
#1931 = ORIENTED_EDGE('',*,*,#1932,.T.);
#1932 = EDGE_CURVE('',#1925,#1246,#1933,.T.);
#1933 = LINE('',#1934,#1935);
#1934 = CARTESIAN_POINT('',(140.7513575324,56.808041199118,
    2.477129612544E-12));
#1935 = VECTOR('',#1936,1.);
#1936 = DIRECTION('',(0.,0.,1.));
#1937 = PLANE('',#1938);
#1938 = AXIS2_PLACEMENT_3D('',#1939,#1940,#1941);
#1939 = CARTESIAN_POINT('',(139.2513575324,56.808041199118,
    2.477129612544E-12));
#1940 = DIRECTION('',(0.,-1.,0.));
#1941 = DIRECTION('',(1.,0.,0.));
#1942 = ADVANCED_FACE('',(#1943,#1954),#1992,.T.);
#1943 = FACE_BOUND('',#1944,.T.);
#1944 = EDGE_LOOP('',(#1945));
#1945 = ORIENTED_EDGE('',*,*,#1946,.T.);
#1946 = EDGE_CURVE('',#1947,#1947,#1949,.T.);
#1947 = VERTEX_POINT('',#1948);
#1948 = CARTESIAN_POINT('',(141.2513575324,53.608041199121,
    0.200000000002));
#1949 = CIRCLE('',#1950,2.7);
#1950 = AXIS2_PLACEMENT_3D('',#1951,#1952,#1953);
#1951 = CARTESIAN_POINT('',(141.2513575324,56.308041199118,
    0.200000000002));
#1952 = DIRECTION('',(0.,-3.061616997868E-16,-1.));
#1953 = DIRECTION('',(0.,1.,-3.061616997868E-16));
#1954 = FACE_BOUND('',#1955,.T.);
#1955 = EDGE_LOOP('',(#1956,#1964,#1965,#1966,#1974,#1980,#1981,#1982,
    #1983,#1984,#1985,#1986));
#1956 = ORIENTED_EDGE('',*,*,#1957,.T.);
#1957 = EDGE_CURVE('',#1958,#1925,#1960,.T.);
#1958 = VERTEX_POINT('',#1959);
#1959 = CARTESIAN_POINT('',(140.7513575324,58.308041199118,
    0.200000000002));
#1960 = LINE('',#1961,#1962);
#1961 = CARTESIAN_POINT('',(140.7513575324,52.062027444619,
    0.200000000002));
#1962 = VECTOR('',#1963,1.);
#1963 = DIRECTION('',(0.,-1.,3.061616997868E-16));
#1964 = ORIENTED_EDGE('',*,*,#1924,.T.);
#1965 = ORIENTED_EDGE('',*,*,#1900,.T.);
#1966 = ORIENTED_EDGE('',*,*,#1967,.T.);
#1967 = EDGE_CURVE('',#1893,#1968,#1970,.T.);
#1968 = VERTEX_POINT('',#1969);
#1969 = CARTESIAN_POINT('',(140.7513575324,55.808041199118,
    0.200000000002));
#1970 = LINE('',#1971,#1972);
#1971 = CARTESIAN_POINT('',(136.5013575324,55.808041199118,
    0.200000000002));
#1972 = VECTOR('',#1973,1.);
#1973 = DIRECTION('',(1.,0.,0.));
#1974 = ORIENTED_EDGE('',*,*,#1975,.T.);
#1975 = EDGE_CURVE('',#1968,#1774,#1976,.T.);
#1976 = LINE('',#1977,#1978);
#1977 = CARTESIAN_POINT('',(140.7513575324,52.062027444619,
    0.200000000002));
#1978 = VECTOR('',#1979,1.);
#1979 = DIRECTION('',(0.,-1.,3.061616997868E-16));
#1980 = ORIENTED_EDGE('',*,*,#1773,.T.);
#1981 = ORIENTED_EDGE('',*,*,#1749,.T.);
#1982 = ORIENTED_EDGE('',*,*,#1804,.T.);
#1983 = ORIENTED_EDGE('',*,*,#1828,.T.);
#1984 = ORIENTED_EDGE('',*,*,#1852,.T.);
#1985 = ORIENTED_EDGE('',*,*,#1876,.T.);
#1986 = ORIENTED_EDGE('',*,*,#1987,.T.);
#1987 = EDGE_CURVE('',#1869,#1958,#1988,.T.);
#1988 = LINE('',#1989,#1990);
#1989 = CARTESIAN_POINT('',(136.5013575324,58.308041199118,
    0.200000000002));
#1990 = VECTOR('',#1991,1.);
#1991 = DIRECTION('',(-1.,0.,0.));
#1992 = PLANE('',#1993);
#1993 = AXIS2_PLACEMENT_3D('',#1994,#1995,#1996);
#1994 = CARTESIAN_POINT('',(132.2513575324,47.316013690121,
    0.200000000002));
#1995 = DIRECTION('',(0.,-3.061616997868E-16,-1.));
#1996 = DIRECTION('',(0.,1.,-3.061616997868E-16));
#1997 = ADVANCED_FACE('',(#1998),#2009,.T.);
#1998 = FACE_BOUND('',#1999,.T.);
#1999 = EDGE_LOOP('',(#2000,#2001,#2007,#2008));
#2000 = ORIENTED_EDGE('',*,*,#1234,.T.);
#2001 = ORIENTED_EDGE('',*,*,#2002,.F.);
#2002 = EDGE_CURVE('',#1958,#1235,#2003,.T.);
#2003 = LINE('',#2004,#2005);
#2004 = CARTESIAN_POINT('',(140.7513575324,58.308041199118,
    2.477129612544E-12));
#2005 = VECTOR('',#2006,1.);
#2006 = DIRECTION('',(0.,0.,1.));
#2007 = ORIENTED_EDGE('',*,*,#1987,.F.);
#2008 = ORIENTED_EDGE('',*,*,#1868,.T.);
#2009 = PLANE('',#2010);
#2010 = AXIS2_PLACEMENT_3D('',#2011,#2012,#2013);
#2011 = CARTESIAN_POINT('',(140.7513575324,58.308041199118,
    2.477129612544E-12));
#2012 = DIRECTION('',(0.,-1.,0.));
#2013 = DIRECTION('',(1.,0.,0.));
#2014 = ADVANCED_FACE('',(#2015),#2026,.T.);
#2015 = FACE_BOUND('',#2016,.T.);
#2016 = EDGE_LOOP('',(#2017,#2018,#2019,#2020));
#2017 = ORIENTED_EDGE('',*,*,#1169,.T.);
#2018 = ORIENTED_EDGE('',*,*,#1781,.F.);
#2019 = ORIENTED_EDGE('',*,*,#1975,.F.);
#2020 = ORIENTED_EDGE('',*,*,#2021,.T.);
#2021 = EDGE_CURVE('',#1968,#1161,#2022,.T.);
#2022 = LINE('',#2023,#2024);
#2023 = CARTESIAN_POINT('',(140.7513575324,55.808041199118,
    2.478017790963E-12));
#2024 = VECTOR('',#2025,1.);
#2025 = DIRECTION('',(0.,0.,1.));
#2026 = PLANE('',#2027);
#2027 = AXIS2_PLACEMENT_3D('',#2028,#2029,#2030);
#2028 = CARTESIAN_POINT('',(140.7513575324,56.808041199118,
    2.477129612544E-12));
#2029 = DIRECTION('',(1.,0.,0.));
#2030 = DIRECTION('',(0.,1.,-3.061616997868E-16));
#2031 = ADVANCED_FACE('',(#2032),#2038,.T.);
#2032 = FACE_BOUND('',#2033,.T.);
#2033 = EDGE_LOOP('',(#2034,#2035,#2036,#2037));
#2034 = ORIENTED_EDGE('',*,*,#1158,.T.);
#2035 = ORIENTED_EDGE('',*,*,#2021,.F.);
#2036 = ORIENTED_EDGE('',*,*,#1967,.F.);
#2037 = ORIENTED_EDGE('',*,*,#1892,.T.);
#2038 = PLANE('',#2039);
#2039 = AXIS2_PLACEMENT_3D('',#2040,#2041,#2042);
#2040 = CARTESIAN_POINT('',(140.7513575324,55.808041199118,
    2.478017790963E-12));
#2041 = DIRECTION('',(0.,1.,0.));
#2042 = DIRECTION('',(-1.,0.,0.));
#2043 = ADVANCED_FACE('',(#2044),#2050,.T.);
#2044 = FACE_BOUND('',#2045,.T.);
#2045 = EDGE_LOOP('',(#2046,#2047,#2048,#2049));
#2046 = ORIENTED_EDGE('',*,*,#1245,.T.);
#2047 = ORIENTED_EDGE('',*,*,#1932,.F.);
#2048 = ORIENTED_EDGE('',*,*,#1957,.F.);
#2049 = ORIENTED_EDGE('',*,*,#2002,.T.);
#2050 = PLANE('',#2051);
#2051 = AXIS2_PLACEMENT_3D('',#2052,#2053,#2054);
#2052 = CARTESIAN_POINT('',(140.7513575324,56.808041199118,
    2.477129612544E-12));
#2053 = DIRECTION('',(1.,0.,0.));
#2054 = DIRECTION('',(0.,1.,-3.061616997868E-16));
#2055 = ADVANCED_FACE('',(#2056),#2187,.T.);
#2056 = FACE_BOUND('',#2057,.T.);
#2057 = EDGE_LOOP('',(#2058,#2066,#2067,#2075,#2084,#2090,#2091,#2092,
    #2101,#2111,#2112,#2120,#2129,#2139,#2140,#2152,#2161,#2167,#2168,
    #2180));
#2058 = ORIENTED_EDGE('',*,*,#2059,.F.);
#2059 = EDGE_CURVE('',#1000,#2060,#2062,.T.);
#2060 = VERTEX_POINT('',#2061);
#2061 = CARTESIAN_POINT('',(143.93172597722,55.983041199106,
    4.170941870646));
#2062 = LINE('',#2063,#2064);
#2063 = CARTESIAN_POINT('',(143.93172597722,55.983041199106,
    2.480682326222E-12));
#2064 = VECTOR('',#2065,1.);
#2065 = DIRECTION('',(0.,0.,-1.));
#2066 = ORIENTED_EDGE('',*,*,#999,.T.);
#2067 = ORIENTED_EDGE('',*,*,#2068,.F.);
#2068 = EDGE_CURVE('',#2069,#1002,#2071,.T.);
#2069 = VERTEX_POINT('',#2070);
#2070 = CARTESIAN_POINT('',(141.57635753241,53.627672754294,
    4.170941870646));
#2071 = LINE('',#2072,#2073);
#2072 = CARTESIAN_POINT('',(141.57635753241,53.627672754294,
    2.480682326222E-12));
#2073 = VECTOR('',#2074,1.);
#2074 = DIRECTION('',(0.,0.,1.));
#2075 = ORIENTED_EDGE('',*,*,#2076,.F.);
#2076 = EDGE_CURVE('',#2077,#2069,#2079,.T.);
#2077 = VERTEX_POINT('',#2078);
#2078 = CARTESIAN_POINT('',(141.2513575324,53.608041199121,
    4.170941870646));
#2079 = CIRCLE('',#2080,2.7);
#2080 = AXIS2_PLACEMENT_3D('',#2081,#2082,#2083);
#2081 = CARTESIAN_POINT('',(141.2513575324,56.308041199118,
    4.170941870646));
#2082 = DIRECTION('',(0.,-0.,1.));
#2083 = DIRECTION('',(0.,1.,0.));
#2084 = ORIENTED_EDGE('',*,*,#2085,.T.);
#2085 = EDGE_CURVE('',#2077,#1947,#2086,.T.);
#2086 = LINE('',#2087,#2088);
#2087 = CARTESIAN_POINT('',(141.2513575324,53.608041199121,
    2.480682326222E-12));
#2088 = VECTOR('',#2089,1.);
#2089 = DIRECTION('',(0.,0.,-1.));
#2090 = ORIENTED_EDGE('',*,*,#1946,.F.);
#2091 = ORIENTED_EDGE('',*,*,#2085,.F.);
#2092 = ORIENTED_EDGE('',*,*,#2093,.F.);
#2093 = EDGE_CURVE('',#2094,#2077,#2096,.T.);
#2094 = VERTEX_POINT('',#2095);
#2095 = CARTESIAN_POINT('',(140.92635753241,53.627672754294,
    4.170941870646));
#2096 = CIRCLE('',#2097,2.7);
#2097 = AXIS2_PLACEMENT_3D('',#2098,#2099,#2100);
#2098 = CARTESIAN_POINT('',(141.2513575324,56.308041199118,
    4.170941870646));
#2099 = DIRECTION('',(0.,-0.,1.));
#2100 = DIRECTION('',(0.,1.,0.));
#2101 = ORIENTED_EDGE('',*,*,#2102,.F.);
#2102 = EDGE_CURVE('',#907,#2094,#2103,.T.);
#2103 = B_SPLINE_CURVE_WITH_KNOTS('',3,(#2104,#2105,#2106,#2107,#2108,
    #2109,#2110),.UNSPECIFIED.,.F.,.F.,(4,3,4),(-2.827187140762,0.,0.4),
  .UNSPECIFIED.);
#2104 = CARTESIAN_POINT('',(140.92635753241,53.627672754294,
    7.398129011408));
#2105 = CARTESIAN_POINT('',(140.92635753241,53.627672754294,
    6.455733297821));
#2106 = CARTESIAN_POINT('',(140.92635753241,53.627672754294,
    5.513337584233));
#2107 = CARTESIAN_POINT('',(140.92635753241,53.627672754294,
    4.570941870646));
#2108 = CARTESIAN_POINT('',(140.92635753241,53.627672754294,
    4.437608537313));
#2109 = CARTESIAN_POINT('',(140.92635753241,53.627672754294,
    4.304275203979));
#2110 = CARTESIAN_POINT('',(140.92635753241,53.627672754294,
    4.170941870646));
#2111 = ORIENTED_EDGE('',*,*,#906,.T.);
#2112 = ORIENTED_EDGE('',*,*,#2113,.F.);
#2113 = EDGE_CURVE('',#2114,#909,#2116,.T.);
#2114 = VERTEX_POINT('',#2115);
#2115 = CARTESIAN_POINT('',(138.57098908758,55.983041199106,
    4.170941870646));
#2116 = LINE('',#2117,#2118);
#2117 = CARTESIAN_POINT('',(138.57098908758,55.983041199106,
    2.480682326222E-12));
#2118 = VECTOR('',#2119,1.);
#2119 = DIRECTION('',(0.,0.,1.));
#2120 = ORIENTED_EDGE('',*,*,#2121,.F.);
#2121 = EDGE_CURVE('',#2122,#2114,#2124,.T.);
#2122 = VERTEX_POINT('',#2123);
#2123 = CARTESIAN_POINT('',(138.57098908758,56.633041199115,
    4.170941870646));
#2124 = CIRCLE('',#2125,2.7);
#2125 = AXIS2_PLACEMENT_3D('',#2126,#2127,#2128);
#2126 = CARTESIAN_POINT('',(141.2513575324,56.308041199118,
    4.170941870646));
#2127 = DIRECTION('',(0.,-0.,1.));
#2128 = DIRECTION('',(0.,1.,0.));
#2129 = ORIENTED_EDGE('',*,*,#2130,.F.);
#2130 = EDGE_CURVE('',#854,#2122,#2131,.T.);
#2131 = B_SPLINE_CURVE_WITH_KNOTS('',3,(#2132,#2133,#2134,#2135,#2136,
    #2137,#2138),.UNSPECIFIED.,.F.,.F.,(4,3,4),(-2.557099342844,0.,0.4),
  .UNSPECIFIED.);
#2132 = CARTESIAN_POINT('',(138.57098908758,56.633041199115,
    7.12804121349));
#2133 = CARTESIAN_POINT('',(138.57098908758,56.633041199115,
    6.275674765875));
#2134 = CARTESIAN_POINT('',(138.57098908758,56.633041199115,
    5.423308318261));
#2135 = CARTESIAN_POINT('',(138.57098908758,56.633041199115,
    4.570941870646));
#2136 = CARTESIAN_POINT('',(138.57098908758,56.633041199115,
    4.437608537313));
#2137 = CARTESIAN_POINT('',(138.57098908758,56.633041199115,
    4.304275203979));
#2138 = CARTESIAN_POINT('',(138.57098908758,56.633041199115,
    4.170941870646));
#2139 = ORIENTED_EDGE('',*,*,#864,.T.);
#2140 = ORIENTED_EDGE('',*,*,#2141,.F.);
#2141 = EDGE_CURVE('',#2142,#865,#2144,.T.);
#2142 = VERTEX_POINT('',#2143);
#2143 = CARTESIAN_POINT('',(140.92635753241,58.988409643942,
    4.170941870646));
#2144 = B_SPLINE_CURVE_WITH_KNOTS('',3,(#2145,#2146,#2147,#2148,#2149,
    #2150,#2151),.UNSPECIFIED.,.F.,.F.,(4,3,4),(-3.62905647294,
    -3.22905647294,-1.043270151572),.UNSPECIFIED.);
#2145 = CARTESIAN_POINT('',(140.92635753241,58.988409643942,
    4.170941870646));
#2146 = CARTESIAN_POINT('',(140.92635753241,58.988409643942,
    4.304275203979));
#2147 = CARTESIAN_POINT('',(140.92635753241,58.988409643942,
    4.437608537313));
#2148 = CARTESIAN_POINT('',(140.92635753241,58.988409643942,
    4.570941870646));
#2149 = CARTESIAN_POINT('',(140.92635753241,58.988409643942,
    5.299537311102));
#2150 = CARTESIAN_POINT('',(140.92635753241,58.988409643942,
    6.028132751558));
#2151 = CARTESIAN_POINT('',(140.92635753241,58.988409643942,
    6.756728192014));
#2152 = ORIENTED_EDGE('',*,*,#2153,.F.);
#2153 = EDGE_CURVE('',#2154,#2142,#2156,.T.);
#2154 = VERTEX_POINT('',#2155);
#2155 = CARTESIAN_POINT('',(141.57635753241,58.988409643942,
    4.170941870646));
#2156 = CIRCLE('',#2157,2.7);
#2157 = AXIS2_PLACEMENT_3D('',#2158,#2159,#2160);
#2158 = CARTESIAN_POINT('',(141.2513575324,56.308041199118,
    4.170941870646));
#2159 = DIRECTION('',(0.,-0.,1.));
#2160 = DIRECTION('',(0.,1.,0.));
#2161 = ORIENTED_EDGE('',*,*,#2162,.F.);
#2162 = EDGE_CURVE('',#1106,#2154,#2163,.T.);
#2163 = LINE('',#2164,#2165);
#2164 = CARTESIAN_POINT('',(141.57635753241,58.988409643942,
    2.480682326222E-12));
#2165 = VECTOR('',#2166,1.);
#2166 = DIRECTION('',(0.,0.,-1.));
#2167 = ORIENTED_EDGE('',*,*,#1114,.T.);
#2168 = ORIENTED_EDGE('',*,*,#2169,.F.);
#2169 = EDGE_CURVE('',#2170,#1115,#2172,.T.);
#2170 = VERTEX_POINT('',#2171);
#2171 = CARTESIAN_POINT('',(143.93172597722,56.633041199108,
    4.170941870646));
#2172 = B_SPLINE_CURVE_WITH_KNOTS('',3,(#2173,#2174,#2175,#2176,#2177,
    #2178,#2179),.UNSPECIFIED.,.F.,.F.,(4,3,4),(-3.62905647294,
    -3.22905647294,-0.6719571301),.UNSPECIFIED.);
#2173 = CARTESIAN_POINT('',(143.93172597722,56.633041199108,
    4.170941870646));
#2174 = CARTESIAN_POINT('',(143.93172597722,56.633041199108,
    4.304275203979));
#2175 = CARTESIAN_POINT('',(143.93172597722,56.633041199108,
    4.437608537313));
#2176 = CARTESIAN_POINT('',(143.93172597722,56.633041199108,
    4.570941870646));
#2177 = CARTESIAN_POINT('',(143.93172597722,56.633041199108,
    5.423308318259));
#2178 = CARTESIAN_POINT('',(143.93172597722,56.633041199108,
    6.275674765873));
#2179 = CARTESIAN_POINT('',(143.93172597722,56.633041199108,
    7.128041213486));
#2180 = ORIENTED_EDGE('',*,*,#2181,.F.);
#2181 = EDGE_CURVE('',#2060,#2170,#2182,.T.);
#2182 = CIRCLE('',#2183,2.7);
#2183 = AXIS2_PLACEMENT_3D('',#2184,#2185,#2186);
#2184 = CARTESIAN_POINT('',(141.2513575324,56.308041199118,
    4.170941870646));
#2185 = DIRECTION('',(0.,-0.,1.));
#2186 = DIRECTION('',(0.,1.,0.));
#2187 = CYLINDRICAL_SURFACE('',#2188,2.7);
#2188 = AXIS2_PLACEMENT_3D('',#2189,#2190,#2191);
#2189 = CARTESIAN_POINT('',(141.2513575324,56.308041199118,
    2.480682326222E-12));
#2190 = DIRECTION('',(0.,0.,1.));
#2191 = DIRECTION('',(0.,1.,0.));
#2192 = ADVANCED_FACE('',(#2193),#2210,.F.);
#2193 = FACE_BOUND('',#2194,.T.);
#2194 = EDGE_LOOP('',(#2195,#2196,#2203,#2204));
#2195 = ORIENTED_EDGE('',*,*,#1357,.F.);
#2196 = ORIENTED_EDGE('',*,*,#2197,.T.);
#2197 = EDGE_CURVE('',#1358,#2122,#2198,.T.);
#2198 = B_SPLINE_CURVE_WITH_KNOTS('',3,(#2199,#2200,#2201,#2202),
  .UNSPECIFIED.,.F.,.F.,(4,4),(-22.02390724344,-11.68036844481),
  .PIECEWISE_BEZIER_KNOTS.);
#2199 = CARTESIAN_POINT('',(128.22745028897,56.633041199122,
    4.170941870646));
#2200 = CARTESIAN_POINT('',(131.67529655518,56.633041199122,
    4.170941870646));
#2201 = CARTESIAN_POINT('',(135.12314282138,56.633041199108,
    4.170941870646));
#2202 = CARTESIAN_POINT('',(138.57098908759,56.633041199108,
    4.170941870646));
#2203 = ORIENTED_EDGE('',*,*,#2121,.T.);
#2204 = ORIENTED_EDGE('',*,*,#2205,.F.);
#2205 = EDGE_CURVE('',#1360,#2114,#2206,.T.);
#2206 = LINE('',#2207,#2208);
#2207 = CARTESIAN_POINT('',(141.25135753241,55.983041199106,
    4.170941870646));
#2208 = VECTOR('',#2209,1.);
#2209 = DIRECTION('',(1.,-4.042198674546E-13,0.));
#2210 = PLANE('',#2211);
#2211 = AXIS2_PLACEMENT_3D('',#2212,#2213,#2214);
#2212 = CARTESIAN_POINT('',(141.25135753241,56.633041199108,
    4.170941870646));
#2213 = DIRECTION('',(0.,0.,1.));
#2214 = DIRECTION('',(1.,0.,-0.));
#2215 = ADVANCED_FACE('',(#2216),#2222,.F.);
#2216 = FACE_BOUND('',#2217,.F.);
#2217 = EDGE_LOOP('',(#2218,#2219,#2220,#2221));
#2218 = ORIENTED_EDGE('',*,*,#2197,.T.);
#2219 = ORIENTED_EDGE('',*,*,#2130,.F.);
#2220 = ORIENTED_EDGE('',*,*,#853,.F.);
#2221 = ORIENTED_EDGE('',*,*,#1368,.F.);
#2222 = B_SPLINE_SURFACE_WITH_KNOTS('',1,1,(
    (#2223,#2224,#2225,#2226)
    ,(#2227,#2228,#2229,#2230)
    ,(#2231,#2232,#2233,#2234
    )),.UNSPECIFIED.,.F.,.F.,.F.,(2,1,2),(2,1,1,2),(-48.49999999999,
    2.025046796916E-13,18.),(-113.9999999999,0.,3.,39.650002000038),
  .UNSPECIFIED.);
#2223 = CARTESIAN_POINT('',(83.751357532412,56.633041199137,
    -109.4290581293));
#2224 = CARTESIAN_POINT('',(83.751357532412,56.633041199137,
    4.570941870646));
#2225 = CARTESIAN_POINT('',(83.751357532412,56.633041199137,
    7.570941870646));
#2226 = CARTESIAN_POINT('',(83.751357532412,56.633041199137,
    44.220943870684));
#2227 = CARTESIAN_POINT('',(132.25135753241,56.633041199115,
    -109.4290581293));
#2228 = CARTESIAN_POINT('',(132.25135753241,56.633041199115,
    4.570941870646));
#2229 = CARTESIAN_POINT('',(132.25135753241,56.633041199115,
    7.570941870646));
#2230 = CARTESIAN_POINT('',(132.25135753241,56.633041199115,
    44.220943870684));
#2231 = CARTESIAN_POINT('',(150.25135753241,56.633041199108,
    -109.4290581293));
#2232 = CARTESIAN_POINT('',(150.25135753241,56.633041199108,
    4.570941870646));
#2233 = CARTESIAN_POINT('',(150.25135753241,56.633041199108,
    7.570941870646));
#2234 = CARTESIAN_POINT('',(150.25135753241,56.633041199108,
    44.220943870684));
#2235 = ADVANCED_FACE('',(#2236),#2242,.T.);
#2236 = FACE_BOUND('',#2237,.T.);
#2237 = EDGE_LOOP('',(#2238,#2239,#2240,#2241));
#2238 = ORIENTED_EDGE('',*,*,#1414,.T.);
#2239 = ORIENTED_EDGE('',*,*,#2205,.T.);
#2240 = ORIENTED_EDGE('',*,*,#2113,.T.);
#2241 = ORIENTED_EDGE('',*,*,#941,.T.);
#2242 = PLANE('',#2243);
#2243 = AXIS2_PLACEMENT_3D('',#2244,#2245,#2246);
#2244 = CARTESIAN_POINT('',(141.25135753241,55.983041199106,
    6.070941870646));
#2245 = DIRECTION('',(-4.042198674546E-13,-1.,0.));
#2246 = DIRECTION('',(-0.,0.,-1.));
#2247 = ADVANCED_FACE('',(#2248),#2265,.F.);
#2248 = FACE_BOUND('',#2249,.T.);
#2249 = EDGE_LOOP('',(#2250,#2251,#2257,#2258));
#2250 = ORIENTED_EDGE('',*,*,#1483,.F.);
#2251 = ORIENTED_EDGE('',*,*,#2252,.F.);
#2252 = EDGE_CURVE('',#2154,#1476,#2253,.T.);
#2253 = LINE('',#2254,#2255);
#2254 = CARTESIAN_POINT('',(141.57635753241,56.470541199102,
    4.170941870646));
#2255 = VECTOR('',#2256,1.);
#2256 = DIRECTION('',(2.021099337273E-13,1.,0.));
#2257 = ORIENTED_EDGE('',*,*,#2153,.T.);
#2258 = ORIENTED_EDGE('',*,*,#2259,.T.);
#2259 = EDGE_CURVE('',#2142,#1448,#2260,.T.);
#2260 = B_SPLINE_CURVE_WITH_KNOTS('',3,(#2261,#2262,#2263,#2264),
  .UNSPECIFIED.,.F.,.F.,(4,4),(-9.019631555185,-4.319684926888),
  .PIECEWISE_BEZIER_KNOTS.);
#2261 = CARTESIAN_POINT('',(140.92635753241,58.988409643913,
    4.170941870646));
#2262 = CARTESIAN_POINT('',(140.92635753241,60.555058520011,
    4.170941870646));
#2263 = CARTESIAN_POINT('',(140.92635753241,62.121707396109,
    4.170941870646));
#2264 = CARTESIAN_POINT('',(140.92635753241,63.688356272207,
    4.170941870646));
#2265 = PLANE('',#2266);
#2266 = AXIS2_PLACEMENT_3D('',#2267,#2268,#2269);
#2267 = CARTESIAN_POINT('',(141.25135753241,56.633041199108,
    4.170941870646));
#2268 = DIRECTION('',(0.,0.,1.));
#2269 = DIRECTION('',(1.,0.,-0.));
#2270 = ADVANCED_FACE('',(#2271),#2277,.F.);
#2271 = FACE_BOUND('',#2272,.F.);
#2272 = EDGE_LOOP('',(#2273,#2274,#2275,#2276));
#2273 = ORIENTED_EDGE('',*,*,#879,.F.);
#2274 = ORIENTED_EDGE('',*,*,#2141,.F.);
#2275 = ORIENTED_EDGE('',*,*,#2259,.T.);
#2276 = ORIENTED_EDGE('',*,*,#1447,.F.);
#2277 = B_SPLINE_SURFACE_WITH_KNOTS('',1,1,(
    (#2278,#2279,#2280,#2281)
    ,(#2282,#2283,#2284,#2285)
    ,(#2286,#2287,#2288,#2289)
    ,(#2290,#2291,#2292,#2293
    )),.UNSPECIFIED.,.F.,.F.,.F.,(2,1,1,2),(2,1,1,2),(-66.20000000002,
    -3.4354741274E-12,18.000000000003,20.700000000005),(-1.,0.,3.,10.5),
  .UNSPECIFIED.);
#2278 = CARTESIAN_POINT('',(140.92635753239,-18.89195880089,
    3.570941870646));
#2279 = CARTESIAN_POINT('',(140.92635753239,-18.89195880089,
    4.570941870646));
#2280 = CARTESIAN_POINT('',(140.92635753239,-18.89195880089,
    7.570941870646));
#2281 = CARTESIAN_POINT('',(140.92635753239,-18.89195880089,
    15.070941870646));
#2282 = CARTESIAN_POINT('',(140.92635753241,47.308041199103,
    3.570941870646));
#2283 = CARTESIAN_POINT('',(140.92635753241,47.308041199103,
    4.570941870646));
#2284 = CARTESIAN_POINT('',(140.92635753241,47.308041199103,
    7.570941870646));
#2285 = CARTESIAN_POINT('',(140.92635753241,47.308041199103,
    15.070941870646));
#2286 = CARTESIAN_POINT('',(140.92635753241,65.308041199103,
    3.570941870646));
#2287 = CARTESIAN_POINT('',(140.92635753241,65.308041199103,
    4.570941870646));
#2288 = CARTESIAN_POINT('',(140.92635753241,65.308041199103,
    7.570941870646));
#2289 = CARTESIAN_POINT('',(140.92635753241,65.308041199103,
    15.070941870646));
#2290 = CARTESIAN_POINT('',(140.92635753241,68.0080411991,3.570941870646
    ));
#2291 = CARTESIAN_POINT('',(140.92635753241,68.0080411991,4.570941870646
    ));
#2292 = CARTESIAN_POINT('',(140.92635753241,68.0080411991,7.570941870646
    ));
#2293 = CARTESIAN_POINT('',(140.92635753241,68.0080411991,
    15.070941870646));
#2294 = ADVANCED_FACE('',(#2295),#2301,.T.);
#2295 = FACE_BOUND('',#2296,.T.);
#2296 = EDGE_LOOP('',(#2297,#2298,#2299,#2300));
#2297 = ORIENTED_EDGE('',*,*,#1475,.T.);
#2298 = ORIENTED_EDGE('',*,*,#1105,.T.);
#2299 = ORIENTED_EDGE('',*,*,#2162,.T.);
#2300 = ORIENTED_EDGE('',*,*,#2252,.T.);
#2301 = PLANE('',#2302);
#2302 = AXIS2_PLACEMENT_3D('',#2303,#2304,#2305);
#2303 = CARTESIAN_POINT('',(141.57635753241,56.308041199103,
    6.070941870646));
#2304 = DIRECTION('',(1.,-2.021099337273E-13,0.));
#2305 = DIRECTION('',(0.,0.,-1.));
#2306 = ADVANCED_FACE('',(#2307),#2318,.T.);
#2307 = FACE_BOUND('',#2308,.T.);
#2308 = EDGE_LOOP('',(#2309,#2310,#2311,#2312));
#2309 = ORIENTED_EDGE('',*,*,#2068,.T.);
#2310 = ORIENTED_EDGE('',*,*,#1018,.T.);
#2311 = ORIENTED_EDGE('',*,*,#1290,.T.);
#2312 = ORIENTED_EDGE('',*,*,#2313,.T.);
#2313 = EDGE_CURVE('',#1291,#2069,#2314,.T.);
#2314 = LINE('',#2315,#2316);
#2315 = CARTESIAN_POINT('',(141.57635753241,56.470541199102,
    4.170941870646));
#2316 = VECTOR('',#2317,1.);
#2317 = DIRECTION('',(2.021099337273E-13,1.,0.));
#2318 = PLANE('',#2319);
#2319 = AXIS2_PLACEMENT_3D('',#2320,#2321,#2322);
#2320 = CARTESIAN_POINT('',(141.57635753241,56.308041199103,
    6.070941870646));
#2321 = DIRECTION('',(1.,-2.021099337273E-13,0.));
#2322 = DIRECTION('',(0.,0.,-1.));
#2323 = ADVANCED_FACE('',(#2324),#2337,.F.);
#2324 = FACE_BOUND('',#2325,.T.);
#2325 = EDGE_LOOP('',(#2326,#2327,#2328,#2329,#2330));
#2326 = ORIENTED_EDGE('',*,*,#2093,.T.);
#2327 = ORIENTED_EDGE('',*,*,#2076,.T.);
#2328 = ORIENTED_EDGE('',*,*,#2313,.F.);
#2329 = ORIENTED_EDGE('',*,*,#1343,.F.);
#2330 = ORIENTED_EDGE('',*,*,#2331,.T.);
#2331 = EDGE_CURVE('',#1336,#2094,#2332,.T.);
#2332 = B_SPLINE_CURVE_WITH_KNOTS('',3,(#2333,#2334,#2335,#2336),
  .UNSPECIFIED.,.F.,.F.,(4,4),(-17.44496754455,-14.38036844482),
  .PIECEWISE_BEZIER_KNOTS.);
#2333 = CARTESIAN_POINT('',(140.9263575324,50.563073654543,
    4.170941870646));
#2334 = CARTESIAN_POINT('',(140.9263575324,51.584606687786,
    4.170941870646));
#2335 = CARTESIAN_POINT('',(140.92635753241,52.606139721036,
    4.170941870646));
#2336 = CARTESIAN_POINT('',(140.92635753241,53.627672754279,
    4.170941870646));
#2337 = PLANE('',#2338);
#2338 = AXIS2_PLACEMENT_3D('',#2339,#2340,#2341);
#2339 = CARTESIAN_POINT('',(141.25135753241,56.633041199108,
    4.170941870646));
#2340 = DIRECTION('',(0.,0.,1.));
#2341 = DIRECTION('',(1.,0.,-0.));
#2342 = ADVANCED_FACE('',(#2343),#2349,.F.);
#2343 = FACE_BOUND('',#2344,.F.);
#2344 = EDGE_LOOP('',(#2345,#2346,#2347,#2348));
#2345 = ORIENTED_EDGE('',*,*,#972,.F.);
#2346 = ORIENTED_EDGE('',*,*,#1335,.F.);
#2347 = ORIENTED_EDGE('',*,*,#2331,.T.);
#2348 = ORIENTED_EDGE('',*,*,#2102,.F.);
#2349 = B_SPLINE_SURFACE_WITH_KNOTS('',1,1,(
    (#2350,#2351,#2352,#2353)
    ,(#2354,#2355,#2356,#2357)
    ,(#2358,#2359,#2360,#2361)
    ,(#2362,#2363,#2364,#2365
    )),.UNSPECIFIED.,.F.,.F.,.F.,(2,1,1,2),(2,1,1,2),(-66.20000000002,
    -3.4354741274E-12,18.000000000003,20.700000000005),(-1.,0.,3.,10.5),
  .UNSPECIFIED.);
#2350 = CARTESIAN_POINT('',(140.92635753239,-18.89195880089,
    3.570941870646));
#2351 = CARTESIAN_POINT('',(140.92635753239,-18.89195880089,
    4.570941870646));
#2352 = CARTESIAN_POINT('',(140.92635753239,-18.89195880089,
    7.570941870646));
#2353 = CARTESIAN_POINT('',(140.92635753239,-18.89195880089,
    15.070941870646));
#2354 = CARTESIAN_POINT('',(140.92635753241,47.308041199103,
    3.570941870646));
#2355 = CARTESIAN_POINT('',(140.92635753241,47.308041199103,
    4.570941870646));
#2356 = CARTESIAN_POINT('',(140.92635753241,47.308041199103,
    7.570941870646));
#2357 = CARTESIAN_POINT('',(140.92635753241,47.308041199103,
    15.070941870646));
#2358 = CARTESIAN_POINT('',(140.92635753241,65.308041199103,
    3.570941870646));
#2359 = CARTESIAN_POINT('',(140.92635753241,65.308041199103,
    4.570941870646));
#2360 = CARTESIAN_POINT('',(140.92635753241,65.308041199103,
    7.570941870646));
#2361 = CARTESIAN_POINT('',(140.92635753241,65.308041199103,
    15.070941870646));
#2362 = CARTESIAN_POINT('',(140.92635753241,68.0080411991,3.570941870646
    ));
#2363 = CARTESIAN_POINT('',(140.92635753241,68.0080411991,4.570941870646
    ));
#2364 = CARTESIAN_POINT('',(140.92635753241,68.0080411991,7.570941870646
    ));
#2365 = CARTESIAN_POINT('',(140.92635753241,68.0080411991,
    15.070941870646));
#2366 = ADVANCED_FACE('',(#2367),#2379,.F.);
#2367 = FACE_BOUND('',#2368,.F.);
#2368 = EDGE_LOOP('',(#2369,#2370,#2371,#2378));
#2369 = ORIENTED_EDGE('',*,*,#1129,.F.);
#2370 = ORIENTED_EDGE('',*,*,#2169,.F.);
#2371 = ORIENTED_EDGE('',*,*,#2372,.T.);
#2372 = EDGE_CURVE('',#2170,#1498,#2373,.T.);
#2373 = B_SPLINE_CURVE_WITH_KNOTS('',3,(#2374,#2375,#2376,#2377),
  .UNSPECIFIED.,.F.,.F.,(4,4),(-54.81963155517,-44.47609275653),
  .PIECEWISE_BEZIER_KNOTS.);
#2374 = CARTESIAN_POINT('',(143.93172597723,56.633041199115,
    4.170941870646));
#2375 = CARTESIAN_POINT('',(147.37957224345,56.633041199108,
    4.170941870646));
#2376 = CARTESIAN_POINT('',(150.82741850966,56.633041199115,
    4.170941870646));
#2377 = CARTESIAN_POINT('',(154.27526477588,56.633041199115,
    4.170941870646));
#2378 = ORIENTED_EDGE('',*,*,#1497,.F.);
#2379 = B_SPLINE_SURFACE_WITH_KNOTS('',1,1,(
    (#2380,#2381,#2382,#2383)
    ,(#2384,#2385,#2386,#2387)
    ,(#2388,#2389,#2390,#2391
    )),.UNSPECIFIED.,.F.,.F.,.F.,(2,1,2),(2,1,1,2),(2.025046796916E-13,
    18.,66.499999999999),(-1.,0.,3.,10.5),.UNSPECIFIED.);
#2380 = CARTESIAN_POINT('',(132.25135753241,56.633041199115,
    3.570941870646));
#2381 = CARTESIAN_POINT('',(132.25135753241,56.633041199115,
    4.570941870646));
#2382 = CARTESIAN_POINT('',(132.25135753241,56.633041199115,
    7.570941870646));
#2383 = CARTESIAN_POINT('',(132.25135753241,56.633041199115,
    15.070941870646));
#2384 = CARTESIAN_POINT('',(150.25135753241,56.633041199108,
    3.570941870646));
#2385 = CARTESIAN_POINT('',(150.25135753241,56.633041199108,
    4.570941870646));
#2386 = CARTESIAN_POINT('',(150.25135753241,56.633041199108,
    7.570941870646));
#2387 = CARTESIAN_POINT('',(150.25135753241,56.633041199108,
    15.070941870646));
#2388 = CARTESIAN_POINT('',(198.75135753241,56.633041199086,
    3.570941870646));
#2389 = CARTESIAN_POINT('',(198.75135753241,56.633041199086,
    4.570941870646));
#2390 = CARTESIAN_POINT('',(198.75135753241,56.633041199086,
    7.570941870646));
#2391 = CARTESIAN_POINT('',(198.75135753241,56.633041199086,
    15.070941870646));
#2392 = ADVANCED_FACE('',(#2393),#2404,.T.);
#2393 = FACE_BOUND('',#2394,.T.);
#2394 = EDGE_LOOP('',(#2395,#2396,#2397,#2398));
#2395 = ORIENTED_EDGE('',*,*,#1525,.T.);
#2396 = ORIENTED_EDGE('',*,*,#1047,.T.);
#2397 = ORIENTED_EDGE('',*,*,#2059,.T.);
#2398 = ORIENTED_EDGE('',*,*,#2399,.T.);
#2399 = EDGE_CURVE('',#2060,#1526,#2400,.T.);
#2400 = LINE('',#2401,#2402);
#2401 = CARTESIAN_POINT('',(141.25135753241,55.983041199106,
    4.170941870646));
#2402 = VECTOR('',#2403,1.);
#2403 = DIRECTION('',(1.,-4.042198674546E-13,0.));
#2404 = PLANE('',#2405);
#2405 = AXIS2_PLACEMENT_3D('',#2406,#2407,#2408);
#2406 = CARTESIAN_POINT('',(141.25135753241,55.983041199106,
    6.070941870646));
#2407 = DIRECTION('',(-4.042198674546E-13,-1.,0.));
#2408 = DIRECTION('',(-0.,0.,-1.));
#2409 = ADVANCED_FACE('',(#2410),#2416,.F.);
#2410 = FACE_BOUND('',#2411,.T.);
#2411 = EDGE_LOOP('',(#2412,#2413,#2414,#2415));
#2412 = ORIENTED_EDGE('',*,*,#1540,.F.);
#2413 = ORIENTED_EDGE('',*,*,#2399,.F.);
#2414 = ORIENTED_EDGE('',*,*,#2181,.T.);
#2415 = ORIENTED_EDGE('',*,*,#2372,.T.);
#2416 = PLANE('',#2417);
#2417 = AXIS2_PLACEMENT_3D('',#2418,#2419,#2420);
#2418 = CARTESIAN_POINT('',(141.25135753241,56.633041199108,
    4.170941870646));
#2419 = DIRECTION('',(0.,0.,1.));
#2420 = DIRECTION('',(1.,0.,-0.));
#2421 = ( GEOMETRIC_REPRESENTATION_CONTEXT(3) 
GLOBAL_UNCERTAINTY_ASSIGNED_CONTEXT((#2425)) 
GLOBAL_UNIT_ASSIGNED_CONTEXT((#2422,#2423,#2424)) REPRESENTATION_CONTEXT
('Context #1','3D Context with UNIT and UNCERTAINTY') );
#2422 = ( LENGTH_UNIT() NAMED_UNIT(*) SI_UNIT(.MILLI.,.METRE.) );
#2423 = ( NAMED_UNIT(*) PLANE_ANGLE_UNIT() SI_UNIT($,.RADIAN.) );
#2424 = ( NAMED_UNIT(*) SI_UNIT($,.STERADIAN.) SOLID_ANGLE_UNIT() );
#2425 = UNCERTAINTY_MEASURE_WITH_UNIT(LENGTH_MEASURE(5.E-04),#2422,
  'distance_accuracy_value','confusion accuracy');
#2426 = PRODUCT_RELATED_PRODUCT_CATEGORY('part',$,(#7));
#2427 = MECHANICAL_DESIGN_GEOMETRIC_PRESENTATION_REPRESENTATION('',(
    #2428),#2421);
#2428 = STYLED_ITEM('color',(#2429),#15);
#2429 = PRESENTATION_STYLE_ASSIGNMENT((#2430,#2436));
#2430 = SURFACE_STYLE_USAGE(.BOTH.,#2431);
#2431 = SURFACE_SIDE_STYLE('',(#2432));
#2432 = SURFACE_STYLE_FILL_AREA(#2433);
#2433 = FILL_AREA_STYLE('',(#2434));
#2434 = FILL_AREA_STYLE_COLOUR('',#2435);
#2435 = DRAUGHTING_PRE_DEFINED_COLOUR('white');
#2436 = CURVE_STYLE('',#2437,POSITIVE_LENGTH_MEASURE(0.1),#2438);
#2437 = DRAUGHTING_PRE_DEFINED_CURVE_FONT('continuous');
#2438 = COLOUR_RGB('',9.803921802644E-02,9.803921802644E-02,
  9.803921802644E-02);
ENDSEC;
END-ISO-10303-21;
