ISO-10303-21;
HEADER;
FILE_DESCRIPTION(('FreeCAD Model'),'2;1');
FILE_NAME('Open CASCADE Shape Model','2026-09-10T09:28:21',('Author'),(
    ''),'Open CASCADE STEP processor 7.8','FreeCAD','Unknown');
FILE_SCHEMA(('AUTOMOTIVE_DESIGN { 1 0 10303 214 1 1 1 1 }'));
ENDSEC;
DATA;
#1 = APPLICATION_PROTOCOL_DEFINITION('international standard',
  'automotive_design',2000,#2);
#2 = APPLICATION_CONTEXT(
  'core data for automotive mechanical design processes');
#3 = SHAPE_DEFINITION_REPRESENTATION(#4,#10);
#4 = PRODUCT_DEFINITION_SHAPE('','',#5);
#5 = PRODUCT_DEFINITION('design','',#6,#9);
#6 = PRODUCT_DEFINITION_FORMATION('','',#7);
#7 = PRODUCT('Product008','Product008','',(#8));
#8 = PRODUCT_CONTEXT('',#2,'mechanical');
#9 = PRODUCT_DEFINITION_CONTEXT('part definition',#2,'design');
#10 = ADVANCED_BREP_SHAPE_REPRESENTATION('',(#11,#15),#2470);
#11 = AXIS2_PLACEMENT_3D('',#12,#13,#14);
#12 = CARTESIAN_POINT('',(0.,0.,0.));
#13 = DIRECTION('',(0.,0.,1.));
#14 = DIRECTION('',(1.,0.,-0.));
#15 = MANIFOLD_SOLID_BREP('',#16);
#16 = CLOSED_SHELL('',(#17,#58,#116,#148,#243,#309,#459,#491,#530,#557,
    #629,#670,#720,#738,#814,#869,#902,#934,#958,#1065,#1100,#1125,#1150
    ,#1175,#1203,#1230,#1257,#1282,#1310,#1335,#1363,#1381,#1421,#1452,
    #1498,#1580,#1689,#1760,#1824,#1874,#1924,#1995,#2066,#2155,#2201,
    #2218,#2259,#2288,#2306,#2347,#2376,#2417,#2458));
#17 = ADVANCED_FACE('',(#18),#53,.T.);
#18 = FACE_BOUND('',#19,.T.);
#19 = EDGE_LOOP('',(#20,#30,#39,#47));
#20 = ORIENTED_EDGE('',*,*,#21,.F.);
#21 = EDGE_CURVE('',#22,#24,#26,.T.);
#22 = VERTEX_POINT('',#23);
#23 = CARTESIAN_POINT('',(9.074999999819,90.677672756501,5.805486489617)
  );
#24 = VERTEX_POINT('',#25);
#25 = CARTESIAN_POINT('',(9.074999999819,90.677672756501,2.447001434767)
  );
#26 = LINE('',#27,#28);
#27 = CARTESIAN_POINT('',(9.074999999819,90.677672756501,
    8.313350008393E-13));
#28 = VECTOR('',#29,1.);
#29 = DIRECTION('',(0.,0.,-1.));
#30 = ORIENTED_EDGE('',*,*,#31,.T.);
#31 = EDGE_CURVE('',#22,#32,#34,.T.);
#32 = VERTEX_POINT('',#33);
#33 = CARTESIAN_POINT('',(9.074999999819,88.507153991799,6.150858958113)
  );
#34 = B_SPLINE_CURVE_WITH_KNOTS('',3,(#35,#36,#37,#38),.UNSPECIFIED.,.F.
  ,.F.,(4,4),(2.472015539444,4.669840339084),.PIECEWISE_BEZIER_KNOTS.);
#35 = CARTESIAN_POINT('',(9.074999999819,90.677672756501,5.805486489617)
  );
#36 = CARTESIAN_POINT('',(9.074999999819,89.9541665016,5.920610645783));
#37 = CARTESIAN_POINT('',(9.074999999819,89.2306602467,6.035734801948));
#38 = CARTESIAN_POINT('',(9.074999999819,88.507153991799,6.150858958113)
  );
#39 = ORIENTED_EDGE('',*,*,#40,.F.);
#40 = EDGE_CURVE('',#41,#32,#43,.T.);
#41 = VERTEX_POINT('',#42);
#42 = CARTESIAN_POINT('',(9.074999999819,86.83458588463,2.447001434767)
  );
#43 = LINE('',#44,#45);
#44 = CARTESIAN_POINT('',(9.074999999819,87.074731740169,2.978798035409)
  );
#45 = VECTOR('',#46,1.);
#46 = DIRECTION('',(8.317991019661E-14,0.411557753063,0.911383682043));
#47 = ORIENTED_EDGE('',*,*,#48,.T.);
#48 = EDGE_CURVE('',#41,#24,#49,.T.);
#49 = LINE('',#50,#51);
#50 = CARTESIAN_POINT('',(9.074999999819,93.520541201302,2.447001434767)
  );
#51 = VECTOR('',#52,1.);
#52 = DIRECTION('',(2.021099337273E-13,1.,0.));
#53 = PLANE('',#54);
#54 = AXIS2_PLACEMENT_3D('',#55,#56,#57);
#55 = CARTESIAN_POINT('',(9.074999999819,93.358041201303,4.347001434767)
  );
#56 = DIRECTION('',(1.,-2.021099337273E-13,0.));
#57 = DIRECTION('',(0.,0.,-1.));
#58 = ADVANCED_FACE('',(#59),#99,.F.);
#59 = FACE_BOUND('',#60,.F.);
#60 = EDGE_LOOP('',(#61,#72,#80,#89));
#61 = ORIENTED_EDGE('',*,*,#62,.F.);
#62 = EDGE_CURVE('',#63,#65,#67,.T.);
#63 = VERTEX_POINT('',#64);
#64 = CARTESIAN_POINT('',(8.424999999817,88.507109552105,6.150760547591)
  );
#65 = VERTEX_POINT('',#66);
#66 = CARTESIAN_POINT('',(8.424999999817,90.677672756494,5.805381007861)
  );
#67 = B_SPLINE_CURVE_WITH_KNOTS('',3,(#68,#69,#70,#71),.UNSPECIFIED.,.F.
  ,.F.,(4,4),(0.163718297002,2.361588095403),.PIECEWISE_BEZIER_KNOTS.);
#68 = CARTESIAN_POINT('',(8.424999999814,88.507109552105,6.150760547591)
  );
#69 = CARTESIAN_POINT('',(8.424999999814,89.23063062023,6.035634034347)
  );
#70 = CARTESIAN_POINT('',(8.424999999814,89.954151688362,5.920507521104)
  );
#71 = CARTESIAN_POINT('',(8.424999999814,90.677672756494,5.805381007861)
  );
#72 = ORIENTED_EDGE('',*,*,#73,.T.);
#73 = EDGE_CURVE('',#63,#74,#76,.T.);
#74 = VERTEX_POINT('',#75);
#75 = CARTESIAN_POINT('',(8.424999999817,86.83458588463,2.447001434767)
  );
#76 = LINE('',#77,#78);
#77 = CARTESIAN_POINT('',(8.424999999817,85.497270803855,-0.514447191328
    ));
#78 = VECTOR('',#79,1.);
#79 = DIRECTION('',(0.,-0.411557753063,-0.911383682043));
#80 = ORIENTED_EDGE('',*,*,#81,.T.);
#81 = EDGE_CURVE('',#74,#82,#84,.T.);
#82 = VERTEX_POINT('',#83);
#83 = CARTESIAN_POINT('',(8.424999999814,90.677672756501,2.447001434767)
  );
#84 = B_SPLINE_CURVE_WITH_KNOTS('',3,(#85,#86,#87,#88),.UNSPECIFIED.,.F.
  ,.F.,(4,4),(-18.22345531667,-14.3803684448),.PIECEWISE_BEZIER_KNOTS.);
#85 = CARTESIAN_POINT('',(8.424999999814,86.83458588463,2.447001434767)
  );
#86 = CARTESIAN_POINT('',(8.424999999814,88.115614841918,2.447001434767)
  );
#87 = CARTESIAN_POINT('',(8.424999999814,89.396643799213,2.447001434767)
  );
#88 = CARTESIAN_POINT('',(8.424999999814,90.677672756501,2.447001434767)
  );
#89 = ORIENTED_EDGE('',*,*,#90,.F.);
#90 = EDGE_CURVE('',#65,#82,#91,.T.);
#91 = B_SPLINE_CURVE_WITH_KNOTS('',3,(#92,#93,#94,#95,#96,#97,#98),
  .UNSPECIFIED.,.F.,.F.,(4,3,4),(-2.958379573094,0.,0.4),.UNSPECIFIED.);
#92 = CARTESIAN_POINT('',(8.424999999817,90.677672756494,5.805381007861)
  );
#93 = CARTESIAN_POINT('',(8.424999999814,90.677672756494,4.819254483496)
  );
#94 = CARTESIAN_POINT('',(8.424999999817,90.677672756494,3.833127959131)
  );
#95 = CARTESIAN_POINT('',(8.424999999814,90.677672756494,2.847001434767)
  );
#96 = CARTESIAN_POINT('',(8.424999999814,90.677672756494,2.713668101434)
  );
#97 = CARTESIAN_POINT('',(8.424999999814,90.677672756494,2.5803347681));
#98 = CARTESIAN_POINT('',(8.424999999814,90.677672756494,2.447001434767)
  );
#99 = B_SPLINE_SURFACE_WITH_KNOTS('',1,1,(
    (#100,#101,#102,#103)
    ,(#104,#105,#106,#107)
    ,(#108,#109,#110,#111)
    ,(#112,#113,#114,#115
    )),.UNSPECIFIED.,.F.,.F.,.F.,(2,1,1,2),(2,1,1,2),(-66.20000000002,
    -3.4354741274E-12,18.000000000003,20.700000000005),(-1.,0.,3.,10.5),
  .UNSPECIFIED.);
#100 = CARTESIAN_POINT('',(8.424999999799,18.158041201306,1.847001434767
    ));
#101 = CARTESIAN_POINT('',(8.424999999799,18.158041201306,2.847001434767
    ));
#102 = CARTESIAN_POINT('',(8.424999999799,18.158041201306,5.847001434767
    ));
#103 = CARTESIAN_POINT('',(8.424999999799,18.158041201306,
    13.347001434767));
#104 = CARTESIAN_POINT('',(8.424999999814,84.358041201303,1.847001434767
    ));
#105 = CARTESIAN_POINT('',(8.424999999814,84.358041201303,2.847001434767
    ));
#106 = CARTESIAN_POINT('',(8.424999999814,84.358041201303,5.847001434767
    ));
#107 = CARTESIAN_POINT('',(8.424999999814,84.358041201303,
    13.347001434767));
#108 = CARTESIAN_POINT('',(8.424999999817,102.3580412013,1.847001434767)
  );
#109 = CARTESIAN_POINT('',(8.424999999817,102.3580412013,2.847001434767)
  );
#110 = CARTESIAN_POINT('',(8.424999999817,102.3580412013,5.847001434767)
  );
#111 = CARTESIAN_POINT('',(8.424999999817,102.3580412013,13.347001434767
    ));
#112 = CARTESIAN_POINT('',(8.424999999817,105.0580412013,1.847001434767)
  );
#113 = CARTESIAN_POINT('',(8.424999999817,105.0580412013,2.847001434767)
  );
#114 = CARTESIAN_POINT('',(8.424999999817,105.0580412013,5.847001434767)
  );
#115 = CARTESIAN_POINT('',(8.424999999817,105.0580412013,13.347001434767
    ));
#116 = ADVANCED_FACE('',(#117),#143,.F.);
#117 = FACE_BOUND('',#118,.T.);
#118 = EDGE_LOOP('',(#119,#128,#129,#135,#136));
#119 = ORIENTED_EDGE('',*,*,#120,.F.);
#120 = EDGE_CURVE('',#24,#121,#123,.T.);
#121 = VERTEX_POINT('',#122);
#122 = CARTESIAN_POINT('',(8.749999999814,90.658041201321,2.447001434767
    ));
#123 = CIRCLE('',#124,2.7);
#124 = AXIS2_PLACEMENT_3D('',#125,#126,#127);
#125 = CARTESIAN_POINT('',(8.749999999814,93.358041201318,2.447001434767
    ));
#126 = DIRECTION('',(0.,0.,-1.));
#127 = DIRECTION('',(0.,1.,0.));
#128 = ORIENTED_EDGE('',*,*,#48,.F.);
#129 = ORIENTED_EDGE('',*,*,#130,.F.);
#130 = EDGE_CURVE('',#74,#41,#131,.T.);
#131 = LINE('',#132,#133);
#132 = CARTESIAN_POINT('',(4.249999999814,86.83458588463,2.447001434767)
  );
#133 = VECTOR('',#134,1.);
#134 = DIRECTION('',(1.,4.456431613376E-17,0.));
#135 = ORIENTED_EDGE('',*,*,#81,.T.);
#136 = ORIENTED_EDGE('',*,*,#137,.F.);
#137 = EDGE_CURVE('',#121,#82,#138,.T.);
#138 = CIRCLE('',#139,2.7);
#139 = AXIS2_PLACEMENT_3D('',#140,#141,#142);
#140 = CARTESIAN_POINT('',(8.749999999814,93.358041201318,2.447001434767
    ));
#141 = DIRECTION('',(0.,0.,-1.));
#142 = DIRECTION('',(0.,1.,0.));
#143 = PLANE('',#144);
#144 = AXIS2_PLACEMENT_3D('',#145,#146,#147);
#145 = CARTESIAN_POINT('',(8.749999999814,93.683041201308,2.447001434767
    ));
#146 = DIRECTION('',(0.,0.,1.));
#147 = DIRECTION('',(1.,0.,-0.));
#148 = ADVANCED_FACE('',(#149),#238,.F.);
#149 = FACE_BOUND('',#150,.T.);
#150 = EDGE_LOOP('',(#151,#152,#153,#154,#172,#190,#198,#216));
#151 = ORIENTED_EDGE('',*,*,#73,.T.);
#152 = ORIENTED_EDGE('',*,*,#130,.T.);
#153 = ORIENTED_EDGE('',*,*,#40,.T.);
#154 = ORIENTED_EDGE('',*,*,#155,.T.);
#155 = EDGE_CURVE('',#32,#156,#158,.T.);
#156 = VERTEX_POINT('',#157);
#157 = CARTESIAN_POINT('',(13.932721881367,88.689074041504,
    6.553716062632));
#158 = B_SPLINE_CURVE_WITH_KNOTS('',3,(#159,#160,#161,#162,#163,#164,
    #165,#166,#167,#168,#169,#170,#171),.UNSPECIFIED.,.F.,.F.,(4,3,3,3,4
    ),(4.416930113402E-02,2.554258940725,3.56837480734,4.027710523317,
    4.927490081821),.UNSPECIFIED.);
#159 = CARTESIAN_POINT('',(9.074999999819,88.507153991799,6.150858958113
    ));
#160 = CARTESIAN_POINT('',(9.911667063533,88.510873690425,6.159096131023
    ));
#161 = CARTESIAN_POINT('',(10.748506560601,88.528728943389,
    6.198633395798));
#162 = CARTESIAN_POINT('',(11.581590035889,88.56066923122,6.269365394326
    ));
#163 = CARTESIAN_POINT('',(11.918168809897,88.573573607838,
    6.297942229726));
#164 = CARTESIAN_POINT('',(12.253921156355,88.588768549224,
    6.331588007767));
#165 = CARTESIAN_POINT('',(12.588994185486,88.60626724813,6.370334231324
    ));
#166 = CARTESIAN_POINT('',(12.740762849016,88.614193144623,
    6.387884025114));
#167 = CARTESIAN_POINT('',(12.892392025969,88.622591781123,
    6.406480894613));
#168 = CARTESIAN_POINT('',(13.043894632042,88.631464924773,
    6.426131168525));
#169 = CARTESIAN_POINT('',(13.3406687414,88.648846271351,6.464623526444)
  );
#170 = CARTESIAN_POINT('',(13.636907686243,88.668047319965,
    6.507151285227));
#171 = CARTESIAN_POINT('',(13.932721881381,88.689074041213,
    6.553716060785));
#172 = ORIENTED_EDGE('',*,*,#173,.T.);
#173 = EDGE_CURVE('',#156,#174,#176,.T.);
#174 = VERTEX_POINT('',#175);
#175 = CARTESIAN_POINT('',(16.414067691792,85.729582106229,
    1.59827706625E-12));
#176 = B_SPLINE_CURVE_WITH_KNOTS('',3,(#177,#178,#179,#180,#181,#182,
    #183,#184,#185,#186,#187,#188,#189),.UNSPECIFIED.,.F.,.F.,(4,3,3,3,4
    ),(0.634969659534,3.781094322673,4.191651592885,7.844739223287,
    8.221708150609),.UNSPECIFIED.);
#177 = CARTESIAN_POINT('',(13.932721097125,88.689074098937,
    6.553716487296));
#178 = CARTESIAN_POINT('',(14.277029156085,88.280275872163,
    5.648443752873));
#179 = CARTESIAN_POINT('',(14.622338152541,87.869367672592,
    4.738469469116));
#180 = CARTESIAN_POINT('',(14.965019336777,87.460865368188,
    3.833844052961));
#181 = CARTESIAN_POINT('',(15.009737924442,87.407557375363,
    3.715793886109));
#182 = CARTESIAN_POINT('',(15.054411764524,87.354290329048,3.59783473576
    ));
#183 = CARTESIAN_POINT('',(15.099032795496,87.301074227975,
    3.479988869099));
#184 = CARTESIAN_POINT('',(15.496065190554,86.827563966016,
    2.431410975032));
#185 = CARTESIAN_POINT('',(15.89504724128,86.350777860603,1.375613803814
    ));
#186 = CARTESIAN_POINT('',(16.291441385125,85.876366319265,
    0.325048675857));
#187 = CARTESIAN_POINT('',(16.332346036292,85.827410907311,
    0.216638900501));
#188 = CARTESIAN_POINT('',(16.37322313303,85.778480771793,0.108284792444
    ));
#189 = CARTESIAN_POINT('',(16.414067691792,85.729582106229,
    1.605417355416E-12));
#190 = ORIENTED_EDGE('',*,*,#191,.T.);
#191 = EDGE_CURVE('',#174,#192,#194,.T.);
#192 = VERTEX_POINT('',#193);
#193 = CARTESIAN_POINT('',(1.085932307844,85.729582106229,
    1.600941601509E-12));
#194 = LINE('',#195,#196);
#195 = CARTESIAN_POINT('',(4.249999999818,85.729582106229,
    1.60005342309E-12));
#196 = VECTOR('',#197,1.);
#197 = DIRECTION('',(-1.,9.232497659334E-19,1.007310030931E-16));
#198 = ORIENTED_EDGE('',*,*,#199,.F.);
#199 = EDGE_CURVE('',#200,#192,#202,.T.);
#200 = VERTEX_POINT('',#201);
#201 = CARTESIAN_POINT('',(3.567377289299,88.689191787402,6.553976807779
    ));
#202 = B_SPLINE_CURVE_WITH_KNOTS('',3,(#203,#204,#205,#206,#207,#208,
    #209,#210,#211,#212,#213,#214,#215),.UNSPECIFIED.,.F.,.F.,(4,3,3,3,4
    ),(-7.769368673921,-4.625675935349,-4.212148366334,-0.561976526215,
    -0.18866379128),.UNSPECIFIED.);
#203 = CARTESIAN_POINT('',(3.567378073644,88.689191844843,6.553977232498
    ));
#204 = CARTESIAN_POINT('',(3.223047778463,88.280367395102,5.648646428013
    ));
#205 = CARTESIAN_POINT('',(2.877714489506,87.869430383094,4.738608349461
    ));
#206 = CARTESIAN_POINT('',(2.535007507756,87.460897368324,3.833914915278
    ));
#207 = CARTESIAN_POINT('',(2.489927152634,87.407158126449,3.714909749172
    ));
#208 = CARTESIAN_POINT('',(2.444892239143,87.353460457253,3.595996991184
    ));
#209 = CARTESIAN_POINT('',(2.399911025434,87.299814603353,3.477199451503
    ));
#210 = CARTESIAN_POINT('',(2.00286576916,86.826287322663,2.428583914086)
  );
#211 = CARTESIAN_POINT('',(1.603872848983,86.349486729962,1.372754696007
    ));
#212 = CARTESIAN_POINT('',(1.207469773472,85.875063173396,0.322162911533
    ));
#213 = CARTESIAN_POINT('',(1.166928581787,85.826542620618,0.214716109153
    ));
#214 = CARTESIAN_POINT('',(1.126414476079,85.778046921759,0.1073240431)
  );
#215 = CARTESIAN_POINT('',(1.085932307844,85.729582106229,
    1.607242117174E-12));
#216 = ORIENTED_EDGE('',*,*,#217,.T.);
#217 = EDGE_CURVE('',#200,#63,#218,.T.);
#218 = B_SPLINE_CURVE_WITH_KNOTS('',3,(#219,#220,#221,#222,#223,#224,
    #225,#226,#227,#228,#229,#230,#231,#232,#233,#234,#235,#236,#237),
  .UNSPECIFIED.,.F.,.F.,(4,3,3,3,3,3,4),(0.174713498632,0.635893451065,
    1.721291244891,2.546691597072,3.659538713504,4.732825536256,
    5.069491372604),.UNSPECIFIED.);
#219 = CARTESIAN_POINT('',(3.567377289387,88.68919178721,6.553976806604)
  );
#220 = CARTESIAN_POINT('',(3.718799953013,88.678423214927,6.530130035582
    ));
#221 = CARTESIAN_POINT('',(3.870346649585,88.668130689498,6.507337294897
    ));
#222 = CARTESIAN_POINT('',(4.022023744885,88.658313933402,6.485598767958
    ));
#223 = CARTESIAN_POINT('',(4.378999332708,88.635209968556,6.434436636873
    ));
#224 = CARTESIAN_POINT('',(4.736654424077,88.614741500299,6.389114977549
    ));
#225 = CARTESIAN_POINT('',(5.095045129365,88.596899670908,6.349603251679
    ));
#226 = CARTESIAN_POINT('',(5.36758651101,88.583331693944,6.319556210278)
  );
#227 = CARTESIAN_POINT('',(5.640553724597,88.571282852407,6.292870022247
    ));
#228 = CARTESIAN_POINT('',(5.913976343415,88.560752325401,6.2695505795)
  );
#229 = CARTESIAN_POINT('',(6.282618686583,88.546554530912,6.238110115455
    ));
#230 = CARTESIAN_POINT('',(6.651462401697,88.535146340558,6.212839809732
    ));
#231 = CARTESIAN_POINT('',(7.020600214884,88.526520671062,6.193737443044
    ));
#232 = CARTESIAN_POINT('',(7.376615650269,88.5182016331,6.175314141095)
  );
#233 = CARTESIAN_POINT('',(7.732848764565,88.51247148303,6.162632326857)
  );
#234 = CARTESIAN_POINT('',(8.089389727307,88.509317351147,6.155649063554
    ));
#235 = CARTESIAN_POINT('',(8.201228574918,88.50832797121,6.153458571572)
  );
#236 = CARTESIAN_POINT('',(8.313097731637,88.507592115358,6.151829160828
    ));
#237 = CARTESIAN_POINT('',(8.424999999817,88.507109552098,6.150760547591
    ));
#238 = PLANE('',#239);
#239 = AXIS2_PLACEMENT_3D('',#240,#241,#242);
#240 = CARTESIAN_POINT('',(-0.250000000182,85.497270803855,
    -0.514447191328));
#241 = DIRECTION('',(4.061519052569E-17,-0.911383682043,0.411557753063)
  );
#242 = DIRECTION('',(0.,-0.411557753063,-0.911383682043));
#243 = ADVANCED_FACE('',(#244),#284,.F.);
#244 = FACE_BOUND('',#245,.F.);
#245 = EDGE_LOOP('',(#246,#247,#259,#270,#283));
#246 = ORIENTED_EDGE('',*,*,#155,.T.);
#247 = ORIENTED_EDGE('',*,*,#248,.T.);
#248 = EDGE_CURVE('',#156,#249,#251,.T.);
#249 = VERTEX_POINT('',#250);
#250 = CARTESIAN_POINT('',(13.970653238332,93.033041201306,
    5.868928967322));
#251 = B_SPLINE_CURVE_WITH_KNOTS('',3,(#252,#253,#254,#255,#256,#257,
    #258),.UNSPECIFIED.,.F.,.F.,(4,3,4),(0.280047525589,2.415778840506,
    4.675881836413),.UNSPECIFIED.);
#252 = CARTESIAN_POINT('',(13.932721881396,88.689074041213,
    6.553716060787));
#253 = CARTESIAN_POINT('',(13.938397428126,89.392429449705,
    6.442755895923));
#254 = CARTESIAN_POINT('',(13.944287701724,90.096334101654,6.33174618021
    ));
#255 = CARTESIAN_POINT('',(13.950405667518,90.799553503777,
    6.220885931226));
#256 = CARTESIAN_POINT('',(13.956879905509,91.54372402111,6.103569872271
    ));
#257 = CARTESIAN_POINT('',(13.96362308491,92.288732641813,5.98616809145)
  );
#258 = CARTESIAN_POINT('',(13.970653238462,93.033041201306,
    5.868928967345));
#259 = ORIENTED_EDGE('',*,*,#260,.T.);
#260 = EDGE_CURVE('',#249,#261,#263,.T.);
#261 = VERTEX_POINT('',#262);
#262 = CARTESIAN_POINT('',(11.430368444635,93.033041201306,
    5.544334299368));
#263 = B_SPLINE_CURVE_WITH_KNOTS('',3,(#264,#265,#266,#267,#268,#269),
  .UNSPECIFIED.,.F.,.F.,(4,2,4),(0.136168186168,2.548164963564,
    2.702075937827),.UNSPECIFIED.);
#264 = CARTESIAN_POINT('',(13.970653238332,93.033041201306,
    5.868928967324));
#265 = CARTESIAN_POINT('',(13.178303901481,93.033041201306,
    5.734233627597));
#266 = CARTESIAN_POINT('',(12.383078328032,93.033041201306,
    5.630711561183));
#267 = CARTESIAN_POINT('',(11.532454909131,93.033041201306,
    5.553250673178));
#268 = CARTESIAN_POINT('',(11.481418124375,93.033041201306,
    5.548729760668));
#269 = CARTESIAN_POINT('',(11.430368444635,93.033041201306,
    5.544334299367));
#270 = ORIENTED_EDGE('',*,*,#271,.T.);
#271 = EDGE_CURVE('',#261,#22,#272,.T.);
#272 = B_SPLINE_CURVE_WITH_KNOTS('',3,(#273,#274,#275,#276,#277,#278,
    #279,#280,#281,#282),.UNSPECIFIED.,.F.,.F.,(4,2,2,2,4),(
    0.105510188227,1.084117902823,2.159341802045,2.995428273609,
    3.719126547271),.UNSPECIFIED.);
#273 = CARTESIAN_POINT('',(11.430368444635,93.033041201306,
    5.544334299367));
#274 = CARTESIAN_POINT('',(11.391594180994,92.713258700583,
    5.591879492748));
#275 = CARTESIAN_POINT('',(11.295788429201,92.40193060787,5.633101515959
    ));
#276 = CARTESIAN_POINT('',(10.982186365767,91.797808786796,
    5.705106198936));
#277 = CARTESIAN_POINT('',(10.756732605219,91.516595343302,
    5.733748799705));
#278 = CARTESIAN_POINT('',(10.269132557798,91.108692350921,5.77155967699
    ));
#279 = CARTESIAN_POINT('',(10.029388589017,90.964153431334,
    5.783463344509));
#280 = CARTESIAN_POINT('',(9.548543899524,90.767593755248,5.798962275872
    ));
#281 = CARTESIAN_POINT('',(9.314231297882,90.706680026749,5.803395382124
    ));
#282 = CARTESIAN_POINT('',(9.074999999819,90.677672756494,5.805486489618
    ));
#283 = ORIENTED_EDGE('',*,*,#31,.T.);
#284 = B_SPLINE_SURFACE_WITH_KNOTS('',3,3,(
    (#285,#286,#287,#288,#289,#290)
    ,(#291,#292,#293,#294,#295,#296)
    ,(#297,#298,#299,#300,#301,#302)
    ,(#303,#304,#305,#306,#307,#308
    )),.UNSPECIFIED.,.F.,.F.,.F.,(4,4),(4,2,4),(0.549289926711,
    0.699948938922),(0.349346390637,0.474655077057,0.504281595192),
  .UNSPECIFIED.);
#285 = CARTESIAN_POINT('',(9.074999999819,93.015406359205,5.433506832871
    ));
#286 = CARTESIAN_POINT('',(10.40476417066,93.017584074383,5.447192844587
    ));
#287 = CARTESIAN_POINT('',(11.732798815614,93.032908995469,
    5.543503441949));
#288 = CARTESIAN_POINT('',(13.353874770626,93.067883488191,
    5.763303222432));
#289 = CARTESIAN_POINT('',(13.662853313639,93.075294956849,5.80988114416
    ));
#290 = CARTESIAN_POINT('',(13.970653238462,93.083415208734,
    5.860913466361));
#291 = CARTESIAN_POINT('',(9.074999999819,91.51265557007,5.672624207952)
  );
#292 = CARTESIAN_POINT('',(10.40476417066,91.514833285248,5.686310219668
    ));
#293 = CARTESIAN_POINT('',(11.732798815614,91.530158206333,5.78262081703
    ));
#294 = CARTESIAN_POINT('',(13.353874770626,91.565132699055,
    6.002420597513));
#295 = CARTESIAN_POINT('',(13.662853313639,91.572544167713,
    6.048998519241));
#296 = CARTESIAN_POINT('',(13.970653238462,91.580664419598,
    6.100030841442));
#297 = CARTESIAN_POINT('',(9.074999999819,90.009904780934,5.911741583033
    ));
#298 = CARTESIAN_POINT('',(10.40476417066,90.012082496112,5.925427594749
    ));
#299 = CARTESIAN_POINT('',(11.732798815614,90.027407417205,6.02173819211
    ));
#300 = CARTESIAN_POINT('',(13.353874770626,90.062381909913,
    6.241537972594));
#301 = CARTESIAN_POINT('',(13.662853313639,90.06979337857,6.288115894322
    ));
#302 = CARTESIAN_POINT('',(13.970653238462,90.077913630455,
    6.339148216523));
#303 = CARTESIAN_POINT('',(9.074999999819,88.507153991799,6.150858958113
    ));
#304 = CARTESIAN_POINT('',(10.40476417066,88.509331706977,6.164544969829
    ));
#305 = CARTESIAN_POINT('',(11.732798815614,88.524656628069,
    6.260855567191));
#306 = CARTESIAN_POINT('',(13.353874770626,88.559631120777,
    6.480655347675));
#307 = CARTESIAN_POINT('',(13.662853313639,88.567042589435,
    6.527233269403));
#308 = CARTESIAN_POINT('',(13.970653238462,88.57516284132,6.578265591604
    ));
#309 = ADVANCED_FACE('',(#310),#454,.T.);
#310 = FACE_BOUND('',#311,.T.);
#311 = EDGE_LOOP('',(#312,#313,#314,#322,#329,#330,#331,#332,#347,#355,
    #364,#373,#388,#397,#406,#414,#429,#438,#447,#453));
#312 = ORIENTED_EDGE('',*,*,#21,.T.);
#313 = ORIENTED_EDGE('',*,*,#120,.T.);
#314 = ORIENTED_EDGE('',*,*,#315,.T.);
#315 = EDGE_CURVE('',#121,#316,#318,.T.);
#316 = VERTEX_POINT('',#317);
#317 = CARTESIAN_POINT('',(8.749999999814,90.658041201321,0.200000000001
    ));
#318 = LINE('',#319,#320);
#319 = CARTESIAN_POINT('',(8.749999999814,90.658041201321,
    8.313350008393E-13));
#320 = VECTOR('',#321,1.);
#321 = DIRECTION('',(0.,0.,-1.));
#322 = ORIENTED_EDGE('',*,*,#323,.F.);
#323 = EDGE_CURVE('',#316,#316,#324,.T.);
#324 = CIRCLE('',#325,2.7);
#325 = AXIS2_PLACEMENT_3D('',#326,#327,#328);
#326 = CARTESIAN_POINT('',(8.749999999814,93.358041201318,0.200000000001
    ));
#327 = DIRECTION('',(0.,-3.061616997868E-16,-1.));
#328 = DIRECTION('',(0.,1.,-3.061616997868E-16));
#329 = ORIENTED_EDGE('',*,*,#315,.F.);
#330 = ORIENTED_EDGE('',*,*,#137,.T.);
#331 = ORIENTED_EDGE('',*,*,#90,.F.);
#332 = ORIENTED_EDGE('',*,*,#333,.T.);
#333 = EDGE_CURVE('',#65,#334,#336,.T.);
#334 = VERTEX_POINT('',#335);
#335 = CARTESIAN_POINT('',(6.069631554994,93.033041201306,5.544086587422
    ));
#336 = B_SPLINE_CURVE_WITH_KNOTS('',3,(#337,#338,#339,#340,#341,#342,
    #343,#344,#345,#346),.UNSPECIFIED.,.F.,.F.,(4,2,2,2,4),(
    4.456595407128E-02,1.036450534367,2.109995559924,2.956928777889,
    3.656388467532),.UNSPECIFIED.);
#337 = CARTESIAN_POINT('',(8.424999999817,90.677672756494,5.80538100786)
  );
#338 = CARTESIAN_POINT('',(8.097040584653,90.717438487256,5.802410389325
    ));
#339 = CARTESIAN_POINT('',(7.779085212653,90.817081404173,5.795124682822
    ));
#340 = CARTESIAN_POINT('',(7.171021221224,91.138876773577,5.768469936405
    ));
#341 = CARTESIAN_POINT('',(6.891707779996,91.367057345364,5.748336770024
    ));
#342 = CARTESIAN_POINT('',(6.48622322868,91.859867857041,5.697090659608)
  );
#343 = CARTESIAN_POINT('',(6.342828143926,92.103384745053,5.669462924523
    ));
#344 = CARTESIAN_POINT('',(6.154342394737,92.57945351892,5.608945099756)
  );
#345 = CARTESIAN_POINT('',(6.097369130039,92.804281444747,5.578091637117
    ));
#346 = CARTESIAN_POINT('',(6.069631554994,93.033041201306,5.544086587421
    ));
#347 = ORIENTED_EDGE('',*,*,#348,.T.);
#348 = EDGE_CURVE('',#334,#349,#351,.T.);
#349 = VERTEX_POINT('',#350);
#350 = CARTESIAN_POINT('',(6.069631554994,93.033041201306,2.447001434767
    ));
#351 = LINE('',#352,#353);
#352 = CARTESIAN_POINT('',(6.069631554994,93.033041201306,
    8.313350008393E-13));
#353 = VECTOR('',#354,1.);
#354 = DIRECTION('',(0.,0.,-1.));
#355 = ORIENTED_EDGE('',*,*,#356,.T.);
#356 = EDGE_CURVE('',#349,#357,#359,.T.);
#357 = VERTEX_POINT('',#358);
#358 = CARTESIAN_POINT('',(6.06963155499,93.683041201315,2.447001434767)
  );
#359 = CIRCLE('',#360,2.7);
#360 = AXIS2_PLACEMENT_3D('',#361,#362,#363);
#361 = CARTESIAN_POINT('',(8.749999999814,93.358041201318,2.447001434767
    ));
#362 = DIRECTION('',(0.,0.,-1.));
#363 = DIRECTION('',(0.,1.,0.));
#364 = ORIENTED_EDGE('',*,*,#365,.F.);
#365 = EDGE_CURVE('',#366,#357,#368,.T.);
#366 = VERTEX_POINT('',#367);
#367 = CARTESIAN_POINT('',(6.06963155499,93.683041201315,5.44065873037)
  );
#368 = B_SPLINE_CURVE_WITH_KNOTS('',3,(#369,#370,#371,#372),
  .UNSPECIFIED.,.F.,.F.,(4,4),(-116.5936572955,-113.5999999999),
  .PIECEWISE_BEZIER_KNOTS.);
#369 = CARTESIAN_POINT('',(6.06963155499,93.683041201315,5.44065873037)
  );
#370 = CARTESIAN_POINT('',(6.06963155499,93.683041201315,4.442772965169)
  );
#371 = CARTESIAN_POINT('',(6.06963155499,93.683041201315,3.444887199968)
  );
#372 = CARTESIAN_POINT('',(6.06963155499,93.683041201315,2.447001434767)
  );
#373 = ORIENTED_EDGE('',*,*,#374,.T.);
#374 = EDGE_CURVE('',#366,#375,#377,.T.);
#375 = VERTEX_POINT('',#376);
#376 = CARTESIAN_POINT('',(8.424999999817,96.038409646135,4.952381732921
    ));
#377 = B_SPLINE_CURVE_WITH_KNOTS('',3,(#378,#379,#380,#381,#382,#383,
    #384,#385,#386,#387),.UNSPECIFIED.,.F.,.F.,(4,2,2,2,4),(
    0.184252968423,0.815576534113,1.797599963811,2.819345727746,
    3.821200868932),.UNSPECIFIED.);
#378 = CARTESIAN_POINT('',(6.06963155499,93.683041201315,5.44065873037)
  );
#379 = CARTESIAN_POINT('',(6.094568681077,93.888704850135,5.405780243406
    ));
#380 = CARTESIAN_POINT('',(6.143094559869,94.090826723739,5.369433863954
    ));
#381 = CARTESIAN_POINT('',(6.324960711157,94.588105584902,5.275458069114
    ));
#382 = CARTESIAN_POINT('',(6.489083013152,94.868857628811,5.217895543094
    ));
#383 = CARTESIAN_POINT('',(6.91771815217,95.369424934826,5.109998953427)
  );
#384 = CARTESIAN_POINT('',(7.182785969337,95.582528007733,5.060976416103
    ));
#385 = CARTESIAN_POINT('',(7.774391320341,95.897386472025,4.986884950825
    ));
#386 = CARTESIAN_POINT('',(8.094107274886,95.998288245741,4.96215276162)
  );
#387 = CARTESIAN_POINT('',(8.424999999814,96.038409646142,4.952381732919
    ));
#388 = ORIENTED_EDGE('',*,*,#389,.F.);
#389 = EDGE_CURVE('',#390,#375,#392,.T.);
#390 = VERTEX_POINT('',#391);
#391 = CARTESIAN_POINT('',(8.424999999817,96.038409646142,2.447001434767
    ));
#392 = B_SPLINE_CURVE_WITH_KNOTS('',3,(#393,#394,#395,#396),
  .UNSPECIFIED.,.F.,.F.,(4,4),(-10.9,-8.394619701846),
  .PIECEWISE_BEZIER_KNOTS.);
#393 = CARTESIAN_POINT('',(8.424999999817,96.038409646142,2.447001434767
    ));
#394 = CARTESIAN_POINT('',(8.424999999817,96.038409646142,3.282128200818
    ));
#395 = CARTESIAN_POINT('',(8.424999999817,96.038409646142,4.117254966869
    ));
#396 = CARTESIAN_POINT('',(8.424999999817,96.038409646142,4.952381732921
    ));
#397 = ORIENTED_EDGE('',*,*,#398,.T.);
#398 = EDGE_CURVE('',#390,#399,#401,.T.);
#399 = VERTEX_POINT('',#400);
#400 = CARTESIAN_POINT('',(9.074999999819,96.038409646142,2.447001434767
    ));
#401 = CIRCLE('',#402,2.7);
#402 = AXIS2_PLACEMENT_3D('',#403,#404,#405);
#403 = CARTESIAN_POINT('',(8.749999999814,93.358041201318,2.447001434767
    ));
#404 = DIRECTION('',(0.,0.,-1.));
#405 = DIRECTION('',(0.,1.,0.));
#406 = ORIENTED_EDGE('',*,*,#407,.T.);
#407 = EDGE_CURVE('',#399,#408,#410,.T.);
#408 = VERTEX_POINT('',#409);
#409 = CARTESIAN_POINT('',(9.074999999819,96.038409646142,4.952487214677
    ));
#410 = LINE('',#411,#412);
#411 = CARTESIAN_POINT('',(9.074999999819,96.038409646142,
    8.313350008393E-13));
#412 = VECTOR('',#413,1.);
#413 = DIRECTION('',(0.,0.,1.));
#414 = ORIENTED_EDGE('',*,*,#415,.T.);
#415 = EDGE_CURVE('',#408,#416,#418,.T.);
#416 = VERTEX_POINT('',#417);
#417 = CARTESIAN_POINT('',(11.430368444635,93.683041201308,
    5.440906442316));
#418 = B_SPLINE_CURVE_WITH_KNOTS('',3,(#419,#420,#421,#422,#423,#424,
    #425,#426,#427,#428),.UNSPECIFIED.,.F.,.F.,(4,2,2,2,4),(
    4.499958109128E-02,1.053104468777,2.135755911112,3.086407625418,
    3.680187079671),.UNSPECIFIED.);
#419 = CARTESIAN_POINT('',(9.074999999819,96.038409646142,4.952487214677
    ));
#420 = CARTESIAN_POINT('',(9.408127948675,95.998017220394,4.962429829574
    ));
#421 = CARTESIAN_POINT('',(9.729905883218,95.896023082838,4.987519790723
    ));
#422 = CARTESIAN_POINT('',(10.340622644741,95.569058494148,
    5.064521394351));
#423 = CARTESIAN_POINT('',(10.618759808353,95.339097277079,
    5.117331595789));
#424 = CARTESIAN_POINT('',(11.041120684418,94.820425247184,
    5.228232525218));
#425 = CARTESIAN_POINT('',(11.194783168154,94.545683706434,
    5.284084008718));
#426 = CARTESIAN_POINT('',(11.362532342766,94.067052097605,
    5.373969144059));
#427 = CARTESIAN_POINT('',(11.406899092406,93.876599697134,5.40808670724
    ));
#428 = CARTESIAN_POINT('',(11.430368444639,93.683041201308,
    5.440906442316));
#429 = ORIENTED_EDGE('',*,*,#430,.F.);
#430 = EDGE_CURVE('',#431,#416,#433,.T.);
#431 = VERTEX_POINT('',#432);
#432 = CARTESIAN_POINT('',(11.430368444639,93.683041201308,
    2.447001434767));
#433 = B_SPLINE_CURVE_WITH_KNOTS('',3,(#434,#435,#436,#437),
  .UNSPECIFIED.,.F.,.F.,(4,4),(-10.9,-7.906094992451),
  .PIECEWISE_BEZIER_KNOTS.);
#434 = CARTESIAN_POINT('',(11.430368444639,93.683041201308,
    2.447001434767));
#435 = CARTESIAN_POINT('',(11.430368444639,93.683041201308,
    3.444969770617));
#436 = CARTESIAN_POINT('',(11.430368444639,93.683041201308,
    4.442938106466));
#437 = CARTESIAN_POINT('',(11.430368444639,93.683041201308,
    5.440906442316));
#438 = ORIENTED_EDGE('',*,*,#439,.T.);
#439 = EDGE_CURVE('',#431,#440,#442,.T.);
#440 = VERTEX_POINT('',#441);
#441 = CARTESIAN_POINT('',(11.430368444635,93.033041201306,
    2.447001434767));
#442 = CIRCLE('',#443,2.7);
#443 = AXIS2_PLACEMENT_3D('',#444,#445,#446);
#444 = CARTESIAN_POINT('',(8.749999999814,93.358041201318,2.447001434767
    ));
#445 = DIRECTION('',(0.,0.,-1.));
#446 = DIRECTION('',(0.,1.,0.));
#447 = ORIENTED_EDGE('',*,*,#448,.T.);
#448 = EDGE_CURVE('',#440,#261,#449,.T.);
#449 = LINE('',#450,#451);
#450 = CARTESIAN_POINT('',(11.430368444635,93.033041201306,
    8.313350008393E-13));
#451 = VECTOR('',#452,1.);
#452 = DIRECTION('',(0.,0.,1.));
#453 = ORIENTED_EDGE('',*,*,#271,.T.);
#454 = CYLINDRICAL_SURFACE('',#455,2.7);
#455 = AXIS2_PLACEMENT_3D('',#456,#457,#458);
#456 = CARTESIAN_POINT('',(8.749999999814,93.358041201318,
    8.313350008393E-13));
#457 = DIRECTION('',(0.,0.,1.));
#458 = DIRECTION('',(0.,1.,0.));
#459 = ADVANCED_FACE('',(#460),#486,.F.);
#460 = FACE_BOUND('',#461,.T.);
#461 = EDGE_LOOP('',(#462,#463,#472,#480));
#462 = ORIENTED_EDGE('',*,*,#398,.F.);
#463 = ORIENTED_EDGE('',*,*,#464,.T.);
#464 = EDGE_CURVE('',#390,#465,#467,.T.);
#465 = VERTEX_POINT('',#466);
#466 = CARTESIAN_POINT('',(8.424999999817,100.8891815192,2.447001434767)
  );
#467 = B_SPLINE_CURVE_WITH_KNOTS('',3,(#468,#469,#470,#471),
  .UNSPECIFIED.,.F.,.F.,(4,4),(-9.01963155516,-4.168859682102),
  .PIECEWISE_BEZIER_KNOTS.);
#468 = CARTESIAN_POINT('',(8.424999999817,96.038409646142,2.447001434767
    ));
#469 = CARTESIAN_POINT('',(8.424999999817,97.655333603827,2.447001434767
    ));
#470 = CARTESIAN_POINT('',(8.424999999817,99.272257561519,2.447001434767
    ));
#471 = CARTESIAN_POINT('',(8.424999999817,100.8891815192,2.447001434767)
  );
#472 = ORIENTED_EDGE('',*,*,#473,.F.);
#473 = EDGE_CURVE('',#474,#465,#476,.T.);
#474 = VERTEX_POINT('',#475);
#475 = CARTESIAN_POINT('',(9.074999999819,100.8891815192,2.447001434767)
  );
#476 = LINE('',#477,#478);
#477 = CARTESIAN_POINT('',(13.249999999815,100.8891815192,2.447001434767
    ));
#478 = VECTOR('',#479,1.);
#479 = DIRECTION('',(-1.,8.633949212408E-18,0.));
#480 = ORIENTED_EDGE('',*,*,#481,.F.);
#481 = EDGE_CURVE('',#399,#474,#482,.T.);
#482 = LINE('',#483,#484);
#483 = CARTESIAN_POINT('',(9.074999999819,93.520541201302,2.447001434767
    ));
#484 = VECTOR('',#485,1.);
#485 = DIRECTION('',(2.021099337273E-13,1.,0.));
#486 = PLANE('',#487);
#487 = AXIS2_PLACEMENT_3D('',#488,#489,#490);
#488 = CARTESIAN_POINT('',(8.749999999814,93.683041201308,2.447001434767
    ));
#489 = DIRECTION('',(0.,0.,1.));
#490 = DIRECTION('',(1.,0.,-0.));
#491 = ADVANCED_FACE('',(#492),#513,.F.);
#492 = FACE_BOUND('',#493,.F.);
#493 = EDGE_LOOP('',(#494,#495,#503,#512));
#494 = ORIENTED_EDGE('',*,*,#464,.T.);
#495 = ORIENTED_EDGE('',*,*,#496,.T.);
#496 = EDGE_CURVE('',#465,#497,#499,.T.);
#497 = VERTEX_POINT('',#498);
#498 = CARTESIAN_POINT('',(8.424999999817,100.73537645107,4.20500140788)
  );
#499 = LINE('',#500,#501);
#500 = CARTESIAN_POINT('',(8.424999999817,101.11279782869,
    -0.108944678432));
#501 = VECTOR('',#502,1.);
#502 = DIRECTION('',(0.,-8.715574274715E-02,0.996194698092));
#503 = ORIENTED_EDGE('',*,*,#504,.F.);
#504 = EDGE_CURVE('',#375,#497,#505,.T.);
#505 = B_SPLINE_CURVE_WITH_KNOTS('',3,(#506,#507,#508,#509,#510,#511),
  .UNSPECIFIED.,.F.,.F.,(4,2,4),(2.586198724503,3.746158631638,
    7.342255338652),.UNSPECIFIED.);
#506 = CARTESIAN_POINT('',(8.424999999817,96.038409646135,4.952381732921
    ));
#507 = CARTESIAN_POINT('',(8.424999999817,96.420259122206,4.891621928264
    ));
#508 = CARTESIAN_POINT('',(8.424999999817,96.802108598284,4.830862123608
    ));
#509 = CARTESIAN_POINT('',(8.424999999817,98.367764199931,4.581735348595
    ));
#510 = CARTESIAN_POINT('',(8.424999999817,99.551570325501,4.393368378238
    ));
#511 = CARTESIAN_POINT('',(8.424999999817,100.73537645107,4.20500140788)
  );
#512 = ORIENTED_EDGE('',*,*,#389,.F.);
#513 = B_SPLINE_SURFACE_WITH_KNOTS('',1,1,(
    (#514,#515,#516,#517)
    ,(#518,#519,#520,#521)
    ,(#522,#523,#524,#525)
    ,(#526,#527,#528,#529
    )),.UNSPECIFIED.,.F.,.F.,.F.,(2,1,1,2),(2,1,1,2),(-66.20000000002,
    -3.4354741274E-12,18.000000000003,20.700000000005),(-1.,0.,3.,10.5),
  .UNSPECIFIED.);
#514 = CARTESIAN_POINT('',(8.424999999799,18.158041201306,1.847001434767
    ));
#515 = CARTESIAN_POINT('',(8.424999999799,18.158041201306,2.847001434767
    ));
#516 = CARTESIAN_POINT('',(8.424999999799,18.158041201306,5.847001434767
    ));
#517 = CARTESIAN_POINT('',(8.424999999799,18.158041201306,
    13.347001434767));
#518 = CARTESIAN_POINT('',(8.424999999814,84.358041201303,1.847001434767
    ));
#519 = CARTESIAN_POINT('',(8.424999999814,84.358041201303,2.847001434767
    ));
#520 = CARTESIAN_POINT('',(8.424999999814,84.358041201303,5.847001434767
    ));
#521 = CARTESIAN_POINT('',(8.424999999814,84.358041201303,
    13.347001434767));
#522 = CARTESIAN_POINT('',(8.424999999817,102.3580412013,1.847001434767)
  );
#523 = CARTESIAN_POINT('',(8.424999999817,102.3580412013,2.847001434767)
  );
#524 = CARTESIAN_POINT('',(8.424999999817,102.3580412013,5.847001434767)
  );
#525 = CARTESIAN_POINT('',(8.424999999817,102.3580412013,13.347001434767
    ));
#526 = CARTESIAN_POINT('',(8.424999999817,105.0580412013,1.847001434767)
  );
#527 = CARTESIAN_POINT('',(8.424999999817,105.0580412013,2.847001434767)
  );
#528 = CARTESIAN_POINT('',(8.424999999817,105.0580412013,5.847001434767)
  );
#529 = CARTESIAN_POINT('',(8.424999999817,105.0580412013,13.347001434767
    ));
#530 = ADVANCED_FACE('',(#531),#552,.T.);
#531 = FACE_BOUND('',#532,.T.);
#532 = EDGE_LOOP('',(#533,#534,#535,#543));
#533 = ORIENTED_EDGE('',*,*,#407,.F.);
#534 = ORIENTED_EDGE('',*,*,#481,.T.);
#535 = ORIENTED_EDGE('',*,*,#536,.F.);
#536 = EDGE_CURVE('',#537,#474,#539,.T.);
#537 = VERTEX_POINT('',#538);
#538 = CARTESIAN_POINT('',(9.074999999819,100.73536709233,4.205108378799
    ));
#539 = LINE('',#540,#541);
#540 = CARTESIAN_POINT('',(9.074999999819,100.8899030536,2.438754258835)
  );
#541 = VECTOR('',#542,1.);
#542 = DIRECTION('',(1.761504139058E-14,8.715574274715E-02,
    -0.996194698092));
#543 = ORIENTED_EDGE('',*,*,#544,.T.);
#544 = EDGE_CURVE('',#537,#408,#545,.T.);
#545 = B_SPLINE_CURVE_WITH_KNOTS('',3,(#546,#547,#548,#549,#550,#551),
  .UNSPECIFIED.,.F.,.F.,(4,2,4),(0.150062422703,3.746123987278,
    4.906109560364),.UNSPECIFIED.);
#546 = CARTESIAN_POINT('',(9.074999999819,100.73536709233,4.205108378799
    ));
#547 = CARTESIAN_POINT('',(9.074999999819,99.551572535369,4.393473508362
    ));
#548 = CARTESIAN_POINT('',(9.074999999819,98.367777978405,4.581838637925
    ));
#549 = CARTESIAN_POINT('',(9.074999999819,96.802125496339,4.83096491655)
  );
#550 = CARTESIAN_POINT('',(9.074999999819,96.420267571244,4.891726065614
    ));
#551 = CARTESIAN_POINT('',(9.074999999819,96.038409646142,4.952487214677
    ));
#552 = PLANE('',#553);
#553 = AXIS2_PLACEMENT_3D('',#554,#555,#556);
#554 = CARTESIAN_POINT('',(9.074999999819,93.358041201303,4.347001434767
    ));
#555 = DIRECTION('',(1.,-2.021099337273E-13,0.));
#556 = DIRECTION('',(0.,0.,-1.));
#557 = ADVANCED_FACE('',(#558),#604,.F.);
#558 = FACE_BOUND('',#559,.F.);
#559 = EDGE_LOOP('',(#560,#561,#572,#584,#603));
#560 = ORIENTED_EDGE('',*,*,#415,.T.);
#561 = ORIENTED_EDGE('',*,*,#562,.T.);
#562 = EDGE_CURVE('',#416,#563,#565,.T.);
#563 = VERTEX_POINT('',#564);
#564 = CARTESIAN_POINT('',(13.976868110938,93.683041201308,
    5.766558254822));
#565 = B_SPLINE_CURVE_WITH_KNOTS('',3,(#566,#567,#568,#569,#570,#571),
  .UNSPECIFIED.,.F.,.F.,(4,2,4),(2.402659058584,2.626197242033,
    4.9726804061),.UNSPECIFIED.);
#566 = CARTESIAN_POINT('',(11.430368444635,93.683041201308,
    5.440906442316));
#567 = CARTESIAN_POINT('',(11.504615243081,93.683041201308,
    5.447299213651));
#568 = CARTESIAN_POINT('',(11.578834895707,93.683041201308,
    5.453957361595));
#569 = CARTESIAN_POINT('',(12.431795174249,93.683041201308,
    5.533556418927));
#570 = CARTESIAN_POINT('',(13.205798110415,93.683041201308,
    5.635319509892));
#571 = CARTESIAN_POINT('',(13.976868110938,93.683041201308,
    5.766558254824));
#572 = ORIENTED_EDGE('',*,*,#573,.T.);
#573 = EDGE_CURVE('',#563,#574,#576,.T.);
#574 = VERTEX_POINT('',#575);
#575 = CARTESIAN_POINT('',(14.054962352096,100.69520363834,
    4.664178758551));
#576 = B_SPLINE_CURVE_WITH_KNOTS('',3,(#577,#578,#579,#580,#581,#582,
    #583),.UNSPECIFIED.,.F.,.F.,(4,3,4),(0.13209980533,3.74148003292,
    7.222015086904),.UNSPECIFIED.);
#577 = CARTESIAN_POINT('',(13.976868110905,93.683041200166,
    5.766558247636));
#578 = CARTESIAN_POINT('',(13.988373103733,94.871721852731,
    5.579373834705));
#579 = CARTESIAN_POINT('',(14.000685250394,96.063758453507,
    5.391799392031));
#580 = CARTESIAN_POINT('',(14.013897237986,97.252373489071,5.20493237384
    ));
#581 = CARTESIAN_POINT('',(14.026637593132,98.398558162378,
    5.024736005977));
#582 = CARTESIAN_POINT('',(14.040289804278,99.54833223777,4.844132903969
    ));
#583 = CARTESIAN_POINT('',(14.054962352096,100.69520363834,
    4.664178758551));
#584 = ORIENTED_EDGE('',*,*,#585,.T.);
#585 = EDGE_CURVE('',#574,#537,#586,.T.);
#586 = B_SPLINE_CURVE_WITH_KNOTS('',3,(#587,#588,#589,#590,#591,#592,
    #593,#594,#595,#596,#597,#598,#599,#600,#601,#602),.UNSPECIFIED.,.F.
  ,.F.,(4,3,3,3,3,4),(0.193525290649,1.218736470884,2.212852815382,
    2.619748678461,5.068214631083,5.205167456538),.UNSPECIFIED.);
#587 = CARTESIAN_POINT('',(14.054962352096,100.69520363834,
    4.664178758551));
#588 = CARTESIAN_POINT('',(13.718568917187,100.70036140268,
    4.605220940092));
#589 = CARTESIAN_POINT('',(13.381612888905,100.70502002261,
    4.551939946585));
#590 = CARTESIAN_POINT('',(13.043894631113,100.70918500738,
    4.504327009233));
#591 = CARTESIAN_POINT('',(12.716419427585,100.71322366744,
    4.458158180661));
#592 = CARTESIAN_POINT('',(12.388288143983,100.71679915531,
    4.417324911039));
#593 = CARTESIAN_POINT('',(12.059332318991,100.71990980711,
    4.381777181338));
#594 = CARTESIAN_POINT('',(11.92468936189,100.72118300954,4.367227350991
    ));
#595 = CARTESIAN_POINT('',(11.789908140443,100.7223784314,4.353563592712
    ));
#596 = CARTESIAN_POINT('',(11.654976662231,100.72349634761,
    4.340784921527));
#597 = CARTESIAN_POINT('',(10.843035973498,100.73022332987,
    4.263890165612));
#598 = CARTESIAN_POINT('',(10.027449193946,100.73413224883,
    4.219220536306));
#599 = CARTESIAN_POINT('',(9.211857662072,100.73521239794,4.206876369649
    ));
#600 = CARTESIAN_POINT('',(9.166238255117,100.73527281515,4.206185909363
    ));
#601 = CARTESIAN_POINT('',(9.120618823189,100.73532438074,4.205596574307
    ));
#602 = CARTESIAN_POINT('',(9.07499999982,100.73536709233,4.205108378799)
  );
#603 = ORIENTED_EDGE('',*,*,#544,.T.);
#604 = B_SPLINE_SURFACE_WITH_KNOTS('',3,3,(
    (#605,#606,#607,#608,#609,#610)
    ,(#611,#612,#613,#614,#615,#616)
    ,(#617,#618,#619,#620,#621,#622)
    ,(#623,#624,#625,#626,#627,#628
    )),.UNSPECIFIED.,.F.,.F.,.F.,(4,4),(4,2,4),(0.291300452392,
    0.529256810673),(0.349346390637,0.474655077057,0.506987534077),
  .UNSPECIFIED.);
#605 = CARTESIAN_POINT('',(9.074999999819,100.73536709233,4.205108378799
    ));
#606 = CARTESIAN_POINT('',(10.40476417066,100.73754480751,4.218794390515
    ));
#607 = CARTESIAN_POINT('',(11.73279881258,100.75286972781,4.31510498295)
  );
#608 = CARTESIAN_POINT('',(13.382186815106,100.78845505081,
    4.538743571511));
#609 = CARTESIAN_POINT('',(13.719286086453,100.79661556787,
    4.590028943105));
#610 = CARTESIAN_POINT('',(14.054962352096,100.80561866072,
    4.646609544474));
#611 = CARTESIAN_POINT('',(9.074999999819,98.361867492553,4.582779113133
    ));
#612 = CARTESIAN_POINT('',(10.40476417066,98.364045207731,4.596465124849
    ));
#613 = CARTESIAN_POINT('',(11.73279881258,98.37937012803,4.692775717284)
  );
#614 = CARTESIAN_POINT('',(13.382186815106,98.414955451029,
    4.916414305845));
#615 = CARTESIAN_POINT('',(13.719286086453,98.423115968093,
    4.967699677438));
#616 = CARTESIAN_POINT('',(14.054962352096,98.432119060941,
    5.024280278807));
#617 = CARTESIAN_POINT('',(9.074999999819,95.98836789278,4.960449847467)
  );
#618 = CARTESIAN_POINT('',(10.40476417066,95.990545607958,4.974135859183
    ));
#619 = CARTESIAN_POINT('',(11.73279881258,96.00587052825,5.070446451617)
  );
#620 = CARTESIAN_POINT('',(13.382186815106,96.041455851257,
    5.294085040178));
#621 = CARTESIAN_POINT('',(13.719286086453,96.04961636832,5.345370411772
    ));
#622 = CARTESIAN_POINT('',(14.054962352096,96.058619461168,
    5.401951013141));
#623 = CARTESIAN_POINT('',(9.074999999819,93.614868293,5.3381205818));
#624 = CARTESIAN_POINT('',(10.40476417066,93.617046008178,5.351806593516
    ));
#625 = CARTESIAN_POINT('',(11.73279881258,93.63237092847,5.448117185951)
  );
#626 = CARTESIAN_POINT('',(13.382186815106,93.667956251476,
    5.671755774512));
#627 = CARTESIAN_POINT('',(13.719286086453,93.67611676854,5.723041146106
    ));
#628 = CARTESIAN_POINT('',(14.054962352096,93.685119861388,
    5.779621747475));
#629 = ADVANCED_FACE('',(#630),#665,.T.);
#630 = FACE_BOUND('',#631,.T.);
#631 = EDGE_LOOP('',(#632,#633,#644,#659));
#632 = ORIENTED_EDGE('',*,*,#348,.F.);
#633 = ORIENTED_EDGE('',*,*,#634,.T.);
#634 = EDGE_CURVE('',#334,#635,#637,.T.);
#635 = VERTEX_POINT('',#636);
#636 = CARTESIAN_POINT('',(3.529458500736,93.033041201306,5.869209223523
    ));
#637 = B_SPLINE_CURVE_WITH_KNOTS('',3,(#638,#639,#640,#641,#642,#643),
  .UNSPECIFIED.,.F.,.F.,(4,2,4),(2.403738201974,2.555007498842,
    4.962697586477),.UNSPECIFIED.);
#638 = CARTESIAN_POINT('',(6.069631554994,93.033041201306,5.544086587421
    ));
#639 = CARTESIAN_POINT('',(6.019366246332,93.033041201306,5.548427020118
    ));
#640 = CARTESIAN_POINT('',(5.969104650459,93.033041201306,5.552890416921
    ));
#641 = CARTESIAN_POINT('',(5.11891057195,93.033041201306,5.630477121601)
  );
#642 = CARTESIAN_POINT('',(4.322599928502,93.033041201306,5.734319779063
    ));
#643 = CARTESIAN_POINT('',(3.529458500736,93.033041201306,5.869209223523
    ));
#644 = ORIENTED_EDGE('',*,*,#645,.F.);
#645 = EDGE_CURVE('',#646,#635,#648,.T.);
#646 = VERTEX_POINT('',#647);
#647 = CARTESIAN_POINT('',(2.135858347017,93.033041201306,2.447001434767
    ));
#648 = B_SPLINE_CURVE_WITH_KNOTS('',3,(#649,#650,#651,#652,#653,#654,
    #655,#656,#657,#658),.UNSPECIFIED.,.F.,.F.,(4,3,3,4),(-4.122974355,
    -3.690005155967,-1.333042512772,-0.433050081533),.UNSPECIFIED.);
#649 = CARTESIAN_POINT('',(2.135981509777,93.033066431171,2.447050982292
    ));
#650 = CARTESIAN_POINT('',(2.191321384406,93.03306732142,2.580376661353)
  );
#651 = CARTESIAN_POINT('',(2.246555070991,93.033067973383,2.713716676628
    ));
#652 = CARTESIAN_POINT('',(2.301672290713,93.033068366027,2.847054510662
    ));
#653 = CARTESIAN_POINT('',(2.601714945417,93.033070503467,3.572908207515
    ));
#654 = CARTESIAN_POINT('',(2.899796926322,93.033063313349,4.302304647078
    ));
#655 = CARTESIAN_POINT('',(3.194149185152,93.033056550976,5.032548964049
    ));
#656 = CARTESIAN_POINT('',(3.306545877492,93.033053968803,5.311388495141
    ));
#657 = CARTESIAN_POINT('',(3.418398831307,93.033052026535,5.590351551667
    ));
#658 = CARTESIAN_POINT('',(3.529609849235,93.033051704484,5.869286732637
    ));
#659 = ORIENTED_EDGE('',*,*,#660,.T.);
#660 = EDGE_CURVE('',#646,#349,#661,.T.);
#661 = LINE('',#662,#663);
#662 = CARTESIAN_POINT('',(8.749999999814,93.033041201306,2.447001434767
    ));
#663 = VECTOR('',#664,1.);
#664 = DIRECTION('',(1.,-4.042198674546E-13,0.));
#665 = PLANE('',#666);
#666 = AXIS2_PLACEMENT_3D('',#667,#668,#669);
#667 = CARTESIAN_POINT('',(8.749999999814,93.033041201306,4.347001434767
    ));
#668 = DIRECTION('',(-4.042198674546E-13,-1.,0.));
#669 = DIRECTION('',(-0.,0.,-1.));
#670 = ADVANCED_FACE('',(#671),#707,.F.);
#671 = FACE_BOUND('',#672,.F.);
#672 = EDGE_LOOP('',(#673,#684,#699,#706));
#673 = ORIENTED_EDGE('',*,*,#674,.F.);
#674 = EDGE_CURVE('',#675,#366,#677,.T.);
#675 = VERTEX_POINT('',#676);
#676 = CARTESIAN_POINT('',(3.523245582728,93.683041201315,5.766838642627
    ));
#677 = B_SPLINE_CURVE_WITH_KNOTS('',3,(#678,#679,#680,#681,#682,#683),
  .UNSPECIFIED.,.F.,.F.,(4,2,4),(0.272625328012,2.620967743482,
    2.84513456194),.UNSPECIFIED.);
#678 = CARTESIAN_POINT('',(3.523245582728,93.683041201315,5.766838642627
    ));
#679 = CARTESIAN_POINT('',(4.294462586513,93.683041201315,5.635517473785
    ));
#680 = CARTESIAN_POINT('',(5.068813034457,93.683041201315,5.533530725394
    ));
#681 = CARTESIAN_POINT('',(5.9210747746,93.683041201315,5.453755918965)
  );
#682 = CARTESIAN_POINT('',(5.995348708395,93.683041201315,5.447073088597
    ));
#683 = CARTESIAN_POINT('',(6.06963155499,93.683041201315,5.44065873037)
  );
#684 = ORIENTED_EDGE('',*,*,#685,.T.);
#685 = EDGE_CURVE('',#675,#686,#688,.T.);
#686 = VERTEX_POINT('',#687);
#687 = CARTESIAN_POINT('',(2.151035664574,93.683041201315,2.447001434767
    ));
#688 = B_SPLINE_CURVE_WITH_KNOTS('',3,(#689,#690,#691,#692,#693,#694,
    #695,#696,#697,#698),.UNSPECIFIED.,.F.,.F.,(4,3,3,4),(
    -3.151978171358,-0.656580891866,0.,0.433584221365),.UNSPECIFIED.);
#689 = CARTESIAN_POINT('',(3.523413828689,93.683052768547,5.766923994597
    ));
#690 = CARTESIAN_POINT('',(3.210401045828,93.683053520732,4.994978563693
    ));
#691 = CARTESIAN_POINT('',(2.892615344876,93.683067882361,4.222604992631
    ));
#692 = CARTESIAN_POINT('',(2.57234696176,93.683069962174,3.453453055953)
  );
#693 = CARTESIAN_POINT('',(2.488078976718,93.683070509408,3.251076276626
    ));
#694 = CARTESIAN_POINT('',(2.40363916892,93.683070359095,3.048922321936)
  );
#695 = CARTESIAN_POINT('',(2.319069365636,93.683069809086,2.847057492687
    ));
#696 = CARTESIAN_POINT('',(2.263222275411,93.683069445878,2.713752661713
    ));
#697 = CARTESIAN_POINT('',(2.207250590462,93.683068803953,2.580411841535
    ));
#698 = CARTESIAN_POINT('',(2.151165256538,93.683067902976,2.447053376103
    ));
#699 = ORIENTED_EDGE('',*,*,#700,.T.);
#700 = EDGE_CURVE('',#686,#357,#701,.T.);
#701 = B_SPLINE_CURVE_WITH_KNOTS('',3,(#702,#703,#704,#705),
  .UNSPECIFIED.,.F.,.F.,(4,4),(-15.59896433523,-11.68036844482),
  .PIECEWISE_BEZIER_KNOTS.);
#702 = CARTESIAN_POINT('',(2.151035664574,93.683041201315,2.447001434767
    ));
#703 = CARTESIAN_POINT('',(3.457234294714,93.683041201315,2.447001434767
    ));
#704 = CARTESIAN_POINT('',(4.763432924854,93.683041201315,2.447001434767
    ));
#705 = CARTESIAN_POINT('',(6.06963155499,93.683041201315,2.447001434767)
  );
#706 = ORIENTED_EDGE('',*,*,#365,.F.);
#707 = B_SPLINE_SURFACE_WITH_KNOTS('',1,1,(
    (#708,#709,#710,#711)
    ,(#712,#713,#714,#715)
    ,(#716,#717,#718,#719
  )),.UNSPECIFIED.,.F.,.F.,.F.,(2,1,2),(2,1,1,2),(-48.49999999999,
    2.025046796916E-13,18.),(-113.9999999999,0.,3.,39.650002000038),
  .UNSPECIFIED.);
#708 = CARTESIAN_POINT('',(-48.75000000018,93.683041201337,
    -111.1529985652));
#709 = CARTESIAN_POINT('',(-48.75000000018,93.683041201337,
    2.847001434767));
#710 = CARTESIAN_POINT('',(-48.75000000018,93.683041201337,
    5.847001434767));
#711 = CARTESIAN_POINT('',(-48.75000000018,93.683041201337,
    42.497003434805));
#712 = CARTESIAN_POINT('',(-0.250000000186,93.683041201315,
    -111.1529985652));
#713 = CARTESIAN_POINT('',(-0.250000000186,93.683041201315,
    2.847001434767));
#714 = CARTESIAN_POINT('',(-0.250000000186,93.683041201315,
    5.847001434767));
#715 = CARTESIAN_POINT('',(-0.250000000186,93.683041201315,
    42.497003434805));
#716 = CARTESIAN_POINT('',(17.749999999814,93.683041201308,
    -111.1529985652));
#717 = CARTESIAN_POINT('',(17.749999999814,93.683041201308,
    2.847001434767));
#718 = CARTESIAN_POINT('',(17.749999999814,93.683041201308,
    5.847001434767));
#719 = CARTESIAN_POINT('',(17.749999999814,93.683041201308,
    42.497003434805));
#720 = ADVANCED_FACE('',(#721),#733,.F.);
#721 = FACE_BOUND('',#722,.T.);
#722 = EDGE_LOOP('',(#723,#724,#725,#732));
#723 = ORIENTED_EDGE('',*,*,#356,.F.);
#724 = ORIENTED_EDGE('',*,*,#660,.F.);
#725 = ORIENTED_EDGE('',*,*,#726,.F.);
#726 = EDGE_CURVE('',#686,#646,#727,.T.);
#727 = B_SPLINE_CURVE_WITH_KNOTS('',3,(#728,#729,#730,#731),
  .UNSPECIFIED.,.F.,.F.,(4,4),(-7.250638509923,-6.603099843913),
  .PIECEWISE_BEZIER_KNOTS.);
#728 = CARTESIAN_POINT('',(2.151035664578,93.683041201308,2.447001434767
    ));
#729 = CARTESIAN_POINT('',(2.145911993266,93.466735784495,2.447001434767
    ));
#730 = CARTESIAN_POINT('',(2.140853211193,93.250044855617,2.447001434767
    ));
#731 = CARTESIAN_POINT('',(2.135858347017,93.033041201306,2.447001434767
    ));
#732 = ORIENTED_EDGE('',*,*,#700,.T.);
#733 = PLANE('',#734);
#734 = AXIS2_PLACEMENT_3D('',#735,#736,#737);
#735 = CARTESIAN_POINT('',(8.749999999814,93.683041201308,2.447001434767
    ));
#736 = DIRECTION('',(0.,0.,1.));
#737 = DIRECTION('',(1.,0.,-0.));
#738 = ADVANCED_FACE('',(#739),#781,.F.);
#739 = FACE_BOUND('',#740,.F.);
#740 = EDGE_LOOP('',(#741,#768,#778,#779,#780));
#741 = ORIENTED_EDGE('',*,*,#742,.T.);
#742 = EDGE_CURVE('',#497,#743,#745,.T.);
#743 = VERTEX_POINT('',#744);
#744 = CARTESIAN_POINT('',(3.445177534373,100.6951786673,4.664464178789)
  );
#745 = B_SPLINE_CURVE_WITH_KNOTS('',3,(#746,#747,#748,#749,#750,#751,
    #752,#753,#754,#755,#756,#757,#758,#759,#760,#761,#762,#763,#764,
    #765,#766,#767),.UNSPECIFIED.,.F.,.F.,(4,3,3,3,3,3,3,4),(
    4.47776863403E-02,1.1124020066,1.451004071057,2.51881104875,
    2.627585800092,3.704466832008,4.467041041331,5.050939702709),
  .UNSPECIFIED.);
#746 = CARTESIAN_POINT('',(8.424999999817,100.73537645107,4.20500140788)
  );
#747 = CARTESIAN_POINT('',(8.069169766971,100.73505329071,4.208695002352
    ));
#748 = CARTESIAN_POINT('',(7.713698064538,100.73418983785,4.218548297463
    ));
#749 = CARTESIAN_POINT('',(7.35849058168,100.73278528531,4.234587457552)
  );
#750 = CARTESIAN_POINT('',(7.245834861195,100.73233982488,4.23967435246)
  );
#751 = CARTESIAN_POINT('',(7.133205724428,100.73183999845,4.245383852978
    ));
#752 = CARTESIAN_POINT('',(7.020600214859,100.73128595251,4.251717876381
    ));
#753 = CARTESIAN_POINT('',(6.665490304243,100.72953872716,4.271692693715
    ));
#754 = CARTESIAN_POINT('',(6.310670797804,100.72725104335,4.297870596839
    ));
#755 = CARTESIAN_POINT('',(5.956054425498,100.72441815089,4.330252986071
    ));
#756 = CARTESIAN_POINT('',(5.919930567418,100.72412957142,4.333551696802
    ));
#757 = CARTESIAN_POINT('',(5.883808825865,100.72383534122,4.336914834547
    ));
#758 = CARTESIAN_POINT('',(5.847689114954,100.72353545992,4.340342430118
    ));
#759 = CARTESIAN_POINT('',(5.490100323174,100.72056660473,4.374275972988
    ));
#760 = CARTESIAN_POINT('',(5.133325021264,100.71705282743,4.41446389052)
  );
#761 = CARTESIAN_POINT('',(4.777290272836,100.71298984503,4.460900348457
    ));
#762 = CARTESIAN_POINT('',(4.525170578342,100.71011271608,4.493783502812
    ));
#763 = CARTESIAN_POINT('',(4.273422374109,100.70696035669,4.529801059203
    ));
#764 = CARTESIAN_POINT('',(4.022023744619,100.70353365104,4.568966060522
    ));
#765 = CARTESIAN_POINT('',(3.829529268098,100.70090984235,4.598954475504
    ));
#766 = CARTESIAN_POINT('',(3.637251945182,100.69812501594,4.6307871182)
  );
#767 = CARTESIAN_POINT('',(3.445177534373,100.6951786673,4.664464178789)
  );
#768 = ORIENTED_EDGE('',*,*,#769,.T.);
#769 = EDGE_CURVE('',#743,#675,#770,.T.);
#770 = B_SPLINE_CURVE_WITH_KNOTS('',3,(#771,#772,#773,#774,#775,#776,
    #777),.UNSPECIFIED.,.F.,.F.,(4,3,4),(0.261927624321,3.741441767025,
    7.353876854593),.UNSPECIFIED.);
#771 = CARTESIAN_POINT('',(3.445177534373,100.6951786673,4.664464178789)
  );
#772 = CARTESIAN_POINT('',(3.459836407012,99.548976389655,4.844313222993
    ));
#773 = CARTESIAN_POINT('',(3.473476585121,98.399878549717,5.024809834405
    ));
#774 = CARTESIAN_POINT('',(3.486206316691,97.254361921296,5.204900808071
    ));
#775 = CARTESIAN_POINT('',(3.499422336827,96.06508540389,5.391871438321)
  );
#776 = CARTESIAN_POINT('',(3.511737823595,94.872383143229,5.579550327794
    ));
#777 = CARTESIAN_POINT('',(3.523245583059,93.683041200668,5.766838638568
    ));
#778 = ORIENTED_EDGE('',*,*,#674,.T.);
#779 = ORIENTED_EDGE('',*,*,#374,.T.);
#780 = ORIENTED_EDGE('',*,*,#504,.T.);
#781 = B_SPLINE_SURFACE_WITH_KNOTS('',3,3,(
    (#782,#783,#784,#785,#786,#787,#788,#789)
    ,(#790,#791,#792,#793,#794,#795,#796,#797)
    ,(#798,#799,#800,#801,#802,#803,#804,#805)
    ,(#806,#807,#808,#809,#810,#811,#812,#813
  )),.UNSPECIFIED.,.F.,.F.,.F.,(4,4),(4,2,2,4),(0.291299592584,
    0.529258264829),(0.171404711667,0.189862030823,0.284793046234,
    0.328931335622),.UNSPECIFIED.);
#782 = CARTESIAN_POINT('',(3.445177534373,100.8056880671,4.646879947396)
  );
#783 = CARTESIAN_POINT('',(3.637019112059,100.80054071136,4.614531010385
    ));
#784 = CARTESIAN_POINT('',(3.829315327497,100.79566820911,4.583909410483
    ));
#785 = CARTESIAN_POINT('',(5.013175577755,100.76744463232,4.406536259319
    ));
#786 = CARTESIAN_POINT('',(6.014909700232,100.75118229149,4.304334378299
    ));
#787 = CARTESIAN_POINT('',(7.488197224928,100.73850035725,4.224633826756
    ));
#788 = CARTESIAN_POINT('',(7.956552214928,100.73612057294,4.209677896669
    ));
#789 = CARTESIAN_POINT('',(8.424999999817,100.73537645107,4.20500140788)
  );
#790 = CARTESIAN_POINT('',(3.445177534373,98.43216538665,5.024554354322)
  );
#791 = CARTESIAN_POINT('',(3.637019112059,98.42701803091,4.992205417311)
  );
#792 = CARTESIAN_POINT('',(3.829315327497,98.422145528661,4.961583817409
    ));
#793 = CARTESIAN_POINT('',(5.013175577755,98.393921951865,4.784210666245
    ));
#794 = CARTESIAN_POINT('',(6.014909700232,98.37765961104,4.682008785225)
  );
#795 = CARTESIAN_POINT('',(7.488197224928,98.3649776768,4.602308233682)
  );
#796 = CARTESIAN_POINT('',(7.956552214928,98.36259789249,4.587352303595)
  );
#797 = CARTESIAN_POINT('',(8.424999999817,98.361853770621,4.582675814806
    ));
#798 = CARTESIAN_POINT('',(3.445177534373,96.058642706201,5.402228761248
    ));
#799 = CARTESIAN_POINT('',(3.637019112059,96.053495350461,5.369879824237
    ));
#800 = CARTESIAN_POINT('',(3.829315327497,96.048622848219,5.339258224335
    ));
#801 = CARTESIAN_POINT('',(5.013175577755,96.020399271409,5.161885073171
    ));
#802 = CARTESIAN_POINT('',(6.014909700232,96.004136930584,5.059683192151
    ));
#803 = CARTESIAN_POINT('',(7.488197224931,95.991454996343,4.979982640608
    ));
#804 = CARTESIAN_POINT('',(7.956552214928,95.989075212041,4.965026710521
    ));
#805 = CARTESIAN_POINT('',(8.424999999817,95.988331090171,4.960350221732
    ));
#806 = CARTESIAN_POINT('',(3.445177534373,93.685120025744,5.779903168174
    ));
#807 = CARTESIAN_POINT('',(3.637019112059,93.679972670005,5.747554231163
    ));
#808 = CARTESIAN_POINT('',(3.829315327497,93.675100167762,5.716932631261
    ));
#809 = CARTESIAN_POINT('',(5.013175577755,93.646876590952,5.539559480097
    ));
#810 = CARTESIAN_POINT('',(6.014909700232,93.630614250127,5.437357599077
    ));
#811 = CARTESIAN_POINT('',(7.488197224931,93.617932315887,5.357657047534
    ));
#812 = CARTESIAN_POINT('',(7.956552214928,93.615552531584,5.342701117447
    ));
#813 = CARTESIAN_POINT('',(8.424999999817,93.614808409715,5.338024628658
    ));
#814 = ADVANCED_FACE('',(#815),#852,.F.);
#815 = FACE_BOUND('',#816,.F.);
#816 = EDGE_LOOP('',(#817,#818,#829,#838,#839,#849,#850,#851));
#817 = ORIENTED_EDGE('',*,*,#769,.F.);
#818 = ORIENTED_EDGE('',*,*,#819,.F.);
#819 = EDGE_CURVE('',#820,#743,#822,.T.);
#820 = VERTEX_POINT('',#821);
#821 = CARTESIAN_POINT('',(1.145222763942,101.10326640437,
    1.600941601509E-12));
#822 = B_SPLINE_CURVE_WITH_KNOTS('',3,(#823,#824,#825,#826,#827,#828),
  .UNSPECIFIED.,.F.,.F.,(4,2,4),(-5.823983597197,-3.109333888981,
    -0.619879911821),.UNSPECIFIED.);
#823 = CARTESIAN_POINT('',(1.145222763942,101.10326640437,
    1.970867913315E-12));
#824 = CARTESIAN_POINT('',(1.546102866905,101.0324971835,0.808895895949)
  );
#825 = CARTESIAN_POINT('',(1.948228425674,100.96135091648,1.622101449175
    ));
#826 = CARTESIAN_POINT('',(2.712653010942,100.82571686101,3.172405797198
    ));
#827 = CARTESIAN_POINT('',(3.080138848825,100.76034132565,3.919651585724
    ));
#828 = CARTESIAN_POINT('',(3.445177534373,100.6951786673,4.664464178789)
  );
#829 = ORIENTED_EDGE('',*,*,#830,.F.);
#830 = EDGE_CURVE('',#192,#820,#831,.T.);
#831 = B_SPLINE_CURVE_WITH_KNOTS('',3,(#832,#833,#834,#835,#836,#837),
  .UNSPECIFIED.,.F.,.F.,(4,2,4),(0.237540935062,7.883460890307,
    15.440287024582),.UNSPECIFIED.);
#832 = CARTESIAN_POINT('',(1.085932307844,85.729582106229,
    1.6004975123E-12));
#833 = CARTESIAN_POINT('',(1.092503795182,88.281689473719,
    1.6004975123E-12));
#834 = CARTESIAN_POINT('',(1.10034827955,90.888069747336,
    1.650235503803E-12));
#835 = CARTESIAN_POINT('',(1.11927556786,95.965391902246,
    1.650235503803E-12));
#836 = CARTESIAN_POINT('',(1.130799652325,98.567709834329,
    1.707967101083E-12));
#837 = CARTESIAN_POINT('',(1.145222763938,101.10326640437,
    1.707967101083E-12));
#838 = ORIENTED_EDGE('',*,*,#199,.F.);
#839 = ORIENTED_EDGE('',*,*,#840,.F.);
#840 = EDGE_CURVE('',#635,#200,#841,.T.);
#841 = B_SPLINE_CURVE_WITH_KNOTS('',3,(#842,#843,#844,#845,#846,#847,
    #848),.UNSPECIFIED.,.F.,.F.,(4,3,4),(0.155983401487,2.415822712124,
    4.551959121734),.UNSPECIFIED.);
#842 = CARTESIAN_POINT('',(3.529609849236,93.033051704479,5.869286732638
    ));
#843 = CARTESIAN_POINT('',(3.536613718436,92.288872326353,5.986494145838
    ));
#844 = CARTESIAN_POINT('',(3.543319165929,91.543993083404,6.103857769302
    ));
#845 = CARTESIAN_POINT('',(3.549758862446,90.799951183755,6.221136705366
    ));
#846 = CARTESIAN_POINT('',(3.555846051826,90.096637923758,6.331995826191
    ));
#847 = CARTESIAN_POINT('',(3.56170834176,89.392639199672,6.44300529239)
  );
#848 = CARTESIAN_POINT('',(3.567378073643,88.689191844845,6.553977232498
    ));
#849 = ORIENTED_EDGE('',*,*,#645,.F.);
#850 = ORIENTED_EDGE('',*,*,#726,.F.);
#851 = ORIENTED_EDGE('',*,*,#685,.F.);
#852 = B_SPLINE_SURFACE_WITH_KNOTS('',3,3,(
    (#853,#854,#855,#856)
    ,(#857,#858,#859,#860)
    ,(#861,#862,#863,#864)
    ,(#865,#866,#867,#868
    )),.UNSPECIFIED.,.F.,.F.,.F.,(4,4),(4,4),(6.817430090396E-02,
    0.93402876038),(5.530734825159E-02,0.880636426789),
  .PIECEWISE_BEZIER_KNOTS.);
#853 = CARTESIAN_POINT('',(1.035737194379,101.11428971523,
    -0.220818829066));
#854 = CARTESIAN_POINT('',(1.860721875717,101.03139840644,1.443027169136
    ));
#855 = CARTESIAN_POINT('',(2.68532685739,100.94493213921,3.1069245789));
#856 = CARTESIAN_POINT('',(3.508605082679,100.85163977963,4.771218544489
    ));
#857 = CARTESIAN_POINT('',(1.059250466933,95.9861148942,-0.138297229531)
  );
#858 = CARTESIAN_POINT('',(1.885812366494,96.23629652118,1.703365208708)
  );
#859 = CARTESIAN_POINT('',(2.712447874394,96.48348875087,3.545694174473)
  );
#860 = CARTESIAN_POINT('',(3.538496584712,96.72535823912,5.38927895155)
  );
#861 = CARTESIAN_POINT('',(1.074245984135,90.857868729392,
    -6.619441913781E-02));
#862 = CARTESIAN_POINT('',(1.901331185301,91.440756467971,1.95195697746)
  );
#863 = CARTESIAN_POINT('',(2.728520281566,92.02105703461,3.970987916951)
  );
#864 = CARTESIAN_POINT('',(3.555278219141,92.59693586528,5.991510985309)
  );
#865 = CARTESIAN_POINT('',(1.085932307844,85.729582106229,
    1.581401676276E-12));
#866 = CARTESIAN_POINT('',(1.913347540492,86.644969968867,2.194111472324
    ));
#867 = CARTESIAN_POINT('',(2.7408118372,87.558075551948,4.389174862714)
  );
#868 = CARTESIAN_POINT('',(3.568068773417,88.4674529279,6.585901682012)
  );
#869 = ADVANCED_FACE('',(#870),#897,.F.);
#870 = FACE_BOUND('',#871,.T.);
#871 = EDGE_LOOP('',(#872,#873,#882,#891));
#872 = ORIENTED_EDGE('',*,*,#439,.F.);
#873 = ORIENTED_EDGE('',*,*,#874,.T.);
#874 = EDGE_CURVE('',#431,#875,#877,.T.);
#875 = VERTEX_POINT('',#876);
#876 = CARTESIAN_POINT('',(15.348964335062,93.683041201308,
    2.447001434767));
#877 = B_SPLINE_CURVE_WITH_KNOTS('',3,(#878,#879,#880,#881),
  .UNSPECIFIED.,.F.,.F.,(4,4),(-54.81963155517,-50.90103566475),
  .PIECEWISE_BEZIER_KNOTS.);
#878 = CARTESIAN_POINT('',(11.430368444639,93.683041201308,
    2.447001434767));
#879 = CARTESIAN_POINT('',(12.736567074779,93.683041201308,
    2.447001434767));
#880 = CARTESIAN_POINT('',(14.042765704919,93.683041201308,
    2.447001434767));
#881 = CARTESIAN_POINT('',(15.348964335062,93.683041201308,
    2.447001434767));
#882 = ORIENTED_EDGE('',*,*,#883,.F.);
#883 = EDGE_CURVE('',#884,#875,#886,.T.);
#884 = VERTEX_POINT('',#885);
#885 = CARTESIAN_POINT('',(15.364141652619,93.033041201306,
    2.447001434767));
#886 = B_SPLINE_CURVE_WITH_KNOTS('',3,(#887,#888,#889,#890),
  .UNSPECIFIED.,.F.,.F.,(4,4),(-8.234613604852,-7.586062222109),
  .PIECEWISE_BEZIER_KNOTS.);
#887 = CARTESIAN_POINT('',(15.364018491011,93.03306642791,2.447050983653
    ));
#888 = CARTESIAN_POINT('',(15.35902120404,93.250055163495,2.447052209222
    ));
#889 = CARTESIAN_POINT('',(15.35396028871,93.466746812555,2.447052953398
    ));
#890 = CARTESIAN_POINT('',(15.348834744356,93.683067899474,
    2.447053377496));
#891 = ORIENTED_EDGE('',*,*,#892,.F.);
#892 = EDGE_CURVE('',#440,#884,#893,.T.);
#893 = LINE('',#894,#895);
#894 = CARTESIAN_POINT('',(8.749999999814,93.033041201306,2.447001434767
    ));
#895 = VECTOR('',#896,1.);
#896 = DIRECTION('',(1.,-4.042198674546E-13,0.));
#897 = PLANE('',#898);
#898 = AXIS2_PLACEMENT_3D('',#899,#900,#901);
#899 = CARTESIAN_POINT('',(8.749999999814,93.683041201308,2.447001434767
    ));
#900 = DIRECTION('',(0.,0.,1.));
#901 = DIRECTION('',(1.,0.,-0.));
#902 = ADVANCED_FACE('',(#903),#921,.F.);
#903 = FACE_BOUND('',#904,.F.);
#904 = EDGE_LOOP('',(#905,#906,#919,#920));
#905 = ORIENTED_EDGE('',*,*,#874,.T.);
#906 = ORIENTED_EDGE('',*,*,#907,.T.);
#907 = EDGE_CURVE('',#875,#563,#908,.T.);
#908 = B_SPLINE_CURVE_WITH_KNOTS('',3,(#909,#910,#911,#912,#913,#914,
    #915,#916,#917,#918),.UNSPECIFIED.,.F.,.F.,(4,3,3,4),(
    -4.001306667873,-3.567450843025,-1.225454497039,-0.414422512018),
  .UNSPECIFIED.);
#909 = CARTESIAN_POINT('',(15.348834744356,93.683067899474,
    2.447053377496));
#910 = CARTESIAN_POINT('',(15.292760503036,93.683068800054,
    2.580385467524));
#911 = CARTESIAN_POINT('',(15.236788765233,93.683069441881,2.71372631234
    ));
#912 = CARTESIAN_POINT('',(15.180930635621,93.683069804982,
    2.847057494241));
#913 = CARTESIAN_POINT('',(14.879402966856,93.683071765034,3.5667923069)
  );
#914 = CARTESIAN_POINT('',(14.579528482133,93.683063737123,
    4.290202720053));
#915 = CARTESIAN_POINT('',(14.283200443338,93.683057038571,
    5.014283000782));
#916 = CARTESIAN_POINT('',(14.180582214265,93.683054718867,
    5.265031584742));
#917 = CARTESIAN_POINT('',(14.078389221554,93.683053012199,
    5.515860390489));
#918 = CARTESIAN_POINT('',(13.976699869255,93.683052767721,
    5.766643604513));
#919 = ORIENTED_EDGE('',*,*,#562,.F.);
#920 = ORIENTED_EDGE('',*,*,#430,.F.);
#921 = B_SPLINE_SURFACE_WITH_KNOTS('',1,1,(
    (#922,#923,#924,#925)
    ,(#926,#927,#928,#929)
    ,(#930,#931,#932,#933
  )),.UNSPECIFIED.,.F.,.F.,.F.,(2,1,2),(2,1,1,2),(2.025046796916E-13,18.
    ,66.499999999999),(-1.,0.,3.,10.5),.UNSPECIFIED.);
#922 = CARTESIAN_POINT('',(-0.250000000186,93.683041201315,
    1.847001434767));
#923 = CARTESIAN_POINT('',(-0.250000000186,93.683041201315,
    2.847001434767));
#924 = CARTESIAN_POINT('',(-0.250000000186,93.683041201315,
    5.847001434767));
#925 = CARTESIAN_POINT('',(-0.250000000186,93.683041201315,
    13.347001434767));
#926 = CARTESIAN_POINT('',(17.749999999814,93.683041201308,
    1.847001434767));
#927 = CARTESIAN_POINT('',(17.749999999814,93.683041201308,
    2.847001434767));
#928 = CARTESIAN_POINT('',(17.749999999814,93.683041201308,
    5.847001434767));
#929 = CARTESIAN_POINT('',(17.749999999814,93.683041201308,
    13.347001434767));
#930 = CARTESIAN_POINT('',(66.249999999815,93.683041201286,
    1.847001434767));
#931 = CARTESIAN_POINT('',(66.249999999815,93.683041201286,
    2.847001434767));
#932 = CARTESIAN_POINT('',(66.249999999815,93.683041201286,
    5.847001434767));
#933 = CARTESIAN_POINT('',(66.249999999815,93.683041201286,
    13.347001434767));
#934 = ADVANCED_FACE('',(#935),#953,.T.);
#935 = FACE_BOUND('',#936,.T.);
#936 = EDGE_LOOP('',(#937,#938,#939,#952));
#937 = ORIENTED_EDGE('',*,*,#448,.F.);
#938 = ORIENTED_EDGE('',*,*,#892,.T.);
#939 = ORIENTED_EDGE('',*,*,#940,.F.);
#940 = EDGE_CURVE('',#249,#884,#941,.T.);
#941 = B_SPLINE_CURVE_WITH_KNOTS('',3,(#942,#943,#944,#945,#946,#947,
    #948,#949,#950,#951),.UNSPECIFIED.,.F.,.F.,(4,3,3,4),(
    -3.309262567666,-0.773537902601,-5.410190436775E-02,0.378668655976),
  .UNSPECIFIED.);
#942 = CARTESIAN_POINT('',(13.970501892666,93.033051703798,
    5.869006474884));
#943 = CARTESIAN_POINT('',(14.283983258971,93.033052611843,
    5.082747603839));
#944 = CARTESIAN_POINT('',(14.602565751644,93.033066612182,
    4.296271693842));
#945 = CARTESIAN_POINT('',(14.924046650298,93.033068671132,3.51294959138
    ));
#946 = CARTESIAN_POINT('',(15.015257235747,93.033069255297,
    3.290705383842));
#947 = CARTESIAN_POINT('',(15.106701071439,93.033069014627,
    3.068714778649));
#948 = CARTESIAN_POINT('',(15.198327710412,93.033068362185,
    2.847054512188));
#949 = CARTESIAN_POINT('',(15.253444929996,93.033067969714,
    2.713716678166));
#950 = CARTESIAN_POINT('',(15.308678616468,93.033067317945,
    2.580376662834));
#951 = CARTESIAN_POINT('',(15.364018491011,93.033066427905,
    2.447050983653));
#952 = ORIENTED_EDGE('',*,*,#260,.T.);
#953 = PLANE('',#954);
#954 = AXIS2_PLACEMENT_3D('',#955,#956,#957);
#955 = CARTESIAN_POINT('',(8.749999999814,93.033041201306,4.347001434767
    ));
#956 = DIRECTION('',(-4.042198674546E-13,-1.,0.));
#957 = DIRECTION('',(-0.,0.,-1.));
#958 = ADVANCED_FACE('',(#959,#962),#1060,.T.);
#959 = FACE_BOUND('',#960,.T.);
#960 = EDGE_LOOP('',(#961));
#961 = ORIENTED_EDGE('',*,*,#323,.T.);
#962 = FACE_BOUND('',#963,.T.);
#963 = EDGE_LOOP('',(#964,#974,#982,#990,#998,#1006,#1014,#1022,#1030,
    #1038,#1046,#1054));
#964 = ORIENTED_EDGE('',*,*,#965,.T.);
#965 = EDGE_CURVE('',#966,#968,#970,.T.);
#966 = VERTEX_POINT('',#967);
#967 = CARTESIAN_POINT('',(8.249999999814,95.358041201318,0.200000000001
    ));
#968 = VERTEX_POINT('',#969);
#969 = CARTESIAN_POINT('',(8.249999999814,93.858041201318,0.200000000001
    ));
#970 = LINE('',#971,#972);
#971 = CARTESIAN_POINT('',(8.249999999814,89.112027446819,0.200000000001
    ));
#972 = VECTOR('',#973,1.);
#973 = DIRECTION('',(0.,-1.,3.061616997868E-16));
#974 = ORIENTED_EDGE('',*,*,#975,.T.);
#975 = EDGE_CURVE('',#968,#976,#978,.T.);
#976 = VERTEX_POINT('',#977);
#977 = CARTESIAN_POINT('',(6.749999999814,93.858041201318,0.200000000001
    ));
#978 = LINE('',#979,#980);
#979 = CARTESIAN_POINT('',(3.249999999814,93.858041201318,0.200000000001
    ));
#980 = VECTOR('',#981,1.);
#981 = DIRECTION('',(-1.,0.,0.));
#982 = ORIENTED_EDGE('',*,*,#983,.T.);
#983 = EDGE_CURVE('',#976,#984,#986,.T.);
#984 = VERTEX_POINT('',#985);
#985 = CARTESIAN_POINT('',(6.749999999814,92.858041201318,0.200000000001
    ));
#986 = LINE('',#987,#988);
#987 = CARTESIAN_POINT('',(6.749999999814,88.612027446819,0.200000000001
    ));
#988 = VECTOR('',#989,1.);
#989 = DIRECTION('',(0.,-1.,3.061616997868E-16));
#990 = ORIENTED_EDGE('',*,*,#991,.T.);
#991 = EDGE_CURVE('',#984,#992,#994,.T.);
#992 = VERTEX_POINT('',#993);
#993 = CARTESIAN_POINT('',(8.249999999814,92.858041201318,0.200000000001
    ));
#994 = LINE('',#995,#996);
#995 = CARTESIAN_POINT('',(3.999999999814,92.858041201318,0.200000000001
    ));
#996 = VECTOR('',#997,1.);
#997 = DIRECTION('',(1.,0.,0.));
#998 = ORIENTED_EDGE('',*,*,#999,.T.);
#999 = EDGE_CURVE('',#992,#1000,#1002,.T.);
#1000 = VERTEX_POINT('',#1001);
#1001 = CARTESIAN_POINT('',(8.249999999814,91.358041201318,
    0.200000000001));
#1002 = LINE('',#1003,#1004);
#1003 = CARTESIAN_POINT('',(8.249999999814,89.112027446819,
    0.200000000001));
#1004 = VECTOR('',#1005,1.);
#1005 = DIRECTION('',(0.,-1.,3.061616997868E-16));
#1006 = ORIENTED_EDGE('',*,*,#1007,.T.);
#1007 = EDGE_CURVE('',#1000,#1008,#1010,.T.);
#1008 = VERTEX_POINT('',#1009);
#1009 = CARTESIAN_POINT('',(9.249999999814,91.358041201318,
    0.200000000001));
#1010 = LINE('',#1011,#1012);
#1011 = CARTESIAN_POINT('',(4.499999999814,91.358041201318,
    0.200000000001));
#1012 = VECTOR('',#1013,1.);
#1013 = DIRECTION('',(1.,0.,0.));
#1014 = ORIENTED_EDGE('',*,*,#1015,.T.);
#1015 = EDGE_CURVE('',#1008,#1016,#1018,.T.);
#1016 = VERTEX_POINT('',#1017);
#1017 = CARTESIAN_POINT('',(9.249999999814,92.858041201318,
    0.200000000001));
#1018 = LINE('',#1019,#1020);
#1019 = CARTESIAN_POINT('',(9.249999999814,88.612027446819,
    0.200000000001));
#1020 = VECTOR('',#1021,1.);
#1021 = DIRECTION('',(0.,1.,-3.061616997868E-16));
#1022 = ORIENTED_EDGE('',*,*,#1023,.T.);
#1023 = EDGE_CURVE('',#1016,#1024,#1026,.T.);
#1024 = VERTEX_POINT('',#1025);
#1025 = CARTESIAN_POINT('',(10.749999999815,92.858041201318,
    0.200000000001));
#1026 = LINE('',#1027,#1028);
#1027 = CARTESIAN_POINT('',(3.999999999814,92.858041201318,
    0.200000000001));
#1028 = VECTOR('',#1029,1.);
#1029 = DIRECTION('',(1.,0.,0.));
#1030 = ORIENTED_EDGE('',*,*,#1031,.T.);
#1031 = EDGE_CURVE('',#1024,#1032,#1034,.T.);
#1032 = VERTEX_POINT('',#1033);
#1033 = CARTESIAN_POINT('',(10.749999999815,93.858041201318,
    0.200000000001));
#1034 = LINE('',#1035,#1036);
#1035 = CARTESIAN_POINT('',(10.749999999815,89.112027446819,
    0.200000000001));
#1036 = VECTOR('',#1037,1.);
#1037 = DIRECTION('',(0.,1.,-3.061616997868E-16));
#1038 = ORIENTED_EDGE('',*,*,#1039,.T.);
#1039 = EDGE_CURVE('',#1032,#1040,#1042,.T.);
#1040 = VERTEX_POINT('',#1041);
#1041 = CARTESIAN_POINT('',(9.249999999814,93.858041201318,
    0.200000000001));
#1042 = LINE('',#1043,#1044);
#1043 = CARTESIAN_POINT('',(4.499999999814,93.858041201318,
    0.200000000001));
#1044 = VECTOR('',#1045,1.);
#1045 = DIRECTION('',(-1.,0.,0.));
#1046 = ORIENTED_EDGE('',*,*,#1047,.T.);
#1047 = EDGE_CURVE('',#1040,#1048,#1050,.T.);
#1048 = VERTEX_POINT('',#1049);
#1049 = CARTESIAN_POINT('',(9.249999999814,95.358041201318,
    0.200000000001));
#1050 = LINE('',#1051,#1052);
#1051 = CARTESIAN_POINT('',(9.249999999814,89.862027446819,
    0.200000000001));
#1052 = VECTOR('',#1053,1.);
#1053 = DIRECTION('',(0.,1.,-3.061616997868E-16));
#1054 = ORIENTED_EDGE('',*,*,#1055,.T.);
#1055 = EDGE_CURVE('',#1048,#966,#1056,.T.);
#1056 = LINE('',#1057,#1058);
#1057 = CARTESIAN_POINT('',(3.999999999814,95.358041201318,
    0.200000000001));
#1058 = VECTOR('',#1059,1.);
#1059 = DIRECTION('',(-1.,0.,0.));
#1060 = PLANE('',#1061);
#1061 = AXIS2_PLACEMENT_3D('',#1062,#1063,#1064);
#1062 = CARTESIAN_POINT('',(-0.250000000186,84.366013692321,
    0.200000000001));
#1063 = DIRECTION('',(0.,-3.061616997868E-16,-1.));
#1064 = DIRECTION('',(0.,1.,-3.061616997868E-16));
#1065 = ADVANCED_FACE('',(#1066),#1095,.T.);
#1066 = FACE_BOUND('',#1067,.T.);
#1067 = EDGE_LOOP('',(#1068,#1082,#1088,#1089));
#1068 = ORIENTED_EDGE('',*,*,#1069,.T.);
#1069 = EDGE_CURVE('',#1070,#1072,#1074,.T.);
#1070 = VERTEX_POINT('',#1071);
#1071 = CARTESIAN_POINT('',(9.249999999814,95.358041201318,
    5.063083259945));
#1072 = VERTEX_POINT('',#1073);
#1073 = CARTESIAN_POINT('',(8.249999999814,95.358041201318,
    5.062923584142));
#1074 = B_SPLINE_CURVE_WITH_KNOTS('',3,(#1075,#1076,#1077,#1078,#1079,
    #1080,#1081),.UNSPECIFIED.,.F.,.F.,(4,3,4),(1.567226785931,
    2.066706841989,2.567094496976),.UNSPECIFIED.);
#1075 = CARTESIAN_POINT('',(9.249999765871,95.358040834384,5.06308095395
    ));
#1076 = CARTESIAN_POINT('',(9.083497122618,95.358040812746,
    5.060392802924));
#1077 = CARTESIAN_POINT('',(8.9169834399,95.358040810752,5.0590331592));
#1078 = CARTESIAN_POINT('',(8.750489560043,95.358040829131,
    5.059003331105));
#1079 = CARTESIAN_POINT('',(8.583690836473,95.358040847539,
    5.058973448395));
#1080 = CARTESIAN_POINT('',(8.416854523744,95.35804092684,5.06027817463)
  );
#1081 = CARTESIAN_POINT('',(8.249999799231,95.358040936597,
    5.062921920551));
#1082 = ORIENTED_EDGE('',*,*,#1083,.F.);
#1083 = EDGE_CURVE('',#966,#1072,#1084,.T.);
#1084 = LINE('',#1085,#1086);
#1085 = CARTESIAN_POINT('',(8.249999999814,95.358041201318,
    8.277822871605E-13));
#1086 = VECTOR('',#1087,1.);
#1087 = DIRECTION('',(0.,0.,1.));
#1088 = ORIENTED_EDGE('',*,*,#1055,.F.);
#1089 = ORIENTED_EDGE('',*,*,#1090,.T.);
#1090 = EDGE_CURVE('',#1048,#1070,#1091,.T.);
#1091 = LINE('',#1092,#1093);
#1092 = CARTESIAN_POINT('',(9.249999999814,95.358041201318,
    8.277822871605E-13));
#1093 = VECTOR('',#1094,1.);
#1094 = DIRECTION('',(0.,0.,1.));
#1095 = PLANE('',#1096);
#1096 = AXIS2_PLACEMENT_3D('',#1097,#1098,#1099);
#1097 = CARTESIAN_POINT('',(8.249999999814,95.358041201318,
    8.277822871605E-13));
#1098 = DIRECTION('',(0.,-1.,0.));
#1099 = DIRECTION('',(1.,0.,0.));
#1100 = ADVANCED_FACE('',(#1101),#1120,.T.);
#1101 = FACE_BOUND('',#1102,.T.);
#1102 = EDGE_LOOP('',(#1103,#1112,#1113,#1114));
#1103 = ORIENTED_EDGE('',*,*,#1104,.T.);
#1104 = EDGE_CURVE('',#1105,#1070,#1107,.T.);
#1105 = VERTEX_POINT('',#1106);
#1106 = CARTESIAN_POINT('',(9.249999999814,93.858041201318,
    5.301762930063));
#1107 = B_SPLINE_CURVE_WITH_KNOTS('',3,(#1108,#1109,#1110,#1111),
  .UNSPECIFIED.,.F.,.F.,(4,4),(2.595107151133,4.113977779241),
  .PIECEWISE_BEZIER_KNOTS.);
#1108 = CARTESIAN_POINT('',(9.249999999814,93.858041201318,
    5.301762930063));
#1109 = CARTESIAN_POINT('',(9.249999999814,94.358041201318,
    5.222203040024));
#1110 = CARTESIAN_POINT('',(9.249999999814,94.858041201318,
    5.142643149985));
#1111 = CARTESIAN_POINT('',(9.249999999814,95.358041201318,
    5.063083259945));
#1112 = ORIENTED_EDGE('',*,*,#1090,.F.);
#1113 = ORIENTED_EDGE('',*,*,#1047,.F.);
#1114 = ORIENTED_EDGE('',*,*,#1115,.T.);
#1115 = EDGE_CURVE('',#1040,#1105,#1116,.T.);
#1116 = LINE('',#1117,#1118);
#1117 = CARTESIAN_POINT('',(9.249999999814,93.858041201318,
    8.277822871605E-13));
#1118 = VECTOR('',#1119,1.);
#1119 = DIRECTION('',(0.,0.,1.));
#1120 = PLANE('',#1121);
#1121 = AXIS2_PLACEMENT_3D('',#1122,#1123,#1124);
#1122 = CARTESIAN_POINT('',(9.249999999814,95.358041201318,
    8.277822871605E-13));
#1123 = DIRECTION('',(-1.,0.,0.));
#1124 = DIRECTION('',(0.,-1.,3.061616997868E-16));
#1125 = ADVANCED_FACE('',(#1126),#1145,.T.);
#1126 = FACE_BOUND('',#1127,.T.);
#1127 = EDGE_LOOP('',(#1128,#1137,#1143,#1144));
#1128 = ORIENTED_EDGE('',*,*,#1129,.T.);
#1129 = EDGE_CURVE('',#1072,#1130,#1132,.T.);
#1130 = VERTEX_POINT('',#1131);
#1131 = CARTESIAN_POINT('',(8.249999999814,93.858041201318,5.30160325426
    ));
#1132 = B_SPLINE_CURVE_WITH_KNOTS('',3,(#1133,#1134,#1135,#1136),
  .UNSPECIFIED.,.F.,.F.,(4,4),(9.60876197252E-02,1.614958247833),
  .PIECEWISE_BEZIER_KNOTS.);
#1133 = CARTESIAN_POINT('',(8.249999999814,95.358041201318,
    5.062923584142));
#1134 = CARTESIAN_POINT('',(8.249999999814,94.858041201318,
    5.142483474181));
#1135 = CARTESIAN_POINT('',(8.249999999814,94.358041201318,
    5.222043364221));
#1136 = CARTESIAN_POINT('',(8.249999999814,93.858041201318,5.30160325426
    ));
#1137 = ORIENTED_EDGE('',*,*,#1138,.F.);
#1138 = EDGE_CURVE('',#968,#1130,#1139,.T.);
#1139 = LINE('',#1140,#1141);
#1140 = CARTESIAN_POINT('',(8.249999999814,93.858041201318,
    8.277822871605E-13));
#1141 = VECTOR('',#1142,1.);
#1142 = DIRECTION('',(0.,0.,1.));
#1143 = ORIENTED_EDGE('',*,*,#965,.F.);
#1144 = ORIENTED_EDGE('',*,*,#1083,.T.);
#1145 = PLANE('',#1146);
#1146 = AXIS2_PLACEMENT_3D('',#1147,#1148,#1149);
#1147 = CARTESIAN_POINT('',(8.249999999814,93.858041201318,
    8.277822871605E-13));
#1148 = DIRECTION('',(1.,0.,0.));
#1149 = DIRECTION('',(0.,1.,-3.061616997868E-16));
#1150 = ADVANCED_FACE('',(#1151),#1170,.T.);
#1151 = FACE_BOUND('',#1152,.T.);
#1152 = EDGE_LOOP('',(#1153,#1162,#1163,#1164));
#1153 = ORIENTED_EDGE('',*,*,#1154,.T.);
#1154 = EDGE_CURVE('',#1155,#1105,#1157,.T.);
#1155 = VERTEX_POINT('',#1156);
#1156 = CARTESIAN_POINT('',(10.749999999815,93.858041201318,
    5.361953336281));
#1157 = B_SPLINE_CURVE_WITH_KNOTS('',3,(#1158,#1159,#1160,#1161),
  .UNSPECIFIED.,.F.,.F.,(4,4),(6.617163410906E-02,1.567226785931),
  .PIECEWISE_BEZIER_KNOTS.);
#1158 = CARTESIAN_POINT('',(10.749999999815,93.858041201325,
    5.361953336281));
#1159 = CARTESIAN_POINT('',(10.250659324636,93.858041200787,
    5.329916384532));
#1160 = CARTESIAN_POINT('',(9.750379243204,93.858040897576,
    5.309839148393));
#1161 = CARTESIAN_POINT('',(9.249999765871,93.858040834384,
    5.301760624068));
#1162 = ORIENTED_EDGE('',*,*,#1115,.F.);
#1163 = ORIENTED_EDGE('',*,*,#1039,.F.);
#1164 = ORIENTED_EDGE('',*,*,#1165,.T.);
#1165 = EDGE_CURVE('',#1032,#1155,#1166,.T.);
#1166 = LINE('',#1167,#1168);
#1167 = CARTESIAN_POINT('',(10.749999999815,93.858041201318,
    8.277822871605E-13));
#1168 = VECTOR('',#1169,1.);
#1169 = DIRECTION('',(0.,0.,1.));
#1170 = PLANE('',#1171);
#1171 = AXIS2_PLACEMENT_3D('',#1172,#1173,#1174);
#1172 = CARTESIAN_POINT('',(9.249999999814,93.858041201318,
    8.277822871605E-13));
#1173 = DIRECTION('',(0.,-1.,0.));
#1174 = DIRECTION('',(1.,0.,0.));
#1175 = ADVANCED_FACE('',(#1176),#1198,.T.);
#1176 = FACE_BOUND('',#1177,.T.);
#1177 = EDGE_LOOP('',(#1178,#1190,#1196,#1197));
#1178 = ORIENTED_EDGE('',*,*,#1179,.T.);
#1179 = EDGE_CURVE('',#1130,#1180,#1182,.T.);
#1180 = VERTEX_POINT('',#1181);
#1181 = CARTESIAN_POINT('',(6.749999999814,93.858041201318,5.36158434273
    ));
#1182 = B_SPLINE_CURVE_WITH_KNOTS('',3,(#1183,#1184,#1185,#1186,#1187,
    #1188,#1189),.UNSPECIFIED.,.F.,.F.,(4,3,4),(2.567094496976,
    3.796036132386,4.0666279661),.UNSPECIFIED.);
#1183 = CARTESIAN_POINT('',(8.249999799231,93.858040936604,
    5.301601590669));
#1184 = CARTESIAN_POINT('',(7.840215693905,93.858040869614,
    5.308094469279));
#1185 = CARTESIAN_POINT('',(7.430320150204,93.858040175932,5.32266202636
    ));
#1186 = CARTESIAN_POINT('',(7.020600226009,93.858040772269,
    5.345387095686));
#1187 = CARTESIAN_POINT('',(6.930386938086,93.858040903578,
    5.350390765512));
#1188 = CARTESIAN_POINT('',(6.840185831577,93.858041124244,
    5.355790084045));
#1189 = CARTESIAN_POINT('',(6.749999999814,93.858041201318,5.36158434273
    ));
#1190 = ORIENTED_EDGE('',*,*,#1191,.F.);
#1191 = EDGE_CURVE('',#976,#1180,#1192,.T.);
#1192 = LINE('',#1193,#1194);
#1193 = CARTESIAN_POINT('',(6.749999999814,93.858041201318,
    8.277822871605E-13));
#1194 = VECTOR('',#1195,1.);
#1195 = DIRECTION('',(0.,0.,1.));
#1196 = ORIENTED_EDGE('',*,*,#975,.F.);
#1197 = ORIENTED_EDGE('',*,*,#1138,.T.);
#1198 = PLANE('',#1199);
#1199 = AXIS2_PLACEMENT_3D('',#1200,#1201,#1202);
#1200 = CARTESIAN_POINT('',(6.749999999814,93.858041201318,
    8.277822871605E-13));
#1201 = DIRECTION('',(0.,-1.,0.));
#1202 = DIRECTION('',(1.,0.,0.));
#1203 = ADVANCED_FACE('',(#1204),#1225,.T.);
#1204 = FACE_BOUND('',#1205,.T.);
#1205 = EDGE_LOOP('',(#1206,#1217,#1218,#1219));
#1206 = ORIENTED_EDGE('',*,*,#1207,.T.);
#1207 = EDGE_CURVE('',#1208,#1155,#1210,.T.);
#1208 = VERTEX_POINT('',#1209);
#1209 = CARTESIAN_POINT('',(10.749999999815,92.858041201318,
    5.521073116359));
#1210 = B_SPLINE_CURVE_WITH_KNOTS('',3,(#1211,#1212,#1213,#1214,#1215,
    #1216),.UNSPECIFIED.,.F.,.F.,(4,2,4),(1.573068239989,2.105045245439,
    2.585648658727),.UNSPECIFIED.);
#1211 = CARTESIAN_POINT('',(10.749999999815,92.858041201318,
    5.521073116359));
#1212 = CARTESIAN_POINT('',(10.749999999815,93.03316375475,
    5.493207654171));
#1213 = CARTESIAN_POINT('',(10.749999999815,93.208286308181,
    5.465342191982));
#1214 = CARTESIAN_POINT('',(10.749999999815,93.541619641517,
    5.412302265289));
#1215 = CARTESIAN_POINT('',(10.749999999815,93.699830421421,
    5.387127800785));
#1216 = CARTESIAN_POINT('',(10.749999999815,93.858041201318,
    5.361953336281));
#1217 = ORIENTED_EDGE('',*,*,#1165,.F.);
#1218 = ORIENTED_EDGE('',*,*,#1031,.F.);
#1219 = ORIENTED_EDGE('',*,*,#1220,.T.);
#1220 = EDGE_CURVE('',#1024,#1208,#1221,.T.);
#1221 = LINE('',#1222,#1223);
#1222 = CARTESIAN_POINT('',(10.749999999815,92.858041201318,
    8.286704655802E-13));
#1223 = VECTOR('',#1224,1.);
#1224 = DIRECTION('',(0.,0.,1.));
#1225 = PLANE('',#1226);
#1226 = AXIS2_PLACEMENT_3D('',#1227,#1228,#1229);
#1227 = CARTESIAN_POINT('',(10.749999999815,93.858041201318,
    8.277822871605E-13));
#1228 = DIRECTION('',(-1.,0.,0.));
#1229 = DIRECTION('',(0.,-1.,3.061616997868E-16));
#1230 = ADVANCED_FACE('',(#1231),#1252,.T.);
#1231 = FACE_BOUND('',#1232,.T.);
#1232 = EDGE_LOOP('',(#1233,#1244,#1250,#1251));
#1233 = ORIENTED_EDGE('',*,*,#1234,.T.);
#1234 = EDGE_CURVE('',#1180,#1235,#1237,.T.);
#1235 = VERTEX_POINT('',#1236);
#1236 = CARTESIAN_POINT('',(6.749999999814,92.858041201318,
    5.520704122809));
#1237 = B_SPLINE_CURVE_WITH_KNOTS('',3,(#1238,#1239,#1240,#1241,#1242,
    #1243),.UNSPECIFIED.,.F.,.F.,(4,2,4),(1.624383847449,2.105045245439,
    2.636964266187),.UNSPECIFIED.);
#1238 = CARTESIAN_POINT('',(6.749999999814,93.858041201318,5.36158434273
    ));
#1239 = CARTESIAN_POINT('',(6.749999999814,93.699811333317,
    5.386761844528));
#1240 = CARTESIAN_POINT('',(6.749999999814,93.541581465317,
    5.411939346326));
#1241 = CARTESIAN_POINT('',(6.749999999814,93.208248131988,
    5.464979273019));
#1242 = CARTESIAN_POINT('',(6.749999999814,93.033144666653,
    5.492841697914));
#1243 = CARTESIAN_POINT('',(6.749999999814,92.858041201318,
    5.520704122809));
#1244 = ORIENTED_EDGE('',*,*,#1245,.F.);
#1245 = EDGE_CURVE('',#984,#1235,#1246,.T.);
#1246 = LINE('',#1247,#1248);
#1247 = CARTESIAN_POINT('',(6.749999999814,92.858041201318,
    8.286704655802E-13));
#1248 = VECTOR('',#1249,1.);
#1249 = DIRECTION('',(0.,0.,1.));
#1250 = ORIENTED_EDGE('',*,*,#983,.F.);
#1251 = ORIENTED_EDGE('',*,*,#1191,.T.);
#1252 = PLANE('',#1253);
#1253 = AXIS2_PLACEMENT_3D('',#1254,#1255,#1256);
#1254 = CARTESIAN_POINT('',(6.749999999814,92.858041201318,
    8.286704655802E-13));
#1255 = DIRECTION('',(1.,0.,0.));
#1256 = DIRECTION('',(0.,1.,-3.061616997868E-16));
#1257 = ADVANCED_FACE('',(#1258),#1277,.T.);
#1258 = FACE_BOUND('',#1259,.T.);
#1259 = EDGE_LOOP('',(#1260,#1269,#1270,#1271));
#1260 = ORIENTED_EDGE('',*,*,#1261,.T.);
#1261 = EDGE_CURVE('',#1262,#1208,#1264,.T.);
#1262 = VERTEX_POINT('',#1263);
#1263 = CARTESIAN_POINT('',(9.249999999814,92.858041201318,
    5.460882710142));
#1264 = B_SPLINE_CURVE_WITH_KNOTS('',3,(#1265,#1266,#1267,#1268),
  .UNSPECIFIED.,.F.,.F.,(4,4),(2.570625869455,4.074673604045),
  .PIECEWISE_BEZIER_KNOTS.);
#1265 = CARTESIAN_POINT('',(9.249999765871,92.858040834384,
    5.460880404147));
#1266 = CARTESIAN_POINT('',(9.750379266967,92.85804089759,5.468958928853
    ));
#1267 = CARTESIAN_POINT('',(10.250659348316,92.858041200889,
    5.489036166113));
#1268 = CARTESIAN_POINT('',(10.749999999815,92.858041201325,
    5.521073116359));
#1269 = ORIENTED_EDGE('',*,*,#1220,.F.);
#1270 = ORIENTED_EDGE('',*,*,#1023,.F.);
#1271 = ORIENTED_EDGE('',*,*,#1272,.T.);
#1272 = EDGE_CURVE('',#1016,#1262,#1273,.T.);
#1273 = LINE('',#1274,#1275);
#1274 = CARTESIAN_POINT('',(9.249999999814,92.858041201318,
    8.286704655802E-13));
#1275 = VECTOR('',#1276,1.);
#1276 = DIRECTION('',(0.,0.,1.));
#1277 = PLANE('',#1278);
#1278 = AXIS2_PLACEMENT_3D('',#1279,#1280,#1281);
#1279 = CARTESIAN_POINT('',(8.249999999814,92.858041201318,
    8.286704655802E-13));
#1280 = DIRECTION('',(0.,1.,0.));
#1281 = DIRECTION('',(-1.,0.,0.));
#1282 = ADVANCED_FACE('',(#1283),#1305,.T.);
#1283 = FACE_BOUND('',#1284,.T.);
#1284 = EDGE_LOOP('',(#1285,#1297,#1303,#1304));
#1285 = ORIENTED_EDGE('',*,*,#1286,.T.);
#1286 = EDGE_CURVE('',#1235,#1287,#1289,.T.);
#1287 = VERTEX_POINT('',#1288);
#1288 = CARTESIAN_POINT('',(8.249999999814,92.858041201318,
    5.460723034339));
#1289 = B_SPLINE_CURVE_WITH_KNOTS('',3,(#1290,#1291,#1292,#1293,#1294,
    #1295,#1296),.UNSPECIFIED.,.F.,.F.,(4,3,4),(6.624111935745E-02,
    0.337372491028,1.568764631793),.UNSPECIFIED.);
#1290 = CARTESIAN_POINT('',(6.749999999814,92.858041201318,
    5.520704122809));
#1291 = CARTESIAN_POINT('',(6.840185834026,92.858041123494,
    5.514909864087));
#1292 = CARTESIAN_POINT('',(6.930386940319,92.858040902531,
    5.509510545633));
#1293 = CARTESIAN_POINT('',(7.020600226009,92.858040771214,
    5.504506875932));
#1294 = CARTESIAN_POINT('',(7.430320172109,92.858040174833,5.4817818054)
  );
#1295 = CARTESIAN_POINT('',(7.840215695891,92.858040874147,
    5.467214248606));
#1296 = CARTESIAN_POINT('',(8.249999799231,92.858040936611,
    5.460721370748));
#1297 = ORIENTED_EDGE('',*,*,#1298,.F.);
#1298 = EDGE_CURVE('',#992,#1287,#1299,.T.);
#1299 = LINE('',#1300,#1301);
#1300 = CARTESIAN_POINT('',(8.249999999814,92.858041201318,
    8.286704655802E-13));
#1301 = VECTOR('',#1302,1.);
#1302 = DIRECTION('',(0.,0.,1.));
#1303 = ORIENTED_EDGE('',*,*,#991,.F.);
#1304 = ORIENTED_EDGE('',*,*,#1245,.T.);
#1305 = PLANE('',#1306);
#1306 = AXIS2_PLACEMENT_3D('',#1307,#1308,#1309);
#1307 = CARTESIAN_POINT('',(8.249999999814,92.858041201318,
    8.286704655802E-13));
#1308 = DIRECTION('',(0.,1.,0.));
#1309 = DIRECTION('',(-1.,0.,0.));
#1310 = ADVANCED_FACE('',(#1311),#1330,.T.);
#1311 = FACE_BOUND('',#1312,.T.);
#1312 = EDGE_LOOP('',(#1313,#1322,#1323,#1324));
#1313 = ORIENTED_EDGE('',*,*,#1314,.T.);
#1314 = EDGE_CURVE('',#1315,#1262,#1317,.T.);
#1315 = VERTEX_POINT('',#1316);
#1316 = CARTESIAN_POINT('',(9.249999999814,91.358041201318,5.69956238026
    ));
#1317 = B_SPLINE_CURVE_WITH_KNOTS('',3,(#1318,#1319,#1320,#1321),
  .UNSPECIFIED.,.F.,.F.,(4,4),(6.365610428725E-02,1.582526732395),
  .PIECEWISE_BEZIER_KNOTS.);
#1318 = CARTESIAN_POINT('',(9.249999999814,91.358041201318,5.69956238026
    ));
#1319 = CARTESIAN_POINT('',(9.249999999814,91.858041201318,
    5.620002490221));
#1320 = CARTESIAN_POINT('',(9.249999999814,92.358041201318,
    5.540442600182));
#1321 = CARTESIAN_POINT('',(9.249999999814,92.858041201318,
    5.460882710142));
#1322 = ORIENTED_EDGE('',*,*,#1272,.F.);
#1323 = ORIENTED_EDGE('',*,*,#1015,.F.);
#1324 = ORIENTED_EDGE('',*,*,#1325,.T.);
#1325 = EDGE_CURVE('',#1008,#1315,#1326,.T.);
#1326 = LINE('',#1327,#1328);
#1327 = CARTESIAN_POINT('',(9.249999999814,91.358041201318,
    8.286704655802E-13));
#1328 = VECTOR('',#1329,1.);
#1329 = DIRECTION('',(0.,0.,1.));
#1330 = PLANE('',#1331);
#1331 = AXIS2_PLACEMENT_3D('',#1332,#1333,#1334);
#1332 = CARTESIAN_POINT('',(9.249999999814,92.858041201318,
    8.286704655802E-13));
#1333 = DIRECTION('',(-1.,0.,0.));
#1334 = DIRECTION('',(0.,-1.,3.061616997868E-16));
#1335 = ADVANCED_FACE('',(#1336),#1358,.T.);
#1336 = FACE_BOUND('',#1337,.T.);
#1337 = EDGE_LOOP('',(#1338,#1350,#1351,#1352));
#1338 = ORIENTED_EDGE('',*,*,#1339,.T.);
#1339 = EDGE_CURVE('',#1340,#1315,#1342,.T.);
#1340 = VERTEX_POINT('',#1341);
#1341 = CARTESIAN_POINT('',(8.249999999814,91.358041201318,
    5.699402704457));
#1342 = B_SPLINE_CURVE_WITH_KNOTS('',3,(#1343,#1344,#1345,#1346,#1347,
    #1348,#1349),.UNSPECIFIED.,.F.,.F.,(4,3,4),(1.568764631793,
    2.069879781049,2.570625869455),.UNSPECIFIED.);
#1343 = CARTESIAN_POINT('',(8.249999799231,91.358040936619,
    5.699401040866));
#1344 = CARTESIAN_POINT('',(8.416764576777,91.35804092684,5.696758720122
    ));
#1345 = CARTESIAN_POINT('',(8.58351096536,91.358040847597,5.695453975788
    ));
#1346 = CARTESIAN_POINT('',(8.750219822614,91.358040829175,
    5.695482404259));
#1347 = CARTESIAN_POINT('',(8.916803596188,91.358040810766,5.6955108114)
  );
#1348 = CARTESIAN_POINT('',(9.08340720804,91.358040812746,5.696870471587
    ));
#1349 = CARTESIAN_POINT('',(9.249999765871,91.358040834391,
    5.699560074265));
#1350 = ORIENTED_EDGE('',*,*,#1325,.F.);
#1351 = ORIENTED_EDGE('',*,*,#1007,.F.);
#1352 = ORIENTED_EDGE('',*,*,#1353,.T.);
#1353 = EDGE_CURVE('',#1000,#1340,#1354,.T.);
#1354 = LINE('',#1355,#1356);
#1355 = CARTESIAN_POINT('',(8.249999999814,91.358041201318,
    8.286704655802E-13));
#1356 = VECTOR('',#1357,1.);
#1357 = DIRECTION('',(0.,0.,1.));
#1358 = PLANE('',#1359);
#1359 = AXIS2_PLACEMENT_3D('',#1360,#1361,#1362);
#1360 = CARTESIAN_POINT('',(9.249999999814,91.358041201318,
    8.295586439999E-13));
#1361 = DIRECTION('',(0.,1.,0.));
#1362 = DIRECTION('',(-1.,0.,0.));
#1363 = ADVANCED_FACE('',(#1364),#1376,.T.);
#1364 = FACE_BOUND('',#1365,.T.);
#1365 = EDGE_LOOP('',(#1366,#1373,#1374,#1375));
#1366 = ORIENTED_EDGE('',*,*,#1367,.T.);
#1367 = EDGE_CURVE('',#1287,#1340,#1368,.T.);
#1368 = B_SPLINE_CURVE_WITH_KNOTS('',3,(#1369,#1370,#1371,#1372),
  .UNSPECIFIED.,.F.,.F.,(4,4),(2.627538666571,4.146409294679),
  .PIECEWISE_BEZIER_KNOTS.);
#1369 = CARTESIAN_POINT('',(8.249999999814,92.858041201318,
    5.460723034339));
#1370 = CARTESIAN_POINT('',(8.249999999814,92.358041201318,
    5.540282924378));
#1371 = CARTESIAN_POINT('',(8.249999999814,91.858041201318,
    5.619842814418));
#1372 = CARTESIAN_POINT('',(8.249999999814,91.358041201318,
    5.699402704457));
#1373 = ORIENTED_EDGE('',*,*,#1353,.F.);
#1374 = ORIENTED_EDGE('',*,*,#999,.F.);
#1375 = ORIENTED_EDGE('',*,*,#1298,.T.);
#1376 = PLANE('',#1377);
#1377 = AXIS2_PLACEMENT_3D('',#1378,#1379,#1380);
#1378 = CARTESIAN_POINT('',(8.249999999814,93.858041201318,
    8.277822871605E-13));
#1379 = DIRECTION('',(1.,0.,0.));
#1380 = DIRECTION('',(0.,1.,-3.061616997868E-16));
#1381 = ADVANCED_FACE('',(#1382),#1396,.F.);
#1382 = FACE_BOUND('',#1383,.F.);
#1383 = EDGE_LOOP('',(#1384,#1385,#1386,#1387,#1388,#1389,#1390,#1391,
    #1392,#1393,#1394,#1395));
#1384 = ORIENTED_EDGE('',*,*,#1129,.T.);
#1385 = ORIENTED_EDGE('',*,*,#1179,.T.);
#1386 = ORIENTED_EDGE('',*,*,#1234,.T.);
#1387 = ORIENTED_EDGE('',*,*,#1286,.T.);
#1388 = ORIENTED_EDGE('',*,*,#1367,.T.);
#1389 = ORIENTED_EDGE('',*,*,#1339,.T.);
#1390 = ORIENTED_EDGE('',*,*,#1314,.T.);
#1391 = ORIENTED_EDGE('',*,*,#1261,.T.);
#1392 = ORIENTED_EDGE('',*,*,#1207,.T.);
#1393 = ORIENTED_EDGE('',*,*,#1154,.T.);
#1394 = ORIENTED_EDGE('',*,*,#1104,.T.);
#1395 = ORIENTED_EDGE('',*,*,#1069,.T.);
#1396 = B_SPLINE_SURFACE_WITH_KNOTS('',3,3,(
    (#1397,#1398,#1399,#1400,#1401,#1402)
    ,(#1403,#1404,#1405,#1406,#1407,#1408)
    ,(#1409,#1410,#1411,#1412,#1413,#1414)
    ,(#1415,#1416,#1417,#1418,#1419,#1420
    )),.UNSPECIFIED.,.F.,.F.,.F.,(4,4),(4,2,4),(0.470993406352,
    0.604688691934),(0.276275555505,0.284793046234,0.402024544512),
  .UNSPECIFIED.);
#1397 = CARTESIAN_POINT('',(6.749999999814,95.367962374665,
    5.121326017691));
#1398 = CARTESIAN_POINT('',(6.840165037567,95.367063366211,
    5.115676132746));
#1399 = CARTESIAN_POINT('',(6.930366699686,95.366225404723,
    5.110409901896));
#1400 = CARTESIAN_POINT('',(8.26254011436,95.354758509857,5.038345355157
    ));
#1401 = CARTESIAN_POINT('',(9.50982533794,95.355671479811,5.044082981921
    ));
#1402 = CARTESIAN_POINT('',(10.749999999815,95.368019638969,
    5.12168589936));
#1403 = CARTESIAN_POINT('',(6.749999999814,94.034416555114,
    5.333519535223));
#1404 = CARTESIAN_POINT('',(6.840165037567,94.033517546661,
    5.327869650278));
#1405 = CARTESIAN_POINT('',(6.930366699686,94.032679585172,
    5.322603419429));
#1406 = CARTESIAN_POINT('',(8.26254011436,94.021212690306,5.250538872689
    ));
#1407 = CARTESIAN_POINT('',(9.50982533794,94.02212566026,5.256276499454)
  );
#1408 = CARTESIAN_POINT('',(10.749999999815,94.034473819418,
    5.333879416892));
#1409 = CARTESIAN_POINT('',(6.749999999814,92.700870735556,
    5.545713052756));
#1410 = CARTESIAN_POINT('',(6.840165037567,92.699971727103,
    5.540063167811));
#1411 = CARTESIAN_POINT('',(6.930366699686,92.699133765622,
    5.534796936961));
#1412 = CARTESIAN_POINT('',(8.26254011436,92.687666870785,5.462732390221
    ));
#1413 = CARTESIAN_POINT('',(9.50982533794,92.688579840695,5.468470016986
    ));
#1414 = CARTESIAN_POINT('',(10.749999999815,92.700927999853,
    5.546072934424));
#1415 = CARTESIAN_POINT('',(6.749999999814,91.367324916006,
    5.757906570288));
#1416 = CARTESIAN_POINT('',(6.840165037567,91.366425907552,
    5.752256685343));
#1417 = CARTESIAN_POINT('',(6.930366699686,91.365587946071,
    5.746990454494));
#1418 = CARTESIAN_POINT('',(8.26254011436,91.354121051234,5.674925907754
    ));
#1419 = CARTESIAN_POINT('',(9.50982533794,91.355034021144,5.680663534519
    ));
#1420 = CARTESIAN_POINT('',(10.749999999815,91.367382180302,
    5.758266451957));
#1421 = ADVANCED_FACE('',(#1422),#1447,.F.);
#1422 = FACE_BOUND('',#1423,.T.);
#1423 = EDGE_LOOP('',(#1424,#1425,#1426,#1427,#1435,#1444,#1445,#1446));
#1424 = ORIENTED_EDGE('',*,*,#496,.T.);
#1425 = ORIENTED_EDGE('',*,*,#742,.T.);
#1426 = ORIENTED_EDGE('',*,*,#819,.F.);
#1427 = ORIENTED_EDGE('',*,*,#1428,.T.);
#1428 = EDGE_CURVE('',#820,#1429,#1431,.T.);
#1429 = VERTEX_POINT('',#1430);
#1430 = CARTESIAN_POINT('',(16.354777235694,101.10326640437,
    1.59827706625E-12));
#1431 = LINE('',#1432,#1433);
#1432 = CARTESIAN_POINT('',(13.249999999818,101.10326640437,
    1.59916524467E-12));
#1433 = VECTOR('',#1434,1.);
#1434 = DIRECTION('',(1.,1.788716237788E-19,-1.007310030931E-16));
#1435 = ORIENTED_EDGE('',*,*,#1436,.F.);
#1436 = EDGE_CURVE('',#574,#1429,#1437,.T.);
#1437 = B_SPLINE_CURVE_WITH_KNOTS('',3,(#1438,#1439,#1440,#1441,#1442,
    #1443),.UNSPECIFIED.,.F.,.F.,(4,2,4),(-5.584478546245,
    -3.095912792668,-0.385237546065),.UNSPECIFIED.);
#1438 = CARTESIAN_POINT('',(14.054962352096,100.69520363834,
    4.664178758551));
#1439 = CARTESIAN_POINT('',(14.420190706303,100.76040009699,
    3.918979826176));
#1440 = CARTESIAN_POINT('',(14.787869587122,100.82580980982,
    3.171343387449));
#1441 = CARTESIAN_POINT('',(15.552249289642,100.96143543595,
    1.621135387132));
#1442 = CARTESIAN_POINT('',(15.954134500633,101.03253908715,
    0.808416934982));
#1443 = CARTESIAN_POINT('',(16.354777235694,101.10326640437,
    1.615596545435E-12));
#1444 = ORIENTED_EDGE('',*,*,#585,.T.);
#1445 = ORIENTED_EDGE('',*,*,#536,.T.);
#1446 = ORIENTED_EDGE('',*,*,#473,.T.);
#1447 = PLANE('',#1448);
#1448 = AXIS2_PLACEMENT_3D('',#1449,#1450,#1451);
#1449 = CARTESIAN_POINT('',(17.749999999818,101.11279782869,
    -0.108944678432));
#1450 = DIRECTION('',(8.601094428995E-18,0.996194698092,
    8.715574274715E-02));
#1451 = DIRECTION('',(0.,-8.715574274715E-02,0.996194698092));
#1452 = ADVANCED_FACE('',(#1453),#1481,.F.);
#1453 = FACE_BOUND('',#1454,.F.);
#1454 = EDGE_LOOP('',(#1455,#1456,#1457,#1458,#1459,#1478,#1479,#1480));
#1455 = ORIENTED_EDGE('',*,*,#883,.F.);
#1456 = ORIENTED_EDGE('',*,*,#940,.F.);
#1457 = ORIENTED_EDGE('',*,*,#248,.F.);
#1458 = ORIENTED_EDGE('',*,*,#173,.T.);
#1459 = ORIENTED_EDGE('',*,*,#1460,.F.);
#1460 = EDGE_CURVE('',#1429,#174,#1461,.T.);
#1461 = B_SPLINE_CURVE_WITH_KNOTS('',3,(#1462,#1463,#1464,#1465,#1466,
    #1467,#1468,#1469,#1470,#1471,#1472,#1473,#1474,#1475,#1476,#1477),
  .UNSPECIFIED.,.F.,.F.,(4,3,3,3,3,4),(0.243038345276,3.539814669376,
    7.045430278187,7.806074659019,11.711100177125,15.519584538231),
  .UNSPECIFIED.);
#1462 = CARTESIAN_POINT('',(16.354776782704,101.10326747509,
    -1.836286848689E-07));
#1463 = CARTESIAN_POINT('',(16.361038570638,100.00244678556,
    1.119027624576E-06));
#1464 = CARTESIAN_POINT('',(16.366728458337,98.889086710934,
    1.859135135387E-05));
#1465 = CARTESIAN_POINT('',(16.371941349575,97.775084846005,
    2.788763284392E-05));
#1466 = CARTESIAN_POINT('',(16.377484459296,96.59051484731,
    3.777280135146E-05));
#1467 = CARTESIAN_POINT('',(16.382487618038,95.405222961665,
    4.082235028139E-05));
#1468 = CARTESIAN_POINT('',(16.387034767123,94.233501319818,
    4.121911863333E-05));
#1469 = CARTESIAN_POINT('',(16.388021402221,93.979262526344,
    4.130520896698E-05));
#1470 = CARTESIAN_POINT('',(16.388986483656,93.725662449179,
    4.130417018256E-05));
#1471 = CARTESIAN_POINT('',(16.389930745726,93.472846750013,
    4.127480172286E-05));
#1472 = CARTESIAN_POINT('',(16.394778434771,92.174931759374,
    4.112402879134E-05));
#1473 = CARTESIAN_POINT('',(16.399207665094,90.863297005337,
    3.76939655457E-05));
#1474 = CARTESIAN_POINT('',(16.40326137168,89.55202849438,
    2.667363972236E-05));
#1475 = CARTESIAN_POINT('',(16.407214861374,88.273177538341,
    1.592576154388E-05));
#1476 = CARTESIAN_POINT('',(16.410810023422,86.994677505653,
    3.762224244599E-07));
#1477 = CARTESIAN_POINT('',(16.414067691792,85.729582106229,
    1.598644766743E-12));
#1478 = ORIENTED_EDGE('',*,*,#1436,.F.);
#1479 = ORIENTED_EDGE('',*,*,#573,.F.);
#1480 = ORIENTED_EDGE('',*,*,#907,.F.);
#1481 = B_SPLINE_SURFACE_WITH_KNOTS('',3,3,(
    (#1482,#1483,#1484,#1485)
    ,(#1486,#1487,#1488,#1489)
    ,(#1490,#1491,#1492,#1493)
    ,(#1494,#1495,#1496,#1497
    )),.UNSPECIFIED.,.F.,.F.,.F.,(4,4),(4,4),(6.597123961995E-02,
    0.931825699096),(5.53073482516E-02,0.880603434521),
  .PIECEWISE_BEZIER_KNOTS.);
#1482 = CARTESIAN_POINT('',(16.414067691792,85.729582106229,
    1.59872115546E-12));
#1483 = CARTESIAN_POINT('',(15.586685534807,86.644933376527,
    2.194023763413));
#1484 = CARTESIAN_POINT('',(14.759254320044,87.558002543359,
    4.38899937239));
#1485 = CARTESIAN_POINT('',(13.932030434225,88.467343871664,
    6.585638241645));
#1486 = CARTESIAN_POINT('',(16.425754015501,90.857868729392,
    -6.619441913779E-02));
#1487 = CARTESIAN_POINT('',(15.598701876806,91.440733167219,
    1.951876302498));
#1488 = CARTESIAN_POINT('',(14.771545852876,92.02101063131,3.9708265018)
  );
#1489 = CARTESIAN_POINT('',(13.944820934597,92.596866802458,
    5.991268672741));
#1490 = CARTESIAN_POINT('',(16.440749532703,95.9861148942,
    -0.138297229531));
#1491 = CARTESIAN_POINT('',(15.614220674692,96.236286520252,
    1.703291588835));
#1492 = CARTESIAN_POINT('',(14.787618216033,96.483468976221,
    3.545546887256));
#1493 = CARTESIAN_POINT('',(13.961602485939,96.725329231958,
    5.389057857806));
#1494 = CARTESIAN_POINT('',(16.464262805257,101.11428971523,
    -0.220818829066));
#1495 = CARTESIAN_POINT('',(15.639311102423,101.03140172,1.442960657419)
  );
#1496 = CARTESIAN_POINT('',(14.814739077654,100.94493903295,
    3.106791554966));
#1497 = CARTESIAN_POINT('',(13.991493647823,100.85165096759,
    4.77101895562));
#1498 = ADVANCED_FACE('',(#1499,#1569),#1575,.F.);
#1499 = FACE_BOUND('',#1500,.T.);
#1500 = EDGE_LOOP('',(#1501,#1511,#1520,#1528,#1537,#1545,#1554,#1562));
#1501 = ORIENTED_EDGE('',*,*,#1502,.T.);
#1502 = EDGE_CURVE('',#1503,#1505,#1507,.T.);
#1503 = VERTEX_POINT('',#1504);
#1504 = CARTESIAN_POINT('',(17.749999999818,102.1080412013,
    1.59960933388E-12));
#1505 = VERTEX_POINT('',#1506);
#1506 = CARTESIAN_POINT('',(17.749999999818,84.608041201303,
    1.59960933388E-12));
#1507 = LINE('',#1508,#1509);
#1508 = CARTESIAN_POINT('',(17.749999999818,84.608041201303,
    1.59960933388E-12));
#1509 = VECTOR('',#1510,1.);
#1510 = DIRECTION('',(-1.54074395551E-33,-1.,0.));
#1511 = ORIENTED_EDGE('',*,*,#1512,.T.);
#1512 = EDGE_CURVE('',#1505,#1513,#1515,.T.);
#1513 = VERTEX_POINT('',#1514);
#1514 = CARTESIAN_POINT('',(17.499999999818,84.358041201303,
    1.59960933388E-12));
#1515 = CIRCLE('',#1516,0.25);
#1516 = AXIS2_PLACEMENT_3D('',#1517,#1518,#1519);
#1517 = CARTESIAN_POINT('',(17.499999999818,84.608041201303,
    1.59960933388E-12));
#1518 = DIRECTION('',(0.,0.,-1.));
#1519 = DIRECTION('',(7.105427357601E-15,-1.,0.));
#1520 = ORIENTED_EDGE('',*,*,#1521,.T.);
#1521 = EDGE_CURVE('',#1513,#1522,#1524,.T.);
#1522 = VERTEX_POINT('',#1523);
#1523 = CARTESIAN_POINT('',(-1.818989403546E-10,84.358041201303,
    1.601385690719E-12));
#1524 = LINE('',#1525,#1526);
#1525 = CARTESIAN_POINT('',(-1.818989403546E-10,84.358041201303,
    1.601385690719E-12));
#1526 = VECTOR('',#1527,1.);
#1527 = DIRECTION('',(-1.,-1.54074395551E-33,1.015061051086E-16));
#1528 = ORIENTED_EDGE('',*,*,#1529,.T.);
#1529 = EDGE_CURVE('',#1522,#1530,#1532,.T.);
#1530 = VERTEX_POINT('',#1531);
#1531 = CARTESIAN_POINT('',(-0.250000000182,84.608041201303,
    1.601385690719E-12));
#1532 = CIRCLE('',#1533,0.25);
#1533 = AXIS2_PLACEMENT_3D('',#1534,#1535,#1536);
#1534 = CARTESIAN_POINT('',(-1.818989403546E-10,84.608041201303,
    1.601385690719E-12));
#1535 = DIRECTION('',(0.,0.,-1.));
#1536 = DIRECTION('',(-1.,-7.105427357601E-15,-0.));
#1537 = ORIENTED_EDGE('',*,*,#1538,.T.);
#1538 = EDGE_CURVE('',#1530,#1539,#1541,.T.);
#1539 = VERTEX_POINT('',#1540);
#1540 = CARTESIAN_POINT('',(-0.250000000182,102.1080412013,
    1.601385690719E-12));
#1541 = LINE('',#1542,#1543);
#1542 = CARTESIAN_POINT('',(-0.250000000182,102.1080412013,
    1.601385690719E-12));
#1543 = VECTOR('',#1544,1.);
#1544 = DIRECTION('',(1.54074395551E-33,1.,0.));
#1545 = ORIENTED_EDGE('',*,*,#1546,.T.);
#1546 = EDGE_CURVE('',#1539,#1547,#1549,.T.);
#1547 = VERTEX_POINT('',#1548);
#1548 = CARTESIAN_POINT('',(-1.818989403546E-10,102.3580412013,
    1.601385690719E-12));
#1549 = CIRCLE('',#1550,0.25);
#1550 = AXIS2_PLACEMENT_3D('',#1551,#1552,#1553);
#1551 = CARTESIAN_POINT('',(-1.818989403546E-10,102.1080412013,
    1.601385690719E-12));
#1552 = DIRECTION('',(0.,0.,-1.));
#1553 = DIRECTION('',(-7.105427357601E-15,1.,0.));
#1554 = ORIENTED_EDGE('',*,*,#1555,.T.);
#1555 = EDGE_CURVE('',#1547,#1556,#1558,.T.);
#1556 = VERTEX_POINT('',#1557);
#1557 = CARTESIAN_POINT('',(17.499999999818,102.3580412013,
    1.59960933388E-12));
#1558 = LINE('',#1559,#1560);
#1559 = CARTESIAN_POINT('',(17.499999999818,102.3580412013,
    1.59960933388E-12));
#1560 = VECTOR('',#1561,1.);
#1561 = DIRECTION('',(1.,1.54074395551E-33,-1.015061051086E-16));
#1562 = ORIENTED_EDGE('',*,*,#1563,.T.);
#1563 = EDGE_CURVE('',#1556,#1503,#1564,.T.);
#1564 = CIRCLE('',#1565,0.25);
#1565 = AXIS2_PLACEMENT_3D('',#1566,#1567,#1568);
#1566 = CARTESIAN_POINT('',(17.499999999818,102.1080412013,
    1.59960933388E-12));
#1567 = DIRECTION('',(0.,0.,-1.));
#1568 = DIRECTION('',(1.,7.105427357601E-15,0.));
#1569 = FACE_BOUND('',#1570,.T.);
#1570 = EDGE_LOOP('',(#1571,#1572,#1573,#1574));
#1571 = ORIENTED_EDGE('',*,*,#1460,.F.);
#1572 = ORIENTED_EDGE('',*,*,#1428,.F.);
#1573 = ORIENTED_EDGE('',*,*,#830,.F.);
#1574 = ORIENTED_EDGE('',*,*,#191,.F.);
#1575 = PLANE('',#1576);
#1576 = AXIS2_PLACEMENT_3D('',#1577,#1578,#1579);
#1577 = CARTESIAN_POINT('',(8.749999999818,93.358041201303,
    1.59960933388E-12));
#1578 = DIRECTION('',(1.007310030931E-16,4.511556728623E-51,1.));
#1579 = DIRECTION('',(1.,0.,-1.007310030931E-16));
#1580 = ADVANCED_FACE('',(#1581),#1633,.F.);
#1581 = FACE_BOUND('',#1582,.F.);
#1582 = EDGE_LOOP('',(#1583,#1601,#1610,#1626));
#1583 = ORIENTED_EDGE('',*,*,#1584,.F.);
#1584 = EDGE_CURVE('',#1585,#1587,#1589,.T.);
#1585 = VERTEX_POINT('',#1586);
#1586 = CARTESIAN_POINT('',(14.566542707253,100.19164374107,
    6.125649822222));
#1587 = VERTEX_POINT('',#1588);
#1588 = CARTESIAN_POINT('',(14.538263884027,89.64658935889,
    7.797989680555));
#1589 = B_SPLINE_CURVE_WITH_KNOTS('',3,(#1590,#1591,#1592,#1593,#1594,
    #1595,#1596,#1597,#1598,#1599,#1600),.UNSPECIFIED.,.F.,.F.,(4,1,1,1,
    1,1,1,1,4),(0.,0.762634210071,1.525268420142,3.050536840285,
    4.575805260427,7.626342100712,9.151610520855,9.914244730926,
    10.676878940997),.UNSPECIFIED.);
#1590 = CARTESIAN_POINT('',(14.566542707256,100.19164374107,
    6.125649822222));
#1591 = CARTESIAN_POINT('',(14.566463957632,99.94058828237,
    6.165582114152));
#1592 = CARTESIAN_POINT('',(14.564739184214,99.438431642462,
    6.245143583454));
#1593 = CARTESIAN_POINT('',(14.561585996682,98.434127949266,
    6.40432399272));
#1594 = CARTESIAN_POINT('',(14.557355328223,97.178739874158,
    6.603244121211));
#1595 = CARTESIAN_POINT('',(14.551164090346,95.17013541505,6.92162914674
    ));
#1596 = CARTESIAN_POINT('',(14.545588687499,93.161547992648,
    7.240134478153));
#1597 = CARTESIAN_POINT('',(14.54136451237,91.404052461359,
    7.518953718216));
#1598 = CARTESIAN_POINT('',(14.539329790536,90.399780182059,
    7.67835218855));
#1599 = CARTESIAN_POINT('',(14.538309441981,89.897643798766,
    7.758050931138));
#1600 = CARTESIAN_POINT('',(14.538263884024,89.646589358898,
    7.797989680554));
#1601 = ORIENTED_EDGE('',*,*,#1602,.F.);
#1602 = EDGE_CURVE('',#1603,#1585,#1605,.T.);
#1603 = VERTEX_POINT('',#1604);
#1604 = CARTESIAN_POINT('',(14.836481590282,100.17109443384,
    5.996992059628));
#1605 = CIRCLE('',#1606,0.25);
#1606 = AXIS2_PLACEMENT_3D('',#1607,#1608,#1609);
#1607 = CARTESIAN_POINT('',(14.614533983717,100.15308867226,
    5.883347647134));
#1608 = DIRECTION('',(-3.123360112317E-04,-0.987585432319,0.157082514359
    ));
#1609 = DIRECTION('',(0.887790426252,7.20230462921E-02,0.454577649977));
#1610 = ORIENTED_EDGE('',*,*,#1611,.F.);
#1611 = EDGE_CURVE('',#1612,#1603,#1614,.T.);
#1612 = VERTEX_POINT('',#1613);
#1613 = CARTESIAN_POINT('',(14.82186954296,89.621012580326,
    7.637540274967));
#1614 = B_SPLINE_CURVE_WITH_KNOTS('',3,(#1615,#1616,#1617,#1618,#1619,
    #1620,#1621,#1622,#1623,#1624,#1625),.UNSPECIFIED.,.F.,.F.,(4,1,1,1,
    1,1,1,1,4),(-10.67687894099,-9.914244730926,-9.151610520855,
    -7.626342100712,-4.575805260427,-3.050536840285,-1.525268420142,
    -0.762634210071,0.),.UNSPECIFIED.);
#1615 = CARTESIAN_POINT('',(14.821869542957,89.621012580334,
    7.637540274966));
#1616 = CARTESIAN_POINT('',(14.821750414474,89.871111068707,
    7.598228515997));
#1617 = CARTESIAN_POINT('',(14.822446396294,90.373794066028,
    7.51939727508));
#1618 = CARTESIAN_POINT('',(14.823650372851,91.378084529191,
    7.362371618702));
#1619 = CARTESIAN_POINT('',(14.826209372171,93.136415728746,
    7.088019487026));
#1620 = CARTESIAN_POINT('',(14.829378439525,95.145575840586,
    6.77558721122));
#1621 = CARTESIAN_POINT('',(14.832542014828,97.155390814325,
    6.464035214519));
#1622 = CARTESIAN_POINT('',(14.834628910376,98.411109318637,
    6.269732039687));
#1623 = CARTESIAN_POINT('',(14.835934389979,99.416505489178,
    6.114199176008));
#1624 = CARTESIAN_POINT('',(14.836819853204,99.918157305809,
    6.036406658866));
#1625 = CARTESIAN_POINT('',(14.836481590282,100.17109443383,
    5.99699205963));
#1626 = ORIENTED_EDGE('',*,*,#1627,.F.);
#1627 = EDGE_CURVE('',#1587,#1612,#1628,.T.);
#1628 = CIRCLE('',#1629,0.25);
#1629 = AXIS2_PLACEMENT_3D('',#1630,#1631,#1632);
#1630 = CARTESIAN_POINT('',(14.586021836865,89.608027136368,
    7.555642547429));
#1631 = DIRECTION('',(1.806915385491E-04,0.987581391136,-0.157108125927)
  );
#1632 = DIRECTION('',(-0.191031811361,0.154248890103,0.969388532504));
#1633 = B_SPLINE_SURFACE_WITH_KNOTS('',3,3,(
    (#1634,#1635,#1636,#1637,#1638,#1639,#1640,#1641,#1642,#1643,#1644)
    ,(#1645,#1646,#1647,#1648,#1649,#1650,#1651,#1652,#1653,#1654,#1655)
    ,(#1656,#1657,#1658,#1659,#1660,#1661,#1662,#1663,#1664,#1665,#1666)
    ,(#1667,#1668,#1669,#1670,#1671,#1672,#1673,#1674,#1675,#1676,#1677)
    ,(#1678,#1679,#1680,#1681,#1682,#1683,#1684,#1685,#1686,#1687,#1688
    )),.UNSPECIFIED.,.F.,.F.,.F.,(4,1,4),(4,1,1,1,1,1,1,1,4),(0.,
    0.571428571429,1.),(0.,0.762634210071,1.525268420142,3.050536840285,
    4.575805260427,7.626342100712,9.151610520855,9.914244730926,
    10.676878940997),.UNSPECIFIED.);
#1634 = CARTESIAN_POINT('',(14.566542707256,100.19164374107,
    6.125649822222));
#1635 = CARTESIAN_POINT('',(14.566463957632,99.94058828237,
    6.165582114152));
#1636 = CARTESIAN_POINT('',(14.564739184214,99.438431642462,
    6.245143583454));
#1637 = CARTESIAN_POINT('',(14.561585996682,98.434127949266,
    6.40432399272));
#1638 = CARTESIAN_POINT('',(14.557355328223,97.178739874158,
    6.603244121211));
#1639 = CARTESIAN_POINT('',(14.551164090346,95.17013541505,6.92162914674
    ));
#1640 = CARTESIAN_POINT('',(14.545588687499,93.161547992648,
    7.240134478153));
#1641 = CARTESIAN_POINT('',(14.54136451237,91.404052461359,
    7.518953718216));
#1642 = CARTESIAN_POINT('',(14.539329790536,90.399780182059,
    7.67835218855));
#1643 = CARTESIAN_POINT('',(14.538309441981,89.897643798766,
    7.758050931138));
#1644 = CARTESIAN_POINT('',(14.538263884024,89.646589358898,
    7.797989680554));
#1645 = CARTESIAN_POINT('',(14.626627207836,100.19347135258,
    6.137259574343));
#1646 = CARTESIAN_POINT('',(14.626718996809,99.941973005996,
    6.177300202403));
#1647 = CARTESIAN_POINT('',(14.62534132395,99.440021126429,
    6.256892953254));
#1648 = CARTESIAN_POINT('',(14.622973733425,98.435612587397,
    6.416250939008));
#1649 = CARTESIAN_POINT('',(14.61969032124,97.180350523166,
    6.615330451654));
#1650 = CARTESIAN_POINT('',(14.614910976012,95.171753279588,
    6.933987771581));
#1651 = CARTESIAN_POINT('',(14.610548080898,93.163293606965,
    7.252672499713));
#1652 = CARTESIAN_POINT('',(14.607224281881,91.405786747782,
    7.531657152919));
#1653 = CARTESIAN_POINT('',(14.605655149528,90.401623990176,
    7.691132349931));
#1654 = CARTESIAN_POINT('',(14.604819520577,89.899381740106,
    7.770878143043));
#1655 = CARTESIAN_POINT('',(14.604867728871,89.648613935366,
    7.810792766247));
#1656 = CARTESIAN_POINT('',(14.739172092814,100.19029891734,
    6.117538098535));
#1657 = CARTESIAN_POINT('',(14.739598773329,99.937992358784,
    6.157517551442));
#1658 = CARTESIAN_POINT('',(14.738908428182,99.436319275432,
    6.236682838279));
#1659 = CARTESIAN_POINT('',(14.738086118832,98.431547156288,
    6.395206170806));
#1660 = CARTESIAN_POINT('',(14.736677307923,97.176286821043,
    6.59319718518));
#1661 = CARTESIAN_POINT('',(14.734688840748,95.167369354298,
    6.910232871491));
#1662 = CARTESIAN_POINT('',(14.732751512362,93.15885122343,
    7.227467237693));
#1663 = CARTESIAN_POINT('',(14.731216245414,91.401105806988,
    7.505359358409));
#1664 = CARTESIAN_POINT('',(14.730564779467,90.397014021706,
    7.664222793412));
#1665 = CARTESIAN_POINT('',(14.7300982259,89.894544479335,7.743770501046
    ));
#1666 = CARTESIAN_POINT('',(14.730330555951,89.64424722745,
    7.783487944223));
#1667 = CARTESIAN_POINT('',(14.815348225075,100.17750442079,
    6.03724993971));
#1668 = CARTESIAN_POINT('',(14.8157761291,99.924691204564,6.076838691074
    ));
#1669 = CARTESIAN_POINT('',(14.815076031838,99.423058675326,
    6.155026853097));
#1670 = CARTESIAN_POINT('',(14.814209032553,98.417825222525,
    6.311427213256));
#1671 = CARTESIAN_POINT('',(14.812682798205,97.16224966204,
    6.506785907309));
#1672 = CARTESIAN_POINT('',(14.810416244105,95.152682875028,
    6.819892058978));
#1673 = CARTESIAN_POINT('',(14.808090110378,93.143712590361,
    7.133660808786));
#1674 = CARTESIAN_POINT('',(14.806199230428,91.385535739893,
    7.408985311655));
#1675 = CARTESIAN_POINT('',(14.805351015915,90.381312054356,
    7.566509142217));
#1676 = CARTESIAN_POINT('',(14.804798235691,89.878671290171,
    7.645537527036));
#1677 = CARTESIAN_POINT('',(14.804990158958,89.628558234137,
    7.684952827776));
#1678 = CARTESIAN_POINT('',(14.836481590282,100.17109443383,
    5.99699205963));
#1679 = CARTESIAN_POINT('',(14.836819853204,99.918157305809,
    6.036406658866));
#1680 = CARTESIAN_POINT('',(14.835934389979,99.416505489178,
    6.114199176008));
#1681 = CARTESIAN_POINT('',(14.834628910376,98.411109318637,
    6.269732039687));
#1682 = CARTESIAN_POINT('',(14.832542014828,97.155390814325,
    6.464035214519));
#1683 = CARTESIAN_POINT('',(14.829378439525,95.145575840586,
    6.77558721122));
#1684 = CARTESIAN_POINT('',(14.826209372171,93.136415728746,
    7.088019487026));
#1685 = CARTESIAN_POINT('',(14.823650372851,91.378084529191,
    7.362371618702));
#1686 = CARTESIAN_POINT('',(14.822446396294,90.373794066028,
    7.51939727508));
#1687 = CARTESIAN_POINT('',(14.821750414474,89.871111068707,
    7.598228515997));
#1688 = CARTESIAN_POINT('',(14.821869542957,89.621012580334,
    7.637540274966));
#1689 = ADVANCED_FACE('',(#1690),#1724,.F.);
#1690 = FACE_BOUND('',#1691,.F.);
#1691 = EDGE_LOOP('',(#1692,#1704,#1713,#1723));
#1692 = ORIENTED_EDGE('',*,*,#1693,.F.);
#1693 = EDGE_CURVE('',#1694,#1585,#1696,.T.);
#1694 = VERTEX_POINT('',#1695);
#1695 = CARTESIAN_POINT('',(13.308306222949,101.67132713812,
    5.668760876518));
#1696 = B_SPLINE_CURVE_WITH_KNOTS('',3,(#1697,#1698,#1699,#1700,#1701,
    #1702,#1703),.UNSPECIFIED.,.F.,.F.,(4,1,1,1,4),(0.,0.314059348662,
    0.628118697324,1.256237394648,2.198415440634),.UNSPECIFIED.);
#1697 = CARTESIAN_POINT('',(13.308306222953,101.67132713812,
    5.668760876518));
#1698 = CARTESIAN_POINT('',(13.41088175985,101.66989301586,
    5.684794460247));
#1699 = CARTESIAN_POINT('',(13.614225270438,101.63509140796,
    5.722781820171));
#1700 = CARTESIAN_POINT('',(13.984394491188,101.45883125517,
    5.813706735112));
#1701 = CARTESIAN_POINT('',(14.415769545401,101.01211060676,
    5.964565762117));
#1702 = CARTESIAN_POINT('',(14.566639996585,100.50180415403,
    6.076316435012));
#1703 = CARTESIAN_POINT('',(14.566542707256,100.19164374107,
    6.125649822222));
#1704 = ORIENTED_EDGE('',*,*,#1705,.F.);
#1705 = EDGE_CURVE('',#1706,#1694,#1708,.T.);
#1706 = VERTEX_POINT('',#1707);
#1707 = CARTESIAN_POINT('',(13.345916010268,101.88153719844,
    5.446465675186));
#1708 = CIRCLE('',#1709,0.25);
#1709 = AXIS2_PLACEMENT_3D('',#1710,#1711,#1712);
#1710 = CARTESIAN_POINT('',(13.345916010268,101.63248852392,
    5.424676739499));
#1711 = DIRECTION('',(0.987920310123,-1.350589553176E-02,0.154373092323)
  );
#1712 = DIRECTION('',(1.492538731496E-13,0.996194698092,
    8.715574274729E-02));
#1713 = ORIENTED_EDGE('',*,*,#1714,.F.);
#1714 = EDGE_CURVE('',#1603,#1706,#1715,.T.);
#1715 = B_SPLINE_CURVE_WITH_KNOTS('',3,(#1716,#1717,#1718,#1719,#1720,
    #1721,#1722),.UNSPECIFIED.,.F.,.F.,(4,1,1,1,4),(-2.198415440634,
    -1.256237394648,-0.628118697324,-0.314059348662,0.),.UNSPECIFIED.);
#1716 = CARTESIAN_POINT('',(14.836481590282,100.17109443383,
    5.996992059629));
#1717 = CARTESIAN_POINT('',(14.826468463194,100.53213667072,
    5.959344358784));
#1718 = CARTESIAN_POINT('',(14.643036590056,101.10655400087,
    5.847650243061));
#1719 = CARTESIAN_POINT('',(14.149453461614,101.61899791064,
    5.672445855423));
#1720 = CARTESIAN_POINT('',(13.716629403127,101.83222862117,
    5.545655665639));
#1721 = CARTESIAN_POINT('',(13.471766501236,101.87863805135,
    5.479603078002));
#1722 = CARTESIAN_POINT('',(13.345916010268,101.88153719843,
    5.446465675186));
#1723 = ORIENTED_EDGE('',*,*,#1602,.T.);
#1724 = B_SPLINE_SURFACE_WITH_KNOTS('',3,3,(
    (#1725,#1726,#1727,#1728,#1729,#1730,#1731)
    ,(#1732,#1733,#1734,#1735,#1736,#1737,#1738)
    ,(#1739,#1740,#1741,#1742,#1743,#1744,#1745)
    ,(#1746,#1747,#1748,#1749,#1750,#1751,#1752)
    ,(#1753,#1754,#1755,#1756,#1757,#1758,#1759
  )),.UNSPECIFIED.,.F.,.F.,.F.,(4,1,4),(4,1,1,1,4),(0.,0.571428571429,1.
    ),(0.,0.314059348662,0.628118697324,1.256237394648,2.198415440634),
  .UNSPECIFIED.);
#1725 = CARTESIAN_POINT('',(13.308306222953,101.67132713812,
    5.668760876518));
#1726 = CARTESIAN_POINT('',(13.41088175985,101.66989301586,
    5.684794460247));
#1727 = CARTESIAN_POINT('',(13.614225270438,101.63509140796,
    5.722781820171));
#1728 = CARTESIAN_POINT('',(13.984394491188,101.45883125517,
    5.813706735112));
#1729 = CARTESIAN_POINT('',(14.415769545401,101.01211060676,
    5.964565762117));
#1730 = CARTESIAN_POINT('',(14.566639996585,100.50180415403,
    6.076316435012));
#1731 = CARTESIAN_POINT('',(14.566542707256,100.19164374107,
    6.125649822222));
#1732 = CARTESIAN_POINT('',(13.310657733382,101.73381880264,
    5.659179549886));
#1733 = CARTESIAN_POINT('',(13.419598345936,101.72975215598,
    5.676554244492));
#1734 = CARTESIAN_POINT('',(13.633235742251,101.68916594038,
    5.717122589154));
#1735 = CARTESIAN_POINT('',(14.017847561223,101.5018055323,
    5.812544710786));
#1736 = CARTESIAN_POINT('',(14.463300939606,101.03967042599,
    5.969079248716));
#1737 = CARTESIAN_POINT('',(14.622594429602,100.51571499511,
    6.085084389756));
#1738 = CARTESIAN_POINT('',(14.626627207836,100.19347135258,
    6.137259574343));
#1739 = CARTESIAN_POINT('',(13.32139255626,101.83568909835,
    5.599393871966));
#1740 = CARTESIAN_POINT('',(13.440939570559,101.82783487016,
    5.622898708465));
#1741 = CARTESIAN_POINT('',(13.671980775696,101.77815716002,
    5.673129392288));
#1742 = CARTESIAN_POINT('',(14.081468208729,101.57227311078,
    5.78102183048));
#1743 = CARTESIAN_POINT('',(14.551938080138,101.08320416189,
    5.947407846023));
#1744 = CARTESIAN_POINT('',(14.727011630574,100.5344682567,
    6.066440092954));
#1745 = CARTESIAN_POINT('',(14.739159146666,100.19029451976,
    6.117510425024));
#1746 = CARTESIAN_POINT('',(13.33856314755,101.87745168162,
    5.493163346036));
#1747 = CARTESIAN_POINT('',(13.463402594654,101.87219257784,
    5.524015391933));
#1748 = CARTESIAN_POINT('',(13.705267972353,101.82330639535,
    5.586024958121));
#1749 = CARTESIAN_POINT('',(14.132442414229,101.61035201374,
    5.707841431893));
#1750 = CARTESIAN_POINT('',(14.620588015787,101.1032029399,
    5.880983404094));
#1751 = CARTESIAN_POINT('',(14.803164709629,100.53526172334,
    5.995425493141));
#1752 = CARTESIAN_POINT('',(14.815348225075,100.17750442079,
    6.03724993971));
#1753 = CARTESIAN_POINT('',(13.345916010268,101.88153719843,
    5.446465675186));
#1754 = CARTESIAN_POINT('',(13.471766501236,101.87863805135,
    5.479603078002));
#1755 = CARTESIAN_POINT('',(13.716629403127,101.83222862117,
    5.545655665639));
#1756 = CARTESIAN_POINT('',(14.149453461614,101.61899791064,
    5.672445855423));
#1757 = CARTESIAN_POINT('',(14.643036590056,101.10655400087,
    5.847650243061));
#1758 = CARTESIAN_POINT('',(14.826468463194,100.53213667072,
    5.959344358784));
#1759 = CARTESIAN_POINT('',(14.836481590282,100.17109443383,
    5.996992059629));
#1760 = ADVANCED_FACE('',(#1761),#1793,.F.);
#1761 = FACE_BOUND('',#1762,.F.);
#1762 = EDGE_LOOP('',(#1763,#1774,#1775,#1786));
#1763 = ORIENTED_EDGE('',*,*,#1764,.F.);
#1764 = EDGE_CURVE('',#1587,#1765,#1767,.T.);
#1765 = VERTEX_POINT('',#1766);
#1766 = CARTESIAN_POINT('',(13.200915477912,88.08933990253,
    7.813575686823));
#1767 = B_SPLINE_CURVE_WITH_KNOTS('',3,(#1768,#1769,#1770,#1771,#1772,
    #1773),.UNSPECIFIED.,.F.,.F.,(4,1,1,4),(0.,0.970942077047,
    1.618236795078,2.265531513109),.UNSPECIFIED.);
#1768 = CARTESIAN_POINT('',(14.538263884027,89.646589358898,
    7.797989680555));
#1769 = CARTESIAN_POINT('',(14.538205882254,89.32696126448,7.84883740257
    ));
#1770 = CARTESIAN_POINT('',(14.36961340674,88.792343399182,
    7.899947031574));
#1771 = CARTESIAN_POINT('',(13.826924290665,88.248531303769,
    7.887351007398));
#1772 = CARTESIAN_POINT('',(13.412423455276,88.102809391232,
    7.843237755454));
#1773 = CARTESIAN_POINT('',(13.200915477904,88.089339902523,
    7.813575686823));
#1774 = ORIENTED_EDGE('',*,*,#1627,.T.);
#1775 = ORIENTED_EDGE('',*,*,#1776,.F.);
#1776 = EDGE_CURVE('',#1777,#1612,#1779,.T.);
#1777 = VERTEX_POINT('',#1778);
#1778 = CARTESIAN_POINT('',(13.237639202976,87.822634435011,
    7.672249434308));
#1779 = B_SPLINE_CURVE_WITH_KNOTS('',3,(#1780,#1781,#1782,#1783,#1784,
    #1785),.UNSPECIFIED.,.F.,.F.,(4,1,1,4),(-2.265531513109,
    -1.618236795078,-0.970942077047,0.),.UNSPECIFIED.);
#1780 = CARTESIAN_POINT('',(13.237639202973,87.822634435011,
    7.672249434307));
#1781 = CARTESIAN_POINT('',(13.491405074383,87.84458676965,
    7.720862294653));
#1782 = CARTESIAN_POINT('',(13.978945342242,88.024887288564,
    7.784937600128));
#1783 = CARTESIAN_POINT('',(14.607970885045,88.64765905885,
    7.794895325908));
#1784 = CARTESIAN_POINT('',(14.814335950043,89.252191461128,
    7.717714496872));
#1785 = CARTESIAN_POINT('',(14.821869542957,89.621012580334,
    7.637540274965));
#1786 = ORIENTED_EDGE('',*,*,#1787,.F.);
#1787 = EDGE_CURVE('',#1765,#1777,#1788,.T.);
#1788 = CIRCLE('',#1789,0.25);
#1789 = AXIS2_PLACEMENT_3D('',#1790,#1791,#1792);
#1790 = CARTESIAN_POINT('',(13.237639202976,88.050480355523,
    7.569359996042));
#1791 = DIRECTION('',(0.98835856414,6.261543678513E-02,0.138660216956));
#1792 = DIRECTION('',(-0.146894900268,0.155438188035,0.976862763123));
#1793 = B_SPLINE_SURFACE_WITH_KNOTS('',3,3,(
    (#1794,#1795,#1796,#1797,#1798,#1799)
    ,(#1800,#1801,#1802,#1803,#1804,#1805)
    ,(#1806,#1807,#1808,#1809,#1810,#1811)
    ,(#1812,#1813,#1814,#1815,#1816,#1817)
    ,(#1818,#1819,#1820,#1821,#1822,#1823
    )),.UNSPECIFIED.,.F.,.F.,.F.,(4,1,4),(4,1,1,4),(0.,0.571428571429,1.
    ),(0.,0.970942077047,1.618236795078,2.265531513109),.UNSPECIFIED.);
#1794 = CARTESIAN_POINT('',(14.538263884027,89.646589358898,
    7.797989680555));
#1795 = CARTESIAN_POINT('',(14.538205882254,89.32696126448,7.84883740257
    ));
#1796 = CARTESIAN_POINT('',(14.36961340674,88.792343399182,
    7.899947031574));
#1797 = CARTESIAN_POINT('',(13.826924290665,88.248531303769,
    7.887351007398));
#1798 = CARTESIAN_POINT('',(13.412423455276,88.102809391232,
    7.843237755454));
#1799 = CARTESIAN_POINT('',(13.200915477904,88.089339902523,
    7.813575686823));
#1800 = CARTESIAN_POINT('',(14.604867728871,89.648613935366,
    7.810792766246));
#1801 = CARTESIAN_POINT('',(14.600561291816,89.314380779419,
    7.862986037045));
#1802 = CARTESIAN_POINT('',(14.42109572237,88.762497429139,
    7.914276252073));
#1803 = CARTESIAN_POINT('',(13.857692310103,88.199694903466,
    7.900103297935));
#1804 = CARTESIAN_POINT('',(13.425930749752,88.044796000751,
    7.854449587026));
#1805 = CARTESIAN_POINT('',(13.203381686919,88.02796363271,
    7.823712719441));
#1806 = CARTESIAN_POINT('',(14.730330555947,89.644247227443,
    7.783487944221));
#1807 = CARTESIAN_POINT('',(14.717677930854,89.285898172471,
    7.845051775783));
#1808 = CARTESIAN_POINT('',(14.517783324875,88.704625408405,
    7.902802894377));
#1809 = CARTESIAN_POINT('',(13.917322506022,88.109093262501,
    7.888163312259));
#1810 = CARTESIAN_POINT('',(13.455362880264,87.937616129573,
    7.836280480207));
#1811 = CARTESIAN_POINT('',(13.213943549486,87.914482821077,
    7.799673692189));
#1812 = CARTESIAN_POINT('',(14.804990158958,89.628558234137,
    7.684952827775));
#1813 = CARTESIAN_POINT('',(14.794161255624,89.260569960286,
    7.760408692234));
#1814 = CARTESIAN_POINT('',(14.587242727721,88.661081571205,
    7.831884406137));
#1815 = CARTESIAN_POINT('',(13.963933320763,88.044324424322,
    7.820355308657));
#1816 = CARTESIAN_POINT('',(13.482134223515,87.865027569096,
    7.759693366777));
#1817 = CARTESIAN_POINT('',(13.230535292067,87.841627375019,
    7.714308794065));
#1818 = CARTESIAN_POINT('',(14.821869542957,89.621012580334,
    7.637540274965));
#1819 = CARTESIAN_POINT('',(14.814335950043,89.252191461128,
    7.717714496872));
#1820 = CARTESIAN_POINT('',(14.607970885045,88.64765905885,
    7.794895325908));
#1821 = CARTESIAN_POINT('',(13.978945342242,88.024887288564,
    7.784937600128));
#1822 = CARTESIAN_POINT('',(13.491405074383,87.84458676965,
    7.720862294653));
#1823 = CARTESIAN_POINT('',(13.237639202973,87.822634435011,
    7.672249434307));
#1824 = ADVANCED_FACE('',(#1825),#1853,.F.);
#1825 = FACE_BOUND('',#1826,.F.);
#1826 = EDGE_LOOP('',(#1827,#1836,#1845,#1852));
#1827 = ORIENTED_EDGE('',*,*,#1828,.F.);
#1828 = EDGE_CURVE('',#1829,#1694,#1831,.T.);
#1829 = VERTEX_POINT('',#1830);
#1830 = CARTESIAN_POINT('',(4.191693776687,101.67132713812,
    5.668760876521));
#1831 = B_SPLINE_CURVE_WITH_KNOTS('',3,(#1832,#1833,#1834,#1835),
  .UNSPECIFIED.,.F.,.F.,(4,4),(0.,9.228843514306),
  .PIECEWISE_BEZIER_KNOTS.);
#1832 = CARTESIAN_POINT('',(4.191693776687,101.67132713812,
    5.668760876521));
#1833 = CARTESIAN_POINT('',(7.205944371188,101.71346977742,
    5.197603320353));
#1834 = CARTESIAN_POINT('',(10.294055628456,101.71346977742,
    5.197603320353));
#1835 = CARTESIAN_POINT('',(13.308306222953,101.67132713812,
    5.668760876518));
#1836 = ORIENTED_EDGE('',*,*,#1837,.F.);
#1837 = EDGE_CURVE('',#1838,#1829,#1840,.T.);
#1838 = VERTEX_POINT('',#1839);
#1839 = CARTESIAN_POINT('',(4.154083989368,101.88153719844,
    5.446465675188));
#1840 = CIRCLE('',#1841,0.25);
#1841 = AXIS2_PLACEMENT_3D('',#1842,#1843,#1844);
#1842 = CARTESIAN_POINT('',(4.154083989368,101.63248852392,
    5.424676739501));
#1843 = DIRECTION('',(0.987920310122,1.350589553163E-02,-0.154373092323)
  );
#1844 = DIRECTION('',(3.544040061421E-15,0.996194698092,
    8.715574274717E-02));
#1845 = ORIENTED_EDGE('',*,*,#1846,.F.);
#1846 = EDGE_CURVE('',#1706,#1838,#1847,.T.);
#1847 = B_SPLINE_CURVE_WITH_KNOTS('',3,(#1848,#1849,#1850,#1851),
  .UNSPECIFIED.,.F.,.F.,(4,4),(-9.228843514306,0.),
  .PIECEWISE_BEZIER_KNOTS.);
#1848 = CARTESIAN_POINT('',(13.345916010272,101.88153719844,
    5.446465675186));
#1849 = CARTESIAN_POINT('',(10.306795361365,101.92308513056,
    4.971570637898));
#1850 = CARTESIAN_POINT('',(7.193204638279,101.92308513057,
    4.971570637898));
#1851 = CARTESIAN_POINT('',(4.154083989368,101.88153719844,
    5.446465675188));
#1852 = ORIENTED_EDGE('',*,*,#1705,.T.);
#1853 = B_SPLINE_SURFACE_WITH_KNOTS('',3,3,(
    (#1854,#1855,#1856,#1857)
    ,(#1858,#1859,#1860,#1861)
    ,(#1862,#1863,#1864,#1865)
    ,(#1866,#1867,#1868,#1869)
    ,(#1870,#1871,#1872,#1873
  )),.UNSPECIFIED.,.F.,.F.,.F.,(4,1,4),(4,4),(0.,0.571428571429,1.),(0.,
    9.228843514306),.UNSPECIFIED.);
#1854 = CARTESIAN_POINT('',(4.191693776687,101.67132713812,
    5.668760876521));
#1855 = CARTESIAN_POINT('',(7.205944371188,101.71346977742,
    5.197603320353));
#1856 = CARTESIAN_POINT('',(10.294055628456,101.71346977742,
    5.197603320353));
#1857 = CARTESIAN_POINT('',(13.308306222953,101.67132713812,
    5.668760876518));
#1858 = CARTESIAN_POINT('',(4.189342266258,101.73381880264,5.65917954989
    ));
#1859 = CARTESIAN_POINT('',(7.205077577499,101.77576580188,
    5.187573913354));
#1860 = CARTESIAN_POINT('',(10.294922422148,101.77576580188,
    5.187573913354));
#1861 = CARTESIAN_POINT('',(13.310657733382,101.73381880264,
    5.659179549888));
#1862 = CARTESIAN_POINT('',(4.178607443373,101.83568909836,
    5.599393871971));
#1863 = CARTESIAN_POINT('',(7.201473128131,101.87724377759,5.12660134312
    ));
#1864 = CARTESIAN_POINT('',(10.298526871509,101.87724377759,
    5.12660134312));
#1865 = CARTESIAN_POINT('',(13.32139255626,101.83568909836,
    5.599393871968));
#1866 = CARTESIAN_POINT('',(4.161436852086,101.87745168163,
    5.493163346038));
#1867 = CARTESIAN_POINT('',(7.19568699702,101.9189436554,5.018893735079)
  );
#1868 = CARTESIAN_POINT('',(10.304313002627,101.9189436554,5.01889373508
    ));
#1869 = CARTESIAN_POINT('',(13.338563147554,101.87745168163,
    5.493163346036));
#1870 = CARTESIAN_POINT('',(4.154083989368,101.88153719844,
    5.446465675188));
#1871 = CARTESIAN_POINT('',(7.193204638279,101.92308513057,
    4.971570637898));
#1872 = CARTESIAN_POINT('',(10.306795361365,101.92308513056,
    4.971570637898));
#1873 = CARTESIAN_POINT('',(13.345916010272,101.88153719844,
    5.446465675186));
#1874 = ADVANCED_FACE('',(#1875),#1903,.F.);
#1875 = FACE_BOUND('',#1876,.F.);
#1876 = EDGE_LOOP('',(#1877,#1886,#1887,#1896));
#1877 = ORIENTED_EDGE('',*,*,#1878,.F.);
#1878 = EDGE_CURVE('',#1765,#1879,#1881,.T.);
#1879 = VERTEX_POINT('',#1880);
#1880 = CARTESIAN_POINT('',(4.299084521728,88.089339902537,
    7.813575686825));
#1881 = B_SPLINE_CURVE_WITH_KNOTS('',3,(#1882,#1883,#1884,#1885),
  .UNSPECIFIED.,.F.,.F.,(4,4),(0.,9.010106782281),
  .PIECEWISE_BEZIER_KNOTS.);
#1882 = CARTESIAN_POINT('',(13.200915477908,88.08933990253,
    7.813575686823));
#1883 = CARTESIAN_POINT('',(10.256801447107,87.901849524213,
    7.400690492017));
#1884 = CARTESIAN_POINT('',(7.243198552533,87.901849524213,
    7.400690492016));
#1885 = CARTESIAN_POINT('',(4.299084521728,88.08933990253,7.813575686825
    ));
#1886 = ORIENTED_EDGE('',*,*,#1787,.T.);
#1887 = ORIENTED_EDGE('',*,*,#1888,.F.);
#1888 = EDGE_CURVE('',#1889,#1777,#1891,.T.);
#1889 = VERTEX_POINT('',#1890);
#1890 = CARTESIAN_POINT('',(4.26236079666,87.822634435011,7.67224943431)
  );
#1891 = B_SPLINE_CURVE_WITH_KNOTS('',3,(#1892,#1893,#1894,#1895),
  .UNSPECIFIED.,.F.,.F.,(4,4),(-9.010106782281,0.),
  .PIECEWISE_BEZIER_KNOTS.);
#1892 = CARTESIAN_POINT('',(4.26236079666,87.822634435011,7.672249434309
    ));
#1893 = CARTESIAN_POINT('',(7.230766197357,87.634577177792,7.25580164723
    ));
#1894 = CARTESIAN_POINT('',(10.269233802286,87.634577177792,
    7.255801647231));
#1895 = CARTESIAN_POINT('',(13.237639202976,87.822634435011,
    7.672249434307));
#1896 = ORIENTED_EDGE('',*,*,#1897,.F.);
#1897 = EDGE_CURVE('',#1879,#1889,#1898,.T.);
#1898 = CIRCLE('',#1899,0.25);
#1899 = AXIS2_PLACEMENT_3D('',#1900,#1901,#1902);
#1900 = CARTESIAN_POINT('',(4.26236079666,88.050480355523,7.569359996044
    ));
#1901 = DIRECTION('',(0.98835856414,-6.261543678519E-02,-0.138660216957)
  );
#1902 = DIRECTION('',(0.146894900268,0.155438188035,0.976862763123));
#1903 = B_SPLINE_SURFACE_WITH_KNOTS('',3,3,(
    (#1904,#1905,#1906,#1907)
    ,(#1908,#1909,#1910,#1911)
    ,(#1912,#1913,#1914,#1915)
    ,(#1916,#1917,#1918,#1919)
    ,(#1920,#1921,#1922,#1923
  )),.UNSPECIFIED.,.F.,.F.,.F.,(4,1,4),(4,4),(0.,0.571428571429,1.),(0.,
    9.010106782281),.UNSPECIFIED.);
#1904 = CARTESIAN_POINT('',(13.200915477908,88.08933990253,
    7.813575686823));
#1905 = CARTESIAN_POINT('',(10.256801447107,87.901849524213,
    7.400690492017));
#1906 = CARTESIAN_POINT('',(7.243198552533,87.901849524213,
    7.400690492016));
#1907 = CARTESIAN_POINT('',(4.299084521728,88.08933990253,7.813575686825
    ));
#1908 = CARTESIAN_POINT('',(13.203381686922,88.027963632718,
    7.823712719443));
#1909 = CARTESIAN_POINT('',(10.257702867282,87.840518484816,
    7.41032907364));
#1910 = CARTESIAN_POINT('',(7.242297132361,87.840518484809,
    7.410329073639));
#1911 = CARTESIAN_POINT('',(4.296618312714,88.027963632718,
    7.823712719445));
#1912 = CARTESIAN_POINT('',(13.213946671909,87.914498032042,
    7.799644566962));
#1913 = CARTESIAN_POINT('',(10.261251440144,87.727064259627,
    7.38504886599));
#1914 = CARTESIAN_POINT('',(7.238748559499,87.727064259627,
    7.385048865989));
#1915 = CARTESIAN_POINT('',(4.286053327727,87.914498032042,
    7.799644566964));
#1916 = CARTESIAN_POINT('',(13.23053529207,87.841627375019,
    7.714308794067));
#1917 = CARTESIAN_POINT('',(10.266837439136,87.653811238437,
    7.298392034818));
#1918 = CARTESIAN_POINT('',(7.233162560504,87.653811238437,
    7.298392034817));
#1919 = CARTESIAN_POINT('',(4.269464707566,87.841627375019,
    7.714308794069));
#1920 = CARTESIAN_POINT('',(13.237639202976,87.822634435011,
    7.672249434307));
#1921 = CARTESIAN_POINT('',(10.269233802286,87.634577177792,
    7.255801647231));
#1922 = CARTESIAN_POINT('',(7.230766197357,87.634577177792,7.25580164723
    ));
#1923 = CARTESIAN_POINT('',(4.26236079666,87.822634435011,7.672249434309
    ));
#1924 = ADVANCED_FACE('',(#1925),#1959,.F.);
#1925 = FACE_BOUND('',#1926,.F.);
#1926 = EDGE_LOOP('',(#1927,#1939,#1948,#1958));
#1927 = ORIENTED_EDGE('',*,*,#1928,.F.);
#1928 = EDGE_CURVE('',#1929,#1829,#1931,.T.);
#1929 = VERTEX_POINT('',#1930);
#1930 = CARTESIAN_POINT('',(2.933457292384,100.19164374107,
    6.125649822225));
#1931 = B_SPLINE_CURVE_WITH_KNOTS('',3,(#1932,#1933,#1934,#1935,#1936,
    #1937,#1938),.UNSPECIFIED.,.F.,.F.,(4,1,1,1,4),(0.,0.942178527513,
    1.570297545854,1.884357055025,2.198416564196),.UNSPECIFIED.);
#1932 = CARTESIAN_POINT('',(2.933457292384,100.19164374107,
    6.125649822225));
#1933 = CARTESIAN_POINT('',(2.933360003008,100.50180431255,
    6.076316409801));
#1934 = CARTESIAN_POINT('',(3.084230885939,101.01211609906,
    5.964564847389));
#1935 = CARTESIAN_POINT('',(3.515599987735,101.45883074288,
    5.813707703405));
#1936 = CARTESIAN_POINT('',(3.885780550248,101.63509427991,5.72278040669
    ));
#1937 = CARTESIAN_POINT('',(4.08911818737,101.66989301514,5.684794468444
    ));
#1938 = CARTESIAN_POINT('',(4.191693776687,101.67132713812,
    5.668760876521));
#1939 = ORIENTED_EDGE('',*,*,#1940,.F.);
#1940 = EDGE_CURVE('',#1941,#1929,#1943,.T.);
#1941 = VERTEX_POINT('',#1942);
#1942 = CARTESIAN_POINT('',(2.663518409357,100.17109443383,
    5.996992059631));
#1943 = CIRCLE('',#1944,0.25);
#1944 = AXIS2_PLACEMENT_3D('',#1945,#1946,#1947);
#1945 = CARTESIAN_POINT('',(2.88546601592,100.15308867226,5.883347647137
    ));
#1946 = DIRECTION('',(-3.123360113609E-04,0.987585432319,-0.157082514359
    ));
#1947 = DIRECTION('',(-0.887790426252,7.202304629196E-02,0.454577649977)
  );
#1948 = ORIENTED_EDGE('',*,*,#1949,.F.);
#1949 = EDGE_CURVE('',#1838,#1941,#1950,.T.);
#1950 = B_SPLINE_CURVE_WITH_KNOTS('',3,(#1951,#1952,#1953,#1954,#1955,
    #1956,#1957),.UNSPECIFIED.,.F.,.F.,(4,1,1,1,4),(-2.198416564196,
    -1.884357055025,-1.570297545854,-0.942178527513,0.),.UNSPECIFIED.);
#1951 = CARTESIAN_POINT('',(4.154083989368,101.88153719844,
    5.446465675188));
#1952 = CARTESIAN_POINT('',(4.028233434085,101.87863804987,
    5.479603094939));
#1953 = CARTESIAN_POINT('',(3.783377535092,101.83223213657,
    5.545653613062));
#1954 = CARTESIAN_POINT('',(3.3505399399,101.61899715134,5.672447575279)
  );
#1955 = CARTESIAN_POINT('',(2.856964198418,101.10656046827,
    5.847649425085));
#1956 = CARTESIAN_POINT('',(2.673531541561,100.53213685526,
    5.959344339546));
#1957 = CARTESIAN_POINT('',(2.663518409357,100.17109443383,
    5.996992059632));
#1958 = ORIENTED_EDGE('',*,*,#1837,.T.);
#1959 = B_SPLINE_SURFACE_WITH_KNOTS('',3,3,(
    (#1960,#1961,#1962,#1963,#1964,#1965,#1966)
    ,(#1967,#1968,#1969,#1970,#1971,#1972,#1973)
    ,(#1974,#1975,#1976,#1977,#1978,#1979,#1980)
    ,(#1981,#1982,#1983,#1984,#1985,#1986,#1987)
    ,(#1988,#1989,#1990,#1991,#1992,#1993,#1994
  )),.UNSPECIFIED.,.F.,.F.,.F.,(4,1,4),(4,1,1,1,4),(0.,0.571428571429,1.
    ),(0.,0.942178527513,1.570297545854,1.884357055025,2.198416564196),
  .UNSPECIFIED.);
#1960 = CARTESIAN_POINT('',(2.933457292384,100.19164374107,
    6.125649822225));
#1961 = CARTESIAN_POINT('',(2.933360003008,100.50180431255,
    6.076316409801));
#1962 = CARTESIAN_POINT('',(3.084230885939,101.01211609906,
    5.964564847389));
#1963 = CARTESIAN_POINT('',(3.515599987735,101.45883074288,
    5.813707703405));
#1964 = CARTESIAN_POINT('',(3.885780550248,101.63509427991,5.72278040669
    ));
#1965 = CARTESIAN_POINT('',(4.08911818737,101.66989301514,5.684794468444
    ));
#1966 = CARTESIAN_POINT('',(4.191693776687,101.67132713812,
    5.668760876521));
#1967 = CARTESIAN_POINT('',(2.873372791804,100.19347135258,
    6.137259574346));
#1968 = CARTESIAN_POINT('',(2.877405572101,100.51571515981,
    6.085084363093));
#1969 = CARTESIAN_POINT('',(3.036699612618,101.03967616592,
    5.969078271825));
#1970 = CARTESIAN_POINT('',(3.482146654842,101.50180488481,
    5.812545743047));
#1971 = CARTESIAN_POINT('',(3.866770349861,101.68916902491,
    5.717121093964));
#1972 = CARTESIAN_POINT('',(4.080401598028,101.7297521539,5.676554253376
    ));
#1973 = CARTESIAN_POINT('',(4.189342266258,101.73381880264,5.65917954989
    ));
#1974 = CARTESIAN_POINT('',(2.760840852978,100.19029451978,
    6.117510425027));
#1975 = CARTESIAN_POINT('',(2.77298837528,100.53446843262,6.066440066855
    ));
#1976 = CARTESIAN_POINT('',(2.948062696782,101.08321034476,
    5.947406848273));
#1977 = CARTESIAN_POINT('',(3.418525565237,101.57227225563,
    5.781023116413));
#1978 = CARTESIAN_POINT('',(3.828025782299,101.77816059712,
    5.673127668028));
#1979 = CARTESIAN_POINT('',(4.059060367985,101.82783486617,
    5.622898720481));
#1980 = CARTESIAN_POINT('',(4.17860744338,101.83568909837,5.599393871971
    ));
#1981 = CARTESIAN_POINT('',(2.684651774565,100.17750442079,
    6.037249939713));
#1982 = CARTESIAN_POINT('',(2.696835296236,100.53526190619,
    5.995425471768));
#1983 = CARTESIAN_POINT('',(2.879412803442,101.10320936262,
    5.880982526041));
#1984 = CARTESIAN_POINT('',(3.36755107194,101.6103511898,5.707843039325)
  );
#1985 = CARTESIAN_POINT('',(3.794738882945,101.82330993001,
    5.586022989013));
#1986 = CARTESIAN_POINT('',(4.036597341183,101.87219257516,
    5.524015407703));
#1987 = CARTESIAN_POINT('',(4.161436852086,101.87745168163,
    5.493163346039));
#1988 = CARTESIAN_POINT('',(2.663518409357,100.17109443383,
    5.996992059632));
#1989 = CARTESIAN_POINT('',(2.673531541561,100.53213685526,
    5.959344339546));
#1990 = CARTESIAN_POINT('',(2.856964198418,101.10656046827,
    5.847649425085));
#1991 = CARTESIAN_POINT('',(3.3505399399,101.61899715134,5.672447575279)
  );
#1992 = CARTESIAN_POINT('',(3.783377535092,101.83223213657,
    5.545653613062));
#1993 = CARTESIAN_POINT('',(4.028233434085,101.87863804987,
    5.479603094939));
#1994 = CARTESIAN_POINT('',(4.154083989368,101.88153719844,
    5.446465675188));
#1995 = ADVANCED_FACE('',(#1996),#2030,.F.);
#1996 = FACE_BOUND('',#1997,.F.);
#1997 = EDGE_LOOP('',(#1998,#2010,#2011,#2023));
#1998 = ORIENTED_EDGE('',*,*,#1999,.F.);
#1999 = EDGE_CURVE('',#1879,#2000,#2002,.T.);
#2000 = VERTEX_POINT('',#2001);
#2001 = CARTESIAN_POINT('',(2.961736115612,89.646589358898,
    7.797989680558));
#2002 = B_SPLINE_CURVE_WITH_KNOTS('',3,(#2003,#2004,#2005,#2006,#2007,
    #2008,#2009),.UNSPECIFIED.,.F.,.F.,(4,1,1,1,4),(2.372599729373E-14,
    0.323647521171,0.970942563513,1.618237605855,2.265532648197),
  .UNSPECIFIED.);
#2003 = CARTESIAN_POINT('',(4.299084521728,88.089339902537,
    7.813575686825));
#2004 = CARTESIAN_POINT('',(4.193330480059,88.096074650268,
    7.828406728571));
#2005 = CARTESIAN_POINT('',(3.877676102846,88.160082203249,
    7.867432834118));
#2006 = CARTESIAN_POINT('',(3.416166289859,88.457771858615,
    7.899969101871));
#2007 = CARTESIAN_POINT('',(3.05199634466,89.005928030398,7.881959625342
    ));
#2008 = CARTESIAN_POINT('',(2.961774783482,89.433503855864,
    7.831888178885));
#2009 = CARTESIAN_POINT('',(2.961736115612,89.646589358898,
    7.797989680558));
#2010 = ORIENTED_EDGE('',*,*,#1897,.T.);
#2011 = ORIENTED_EDGE('',*,*,#2012,.F.);
#2012 = EDGE_CURVE('',#2013,#1889,#2015,.T.);
#2013 = VERTEX_POINT('',#2014);
#2014 = CARTESIAN_POINT('',(2.678130456679,89.621012580326,7.63754027497
    ));
#2015 = B_SPLINE_CURVE_WITH_KNOTS('',3,(#2016,#2017,#2018,#2019,#2020,
    #2021,#2022),.UNSPECIFIED.,.F.,.F.,(4,1,1,1,4),(-2.265532648197,
    -1.618237605855,-0.970942563513,-0.323647521171,-2.372599729373E-14)
  ,.UNSPECIFIED.);
#2016 = CARTESIAN_POINT('',(2.678130456679,89.621012580334,7.63754027497
    ));
#2017 = CARTESIAN_POINT('',(2.683152854475,89.375131711007,
    7.690989783019));
#2018 = CARTESIAN_POINT('',(2.797834046476,88.888313103074,
    7.767539284134));
#2019 = CARTESIAN_POINT('',(3.223614460421,88.266801254053,
    7.799430085333));
#2020 = CARTESIAN_POINT('',(3.760267167447,87.917657667073,
    7.757160003544));
#2021 = CARTESIAN_POINT('',(4.135477797383,87.833610607835,
    7.696555876661));
#2022 = CARTESIAN_POINT('',(4.26236079666,87.822634435019,7.67224943431)
  );
#2023 = ORIENTED_EDGE('',*,*,#2024,.F.);
#2024 = EDGE_CURVE('',#2000,#2013,#2025,.T.);
#2025 = CIRCLE('',#2026,0.25);
#2026 = AXIS2_PLACEMENT_3D('',#2027,#2028,#2029);
#2027 = CARTESIAN_POINT('',(2.913978162771,89.608027136368,
    7.555642547432));
#2028 = DIRECTION('',(1.806915383915E-04,-0.987581391136,0.157108125927)
  );
#2029 = DIRECTION('',(0.191031811361,0.154248890103,0.969388532504));
#2030 = B_SPLINE_SURFACE_WITH_KNOTS('',3,3,(
    (#2031,#2032,#2033,#2034,#2035,#2036,#2037)
    ,(#2038,#2039,#2040,#2041,#2042,#2043,#2044)
    ,(#2045,#2046,#2047,#2048,#2049,#2050,#2051)
    ,(#2052,#2053,#2054,#2055,#2056,#2057,#2058)
    ,(#2059,#2060,#2061,#2062,#2063,#2064,#2065
  )),.UNSPECIFIED.,.F.,.F.,.F.,(4,1,4),(4,1,1,1,4),(0.,0.571428571429,1.
    ),(2.372599729373E-14,0.323647521171,0.970942563513,1.618237605855,
    2.265532648197),.UNSPECIFIED.);
#2031 = CARTESIAN_POINT('',(4.299084521728,88.089339902537,
    7.813575686825));
#2032 = CARTESIAN_POINT('',(4.193330480059,88.096074650268,
    7.828406728571));
#2033 = CARTESIAN_POINT('',(3.877676102846,88.160082203249,
    7.867432834118));
#2034 = CARTESIAN_POINT('',(3.416166289859,88.457771858615,
    7.899969101871));
#2035 = CARTESIAN_POINT('',(3.05199634466,89.005928030398,7.881959625342
    ));
#2036 = CARTESIAN_POINT('',(2.961774783482,89.433503855864,
    7.831888178885));
#2037 = CARTESIAN_POINT('',(2.961736115612,89.646589358898,
    7.797989680558));
#2038 = CARTESIAN_POINT('',(4.296618312714,88.027963632725,
    7.823712719445));
#2039 = CARTESIAN_POINT('',(4.185343725545,88.036379820965,
    7.839081160937));
#2040 = CARTESIAN_POINT('',(3.854974257953,88.106533743223,
    7.879456928937));
#2041 = CARTESIAN_POINT('',(3.375881031337,88.416821268569,
    7.913501176243));
#2042 = CARTESIAN_POINT('',(2.996157453021,88.98266731335,7.896295096812
    ));
#2043 = CARTESIAN_POINT('',(2.898003230242,89.425791719768,
    7.845588297549));
#2044 = CARTESIAN_POINT('',(2.895132270765,89.648613935366,
    7.810792766251));
#2045 = CARTESIAN_POINT('',(4.286056450146,87.914482821077,
    7.799673692193));
#2046 = CARTESIAN_POINT('',(4.165346724276,87.926049481117,
    7.817977095373));
#2047 = CARTESIAN_POINT('',(3.809526544137,88.007475897939,
    7.864960245729));
#2048 = CARTESIAN_POINT('',(3.299300849994,88.339916614073,
    7.902562786935));
#2049 = CARTESIAN_POINT('',(2.891293966684,88.936029483884,
    7.882571300566));
#2050 = CARTESIAN_POINT('',(2.778104531313,89.405347737775,
    7.824530519162));
#2051 = CARTESIAN_POINT('',(2.769669443689,89.644247227443,
    7.783487944225));
#2052 = CARTESIAN_POINT('',(4.269464707566,87.841627375026,
    7.714308794069));
#2053 = CARTESIAN_POINT('',(4.143665178814,87.853327477926,
    7.737001091795));
#2054 = CARTESIAN_POINT('',(3.772449655808,87.938054490463,
    7.793837779731));
#2055 = CARTESIAN_POINT('',(3.241662396045,88.28385057101,7.8348917115)
  );
#2056 = CARTESIAN_POINT('',(2.818612855746,88.89965940205,7.806639841304
    ));
#2057 = CARTESIAN_POINT('',(2.702229113183,89.383232595326,
    7.735256762621));
#2058 = CARTESIAN_POINT('',(2.695009840678,89.628558234137,7.68495282778
    ));
#2059 = CARTESIAN_POINT('',(4.26236079666,87.822634435019,7.67224943431)
  );
#2060 = CARTESIAN_POINT('',(4.135477797383,87.833610607835,
    7.696555876661));
#2061 = CARTESIAN_POINT('',(3.760267167447,87.917657667073,
    7.757160003544));
#2062 = CARTESIAN_POINT('',(3.223614460421,88.266801254053,
    7.799430085333));
#2063 = CARTESIAN_POINT('',(2.797834046476,88.888313103074,
    7.767539284134));
#2064 = CARTESIAN_POINT('',(2.683152854475,89.375131711007,
    7.690989783019));
#2065 = CARTESIAN_POINT('',(2.678130456679,89.621012580334,7.63754027497
    ));
#2066 = ADVANCED_FACE('',(#2067),#2099,.F.);
#2067 = FACE_BOUND('',#2068,.F.);
#2068 = EDGE_LOOP('',(#2069,#2083,#2084,#2098));
#2069 = ORIENTED_EDGE('',*,*,#2070,.F.);
#2070 = EDGE_CURVE('',#2000,#1929,#2071,.T.);
#2071 = B_SPLINE_CURVE_WITH_KNOTS('',3,(#2072,#2073,#2074,#2075,#2076,
    #2077,#2078,#2079,#2080,#2081,#2082),.UNSPECIFIED.,.F.,.F.,(4,1,1,1,
    1,1,1,1,4),(2.387899202578E-14,0.762634212381,1.525268424761,
    4.575805274283,6.101073699045,7.626342123806,9.151610548567,
    9.914244760948,10.676878973328),.UNSPECIFIED.);
#2072 = CARTESIAN_POINT('',(2.961736115612,89.646589358898,
    7.797989680558));
#2073 = CARTESIAN_POINT('',(2.961690557655,89.897643799537,7.75805093102
    ));
#2074 = CARTESIAN_POINT('',(2.960677409319,90.399780037558,7.67835079185
    ));
#2075 = CARTESIAN_POINT('',(2.957590901548,91.906189443966,
    7.439259713964));
#2076 = CARTESIAN_POINT('',(2.953061770106,93.663693713461,
    7.160499450748));
#2077 = CARTESIAN_POINT('',(2.947300233198,95.67228624066,6.842030540839
    ));
#2078 = CARTESIAN_POINT('',(2.942648365079,97.178739895862,
    6.603243389616));
#2079 = CARTESIAN_POINT('',(2.938412349671,98.434128045694,
    6.404324304877));
#2080 = CARTESIAN_POINT('',(2.935261520281,99.438431800882,
    6.245143419374));
#2081 = CARTESIAN_POINT('',(2.933536042012,99.940588281599,
    6.165582114278));
#2082 = CARTESIAN_POINT('',(2.933457292384,100.19164374107,
    6.125649822225));
#2083 = ORIENTED_EDGE('',*,*,#2024,.T.);
#2084 = ORIENTED_EDGE('',*,*,#2085,.F.);
#2085 = EDGE_CURVE('',#1941,#2013,#2086,.T.);
#2086 = B_SPLINE_CURVE_WITH_KNOTS('',3,(#2087,#2088,#2089,#2090,#2091,
    #2092,#2093,#2094,#2095,#2096,#2097),.UNSPECIFIED.,.F.,.F.,(4,1,1,1,
    1,1,1,1,4),(-10.67687897332,-9.914244760948,-9.151610548567,
    -7.626342123806,-6.101073699045,-4.575805274283,-1.525268424761,
    -0.762634212381,-2.387899202578E-14),.UNSPECIFIED.);
#2087 = CARTESIAN_POINT('',(2.663518409357,100.17109443383,
    5.996992059633));
#2088 = CARTESIAN_POINT('',(2.663180146432,99.91815730503,6.03640665899)
  );
#2089 = CARTESIAN_POINT('',(2.664066603898,99.416503516542,
    6.114199999489));
#2090 = CARTESIAN_POINT('',(2.66536868058,98.411103991988,6.26973158104)
  );
#2091 = CARTESIAN_POINT('',(2.667463406386,97.155381708544,
    6.464039796264));
#2092 = CARTESIAN_POINT('',(2.669843793221,95.648027911891,
    6.697699103672));
#2093 = CARTESIAN_POINT('',(2.672988686332,93.638688630861,
    7.009828210521));
#2094 = CARTESIAN_POINT('',(2.675719783696,91.880304701692,
    7.283850753893));
#2095 = CARTESIAN_POINT('',(2.67756106126,90.373779049965,7.519398814221
    ));
#2096 = CARTESIAN_POINT('',(2.678249585162,89.871111069471,
    7.598228515881));
#2097 = CARTESIAN_POINT('',(2.678130456679,89.621012580334,7.63754027497
    ));
#2098 = ORIENTED_EDGE('',*,*,#1940,.T.);
#2099 = B_SPLINE_SURFACE_WITH_KNOTS('',3,3,(
    (#2100,#2101,#2102,#2103,#2104,#2105,#2106,#2107,#2108,#2109,#2110)
    ,(#2111,#2112,#2113,#2114,#2115,#2116,#2117,#2118,#2119,#2120,#2121)
    ,(#2122,#2123,#2124,#2125,#2126,#2127,#2128,#2129,#2130,#2131,#2132)
    ,(#2133,#2134,#2135,#2136,#2137,#2138,#2139,#2140,#2141,#2142,#2143)
    ,(#2144,#2145,#2146,#2147,#2148,#2149,#2150,#2151,#2152,#2153,#2154
    )),.UNSPECIFIED.,.F.,.F.,.F.,(4,1,4),(4,1,1,1,1,1,1,1,4),(0.,
    0.571428571429,1.),(2.387899202578E-14,0.762634212381,1.525268424761
    ,4.575805274283,6.101073699045,7.626342123806,9.151610548567,
    9.914244760948,10.676878973328),.UNSPECIFIED.);
#2100 = CARTESIAN_POINT('',(2.961736115612,89.646589358898,
    7.797989680558));
#2101 = CARTESIAN_POINT('',(2.961690557655,89.897643799537,7.75805093102
    ));
#2102 = CARTESIAN_POINT('',(2.960677409319,90.399780037558,7.67835079185
    ));
#2103 = CARTESIAN_POINT('',(2.957590901548,91.906189443966,
    7.439259713964));
#2104 = CARTESIAN_POINT('',(2.953061770106,93.663693713461,
    7.160499450748));
#2105 = CARTESIAN_POINT('',(2.947300233198,95.67228624066,6.842030540839
    ));
#2106 = CARTESIAN_POINT('',(2.942648365079,97.178739895862,
    6.603243389616));
#2107 = CARTESIAN_POINT('',(2.938412349671,98.434128045694,
    6.404324304877));
#2108 = CARTESIAN_POINT('',(2.935261520281,99.438431800882,
    6.245143419374));
#2109 = CARTESIAN_POINT('',(2.933536042012,99.940588281599,
    6.165582114278));
#2110 = CARTESIAN_POINT('',(2.933457292384,100.19164374107,
    6.125649822225));
#2111 = CARTESIAN_POINT('',(2.895132270765,89.648613935366,
    7.810792766251));
#2112 = CARTESIAN_POINT('',(2.895180479059,89.89938174087,7.770878142925
    ));
#2113 = CARTESIAN_POINT('',(2.894352373278,90.401619523771,7.69113071812
    ));
#2114 = CARTESIAN_POINT('',(2.891962907001,91.907889959453,
    7.451924649217));
#2115 = CARTESIAN_POINT('',(2.888382641915,93.665411257563,
    7.173020822792));
#2116 = CARTESIAN_POINT('',(2.883907986194,95.673900614667,
    6.854315850315));
#2117 = CARTESIAN_POINT('',(2.880315269067,97.180347002737,6.61532536613
    ));
#2118 = CARTESIAN_POINT('',(2.87702387941,98.435611675501,6.416253186428
    ));
#2119 = CARTESIAN_POINT('',(2.874659709749,99.440020521834,
    6.256892038145));
#2120 = CARTESIAN_POINT('',(2.873281002827,99.941973005225,6.17730020253
    ));
#2121 = CARTESIAN_POINT('',(2.873372791804,100.19347135258,
    6.137259574346));
#2122 = CARTESIAN_POINT('',(2.769669443689,89.64424722745,7.783487944225
    ));
#2123 = CARTESIAN_POINT('',(2.76990177374,89.894544480099,7.743770500927
    ));
#2124 = CARTESIAN_POINT('',(2.769442716093,90.397002529404,7.66422349315
    ));
#2125 = CARTESIAN_POINT('',(2.768430077635,91.903208299838,
    7.425923087948));
#2126 = CARTESIAN_POINT('',(2.766760111692,93.660975146493,
    7.148132795584));
#2127 = CARTESIAN_POINT('',(2.764826998871,95.669596444954,
    6.830973512048));
#2128 = CARTESIAN_POINT('',(2.763328377328,97.176279561165,
    6.593199480397));
#2129 = CARTESIAN_POINT('',(2.761911355959,98.431543626197,
    6.395206345819));
#2130 = CARTESIAN_POINT('',(2.761092607005,99.436317773267,
    6.236683262775));
#2131 = CARTESIAN_POINT('',(2.760401226315,99.937992358013,
    6.157517551567));
#2132 = CARTESIAN_POINT('',(2.76082790683,100.19029891735,6.117538098537
    ));
#2133 = CARTESIAN_POINT('',(2.695009840678,89.628558234137,7.68495282778
    ));
#2134 = CARTESIAN_POINT('',(2.695201763945,89.878671290935,
    7.645537526919));
#2135 = CARTESIAN_POINT('',(2.694656758307,90.381297399042,
    7.566510612984));
#2136 = CARTESIAN_POINT('',(2.693347751516,91.88772037733,7.330215620236
    ));
#2137 = CARTESIAN_POINT('',(2.691307556419,93.645941403694,
    7.055151803449));
#2138 = CARTESIAN_POINT('',(2.689031915332,95.655072539856,
    6.741615745006));
#2139 = CARTESIAN_POINT('',(2.687324371138,97.162240684782,
    6.506790274849));
#2140 = CARTESIAN_POINT('',(2.685787906001,98.417820239731,
    6.311426829421));
#2141 = CARTESIAN_POINT('',(2.684925268193,99.423056747415,
    6.155027643433));
#2142 = CARTESIAN_POINT('',(2.684223870539,99.924691203785,
    6.076838691199));
#2143 = CARTESIAN_POINT('',(2.684651774565,100.17750442079,
    6.037249939714));
#2144 = CARTESIAN_POINT('',(2.678130456679,89.621012580334,7.63754027497
    ));
#2145 = CARTESIAN_POINT('',(2.678249585162,89.871111069471,
    7.598228515881));
#2146 = CARTESIAN_POINT('',(2.67756106126,90.373779049965,7.519398814221
    ));
#2147 = CARTESIAN_POINT('',(2.675719783696,91.880304701692,
    7.283850753893));
#2148 = CARTESIAN_POINT('',(2.672988686332,93.638688630861,
    7.009828210521));
#2149 = CARTESIAN_POINT('',(2.669843793221,95.648027911891,
    6.697699103672));
#2150 = CARTESIAN_POINT('',(2.667463406386,97.155381708544,
    6.464039796264));
#2151 = CARTESIAN_POINT('',(2.66536868058,98.411103991988,6.26973158104)
  );
#2152 = CARTESIAN_POINT('',(2.664066603898,99.416503516542,
    6.114199999489));
#2153 = CARTESIAN_POINT('',(2.663180146432,99.91815730503,6.03640665899)
  );
#2154 = CARTESIAN_POINT('',(2.663518409357,100.17109443383,
    5.996992059633));
#2155 = ADVANCED_FACE('',(#2156),#2172,.T.);
#2156 = FACE_BOUND('',#2157,.T.);
#2157 = EDGE_LOOP('',(#2158,#2159,#2165,#2166));
#2158 = ORIENTED_EDGE('',*,*,#1949,.F.);
#2159 = ORIENTED_EDGE('',*,*,#2160,.T.);
#2160 = EDGE_CURVE('',#1838,#1547,#2161,.T.);
#2161 = LINE('',#2162,#2163);
#2162 = CARTESIAN_POINT('',(4.499999999818,101.8418580865,5.899999999999
    ));
#2163 = VECTOR('',#2164,1.);
#2164 = DIRECTION('',(-0.604987123112,6.93964750271E-02,-0.793205339192)
  );
#2165 = ORIENTED_EDGE('',*,*,#1546,.F.);
#2166 = ORIENTED_EDGE('',*,*,#2167,.F.);
#2167 = EDGE_CURVE('',#1941,#1539,#2168,.T.);
#2168 = LINE('',#2169,#2170);
#2169 = CARTESIAN_POINT('',(2.749999999818,100.11360029323,
    6.174999999998));
#2170 = VECTOR('',#2171,1.);
#2171 = DIRECTION('',(-0.419638213192,0.278981206326,-0.863755322152));
#2172 = B_SPLINE_SURFACE_WITH_KNOTS('',3,3,(
    (#2173,#2174,#2175,#2176)
    ,(#2177,#2178,#2179,#2180)
    ,(#2181,#2182,#2183,#2184)
    ,(#2185,#2186,#2187,#2188)
    ,(#2189,#2190,#2191,#2192)
    ,(#2193,#2194,#2195,#2196)
    ,(#2197,#2198,#2199,#2200
    )),.UNSPECIFIED.,.F.,.F.,.F.,(4,1,1,1,4),(4,4),(0.,0.285714285714,
    0.571428571429,0.714285714286,1.),(2.719096272085E-02,1.),
  .UNSPECIFIED.);
#2173 = CARTESIAN_POINT('',(2.668427111657,100.16783106161,
    6.007095805197));
#2174 = CARTESIAN_POINT('',(1.695618074376,100.81456777484,
    4.004730536799));
#2175 = CARTESIAN_POINT('',(0.722809037099,101.46130448807,2.0023652684)
  );
#2176 = CARTESIAN_POINT('',(-0.250000000182,102.1080412013,
    1.601385690719E-12));
#2177 = CARTESIAN_POINT('',(2.668427111657,100.42036462717,
    5.967074534991));
#2178 = CARTESIAN_POINT('',(1.695670032877,100.99544894867,
    3.978038746615));
#2179 = CARTESIAN_POINT('',(0.722757078598,101.57035679234,
    1.989035788377));
#2180 = CARTESIAN_POINT('',(-0.250000000182,102.14544111384,
    1.601385690719E-12));
#2181 = CARTESIAN_POINT('',(2.785125904822,100.92538242233,5.88703981329
    ));
#2182 = CARTESIAN_POINT('',(1.779133397384,101.35695504865,
    3.924701476709));
#2183 = CARTESIAN_POINT('',(0.773061584547,101.78866100601,
    1.962338336583));
#2184 = CARTESIAN_POINT('',(-0.232930922892,102.22023363233,
    1.600941601509E-12));
#2185 = CARTESIAN_POINT('',(3.193954146456,101.43109692019,
    5.806894678834));
#2186 = CARTESIAN_POINT('',(2.071640888771,101.71904621939,
    3.871274560914));
#2187 = CARTESIAN_POINT('',(0.94918004705,102.00718003244,1.935620117922
    ));
#2188 = CARTESIAN_POINT('',(-0.173133210636,102.29512933164,
    1.601385690719E-12));
#2189 = CARTESIAN_POINT('',(3.738896498198,101.7690464177,5.753336776042
    ));
#2190 = CARTESIAN_POINT('',(2.461463305393,101.96107207523,
    3.835561313891));
#2191 = CARTESIAN_POINT('',(1.184006574404,102.15315358182,
    1.917775462153));
#2192 = CARTESIAN_POINT('',(-9.342661840128E-02,102.34517923936,
    1.601385690719E-12));
#2193 = CARTESIAN_POINT('',(4.121942917543,101.85589360233,
    5.739573319946));
#2194 = CARTESIAN_POINT('',(2.735552307357,102.02313090031,
    3.826409231337));
#2195 = CARTESIAN_POINT('',(1.348990697461,102.19080390332,1.91316408861
    ));
#2196 = CARTESIAN_POINT('',(-3.739991272596E-02,102.3580412013,
    1.601385690719E-12));
#2197 = CARTESIAN_POINT('',(4.377640667575,101.85589360233,
    5.739573319946));
#2198 = CARTESIAN_POINT('',(2.918427111657,102.02327613532,
    3.826382213298));
#2199 = CARTESIAN_POINT('',(1.459213555736,102.19065866831,1.91319110665
    ));
#2200 = CARTESIAN_POINT('',(-1.818989403546E-10,102.3580412013,
    1.601385690719E-12));
#2201 = ADVANCED_FACE('',(#2202),#2213,.T.);
#2202 = FACE_BOUND('',#2203,.T.);
#2203 = EDGE_LOOP('',(#2204,#2205,#2211,#2212));
#2204 = ORIENTED_EDGE('',*,*,#1846,.F.);
#2205 = ORIENTED_EDGE('',*,*,#2206,.T.);
#2206 = EDGE_CURVE('',#1706,#1556,#2207,.T.);
#2207 = LINE('',#2208,#2209);
#2208 = CARTESIAN_POINT('',(12.999999999818,101.8418580865,
    5.899999999999));
#2209 = VECTOR('',#2210,1.);
#2210 = DIRECTION('',(0.604987123112,6.93964750271E-02,-0.793205339192)
  );
#2211 = ORIENTED_EDGE('',*,*,#1555,.F.);
#2212 = ORIENTED_EDGE('',*,*,#2160,.F.);
#2213 = PLANE('',#2214);
#2214 = AXIS2_PLACEMENT_3D('',#2215,#2216,#2217);
#2215 = CARTESIAN_POINT('',(4.499999999818,101.8418580865,5.899999999999
    ));
#2216 = DIRECTION('',(7.651222648233E-18,0.996194698092,
    8.715574274718E-02));
#2217 = DIRECTION('',(0.,-8.715574274718E-02,0.996194698092));
#2218 = ADVANCED_FACE('',(#2219),#2230,.T.);
#2219 = FACE_BOUND('',#2220,.T.);
#2220 = EDGE_LOOP('',(#2221,#2222,#2228,#2229));
#2221 = ORIENTED_EDGE('',*,*,#1714,.F.);
#2222 = ORIENTED_EDGE('',*,*,#2223,.T.);
#2223 = EDGE_CURVE('',#1603,#1503,#2224,.T.);
#2224 = LINE('',#2225,#2226);
#2225 = CARTESIAN_POINT('',(14.749999999818,100.11360029323,
    6.174999999998));
#2226 = VECTOR('',#2227,1.);
#2227 = DIRECTION('',(0.419638213192,0.278981206326,-0.863755322152));
#2228 = ORIENTED_EDGE('',*,*,#1563,.F.);
#2229 = ORIENTED_EDGE('',*,*,#2206,.F.);
#2230 = B_SPLINE_SURFACE_WITH_KNOTS('',3,3,(
    (#2231,#2232,#2233,#2234)
    ,(#2235,#2236,#2237,#2238)
    ,(#2239,#2240,#2241,#2242)
    ,(#2243,#2244,#2245,#2246)
    ,(#2247,#2248,#2249,#2250)
    ,(#2251,#2252,#2253,#2254)
    ,(#2255,#2256,#2257,#2258
    )),.UNSPECIFIED.,.F.,.F.,.F.,(4,1,1,1,4),(4,4),(0.,0.285714285714,
    0.571428571429,0.714285714286,1.),(2.660304072281E-02,1.),
  .UNSPECIFIED.);
#2231 = CARTESIAN_POINT('',(13.119713683071,101.85559012692,
    5.743042059734));
#2232 = CARTESIAN_POINT('',(14.579809121988,102.02307381838,
    3.82869470649));
#2233 = CARTESIAN_POINT('',(16.039904560901,102.19055750984,
    1.914347353246));
#2234 = CARTESIAN_POINT('',(17.499999999818,102.3580412013,
    1.59960933388E-12));
#2235 = CARTESIAN_POINT('',(13.37554336249,101.85559012692,
    5.743042059734));
#2236 = CARTESIAN_POINT('',(14.762888606343,102.02302258207,
    3.828704237972));
#2237 = CARTESIAN_POINT('',(16.150054668509,102.19060874616,
    1.914337821764));
#2238 = CARTESIAN_POINT('',(17.537399912362,102.3580412013,
    1.59960933388E-12));
#2239 = CARTESIAN_POINT('',(13.88715274147,101.74027610807,
    5.761318546455));
#2240 = CARTESIAN_POINT('',(15.128787513331,101.94048204569,
    3.840883880339));
#2241 = CARTESIAN_POINT('',(16.370557658996,102.1407661864,
    1.920434666117));
#2242 = CARTESIAN_POINT('',(17.612192430857,102.34097212401,
    1.59872115546E-12));
#2243 = CARTESIAN_POINT('',(14.399467916603,101.33629911488,
    5.825346148871));
#2244 = CARTESIAN_POINT('',(15.49527887419,101.65120903626,
    3.883573123722));
#2245 = CARTESIAN_POINT('',(16.591277172578,101.96626449036,
    1.941773025151));
#2246 = CARTESIAN_POINT('',(17.687088130166,102.28117441175,
    1.59916524467E-12));
#2247 = CARTESIAN_POINT('',(14.741828392198,100.79782317242,
    5.910690918833));
#2248 = CARTESIAN_POINT('',(15.74024603919,101.26569698445,
    3.940462051869));
#2249 = CARTESIAN_POINT('',(16.738720390888,101.73359400749,
    1.970228866966));
#2250 = CARTESIAN_POINT('',(17.737138037879,102.20146781951,
    1.59916524467E-12));
#2251 = CARTESIAN_POINT('',(14.829809121988,100.41932206858,
    5.970680766274));
#2252 = CARTESIAN_POINT('',(15.803058621073,100.99463887602,
    3.980464300481));
#2253 = CARTESIAN_POINT('',(16.776750500732,101.57012430641,
    1.990216465795));
#2254 = CARTESIAN_POINT('',(17.749999999818,102.14544111384,
    1.59960933388E-12));
#2255 = CARTESIAN_POINT('',(14.829809121988,100.16665848592,
    6.010726223535));
#2256 = CARTESIAN_POINT('',(15.803206081266,100.81378605771,
    4.007150815691));
#2257 = CARTESIAN_POINT('',(16.77660304054,101.46091362951,
    2.003575407846));
#2258 = CARTESIAN_POINT('',(17.749999999818,102.1080412013,
    1.59960933388E-12));
#2259 = ADVANCED_FACE('',(#2260),#2271,.T.);
#2260 = FACE_BOUND('',#2261,.T.);
#2261 = EDGE_LOOP('',(#2262,#2263,#2264,#2265));
#2262 = ORIENTED_EDGE('',*,*,#1502,.F.);
#2263 = ORIENTED_EDGE('',*,*,#2223,.F.);
#2264 = ORIENTED_EDGE('',*,*,#1611,.F.);
#2265 = ORIENTED_EDGE('',*,*,#2266,.T.);
#2266 = EDGE_CURVE('',#1612,#1505,#2267,.T.);
#2267 = LINE('',#2268,#2269);
#2268 = CARTESIAN_POINT('',(14.749999999818,89.744053533621,
    7.824999999995));
#2269 = VECTOR('',#2270,1.);
#2270 = DIRECTION('',(0.305219238612,-0.522536591191,-0.796113514046));
#2271 = B_SPLINE_SURFACE_WITH_KNOTS('',3,3,(
    (#2272,#2273,#2274,#2275)
    ,(#2276,#2277,#2278,#2279)
    ,(#2280,#2281,#2282,#2283)
    ,(#2284,#2285,#2286,#2287
    )),.UNSPECIFIED.,.F.,.F.,.F.,(4,4),(4,4),(0.,1.),(2.392393150019E-02
    ,1.),.PIECEWISE_BEZIER_KNOTS.);
#2272 = CARTESIAN_POINT('',(14.821771794319,100.16131516089,
    6.027269722985));
#2273 = CARTESIAN_POINT('',(15.797847862817,100.81022384103,
    4.018179815324));
#2274 = CARTESIAN_POINT('',(16.77392393132,101.45913252116,
    2.009089907663));
#2275 = CARTESIAN_POINT('',(17.749999999818,102.1080412013,
    1.59960933388E-12));
#2276 = CARTESIAN_POINT('',(14.821771794319,99.274918953634,
    6.167814587433));
#2277 = CARTESIAN_POINT('',(15.797847862817,100.17565980488,
    4.111876391622));
#2278 = CARTESIAN_POINT('',(16.77392393132,101.07640065615,
    2.055938195812));
#2279 = CARTESIAN_POINT('',(17.749999999818,101.9771415074,
    1.59960933388E-12));
#2280 = CARTESIAN_POINT('',(14.821771794319,90.507576133663,
    7.497250371558));
#2281 = CARTESIAN_POINT('',(15.797847862817,88.584697720842,
    4.998166914372));
#2282 = CARTESIAN_POINT('',(16.77392393132,86.661819308021,
    2.499083457187));
#2283 = CARTESIAN_POINT('',(17.749999999818,84.7389408952,
    1.59960933388E-12));
#2284 = CARTESIAN_POINT('',(14.821771794319,89.621179926398,
    7.637795236006));
#2285 = CARTESIAN_POINT('',(15.797847862817,87.950133684702,
    5.091863490671));
#2286 = CARTESIAN_POINT('',(16.77392393132,86.279087442999,
    2.545931745336));
#2287 = CARTESIAN_POINT('',(17.749999999818,84.608041201303,
    1.59960933388E-12));
#2288 = ADVANCED_FACE('',(#2289),#2299,.T.);
#2289 = FACE_BOUND('',#2290,.T.);
#2290 = EDGE_LOOP('',(#2291,#2292,#2293,#2294,#2295,#2296,#2297,#2298));
#2291 = ORIENTED_EDGE('',*,*,#1584,.F.);
#2292 = ORIENTED_EDGE('',*,*,#1693,.F.);
#2293 = ORIENTED_EDGE('',*,*,#1828,.F.);
#2294 = ORIENTED_EDGE('',*,*,#1928,.F.);
#2295 = ORIENTED_EDGE('',*,*,#2070,.F.);
#2296 = ORIENTED_EDGE('',*,*,#1999,.F.);
#2297 = ORIENTED_EDGE('',*,*,#1878,.F.);
#2298 = ORIENTED_EDGE('',*,*,#1764,.F.);
#2299 = ( BOUNDED_SURFACE() B_SPLINE_SURFACE(1,2,(
    (#2300,#2301,#2302)
    ,(#2303,#2304,#2305
)),.UNSPECIFIED.,.F.,.F.,.F.) B_SPLINE_SURFACE_WITH_KNOTS((2,2),(3,3),(
    -1.233761746374E-12,1.102752733381),(-4.103794678511E-16,
    0.66451710788),.PIECEWISE_BEZIER_KNOTS.) 
GEOMETRIC_REPRESENTATION_ITEM() RATIONAL_B_SPLINE_SURFACE((
    (1.,0.945308062581,1.)
,(1.,0.945308062581,1.))) REPRESENTATION_ITEM('') SURFACE() );
#2300 = CARTESIAN_POINT('',(-1.331988701229,109.91949041538,
    5.755385540316));
#2301 = CARTESIAN_POINT('',(8.527299330308,109.37282281267,
    2.319812650221));
#2302 = CARTESIAN_POINT('',(18.433974798114,109.89790922614,
    5.619756963972));
#2303 = CARTESIAN_POINT('',(-1.331988701229,76.921214720023,
    11.006063911942));
#2304 = CARTESIAN_POINT('',(8.527299330308,76.37454711731,7.570491021847
    ));
#2305 = CARTESIAN_POINT('',(18.43397479811,76.899633530782,
    10.870435335598));
#2306 = ADVANCED_FACE('',(#2307),#2314,.F.);
#2307 = FACE_BOUND('',#2308,.F.);
#2308 = EDGE_LOOP('',(#2309,#2310,#2311,#2312,#2313));
#2309 = ORIENTED_EDGE('',*,*,#333,.T.);
#2310 = ORIENTED_EDGE('',*,*,#634,.T.);
#2311 = ORIENTED_EDGE('',*,*,#840,.T.);
#2312 = ORIENTED_EDGE('',*,*,#217,.T.);
#2313 = ORIENTED_EDGE('',*,*,#62,.T.);
#2314 = B_SPLINE_SURFACE_WITH_KNOTS('',3,3,(
    (#2315,#2316,#2317,#2318,#2319,#2320,#2321,#2322)
    ,(#2323,#2324,#2325,#2326,#2327,#2328,#2329,#2330)
    ,(#2331,#2332,#2333,#2334,#2335,#2336,#2337,#2338)
    ,(#2339,#2340,#2341,#2342,#2343,#2344,#2345,#2346
  )),.UNSPECIFIED.,.F.,.F.,.F.,(4,4),(4,2,2,4),(0.549288642019,
    0.699949876977),(0.174106704429,0.189862030823,0.284793046234,
    0.328931335622),.UNSPECIFIED.);
#2315 = CARTESIAN_POINT('',(3.529458500605,93.083497144376,
    5.861180684981));
#2316 = CARTESIAN_POINT('',(3.693328967835,93.079172074351,
    5.833999463224));
#2317 = CARTESIAN_POINT('',(3.857526182506,93.075047634113,
    5.808079114219));
#2318 = CARTESIAN_POINT('',(5.013175577533,93.047496612795,
    5.634932687527));
#2319 = CARTESIAN_POINT('',(6.014909700327,93.031234272137,5.53273080764
    ));
#2320 = CARTESIAN_POINT('',(7.48819722492,93.018552338093,5.453030257361
    ));
#2321 = CARTESIAN_POINT('',(7.956552214928,93.016172553849,
    5.438074327687));
#2322 = CARTESIAN_POINT('',(8.424999999817,93.01542843198,5.433397838898
    ));
#2323 = CARTESIAN_POINT('',(3.529458500605,91.580724184416,
    6.100301587879));
#2324 = CARTESIAN_POINT('',(3.693328967835,91.57639911439,6.073120366121
    ));
#2325 = CARTESIAN_POINT('',(3.857526182506,91.572274674152,
    6.047200017117));
#2326 = CARTESIAN_POINT('',(5.013175577533,91.544723652834,
    5.874053590425));
#2327 = CARTESIAN_POINT('',(6.014909700327,91.528461312177,
    5.771851710538));
#2328 = CARTESIAN_POINT('',(7.48819722492,91.515779378133,5.692151160259
    ));
#2329 = CARTESIAN_POINT('',(7.956552214928,91.513399593889,
    5.677195230584));
#2330 = CARTESIAN_POINT('',(8.424999999817,91.512655472019,
    5.672518741796));
#2331 = CARTESIAN_POINT('',(3.529458500605,90.077951224448,
    6.339422490776));
#2332 = CARTESIAN_POINT('',(3.693328967835,90.073626154422,
    6.312241269018));
#2333 = CARTESIAN_POINT('',(3.857526182506,90.069501714184,
    6.286320920014));
#2334 = CARTESIAN_POINT('',(5.013175577533,90.041950692874,
    6.113174493322));
#2335 = CARTESIAN_POINT('',(6.014909700327,90.025688352209,
    6.010972613435));
#2336 = CARTESIAN_POINT('',(7.48819722492,90.013006418172,5.931272063156
    ));
#2337 = CARTESIAN_POINT('',(7.956552214928,90.010626633928,
    5.916316133482));
#2338 = CARTESIAN_POINT('',(8.424999999817,90.009882512058,
    5.911639644693));
#2339 = CARTESIAN_POINT('',(3.529458500605,88.575178264488,
    6.578543393674));
#2340 = CARTESIAN_POINT('',(3.693328967835,88.570853194462,
    6.551362171916));
#2341 = CARTESIAN_POINT('',(3.857526182506,88.566728754224,
    6.525441822911));
#2342 = CARTESIAN_POINT('',(5.013175577533,88.539177732913,6.35229539622
    ));
#2343 = CARTESIAN_POINT('',(6.014909700327,88.522915392248,
    6.250093516333));
#2344 = CARTESIAN_POINT('',(7.48819722492,88.510233458212,6.170392966053
    ));
#2345 = CARTESIAN_POINT('',(7.956552214928,88.507853673968,
    6.155437036379));
#2346 = CARTESIAN_POINT('',(8.424999999817,88.507109552098,
    6.150760547591));
#2347 = ADVANCED_FACE('',(#2348),#2359,.T.);
#2348 = FACE_BOUND('',#2349,.T.);
#2349 = EDGE_LOOP('',(#2350,#2351,#2357,#2358));
#2350 = ORIENTED_EDGE('',*,*,#1538,.F.);
#2351 = ORIENTED_EDGE('',*,*,#2352,.F.);
#2352 = EDGE_CURVE('',#2013,#1530,#2353,.T.);
#2353 = LINE('',#2354,#2355);
#2354 = CARTESIAN_POINT('',(2.749999999818,89.744053533621,
    7.824999999995));
#2355 = VECTOR('',#2356,1.);
#2356 = DIRECTION('',(-0.305219238612,-0.522536591191,-0.796113514046));
#2357 = ORIENTED_EDGE('',*,*,#2085,.F.);
#2358 = ORIENTED_EDGE('',*,*,#2167,.T.);
#2359 = B_SPLINE_SURFACE_WITH_KNOTS('',3,3,(
    (#2360,#2361,#2362,#2363)
    ,(#2364,#2365,#2366,#2367)
    ,(#2368,#2369,#2370,#2371)
    ,(#2372,#2373,#2374,#2375
    )),.UNSPECIFIED.,.F.,.F.,.F.,(4,4),(4,4),(0.,1.),(2.392181227847E-02
    ,1.),.PIECEWISE_BEZIER_KNOTS.);
#2360 = CARTESIAN_POINT('',(2.678234562984,89.621190810751,
    7.637811818916));
#2361 = CARTESIAN_POINT('',(1.702156375261,87.950140940935,
    5.091874545944));
#2362 = CARTESIAN_POINT('',(0.726078187541,86.279091071119,
    2.545937272973));
#2363 = CARTESIAN_POINT('',(-0.250000000182,84.608041201303,
    1.601385690719E-12));
#2364 = CARTESIAN_POINT('',(2.678234562984,90.507588658322,
    7.497266649322));
#2365 = CARTESIAN_POINT('',(1.702156375261,88.584706070622,
    4.998177766215));
#2366 = CARTESIAN_POINT('',(0.726078187541,86.6618234829,2.499088883108)
  );
#2367 = CARTESIAN_POINT('',(-0.250000000182,84.7389408952,
    1.601385690719E-12));
#2368 = CARTESIAN_POINT('',(2.678234562984,99.274913086665,
    6.167827978773));
#2369 = CARTESIAN_POINT('',(1.702156375261,100.17565589357,
    4.111885319183));
#2370 = CARTESIAN_POINT('',(0.726078187541,101.07639870049,
    2.055942659592));
#2371 = CARTESIAN_POINT('',(-0.250000000182,101.9771415074,
    1.601385690719E-12));
#2372 = CARTESIAN_POINT('',(2.678234562984,100.16131093423,
    6.027282809179));
#2373 = CARTESIAN_POINT('',(1.702156375261,100.81022102326,
    4.018188539453));
#2374 = CARTESIAN_POINT('',(0.726078187541,101.45913111227,
    2.009094269727));
#2375 = CARTESIAN_POINT('',(-0.250000000182,102.1080412013,
    1.601385690719E-12));
#2376 = ADVANCED_FACE('',(#2377),#2388,.T.);
#2377 = FACE_BOUND('',#2378,.T.);
#2378 = EDGE_LOOP('',(#2379,#2380,#2381,#2382));
#2379 = ORIENTED_EDGE('',*,*,#2012,.F.);
#2380 = ORIENTED_EDGE('',*,*,#2352,.T.);
#2381 = ORIENTED_EDGE('',*,*,#1529,.F.);
#2382 = ORIENTED_EDGE('',*,*,#2383,.F.);
#2383 = EDGE_CURVE('',#1889,#1522,#2384,.T.);
#2384 = LINE('',#2385,#2386);
#2385 = CARTESIAN_POINT('',(4.499999999818,88.01579574035,8.099999999995
    ));
#2386 = VECTOR('',#2387,1.);
#2387 = DIRECTION('',(-0.451721702092,-0.367174912492,-0.813099063765));
#2388 = B_SPLINE_SURFACE_WITH_KNOTS('',3,3,(
    (#2389,#2390,#2391,#2392)
    ,(#2393,#2394,#2395,#2396)
    ,(#2397,#2398,#2399,#2400)
    ,(#2401,#2402,#2403,#2404)
    ,(#2405,#2406,#2407,#2408)
    ,(#2409,#2410,#2411,#2412)
    ,(#2413,#2414,#2415,#2416
    )),.UNSPECIFIED.,.F.,.F.,.F.,(4,1,1,1,4),(4,4),(0.,0.285714285714,
    0.571428571429,0.714285714286,1.),(2.232127921767E-02,1.),
  .UNSPECIFIED.);
#2389 = CARTESIAN_POINT('',(4.39955424334,87.934149979978,7.919197638332
    ));
#2390 = CARTESIAN_POINT('',(2.933036162169,86.742113720422,
    5.279465092222));
#2391 = CARTESIAN_POINT('',(1.46651808099,85.550077460859,2.639732546112
    ));
#2392 = CARTESIAN_POINT('',(-1.818989403546E-10,84.358041201303,
    1.601385690719E-12));
#2393 = CARTESIAN_POINT('',(4.142763738884,87.934149979978,
    7.919197638332));
#2394 = CARTESIAN_POINT('',(2.749315865058,86.742165182121,
    5.279455518813));
#2395 = CARTESIAN_POINT('',(1.356047961101,85.55002599916,2.63974211952)
  );
#2396 = CARTESIAN_POINT('',(-3.739991272596E-02,84.358041201303,
    1.601385690719E-12));
#2397 = CARTESIAN_POINT('',(3.629232897416,88.04989615683,7.900840757338
    ));
#2398 = CARTESIAN_POINT('',(2.382136444256,86.824993713075,
    5.267222300865));
#2399 = CARTESIAN_POINT('',(1.134904021914,85.600012722316,
    2.633618456475));
#2400 = CARTESIAN_POINT('',(-0.112192431247,84.375110278561,
    1.59960933388E-12));
#2401 = CARTESIAN_POINT('',(3.114993609179,88.455387119859,7.83653151142
    ));
#2402 = CARTESIAN_POINT('',(2.014362417533,87.115276134456,
    5.224345276781));
#2403 = CARTESIAN_POINT('',(0.913543061099,85.775018976237,
    2.612186234641));
#2404 = CARTESIAN_POINT('',(-0.187088130548,84.434907990835,
    1.6004975123E-12));
#2405 = CARTESIAN_POINT('',(2.771347322956,88.995881088893,
    7.750811328377));
#2406 = CARTESIAN_POINT('',(1.768537853895,87.502133357964,
    5.167206106611));
#2407 = CARTESIAN_POINT('',(0.765671430796,86.008362313987,
    2.583605221767));
#2408 = CARTESIAN_POINT('',(-0.237138038265,84.514614583059,
    1.60005342309E-12));
#2409 = CARTESIAN_POINT('',(2.683036162165,89.375800687565,
    7.690557598634));
#2410 = CARTESIAN_POINT('',(1.705505550217,87.774137342858,
    5.127027896798));
#2411 = CARTESIAN_POINT('',(0.727530611766,86.172304633466,
    2.563529701838));
#2412 = CARTESIAN_POINT('',(-0.250000000182,84.570641288759,
    1.601385690719E-12));
#2413 = CARTESIAN_POINT('',(2.683036162165,89.629411168287,
    7.650335990117));
#2414 = CARTESIAN_POINT('',(1.705357441384,87.955621179295,
    5.100223993412));
#2415 = CARTESIAN_POINT('',(0.727678720599,86.281831190296,
    2.550111996707));
#2416 = CARTESIAN_POINT('',(-0.250000000182,84.608041201303,
    1.601385690719E-12));
#2417 = ADVANCED_FACE('',(#2418),#2429,.T.);
#2418 = FACE_BOUND('',#2419,.T.);
#2419 = EDGE_LOOP('',(#2420,#2421,#2427,#2428));
#2420 = ORIENTED_EDGE('',*,*,#1776,.F.);
#2421 = ORIENTED_EDGE('',*,*,#2422,.T.);
#2422 = EDGE_CURVE('',#1777,#1513,#2423,.T.);
#2423 = LINE('',#2424,#2425);
#2424 = CARTESIAN_POINT('',(12.999999999818,88.01579574035,
    8.099999999995));
#2425 = VECTOR('',#2426,1.);
#2426 = DIRECTION('',(0.451721702092,-0.367174912492,-0.813099063765));
#2427 = ORIENTED_EDGE('',*,*,#1512,.F.);
#2428 = ORIENTED_EDGE('',*,*,#2266,.F.);
#2429 = B_SPLINE_SURFACE_WITH_KNOTS('',3,3,(
    (#2430,#2431,#2432,#2433)
    ,(#2434,#2435,#2436,#2437)
    ,(#2438,#2439,#2440,#2441)
    ,(#2442,#2443,#2444,#2445)
    ,(#2446,#2447,#2448,#2449)
    ,(#2450,#2451,#2452,#2453)
    ,(#2454,#2455,#2456,#2457
    )),.UNSPECIFIED.,.F.,.F.,.F.,(4,1,1,1,4),(4,4),(0.,0.285714285714,
    0.571428571429,0.714285714286,1.),(2.232481806941E-02,1.),
  .UNSPECIFIED.);
#2430 = CARTESIAN_POINT('',(14.816974454028,89.629392992698,
    7.650308298602));
#2431 = CARTESIAN_POINT('',(15.794649635958,87.955609062235,
    5.100205532402));
#2432 = CARTESIAN_POINT('',(16.772324817888,86.281825131766,
    2.550102766202));
#2433 = CARTESIAN_POINT('',(17.749999999818,84.608041201303,
    1.59960933388E-12));
#2434 = CARTESIAN_POINT('',(14.816974454028,89.375783294585,
    7.690529761531));
#2435 = CARTESIAN_POINT('',(15.794597417556,87.774010172441,
    5.127030839141));
#2436 = CARTESIAN_POINT('',(16.77237703629,86.172414410903,
    2.563498922392));
#2437 = CARTESIAN_POINT('',(17.749999999818,84.570641288759,
    1.59960933388E-12));
#2438 = CARTESIAN_POINT('',(14.699777297417,88.868613444392,
    7.770964829592));
#2439 = CARTESIAN_POINT('',(15.710801938472,87.411069885624,
    5.180634910532));
#2440 = CARTESIAN_POINT('',(16.721906281506,85.953392329022,
    2.590329919062));
#2441 = CARTESIAN_POINT('',(17.732930922561,84.495848770253,
    1.600941601509E-12));
#2442 = CARTESIAN_POINT('',(14.28920314983,88.360743922785,
    7.851510862681));
#2443 = CARTESIAN_POINT('',(15.417130395919,87.047542117733,
    5.234329076205));
#2444 = CARTESIAN_POINT('',(16.545205964201,85.734154876001,
    2.617181786478));
#2445 = CARTESIAN_POINT('',(17.67313321029,84.420953070949,
    1.60005342309E-12));
#2446 = CARTESIAN_POINT('',(13.741933615231,88.021354305987,
    7.905336670575));
#2447 = CARTESIAN_POINT('',(15.025756730887,86.804555967829,
    5.270220966539));
#2448 = CARTESIAN_POINT('',(16.309603502392,85.587701501376,
    2.635115704038));
#2449 = CARTESIAN_POINT('',(17.593426618048,84.370903163217,
    1.59916524467E-12));
#2450 = CARTESIAN_POINT('',(13.35725139147,87.934137035722,
    7.919168973632));
#2451 = CARTESIAN_POINT('',(14.750576946743,86.742251052412,
    5.279418829234));
#2452 = CARTESIAN_POINT('',(16.144074357089,85.549927184613,2.6397501444
    ));
#2453 = CARTESIAN_POINT('',(17.537399912362,84.358041201303,
    1.59960933388E-12));
#2454 = CARTESIAN_POINT('',(13.10046168113,87.934137035722,
    7.919168973632));
#2455 = CARTESIAN_POINT('',(14.566974454025,86.742105090918,
    5.279445982422));
#2456 = CARTESIAN_POINT('',(16.033487226923,85.550073146107,
    2.639722991212));
#2457 = CARTESIAN_POINT('',(17.499999999818,84.358041201303,
    1.59960933388E-12));
#2458 = ADVANCED_FACE('',(#2459),#2465,.T.);
#2459 = FACE_BOUND('',#2460,.T.);
#2460 = EDGE_LOOP('',(#2461,#2462,#2463,#2464));
#2461 = ORIENTED_EDGE('',*,*,#1521,.F.);
#2462 = ORIENTED_EDGE('',*,*,#2422,.F.);
#2463 = ORIENTED_EDGE('',*,*,#1888,.F.);
#2464 = ORIENTED_EDGE('',*,*,#2383,.T.);
#2465 = PLANE('',#2466);
#2466 = AXIS2_PLACEMENT_3D('',#2467,#2468,#2469);
#2467 = CARTESIAN_POINT('',(12.999999999818,88.01579574035,
    8.099999999995));
#2468 = DIRECTION('',(8.99279624979E-17,-0.911383682043,0.411557753063)
  );
#2469 = DIRECTION('',(0.,-0.411557753063,-0.911383682043));
#2470 = ( GEOMETRIC_REPRESENTATION_CONTEXT(3) 
GLOBAL_UNCERTAINTY_ASSIGNED_CONTEXT((#2474)) 
GLOBAL_UNIT_ASSIGNED_CONTEXT((#2471,#2472,#2473)) REPRESENTATION_CONTEXT
('Context #1','3D Context with UNIT and UNCERTAINTY') );
#2471 = ( LENGTH_UNIT() NAMED_UNIT(*) SI_UNIT(.MILLI.,.METRE.) );
#2472 = ( NAMED_UNIT(*) PLANE_ANGLE_UNIT() SI_UNIT($,.RADIAN.) );
#2473 = ( NAMED_UNIT(*) SI_UNIT($,.STERADIAN.) SOLID_ANGLE_UNIT() );
#2474 = UNCERTAINTY_MEASURE_WITH_UNIT(LENGTH_MEASURE(1.E-03),#2471,
  'distance_accuracy_value','confusion accuracy');
#2475 = PRODUCT_RELATED_PRODUCT_CATEGORY('part',$,(#7));
#2476 = MECHANICAL_DESIGN_GEOMETRIC_PRESENTATION_REPRESENTATION('',(
    #2477),#2470);
#2477 = STYLED_ITEM('color',(#2478),#15);
#2478 = PRESENTATION_STYLE_ASSIGNMENT((#2479,#2485));
#2479 = SURFACE_STYLE_USAGE(.BOTH.,#2480);
#2480 = SURFACE_SIDE_STYLE('',(#2481));
#2481 = SURFACE_STYLE_FILL_AREA(#2482);
#2482 = FILL_AREA_STYLE('',(#2483));
#2483 = FILL_AREA_STYLE_COLOUR('',#2484);
#2484 = DRAUGHTING_PRE_DEFINED_COLOUR('white');
#2485 = CURVE_STYLE('',#2486,POSITIVE_LENGTH_MEASURE(0.1),#2487);
#2486 = DRAUGHTING_PRE_DEFINED_CURVE_FONT('continuous');
#2487 = COLOUR_RGB('',9.803921802644E-02,9.803921802644E-02,
  9.803921802644E-02);
ENDSEC;
END-ISO-10303-21;
