ISO-10303-21;
HEADER;
FILE_DESCRIPTION(('FreeCAD Model'),'2;1');
FILE_NAME('Open CASCADE Shape Model','2026-09-10T09:39:05',('Author'),(
    ''),'Open CASCADE STEP processor 7.8','FreeCAD','Unknown');
FILE_SCHEMA(('AUTOMOTIVE_DESIGN { 1 0 10303 214 1 1 1 1 }'));
ENDSEC;
DATA;
#1 = APPLICATION_PROTOCOL_DEFINITION('international standard',
  'automotive_design',2000,#2);
#2 = APPLICATION_CONTEXT(
  'core data for automotive mechanical design processes');
#3 = SHAPE_DEFINITION_REPRESENTATION(#4,#10);
#4 = PRODUCT_DEFINITION_SHAPE('','',#5);
#5 = PRODUCT_DEFINITION('design','',#6,#9);
#6 = PRODUCT_DEFINITION_FORMATION('','',#7);
#7 = PRODUCT('Product024','Product024','',(#8));
#8 = PRODUCT_CONTEXT('',#2,'mechanical');
#9 = PRODUCT_DEFINITION_CONTEXT('part definition',#2,'design');
#10 = ADVANCED_BREP_SHAPE_REPRESENTATION('',(#11,#15),#4342);
#11 = AXIS2_PLACEMENT_3D('',#12,#13,#14);
#12 = CARTESIAN_POINT('',(0.,0.,0.));
#13 = DIRECTION('',(0.,0.,1.));
#14 = DIRECTION('',(1.,0.,-0.));
#15 = MANIFOLD_SOLID_BREP('',#16);
#16 = CLOSED_SHELL('',(#17,#151,#182,#206,#230,#273,#397,#428,#452,#476,
    #699,#730,#754,#778,#795,#1023,#1138,#1196,#1247,#1348,#1391,#1515,
    #1546,#1577,#1608,#1707,#1827,#1868,#1918,#1949,#2092,#2172,#2215,
    #2305,#2346,#2393,#2465,#2506,#2556,#2633,#2673,#2745,#2785,#2830,
    #2895,#2979,#3001,#3080,#3225,#3247,#3259,#3271,#3283,#3300,#3317,
    #3329,#3346,#3363,#3385,#3429,#3473,#3490,#3507,#3524,#3558,#3591,
    #3608,#3625,#3655,#3672,#3689,#3721,#3738,#3755,#3772,#3798,#3815,
    #3837,#3850,#3862,#3885,#3898,#3916,#3928,#3940,#3952,#3965,#3985,
    #4023,#4066,#4104,#4142,#4166,#4178,#4190,#4202,#4224,#4236,#4248,
    #4265,#4277,#4289,#4301,#4318,#4330));
#17 = ADVANCED_FACE('',(#18),#134,.F.);
#18 = FACE_BOUND('',#19,.F.);
#19 = EDGE_LOOP('',(#20,#33,#42,#51,#62,#71,#80,#89,#98,#107,#118,#127)
  );
#20 = ORIENTED_EDGE('',*,*,#21,.F.);
#21 = EDGE_CURVE('',#22,#24,#26,.T.);
#22 = VERTEX_POINT('',#23);
#23 = CARTESIAN_POINT('',(241.00135753241,132.4080411991,5.035642759308)
  );
#24 = VERTEX_POINT('',#25);
#25 = CARTESIAN_POINT('',(242.00135753241,132.4080411991,4.990938275374)
  );
#26 = B_SPLINE_CURVE_WITH_KNOTS('',3,(#27,#28,#29,#30,#31,#32),
  .UNSPECIFIED.,.F.,.F.,(4,2,4),(-2.502196919476,-2.002156798904,
    -1.501199009581),.UNSPECIFIED.);
#27 = CARTESIAN_POINT('',(241.00135753241,132.4080411991,5.035642759307)
  );
#28 = CARTESIAN_POINT('',(241.16785748606,132.4080411991,5.027887542645)
  );
#29 = CARTESIAN_POINT('',(241.33436453995,132.4080411991,5.020287825697)
  );
#30 = CARTESIAN_POINT('',(241.66769756737,132.4080411991,5.005385770514)
  );
#31 = CARTESIAN_POINT('',(241.83452413582,132.4080411991,4.998083978119)
  );
#32 = CARTESIAN_POINT('',(242.00135753241,132.4080411991,4.990938275375)
  );
#33 = ORIENTED_EDGE('',*,*,#34,.T.);
#34 = EDGE_CURVE('',#22,#35,#37,.T.);
#35 = VERTEX_POINT('',#36);
#36 = CARTESIAN_POINT('',(241.00135753241,130.9080411991,5.175529378988)
  );
#37 = B_SPLINE_CURVE_WITH_KNOTS('',3,(#38,#39,#40,#41),.UNSPECIFIED.,.F.
  ,.F.,(4,4),(5.757163108067E-02,1.564080265761),
  .PIECEWISE_BEZIER_KNOTS.);
#38 = CARTESIAN_POINT('',(241.00135753241,132.4080411991,5.035642759308)
  );
#39 = CARTESIAN_POINT('',(241.00135753241,131.9080411991,5.082271632535)
  );
#40 = CARTESIAN_POINT('',(241.00135753241,131.4080411991,5.128900505761)
  );
#41 = CARTESIAN_POINT('',(241.00135753241,130.9080411991,5.175529378988)
  );
#42 = ORIENTED_EDGE('',*,*,#43,.T.);
#43 = EDGE_CURVE('',#35,#44,#46,.T.);
#44 = VERTEX_POINT('',#45);
#45 = CARTESIAN_POINT('',(239.50135753241,130.9080411991,5.249613205883)
  );
#46 = B_SPLINE_CURVE_WITH_KNOTS('',3,(#47,#48,#49,#50),.UNSPECIFIED.,.F.
  ,.F.,(4,4),(2.648046776477,4.353059681807),.PIECEWISE_BEZIER_KNOTS.);
#47 = CARTESIAN_POINT('',(241.00135753241,130.9080411991,5.175529378989)
  );
#48 = CARTESIAN_POINT('',(240.48508078988,130.9080411991,5.199576460737)
  );
#49 = CARTESIAN_POINT('',(239.98519059914,130.9080411991,5.224356467238)
  );
#50 = CARTESIAN_POINT('',(239.50135753241,130.9080411991,5.249613205884)
  );
#51 = ORIENTED_EDGE('',*,*,#52,.T.);
#52 = EDGE_CURVE('',#44,#53,#55,.T.);
#53 = VERTEX_POINT('',#54);
#54 = CARTESIAN_POINT('',(239.50135753241,129.9080411991,5.342870952337)
  );
#55 = B_SPLINE_CURVE_WITH_KNOTS('',3,(#56,#57,#58,#59,#60,#61),
  .UNSPECIFIED.,.F.,.F.,(4,2,4),(1.570959307725,2.056135621372,
    2.575298397511),.UNSPECIFIED.);
#56 = CARTESIAN_POINT('',(239.50135753241,130.9080411991,5.249613205883)
  );
#57 = CARTESIAN_POINT('',(239.50135753241,130.74701447065,5.264630195697
    ));
#58 = CARTESIAN_POINT('',(239.50135753241,130.5859877422,5.279647185511)
  );
#59 = CARTESIAN_POINT('',(239.50135753241,130.25265440886,5.310733100996
    ));
#60 = CARTESIAN_POINT('',(239.50135753241,130.08034780398,5.326802026666
    ));
#61 = CARTESIAN_POINT('',(239.50135753241,129.9080411991,5.342870952337)
  );
#62 = ORIENTED_EDGE('',*,*,#63,.T.);
#63 = EDGE_CURVE('',#53,#64,#66,.T.);
#64 = VERTEX_POINT('',#65);
#65 = CARTESIAN_POINT('',(241.00135753241,129.9080411991,5.268787125442)
  );
#66 = B_SPLINE_CURVE_WITH_KNOTS('',3,(#67,#68,#69,#70),.UNSPECIFIED.,.F.
  ,.F.,(4,4),(19.666927130065,20.802828309078),
  .PIECEWISE_BEZIER_KNOTS.);
#67 = CARTESIAN_POINT('',(239.50135753241,129.9080411991,5.342870952337)
  );
#68 = CARTESIAN_POINT('',(240.00128575363,129.90804119906,5.316774024923
    ));
#69 = CARTESIAN_POINT('',(240.50128965974,129.90804119905,5.292079231737
    ));
#70 = CARTESIAN_POINT('',(241.00135753243,129.90804119905,5.268787124781
    ));
#71 = ORIENTED_EDGE('',*,*,#72,.T.);
#72 = EDGE_CURVE('',#64,#73,#75,.T.);
#73 = VERTEX_POINT('',#74);
#74 = CARTESIAN_POINT('',(241.00135753241,128.4080411991,5.408673745122)
  );
#75 = B_SPLINE_CURVE_WITH_KNOTS('',3,(#76,#77,#78,#79),.UNSPECIFIED.,.F.
  ,.F.,(4,4),(2.568419355547,4.074927990227),.PIECEWISE_BEZIER_KNOTS.);
#76 = CARTESIAN_POINT('',(241.00135753241,129.9080411991,5.268787125442)
  );
#77 = CARTESIAN_POINT('',(241.00135753241,129.4080411991,5.315415998668)
  );
#78 = CARTESIAN_POINT('',(241.00135753241,128.9080411991,5.362044871895)
  );
#79 = CARTESIAN_POINT('',(241.00135753241,128.4080411991,5.408673745122)
  );
#80 = ORIENTED_EDGE('',*,*,#81,.T.);
#81 = EDGE_CURVE('',#73,#82,#84,.T.);
#82 = VERTEX_POINT('',#83);
#83 = CARTESIAN_POINT('',(242.00135753241,128.4080411991,5.363969261188)
  );
#84 = B_SPLINE_CURVE_WITH_KNOTS('',3,(#85,#86,#87,#88),.UNSPECIFIED.,.F.
  ,.F.,(4,4),(6.793266036232,7.794214516122),.PIECEWISE_BEZIER_KNOTS.);
#85 = CARTESIAN_POINT('',(241.00135753243,128.40804119905,5.408673744461
    ));
#86 = CARTESIAN_POINT('',(241.33466542279,128.40804119903,5.393148965816
    ));
#87 = CARTESIAN_POINT('',(241.66799991219,128.40804119902,5.3782474236)
  );
#88 = CARTESIAN_POINT('',(242.00135753243,128.40804119904,5.363969260528
    ));
#89 = ORIENTED_EDGE('',*,*,#90,.T.);
#90 = EDGE_CURVE('',#82,#91,#93,.T.);
#91 = VERTEX_POINT('',#92);
#92 = CARTESIAN_POINT('',(242.00135753241,129.9080411991,5.224082641508)
  );
#93 = B_SPLINE_CURVE_WITH_KNOTS('',3,(#94,#95,#96,#97),.UNSPECIFIED.,.F.
  ,.F.,(4,4),(4.149428026173E-02,1.548002914942),
  .PIECEWISE_BEZIER_KNOTS.);
#94 = CARTESIAN_POINT('',(242.00135753241,128.4080411991,5.363969261188)
  );
#95 = CARTESIAN_POINT('',(242.00135753241,128.9080411991,5.317340387961)
  );
#96 = CARTESIAN_POINT('',(242.00135753241,129.4080411991,5.270711514735)
  );
#97 = CARTESIAN_POINT('',(242.00135753241,129.9080411991,5.224082641508)
  );
#98 = ORIENTED_EDGE('',*,*,#99,.T.);
#99 = EDGE_CURVE('',#91,#100,#102,.T.);
#100 = VERTEX_POINT('',#101);
#101 = CARTESIAN_POINT('',(243.50135753241,129.9080411991,5.164048639158
    ));
#102 = B_SPLINE_CURVE_WITH_KNOTS('',3,(#103,#104,#105,#106),
  .UNSPECIFIED.,.F.,.F.,(4,4),(21.559931040886,22.695377605009),
  .PIECEWISE_BEZIER_KNOTS.);
#103 = CARTESIAN_POINT('',(242.00135753241,129.9080411991,5.224082641508
    ));
#104 = CARTESIAN_POINT('',(242.50130531442,129.9080411991,5.202669193654
    ));
#105 = CARTESIAN_POINT('',(243.00130921537,129.9080411991,5.182657676055
    ));
#106 = CARTESIAN_POINT('',(243.50135753241,129.9080411991,5.164048639158
    ));
#107 = ORIENTED_EDGE('',*,*,#108,.T.);
#108 = EDGE_CURVE('',#100,#109,#111,.T.);
#109 = VERTEX_POINT('',#110);
#110 = CARTESIAN_POINT('',(243.50135753241,130.9080411991,5.070790892704
    ));
#111 = B_SPLINE_CURVE_WITH_KNOTS('',3,(#112,#113,#114,#115,#116,#117),
  .UNSPECIFIED.,.F.,.F.,(4,2,4),(1.553577362682,2.056135621372,
    2.557916452469),.UNSPECIFIED.);
#112 = CARTESIAN_POINT('',(243.50135753241,129.9080411991,5.164048639158
    ));
#113 = CARTESIAN_POINT('',(243.50135753241,130.07483687724,
    5.148493650096));
#114 = CARTESIAN_POINT('',(243.50135753241,130.24163255538,
    5.132938661035));
#115 = CARTESIAN_POINT('',(243.50135753241,130.57496588871,5.10185274555
    ));
#116 = CARTESIAN_POINT('',(243.50135753241,130.74150354391,
    5.086321819127));
#117 = CARTESIAN_POINT('',(243.50135753241,130.9080411991,5.070790892704
    ));
#118 = ORIENTED_EDGE('',*,*,#119,.T.);
#119 = EDGE_CURVE('',#109,#120,#122,.T.);
#120 = VERTEX_POINT('',#121);
#121 = CARTESIAN_POINT('',(242.00135753241,130.9080411991,5.130824895055
    ));
#122 = B_SPLINE_CURVE_WITH_KNOTS('',3,(#123,#124,#125,#126),
  .UNSPECIFIED.,.F.,.F.,(4,4),(2.527409420403E-02,1.568968867447),
  .PIECEWISE_BEZIER_KNOTS.);
#123 = CARTESIAN_POINT('',(243.50135753241,130.9080411991,5.070790892705
    ));
#124 = CARTESIAN_POINT('',(242.98759991972,130.9080411991,5.089910113878
    ));
#125 = CARTESIAN_POINT('',(242.48768009312,130.9080411991,5.10999503408)
  );
#126 = CARTESIAN_POINT('',(242.00135753241,130.9080411991,5.130824895055
    ));
#127 = ORIENTED_EDGE('',*,*,#128,.F.);
#128 = EDGE_CURVE('',#24,#120,#129,.T.);
#129 = B_SPLINE_CURVE_WITH_KNOTS('',3,(#130,#131,#132,#133),
  .UNSPECIFIED.,.F.,.F.,(4,4),(-4.021507386893,-2.514998752213),
  .PIECEWISE_BEZIER_KNOTS.);
#130 = CARTESIAN_POINT('',(242.00135753241,132.4080411991,4.990938275374
    ));
#131 = CARTESIAN_POINT('',(242.00135753241,131.9080411991,5.037567148601
    ));
#132 = CARTESIAN_POINT('',(242.00135753241,131.4080411991,5.084196021828
    ));
#133 = CARTESIAN_POINT('',(242.00135753241,130.9080411991,5.130824895055
    ));
#134 = B_SPLINE_SURFACE_WITH_KNOTS('',3,3,(
    (#135,#136,#137,#138)
    ,(#139,#140,#141,#142)
    ,(#143,#144,#145,#146)
    ,(#147,#148,#149,#150
    )),.UNSPECIFIED.,.F.,.F.,.F.,(4,4),(4,4),(5.36579492544E-02,
    6.869191261667E-02),(2.606552902564E-02,4.096462334021E-02),
  .PIECEWISE_BEZIER_KNOTS.);
#135 = CARTESIAN_POINT('',(239.50135753241,132.41902361512,
    5.108702390834));
#136 = CARTESIAN_POINT('',(240.83398051266,132.41259210131,
    5.039737462395));
#137 = CARTESIAN_POINT('',(242.16738744332,132.40708051274,
    4.980636864479));
#138 = CARTESIAN_POINT('',(243.50135753241,132.40249083489,
    4.931421887483));
#139 = CARTESIAN_POINT('',(239.50135753241,131.08431258382,
    5.233174533779));
#140 = CARTESIAN_POINT('',(240.83398051266,131.07788107002,5.16420960534
    ));
#141 = CARTESIAN_POINT('',(242.16738744332,131.07236948144,
    5.105109007424));
#142 = CARTESIAN_POINT('',(243.50135753241,131.06777980359,
    5.055894030428));
#143 = CARTESIAN_POINT('',(239.50135753241,129.74960155254,
    5.357646676724));
#144 = CARTESIAN_POINT('',(240.83398051266,129.74317003873,
    5.288681748285));
#145 = CARTESIAN_POINT('',(242.16738744332,129.73765845015,
    5.229581150369));
#146 = CARTESIAN_POINT('',(243.50135753241,129.7330687723,5.180366173373
    ));
#147 = CARTESIAN_POINT('',(239.50135753241,128.41489052125,
    5.482118819669));
#148 = CARTESIAN_POINT('',(240.83398051266,128.40845900744,5.41315389123
    ));
#149 = CARTESIAN_POINT('',(242.16738744332,128.40294741885,
    5.354053293314));
#150 = CARTESIAN_POINT('',(243.50135753241,128.39835774101,
    5.304838316318));
#151 = ADVANCED_FACE('',(#152),#177,.T.);
#152 = FACE_BOUND('',#153,.T.);
#153 = EDGE_LOOP('',(#154,#155,#163,#171));
#154 = ORIENTED_EDGE('',*,*,#128,.F.);
#155 = ORIENTED_EDGE('',*,*,#156,.F.);
#156 = EDGE_CURVE('',#157,#24,#159,.T.);
#157 = VERTEX_POINT('',#158);
#158 = CARTESIAN_POINT('',(242.00135753241,132.4080411991,0.200000000004
    ));
#159 = LINE('',#160,#161);
#160 = CARTESIAN_POINT('',(242.00135753241,132.4080411991,
    4.329869796038E-12));
#161 = VECTOR('',#162,1.);
#162 = DIRECTION('',(0.,0.,1.));
#163 = ORIENTED_EDGE('',*,*,#164,.F.);
#164 = EDGE_CURVE('',#165,#157,#167,.T.);
#165 = VERTEX_POINT('',#166);
#166 = CARTESIAN_POINT('',(242.00135753241,130.9080411991,0.200000000004
    ));
#167 = LINE('',#168,#169);
#168 = CARTESIAN_POINT('',(242.00135753241,126.9120274446,0.200000000004
    ));
#169 = VECTOR('',#170,1.);
#170 = DIRECTION('',(0.,1.,-3.061616997868E-16));
#171 = ORIENTED_EDGE('',*,*,#172,.T.);
#172 = EDGE_CURVE('',#165,#120,#173,.T.);
#173 = LINE('',#174,#175);
#174 = CARTESIAN_POINT('',(242.00135753241,130.9080411991,
    4.329869796038E-12));
#175 = VECTOR('',#176,1.);
#176 = DIRECTION('',(0.,0.,1.));
#177 = PLANE('',#178);
#178 = AXIS2_PLACEMENT_3D('',#179,#180,#181);
#179 = CARTESIAN_POINT('',(242.00135753241,132.4080411991,
    4.329869796038E-12));
#180 = DIRECTION('',(-1.,0.,0.));
#181 = DIRECTION('',(0.,-1.,3.061616997868E-16));
#182 = ADVANCED_FACE('',(#183),#201,.T.);
#183 = FACE_BOUND('',#184,.T.);
#184 = EDGE_LOOP('',(#185,#186,#194,#200));
#185 = ORIENTED_EDGE('',*,*,#21,.F.);
#186 = ORIENTED_EDGE('',*,*,#187,.F.);
#187 = EDGE_CURVE('',#188,#22,#190,.T.);
#188 = VERTEX_POINT('',#189);
#189 = CARTESIAN_POINT('',(241.00135753241,132.4080411991,0.200000000004
    ));
#190 = LINE('',#191,#192);
#191 = CARTESIAN_POINT('',(241.00135753241,132.4080411991,
    4.329869796038E-12));
#192 = VECTOR('',#193,1.);
#193 = DIRECTION('',(0.,0.,1.));
#194 = ORIENTED_EDGE('',*,*,#195,.F.);
#195 = EDGE_CURVE('',#157,#188,#196,.T.);
#196 = LINE('',#197,#198);
#197 = CARTESIAN_POINT('',(236.75135753241,132.4080411991,0.200000000004
    ));
#198 = VECTOR('',#199,1.);
#199 = DIRECTION('',(-1.,0.,0.));
#200 = ORIENTED_EDGE('',*,*,#156,.T.);
#201 = PLANE('',#202);
#202 = AXIS2_PLACEMENT_3D('',#203,#204,#205);
#203 = CARTESIAN_POINT('',(241.00135753241,132.4080411991,
    4.329869796038E-12));
#204 = DIRECTION('',(0.,-1.,0.));
#205 = DIRECTION('',(1.,0.,0.));
#206 = ADVANCED_FACE('',(#207),#225,.T.);
#207 = FACE_BOUND('',#208,.T.);
#208 = EDGE_LOOP('',(#209,#210,#218,#224));
#209 = ORIENTED_EDGE('',*,*,#34,.T.);
#210 = ORIENTED_EDGE('',*,*,#211,.F.);
#211 = EDGE_CURVE('',#212,#35,#214,.T.);
#212 = VERTEX_POINT('',#213);
#213 = CARTESIAN_POINT('',(241.00135753241,130.9080411991,0.200000000004
    ));
#214 = LINE('',#215,#216);
#215 = CARTESIAN_POINT('',(241.00135753241,130.9080411991,
    4.329869796038E-12));
#216 = VECTOR('',#217,1.);
#217 = DIRECTION('',(0.,0.,1.));
#218 = ORIENTED_EDGE('',*,*,#219,.F.);
#219 = EDGE_CURVE('',#188,#212,#220,.T.);
#220 = LINE('',#221,#222);
#221 = CARTESIAN_POINT('',(241.00135753241,126.1620274446,0.200000000004
    ));
#222 = VECTOR('',#223,1.);
#223 = DIRECTION('',(0.,-1.,3.061616997868E-16));
#224 = ORIENTED_EDGE('',*,*,#187,.T.);
#225 = PLANE('',#226);
#226 = AXIS2_PLACEMENT_3D('',#227,#228,#229);
#227 = CARTESIAN_POINT('',(241.00135753241,130.9080411991,
    4.329869796038E-12));
#228 = DIRECTION('',(1.,0.,0.));
#229 = DIRECTION('',(0.,1.,-3.061616997868E-16));
#230 = ADVANCED_FACE('',(#231),#268,.T.);
#231 = FACE_BOUND('',#232,.T.);
#232 = EDGE_LOOP('',(#233,#246,#254,#262));
#233 = ORIENTED_EDGE('',*,*,#234,.T.);
#234 = EDGE_CURVE('',#235,#237,#239,.T.);
#235 = VERTEX_POINT('',#236);
#236 = CARTESIAN_POINT('',(264.90135753241,128.4080411991,5.364111276367
    ));
#237 = VERTEX_POINT('',#238);
#238 = CARTESIAN_POINT('',(265.90135753241,128.4080411991,5.408803191128
    ));
#239 = B_SPLINE_CURVE_WITH_KNOTS('',3,(#240,#241,#242,#243,#244,#245),
  .UNSPECIFIED.,.F.,.F.,(4,2,4),(1.526463447786,2.045231298566,
    2.527460759029),.UNSPECIFIED.);
#240 = CARTESIAN_POINT('',(264.90135753242,128.4080411991,5.364111276366
    ));
#241 = CARTESIAN_POINT('',(265.07412230152,128.4080411991,5.371509038257
    ));
#242 = CARTESIAN_POINT('',(265.24687975355,128.4080411991,5.379074084027
    ));
#243 = CARTESIAN_POINT('',(265.58021177764,128.4080411991,5.39399410507)
  );
#244 = CARTESIAN_POINT('',(265.74078794911,128.4080411991,5.401326371626
    ));
#245 = CARTESIAN_POINT('',(265.90135753241,128.4080411991,5.408803191128
    ));
#246 = ORIENTED_EDGE('',*,*,#247,.F.);
#247 = EDGE_CURVE('',#248,#237,#250,.T.);
#248 = VERTEX_POINT('',#249);
#249 = CARTESIAN_POINT('',(265.90135753241,128.4080411991,0.200000000004
    ));
#250 = LINE('',#251,#252);
#251 = CARTESIAN_POINT('',(265.90135753241,128.4080411991,
    4.330757974458E-12));
#252 = VECTOR('',#253,1.);
#253 = DIRECTION('',(0.,0.,1.));
#254 = ORIENTED_EDGE('',*,*,#255,.F.);
#255 = EDGE_CURVE('',#256,#248,#258,.T.);
#256 = VERTEX_POINT('',#257);
#257 = CARTESIAN_POINT('',(264.90135753241,128.4080411991,0.200000000004
    ));
#258 = LINE('',#259,#260);
#259 = CARTESIAN_POINT('',(261.15135753241,128.4080411991,0.200000000004
    ));
#260 = VECTOR('',#261,1.);
#261 = DIRECTION('',(1.,0.,0.));
#262 = ORIENTED_EDGE('',*,*,#263,.T.);
#263 = EDGE_CURVE('',#256,#235,#264,.T.);
#264 = LINE('',#265,#266);
#265 = CARTESIAN_POINT('',(264.90135753241,128.4080411991,
    4.330757974458E-12));
#266 = VECTOR('',#267,1.);
#267 = DIRECTION('',(0.,0.,1.));
#268 = PLANE('',#269);
#269 = AXIS2_PLACEMENT_3D('',#270,#271,#272);
#270 = CARTESIAN_POINT('',(265.90135753241,128.4080411991,
    4.331646152878E-12));
#271 = DIRECTION('',(0.,1.,0.));
#272 = DIRECTION('',(-1.,0.,0.));
#273 = ADVANCED_FACE('',(#274),#380,.F.);
#274 = FACE_BOUND('',#275,.F.);
#275 = EDGE_LOOP('',(#276,#287,#298,#307,#316,#327,#336,#343,#344,#353,
    #362,#373));
#276 = ORIENTED_EDGE('',*,*,#277,.T.);
#277 = EDGE_CURVE('',#278,#280,#282,.T.);
#278 = VERTEX_POINT('',#279);
#279 = CARTESIAN_POINT('',(265.90135753241,130.9080411991,5.175658824994
    ));
#280 = VERTEX_POINT('',#281);
#281 = CARTESIAN_POINT('',(265.90135753241,132.4080411991,5.035772205314
    ));
#282 = B_SPLINE_CURVE_WITH_KNOTS('',3,(#283,#284,#285,#286),
  .UNSPECIFIED.,.F.,.F.,(4,4),(2.548190953637,4.054699588317),
  .PIECEWISE_BEZIER_KNOTS.);
#283 = CARTESIAN_POINT('',(265.90135753241,130.9080411991,5.175658824994
    ));
#284 = CARTESIAN_POINT('',(265.90135753241,131.4080411991,5.129029951768
    ));
#285 = CARTESIAN_POINT('',(265.90135753241,131.9080411991,5.082401078541
    ));
#286 = CARTESIAN_POINT('',(265.90135753241,132.4080411991,5.035772205314
    ));
#287 = ORIENTED_EDGE('',*,*,#288,.T.);
#288 = EDGE_CURVE('',#280,#289,#291,.T.);
#289 = VERTEX_POINT('',#290);
#290 = CARTESIAN_POINT('',(264.90135753241,132.4080411991,4.991080290553
    ));
#291 = B_SPLINE_CURVE_WITH_KNOTS('',3,(#292,#293,#294,#295,#296,#297),
  .UNSPECIFIED.,.F.,.F.,(4,2,4),(1.562733881258,2.044892407533,
    2.563731182257),.UNSPECIFIED.);
#292 = CARTESIAN_POINT('',(265.9013575324,132.4080411991,5.035772205313)
  );
#293 = CARTESIAN_POINT('',(265.74081156672,132.4080411991,5.028296485551
    ));
#294 = CARTESIAN_POINT('',(265.58025901482,132.4080411991,5.020965276214
    ));
#295 = CARTESIAN_POINT('',(265.24692699468,132.4080411991,5.006045166904
    ));
#296 = CARTESIAN_POINT('',(265.07414592308,132.4080411991,4.998479063915
    ));
#297 = CARTESIAN_POINT('',(264.90135753241,132.4080411991,4.991080290551
    ));
#298 = ORIENTED_EDGE('',*,*,#299,.T.);
#299 = EDGE_CURVE('',#289,#300,#302,.T.);
#300 = VERTEX_POINT('',#301);
#301 = CARTESIAN_POINT('',(264.90135753241,130.9080411991,5.130966910233
    ));
#302 = B_SPLINE_CURVE_WITH_KNOTS('',3,(#303,#304,#305,#306),
  .UNSPECIFIED.,.F.,.F.,(4,4),(5.600568233777E-02,1.562514317018),
  .PIECEWISE_BEZIER_KNOTS.);
#303 = CARTESIAN_POINT('',(264.90135753241,132.4080411991,4.991080290553
    ));
#304 = CARTESIAN_POINT('',(264.90135753241,131.9080411991,5.03770916378)
  );
#305 = CARTESIAN_POINT('',(264.90135753241,131.4080411991,5.084338037006
    ));
#306 = CARTESIAN_POINT('',(264.90135753241,130.9080411991,5.130966910233
    ));
#307 = ORIENTED_EDGE('',*,*,#308,.T.);
#308 = EDGE_CURVE('',#300,#309,#311,.T.);
#309 = VERTEX_POINT('',#310);
#310 = CARTESIAN_POINT('',(263.40135753241,130.9080411991,5.070947316317
    ));
#311 = B_SPLINE_CURVE_WITH_KNOTS('',3,(#312,#313,#314,#315),
  .UNSPECIFIED.,.F.,.F.,(4,4),(2.563731182257,4.064929366808),
  .PIECEWISE_BEZIER_KNOTS.);
#312 = CARTESIAN_POINT('',(264.90135753241,130.9080411991,5.130966910232
    ));
#313 = CARTESIAN_POINT('',(264.40141490856,130.9080411991,5.109559440932
    ));
#314 = CARTESIAN_POINT('',(263.90141101204,130.9080411991,5.089552797171
    ));
#315 = CARTESIAN_POINT('',(263.40135753241,130.9080411991,5.070947316317
    ));
#316 = ORIENTED_EDGE('',*,*,#317,.T.);
#317 = EDGE_CURVE('',#309,#318,#320,.T.);
#318 = VERTEX_POINT('',#319);
#319 = CARTESIAN_POINT('',(263.40135753241,129.9080411991,5.16420506277)
  );
#320 = B_SPLINE_CURVE_WITH_KNOTS('',3,(#321,#322,#323,#324,#325,#326),
  .UNSPECIFIED.,.F.,.F.,(4,2,4),(1.55694120717,2.057427565646,
    2.561280296957),.UNSPECIFIED.);
#321 = CARTESIAN_POINT('',(263.40135753241,130.9080411991,5.070947316317
    ));
#322 = CARTESIAN_POINT('',(263.40135753241,130.74193317059,
    5.086438176723));
#323 = CARTESIAN_POINT('',(263.40135753241,130.57582514208,5.10192903713
    ));
#324 = CARTESIAN_POINT('',(263.40135753241,130.24249180875,
    5.133014952614));
#325 = CARTESIAN_POINT('',(263.40135753241,130.07526650393,
    5.148610007692));
#326 = CARTESIAN_POINT('',(263.40135753241,129.9080411991,5.16420506277)
  );
#327 = ORIENTED_EDGE('',*,*,#328,.T.);
#328 = EDGE_CURVE('',#318,#329,#331,.T.);
#329 = VERTEX_POINT('',#330);
#330 = CARTESIAN_POINT('',(264.90135753241,129.9080411991,5.224224656686
    ));
#331 = B_SPLINE_CURVE_WITH_KNOTS('',3,(#332,#333,#334,#335),
  .UNSPECIFIED.,.F.,.F.,(4,4),(2.526524759875E-02,1.526463447786),
  .PIECEWISE_BEZIER_KNOTS.);
#332 = CARTESIAN_POINT('',(263.40135753241,129.9080411991,5.16420506277)
  );
#333 = CARTESIAN_POINT('',(263.90141101214,129.9080411991,5.182810543628
    ));
#334 = CARTESIAN_POINT('',(264.40141490866,129.9080411991,5.20281718739)
  );
#335 = CARTESIAN_POINT('',(264.90135753242,129.9080411991,5.224224656685
    ));
#336 = ORIENTED_EDGE('',*,*,#337,.T.);
#337 = EDGE_CURVE('',#329,#235,#338,.T.);
#338 = B_SPLINE_CURVE_WITH_KNOTS('',3,(#339,#340,#341,#342),
  .UNSPECIFIED.,.F.,.F.,(4,4),(2.566853406805,4.073362041485),
  .PIECEWISE_BEZIER_KNOTS.);
#339 = CARTESIAN_POINT('',(264.90135753241,129.9080411991,5.224224656686
    ));
#340 = CARTESIAN_POINT('',(264.90135753241,129.4080411991,5.270853529913
    ));
#341 = CARTESIAN_POINT('',(264.90135753241,128.9080411991,5.31748240314)
  );
#342 = CARTESIAN_POINT('',(264.90135753241,128.4080411991,5.364111276367
    ));
#343 = ORIENTED_EDGE('',*,*,#234,.T.);
#344 = ORIENTED_EDGE('',*,*,#345,.T.);
#345 = EDGE_CURVE('',#237,#346,#348,.T.);
#346 = VERTEX_POINT('',#347);
#347 = CARTESIAN_POINT('',(265.90135753241,129.9080411991,5.268916571448
    ));
#348 = B_SPLINE_CURVE_WITH_KNOTS('',3,(#349,#350,#351,#352),
  .UNSPECIFIED.,.F.,.F.,(4,4),(3.734322917056E-02,1.543851863851),
  .PIECEWISE_BEZIER_KNOTS.);
#349 = CARTESIAN_POINT('',(265.90135753241,128.4080411991,5.408803191128
    ));
#350 = CARTESIAN_POINT('',(265.90135753241,128.9080411991,5.362174317901
    ));
#351 = CARTESIAN_POINT('',(265.90135753241,129.4080411991,5.315545444674
    ));
#352 = CARTESIAN_POINT('',(265.90135753241,129.9080411991,5.268916571448
    ));
#353 = ORIENTED_EDGE('',*,*,#354,.T.);
#354 = EDGE_CURVE('',#346,#355,#357,.T.);
#355 = VERTEX_POINT('',#356);
#356 = CARTESIAN_POINT('',(267.40135753241,129.9080411991,5.342978428094
    ));
#357 = B_SPLINE_CURVE_WITH_KNOTS('',3,(#358,#359,#360,#361),
  .UNSPECIFIED.,.F.,.F.,(4,4),(2.527460759029,4.029285847737),
  .PIECEWISE_BEZIER_KNOTS.);
#358 = CARTESIAN_POINT('',(265.90135753241,129.9080411991,5.268916571447
    ));
#359 = CARTESIAN_POINT('',(266.40142533926,129.9080411991,5.292201907646
    ));
#360 = CARTESIAN_POINT('',(266.90142924691,129.9080411991,5.316889276668
    ));
#361 = CARTESIAN_POINT('',(267.40135753241,129.9080411991,5.342978428094
    ));
#362 = ORIENTED_EDGE('',*,*,#363,.T.);
#363 = EDGE_CURVE('',#355,#364,#366,.T.);
#364 = VERTEX_POINT('',#365);
#365 = CARTESIAN_POINT('',(267.40135753241,130.9080411991,5.249720681641
    ));
#366 = B_SPLINE_CURVE_WITH_KNOTS('',3,(#367,#368,#369,#370,#371,#372),
  .UNSPECIFIED.,.F.,.F.,(4,2,4),(1.536974861931,2.057427565646,
    2.541313951717),.UNSPECIFIED.);
#367 = CARTESIAN_POINT('',(267.40135753241,129.9080411991,5.342978428094
    ));
#368 = CARTESIAN_POINT('',(267.40135753241,130.0807759222,5.326869577084
    ));
#369 = CARTESIAN_POINT('',(267.40135753241,130.2535106453,5.310760726073
    ));
#370 = CARTESIAN_POINT('',(267.40135753241,130.58684397863,
    5.279674810589));
#371 = CARTESIAN_POINT('',(267.40135753241,130.74744258887,
    5.264697746115));
#372 = CARTESIAN_POINT('',(267.40135753241,130.9080411991,5.249720681641
    ));
#373 = ORIENTED_EDGE('',*,*,#374,.T.);
#374 = EDGE_CURVE('',#364,#278,#375,.T.);
#375 = B_SPLINE_CURVE_WITH_KNOTS('',3,(#376,#377,#378,#379),
  .UNSPECIFIED.,.F.,.F.,(4,4),(6.090880759777E-02,1.562733881258),
  .PIECEWISE_BEZIER_KNOTS.);
#376 = CARTESIAN_POINT('',(267.40135753241,130.9080411991,5.249720681641
    ));
#377 = CARTESIAN_POINT('',(266.90142924682,130.9080411991,5.22363153021)
  );
#378 = CARTESIAN_POINT('',(266.40142533916,130.9080411991,5.198944161188
    ));
#379 = CARTESIAN_POINT('',(265.9013575324,130.9080411991,5.175658824993)
  );
#380 = B_SPLINE_SURFACE_WITH_KNOTS('',3,3,(
    (#381,#382,#383,#384)
    ,(#385,#386,#387,#388)
    ,(#389,#390,#391,#392)
    ,(#393,#394,#395,#396
    )),.UNSPECIFIED.,.F.,.F.,.F.,(4,4),(4,4),(5.36579985518E-02,
    6.869195755096E-02),(0.114998412597,0.129896028067),
  .PIECEWISE_BEZIER_KNOTS.);
#381 = CARTESIAN_POINT('',(263.40135753241,132.40249216701,
    4.931578186865));
#382 = CARTESIAN_POINT('',(264.73530407593,132.40708083943,
    4.980782382752));
#383 = CARTESIAN_POINT('',(266.06871097471,132.41259071146,5.03986457421
    ));
#384 = CARTESIAN_POINT('',(267.40135753241,132.41902042183,
    5.108810164392));
#385 = CARTESIAN_POINT('',(263.40135753241,131.06778152307,
    5.056050293686));
#386 = CARTESIAN_POINT('',(264.73530407593,131.07237019549,
    5.105254489573));
#387 = CARTESIAN_POINT('',(266.06871097471,131.07788006752,
    5.164336681031));
#388 = CARTESIAN_POINT('',(267.40135753241,131.08430977789,
    5.233282271213));
#389 = CARTESIAN_POINT('',(263.40135753241,129.73307087913,
    5.180522400507));
#390 = CARTESIAN_POINT('',(264.73530407593,129.73765955156,
    5.229726596394));
#391 = CARTESIAN_POINT('',(266.06871097471,129.74316942358,
    5.288808787852));
#392 = CARTESIAN_POINT('',(267.40135753241,129.74959913395,
    5.357754378034));
#393 = CARTESIAN_POINT('',(263.40135753241,128.39836023519,
    5.304994507328));
#394 = CARTESIAN_POINT('',(264.73530407593,128.40294890762,
    5.354198703216));
#395 = CARTESIAN_POINT('',(266.06871097471,128.40845877964,
    5.413280894673));
#396 = CARTESIAN_POINT('',(267.40135753241,128.41488849001,
    5.482226484855));
#397 = ADVANCED_FACE('',(#398),#423,.T.);
#398 = FACE_BOUND('',#399,.T.);
#399 = EDGE_LOOP('',(#400,#401,#409,#417));
#400 = ORIENTED_EDGE('',*,*,#354,.T.);
#401 = ORIENTED_EDGE('',*,*,#402,.F.);
#402 = EDGE_CURVE('',#403,#355,#405,.T.);
#403 = VERTEX_POINT('',#404);
#404 = CARTESIAN_POINT('',(267.40135753241,129.9080411991,0.200000000004
    ));
#405 = LINE('',#406,#407);
#406 = CARTESIAN_POINT('',(267.40135753241,129.9080411991,
    4.330757974458E-12));
#407 = VECTOR('',#408,1.);
#408 = DIRECTION('',(0.,0.,1.));
#409 = ORIENTED_EDGE('',*,*,#410,.F.);
#410 = EDGE_CURVE('',#411,#403,#413,.T.);
#411 = VERTEX_POINT('',#412);
#412 = CARTESIAN_POINT('',(265.90135753241,129.9080411991,0.200000000004
    ));
#413 = LINE('',#414,#415);
#414 = CARTESIAN_POINT('',(260.65135753241,129.9080411991,0.200000000004
    ));
#415 = VECTOR('',#416,1.);
#416 = DIRECTION('',(1.,0.,0.));
#417 = ORIENTED_EDGE('',*,*,#418,.T.);
#418 = EDGE_CURVE('',#411,#346,#419,.T.);
#419 = LINE('',#420,#421);
#420 = CARTESIAN_POINT('',(265.90135753241,129.9080411991,
    4.330757974458E-12));
#421 = VECTOR('',#422,1.);
#422 = DIRECTION('',(0.,0.,1.));
#423 = PLANE('',#424);
#424 = AXIS2_PLACEMENT_3D('',#425,#426,#427);
#425 = CARTESIAN_POINT('',(264.90135753241,129.9080411991,
    4.330757974458E-12));
#426 = DIRECTION('',(0.,1.,0.));
#427 = DIRECTION('',(-1.,0.,0.));
#428 = ADVANCED_FACE('',(#429),#447,.T.);
#429 = FACE_BOUND('',#430,.T.);
#430 = EDGE_LOOP('',(#431,#432,#440,#446));
#431 = ORIENTED_EDGE('',*,*,#363,.T.);
#432 = ORIENTED_EDGE('',*,*,#433,.F.);
#433 = EDGE_CURVE('',#434,#364,#436,.T.);
#434 = VERTEX_POINT('',#435);
#435 = CARTESIAN_POINT('',(267.40135753241,130.9080411991,0.200000000004
    ));
#436 = LINE('',#437,#438);
#437 = CARTESIAN_POINT('',(267.40135753241,130.9080411991,
    4.329869796038E-12));
#438 = VECTOR('',#439,1.);
#439 = DIRECTION('',(0.,0.,1.));
#440 = ORIENTED_EDGE('',*,*,#441,.F.);
#441 = EDGE_CURVE('',#403,#434,#442,.T.);
#442 = LINE('',#443,#444);
#443 = CARTESIAN_POINT('',(267.40135753241,126.1620274446,0.200000000004
    ));
#444 = VECTOR('',#445,1.);
#445 = DIRECTION('',(0.,1.,-3.061616997868E-16));
#446 = ORIENTED_EDGE('',*,*,#402,.T.);
#447 = PLANE('',#448);
#448 = AXIS2_PLACEMENT_3D('',#449,#450,#451);
#449 = CARTESIAN_POINT('',(267.40135753241,130.9080411991,
    4.329869796038E-12));
#450 = DIRECTION('',(-1.,0.,0.));
#451 = DIRECTION('',(0.,-1.,3.061616997868E-16));
#452 = ADVANCED_FACE('',(#453),#471,.T.);
#453 = FACE_BOUND('',#454,.T.);
#454 = EDGE_LOOP('',(#455,#456,#464,#470));
#455 = ORIENTED_EDGE('',*,*,#374,.T.);
#456 = ORIENTED_EDGE('',*,*,#457,.F.);
#457 = EDGE_CURVE('',#458,#278,#460,.T.);
#458 = VERTEX_POINT('',#459);
#459 = CARTESIAN_POINT('',(265.90135753241,130.9080411991,0.200000000004
    ));
#460 = LINE('',#461,#462);
#461 = CARTESIAN_POINT('',(265.90135753241,130.9080411991,
    4.329869796038E-12));
#462 = VECTOR('',#463,1.);
#463 = DIRECTION('',(0.,0.,1.));
#464 = ORIENTED_EDGE('',*,*,#465,.F.);
#465 = EDGE_CURVE('',#434,#458,#466,.T.);
#466 = LINE('',#467,#468);
#467 = CARTESIAN_POINT('',(261.15135753241,130.9080411991,0.200000000004
    ));
#468 = VECTOR('',#469,1.);
#469 = DIRECTION('',(-1.,0.,0.));
#470 = ORIENTED_EDGE('',*,*,#433,.T.);
#471 = PLANE('',#472);
#472 = AXIS2_PLACEMENT_3D('',#473,#474,#475);
#473 = CARTESIAN_POINT('',(265.90135753241,130.9080411991,
    4.329869796038E-12));
#474 = DIRECTION('',(0.,-1.,0.));
#475 = DIRECTION('',(1.,0.,0.));
#476 = ADVANCED_FACE('',(#477),#694,.T.);
#477 = FACE_BOUND('',#478,.T.);
#478 = EDGE_LOOP('',(#479,#496,#504,#513,#521,#528,#529,#538,#546,#570,
    #578,#587,#601,#616,#624,#633,#641,#665,#679,#688));
#479 = ORIENTED_EDGE('',*,*,#480,.T.);
#480 = EDGE_CURVE('',#481,#483,#485,.T.);
#481 = VERTEX_POINT('',#482);
#482 = CARTESIAN_POINT('',(268.08172597723,130.08304119908,
    5.363031908478));
#483 = VERTEX_POINT('',#484);
#484 = CARTESIAN_POINT('',(265.72635753241,127.72767275428,5.46416140991
    ));
#485 = B_SPLINE_CURVE_WITH_KNOTS('',3,(#486,#487,#488,#489,#490,#491,
    #492,#493,#494,#495),.UNSPECIFIED.,.F.,.F.,(4,2,2,2,4),(
    6.265349073305E-02,1.070720141551,2.140320430185,2.953585035722,
    3.666179984841),.UNSPECIFIED.);
#486 = CARTESIAN_POINT('',(268.08172597723,130.08304119908,
    5.363031908478));
#487 = CARTESIAN_POINT('',(268.04147110335,129.75104768007,
    5.391789418853));
#488 = CARTESIAN_POINT('',(267.9398193215,129.42888934992,5.416259722968
    ));
#489 = CARTESIAN_POINT('',(267.61337367562,128.81943552604,
    5.455594884818));
#490 = CARTESIAN_POINT('',(267.38480945237,128.54177538405,
    5.469387331817));
#491 = CARTESIAN_POINT('',(266.8987672826,128.14503371788,5.481555376194
    ));
#492 = CARTESIAN_POINT('',(266.66420737602,128.0062358957,5.482768011576
    ));
#493 = CARTESIAN_POINT('',(266.19272986738,127.81572027082,
    5.477677456554));
#494 = CARTESIAN_POINT('',(265.96187624248,127.75622986586,
    5.472310643416));
#495 = CARTESIAN_POINT('',(265.72635753241,127.72767275427,
    5.464161409911));
#496 = ORIENTED_EDGE('',*,*,#497,.T.);
#497 = EDGE_CURVE('',#483,#498,#500,.T.);
#498 = VERTEX_POINT('',#499);
#499 = CARTESIAN_POINT('',(265.72635753241,127.72767275428,
    1.944032227594));
#500 = LINE('',#501,#502);
#501 = CARTESIAN_POINT('',(265.72635753241,127.72767275428,
    4.333422509717E-12));
#502 = VECTOR('',#503,1.);
#503 = DIRECTION('',(0.,0.,-1.));
#504 = ORIENTED_EDGE('',*,*,#505,.F.);
#505 = EDGE_CURVE('',#506,#498,#508,.T.);
#506 = VERTEX_POINT('',#507);
#507 = CARTESIAN_POINT('',(265.40135753241,127.7080411991,1.944032227594
    ));
#508 = CIRCLE('',#509,2.7);
#509 = AXIS2_PLACEMENT_3D('',#510,#511,#512);
#510 = CARTESIAN_POINT('',(265.40135753241,130.4080411991,1.944032227594
    ));
#511 = DIRECTION('',(0.,-0.,1.));
#512 = DIRECTION('',(0.,1.,0.));
#513 = ORIENTED_EDGE('',*,*,#514,.T.);
#514 = EDGE_CURVE('',#506,#515,#517,.T.);
#515 = VERTEX_POINT('',#516);
#516 = CARTESIAN_POINT('',(265.40135753241,127.7080411991,0.200000000004
    ));
#517 = LINE('',#518,#519);
#518 = CARTESIAN_POINT('',(265.40135753241,127.7080411991,
    4.333422509717E-12));
#519 = VECTOR('',#520,1.);
#520 = DIRECTION('',(0.,0.,-1.));
#521 = ORIENTED_EDGE('',*,*,#522,.F.);
#522 = EDGE_CURVE('',#515,#515,#523,.T.);
#523 = CIRCLE('',#524,2.7);
#524 = AXIS2_PLACEMENT_3D('',#525,#526,#527);
#525 = CARTESIAN_POINT('',(265.40135753241,130.4080411991,0.200000000004
    ));
#526 = DIRECTION('',(0.,-3.061616997868E-16,-1.));
#527 = DIRECTION('',(0.,1.,-3.061616997868E-16));
#528 = ORIENTED_EDGE('',*,*,#514,.F.);
#529 = ORIENTED_EDGE('',*,*,#530,.F.);
#530 = EDGE_CURVE('',#531,#506,#533,.T.);
#531 = VERTEX_POINT('',#532);
#532 = CARTESIAN_POINT('',(265.07635753241,127.72767275428,
    1.944032227594));
#533 = CIRCLE('',#534,2.7);
#534 = AXIS2_PLACEMENT_3D('',#535,#536,#537);
#535 = CARTESIAN_POINT('',(265.40135753241,130.4080411991,1.944032227594
    ));
#536 = DIRECTION('',(0.,-0.,1.));
#537 = DIRECTION('',(0.,1.,0.));
#538 = ORIENTED_EDGE('',*,*,#539,.T.);
#539 = EDGE_CURVE('',#531,#540,#542,.T.);
#540 = VERTEX_POINT('',#541);
#541 = CARTESIAN_POINT('',(265.07635753241,127.72767275428,
    5.435111701012));
#542 = LINE('',#543,#544);
#543 = CARTESIAN_POINT('',(265.07635753241,127.72767275428,
    4.333422509717E-12));
#544 = VECTOR('',#545,1.);
#545 = DIRECTION('',(0.,0.,1.));
#546 = ORIENTED_EDGE('',*,*,#547,.T.);
#547 = EDGE_CURVE('',#540,#548,#550,.T.);
#548 = VERTEX_POINT('',#549);
#549 = CARTESIAN_POINT('',(262.72098908759,130.08304119908,
    5.123436169877));
#550 = B_SPLINE_CURVE_WITH_KNOTS('',3,(#551,#552,#553,#554,#555,#556,
    #557,#558,#559,#560,#561,#562,#563,#564,#565,#566,#567,#568,#569),
  .UNSPECIFIED.,.F.,.F.,(4,3,3,3,3,3,4),(0.131256657415,0.530821804652,
    1.279808268438,1.329441801327,2.417505419676,3.139988013343,
    3.741577087979),.UNSPECIFIED.);
#551 = CARTESIAN_POINT('',(265.07635753241,127.72767275427,
    5.435111701012));
#552 = CARTESIAN_POINT('',(264.944451731,127.74366658673,5.427885550372)
  );
#553 = CARTESIAN_POINT('',(264.81388806509,127.76937790771,
    5.419909728929));
#554 = CARTESIAN_POINT('',(264.68573411902,127.80460440695,
    5.411240486223));
#555 = CARTESIAN_POINT('',(264.445509033,127.8706366211,5.394989955994)
  );
#556 = CARTESIAN_POINT('',(264.21580106496,127.96953804612,
    5.376444557028));
#557 = CARTESIAN_POINT('',(264.00306748872,128.09832585958,
    5.356040047683));
#558 = CARTESIAN_POINT('',(263.98897014589,128.10686031846,
    5.354687889888));
#559 = CARTESIAN_POINT('',(263.97494734512,128.11552601854,
    5.353327549564));
#560 = CARTESIAN_POINT('',(263.96100096582,128.1243220911,5.351959146074
    ));
#561 = CARTESIAN_POINT('',(263.65526919451,128.31714911704,
    5.321961078916));
#562 = CARTESIAN_POINT('',(263.39155087077,128.56928845451,
    5.288609870275));
#563 = CARTESIAN_POINT('',(263.18530978744,128.86559755388,
    5.253469803968));
#564 = CARTESIAN_POINT('',(263.04836412517,129.06234907009,
    5.230136530235));
#565 = CARTESIAN_POINT('',(262.9382449427,129.27644233496,5.206264518479
    ));
#566 = CARTESIAN_POINT('',(262.85783948966,129.50221783165,
    5.182381009141));
#567 = CARTESIAN_POINT('',(262.7908883376,129.69021415577,5.16249394421)
  );
#568 = CARTESIAN_POINT('',(262.74500016199,129.88501484651,
    5.142735922088));
#569 = CARTESIAN_POINT('',(262.72098908681,130.08304119715,
    5.123436149217));
#570 = ORIENTED_EDGE('',*,*,#571,.T.);
#571 = EDGE_CURVE('',#548,#572,#574,.T.);
#572 = VERTEX_POINT('',#573);
#573 = CARTESIAN_POINT('',(262.72098908759,130.08304119908,
    1.944032227594));
#574 = LINE('',#575,#576);
#575 = CARTESIAN_POINT('',(262.72098908759,130.08304119908,
    4.333422509717E-12));
#576 = VECTOR('',#577,1.);
#577 = DIRECTION('',(0.,0.,-1.));
#578 = ORIENTED_EDGE('',*,*,#579,.F.);
#579 = EDGE_CURVE('',#580,#572,#582,.T.);
#580 = VERTEX_POINT('',#581);
#581 = CARTESIAN_POINT('',(262.72098908758,130.73304119909,
    1.944032227594));
#582 = CIRCLE('',#583,2.7);
#583 = AXIS2_PLACEMENT_3D('',#584,#585,#586);
#584 = CARTESIAN_POINT('',(265.40135753241,130.4080411991,1.944032227594
    ));
#585 = DIRECTION('',(0.,-0.,1.));
#586 = DIRECTION('',(0.,1.,0.));
#587 = ORIENTED_EDGE('',*,*,#588,.T.);
#588 = EDGE_CURVE('',#580,#589,#591,.T.);
#589 = VERTEX_POINT('',#590);
#590 = CARTESIAN_POINT('',(262.72098908758,130.73304119909,
    5.062818634682));
#591 = B_SPLINE_CURVE_WITH_KNOTS('',3,(#592,#593,#594,#595,#596,#597,
    #598,#599,#600),.UNSPECIFIED.,.F.,.F.,(4,3,2,4),(-0.4,0.,
    1.60645899368,2.718786407087),.UNSPECIFIED.);
#592 = CARTESIAN_POINT('',(262.72098908758,130.73304119909,
    1.944032227594));
#593 = CARTESIAN_POINT('',(262.72098908758,130.73304119909,
    2.077365560928));
#594 = CARTESIAN_POINT('',(262.72098908758,130.73304119909,
    2.210698894261));
#595 = CARTESIAN_POINT('',(262.72098908758,130.73304119909,
    2.344032227594));
#596 = CARTESIAN_POINT('',(262.72098908758,130.73304119909,
    2.879518558821));
#597 = CARTESIAN_POINT('',(262.72098908758,130.73304119909,
    3.415004890048));
#598 = CARTESIAN_POINT('',(262.72098908758,130.73304119909,
    4.321267025744));
#599 = CARTESIAN_POINT('',(262.72098908758,130.73304119909,
    4.692042830213));
#600 = CARTESIAN_POINT('',(262.72098908758,130.73304119909,
    5.062818634682));
#601 = ORIENTED_EDGE('',*,*,#602,.T.);
#602 = EDGE_CURVE('',#589,#603,#605,.T.);
#603 = VERTEX_POINT('',#604);
#604 = CARTESIAN_POINT('',(265.07635753241,133.08840964392,
    4.935181459354));
#605 = B_SPLINE_CURVE_WITH_KNOTS('',3,(#606,#607,#608,#609,#610,#611,
    #612,#613,#614,#615),.UNSPECIFIED.,.F.,.F.,(4,2,2,2,4),(
    3.757920299878E-02,1.076481492712,2.142376039025,3.053799987313,
    3.642359104926),.UNSPECIFIED.);
#606 = CARTESIAN_POINT('',(262.72098908758,130.73304119909,
    5.062818634681));
#607 = CARTESIAN_POINT('',(262.76248426914,131.07526389219,
    5.032342039889));
#608 = CARTESIAN_POINT('',(262.86919279645,131.40681499934,
    5.005110287763));
#609 = CARTESIAN_POINT('',(263.20666738398,132.02019127876,
    4.960003144391));
#610 = CARTESIAN_POINT('',(263.43722664126,132.29438309781,
    4.942853387326));
#611 = CARTESIAN_POINT('',(263.9515781978,132.7059394049,4.924212545945)
  );
#612 = CARTESIAN_POINT('',(264.2190137658,132.85432933845,4.920960306586
    ));
#613 = CARTESIAN_POINT('',(264.69059297105,133.02018351254,4.92498743862
    ));
#614 = CARTESIAN_POINT('',(264.88199607046,133.06484293045,
    4.928929377581));
#615 = CARTESIAN_POINT('',(265.07635753241,133.08840964392,
    4.935181459354));
#616 = ORIENTED_EDGE('',*,*,#617,.T.);
#617 = EDGE_CURVE('',#603,#618,#620,.T.);
#618 = VERTEX_POINT('',#619);
#619 = CARTESIAN_POINT('',(265.07635753241,133.08840964392,
    1.944032227594));
#620 = LINE('',#621,#622);
#621 = CARTESIAN_POINT('',(265.07635753241,133.08840964392,
    4.333422509717E-12));
#622 = VECTOR('',#623,1.);
#623 = DIRECTION('',(0.,0.,-1.));
#624 = ORIENTED_EDGE('',*,*,#625,.F.);
#625 = EDGE_CURVE('',#626,#618,#628,.T.);
#626 = VERTEX_POINT('',#627);
#627 = CARTESIAN_POINT('',(265.72635753241,133.08840964392,
    1.944032227594));
#628 = CIRCLE('',#629,2.7);
#629 = AXIS2_PLACEMENT_3D('',#630,#631,#632);
#630 = CARTESIAN_POINT('',(265.40135753241,130.4080411991,1.944032227594
    ));
#631 = DIRECTION('',(0.,-0.,1.));
#632 = DIRECTION('',(0.,1.,0.));
#633 = ORIENTED_EDGE('',*,*,#634,.T.);
#634 = EDGE_CURVE('',#626,#635,#637,.T.);
#635 = VERTEX_POINT('',#636);
#636 = CARTESIAN_POINT('',(265.72635753241,133.08840964392,
    4.964231168252));
#637 = LINE('',#638,#639);
#638 = CARTESIAN_POINT('',(265.72635753241,133.08840964392,
    4.333422509717E-12));
#639 = VECTOR('',#640,1.);
#640 = DIRECTION('',(0.,0.,1.));
#641 = ORIENTED_EDGE('',*,*,#642,.T.);
#642 = EDGE_CURVE('',#635,#643,#645,.T.);
#643 = VERTEX_POINT('',#644);
#644 = CARTESIAN_POINT('',(268.08172597723,130.73304119909,
    5.302414373283));
#645 = B_SPLINE_CURVE_WITH_KNOTS('',3,(#646,#647,#648,#649,#650,#651,
    #652,#653,#654,#655,#656,#657,#658,#659,#660,#661,#662,#663,#664),
  .UNSPECIFIED.,.F.,.F.,(4,3,3,3,3,3,4),(2.893916749216E-02,
    0.744801721001,1.081506052227,2.161492079891,2.955479420184,
    3.035313835423,3.644077123009),.UNSPECIFIED.);
#646 = CARTESIAN_POINT('',(265.72635753241,133.08840964393,
    4.964231168252));
#647 = CARTESIAN_POINT('',(265.96273712009,133.05974840318,
    4.977755978298));
#648 = CARTESIAN_POINT('',(266.19365322518,133.00002336412,
    4.994245514585));
#649 = CARTESIAN_POINT('',(266.41326040479,132.91124922807,
    5.013171408556));
#650 = CARTESIAN_POINT('',(266.51655214449,132.86949451417,
    5.022073159935));
#651 = CARTESIAN_POINT('',(266.61734210733,132.82131328103,
    5.031513096474));
#652 = CARTESIAN_POINT('',(266.71502237122,132.76691480552,
    5.041432378284));
#653 = CARTESIAN_POINT('',(267.02833381656,132.59243058209,
    5.073248677675));
#654 = CARTESIAN_POINT('',(267.30349808093,132.35741635636,5.1093745866)
  );
#655 = CARTESIAN_POINT('',(267.52466865732,132.07583910851,
    5.147278076125));
#656 = CARTESIAN_POINT('',(267.68726949955,131.86882830987,5.1751440763)
  );
#657 = CARTESIAN_POINT('',(267.81863664701,131.63926109601,
    5.203613976516));
#658 = CARTESIAN_POINT('',(267.91470519928,131.39449110933,
    5.231639046102));
#659 = CARTESIAN_POINT('',(267.92436476978,131.36987979909,
    5.234456931135));
#660 = CARTESIAN_POINT('',(267.93366746683,131.34511479225,
    5.237270363209));
#661 = CARTESIAN_POINT('',(267.94260915599,131.32020356716,5.24007830827
    ));
#662 = CARTESIAN_POINT('',(268.01079243353,131.13024740277,
    5.261489799337));
#663 = CARTESIAN_POINT('',(268.05744500418,130.93329307054,
    5.282410250039));
#664 = CARTESIAN_POINT('',(268.0817259773,130.73304119893,5.302414371622
    ));
#665 = ORIENTED_EDGE('',*,*,#666,.T.);
#666 = EDGE_CURVE('',#643,#667,#669,.T.);
#667 = VERTEX_POINT('',#668);
#668 = CARTESIAN_POINT('',(268.08172597723,130.73304119909,
    1.944032227594));
#669 = B_SPLINE_CURVE_WITH_KNOTS('',3,(#670,#671,#672,#673,#674,#675,
    #676,#677,#678),.UNSPECIFIED.,.F.,.F.,(4,2,3,4),(0.539055930388,
    1.748719038038,3.497438076077,3.897438076077),.UNSPECIFIED.);
#670 = CARTESIAN_POINT('',(268.08172597723,130.73304119909,
    5.302414373283));
#671 = CARTESIAN_POINT('',(268.08172597723,130.73304119909,
    4.899193337399));
#672 = CARTESIAN_POINT('',(268.08172597723,130.73304119909,
    4.495972301516));
#673 = CARTESIAN_POINT('',(268.08172597723,130.73304119909,3.50984491962
    ));
#674 = CARTESIAN_POINT('',(268.08172597723,130.73304119909,
    2.926938573607));
#675 = CARTESIAN_POINT('',(268.08172597723,130.73304119909,
    2.344032227594));
#676 = CARTESIAN_POINT('',(268.08172597723,130.73304119909,
    2.210698894261));
#677 = CARTESIAN_POINT('',(268.08172597723,130.73304119909,
    2.077365560928));
#678 = CARTESIAN_POINT('',(268.08172597723,130.73304119909,
    1.944032227594));
#679 = ORIENTED_EDGE('',*,*,#680,.F.);
#680 = EDGE_CURVE('',#681,#667,#683,.T.);
#681 = VERTEX_POINT('',#682);
#682 = CARTESIAN_POINT('',(268.08172597723,130.08304119908,
    1.944032227594));
#683 = CIRCLE('',#684,2.7);
#684 = AXIS2_PLACEMENT_3D('',#685,#686,#687);
#685 = CARTESIAN_POINT('',(265.40135753241,130.4080411991,1.944032227594
    ));
#686 = DIRECTION('',(0.,-0.,1.));
#687 = DIRECTION('',(0.,1.,0.));
#688 = ORIENTED_EDGE('',*,*,#689,.T.);
#689 = EDGE_CURVE('',#681,#481,#690,.T.);
#690 = LINE('',#691,#692);
#691 = CARTESIAN_POINT('',(268.08172597723,130.08304119908,
    4.333422509717E-12));
#692 = VECTOR('',#693,1.);
#693 = DIRECTION('',(0.,0.,1.));
#694 = CYLINDRICAL_SURFACE('',#695,2.7);
#695 = AXIS2_PLACEMENT_3D('',#696,#697,#698);
#696 = CARTESIAN_POINT('',(265.40135753241,130.4080411991,
    4.333422509717E-12));
#697 = DIRECTION('',(0.,0.,1.));
#698 = DIRECTION('',(0.,1.,0.));
#699 = ADVANCED_FACE('',(#700),#725,.T.);
#700 = FACE_BOUND('',#701,.T.);
#701 = EDGE_LOOP('',(#702,#703,#711,#719));
#702 = ORIENTED_EDGE('',*,*,#299,.T.);
#703 = ORIENTED_EDGE('',*,*,#704,.F.);
#704 = EDGE_CURVE('',#705,#300,#707,.T.);
#705 = VERTEX_POINT('',#706);
#706 = CARTESIAN_POINT('',(264.90135753241,130.9080411991,0.200000000004
    ));
#707 = LINE('',#708,#709);
#708 = CARTESIAN_POINT('',(264.90135753241,130.9080411991,
    4.329869796038E-12));
#709 = VECTOR('',#710,1.);
#710 = DIRECTION('',(0.,0.,1.));
#711 = ORIENTED_EDGE('',*,*,#712,.F.);
#712 = EDGE_CURVE('',#713,#705,#715,.T.);
#713 = VERTEX_POINT('',#714);
#714 = CARTESIAN_POINT('',(264.90135753241,132.4080411991,0.200000000004
    ));
#715 = LINE('',#716,#717);
#716 = CARTESIAN_POINT('',(264.90135753241,126.1620274446,0.200000000004
    ));
#717 = VECTOR('',#718,1.);
#718 = DIRECTION('',(0.,-1.,3.061616997868E-16));
#719 = ORIENTED_EDGE('',*,*,#720,.T.);
#720 = EDGE_CURVE('',#713,#289,#721,.T.);
#721 = LINE('',#722,#723);
#722 = CARTESIAN_POINT('',(264.90135753241,132.4080411991,
    4.329869796038E-12));
#723 = VECTOR('',#724,1.);
#724 = DIRECTION('',(0.,0.,1.));
#725 = PLANE('',#726);
#726 = AXIS2_PLACEMENT_3D('',#727,#728,#729);
#727 = CARTESIAN_POINT('',(264.90135753241,130.9080411991,
    4.329869796038E-12));
#728 = DIRECTION('',(1.,0.,0.));
#729 = DIRECTION('',(0.,1.,-3.061616997868E-16));
#730 = ADVANCED_FACE('',(#731),#749,.T.);
#731 = FACE_BOUND('',#732,.T.);
#732 = EDGE_LOOP('',(#733,#734,#742,#748));
#733 = ORIENTED_EDGE('',*,*,#308,.T.);
#734 = ORIENTED_EDGE('',*,*,#735,.F.);
#735 = EDGE_CURVE('',#736,#309,#738,.T.);
#736 = VERTEX_POINT('',#737);
#737 = CARTESIAN_POINT('',(263.40135753241,130.9080411991,0.200000000004
    ));
#738 = LINE('',#739,#740);
#739 = CARTESIAN_POINT('',(263.40135753241,130.9080411991,
    4.329869796038E-12));
#740 = VECTOR('',#741,1.);
#741 = DIRECTION('',(0.,0.,1.));
#742 = ORIENTED_EDGE('',*,*,#743,.F.);
#743 = EDGE_CURVE('',#705,#736,#744,.T.);
#744 = LINE('',#745,#746);
#745 = CARTESIAN_POINT('',(259.90135753241,130.9080411991,0.200000000004
    ));
#746 = VECTOR('',#747,1.);
#747 = DIRECTION('',(-1.,0.,0.));
#748 = ORIENTED_EDGE('',*,*,#704,.T.);
#749 = PLANE('',#750);
#750 = AXIS2_PLACEMENT_3D('',#751,#752,#753);
#751 = CARTESIAN_POINT('',(263.40135753241,130.9080411991,
    4.329869796038E-12));
#752 = DIRECTION('',(0.,-1.,0.));
#753 = DIRECTION('',(1.,0.,0.));
#754 = ADVANCED_FACE('',(#755),#773,.T.);
#755 = FACE_BOUND('',#756,.T.);
#756 = EDGE_LOOP('',(#757,#758,#766,#772));
#757 = ORIENTED_EDGE('',*,*,#277,.T.);
#758 = ORIENTED_EDGE('',*,*,#759,.F.);
#759 = EDGE_CURVE('',#760,#280,#762,.T.);
#760 = VERTEX_POINT('',#761);
#761 = CARTESIAN_POINT('',(265.90135753241,132.4080411991,0.200000000004
    ));
#762 = LINE('',#763,#764);
#763 = CARTESIAN_POINT('',(265.90135753241,132.4080411991,
    4.329869796038E-12));
#764 = VECTOR('',#765,1.);
#765 = DIRECTION('',(0.,0.,1.));
#766 = ORIENTED_EDGE('',*,*,#767,.F.);
#767 = EDGE_CURVE('',#458,#760,#768,.T.);
#768 = LINE('',#769,#770);
#769 = CARTESIAN_POINT('',(265.90135753241,125.6620274446,0.200000000004
    ));
#770 = VECTOR('',#771,1.);
#771 = DIRECTION('',(0.,1.,-3.061616997868E-16));
#772 = ORIENTED_EDGE('',*,*,#457,.T.);
#773 = PLANE('',#774);
#774 = AXIS2_PLACEMENT_3D('',#775,#776,#777);
#775 = CARTESIAN_POINT('',(265.90135753241,129.9080411991,
    4.330757974458E-12));
#776 = DIRECTION('',(-1.,0.,0.));
#777 = DIRECTION('',(0.,-1.,3.061616997868E-16));
#778 = ADVANCED_FACE('',(#779),#790,.T.);
#779 = FACE_BOUND('',#780,.T.);
#780 = EDGE_LOOP('',(#781,#782,#783,#789));
#781 = ORIENTED_EDGE('',*,*,#288,.T.);
#782 = ORIENTED_EDGE('',*,*,#720,.F.);
#783 = ORIENTED_EDGE('',*,*,#784,.F.);
#784 = EDGE_CURVE('',#760,#713,#785,.T.);
#785 = LINE('',#786,#787);
#786 = CARTESIAN_POINT('',(260.65135753241,132.4080411991,0.200000000004
    ));
#787 = VECTOR('',#788,1.);
#788 = DIRECTION('',(-1.,0.,0.));
#789 = ORIENTED_EDGE('',*,*,#759,.T.);
#790 = PLANE('',#791);
#791 = AXIS2_PLACEMENT_3D('',#792,#793,#794);
#792 = CARTESIAN_POINT('',(264.90135753241,132.4080411991,
    4.329869796038E-12));
#793 = DIRECTION('',(0.,-1.,0.));
#794 = DIRECTION('',(1.,0.,0.));
#795 = ADVANCED_FACE('',(#796),#1018,.T.);
#796 = FACE_BOUND('',#797,.T.);
#797 = EDGE_LOOP('',(#798,#815,#823,#832,#840,#857,#871,#880,#888,#915,
    #923,#932,#940,#947,#948,#957,#965,#989,#997,#1006));
#798 = ORIENTED_EDGE('',*,*,#799,.F.);
#799 = EDGE_CURVE('',#800,#802,#804,.T.);
#800 = VERTEX_POINT('',#801);
#801 = CARTESIAN_POINT('',(241.17635753241,133.08840964392,
    4.964099381222));
#802 = VERTEX_POINT('',#803);
#803 = CARTESIAN_POINT('',(238.82098908759,130.73304119909,
    5.302317677214));
#804 = B_SPLINE_CURVE_WITH_KNOTS('',3,(#805,#806,#807,#808,#809,#810,
    #811,#812,#813,#814),.UNSPECIFIED.,.F.,.F.,(4,2,2,2,4),(
    -3.6300153822,-3.042349175903,-2.155254035364,-1.082870122981,
    -1.479365130845E-02),.UNSPECIFIED.);
#805 = CARTESIAN_POINT('',(241.17635753242,133.08840964392,
    4.964099381222));
#806 = CARTESIAN_POINT('',(240.98230032896,133.06487982239,
    4.975205237661));
#807 = CARTESIAN_POINT('',(240.79145835193,133.02035602102,
    4.988335228716));
#808 = CARTESIAN_POINT('',(240.32898564197,132.85803402242,
    5.025697242816));
#809 = CARTESIAN_POINT('',(240.06892590334,132.71558301188,
    5.051921437015));
#810 = CARTESIAN_POINT('',(239.55702789656,132.31491060234,
    5.115364317566));
#811 = CARTESIAN_POINT('',(239.32310349751,132.04252413511,
    5.153121530349));
#812 = CARTESIAN_POINT('',(238.97501992176,131.42437313531,
    5.229399775977));
#813 = CARTESIAN_POINT('',(238.86362381244,131.08466203341,
    5.267191900303));
#814 = CARTESIAN_POINT('',(238.82098908759,130.73304119909,
    5.302317677215));
#815 = ORIENTED_EDGE('',*,*,#816,.T.);
#816 = EDGE_CURVE('',#800,#817,#819,.T.);
#817 = VERTEX_POINT('',#818);
#818 = CARTESIAN_POINT('',(241.17635753241,133.08840964392,
    1.944032227594));
#819 = LINE('',#820,#821);
#820 = CARTESIAN_POINT('',(241.17635753241,133.08840964392,
    4.333422509717E-12));
#821 = VECTOR('',#822,1.);
#822 = DIRECTION('',(0.,0.,-1.));
#823 = ORIENTED_EDGE('',*,*,#824,.F.);
#824 = EDGE_CURVE('',#825,#817,#827,.T.);
#825 = VERTEX_POINT('',#826);
#826 = CARTESIAN_POINT('',(241.82635753242,133.08840964392,
    1.944032227594));
#827 = CIRCLE('',#828,2.7);
#828 = AXIS2_PLACEMENT_3D('',#829,#830,#831);
#829 = CARTESIAN_POINT('',(241.50135753241,130.4080411991,1.944032227594
    ));
#830 = DIRECTION('',(0.,-0.,1.));
#831 = DIRECTION('',(0.,1.,0.));
#832 = ORIENTED_EDGE('',*,*,#833,.T.);
#833 = EDGE_CURVE('',#825,#834,#836,.T.);
#834 = VERTEX_POINT('',#835);
#835 = CARTESIAN_POINT('',(241.82635753242,133.08840964392,
    4.935041494049));
#836 = LINE('',#837,#838);
#837 = CARTESIAN_POINT('',(241.82635753242,133.08840964392,
    4.333422509717E-12));
#838 = VECTOR('',#839,1.);
#839 = DIRECTION('',(0.,0.,1.));
#840 = ORIENTED_EDGE('',*,*,#841,.T.);
#841 = EDGE_CURVE('',#834,#842,#844,.T.);
#842 = VERTEX_POINT('',#843);
#843 = CARTESIAN_POINT('',(244.18172597722,130.73304119909,
    5.062657851828));
#844 = B_SPLINE_CURVE_WITH_KNOTS('',3,(#845,#846,#847,#848,#849,#850,
    #851,#852,#853,#854,#855,#856),.UNSPECIFIED.,.F.,.F.,(4,2,2,2,2,4),(
    0.131185875989,0.721273841244,1.63942013583,2.617123421326,
    3.204002392178,3.73234765357),.UNSPECIFIED.);
#845 = CARTESIAN_POINT('',(241.82635753242,133.08840964392,
    4.935041494048));
#846 = CARTESIAN_POINT('',(242.02125314869,133.06477816318,
    4.928769909192));
#847 = CARTESIAN_POINT('',(242.21317248852,133.01993807884,4.92482140924
    ));
#848 = CARTESIAN_POINT('',(242.68731951242,132.85286258895,
    4.920799712865));
#849 = CARTESIAN_POINT('',(242.95651809264,132.70283886972,
    4.924137420116));
#850 = CARTESIAN_POINT('',(243.44851604015,132.30664533963,4.94221140661
    ));
#851 = CARTESIAN_POINT('',(243.66298705874,132.05824477744,
    4.957508457383));
#852 = CARTESIAN_POINT('',(243.92709726617,131.60967058866,
    4.989835726787));
#853 = CARTESIAN_POINT('',(244.00756739671,131.43125021137,
    5.003632034803));
#854 = CARTESIAN_POINT('',(244.12257575894,131.07889818985,
    5.032455600482));
#855 = CARTESIAN_POINT('',(244.16061464758,130.90715240463,
    5.047152513826));
#856 = CARTESIAN_POINT('',(244.18172597722,130.73304119909,
    5.062657851829));
#857 = ORIENTED_EDGE('',*,*,#858,.T.);
#858 = EDGE_CURVE('',#842,#859,#861,.T.);
#859 = VERTEX_POINT('',#860);
#860 = CARTESIAN_POINT('',(244.18172597723,130.73304119909,
    1.944032227594));
#861 = B_SPLINE_CURVE_WITH_KNOTS('',3,(#862,#863,#864,#865,#866,#867,
    #868,#869,#870),.UNSPECIFIED.,.F.,.F.,(4,2,3,4),(0.494152604454,
    1.606389114344,3.212778228687,3.612778228687),.UNSPECIFIED.);
#862 = CARTESIAN_POINT('',(244.18172597722,130.73304119909,
    5.062657851828));
#863 = CARTESIAN_POINT('',(244.18172597722,130.73304119909,
    4.691912348532));
#864 = CARTESIAN_POINT('',(244.18172597723,130.73304119909,
    4.321166845235));
#865 = CARTESIAN_POINT('',(244.18172597723,130.73304119909,
    3.414958303824));
#866 = CARTESIAN_POINT('',(244.18172597723,130.73304119909,
    2.879495265709));
#867 = CARTESIAN_POINT('',(244.18172597723,130.73304119909,
    2.344032227594));
#868 = CARTESIAN_POINT('',(244.18172597723,130.73304119909,
    2.210698894261));
#869 = CARTESIAN_POINT('',(244.18172597723,130.73304119909,
    2.077365560928));
#870 = CARTESIAN_POINT('',(244.18172597723,130.73304119909,
    1.944032227594));
#871 = ORIENTED_EDGE('',*,*,#872,.F.);
#872 = EDGE_CURVE('',#873,#859,#875,.T.);
#873 = VERTEX_POINT('',#874);
#874 = CARTESIAN_POINT('',(244.18172597723,130.08304119909,
    1.944032227594));
#875 = CIRCLE('',#876,2.7);
#876 = AXIS2_PLACEMENT_3D('',#877,#878,#879);
#877 = CARTESIAN_POINT('',(241.50135753241,130.4080411991,1.944032227594
    ));
#878 = DIRECTION('',(0.,-0.,1.));
#879 = DIRECTION('',(0.,1.,0.));
#880 = ORIENTED_EDGE('',*,*,#881,.T.);
#881 = EDGE_CURVE('',#873,#882,#884,.T.);
#882 = VERTEX_POINT('',#883);
#883 = CARTESIAN_POINT('',(244.18172597723,130.08304119909,
    5.123275387023));
#884 = LINE('',#885,#886);
#885 = CARTESIAN_POINT('',(244.18172597723,130.08304119909,
    4.333422509717E-12));
#886 = VECTOR('',#887,1.);
#887 = DIRECTION('',(0.,0.,1.));
#888 = ORIENTED_EDGE('',*,*,#889,.T.);
#889 = EDGE_CURVE('',#882,#890,#892,.T.);
#890 = VERTEX_POINT('',#891);
#891 = CARTESIAN_POINT('',(241.82635753242,127.72767275428,
    5.434971735707));
#892 = B_SPLINE_CURVE_WITH_KNOTS('',3,(#893,#894,#895,#896,#897,#898,
    #899,#900,#901,#902,#903,#904,#905,#906,#907,#908,#909,#910,#911,
    #912,#913,#914),.UNSPECIFIED.,.F.,.F.,(4,3,3,3,3,3,3,4),(
    7.126529254454E-02,0.783765200394,1.081683780006,2.114894702206,
    2.928792109017,3.036704479645,3.456933500094,3.683597446996),
  .UNSPECIFIED.);
#893 = CARTESIAN_POINT('',(244.181725978,130.08304119811,5.123275376492)
  );
#894 = CARTESIAN_POINT('',(244.15330442407,129.84864063447,
    5.146120354103));
#895 = CARTESIAN_POINT('',(244.09429721288,129.61931553007,
    5.169552209347));
#896 = CARTESIAN_POINT('',(244.00647278716,129.40086961733,
    5.193026262556));
#897 = CARTESIAN_POINT('',(243.96975063761,129.30953052335,
    5.202841501145));
#898 = CARTESIAN_POINT('',(243.92799029944,129.22009354149,
    5.212664771817));
#899 = CARTESIAN_POINT('',(243.88132120359,129.13298318905,
    5.222458872743));
#900 = CARTESIAN_POINT('',(243.7194681907,128.8308759221,5.256425777713)
  );
#901 = CARTESIAN_POINT('',(243.50149048295,128.56219685666,
    5.289425047622));
#902 = CARTESIAN_POINT('',(243.2389284325,128.34143834168,5.320041561698
    ));
#903 = CARTESIAN_POINT('',(243.03209886131,128.167538919,5.344159291075)
  );
#904 = CARTESIAN_POINT('',(242.800357688,128.02569400962,5.366483344139)
  );
#905 = CARTESIAN_POINT('',(242.55148234736,127.92062523094,5.38642872263
    ));
#906 = CARTESIAN_POINT('',(242.51848466513,127.90669445675,5.38907322433
    ));
#907 = CARTESIAN_POINT('',(242.4851857723,127.89341017641,5.391675834236
    ));
#908 = CARTESIAN_POINT('',(242.45160379344,127.88078338793,
    5.394235112413));
#909 = CARTESIAN_POINT('',(242.32082988863,127.83161253825,
    5.404201374438));
#910 = CARTESIAN_POINT('',(242.18639070485,127.79264901898,
    5.413463146179));
#911 = CARTESIAN_POINT('',(242.04949256793,127.76426587148,
    5.421948947131));
#912 = CARTESIAN_POINT('',(241.97565218479,127.74895651422,
    5.426526034941));
#913 = CARTESIAN_POINT('',(241.90120842104,127.73674857287,
    5.430870313238));
#914 = CARTESIAN_POINT('',(241.82635753242,127.72767275428,
    5.434971735707));
#915 = ORIENTED_EDGE('',*,*,#916,.T.);
#916 = EDGE_CURVE('',#890,#917,#919,.T.);
#917 = VERTEX_POINT('',#918);
#918 = CARTESIAN_POINT('',(241.82635753242,127.72767275428,
    1.944032227594));
#919 = LINE('',#920,#921);
#920 = CARTESIAN_POINT('',(241.82635753242,127.72767275428,
    4.333422509717E-12));
#921 = VECTOR('',#922,1.);
#922 = DIRECTION('',(0.,0.,-1.));
#923 = ORIENTED_EDGE('',*,*,#924,.F.);
#924 = EDGE_CURVE('',#925,#917,#927,.T.);
#925 = VERTEX_POINT('',#926);
#926 = CARTESIAN_POINT('',(241.50135753241,127.7080411991,1.944032227594
    ));
#927 = CIRCLE('',#928,2.7);
#928 = AXIS2_PLACEMENT_3D('',#929,#930,#931);
#929 = CARTESIAN_POINT('',(241.50135753241,130.4080411991,1.944032227594
    ));
#930 = DIRECTION('',(0.,-0.,1.));
#931 = DIRECTION('',(0.,1.,0.));
#932 = ORIENTED_EDGE('',*,*,#933,.T.);
#933 = EDGE_CURVE('',#925,#934,#936,.T.);
#934 = VERTEX_POINT('',#935);
#935 = CARTESIAN_POINT('',(241.50135753241,127.7080411991,0.200000000004
    ));
#936 = LINE('',#937,#938);
#937 = CARTESIAN_POINT('',(241.50135753241,127.7080411991,
    4.333422509717E-12));
#938 = VECTOR('',#939,1.);
#939 = DIRECTION('',(0.,0.,-1.));
#940 = ORIENTED_EDGE('',*,*,#941,.F.);
#941 = EDGE_CURVE('',#934,#934,#942,.T.);
#942 = CIRCLE('',#943,2.7);
#943 = AXIS2_PLACEMENT_3D('',#944,#945,#946);
#944 = CARTESIAN_POINT('',(241.50135753241,130.4080411991,0.200000000004
    ));
#945 = DIRECTION('',(0.,-3.061616997868E-16,-1.));
#946 = DIRECTION('',(0.,1.,-3.061616997868E-16));
#947 = ORIENTED_EDGE('',*,*,#933,.F.);
#948 = ORIENTED_EDGE('',*,*,#949,.F.);
#949 = EDGE_CURVE('',#950,#925,#952,.T.);
#950 = VERTEX_POINT('',#951);
#951 = CARTESIAN_POINT('',(241.17635753241,127.72767275428,
    1.944032227594));
#952 = CIRCLE('',#953,2.7);
#953 = AXIS2_PLACEMENT_3D('',#954,#955,#956);
#954 = CARTESIAN_POINT('',(241.50135753241,130.4080411991,1.944032227594
    ));
#955 = DIRECTION('',(0.,-0.,1.));
#956 = DIRECTION('',(0.,1.,0.));
#957 = ORIENTED_EDGE('',*,*,#958,.T.);
#958 = EDGE_CURVE('',#950,#959,#961,.T.);
#959 = VERTEX_POINT('',#960);
#960 = CARTESIAN_POINT('',(241.17635753241,127.72767275428,5.46402962288
    ));
#961 = LINE('',#962,#963);
#962 = CARTESIAN_POINT('',(241.17635753241,127.72767275428,
    4.333422509717E-12));
#963 = VECTOR('',#964,1.);
#964 = DIRECTION('',(0.,0.,1.));
#965 = ORIENTED_EDGE('',*,*,#966,.T.);
#966 = EDGE_CURVE('',#959,#967,#969,.T.);
#967 = VERTEX_POINT('',#968);
#968 = CARTESIAN_POINT('',(238.82098908759,130.08304119909,5.36293521241
    ));
#969 = B_SPLINE_CURVE_WITH_KNOTS('',3,(#970,#971,#972,#973,#974,#975,
    #976,#977,#978,#979,#980,#981,#982,#983,#984,#985,#986,#987,#988),
  .UNSPECIFIED.,.F.,.F.,(4,3,3,3,3,3,4),(3.827687614227E-02,
    0.746261902394,1.035108493699,2.051012741403,2.104629186706,
    2.924564792781,3.641247556278),.UNSPECIFIED.);
#970 = CARTESIAN_POINT('',(241.17635753241,127.72767275428,5.46402962288
    ));
#971 = CARTESIAN_POINT('',(240.9423741024,127.7560437449,5.472128823532)
  );
#972 = CARTESIAN_POINT('',(240.71341089832,127.81489609876,
    5.477467235506));
#973 = CARTESIAN_POINT('',(240.49525392949,127.90249654827,
    5.479872914176));
#974 = CARTESIAN_POINT('',(240.40624936799,127.93823613356,
    5.480854392679));
#975 = CARTESIAN_POINT('',(240.31904346418,127.97876080863,
    5.481347083949));
#976 = CARTESIAN_POINT('',(240.23402894034,128.0239526437,5.481336901831
    ));
#977 = CARTESIAN_POINT('',(239.93502379985,128.18289714382,
    5.481301090236));
#978 = CARTESIAN_POINT('',(239.66882048901,128.39654771175,
    5.475049713554));
#979 = CARTESIAN_POINT('',(239.44912752542,128.65351791059,
    5.462596558415));
#980 = CARTESIAN_POINT('',(239.43753277543,128.66708004368,
    5.461939317427));
#981 = CARTESIAN_POINT('',(239.42606757478,128.68076283916,
    5.461264792068));
#982 = CARTESIAN_POINT('',(239.41473393832,128.69456462296,
    5.460572982245));
#983 = CARTESIAN_POINT('',(239.24141300987,128.90562997611,
    5.449993401611));
#984 = CARTESIAN_POINT('',(239.10124213888,129.14161832042,
    5.435512968587));
#985 = CARTESIAN_POINT('',(238.99885345363,129.39439760496,
    5.417477174129));
#986 = CARTESIAN_POINT('',(238.90935836945,129.61534490291,5.40171259097
    ));
#987 = CARTESIAN_POINT('',(238.84961958545,129.84691765787,
    5.383387933525));
#988 = CARTESIAN_POINT('',(238.8209890876,130.08304119894,5.362935210803
    ));
#989 = ORIENTED_EDGE('',*,*,#990,.T.);
#990 = EDGE_CURVE('',#967,#991,#993,.T.);
#991 = VERTEX_POINT('',#992);
#992 = CARTESIAN_POINT('',(238.82098908759,130.08304119909,
    1.944032227594));
#993 = LINE('',#994,#995);
#994 = CARTESIAN_POINT('',(238.82098908759,130.08304119909,
    4.333422509717E-12));
#995 = VECTOR('',#996,1.);
#996 = DIRECTION('',(0.,0.,-1.));
#997 = ORIENTED_EDGE('',*,*,#998,.F.);
#998 = EDGE_CURVE('',#999,#991,#1001,.T.);
#999 = VERTEX_POINT('',#1000);
#1000 = CARTESIAN_POINT('',(238.82098908758,130.73304119909,
    1.944032227594));
#1001 = CIRCLE('',#1002,2.7);
#1002 = AXIS2_PLACEMENT_3D('',#1003,#1004,#1005);
#1003 = CARTESIAN_POINT('',(241.50135753241,130.4080411991,
    1.944032227594));
#1004 = DIRECTION('',(0.,-0.,1.));
#1005 = DIRECTION('',(0.,1.,0.));
#1006 = ORIENTED_EDGE('',*,*,#1007,.T.);
#1007 = EDGE_CURVE('',#999,#802,#1008,.T.);
#1008 = B_SPLINE_CURVE_WITH_KNOTS('',3,(#1009,#1010,#1011,#1012,#1013,
    #1014,#1015,#1016,#1017),.UNSPECIFIED.,.F.,.F.,(4,3,2,4),(-0.4,0.,
    1.748690505935,2.95828544962),.UNSPECIFIED.);
#1009 = CARTESIAN_POINT('',(238.82098908758,130.73304119909,
    1.944032227595));
#1010 = CARTESIAN_POINT('',(238.82098908758,130.73304119909,
    2.077365560928));
#1011 = CARTESIAN_POINT('',(238.82098908758,130.73304119909,
    2.210698894261));
#1012 = CARTESIAN_POINT('',(238.82098908758,130.73304119909,
    2.344032227594));
#1013 = CARTESIAN_POINT('',(238.82098908758,130.73304119909,
    2.926929062906));
#1014 = CARTESIAN_POINT('',(238.82098908758,130.73304119909,
    3.509825898218));
#1015 = CARTESIAN_POINT('',(238.82098908758,130.73304119909,
    4.495921048091));
#1016 = CARTESIAN_POINT('',(238.82098908759,130.73304119909,
    4.899119362653));
#1017 = CARTESIAN_POINT('',(238.82098908759,130.73304119909,
    5.302317677214));
#1018 = CYLINDRICAL_SURFACE('',#1019,2.7);
#1019 = AXIS2_PLACEMENT_3D('',#1020,#1021,#1022);
#1020 = CARTESIAN_POINT('',(241.50135753241,130.4080411991,
    4.333422509717E-12));
#1021 = DIRECTION('',(0.,0.,1.));
#1022 = DIRECTION('',(0.,1.,0.));
#1023 = ADVANCED_FACE('',(#1024),#1121,.T.);
#1024 = FACE_BOUND('',#1025,.T.);
#1025 = EDGE_LOOP('',(#1026,#1037,#1049,#1058,#1070,#1082,#1094,#1112));
#1026 = ORIENTED_EDGE('',*,*,#1027,.F.);
#1027 = EDGE_CURVE('',#1028,#1030,#1032,.T.);
#1028 = VERTEX_POINT('',#1029);
#1029 = CARTESIAN_POINT('',(236.33950210392,130.73304119909,
    5.449748465622));
#1030 = VERTEX_POINT('',#1031);
#1031 = CARTESIAN_POINT('',(236.29544639212,137.7333433429,
    4.799742532535));
#1032 = B_SPLINE_CURVE_WITH_KNOTS('',3,(#1033,#1034,#1035,#1036),
  .UNSPECIFIED.,.F.,.F.,(4,4),(1.000015976359E-03,7.020412444647),
  .PIECEWISE_BEZIER_KNOTS.);
#1033 = CARTESIAN_POINT('',(236.33950210392,130.7330411991,5.44974846562
    ));
#1034 = CARTESIAN_POINT('',(236.3260419789,133.06278058545,
    5.233344663136));
#1035 = CARTESIAN_POINT('',(236.3114127665,135.40294503294,
    5.016044554922));
#1036 = CARTESIAN_POINT('',(236.29544639206,137.7333433429,
    4.799742532539));
#1037 = ORIENTED_EDGE('',*,*,#1038,.F.);
#1038 = EDGE_CURVE('',#1039,#1028,#1041,.T.);
#1039 = VERTEX_POINT('',#1040);
#1040 = CARTESIAN_POINT('',(234.79051926098,130.7330411991,
    1.944032227594));
#1041 = B_SPLINE_CURVE_WITH_KNOTS('',3,(#1042,#1043,#1044,#1045,#1046,
    #1047,#1048),.UNSPECIFIED.,.F.,.F.,(4,3,4),(-0.437796656187,0.,
    3.382371091767),.UNSPECIFIED.);
#1042 = CARTESIAN_POINT('',(234.79051926098,130.73304119909,
    1.944032227594));
#1043 = CARTESIAN_POINT('',(234.85013230116,130.73304119909,
    2.077407260863));
#1044 = CARTESIAN_POINT('',(234.90966097685,130.7330411991,
    2.210749481557));
#1045 = CARTESIAN_POINT('',(234.96909095306,130.7330411991,
    2.344032227594));
#1046 = CARTESIAN_POINT('',(235.42824072195,130.73304119909,
    3.373760757617));
#1047 = CARTESIAN_POINT('',(235.88766581556,130.73304119909,
    4.413766874295));
#1048 = CARTESIAN_POINT('',(236.33950210392,130.73304119909,
    5.449748465622));
#1049 = ORIENTED_EDGE('',*,*,#1050,.T.);
#1050 = EDGE_CURVE('',#1039,#1051,#1053,.T.);
#1051 = VERTEX_POINT('',#1052);
#1052 = CARTESIAN_POINT('',(234.78217168249,130.08304119909,
    1.944032227594));
#1053 = B_SPLINE_CURVE_WITH_KNOTS('',3,(#1054,#1055,#1056,#1057),
  .UNSPECIFIED.,.F.,.F.,(4,4),(-7.494666649511,-6.845369778988),
  .PIECEWISE_BEZIER_KNOTS.);
#1054 = CARTESIAN_POINT('',(234.79053869436,130.73305532729,
    1.944035351322));
#1055 = CARTESIAN_POINT('',(234.78773288995,130.51654195816,
    1.944035279855));
#1056 = CARTESIAN_POINT('',(234.7849501891,130.29986544679,
    1.944035191797));
#1057 = CARTESIAN_POINT('',(234.78219033143,130.0830547797,
    1.944035037202));
#1058 = ORIENTED_EDGE('',*,*,#1059,.F.);
#1059 = EDGE_CURVE('',#1060,#1051,#1062,.T.);
#1060 = VERTEX_POINT('',#1061);
#1061 = CARTESIAN_POINT('',(236.34322892565,130.08304119909,
    5.510127234979));
#1062 = B_SPLINE_CURVE_WITH_KNOTS('',3,(#1063,#1064,#1065,#1066,#1067,
    #1068,#1069),.UNSPECIFIED.,.F.,.F.,(4,3,4),(0.433836330736,
    3.879031158848,4.316501937248),.UNSPECIFIED.);
#1063 = CARTESIAN_POINT('',(236.34322892565,130.08304119909,
    5.510127234979));
#1064 = CARTESIAN_POINT('',(235.88744022354,130.08304119909,
    4.453916432321));
#1065 = CARTESIAN_POINT('',(235.42349533119,130.0830411991,
    3.393846811489));
#1066 = CARTESIAN_POINT('',(234.9592776882,130.0830411991,2.344032227594
    ));
#1067 = CARTESIAN_POINT('',(234.9003313401,130.0830411991,2.210726790281
    ));
#1068 = CARTESIAN_POINT('',(234.84129138302,130.08304119909,
    2.077384989408));
#1069 = CARTESIAN_POINT('',(234.78217168249,130.08304119909,
    1.944032227594));
#1070 = ORIENTED_EDGE('',*,*,#1071,.T.);
#1071 = EDGE_CURVE('',#1060,#1072,#1074,.T.);
#1072 = VERTEX_POINT('',#1073);
#1073 = CARTESIAN_POINT('',(236.36713018934,125.66414792514,
    5.920693225499));
#1074 = B_SPLINE_CURVE_WITH_KNOTS('',3,(#1075,#1076,#1077,#1078,#1079,
    #1080,#1081),.UNSPECIFIED.,.F.,.F.,(4,3,4),(-4.75797438586,
    -0.664295905419,-0.323097715937),.UNSPECIFIED.);
#1075 = CARTESIAN_POINT('',(236.3432525758,130.08304204348,
    5.510137693989));
#1076 = CARTESIAN_POINT('',(236.35097823475,128.72419362808,
    5.636362916088));
#1077 = CARTESIAN_POINT('',(236.35833878571,127.36329569876,
    5.762798632097));
#1078 = CARTESIAN_POINT('',(236.3653771024,126.00399570882,5.88911223202
    ));
#1079 = CARTESIAN_POINT('',(236.36596372906,125.89070134588,
    5.899640164735));
#1080 = CARTESIAN_POINT('',(236.36654812188,125.77741805416,
    5.910167245709));
#1081 = CARTESIAN_POINT('',(236.36713030806,125.66414792953,
    5.92069328037));
#1082 = ORIENTED_EDGE('',*,*,#1083,.F.);
#1083 = EDGE_CURVE('',#1084,#1072,#1086,.T.);
#1084 = VERTEX_POINT('',#1085);
#1085 = CARTESIAN_POINT('',(233.89884965649,122.79690440581,
    6.382450123965E-12));
#1086 = B_SPLINE_CURVE_WITH_KNOTS('',3,(#1087,#1088,#1089,#1090,#1091,
    #1092,#1093),.UNSPECIFIED.,.F.,.F.,(4,3,4),(0.115640506381,
    3.895721440215,7.116302739342),.UNSPECIFIED.);
#1087 = CARTESIAN_POINT('',(233.89884965649,122.79690440581,
    4.450662061117E-12));
#1088 = CARTESIAN_POINT('',(234.34073617089,123.31149849591,
    1.062607247201));
#1089 = CARTESIAN_POINT('',(234.78644262954,123.82998189058,
    2.133212507753));
#1090 = CARTESIAN_POINT('',(235.22928461836,124.3443583881,
    3.195372916784));
#1091 = CARTESIAN_POINT('',(235.60658040981,124.7826006791,
    4.100320194336));
#1092 = CARTESIAN_POINT('',(235.98759647303,125.22459853348,
    5.01304905287));
#1093 = CARTESIAN_POINT('',(236.36713030806,125.66414792953,
    5.92069328037));
#1094 = ORIENTED_EDGE('',*,*,#1095,.T.);
#1095 = EDGE_CURVE('',#1084,#1096,#1098,.T.);
#1096 = VERTEX_POINT('',#1097);
#1097 = CARTESIAN_POINT('',(233.93859443981,138.15326640234,
    6.382450123965E-12));
#1098 = B_SPLINE_CURVE_WITH_KNOTS('',3,(#1099,#1100,#1101,#1102,#1103,
    #1104,#1105,#1106,#1107,#1108,#1109,#1110,#1111),.UNSPECIFIED.,.F.,
  .F.,(4,3,3,3,4),(0.234678631416,6.648411311129,7.908722558771,
    13.672331673422,15.531449836011),.UNSPECIFIED.);
#1099 = CARTESIAN_POINT('',(233.89884965649,122.79690440581,
    6.393822154515E-12));
#1100 = CARTESIAN_POINT('',(233.90316932281,124.93593385702,
    1.086267246547E-07));
#1101 = CARTESIAN_POINT('',(233.90793526195,127.0898560353,
    4.891806163119E-06));
#1102 = CARTESIAN_POINT('',(233.91320074096,129.23373799444,
    5.299049822091E-06));
#1103 = CARTESIAN_POINT('',(233.91423541808,129.65501507,
    5.379074012304E-06));
#1104 = CARTESIAN_POINT('',(233.91528946482,130.07590434739,
    5.374036080297E-06));
#1105 = CARTESIAN_POINT('',(233.9163634205,130.49621655464,
    5.376318265499E-06));
#1106 = CARTESIAN_POINT('',(233.92127479519,132.41837291582,
    5.386755071113E-06));
#1107 = CARTESIAN_POINT('',(233.92667120098,134.35614281927,
    4.095957089531E-06));
#1108 = CARTESIAN_POINT('',(233.93263816095,136.28731199843,
    1.620844899353E-06));
#1109 = CARTESIAN_POINT('',(233.93456287226,136.91023274558,
    8.224691011905E-07));
#1110 = CARTESIAN_POINT('',(233.93654714653,137.53246633705,
    5.056006883283E-08));
#1111 = CARTESIAN_POINT('',(233.93859450939,138.153266683,
    -2.285647165978E-08));
#1112 = ORIENTED_EDGE('',*,*,#1113,.F.);
#1113 = EDGE_CURVE('',#1030,#1096,#1114,.T.);
#1114 = B_SPLINE_CURVE_WITH_KNOTS('',3,(#1115,#1116,#1117,#1118,#1119,
    #1120),.UNSPECIFIED.,.F.,.F.,(4,2,4),(0.607896588476,3.109423154244,
    5.957469112946),.UNSPECIFIED.);
#1115 = CARTESIAN_POINT('',(236.29544639212,137.7333433429,
    4.799742532535));
#1116 = CARTESIAN_POINT('',(235.92907979343,137.79886280719,
    4.050851628941));
#1117 = CARTESIAN_POINT('',(235.5604533813,137.8646493142,3.298908412987
    ));
#1118 = CARTESIAN_POINT('',(234.77735869361,138.00418299721,
    1.704031118152));
#1119 = CARTESIAN_POINT('',(234.35691511083,138.07896402759,
    0.849280029593));
#1120 = CARTESIAN_POINT('',(233.93859443981,138.15326640234,
    5.625722110381E-12));
#1121 = B_SPLINE_SURFACE_WITH_KNOTS('',3,3,(
    (#1122,#1123,#1124,#1125)
    ,(#1126,#1127,#1128,#1129)
    ,(#1130,#1131,#1132,#1133)
    ,(#1134,#1135,#1136,#1137
    )),.UNSPECIFIED.,.F.,.F.,.F.,(4,4),(4,4),(6.522670840879E-02,
    0.931745166874),(6.638806340659E-02,0.887653067665),
  .PIECEWISE_BEZIER_KNOTS.);
#1122 = CARTESIAN_POINT('',(233.89884965649,122.79690440581,
    4.488409643955E-12));
#1123 = CARTESIAN_POINT('',(234.72166034843,123.68244442845,
    1.978971639105));
#1124 = CARTESIAN_POINT('',(235.54460826204,124.56644160982,
    3.958585534181));
#1125 = CARTESIAN_POINT('',(236.3676608655,125.44779006198,
    5.939356468479));
#1126 = CARTESIAN_POINT('',(233.88991171269,127.91805511665,
    -4.647142557622E-02));
#1127 = CARTESIAN_POINT('',(234.71236836274,128.482110659,1.828666135723
    ));
#1128 = CARTESIAN_POINT('',(235.53493440631,129.04448967296,
    3.704314211872));
#1129 = CARTESIAN_POINT('',(236.35750985721,129.60390962282,
    5.580911078573));
#1130 = CARTESIAN_POINT('',(233.87922874208,133.03919303414,
    -9.557112925821E-02));
#1131 = CARTESIAN_POINT('',(234.70117608264,133.28170933082,
    1.675458773931));
#1132 = CARTESIAN_POINT('',(235.52316265087,133.52239130246,
    3.446801257091));
#1133 = CARTESIAN_POINT('',(236.34502628101,133.75973402302,
    5.218783434069));
#1134 = CARTESIAN_POINT('',(233.86550870564,138.16031309667,
    -0.148338967225));
#1135 = CARTESIAN_POINT('',(234.68657023637,138.08121329324,
    1.518123605108));
#1136 = CARTESIAN_POINT('',(235.5074842073,138.00008635977,
    3.184576379118));
#1137 = CARTESIAN_POINT('',(236.32792605491,137.91511350522,
    4.851105247887));
#1138 = ADVANCED_FACE('',(#1139),#1179,.F.);
#1139 = FACE_BOUND('',#1140,.F.);
#1140 = EDGE_LOOP('',(#1141,#1151,#1159,#1167));
#1141 = ORIENTED_EDGE('',*,*,#1142,.T.);
#1142 = EDGE_CURVE('',#1143,#1145,#1147,.T.);
#1143 = VERTEX_POINT('',#1144);
#1144 = CARTESIAN_POINT('',(235.47796343859,126.57316226779,
    6.977756948368));
#1145 = VERTEX_POINT('',#1146);
#1146 = CARTESIAN_POINT('',(232.54510753241,121.65804119908,
    6.382450123965E-12));
#1147 = LINE('',#1148,#1149);
#1148 = CARTESIAN_POINT('',(235.54510753241,126.68568786084,
    7.137504028414));
#1149 = VECTOR('',#1150,1.);
#1150 = DIRECTION('',(-0.324973124185,-0.544616680989,-0.773165660998));
#1151 = ORIENTED_EDGE('',*,*,#1152,.F.);
#1152 = EDGE_CURVE('',#1153,#1145,#1155,.T.);
#1153 = VERTEX_POINT('',#1154);
#1154 = CARTESIAN_POINT('',(232.54510753241,139.15804119908,
    6.382450123965E-12));
#1155 = LINE('',#1156,#1157);
#1156 = CARTESIAN_POINT('',(232.54510753241,121.65804119908,
    6.382450123965E-12));
#1157 = VECTOR('',#1158,1.);
#1158 = DIRECTION('',(1.54074395551E-33,-1.,0.));
#1159 = ORIENTED_EDGE('',*,*,#1160,.F.);
#1160 = EDGE_CURVE('',#1161,#1153,#1163,.T.);
#1161 = VERTEX_POINT('',#1162);
#1162 = CARTESIAN_POINT('',(235.4705077248,137.1908349912,6.009255633814
    ));
#1163 = LINE('',#1164,#1165);
#1164 = CARTESIAN_POINT('',(235.54510753241,137.14066981893,
    6.16249597178));
#1165 = VECTOR('',#1166,1.);
#1166 = DIRECTION('',(-0.419894111816,0.282360787958,-0.862531924213));
#1167 = ORIENTED_EDGE('',*,*,#1168,.T.);
#1168 = EDGE_CURVE('',#1161,#1143,#1169,.T.);
#1169 = B_SPLINE_CURVE_WITH_KNOTS('',3,(#1170,#1171,#1172,#1173,#1174,
    #1175,#1176,#1177,#1178),.UNSPECIFIED.,.F.,.F.,(4,1,1,1,1,1,4),(0.,
    0.761553880689,1.523107761377,4.569323284132,7.615538806886,
    9.138646568263,10.66175432964),.UNSPECIFIED.);
#1170 = CARTESIAN_POINT('',(235.4705077248,137.1908349912,6.009255633813
    ));
#1171 = CARTESIAN_POINT('',(235.47037006175,136.93717555298,
    6.032550925154));
#1172 = CARTESIAN_POINT('',(235.47078519596,136.43190929086,
    6.078609627354));
#1173 = CARTESIAN_POINT('',(235.47181603951,134.91472603689,
    6.216636499138));
#1174 = CARTESIAN_POINT('',(235.47369764936,132.6396958581,
    6.423480644069));
#1175 = CARTESIAN_POINT('',(235.47583539634,130.11126562758,
    6.653989880156));
#1176 = CARTESIAN_POINT('',(235.4772184099,128.08932454306,
    6.838711618998));
#1177 = CARTESIAN_POINT('',(235.47818370306,127.07746769648,
    6.931438895228));
#1178 = CARTESIAN_POINT('',(235.47796343859,126.57316226775,
    6.977756948371));
#1179 = B_SPLINE_SURFACE_WITH_KNOTS('',3,3,(
    (#1180,#1181,#1182,#1183)
    ,(#1184,#1185,#1186,#1187)
    ,(#1188,#1189,#1190,#1191)
    ,(#1192,#1193,#1194,#1195
    )),.UNSPECIFIED.,.F.,.F.,.F.,(4,4),(4,4),(0.,1.),(2.234924462271E-02
    ,1.),.PIECEWISE_BEZIER_KNOTS.);
#1180 = CARTESIAN_POINT('',(235.47805979854,137.18575654539,
    6.02476884182));
#1181 = CARTESIAN_POINT('',(234.50040904317,137.84318476328,
    4.016512561216));
#1182 = CARTESIAN_POINT('',(233.52275828779,138.50061298119,
    2.008256280611));
#1183 = CARTESIAN_POINT('',(232.54510753241,139.15804119908,
    6.382450123965E-12));
#1184 = CARTESIAN_POINT('',(235.47805979854,136.29088199077,
    6.107949999742));
#1185 = CARTESIAN_POINT('',(234.50040904317,137.20296849557,
    4.071966666497));
#1186 = CARTESIAN_POINT('',(233.52275828779,138.11505500038,
    2.035983333251));
#1187 = CARTESIAN_POINT('',(232.54510753241,139.02714150519,
    6.382450123965E-12));
#1188 = CARTESIAN_POINT('',(235.47805979854,127.46819831034,
    6.894805046967));
#1189 = CARTESIAN_POINT('',(234.50040904317,125.57511250455,
    4.59653669798));
#1190 = CARTESIAN_POINT('',(233.52275828779,123.68202669877,
    2.298268348993));
#1191 = CARTESIAN_POINT('',(232.54510753241,121.78894089298,
    6.382450123965E-12));
#1192 = CARTESIAN_POINT('',(235.47805979854,126.57332375572,
    6.977986204888));
#1193 = CARTESIAN_POINT('',(234.50040904317,124.93489623684,
    4.651990803261));
#1194 = CARTESIAN_POINT('',(233.52275828779,123.29646871796,
    2.325995401634));
#1195 = CARTESIAN_POINT('',(232.54510753241,121.65804119908,
    6.382450123965E-12));
#1196 = ADVANCED_FACE('',(#1197),#1230,.F.);
#1197 = FACE_BOUND('',#1198,.F.);
#1198 = EDGE_LOOP('',(#1199,#1210,#1219,#1220,#1229));
#1199 = ORIENTED_EDGE('',*,*,#1200,.T.);
#1200 = EDGE_CURVE('',#800,#1201,#1203,.T.);
#1201 = VERTEX_POINT('',#1202);
#1202 = CARTESIAN_POINT('',(241.17635753241,137.7570554424,
    4.528711995067));
#1203 = B_SPLINE_CURVE_WITH_KNOTS('',3,(#1204,#1205,#1206,#1207,#1208,
    #1209),.UNSPECIFIED.,.F.,.F.,(4,2,4),(2.497081174858,3.647719644191,
    7.185984646632),.UNSPECIFIED.);
#1204 = CARTESIAN_POINT('',(241.17635753241,133.08840964392,
    4.964099381222));
#1205 = CARTESIAN_POINT('',(241.17635753241,133.47029874925,
    4.928485263864));
#1206 = CARTESIAN_POINT('',(241.17635753241,133.85218785458,
    4.892871146506));
#1207 = CARTESIAN_POINT('',(241.17635753241,135.40840312073,
    4.747742017788));
#1208 = CARTESIAN_POINT('',(241.17635753241,136.58272928157,
    4.638227006427));
#1209 = CARTESIAN_POINT('',(241.17635753241,137.7570554424,
    4.528711995067));
#1210 = ORIENTED_EDGE('',*,*,#1211,.T.);
#1211 = EDGE_CURVE('',#1201,#1030,#1212,.T.);
#1212 = B_SPLINE_CURVE_WITH_KNOTS('',3,(#1213,#1214,#1215,#1216,#1217,
    #1218),.UNSPECIFIED.,.F.,.F.,(4,2,4),(2.872065176878E-02,
    2.58510298658,4.917259615555),.UNSPECIFIED.);
#1213 = CARTESIAN_POINT('',(241.17635753241,137.7570554424,
    4.528711995067));
#1214 = CARTESIAN_POINT('',(240.32514873099,137.75360743837,
    4.568122861422));
#1215 = CARTESIAN_POINT('',(239.47412214546,137.74980094639,
    4.611631263875));
#1216 = CARTESIAN_POINT('',(237.84717333033,137.74183676861,
    4.702662232416));
#1217 = CARTESIAN_POINT('',(237.07119559367,137.73773909706,
    4.749498832604));
#1218 = CARTESIAN_POINT('',(236.29544639212,137.7333433429,
    4.799742532534));
#1219 = ORIENTED_EDGE('',*,*,#1027,.F.);
#1220 = ORIENTED_EDGE('',*,*,#1221,.T.);
#1221 = EDGE_CURVE('',#1028,#802,#1222,.T.);
#1222 = B_SPLINE_CURVE_WITH_KNOTS('',3,(#1223,#1224,#1225,#1226,#1227,
    #1228),.UNSPECIFIED.,.F.,.F.,(4,2,4),(0.29661143954,2.584376563976,
    2.78247338699),.UNSPECIFIED.);
#1223 = CARTESIAN_POINT('',(236.33950210392,130.73304119909,
    5.44974846562));
#1224 = CARTESIAN_POINT('',(237.10053166842,130.73304119909,
    5.400986344436));
#1225 = CARTESIAN_POINT('',(237.86177562002,130.73304119909,
    5.355476761237));
#1226 = CARTESIAN_POINT('',(238.68912322709,130.73304119909,
    5.309562293633));
#1227 = CARTESIAN_POINT('',(238.75505546502,130.73304119909,
    5.305927789113));
#1228 = CARTESIAN_POINT('',(238.82098908759,130.73304119909,
    5.302317677214));
#1229 = ORIENTED_EDGE('',*,*,#799,.F.);
#1230 = B_SPLINE_SURFACE_WITH_KNOTS('',3,3,(
    (#1231,#1232,#1233,#1234)
    ,(#1235,#1236,#1237,#1238)
    ,(#1239,#1240,#1241,#1242)
    ,(#1243,#1244,#1245,#1246
    )),.UNSPECIFIED.,.F.,.F.,.F.,(4,4),(4,4),(3.358718852772E-02,
    6.005196520221E-02),(1.41118037343E-02,3.230637310353E-02),
  .PIECEWISE_BEZIER_KNOTS.);
#1231 = CARTESIAN_POINT('',(236.29544639206,137.78190876571,
    4.795213430652));
#1232 = CARTESIAN_POINT('',(237.92111752822,137.77225361151,
    4.691681503695));
#1233 = CARTESIAN_POINT('',(239.54822193974,137.76396796701,
    4.602834787707));
#1234 = CARTESIAN_POINT('',(241.17635753242,137.7570554424,
    4.528711995067));
#1235 = CARTESIAN_POINT('',(236.29544639206,135.43237334933,
    5.014325808796));
#1236 = CARTESIAN_POINT('',(237.92111752822,135.42271819514,
    4.910793881839));
#1237 = CARTESIAN_POINT('',(239.54822193974,135.41443255063,
    4.821947165851));
#1238 = CARTESIAN_POINT('',(241.17635753242,135.40752002603,
    4.74782437321));
#1239 = CARTESIAN_POINT('',(236.29544639206,133.08283793296,
    5.23343818694));
#1240 = CARTESIAN_POINT('',(237.92111752822,133.07318277876,
    5.129906259983));
#1241 = CARTESIAN_POINT('',(239.54822193974,133.06489713425,
    5.041059543995));
#1242 = CARTESIAN_POINT('',(241.17635753242,133.05798460965,
    4.966936751354));
#1243 = CARTESIAN_POINT('',(236.29544639206,130.73330251658,
    5.452550565084));
#1244 = CARTESIAN_POINT('',(237.92111752822,130.72364736239,
    5.349018638127));
#1245 = CARTESIAN_POINT('',(239.54822193974,130.71536171787,
    5.260171922138));
#1246 = CARTESIAN_POINT('',(241.17635753242,130.70844919327,
    5.186049129498));
#1247 = ADVANCED_FACE('',(#1248),#1341,.T.);
#1248 = FACE_BOUND('',#1249,.T.);
#1249 = EDGE_LOOP('',(#1250,#1266,#1277,#1286,#1297,#1311,#1323,#1332));
#1250 = ORIENTED_EDGE('',*,*,#1251,.F.);
#1251 = EDGE_CURVE('',#1252,#1254,#1256,.T.);
#1252 = VERTEX_POINT('',#1253);
#1253 = CARTESIAN_POINT('',(271.19240066437,137.20358344818,
    6.145548376772));
#1254 = VERTEX_POINT('',#1255);
#1255 = CARTESIAN_POINT('',(271.17576287848,126.58780235896,
    7.134442020667));
#1256 = B_SPLINE_CURVE_WITH_KNOTS('',3,(#1257,#1258,#1259,#1260,#1261,
    #1262,#1263,#1264,#1265),.UNSPECIFIED.,.F.,.F.,(4,1,1,1,1,1,4),(
    -10.66175432964,-9.138646568264,-7.615538806887,-6.092431045509,
    -3.046215522755,-1.523107761377,-3.131998820826E-14),.UNSPECIFIED.);
#1257 = CARTESIAN_POINT('',(271.19240066436,137.20358344818,
    6.145548376774));
#1258 = CARTESIAN_POINT('',(271.19231725416,136.69807380265,
    6.192685498853));
#1259 = CARTESIAN_POINT('',(271.19012016669,135.68704376267,
    6.286825216308));
#1260 = CARTESIAN_POINT('',(271.1875296657,134.17050276738,
    6.428081516074));
#1261 = CARTESIAN_POINT('',(271.18381576165,132.1484465386,
    6.616406078349));
#1262 = CARTESIAN_POINT('',(271.18031708836,130.12639126329,
    6.804744974169));
#1263 = CARTESIAN_POINT('',(271.17742433598,128.10433903248,
    6.993124043294));
#1264 = CARTESIAN_POINT('',(271.1758221487,127.09331185854,
    7.087303296945));
#1265 = CARTESIAN_POINT('',(271.17576287848,126.58780235894,
    7.134442020672));
#1266 = ORIENTED_EDGE('',*,*,#1267,.F.);
#1267 = EDGE_CURVE('',#1268,#1252,#1270,.T.);
#1268 = VERTEX_POINT('',#1269);
#1269 = CARTESIAN_POINT('',(269.82262012695,138.68409712162,
    5.919580169543));
#1270 = B_SPLINE_CURVE_WITH_KNOTS('',3,(#1271,#1272,#1273,#1274,#1275,
    #1276),.UNSPECIFIED.,.F.,.F.,(4,1,1,4),(9.011175447464E-13,
    0.320513520379,0.961540561136,2.243594642649),.UNSPECIFIED.);
#1271 = CARTESIAN_POINT('',(269.82262012695,138.68409712162,
    5.919580169543));
#1272 = CARTESIAN_POINT('',(269.92915149213,138.68351731951,
    5.92619477996));
#1273 = CARTESIAN_POINT('',(270.24802778035,138.63818643655,
    5.950235755463));
#1274 = CARTESIAN_POINT('',(270.91377256773,138.26248957263,
    6.027986155569));
#1275 = CARTESIAN_POINT('',(271.1924708737,137.62908893158,
    6.105871381301));
#1276 = CARTESIAN_POINT('',(271.19240066436,137.20358344819,
    6.145548376772));
#1277 = ORIENTED_EDGE('',*,*,#1278,.F.);
#1278 = EDGE_CURVE('',#1279,#1268,#1281,.T.);
#1279 = VERTEX_POINT('',#1280);
#1280 = CARTESIAN_POINT('',(237.08009493787,138.68409712161,
    5.919580169548));
#1281 = B_SPLINE_CURVE_WITH_KNOTS('',3,(#1282,#1283,#1284,#1285),
  .UNSPECIFIED.,.F.,.F.,(4,4),(0.,32.794283321223),
  .PIECEWISE_BEZIER_KNOTS.);
#1282 = CARTESIAN_POINT('',(237.08009493788,138.68409712162,
    5.919580169548));
#1283 = CARTESIAN_POINT('',(247.98016482592,138.74342127944,
    5.242786854147));
#1284 = CARTESIAN_POINT('',(258.92255023891,138.74342127943,
    5.242786854145));
#1285 = CARTESIAN_POINT('',(269.82262012696,138.68409712162,
    5.919580169543));
#1286 = ORIENTED_EDGE('',*,*,#1287,.F.);
#1287 = EDGE_CURVE('',#1288,#1279,#1290,.T.);
#1288 = VERTEX_POINT('',#1289);
#1289 = CARTESIAN_POINT('',(235.71031440046,137.20358344818,
    6.145548376777));
#1290 = B_SPLINE_CURVE_WITH_KNOTS('',3,(#1291,#1292,#1293,#1294,#1295,
    #1296),.UNSPECIFIED.,.F.,.F.,(4,1,1,4),(0.,0.96153248482,
    1.602554141367,2.243575797914),.UNSPECIFIED.);
#1291 = CARTESIAN_POINT('',(235.71031440046,137.20358344819,
    6.145548376777));
#1292 = CARTESIAN_POINT('',(235.7102617439,137.52270988026,
    6.115790880119));
#1293 = CARTESIAN_POINT('',(235.88269781318,138.05144647598,
    6.054882897533));
#1294 = CARTESIAN_POINT('',(236.44546032969,138.56298941431,
    5.970507634605));
#1295 = CARTESIAN_POINT('',(236.86703399711,138.68293752714,
    5.932809279266));
#1296 = CARTESIAN_POINT('',(237.08009493787,138.68409712162,
    5.919580169548));
#1297 = ORIENTED_EDGE('',*,*,#1298,.F.);
#1298 = EDGE_CURVE('',#1299,#1288,#1301,.T.);
#1299 = VERTEX_POINT('',#1300);
#1300 = CARTESIAN_POINT('',(235.72695218634,126.58780235896,
    7.134442020672));
#1301 = B_SPLINE_CURVE_WITH_KNOTS('',3,(#1302,#1303,#1304,#1305,#1306,
    #1307,#1308,#1309,#1310),.UNSPECIFIED.,.F.,.F.,(4,1,1,1,1,1,4),(
    -10.66175432964,-9.138646568263,-7.615538806886,-4.569323284132,
    -1.523107761377,-0.761553880689,0.),.UNSPECIFIED.);
#1302 = CARTESIAN_POINT('',(235.72695218634,126.58780235893,
    7.134442020674));
#1303 = CARTESIAN_POINT('',(235.72689291612,127.09331185856,
    7.087303296945));
#1304 = CARTESIAN_POINT('',(235.72531909496,128.10433888706,
    6.993122163366));
#1305 = CARTESIAN_POINT('',(235.72243661294,130.12639105496,
    6.804742413997));
#1306 = CARTESIAN_POINT('',(235.71814032066,132.65395977488,
    6.569313686984));
#1307 = CARTESIAN_POINT('',(235.71391010701,134.92877316644,
    6.35745203521));
#1308 = CARTESIAN_POINT('',(235.7112699755,136.44531456488,
    6.216199033158));
#1309 = CARTESIAN_POINT('',(235.71035610556,136.95082862542,
    6.169116937819));
#1310 = CARTESIAN_POINT('',(235.71031440046,137.20358344818,
    6.145548376779));
#1311 = ORIENTED_EDGE('',*,*,#1312,.F.);
#1312 = EDGE_CURVE('',#1313,#1299,#1315,.T.);
#1313 = VERTEX_POINT('',#1314);
#1314 = CARTESIAN_POINT('',(237.15338152919,125.0681167068,
    7.184872737647));
#1315 = B_SPLINE_CURVE_WITH_KNOTS('',3,(#1316,#1317,#1318,#1319,#1320,
    #1321,#1322),.UNSPECIFIED.,.F.,.F.,(4,1,1,1,4),(0.,0.657572638395,
    0.986358957592,1.643931595987,2.301504234382),.UNSPECIFIED.);
#1316 = CARTESIAN_POINT('',(237.15338152919,125.0681167068,
    7.184872737647));
#1317 = CARTESIAN_POINT('',(236.93485892053,125.07432876711,
    7.197690263117));
#1318 = CARTESIAN_POINT('',(236.61085172968,125.16763567034,
    7.209288463448));
#1319 = CARTESIAN_POINT('',(236.1602256409,125.48469510682,
    7.208680839201));
#1320 = CARTESIAN_POINT('',(235.82634340294,125.93373365112,
    7.188782498947));
#1321 = CARTESIAN_POINT('',(235.72697777512,126.36955830308,
    7.15479326286));
#1322 = CARTESIAN_POINT('',(235.72695218634,126.58780235896,
    7.134442020672));
#1323 = ORIENTED_EDGE('',*,*,#1324,.F.);
#1324 = EDGE_CURVE('',#1325,#1313,#1327,.T.);
#1325 = VERTEX_POINT('',#1326);
#1326 = CARTESIAN_POINT('',(269.74933353563,125.06811670679,
    7.184872737643));
#1327 = B_SPLINE_CURVE_WITH_KNOTS('',3,(#1328,#1329,#1330,#1331),
  .UNSPECIFIED.,.F.,.F.,(4,4),(0.,32.649440123073),
  .PIECEWISE_BEZIER_KNOTS.);
#1328 = CARTESIAN_POINT('',(269.74933353563,125.06811670679,
    7.184872737643));
#1329 = CARTESIAN_POINT('',(258.89936744775,124.75967885615,
    6.548463912333));
#1330 = CARTESIAN_POINT('',(248.00334761707,124.75967885616,
    6.548463912335));
#1331 = CARTESIAN_POINT('',(237.15338152919,125.0681167068,
    7.184872737648));
#1332 = ORIENTED_EDGE('',*,*,#1333,.F.);
#1333 = EDGE_CURVE('',#1254,#1325,#1334,.T.);
#1334 = B_SPLINE_CURVE_WITH_KNOTS('',3,(#1335,#1336,#1337,#1338,#1339,
    #1340),.UNSPECIFIED.,.F.,.F.,(4,1,1,4),(0.,0.986358957592,
    1.643931595986,2.301504234381),.UNSPECIFIED.);
#1335 = CARTESIAN_POINT('',(271.17576287848,126.58780235898,
    7.134442020666));
#1336 = CARTESIAN_POINT('',(271.17572449531,126.26043627515,
    7.164968883949));
#1337 = CARTESIAN_POINT('',(270.98820738189,125.71775438848,
    7.202975629302));
#1338 = CARTESIAN_POINT('',(270.40004903397,125.1990639366,
    7.213128031542));
#1339 = CARTESIAN_POINT('',(269.96785614428,125.07432876711,
    7.197690263112));
#1340 = CARTESIAN_POINT('',(269.74933353563,125.0681167068,
    7.184872737643));
#1341 = ( BOUNDED_SURFACE() B_SPLINE_SURFACE(1,2,(
    (#1342,#1343,#1344)
    ,(#1345,#1346,#1347
)),.UNSPECIFIED.,.F.,.F.,.F.) B_SPLINE_SURFACE_WITH_KNOTS((2,2),(3,3),(
    7.210434472273E-13,0.129994319442),(-1.062514368773E-16,
    0.160491291784),.PIECEWISE_BEZIER_KNOTS.) 
GEOMETRIC_REPRESENTATION_ITEM() RATIONAL_B_SPLINE_SURFACE((
    (1.,0.996782045512,1.)
,(1.,0.996782045512,1.))) REPRESENTATION_ITEM('') SURFACE() );
#1342 = CARTESIAN_POINT('',(232.61296092716,146.86814361469,
    5.469169708023));
#1343 = CARTESIAN_POINT('',(254.05907609207,146.71253848012,
    3.80062054734));
#1344 = CARTESIAN_POINT('',(275.49738140045,146.8771612472,5.56586550923
    ));
#1345 = CARTESIAN_POINT('',(232.61296092716,112.24556645732,
    8.69799323013));
#1346 = CARTESIAN_POINT('',(254.05907609207,112.08996132275,
    7.029444069447));
#1347 = CARTESIAN_POINT('',(275.49738140045,112.25458408983,
    8.794689031337));
#1348 = ADVANCED_FACE('',(#1349),#1386,.T.);
#1349 = FACE_BOUND('',#1350,.T.);
#1350 = EDGE_LOOP('',(#1351,#1364,#1372,#1380));
#1351 = ORIENTED_EDGE('',*,*,#1352,.T.);
#1352 = EDGE_CURVE('',#1353,#1355,#1357,.T.);
#1353 = VERTEX_POINT('',#1354);
#1354 = CARTESIAN_POINT('',(251.45135753241,130.9080411991,
    4.893196618738));
#1355 = VERTEX_POINT('',#1356);
#1356 = CARTESIAN_POINT('',(251.45135753241,129.9080411991,
    4.986454365191));
#1357 = B_SPLINE_CURVE_WITH_KNOTS('',3,(#1358,#1359,#1360,#1361,#1362,
    #1363),.UNSPECIFIED.,.F.,.F.,(4,2,4),(1.563154300874,2.05532924176,
    2.56749339066),.UNSPECIFIED.);
#1358 = CARTESIAN_POINT('',(251.45135753241,130.9080411991,
    4.893196618738));
#1359 = CARTESIAN_POINT('',(251.45135753241,130.74469167373,
    4.908430227358));
#1360 = CARTESIAN_POINT('',(251.45135753241,130.58134214836,
    4.923663835979));
#1361 = CARTESIAN_POINT('',(251.45135753241,130.24800881502,
    4.954749751463));
#1362 = CARTESIAN_POINT('',(251.45135753241,130.07802500706,
    4.970602058327));
#1363 = CARTESIAN_POINT('',(251.45135753241,129.9080411991,
    4.986454365191));
#1364 = ORIENTED_EDGE('',*,*,#1365,.F.);
#1365 = EDGE_CURVE('',#1366,#1355,#1368,.T.);
#1366 = VERTEX_POINT('',#1367);
#1367 = CARTESIAN_POINT('',(251.45135753241,129.9080411991,
    0.200000000004));
#1368 = LINE('',#1369,#1370);
#1369 = CARTESIAN_POINT('',(251.45135753241,129.9080411991,
    4.330757974458E-12));
#1370 = VECTOR('',#1371,1.);
#1371 = DIRECTION('',(0.,0.,1.));
#1372 = ORIENTED_EDGE('',*,*,#1373,.F.);
#1373 = EDGE_CURVE('',#1374,#1366,#1376,.T.);
#1374 = VERTEX_POINT('',#1375);
#1375 = CARTESIAN_POINT('',(251.45135753241,130.9080411991,
    0.200000000004));
#1376 = LINE('',#1377,#1378);
#1377 = CARTESIAN_POINT('',(251.45135753241,125.6620274446,
    0.200000000004));
#1378 = VECTOR('',#1379,1.);
#1379 = DIRECTION('',(0.,-1.,3.061616997868E-16));
#1380 = ORIENTED_EDGE('',*,*,#1381,.T.);
#1381 = EDGE_CURVE('',#1374,#1353,#1382,.T.);
#1382 = LINE('',#1383,#1384);
#1383 = CARTESIAN_POINT('',(251.45135753241,130.9080411991,
    4.329869796038E-12));
#1384 = VECTOR('',#1385,1.);
#1385 = DIRECTION('',(0.,0.,1.));
#1386 = PLANE('',#1387);
#1387 = AXIS2_PLACEMENT_3D('',#1388,#1389,#1390);
#1388 = CARTESIAN_POINT('',(251.45135753241,129.9080411991,
    4.330757974458E-12));
#1389 = DIRECTION('',(1.,0.,0.));
#1390 = DIRECTION('',(0.,1.,-3.061616997868E-16));
#1391 = ADVANCED_FACE('',(#1392),#1498,.F.);
#1392 = FACE_BOUND('',#1393,.F.);
#1393 = EDGE_LOOP('',(#1394,#1403,#1412,#1423,#1432,#1441,#1452,#1461,
    #1470,#1481,#1490,#1497));
#1394 = ORIENTED_EDGE('',*,*,#1395,.T.);
#1395 = EDGE_CURVE('',#1355,#1396,#1398,.T.);
#1396 = VERTEX_POINT('',#1397);
#1397 = CARTESIAN_POINT('',(252.95135753241,129.9080411991,
    4.979470186425));
#1398 = B_SPLINE_CURVE_WITH_KNOTS('',3,(#1399,#1400,#1401,#1402),
  .UNSPECIFIED.,.F.,.F.,(4,4),(4.303596116028E-02,1.543050160501),
  .PIECEWISE_BEZIER_KNOTS.);
#1399 = CARTESIAN_POINT('',(251.45135753241,129.9080411991,
    4.986454365191));
#1400 = CARTESIAN_POINT('',(251.9513484872,129.9080411991,4.982723153209
    ));
#1401 = CARTESIAN_POINT('',(252.45135236545,129.9080411991,
    4.980395375229));
#1402 = CARTESIAN_POINT('',(252.95135753242,129.9080411991,
    4.979470186425));
#1403 = ORIENTED_EDGE('',*,*,#1404,.T.);
#1404 = EDGE_CURVE('',#1396,#1405,#1407,.T.);
#1405 = VERTEX_POINT('',#1406);
#1406 = CARTESIAN_POINT('',(252.95135753241,128.4080411991,
    5.119356806105));
#1407 = B_SPLINE_CURVE_WITH_KNOTS('',3,(#1408,#1409,#1410,#1411),
  .UNSPECIFIED.,.F.,.F.,(4,4),(2.566844875852,4.073353510532),
  .PIECEWISE_BEZIER_KNOTS.);
#1408 = CARTESIAN_POINT('',(252.95135753241,129.9080411991,
    4.979470186425));
#1409 = CARTESIAN_POINT('',(252.95135753241,129.4080411991,
    5.026099059652));
#1410 = CARTESIAN_POINT('',(252.95135753241,128.9080411991,
    5.072727932878));
#1411 = CARTESIAN_POINT('',(252.95135753241,128.4080411991,
    5.119356806105));
#1412 = ORIENTED_EDGE('',*,*,#1413,.T.);
#1413 = EDGE_CURVE('',#1405,#1414,#1416,.T.);
#1414 = VERTEX_POINT('',#1415);
#1415 = CARTESIAN_POINT('',(253.95135753241,128.4080411991,
    5.119376280825));
#1416 = B_SPLINE_CURVE_WITH_KNOTS('',3,(#1417,#1418,#1419,#1420,#1421,
    #1422),.UNSPECIFIED.,.F.,.F.,(4,2,4),(1.543050160501,2.043049202797,
    2.543049311861),.UNSPECIFIED.);
#1417 = CARTESIAN_POINT('',(252.95135753242,128.4080411991,
    5.119356806105));
#1418 = CARTESIAN_POINT('',(253.11802402446,128.4080411991,
    5.119048413347));
#1419 = CARTESIAN_POINT('',(253.28469065969,128.4080411991,
    5.118895860283));
#1420 = CARTESIAN_POINT('',(253.61802371031,128.4080411991,
    5.118902370974));
#1421 = CARTESIAN_POINT('',(253.78469069562,128.4080411991,
    5.119061435405));
#1422 = CARTESIAN_POINT('',(253.95135753241,128.4080411991,
    5.119376280825));
#1423 = ORIENTED_EDGE('',*,*,#1424,.T.);
#1424 = EDGE_CURVE('',#1414,#1425,#1427,.T.);
#1425 = VERTEX_POINT('',#1426);
#1426 = CARTESIAN_POINT('',(253.95135753241,129.9080411991,
    4.979489661144));
#1427 = B_SPLINE_CURVE_WITH_KNOTS('',3,(#1428,#1429,#1430,#1431),
  .UNSPECIFIED.,.F.,.F.,(4,4),(3.730316466553E-02,1.543811799346),
  .PIECEWISE_BEZIER_KNOTS.);
#1428 = CARTESIAN_POINT('',(253.95135753241,128.4080411991,
    5.119376280825));
#1429 = CARTESIAN_POINT('',(253.95135753241,128.9080411991,
    5.072747407598));
#1430 = CARTESIAN_POINT('',(253.95135753241,129.4080411991,
    5.026118534371));
#1431 = CARTESIAN_POINT('',(253.95135753241,129.9080411991,
    4.979489661144));
#1432 = ORIENTED_EDGE('',*,*,#1433,.T.);
#1433 = EDGE_CURVE('',#1425,#1434,#1436,.T.);
#1434 = VERTEX_POINT('',#1435);
#1435 = CARTESIAN_POINT('',(255.45135753241,129.9080411991,
    4.986528703892));
#1436 = B_SPLINE_CURVE_WITH_KNOTS('',3,(#1437,#1438,#1439,#1440),
  .UNSPECIFIED.,.F.,.F.,(4,4),(2.543049311861,4.043063748054),
  .PIECEWISE_BEZIER_KNOTS.);
#1437 = CARTESIAN_POINT('',(253.95135753241,129.9080411991,
    4.979489661144));
#1438 = CARTESIAN_POINT('',(254.45136274578,129.9080411991,
    4.980434206288));
#1439 = CARTESIAN_POINT('',(254.95136662242,129.9080411991,
    4.982780806709));
#1440 = CARTESIAN_POINT('',(255.45135753241,129.9080411991,
    4.986528703892));
#1441 = ORIENTED_EDGE('',*,*,#1442,.T.);
#1442 = EDGE_CURVE('',#1434,#1443,#1445,.T.);
#1443 = VERTEX_POINT('',#1444);
#1444 = CARTESIAN_POINT('',(255.45135753241,130.9080411991,
    4.893270957439));
#1445 = B_SPLINE_CURVE_WITH_KNOTS('',3,(#1446,#1447,#1448,#1449,#1450,
    #1451),.UNSPECIFIED.,.F.,.F.,(4,2,4),(1.543158190151,2.05532924176,
    2.547497279937),.UNSPECIFIED.);
#1446 = CARTESIAN_POINT('',(255.45135753241,129.9080411991,
    4.986528703892));
#1447 = CARTESIAN_POINT('',(255.45135753241,130.07802729802,
    4.970676183378));
#1448 = CARTESIAN_POINT('',(255.45135753241,130.24801339695,
    4.954823662864));
#1449 = CARTESIAN_POINT('',(255.45135753241,130.58134673028,
    4.92373774738));
#1450 = CARTESIAN_POINT('',(255.45135753241,130.74469396469,
    4.908504352409));
#1451 = CARTESIAN_POINT('',(255.45135753241,130.9080411991,
    4.893270957439));
#1452 = ORIENTED_EDGE('',*,*,#1453,.T.);
#1453 = EDGE_CURVE('',#1443,#1454,#1456,.T.);
#1454 = VERTEX_POINT('',#1455);
#1455 = CARTESIAN_POINT('',(253.95135753241,130.9080411991,
    4.886231914691));
#1456 = B_SPLINE_CURVE_WITH_KNOTS('',3,(#1457,#1458,#1459,#1460),
  .UNSPECIFIED.,.F.,.F.,(4,4),(4.30498041364E-02,1.543064241091),
  .PIECEWISE_BEZIER_KNOTS.);
#1457 = CARTESIAN_POINT('',(255.45135753241,130.9080411991,
    4.893270957439));
#1458 = CARTESIAN_POINT('',(254.95136662242,130.9080411991,
    4.889523060256));
#1459 = CARTESIAN_POINT('',(254.45136274577,130.9080411991,
    4.887176459835));
#1460 = CARTESIAN_POINT('',(253.9513575324,130.9080411991,4.886231914691
    ));
#1461 = ORIENTED_EDGE('',*,*,#1462,.T.);
#1462 = EDGE_CURVE('',#1454,#1463,#1465,.T.);
#1463 = VERTEX_POINT('',#1464);
#1464 = CARTESIAN_POINT('',(253.95135753241,132.4080411991,
    4.746345295011));
#1465 = B_SPLINE_CURVE_WITH_KNOTS('',3,(#1466,#1467,#1468,#1469),
  .UNSPECIFIED.,.F.,.F.,(4,4),(2.548150889132,4.054659523812),
  .PIECEWISE_BEZIER_KNOTS.);
#1466 = CARTESIAN_POINT('',(253.95135753241,130.9080411991,
    4.886231914691));
#1467 = CARTESIAN_POINT('',(253.95135753241,131.4080411991,
    4.839603041464));
#1468 = CARTESIAN_POINT('',(253.95135753241,131.9080411991,
    4.792974168238));
#1469 = CARTESIAN_POINT('',(253.95135753241,132.4080411991,
    4.746345295011));
#1470 = ORIENTED_EDGE('',*,*,#1471,.T.);
#1471 = EDGE_CURVE('',#1463,#1472,#1474,.T.);
#1472 = VERTEX_POINT('',#1473);
#1473 = CARTESIAN_POINT('',(252.95135753241,132.4080411991,
    4.746325820291));
#1474 = B_SPLINE_CURVE_WITH_KNOTS('',3,(#1475,#1476,#1477,#1478,#1479,
    #1480),.UNSPECIFIED.,.F.,.F.,(4,2,4),(1.543064241091,2.043063080453,
    2.543063392949),.UNSPECIFIED.);
#1475 = CARTESIAN_POINT('',(253.9513575324,132.4080411991,4.746345295011
    ));
#1476 = CARTESIAN_POINT('',(253.78469111893,132.4080411991,
    4.746030450391));
#1477 = CARTESIAN_POINT('',(253.61802455694,132.4080411991,
    4.745871385969));
#1478 = CARTESIAN_POINT('',(253.28469150632,132.4080411991,
    4.745864873695));
#1479 = CARTESIAN_POINT('',(253.11802444777,132.4080411991,4.74601742675
    ));
#1480 = CARTESIAN_POINT('',(252.9513575324,132.4080411991,4.746325820291
    ));
#1481 = ORIENTED_EDGE('',*,*,#1482,.T.);
#1482 = EDGE_CURVE('',#1472,#1483,#1485,.T.);
#1483 = VERTEX_POINT('',#1484);
#1484 = CARTESIAN_POINT('',(252.95135753241,130.9080411991,
    4.886212439971));
#1485 = B_SPLINE_CURVE_WITH_KNOTS('',3,(#1486,#1487,#1488,#1489),
  .UNSPECIFIED.,.F.,.F.,(4,4),(5.599715138532E-02,1.562505786065),
  .PIECEWISE_BEZIER_KNOTS.);
#1486 = CARTESIAN_POINT('',(252.95135753241,132.4080411991,
    4.746325820291));
#1487 = CARTESIAN_POINT('',(252.95135753241,131.9080411991,
    4.792954693518));
#1488 = CARTESIAN_POINT('',(252.95135753241,131.4080411991,
    4.839583566745));
#1489 = CARTESIAN_POINT('',(252.95135753241,130.9080411991,
    4.886212439971));
#1490 = ORIENTED_EDGE('',*,*,#1491,.T.);
#1491 = EDGE_CURVE('',#1483,#1353,#1492,.T.);
#1492 = B_SPLINE_CURVE_WITH_KNOTS('',3,(#1493,#1494,#1495,#1496),
  .UNSPECIFIED.,.F.,.F.,(4,4),(2.543063392949,4.043077593022),
  .PIECEWISE_BEZIER_KNOTS.);
#1493 = CARTESIAN_POINT('',(252.9513575324,130.9080411991,4.886212439971
    ));
#1494 = CARTESIAN_POINT('',(252.45135236545,130.9080411991,
    4.887137628775));
#1495 = CARTESIAN_POINT('',(251.9513484872,130.9080411991,4.889465406756
    ));
#1496 = CARTESIAN_POINT('',(251.45135753241,130.9080411991,
    4.893196618738));
#1497 = ORIENTED_EDGE('',*,*,#1352,.T.);
#1498 = B_SPLINE_SURFACE_WITH_KNOTS('',3,3,(
    (#1499,#1500,#1501,#1502)
    ,(#1503,#1504,#1505,#1506)
    ,(#1507,#1508,#1509,#1510)
    ,(#1511,#1512,#1513,#1514
    )),.UNSPECIFIED.,.F.,.F.,.F.,(4,4),(4,4),(5.357287750843E-02,
    6.859148947722E-02),(7.054408003617E-02,8.542034002963E-02),
  .PIECEWISE_BEZIER_KNOTS.);
#1499 = CARTESIAN_POINT('',(251.45135753241,132.40872952831,
    4.753245807027));
#1500 = CARTESIAN_POINT('',(252.7846455385,132.40780963823,
    4.743381853539));
#1501 = CARTESIAN_POINT('',(254.11805212346,132.40781238542,
    4.743411311537));
#1502 = CARTESIAN_POINT('',(255.45135753241,132.4087364012,
    4.753319504778));
#1503 = CARTESIAN_POINT('',(251.45135753241,131.0753813894,
    4.877590849699));
#1504 = CARTESIAN_POINT('',(252.7846455385,131.07446149933,
    4.867726896211));
#1505 = CARTESIAN_POINT('',(254.11805212346,131.07446424652,
    4.867756354209));
#1506 = CARTESIAN_POINT('',(255.45135753241,131.07538826229,
    4.87766454745));
#1507 = CARTESIAN_POINT('',(251.45135753241,129.74203325049,
    5.001935892371));
#1508 = CARTESIAN_POINT('',(252.7846455385,129.74111336042,
    4.992071938883));
#1509 = CARTESIAN_POINT('',(254.11805212346,129.74111610761,
    4.992101396881));
#1510 = CARTESIAN_POINT('',(255.45135753241,129.74204012339,
    5.002009590122));
#1511 = CARTESIAN_POINT('',(251.45135753241,128.40868511159,
    5.126280935044));
#1512 = CARTESIAN_POINT('',(252.7846455385,128.40776522152,
    5.116416981555));
#1513 = CARTESIAN_POINT('',(254.11805212346,128.40776796871,
    5.116446439553));
#1514 = CARTESIAN_POINT('',(255.45135753241,128.40869198448,
    5.126354632795));
#1515 = ADVANCED_FACE('',(#1516),#1541,.T.);
#1516 = FACE_BOUND('',#1517,.T.);
#1517 = EDGE_LOOP('',(#1518,#1519,#1527,#1535));
#1518 = ORIENTED_EDGE('',*,*,#1413,.T.);
#1519 = ORIENTED_EDGE('',*,*,#1520,.F.);
#1520 = EDGE_CURVE('',#1521,#1414,#1523,.T.);
#1521 = VERTEX_POINT('',#1522);
#1522 = CARTESIAN_POINT('',(253.95135753241,128.4080411991,
    0.200000000004));
#1523 = LINE('',#1524,#1525);
#1524 = CARTESIAN_POINT('',(253.95135753241,128.4080411991,
    4.330757974458E-12));
#1525 = VECTOR('',#1526,1.);
#1526 = DIRECTION('',(0.,0.,1.));
#1527 = ORIENTED_EDGE('',*,*,#1528,.F.);
#1528 = EDGE_CURVE('',#1529,#1521,#1531,.T.);
#1529 = VERTEX_POINT('',#1530);
#1530 = CARTESIAN_POINT('',(252.95135753241,128.4080411991,
    0.200000000004));
#1531 = LINE('',#1532,#1533);
#1532 = CARTESIAN_POINT('',(249.20135753241,128.4080411991,
    0.200000000004));
#1533 = VECTOR('',#1534,1.);
#1534 = DIRECTION('',(1.,0.,0.));
#1535 = ORIENTED_EDGE('',*,*,#1536,.T.);
#1536 = EDGE_CURVE('',#1529,#1405,#1537,.T.);
#1537 = LINE('',#1538,#1539);
#1538 = CARTESIAN_POINT('',(252.95135753241,128.4080411991,
    4.330757974458E-12));
#1539 = VECTOR('',#1540,1.);
#1540 = DIRECTION('',(0.,0.,1.));
#1541 = PLANE('',#1542);
#1542 = AXIS2_PLACEMENT_3D('',#1543,#1544,#1545);
#1543 = CARTESIAN_POINT('',(253.95135753241,128.4080411991,
    4.331646152878E-12));
#1544 = DIRECTION('',(0.,1.,0.));
#1545 = DIRECTION('',(-1.,0.,0.));
#1546 = ADVANCED_FACE('',(#1547),#1572,.T.);
#1547 = FACE_BOUND('',#1548,.T.);
#1548 = EDGE_LOOP('',(#1549,#1550,#1558,#1566));
#1549 = ORIENTED_EDGE('',*,*,#1442,.T.);
#1550 = ORIENTED_EDGE('',*,*,#1551,.F.);
#1551 = EDGE_CURVE('',#1552,#1443,#1554,.T.);
#1552 = VERTEX_POINT('',#1553);
#1553 = CARTESIAN_POINT('',(255.45135753241,130.9080411991,
    0.200000000004));
#1554 = LINE('',#1555,#1556);
#1555 = CARTESIAN_POINT('',(255.45135753241,130.9080411991,
    4.329869796038E-12));
#1556 = VECTOR('',#1557,1.);
#1557 = DIRECTION('',(0.,0.,1.));
#1558 = ORIENTED_EDGE('',*,*,#1559,.F.);
#1559 = EDGE_CURVE('',#1560,#1552,#1562,.T.);
#1560 = VERTEX_POINT('',#1561);
#1561 = CARTESIAN_POINT('',(255.45135753241,129.9080411991,
    0.200000000004));
#1562 = LINE('',#1563,#1564);
#1563 = CARTESIAN_POINT('',(255.45135753241,126.1620274446,
    0.200000000004));
#1564 = VECTOR('',#1565,1.);
#1565 = DIRECTION('',(0.,1.,-3.061616997868E-16));
#1566 = ORIENTED_EDGE('',*,*,#1567,.T.);
#1567 = EDGE_CURVE('',#1560,#1434,#1568,.T.);
#1568 = LINE('',#1569,#1570);
#1569 = CARTESIAN_POINT('',(255.45135753241,129.9080411991,
    4.330757974458E-12));
#1570 = VECTOR('',#1571,1.);
#1571 = DIRECTION('',(0.,0.,1.));
#1572 = PLANE('',#1573);
#1573 = AXIS2_PLACEMENT_3D('',#1574,#1575,#1576);
#1574 = CARTESIAN_POINT('',(255.45135753241,130.9080411991,
    4.329869796038E-12));
#1575 = DIRECTION('',(-1.,0.,0.));
#1576 = DIRECTION('',(0.,-1.,3.061616997868E-16));
#1577 = ADVANCED_FACE('',(#1578),#1603,.T.);
#1578 = FACE_BOUND('',#1579,.T.);
#1579 = EDGE_LOOP('',(#1580,#1581,#1589,#1597));
#1580 = ORIENTED_EDGE('',*,*,#1471,.T.);
#1581 = ORIENTED_EDGE('',*,*,#1582,.F.);
#1582 = EDGE_CURVE('',#1583,#1472,#1585,.T.);
#1583 = VERTEX_POINT('',#1584);
#1584 = CARTESIAN_POINT('',(252.95135753241,132.4080411991,
    0.200000000004));
#1585 = LINE('',#1586,#1587);
#1586 = CARTESIAN_POINT('',(252.95135753241,132.4080411991,
    4.329869796038E-12));
#1587 = VECTOR('',#1588,1.);
#1588 = DIRECTION('',(0.,0.,1.));
#1589 = ORIENTED_EDGE('',*,*,#1590,.F.);
#1590 = EDGE_CURVE('',#1591,#1583,#1593,.T.);
#1591 = VERTEX_POINT('',#1592);
#1592 = CARTESIAN_POINT('',(253.95135753241,132.4080411991,
    0.200000000004));
#1593 = LINE('',#1594,#1595);
#1594 = CARTESIAN_POINT('',(248.70135753241,132.4080411991,
    0.200000000004));
#1595 = VECTOR('',#1596,1.);
#1596 = DIRECTION('',(-1.,0.,0.));
#1597 = ORIENTED_EDGE('',*,*,#1598,.T.);
#1598 = EDGE_CURVE('',#1591,#1463,#1599,.T.);
#1599 = LINE('',#1600,#1601);
#1600 = CARTESIAN_POINT('',(253.95135753241,132.4080411991,
    4.329869796038E-12));
#1601 = VECTOR('',#1602,1.);
#1602 = DIRECTION('',(0.,0.,1.));
#1603 = PLANE('',#1604);
#1604 = AXIS2_PLACEMENT_3D('',#1605,#1606,#1607);
#1605 = CARTESIAN_POINT('',(252.95135753241,132.4080411991,
    4.329869796038E-12));
#1606 = DIRECTION('',(0.,-1.,0.));
#1607 = DIRECTION('',(1.,0.,0.));
#1608 = ADVANCED_FACE('',(#1609),#1682,.F.);
#1609 = FACE_BOUND('',#1610,.F.);
#1610 = EDGE_LOOP('',(#1611,#1623,#1650,#1661,#1672,#1681));
#1611 = ORIENTED_EDGE('',*,*,#1612,.T.);
#1612 = EDGE_CURVE('',#842,#1613,#1615,.T.);
#1613 = VERTEX_POINT('',#1614);
#1614 = CARTESIAN_POINT('',(250.77098908758,130.73304119909,
    4.915460411681));
#1615 = B_SPLINE_CURVE_WITH_KNOTS('',3,(#1616,#1617,#1618,#1619,#1620,
    #1621,#1622),.UNSPECIFIED.,.F.,.F.,(4,3,4),(2.487643777864,
    5.772409505858,9.078822375733),.UNSPECIFIED.);
#1616 = CARTESIAN_POINT('',(244.181725978,130.73304119811,5.062657841297
    ));
#1617 = CARTESIAN_POINT('',(245.27602088453,130.73304119748,
    5.024721177926));
#1618 = CARTESIAN_POINT('',(246.37055342601,130.73304119736,
    4.99349942942));
#1619 = CARTESIAN_POINT('',(247.46520132416,130.73304119779,
    4.969000206232));
#1620 = CARTESIAN_POINT('',(248.56706330997,130.73304119823,
    4.944339525151));
#1621 = CARTESIAN_POINT('',(249.6689450579,130.73304117431,
    4.926491343319));
#1622 = CARTESIAN_POINT('',(250.7709890875,130.73304119917,
    4.915460412591));
#1623 = ORIENTED_EDGE('',*,*,#1624,.T.);
#1624 = EDGE_CURVE('',#1613,#1625,#1627,.T.);
#1625 = VERTEX_POINT('',#1626);
#1626 = CARTESIAN_POINT('',(253.12635753241,133.08840964392,
    4.682609649541));
#1627 = B_SPLINE_CURVE_WITH_KNOTS('',3,(#1628,#1629,#1630,#1631,#1632,
    #1633,#1634,#1635,#1636,#1637,#1638,#1639,#1640,#1641,#1642,#1643,
    #1644,#1645,#1646,#1647,#1648,#1649),.UNSPECIFIED.,.F.,.F.,(4,3,3,3,
    3,3,3,4),(5.133091628892E-02,0.757256661432,0.844983353493,
    1.080760420175,2.152957423098,2.951047567755,3.058027161829,
    3.659812194055),.UNSPECIFIED.);
#1628 = CARTESIAN_POINT('',(250.7709890875,130.73304119917,
    4.915460412591));
#1629 = CARTESIAN_POINT('',(250.79916516217,130.96541662922,
    4.893507574756));
#1630 = CARTESIAN_POINT('',(250.85740230396,131.19281822338,
    4.871717632745));
#1631 = CARTESIAN_POINT('',(250.94398735431,131.40958621543,
    4.850691741451));
#1632 = CARTESIAN_POINT('',(250.95474743793,131.4365243729,
    4.848078815228));
#1633 = CARTESIAN_POINT('',(250.96594531308,131.46329831653,
    4.845477753931));
#1634 = CARTESIAN_POINT('',(250.97757769255,131.48989718918,
    4.842889765196));
#1635 = CARTESIAN_POINT('',(251.00884124807,131.56138517102,
    4.835934203802));
#1636 = CARTESIAN_POINT('',(251.04324338375,131.6316085474,
    4.829073031075));
#1637 = CARTESIAN_POINT('',(251.08072028365,131.70035657626,
    4.822330075897));
#1638 = CARTESIAN_POINT('',(251.25114661143,132.01298846768,
    4.791666464646));
#1639 = CARTESIAN_POINT('',(251.48188446743,132.28909701924,
    4.764031801942));
#1640 = CARTESIAN_POINT('',(251.75986698141,132.51252681688,
    4.741441745499));
#1641 = CARTESIAN_POINT('',(251.9667833449,132.67883685043,
    4.724626830549));
#1642 = CARTESIAN_POINT('',(252.19707283589,132.81370269913,4.7108411418
    ));
#1643 = CARTESIAN_POINT('',(252.44327956204,132.91279249552,
    4.700676762599));
#1644 = CARTESIAN_POINT('',(252.47628221944,132.92607493769,
    4.699314283476));
#1645 = CARTESIAN_POINT('',(252.5095708743,132.93871455109,
    4.698016794098));
#1646 = CARTESIAN_POINT('',(252.54312756698,132.95070089511,
    4.696785642275));
#1647 = CARTESIAN_POINT('',(252.73189174775,133.0181268608,4.68986012767
    ));
#1648 = CARTESIAN_POINT('',(252.9275103447,133.06429900858,
    4.685095945101));
#1649 = CARTESIAN_POINT('',(253.12635753241,133.08840964393,
    4.682609649541));
#1650 = ORIENTED_EDGE('',*,*,#1651,.T.);
#1651 = EDGE_CURVE('',#1625,#1652,#1654,.T.);
#1652 = VERTEX_POINT('',#1653);
#1653 = CARTESIAN_POINT('',(253.12635753241,137.78188518861,
    4.244906697209));
#1654 = B_SPLINE_CURVE_WITH_KNOTS('',3,(#1655,#1656,#1657,#1658,#1659,
    #1660),.UNSPECIFIED.,.F.,.F.,(4,2,4),(2.417807107773,3.620494046117,
    7.13164806426),.UNSPECIFIED.);
#1655 = CARTESIAN_POINT('',(253.12635753241,133.08840964392,
    4.682609649541));
#1656 = CARTESIAN_POINT('',(253.12635753241,133.48757328317,
    4.645384548079));
#1657 = CARTESIAN_POINT('',(253.12635753241,133.88673692241,
    4.608159446617));
#1658 = CARTESIAN_POINT('',(253.12635753241,135.45122877064,
    4.462258462506));
#1659 = CARTESIAN_POINT('',(253.12635753241,136.61655697962,
    4.353582579858));
#1660 = CARTESIAN_POINT('',(253.12635753241,137.78188518861,
    4.244906697209));
#1661 = ORIENTED_EDGE('',*,*,#1662,.T.);
#1662 = EDGE_CURVE('',#1652,#1663,#1665,.T.);
#1663 = VERTEX_POINT('',#1664);
#1664 = CARTESIAN_POINT('',(241.82635753242,137.75961859083,
    4.499415074447));
#1665 = B_SPLINE_CURVE_WITH_KNOTS('',3,(#1666,#1667,#1668,#1669,#1670,
    #1671),.UNSPECIFIED.,.F.,.F.,(4,2,4),(0.112749709901,5.775376662982,
    11.418720325956),.UNSPECIFIED.);
#1666 = CARTESIAN_POINT('',(253.12635753241,137.78188518861,
    4.24490669721));
#1667 = CARTESIAN_POINT('',(251.23884660666,137.78168608595,
    4.247182451024));
#1668 = CARTESIAN_POINT('',(249.35210247094,137.77972362392,
    4.269613494658));
#1669 = CARTESIAN_POINT('',(245.58517331157,137.77228729055,
    4.354611174023));
#1670 = CARTESIAN_POINT('',(243.70527734611,137.76682595194,
    4.417034559973));
#1671 = CARTESIAN_POINT('',(241.82635753242,137.75961859084,
    4.499415074446));
#1672 = ORIENTED_EDGE('',*,*,#1673,.T.);
#1673 = EDGE_CURVE('',#1663,#834,#1674,.T.);
#1674 = B_SPLINE_CURVE_WITH_KNOTS('',3,(#1675,#1676,#1677,#1678,#1679,
    #1680),.UNSPECIFIED.,.F.,.F.,(4,2,4),(0.155142761299,3.620494046117,
    4.846620503236),.UNSPECIFIED.);
#1675 = CARTESIAN_POINT('',(241.82635753242,137.75961859083,
    4.499415074447));
#1676 = CARTESIAN_POINT('',(241.82635753242,136.60949199843,
    4.60667328859));
#1677 = CARTESIAN_POINT('',(241.82635753242,135.45936540605,
    4.713931502732));
#1678 = CARTESIAN_POINT('',(241.82635753242,133.90229575708,
    4.859140309266));
#1679 = CARTESIAN_POINT('',(241.82635753242,133.4953527005,
    4.897090901657));
#1680 = CARTESIAN_POINT('',(241.82635753242,133.08840964392,
    4.935041494049));
#1681 = ORIENTED_EDGE('',*,*,#841,.T.);
#1682 = B_SPLINE_SURFACE_WITH_KNOTS('',3,3,(
    (#1683,#1684,#1685,#1686,#1687,#1688)
    ,(#1689,#1690,#1691,#1692,#1693,#1694)
    ,(#1695,#1696,#1697,#1698,#1699,#1700)
    ,(#1701,#1702,#1703,#1704,#1705,#1706
    )),.UNSPECIFIED.,.F.,.F.,.F.,(4,4),(4,2,4),(3.339624962217E-02,
    5.991759535986E-02),(3.472744310153E-02,6.878198219294E-02,
    7.677355370037E-02),.UNSPECIFIED.);
#1683 = CARTESIAN_POINT('',(241.82635753242,137.80522344062,
    4.495162068929));
#1684 = CARTESIAN_POINT('',(244.87421808729,137.79296944868,
    4.363762883335));
#1685 = CARTESIAN_POINT('',(247.92550365571,137.78552746645,
    4.283962732509));
#1686 = CARTESIAN_POINT('',(251.69380726317,137.78230966922,
    4.249458389976));
#1687 = CARTESIAN_POINT('',(252.41007856592,137.78196438115,
    4.245755876374));
#1688 = CARTESIAN_POINT('',(253.12635753241,137.78188518861,
    4.244906697209));
#1689 = CARTESIAN_POINT('',(241.82635753242,135.45066583875,
    4.714742804774));
#1690 = CARTESIAN_POINT('',(244.87421808729,135.43841184682,
    4.58334361918));
#1691 = CARTESIAN_POINT('',(247.92550365571,135.43096986458,
    4.503543468354));
#1692 = CARTESIAN_POINT('',(251.69380726317,135.42775206735,
    4.469039125821));
#1693 = CARTESIAN_POINT('',(252.41007856592,135.42740677928,
    4.465336612219));
#1694 = CARTESIAN_POINT('',(253.12635753241,135.42732758675,
    4.464487433054));
#1695 = CARTESIAN_POINT('',(241.82635753242,133.09610823688,
    4.934323540619));
#1696 = CARTESIAN_POINT('',(244.87421808729,133.08385424494,
    4.802924355025));
#1697 = CARTESIAN_POINT('',(247.92550365571,133.07641226271,
    4.723124204199));
#1698 = CARTESIAN_POINT('',(251.69380726317,133.07319446547,
    4.688619861667));
#1699 = CARTESIAN_POINT('',(252.41007856592,133.07284917741,
    4.684917348064));
#1700 = CARTESIAN_POINT('',(253.12635753241,133.07276998487,
    4.684068168899));
#1701 = CARTESIAN_POINT('',(241.82635753242,130.74155063501,
    5.153904276464));
#1702 = CARTESIAN_POINT('',(244.87421808729,130.72929664308,
    5.02250509087));
#1703 = CARTESIAN_POINT('',(247.92550365571,130.72185466084,
    4.942704940044));
#1704 = CARTESIAN_POINT('',(251.69380726317,130.71863686361,
    4.908200597511));
#1705 = CARTESIAN_POINT('',(252.41007856592,130.71829157554,
    4.904498083909));
#1706 = CARTESIAN_POINT('',(253.12635753241,130.71821238301,
    4.903648904744));
#1707 = ADVANCED_FACE('',(#1708),#1822,.T.);
#1708 = FACE_BOUND('',#1709,.T.);
#1709 = EDGE_LOOP('',(#1710,#1718,#1729,#1740,#1748,#1756,#1764,#1775,
    #1783,#1791,#1797,#1798,#1806,#1814,#1820,#1821));
#1710 = ORIENTED_EDGE('',*,*,#1711,.F.);
#1711 = EDGE_CURVE('',#1712,#1096,#1714,.T.);
#1712 = VERTEX_POINT('',#1713);
#1713 = CARTESIAN_POINT('',(272.96412062501,138.15326640234,
    6.370015626089E-12));
#1714 = LINE('',#1715,#1716);
#1715 = CARTESIAN_POINT('',(248.95135753241,138.15326640234,
    6.377121053447E-12));
#1716 = VECTOR('',#1717,1.);
#1717 = DIRECTION('',(-1.,-1.066536263548E-18,3.082500385087E-16));
#1718 = ORIENTED_EDGE('',*,*,#1719,.F.);
#1719 = EDGE_CURVE('',#1720,#1712,#1722,.T.);
#1720 = VERTEX_POINT('',#1721);
#1721 = CARTESIAN_POINT('',(270.60724208081,137.73333858732,
    4.799796889092));
#1722 = B_SPLINE_CURVE_WITH_KNOTS('',3,(#1723,#1724,#1725,#1726,#1727,
    #1728),.UNSPECIFIED.,.F.,.F.,(4,2,4),(-5.602266983673,
    -3.101210992452,-0.257635805053),.UNSPECIFIED.);
#1723 = CARTESIAN_POINT('',(270.60724208081,137.73333858732,
    4.799796889092));
#1724 = CARTESIAN_POINT('',(270.97388330373,137.79890717088,
    4.050344549543));
#1725 = CARTESIAN_POINT('',(271.34278930109,137.86474347779,
    3.297832118175));
#1726 = CARTESIAN_POINT('',(272.12589361162,138.00427855146,
    1.702938928031));
#1727 = CARTESIAN_POINT('',(272.54606619293,138.07901131711,
    0.848739507851));
#1728 = CARTESIAN_POINT('',(272.96412062501,138.15326640234,
    6.372236072139E-12));
#1729 = ORIENTED_EDGE('',*,*,#1730,.T.);
#1730 = EDGE_CURVE('',#1720,#1731,#1733,.T.);
#1731 = VERTEX_POINT('',#1732);
#1732 = CARTESIAN_POINT('',(265.72635753241,137.75704381768,
    4.528844866192));
#1733 = B_SPLINE_CURVE_WITH_KNOTS('',3,(#1734,#1735,#1736,#1737,#1738,
    #1739),.UNSPECIFIED.,.F.,.F.,(4,2,4),(0.252489674651,2.584389150386,
    5.140997619404),.UNSPECIFIED.);
#1734 = CARTESIAN_POINT('',(270.60724208081,137.73333858732,
    4.799796889091));
#1735 = CARTESIAN_POINT('',(269.83157759154,137.73773276848,
    4.749571168531));
#1736 = CARTESIAN_POINT('',(269.05568465839,137.74182887123,
    4.702752499929));
#1737 = CARTESIAN_POINT('',(267.42874471109,137.74979080457,
    4.611747185476));
#1738 = CARTESIAN_POINT('',(266.5776421793,137.75359649902,4.56824789878
    ));
#1739 = CARTESIAN_POINT('',(265.72635753241,137.75704381768,
    4.528844866192));
#1740 = ORIENTED_EDGE('',*,*,#1741,.F.);
#1741 = EDGE_CURVE('',#1742,#1731,#1744,.T.);
#1742 = VERTEX_POINT('',#1743);
#1743 = CARTESIAN_POINT('',(265.72635753241,137.98318562089,
    1.944032227594));
#1744 = LINE('',#1745,#1746);
#1745 = CARTESIAN_POINT('',(265.72635753241,137.96173797312,
    2.189179963353));
#1746 = VECTOR('',#1747,1.);
#1747 = DIRECTION('',(0.,-8.715574274637E-02,0.996194698092));
#1748 = ORIENTED_EDGE('',*,*,#1749,.F.);
#1749 = EDGE_CURVE('',#1750,#1742,#1752,.T.);
#1750 = VERTEX_POINT('',#1751);
#1751 = CARTESIAN_POINT('',(265.07635753241,137.98318562089,
    1.944032227594));
#1752 = LINE('',#1753,#1754);
#1753 = CARTESIAN_POINT('',(254.90448253241,137.98318562089,
    1.944032227594));
#1754 = VECTOR('',#1755,1.);
#1755 = DIRECTION('',(1.,-2.590184763699E-17,0.));
#1756 = ORIENTED_EDGE('',*,*,#1757,.F.);
#1757 = EDGE_CURVE('',#1758,#1750,#1760,.T.);
#1758 = VERTEX_POINT('',#1759);
#1759 = CARTESIAN_POINT('',(265.07635753241,137.75960624471,
    4.499556191123));
#1760 = LINE('',#1761,#1762);
#1761 = CARTESIAN_POINT('',(265.07635753241,137.96173797312,
    2.189179963353));
#1762 = VECTOR('',#1763,1.);
#1763 = DIRECTION('',(0.,8.715574274637E-02,-0.996194698092));
#1764 = ORIENTED_EDGE('',*,*,#1765,.T.);
#1765 = EDGE_CURVE('',#1758,#1766,#1768,.T.);
#1766 = VERTEX_POINT('',#1767);
#1767 = CARTESIAN_POINT('',(253.77635753241,137.78188407005,
    4.244919482363));
#1768 = B_SPLINE_CURVE_WITH_KNOTS('',3,(#1769,#1770,#1771,#1772,#1773,
    #1774),.UNSPECIFIED.,.F.,.F.,(4,2,4),(0.130516768522,5.772086883423,
    11.434060382289),.UNSPECIFIED.);
#1769 = CARTESIAN_POINT('',(265.07635753241,137.75960624472,
    4.499556191123));
#1770 = CARTESIAN_POINT('',(263.19764740462,137.76681082815,
    4.417207425663));
#1771 = CARTESIAN_POINT('',(261.3179620178,137.77227079759,
    4.354799689333));
#1772 = CARTESIAN_POINT('',(257.55108097514,137.77971077022,
    4.269760413066));
#1773 = CARTESIAN_POINT('',(255.66368459448,137.78167850784,
    4.247269069127));
#1774 = CARTESIAN_POINT('',(253.77635753241,137.78188407004,
    4.244919482364));
#1775 = ORIENTED_EDGE('',*,*,#1776,.F.);
#1776 = EDGE_CURVE('',#1777,#1766,#1779,.T.);
#1777 = VERTEX_POINT('',#1778);
#1778 = CARTESIAN_POINT('',(253.77635753241,137.98318562089,
    1.944032227594));
#1779 = LINE('',#1780,#1781);
#1780 = CARTESIAN_POINT('',(253.77635753241,137.96173797312,
    2.189179963353));
#1781 = VECTOR('',#1782,1.);
#1782 = DIRECTION('',(-1.761504139042E-14,-8.715574274637E-02,
    0.996194698092));
#1783 = ORIENTED_EDGE('',*,*,#1784,.F.);
#1784 = EDGE_CURVE('',#1785,#1777,#1787,.T.);
#1785 = VERTEX_POINT('',#1786);
#1786 = CARTESIAN_POINT('',(253.12635753241,137.98318562089,
    1.944032227594));
#1787 = LINE('',#1788,#1789);
#1788 = CARTESIAN_POINT('',(254.90448253241,137.98318562089,
    1.944032227594));
#1789 = VECTOR('',#1790,1.);
#1790 = DIRECTION('',(1.,-2.590184763699E-17,0.));
#1791 = ORIENTED_EDGE('',*,*,#1792,.F.);
#1792 = EDGE_CURVE('',#1652,#1785,#1793,.T.);
#1793 = LINE('',#1794,#1795);
#1794 = CARTESIAN_POINT('',(253.12635753241,138.16279782665,
    -0.108944678446));
#1795 = VECTOR('',#1796,1.);
#1796 = DIRECTION('',(0.,8.715574274637E-02,-0.996194698092));
#1797 = ORIENTED_EDGE('',*,*,#1662,.T.);
#1798 = ORIENTED_EDGE('',*,*,#1799,.F.);
#1799 = EDGE_CURVE('',#1800,#1663,#1802,.T.);
#1800 = VERTEX_POINT('',#1801);
#1801 = CARTESIAN_POINT('',(241.82635753242,137.98318562089,
    1.944032227594));
#1802 = LINE('',#1803,#1804);
#1803 = CARTESIAN_POINT('',(241.82635753242,137.96173797312,
    2.189179963353));
#1804 = VECTOR('',#1805,1.);
#1805 = DIRECTION('',(0.,-8.715574274637E-02,0.996194698092));
#1806 = ORIENTED_EDGE('',*,*,#1807,.F.);
#1807 = EDGE_CURVE('',#1808,#1800,#1810,.T.);
#1808 = VERTEX_POINT('',#1809);
#1809 = CARTESIAN_POINT('',(241.17635753241,137.98318562089,
    1.944032227594));
#1810 = LINE('',#1811,#1812);
#1811 = CARTESIAN_POINT('',(254.90448253241,137.98318562089,
    1.944032227594));
#1812 = VECTOR('',#1813,1.);
#1813 = DIRECTION('',(1.,-2.590184763699E-17,0.));
#1814 = ORIENTED_EDGE('',*,*,#1815,.F.);
#1815 = EDGE_CURVE('',#1201,#1808,#1816,.T.);
#1816 = LINE('',#1817,#1818);
#1817 = CARTESIAN_POINT('',(241.17635753241,137.96173797312,
    2.189179963353));
#1818 = VECTOR('',#1819,1.);
#1819 = DIRECTION('',(0.,8.715574274637E-02,-0.996194698092));
#1820 = ORIENTED_EDGE('',*,*,#1211,.T.);
#1821 = ORIENTED_EDGE('',*,*,#1113,.T.);
#1822 = PLANE('',#1823);
#1823 = AXIS2_PLACEMENT_3D('',#1824,#1825,#1826);
#1824 = CARTESIAN_POINT('',(256.35760753241,138.16279782665,
    -0.108944678446));
#1825 = DIRECTION('',(-2.580328328675E-17,-0.996194698092,
    -8.715574274637E-02));
#1826 = DIRECTION('',(2.696301922142E-33,8.715574274637E-02,
    -0.996194698092));
#1827 = ADVANCED_FACE('',(#1828),#1863,.F.);
#1828 = FACE_BOUND('',#1829,.T.);
#1829 = EDGE_LOOP('',(#1830,#1840,#1848,#1857));
#1830 = ORIENTED_EDGE('',*,*,#1831,.T.);
#1831 = EDGE_CURVE('',#1832,#1834,#1836,.T.);
#1832 = VERTEX_POINT('',#1833);
#1833 = CARTESIAN_POINT('',(274.10760753241,139.40804119908,
    2.284394895469E-12));
#1834 = VERTEX_POINT('',#1835);
#1835 = CARTESIAN_POINT('',(232.79510753241,139.40804119908,
    6.380673767126E-12));
#1836 = LINE('',#1837,#1838);
#1837 = CARTESIAN_POINT('',(232.79510753241,139.40804119908,
    6.382450123965E-12));
#1838 = VECTOR('',#1839,1.);
#1839 = DIRECTION('',(-1.,0.,3.045183153258E-16));
#1840 = ORIENTED_EDGE('',*,*,#1841,.F.);
#1841 = EDGE_CURVE('',#1842,#1834,#1844,.T.);
#1842 = VERTEX_POINT('',#1843);
#1843 = CARTESIAN_POINT('',(237.06479439641,138.90997560254,
    5.69291581876));
#1844 = LINE('',#1845,#1846);
#1845 = CARTESIAN_POINT('',(237.29510753241,138.88310921793,
    6.000000000096));
#1846 = VECTOR('',#1847,1.);
#1847 = DIRECTION('',(-0.598535758378,6.982012476396E-02,-0.798047677849
    ));
#1848 = ORIENTED_EDGE('',*,*,#1849,.F.);
#1849 = EDGE_CURVE('',#1850,#1842,#1852,.T.);
#1850 = VERTEX_POINT('',#1851);
#1851 = CARTESIAN_POINT('',(269.83792066841,138.90997560254,
    5.692915818755));
#1852 = B_SPLINE_CURVE_WITH_KNOTS('',3,(#1853,#1854,#1855,#1856),
  .UNSPECIFIED.,.F.,.F.,(4,4),(-32.79428332122,0.),
  .PIECEWISE_BEZIER_KNOTS.);
#1853 = CARTESIAN_POINT('',(269.83792066842,138.90997560254,
    5.692915818756));
#1854 = CARTESIAN_POINT('',(258.92766360206,138.96924175873,
    5.015500553705));
#1855 = CARTESIAN_POINT('',(247.97505146277,138.96924175873,
    5.015500553707));
#1856 = CARTESIAN_POINT('',(237.06479439642,138.90997560254,
    5.69291581876));
#1857 = ORIENTED_EDGE('',*,*,#1858,.T.);
#1858 = EDGE_CURVE('',#1850,#1832,#1859,.T.);
#1859 = LINE('',#1860,#1861);
#1860 = CARTESIAN_POINT('',(269.60760753241,138.88310921793,
    6.000000000092));
#1861 = VECTOR('',#1862,1.);
#1862 = DIRECTION('',(0.598535758378,6.982012476396E-02,-0.798047677849)
  );
#1863 = PLANE('',#1864);
#1864 = AXIS2_PLACEMENT_3D('',#1865,#1866,#1867);
#1865 = CARTESIAN_POINT('',(245.79510753241,138.88310921793,
    6.000000000096));
#1866 = DIRECTION('',(-3.018309484516E-17,-0.996194698092,
    -8.715574274637E-02));
#1867 = DIRECTION('',(0.,8.715574274637E-02,-0.996194698092));
#1868 = ADVANCED_FACE('',(#1869),#1897,.F.);
#1869 = FACE_BOUND('',#1870,.F.);
#1870 = EDGE_LOOP('',(#1871,#1880,#1881,#1890));
#1871 = ORIENTED_EDGE('',*,*,#1872,.T.);
#1872 = EDGE_CURVE('',#1873,#1313,#1875,.T.);
#1873 = VERTEX_POINT('',#1874);
#1874 = CARTESIAN_POINT('',(237.1381494812,124.81994196349,
    7.045379161461));
#1875 = CIRCLE('',#1876,0.25);
#1876 = AXIS2_PLACEMENT_3D('',#1877,#1878,#1879);
#1877 = CARTESIAN_POINT('',(237.1381494812,125.0449461241,6.936415278891
    ));
#1878 = DIRECTION('',(-0.997882940568,2.834615157891E-02,
    5.853317532668E-02));
#1879 = DIRECTION('',(-1.811953365127E-13,-0.900016642472,0.435855530278
    ));
#1880 = ORIENTED_EDGE('',*,*,#1324,.F.);
#1881 = ORIENTED_EDGE('',*,*,#1882,.F.);
#1882 = EDGE_CURVE('',#1883,#1325,#1885,.T.);
#1883 = VERTEX_POINT('',#1884);
#1884 = CARTESIAN_POINT('',(269.76456558363,124.81994196349,
    7.045379161456));
#1885 = CIRCLE('',#1886,0.25);
#1886 = AXIS2_PLACEMENT_3D('',#1887,#1888,#1889);
#1887 = CARTESIAN_POINT('',(269.76456558363,125.0449461241,
    6.936415278887));
#1888 = DIRECTION('',(-0.997882940568,-2.834615157823E-02,
    -5.853317532647E-02));
#1889 = DIRECTION('',(-3.26825372321E-13,-0.900016642472,0.435855530278)
  );
#1890 = ORIENTED_EDGE('',*,*,#1891,.F.);
#1891 = EDGE_CURVE('',#1873,#1883,#1892,.T.);
#1892 = B_SPLINE_CURVE_WITH_KNOTS('',3,(#1893,#1894,#1895,#1896),
  .UNSPECIFIED.,.F.,.F.,(4,4),(-32.64944012307,0.),
  .PIECEWISE_BEZIER_KNOTS.);
#1893 = CARTESIAN_POINT('',(237.1381494812,124.81994196349,
    7.045379161462));
#1894 = CARTESIAN_POINT('',(247.9982559205,124.51144663726,
    6.408354027114));
#1895 = CARTESIAN_POINT('',(258.90445914432,124.51144663726,
    6.408354027112));
#1896 = CARTESIAN_POINT('',(269.76456558362,124.81994196349,
    7.045379161457));
#1897 = B_SPLINE_SURFACE_WITH_KNOTS('',3,3,(
    (#1898,#1899,#1900,#1901)
    ,(#1902,#1903,#1904,#1905)
    ,(#1906,#1907,#1908,#1909)
    ,(#1910,#1911,#1912,#1913)
    ,(#1914,#1915,#1916,#1917
  )),.UNSPECIFIED.,.F.,.F.,.F.,(4,1,4),(4,4),(0.,0.571428571429,1.),(0.,
    32.649440123073),.UNSPECIFIED.);
#1898 = CARTESIAN_POINT('',(269.74933353563,125.06811670679,
    7.184872737643));
#1899 = CARTESIAN_POINT('',(258.89936744775,124.75967885615,
    6.548463912333));
#1900 = CARTESIAN_POINT('',(248.00334761707,124.75967885616,
    6.548463912335));
#1901 = CARTESIAN_POINT('',(237.15338152919,125.0681167068,
    7.184872737648));
#1902 = CARTESIAN_POINT('',(269.75064793526,125.01060344319,
    7.190316876189));
#1903 = CARTESIAN_POINT('',(258.89982009914,124.7021799587,
    6.553799071752));
#1904 = CARTESIAN_POINT('',(248.00289496569,124.7021799587,
    6.553799071756));
#1905 = CARTESIAN_POINT('',(237.15206712956,125.0106034432,
    7.190316876195));
#1906 = CARTESIAN_POINT('',(269.75516625948,124.90697099902,
    7.163474360488));
#1907 = CARTESIAN_POINT('',(258.90131877272,124.59856747306,
    6.526735247769));
#1908 = CARTESIAN_POINT('',(248.00139629211,124.59856747306,
    6.526735247774));
#1909 = CARTESIAN_POINT('',(237.14754880535,124.90697099902,
    7.163474360496));
#1910 = CARTESIAN_POINT('',(269.76174700446,124.83879150766,
    7.084302387786));
#1911 = CARTESIAN_POINT('',(258.90351654875,124.53033527076,
    6.447357487441));
#1912 = CARTESIAN_POINT('',(247.99919851608,124.53033527076,
    6.447357487444));
#1913 = CARTESIAN_POINT('',(237.14096806037,124.83879150766,
    7.084302387792));
#1914 = CARTESIAN_POINT('',(269.76456558362,124.81994196349,
    7.045379161457));
#1915 = CARTESIAN_POINT('',(258.90445914432,124.51144663726,
    6.408354027112));
#1916 = CARTESIAN_POINT('',(247.9982559205,124.51144663726,
    6.408354027114));
#1917 = CARTESIAN_POINT('',(237.1381494812,124.81994196349,
    7.045379161462));
#1918 = ADVANCED_FACE('',(#1919),#1944,.F.);
#1919 = FACE_BOUND('',#1920,.T.);
#1920 = EDGE_LOOP('',(#1921,#1931,#1937,#1938));
#1921 = ORIENTED_EDGE('',*,*,#1922,.T.);
#1922 = EDGE_CURVE('',#1923,#1925,#1927,.T.);
#1923 = VERTEX_POINT('',#1924);
#1924 = CARTESIAN_POINT('',(232.79510753241,121.40804119908,
    6.382450123965E-12));
#1925 = VERTEX_POINT('',#1926);
#1926 = CARTESIAN_POINT('',(274.10760753241,121.40804119908,
    2.284394895469E-12));
#1927 = LINE('',#1928,#1929);
#1928 = CARTESIAN_POINT('',(250.29510753241,121.40804119908,
    6.377121053447E-12));
#1929 = VECTOR('',#1930,1.);
#1930 = DIRECTION('',(1.,0.,-3.045183153258E-16));
#1931 = ORIENTED_EDGE('',*,*,#1932,.F.);
#1932 = EDGE_CURVE('',#1883,#1925,#1933,.T.);
#1933 = LINE('',#1934,#1935);
#1934 = CARTESIAN_POINT('',(269.60760753241,124.94324846184,
    7.300000000095));
#1935 = VECTOR('',#1936,1.);
#1936 = DIRECTION('',(0.485141181983,-0.381127695558,-0.787006806338));
#1937 = ORIENTED_EDGE('',*,*,#1891,.F.);
#1938 = ORIENTED_EDGE('',*,*,#1939,.T.);
#1939 = EDGE_CURVE('',#1873,#1923,#1940,.T.);
#1940 = LINE('',#1941,#1942);
#1941 = CARTESIAN_POINT('',(237.29510753241,124.94324846184,
    7.300000000099));
#1942 = VECTOR('',#1943,1.);
#1943 = DIRECTION('',(-0.485141181983,-0.381127695558,-0.787006806338));
#1944 = PLANE('',#1945);
#1945 = AXIS2_PLACEMENT_3D('',#1946,#1947,#1948);
#1946 = CARTESIAN_POINT('',(237.29510753241,124.94324846184,
    7.300000000099));
#1947 = DIRECTION('',(-1.198498577819E-16,0.900016642472,-0.435855530278
    ));
#1948 = DIRECTION('',(-3.08148791102E-32,0.435855530278,0.900016642472)
  );
#1949 = ADVANCED_FACE('',(#1950),#2087,.T.);
#1950 = FACE_BOUND('',#1951,.T.);
#1951 = EDGE_LOOP('',(#1952,#1965,#1973,#1981,#1989,#2000,#2008,#2016,
    #2024,#2035,#2047,#2053,#2054,#2065,#2073,#2081));
#1952 = ORIENTED_EDGE('',*,*,#1953,.T.);
#1953 = EDGE_CURVE('',#1954,#1956,#1958,.T.);
#1954 = VERTEX_POINT('',#1955);
#1955 = CARTESIAN_POINT('',(241.82635753242,125.52825608455,
    5.640084377837));
#1956 = VERTEX_POINT('',#1957);
#1957 = CARTESIAN_POINT('',(253.12635753241,125.41129203742,
    5.398560336781));
#1958 = B_SPLINE_CURVE_WITH_KNOTS('',3,(#1959,#1960,#1961,#1962,#1963,
    #1964),.UNSPECIFIED.,.F.,.F.,(4,2,4),(0.130529389391,5.766522106155,
    11.434646105172),.UNSPECIFIED.);
#1959 = CARTESIAN_POINT('',(241.82635753242,125.52825608455,
    5.640084377837));
#1960 = CARTESIAN_POINT('',(243.70302087059,125.49044205766,
    5.562000583646));
#1961 = CARTESIAN_POINT('',(245.58072725234,125.46177628833,
    5.502807416021));
#1962 = CARTESIAN_POINT('',(249.3476980906,125.42267071164,
    5.422056645647));
#1963 = CARTESIAN_POINT('',(251.23663144273,125.41233912973,
    5.400722522273));
#1964 = CARTESIAN_POINT('',(253.12635753241,125.41129203742,
    5.398560336782));
#1965 = ORIENTED_EDGE('',*,*,#1966,.F.);
#1966 = EDGE_CURVE('',#1967,#1956,#1969,.T.);
#1967 = VERTEX_POINT('',#1968);
#1968 = CARTESIAN_POINT('',(253.12635753241,123.73835054964,
    1.944032227594));
#1969 = LINE('',#1970,#1971);
#1970 = CARTESIAN_POINT('',(253.12635753241,122.53306200236,
    -0.54481941286));
#1971 = VECTOR('',#1972,1.);
#1972 = DIRECTION('',(0.,0.435855530278,0.900016642472));
#1973 = ORIENTED_EDGE('',*,*,#1974,.F.);
#1974 = EDGE_CURVE('',#1975,#1967,#1977,.T.);
#1975 = VERTEX_POINT('',#1976);
#1976 = CARTESIAN_POINT('',(253.77635753241,123.73835054964,
    1.944032227594));
#1977 = LINE('',#1978,#1979);
#1978 = CARTESIAN_POINT('',(263.90448253241,123.73835054964,
    1.944032227594));
#1979 = VECTOR('',#1980,1.);
#1980 = DIRECTION('',(-1.,-1.433741917767E-16,0.));
#1981 = ORIENTED_EDGE('',*,*,#1982,.F.);
#1982 = EDGE_CURVE('',#1983,#1975,#1985,.T.);
#1983 = VERTEX_POINT('',#1984);
#1984 = CARTESIAN_POINT('',(253.77635753241,125.41129791308,
    5.398572469671));
#1985 = LINE('',#1986,#1987);
#1986 = CARTESIAN_POINT('',(253.77635753241,124.14189035606,
    2.777318755932));
#1987 = VECTOR('',#1988,1.);
#1988 = DIRECTION('',(-8.809073233915E-14,-0.435855530278,
    -0.900016642472));
#1989 = ORIENTED_EDGE('',*,*,#1990,.T.);
#1990 = EDGE_CURVE('',#1983,#1991,#1993,.T.);
#1991 = VERTEX_POINT('',#1992);
#1992 = CARTESIAN_POINT('',(265.07635753241,125.52832093734,
    5.640218295118));
#1993 = B_SPLINE_CURVE_WITH_KNOTS('',3,(#1994,#1995,#1996,#1997,#1998,
    #1999),.UNSPECIFIED.,.F.,.F.,(4,2,4),(0.112727846274,5.773755229067,
    11.41670702215),.UNSPECIFIED.);
#1994 = CARTESIAN_POINT('',(253.77635753241,125.41129791308,
    5.398572469671));
#1995 = CARTESIAN_POINT('',(255.66336798714,125.41237752813,
    5.400801812762));
#1996 = CARTESIAN_POINT('',(257.55042324912,125.42271054195,
    5.422138892966));
#1997 = CARTESIAN_POINT('',(261.31734955454,125.46178571703,
    5.50282688573));
#1998 = CARTESIAN_POINT('',(263.19737601204,125.49047056725,
    5.562059454305));
#1999 = CARTESIAN_POINT('',(265.07635753241,125.52832093734,
    5.640218295118));
#2000 = ORIENTED_EDGE('',*,*,#2001,.F.);
#2001 = EDGE_CURVE('',#2002,#1991,#2004,.T.);
#2002 = VERTEX_POINT('',#2003);
#2003 = CARTESIAN_POINT('',(265.07635753241,123.73835054964,
    1.944032227594));
#2004 = LINE('',#2005,#2006);
#2005 = CARTESIAN_POINT('',(265.07635753241,124.14189035606,
    2.777318755931));
#2006 = VECTOR('',#2007,1.);
#2007 = DIRECTION('',(0.,0.435855530278,0.900016642472));
#2008 = ORIENTED_EDGE('',*,*,#2009,.F.);
#2009 = EDGE_CURVE('',#2010,#2002,#2012,.T.);
#2010 = VERTEX_POINT('',#2011);
#2011 = CARTESIAN_POINT('',(265.72635753241,123.73835054964,
    1.944032227594));
#2012 = LINE('',#2013,#2014);
#2013 = CARTESIAN_POINT('',(263.90448253241,123.73835054964,
    1.944032227594));
#2014 = VECTOR('',#2015,1.);
#2015 = DIRECTION('',(-1.,-1.433741917767E-16,0.));
#2016 = ORIENTED_EDGE('',*,*,#2017,.F.);
#2017 = EDGE_CURVE('',#2018,#2010,#2020,.T.);
#2018 = VERTEX_POINT('',#2019);
#2019 = CARTESIAN_POINT('',(265.72635753241,125.54178109142,
    5.66801274038));
#2020 = LINE('',#2021,#2022);
#2021 = CARTESIAN_POINT('',(265.72635753241,124.14189035606,
    2.777318755931));
#2022 = VECTOR('',#2023,1.);
#2023 = DIRECTION('',(0.,-0.435855530278,-0.900016642472));
#2024 = ORIENTED_EDGE('',*,*,#2025,.T.);
#2025 = EDGE_CURVE('',#2018,#2026,#2028,.T.);
#2026 = VERTEX_POINT('',#2027);
#2027 = CARTESIAN_POINT('',(270.53556273297,125.66417356902,
    5.92074617865));
#2028 = B_SPLINE_CURVE_WITH_KNOTS('',3,(#2029,#2030,#2031,#2032,#2033,
    #2034),.UNSPECIFIED.,.F.,.F.,(4,2,4),(3.803098110326E-02,
    2.546943806978,4.855487203948),.UNSPECIFIED.);
#2029 = CARTESIAN_POINT('',(265.72635753241,125.54178109142,
    5.66801274038));
#2030 = CARTESIAN_POINT('',(266.56166778274,125.55954968128,
    5.704703858144));
#2031 = CARTESIAN_POINT('',(267.39678162762,125.57913034484,
    5.745136804035));
#2032 = CARTESIAN_POINT('',(268.99983260874,125.62020574336,
    5.82995514338));
#2033 = CARTESIAN_POINT('',(269.76781957059,125.64142301763,
    5.873767596398));
#2034 = CARTESIAN_POINT('',(270.53556273298,125.66417356902,
    5.920746178649));
#2035 = ORIENTED_EDGE('',*,*,#2036,.T.);
#2036 = EDGE_CURVE('',#2026,#2037,#2039,.T.);
#2037 = VERTEX_POINT('',#2038);
#2038 = CARTESIAN_POINT('',(273.00386540833,122.79690440581,
    6.370015626089E-12));
#2039 = B_SPLINE_CURVE_WITH_KNOTS('',3,(#2040,#2041,#2042,#2043,#2044,
    #2045,#2046),.UNSPECIFIED.,.F.,.F.,(4,3,4),(0.663017607757,
    3.883566124522,7.670073774446),.UNSPECIFIED.);
#2040 = CARTESIAN_POINT('',(270.53556261425,125.66417357341,
    5.920746233522));
#2041 = CARTESIAN_POINT('',(270.91474877721,125.2250268555,
    5.013933513241));
#2042 = CARTESIAN_POINT('',(271.2954122329,124.78343873764,
    4.102050772151));
#2043 = CARTESIAN_POINT('',(271.67236446224,124.34559656507,
    3.197929685855));
#2044 = CARTESIAN_POINT('',(272.11555992806,123.83081073674,
    2.134923992292));
#2045 = CARTESIAN_POINT('',(272.56162731508,123.31190792319,
    1.06345269105));
#2046 = CARTESIAN_POINT('',(273.00386540833,122.79690440581,
    5.007994019479E-12));
#2047 = ORIENTED_EDGE('',*,*,#2048,.F.);
#2048 = EDGE_CURVE('',#1084,#2037,#2049,.T.);
#2049 = LINE('',#2050,#2051);
#2050 = CARTESIAN_POINT('',(257.95135753241,122.79690440581,
    6.375344696607E-12));
#2051 = VECTOR('',#2052,1.);
#2052 = DIRECTION('',(1.,-5.903585602453E-18,-3.082500385087E-16));
#2053 = ORIENTED_EDGE('',*,*,#1083,.T.);
#2054 = ORIENTED_EDGE('',*,*,#2055,.T.);
#2055 = EDGE_CURVE('',#1072,#2056,#2058,.T.);
#2056 = VERTEX_POINT('',#2057);
#2057 = CARTESIAN_POINT('',(241.17635753241,125.54172002802,
    5.667886647984));
#2058 = B_SPLINE_CURVE_WITH_KNOTS('',3,(#2059,#2060,#2061,#2062,#2063,
    #2064),.UNSPECIFIED.,.F.,.F.,(4,2,4),(0.239761479281,2.545863752037,
    5.057244387534),.UNSPECIFIED.);
#2059 = CARTESIAN_POINT('',(236.36713018934,125.66414792514,
    5.920693225498));
#2060 = CARTESIAN_POINT('',(237.13406065441,125.64141576692,
    5.873752624107));
#2061 = CARTESIAN_POINT('',(237.90123444841,125.620213344,5.829970838242
    ));
#2062 = CARTESIAN_POINT('',(239.50429180256,125.57911891149,
    5.745113194837));
#2063 = CARTESIAN_POINT('',(240.34022621085,125.55951120477,
    5.704624406357));
#2064 = CARTESIAN_POINT('',(241.17635753241,125.54172002802,
    5.667886647984));
#2065 = ORIENTED_EDGE('',*,*,#2066,.F.);
#2066 = EDGE_CURVE('',#2067,#2056,#2069,.T.);
#2067 = VERTEX_POINT('',#2068);
#2068 = CARTESIAN_POINT('',(241.17635753241,123.73835054964,
    1.944032227594));
#2069 = LINE('',#2070,#2071);
#2070 = CARTESIAN_POINT('',(241.17635753241,124.14189035606,
    2.777318755931));
#2071 = VECTOR('',#2072,1.);
#2072 = DIRECTION('',(0.,0.435855530278,0.900016642472));
#2073 = ORIENTED_EDGE('',*,*,#2074,.F.);
#2074 = EDGE_CURVE('',#2075,#2067,#2077,.T.);
#2075 = VERTEX_POINT('',#2076);
#2076 = CARTESIAN_POINT('',(241.82635753242,123.73835054964,
    1.944032227594));
#2077 = LINE('',#2078,#2079);
#2078 = CARTESIAN_POINT('',(263.90448253241,123.73835054964,
    1.944032227594));
#2079 = VECTOR('',#2080,1.);
#2080 = DIRECTION('',(-1.,-1.433741917767E-16,0.));
#2081 = ORIENTED_EDGE('',*,*,#2082,.F.);
#2082 = EDGE_CURVE('',#1954,#2075,#2083,.T.);
#2083 = LINE('',#2084,#2085);
#2084 = CARTESIAN_POINT('',(241.82635753242,124.14189035606,
    2.777318755931));
#2085 = VECTOR('',#2086,1.);
#2086 = DIRECTION('',(0.,-0.435855530278,-0.900016642472));
#2087 = PLANE('',#2088);
#2088 = AXIS2_PLACEMENT_3D('',#2089,#2090,#2091);
#2089 = CARTESIAN_POINT('',(274.35760753241,122.53306200236,
    -0.54481941286));
#2090 = DIRECTION('',(-1.290391586999E-16,0.900016642472,-0.435855530278
    ));
#2091 = DIRECTION('',(5.546678239835E-32,0.435855530278,0.900016642472)
  );
#2092 = ADVANCED_FACE('',(#2093),#2126,.F.);
#2093 = FACE_BOUND('',#2094,.F.);
#2094 = EDGE_LOOP('',(#2095,#2104,#2105,#2114));
#2095 = ORIENTED_EDGE('',*,*,#2096,.T.);
#2096 = EDGE_CURVE('',#2097,#1254,#2099,.T.);
#2097 = VERTEX_POINT('',#2098);
#2098 = CARTESIAN_POINT('',(271.42475162624,126.57316226779,
    6.977756948364));
#2099 = CIRCLE('',#2100,0.25);
#2100 = AXIS2_PLACEMENT_3D('',#2101,#2102,#2103);
#2101 = CARTESIAN_POINT('',(271.19232806381,126.56463966452,
    6.886069147307));
#2102 = DIRECTION('',(-1.168511117427E-04,-0.995680370269,
    9.284711415478E-02));
#2103 = DIRECTION('',(0.929694249705,3.409041308048E-02,0.366751204227)
  );
#2104 = ORIENTED_EDGE('',*,*,#1251,.F.);
#2105 = ORIENTED_EDGE('',*,*,#2106,.F.);
#2106 = EDGE_CURVE('',#2107,#1252,#2109,.T.);
#2107 = VERTEX_POINT('',#2108);
#2108 = CARTESIAN_POINT('',(271.43220734002,137.1908349912,
    6.009255633809));
#2109 = CIRCLE('',#2110,0.25);
#2110 = AXIS2_PLACEMENT_3D('',#2111,#2112,#2113);
#2111 = CARTESIAN_POINT('',(271.20898139932,137.18042084966,
    5.897176532036));
#2112 = DIRECTION('',(-1.644430201048E-04,-0.995680657991,
    9.284395651251E-02));
#2113 = DIRECTION('',(0.892903762802,4.165656616877E-02,0.448316407093)
  );
#2114 = ORIENTED_EDGE('',*,*,#2115,.F.);
#2115 = EDGE_CURVE('',#2097,#2107,#2116,.T.);
#2116 = B_SPLINE_CURVE_WITH_KNOTS('',3,(#2117,#2118,#2119,#2120,#2121,
    #2122,#2123,#2124,#2125),.UNSPECIFIED.,.F.,.F.,(4,1,1,1,1,1,4),(
    3.131998820826E-14,1.523107761377,3.046215522755,6.092431045509,
    7.615538806887,9.138646568264,10.661754329641),.UNSPECIFIED.);
#2117 = CARTESIAN_POINT('',(271.42475162624,126.57316226776,
    6.977756948366));
#2118 = CARTESIAN_POINT('',(271.42453136176,127.07746769647,
    6.931438895225));
#2119 = CARTESIAN_POINT('',(271.42552308646,128.08925929961,
    6.838723098346));
#2120 = CARTESIAN_POINT('',(271.42691467751,130.11111690019,
    6.654013736696));
#2121 = CARTESIAN_POINT('',(271.42868396848,132.13381153089,
    6.469618354037));
#2122 = CARTESIAN_POINT('',(271.43039308356,134.15588620935,
    6.285667316444));
#2123 = CARTESIAN_POINT('',(271.43141451757,135.67328649169,
    6.147633080422));
#2124 = CARTESIAN_POINT('',(271.43248266612,136.68351611478,
    6.055846216489));
#2125 = CARTESIAN_POINT('',(271.43220734002,137.1908349912,
    6.009255633808));
#2126 = B_SPLINE_SURFACE_WITH_KNOTS('',3,3,(
    (#2127,#2128,#2129,#2130,#2131,#2132,#2133,#2134,#2135)
    ,(#2136,#2137,#2138,#2139,#2140,#2141,#2142,#2143,#2144)
    ,(#2145,#2146,#2147,#2148,#2149,#2150,#2151,#2152,#2153)
    ,(#2154,#2155,#2156,#2157,#2158,#2159,#2160,#2161,#2162)
    ,(#2163,#2164,#2165,#2166,#2167,#2168,#2169,#2170,#2171
  )),.UNSPECIFIED.,.F.,.F.,.F.,(4,1,4),(4,1,1,1,1,1,4),(0.,
    0.571428571429,1.),(3.131998820826E-14,1.523107761377,3.046215522755
    ,6.092431045509,7.615538806887,9.138646568264,10.661754329641),
  .UNSPECIFIED.);
#2127 = CARTESIAN_POINT('',(271.42475162624,126.57316226776,
    6.977756948366));
#2128 = CARTESIAN_POINT('',(271.42453136176,127.07746769647,
    6.931438895225));
#2129 = CARTESIAN_POINT('',(271.42552308646,128.08925929961,
    6.838723098346));
#2130 = CARTESIAN_POINT('',(271.42691467751,130.11111690019,
    6.654013736696));
#2131 = CARTESIAN_POINT('',(271.42868396848,132.13381153089,
    6.469618354037));
#2132 = CARTESIAN_POINT('',(271.43039308356,134.15588620935,
    6.285667316444));
#2133 = CARTESIAN_POINT('',(271.43141451757,135.67328649169,
    6.147633080422));
#2134 = CARTESIAN_POINT('',(271.43248266612,136.68351611478,
    6.055846216489));
#2135 = CARTESIAN_POINT('',(271.43220734002,137.1908349912,
    6.009255633808));
#2136 = CARTESIAN_POINT('',(271.40265360392,126.57834355741,
    7.033292613261));
#2137 = CARTESIAN_POINT('',(271.40231413479,127.08272651185,
    6.986763506721));
#2138 = CARTESIAN_POINT('',(271.40306376677,128.09443323426,
    6.893620638771));
#2139 = CARTESIAN_POINT('',(271.40387172216,130.11623698581,
    6.707859463734));
#2140 = CARTESIAN_POINT('',(271.40504959413,132.13880732797,
    6.522312659104));
#2141 = CARTESIAN_POINT('',(271.40613821183,134.16080011834,
    6.337071744215));
#2142 = CARTESIAN_POINT('',(271.40670539235,135.67805921615,
    6.198059577319));
#2143 = CARTESIAN_POINT('',(271.40748765895,136.68832263173,
    6.105584809861));
#2144 = CARTESIAN_POINT('',(271.40711943081,137.19545834851,
    6.058793181387));
#2145 = CARTESIAN_POINT('',(271.32741460091,126.58602107383,
    7.115530609606));
#2146 = CARTESIAN_POINT('',(271.32710383162,127.09074160925,
    7.068585354469));
#2147 = CARTESIAN_POINT('',(271.32790115376,128.10218864082,
    6.974625082389));
#2148 = CARTESIAN_POINT('',(271.32887556625,130.12396698363,
    6.786883635539));
#2149 = CARTESIAN_POINT('',(271.3302524063,132.14625828558,6.59918389636
    ));
#2150 = CARTESIAN_POINT('',(271.33162856446,134.16814969669,
    6.41158879274));
#2151 = CARTESIAN_POINT('',(271.33244483695,135.68507857467,
    6.270831013446));
#2152 = CARTESIAN_POINT('',(271.33340607084,136.69553401185,
    6.177108727493));
#2153 = CARTESIAN_POINT('',(271.3331014789,137.20210911193,
    6.129986450447));
#2154 = CARTESIAN_POINT('',(271.22066010712,126.58807395675,
    7.137411104879));
#2155 = CARTESIAN_POINT('',(271.22061174131,127.09334294962,
    7.090286834952));
#2156 = CARTESIAN_POINT('',(271.22197830536,128.10448752833,
    6.996082945932));
#2157 = CARTESIAN_POINT('',(271.22431187589,130.12643712223,
    6.807674650343));
#2158 = CARTESIAN_POINT('',(271.22718982389,132.1485412678,
    6.619292935982));
#2159 = CARTESIAN_POINT('',(271.23022092679,134.17052407554,
    6.430929571218));
#2160 = CARTESIAN_POINT('',(271.23229358819,135.68716319208,
    6.289628137784));
#2161 = CARTESIAN_POINT('',(271.23412862892,136.69800884631,
    6.195483407222));
#2162 = CARTESIAN_POINT('',(271.23409884467,137.20383395165,
    6.148308690308));
#2163 = CARTESIAN_POINT('',(271.17576287848,126.58780235894,
    7.134442020672));
#2164 = CARTESIAN_POINT('',(271.1758221487,127.09331185854,
    7.087303296945));
#2165 = CARTESIAN_POINT('',(271.17742433598,128.10433903248,
    6.993124043294));
#2166 = CARTESIAN_POINT('',(271.18031708836,130.12639126329,
    6.804744974169));
#2167 = CARTESIAN_POINT('',(271.18381576165,132.1484465386,
    6.616406078349));
#2168 = CARTESIAN_POINT('',(271.1875296657,134.17050276738,
    6.428081516074));
#2169 = CARTESIAN_POINT('',(271.19012016669,135.68704376267,
    6.286825216308));
#2170 = CARTESIAN_POINT('',(271.19231725416,136.69807380265,
    6.192685498853));
#2171 = CARTESIAN_POINT('',(271.19240066436,137.20358344818,
    6.145548376774));
#2172 = ADVANCED_FACE('',(#2173),#2198,.F.);
#2173 = FACE_BOUND('',#2174,.F.);
#2174 = EDGE_LOOP('',(#2175,#2183,#2184,#2192));
#2175 = ORIENTED_EDGE('',*,*,#2176,.F.);
#2176 = EDGE_CURVE('',#2097,#2177,#2179,.T.);
#2177 = VERTEX_POINT('',#2178);
#2178 = CARTESIAN_POINT('',(274.35760753241,121.65804119908,
    2.284394895469E-12));
#2179 = LINE('',#2180,#2181);
#2180 = CARTESIAN_POINT('',(271.35760753241,126.68568786084,
    7.13750402841));
#2181 = VECTOR('',#2182,1.);
#2182 = DIRECTION('',(0.324973124185,-0.544616680989,-0.773165660998));
#2183 = ORIENTED_EDGE('',*,*,#2115,.T.);
#2184 = ORIENTED_EDGE('',*,*,#2185,.T.);
#2185 = EDGE_CURVE('',#2107,#2186,#2188,.T.);
#2186 = VERTEX_POINT('',#2187);
#2187 = CARTESIAN_POINT('',(274.35760753241,139.15804119908,
    2.284394895469E-12));
#2188 = LINE('',#2189,#2190);
#2189 = CARTESIAN_POINT('',(271.35760753241,137.14066981893,
    6.162495971776));
#2190 = VECTOR('',#2191,1.);
#2191 = DIRECTION('',(0.419894111816,0.282360787958,-0.862531924213));
#2192 = ORIENTED_EDGE('',*,*,#2193,.F.);
#2193 = EDGE_CURVE('',#2177,#2186,#2194,.T.);
#2194 = LINE('',#2195,#2196);
#2195 = CARTESIAN_POINT('',(274.35760753241,139.15804119908,
    2.284394895469E-12));
#2196 = VECTOR('',#2197,1.);
#2197 = DIRECTION('',(-1.54074395551E-33,1.,0.));
#2198 = B_SPLINE_SURFACE_WITH_KNOTS('',3,3,(
    (#2199,#2200,#2201,#2202)
    ,(#2203,#2204,#2205,#2206)
    ,(#2207,#2208,#2209,#2210)
    ,(#2211,#2212,#2213,#2214
    )),.UNSPECIFIED.,.F.,.F.,.F.,(4,4),(4,4),(0.,1.),(2.23492446225E-02,
    1.),.PIECEWISE_BEZIER_KNOTS.);
#2199 = CARTESIAN_POINT('',(271.42465526628,126.57332375572,
    6.977986204885));
#2200 = CARTESIAN_POINT('',(272.40230602166,124.93489623684,
    4.651990803258));
#2201 = CARTESIAN_POINT('',(273.37995677704,123.29646871797,
    2.32599540163));
#2202 = CARTESIAN_POINT('',(274.35760753241,121.65804119908,
    2.284394895469E-12));
#2203 = CARTESIAN_POINT('',(271.42465526628,127.46819831035,
    6.894805046964));
#2204 = CARTESIAN_POINT('',(272.40230602166,125.57511250456,
    4.596536697977));
#2205 = CARTESIAN_POINT('',(273.37995677704,123.68202669877,
    2.29826834899));
#2206 = CARTESIAN_POINT('',(274.35760753241,121.78894089298,
    2.284394895469E-12));
#2207 = CARTESIAN_POINT('',(271.42465526628,136.29088199078,
    6.107949999739));
#2208 = CARTESIAN_POINT('',(272.40230602166,137.20296849558,
    4.071966666493));
#2209 = CARTESIAN_POINT('',(273.37995677704,138.11505500038,
    2.035983333248));
#2210 = CARTESIAN_POINT('',(274.35760753241,139.02714150519,
    2.284394895469E-12));
#2211 = CARTESIAN_POINT('',(271.42465526628,137.1857565454,
    6.024768841818));
#2212 = CARTESIAN_POINT('',(272.40230602166,137.8431847633,
    4.016512561213));
#2213 = CARTESIAN_POINT('',(273.37995677704,138.50061298118,
    2.008256280607));
#2214 = CARTESIAN_POINT('',(274.35760753241,139.15804119908,
    2.284394895469E-12));
#2215 = ADVANCED_FACE('',(#2216),#2288,.T.);
#2216 = FACE_BOUND('',#2217,.T.);
#2217 = EDGE_LOOP('',(#2218,#2230,#2242,#2251,#2263,#2270,#2271,#2287));
#2218 = ORIENTED_EDGE('',*,*,#2219,.T.);
#2219 = EDGE_CURVE('',#2026,#2220,#2222,.T.);
#2220 = VERTEX_POINT('',#2221);
#2221 = CARTESIAN_POINT('',(270.55946246361,130.08304119908,
    5.510182098971));
#2222 = B_SPLINE_CURVE_WITH_KNOTS('',3,(#2223,#2224,#2225,#2226,#2227,
    #2228,#2229),.UNSPECIFIED.,.F.,.F.,(4,3,4),(-4.511030956802,
    -0.417127965058,-7.590952669775E-02),.UNSPECIFIED.);
#2223 = CARTESIAN_POINT('',(270.53556261425,125.66417357341,
    5.920746233522));
#2224 = CARTESIAN_POINT('',(270.54254720966,127.02317442656,
    5.794456042619));
#2225 = CARTESIAN_POINT('',(270.54985006758,128.38407478933,
    5.668015753745));
#2226 = CARTESIAN_POINT('',(270.55751475657,129.74323173825,
    5.541758431761));
#2227 = CARTESIAN_POINT('',(270.55815359272,129.85651468915,
    5.531235142293));
#2228 = CARTESIAN_POINT('',(270.55879493753,129.96978549934,
    5.520713120647));
#2229 = CARTESIAN_POINT('',(270.55943881335,130.08304204347,
    5.510192558036));
#2230 = ORIENTED_EDGE('',*,*,#2231,.F.);
#2231 = EDGE_CURVE('',#2232,#2220,#2234,.T.);
#2232 = VERTEX_POINT('',#2233);
#2233 = CARTESIAN_POINT('',(272.12054338233,130.08304119908,
    1.944032227594));
#2234 = B_SPLINE_CURVE_WITH_KNOTS('',3,(#2235,#2236,#2237,#2238,#2239,
    #2240,#2241),.UNSPECIFIED.,.F.,.F.,(4,3,4),(-0.3824918624,
    5.466452448411E-02,3.497442495996),.UNSPECIFIED.);
#2235 = CARTESIAN_POINT('',(272.12054338233,130.08304119908,
    1.944032227593));
#2236 = CARTESIAN_POINT('',(272.06142368181,130.08304119908,
    2.077384989403));
#2237 = CARTESIAN_POINT('',(272.00238372473,130.08304119908,
    2.210726790278));
#2238 = CARTESIAN_POINT('',(271.94343737663,130.08304119908,
    2.344032227594));
#2239 = CARTESIAN_POINT('',(271.4792117703,130.08304119908,
    3.393864820334));
#2240 = CARTESIAN_POINT('',(271.0152588446,130.08304119908,
    4.453952981228));
#2241 = CARTESIAN_POINT('',(270.55946246361,130.08304119908,
    5.51018209897));
#2242 = ORIENTED_EDGE('',*,*,#2243,.T.);
#2243 = EDGE_CURVE('',#2232,#2244,#2246,.T.);
#2244 = VERTEX_POINT('',#2245);
#2245 = CARTESIAN_POINT('',(272.11219580384,130.73304119908,
    1.944032227594));
#2246 = B_SPLINE_CURVE_WITH_KNOTS('',3,(#2247,#2248,#2249,#2250),
  .UNSPECIFIED.,.F.,.F.,(4,4),(-15.56401316052,-14.91877311341),
  .PIECEWISE_BEZIER_KNOTS.);
#2247 = CARTESIAN_POINT('',(272.12052473332,130.0830547801,
    1.944035037061));
#2248 = CARTESIAN_POINT('',(272.117765237,130.29983294129,1.944035309884
    ));
#2249 = CARTESIAN_POINT('',(272.11498257752,130.51650980716,
    1.944035310871));
#2250 = CARTESIAN_POINT('',(272.11217637039,130.73305532772,
    1.944035351183));
#2251 = ORIENTED_EDGE('',*,*,#2252,.F.);
#2252 = EDGE_CURVE('',#2253,#2244,#2255,.T.);
#2253 = VERTEX_POINT('',#2254);
#2254 = CARTESIAN_POINT('',(270.56318906452,130.73304119909,
    5.449803255849));
#2255 = B_SPLINE_CURVE_WITH_KNOTS('',3,(#2256,#2257,#2258,#2259,#2260,
    #2261,#2262),.UNSPECIFIED.,.F.,.F.,(4,3,4),(0.43428501198,
    3.819050854746,4.257205321006),.UNSPECIFIED.);
#2256 = CARTESIAN_POINT('',(270.56318906452,130.73304119909,
    5.44980325585));
#2257 = CARTESIAN_POINT('',(271.01503312185,130.73304119909,
    4.413803380255));
#2258 = CARTESIAN_POINT('',(271.47446632475,130.73304119908,
    3.373778739737));
#2259 = CARTESIAN_POINT('',(271.93362411177,130.73304119908,
    2.344032227594));
#2260 = CARTESIAN_POINT('',(271.99306161629,130.73304119908,
    2.21073259791));
#2261 = CARTESIAN_POINT('',(272.05259034711,130.73304119908,
    2.077390294068));
#2262 = CARTESIAN_POINT('',(272.11219580384,130.73304119908,
    1.944032227594));
#2263 = ORIENTED_EDGE('',*,*,#2264,.T.);
#2264 = EDGE_CURVE('',#2253,#1720,#2265,.T.);
#2265 = B_SPLINE_CURVE_WITH_KNOTS('',3,(#2266,#2267,#2268,#2269),
  .UNSPECIFIED.,.F.,.F.,(4,4),(-7.178309052161,-0.158204921851),
  .PIECEWISE_BEZIER_KNOTS.);
#2266 = CARTESIAN_POINT('',(270.56318906453,130.73304119909,
    5.449803255847));
#2267 = CARTESIAN_POINT('',(270.57664824368,133.06275506845,
    5.233401557105));
#2268 = CARTESIAN_POINT('',(270.59127659049,135.40292346952,
    5.016100790772));
#2269 = CARTESIAN_POINT('',(270.60724208146,137.73333858732,
    4.799796889134));
#2270 = ORIENTED_EDGE('',*,*,#1719,.T.);
#2271 = ORIENTED_EDGE('',*,*,#2272,.T.);
#2272 = EDGE_CURVE('',#1712,#2037,#2273,.T.);
#2273 = B_SPLINE_CURVE_WITH_KNOTS('',3,(#2274,#2275,#2276,#2277,#2278,
    #2279,#2280,#2281,#2282,#2283,#2284,#2285,#2286),.UNSPECIFIED.,.F.,
  .F.,(4,3,3,3,4),(0.243977266982,6.007188823974,7.862797315857,
    14.28617932754,15.558250296287),.UNSPECIFIED.);
#2274 = CARTESIAN_POINT('',(272.96412055542,138.153266683,
    -2.285704402631E-08));
#2275 = CARTESIAN_POINT('',(272.97046019613,136.23100565457,
    -7.429357497141E-08));
#2276 = CARTESIAN_POINT('',(272.9761969805,134.29502556215,
    4.447662581522E-06));
#2277 = CARTESIAN_POINT('',(272.98142522454,132.36747405734,
    5.11873303681E-06));
#2278 = CARTESIAN_POINT('',(272.983108587,131.74685117972,
    5.334800766265E-06));
#2279 = CARTESIAN_POINT('',(272.98473900409,131.12710186475,
    5.376817707554E-06));
#2280 = CARTESIAN_POINT('',(272.98631906558,130.50896427942,
    5.376357325879E-06));
#2281 = CARTESIAN_POINT('',(272.99178861295,128.36921666363,
    5.374763666594E-06));
#2282 = CARTESIAN_POINT('',(272.99674442696,126.21448812399,
    2.54557894136E-06));
#2283 = CARTESIAN_POINT('',(273.00124501765,124.06975101781,
    6.315068402096E-07));
#2284 = CARTESIAN_POINT('',(273.0021363037,123.64501249168,
    2.524486513096E-07));
#2285 = CARTESIAN_POINT('',(273.00300965183,123.2206657125,
    6.373142247956E-12));
#2286 = CARTESIAN_POINT('',(273.00386540833,122.7969044058,
    6.373179761709E-12));
#2287 = ORIENTED_EDGE('',*,*,#2036,.F.);
#2288 = B_SPLINE_SURFACE_WITH_KNOTS('',3,3,(
    (#2289,#2290,#2291,#2292)
    ,(#2293,#2294,#2295,#2296)
    ,(#2297,#2298,#2299,#2300)
    ,(#2301,#2302,#2303,#2304
    )),.UNSPECIFIED.,.F.,.F.,.F.,(4,4),(4,4),(6.825483312558E-02,
    0.934773291591),(6.638806340723E-02,0.887660434639),
  .PIECEWISE_BEZIER_KNOTS.);
#2289 = CARTESIAN_POINT('',(273.03720635918,138.16031309667,
    -0.148338967225));
#2290 = CARTESIAN_POINT('',(272.2161374633,138.08121258369,
    1.518138553736));
#2291 = CARTESIAN_POINT('',(271.39521612922,138.00008490678,
    3.184606275978));
#2292 = CARTESIAN_POINT('',(270.57476693114,137.91511121853,
    4.851150095556));
#2293 = CARTESIAN_POINT('',(273.02348632274,133.03919303414,
    -9.557112925814E-02));
#2294 = CARTESIAN_POINT('',(272.20153160909,133.28171150626,
    1.675474660557));
#2295 = CARTESIAN_POINT('',(271.37953766682,133.52239562232,
    3.446833035395));
#2296 = CARTESIAN_POINT('',(270.55766666652,133.75974041014,
    5.218831119684));
#2297 = CARTESIAN_POINT('',(273.01280335213,127.91805511665,
    -4.647142557591E-02));
#2298 = CARTESIAN_POINT('',(272.19033932442,128.48211571873,
    1.828682956223));
#2299 = CARTESIAN_POINT('',(271.36776590106,129.04449976387,
    3.704347861397));
#2300 = CARTESIAN_POINT('',(270.54518307121,129.60392467729,
    5.580961579452));
#2301 = CARTESIAN_POINT('',(273.00386540833,122.7969044058,
    5.046629780736E-12));
#2302 = CARTESIAN_POINT('',(272.18104733555,123.68245237197,
    1.978989391026));
#2303 = CARTESIAN_POINT('',(271.35809203848,124.56645747046,
    3.95862104891));
#2304 = CARTESIAN_POINT('',(270.53503205029,125.44781377979,
    5.939409772663));
#2305 = ADVANCED_FACE('',(#2306),#2329,.F.);
#2306 = FACE_BOUND('',#2307,.F.);
#2307 = EDGE_LOOP('',(#2308,#2317,#2318,#2319,#2328));
#2308 = ORIENTED_EDGE('',*,*,#2309,.T.);
#2309 = EDGE_CURVE('',#483,#2018,#2310,.T.);
#2310 = B_SPLINE_CURVE_WITH_KNOTS('',3,(#2311,#2312,#2313,#2314,#2315,
    #2316),.UNSPECIFIED.,.F.,.F.,(4,2,4),(2.416829670094,2.418457024555,
    4.612206113146),.UNSPECIFIED.);
#2311 = CARTESIAN_POINT('',(265.72635753241,127.72767275428,
    5.46416140991));
#2312 = CARTESIAN_POINT('',(265.72635753241,127.72713264637,
    5.464211779157));
#2313 = CARTESIAN_POINT('',(265.72635753241,127.72659253846,
    5.464262148403));
#2314 = CARTESIAN_POINT('',(265.72635753241,126.99796198417,
    5.532212591893));
#2315 = CARTESIAN_POINT('',(265.72635753241,126.26987153779,
    5.600112666137));
#2316 = CARTESIAN_POINT('',(265.72635753241,125.54178109142,
    5.66801274038));
#2317 = ORIENTED_EDGE('',*,*,#2025,.T.);
#2318 = ORIENTED_EDGE('',*,*,#2219,.T.);
#2319 = ORIENTED_EDGE('',*,*,#2320,.T.);
#2320 = EDGE_CURVE('',#2220,#481,#2321,.T.);
#2321 = B_SPLINE_CURVE_WITH_KNOTS('',3,(#2322,#2323,#2324,#2325,#2326,
    #2327),.UNSPECIFIED.,.F.,.F.,(4,2,4),(0.21575800703,2.546710863425,
    2.697859747115),.UNSPECIFIED.);
#2322 = CARTESIAN_POINT('',(270.55946246361,130.08304119908,
    5.510182098969));
#2323 = CARTESIAN_POINT('',(269.78406540502,130.08304119908,
    5.460522667027));
#2324 = CARTESIAN_POINT('',(269.00844549217,130.08304119908,
    5.414240378942));
#2325 = CARTESIAN_POINT('',(268.18234059944,130.08304119908,5.3685535588
    ));
#2326 = CARTESIAN_POINT('',(268.13203369154,130.08304119908,
    5.365785634345));
#2327 = CARTESIAN_POINT('',(268.08172597723,130.08304119908,
    5.363031908477));
#2328 = ORIENTED_EDGE('',*,*,#480,.T.);
#2329 = B_SPLINE_SURFACE_WITH_KNOTS('',3,3,(
    (#2330,#2331,#2332,#2333)
    ,(#2334,#2335,#2336,#2337)
    ,(#2338,#2339,#2340,#2341)
    ,(#2342,#2343,#2344,#2345
    )),.UNSPECIFIED.,.F.,.F.,.F.,(4,4),(4,4),(6.244131881507E-02,
    7.945084138936E-02),(0.123655867532,0.141669862787),
  .PIECEWISE_BEZIER_KNOTS.);
#2330 = CARTESIAN_POINT('',(265.72635753241,130.07208295591,
    5.245526997744));
#2331 = CARTESIAN_POINT('',(267.33849912774,130.07892560507,
    5.318900518194));
#2332 = CARTESIAN_POINT('',(268.9496641683,130.08711401192,
    5.406704557571));
#2333 = CARTESIAN_POINT('',(270.55946246364,130.09664577514,
    5.508913366868));
#2334 = CARTESIAN_POINT('',(265.72635753241,128.56198233441,
    5.386355578622));
#2335 = CARTESIAN_POINT('',(267.33849912774,128.56882498358,
    5.459729099073));
#2336 = CARTESIAN_POINT('',(268.9496641683,128.57701339042,5.54753313845
    ));
#2337 = CARTESIAN_POINT('',(270.55946246364,128.58654515364,
    5.649741947747));
#2338 = CARTESIAN_POINT('',(265.72635753241,127.05188171292,
    5.527184159501));
#2339 = CARTESIAN_POINT('',(267.33849912774,127.05872436208,
    5.600557679952));
#2340 = CARTESIAN_POINT('',(268.9496641683,127.06691276892,
    5.688361719329));
#2341 = CARTESIAN_POINT('',(270.55946246364,127.07644453214,
    5.790570528625));
#2342 = CARTESIAN_POINT('',(265.72635753241,125.54178109142,
    5.66801274038));
#2343 = CARTESIAN_POINT('',(267.33849912774,125.54862374058,
    5.741386260831));
#2344 = CARTESIAN_POINT('',(268.9496641683,125.55681214742,
    5.829190300208));
#2345 = CARTESIAN_POINT('',(270.55946246364,125.56634391065,
    5.931399109504));
#2346 = ADVANCED_FACE('',(#2347,#2350),#2388,.T.);
#2347 = FACE_BOUND('',#2348,.T.);
#2348 = EDGE_LOOP('',(#2349));
#2349 = ORIENTED_EDGE('',*,*,#522,.T.);
#2350 = FACE_BOUND('',#2351,.T.);
#2351 = EDGE_LOOP('',(#2352,#2353,#2354,#2355,#2356,#2357,#2358,#2366,
    #2374,#2380,#2381,#2387));
#2352 = ORIENTED_EDGE('',*,*,#441,.T.);
#2353 = ORIENTED_EDGE('',*,*,#465,.T.);
#2354 = ORIENTED_EDGE('',*,*,#767,.T.);
#2355 = ORIENTED_EDGE('',*,*,#784,.T.);
#2356 = ORIENTED_EDGE('',*,*,#712,.T.);
#2357 = ORIENTED_EDGE('',*,*,#743,.T.);
#2358 = ORIENTED_EDGE('',*,*,#2359,.T.);
#2359 = EDGE_CURVE('',#736,#2360,#2362,.T.);
#2360 = VERTEX_POINT('',#2361);
#2361 = CARTESIAN_POINT('',(263.40135753241,129.9080411991,
    0.200000000004));
#2362 = LINE('',#2363,#2364);
#2363 = CARTESIAN_POINT('',(263.40135753241,125.6620274446,
    0.200000000004));
#2364 = VECTOR('',#2365,1.);
#2365 = DIRECTION('',(0.,-1.,3.061616997868E-16));
#2366 = ORIENTED_EDGE('',*,*,#2367,.T.);
#2367 = EDGE_CURVE('',#2360,#2368,#2370,.T.);
#2368 = VERTEX_POINT('',#2369);
#2369 = CARTESIAN_POINT('',(264.90135753241,129.9080411991,
    0.200000000004));
#2370 = LINE('',#2371,#2372);
#2371 = CARTESIAN_POINT('',(260.65135753241,129.9080411991,
    0.200000000004));
#2372 = VECTOR('',#2373,1.);
#2373 = DIRECTION('',(1.,0.,0.));
#2374 = ORIENTED_EDGE('',*,*,#2375,.T.);
#2375 = EDGE_CURVE('',#2368,#256,#2376,.T.);
#2376 = LINE('',#2377,#2378);
#2377 = CARTESIAN_POINT('',(264.90135753241,126.1620274446,
    0.200000000004));
#2378 = VECTOR('',#2379,1.);
#2379 = DIRECTION('',(0.,-1.,3.061616997868E-16));
#2380 = ORIENTED_EDGE('',*,*,#255,.T.);
#2381 = ORIENTED_EDGE('',*,*,#2382,.T.);
#2382 = EDGE_CURVE('',#248,#411,#2383,.T.);
#2383 = LINE('',#2384,#2385);
#2384 = CARTESIAN_POINT('',(265.90135753241,125.6620274446,
    0.200000000004));
#2385 = VECTOR('',#2386,1.);
#2386 = DIRECTION('',(0.,1.,-3.061616997868E-16));
#2387 = ORIENTED_EDGE('',*,*,#410,.T.);
#2388 = PLANE('',#2389);
#2389 = AXIS2_PLACEMENT_3D('',#2390,#2391,#2392);
#2390 = CARTESIAN_POINT('',(256.40135753241,121.4160136901,
    0.200000000004));
#2391 = DIRECTION('',(0.,-3.061616997868E-16,-1.));
#2392 = DIRECTION('',(0.,1.,-3.061616997868E-16));
#2393 = ADVANCED_FACE('',(#2394),#2448,.F.);
#2394 = FACE_BOUND('',#2395,.F.);
#2395 = EDGE_LOOP('',(#2396,#2405,#2406,#2421,#2438,#2447));
#2396 = ORIENTED_EDGE('',*,*,#2397,.T.);
#2397 = EDGE_CURVE('',#1991,#540,#2398,.T.);
#2398 = B_SPLINE_CURVE_WITH_KNOTS('',3,(#2399,#2400,#2401,#2402,#2403,
    #2404),.UNSPECIFIED.,.F.,.F.,(4,2,4),(0.318552242716,2.486200925174,
    2.52744724466),.UNSPECIFIED.);
#2399 = CARTESIAN_POINT('',(265.07635753241,125.52832093734,
    5.640218295118));
#2400 = CARTESIAN_POINT('',(265.07635753241,126.24774883591,
    5.573126070561));
#2401 = CARTESIAN_POINT('',(265.07635753241,126.96717673449,
    5.506033846005));
#2402 = CARTESIAN_POINT('',(265.07635753241,127.70029400679,
    5.437664981303));
#2403 = CARTESIAN_POINT('',(265.07635753241,127.71398338054,
    5.436388341157));
#2404 = CARTESIAN_POINT('',(265.07635753241,127.72767275428,
    5.435111701012));
#2405 = ORIENTED_EDGE('',*,*,#547,.T.);
#2406 = ORIENTED_EDGE('',*,*,#2407,.T.);
#2407 = EDGE_CURVE('',#548,#2408,#2410,.T.);
#2408 = VERTEX_POINT('',#2409);
#2409 = CARTESIAN_POINT('',(256.13172597723,130.08304119909,
    4.976173527477));
#2410 = B_SPLINE_CURVE_WITH_KNOTS('',3,(#2411,#2412,#2413,#2414,#2415,
    #2416,#2417,#2418,#2419,#2420),.UNSPECIFIED.,.F.,.F.,(4,3,3,4),(
    2.487643486131,4.582420775291,5.90416370304,9.078586471317),
  .UNSPECIFIED.);
#2411 = CARTESIAN_POINT('',(262.72098908681,130.08304119715,
    5.123436149217));
#2412 = CARTESIAN_POINT('',(262.02312968919,130.08304119628,
    5.099246662513));
#2413 = CARTESIAN_POINT('',(261.32517373628,130.08304119546,
    5.077785576358));
#2414 = CARTESIAN_POINT('',(260.62715295527,130.08304119503,
    5.059054052265));
#2415 = CARTESIAN_POINT('',(260.18672234937,130.08304119476,
    5.047235010869));
#2416 = CARTESIAN_POINT('',(259.74626785873,130.08304119464,
    5.036502714947));
#2417 = CARTESIAN_POINT('',(259.30579133473,130.08304119467,
    5.026857323128));
#2418 = CARTESIAN_POINT('',(258.24790127355,130.08304119474,
    5.003692038294));
#2419 = CARTESIAN_POINT('',(257.18984273915,130.08304119588,
    4.986795317983));
#2420 = CARTESIAN_POINT('',(256.13172597619,130.08304119716,
    4.976173506855));
#2421 = ORIENTED_EDGE('',*,*,#2422,.T.);
#2422 = EDGE_CURVE('',#2408,#2423,#2425,.T.);
#2423 = VERTEX_POINT('',#2424);
#2424 = CARTESIAN_POINT('',(253.77635753241,127.72767275428,
    5.182552572039));
#2425 = B_SPLINE_CURVE_WITH_KNOTS('',3,(#2426,#2427,#2428,#2429,#2430,
    #2431,#2432,#2433,#2434,#2435,#2436,#2437),.UNSPECIFIED.,.F.,.F.,(4,
    2,2,2,2,4),(5.752222550059E-02,1.078300569975,2.105878418269,
    3.009307011656,3.423227973575,3.663290797356),.UNSPECIFIED.);
#2426 = CARTESIAN_POINT('',(256.13172597723,130.08304119909,
    4.976173527477));
#2427 = CARTESIAN_POINT('',(256.09097854554,129.74698541415,
    5.007104292664));
#2428 = CARTESIAN_POINT('',(255.98734604546,129.4212117672,
    5.036435138233));
#2429 = CARTESIAN_POINT('',(255.66334394648,128.82256831652,
    5.089381101338));
#2430 = CARTESIAN_POINT('',(255.44517969649,128.55557765033,
    5.112481499325));
#2431 = CARTESIAN_POINT('',(254.95207243439,128.14347696497,
    5.147711751402));
#2432 = CARTESIAN_POINT('',(254.69065742586,127.99045613693,
    5.160589571022));
#2433 = CARTESIAN_POINT('',(254.28034411527,127.8347561629,
    5.173632281843));
#2434 = CARTESIAN_POINT('',(254.1478430103,127.79577520635,
    5.176884144642));
#2435 = CARTESIAN_POINT('',(253.93467779671,127.75044808834,
    5.180659497695));
#2436 = CARTESIAN_POINT('',(253.85574349952,127.73729846053,
    5.181752923847));
#2437 = CARTESIAN_POINT('',(253.77635753241,127.72767275427,
    5.18255257204));
#2438 = ORIENTED_EDGE('',*,*,#2439,.T.);
#2439 = EDGE_CURVE('',#2423,#1983,#2440,.T.);
#2440 = B_SPLINE_CURVE_WITH_KNOTS('',3,(#2441,#2442,#2443,#2444,#2445,
    #2446),.UNSPECIFIED.,.F.,.F.,(4,2,4),(2.421503267933,2.486200925174,
    4.747929067552),.UNSPECIFIED.);
#2441 = CARTESIAN_POINT('',(253.77635753241,127.72767275428,
    5.182552572039));
#2442 = CARTESIAN_POINT('',(253.77635753241,127.70620004057,
    5.18455506893));
#2443 = CARTESIAN_POINT('',(253.77635753241,127.68472732685,
    5.186557565822));
#2444 = CARTESIAN_POINT('',(253.77635753241,126.91260237978,
    5.258564198366));
#2445 = CARTESIAN_POINT('',(253.77635753241,126.16195014643,
    5.328568334018));
#2446 = CARTESIAN_POINT('',(253.77635753241,125.41129791308,
    5.398572469671));
#2447 = ORIENTED_EDGE('',*,*,#1990,.T.);
#2448 = B_SPLINE_SURFACE_WITH_KNOTS('',3,3,(
    (#2449,#2450,#2451,#2452)
    ,(#2453,#2454,#2455,#2456)
    ,(#2457,#2458,#2459,#2460)
    ,(#2461,#2462,#2463,#2464
    )),.UNSPECIFIED.,.F.,.F.,.F.,(4,4),(4,4),(6.230702958704E-02,
    7.984300080036E-02),(7.919091362423E-02,0.121235037808),
  .PIECEWISE_BEZIER_KNOTS.);
#2449 = CARTESIAN_POINT('',(253.77635753239,130.08181366309,
    4.96301069605));
#2450 = CARTESIAN_POINT('',(257.54475097759,130.08224385952,
    4.967623679386));
#2451 = CARTESIAN_POINT('',(261.31307128978,130.09003744909,
    5.051194105124));
#2452 = CARTESIAN_POINT('',(265.07635753241,130.105163683,5.213392254785
    ));
#2453 = CARTESIAN_POINT('',(253.77635753239,128.52497507975,
    5.108197953923));
#2454 = CARTESIAN_POINT('',(257.54475097759,128.52540527618,
    5.11281093726));
#2455 = CARTESIAN_POINT('',(261.31307128978,128.53319886575,
    5.196381362998));
#2456 = CARTESIAN_POINT('',(265.07635753241,128.54832509966,
    5.358579512659));
#2457 = CARTESIAN_POINT('',(253.77635753239,126.96813649642,
    5.253385211797));
#2458 = CARTESIAN_POINT('',(257.54475097759,126.96856669284,
    5.257998195134));
#2459 = CARTESIAN_POINT('',(261.31307128978,126.97636028242,
    5.341568620872));
#2460 = CARTESIAN_POINT('',(265.07635753241,126.99148651633,
    5.503766770533));
#2461 = CARTESIAN_POINT('',(253.77635753239,125.41129791308,
    5.398572469671));
#2462 = CARTESIAN_POINT('',(257.54475097759,125.41172810951,
    5.403185453008));
#2463 = CARTESIAN_POINT('',(261.31307128978,125.41952169908,
    5.486755878746));
#2464 = CARTESIAN_POINT('',(265.07635753241,125.43464793299,
    5.648954028407));
#2465 = ADVANCED_FACE('',(#2466),#2489,.F.);
#2466 = FACE_BOUND('',#2467,.F.);
#2467 = EDGE_LOOP('',(#2468,#2469,#2478,#2479,#2488));
#2468 = ORIENTED_EDGE('',*,*,#2055,.T.);
#2469 = ORIENTED_EDGE('',*,*,#2470,.T.);
#2470 = EDGE_CURVE('',#2056,#959,#2471,.T.);
#2471 = B_SPLINE_CURVE_WITH_KNOTS('',3,(#2472,#2473,#2474,#2475,#2476,
    #2477),.UNSPECIFIED.,.F.,.F.,(4,2,4),(0.224708071895,2.418487013541,
    2.420145843296),.UNSPECIFIED.);
#2472 = CARTESIAN_POINT('',(241.17635753241,125.54172002802,
    5.667886647984));
#2473 = CARTESIAN_POINT('',(241.17635753241,126.26982038243,
    5.599985649741));
#2474 = CARTESIAN_POINT('',(241.17635753241,126.99792073683,
    5.532084651497));
#2475 = CARTESIAN_POINT('',(241.17635753241,127.72657164558,
    5.464132309796));
#2476 = CARTESIAN_POINT('',(241.17635753241,127.72712219993,
    5.464080966338));
#2477 = CARTESIAN_POINT('',(241.17635753241,127.72767275428,
    5.46402962288));
#2478 = ORIENTED_EDGE('',*,*,#966,.T.);
#2479 = ORIENTED_EDGE('',*,*,#2480,.T.);
#2480 = EDGE_CURVE('',#967,#1060,#2481,.T.);
#2481 = B_SPLINE_CURVE_WITH_KNOTS('',3,(#2482,#2483,#2484,#2485,#2486,
    #2487),.UNSPECIFIED.,.F.,.F.,(4,2,4),(2.396382522303,2.54741128788,
    4.878510402368),.UNSPECIFIED.);
#2482 = CARTESIAN_POINT('',(238.82098908758,130.08304119909,
    5.362935212409));
#2483 = CARTESIAN_POINT('',(238.77072139818,130.08304119909,
    5.365687556003));
#2484 = CARTESIAN_POINT('',(238.72045451433,130.08304119909,5.3684540778
    ));
#2485 = CARTESIAN_POINT('',(237.89434165892,130.08304119909,
    5.41415432329));
#2486 = CARTESIAN_POINT('',(237.11867383101,130.08304119909,
    5.460452332333));
#2487 = CARTESIAN_POINT('',(236.34322892565,130.08304119909,
    5.510127234978));
#2488 = ORIENTED_EDGE('',*,*,#1071,.T.);
#2489 = B_SPLINE_SURFACE_WITH_KNOTS('',3,3,(
    (#2490,#2491,#2492,#2493)
    ,(#2494,#2495,#2496,#2497)
    ,(#2498,#2499,#2500,#2501)
    ,(#2502,#2503,#2504,#2505
    )),.UNSPECIFIED.,.F.,.F.,.F.,(4,4),(4,4),(6.244128524915E-02,
    7.945102491173E-02),(1.42900634695E-02,3.230637310353E-02),
  .PIECEWISE_BEZIER_KNOTS.);
#2490 = CARTESIAN_POINT('',(236.34322892562,130.09664964268,
    5.508858142199));
#2491 = CARTESIAN_POINT('',(237.95300045946,130.08711565678,
    5.406625499224));
#2492 = CARTESIAN_POINT('',(239.56417345877,130.07892451137,
    5.318792094195));
#2493 = CARTESIAN_POINT('',(241.17635753242,130.07207971163,
    5.245395513267));
#2494 = CARTESIAN_POINT('',(236.34322892562,128.58652974815,
    5.649688520438));
#2495 = CARTESIAN_POINT('',(237.95300045946,128.57699576225,
    5.547455877463));
#2496 = CARTESIAN_POINT('',(239.56417345877,128.56880461683,
    5.459622472434));
#2497 = CARTESIAN_POINT('',(241.17635753242,128.5619598171,
    5.386225891506));
#2498 = CARTESIAN_POINT('',(236.34322892562,127.0764098536,
    5.790518898677));
#2499 = CARTESIAN_POINT('',(237.95300045946,127.06687586771,
    5.688286255702));
#2500 = CARTESIAN_POINT('',(239.56417345877,127.0586847223,
    5.600452850673));
#2501 = CARTESIAN_POINT('',(241.17635753242,127.05183992256,
    5.527056269745));
#2502 = CARTESIAN_POINT('',(236.34322892562,125.56628995907,
    5.931349276916));
#2503 = CARTESIAN_POINT('',(237.95300045946,125.55675597317,
    5.829116633941));
#2504 = CARTESIAN_POINT('',(239.56417345877,125.54856482776,
    5.741283228912));
#2505 = CARTESIAN_POINT('',(241.17635753242,125.54172002803,
    5.667886647984));
#2506 = ADVANCED_FACE('',(#2507),#2527,.F.);
#2507 = FACE_BOUND('',#2508,.F.);
#2508 = EDGE_LOOP('',(#2509,#2518,#2519,#2526));
#2509 = ORIENTED_EDGE('',*,*,#2510,.T.);
#2510 = EDGE_CURVE('',#1842,#1161,#2511,.T.);
#2511 = B_SPLINE_CURVE_WITH_KNOTS('',3,(#2512,#2513,#2514,#2515,#2516,
    #2517),.UNSPECIFIED.,.F.,.F.,(4,1,1,4),(-2.243575797914,
    -1.602554141367,-0.96153248482,0.),.UNSPECIFIED.);
#2512 = CARTESIAN_POINT('',(237.06479439641,138.90997560254,
    5.69291581876));
#2513 = CARTESIAN_POINT('',(236.80897520639,138.90604577399,
    5.737833964583));
#2514 = CARTESIAN_POINT('',(236.31767524419,138.75098912556,
    5.81911053369));
#2515 = CARTESIAN_POINT('',(235.68253828679,138.15796456045,
    5.932642463523));
#2516 = CARTESIAN_POINT('',(235.47905866888,137.56047234968,
    5.991940512597));
#2517 = CARTESIAN_POINT('',(235.4705077248,137.19083499121,
    6.009255633811));
#2518 = ORIENTED_EDGE('',*,*,#1160,.T.);
#2519 = ORIENTED_EDGE('',*,*,#2520,.F.);
#2520 = EDGE_CURVE('',#1834,#1153,#2521,.T.);
#2521 = CIRCLE('',#2522,0.25);
#2522 = AXIS2_PLACEMENT_3D('',#2523,#2524,#2525);
#2523 = CARTESIAN_POINT('',(232.79510753241,139.15804119908,
    6.380673767126E-12));
#2524 = DIRECTION('',(0.,0.,1.));
#2525 = DIRECTION('',(-1.,7.105427357601E-15,0.));
#2526 = ORIENTED_EDGE('',*,*,#1841,.F.);
#2527 = B_SPLINE_SURFACE_WITH_KNOTS('',3,3,(
    (#2528,#2529,#2530,#2531)
    ,(#2532,#2533,#2534,#2535)
    ,(#2536,#2537,#2538,#2539)
    ,(#2540,#2541,#2542,#2543)
    ,(#2544,#2545,#2546,#2547)
    ,(#2548,#2549,#2550,#2551)
    ,(#2552,#2553,#2554,#2555
    )),.UNSPECIFIED.,.F.,.F.,.F.,(4,1,1,1,4),(4,4),(0.,0.285714285714,
    0.571428571429,0.714285714286,1.),(2.261476146726E-02,1.),
  .UNSPECIFIED.);
#2528 = CARTESIAN_POINT('',(237.19334110581,138.89498042947,
    5.86431143129));
#2529 = CARTESIAN_POINT('',(235.72726324801,139.06600068601,
    3.909540954196));
#2530 = CARTESIAN_POINT('',(234.26118539021,139.23702094255,
    1.954770477101));
#2531 = CARTESIAN_POINT('',(232.79510753241,139.40804119908,
    6.380673767126E-12));
#2532 = CARTESIAN_POINT('',(236.93661645862,138.89498042947,
    5.86431143129));
#2533 = CARTESIAN_POINT('',(235.54358687375,139.06594874621,
    3.909546609372));
#2534 = CARTESIAN_POINT('',(234.15073720473,139.23707288234,
    1.954764821925));
#2535 = CARTESIAN_POINT('',(232.75770761987,139.40804119908,
    6.380673767126E-12));
#2536 = CARTESIAN_POINT('',(236.42321731966,138.77831750246,
    5.875155154245));
#2537 = CARTESIAN_POINT('',(235.17649522329,138.98250928309,
    3.916772980058));
#2538 = CARTESIAN_POINT('',(233.92963719784,139.18678034107,
    1.958382174194));
#2539 = CARTESIAN_POINT('',(232.68291510148,139.3909721217,
    6.381117856336E-12));
#2540 = CARTESIAN_POINT('',(235.90910991462,138.36961491225,
    5.913143723303));
#2541 = CARTESIAN_POINT('',(234.80880911343,138.69008556757,
    3.942101169912));
#2542 = CARTESIAN_POINT('',(233.70832020334,139.01070375416,
    1.971042553397));
#2543 = CARTESIAN_POINT('',(232.60801940215,139.33117440947,
    6.380673767126E-12));
#2544 = CARTESIAN_POINT('',(235.56555176101,137.82484004576,
    5.963780098339));
#2545 = CARTESIAN_POINT('',(234.56304331802,138.30037479291,
    3.975854252875));
#2546 = CARTESIAN_POINT('',(233.56047793744,138.7759330701,
    1.987925845471));
#2547 = CARTESIAN_POINT('',(232.55796949444,139.25146781725,
    6.381561945545E-12));
#2548 = CARTESIAN_POINT('',(235.47726324801,137.44191135414,
    5.999373004755));
#2549 = CARTESIAN_POINT('',(234.50002607385,138.02636429392,
    3.999588207055));
#2550 = CARTESIAN_POINT('',(233.52234470657,138.61098817185,
    1.999784797706));
#2551 = CARTESIAN_POINT('',(232.54510753241,139.19544111163,
    6.380673767126E-12));
#2552 = CARTESIAN_POINT('',(235.47726324801,137.18629219148,
    6.023132595336));
#2553 = CARTESIAN_POINT('',(234.49987800947,137.84354186069,
    4.015421730226));
#2554 = CARTESIAN_POINT('',(233.52249277095,138.50079152988,
    2.007710865116));
#2555 = CARTESIAN_POINT('',(232.54510753241,139.15804119908,
    6.380673767126E-12));
#2556 = ADVANCED_FACE('',(#2557),#2608,.F.);
#2557 = FACE_BOUND('',#2558,.F.);
#2558 = EDGE_LOOP('',(#2559,#2568,#2569,#2580,#2597,#2607));
#2559 = ORIENTED_EDGE('',*,*,#2560,.T.);
#2560 = EDGE_CURVE('',#890,#1954,#2561,.T.);
#2561 = B_SPLINE_CURVE_WITH_KNOTS('',3,(#2562,#2563,#2564,#2565,#2566,
    #2567),.UNSPECIFIED.,.F.,.F.,(4,2,4),(2.44494707683,2.48620601553,
    4.653907212964),.UNSPECIFIED.);
#2562 = CARTESIAN_POINT('',(241.82635753242,127.72767275428,
    5.434971735707));
#2563 = CARTESIAN_POINT('',(241.82635753242,127.71397919231,
    5.436248766437));
#2564 = CARTESIAN_POINT('',(241.82635753242,127.70028563033,
    5.437525797167));
#2565 = CARTESIAN_POINT('',(241.82635753242,126.96714674043,
    5.505896677878));
#2566 = CARTESIAN_POINT('',(241.82635753242,126.24770141249,
    5.572990527858));
#2567 = CARTESIAN_POINT('',(241.82635753242,125.52825608455,
    5.640084377837));
#2568 = ORIENTED_EDGE('',*,*,#1953,.T.);
#2569 = ORIENTED_EDGE('',*,*,#2570,.T.);
#2570 = EDGE_CURVE('',#1956,#2571,#2573,.T.);
#2571 = VERTEX_POINT('',#2572);
#2572 = CARTESIAN_POINT('',(253.12635753241,127.72767275428,
    5.182539891199));
#2573 = B_SPLINE_CURVE_WITH_KNOTS('',3,(#2574,#2575,#2576,#2577,#2578,
    #2579),.UNSPECIFIED.,.F.,.F.,(4,2,4),(0.224472772237,2.48620601553,
    2.550904473003),.UNSPECIFIED.);
#2574 = CARTESIAN_POINT('',(253.12635753241,125.41129203742,
    5.398560336781));
#2575 = CARTESIAN_POINT('',(253.12635753241,126.16194596373,
    5.328556043247));
#2576 = CARTESIAN_POINT('',(253.12635753241,126.91259989004,
    5.258551749712));
#2577 = CARTESIAN_POINT('',(253.12635753241,127.68472679566,
    5.186544934518));
#2578 = CARTESIAN_POINT('',(253.12635753241,127.70619977497,
    5.184542412859));
#2579 = CARTESIAN_POINT('',(253.12635753241,127.72767275428,
    5.182539891199));
#2580 = ORIENTED_EDGE('',*,*,#2581,.T.);
#2581 = EDGE_CURVE('',#2571,#2582,#2584,.T.);
#2582 = VERTEX_POINT('',#2583);
#2583 = CARTESIAN_POINT('',(250.77098908759,130.08304119909,
    4.976077946876));
#2584 = B_SPLINE_CURVE_WITH_KNOTS('',3,(#2585,#2586,#2587,#2588,#2589,
    #2590,#2591,#2592,#2593,#2594,#2595,#2596),.UNSPECIFIED.,.F.,.F.,(4,
    2,2,2,2,4),(0.113374772019,0.530632856317,1.331158474258,
    2.41276036029,3.117317315398,3.716929927049),.UNSPECIFIED.);
#2585 = CARTESIAN_POINT('',(253.12635753241,127.72767275427,5.1825398912
    ));
#2586 = CARTESIAN_POINT('',(252.98840417473,127.74439987301,
    5.181144929763));
#2587 = CARTESIAN_POINT('',(252.85190375904,127.77175778582,
    5.178864191885));
#2588 = CARTESIAN_POINT('',(252.46133240945,127.88197339674,
    5.169649219513));
#2589 = CARTESIAN_POINT('',(252.21683680517,127.99204919562,
    5.160425335896));
#2590 = CARTESIAN_POINT('',(251.68946099192,128.3306776868,
    5.131713112894));
#2591 = CARTESIAN_POINT('',(251.42861418461,128.58380319802,
    5.110043011501));
#2592 = CARTESIAN_POINT('',(251.09257646506,129.07348817981,
    5.067168353151));
#2593 = CARTESIAN_POINT('',(250.98579152561,129.28298153488,
    5.048614499779));
#2594 = CARTESIAN_POINT('',(250.84065561119,129.69116731947,
    5.011926643485));
#2595 = CARTESIAN_POINT('',(250.79493697212,129.88553610981,
    4.994257119689));
#2596 = CARTESIAN_POINT('',(250.77098908759,130.08304119909,
    4.976077946876));
#2597 = ORIENTED_EDGE('',*,*,#2598,.T.);
#2598 = EDGE_CURVE('',#2582,#882,#2599,.T.);
#2599 = B_SPLINE_CURVE_WITH_KNOTS('',3,(#2600,#2601,#2602,#2603,#2604,
    #2605,#2606),.UNSPECIFIED.,.F.,.F.,(4,3,4),(2.468501853244,
    5.775373556974,9.061013276124),.UNSPECIFIED.);
#2600 = CARTESIAN_POINT('',(250.77098908751,130.08304119917,
    4.976077947786));
#2601 = CARTESIAN_POINT('',(249.66901498632,130.08304117431,
    4.987108178564));
#2602 = CARTESIAN_POINT('',(248.5672031344,130.08304119823,
    5.004954795482));
#2603 = CARTESIAN_POINT('',(247.46541101661,130.08304119779,5.0296130484
    ));
#2604 = CARTESIAN_POINT('',(246.37069320496,130.08304119735,
    5.054112977414));
#2605 = CARTESIAN_POINT('',(245.2760907582,130.08304119748,
    5.085336290764));
#2606 = CARTESIAN_POINT('',(244.181725978,130.08304119811,5.123275376492
    ));
#2607 = ORIENTED_EDGE('',*,*,#889,.T.);
#2608 = B_SPLINE_SURFACE_WITH_KNOTS('',3,3,(
    (#2609,#2610,#2611,#2612,#2613,#2614)
    ,(#2615,#2616,#2617,#2618,#2619,#2620)
    ,(#2621,#2622,#2623,#2624,#2625,#2626)
    ,(#2627,#2628,#2629,#2630,#2631,#2632
    )),.UNSPECIFIED.,.F.,.F.,.F.,(4,4),(4,2,4),(6.230699640836E-02,
    7.984301845929E-02),(3.472744310153E-02,6.878198219294E-02,
    7.677355370037E-02),.UNSPECIFIED.);
#2609 = CARTESIAN_POINT('',(241.82635753242,130.10515957948,
    5.213252672165));
#2610 = CARTESIAN_POINT('',(244.87421808729,130.09290558755,
    5.081853486571));
#2611 = CARTESIAN_POINT('',(247.92550365571,130.08546360531,
    5.002053335746));
#2612 = CARTESIAN_POINT('',(251.69380726318,130.08224580809,
    4.967548993213));
#2613 = CARTESIAN_POINT('',(252.41007856592,130.08190052001,
    4.963846479611));
#2614 = CARTESIAN_POINT('',(253.12635753241,130.08182132748,
    4.962997300446));
#2615 = CARTESIAN_POINT('',(241.82635753242,128.54831648279,
    5.358440350944));
#2616 = CARTESIAN_POINT('',(244.87421808729,128.53606249086,
    5.22704116535));
#2617 = CARTESIAN_POINT('',(247.92550365571,128.52862050863,
    5.147241014525));
#2618 = CARTESIAN_POINT('',(251.69380726318,128.5254027114,
    5.112736671992));
#2619 = CARTESIAN_POINT('',(252.41007856592,128.52505742332,
    5.109034158389));
#2620 = CARTESIAN_POINT('',(253.12635753241,128.52497823079,
    5.108184979224));
#2621 = CARTESIAN_POINT('',(241.82635753242,126.99147338612,
    5.503628029722));
#2622 = CARTESIAN_POINT('',(244.87421808729,126.97921939419,
    5.372228844128));
#2623 = CARTESIAN_POINT('',(247.92550365571,126.97177741194,
    5.292428693303));
#2624 = CARTESIAN_POINT('',(251.69380726318,126.96855961473,
    5.25792435077));
#2625 = CARTESIAN_POINT('',(252.41007856592,126.96821432665,
    5.254221837168));
#2626 = CARTESIAN_POINT('',(253.12635753241,126.96813513412,
    5.253372658003));
#2627 = CARTESIAN_POINT('',(241.82635753242,125.43463028943,
    5.648815708501));
#2628 = CARTESIAN_POINT('',(244.87421808729,125.4223762975,
    5.517416522907));
#2629 = CARTESIAN_POINT('',(247.92550365571,125.41493431525,
    5.437616372082));
#2630 = CARTESIAN_POINT('',(251.69380726318,125.41171651804,
    5.403112029549));
#2631 = CARTESIAN_POINT('',(252.41007856592,125.41137122996,
    5.399409515946));
#2632 = CARTESIAN_POINT('',(253.12635753241,125.41129203743,
    5.398560336781));
#2633 = ADVANCED_FACE('',(#2634),#2652,.F.);
#2634 = FACE_BOUND('',#2635,.F.);
#2635 = EDGE_LOOP('',(#2636,#2643,#2644,#2651));
#2636 = ORIENTED_EDGE('',*,*,#2637,.T.);
#2637 = EDGE_CURVE('',#1279,#1842,#2638,.T.);
#2638 = CIRCLE('',#2639,0.25);
#2639 = AXIS2_PLACEMENT_3D('',#2640,#2641,#2642);
#2640 = CARTESIAN_POINT('',(237.06479439641,138.66092692802,
    5.671126883074));
#2641 = DIRECTION('',(-0.99806331727,-5.421629948379E-03,
    6.196951387094E-02));
#2642 = DIRECTION('',(6.120216584535E-02,9.268077438208E-02,
    0.993813145896));
#2643 = ORIENTED_EDGE('',*,*,#1849,.F.);
#2644 = ORIENTED_EDGE('',*,*,#2645,.F.);
#2645 = EDGE_CURVE('',#1268,#1850,#2646,.T.);
#2646 = CIRCLE('',#2647,0.25);
#2647 = AXIS2_PLACEMENT_3D('',#2648,#2649,#2650);
#2648 = CARTESIAN_POINT('',(269.83792066841,138.66092692802,
    5.671126883069));
#2649 = DIRECTION('',(-0.99806331727,5.421629944896E-03,
    -6.196951387034E-02));
#2650 = DIRECTION('',(-6.120216584507E-02,9.268077438209E-02,
    0.993813145896));
#2651 = ORIENTED_EDGE('',*,*,#1278,.F.);
#2652 = B_SPLINE_SURFACE_WITH_KNOTS('',3,3,(
    (#2653,#2654,#2655,#2656)
    ,(#2657,#2658,#2659,#2660)
    ,(#2661,#2662,#2663,#2664)
    ,(#2665,#2666,#2667,#2668)
    ,(#2669,#2670,#2671,#2672
  )),.UNSPECIFIED.,.F.,.F.,.F.,(4,1,4),(4,4),(0.,0.571428571429,1.),(0.,
    32.794283321223),.UNSPECIFIED.);
#2653 = CARTESIAN_POINT('',(237.08009493788,138.68409712162,
    5.919580169548));
#2654 = CARTESIAN_POINT('',(247.98016482592,138.74342127944,
    5.242786854147));
#2655 = CARTESIAN_POINT('',(258.92255023891,138.74342127943,
    5.242786854145));
#2656 = CARTESIAN_POINT('',(269.82262012696,138.68409712162,
    5.919580169543));
#2657 = CARTESIAN_POINT('',(237.07935767272,138.75004357931,
    5.913475554643));
#2658 = CARTESIAN_POINT('',(247.97989738474,138.80934578267,
    5.236624276805));
#2659 = CARTESIAN_POINT('',(258.92281768009,138.80934578267,
    5.236624276803));
#2660 = CARTESIAN_POINT('',(269.82335739211,138.75004357931,
    5.913475554639));
#2661 = CARTESIAN_POINT('',(237.07510295201,138.86017645977,
    5.85458561488));
#2662 = CARTESIAN_POINT('',(247.97849850601,138.91943405458,
    5.177544367398));
#2663 = CARTESIAN_POINT('',(258.92421655881,138.91943405458,
    5.177544367396));
#2664 = CARTESIAN_POINT('',(269.82761211282,138.86017645977,
    5.854585614875));
#2665 = CARTESIAN_POINT('',(237.06788445227,138.90565457964,
    5.742305336584));
#2666 = CARTESIAN_POINT('',(247.97608678365,138.96491081235,
    5.065001523937));
#2667 = CARTESIAN_POINT('',(258.92662828118,138.96491081235,
    5.065001523935));
#2668 = CARTESIAN_POINT('',(269.83483061256,138.90565457964,
    5.74230533658));
#2669 = CARTESIAN_POINT('',(237.06479439642,138.90997560254,
    5.69291581876));
#2670 = CARTESIAN_POINT('',(247.97505146277,138.96924175873,
    5.015500553707));
#2671 = CARTESIAN_POINT('',(258.92766360206,138.96924175873,
    5.015500553705));
#2672 = CARTESIAN_POINT('',(269.83792066842,138.90997560254,
    5.692915818756));
#2673 = ADVANCED_FACE('',(#2674),#2728,.F.);
#2674 = FACE_BOUND('',#2675,.F.);
#2675 = EDGE_LOOP('',(#2676,#2685,#2686,#2697,#2714,#2727));
#2676 = ORIENTED_EDGE('',*,*,#2677,.T.);
#2677 = EDGE_CURVE('',#603,#1758,#2678,.T.);
#2678 = B_SPLINE_CURVE_WITH_KNOTS('',3,(#2679,#2680,#2681,#2682,#2683,
    #2684),.UNSPECIFIED.,.F.,.F.,(4,2,4),(2.394369515218,3.620500359586,
    7.085834857474),.UNSPECIFIED.);
#2679 = CARTESIAN_POINT('',(265.07635753241,133.08840964392,
    4.935181459354));
#2680 = CARTESIAN_POINT('',(265.07635753241,133.4953541566,4.89723073117
    ));
#2681 = CARTESIAN_POINT('',(265.07635753241,133.90229866928,
    4.859280002986));
#2682 = CARTESIAN_POINT('',(265.07635753241,135.45936420287,
    4.714071580243));
#2683 = CARTESIAN_POINT('',(265.07635753241,136.6094852238,
    4.606813885683));
#2684 = CARTESIAN_POINT('',(265.07635753241,137.75960624471,
    4.499556191123));
#2685 = ORIENTED_EDGE('',*,*,#1765,.T.);
#2686 = ORIENTED_EDGE('',*,*,#2687,.T.);
#2687 = EDGE_CURVE('',#1766,#2688,#2690,.T.);
#2688 = VERTEX_POINT('',#2689);
#2689 = CARTESIAN_POINT('',(253.77635753241,133.08840964392,
    4.682622330381));
#2690 = B_SPLINE_CURVE_WITH_KNOTS('',3,(#2691,#2692,#2693,#2694,#2695,
    #2696),.UNSPECIFIED.,.F.,.F.,(4,2,4),(0.109340033126,3.620500359586,
    4.823179866201),.UNSPECIFIED.);
#2691 = CARTESIAN_POINT('',(253.77635753241,137.78188407005,
    4.244919482363));
#2692 = CARTESIAN_POINT('',(253.77635753241,136.61655376738,
    4.353595560265));
#2693 = CARTESIAN_POINT('',(253.77635753241,135.45122346471,
    4.462271638166));
#2694 = CARTESIAN_POINT('',(253.77635753241,133.88673198933,
    4.608172587505));
#2695 = CARTESIAN_POINT('',(253.77635753241,133.48757081662,
    4.645397458943));
#2696 = CARTESIAN_POINT('',(253.77635753241,133.08840964392,
    4.682622330381));
#2697 = ORIENTED_EDGE('',*,*,#2698,.T.);
#2698 = EDGE_CURVE('',#2688,#2699,#2701,.T.);
#2699 = VERTEX_POINT('',#2700);
#2700 = CARTESIAN_POINT('',(256.13172597723,130.73304119909,
    4.915555992282));
#2701 = B_SPLINE_CURVE_WITH_KNOTS('',3,(#2702,#2703,#2704,#2705,#2706,
    #2707,#2708,#2709,#2710,#2711,#2712,#2713),.UNSPECIFIED.,.F.,.F.,(4,
    2,2,2,2,4),(0.113379256478,0.726458319952,1.661554336767,
    2.645820669762,3.217327381549,3.71837488578),.UNSPECIFIED.);
#2702 = CARTESIAN_POINT('',(253.77635753241,133.08840964392,
    4.682622330381));
#2703 = CARTESIAN_POINT('',(253.97896464502,133.06384312892,
    4.68516352157));
#2704 = CARTESIAN_POINT('',(254.17820737528,133.01637438144,
    4.690069308818));
#2705 = CARTESIAN_POINT('',(254.66316819422,132.84084908367,
    4.70811399221));
#2706 = CARTESIAN_POINT('',(254.93531627841,132.6850195861,
    4.724076218064));
#2707 = CARTESIAN_POINT('',(255.4268213216,132.27746646767,
    4.765259932474));
#2708 = CARTESIAN_POINT('',(255.63856228779,132.02452537155,
    4.790570304483));
#2709 = CARTESIAN_POINT('',(255.89352126584,131.57503406228,
    4.834732060273));
#2710 = CARTESIAN_POINT('',(255.9694786676,131.4005441505,4.851720571214
    ));
#2711 = CARTESIAN_POINT('',(256.07650172131,131.06094668689,
    4.88442292867));
#2712 = CARTESIAN_POINT('',(256.11171601857,130.89806908147,
    4.899964995419));
#2713 = CARTESIAN_POINT('',(256.13172597723,130.73304119909,
    4.915555992282));
#2714 = ORIENTED_EDGE('',*,*,#2715,.T.);
#2715 = EDGE_CURVE('',#2699,#589,#2716,.T.);
#2716 = B_SPLINE_CURVE_WITH_KNOTS('',3,(#2717,#2718,#2719,#2720,#2721,
    #2722,#2723,#2724,#2725,#2726),.UNSPECIFIED.,.F.,.F.,(4,3,3,4),(
    2.468099126155,4.556493297822,5.895579931915,9.059042827402),
  .UNSPECIFIED.);
#2717 = CARTESIAN_POINT('',(256.1317259762,130.73304119717,4.91555597166
    ));
#2718 = CARTESIAN_POINT('',(256.82784139443,130.73304119632,
    4.922543864447));
#2719 = CARTESIAN_POINT('',(257.52393160913,130.7330411955,
    4.932247587949));
#2720 = CARTESIAN_POINT('',(258.21996523137,130.73304119506,
    4.944665336541));
#2721 = CARTESIAN_POINT('',(258.6662647533,130.73304119478,
    4.952627646238));
#2722 = CARTESIAN_POINT('',(259.11253917501,130.73304119464,
    4.961705764664));
#2723 = CARTESIAN_POINT('',(259.55878600726,130.73304119467,
    4.971899348658));
#2724 = CARTESIAN_POINT('',(260.61300106706,130.73304119474,
    4.99598070674));
#2725 = CARTESIAN_POINT('',(261.66710517757,130.73304119584,
    5.026288460674));
#2726 = CARTESIAN_POINT('',(262.7209890868,130.73304119716,
    5.062818614022));
#2727 = ORIENTED_EDGE('',*,*,#602,.T.);
#2728 = B_SPLINE_SURFACE_WITH_KNOTS('',3,3,(
    (#2729,#2730,#2731,#2732)
    ,(#2733,#2734,#2735,#2736)
    ,(#2737,#2738,#2739,#2740)
    ,(#2741,#2742,#2743,#2744
    )),.UNSPECIFIED.,.F.,.F.,.F.,(4,4),(4,4),(3.339625822379E-02,
    5.991765117297E-02),(7.919091362419E-02,0.121235037808),
  .PIECEWISE_BEZIER_KNOTS.);
#2729 = CARTESIAN_POINT('',(253.77635753238,137.78188407006,
    4.244919482363));
#2730 = CARTESIAN_POINT('',(257.54475097759,137.78231426649,4.2495324657
    ));
#2731 = CARTESIAN_POINT('',(261.31307128978,137.79010785606,
    4.333102891437));
#2732 = CARTESIAN_POINT('',(265.07635753241,137.80523408998,
    4.495301041099));
#2733 = CARTESIAN_POINT('',(253.77635753238,135.42732227677,
    4.464500609091));
#2734 = CARTESIAN_POINT('',(257.54475097759,135.4277524732,
    4.469113592428));
#2735 = CARTESIAN_POINT('',(261.31307128978,135.43554606277,
    4.552684018165));
#2736 = CARTESIAN_POINT('',(265.07635753241,135.45067229669,
    4.714882167826));
#2737 = CARTESIAN_POINT('',(253.77635753238,133.07276048347,
    4.684081735819));
#2738 = CARTESIAN_POINT('',(257.54475097759,133.0731906799,
    4.688694719155));
#2739 = CARTESIAN_POINT('',(261.31307128978,133.08098426948,
    4.772265144893));
#2740 = CARTESIAN_POINT('',(265.07635753241,133.09611050339,
    4.934463294554));
#2741 = CARTESIAN_POINT('',(253.77635753238,130.71819869018,
    4.903662862546));
#2742 = CARTESIAN_POINT('',(257.54475097759,130.71862888661,
    4.908275845883));
#2743 = CARTESIAN_POINT('',(261.31307128978,130.72642247618,
    4.991846271621));
#2744 = CARTESIAN_POINT('',(265.07635753241,130.7415487101,
    5.154044421282));
#2745 = ADVANCED_FACE('',(#2746,#2774),#2780,.F.);
#2746 = FACE_BOUND('',#2747,.T.);
#2747 = EDGE_LOOP('',(#2748,#2749,#2750,#2751,#2758,#2759,#2766,#2767));
#2748 = ORIENTED_EDGE('',*,*,#1152,.F.);
#2749 = ORIENTED_EDGE('',*,*,#2520,.F.);
#2750 = ORIENTED_EDGE('',*,*,#1831,.F.);
#2751 = ORIENTED_EDGE('',*,*,#2752,.F.);
#2752 = EDGE_CURVE('',#2186,#1832,#2753,.T.);
#2753 = CIRCLE('',#2754,0.25);
#2754 = AXIS2_PLACEMENT_3D('',#2755,#2756,#2757);
#2755 = CARTESIAN_POINT('',(274.10760753241,139.15804119908,
    2.284394895469E-12));
#2756 = DIRECTION('',(0.,0.,1.));
#2757 = DIRECTION('',(7.105427357601E-15,1.,-0.));
#2758 = ORIENTED_EDGE('',*,*,#2193,.F.);
#2759 = ORIENTED_EDGE('',*,*,#2760,.F.);
#2760 = EDGE_CURVE('',#1925,#2177,#2761,.T.);
#2761 = CIRCLE('',#2762,0.25);
#2762 = AXIS2_PLACEMENT_3D('',#2763,#2764,#2765);
#2763 = CARTESIAN_POINT('',(274.10760753241,121.65804119908,
    2.284394895469E-12));
#2764 = DIRECTION('',(0.,0.,1.));
#2765 = DIRECTION('',(1.,-7.105427357601E-15,0.));
#2766 = ORIENTED_EDGE('',*,*,#1922,.F.);
#2767 = ORIENTED_EDGE('',*,*,#2768,.F.);
#2768 = EDGE_CURVE('',#1145,#1923,#2769,.T.);
#2769 = CIRCLE('',#2770,0.25);
#2770 = AXIS2_PLACEMENT_3D('',#2771,#2772,#2773);
#2771 = CARTESIAN_POINT('',(232.79510753241,121.65804119908,
    6.382450123965E-12));
#2772 = DIRECTION('',(0.,0.,1.));
#2773 = DIRECTION('',(-7.105427357601E-15,-1.,0.));
#2774 = FACE_BOUND('',#2775,.T.);
#2775 = EDGE_LOOP('',(#2776,#2777,#2778,#2779));
#2776 = ORIENTED_EDGE('',*,*,#1095,.F.);
#2777 = ORIENTED_EDGE('',*,*,#2048,.T.);
#2778 = ORIENTED_EDGE('',*,*,#2272,.F.);
#2779 = ORIENTED_EDGE('',*,*,#1711,.T.);
#2780 = PLANE('',#2781);
#2781 = AXIS2_PLACEMENT_3D('',#2782,#2783,#2784);
#2782 = CARTESIAN_POINT('',(241.54510753241,130.40804119908,
    6.380673767126E-12));
#2783 = DIRECTION('',(3.082500385087E-16,7.366730315533E-18,1.));
#2784 = DIRECTION('',(1.,0.,-3.082500385087E-16));
#2785 = ADVANCED_FACE('',(#2786),#2801,.F.);
#2786 = FACE_BOUND('',#2787,.F.);
#2787 = EDGE_LOOP('',(#2788,#2798,#2799,#2800));
#2788 = ORIENTED_EDGE('',*,*,#2789,.T.);
#2789 = EDGE_CURVE('',#1143,#1873,#2790,.T.);
#2790 = B_SPLINE_CURVE_WITH_KNOTS('',3,(#2791,#2792,#2793,#2794,#2795,
    #2796,#2797),.UNSPECIFIED.,.F.,.F.,(4,1,1,1,4),(-2.301504234382,
    -1.643931595987,-0.986358957592,-0.657572638395,0.),.UNSPECIFIED.);
#2791 = CARTESIAN_POINT('',(235.47796343859,126.57316226778,
    6.977756948368));
#2792 = CARTESIAN_POINT('',(235.48503485817,126.32078698563,
    7.019141504328));
#2793 = CARTESIAN_POINT('',(235.61234635938,125.82612236954,
    7.079372813999));
#2794 = CARTESIAN_POINT('',(235.99591978837,125.31961921131,
    7.109038840019));
#2795 = CARTESIAN_POINT('',(236.50914756204,124.95319771356,
    7.10377356289));
#2796 = CARTESIAN_POINT('',(236.88129446499,124.83537513623,
    7.077247776975));
#2797 = CARTESIAN_POINT('',(237.1381494812,124.81994196349,
    7.045379161461));
#2798 = ORIENTED_EDGE('',*,*,#1939,.T.);
#2799 = ORIENTED_EDGE('',*,*,#2768,.F.);
#2800 = ORIENTED_EDGE('',*,*,#1142,.F.);
#2801 = B_SPLINE_SURFACE_WITH_KNOTS('',3,3,(
    (#2802,#2803,#2804,#2805)
    ,(#2806,#2807,#2808,#2809)
    ,(#2810,#2811,#2812,#2813)
    ,(#2814,#2815,#2816,#2817)
    ,(#2818,#2819,#2820,#2821)
    ,(#2822,#2823,#2824,#2825)
    ,(#2826,#2827,#2828,#2829
    )),.UNSPECIFIED.,.F.,.F.,.F.,(4,1,1,1,4),(4,4),(0.,0.285714285714,
    0.571428571429,0.714285714286,1.),(1.894198376382E-02,1.),
  .UNSPECIFIED.);
#2802 = CARTESIAN_POINT('',(235.48828158112,126.5904542594,
    7.002305542994));
#2803 = CARTESIAN_POINT('',(234.50722356488,124.94631657263,
    4.668203695331));
#2804 = CARTESIAN_POINT('',(233.52616554865,123.30217888586,
    2.334101847669));
#2805 = CARTESIAN_POINT('',(232.54510753241,121.65804119908,
    6.382450123965E-12));
#2806 = CARTESIAN_POINT('',(235.48828158112,126.3340150815,
    7.026154416379));
#2807 = CARTESIAN_POINT('',(234.50727596397,124.76283058929,
    4.684109465468));
#2808 = CARTESIAN_POINT('',(233.52611314956,123.19182577875,
    2.342044950917));
#2809 = CARTESIAN_POINT('',(232.54510753241,121.62064128654,
    6.382450123965E-12));
#2810 = CARTESIAN_POINT('',(235.60582518956,125.82118682524,
    7.073847503885));
#2811 = CARTESIAN_POINT('',(234.59130232241,124.39611939022,
    4.715893409055));
#2812 = CARTESIAN_POINT('',(233.57669947693,122.97091620315,
    2.357954094836));
#2813 = CARTESIAN_POINT('',(232.56217660977,121.54584876813,
    6.382450123965E-12));
#2814 = CARTESIAN_POINT('',(236.01761305147,125.30765109061,
    7.121606386963));
#2815 = CARTESIAN_POINT('',(234.88578308692,124.02881437133,
    4.747730773136));
#2816 = CARTESIAN_POINT('',(233.75380428656,122.74978978808,
    2.373875613833));
#2817 = CARTESIAN_POINT('',(232.62197432201,121.4709530688,
    6.382006034755E-12));
#2818 = CARTESIAN_POINT('',(236.56650039119,124.96447496227,
    7.153521806831));
#2819 = CARTESIAN_POINT('',(235.27823514489,123.78330331634,
    4.769012474138));
#2820 = CARTESIAN_POINT('',(233.98994616053,122.60207480703,
    2.384509332699));
#2821 = CARTESIAN_POINT('',(232.70168091424,121.4209031611,
    6.382450123965E-12));
#2822 = CARTESIAN_POINT('',(236.95231978889,124.87628462327,
    7.161723518621));
#2823 = CARTESIAN_POINT('',(235.55417321579,123.72035135353,
    4.774466245566));
#2824 = CARTESIAN_POINT('',(234.15585419297,122.56397446882,
    2.387257273062));
#2825 = CARTESIAN_POINT('',(232.75770761987,121.40804119908,
    6.382450123965E-12));
#2826 = CARTESIAN_POINT('',(237.20986860547,124.87628462327,
    7.161723518621));
#2827 = CARTESIAN_POINT('',(235.73828158112,123.72020348187,
    4.774482345749));
#2828 = CARTESIAN_POINT('',(234.26669455676,122.56412234048,
    2.387241172878));
#2829 = CARTESIAN_POINT('',(232.79510753241,121.40804119908,
    6.382450123965E-12));
#2830 = ADVANCED_FACE('',(#2831),#2849,.F.);
#2831 = FACE_BOUND('',#2832,.F.);
#2832 = EDGE_LOOP('',(#2833,#2840,#2841,#2848));
#2833 = ORIENTED_EDGE('',*,*,#2834,.T.);
#2834 = EDGE_CURVE('',#1299,#1143,#2835,.T.);
#2835 = CIRCLE('',#2836,0.25);
#2836 = AXIS2_PLACEMENT_3D('',#2837,#2838,#2839);
#2837 = CARTESIAN_POINT('',(235.71038700102,126.56463966452,
    6.886069147312));
#2838 = DIRECTION('',(1.16851111955E-04,-0.995680370269,
    9.284711415476E-02));
#2839 = DIRECTION('',(6.626074129812E-02,9.265077779881E-02,
    0.993491493439));
#2840 = ORIENTED_EDGE('',*,*,#1168,.F.);
#2841 = ORIENTED_EDGE('',*,*,#2842,.F.);
#2842 = EDGE_CURVE('',#1288,#1161,#2843,.T.);
#2843 = CIRCLE('',#2844,0.25);
#2844 = AXIS2_PLACEMENT_3D('',#2845,#2846,#2847);
#2845 = CARTESIAN_POINT('',(235.6937336655,137.18042084966,
    5.897176532041));
#2846 = DIRECTION('',(1.644430199553E-04,-0.995680657991,
    9.284395651252E-02));
#2847 = DIRECTION('',(6.632293983198E-02,9.265039409055E-02,
    0.993487378947));
#2848 = ORIENTED_EDGE('',*,*,#1298,.F.);
#2849 = B_SPLINE_SURFACE_WITH_KNOTS('',3,3,(
    (#2850,#2851,#2852,#2853,#2854,#2855,#2856,#2857,#2858)
    ,(#2859,#2860,#2861,#2862,#2863,#2864,#2865,#2866,#2867)
    ,(#2868,#2869,#2870,#2871,#2872,#2873,#2874,#2875,#2876)
    ,(#2877,#2878,#2879,#2880,#2881,#2882,#2883,#2884,#2885)
    ,(#2886,#2887,#2888,#2889,#2890,#2891,#2892,#2893,#2894
  )),.UNSPECIFIED.,.F.,.F.,.F.,(4,1,4),(4,1,1,1,1,1,4),(0.,
    0.571428571429,1.),(0.,0.761553880689,1.523107761377,4.569323284132,
    7.615538806886,9.138646568263,10.66175432964),.UNSPECIFIED.);
#2850 = CARTESIAN_POINT('',(235.4705077248,137.1908349912,6.009255633813
    ));
#2851 = CARTESIAN_POINT('',(235.47037006175,136.93717555298,
    6.032550925154));
#2852 = CARTESIAN_POINT('',(235.47078519596,136.43190929086,
    6.078609627354));
#2853 = CARTESIAN_POINT('',(235.47181603951,134.91472603689,
    6.216636499138));
#2854 = CARTESIAN_POINT('',(235.47369764936,132.6396958581,
    6.423480644069));
#2855 = CARTESIAN_POINT('',(235.47583539634,130.11126562758,
    6.653989880156));
#2856 = CARTESIAN_POINT('',(235.4772184099,128.08932454306,
    6.838711618998));
#2857 = CARTESIAN_POINT('',(235.47818370306,127.07746769648,
    6.931438895228));
#2858 = CARTESIAN_POINT('',(235.47796343859,126.57316226775,
    6.977756948371));
#2859 = CARTESIAN_POINT('',(235.49559563401,137.19545834851,
    6.058793181392));
#2860 = CARTESIAN_POINT('',(235.49541151994,136.94189049011,
    6.082188995629));
#2861 = CARTESIAN_POINT('',(235.49569884159,136.43661972459,
    6.128551046173));
#2862 = CARTESIAN_POINT('',(235.496297337,134.91955716221,6.267558602132
    ));
#2863 = CARTESIAN_POINT('',(235.49748505865,132.64463948941,
    6.475889351408));
#2864 = CARTESIAN_POINT('',(235.49887712453,130.11637215227,
    6.707839242875));
#2865 = CARTESIAN_POINT('',(235.4996784524,128.09449217974,6.89361024525
    ));
#2866 = CARTESIAN_POINT('',(235.50040093003,127.08272651187,
    6.986763506723));
#2867 = CARTESIAN_POINT('',(235.50006146091,126.5783435574,
    7.033292613265));
#2868 = CARTESIAN_POINT('',(235.56961358592,137.20210911193,
    6.12998645045));
#2869 = CARTESIAN_POINT('',(235.56946128995,136.94882156189,
    6.153547588974));
#2870 = CARTESIAN_POINT('',(235.56983266335,136.44349767358,
    6.200452078137));
#2871 = CARTESIAN_POINT('',(235.57069690849,134.9266991798,
    6.341201318944));
#2872 = CARTESIAN_POINT('',(235.57222635674,132.6519571208,6.55223842869
    ));
#2873 = CARTESIAN_POINT('',(235.57387419501,130.12405750867,
    6.786871382952));
#2874 = CARTESIAN_POINT('',(235.57484010857,128.10222794122,
    6.974619098597));
#2875 = CARTESIAN_POINT('',(235.5756112332,127.09074160927,
    7.068585354467));
#2876 = CARTESIAN_POINT('',(235.57530046391,126.58602107383,
    7.115530609606));
#2877 = CARTESIAN_POINT('',(235.66861622016,137.20383395165,
    6.148308690313));
#2878 = CARTESIAN_POINT('',(235.66860132803,136.95092139897,
    6.171896048771));
#2879 = CARTESIAN_POINT('',(235.66935660902,136.44546975458,
    6.218982899965));
#2880 = CARTESIAN_POINT('',(235.67147793398,134.92886917896,
    6.360276659682));
#2881 = CARTESIAN_POINT('',(235.67491851707,132.6541045728,
    6.572184919469));
#2882 = CARTESIAN_POINT('',(235.67844070002,130.12646415838,
    6.807669685804));
#2883 = CARTESIAN_POINT('',(235.68076437729,128.1044991982,
    6.996079734207));
#2884 = CARTESIAN_POINT('',(235.68210332351,127.09334294964,
    7.090286834952));
#2885 = CARTESIAN_POINT('',(235.6820549577,126.58807395675,
    7.137411104881));
#2886 = CARTESIAN_POINT('',(235.71031440046,137.20358344818,
    6.145548376779));
#2887 = CARTESIAN_POINT('',(235.71035610556,136.95082862542,
    6.169116937819));
#2888 = CARTESIAN_POINT('',(235.7112699755,136.44531456488,
    6.216199033158));
#2889 = CARTESIAN_POINT('',(235.71391010701,134.92877316644,
    6.35745203521));
#2890 = CARTESIAN_POINT('',(235.71814032066,132.65395977488,
    6.569313686984));
#2891 = CARTESIAN_POINT('',(235.72243661294,130.12639105496,
    6.804742413997));
#2892 = CARTESIAN_POINT('',(235.72531909496,128.10433888706,
    6.993122163366));
#2893 = CARTESIAN_POINT('',(235.72689291612,127.09331185856,
    7.087303296945));
#2894 = CARTESIAN_POINT('',(235.72695218634,126.58780235893,
    7.134442020674));
#2895 = ADVANCED_FACE('',(#2896,#2899),#2974,.T.);
#2896 = FACE_BOUND('',#2897,.T.);
#2897 = EDGE_LOOP('',(#2898));
#2898 = ORIENTED_EDGE('',*,*,#941,.T.);
#2899 = FACE_BOUND('',#2900,.T.);
#2900 = EDGE_LOOP('',(#2901,#2902,#2910,#2918,#2926,#2934,#2942,#2950,
    #2958,#2966,#2972,#2973));
#2901 = ORIENTED_EDGE('',*,*,#219,.T.);
#2902 = ORIENTED_EDGE('',*,*,#2903,.T.);
#2903 = EDGE_CURVE('',#212,#2904,#2906,.T.);
#2904 = VERTEX_POINT('',#2905);
#2905 = CARTESIAN_POINT('',(239.50135753241,130.9080411991,
    0.200000000004));
#2906 = LINE('',#2907,#2908);
#2907 = CARTESIAN_POINT('',(236.00135753241,130.9080411991,
    0.200000000004));
#2908 = VECTOR('',#2909,1.);
#2909 = DIRECTION('',(-1.,0.,0.));
#2910 = ORIENTED_EDGE('',*,*,#2911,.T.);
#2911 = EDGE_CURVE('',#2904,#2912,#2914,.T.);
#2912 = VERTEX_POINT('',#2913);
#2913 = CARTESIAN_POINT('',(239.50135753241,129.9080411991,
    0.200000000004));
#2914 = LINE('',#2915,#2916);
#2915 = CARTESIAN_POINT('',(239.50135753241,125.6620274446,
    0.200000000004));
#2916 = VECTOR('',#2917,1.);
#2917 = DIRECTION('',(0.,-1.,3.061616997868E-16));
#2918 = ORIENTED_EDGE('',*,*,#2919,.T.);
#2919 = EDGE_CURVE('',#2912,#2920,#2922,.T.);
#2920 = VERTEX_POINT('',#2921);
#2921 = CARTESIAN_POINT('',(241.00135753241,129.9080411991,
    0.200000000004));
#2922 = LINE('',#2923,#2924);
#2923 = CARTESIAN_POINT('',(236.75135753241,129.9080411991,
    0.200000000004));
#2924 = VECTOR('',#2925,1.);
#2925 = DIRECTION('',(1.,0.,0.));
#2926 = ORIENTED_EDGE('',*,*,#2927,.T.);
#2927 = EDGE_CURVE('',#2920,#2928,#2930,.T.);
#2928 = VERTEX_POINT('',#2929);
#2929 = CARTESIAN_POINT('',(241.00135753241,128.4080411991,
    0.200000000004));
#2930 = LINE('',#2931,#2932);
#2931 = CARTESIAN_POINT('',(241.00135753241,126.1620274446,
    0.200000000004));
#2932 = VECTOR('',#2933,1.);
#2933 = DIRECTION('',(0.,-1.,3.061616997868E-16));
#2934 = ORIENTED_EDGE('',*,*,#2935,.T.);
#2935 = EDGE_CURVE('',#2928,#2936,#2938,.T.);
#2936 = VERTEX_POINT('',#2937);
#2937 = CARTESIAN_POINT('',(242.00135753241,128.4080411991,
    0.200000000004));
#2938 = LINE('',#2939,#2940);
#2939 = CARTESIAN_POINT('',(237.25135753241,128.4080411991,
    0.200000000004));
#2940 = VECTOR('',#2941,1.);
#2941 = DIRECTION('',(1.,0.,0.));
#2942 = ORIENTED_EDGE('',*,*,#2943,.T.);
#2943 = EDGE_CURVE('',#2936,#2944,#2946,.T.);
#2944 = VERTEX_POINT('',#2945);
#2945 = CARTESIAN_POINT('',(242.00135753241,129.9080411991,
    0.200000000004));
#2946 = LINE('',#2947,#2948);
#2947 = CARTESIAN_POINT('',(242.00135753241,125.6620274446,
    0.200000000004));
#2948 = VECTOR('',#2949,1.);
#2949 = DIRECTION('',(0.,1.,-3.061616997868E-16));
#2950 = ORIENTED_EDGE('',*,*,#2951,.T.);
#2951 = EDGE_CURVE('',#2944,#2952,#2954,.T.);
#2952 = VERTEX_POINT('',#2953);
#2953 = CARTESIAN_POINT('',(243.50135753241,129.9080411991,
    0.200000000004));
#2954 = LINE('',#2955,#2956);
#2955 = CARTESIAN_POINT('',(236.75135753241,129.9080411991,
    0.200000000004));
#2956 = VECTOR('',#2957,1.);
#2957 = DIRECTION('',(1.,0.,0.));
#2958 = ORIENTED_EDGE('',*,*,#2959,.T.);
#2959 = EDGE_CURVE('',#2952,#2960,#2962,.T.);
#2960 = VERTEX_POINT('',#2961);
#2961 = CARTESIAN_POINT('',(243.50135753241,130.9080411991,
    0.200000000004));
#2962 = LINE('',#2963,#2964);
#2963 = CARTESIAN_POINT('',(243.50135753241,126.1620274446,
    0.200000000004));
#2964 = VECTOR('',#2965,1.);
#2965 = DIRECTION('',(0.,1.,-3.061616997868E-16));
#2966 = ORIENTED_EDGE('',*,*,#2967,.T.);
#2967 = EDGE_CURVE('',#2960,#165,#2968,.T.);
#2968 = LINE('',#2969,#2970);
#2969 = CARTESIAN_POINT('',(237.25135753241,130.9080411991,
    0.200000000004));
#2970 = VECTOR('',#2971,1.);
#2971 = DIRECTION('',(-1.,0.,0.));
#2972 = ORIENTED_EDGE('',*,*,#164,.T.);
#2973 = ORIENTED_EDGE('',*,*,#195,.T.);
#2974 = PLANE('',#2975);
#2975 = AXIS2_PLACEMENT_3D('',#2976,#2977,#2978);
#2976 = CARTESIAN_POINT('',(232.50135753241,121.4160136901,
    0.200000000004));
#2977 = DIRECTION('',(0.,-3.061616997868E-16,-1.));
#2978 = DIRECTION('',(0.,1.,-3.061616997868E-16));
#2979 = ADVANCED_FACE('',(#2980),#2996,.T.);
#2980 = FACE_BOUND('',#2981,.T.);
#2981 = EDGE_LOOP('',(#2982,#2983,#2989,#2990));
#2982 = ORIENTED_EDGE('',*,*,#52,.T.);
#2983 = ORIENTED_EDGE('',*,*,#2984,.F.);
#2984 = EDGE_CURVE('',#2912,#53,#2985,.T.);
#2985 = LINE('',#2986,#2987);
#2986 = CARTESIAN_POINT('',(239.50135753241,129.9080411991,
    4.330757974458E-12));
#2987 = VECTOR('',#2988,1.);
#2988 = DIRECTION('',(0.,0.,1.));
#2989 = ORIENTED_EDGE('',*,*,#2911,.F.);
#2990 = ORIENTED_EDGE('',*,*,#2991,.T.);
#2991 = EDGE_CURVE('',#2904,#44,#2992,.T.);
#2992 = LINE('',#2993,#2994);
#2993 = CARTESIAN_POINT('',(239.50135753241,130.9080411991,
    4.329869796038E-12));
#2994 = VECTOR('',#2995,1.);
#2995 = DIRECTION('',(0.,0.,1.));
#2996 = PLANE('',#2997);
#2997 = AXIS2_PLACEMENT_3D('',#2998,#2999,#3000);
#2998 = CARTESIAN_POINT('',(239.50135753241,129.9080411991,
    4.330757974458E-12));
#2999 = DIRECTION('',(1.,0.,0.));
#3000 = DIRECTION('',(0.,1.,-3.061616997868E-16));
#3001 = ADVANCED_FACE('',(#3002,#3013),#3075,.T.);
#3002 = FACE_BOUND('',#3003,.T.);
#3003 = EDGE_LOOP('',(#3004));
#3004 = ORIENTED_EDGE('',*,*,#3005,.T.);
#3005 = EDGE_CURVE('',#3006,#3006,#3008,.T.);
#3006 = VERTEX_POINT('',#3007);
#3007 = CARTESIAN_POINT('',(253.45135753241,127.7080411991,
    0.200000000004));
#3008 = CIRCLE('',#3009,2.7);
#3009 = AXIS2_PLACEMENT_3D('',#3010,#3011,#3012);
#3010 = CARTESIAN_POINT('',(253.45135753241,130.4080411991,
    0.200000000004));
#3011 = DIRECTION('',(0.,-3.061616997868E-16,-1.));
#3012 = DIRECTION('',(0.,1.,-3.061616997868E-16));
#3013 = FACE_BOUND('',#3014,.T.);
#3014 = EDGE_LOOP('',(#3015,#3016,#3024,#3030,#3031,#3039,#3045,#3046,
    #3054,#3060,#3061,#3069));
#3015 = ORIENTED_EDGE('',*,*,#1590,.T.);
#3016 = ORIENTED_EDGE('',*,*,#3017,.T.);
#3017 = EDGE_CURVE('',#1583,#3018,#3020,.T.);
#3018 = VERTEX_POINT('',#3019);
#3019 = CARTESIAN_POINT('',(252.95135753241,130.9080411991,
    0.200000000004));
#3020 = LINE('',#3021,#3022);
#3021 = CARTESIAN_POINT('',(252.95135753241,126.1620274446,
    0.200000000004));
#3022 = VECTOR('',#3023,1.);
#3023 = DIRECTION('',(0.,-1.,3.061616997868E-16));
#3024 = ORIENTED_EDGE('',*,*,#3025,.T.);
#3025 = EDGE_CURVE('',#3018,#1374,#3026,.T.);
#3026 = LINE('',#3027,#3028);
#3027 = CARTESIAN_POINT('',(247.95135753241,130.9080411991,
    0.200000000004));
#3028 = VECTOR('',#3029,1.);
#3029 = DIRECTION('',(-1.,0.,0.));
#3030 = ORIENTED_EDGE('',*,*,#1373,.T.);
#3031 = ORIENTED_EDGE('',*,*,#3032,.T.);
#3032 = EDGE_CURVE('',#1366,#3033,#3035,.T.);
#3033 = VERTEX_POINT('',#3034);
#3034 = CARTESIAN_POINT('',(252.95135753241,129.9080411991,
    0.200000000004));
#3035 = LINE('',#3036,#3037);
#3036 = CARTESIAN_POINT('',(248.70135753241,129.9080411991,
    0.200000000004));
#3037 = VECTOR('',#3038,1.);
#3038 = DIRECTION('',(1.,0.,0.));
#3039 = ORIENTED_EDGE('',*,*,#3040,.T.);
#3040 = EDGE_CURVE('',#3033,#1529,#3041,.T.);
#3041 = LINE('',#3042,#3043);
#3042 = CARTESIAN_POINT('',(252.95135753241,126.1620274446,
    0.200000000004));
#3043 = VECTOR('',#3044,1.);
#3044 = DIRECTION('',(0.,-1.,3.061616997868E-16));
#3045 = ORIENTED_EDGE('',*,*,#1528,.T.);
#3046 = ORIENTED_EDGE('',*,*,#3047,.T.);
#3047 = EDGE_CURVE('',#1521,#3048,#3050,.T.);
#3048 = VERTEX_POINT('',#3049);
#3049 = CARTESIAN_POINT('',(253.95135753241,129.9080411991,
    0.200000000004));
#3050 = LINE('',#3051,#3052);
#3051 = CARTESIAN_POINT('',(253.95135753241,125.6620274446,
    0.200000000004));
#3052 = VECTOR('',#3053,1.);
#3053 = DIRECTION('',(0.,1.,-3.061616997868E-16));
#3054 = ORIENTED_EDGE('',*,*,#3055,.T.);
#3055 = EDGE_CURVE('',#3048,#1560,#3056,.T.);
#3056 = LINE('',#3057,#3058);
#3057 = CARTESIAN_POINT('',(248.70135753241,129.9080411991,
    0.200000000004));
#3058 = VECTOR('',#3059,1.);
#3059 = DIRECTION('',(1.,0.,0.));
#3060 = ORIENTED_EDGE('',*,*,#1559,.T.);
#3061 = ORIENTED_EDGE('',*,*,#3062,.T.);
#3062 = EDGE_CURVE('',#1552,#3063,#3065,.T.);
#3063 = VERTEX_POINT('',#3064);
#3064 = CARTESIAN_POINT('',(253.95135753241,130.9080411991,
    0.200000000004));
#3065 = LINE('',#3066,#3067);
#3066 = CARTESIAN_POINT('',(249.20135753241,130.9080411991,
    0.200000000004));
#3067 = VECTOR('',#3068,1.);
#3068 = DIRECTION('',(-1.,0.,0.));
#3069 = ORIENTED_EDGE('',*,*,#3070,.T.);
#3070 = EDGE_CURVE('',#3063,#1591,#3071,.T.);
#3071 = LINE('',#3072,#3073);
#3072 = CARTESIAN_POINT('',(253.95135753241,126.9120274446,
    0.200000000004));
#3073 = VECTOR('',#3074,1.);
#3074 = DIRECTION('',(0.,1.,-3.061616997868E-16));
#3075 = PLANE('',#3076);
#3076 = AXIS2_PLACEMENT_3D('',#3077,#3078,#3079);
#3077 = CARTESIAN_POINT('',(244.45135753241,121.4160136901,
    0.200000000004));
#3078 = DIRECTION('',(0.,-3.061616997868E-16,-1.));
#3079 = DIRECTION('',(0.,1.,-3.061616997868E-16));
#3080 = ADVANCED_FACE('',(#3081),#3220,.T.);
#3081 = FACE_BOUND('',#3082,.T.);
#3082 = EDGE_LOOP('',(#3083,#3084,#3098,#3107,#3113,#3114,#3122,#3131,
    #3137,#3138,#3139,#3148,#3160,#3161,#3169,#3178,#3190,#3191,#3205,
    #3214));
#3083 = ORIENTED_EDGE('',*,*,#2698,.T.);
#3084 = ORIENTED_EDGE('',*,*,#3085,.T.);
#3085 = EDGE_CURVE('',#2699,#3086,#3088,.T.);
#3086 = VERTEX_POINT('',#3087);
#3087 = CARTESIAN_POINT('',(256.13172597723,130.73304119909,
    1.944032227594));
#3088 = B_SPLINE_CURVE_WITH_KNOTS('',3,(#3089,#3090,#3091,#3092,#3093,
    #3094,#3095,#3096,#3097),.UNSPECIFIED.,.F.,.F.,(4,2,3,4),(
    0.641394222672,1.60645899368,3.21291798736,3.61291798736),
  .UNSPECIFIED.);
#3089 = CARTESIAN_POINT('',(256.13172597723,130.73304119909,
    4.915555992282));
#3090 = CARTESIAN_POINT('',(256.13172597723,130.73304119909,
    4.59386773528));
#3091 = CARTESIAN_POINT('',(256.13172597723,130.73304119909,
    4.272179478277));
#3092 = CARTESIAN_POINT('',(256.13172597723,130.73304119909,
    3.415004890048));
#3093 = CARTESIAN_POINT('',(256.13172597723,130.73304119909,
    2.879518558821));
#3094 = CARTESIAN_POINT('',(256.13172597723,130.73304119909,
    2.344032227594));
#3095 = CARTESIAN_POINT('',(256.13172597723,130.73304119909,
    2.210698894261));
#3096 = CARTESIAN_POINT('',(256.13172597723,130.73304119909,
    2.077365560928));
#3097 = CARTESIAN_POINT('',(256.13172597723,130.73304119909,
    1.944032227594));
#3098 = ORIENTED_EDGE('',*,*,#3099,.F.);
#3099 = EDGE_CURVE('',#3100,#3086,#3102,.T.);
#3100 = VERTEX_POINT('',#3101);
#3101 = CARTESIAN_POINT('',(256.13172597723,130.08304119909,
    1.944032227594));
#3102 = CIRCLE('',#3103,2.7);
#3103 = AXIS2_PLACEMENT_3D('',#3104,#3105,#3106);
#3104 = CARTESIAN_POINT('',(253.45135753241,130.4080411991,
    1.944032227594));
#3105 = DIRECTION('',(0.,-0.,1.));
#3106 = DIRECTION('',(0.,1.,0.));
#3107 = ORIENTED_EDGE('',*,*,#3108,.T.);
#3108 = EDGE_CURVE('',#3100,#2408,#3109,.T.);
#3109 = LINE('',#3110,#3111);
#3110 = CARTESIAN_POINT('',(256.13172597723,130.08304119909,
    4.333422509717E-12));
#3111 = VECTOR('',#3112,1.);
#3112 = DIRECTION('',(0.,0.,1.));
#3113 = ORIENTED_EDGE('',*,*,#2422,.T.);
#3114 = ORIENTED_EDGE('',*,*,#3115,.T.);
#3115 = EDGE_CURVE('',#2423,#3116,#3118,.T.);
#3116 = VERTEX_POINT('',#3117);
#3117 = CARTESIAN_POINT('',(253.77635753241,127.72767275428,
    1.944032227594));
#3118 = LINE('',#3119,#3120);
#3119 = CARTESIAN_POINT('',(253.77635753241,127.72767275428,
    4.333422509717E-12));
#3120 = VECTOR('',#3121,1.);
#3121 = DIRECTION('',(0.,0.,-1.));
#3122 = ORIENTED_EDGE('',*,*,#3123,.F.);
#3123 = EDGE_CURVE('',#3124,#3116,#3126,.T.);
#3124 = VERTEX_POINT('',#3125);
#3125 = CARTESIAN_POINT('',(253.45135753241,127.7080411991,
    1.944032227594));
#3126 = CIRCLE('',#3127,2.7);
#3127 = AXIS2_PLACEMENT_3D('',#3128,#3129,#3130);
#3128 = CARTESIAN_POINT('',(253.45135753241,130.4080411991,
    1.944032227594));
#3129 = DIRECTION('',(0.,-0.,1.));
#3130 = DIRECTION('',(0.,1.,0.));
#3131 = ORIENTED_EDGE('',*,*,#3132,.T.);
#3132 = EDGE_CURVE('',#3124,#3006,#3133,.T.);
#3133 = LINE('',#3134,#3135);
#3134 = CARTESIAN_POINT('',(253.45135753241,127.7080411991,
    4.333422509717E-12));
#3135 = VECTOR('',#3136,1.);
#3136 = DIRECTION('',(0.,0.,-1.));
#3137 = ORIENTED_EDGE('',*,*,#3005,.F.);
#3138 = ORIENTED_EDGE('',*,*,#3132,.F.);
#3139 = ORIENTED_EDGE('',*,*,#3140,.F.);
#3140 = EDGE_CURVE('',#3141,#3124,#3143,.T.);
#3141 = VERTEX_POINT('',#3142);
#3142 = CARTESIAN_POINT('',(253.12635753241,127.72767275428,
    1.944032227594));
#3143 = CIRCLE('',#3144,2.7);
#3144 = AXIS2_PLACEMENT_3D('',#3145,#3146,#3147);
#3145 = CARTESIAN_POINT('',(253.45135753241,130.4080411991,
    1.944032227594));
#3146 = DIRECTION('',(0.,-0.,1.));
#3147 = DIRECTION('',(0.,1.,0.));
#3148 = ORIENTED_EDGE('',*,*,#3149,.T.);
#3149 = EDGE_CURVE('',#3141,#2571,#3150,.T.);
#3150 = B_SPLINE_CURVE_WITH_KNOTS('',3,(#3151,#3152,#3153,#3154,#3155,
    #3156,#3157,#3158,#3159),.UNSPECIFIED.,.F.,.F.,(4,3,2,4),(-0.4,0.,
    1.71945233277,2.838507663605),.UNSPECIFIED.);
#3151 = CARTESIAN_POINT('',(253.12635753241,127.72767275428,
    1.944032227594));
#3152 = CARTESIAN_POINT('',(253.12635753241,127.72767275428,
    2.077365560928));
#3153 = CARTESIAN_POINT('',(253.12635753241,127.72767275428,
    2.210698894261));
#3154 = CARTESIAN_POINT('',(253.12635753241,127.72767275428,
    2.344032227594));
#3155 = CARTESIAN_POINT('',(253.12635753241,127.72767275428,
    2.917183005184));
#3156 = CARTESIAN_POINT('',(253.12635753241,127.72767275428,
    3.490333782774));
#3157 = CARTESIAN_POINT('',(253.12635753241,127.72767275428,
    4.436503003976));
#3158 = CARTESIAN_POINT('',(253.12635753241,127.72767275428,
    4.809521447587));
#3159 = CARTESIAN_POINT('',(253.12635753241,127.72767275428,
    5.182539891199));
#3160 = ORIENTED_EDGE('',*,*,#2581,.T.);
#3161 = ORIENTED_EDGE('',*,*,#3162,.T.);
#3162 = EDGE_CURVE('',#2582,#3163,#3165,.T.);
#3163 = VERTEX_POINT('',#3164);
#3164 = CARTESIAN_POINT('',(250.77098908759,130.08304119909,
    1.944032227594));
#3165 = LINE('',#3166,#3167);
#3166 = CARTESIAN_POINT('',(250.77098908759,130.08304119909,
    4.333422509717E-12));
#3167 = VECTOR('',#3168,1.);
#3168 = DIRECTION('',(0.,0.,-1.));
#3169 = ORIENTED_EDGE('',*,*,#3170,.F.);
#3170 = EDGE_CURVE('',#3171,#3163,#3173,.T.);
#3171 = VERTEX_POINT('',#3172);
#3172 = CARTESIAN_POINT('',(250.77098908758,130.73304119909,
    1.944032227594));
#3173 = CIRCLE('',#3174,2.7);
#3174 = AXIS2_PLACEMENT_3D('',#3175,#3176,#3177);
#3175 = CARTESIAN_POINT('',(253.45135753241,130.4080411991,
    1.944032227594));
#3176 = DIRECTION('',(0.,-0.,1.));
#3177 = DIRECTION('',(0.,1.,0.));
#3178 = ORIENTED_EDGE('',*,*,#3179,.T.);
#3179 = EDGE_CURVE('',#3171,#1613,#3180,.T.);
#3180 = B_SPLINE_CURVE_WITH_KNOTS('',3,(#3181,#3182,#3183,#3184,#3185,
    #3186,#3187,#3188,#3189),.UNSPECIFIED.,.F.,.F.,(4,3,2,4),(-0.4,0.,
    1.606389114344,2.571428184087),.UNSPECIFIED.);
#3181 = CARTESIAN_POINT('',(250.77098908758,130.73304119909,
    1.944032227594));
#3182 = CARTESIAN_POINT('',(250.77098908758,130.73304119909,
    2.077365560928));
#3183 = CARTESIAN_POINT('',(250.77098908758,130.73304119909,
    2.210698894261));
#3184 = CARTESIAN_POINT('',(250.77098908758,130.73304119909,
    2.344032227594));
#3185 = CARTESIAN_POINT('',(250.77098908758,130.73304119909,
    2.879495265709));
#3186 = CARTESIAN_POINT('',(250.77098908758,130.73304119909,
    3.414958303824));
#3187 = CARTESIAN_POINT('',(250.77098908758,130.73304119909,
    4.272101031852));
#3188 = CARTESIAN_POINT('',(250.77098908758,130.73304119909,
    4.593780721767));
#3189 = CARTESIAN_POINT('',(250.77098908758,130.73304119909,
    4.915460411681));
#3190 = ORIENTED_EDGE('',*,*,#1624,.T.);
#3191 = ORIENTED_EDGE('',*,*,#3192,.T.);
#3192 = EDGE_CURVE('',#1625,#3193,#3195,.T.);
#3193 = VERTEX_POINT('',#3194);
#3194 = CARTESIAN_POINT('',(253.12635753241,133.08840964392,
    1.944032227594));
#3195 = B_SPLINE_CURVE_WITH_KNOTS('',3,(#3196,#3197,#3198,#3199,#3200,
    #3201,#3202,#3203,#3204),.UNSPECIFIED.,.F.,.F.,(4,2,3,4),(
    0.621392274351,1.479984848149,2.959969696297,3.359969696297),
  .UNSPECIFIED.);
#3196 = CARTESIAN_POINT('',(253.12635753241,133.08840964392,
    4.682609649541));
#3197 = CARTESIAN_POINT('',(253.12635753241,133.08840964392,
    4.396412124942));
#3198 = CARTESIAN_POINT('',(253.12635753241,133.08840964392,
    4.110214600342));
#3199 = CARTESIAN_POINT('',(253.12635753241,133.08840964392,
    3.330688793027));
#3200 = CARTESIAN_POINT('',(253.12635753241,133.08840964392,
    2.837360510311));
#3201 = CARTESIAN_POINT('',(253.12635753241,133.08840964392,
    2.344032227594));
#3202 = CARTESIAN_POINT('',(253.12635753241,133.08840964392,
    2.210698894261));
#3203 = CARTESIAN_POINT('',(253.12635753241,133.08840964392,
    2.077365560928));
#3204 = CARTESIAN_POINT('',(253.12635753241,133.08840964392,
    1.944032227594));
#3205 = ORIENTED_EDGE('',*,*,#3206,.F.);
#3206 = EDGE_CURVE('',#3207,#3193,#3209,.T.);
#3207 = VERTEX_POINT('',#3208);
#3208 = CARTESIAN_POINT('',(253.77635753241,133.08840964392,
    1.944032227594));
#3209 = CIRCLE('',#3210,2.7);
#3210 = AXIS2_PLACEMENT_3D('',#3211,#3212,#3213);
#3211 = CARTESIAN_POINT('',(253.45135753241,130.4080411991,
    1.944032227594));
#3212 = DIRECTION('',(0.,-0.,1.));
#3213 = DIRECTION('',(0.,1.,0.));
#3214 = ORIENTED_EDGE('',*,*,#3215,.T.);
#3215 = EDGE_CURVE('',#3207,#2688,#3216,.T.);
#3216 = LINE('',#3217,#3218);
#3217 = CARTESIAN_POINT('',(253.77635753241,133.08840964392,
    4.333422509717E-12));
#3218 = VECTOR('',#3219,1.);
#3219 = DIRECTION('',(0.,0.,1.));
#3220 = CYLINDRICAL_SURFACE('',#3221,2.7);
#3221 = AXIS2_PLACEMENT_3D('',#3222,#3223,#3224);
#3222 = CARTESIAN_POINT('',(253.45135753241,130.4080411991,
    4.333422509717E-12));
#3223 = DIRECTION('',(0.,0.,1.));
#3224 = DIRECTION('',(0.,1.,0.));
#3225 = ADVANCED_FACE('',(#3226),#3242,.T.);
#3226 = FACE_BOUND('',#3227,.T.);
#3227 = EDGE_LOOP('',(#3228,#3234,#3235,#3241));
#3228 = ORIENTED_EDGE('',*,*,#3229,.F.);
#3229 = EDGE_CURVE('',#2368,#329,#3230,.T.);
#3230 = LINE('',#3231,#3232);
#3231 = CARTESIAN_POINT('',(264.90135753241,129.9080411991,
    4.330757974458E-12));
#3232 = VECTOR('',#3233,1.);
#3233 = DIRECTION('',(0.,0.,1.));
#3234 = ORIENTED_EDGE('',*,*,#2367,.F.);
#3235 = ORIENTED_EDGE('',*,*,#3236,.T.);
#3236 = EDGE_CURVE('',#2360,#318,#3237,.T.);
#3237 = LINE('',#3238,#3239);
#3238 = CARTESIAN_POINT('',(263.40135753241,129.9080411991,
    4.330757974458E-12));
#3239 = VECTOR('',#3240,1.);
#3240 = DIRECTION('',(0.,0.,1.));
#3241 = ORIENTED_EDGE('',*,*,#328,.T.);
#3242 = PLANE('',#3243);
#3243 = AXIS2_PLACEMENT_3D('',#3244,#3245,#3246);
#3244 = CARTESIAN_POINT('',(264.90135753241,129.9080411991,
    4.330757974458E-12));
#3245 = DIRECTION('',(0.,1.,0.));
#3246 = DIRECTION('',(-1.,0.,0.));
#3247 = ADVANCED_FACE('',(#3248),#3254,.T.);
#3248 = FACE_BOUND('',#3249,.T.);
#3249 = EDGE_LOOP('',(#3250,#3251,#3252,#3253));
#3250 = ORIENTED_EDGE('',*,*,#317,.T.);
#3251 = ORIENTED_EDGE('',*,*,#3236,.F.);
#3252 = ORIENTED_EDGE('',*,*,#2359,.F.);
#3253 = ORIENTED_EDGE('',*,*,#735,.T.);
#3254 = PLANE('',#3255);
#3255 = AXIS2_PLACEMENT_3D('',#3256,#3257,#3258);
#3256 = CARTESIAN_POINT('',(263.40135753241,129.9080411991,
    4.330757974458E-12));
#3257 = DIRECTION('',(1.,0.,0.));
#3258 = DIRECTION('',(0.,1.,-3.061616997868E-16));
#3259 = ADVANCED_FACE('',(#3260),#3266,.T.);
#3260 = FACE_BOUND('',#3261,.T.);
#3261 = EDGE_LOOP('',(#3262,#3263,#3264,#3265));
#3262 = ORIENTED_EDGE('',*,*,#263,.F.);
#3263 = ORIENTED_EDGE('',*,*,#2375,.F.);
#3264 = ORIENTED_EDGE('',*,*,#3229,.T.);
#3265 = ORIENTED_EDGE('',*,*,#337,.T.);
#3266 = PLANE('',#3267);
#3267 = AXIS2_PLACEMENT_3D('',#3268,#3269,#3270);
#3268 = CARTESIAN_POINT('',(264.90135753241,130.9080411991,
    4.329869796038E-12));
#3269 = DIRECTION('',(1.,0.,0.));
#3270 = DIRECTION('',(0.,1.,-3.061616997868E-16));
#3271 = ADVANCED_FACE('',(#3272),#3278,.T.);
#3272 = FACE_BOUND('',#3273,.T.);
#3273 = EDGE_LOOP('',(#3274,#3275,#3276,#3277));
#3274 = ORIENTED_EDGE('',*,*,#418,.F.);
#3275 = ORIENTED_EDGE('',*,*,#2382,.F.);
#3276 = ORIENTED_EDGE('',*,*,#247,.T.);
#3277 = ORIENTED_EDGE('',*,*,#345,.T.);
#3278 = PLANE('',#3279);
#3279 = AXIS2_PLACEMENT_3D('',#3280,#3281,#3282);
#3280 = CARTESIAN_POINT('',(265.90135753241,129.9080411991,
    4.330757974458E-12));
#3281 = DIRECTION('',(-1.,0.,0.));
#3282 = DIRECTION('',(0.,-1.,3.061616997868E-16));
#3283 = ADVANCED_FACE('',(#3284),#3295,.T.);
#3284 = FACE_BOUND('',#3285,.T.);
#3285 = EDGE_LOOP('',(#3286,#3287,#3288,#3294));
#3286 = ORIENTED_EDGE('',*,*,#1536,.F.);
#3287 = ORIENTED_EDGE('',*,*,#3040,.F.);
#3288 = ORIENTED_EDGE('',*,*,#3289,.T.);
#3289 = EDGE_CURVE('',#3033,#1396,#3290,.T.);
#3290 = LINE('',#3291,#3292);
#3291 = CARTESIAN_POINT('',(252.95135753241,129.9080411991,
    4.330757974458E-12));
#3292 = VECTOR('',#3293,1.);
#3293 = DIRECTION('',(0.,0.,1.));
#3294 = ORIENTED_EDGE('',*,*,#1404,.T.);
#3295 = PLANE('',#3296);
#3296 = AXIS2_PLACEMENT_3D('',#3297,#3298,#3299);
#3297 = CARTESIAN_POINT('',(252.95135753241,130.9080411991,
    4.329869796038E-12));
#3298 = DIRECTION('',(1.,0.,0.));
#3299 = DIRECTION('',(0.,1.,-3.061616997868E-16));
#3300 = ADVANCED_FACE('',(#3301),#3312,.T.);
#3301 = FACE_BOUND('',#3302,.T.);
#3302 = EDGE_LOOP('',(#3303,#3309,#3310,#3311));
#3303 = ORIENTED_EDGE('',*,*,#3304,.F.);
#3304 = EDGE_CURVE('',#3048,#1425,#3305,.T.);
#3305 = LINE('',#3306,#3307);
#3306 = CARTESIAN_POINT('',(253.95135753241,129.9080411991,
    4.330757974458E-12));
#3307 = VECTOR('',#3308,1.);
#3308 = DIRECTION('',(0.,0.,1.));
#3309 = ORIENTED_EDGE('',*,*,#3047,.F.);
#3310 = ORIENTED_EDGE('',*,*,#1520,.T.);
#3311 = ORIENTED_EDGE('',*,*,#1424,.T.);
#3312 = PLANE('',#3313);
#3313 = AXIS2_PLACEMENT_3D('',#3314,#3315,#3316);
#3314 = CARTESIAN_POINT('',(253.95135753241,129.9080411991,
    4.330757974458E-12));
#3315 = DIRECTION('',(-1.,0.,0.));
#3316 = DIRECTION('',(0.,-1.,3.061616997868E-16));
#3317 = ADVANCED_FACE('',(#3318),#3324,.T.);
#3318 = FACE_BOUND('',#3319,.T.);
#3319 = EDGE_LOOP('',(#3320,#3321,#3322,#3323));
#3320 = ORIENTED_EDGE('',*,*,#1567,.F.);
#3321 = ORIENTED_EDGE('',*,*,#3055,.F.);
#3322 = ORIENTED_EDGE('',*,*,#3304,.T.);
#3323 = ORIENTED_EDGE('',*,*,#1433,.T.);
#3324 = PLANE('',#3325);
#3325 = AXIS2_PLACEMENT_3D('',#3326,#3327,#3328);
#3326 = CARTESIAN_POINT('',(252.95135753241,129.9080411991,
    4.330757974458E-12));
#3327 = DIRECTION('',(0.,1.,0.));
#3328 = DIRECTION('',(-1.,0.,0.));
#3329 = ADVANCED_FACE('',(#3330),#3341,.T.);
#3330 = FACE_BOUND('',#3331,.T.);
#3331 = EDGE_LOOP('',(#3332,#3338,#3339,#3340));
#3332 = ORIENTED_EDGE('',*,*,#3333,.F.);
#3333 = EDGE_CURVE('',#3063,#1454,#3334,.T.);
#3334 = LINE('',#3335,#3336);
#3335 = CARTESIAN_POINT('',(253.95135753241,130.9080411991,
    4.329869796038E-12));
#3336 = VECTOR('',#3337,1.);
#3337 = DIRECTION('',(0.,0.,1.));
#3338 = ORIENTED_EDGE('',*,*,#3062,.F.);
#3339 = ORIENTED_EDGE('',*,*,#1551,.T.);
#3340 = ORIENTED_EDGE('',*,*,#1453,.T.);
#3341 = PLANE('',#3342);
#3342 = AXIS2_PLACEMENT_3D('',#3343,#3344,#3345);
#3343 = CARTESIAN_POINT('',(253.95135753241,130.9080411991,
    4.329869796038E-12));
#3344 = DIRECTION('',(0.,-1.,0.));
#3345 = DIRECTION('',(1.,0.,0.));
#3346 = ADVANCED_FACE('',(#3347),#3358,.T.);
#3347 = FACE_BOUND('',#3348,.T.);
#3348 = EDGE_LOOP('',(#3349,#3350,#3351,#3357));
#3349 = ORIENTED_EDGE('',*,*,#172,.F.);
#3350 = ORIENTED_EDGE('',*,*,#2967,.F.);
#3351 = ORIENTED_EDGE('',*,*,#3352,.T.);
#3352 = EDGE_CURVE('',#2960,#109,#3353,.T.);
#3353 = LINE('',#3354,#3355);
#3354 = CARTESIAN_POINT('',(243.50135753241,130.9080411991,
    4.329869796038E-12));
#3355 = VECTOR('',#3356,1.);
#3356 = DIRECTION('',(0.,0.,1.));
#3357 = ORIENTED_EDGE('',*,*,#119,.T.);
#3358 = PLANE('',#3359);
#3359 = AXIS2_PLACEMENT_3D('',#3360,#3361,#3362);
#3360 = CARTESIAN_POINT('',(242.00135753241,130.9080411991,
    4.329869796038E-12));
#3361 = DIRECTION('',(0.,-1.,0.));
#3362 = DIRECTION('',(1.,0.,0.));
#3363 = ADVANCED_FACE('',(#3364),#3380,.T.);
#3364 = FACE_BOUND('',#3365,.T.);
#3365 = EDGE_LOOP('',(#3366,#3372,#3373,#3379));
#3366 = ORIENTED_EDGE('',*,*,#3367,.F.);
#3367 = EDGE_CURVE('',#2944,#91,#3368,.T.);
#3368 = LINE('',#3369,#3370);
#3369 = CARTESIAN_POINT('',(242.00135753241,129.9080411991,
    4.330757974458E-12));
#3370 = VECTOR('',#3371,1.);
#3371 = DIRECTION('',(0.,0.,1.));
#3372 = ORIENTED_EDGE('',*,*,#2943,.F.);
#3373 = ORIENTED_EDGE('',*,*,#3374,.T.);
#3374 = EDGE_CURVE('',#2936,#82,#3375,.T.);
#3375 = LINE('',#3376,#3377);
#3376 = CARTESIAN_POINT('',(242.00135753241,128.4080411991,
    4.330757974458E-12));
#3377 = VECTOR('',#3378,1.);
#3378 = DIRECTION('',(0.,0.,1.));
#3379 = ORIENTED_EDGE('',*,*,#90,.T.);
#3380 = PLANE('',#3381);
#3381 = AXIS2_PLACEMENT_3D('',#3382,#3383,#3384);
#3382 = CARTESIAN_POINT('',(242.00135753241,129.9080411991,
    4.330757974458E-12));
#3383 = DIRECTION('',(-1.,0.,0.));
#3384 = DIRECTION('',(0.,-1.,3.061616997868E-16));
#3385 = ADVANCED_FACE('',(#3386),#3400,.F.);
#3386 = FACE_BOUND('',#3387,.F.);
#3387 = EDGE_LOOP('',(#3388,#3397,#3398,#3399));
#3388 = ORIENTED_EDGE('',*,*,#3389,.T.);
#3389 = EDGE_CURVE('',#2107,#1850,#3390,.T.);
#3390 = B_SPLINE_CURVE_WITH_KNOTS('',3,(#3391,#3392,#3393,#3394,#3395,
    #3396),.UNSPECIFIED.,.F.,.F.,(4,1,1,4),(-2.243594642649,
    -0.961540561136,-0.320513520379,-9.011175447464E-13),.UNSPECIFIED.);
#3391 = CARTESIAN_POINT('',(271.43220734002,137.19083499121,
    6.009255633806));
#3392 = CARTESIAN_POINT('',(271.42080598549,137.68368894215,
    5.986168611606));
#3393 = CARTESIAN_POINT('',(271.10183090617,138.39420250822,
    5.905574013941));
#3394 = CARTESIAN_POINT('',(270.34450958191,138.84604202712,
    5.780475399358));
#3395 = CARTESIAN_POINT('',(269.96583133779,138.90801067176,
    5.71537508031));
#3396 = CARTESIAN_POINT('',(269.83792066841,138.90997560254,
    5.692915818755));
#3397 = ORIENTED_EDGE('',*,*,#1858,.T.);
#3398 = ORIENTED_EDGE('',*,*,#2752,.F.);
#3399 = ORIENTED_EDGE('',*,*,#2185,.F.);
#3400 = B_SPLINE_SURFACE_WITH_KNOTS('',3,3,(
    (#3401,#3402,#3403,#3404)
    ,(#3405,#3406,#3407,#3408)
    ,(#3409,#3410,#3411,#3412)
    ,(#3413,#3414,#3415,#3416)
    ,(#3417,#3418,#3419,#3420)
    ,(#3421,#3422,#3423,#3424)
    ,(#3425,#3426,#3427,#3428
    )),.UNSPECIFIED.,.F.,.F.,.F.,(4,1,1,1,4),(4,4),(0.,0.285714285714,
    0.571428571429,0.714285714286,1.),(2.283404097264E-02,1.),
  .UNSPECIFIED.);
#3401 = CARTESIAN_POINT('',(271.42610965533,137.18673455968,
    6.021781286263));
#3402 = CARTESIAN_POINT('',(272.40327561436,137.84383677281,
    4.014520857509));
#3403 = CARTESIAN_POINT('',(273.38044157339,138.50093898595,
    2.007260428756));
#3404 = CARTESIAN_POINT('',(274.35760753241,139.15804119908,
    2.284394895469E-12));
#3405 = CARTESIAN_POINT('',(271.42610965533,137.44230476415,
    5.998027026222));
#3406 = CARTESIAN_POINT('',(272.40322342315,138.02674320292,
    3.998678188806));
#3407 = CARTESIAN_POINT('',(273.38049376459,138.61100267285,
    1.999348837418));
#3408 = CARTESIAN_POINT('',(274.35760753241,139.19544111163,
    2.284394895469E-12));
#3409 = CARTESIAN_POINT('',(271.30896464976,137.95339524322,
    5.950523146928));
#3410 = CARTESIAN_POINT('',(272.31946269781,138.39229630096,
    3.967020338613));
#3411 = CARTESIAN_POINT('',(273.33004040697,138.83133257227,
    1.983502808318));
#3412 = CARTESIAN_POINT('',(274.34053845503,139.27023363002,
    2.283506717049E-12));
#3413 = CARTESIAN_POINT('',(270.89857320457,138.4651908034,
    5.902953733077));
#3414 = CARTESIAN_POINT('',(272.02591296885,138.75844127247,
    3.935309279847));
#3415 = CARTESIAN_POINT('',(273.15340097852,139.05187886028,
    1.967644453232));
#3416 = CARTESIAN_POINT('',(274.2807407428,139.34512932935,
    2.283950806259E-12));
#3417 = CARTESIAN_POINT('',(270.35154720057,138.80720404025,
    5.871164928188));
#3418 = CARTESIAN_POINT('',(271.63470163592,139.00317689323,
    3.914112007692));
#3419 = CARTESIAN_POINT('',(272.91787971522,139.19920638407,
    1.957052920498));
#3420 = CARTESIAN_POINT('',(274.20103415057,139.39517923705,
    2.283950806259E-12));
#3421 = CARTESIAN_POINT('',(269.96703615777,138.89509553629,
    5.862995754254));
#3422 = CARTESIAN_POINT('',(271.35963599831,139.06593013887,
    3.908679872481));
#3423 = CARTESIAN_POINT('',(272.75240760442,139.23720659651,
    1.954315881775));
#3424 = CARTESIAN_POINT('',(274.14500744496,139.40804119908,
    2.284394895469E-12));
#3425 = CARTESIAN_POINT('',(269.71036071679,138.89509553629,
    5.862995754254));
#3426 = CARTESIAN_POINT('',(271.17610965533,139.06607742389,
    3.90866383617));
#3427 = CARTESIAN_POINT('',(272.64185859387,139.23705931149,
    1.954331918086));
#3428 = CARTESIAN_POINT('',(274.10760753241,139.40804119908,
    2.284394895469E-12));
#3429 = ADVANCED_FACE('',(#3430),#3444,.F.);
#3430 = FACE_BOUND('',#3431,.F.);
#3431 = EDGE_LOOP('',(#3432,#3441,#3442,#3443));
#3432 = ORIENTED_EDGE('',*,*,#3433,.T.);
#3433 = EDGE_CURVE('',#1883,#2097,#3434,.T.);
#3434 = B_SPLINE_CURVE_WITH_KNOTS('',3,(#3435,#3436,#3437,#3438,#3439,
    #3440),.UNSPECIFIED.,.F.,.F.,(4,1,1,4),(-2.301504234381,
    -1.643931595986,-0.986358957592,0.),.UNSPECIFIED.);
#3435 = CARTESIAN_POINT('',(269.76456558363,124.81994196349,
    7.045379161454));
#3436 = CARTESIAN_POINT('',(270.02142059983,124.83537513623,
    7.077247776967));
#3437 = CARTESIAN_POINT('',(270.51804656521,124.99291835481,
    7.112615973488));
#3438 = CARTESIAN_POINT('',(271.18549336014,125.58423052568,
    7.102148359835));
#3439 = CARTESIAN_POINT('',(271.41414449687,126.19459934457,
    7.039833782301));
#3440 = CARTESIAN_POINT('',(271.42475162623,126.57316226779,
    6.977756948362));
#3441 = ORIENTED_EDGE('',*,*,#2176,.T.);
#3442 = ORIENTED_EDGE('',*,*,#2760,.F.);
#3443 = ORIENTED_EDGE('',*,*,#1932,.F.);
#3444 = B_SPLINE_SURFACE_WITH_KNOTS('',3,3,(
    (#3445,#3446,#3447,#3448)
    ,(#3449,#3450,#3451,#3452)
    ,(#3453,#3454,#3455,#3456)
    ,(#3457,#3458,#3459,#3460)
    ,(#3461,#3462,#3463,#3464)
    ,(#3465,#3466,#3467,#3468)
    ,(#3469,#3470,#3471,#3472
    )),.UNSPECIFIED.,.F.,.F.,.F.,(4,1,1,1,4),(4,4),(0.,0.285714285714,
    0.571428571429,0.714285714286,1.),(1.894198376393E-02,1.),
  .UNSPECIFIED.);
#3445 = CARTESIAN_POINT('',(269.69284645935,124.87628462327,
    7.161723518616));
#3446 = CARTESIAN_POINT('',(271.1644334837,123.72020348187,
    4.774482345745));
#3447 = CARTESIAN_POINT('',(272.63602050806,122.56412234048,
    2.387241172874));
#3448 = CARTESIAN_POINT('',(274.10760753241,121.40804119908,
    2.284394895469E-12));
#3449 = CARTESIAN_POINT('',(269.95039527593,124.87628462327,
    7.161723518616));
#3450 = CARTESIAN_POINT('',(271.34865952958,123.72025561684,
    4.774476669318));
#3451 = CARTESIAN_POINT('',(272.74674319131,122.56407020551,2.3872468493
    ));
#3452 = CARTESIAN_POINT('',(274.14500744496,121.40804119908,
    2.284394895469E-12));
#3453 = CARTESIAN_POINT('',(270.4654425928,124.99332179981,7.15083904758
    ));
#3454 = CARTESIAN_POINT('',(271.71684956975,123.80394448375,
    4.767223143687));
#3455 = CARTESIAN_POINT('',(272.96839298643,122.61448759251,
    2.383615903895));
#3456 = CARTESIAN_POINT('',(274.21979996337,121.42511027646,
    2.286615341518E-12));
#3457 = CARTESIAN_POINT('',(270.98120044934,125.40333549032,
    7.112707726651));
#3458 = CARTESIAN_POINT('',(272.08563591524,124.09724235165,
    4.741799776609));
#3459 = CARTESIAN_POINT('',(273.19026019679,122.79100112737,
    2.370907950044));
#3460 = CARTESIAN_POINT('',(274.29469566269,121.48490798869,
    2.284838984679E-12));
#3461 = CARTESIAN_POINT('',(271.32586153606,125.9498579711,
    7.061881072344));
#3462 = CARTESIAN_POINT('',(272.3321371637,124.48811804717,4.70791985771
    ));
#3463 = CARTESIAN_POINT('',(273.33846994277,123.02635450485,
    2.353961214636));
#3464 = CARTESIAN_POINT('',(274.3447455704,121.56461458092,
    2.285283073888E-12));
#3465 = CARTESIAN_POINT('',(271.4144334837,126.3340150815,7.026154416374
    ));
#3466 = CARTESIAN_POINT('',(272.39534287917,124.76294767668,
    4.684096717054));
#3467 = CARTESIAN_POINT('',(273.37669813694,123.19170869136,
    2.342057699322));
#3468 = CARTESIAN_POINT('',(274.35760753241,121.62064128654,
    2.284394895469E-12));
#3469 = CARTESIAN_POINT('',(271.4144334837,126.5904542594,7.002305542989
    ));
#3470 = CARTESIAN_POINT('',(272.39549149994,124.94631657263,
    4.668203695327));
#3471 = CARTESIAN_POINT('',(273.37654951617,123.30217888586,
    2.334101847665));
#3472 = CARTESIAN_POINT('',(274.35760753241,121.65804119908,
    2.284394895469E-12));
#3473 = ADVANCED_FACE('',(#3474),#3485,.T.);
#3474 = FACE_BOUND('',#3475,.T.);
#3475 = EDGE_LOOP('',(#3476,#3477,#3478,#3479));
#3476 = ORIENTED_EDGE('',*,*,#497,.F.);
#3477 = ORIENTED_EDGE('',*,*,#2309,.T.);
#3478 = ORIENTED_EDGE('',*,*,#2017,.T.);
#3479 = ORIENTED_EDGE('',*,*,#3480,.T.);
#3480 = EDGE_CURVE('',#2010,#498,#3481,.T.);
#3481 = LINE('',#3482,#3483);
#3482 = CARTESIAN_POINT('',(265.72635753241,130.57054119909,
    1.944032227594));
#3483 = VECTOR('',#3484,1.);
#3484 = DIRECTION('',(0.,1.,0.));
#3485 = PLANE('',#3486);
#3486 = AXIS2_PLACEMENT_3D('',#3487,#3488,#3489);
#3487 = CARTESIAN_POINT('',(265.72635753241,130.40804119908,
    3.844032227594));
#3488 = DIRECTION('',(1.,0.,0.));
#3489 = DIRECTION('',(0.,-1.,0.));
#3490 = ADVANCED_FACE('',(#3491),#3502,.T.);
#3491 = FACE_BOUND('',#3492,.T.);
#3492 = EDGE_LOOP('',(#3493,#3494,#3500,#3501));
#3493 = ORIENTED_EDGE('',*,*,#689,.F.);
#3494 = ORIENTED_EDGE('',*,*,#3495,.T.);
#3495 = EDGE_CURVE('',#681,#2232,#3496,.T.);
#3496 = LINE('',#3497,#3498);
#3497 = CARTESIAN_POINT('',(253.45135753241,130.08304119909,
    1.944032227594));
#3498 = VECTOR('',#3499,1.);
#3499 = DIRECTION('',(1.,-4.042198674546E-13,0.));
#3500 = ORIENTED_EDGE('',*,*,#2231,.T.);
#3501 = ORIENTED_EDGE('',*,*,#2320,.T.);
#3502 = PLANE('',#3503);
#3503 = AXIS2_PLACEMENT_3D('',#3504,#3505,#3506);
#3504 = CARTESIAN_POINT('',(253.45135753241,130.08304119909,
    3.844032227594));
#3505 = DIRECTION('',(-4.042198674546E-13,-1.,0.));
#3506 = DIRECTION('',(-0.,0.,-1.));
#3507 = ADVANCED_FACE('',(#3508),#3519,.F.);
#3508 = FACE_BOUND('',#3509,.T.);
#3509 = EDGE_LOOP('',(#3510,#3511,#3517,#3518));
#3510 = ORIENTED_EDGE('',*,*,#539,.F.);
#3511 = ORIENTED_EDGE('',*,*,#3512,.F.);
#3512 = EDGE_CURVE('',#2002,#531,#3513,.T.);
#3513 = LINE('',#3514,#3515);
#3514 = CARTESIAN_POINT('',(265.07635753241,130.57054119909,
    1.944032227594));
#3515 = VECTOR('',#3516,1.);
#3516 = DIRECTION('',(0.,1.,0.));
#3517 = ORIENTED_EDGE('',*,*,#2001,.T.);
#3518 = ORIENTED_EDGE('',*,*,#2397,.T.);
#3519 = PLANE('',#3520);
#3520 = AXIS2_PLACEMENT_3D('',#3521,#3522,#3523);
#3521 = CARTESIAN_POINT('',(265.07635753241,130.40804119908,
    3.844032227594));
#3522 = DIRECTION('',(1.,0.,0.));
#3523 = DIRECTION('',(0.,-1.,0.));
#3524 = ADVANCED_FACE('',(#3525),#3545,.F.);
#3525 = FACE_BOUND('',#3526,.F.);
#3526 = EDGE_LOOP('',(#3527,#3534,#3535,#3544));
#3527 = ORIENTED_EDGE('',*,*,#3528,.T.);
#3528 = EDGE_CURVE('',#667,#2244,#3529,.T.);
#3529 = B_SPLINE_CURVE_WITH_KNOTS('',3,(#3530,#3531,#3532,#3533),
  .UNSPECIFIED.,.F.,.F.,(4,4),(-43.36963155517,-39.33916172856),
  .PIECEWISE_BEZIER_KNOTS.);
#3530 = CARTESIAN_POINT('',(268.08172597723,130.73304119909,
    1.944032227594));
#3531 = CARTESIAN_POINT('',(269.42521591944,130.73304119909,
    1.944032227594));
#3532 = CARTESIAN_POINT('',(270.76870586164,130.73304119909,
    1.944032227594));
#3533 = CARTESIAN_POINT('',(272.11219580384,130.73304119908,
    1.944032227594));
#3534 = ORIENTED_EDGE('',*,*,#2252,.F.);
#3535 = ORIENTED_EDGE('',*,*,#3536,.F.);
#3536 = EDGE_CURVE('',#643,#2253,#3537,.T.);
#3537 = B_SPLINE_CURVE_WITH_KNOTS('',3,(#3538,#3539,#3540,#3541,#3542,
    #3543),.UNSPECIFIED.,.F.,.F.,(4,2,4),(2.387070686811,2.585058315812,
    4.872906400117),.UNSPECIFIED.);
#3538 = CARTESIAN_POINT('',(268.08172597724,130.73304119909,
    5.302414373282));
#3539 = CARTESIAN_POINT('',(268.14762331195,130.73304119909,
    5.306021438276));
#3540 = CARTESIAN_POINT('',(268.21351926425,130.73304119909,
    5.309652865266));
#3541 = CARTESIAN_POINT('',(269.04085887737,130.73304119909,
    5.35555315495));
#3542 = CARTESIAN_POINT('',(269.80213115403,130.73304119909,
    5.401051493206));
#3543 = CARTESIAN_POINT('',(270.56318906453,130.73304119909,
    5.449803255847));
#3544 = ORIENTED_EDGE('',*,*,#666,.T.);
#3545 = B_SPLINE_SURFACE_WITH_KNOTS('',1,1,(
    (#3546,#3547,#3548,#3549)
    ,(#3550,#3551,#3552,#3553)
    ,(#3554,#3555,#3556,#3557
    )),.UNSPECIFIED.,.F.,.F.,.F.,(2,1,2),(2,1,1,2),(2.025046796916E-13,
    18.,66.999999999999),(-1.5,0.,3.,13.155566141313),.UNSPECIFIED.);
#3546 = CARTESIAN_POINT('',(244.45135753241,130.73304119909,
    0.844032227594));
#3547 = CARTESIAN_POINT('',(244.45135753241,130.73304119909,
    2.344032227594));
#3548 = CARTESIAN_POINT('',(244.45135753241,130.73304119909,
    5.344032227594));
#3549 = CARTESIAN_POINT('',(244.45135753241,130.73304119909,
    15.499598368907));
#3550 = CARTESIAN_POINT('',(262.45135753241,130.73304119909,
    0.844032227594));
#3551 = CARTESIAN_POINT('',(262.45135753241,130.73304119909,
    2.344032227594));
#3552 = CARTESIAN_POINT('',(262.45135753241,130.73304119909,
    5.344032227594));
#3553 = CARTESIAN_POINT('',(262.45135753241,130.73304119909,
    15.499598368907));
#3554 = CARTESIAN_POINT('',(311.45135753241,130.73304119907,
    0.844032227594));
#3555 = CARTESIAN_POINT('',(311.45135753241,130.73304119907,
    2.344032227594));
#3556 = CARTESIAN_POINT('',(311.45135753241,130.73304119907,
    5.344032227594));
#3557 = CARTESIAN_POINT('',(311.45135753241,130.73304119907,
    15.499598368907));
#3558 = ADVANCED_FACE('',(#3559),#3574,.F.);
#3559 = FACE_BOUND('',#3560,.F.);
#3560 = EDGE_LOOP('',(#3561,#3562,#3563,#3564,#3573));
#3561 = ORIENTED_EDGE('',*,*,#3536,.T.);
#3562 = ORIENTED_EDGE('',*,*,#2264,.T.);
#3563 = ORIENTED_EDGE('',*,*,#1730,.T.);
#3564 = ORIENTED_EDGE('',*,*,#3565,.T.);
#3565 = EDGE_CURVE('',#1731,#635,#3566,.T.);
#3566 = B_SPLINE_CURVE_WITH_KNOTS('',3,(#3567,#3568,#3569,#3570,#3571,
    #3572),.UNSPECIFIED.,.F.,.F.,(4,2,4),(0.109454575543,3.64771021148,
    4.79834637216),.UNSPECIFIED.);
#3567 = CARTESIAN_POINT('',(265.72635753241,137.75704381768,
    4.528844866192));
#3568 = CARTESIAN_POINT('',(265.72635753241,136.58272076553,
    4.638359587644));
#3569 = CARTESIAN_POINT('',(265.72635753241,135.40839771338,
    4.747874309096));
#3570 = CARTESIAN_POINT('',(265.72635753241,133.85218632213,
    4.893003076449));
#3571 = CARTESIAN_POINT('',(265.72635753241,133.47029798302,
    4.928617122351));
#3572 = CARTESIAN_POINT('',(265.72635753241,133.08840964392,
    4.964231168252));
#3573 = ORIENTED_EDGE('',*,*,#642,.T.);
#3574 = B_SPLINE_SURFACE_WITH_KNOTS('',3,3,(
    (#3575,#3576,#3577,#3578)
    ,(#3579,#3580,#3581,#3582)
    ,(#3583,#3584,#3585,#3586)
    ,(#3587,#3588,#3589,#3590
    )),.UNSPECIFIED.,.F.,.F.,.F.,(4,4),(4,4),(3.358727792094E-02,
    6.005198422146E-02),(0.123655867532,0.141848085746),
  .PIECEWISE_BEZIER_KNOTS.);
#3575 = CARTESIAN_POINT('',(265.72635753241,137.75704381769,
    4.528844866192));
#3576 = CARTESIAN_POINT('',(267.35444898455,137.76395416517,
    4.602944313663));
#3577 = CARTESIAN_POINT('',(268.98154446309,137.77223703077,
    4.691761231465));
#3578 = CARTESIAN_POINT('',(270.60724208146,137.78188994126,
    4.795269099278));
#3579 = CARTESIAN_POINT('',(265.72635753241,135.40751464909,
    4.747956661682));
#3580 = CARTESIAN_POINT('',(267.35444898455,135.41442499657,
    4.822056109153));
#3581 = CARTESIAN_POINT('',(268.98154446309,135.42270786217,
    4.910873026955));
#3582 = CARTESIAN_POINT('',(270.60724208146,135.43236077266,
    5.014380894768));
#3583 = CARTESIAN_POINT('',(265.72635753241,133.0579854805,
    4.967068457171));
#3584 = CARTESIAN_POINT('',(267.35444898455,133.06489582798,
    5.041167904643));
#3585 = CARTESIAN_POINT('',(268.98154446309,133.07317869358,
    5.129984822445));
#3586 = CARTESIAN_POINT('',(270.60724208146,133.08283160407,
    5.233492690258));
#3587 = CARTESIAN_POINT('',(265.72635753241,130.7084563119,
    5.186180252661));
#3588 = CARTESIAN_POINT('',(267.35444898455,130.71536665938,
    5.260279700133));
#3589 = CARTESIAN_POINT('',(268.98154446309,130.72364952498,
    5.349096617935));
#3590 = CARTESIAN_POINT('',(270.60724208146,130.73330243548,
    5.452604485748));
#3591 = ADVANCED_FACE('',(#3592),#3603,.T.);
#3592 = FACE_BOUND('',#3593,.T.);
#3593 = EDGE_LOOP('',(#3594,#3595,#3601,#3602));
#3594 = ORIENTED_EDGE('',*,*,#634,.F.);
#3595 = ORIENTED_EDGE('',*,*,#3596,.T.);
#3596 = EDGE_CURVE('',#626,#1742,#3597,.T.);
#3597 = LINE('',#3598,#3599);
#3598 = CARTESIAN_POINT('',(265.72635753241,130.57054119909,
    1.944032227594));
#3599 = VECTOR('',#3600,1.);
#3600 = DIRECTION('',(0.,1.,0.));
#3601 = ORIENTED_EDGE('',*,*,#1741,.T.);
#3602 = ORIENTED_EDGE('',*,*,#3565,.T.);
#3603 = PLANE('',#3604);
#3604 = AXIS2_PLACEMENT_3D('',#3605,#3606,#3607);
#3605 = CARTESIAN_POINT('',(265.72635753241,130.40804119908,
    3.844032227594));
#3606 = DIRECTION('',(1.,0.,0.));
#3607 = DIRECTION('',(0.,-1.,0.));
#3608 = ADVANCED_FACE('',(#3609),#3620,.F.);
#3609 = FACE_BOUND('',#3610,.T.);
#3610 = EDGE_LOOP('',(#3611,#3612,#3613,#3614));
#3611 = ORIENTED_EDGE('',*,*,#617,.F.);
#3612 = ORIENTED_EDGE('',*,*,#2677,.T.);
#3613 = ORIENTED_EDGE('',*,*,#1757,.T.);
#3614 = ORIENTED_EDGE('',*,*,#3615,.F.);
#3615 = EDGE_CURVE('',#618,#1750,#3616,.T.);
#3616 = LINE('',#3617,#3618);
#3617 = CARTESIAN_POINT('',(265.07635753241,130.57054119909,
    1.944032227594));
#3618 = VECTOR('',#3619,1.);
#3619 = DIRECTION('',(0.,1.,0.));
#3620 = PLANE('',#3621);
#3621 = AXIS2_PLACEMENT_3D('',#3622,#3623,#3624);
#3622 = CARTESIAN_POINT('',(265.07635753241,130.40804119908,
    3.844032227594));
#3623 = DIRECTION('',(1.,0.,0.));
#3624 = DIRECTION('',(0.,-1.,0.));
#3625 = ADVANCED_FACE('',(#3626),#3638,.F.);
#3626 = FACE_BOUND('',#3627,.F.);
#3627 = EDGE_LOOP('',(#3628,#3629,#3630,#3637));
#3628 = ORIENTED_EDGE('',*,*,#2570,.F.);
#3629 = ORIENTED_EDGE('',*,*,#1966,.F.);
#3630 = ORIENTED_EDGE('',*,*,#3631,.T.);
#3631 = EDGE_CURVE('',#1967,#3141,#3632,.T.);
#3632 = B_SPLINE_CURVE_WITH_KNOTS('',3,(#3633,#3634,#3635,#3636),
  .UNSPECIFIED.,.F.,.F.,(4,4),(-18.36969064944,-14.3803684448),
  .PIECEWISE_BEZIER_KNOTS.);
#3633 = CARTESIAN_POINT('',(253.12635753241,123.73835054964,
    1.944032227594));
#3634 = CARTESIAN_POINT('',(253.12635753241,125.06812461785,
    1.944032227594));
#3635 = CARTESIAN_POINT('',(253.12635753241,126.39789868606,
    1.944032227594));
#3636 = CARTESIAN_POINT('',(253.12635753241,127.72767275428,
    1.944032227594));
#3637 = ORIENTED_EDGE('',*,*,#3149,.T.);
#3638 = B_SPLINE_SURFACE_WITH_KNOTS('',1,1,(
    (#3639,#3640,#3641,#3642)
    ,(#3643,#3644,#3645,#3646)
    ,(#3647,#3648,#3649,#3650)
    ,(#3651,#3652,#3653,#3654
    )),.UNSPECIFIED.,.F.,.F.,.F.,(2,1,1,2),(2,1,1,2),(-66.20000000002,
    -3.4354741274E-12,18.000000000003,20.700000000005),(-9.091948402568,
    0.,3.,10.5),.UNSPECIFIED.);
#3639 = CARTESIAN_POINT('',(253.12635753239,55.20804119909,
    -6.747916174974));
#3640 = CARTESIAN_POINT('',(253.12635753239,55.20804119909,
    2.344032227594));
#3641 = CARTESIAN_POINT('',(253.12635753239,55.20804119909,
    5.344032227594));
#3642 = CARTESIAN_POINT('',(253.12635753239,55.20804119909,
    12.844032227594));
#3643 = CARTESIAN_POINT('',(253.12635753241,121.40804119908,
    -6.747916174974));
#3644 = CARTESIAN_POINT('',(253.12635753241,121.40804119908,
    2.344032227594));
#3645 = CARTESIAN_POINT('',(253.12635753241,121.40804119908,
    5.344032227594));
#3646 = CARTESIAN_POINT('',(253.12635753241,121.40804119908,
    12.844032227594));
#3647 = CARTESIAN_POINT('',(253.12635753241,139.40804119908,
    -6.747916174974));
#3648 = CARTESIAN_POINT('',(253.12635753241,139.40804119908,
    2.344032227594));
#3649 = CARTESIAN_POINT('',(253.12635753241,139.40804119908,
    5.344032227594));
#3650 = CARTESIAN_POINT('',(253.12635753241,139.40804119908,
    12.844032227594));
#3651 = CARTESIAN_POINT('',(253.12635753241,142.10804119908,
    -6.747916174974));
#3652 = CARTESIAN_POINT('',(253.12635753241,142.10804119908,
    2.344032227594));
#3653 = CARTESIAN_POINT('',(253.12635753241,142.10804119908,
    5.344032227594));
#3654 = CARTESIAN_POINT('',(253.12635753241,142.10804119908,
    12.844032227594));
#3655 = ADVANCED_FACE('',(#3656),#3667,.T.);
#3656 = FACE_BOUND('',#3657,.T.);
#3657 = EDGE_LOOP('',(#3658,#3659,#3660,#3661));
#3658 = ORIENTED_EDGE('',*,*,#3115,.F.);
#3659 = ORIENTED_EDGE('',*,*,#2439,.T.);
#3660 = ORIENTED_EDGE('',*,*,#1982,.T.);
#3661 = ORIENTED_EDGE('',*,*,#3662,.T.);
#3662 = EDGE_CURVE('',#1975,#3116,#3663,.T.);
#3663 = LINE('',#3664,#3665);
#3664 = CARTESIAN_POINT('',(253.77635753241,130.57054119908,
    1.944032227594));
#3665 = VECTOR('',#3666,1.);
#3666 = DIRECTION('',(2.021099337273E-13,1.,0.));
#3667 = PLANE('',#3668);
#3668 = AXIS2_PLACEMENT_3D('',#3669,#3670,#3671);
#3669 = CARTESIAN_POINT('',(253.77635753241,130.40804119908,
    3.844032227594));
#3670 = DIRECTION('',(1.,-2.021099337273E-13,0.));
#3671 = DIRECTION('',(0.,0.,-1.));
#3672 = ADVANCED_FACE('',(#3673),#3684,.T.);
#3673 = FACE_BOUND('',#3674,.T.);
#3674 = EDGE_LOOP('',(#3675,#3676,#3677,#3678));
#3675 = ORIENTED_EDGE('',*,*,#571,.F.);
#3676 = ORIENTED_EDGE('',*,*,#2407,.T.);
#3677 = ORIENTED_EDGE('',*,*,#3108,.F.);
#3678 = ORIENTED_EDGE('',*,*,#3679,.T.);
#3679 = EDGE_CURVE('',#3100,#572,#3680,.T.);
#3680 = LINE('',#3681,#3682);
#3681 = CARTESIAN_POINT('',(253.45135753241,130.08304119909,
    1.944032227594));
#3682 = VECTOR('',#3683,1.);
#3683 = DIRECTION('',(1.,-4.042198674546E-13,0.));
#3684 = PLANE('',#3685);
#3685 = AXIS2_PLACEMENT_3D('',#3686,#3687,#3688);
#3686 = CARTESIAN_POINT('',(253.45135753241,130.08304119909,
    3.844032227594));
#3687 = DIRECTION('',(-4.042198674546E-13,-1.,0.));
#3688 = DIRECTION('',(-0.,0.,-1.));
#3689 = ADVANCED_FACE('',(#3690),#3704,.F.);
#3690 = FACE_BOUND('',#3691,.F.);
#3691 = EDGE_LOOP('',(#3692,#3693,#3694,#3703));
#3692 = ORIENTED_EDGE('',*,*,#2715,.F.);
#3693 = ORIENTED_EDGE('',*,*,#3085,.T.);
#3694 = ORIENTED_EDGE('',*,*,#3695,.T.);
#3695 = EDGE_CURVE('',#3086,#580,#3696,.T.);
#3696 = B_SPLINE_CURVE_WITH_KNOTS('',3,(#3697,#3698,#3699,#3700,#3701,
    #3702),.UNSPECIFIED.,.F.,.F.,(4,2,4),(-55.31963155517,
    -49.90680408705,-48.73036844482),.UNSPECIFIED.);
#3697 = CARTESIAN_POINT('',(256.13172597723,130.73304119909,
    1.944032227594));
#3698 = CARTESIAN_POINT('',(257.93600179994,130.73304119909,
    1.944032227594));
#3699 = CARTESIAN_POINT('',(259.74027762264,130.73304119909,
    1.944032227594));
#3700 = CARTESIAN_POINT('',(261.93669865943,130.73304119909,
    1.944032227594));
#3701 = CARTESIAN_POINT('',(262.32884387351,130.73304119909,
    1.944032227594));
#3702 = CARTESIAN_POINT('',(262.72098908758,130.73304119909,
    1.944032227594));
#3703 = ORIENTED_EDGE('',*,*,#588,.T.);
#3704 = B_SPLINE_SURFACE_WITH_KNOTS('',1,1,(
    (#3705,#3706,#3707,#3708)
    ,(#3709,#3710,#3711,#3712)
    ,(#3713,#3714,#3715,#3716)
    ,(#3717,#3718,#3719,#3720
    )),.UNSPECIFIED.,.F.,.F.,.F.,(2,1,1,2),(2,1,1,2),(-32.81360817411,
    2.025046796916E-13,18.,66.999999999999),(-8.879947188003,0.,3.,10.5)
  ,.UNSPECIFIED.);
#3705 = CARTESIAN_POINT('',(211.63774935829,130.73304119911,
    -6.535914960408));
#3706 = CARTESIAN_POINT('',(211.63774935829,130.73304119911,
    2.344032227594));
#3707 = CARTESIAN_POINT('',(211.63774935829,130.73304119911,
    5.344032227594));
#3708 = CARTESIAN_POINT('',(211.63774935829,130.73304119911,
    12.844032227594));
#3709 = CARTESIAN_POINT('',(244.45135753241,130.73304119909,
    -6.535914960408));
#3710 = CARTESIAN_POINT('',(244.45135753241,130.73304119909,
    2.344032227594));
#3711 = CARTESIAN_POINT('',(244.45135753241,130.73304119909,
    5.344032227594));
#3712 = CARTESIAN_POINT('',(244.45135753241,130.73304119909,
    12.844032227594));
#3713 = CARTESIAN_POINT('',(262.45135753241,130.73304119909,
    -6.535914960408));
#3714 = CARTESIAN_POINT('',(262.45135753241,130.73304119909,
    2.344032227594));
#3715 = CARTESIAN_POINT('',(262.45135753241,130.73304119909,
    5.344032227594));
#3716 = CARTESIAN_POINT('',(262.45135753241,130.73304119909,
    12.844032227594));
#3717 = CARTESIAN_POINT('',(311.45135753241,130.73304119907,
    -6.535914960408));
#3718 = CARTESIAN_POINT('',(311.45135753241,130.73304119907,
    2.344032227594));
#3719 = CARTESIAN_POINT('',(311.45135753241,130.73304119907,
    5.344032227594));
#3720 = CARTESIAN_POINT('',(311.45135753241,130.73304119907,
    12.844032227594));
#3721 = ADVANCED_FACE('',(#3722),#3733,.F.);
#3722 = FACE_BOUND('',#3723,.T.);
#3723 = EDGE_LOOP('',(#3724,#3725,#3731,#3732));
#3724 = ORIENTED_EDGE('',*,*,#958,.F.);
#3725 = ORIENTED_EDGE('',*,*,#3726,.T.);
#3726 = EDGE_CURVE('',#950,#2067,#3727,.T.);
#3727 = LINE('',#3728,#3729);
#3728 = CARTESIAN_POINT('',(241.17635753241,130.57054119909,
    1.944032227594));
#3729 = VECTOR('',#3730,1.);
#3730 = DIRECTION('',(0.,-1.,0.));
#3731 = ORIENTED_EDGE('',*,*,#2066,.T.);
#3732 = ORIENTED_EDGE('',*,*,#2470,.T.);
#3733 = PLANE('',#3734);
#3734 = AXIS2_PLACEMENT_3D('',#3735,#3736,#3737);
#3735 = CARTESIAN_POINT('',(241.17635753241,130.40804119908,
    3.844032227594));
#3736 = DIRECTION('',(1.,0.,0.));
#3737 = DIRECTION('',(0.,-1.,0.));
#3738 = ADVANCED_FACE('',(#3739),#3750,.T.);
#3739 = FACE_BOUND('',#3740,.T.);
#3740 = EDGE_LOOP('',(#3741,#3742,#3743,#3744));
#3741 = ORIENTED_EDGE('',*,*,#990,.F.);
#3742 = ORIENTED_EDGE('',*,*,#2480,.T.);
#3743 = ORIENTED_EDGE('',*,*,#1059,.T.);
#3744 = ORIENTED_EDGE('',*,*,#3745,.T.);
#3745 = EDGE_CURVE('',#1051,#991,#3746,.T.);
#3746 = LINE('',#3747,#3748);
#3747 = CARTESIAN_POINT('',(253.45135753241,130.08304119909,
    1.944032227594));
#3748 = VECTOR('',#3749,1.);
#3749 = DIRECTION('',(1.,-4.042198674546E-13,0.));
#3750 = PLANE('',#3751);
#3751 = AXIS2_PLACEMENT_3D('',#3752,#3753,#3754);
#3752 = CARTESIAN_POINT('',(253.45135753241,130.08304119909,
    3.844032227594));
#3753 = DIRECTION('',(-4.042198674546E-13,-1.,0.));
#3754 = DIRECTION('',(-0.,0.,-1.));
#3755 = ADVANCED_FACE('',(#3756),#3767,.T.);
#3756 = FACE_BOUND('',#3757,.T.);
#3757 = EDGE_LOOP('',(#3758,#3759,#3760,#3761));
#3758 = ORIENTED_EDGE('',*,*,#916,.F.);
#3759 = ORIENTED_EDGE('',*,*,#2560,.T.);
#3760 = ORIENTED_EDGE('',*,*,#2082,.T.);
#3761 = ORIENTED_EDGE('',*,*,#3762,.F.);
#3762 = EDGE_CURVE('',#917,#2075,#3763,.T.);
#3763 = LINE('',#3764,#3765);
#3764 = CARTESIAN_POINT('',(241.82635753242,130.57054119909,
    1.944032227594));
#3765 = VECTOR('',#3766,1.);
#3766 = DIRECTION('',(0.,-1.,0.));
#3767 = PLANE('',#3768);
#3768 = AXIS2_PLACEMENT_3D('',#3769,#3770,#3771);
#3769 = CARTESIAN_POINT('',(241.82635753242,130.40804119908,
    3.844032227594));
#3770 = DIRECTION('',(1.,0.,0.));
#3771 = DIRECTION('',(0.,-1.,0.));
#3772 = ADVANCED_FACE('',(#3773),#3785,.F.);
#3773 = FACE_BOUND('',#3774,.F.);
#3774 = EDGE_LOOP('',(#3775,#3776,#3777,#3784));
#3775 = ORIENTED_EDGE('',*,*,#1221,.F.);
#3776 = ORIENTED_EDGE('',*,*,#1038,.F.);
#3777 = ORIENTED_EDGE('',*,*,#3778,.T.);
#3778 = EDGE_CURVE('',#1039,#999,#3779,.T.);
#3779 = B_SPLINE_CURVE_WITH_KNOTS('',3,(#3780,#3781,#3782,#3783),
  .UNSPECIFIED.,.F.,.F.,(4,4),(-27.66083827142,-23.63036844482),
  .PIECEWISE_BEZIER_KNOTS.);
#3780 = CARTESIAN_POINT('',(234.79051926098,130.7330411991,
    1.944032227594));
#3781 = CARTESIAN_POINT('',(236.13400920318,130.73304119909,
    1.944032227594));
#3782 = CARTESIAN_POINT('',(237.47749914538,130.73304119909,
    1.944032227594));
#3783 = CARTESIAN_POINT('',(238.82098908758,130.73304119909,
    1.944032227594));
#3784 = ORIENTED_EDGE('',*,*,#1007,.T.);
#3785 = B_SPLINE_SURFACE_WITH_KNOTS('',1,1,(
    (#3786,#3787,#3788,#3789)
    ,(#3790,#3791,#3792,#3793)
    ,(#3794,#3795,#3796,#3797
    )),.UNSPECIFIED.,.F.,.F.,.F.,(2,1,2),(2,1,1,2),(-48.99999999999,
    2.025046796916E-13,18.),(-113.9999999999,0.,3.,39.650002000038),
  .UNSPECIFIED.);
#3786 = CARTESIAN_POINT('',(195.45135753241,130.73304119912,
    -111.6559677723));
#3787 = CARTESIAN_POINT('',(195.45135753241,130.73304119912,
    2.344032227594));
#3788 = CARTESIAN_POINT('',(195.45135753241,130.73304119912,
    5.344032227594));
#3789 = CARTESIAN_POINT('',(195.45135753241,130.73304119912,
    41.994034227633));
#3790 = CARTESIAN_POINT('',(244.45135753241,130.73304119909,
    -111.6559677723));
#3791 = CARTESIAN_POINT('',(244.45135753241,130.73304119909,
    2.344032227594));
#3792 = CARTESIAN_POINT('',(244.45135753241,130.73304119909,
    5.344032227594));
#3793 = CARTESIAN_POINT('',(244.45135753241,130.73304119909,
    41.994034227633));
#3794 = CARTESIAN_POINT('',(262.45135753241,130.73304119909,
    -111.6559677723));
#3795 = CARTESIAN_POINT('',(262.45135753241,130.73304119909,
    2.344032227594));
#3796 = CARTESIAN_POINT('',(262.45135753241,130.73304119909,
    5.344032227594));
#3797 = CARTESIAN_POINT('',(262.45135753241,130.73304119909,
    41.994034227633));
#3798 = ADVANCED_FACE('',(#3799),#3810,.T.);
#3799 = FACE_BOUND('',#3800,.T.);
#3800 = EDGE_LOOP('',(#3801,#3802,#3803,#3804));
#3801 = ORIENTED_EDGE('',*,*,#3162,.F.);
#3802 = ORIENTED_EDGE('',*,*,#2598,.T.);
#3803 = ORIENTED_EDGE('',*,*,#881,.F.);
#3804 = ORIENTED_EDGE('',*,*,#3805,.T.);
#3805 = EDGE_CURVE('',#873,#3163,#3806,.T.);
#3806 = LINE('',#3807,#3808);
#3807 = CARTESIAN_POINT('',(253.45135753241,130.08304119909,
    1.944032227594));
#3808 = VECTOR('',#3809,1.);
#3809 = DIRECTION('',(1.,-4.042198674546E-13,0.));
#3810 = PLANE('',#3811);
#3811 = AXIS2_PLACEMENT_3D('',#3812,#3813,#3814);
#3812 = CARTESIAN_POINT('',(253.45135753241,130.08304119909,
    3.844032227594));
#3813 = DIRECTION('',(-4.042198674546E-13,-1.,0.));
#3814 = DIRECTION('',(-0.,0.,-1.));
#3815 = ADVANCED_FACE('',(#3816),#3832,.F.);
#3816 = FACE_BOUND('',#3817,.T.);
#3817 = EDGE_LOOP('',(#3818,#3819,#3825,#3826));
#3818 = ORIENTED_EDGE('',*,*,#824,.T.);
#3819 = ORIENTED_EDGE('',*,*,#3820,.F.);
#3820 = EDGE_CURVE('',#1808,#817,#3821,.T.);
#3821 = LINE('',#3822,#3823);
#3822 = CARTESIAN_POINT('',(241.17635753241,130.57054119909,
    1.944032227594));
#3823 = VECTOR('',#3824,1.);
#3824 = DIRECTION('',(0.,-1.,0.));
#3825 = ORIENTED_EDGE('',*,*,#1807,.T.);
#3826 = ORIENTED_EDGE('',*,*,#3827,.T.);
#3827 = EDGE_CURVE('',#1800,#825,#3828,.T.);
#3828 = LINE('',#3829,#3830);
#3829 = CARTESIAN_POINT('',(241.82635753242,130.57054119909,
    1.944032227594));
#3830 = VECTOR('',#3831,1.);
#3831 = DIRECTION('',(0.,-1.,0.));
#3832 = PLANE('',#3833);
#3833 = AXIS2_PLACEMENT_3D('',#3834,#3835,#3836);
#3834 = CARTESIAN_POINT('',(253.45135753241,130.73304119909,
    1.944032227594));
#3835 = DIRECTION('',(0.,0.,1.));
#3836 = DIRECTION('',(1.,0.,-0.));
#3837 = ADVANCED_FACE('',(#3838),#3845,.F.);
#3838 = FACE_BOUND('',#3839,.T.);
#3839 = EDGE_LOOP('',(#3840,#3841,#3842,#3843,#3844));
#3840 = ORIENTED_EDGE('',*,*,#924,.T.);
#3841 = ORIENTED_EDGE('',*,*,#3762,.T.);
#3842 = ORIENTED_EDGE('',*,*,#2074,.T.);
#3843 = ORIENTED_EDGE('',*,*,#3726,.F.);
#3844 = ORIENTED_EDGE('',*,*,#949,.T.);
#3845 = PLANE('',#3846);
#3846 = AXIS2_PLACEMENT_3D('',#3847,#3848,#3849);
#3847 = CARTESIAN_POINT('',(253.45135753241,130.73304119909,
    1.944032227594));
#3848 = DIRECTION('',(0.,0.,1.));
#3849 = DIRECTION('',(1.,0.,-0.));
#3850 = ADVANCED_FACE('',(#3851),#3857,.F.);
#3851 = FACE_BOUND('',#3852,.T.);
#3852 = EDGE_LOOP('',(#3853,#3854,#3855,#3856));
#3853 = ORIENTED_EDGE('',*,*,#998,.T.);
#3854 = ORIENTED_EDGE('',*,*,#3745,.F.);
#3855 = ORIENTED_EDGE('',*,*,#1050,.F.);
#3856 = ORIENTED_EDGE('',*,*,#3778,.T.);
#3857 = PLANE('',#3858);
#3858 = AXIS2_PLACEMENT_3D('',#3859,#3860,#3861);
#3859 = CARTESIAN_POINT('',(253.45135753241,130.73304119909,
    1.944032227594));
#3860 = DIRECTION('',(0.,0.,1.));
#3861 = DIRECTION('',(1.,0.,-0.));
#3862 = ADVANCED_FACE('',(#3863),#3880,.F.);
#3863 = FACE_BOUND('',#3864,.T.);
#3864 = EDGE_LOOP('',(#3865,#3866,#3873,#3874));
#3865 = ORIENTED_EDGE('',*,*,#3206,.T.);
#3866 = ORIENTED_EDGE('',*,*,#3867,.T.);
#3867 = EDGE_CURVE('',#3193,#1785,#3868,.T.);
#3868 = B_SPLINE_CURVE_WITH_KNOTS('',3,(#3869,#3870,#3871,#3872),
  .UNSPECIFIED.,.F.,.F.,(4,4),(-9.01963155516,-4.124855578188),
  .PIECEWISE_BEZIER_KNOTS.);
#3869 = CARTESIAN_POINT('',(253.12635753241,133.08840964392,
    1.944032227594));
#3870 = CARTESIAN_POINT('',(253.12635753241,134.72000163624,
    1.944032227594));
#3871 = CARTESIAN_POINT('',(253.12635753241,136.35159362857,
    1.944032227594));
#3872 = CARTESIAN_POINT('',(253.12635753241,137.98318562089,
    1.944032227594));
#3873 = ORIENTED_EDGE('',*,*,#1784,.T.);
#3874 = ORIENTED_EDGE('',*,*,#3875,.F.);
#3875 = EDGE_CURVE('',#3207,#1777,#3876,.T.);
#3876 = LINE('',#3877,#3878);
#3877 = CARTESIAN_POINT('',(253.77635753241,130.57054119908,
    1.944032227594));
#3878 = VECTOR('',#3879,1.);
#3879 = DIRECTION('',(2.021099337273E-13,1.,0.));
#3880 = PLANE('',#3881);
#3881 = AXIS2_PLACEMENT_3D('',#3882,#3883,#3884);
#3882 = CARTESIAN_POINT('',(253.45135753241,130.73304119909,
    1.944032227594));
#3883 = DIRECTION('',(0.,0.,1.));
#3884 = DIRECTION('',(1.,0.,-0.));
#3885 = ADVANCED_FACE('',(#3886),#3893,.F.);
#3886 = FACE_BOUND('',#3887,.T.);
#3887 = EDGE_LOOP('',(#3888,#3889,#3890,#3891,#3892));
#3888 = ORIENTED_EDGE('',*,*,#3123,.T.);
#3889 = ORIENTED_EDGE('',*,*,#3662,.F.);
#3890 = ORIENTED_EDGE('',*,*,#1974,.T.);
#3891 = ORIENTED_EDGE('',*,*,#3631,.T.);
#3892 = ORIENTED_EDGE('',*,*,#3140,.T.);
#3893 = PLANE('',#3894);
#3894 = AXIS2_PLACEMENT_3D('',#3895,#3896,#3897);
#3895 = CARTESIAN_POINT('',(253.45135753241,130.73304119909,
    1.944032227594));
#3896 = DIRECTION('',(0.,0.,1.));
#3897 = DIRECTION('',(1.,0.,-0.));
#3898 = ADVANCED_FACE('',(#3899),#3911,.F.);
#3899 = FACE_BOUND('',#3900,.T.);
#3900 = EDGE_LOOP('',(#3901,#3902,#3903,#3904));
#3901 = ORIENTED_EDGE('',*,*,#3170,.T.);
#3902 = ORIENTED_EDGE('',*,*,#3805,.F.);
#3903 = ORIENTED_EDGE('',*,*,#872,.T.);
#3904 = ORIENTED_EDGE('',*,*,#3905,.T.);
#3905 = EDGE_CURVE('',#859,#3171,#3906,.T.);
#3906 = B_SPLINE_CURVE_WITH_KNOTS('',3,(#3907,#3908,#3909,#3910),
  .UNSPECIFIED.,.F.,.F.,(4,4),(-18.26963155517,-11.68036844482),
  .PIECEWISE_BEZIER_KNOTS.);
#3907 = CARTESIAN_POINT('',(244.18172597723,130.73304119909,
    1.944032227594));
#3908 = CARTESIAN_POINT('',(246.37814701402,130.73304119909,
    1.944032227594));
#3909 = CARTESIAN_POINT('',(248.5745680508,130.73304119909,
    1.944032227594));
#3910 = CARTESIAN_POINT('',(250.77098908758,130.73304119909,
    1.944032227594));
#3911 = PLANE('',#3912);
#3912 = AXIS2_PLACEMENT_3D('',#3913,#3914,#3915);
#3913 = CARTESIAN_POINT('',(253.45135753241,130.73304119909,
    1.944032227594));
#3914 = DIRECTION('',(0.,0.,1.));
#3915 = DIRECTION('',(1.,0.,-0.));
#3916 = ADVANCED_FACE('',(#3917),#3923,.F.);
#3917 = FACE_BOUND('',#3918,.T.);
#3918 = EDGE_LOOP('',(#3919,#3920,#3921,#3922));
#3919 = ORIENTED_EDGE('',*,*,#625,.T.);
#3920 = ORIENTED_EDGE('',*,*,#3615,.T.);
#3921 = ORIENTED_EDGE('',*,*,#1749,.T.);
#3922 = ORIENTED_EDGE('',*,*,#3596,.F.);
#3923 = PLANE('',#3924);
#3924 = AXIS2_PLACEMENT_3D('',#3925,#3926,#3927);
#3925 = CARTESIAN_POINT('',(253.45135753241,130.73304119909,
    1.944032227594));
#3926 = DIRECTION('',(0.,0.,1.));
#3927 = DIRECTION('',(1.,0.,-0.));
#3928 = ADVANCED_FACE('',(#3929),#3935,.F.);
#3929 = FACE_BOUND('',#3930,.T.);
#3930 = EDGE_LOOP('',(#3931,#3932,#3933,#3934));
#3931 = ORIENTED_EDGE('',*,*,#579,.T.);
#3932 = ORIENTED_EDGE('',*,*,#3679,.F.);
#3933 = ORIENTED_EDGE('',*,*,#3099,.T.);
#3934 = ORIENTED_EDGE('',*,*,#3695,.T.);
#3935 = PLANE('',#3936);
#3936 = AXIS2_PLACEMENT_3D('',#3937,#3938,#3939);
#3937 = CARTESIAN_POINT('',(253.45135753241,130.73304119909,
    1.944032227594));
#3938 = DIRECTION('',(0.,0.,1.));
#3939 = DIRECTION('',(1.,0.,-0.));
#3940 = ADVANCED_FACE('',(#3941),#3947,.F.);
#3941 = FACE_BOUND('',#3942,.T.);
#3942 = EDGE_LOOP('',(#3943,#3944,#3945,#3946));
#3943 = ORIENTED_EDGE('',*,*,#680,.T.);
#3944 = ORIENTED_EDGE('',*,*,#3528,.T.);
#3945 = ORIENTED_EDGE('',*,*,#2243,.F.);
#3946 = ORIENTED_EDGE('',*,*,#3495,.F.);
#3947 = PLANE('',#3948);
#3948 = AXIS2_PLACEMENT_3D('',#3949,#3950,#3951);
#3949 = CARTESIAN_POINT('',(253.45135753241,130.73304119909,
    1.944032227594));
#3950 = DIRECTION('',(0.,0.,1.));
#3951 = DIRECTION('',(1.,0.,-0.));
#3952 = ADVANCED_FACE('',(#3953),#3960,.F.);
#3953 = FACE_BOUND('',#3954,.T.);
#3954 = EDGE_LOOP('',(#3955,#3956,#3957,#3958,#3959));
#3955 = ORIENTED_EDGE('',*,*,#505,.T.);
#3956 = ORIENTED_EDGE('',*,*,#3480,.F.);
#3957 = ORIENTED_EDGE('',*,*,#2009,.T.);
#3958 = ORIENTED_EDGE('',*,*,#3512,.T.);
#3959 = ORIENTED_EDGE('',*,*,#530,.T.);
#3960 = PLANE('',#3961);
#3961 = AXIS2_PLACEMENT_3D('',#3962,#3963,#3964);
#3962 = CARTESIAN_POINT('',(253.45135753241,130.73304119909,
    1.944032227594));
#3963 = DIRECTION('',(0.,0.,1.));
#3964 = DIRECTION('',(1.,0.,-0.));
#3965 = ADVANCED_FACE('',(#3966),#3972,.F.);
#3966 = FACE_BOUND('',#3967,.F.);
#3967 = EDGE_LOOP('',(#3968,#3969,#3970,#3971));
#3968 = ORIENTED_EDGE('',*,*,#1612,.F.);
#3969 = ORIENTED_EDGE('',*,*,#858,.T.);
#3970 = ORIENTED_EDGE('',*,*,#3905,.T.);
#3971 = ORIENTED_EDGE('',*,*,#3179,.T.);
#3972 = B_SPLINE_SURFACE_WITH_KNOTS('',1,1,(
    (#3973,#3974,#3975,#3976)
    ,(#3977,#3978,#3979,#3980)
    ,(#3981,#3982,#3983,#3984
    )),.UNSPECIFIED.,.F.,.F.,.F.,(2,1,2),(2,1,1,2),(-48.99999999999,
    2.025046796916E-13,18.),(-113.9999999999,0.,3.,39.650002000038),
  .UNSPECIFIED.);
#3973 = CARTESIAN_POINT('',(195.45135753241,130.73304119912,
    -111.6559677723));
#3974 = CARTESIAN_POINT('',(195.45135753241,130.73304119912,
    2.344032227594));
#3975 = CARTESIAN_POINT('',(195.45135753241,130.73304119912,
    5.344032227594));
#3976 = CARTESIAN_POINT('',(195.45135753241,130.73304119912,
    41.994034227633));
#3977 = CARTESIAN_POINT('',(244.45135753241,130.73304119909,
    -111.6559677723));
#3978 = CARTESIAN_POINT('',(244.45135753241,130.73304119909,
    2.344032227594));
#3979 = CARTESIAN_POINT('',(244.45135753241,130.73304119909,
    5.344032227594));
#3980 = CARTESIAN_POINT('',(244.45135753241,130.73304119909,
    41.994034227633));
#3981 = CARTESIAN_POINT('',(262.45135753241,130.73304119909,
    -111.6559677723));
#3982 = CARTESIAN_POINT('',(262.45135753241,130.73304119909,
    2.344032227594));
#3983 = CARTESIAN_POINT('',(262.45135753241,130.73304119909,
    5.344032227594));
#3984 = CARTESIAN_POINT('',(262.45135753241,130.73304119909,
    41.994034227633));
#3985 = ADVANCED_FACE('',(#3986),#3992,.F.);
#3986 = FACE_BOUND('',#3987,.F.);
#3987 = EDGE_LOOP('',(#3988,#3989,#3990,#3991));
#3988 = ORIENTED_EDGE('',*,*,#2637,.F.);
#3989 = ORIENTED_EDGE('',*,*,#1287,.F.);
#3990 = ORIENTED_EDGE('',*,*,#2842,.T.);
#3991 = ORIENTED_EDGE('',*,*,#2510,.F.);
#3992 = B_SPLINE_SURFACE_WITH_KNOTS('',3,3,(
    (#3993,#3994,#3995,#3996,#3997,#3998)
    ,(#3999,#4000,#4001,#4002,#4003,#4004)
    ,(#4005,#4006,#4007,#4008,#4009,#4010)
    ,(#4011,#4012,#4013,#4014,#4015,#4016)
    ,(#4017,#4018,#4019,#4020,#4021,#4022
    )),.UNSPECIFIED.,.F.,.F.,.F.,(4,1,4),(4,1,1,4),(0.,0.571428571429,1.
    ),(0.,0.96153248482,1.602554141367,2.243575797914),.UNSPECIFIED.);
#3993 = CARTESIAN_POINT('',(235.71031440046,137.20358344819,
    6.145548376777));
#3994 = CARTESIAN_POINT('',(235.7102617439,137.52270988026,
    6.115790880119));
#3995 = CARTESIAN_POINT('',(235.88269781318,138.05144647598,
    6.054882897533));
#3996 = CARTESIAN_POINT('',(236.44546032969,138.56298941431,
    5.970507634605));
#3997 = CARTESIAN_POINT('',(236.86703399711,138.68293752714,
    5.932809279266));
#3998 = CARTESIAN_POINT('',(237.08009493787,138.68409712162,
    5.919580169548));
#3999 = CARTESIAN_POINT('',(235.65471682672,137.20391745281,
    6.149228794823));
#4000 = CARTESIAN_POINT('',(235.65831796237,137.5348741625,
    6.118057383013));
#4001 = CARTESIAN_POINT('',(235.8383915038,138.07847374975,
    6.055040681096));
#4002 = CARTESIAN_POINT('',(236.41699808536,138.61029261705,
    5.967699789611));
#4003 = CARTESIAN_POINT('',(236.8543597347,138.74321155277,
    5.927803276466));
#4004 = CARTESIAN_POINT('',(237.07935767272,138.75004357931,
    5.913475554643));
#4005 = CARTESIAN_POINT('',(235.55550050187,137.20136110395,
    6.121989631675));
#4006 = CARTESIAN_POINT('',(235.56563061077,137.55334629466,
    6.093125779747));
#4007 = CARTESIAN_POINT('',(235.75933960277,138.12351460173,
    6.029336795458));
#4008 = CARTESIAN_POINT('',(236.36542551009,138.69024677555,
    5.932733739258));
#4009 = CARTESIAN_POINT('',(236.8299613253,138.84480720914,5.87973630363
    ));
#4010 = CARTESIAN_POINT('',(237.07510295201,138.86017645977,
    5.854585614879));
#4011 = CARTESIAN_POINT('',(235.48932365671,137.19430250919,
    6.046408794495));
#4012 = CARTESIAN_POINT('',(235.49951625081,137.56012801502,
    6.025561011136));
#4013 = CARTESIAN_POINT('',(235.70117112929,138.15064944946,
    5.964679013022));
#4014 = CARTESIAN_POINT('',(236.32877732732,138.7383825507,
    5.855948571788));
#4015 = CARTESIAN_POINT('',(236.81343216851,138.89629912513,
    5.782526886763));
#4016 = CARTESIAN_POINT('',(237.06788445227,138.90565457964,
    5.742305336584));
#4017 = CARTESIAN_POINT('',(235.4705077248,137.19083499121,
    6.009255633811));
#4018 = CARTESIAN_POINT('',(235.47905866888,137.56047234968,
    5.991940512597));
#4019 = CARTESIAN_POINT('',(235.68253828679,138.15796456045,
    5.932642463523));
#4020 = CARTESIAN_POINT('',(236.31767524419,138.75098912556,
    5.81911053369));
#4021 = CARTESIAN_POINT('',(236.80897520639,138.90604577399,
    5.737833964583));
#4022 = CARTESIAN_POINT('',(237.06479439641,138.90997560254,
    5.69291581876));
#4023 = ADVANCED_FACE('',(#4024),#4030,.F.);
#4024 = FACE_BOUND('',#4025,.F.);
#4025 = EDGE_LOOP('',(#4026,#4027,#4028,#4029));
#4026 = ORIENTED_EDGE('',*,*,#1312,.F.);
#4027 = ORIENTED_EDGE('',*,*,#1872,.F.);
#4028 = ORIENTED_EDGE('',*,*,#2789,.F.);
#4029 = ORIENTED_EDGE('',*,*,#2834,.F.);
#4030 = B_SPLINE_SURFACE_WITH_KNOTS('',3,3,(
    (#4031,#4032,#4033,#4034,#4035,#4036,#4037)
    ,(#4038,#4039,#4040,#4041,#4042,#4043,#4044)
    ,(#4045,#4046,#4047,#4048,#4049,#4050,#4051)
    ,(#4052,#4053,#4054,#4055,#4056,#4057,#4058)
    ,(#4059,#4060,#4061,#4062,#4063,#4064,#4065
  )),.UNSPECIFIED.,.F.,.F.,.F.,(4,1,4),(4,1,1,1,4),(0.,0.571428571429,1.
    ),(0.,0.657572638395,0.986358957592,1.643931595987,2.301504234382),
  .UNSPECIFIED.);
#4031 = CARTESIAN_POINT('',(237.15338152919,125.0681167068,
    7.184872737647));
#4032 = CARTESIAN_POINT('',(236.93485892053,125.07432876711,
    7.197690263117));
#4033 = CARTESIAN_POINT('',(236.61085172968,125.16763567034,
    7.209288463448));
#4034 = CARTESIAN_POINT('',(236.1602256409,125.48469510682,
    7.208680839201));
#4035 = CARTESIAN_POINT('',(235.82634340294,125.93373365112,
    7.188782498947));
#4036 = CARTESIAN_POINT('',(235.72697777512,126.36955830308,
    7.15479326286));
#4037 = CARTESIAN_POINT('',(235.72695218634,126.58780235896,
    7.134442020672));
#4038 = CARTESIAN_POINT('',(237.15206712956,125.0106034432,
    7.190316876194));
#4039 = CARTESIAN_POINT('',(236.92388320382,125.02064378988,
    7.203299910501));
#4040 = CARTESIAN_POINT('',(236.58902847491,125.12059098533,
    7.214923584594));
#4041 = CARTESIAN_POINT('',(236.12420448069,125.44935513401,
    7.214162968867));
#4042 = CARTESIAN_POINT('',(235.7786034337,125.91126245903,
    7.193899787053));
#4043 = CARTESIAN_POINT('',(235.67077654773,126.36085521853,
    7.159272180077));
#4044 = CARTESIAN_POINT('',(235.66708921482,126.58816448938,
    7.138400799615));
#4045 = CARTESIAN_POINT('',(237.14754880535,124.90697099901,
    7.163474360495));
#4046 = CARTESIAN_POINT('',(236.90283201243,124.92395533145,
    7.181605951446));
#4047 = CARTESIAN_POINT('',(236.54912449033,125.03581720189,
    7.196885200959));
#4048 = CARTESIAN_POINT('',(236.05955267076,125.38513446668,
    7.197460294705));
#4049 = CARTESIAN_POINT('',(235.69330764529,125.86939857307,
    7.174608427566));
#4050 = CARTESIAN_POINT('',(235.57039661943,126.34256798272,
    7.133018320801));
#4051 = CARTESIAN_POINT('',(235.56019821339,126.58513308865,
    7.106026978464));
#4052 = CARTESIAN_POINT('',(237.14096806037,124.83879150766,
    7.084302387791));
#4053 = CARTESIAN_POINT('',(236.88651355003,124.85592012004,
    7.112229834492));
#4054 = CARTESIAN_POINT('',(236.51894397763,124.9731988069,
    7.135308969103));
#4055 = CARTESIAN_POINT('',(236.01145987777,125.33590375285,
    7.13912297798));
#4056 = CARTESIAN_POINT('',(235.63169029459,125.83683831556,
    7.111515720198));
#4057 = CARTESIAN_POINT('',(235.50382317428,126.32637829506,
    7.056821115449));
#4058 = CARTESIAN_POINT('',(235.49453695533,126.57704823502,
    7.019408697039));
#4059 = CARTESIAN_POINT('',(237.1381494812,124.81994196349,
    7.045379161461));
#4060 = CARTESIAN_POINT('',(236.88129446499,124.83537513623,
    7.077247776975));
#4061 = CARTESIAN_POINT('',(236.50914756204,124.95319771356,
    7.10377356289));
#4062 = CARTESIAN_POINT('',(235.99591978837,125.31961921131,
    7.109038840019));
#4063 = CARTESIAN_POINT('',(235.61234635938,125.82612236954,
    7.079372813999));
#4064 = CARTESIAN_POINT('',(235.48503485817,126.32078698563,
    7.019141504328));
#4065 = CARTESIAN_POINT('',(235.47796343859,126.57316226778,
    6.977756948368));
#4066 = ADVANCED_FACE('',(#4067),#4073,.F.);
#4067 = FACE_BOUND('',#4068,.F.);
#4068 = EDGE_LOOP('',(#4069,#4070,#4071,#4072));
#4069 = ORIENTED_EDGE('',*,*,#1882,.T.);
#4070 = ORIENTED_EDGE('',*,*,#1333,.F.);
#4071 = ORIENTED_EDGE('',*,*,#2096,.F.);
#4072 = ORIENTED_EDGE('',*,*,#3433,.F.);
#4073 = B_SPLINE_SURFACE_WITH_KNOTS('',3,3,(
    (#4074,#4075,#4076,#4077,#4078,#4079)
    ,(#4080,#4081,#4082,#4083,#4084,#4085)
    ,(#4086,#4087,#4088,#4089,#4090,#4091)
    ,(#4092,#4093,#4094,#4095,#4096,#4097)
    ,(#4098,#4099,#4100,#4101,#4102,#4103
    )),.UNSPECIFIED.,.F.,.F.,.F.,(4,1,4),(4,1,1,4),(0.,0.571428571429,1.
    ),(0.,0.986358957592,1.643931595986,2.301504234381),.UNSPECIFIED.);
#4074 = CARTESIAN_POINT('',(271.17576287848,126.58780235898,
    7.134442020666));
#4075 = CARTESIAN_POINT('',(271.17572449531,126.26043627515,
    7.164968883949));
#4076 = CARTESIAN_POINT('',(270.98820738189,125.71775438848,
    7.202975629302));
#4077 = CARTESIAN_POINT('',(270.40004903397,125.1990639366,
    7.213128031542));
#4078 = CARTESIAN_POINT('',(269.96785614428,125.07432876711,
    7.197690263112));
#4079 = CARTESIAN_POINT('',(269.74933353563,125.0681167068,
    7.184872737643));
#4080 = CARTESIAN_POINT('',(271.23562585,126.58816448939,7.138400799609)
  );
#4081 = CARTESIAN_POINT('',(271.23009485064,126.24720058312,
    7.169707870302));
#4082 = CARTESIAN_POINT('',(271.03172379289,125.68961407335,
    7.208312239089));
#4083 = CARTESIAN_POINT('',(270.42554183653,125.15417739987,
    7.218780906905));
#4084 = CARTESIAN_POINT('',(269.978831861,125.02064378988,7.203299910497
    ));
#4085 = CARTESIAN_POINT('',(269.75064793527,125.0106034432,7.19031687619
    ));
#4086 = CARTESIAN_POINT('',(271.34251685144,126.58513308867,
    7.10602697846));
#4087 = CARTESIAN_POINT('',(271.32721924238,126.22128542977,
    7.146513991966));
#4088 = CARTESIAN_POINT('',(271.1094732368,125.63792883537,
    7.191187996475));
#4089 = CARTESIAN_POINT('',(270.47180817181,125.07327637985,
    7.202025439293));
#4090 = CARTESIAN_POINT('',(269.99988305238,124.92395533144,
    7.181605951443));
#4091 = CARTESIAN_POINT('',(269.75516625948,124.906970999,7.163474360492
    ));
#4092 = CARTESIAN_POINT('',(271.40817810949,126.57704823503,
    7.019408697033));
#4093 = CARTESIAN_POINT('',(271.39424878107,126.20104332509,
    7.075527324648));
#4094 = CARTESIAN_POINT('',(271.16697516043,125.59767496857,
    7.132387053753));
#4095 = CARTESIAN_POINT('',(270.50670183283,125.01262360716,
    7.143048498461));
#4096 = CARTESIAN_POINT('',(270.01620151478,124.85592012004,
    7.112229834485));
#4097 = CARTESIAN_POINT('',(269.76174700446,124.83879150766,
    7.084302387785));
#4098 = CARTESIAN_POINT('',(271.42475162623,126.57316226779,
    6.977756948362));
#4099 = CARTESIAN_POINT('',(271.41414449687,126.19459934457,
    7.039833782301));
#4100 = CARTESIAN_POINT('',(271.18549336014,125.58423052568,
    7.102148359835));
#4101 = CARTESIAN_POINT('',(270.51804656521,124.99291835481,
    7.112615973488));
#4102 = CARTESIAN_POINT('',(270.02142059983,124.83537513623,
    7.077247776967));
#4103 = CARTESIAN_POINT('',(269.76456558363,124.81994196349,
    7.045379161454));
#4104 = ADVANCED_FACE('',(#4105),#4111,.F.);
#4105 = FACE_BOUND('',#4106,.F.);
#4106 = EDGE_LOOP('',(#4107,#4108,#4109,#4110));
#4107 = ORIENTED_EDGE('',*,*,#2645,.T.);
#4108 = ORIENTED_EDGE('',*,*,#3389,.F.);
#4109 = ORIENTED_EDGE('',*,*,#2106,.T.);
#4110 = ORIENTED_EDGE('',*,*,#1267,.F.);
#4111 = B_SPLINE_SURFACE_WITH_KNOTS('',3,3,(
    (#4112,#4113,#4114,#4115,#4116,#4117)
    ,(#4118,#4119,#4120,#4121,#4122,#4123)
    ,(#4124,#4125,#4126,#4127,#4128,#4129)
    ,(#4130,#4131,#4132,#4133,#4134,#4135)
    ,(#4136,#4137,#4138,#4139,#4140,#4141
    )),.UNSPECIFIED.,.F.,.F.,.F.,(4,1,4),(4,1,1,4),(0.,0.571428571429,1.
    ),(9.011175447464E-13,0.320513520379,0.961540561136,2.243594642649),
  .UNSPECIFIED.);
#4112 = CARTESIAN_POINT('',(269.82262012695,138.68409712162,
    5.919580169543));
#4113 = CARTESIAN_POINT('',(269.92915149213,138.68351731951,
    5.92619477996));
#4114 = CARTESIAN_POINT('',(270.24802778035,138.63818643655,
    5.950235755463));
#4115 = CARTESIAN_POINT('',(270.91377256773,138.26248957263,
    6.027986155569));
#4116 = CARTESIAN_POINT('',(271.1924708737,137.62908893158,
    6.105871381301));
#4117 = CARTESIAN_POINT('',(271.19240066436,137.20358344819,
    6.145548376772));
#4118 = CARTESIAN_POINT('',(269.82335739211,138.75004357931,
    5.913475554638));
#4119 = CARTESIAN_POINT('',(269.93585730604,138.74662753735,
    5.920639475722));
#4120 = CARTESIAN_POINT('',(270.26959526114,138.69185896881,
    5.946383530471));
#4121 = CARTESIAN_POINT('',(270.95528695752,138.29459908383,
    6.027408070259));
#4122 = CARTESIAN_POINT('',(271.24319668358,137.64519677218,
    6.10766656331));
#4123 = CARTESIAN_POINT('',(271.2479982381,137.20391745281,
    6.149228794818));
#4124 = CARTESIAN_POINT('',(269.82761211281,138.86017645976,
    5.854585614877));
#4125 = CARTESIAN_POINT('',(269.95018395569,138.8524917699,
    5.867161064879));
#4126 = CARTESIAN_POINT('',(270.30927443738,138.78256583728,
    5.905978009204));
#4127 = CARTESIAN_POINT('',(271.02938832215,138.34870350471,
    6.00123684941));
#4128 = CARTESIAN_POINT('',(271.33370763764,137.67067863351,
    6.083504172516));
#4129 = CARTESIAN_POINT('',(271.34721456295,137.20136110395,
    6.121989631672));
#4130 = CARTESIAN_POINT('',(269.83483061255,138.90565457964,
    5.742305336579));
#4131 = CARTESIAN_POINT('',(269.96205782306,138.9009768131,
    5.762416280587));
#4132 = CARTESIAN_POINT('',(270.33665068023,138.83389813417,
    5.820691103266));
#4133 = CARTESIAN_POINT('',(271.08421894328,138.38379132724,
    5.937217547547));
#4134 = CARTESIAN_POINT('',(271.3998011685,137.68207394725,
    6.018611516532));
#4135 = CARTESIAN_POINT('',(271.41339140812,137.19430250919,
    6.04640879449));
#4136 = CARTESIAN_POINT('',(269.83792066841,138.90997560254,
    5.692915818755));
#4137 = CARTESIAN_POINT('',(269.96583133779,138.90801067176,
    5.71537508031));
#4138 = CARTESIAN_POINT('',(270.34450958191,138.84604202712,
    5.780475399358));
#4139 = CARTESIAN_POINT('',(271.10183090617,138.39420250822,
    5.905574013941));
#4140 = CARTESIAN_POINT('',(271.42080598549,137.68368894215,
    5.986168611606));
#4141 = CARTESIAN_POINT('',(271.43220734002,137.19083499121,
    6.009255633806));
#4142 = ADVANCED_FACE('',(#4143),#4149,.F.);
#4143 = FACE_BOUND('',#4144,.F.);
#4144 = EDGE_LOOP('',(#4145,#4146,#4147,#4148));
#4145 = ORIENTED_EDGE('',*,*,#3867,.T.);
#4146 = ORIENTED_EDGE('',*,*,#1792,.F.);
#4147 = ORIENTED_EDGE('',*,*,#1651,.F.);
#4148 = ORIENTED_EDGE('',*,*,#3192,.T.);
#4149 = B_SPLINE_SURFACE_WITH_KNOTS('',1,1,(
    (#4150,#4151,#4152,#4153)
    ,(#4154,#4155,#4156,#4157)
    ,(#4158,#4159,#4160,#4161)
    ,(#4162,#4163,#4164,#4165
    )),.UNSPECIFIED.,.F.,.F.,.F.,(2,1,1,2),(2,1,1,2),(-66.20000000002,
    -3.4354741274E-12,18.000000000003,20.700000000005),(-9.091948402568,
    0.,3.,10.5),.UNSPECIFIED.);
#4150 = CARTESIAN_POINT('',(253.12635753239,55.20804119909,
    -6.747916174974));
#4151 = CARTESIAN_POINT('',(253.12635753239,55.20804119909,
    2.344032227594));
#4152 = CARTESIAN_POINT('',(253.12635753239,55.20804119909,
    5.344032227594));
#4153 = CARTESIAN_POINT('',(253.12635753239,55.20804119909,
    12.844032227594));
#4154 = CARTESIAN_POINT('',(253.12635753241,121.40804119908,
    -6.747916174974));
#4155 = CARTESIAN_POINT('',(253.12635753241,121.40804119908,
    2.344032227594));
#4156 = CARTESIAN_POINT('',(253.12635753241,121.40804119908,
    5.344032227594));
#4157 = CARTESIAN_POINT('',(253.12635753241,121.40804119908,
    12.844032227594));
#4158 = CARTESIAN_POINT('',(253.12635753241,139.40804119908,
    -6.747916174974));
#4159 = CARTESIAN_POINT('',(253.12635753241,139.40804119908,
    2.344032227594));
#4160 = CARTESIAN_POINT('',(253.12635753241,139.40804119908,
    5.344032227594));
#4161 = CARTESIAN_POINT('',(253.12635753241,139.40804119908,
    12.844032227594));
#4162 = CARTESIAN_POINT('',(253.12635753241,142.10804119908,
    -6.747916174974));
#4163 = CARTESIAN_POINT('',(253.12635753241,142.10804119908,
    2.344032227594));
#4164 = CARTESIAN_POINT('',(253.12635753241,142.10804119908,
    5.344032227594));
#4165 = CARTESIAN_POINT('',(253.12635753241,142.10804119908,
    12.844032227594));
#4166 = ADVANCED_FACE('',(#4167),#4173,.T.);
#4167 = FACE_BOUND('',#4168,.T.);
#4168 = EDGE_LOOP('',(#4169,#4170,#4171,#4172));
#4169 = ORIENTED_EDGE('',*,*,#833,.F.);
#4170 = ORIENTED_EDGE('',*,*,#3827,.F.);
#4171 = ORIENTED_EDGE('',*,*,#1799,.T.);
#4172 = ORIENTED_EDGE('',*,*,#1673,.T.);
#4173 = PLANE('',#4174);
#4174 = AXIS2_PLACEMENT_3D('',#4175,#4176,#4177);
#4175 = CARTESIAN_POINT('',(241.82635753242,130.40804119908,
    3.844032227594));
#4176 = DIRECTION('',(1.,0.,0.));
#4177 = DIRECTION('',(0.,-1.,0.));
#4178 = ADVANCED_FACE('',(#4179),#4185,.F.);
#4179 = FACE_BOUND('',#4180,.T.);
#4180 = EDGE_LOOP('',(#4181,#4182,#4183,#4184));
#4181 = ORIENTED_EDGE('',*,*,#816,.F.);
#4182 = ORIENTED_EDGE('',*,*,#1200,.T.);
#4183 = ORIENTED_EDGE('',*,*,#1815,.T.);
#4184 = ORIENTED_EDGE('',*,*,#3820,.T.);
#4185 = PLANE('',#4186);
#4186 = AXIS2_PLACEMENT_3D('',#4187,#4188,#4189);
#4187 = CARTESIAN_POINT('',(241.17635753241,130.40804119908,
    3.844032227594));
#4188 = DIRECTION('',(1.,0.,0.));
#4189 = DIRECTION('',(0.,-1.,0.));
#4190 = ADVANCED_FACE('',(#4191),#4197,.T.);
#4191 = FACE_BOUND('',#4192,.T.);
#4192 = EDGE_LOOP('',(#4193,#4194,#4195,#4196));
#4193 = ORIENTED_EDGE('',*,*,#3215,.F.);
#4194 = ORIENTED_EDGE('',*,*,#3875,.T.);
#4195 = ORIENTED_EDGE('',*,*,#1776,.T.);
#4196 = ORIENTED_EDGE('',*,*,#2687,.T.);
#4197 = PLANE('',#4198);
#4198 = AXIS2_PLACEMENT_3D('',#4199,#4200,#4201);
#4199 = CARTESIAN_POINT('',(253.77635753241,130.40804119908,
    3.844032227594));
#4200 = DIRECTION('',(1.,-2.021099337273E-13,0.));
#4201 = DIRECTION('',(0.,0.,-1.));
#4202 = ADVANCED_FACE('',(#4203),#4219,.T.);
#4203 = FACE_BOUND('',#4204,.T.);
#4204 = EDGE_LOOP('',(#4205,#4211,#4212,#4218));
#4205 = ORIENTED_EDGE('',*,*,#4206,.F.);
#4206 = EDGE_CURVE('',#2928,#73,#4207,.T.);
#4207 = LINE('',#4208,#4209);
#4208 = CARTESIAN_POINT('',(241.00135753241,128.4080411991,
    4.330757974458E-12));
#4209 = VECTOR('',#4210,1.);
#4210 = DIRECTION('',(0.,0.,1.));
#4211 = ORIENTED_EDGE('',*,*,#2927,.F.);
#4212 = ORIENTED_EDGE('',*,*,#4213,.T.);
#4213 = EDGE_CURVE('',#2920,#64,#4214,.T.);
#4214 = LINE('',#4215,#4216);
#4215 = CARTESIAN_POINT('',(241.00135753241,129.9080411991,
    4.330757974458E-12));
#4216 = VECTOR('',#4217,1.);
#4217 = DIRECTION('',(0.,0.,1.));
#4218 = ORIENTED_EDGE('',*,*,#72,.T.);
#4219 = PLANE('',#4220);
#4220 = AXIS2_PLACEMENT_3D('',#4221,#4222,#4223);
#4221 = CARTESIAN_POINT('',(241.00135753241,130.9080411991,
    4.329869796038E-12));
#4222 = DIRECTION('',(1.,0.,0.));
#4223 = DIRECTION('',(0.,1.,-3.061616997868E-16));
#4224 = ADVANCED_FACE('',(#4225),#4231,.T.);
#4225 = FACE_BOUND('',#4226,.T.);
#4226 = EDGE_LOOP('',(#4227,#4228,#4229,#4230));
#4227 = ORIENTED_EDGE('',*,*,#4206,.T.);
#4228 = ORIENTED_EDGE('',*,*,#81,.T.);
#4229 = ORIENTED_EDGE('',*,*,#3374,.F.);
#4230 = ORIENTED_EDGE('',*,*,#2935,.F.);
#4231 = PLANE('',#4232);
#4232 = AXIS2_PLACEMENT_3D('',#4233,#4234,#4235);
#4233 = CARTESIAN_POINT('',(242.00135753241,128.4080411991,
    4.331646152878E-12));
#4234 = DIRECTION('',(0.,1.,0.));
#4235 = DIRECTION('',(-1.,0.,0.));
#4236 = ADVANCED_FACE('',(#4237),#4243,.T.);
#4237 = FACE_BOUND('',#4238,.T.);
#4238 = EDGE_LOOP('',(#4239,#4240,#4241,#4242));
#4239 = ORIENTED_EDGE('',*,*,#4213,.F.);
#4240 = ORIENTED_EDGE('',*,*,#2919,.F.);
#4241 = ORIENTED_EDGE('',*,*,#2984,.T.);
#4242 = ORIENTED_EDGE('',*,*,#63,.T.);
#4243 = PLANE('',#4244);
#4244 = AXIS2_PLACEMENT_3D('',#4245,#4246,#4247);
#4245 = CARTESIAN_POINT('',(241.00135753241,129.9080411991,
    4.330757974458E-12));
#4246 = DIRECTION('',(0.,1.,0.));
#4247 = DIRECTION('',(-1.,0.,0.));
#4248 = ADVANCED_FACE('',(#4249),#4260,.T.);
#4249 = FACE_BOUND('',#4250,.T.);
#4250 = EDGE_LOOP('',(#4251,#4257,#4258,#4259));
#4251 = ORIENTED_EDGE('',*,*,#4252,.F.);
#4252 = EDGE_CURVE('',#2952,#100,#4253,.T.);
#4253 = LINE('',#4254,#4255);
#4254 = CARTESIAN_POINT('',(243.50135753241,129.9080411991,
    4.330757974458E-12));
#4255 = VECTOR('',#4256,1.);
#4256 = DIRECTION('',(0.,0.,1.));
#4257 = ORIENTED_EDGE('',*,*,#2951,.F.);
#4258 = ORIENTED_EDGE('',*,*,#3367,.T.);
#4259 = ORIENTED_EDGE('',*,*,#99,.T.);
#4260 = PLANE('',#4261);
#4261 = AXIS2_PLACEMENT_3D('',#4262,#4263,#4264);
#4262 = CARTESIAN_POINT('',(241.00135753241,129.9080411991,
    4.330757974458E-12));
#4263 = DIRECTION('',(0.,1.,0.));
#4264 = DIRECTION('',(-1.,0.,0.));
#4265 = ADVANCED_FACE('',(#4266),#4272,.T.);
#4266 = FACE_BOUND('',#4267,.T.);
#4267 = EDGE_LOOP('',(#4268,#4269,#4270,#4271));
#4268 = ORIENTED_EDGE('',*,*,#4252,.T.);
#4269 = ORIENTED_EDGE('',*,*,#108,.T.);
#4270 = ORIENTED_EDGE('',*,*,#3352,.F.);
#4271 = ORIENTED_EDGE('',*,*,#2959,.F.);
#4272 = PLANE('',#4273);
#4273 = AXIS2_PLACEMENT_3D('',#4274,#4275,#4276);
#4274 = CARTESIAN_POINT('',(243.50135753241,130.9080411991,
    4.329869796038E-12));
#4275 = DIRECTION('',(-1.,0.,0.));
#4276 = DIRECTION('',(0.,-1.,3.061616997868E-16));
#4277 = ADVANCED_FACE('',(#4278),#4284,.T.);
#4278 = FACE_BOUND('',#4279,.T.);
#4279 = EDGE_LOOP('',(#4280,#4281,#4282,#4283));
#4280 = ORIENTED_EDGE('',*,*,#2991,.F.);
#4281 = ORIENTED_EDGE('',*,*,#2903,.F.);
#4282 = ORIENTED_EDGE('',*,*,#211,.T.);
#4283 = ORIENTED_EDGE('',*,*,#43,.T.);
#4284 = PLANE('',#4285);
#4285 = AXIS2_PLACEMENT_3D('',#4286,#4287,#4288);
#4286 = CARTESIAN_POINT('',(239.50135753241,130.9080411991,
    4.329869796038E-12));
#4287 = DIRECTION('',(0.,-1.,0.));
#4288 = DIRECTION('',(1.,0.,0.));
#4289 = ADVANCED_FACE('',(#4290),#4296,.T.);
#4290 = FACE_BOUND('',#4291,.T.);
#4291 = EDGE_LOOP('',(#4292,#4293,#4294,#4295));
#4292 = ORIENTED_EDGE('',*,*,#3289,.F.);
#4293 = ORIENTED_EDGE('',*,*,#3032,.F.);
#4294 = ORIENTED_EDGE('',*,*,#1365,.T.);
#4295 = ORIENTED_EDGE('',*,*,#1395,.T.);
#4296 = PLANE('',#4297);
#4297 = AXIS2_PLACEMENT_3D('',#4298,#4299,#4300);
#4298 = CARTESIAN_POINT('',(252.95135753241,129.9080411991,
    4.330757974458E-12));
#4299 = DIRECTION('',(0.,1.,0.));
#4300 = DIRECTION('',(-1.,0.,0.));
#4301 = ADVANCED_FACE('',(#4302),#4313,.T.);
#4302 = FACE_BOUND('',#4303,.T.);
#4303 = EDGE_LOOP('',(#4304,#4305,#4306,#4312));
#4304 = ORIENTED_EDGE('',*,*,#1381,.F.);
#4305 = ORIENTED_EDGE('',*,*,#3025,.F.);
#4306 = ORIENTED_EDGE('',*,*,#4307,.T.);
#4307 = EDGE_CURVE('',#3018,#1483,#4308,.T.);
#4308 = LINE('',#4309,#4310);
#4309 = CARTESIAN_POINT('',(252.95135753241,130.9080411991,
    4.329869796038E-12));
#4310 = VECTOR('',#4311,1.);
#4311 = DIRECTION('',(0.,0.,1.));
#4312 = ORIENTED_EDGE('',*,*,#1491,.T.);
#4313 = PLANE('',#4314);
#4314 = AXIS2_PLACEMENT_3D('',#4315,#4316,#4317);
#4315 = CARTESIAN_POINT('',(251.45135753241,130.9080411991,
    4.329869796038E-12));
#4316 = DIRECTION('',(0.,-1.,0.));
#4317 = DIRECTION('',(1.,0.,0.));
#4318 = ADVANCED_FACE('',(#4319),#4325,.T.);
#4319 = FACE_BOUND('',#4320,.T.);
#4320 = EDGE_LOOP('',(#4321,#4322,#4323,#4324));
#4321 = ORIENTED_EDGE('',*,*,#4307,.F.);
#4322 = ORIENTED_EDGE('',*,*,#3017,.F.);
#4323 = ORIENTED_EDGE('',*,*,#1582,.T.);
#4324 = ORIENTED_EDGE('',*,*,#1482,.T.);
#4325 = PLANE('',#4326);
#4326 = AXIS2_PLACEMENT_3D('',#4327,#4328,#4329);
#4327 = CARTESIAN_POINT('',(252.95135753241,130.9080411991,
    4.329869796038E-12));
#4328 = DIRECTION('',(1.,0.,0.));
#4329 = DIRECTION('',(0.,1.,-3.061616997868E-16));
#4330 = ADVANCED_FACE('',(#4331),#4337,.T.);
#4331 = FACE_BOUND('',#4332,.T.);
#4332 = EDGE_LOOP('',(#4333,#4334,#4335,#4336));
#4333 = ORIENTED_EDGE('',*,*,#1598,.F.);
#4334 = ORIENTED_EDGE('',*,*,#3070,.F.);
#4335 = ORIENTED_EDGE('',*,*,#3333,.T.);
#4336 = ORIENTED_EDGE('',*,*,#1462,.T.);
#4337 = PLANE('',#4338);
#4338 = AXIS2_PLACEMENT_3D('',#4339,#4340,#4341);
#4339 = CARTESIAN_POINT('',(253.95135753241,132.4080411991,
    4.329869796038E-12));
#4340 = DIRECTION('',(-1.,0.,0.));
#4341 = DIRECTION('',(0.,-1.,3.061616997868E-16));
#4342 = ( GEOMETRIC_REPRESENTATION_CONTEXT(3) 
GLOBAL_UNCERTAINTY_ASSIGNED_CONTEXT((#4346)) 
GLOBAL_UNIT_ASSIGNED_CONTEXT((#4343,#4344,#4345)) REPRESENTATION_CONTEXT
('Context #1','3D Context with UNIT and UNCERTAINTY') );
#4343 = ( LENGTH_UNIT() NAMED_UNIT(*) SI_UNIT(.MILLI.,.METRE.) );
#4344 = ( NAMED_UNIT(*) PLANE_ANGLE_UNIT() SI_UNIT($,.RADIAN.) );
#4345 = ( NAMED_UNIT(*) SI_UNIT($,.STERADIAN.) SOLID_ANGLE_UNIT() );
#4346 = UNCERTAINTY_MEASURE_WITH_UNIT(LENGTH_MEASURE(5.E-04),#4343,
  'distance_accuracy_value','confusion accuracy');
#4347 = PRODUCT_RELATED_PRODUCT_CATEGORY('part',$,(#7));
#4348 = MECHANICAL_DESIGN_GEOMETRIC_PRESENTATION_REPRESENTATION('',(
    #4349),#4342);
#4349 = STYLED_ITEM('color',(#4350),#15);
#4350 = PRESENTATION_STYLE_ASSIGNMENT((#4351,#4357));
#4351 = SURFACE_STYLE_USAGE(.BOTH.,#4352);
#4352 = SURFACE_SIDE_STYLE('',(#4353));
#4353 = SURFACE_STYLE_FILL_AREA(#4354);
#4354 = FILL_AREA_STYLE('',(#4355));
#4355 = FILL_AREA_STYLE_COLOUR('',#4356);
#4356 = DRAUGHTING_PRE_DEFINED_COLOUR('white');
#4357 = CURVE_STYLE('',#4358,POSITIVE_LENGTH_MEASURE(0.1),#4359);
#4358 = DRAUGHTING_PRE_DEFINED_CURVE_FONT('continuous');
#4359 = COLOUR_RGB('',9.803921802644E-02,9.803921802644E-02,
  9.803921802644E-02);
ENDSEC;
END-ISO-10303-21;
