ISO-10303-21;
HEADER;
FILE_DESCRIPTION(('FreeCAD Model'),'2;1');
FILE_NAME('Open CASCADE Shape Model','2026-09-10T09:39:15',('Author'),(
    ''),'Open CASCADE STEP processor 7.8','FreeCAD','Unknown');
FILE_SCHEMA(('AUTOMOTIVE_DESIGN { 1 0 10303 214 1 1 1 1 }'));
ENDSEC;
DATA;
#1 = APPLICATION_PROTOCOL_DEFINITION('international standard',
  'automotive_design',2000,#2);
#2 = APPLICATION_CONTEXT(
  'core data for automotive mechanical design processes');
#3 = SHAPE_DEFINITION_REPRESENTATION(#4,#10);
#4 = PRODUCT_DEFINITION_SHAPE('','',#5);
#5 = PRODUCT_DEFINITION('design','',#6,#9);
#6 = PRODUCT_DEFINITION_FORMATION('','',#7);
#7 = PRODUCT('Product025','Product025','',(#8));
#8 = PRODUCT_CONTEXT('',#2,'mechanical');
#9 = PRODUCT_DEFINITION_CONTEXT('part definition',#2,'design');
#10 = ADVANCED_BREP_SHAPE_REPRESENTATION('',(#11,#15),#4391);
#11 = AXIS2_PLACEMENT_3D('',#12,#13,#14);
#12 = CARTESIAN_POINT('',(0.,0.,0.));
#13 = DIRECTION('',(0.,0.,1.));
#14 = DIRECTION('',(1.,0.,-0.));
#15 = MANIFOLD_SOLID_BREP('',#16);
#16 = CLOSED_SHELL('',(#17,#171,#286,#435,#661,#733,#816,#855,#896,#983,
    #1082,#1179,#1267,#1382,#1536,#1570,#1595,#1620,#1645,#1670,#1697,
    #1724,#1749,#1774,#1799,#1826,#1844,#1876,#1991,#2128,#2162,#2187,
    #2212,#2237,#2262,#2289,#2316,#2341,#2366,#2391,#2418,#2436,#2468,
    #2509,#2543,#2575,#2607,#2639,#2673,#2707,#2739,#2771,#2803,#2835,
    #2860,#2883,#2924,#3006,#3108,#3179,#3243,#3293,#3343,#3407,#3478,
    #3560,#3606,#3623,#3664,#3693,#3711,#3743,#3772,#3813,#3854,#3866,
    #3883,#3901,#3921,#3947,#3964,#3976,#3993,#4011,#4023,#4047,#4071,
    #4083,#4109,#4126,#4138,#4161,#4173,#4185,#4202,#4219,#4231,#4254,
    #4278,#4290,#4316,#4333,#4345,#4362,#4379));
#17 = ADVANCED_FACE('',(#18),#166,.F.);
#18 = FACE_BOUND('',#19,.T.);
#19 = EDGE_LOOP('',(#20,#30,#38,#46,#57,#65,#73,#81,#92,#100,#108,#116,
    #127,#138,#146,#157));
#20 = ORIENTED_EDGE('',*,*,#21,.F.);
#21 = EDGE_CURVE('',#22,#24,#26,.T.);
#22 = VERTEX_POINT('',#23);
#23 = CARTESIAN_POINT('',(265.72635753241,100.89401744655,2.391726506849
    ));
#24 = VERTEX_POINT('',#25);
#25 = CARTESIAN_POINT('',(265.72635753242,100.71034393354,4.491124367121
    ));
#26 = LINE('',#27,#28);
#27 = CARTESIAN_POINT('',(265.72635753241,100.892302649,2.411326732466)
  );
#28 = VECTOR('',#29,1.);
#29 = DIRECTION('',(0.,-8.715574274715E-02,0.996194698092));
#30 = ORIENTED_EDGE('',*,*,#31,.T.);
#31 = EDGE_CURVE('',#22,#32,#34,.T.);
#32 = VERTEX_POINT('',#33);
#33 = CARTESIAN_POINT('',(265.07635753241,100.89401744655,2.391726506849
    ));
#34 = LINE('',#35,#36);
#35 = CARTESIAN_POINT('',(263.90448253241,100.89401744655,2.391726506849
    ));
#36 = VECTOR('',#37,1.);
#37 = DIRECTION('',(-1.,8.633949212408E-18,0.));
#38 = ORIENTED_EDGE('',*,*,#39,.F.);
#39 = EDGE_CURVE('',#40,#32,#42,.T.);
#40 = VERTEX_POINT('',#41);
#41 = CARTESIAN_POINT('',(265.07635753241,100.71294297463,4.461417191567
    ));
#42 = LINE('',#43,#44);
#43 = CARTESIAN_POINT('',(265.07635753241,100.892302649,2.411326732466)
  );
#44 = VECTOR('',#45,1.);
#45 = DIRECTION('',(0.,8.715574274715E-02,-0.996194698092));
#46 = ORIENTED_EDGE('',*,*,#47,.T.);
#47 = EDGE_CURVE('',#40,#48,#50,.T.);
#48 = VERTEX_POINT('',#49);
#49 = CARTESIAN_POINT('',(253.77635753241,100.73554833894,4.203036695126
    ));
#50 = B_SPLINE_CURVE_WITH_KNOTS('',3,(#51,#52,#53,#54,#55,#56),
  .UNSPECIFIED.,.F.,.F.,(4,2,4),(0.130527429264,5.771681610765,
    11.43419493394),.UNSPECIFIED.);
#51 = CARTESIAN_POINT('',(265.07635753242,100.71294297463,4.461417191568
    ));
#52 = CARTESIAN_POINT('',(263.19783852062,100.7202499149,4.377898482074)
  );
#53 = CARTESIAN_POINT('',(261.31832594183,100.72578905463,4.314585825252
    ));
#54 = CARTESIAN_POINT('',(257.5514326326,100.73333970186,4.228281532522)
  );
#55 = CARTESIAN_POINT('',(255.66386415957,100.73533814403,4.205439234032
    ));
#56 = CARTESIAN_POINT('',(253.77635753242,100.73554833895,4.203036695124
    ));
#57 = ORIENTED_EDGE('',*,*,#58,.F.);
#58 = EDGE_CURVE('',#59,#48,#61,.T.);
#59 = VERTEX_POINT('',#60);
#60 = CARTESIAN_POINT('',(253.77635753241,100.89401744655,2.391726506849
    ));
#61 = LINE('',#62,#63);
#62 = CARTESIAN_POINT('',(253.77635753241,100.892302649,2.411326732466)
  );
#63 = VECTOR('',#64,1.);
#64 = DIRECTION('',(-1.761504139058E-14,-8.715574274715E-02,
    0.996194698092));
#65 = ORIENTED_EDGE('',*,*,#66,.T.);
#66 = EDGE_CURVE('',#59,#67,#69,.T.);
#67 = VERTEX_POINT('',#68);
#68 = CARTESIAN_POINT('',(253.12635753241,100.89401744655,2.391726506849
    ));
#69 = LINE('',#70,#71);
#70 = CARTESIAN_POINT('',(263.90448253241,100.89401744655,2.391726506849
    ));
#71 = VECTOR('',#72,1.);
#72 = DIRECTION('',(-1.,8.633949212408E-18,0.));
#73 = ORIENTED_EDGE('',*,*,#74,.F.);
#74 = EDGE_CURVE('',#75,#67,#77,.T.);
#75 = VERTEX_POINT('',#76);
#76 = CARTESIAN_POINT('',(253.12635753241,100.73555002726,4.203017397709
    ));
#77 = LINE('',#78,#79);
#78 = CARTESIAN_POINT('',(253.12635753241,101.11279782647,
    -0.108944678431));
#79 = VECTOR('',#80,1.);
#80 = DIRECTION('',(0.,8.715574274715E-02,-0.996194698092));
#81 = ORIENTED_EDGE('',*,*,#82,.T.);
#82 = EDGE_CURVE('',#75,#83,#85,.T.);
#83 = VERTEX_POINT('',#84);
#84 = CARTESIAN_POINT('',(241.82635753242,100.71296924502,4.461116919648
    ));
#85 = B_SPLINE_CURVE_WITH_KNOTS('',3,(#86,#87,#88,#89,#90,#91),
  .UNSPECIFIED.,.F.,.F.,(4,2,4),(0.1127568016,5.77577556794,
    11.419761339697),.UNSPECIFIED.);
#86 = CARTESIAN_POINT('',(253.12635753241,100.73555002725,4.20301739771)
  );
#87 = CARTESIAN_POINT('',(251.23872046253,100.73534960265,4.205308261333
    ));
#88 = CARTESIAN_POINT('',(249.35196199623,100.73335949296,4.228055319269
    ));
#89 = CARTESIAN_POINT('',(245.58511612678,100.72581787167,4.314256445013
    ));
#90 = CARTESIAN_POINT('',(243.70523930744,100.72027874684,4.377568931478
    ));
#91 = CARTESIAN_POINT('',(241.82635753242,100.71296924502,4.461116919648
    ));
#92 = ORIENTED_EDGE('',*,*,#93,.F.);
#93 = EDGE_CURVE('',#94,#83,#96,.T.);
#94 = VERTEX_POINT('',#95);
#95 = CARTESIAN_POINT('',(241.82635753242,100.89401744655,2.391726506849
    ));
#96 = LINE('',#97,#98);
#97 = CARTESIAN_POINT('',(241.82635753242,100.892302649,2.411326732466)
  );
#98 = VECTOR('',#99,1.);
#99 = DIRECTION('',(0.,-8.715574274715E-02,0.996194698092));
#100 = ORIENTED_EDGE('',*,*,#101,.T.);
#101 = EDGE_CURVE('',#94,#102,#104,.T.);
#102 = VERTEX_POINT('',#103);
#103 = CARTESIAN_POINT('',(241.17635753241,100.89401744655,
    2.391726506849));
#104 = LINE('',#105,#106);
#105 = CARTESIAN_POINT('',(263.90448253241,100.89401744655,
    2.391726506849));
#106 = VECTOR('',#107,1.);
#107 = DIRECTION('',(-1.,8.633949212408E-18,0.));
#108 = ORIENTED_EDGE('',*,*,#109,.F.);
#109 = EDGE_CURVE('',#110,#102,#112,.T.);
#110 = VERTEX_POINT('',#111);
#111 = CARTESIAN_POINT('',(241.17635753241,100.7103697319,4.490829490628
    ));
#112 = LINE('',#113,#114);
#113 = CARTESIAN_POINT('',(241.17635753241,100.892302649,2.411326732466)
  );
#114 = VECTOR('',#115,1.);
#115 = DIRECTION('',(0.,8.715574274715E-02,-0.996194698092));
#116 = ORIENTED_EDGE('',*,*,#117,.T.);
#117 = EDGE_CURVE('',#110,#118,#120,.T.);
#118 = VERTEX_POINT('',#119);
#119 = CARTESIAN_POINT('',(236.29006244311,100.68629156598,
    4.766044186457));
#120 = B_SPLINE_CURVE_WITH_KNOTS('',3,(#121,#122,#123,#124,#125,#126),
  .UNSPECIFIED.,.F.,.F.,(4,2,4),(2.874584084235E-02,2.590362573469,
    4.922898910841),.UNSPECIFIED.);
#121 = CARTESIAN_POINT('',(241.17635753241,100.71036973188,4.49082949063
    ));
#122 = CARTESIAN_POINT('',(240.32343208288,100.70686577377,
    4.530879915165));
#123 = CARTESIAN_POINT('',(239.47069555283,100.70299686947,
    4.575101693688));
#124 = CARTESIAN_POINT('',(237.84195304708,100.69490840885,
    4.667553221721));
#125 = CARTESIAN_POINT('',(237.06589051737,100.6907510805,4.715071702242
    ));
#126 = CARTESIAN_POINT('',(236.2900624431,100.68629156598,4.766044186455
    ));
#127 = ORIENTED_EDGE('',*,*,#128,.T.);
#128 = EDGE_CURVE('',#118,#129,#131,.T.);
#129 = VERTEX_POINT('',#130);
#130 = CARTESIAN_POINT('',(233.94033029654,101.10326640215,
    2.740030424775E-12));
#131 = B_SPLINE_CURVE_WITH_KNOTS('',3,(#132,#133,#134,#135,#136,#137),
  .UNSPECIFIED.,.F.,.F.,(4,2,4),(0.615590868601,3.1642176096,
    5.932442381685),.UNSPECIFIED.);
#132 = CARTESIAN_POINT('',(236.29006244311,100.68629156598,
    4.766044186459));
#133 = CARTESIAN_POINT('',(235.91642030581,100.75301098769,
    4.003437706591));
#134 = CARTESIAN_POINT('',(235.54014112489,100.81996361976,
    3.238165620203));
#135 = CARTESIAN_POINT('',(234.75925137088,100.9585350298,1.654287155838
    ));
#136 = CARTESIAN_POINT('',(234.34911754892,101.03110129558,
    0.824850942531));
#137 = CARTESIAN_POINT('',(233.94033029654,101.10326640215,
    2.007283228522E-12));
#138 = ORIENTED_EDGE('',*,*,#139,.T.);
#139 = EDGE_CURVE('',#129,#140,#142,.T.);
#140 = VERTEX_POINT('',#141);
#141 = CARTESIAN_POINT('',(272.96238476829,101.10326640215,
    2.736033621886E-12));
#142 = LINE('',#143,#144);
#143 = CARTESIAN_POINT('',(269.85760753241,101.10326640215,
    2.736033621886E-12));
#144 = VECTOR('',#145,1.);
#145 = DIRECTION('',(1.,1.788716237788E-19,-1.007310030931E-16));
#146 = ORIENTED_EDGE('',*,*,#147,.F.);
#147 = EDGE_CURVE('',#148,#140,#150,.T.);
#148 = VERTEX_POINT('',#149);
#149 = CARTESIAN_POINT('',(270.61255254516,100.68627369579,
    4.766248443533));
#150 = B_SPLINE_CURVE_WITH_KNOTS('',3,(#151,#152,#153,#154,#155,#156),
  .UNSPECIFIED.,.F.,.F.,(4,2,4),(-5.698472489357,-3.15050992461,
    -0.38631526309),.UNSPECIFIED.);
#151 = CARTESIAN_POINT('',(270.61255254516,100.68627369579,
    4.766248443531));
#152 = CARTESIAN_POINT('',(270.98644383864,100.75303765056,
    4.003132948664));
#153 = CARTESIAN_POINT('',(271.36297707281,100.82003536709,
    3.237345544575));
#154 = CARTESIAN_POINT('',(272.1439015245,100.95861249594,1.653401713749
    ));
#155 = CARTESIAN_POINT('',(272.55381499198,101.03113968763,
    0.824412119285));
#156 = CARTESIAN_POINT('',(272.96238476829,101.10326640214,
    4.184208535207E-12));
#157 = ORIENTED_EDGE('',*,*,#158,.T.);
#158 = EDGE_CURVE('',#148,#24,#159,.T.);
#159 = B_SPLINE_CURVE_WITH_KNOTS('',3,(#160,#161,#162,#163,#164,#165),
  .UNSPECIFIED.,.F.,.F.,(4,2,4),(0.257541309115,2.589594570582,
    5.151589200556),.UNSPECIFIED.);
#160 = CARTESIAN_POINT('',(270.61255254516,100.6862736958,4.766248443532
    ));
#161 = CARTESIAN_POINT('',(269.83688393519,100.69073069824,
    4.715304672508));
#162 = CARTESIAN_POINT('',(269.06098119021,100.69488577347,
    4.667811945358));
#163 = CARTESIAN_POINT('',(267.43227211792,100.70297171851,
    4.575389170534));
#164 = CARTESIAN_POINT('',(266.5794092118,100.70684017125,4.531172553423
    ));
#165 = CARTESIAN_POINT('',(265.72635753242,100.71034393354,
    4.491124367122));
#166 = PLANE('',#167);
#167 = AXIS2_PLACEMENT_3D('',#168,#169,#170);
#168 = CARTESIAN_POINT('',(274.35760753241,101.11279782647,
    -0.108944678431));
#169 = DIRECTION('',(8.601094428995E-18,0.996194698092,
    8.715574274715E-02));
#170 = DIRECTION('',(0.,-8.715574274715E-02,0.996194698092));
#171 = ADVANCED_FACE('',(#172),#269,.F.);
#172 = FACE_BOUND('',#173,.F.);
#173 = EDGE_LOOP('',(#174,#183,#184,#205,#223,#232,#247,#256));
#174 = ORIENTED_EDGE('',*,*,#175,.F.);
#175 = EDGE_CURVE('',#118,#176,#178,.T.);
#176 = VERTEX_POINT('',#177);
#177 = CARTESIAN_POINT('',(236.36247206239,93.683041199096,
    5.875718640125));
#178 = B_SPLINE_CURVE_WITH_KNOTS('',3,(#179,#180,#181,#182),
  .UNSPECIFIED.,.F.,.F.,(4,4),(-7.18544385764,-0.133329611322),
  .PIECEWISE_BEZIER_KNOTS.);
#179 = CARTESIAN_POINT('',(236.29006244311,100.68629156598,
    4.766044186457));
#180 = CARTESIAN_POINT('',(236.3177990513,98.360106527754,5.134389291059
    ));
#181 = CARTESIAN_POINT('',(236.34167926013,96.005866469641,
    5.507452573997));
#182 = CARTESIAN_POINT('',(236.3624720623,93.683041199089,5.875718640127
    ));
#183 = ORIENTED_EDGE('',*,*,#128,.T.);
#184 = ORIENTED_EDGE('',*,*,#185,.F.);
#185 = EDGE_CURVE('',#186,#129,#188,.T.);
#186 = VERTEX_POINT('',#187);
#187 = CARTESIAN_POINT('',(233.88103984044,85.72958210401,
    2.740030424775E-12));
#188 = B_SPLINE_CURVE_WITH_KNOTS('',3,(#189,#190,#191,#192,#193,#194,
    #195,#196,#197,#198,#199,#200,#201,#202,#203,#204),.UNSPECIFIED.,.F.
  ,.F.,(4,3,3,3,3,4),(0.23754092872,4.490180187463,7.883711533932,
    11.33336220085,14.646889144633,15.440287735687),.UNSPECIFIED.);
#189 = CARTESIAN_POINT('',(233.88103984044,85.729582104013,
    2.744332538995E-12));
#190 = CARTESIAN_POINT('',(233.88469503818,87.149056178503,
    4.180515961858E-07));
#191 = CARTESIAN_POINT('',(233.88877452114,88.585317538717,
    1.958017738344E-05));
#192 = CARTESIAN_POINT('',(233.89330877435,90.019944348196,
    3.032279314541E-05));
#193 = CARTESIAN_POINT('',(233.89692702868,91.164751314468,
    3.889521161621E-05));
#194 = CARTESIAN_POINT('',(233.90083462613,92.308515004271,
    4.103809416633E-05));
#195 = CARTESIAN_POINT('',(233.90506116612,93.44186656141,
    4.126789676032E-05));
#196 = CARTESIAN_POINT('',(233.90935760107,94.593960531812,
    4.150149963604E-05));
#197 = CARTESIAN_POINT('',(233.91408429775,95.762411680892,
    4.112798358801E-05));
#198 = CARTESIAN_POINT('',(233.91931736985,96.933414498747,
    3.4095772611E-05));
#199 = CARTESIAN_POINT('',(233.92434394416,98.058209373029,
    2.734105371434E-05));
#200 = CARTESIAN_POINT('',(233.92983705037,99.185355265797,
    1.220436532181E-05));
#201 = CARTESIAN_POINT('',(233.93588713089,100.3025955133,
    3.660130161908E-06));
#202 = CARTESIAN_POINT('',(233.93733577623,100.57011011429,
    1.614278641004E-06));
#203 = CARTESIAN_POINT('',(233.93881648612,100.83705682287,
    1.26775769172E-07));
#204 = CARTESIAN_POINT('',(233.94033076991,101.1032675174,
    -1.920296697387E-07));
#205 = ORIENTED_EDGE('',*,*,#206,.T.);
#206 = EDGE_CURVE('',#186,#207,#209,.T.);
#207 = VERTEX_POINT('',#208);
#208 = CARTESIAN_POINT('',(236.40285502939,88.737119108635,
    6.660110588975));
#209 = B_SPLINE_CURVE_WITH_KNOTS('',3,(#210,#211,#212,#213,#214,#215,
    #216,#217,#218,#219,#220,#221,#222),.UNSPECIFIED.,.F.,.F.,(4,3,3,3,4
    ),(0.190139312926,3.838323397407,4.285774508213,7.417348318639,
    7.892525477398),.UNSPECIFIED.);
#210 = CARTESIAN_POINT('',(233.88103984044,85.729582104003,
    4.233613459803E-12));
#211 = CARTESIAN_POINT('',(234.27665818783,86.203212125876,
    1.048841067987));
#212 = CARTESIAN_POINT('',(234.67538157161,86.679859005516,
    2.104326832576));
#213 = CARTESIAN_POINT('',(235.07266767478,87.153866250759,
    3.153998390319));
#214 = CARTESIAN_POINT('',(235.12139496048,87.212003412564,
    3.282740990368));
#215 = CARTESIAN_POINT('',(235.17010062125,87.27010086371,3.41139606341)
  );
#216 = CARTESIAN_POINT('',(235.21877627396,87.328148183138,
    3.539940572887));
#217 = CARTESIAN_POINT('',(235.55944231673,87.734403661998,
    4.439584376712));
#218 = CARTESIAN_POINT('',(235.90325637228,88.143710042194,
    5.346011819173));
#219 = CARTESIAN_POINT('',(236.24660438289,88.551571262651,
    6.249218091843));
#220 = CARTESIAN_POINT('',(236.29870314921,88.613459101686,6.38626834721
    ));
#221 = CARTESIAN_POINT('',(236.35079118273,88.675313640543,
    6.523244344132));
#222 = CARTESIAN_POINT('',(236.40285585566,88.737119170315,
    6.660111036443));
#223 = ORIENTED_EDGE('',*,*,#224,.F.);
#224 = EDGE_CURVE('',#225,#207,#227,.T.);
#225 = VERTEX_POINT('',#226);
#226 = CARTESIAN_POINT('',(236.36821815622,93.033041199094,
    5.978775869152));
#227 = B_SPLINE_CURVE_WITH_KNOTS('',3,(#228,#229,#230,#231),
  .UNSPECIFIED.,.F.,.F.,(4,4),(-4.57686034691,-0.234996674107),
  .PIECEWISE_BEZIER_KNOTS.);
#228 = CARTESIAN_POINT('',(236.36821815553,93.033041199109,
    5.978775869197));
#229 = CARTESIAN_POINT('',(236.38070257067,91.602992326669,
    6.205519811605));
#230 = CARTESIAN_POINT('',(236.39221045436,90.167154917923,
    6.433248676983));
#231 = CARTESIAN_POINT('',(236.40285502928,88.737119108649,
    6.660110588977));
#232 = ORIENTED_EDGE('',*,*,#233,.T.);
#233 = EDGE_CURVE('',#225,#234,#236,.T.);
#234 = VERTEX_POINT('',#235);
#235 = CARTESIAN_POINT('',(234.90801727498,93.033041199094,
    2.391726506849));
#236 = B_SPLINE_CURVE_WITH_KNOTS('',3,(#237,#238,#239,#240,#241,#242,
    #243,#244,#245,#246),.UNSPECIFIED.,.F.,.F.,(4,3,3,4),(0.434020949869
    ,2.971853319529,3.867963375688,4.300994984535),.UNSPECIFIED.);
#237 = CARTESIAN_POINT('',(236.36837068173,93.033051986843,
    5.978854017672));
#238 = CARTESIAN_POINT('',(236.0551604505,93.033052845994,5.192098830257
    ));
#239 = CARTESIAN_POINT('',(235.73676018969,93.033067591909,
    4.405019435246));
#240 = CARTESIAN_POINT('',(235.41538007786,93.033070343891,
    3.621000018456));
#241 = CARTESIAN_POINT('',(235.3019005772,93.033071315618,3.344162315537
    ));
#242 = CARTESIAN_POINT('',(235.18804964333,93.033070863331,3.06770565143
    ));
#243 = CARTESIAN_POINT('',(235.07392486425,93.033069749022,
    2.791778434189));
#244 = CARTESIAN_POINT('',(235.01877579372,93.033069210549,2.65844078667
    ));
#245 = CARTESIAN_POINT('',(234.96351067403,93.033068405619,
    2.525100820059));
#246 = CARTESIAN_POINT('',(234.90813978045,93.033067362509,
    2.391775061059));
#247 = ORIENTED_EDGE('',*,*,#248,.F.);
#248 = EDGE_CURVE('',#249,#234,#251,.T.);
#249 = VERTEX_POINT('',#250);
#250 = CARTESIAN_POINT('',(234.92289170796,93.683041199103,
    2.391726506849));
#251 = B_SPLINE_CURVE_WITH_KNOTS('',3,(#252,#253,#254,#255),
  .UNSPECIFIED.,.F.,.F.,(4,4),(-7.274152571095,-6.626583610706),
  .PIECEWISE_BEZIER_KNOTS.);
#252 = CARTESIAN_POINT('',(234.92302053696,93.683068924802,
    2.391777365262));
#253 = CARTESIAN_POINT('',(234.91799770948,93.466762142409,
    2.391776883802));
#254 = CARTESIAN_POINT('',(234.91303778727,93.250070854068,
    2.391776189015));
#255 = CARTESIAN_POINT('',(234.90813978046,93.033067362514,
    2.391775061058));
#256 = ORIENTED_EDGE('',*,*,#257,.T.);
#257 = EDGE_CURVE('',#249,#176,#258,.T.);
#258 = B_SPLINE_CURVE_WITH_KNOTS('',3,(#259,#260,#261,#262,#263,#264,
    #265,#266,#267,#268),.UNSPECIFIED.,.F.,.F.,(4,3,3,4),(
    -0.433622926524,0.,2.295481273191,3.328186566061),.UNSPECIFIED.);
#259 = CARTESIAN_POINT('',(234.92302053696,93.68306892481,2.391777365262
    ));
#260 = CARTESIAN_POINT('',(234.97913470988,93.68306998917,2.525134619048
    ));
#261 = CARTESIAN_POINT('',(235.0351361792,93.683070793927,2.65847538602)
  );
#262 = CARTESIAN_POINT('',(235.09101399902,93.683071311442,2.79178131936
    ));
#263 = CARTESIAN_POINT('',(235.38681590697,93.683074051022,
    3.497466500817));
#264 = CARTESIAN_POINT('',(235.68110341133,93.683067234365,
    4.206830046913));
#265 = CARTESIAN_POINT('',(235.97208532385,93.683059589449,4.91703019602
    ));
#266 = CARTESIAN_POINT('',(236.10299406387,93.683056150106,
    5.236539425543));
#267 = CARTESIAN_POINT('',(236.23323384951,93.683053388665,
    5.556217942895));
#268 = CARTESIAN_POINT('',(236.36264206522,93.683053109494,
    5.875804920764));
#269 = B_SPLINE_SURFACE_WITH_KNOTS('',3,3,(
    (#270,#271,#272,#273)
    ,(#274,#275,#276,#277)
    ,(#278,#279,#280,#281)
    ,(#282,#283,#284,#285
    )),.UNSPECIFIED.,.F.,.F.,.F.,(4,4),(4,4),(6.817430090391E-02,
    0.934028760381),(5.53073482516E-02,0.894066898561),
  .PIECEWISE_BEZIER_KNOTS.);
#270 = CARTESIAN_POINT('',(233.83084472697,101.11428971301,
    -0.220818829065));
#271 = CARTESIAN_POINT('',(234.66925427575,101.03004952483,
    1.470102716689));
#272 = CARTESIAN_POINT('',(235.50727540769,100.94212525419,
    3.161075818695));
#273 = CARTESIAN_POINT('',(236.34390276236,100.84707974013,4.85246741005
    ));
#274 = CARTESIAN_POINT('',(233.85435799953,95.986114891974,
    -0.13829722953));
#275 = CARTESIAN_POINT('',(234.6943704324,96.240367691738,1.733334339852
    ));
#276 = CARTESIAN_POINT('',(235.53445969311,96.491538029062,
    3.605651843528));
#277 = CARTESIAN_POINT('',(236.37393350039,96.737162102509,
    5.479282762875));
#278 = CARTESIAN_POINT('',(233.86935351673,90.857868727166,
    -6.619441913656E-02));
#279 = CARTESIAN_POINT('',(234.70989776682,91.450241721417,
    1.984798090261));
#280 = CARTESIAN_POINT('',(235.55055001503,92.039946332676,
    4.036696847213));
#281 = CARTESIAN_POINT('',(236.39074905832,92.62504631035,6.090152718753
    ));
#282 = CARTESIAN_POINT('',(233.88103984044,85.729582104003,
    2.869704474051E-12));
#283 = CARTESIAN_POINT('',(234.72191949257,86.659865953188,
    2.229815960342));
#284 = CARTESIAN_POINT('',(235.56285082593,87.587795352927,
    4.460613538262));
#285 = CARTESIAN_POINT('',(236.40356164647,88.51184442814,6.693144185258
    ));
#286 = ADVANCED_FACE('',(#287),#430,.F.);
#287 = FACE_BOUND('',#288,.T.);
#288 = EDGE_LOOP('',(#289,#299,#307,#315,#326,#334,#342,#350,#361,#369,
    #377,#385,#396,#414,#420,#421));
#289 = ORIENTED_EDGE('',*,*,#290,.F.);
#290 = EDGE_CURVE('',#291,#293,#295,.T.);
#291 = VERTEX_POINT('',#292);
#292 = CARTESIAN_POINT('',(241.17635753241,86.809625127033,
    2.391726506849));
#293 = VERTEX_POINT('',#294);
#294 = CARTESIAN_POINT('',(241.17635753241,88.625853160214,
    6.413715109874));
#295 = LINE('',#296,#297);
#296 = CARTESIAN_POINT('',(241.17635753241,87.064365283935,2.95584179913
    ));
#297 = VECTOR('',#298,1.);
#298 = DIRECTION('',(0.,0.411557753063,0.911383682043));
#299 = ORIENTED_EDGE('',*,*,#300,.T.);
#300 = EDGE_CURVE('',#291,#301,#303,.T.);
#301 = VERTEX_POINT('',#302);
#302 = CARTESIAN_POINT('',(241.82635753242,86.809625127033,
    2.391726506849));
#303 = LINE('',#304,#305);
#304 = CARTESIAN_POINT('',(254.90448253241,86.80962512704,2.391726506849
    ));
#305 = VECTOR('',#306,1.);
#306 = DIRECTION('',(1.,4.456431613376E-17,0.));
#307 = ORIENTED_EDGE('',*,*,#308,.F.);
#308 = EDGE_CURVE('',#309,#301,#311,.T.);
#309 = VERTEX_POINT('',#310);
#310 = CARTESIAN_POINT('',(241.82635753242,88.613509453753,
    6.386380300707));
#311 = LINE('',#312,#313);
#312 = CARTESIAN_POINT('',(241.82635753242,87.064365283935,2.95584179913
    ));
#313 = VECTOR('',#314,1.);
#314 = DIRECTION('',(0.,-0.411557753063,-0.911383682043));
#315 = ORIENTED_EDGE('',*,*,#316,.T.);
#316 = EDGE_CURVE('',#309,#317,#319,.T.);
#317 = VERTEX_POINT('',#318);
#318 = CARTESIAN_POINT('',(253.12635753241,88.506285318312,
    6.148935308724));
#319 = B_SPLINE_CURVE_WITH_KNOTS('',3,(#320,#321,#322,#323,#324,#325),
  .UNSPECIFIED.,.F.,.F.,(4,2,4),(0.130521265273,5.769079659071,
    11.43408554672),.UNSPECIFIED.);
#320 = CARTESIAN_POINT('',(241.82635753241,88.613509453768,
    6.386380300706));
#321 = CARTESIAN_POINT('',(243.70399052539,88.578823582837,
    6.309569363405));
#322 = CARTESIAN_POINT('',(245.58262492277,88.552532978574,6.25134952055
    ));
#323 = CARTESIAN_POINT('',(249.34947390548,88.516699484266,
    6.171997201843));
#324 = CARTESIAN_POINT('',(251.23747462267,88.507237656348,6.15104423593
    ));
#325 = CARTESIAN_POINT('',(253.12635753242,88.506285318312,
    6.148935308723));
#326 = ORIENTED_EDGE('',*,*,#327,.F.);
#327 = EDGE_CURVE('',#328,#317,#330,.T.);
#328 = VERTEX_POINT('',#329);
#329 = CARTESIAN_POINT('',(253.12635753241,86.80962512704,2.391726506849
    ));
#330 = LINE('',#331,#332);
#331 = CARTESIAN_POINT('',(253.12635753241,85.497270801636,
    -0.514447191327));
#332 = VECTOR('',#333,1.);
#333 = DIRECTION('',(0.,0.411557753063,0.911383682043));
#334 = ORIENTED_EDGE('',*,*,#335,.T.);
#335 = EDGE_CURVE('',#328,#336,#338,.T.);
#336 = VERTEX_POINT('',#337);
#337 = CARTESIAN_POINT('',(253.77635753241,86.809625127033,
    2.391726506849));
#338 = LINE('',#339,#340);
#339 = CARTESIAN_POINT('',(254.90448253241,86.80962512704,2.391726506849
    ));
#340 = VECTOR('',#341,1.);
#341 = DIRECTION('',(1.,4.456431613376E-17,0.));
#342 = ORIENTED_EDGE('',*,*,#343,.F.);
#343 = EDGE_CURVE('',#344,#336,#346,.T.);
#344 = VERTEX_POINT('',#345);
#345 = CARTESIAN_POINT('',(253.77635753241,88.506293335165,
    6.148953061855));
#346 = LINE('',#347,#348);
#347 = CARTESIAN_POINT('',(253.77635753241,87.064365283935,2.95584179913
    ));
#348 = VECTOR('',#349,1.);
#349 = DIRECTION('',(-8.317991019661E-14,-0.411557753063,-0.911383682043
    ));
#350 = ORIENTED_EDGE('',*,*,#351,.T.);
#351 = EDGE_CURVE('',#344,#352,#354,.T.);
#352 = VERTEX_POINT('',#353);
#353 = CARTESIAN_POINT('',(265.07635753241,88.613634197871,
    6.386656543231));
#354 = B_SPLINE_CURVE_WITH_KNOTS('',3,(#355,#356,#357,#358,#359,#360),
  .UNSPECIFIED.,.F.,.F.,(4,2,4),(0.112720504424,5.77375199409,
    11.416437369649),.UNSPECIFIED.);
#355 = CARTESIAN_POINT('',(253.77635753242,88.506293335165,
    6.148953061854));
#356 = CARTESIAN_POINT('',(255.66336994727,88.507291177797,
    6.151162757786));
#357 = CARTESIAN_POINT('',(257.55044142114,88.516776008786,
    6.172166663361));
#358 = CARTESIAN_POINT('',(261.31734022967,88.552621161805,
    6.251544799965));
#359 = CARTESIAN_POINT('',(263.19734980399,88.57892839468,6.309801466445
    ));
#360 = CARTESIAN_POINT('',(265.07635753241,88.613634197885,
    6.386656543229));
#361 = ORIENTED_EDGE('',*,*,#362,.F.);
#362 = EDGE_CURVE('',#363,#352,#365,.T.);
#363 = VERTEX_POINT('',#364);
#364 = CARTESIAN_POINT('',(265.07635753241,86.809625127033,
    2.391726506849));
#365 = LINE('',#366,#367);
#366 = CARTESIAN_POINT('',(265.07635753241,87.064365283935,2.95584179913
    ));
#367 = VECTOR('',#368,1.);
#368 = DIRECTION('',(0.,0.411557753063,0.911383682043));
#369 = ORIENTED_EDGE('',*,*,#370,.T.);
#370 = EDGE_CURVE('',#363,#371,#373,.T.);
#371 = VERTEX_POINT('',#372);
#372 = CARTESIAN_POINT('',(265.72635753241,86.809625127033,
    2.391726506849));
#373 = LINE('',#374,#375);
#374 = CARTESIAN_POINT('',(254.90448253241,86.80962512704,2.391726506849
    ));
#375 = VECTOR('',#376,1.);
#376 = DIRECTION('',(1.,4.456431613376E-17,0.));
#377 = ORIENTED_EDGE('',*,*,#378,.F.);
#378 = EDGE_CURVE('',#379,#371,#381,.T.);
#379 = VERTEX_POINT('',#380);
#380 = CARTESIAN_POINT('',(265.72635753242,88.625975662871,
    6.413986388743));
#381 = LINE('',#382,#383);
#382 = CARTESIAN_POINT('',(265.72635753241,87.064365283935,2.95584179913
    ));
#383 = VECTOR('',#384,1.);
#384 = DIRECTION('',(0.,-0.411557753063,-0.911383682043));
#385 = ORIENTED_EDGE('',*,*,#386,.T.);
#386 = EDGE_CURVE('',#379,#387,#389,.T.);
#387 = VERTEX_POINT('',#388);
#388 = CARTESIAN_POINT('',(270.49978701126,88.737205794845,
    6.660302553307));
#389 = B_SPLINE_CURVE_WITH_KNOTS('',3,(#390,#391,#392,#393,#394,#395),
  .UNSPECIFIED.,.F.,.F.,(4,2,4),(4.47168597944E-02,2.529261711084,
    4.825843085961),.UNSPECIFIED.);
#390 = CARTESIAN_POINT('',(265.72635753241,88.625975662879,
    6.413986388743));
#391 = CARTESIAN_POINT('',(266.55361103406,88.64211001301,6.449715477376
    ));
#392 = CARTESIAN_POINT('',(267.3806844398,88.659872875804,6.489050863914
    ));
#393 = CARTESIAN_POINT('',(268.97181214657,88.697186750105,
    6.571681444672));
#394 = CARTESIAN_POINT('',(269.73591351473,88.716501127048,
    6.614452617957));
#395 = CARTESIAN_POINT('',(270.49978701126,88.737205794896,
    6.660302553421));
#396 = ORIENTED_EDGE('',*,*,#397,.T.);
#397 = EDGE_CURVE('',#387,#398,#400,.T.);
#398 = VERTEX_POINT('',#399);
#399 = CARTESIAN_POINT('',(273.02167522439,85.72958210401,
    2.736033621886E-12));
#400 = B_SPLINE_CURVE_WITH_KNOTS('',3,(#401,#402,#403,#404,#405,#406,
    #407,#408,#409,#410,#411,#412,#413),.UNSPECIFIED.,.F.,.F.,(4,3,3,3,4
    ),(0.658212919021,3.792301064362,4.264642416272,7.915904876915,
    8.367639703357),.UNSPECIFIED.);
#401 = CARTESIAN_POINT('',(270.4997861849,88.737205856535,6.660303000797
    ));
#402 = CARTESIAN_POINT('',(270.84288065285,88.329921467958,
    5.758382617614));
#403 = CARTESIAN_POINT('',(271.18698753318,87.920511246428,4.85172455256
    ));
#404 = CARTESIAN_POINT('',(271.52849321387,87.513472727079,
    3.950339439288));
#405 = CARTESIAN_POINT('',(271.57996185401,87.452127571617,
    3.814490846891));
#406 = CARTESIAN_POINT('',(271.63137141362,87.390836256183,3.67876192997
    ));
#407 = CARTESIAN_POINT('',(271.68270952627,87.329614119714,3.54318685169
    ));
#408 = CARTESIAN_POINT('',(272.07956007246,86.856358734081,
    2.495173181239));
#409 = CARTESIAN_POINT('',(272.47840755824,86.379766823147,
    1.439807136658));
#410 = CARTESIAN_POINT('',(272.87470919391,85.905495627998,
    0.389554259746));
#411 = CARTESIAN_POINT('',(272.92373970117,85.846818713277,
    0.259616791217));
#412 = CARTESIAN_POINT('',(272.97273124417,85.788177309656,
    0.129757522183));
#413 = CARTESIAN_POINT('',(273.02167522439,85.729582104011,
    4.786242770047E-12));
#414 = ORIENTED_EDGE('',*,*,#415,.T.);
#415 = EDGE_CURVE('',#398,#186,#416,.T.);
#416 = LINE('',#417,#418);
#417 = CARTESIAN_POINT('',(260.85760753241,85.72958210401,
    2.736921800306E-12));
#418 = VECTOR('',#419,1.);
#419 = DIRECTION('',(-1.,9.232497659334E-19,1.007310030931E-16));
#420 = ORIENTED_EDGE('',*,*,#206,.T.);
#421 = ORIENTED_EDGE('',*,*,#422,.T.);
#422 = EDGE_CURVE('',#207,#293,#423,.T.);
#423 = B_SPLINE_CURVE_WITH_KNOTS('',3,(#424,#425,#426,#427,#428,#429),
  .UNSPECIFIED.,.F.,.F.,(4,2,4),(0.233178855428,2.528410587565,
    5.014382820378),.UNSPECIFIED.);
#424 = CARTESIAN_POINT('',(236.40285502939,88.73711910862,6.660110588974
    ));
#425 = CARTESIAN_POINT('',(237.1662784658,88.716419278826,6.614271367246
    ));
#426 = CARTESIAN_POINT('',(237.92992972034,88.697108739514,
    6.571508692281));
#427 = CARTESIAN_POINT('',(239.52108121521,88.659778977497,
    6.488842928606));
#428 = CARTESIAN_POINT('',(240.34862912728,88.642000064217,
    6.449471998689));
#429 = CARTESIAN_POINT('',(241.17635753241,88.625853160222,
    6.413715109872));
#430 = PLANE('',#431);
#431 = AXIS2_PLACEMENT_3D('',#432,#433,#434);
#432 = CARTESIAN_POINT('',(256.35760753241,85.497270801636,
    -0.514447191327));
#433 = DIRECTION('',(4.061519052569E-17,-0.911383682043,0.411557753063)
  );
#434 = DIRECTION('',(0.,-0.411557753063,-0.911383682043));
#435 = ADVANCED_FACE('',(#436),#656,.T.);
#436 = FACE_BOUND('',#437,.T.);
#437 = EDGE_LOOP('',(#438,#448,#457,#465,#482,#494,#503,#511,#528,#536,
    #545,#553,#560,#561,#570,#578,#605,#613,#622,#634));
#438 = ORIENTED_EDGE('',*,*,#439,.F.);
#439 = EDGE_CURVE('',#440,#442,#444,.T.);
#440 = VERTEX_POINT('',#441);
#441 = CARTESIAN_POINT('',(241.17635753241,96.038409643923,
    2.391726506849));
#442 = VERTEX_POINT('',#443);
#443 = CARTESIAN_POINT('',(241.17635753241,96.038409643923,
    5.234230752365));
#444 = LINE('',#445,#446);
#445 = CARTESIAN_POINT('',(241.17635753241,96.038409643923,
    2.737365889516E-12));
#446 = VECTOR('',#447,1.);
#447 = DIRECTION('',(0.,0.,1.));
#448 = ORIENTED_EDGE('',*,*,#449,.F.);
#449 = EDGE_CURVE('',#450,#440,#452,.T.);
#450 = VERTEX_POINT('',#451);
#451 = CARTESIAN_POINT('',(241.82635753242,96.038409643923,
    2.391726506849));
#452 = CIRCLE('',#453,2.7);
#453 = AXIS2_PLACEMENT_3D('',#454,#455,#456);
#454 = CARTESIAN_POINT('',(241.50135753241,93.358041199099,
    2.391726506849));
#455 = DIRECTION('',(0.,-0.,1.));
#456 = DIRECTION('',(0.,1.,0.));
#457 = ORIENTED_EDGE('',*,*,#458,.F.);
#458 = EDGE_CURVE('',#459,#450,#461,.T.);
#459 = VERTEX_POINT('',#460);
#460 = CARTESIAN_POINT('',(241.82635753242,96.038409643916,
    5.204931815341));
#461 = LINE('',#462,#463);
#462 = CARTESIAN_POINT('',(241.82635753242,96.038409643923,
    2.737365889516E-12));
#463 = VECTOR('',#464,1.);
#464 = DIRECTION('',(0.,0.,-1.));
#465 = ORIENTED_EDGE('',*,*,#466,.T.);
#466 = EDGE_CURVE('',#459,#467,#469,.T.);
#467 = VERTEX_POINT('',#468);
#468 = CARTESIAN_POINT('',(244.18172597723,93.683041199103,
    5.486912448238));
#469 = B_SPLINE_CURVE_WITH_KNOTS('',3,(#470,#471,#472,#473,#474,#475,
    #476,#477,#478,#479,#480,#481),.UNSPECIFIED.,.F.,.F.,(4,2,2,2,2,4),(
    0.131169163777,0.725742386673,1.643608866886,2.621878907682,
    3.225181606204,3.743762849022),.UNSPECIFIED.);
#470 = CARTESIAN_POINT('',(241.82635753241,96.038409643923,
    5.204931815341));
#471 = CARTESIAN_POINT('',(242.02275445196,96.01459612717,5.200109436769
    ));
#472 = CARTESIAN_POINT('',(242.21610645188,95.969248854068,
    5.199067959976));
#473 = CARTESIAN_POINT('',(242.69126826266,95.800929145211,
    5.206050598092));
#474 = CARTESIAN_POINT('',(242.95983579266,95.650639412328,
    5.219252314984));
#475 = CARTESIAN_POINT('',(243.45046460471,95.254567677315,
    5.263301759009));
#476 = CARTESIAN_POINT('',(243.66400324026,95.006636602178,
    5.294854706129));
#477 = CARTESIAN_POINT('',(243.92959273969,94.555359427992,
    5.357023563311));
#478 = CARTESIAN_POINT('',(244.01134702398,94.372748081048,5.38317002109
    ));
#479 = CARTESIAN_POINT('',(244.12453399377,94.02005425586,5.435287223482
    ));
#480 = CARTESIAN_POINT('',(244.16116499509,93.852613530507,
    5.460648869072));
#481 = CARTESIAN_POINT('',(244.18172597723,93.683041199103,
    5.486912448236));
#482 = ORIENTED_EDGE('',*,*,#483,.F.);
#483 = EDGE_CURVE('',#484,#467,#486,.T.);
#484 = VERTEX_POINT('',#485);
#485 = CARTESIAN_POINT('',(244.18172597723,93.683041199096,
    2.391726506849));
#486 = B_SPLINE_CURVE_WITH_KNOTS('',3,(#487,#488,#489,#490,#491,#492,
    #493),.UNSPECIFIED.,.F.,.F.,(4,3,4),(-4.108399338007,-3.708399338007
    ,-1.013213396618),.UNSPECIFIED.);
#487 = CARTESIAN_POINT('',(244.18172597723,93.683041199096,
    2.391726506849));
#488 = CARTESIAN_POINT('',(244.18172597723,93.683041199096,
    2.525059840182));
#489 = CARTESIAN_POINT('',(244.18172597723,93.683041199096,
    2.658393173515));
#490 = CARTESIAN_POINT('',(244.18172597723,93.683041199096,
    2.791726506849));
#491 = CARTESIAN_POINT('',(244.18172597723,93.683041199096,
    3.690121820645));
#492 = CARTESIAN_POINT('',(244.18172597723,93.683041199096,
    4.588517134441));
#493 = CARTESIAN_POINT('',(244.18172597723,93.683041199096,
    5.486912448238));
#494 = ORIENTED_EDGE('',*,*,#495,.F.);
#495 = EDGE_CURVE('',#496,#484,#498,.T.);
#496 = VERTEX_POINT('',#497);
#497 = CARTESIAN_POINT('',(244.18172597723,93.033041199087,
    2.391726506849));
#498 = CIRCLE('',#499,2.7);
#499 = AXIS2_PLACEMENT_3D('',#500,#501,#502);
#500 = CARTESIAN_POINT('',(241.50135753241,93.358041199099,
    2.391726506849));
#501 = DIRECTION('',(0.,-0.,1.));
#502 = DIRECTION('',(0.,1.,0.));
#503 = ORIENTED_EDGE('',*,*,#504,.F.);
#504 = EDGE_CURVE('',#505,#496,#507,.T.);
#505 = VERTEX_POINT('',#506);
#506 = CARTESIAN_POINT('',(244.18172597723,93.03304119908,5.590340305292
    ));
#507 = LINE('',#508,#509);
#508 = CARTESIAN_POINT('',(244.18172597723,93.033041199087,
    2.737365889516E-12));
#509 = VECTOR('',#510,1.);
#510 = DIRECTION('',(0.,0.,-1.));
#511 = ORIENTED_EDGE('',*,*,#512,.T.);
#512 = EDGE_CURVE('',#505,#513,#515,.T.);
#513 = VERTEX_POINT('',#514);
#514 = CARTESIAN_POINT('',(241.82635753242,90.677672754267,
    6.057931090283));
#515 = B_SPLINE_CURVE_WITH_KNOTS('',3,(#516,#517,#518,#519,#520,#521,
    #522,#523,#524,#525,#526,#527),.UNSPECIFIED.,.F.,.F.,(4,2,2,2,2,4),(
    0.120680623567,1.099089463737,2.135291163798,3.093661274031,
    3.522554380722,3.751620967403),.UNSPECIFIED.);
#516 = CARTESIAN_POINT('',(244.18172597723,93.033041199094,
    5.590340305289));
#517 = CARTESIAN_POINT('',(244.14304379616,92.714018129824,5.6424553663)
  );
#518 = CARTESIAN_POINT('',(244.04765971242,92.40403840263,5.695106134712
    ));
#519 = CARTESIAN_POINT('',(243.74298864645,91.814834182173,
    5.799834605122));
#520 = CARTESIAN_POINT('',(243.5299879849,91.543697537658,5.850782049032
    ));
#521 = CARTESIAN_POINT('',(243.032428016,91.111696447806,5.938624115647)
  );
#522 = CARTESIAN_POINT('',(242.75819758163,90.947351024792,
    5.975633489315));
#523 = CARTESIAN_POINT('',(242.32804966806,90.783779568963,6.0194911231)
  );
#524 = CARTESIAN_POINT('',(242.19115705615,90.743755454249,
    6.031634867549));
#525 = CARTESIAN_POINT('',(241.97710030465,90.699194984933,
    6.047929153371));
#526 = CARTESIAN_POINT('',(241.90194448208,90.686837822119,
    6.053158422453));
#527 = CARTESIAN_POINT('',(241.82635753242,90.677672754275,
    6.057931090282));
#528 = ORIENTED_EDGE('',*,*,#529,.F.);
#529 = EDGE_CURVE('',#530,#513,#532,.T.);
#530 = VERTEX_POINT('',#531);
#531 = CARTESIAN_POINT('',(241.82635753242,90.677672754275,
    2.391726506849));
#532 = LINE('',#533,#534);
#533 = CARTESIAN_POINT('',(241.82635753242,90.677672754275,
    2.737365889516E-12));
#534 = VECTOR('',#535,1.);
#535 = DIRECTION('',(0.,0.,1.));
#536 = ORIENTED_EDGE('',*,*,#537,.F.);
#537 = EDGE_CURVE('',#538,#530,#540,.T.);
#538 = VERTEX_POINT('',#539);
#539 = CARTESIAN_POINT('',(241.50135753241,90.658041199102,
    2.391726506849));
#540 = CIRCLE('',#541,2.7);
#541 = AXIS2_PLACEMENT_3D('',#542,#543,#544);
#542 = CARTESIAN_POINT('',(241.50135753241,93.358041199099,
    2.391726506849));
#543 = DIRECTION('',(0.,-0.,1.));
#544 = DIRECTION('',(0.,1.,0.));
#545 = ORIENTED_EDGE('',*,*,#546,.T.);
#546 = EDGE_CURVE('',#538,#547,#549,.T.);
#547 = VERTEX_POINT('',#548);
#548 = CARTESIAN_POINT('',(241.50135753241,90.658041199102,
    0.200000000003));
#549 = LINE('',#550,#551);
#550 = CARTESIAN_POINT('',(241.50135753241,90.658041199102,
    2.737365889516E-12));
#551 = VECTOR('',#552,1.);
#552 = DIRECTION('',(0.,0.,-1.));
#553 = ORIENTED_EDGE('',*,*,#554,.F.);
#554 = EDGE_CURVE('',#547,#547,#555,.T.);
#555 = CIRCLE('',#556,2.7);
#556 = AXIS2_PLACEMENT_3D('',#557,#558,#559);
#557 = CARTESIAN_POINT('',(241.50135753241,93.358041199099,
    0.200000000003));
#558 = DIRECTION('',(0.,-3.061616997868E-16,-1.));
#559 = DIRECTION('',(0.,1.,-3.061616997868E-16));
#560 = ORIENTED_EDGE('',*,*,#546,.F.);
#561 = ORIENTED_EDGE('',*,*,#562,.F.);
#562 = EDGE_CURVE('',#563,#538,#565,.T.);
#563 = VERTEX_POINT('',#564);
#564 = CARTESIAN_POINT('',(241.17635753241,90.677672754275,
    2.391726506849));
#565 = CIRCLE('',#566,2.7);
#566 = AXIS2_PLACEMENT_3D('',#567,#568,#569);
#567 = CARTESIAN_POINT('',(241.50135753241,93.358041199099,
    2.391726506849));
#568 = DIRECTION('',(0.,-0.,1.));
#569 = DIRECTION('',(0.,1.,0.));
#570 = ORIENTED_EDGE('',*,*,#571,.F.);
#571 = EDGE_CURVE('',#572,#563,#574,.T.);
#572 = VERTEX_POINT('',#573);
#573 = CARTESIAN_POINT('',(241.17635753241,90.677672754275,
    6.087230027306));
#574 = LINE('',#575,#576);
#575 = CARTESIAN_POINT('',(241.17635753241,90.677672754275,
    2.737365889516E-12));
#576 = VECTOR('',#577,1.);
#577 = DIRECTION('',(0.,0.,-1.));
#578 = ORIENTED_EDGE('',*,*,#579,.T.);
#579 = EDGE_CURVE('',#572,#580,#582,.T.);
#580 = VERTEX_POINT('',#581);
#581 = CARTESIAN_POINT('',(238.82098908759,93.033041199087,
    5.831986699712));
#582 = B_SPLINE_CURVE_WITH_KNOTS('',3,(#583,#584,#585,#586,#587,#588,
    #589,#590,#591,#592,#593,#594,#595,#596,#597,#598,#599,#600,#601,
    #602,#603,#604),.UNSPECIFIED.,.F.,.F.,(4,3,3,3,3,3,3,4),(
    4.499253398711E-02,0.751775362807,1.010482990999,1.965449562142,
    2.072095457564,2.878737332598,2.935926406976,3.65829118375),
  .UNSPECIFIED.);
#583 = CARTESIAN_POINT('',(241.17635753241,90.677672754274,
    6.087230027306));
#584 = CARTESIAN_POINT('',(240.94274998872,90.705998185876,6.09353958491
    ));
#585 = CARTESIAN_POINT('',(240.71413739265,90.764708678086,
    6.095096881745));
#586 = CARTESIAN_POINT('',(240.49628366193,90.852083378041,
    6.091840824867));
#587 = CARTESIAN_POINT('',(240.41654145589,90.884065622753,
    6.090648992358));
#588 = CARTESIAN_POINT('',(240.33824070149,90.919888273361,
    6.088811739974));
#589 = CARTESIAN_POINT('',(240.26166393056,90.959466669519,
    6.086324400039));
#590 = CARTESIAN_POINT('',(239.97899636279,91.105562265389,
    6.077142890803));
#591 = CARTESIAN_POINT('',(239.72505485428,91.300115326428,
    6.059279030223));
#592 = CARTESIAN_POINT('',(239.51104010695,91.533586085249,
    6.033385530587));
#593 = CARTESIAN_POINT('',(239.48714000923,91.559658933119,
    6.030493873918));
#594 = CARTESIAN_POINT('',(239.4637378449,91.586217129398,6.027502038659
    ));
#595 = CARTESIAN_POINT('',(239.44084921025,91.613247384664,
    6.024410914559));
#596 = CARTESIAN_POINT('',(239.26772551804,91.817697220301,
    6.001030454105));
#597 = CARTESIAN_POINT('',(239.12640457119,92.046281584807,
    5.972294508303));
#598 = CARTESIAN_POINT('',(239.02104042766,92.291257690332,
    5.939050908702));
#599 = CARTESIAN_POINT('',(239.01357034951,92.30862593906,5.936694013097
    ));
#600 = CARTESIAN_POINT('',(239.00628100936,92.326076584202,5.93431448203
    ));
#601 = CARTESIAN_POINT('',(238.99917388835,92.343606868226,
    5.931912628555));
#602 = CARTESIAN_POINT('',(238.9094026522,92.565034822729,5.90157441491)
  );
#603 = CARTESIAN_POINT('',(238.84962280829,92.796890908196,
    5.867982146943));
#604 = CARTESIAN_POINT('',(238.82098908763,93.033041198852,
    5.831986698148));
#605 = ORIENTED_EDGE('',*,*,#606,.F.);
#606 = EDGE_CURVE('',#607,#580,#609,.T.);
#607 = VERTEX_POINT('',#608);
#608 = CARTESIAN_POINT('',(238.82098908759,93.033041199087,
    2.391726506849));
#609 = LINE('',#610,#611);
#610 = CARTESIAN_POINT('',(238.82098908759,93.033041199087,
    2.737365889516E-12));
#611 = VECTOR('',#612,1.);
#612 = DIRECTION('',(0.,0.,1.));
#613 = ORIENTED_EDGE('',*,*,#614,.F.);
#614 = EDGE_CURVE('',#615,#607,#617,.T.);
#615 = VERTEX_POINT('',#616);
#616 = CARTESIAN_POINT('',(238.82098908758,93.683041199096,
    2.391726506849));
#617 = CIRCLE('',#618,2.7);
#618 = AXIS2_PLACEMENT_3D('',#619,#620,#621);
#619 = CARTESIAN_POINT('',(241.50135753241,93.358041199099,
    2.391726506849));
#620 = DIRECTION('',(0.,-0.,1.));
#621 = DIRECTION('',(0.,1.,0.));
#622 = ORIENTED_EDGE('',*,*,#623,.F.);
#623 = EDGE_CURVE('',#624,#615,#626,.T.);
#624 = VERTEX_POINT('',#625);
#625 = CARTESIAN_POINT('',(238.82098908759,93.683041199103,
    5.728558842658));
#626 = B_SPLINE_CURVE_WITH_KNOTS('',3,(#627,#628,#629,#630,#631,#632,
    #633),.UNSPECIFIED.,.F.,.F.,(4,3,4),(-2.93683233581,0.,0.4),
  .UNSPECIFIED.);
#627 = CARTESIAN_POINT('',(238.82098908759,93.683041199103,
    5.728558842658));
#628 = CARTESIAN_POINT('',(238.82098908759,93.683041199103,
    4.749614730722));
#629 = CARTESIAN_POINT('',(238.82098908758,93.683041199096,
    3.770670618785));
#630 = CARTESIAN_POINT('',(238.82098908758,93.683041199096,
    2.791726506849));
#631 = CARTESIAN_POINT('',(238.82098908758,93.683041199096,
    2.658393173515));
#632 = CARTESIAN_POINT('',(238.82098908758,93.683041199096,
    2.525059840182));
#633 = CARTESIAN_POINT('',(238.82098908758,93.683041199096,
    2.391726506849));
#634 = ORIENTED_EDGE('',*,*,#635,.T.);
#635 = EDGE_CURVE('',#624,#442,#636,.T.);
#636 = B_SPLINE_CURVE_WITH_KNOTS('',3,(#637,#638,#639,#640,#641,#642,
    #643,#644,#645,#646,#647,#648,#649,#650,#651,#652,#653,#654,#655),
  .UNSPECIFIED.,.F.,.F.,(4,3,3,3,3,3,4),(0.157284191296,0.813466674514,
    1.631340482302,1.797309707512,2.817038066596,3.53315369893,
    3.792338459359),.UNSPECIFIED.);
#637 = CARTESIAN_POINT('',(238.82098908763,93.683041198853,
    5.728558840992));
#638 = CARTESIAN_POINT('',(238.84692817104,93.896967182283,
    5.693087010331));
#639 = CARTESIAN_POINT('',(238.8983982489,94.107127592328,5.656805327743
    ));
#640 = CARTESIAN_POINT('',(238.97437070807,94.309007859348,
    5.620532171108));
#641 = CARTESIAN_POINT('',(239.0690637018,94.5606338705,5.575320869129)
  );
#642 = CARTESIAN_POINT('',(239.20078578406,94.796642355223,
    5.530617781662));
#643 = CARTESIAN_POINT('',(239.36511309345,95.009240960158,
    5.488055520377));
#644 = CARTESIAN_POINT('',(239.39845965127,95.052383099453,
    5.479418459915));
#645 = CARTESIAN_POINT('',(239.43314889246,95.094561255588,
    5.470869729047));
#646 = CARTESIAN_POINT('',(239.46914386407,95.135710348673,
    5.462423202065));
#647 = CARTESIAN_POINT('',(239.69029988438,95.388533708642,5.41052705633
    ));
#648 = CARTESIAN_POINT('',(239.95723533341,95.598486183914,
    5.363318246688));
#649 = CARTESIAN_POINT('',(240.2567393011,95.75406404076,5.323654210055)
  );
#650 = CARTESIAN_POINT('',(240.46706930628,95.863320327707,
    5.295799697492));
#651 = CARTESIAN_POINT('',(240.69085381533,95.944398190488,
    5.272014072113));
#652 = CARTESIAN_POINT('',(240.92230735569,95.995218704904,
    5.252988436542));
#653 = CARTESIAN_POINT('',(241.00607766833,96.013612246755,
    5.246102460904));
#654 = CARTESIAN_POINT('',(241.0908525399,96.028042171608,5.239839546755
    ));
#655 = CARTESIAN_POINT('',(241.17635753242,96.038409643921,
    5.234230752365));
#656 = CYLINDRICAL_SURFACE('',#657,2.7);
#657 = AXIS2_PLACEMENT_3D('',#658,#659,#660);
#658 = CARTESIAN_POINT('',(241.50135753241,93.358041199099,
    2.737365889516E-12));
#659 = DIRECTION('',(0.,0.,1.));
#660 = DIRECTION('',(0.,1.,0.));
#661 = ADVANCED_FACE('',(#662),#716,.F.);
#662 = FACE_BOUND('',#663,.F.);
#663 = EDGE_LOOP('',(#664,#665,#674,#685,#709));
#664 = ORIENTED_EDGE('',*,*,#386,.T.);
#665 = ORIENTED_EDGE('',*,*,#666,.T.);
#666 = EDGE_CURVE('',#387,#667,#669,.T.);
#667 = VERTEX_POINT('',#668);
#668 = CARTESIAN_POINT('',(270.53441552506,93.03304119908,5.978980294463
    ));
#669 = B_SPLINE_CURVE_WITH_KNOTS('',3,(#670,#671,#672,#673),
  .UNSPECIFIED.,.F.,.F.,(4,4),(-4.467493667749,-0.124717602335),
  .PIECEWISE_BEZIER_KNOTS.);
#670 = CARTESIAN_POINT('',(270.4997870112,88.73720579486,6.660302553425)
  );
#671 = CARTESIAN_POINT('',(270.51042907499,90.167213195971,
    6.433444756566));
#672 = CARTESIAN_POINT('',(270.5219341706,91.603020685412,6.205720208607
    ));
#673 = CARTESIAN_POINT('',(270.53441552506,93.033041199065,
    5.978980294466));
#674 = ORIENTED_EDGE('',*,*,#675,.T.);
#675 = EDGE_CURVE('',#667,#676,#678,.T.);
#676 = VERTEX_POINT('',#677);
#677 = CARTESIAN_POINT('',(268.08172597723,93.03304119908,5.832245711072
    ));
#678 = B_SPLINE_CURVE_WITH_KNOTS('',3,(#679,#680,#681,#682,#683,#684),
  .UNSPECIFIED.,.F.,.F.,(4,2,4),(0.198461920919,2.528762526855,
    2.655536740592),.UNSPECIFIED.);
#679 = CARTESIAN_POINT('',(270.53441552506,93.03304119908,5.978980294463
    ));
#680 = CARTESIAN_POINT('',(269.75925657724,93.03304119908,5.929008121224
    ));
#681 = CARTESIAN_POINT('',(268.98387212341,93.03304119908,5.882434831555
    ));
#682 = CARTESIAN_POINT('',(268.16611321645,93.03304119908,5.836912981518
    ));
#683 = CARTESIAN_POINT('',(268.12391988452,93.03304119908,5.834574315778
    ));
#684 = CARTESIAN_POINT('',(268.08172597723,93.03304119908,5.83224571107)
  );
#685 = ORIENTED_EDGE('',*,*,#686,.T.);
#686 = EDGE_CURVE('',#676,#687,#689,.T.);
#687 = VERTEX_POINT('',#688);
#688 = CARTESIAN_POINT('',(265.72635753241,90.677672754275,6.08752079877
    ));
#689 = B_SPLINE_CURVE_WITH_KNOTS('',3,(#690,#691,#692,#693,#694,#695,
    #696,#697,#698,#699,#700,#701,#702,#703,#704,#705,#706,#707,#708),
  .UNSPECIFIED.,.F.,.F.,(4,3,3,3,3,3,4),(0.102281939944,0.81143908879,
    1.088506676701,2.05470581843,2.169349923954,3.002239873043,
    3.717349708516),.UNSPECIFIED.);
#690 = CARTESIAN_POINT('',(268.08172597725,93.033041198829,
    5.832245709521));
#691 = CARTESIAN_POINT('',(268.05363818297,92.801394128405,5.86755522634
    ));
#692 = CARTESIAN_POINT('',(267.99562364604,92.574236442041,5.90049863752
    ));
#693 = CARTESIAN_POINT('',(267.90904709125,92.357292452591,
    5.930297213335));
#694 = CARTESIAN_POINT('',(267.87522164474,92.272532469609,
    5.941939512278));
#695 = CARTESIAN_POINT('',(267.83703626549,92.189331661309,
    5.953102335034));
#696 = CARTESIAN_POINT('',(267.79457218666,92.108031751205,
    5.963741323721));
#697 = CARTESIAN_POINT('',(267.64649006557,91.824520052257,
    6.000841952171));
#698 = CARTESIAN_POINT('',(267.44903681612,91.569250766153,
    6.030896210653));
#699 = CARTESIAN_POINT('',(267.21115961515,91.354389893675,
    6.052739236983));
#700 = CARTESIAN_POINT('',(267.18293435832,91.328895633254,
    6.055331015538));
#701 = CARTESIAN_POINT('',(267.15413997289,91.303970289614,
    6.057807244389));
#702 = CARTESIAN_POINT('',(267.12479140493,91.279634191851,
    6.060166011405));
#703 = CARTESIAN_POINT('',(266.91157392498,91.102832330691,
    6.077302464522));
#704 = CARTESIAN_POINT('',(266.67222334782,90.959731245468,
    6.087990598307));
#705 = CARTESIAN_POINT('',(266.41504977892,90.855556827567,
    6.091992870241));
#706 = CARTESIAN_POINT('',(266.19424347766,90.766113857197,
    6.095429175403));
#707 = CARTESIAN_POINT('',(265.96265872565,90.706324760144,
    6.093900885164));
#708 = CARTESIAN_POINT('',(265.72635753241,90.677672754273,
    6.087520798771));
#709 = ORIENTED_EDGE('',*,*,#710,.T.);
#710 = EDGE_CURVE('',#687,#379,#711,.T.);
#711 = B_SPLINE_CURVE_WITH_KNOTS('',3,(#712,#713,#714,#715),
  .UNSPECIFIED.,.F.,.F.,(4,4),(2.467889418758,4.545397718695),
  .PIECEWISE_BEZIER_KNOTS.);
#712 = CARTESIAN_POINT('',(265.72635753241,90.677672754282,6.08752079877
    ));
#713 = CARTESIAN_POINT('',(265.72635753241,89.993773723814,
    6.196342662094));
#714 = CARTESIAN_POINT('',(265.72635753241,89.309874693339,
    6.305164525419));
#715 = CARTESIAN_POINT('',(265.72635753241,88.625975662879,
    6.413986388742));
#716 = B_SPLINE_SURFACE_WITH_KNOTS('',3,3,(
    (#717,#718,#719,#720)
    ,(#721,#722,#723,#724)
    ,(#725,#726,#727,#728)
    ,(#729,#730,#731,#732
    )),.UNSPECIFIED.,.F.,.F.,.F.,(4,4),(4,4),(6.238897537435E-02,
    7.900136418813E-02),(0.134668245939,0.152583959599),
  .PIECEWISE_BEZIER_KNOTS.);
#717 = CARTESIAN_POINT('',(265.72635753241,93.014494286537,
    5.715686270474));
#718 = CARTESIAN_POINT('',(267.3301171811,93.026016171767,5.788096408457
    ));
#719 = CARTESIAN_POINT('',(268.9329310196,93.039790694311,5.874663411875
    ));
#720 = CARTESIAN_POINT('',(270.53441552577,93.05581301183,5.975356848673
    ));
#721 = CARTESIAN_POINT('',(265.72635753241,91.551654745315,
    5.948452976563));
#722 = CARTESIAN_POINT('',(267.3301171811,91.563176630545,6.020863114546
    ));
#723 = CARTESIAN_POINT('',(268.9329310196,91.576951153089,6.107430117964
    ));
#724 = CARTESIAN_POINT('',(270.53441552577,91.592973470608,
    6.208123554763));
#725 = CARTESIAN_POINT('',(265.72635753241,90.088815204093,
    6.181219682653));
#726 = CARTESIAN_POINT('',(267.3301171811,90.100337089323,6.253629820636
    ));
#727 = CARTESIAN_POINT('',(268.9329310196,90.114111611867,6.340196824054
    ));
#728 = CARTESIAN_POINT('',(270.53441552577,90.130133929386,
    6.440890260852));
#729 = CARTESIAN_POINT('',(265.72635753241,88.625975662871,
    6.413986388742));
#730 = CARTESIAN_POINT('',(267.3301171811,88.637497548101,6.486396526726
    ));
#731 = CARTESIAN_POINT('',(268.9329310196,88.651272070645,6.572963530144
    ));
#732 = CARTESIAN_POINT('',(270.53441552577,88.667294388164,
    6.673656966942));
#733 = ADVANCED_FACE('',(#734),#791,.F.);
#734 = FACE_BOUND('',#735,.F.);
#735 = EDGE_LOOP('',(#736,#737,#746,#773,#783,#784));
#736 = ORIENTED_EDGE('',*,*,#316,.T.);
#737 = ORIENTED_EDGE('',*,*,#738,.T.);
#738 = EDGE_CURVE('',#317,#739,#741,.T.);
#739 = VERTEX_POINT('',#740);
#740 = CARTESIAN_POINT('',(253.12635753241,90.677672754275,
    5.803424617446));
#741 = B_SPLINE_CURVE_WITH_KNOTS('',3,(#742,#743,#744,#745),
  .UNSPECIFIED.,.F.,.F.,(4,4),(0.163709759853,2.362414159003),
  .PIECEWISE_BEZIER_KNOTS.);
#742 = CARTESIAN_POINT('',(253.12635753241,88.506285318312,
    6.148935308723));
#743 = CARTESIAN_POINT('',(253.12635753241,89.230081130299,
    6.033765078298));
#744 = CARTESIAN_POINT('',(253.12635753241,89.953876942287,
    5.918594847872));
#745 = CARTESIAN_POINT('',(253.12635753241,90.677672754275,
    5.803424617447));
#746 = ORIENTED_EDGE('',*,*,#747,.T.);
#747 = EDGE_CURVE('',#739,#748,#750,.T.);
#748 = VERTEX_POINT('',#749);
#749 = CARTESIAN_POINT('',(250.77098908759,93.033041199087,
    5.441927057803));
#750 = B_SPLINE_CURVE_WITH_KNOTS('',3,(#751,#752,#753,#754,#755,#756,
    #757,#758,#759,#760,#761,#762,#763,#764,#765,#766,#767,#768,#769,
    #770,#771,#772),.UNSPECIFIED.,.F.,.F.,(4,3,3,3,3,3,3,4),(
    0.113391620577,0.516225917069,1.26619205508,1.306781990857,
    2.392809475105,2.458001679379,3.136525839228,3.730978721905),
  .UNSPECIFIED.);
#751 = CARTESIAN_POINT('',(253.12635753241,90.677672754273,
    5.803424617446));
#752 = CARTESIAN_POINT('',(252.99318978824,90.693819600046,
    5.801014699335));
#753 = CARTESIAN_POINT('',(252.86139452815,90.719870237498,
    5.797128132645));
#754 = CARTESIAN_POINT('',(252.73207038461,90.755614255029,
    5.791787708974));
#755 = CARTESIAN_POINT('',(252.49130456759,90.822159737947,
    5.781845315905));
#756 = CARTESIAN_POINT('',(252.26127474471,90.921700154382,
    5.766956682972));
#757 = CARTESIAN_POINT('',(252.04843475071,91.051136851221,
    5.747481250009));
#758 = CARTESIAN_POINT('',(252.03691534837,91.05814227046,5.746427193654
    ));
#759 = CARTESIAN_POINT('',(252.02544629868,91.065235260831,
    5.745359689322));
#760 = CARTESIAN_POINT('',(252.01402862471,91.07241533045,5.744278790024
    ));
#761 = CARTESIAN_POINT('',(251.7085364503,91.26452583261,5.715358164189)
  );
#762 = CARTESIAN_POINT('',(251.44536171078,91.515470468242,5.67737788778
    ));
#763 = CARTESIAN_POINT('',(251.23934194982,91.809820587413,5.63225495265
    ));
#764 = CARTESIAN_POINT('',(251.22697496782,91.82748987606,5.629546307015
    ));
#765 = CARTESIAN_POINT('',(251.21482633158,91.845297828431,
    5.626814646968));
#766 = CARTESIAN_POINT('',(251.20289797344,91.863240266112,
    5.624060530627));
#767 = CARTESIAN_POINT('',(251.07874694539,92.049986175218,
    5.595395531532));
#768 = CARTESIAN_POINT('',(250.97845816943,92.251300159579,
    5.564295370509));
#769 = CARTESIAN_POINT('',(250.90421034619,92.462473662785,
    5.531405171716));
#770 = CARTESIAN_POINT('',(250.83916206161,92.647482105246,
    5.502590171924));
#771 = CARTESIAN_POINT('',(250.79454029897,92.838807791494,
    5.472595843787));
#772 = CARTESIAN_POINT('',(250.77098908746,93.033041199241,
    5.441927058867));
#773 = ORIENTED_EDGE('',*,*,#774,.T.);
#774 = EDGE_CURVE('',#748,#505,#775,.T.);
#775 = B_SPLINE_CURVE_WITH_KNOTS('',3,(#776,#777,#778,#779,#780,#781,
    #782),.UNSPECIFIED.,.F.,.F.,(4,3,4),(2.468569868939,5.775752373544,
    9.061720334598),.UNSPECIFIED.);
#776 = CARTESIAN_POINT('',(250.77098908747,93.033041199233,
    5.441927058869));
#777 = CARTESIAN_POINT('',(249.66896543698,93.03304117627,5.453044631937
    ));
#778 = CARTESIAN_POINT('',(248.5671393628,93.033041197283,5.471038233748
    ));
#779 = CARTESIAN_POINT('',(247.46536520187,93.033041196555,
    5.495900429239));
#780 = CARTESIAN_POINT('',(246.37065888314,93.033041195827,
    5.520603134628));
#781 = CARTESIAN_POINT('',(245.27607175365,93.033041196155,
    5.552086164967));
#782 = CARTESIAN_POINT('',(244.1817259783,93.033041197319,5.590340294128
    ));
#783 = ORIENTED_EDGE('',*,*,#512,.T.);
#784 = ORIENTED_EDGE('',*,*,#785,.T.);
#785 = EDGE_CURVE('',#513,#309,#786,.T.);
#786 = B_SPLINE_CURVE_WITH_KNOTS('',3,(#787,#788,#789,#790),
  .UNSPECIFIED.,.F.,.F.,(4,4),(2.519571529134,4.609702868313),
  .PIECEWISE_BEZIER_KNOTS.);
#787 = CARTESIAN_POINT('',(241.82635753242,90.677672754267,
    6.057931090284));
#788 = CARTESIAN_POINT('',(241.82635753242,89.98961832076,6.167414160425
    ));
#789 = CARTESIAN_POINT('',(241.82635753242,89.301563887253,
    6.276897230568));
#790 = CARTESIAN_POINT('',(241.82635753242,88.613509453753,
    6.386380300708));
#791 = B_SPLINE_SURFACE_WITH_KNOTS('',3,3,(
    (#792,#793,#794,#795,#796,#797)
    ,(#798,#799,#800,#801,#802,#803)
    ,(#804,#805,#806,#807,#808,#809)
    ,(#810,#811,#812,#813,#814,#815
    )),.UNSPECIFIED.,.F.,.F.,.F.,(4,4),(4,2,4),(6.215967827096E-02,
    7.928754697248E-02),(4.575728021729E-02,8.064429289012E-02,
    8.779649095764E-02),.UNSPECIFIED.);
#792 = CARTESIAN_POINT('',(241.82635753241,93.070475990295,
    5.677188765596));
#793 = CARTESIAN_POINT('',(244.94914511601,93.049226146642,
    5.543642555037));
#794 = CARTESIAN_POINT('',(248.07560320447,93.03652416003,5.463815982996
    ));
#795 = CARTESIAN_POINT('',(251.84402571382,93.031578197508,
    5.432732716505));
#796 = CARTESIAN_POINT('',(252.48518703402,93.031098082465,
    5.429715398035));
#797 = CARTESIAN_POINT('',(253.12635753242,93.030979004608,
    5.428967044435));
#798 = CARTESIAN_POINT('',(241.82635753241,91.562244761524,
    5.917178187026));
#799 = CARTESIAN_POINT('',(244.94914511601,91.540994917872,
    5.783631976467));
#800 = CARTESIAN_POINT('',(248.07560320447,91.52829293126,5.703805404426
    ));
#801 = CARTESIAN_POINT('',(251.84402571382,91.523346968737,
    5.672722137935));
#802 = CARTESIAN_POINT('',(252.48518703402,91.522866853695,
    5.669704819465));
#803 = CARTESIAN_POINT('',(253.12635753242,91.522747775838,
    5.668956465865));
#804 = CARTESIAN_POINT('',(241.82635753241,90.054013532754,
    6.157167608455));
#805 = CARTESIAN_POINT('',(244.94914511601,90.032763689102,
    6.023621397897));
#806 = CARTESIAN_POINT('',(248.07560320447,90.020061702497,
    5.943794825856));
#807 = CARTESIAN_POINT('',(251.84402571382,90.015115739974,
    5.912711559365));
#808 = CARTESIAN_POINT('',(252.48518703402,90.014635624924,
    5.909694240895));
#809 = CARTESIAN_POINT('',(253.12635753242,90.014516547068,
    5.908945887295));
#810 = CARTESIAN_POINT('',(241.82635753241,88.545782303983,
    6.397157029885));
#811 = CARTESIAN_POINT('',(244.94914511601,88.524532460331,
    6.263610819326));
#812 = CARTESIAN_POINT('',(248.07560320447,88.511830473726,
    6.183784247286));
#813 = CARTESIAN_POINT('',(251.84402571382,88.506884511204,
    6.152700980795));
#814 = CARTESIAN_POINT('',(252.48518703402,88.506404396154,
    6.149683662325));
#815 = CARTESIAN_POINT('',(253.12635753242,88.506285318297,
    6.148935308724));
#816 = ADVANCED_FACE('',(#817),#838,.F.);
#817 = FACE_BOUND('',#818,.F.);
#818 = EDGE_LOOP('',(#819,#820,#829,#830,#831));
#819 = ORIENTED_EDGE('',*,*,#579,.T.);
#820 = ORIENTED_EDGE('',*,*,#821,.T.);
#821 = EDGE_CURVE('',#580,#225,#822,.T.);
#822 = B_SPLINE_CURVE_WITH_KNOTS('',3,(#823,#824,#825,#826,#827,#828),
  .UNSPECIFIED.,.F.,.F.,(4,2,4),(2.403119014222,2.529532440099,
    4.860278353563),.UNSPECIFIED.);
#823 = CARTESIAN_POINT('',(238.82098908759,93.033041199094,
    5.831986699711));
#824 = CARTESIAN_POINT('',(238.77891530095,93.033041199094,
    5.834309396286));
#825 = CARTESIAN_POINT('',(238.73684208707,93.033041199094,
    5.836642104003));
#826 = CARTESIAN_POINT('',(237.91905580227,93.033041199094,5.88217866372
    ));
#827 = CARTESIAN_POINT('',(237.14352407498,93.033041199094,
    5.928776406346));
#828 = CARTESIAN_POINT('',(236.36821815622,93.033041199094,
    5.978775869153));
#829 = ORIENTED_EDGE('',*,*,#224,.T.);
#830 = ORIENTED_EDGE('',*,*,#422,.T.);
#831 = ORIENTED_EDGE('',*,*,#832,.T.);
#832 = EDGE_CURVE('',#293,#572,#833,.T.);
#833 = B_SPLINE_CURVE_WITH_KNOTS('',3,(#834,#835,#836,#837),
  .UNSPECIFIED.,.F.,.F.,(4,4),(0.163881396311,2.24151374004),
  .PIECEWISE_BEZIER_KNOTS.);
#834 = CARTESIAN_POINT('',(241.17635753241,88.625853160214,
    6.413715109874));
#835 = CARTESIAN_POINT('',(241.17635753241,89.309793024899,
    6.304886749018));
#836 = CARTESIAN_POINT('',(241.17635753241,89.99373288959,6.196058388163
    ));
#837 = CARTESIAN_POINT('',(241.17635753241,90.677672754282,
    6.087230027306));
#838 = B_SPLINE_SURFACE_WITH_KNOTS('',3,3,(
    (#839,#840,#841,#842)
    ,(#843,#844,#845,#846)
    ,(#847,#848,#849,#850)
    ,(#851,#852,#853,#854
    )),.UNSPECIFIED.,.F.,.F.,.F.,(4,4),(4,4),(6.238882321518E-02,
    7.900165709526E-02),(2.541558509283E-02,4.333653269903E-02),
  .PIECEWISE_BEZIER_KNOTS.);
#839 = CARTESIAN_POINT('',(236.36821815553,93.055821483082,
    5.975151075421));
#840 = CARTESIAN_POINT('',(237.9696547808,93.039793933982,5.874424760387
    ));
#841 = CARTESIAN_POINT('',(239.57249594225,93.02601432467,5.787825788819
    ));
#842 = CARTESIAN_POINT('',(241.17635753242,93.01448935768,5.715396283287
    ));
#843 = CARTESIAN_POINT('',(236.36821815553,91.592942750591,
    6.207924017617));
#844 = CARTESIAN_POINT('',(237.9696547808,91.576915201491,6.107197702583
    ));
#845 = CARTESIAN_POINT('',(239.57249594225,91.56313559218,6.020598731014
    ));
#846 = CARTESIAN_POINT('',(241.17635753242,91.551610625189,
    5.948169225483));
#847 = CARTESIAN_POINT('',(236.36821815553,90.130064018107,
    6.440696959812));
#848 = CARTESIAN_POINT('',(237.9696547808,90.114036469007,6.339970644778
    ));
#849 = CARTESIAN_POINT('',(239.57249594225,90.100256859696,6.25337167321
    ));
#850 = CARTESIAN_POINT('',(241.17635753242,90.088731892705,
    6.180942167678));
#851 = CARTESIAN_POINT('',(236.36821815553,88.667185285616,
    6.673469902007));
#852 = CARTESIAN_POINT('',(237.9696547808,88.651157736524,6.572743586974
    ));
#853 = CARTESIAN_POINT('',(239.57249594225,88.637378127205,
    6.486144615405));
#854 = CARTESIAN_POINT('',(241.17635753242,88.625853160214,
    6.413715109874));
#855 = ADVANCED_FACE('',(#856),#879,.F.);
#856 = FACE_BOUND('',#857,.F.);
#857 = EDGE_LOOP('',(#858,#859,#860,#869,#870));
#858 = ORIENTED_EDGE('',*,*,#117,.T.);
#859 = ORIENTED_EDGE('',*,*,#175,.T.);
#860 = ORIENTED_EDGE('',*,*,#861,.T.);
#861 = EDGE_CURVE('',#176,#624,#862,.T.);
#862 = B_SPLINE_CURVE_WITH_KNOTS('',3,(#863,#864,#865,#866,#867,#868),
  .UNSPECIFIED.,.F.,.F.,(4,2,4),(0.330065057706,2.58958085977,
    2.792981871384),.UNSPECIFIED.);
#863 = CARTESIAN_POINT('',(236.36247206238,93.683041199096,
    5.875718640124));
#864 = CARTESIAN_POINT('',(237.11408347269,93.683041199096,
    5.827230871906));
#865 = CARTESIAN_POINT('',(237.86590659994,93.683041199096,5.78194012083
    ));
#866 = CARTESIAN_POINT('',(238.68559583324,93.683041199096,
    5.736059269701));
#867 = CARTESIAN_POINT('',(238.75329172005,93.683041199096,
    5.732296097046));
#868 = CARTESIAN_POINT('',(238.82098908759,93.683041199096,
    5.728558842659));
#869 = ORIENTED_EDGE('',*,*,#635,.T.);
#870 = ORIENTED_EDGE('',*,*,#871,.T.);
#871 = EDGE_CURVE('',#442,#110,#872,.T.);
#872 = B_SPLINE_CURVE_WITH_KNOTS('',3,(#873,#874,#875,#876,#877,#878),
  .UNSPECIFIED.,.F.,.F.,(4,2,4),(2.560269632714,3.720608177053,
    7.291004935005),.UNSPECIFIED.);
#873 = CARTESIAN_POINT('',(241.17635753241,96.038409643945,
    5.234230752361));
#874 = CARTESIAN_POINT('',(241.17635753241,96.420383764344,
    5.173451114327));
#875 = CARTESIAN_POINT('',(241.17635753241,96.802357884742,
    5.112671476294));
#876 = CARTESIAN_POINT('',(241.17635753241,98.359677914093,
    4.864871055712));
#877 = CARTESIAN_POINT('',(241.17635753241,99.535023823053,
    4.677850273161));
#878 = CARTESIAN_POINT('',(241.17635753241,100.710369732,4.490829490613)
  );
#879 = B_SPLINE_SURFACE_WITH_KNOTS('',3,3,(
    (#880,#881,#882,#883)
    ,(#884,#885,#886,#887)
    ,(#888,#889,#890,#891)
    ,(#892,#893,#894,#895
    )),.UNSPECIFIED.,.F.,.F.,.F.,(4,4),(4,4),(3.325667908952E-02,
    6.00147505093E-02),(2.512404593789E-02,4.333653269905E-02),
  .PIECEWISE_BEZIER_KNOTS.);
#880 = CARTESIAN_POINT('',(236.2900624431,100.75248585379,4.755511365938
    ));
#881 = CARTESIAN_POINT('',(237.91750479988,100.73612324013,
    4.652679312914));
#882 = CARTESIAN_POINT('',(239.54640421636,100.72208218791,
    4.564437284106));
#883 = CARTESIAN_POINT('',(241.17635753242,100.710369732,4.490829490612)
  );
#884 = CARTESIAN_POINT('',(236.2900624431,98.396246461707,5.130435659819
    ));
#885 = CARTESIAN_POINT('',(237.91750479988,98.379883848043,
    5.027603606795));
#886 = CARTESIAN_POINT('',(239.54640421636,98.365842795829,
    4.939361577987));
#887 = CARTESIAN_POINT('',(241.17635753242,98.354130339918,
    4.865753784493));
#888 = CARTESIAN_POINT('',(236.2900624431,96.040007069627,5.505359953701
    ));
#889 = CARTESIAN_POINT('',(237.91750479988,96.023644455963,
    5.402527900677));
#890 = CARTESIAN_POINT('',(239.54640421636,96.009603403749,
    5.314285871868));
#891 = CARTESIAN_POINT('',(241.17635753242,95.997890947838,
    5.240678078375));
#892 = CARTESIAN_POINT('',(236.2900624431,93.683767677539,5.880284247582
    ));
#893 = CARTESIAN_POINT('',(237.91750479988,93.667405063876,
    5.777452194558));
#894 = CARTESIAN_POINT('',(239.54640421636,93.653364011661,5.68921016575
    ));
#895 = CARTESIAN_POINT('',(241.17635753242,93.64165155575,5.615602372256
    ));
#896 = ADVANCED_FACE('',(#897),#958,.F.);
#897 = FACE_BOUND('',#898,.F.);
#898 = EDGE_LOOP('',(#899,#900,#909,#910,#922,#949));
#899 = ORIENTED_EDGE('',*,*,#82,.T.);
#900 = ORIENTED_EDGE('',*,*,#901,.T.);
#901 = EDGE_CURVE('',#83,#459,#902,.T.);
#902 = B_SPLINE_CURVE_WITH_KNOTS('',3,(#903,#904,#905,#906,#907,#908),
  .UNSPECIFIED.,.F.,.F.,(4,2,4),(0.212912831815,3.69019127262,
    4.946280350131),.UNSPECIFIED.);
#903 = CARTESIAN_POINT('',(241.82635753242,100.71296924502,
    4.461116919648));
#904 = CARTESIAN_POINT('',(241.82635753242,99.56827713747,4.643260076061
    ));
#905 = CARTESIAN_POINT('',(241.82635753242,98.423585029901,
    4.825403232474));
#906 = CARTESIAN_POINT('',(241.82635753242,96.865398496193,
    5.073341531039));
#907 = CARTESIAN_POINT('',(241.82635753242,96.451904070047,
    5.139136673192));
#908 = CARTESIAN_POINT('',(241.82635753242,96.038409643908,
    5.204931815343));
#909 = ORIENTED_EDGE('',*,*,#466,.T.);
#910 = ORIENTED_EDGE('',*,*,#911,.T.);
#911 = EDGE_CURVE('',#467,#912,#914,.T.);
#912 = VERTEX_POINT('',#913);
#913 = CARTESIAN_POINT('',(250.77098908758,93.683041199096,
    5.338499200751));
#914 = B_SPLINE_CURVE_WITH_KNOTS('',3,(#915,#916,#917,#918,#919,#920,
    #921),.UNSPECIFIED.,.F.,.F.,(4,3,4),(2.48767748134,5.772039523597,
    9.078794681614),.UNSPECIFIED.);
#915 = CARTESIAN_POINT('',(244.18172597832,93.683041197321,
    5.486912437075));
#916 = CARTESIAN_POINT('',(245.2758743292,93.683041196156,5.448665209117
    ));
#917 = CARTESIAN_POINT('',(246.37026394366,93.683041195829,
    5.417186637254));
#918 = CARTESIAN_POINT('',(247.46477272289,93.683041196557,
    5.392485942495));
#919 = CARTESIAN_POINT('',(248.56674428165,93.683041197292,
    5.367616828951));
#920 = CARTESIAN_POINT('',(249.66876784529,93.683041176257,
    5.349618768258));
#921 = CARTESIAN_POINT('',(250.77098908748,93.683041199256,
    5.338499201816));
#922 = ORIENTED_EDGE('',*,*,#923,.T.);
#923 = EDGE_CURVE('',#912,#924,#926,.T.);
#924 = VERTEX_POINT('',#925);
#925 = CARTESIAN_POINT('',(253.12635753241,96.038409643923,
    4.950425342506));
#926 = B_SPLINE_CURVE_WITH_KNOTS('',3,(#927,#928,#929,#930,#931,#932,
    #933,#934,#935,#936,#937,#938,#939,#940,#941,#942,#943,#944,#945,
    #946,#947,#948),.UNSPECIFIED.,.F.,.F.,(4,3,3,3,3,3,3,4),(
    8.753885745221E-02,0.801846311023,1.09660790284,1.364058634522,
    2.176480110141,2.98924659115,3.09884255374,3.712191430393),
  .UNSPECIFIED.);
#927 = CARTESIAN_POINT('',(250.77098908747,93.68304119927,5.338499201814
    ));
#928 = CARTESIAN_POINT('',(250.79925549573,93.916161003708,
    5.301120069172));
#929 = CARTESIAN_POINT('',(250.85780010097,94.144475415943,
    5.264199972607));
#930 = CARTESIAN_POINT('',(250.94503730053,94.362212531919,
    5.228730952215));
#931 = CARTESIAN_POINT('',(250.98103605103,94.452062551797,
    5.214094530799));
#932 = CARTESIAN_POINT('',(251.02192067391,94.540111538033,
    5.199705835512));
#933 = CARTESIAN_POINT('',(251.06757978513,94.625954307943,
    5.185637070188));
#934 = CARTESIAN_POINT('',(251.10900839369,94.7038433955,5.172871833286)
  );
#935 = CARTESIAN_POINT('',(251.15417759983,94.779557422235,
    5.160428823588));
#936 = CARTESIAN_POINT('',(251.20289797346,94.85284202749,5.148355755836
    ));
#937 = CARTESIAN_POINT('',(251.35089337279,95.075454943023,
    5.111682012392));
#938 = CARTESIAN_POINT('',(251.53165647775,95.275650602168,
    5.078420417146));
#939 = CARTESIAN_POINT('',(251.73987725524,95.446302499874,
    5.049927584418));
#940 = CARTESIAN_POINT('',(251.9481864564,95.617026867137,5.021422651837
    ));
#941 = CARTESIAN_POINT('',(252.18106464258,95.755782724241,
    4.998096234721));
#942 = CARTESIAN_POINT('',(252.43087159326,95.857763092631,
    4.980914617757));
#943 = CARTESIAN_POINT('',(252.46455634019,95.871514442988,
    4.978597795036));
#944 = CARTESIAN_POINT('',(252.49854889462,95.884597104531,
    4.976392623127));
#945 = CARTESIAN_POINT('',(252.53283052182,95.896999278801,
    4.974301391519));
#946 = CARTESIAN_POINT('',(252.72468610496,95.966407488699,
    4.962597907984));
#947 = CARTESIAN_POINT('',(252.9237985772,96.013849053301,4.954575824537
    ));
#948 = CARTESIAN_POINT('',(253.12635753241,96.038409643924,
    4.950425342505));
#949 = ORIENTED_EDGE('',*,*,#950,.T.);
#950 = EDGE_CURVE('',#924,#75,#951,.T.);
#951 = B_SPLINE_CURVE_WITH_KNOTS('',3,(#952,#953,#954,#955,#956,#957),
  .UNSPECIFIED.,.F.,.F.,(4,2,4),(2.474096069445,3.69019127262,
    7.230328445701),.UNSPECIFIED.);
#952 = CARTESIAN_POINT('',(253.12635753241,96.038409643945,
    4.950425342501));
#953 = CARTESIAN_POINT('',(253.12635753241,96.438738408186,
    4.886725117576));
#954 = CARTESIAN_POINT('',(253.12635753241,96.839067172426,
    4.823024892652));
#955 = CARTESIAN_POINT('',(253.12635753241,98.404780633544,
    4.573888911052));
#956 = CARTESIAN_POINT('',(253.12635753241,99.570165330435,
    4.388453154377));
#957 = CARTESIAN_POINT('',(253.12635753241,100.73555002731,
    4.203017397701));
#958 = B_SPLINE_SURFACE_WITH_KNOTS('',3,3,(
    (#959,#960,#961,#962,#963,#964)
    ,(#965,#966,#967,#968,#969,#970)
    ,(#971,#972,#973,#974,#975,#976)
    ,(#977,#978,#979,#980,#981,#982
    )),.UNSPECIFIED.,.F.,.F.,.F.,(4,4),(4,2,4),(3.299463638589E-02,
    5.978634191838E-02),(4.575728021729E-02,8.064429289012E-02,
    8.779649095761E-02),.UNSPECIFIED.);
#959 = CARTESIAN_POINT('',(241.82635753241,100.77504701299,
    4.451239118862));
#960 = CARTESIAN_POINT('',(244.94914511601,100.75379716933,
    4.317692908303));
#961 = CARTESIAN_POINT('',(248.07560320447,100.74109518274,
    4.237866336263));
#962 = CARTESIAN_POINT('',(251.84402571383,100.73614922023,
    4.206783069772));
#963 = CARTESIAN_POINT('',(252.48518703401,100.73566910516,
    4.203765751302));
#964 = CARTESIAN_POINT('',(253.12635753241,100.73555002731,
    4.203017397701));
#965 = CARTESIAN_POINT('',(241.82635753241,98.415845896947,
    4.826634681609));
#966 = CARTESIAN_POINT('',(244.94914511601,98.394596053295,4.69308847105
    ));
#967 = CARTESIAN_POINT('',(248.07560320447,98.381894066697,4.61326189901
    ));
#968 = CARTESIAN_POINT('',(251.84402571383,98.376948104189,
    4.582178632518));
#969 = CARTESIAN_POINT('',(252.48518703401,98.376467989125,
    4.579161314049));
#970 = CARTESIAN_POINT('',(253.12635753241,98.376348911268,
    4.578412960448));
#971 = CARTESIAN_POINT('',(241.82635753241,96.056644780896,
    5.202030244356));
#972 = CARTESIAN_POINT('',(244.94914511601,96.035394937244,
    5.068484033797));
#973 = CARTESIAN_POINT('',(248.07560320447,96.022692950639,
    4.988657461757));
#974 = CARTESIAN_POINT('',(251.84402571383,96.017746988138,
    4.957574195265));
#975 = CARTESIAN_POINT('',(252.48518703401,96.017266873074,
    4.954556876795));
#976 = CARTESIAN_POINT('',(253.12635753241,96.017147795217,
    4.953808523195));
#977 = CARTESIAN_POINT('',(241.82635753241,93.697443664852,
    5.577425807103));
#978 = CARTESIAN_POINT('',(244.94914511601,93.6761938212,5.443879596544)
  );
#979 = CARTESIAN_POINT('',(248.07560320447,93.663491834595,
    5.364053024503));
#980 = CARTESIAN_POINT('',(251.84402571383,93.658545872095,
    5.332969758012));
#981 = CARTESIAN_POINT('',(252.48518703401,93.65806575703,5.329952439542
    ));
#982 = CARTESIAN_POINT('',(253.12635753241,93.657946679174,
    5.329204085942));
#983 = ADVANCED_FACE('',(#984),#1065,.F.);
#984 = FACE_BOUND('',#985,.F.);
#985 = EDGE_LOOP('',(#986,#1018,#1025,#1026,#1035,#1052));
#986 = ORIENTED_EDGE('',*,*,#987,.T.);
#987 = EDGE_CURVE('',#988,#990,#992,.T.);
#988 = VERTEX_POINT('',#989);
#989 = CARTESIAN_POINT('',(256.13172597723,93.033041199087,
    5.442072773044));
#990 = VERTEX_POINT('',#991);
#991 = CARTESIAN_POINT('',(253.77635753241,90.677672754275,
    5.803443646218));
#992 = B_SPLINE_CURVE_WITH_KNOTS('',3,(#993,#994,#995,#996,#997,#998,
    #999,#1000,#1001,#1002,#1003,#1004,#1005,#1006,#1007,#1008,#1009,
    #1010,#1011,#1012,#1013,#1014,#1015,#1016,#1017),.UNSPECIFIED.,.F.,
  .F.,(4,3,3,3,3,3,3,3,4),(9.725319429799E-02,0.809929865281,
    1.093148107364,2.04702512495,2.119868969356,2.947510955164,
    3.055418848249,3.476283214007,3.717985237799),.UNSPECIFIED.);
#993 = CARTESIAN_POINT('',(256.13172597576,93.033041195827,
    5.442072752613));
#994 = CARTESIAN_POINT('',(256.10351811094,92.800404283979,
    5.478804014624));
#995 = CARTESIAN_POINT('',(256.04514614187,92.572458545819,
    5.514482972354));
#996 = CARTESIAN_POINT('',(255.95811508497,92.354961827779,
    5.548265927726));
#997 = CARTESIAN_POINT('',(255.92352887787,92.268528469357,
    5.561691299458));
#998 = CARTESIAN_POINT('',(255.88441661068,92.183745391241,
    5.574817832569));
#999 = CARTESIAN_POINT('',(255.8408727209,92.100974309517,5.587594782457
    ));
#1000 = CARTESIAN_POINT('',(255.69421721231,91.822201899701,
    5.630627458074));
#1001 = CARTESIAN_POINT('',(255.49969933245,91.57084553,5.668981334738)
  );
#1002 = CARTESIAN_POINT('',(255.26579437749,91.358586326988,
    5.701148836236));
#1003 = CARTESIAN_POINT('',(255.24793197402,91.342376924651,
    5.703605342086));
#1004 = CARTESIAN_POINT('',(255.22983987461,91.32639553187,
    5.706025792863));
#1005 = CARTESIAN_POINT('',(255.21152185413,91.310647352234,
    5.708409525969));
#1006 = CARTESIAN_POINT('',(255.0033949634,91.131718648331,5.73549318166
    ));
#1007 = CARTESIAN_POINT('',(254.76904653424,90.985438938574,
    5.757455709194));
#1008 = CARTESIAN_POINT('',(254.51648944988,90.87701418706,5.77368635384
    ));
#1009 = CARTESIAN_POINT('',(254.48356107829,90.862877777,5.775802503935)
  );
#1010 = CARTESIAN_POINT('',(254.4503231814,90.849384848776,
    5.777821144845));
#1011 = CARTESIAN_POINT('',(254.41679352032,90.836546928897,
    5.779740850276));
#1012 = CARTESIAN_POINT('',(254.28602051434,90.786476235706,
    5.787228120998));
#1013 = CARTESIAN_POINT('',(254.1514880632,90.746631098317,
    5.793171776316));
#1014 = CARTESIAN_POINT('',(254.01440728972,90.717402077404,
    5.79752756966));
#1015 = CARTESIAN_POINT('',(253.93568192575,90.700615877186,
    5.800029097829));
#1016 = CARTESIAN_POINT('',(253.85625242986,90.687360168874,
    5.802002466545));
#1017 = CARTESIAN_POINT('',(253.77635753242,90.677672754271,
    5.803443646219));
#1018 = ORIENTED_EDGE('',*,*,#1019,.T.);
#1019 = EDGE_CURVE('',#990,#344,#1020,.T.);
#1020 = B_SPLINE_CURVE_WITH_KNOTS('',3,(#1021,#1022,#1023,#1024),
  .UNSPECIFIED.,.F.,.F.,(4,4),(2.479563146778,4.678259428175),
  .PIECEWISE_BEZIER_KNOTS.);
#1021 = CARTESIAN_POINT('',(253.77635753241,90.677672754267,
    5.803443646219));
#1022 = CARTESIAN_POINT('',(253.77635753241,89.953879614579,
    5.918613451428));
#1023 = CARTESIAN_POINT('',(253.77635753241,89.230086474898,
    6.033783256638));
#1024 = CARTESIAN_POINT('',(253.77635753241,88.506293335209,
    6.148953061848));
#1025 = ORIENTED_EDGE('',*,*,#351,.T.);
#1026 = ORIENTED_EDGE('',*,*,#1027,.T.);
#1027 = EDGE_CURVE('',#352,#1028,#1030,.T.);
#1028 = VERTEX_POINT('',#1029);
#1029 = CARTESIAN_POINT('',(265.07635753241,90.677672754275,
    6.058227182062));
#1030 = B_SPLINE_CURVE_WITH_KNOTS('',3,(#1031,#1032,#1033,#1034),
  .UNSPECIFIED.,.F.,.F.,(4,4),(0.232363614249,2.322368639939),
  .PIECEWISE_BEZIER_KNOTS.);
#1031 = CARTESIAN_POINT('',(265.07635753241,88.613634197864,
    6.386656543232));
#1032 = CARTESIAN_POINT('',(265.07635753241,89.301647049986,
    6.277180089512));
#1033 = CARTESIAN_POINT('',(265.07635753241,89.989659902094,
    6.167703635791));
#1034 = CARTESIAN_POINT('',(265.07635753241,90.677672754224,
    6.05822718207));
#1035 = ORIENTED_EDGE('',*,*,#1036,.T.);
#1036 = EDGE_CURVE('',#1028,#1037,#1039,.T.);
#1037 = VERTEX_POINT('',#1038);
#1038 = CARTESIAN_POINT('',(262.72098908759,93.03304119908,
    5.590640523585));
#1039 = B_SPLINE_CURVE_WITH_KNOTS('',3,(#1040,#1041,#1042,#1043,#1044,
    #1045,#1046,#1047,#1048,#1049,#1050,#1051),.UNSPECIFIED.,.F.,.F.,(4,
    2,2,2,2,4),(0.131314244108,0.519342062099,1.317707012899,
    2.41486983716,3.174024158838,3.759429760371),.UNSPECIFIED.);
#1040 = CARTESIAN_POINT('',(265.07635753241,90.677672754275,
    6.058227182063));
#1041 = CARTESIAN_POINT('',(264.94832437125,90.693197029475,
    6.050143869251));
#1042 = CARTESIAN_POINT('',(264.82159851195,90.717871373905,
    6.040755119898));
#1043 = CARTESIAN_POINT('',(264.44110525816,90.820668348948,
    6.008261160693));
#1044 = CARTESIAN_POINT('',(264.19709797906,90.927069287522,
    5.981358872388));
#1045 = CARTESIAN_POINT('',(263.6645675291,91.259110934749,
    5.907394238459));
#1046 = CARTESIAN_POINT('',(263.39896106684,91.511085560181,
    5.857300522455));
#1047 = CARTESIAN_POINT('',(263.04743620122,92.012049453551,
    5.764674958498));
#1048 = CARTESIAN_POINT('',(262.93297745025,92.235748619343,
    5.724988654669));
#1049 = CARTESIAN_POINT('',(262.78770610189,92.653799768996,
    5.65331860879));
#1050 = CARTESIAN_POINT('',(262.74415777988,92.841962332197,
    5.621854927077));
#1051 = CARTESIAN_POINT('',(262.72098908759,93.033041199094,
    5.590640523583));
#1052 = ORIENTED_EDGE('',*,*,#1053,.T.);
#1053 = EDGE_CURVE('',#1037,#988,#1054,.T.);
#1054 = B_SPLINE_CURVE_WITH_KNOTS('',3,(#1055,#1056,#1057,#1058,#1059,
    #1060,#1061,#1062,#1063,#1064),.UNSPECIFIED.,.F.,.F.,(4,3,3,4),(
    2.487684924108,4.623011384748,5.963479290808,9.078664977956),
  .UNSPECIFIED.);
#1055 = CARTESIAN_POINT('',(262.72098908638,93.033041195824,
    5.590640503119));
#1056 = CARTESIAN_POINT('',(262.00962912728,93.033041194328,
    5.565771388779));
#1057 = CARTESIAN_POINT('',(261.29816730112,93.033041192916,
    5.543759526048));
#1058 = CARTESIAN_POINT('',(260.58663714613,93.033041192199,
    5.524606760367));
#1059 = CARTESIAN_POINT('',(260.13996851979,93.033041191749,
    5.512583461737));
#1060 = CARTESIAN_POINT('',(259.69327549208,93.033041191553,
    5.501686929759));
#1061 = CARTESIAN_POINT('',(259.24655808776,93.033041191628,
    5.491917442679));
#1062 = CARTESIAN_POINT('',(258.20840741078,93.033041191804,
    5.469213604577));
#1063 = CARTESIAN_POINT('',(257.17009536383,93.033041193715,
    5.452596094062));
#1064 = CARTESIAN_POINT('',(256.13172597576,93.033041195832,
    5.442072752612));
#1065 = B_SPLINE_SURFACE_WITH_KNOTS('',3,3,(
    (#1066,#1067,#1068,#1069)
    ,(#1070,#1071,#1072,#1073)
    ,(#1074,#1075,#1076,#1077)
    ,(#1078,#1079,#1080,#1081
    )),.UNSPECIFIED.,.F.,.F.,.F.,(4,4),(4,4),(6.215976387304E-02,
    7.928752780394E-02),(9.021337955028E-02,0.132248036413),
  .PIECEWISE_BEZIER_KNOTS.);
#1066 = CARTESIAN_POINT('',(253.77635753239,93.030959344069,
    5.428989201589));
#1067 = CARTESIAN_POINT('',(257.54464320427,93.031693354984,
    5.433602147327));
#1068 = CARTESIAN_POINT('',(261.31296105281,93.044894319813,
    5.516564584968));
#1069 = CARTESIAN_POINT('',(265.07635753241,93.070499327296,
    5.677481143997));
#1070 = CARTESIAN_POINT('',(253.77635753239,91.522737341103,
    5.668977155011));
#1071 = CARTESIAN_POINT('',(257.54464320427,91.523471352019,
    5.673590100749));
#1072 = CARTESIAN_POINT('',(261.31296105281,91.536672316848,
    5.756552538391));
#1073 = CARTESIAN_POINT('',(265.07635753241,91.56227732433,
    5.917469097419));
#1074 = CARTESIAN_POINT('',(253.77635753239,90.014515338124,
    5.908965108433));
#1075 = CARTESIAN_POINT('',(257.54464320427,90.015249349039,
    5.913578054172));
#1076 = CARTESIAN_POINT('',(261.31296105281,90.028450313868,
    5.996540491813));
#1077 = CARTESIAN_POINT('',(265.07635753241,90.054055321351,
    6.157457050841));
#1078 = CARTESIAN_POINT('',(253.77635753239,88.506293335158,
    6.148953061856));
#1079 = CARTESIAN_POINT('',(257.54464320427,88.507027346073,
    6.153566007594));
#1080 = CARTESIAN_POINT('',(261.31296105281,88.520228310903,
    6.236528445235));
#1081 = CARTESIAN_POINT('',(265.07635753241,88.545833318385,
    6.397445004264));
#1082 = ADVANCED_FACE('',(#1083),#1162,.F.);
#1083 = FACE_BOUND('',#1084,.F.);
#1084 = EDGE_LOOP('',(#1085,#1086,#1097,#1121,#1136,#1153));
#1085 = ORIENTED_EDGE('',*,*,#47,.T.);
#1086 = ORIENTED_EDGE('',*,*,#1087,.T.);
#1087 = EDGE_CURVE('',#48,#1088,#1090,.T.);
#1088 = VERTEX_POINT('',#1089);
#1089 = CARTESIAN_POINT('',(253.77635753241,96.038409643923,
    4.950444371278));
#1090 = B_SPLINE_CURVE_WITH_KNOTS('',3,(#1091,#1092,#1093,#1094,#1095,
    #1096),.UNSPECIFIED.,.F.,.F.,(4,2,4),(0.150054110107,3.690212523222,
    4.906284776786),.UNSPECIFIED.);
#1091 = CARTESIAN_POINT('',(253.77635753241,100.73554833894,
    4.203036695126));
#1092 = CARTESIAN_POINT('',(253.77635753241,99.570156650014,
    4.388473564374));
#1093 = CARTESIAN_POINT('',(253.77635753241,98.40476496108,
    4.573910433622));
#1094 = CARTESIAN_POINT('',(253.77635753241,96.839052062744,
    4.823046325673));
#1095 = CARTESIAN_POINT('',(253.77635753241,96.438730853333,
    4.886745348475));
#1096 = CARTESIAN_POINT('',(253.77635753241,96.038409643923,
    4.950444371277));
#1097 = ORIENTED_EDGE('',*,*,#1098,.T.);
#1098 = EDGE_CURVE('',#1088,#1099,#1101,.T.);
#1099 = VERTEX_POINT('',#1100);
#1100 = CARTESIAN_POINT('',(256.13172597723,93.683041199089,
    5.338644915993));
#1101 = B_SPLINE_CURVE_WITH_KNOTS('',3,(#1102,#1103,#1104,#1105,#1106,
    #1107,#1108,#1109,#1110,#1111,#1112,#1113,#1114,#1115,#1116,#1117,
    #1118,#1119,#1120),.UNSPECIFIED.,.F.,.F.,(4,3,3,3,3,3,4),(
    0.113387911997,0.733294627296,1.551572365527,1.674516839556,
    2.664196492989,3.251892484865,3.733542545076),.UNSPECIFIED.);
#1102 = CARTESIAN_POINT('',(253.77635753241,96.038409643914,
    4.950444371279));
#1103 = CARTESIAN_POINT('',(253.98117477815,96.013575235656,
    4.954653092009));
#1104 = CARTESIAN_POINT('',(254.18245993197,95.965347831363,
    4.962819825854));
#1105 = CARTESIAN_POINT('',(254.37627529107,95.894678173099,
    4.97474650297));
#1106 = CARTESIAN_POINT('',(254.63211184171,95.801394123329,
    4.990489733786));
#1107 = CARTESIAN_POINT('',(254.87168634389,95.670197773203,
    5.012583476192));
#1108 = CARTESIAN_POINT('',(255.08722541485,95.506048706958,
    5.040038703825));
#1109 = CARTESIAN_POINT('',(255.11960969769,95.481385662042,
    5.044163792854));
#1110 = CARTESIAN_POINT('',(255.15145139747,95.455978713786,
    5.048409820236));
#1111 = CARTESIAN_POINT('',(255.18272415174,95.429844669831,
    5.052773343025));
#1112 = CARTESIAN_POINT('',(255.434463881,95.219470582107,5.087898872299
    ));
#1113 = CARTESIAN_POINT('',(255.64519779106,94.965455057168,
    5.130054546646));
#1114 = CARTESIAN_POINT('',(255.80522107643,94.680662234661,
    5.176795568958));
#1115 = CARTESIAN_POINT('',(255.90024681844,94.511545288867,
    5.20455153158));
#1116 = CARTESIAN_POINT('',(255.97668782318,94.332827543987,
    5.233719050417));
#1117 = CARTESIAN_POINT('',(256.03332053488,94.147640490719,
    5.263738915476));
#1118 = CARTESIAN_POINT('',(256.07973424094,93.995869240532,
    5.288341890521));
#1119 = CARTESIAN_POINT('',(256.11264614729,93.840397963202,
    5.313412957068));
#1120 = CARTESIAN_POINT('',(256.13172597576,93.683041195833,
    5.338644895561));
#1121 = ORIENTED_EDGE('',*,*,#1122,.T.);
#1122 = EDGE_CURVE('',#1099,#1123,#1125,.T.);
#1123 = VERTEX_POINT('',#1124);
#1124 = CARTESIAN_POINT('',(262.72098908758,93.683041199089,
    5.487212666533));
#1125 = B_SPLINE_CURVE_WITH_KNOTS('',3,(#1126,#1127,#1128,#1129,#1130,
    #1131,#1132,#1133,#1134,#1135),.UNSPECIFIED.,.F.,.F.,(4,3,3,4),(
    2.468094374627,4.597356342658,5.938122997766,9.059075011952),
  .UNSPECIFIED.);
#1126 = CARTESIAN_POINT('',(256.13172597576,93.683041195833,
    5.338644895561));
#1127 = CARTESIAN_POINT('',(256.84146223247,93.683041194386,
    5.345837708691));
#1128 = CARTESIAN_POINT('',(257.55117169661,93.683041192977,
    5.355877634582));
#1129 = CARTESIAN_POINT('',(258.2608211501,93.683041192236,
    5.368762170064));
#1130 = CARTESIAN_POINT('',(258.70767754369,93.683041191769,
    5.376875382904));
#1131 = CARTESIAN_POINT('',(259.15450789112,93.683041191559,
    5.386116443291));
#1132 = CARTESIAN_POINT('',(259.60131116,93.683041191626,5.396484896551)
  );
#1133 = CARTESIAN_POINT('',(260.64135161495,93.683041191783,
    5.420619927777));
#1134 = CARTESIAN_POINT('',(261.68127915707,93.683041193642,
    5.450864430537));
#1135 = CARTESIAN_POINT('',(262.72098908637,93.683041195829,
    5.487212646067));
#1136 = ORIENTED_EDGE('',*,*,#1137,.T.);
#1137 = EDGE_CURVE('',#1123,#1138,#1140,.T.);
#1138 = VERTEX_POINT('',#1139);
#1139 = CARTESIAN_POINT('',(265.07635753241,96.03840964393,
    5.205227907121));
#1140 = B_SPLINE_CURVE_WITH_KNOTS('',3,(#1141,#1142,#1143,#1144,#1145,
    #1146,#1147,#1148,#1149,#1150,#1151,#1152),.UNSPECIFIED.,.F.,.F.,(4,
    2,2,2,2,4),(6.40925008612E-02,1.089619033594,2.158496801481,
    2.989815465288,3.416895089338,3.679995575589),.UNSPECIFIED.);
#1141 = CARTESIAN_POINT('',(262.72098908759,93.683041199089,
    5.487212666533));
#1142 = CARTESIAN_POINT('',(262.76161675671,94.018109267687,
    5.435317050237));
#1143 = CARTESIAN_POINT('',(262.86482160795,94.343464076635,
    5.387144653261));
#1144 = CARTESIAN_POINT('',(263.1942403185,94.952920732263,5.30206336213
    ));
#1145 = CARTESIAN_POINT('',(263.42223758839,95.22868209186,
    5.266569781201));
#1146 = CARTESIAN_POINT('',(263.91224022455,95.627154492569,
    5.222099779959));
#1147 = CARTESIAN_POINT('',(264.15234317319,95.767739915391,
    5.209272278197));
#1148 = CARTESIAN_POINT('',(264.54224427847,95.921664327405,
    5.200893398558));
#1149 = CARTESIAN_POINT('',(264.67850277719,95.963367869328,
    5.199988361885));
#1150 = CARTESIAN_POINT('',(264.90300563101,96.01309844989,
    5.201698376299));
#1151 = CARTESIAN_POINT('',(264.98941951385,96.027868236422,
    5.203093809503));
#1152 = CARTESIAN_POINT('',(265.07635753242,96.038409643923,
    5.205227907121));
#1153 = ORIENTED_EDGE('',*,*,#1154,.T.);
#1154 = EDGE_CURVE('',#1138,#40,#1155,.T.);
#1155 = B_SPLINE_CURVE_WITH_KNOTS('',3,(#1156,#1157,#1158,#1159,#1160,
    #1161),.UNSPECIFIED.,.F.,.F.,(4,2,4),(2.434102856909,3.690212523222,
    7.167443774393),.UNSPECIFIED.);
#1156 = CARTESIAN_POINT('',(265.07635753241,96.038409643945,
    5.205227907117));
#1157 = CARTESIAN_POINT('',(265.07635753241,96.451910847754,
    5.139431686504));
#1158 = CARTESIAN_POINT('',(265.07635753241,96.865412051579,
    5.073635465891));
#1159 = CARTESIAN_POINT('',(265.07635753241,98.423589828497,
    4.825698560703));
#1160 = CARTESIAN_POINT('',(265.07635753241,99.568266401628,
    4.643557876128));
#1161 = CARTESIAN_POINT('',(265.07635753241,100.71294297472,
    4.461417191553));
#1162 = B_SPLINE_SURFACE_WITH_KNOTS('',3,3,(
    (#1163,#1164,#1165,#1166)
    ,(#1167,#1168,#1169,#1170)
    ,(#1171,#1172,#1173,#1174)
    ,(#1175,#1176,#1177,#1178
    )),.UNSPECIFIED.,.F.,.F.,.F.,(4,4),(4,4),(3.299465395567E-02,
    5.978651828684E-02),(9.021337955027E-02,0.132248036413),
  .PIECEWISE_BEZIER_KNOTS.);
#1163 = CARTESIAN_POINT('',(253.77635753239,100.73554833895,
    4.203036695124));
#1164 = CARTESIAN_POINT('',(257.54464320427,100.73628234987,
    4.207649640862));
#1165 = CARTESIAN_POINT('',(261.31296105281,100.74948331469,
    4.290612078504));
#1166 = CARTESIAN_POINT('',(265.07635753242,100.77508832218,
    4.451528637532));
#1167 = CARTESIAN_POINT('',(253.77635753239,98.376333239546,4.5784344829
    ));
#1168 = CARTESIAN_POINT('',(257.54464320427,98.377067250462,
    4.583047428638));
#1169 = CARTESIAN_POINT('',(261.31296105281,98.390268215298,
    4.66600986628));
#1170 = CARTESIAN_POINT('',(265.07635753242,98.415873222781,
    4.826926425308));
#1171 = CARTESIAN_POINT('',(253.77635753239,96.017118140146,
    4.953832270676));
#1172 = CARTESIAN_POINT('',(257.54464320427,96.017852151061,
    4.958445216414));
#1173 = CARTESIAN_POINT('',(261.31296105281,96.03105311589,
    5.041407654055));
#1174 = CARTESIAN_POINT('',(265.07635753242,96.056658123373,
    5.202324213084));
#1175 = CARTESIAN_POINT('',(253.77635753239,93.657903040745,
    5.329230058452));
#1176 = CARTESIAN_POINT('',(257.54464320427,93.65863705166,5.33384300419
    ));
#1177 = CARTESIAN_POINT('',(261.31296105281,93.671838016489,
    5.416805441831));
#1178 = CARTESIAN_POINT('',(265.07635753242,93.697443023972,
    5.57772200086));
#1179 = ADVANCED_FACE('',(#1180),#1250,.F.);
#1180 = FACE_BOUND('',#1181,.F.);
#1181 = EDGE_LOOP('',(#1182,#1183,#1184,#1203,#1204,#1213,#1228,#1237));
#1182 = ORIENTED_EDGE('',*,*,#666,.F.);
#1183 = ORIENTED_EDGE('',*,*,#397,.T.);
#1184 = ORIENTED_EDGE('',*,*,#1185,.F.);
#1185 = EDGE_CURVE('',#140,#398,#1186,.T.);
#1186 = B_SPLINE_CURVE_WITH_KNOTS('',3,(#1187,#1188,#1189,#1190,#1191,
    #1192,#1193,#1194,#1195,#1196,#1197,#1198,#1199,#1200,#1201,#1202),
  .UNSPECIFIED.,.F.,.F.,(4,3,3,3,3,4),(0.243038325355,3.539753785457,
    7.045421957309,7.806871777861,11.712045378324,15.519585661608),
  .UNSPECIFIED.);
#1187 = CARTESIAN_POINT('',(272.96238429488,101.10326751748,
    -1.920450859449E-07));
#1188 = CARTESIAN_POINT('',(272.96864597563,100.00246695356,
    1.111633498921E-06));
#1189 = CARTESIAN_POINT('',(272.97433577941,98.889126216672,
    1.858711603023E-05));
#1190 = CARTESIAN_POINT('',(272.97954860596,97.775142187604,
    2.788535405629E-05));
#1191 = CARTESIAN_POINT('',(272.98509183235,96.590551523981,
    3.777293382979E-05));
#1192 = CARTESIAN_POINT('',(272.99009509356,95.40523722668,
    4.082275538971E-05));
#1193 = CARTESIAN_POINT('',(272.99464233368,94.23349201297,
    4.121814913199E-05));
#1194 = CARTESIAN_POINT('',(272.99563001848,93.978982704338,
    4.130403076122E-05));
#1195 = CARTESIAN_POINT('',(272.99659610404,93.725113391518,
    4.130255280489E-05));
#1196 = CARTESIAN_POINT('',(272.99754132697,93.472030198799,
    4.127272780727E-05));
#1197 = CARTESIAN_POINT('',(273.00238899975,92.174067071035,
    4.111976724601E-05));
#1198 = CARTESIAN_POINT('',(273.0068182017,90.862384860362,
    3.76848932366E-05));
#1199 = CARTESIAN_POINT('',(273.0108718656,89.551070756547,
    2.666327531167E-05));
#1200 = CARTESIAN_POINT('',(273.01482418377,88.272540840817,
    1.591720905967E-05));
#1201 = CARTESIAN_POINT('',(273.01841836483,86.994363418206,
    3.76033988632E-07));
#1202 = CARTESIAN_POINT('',(273.02167522439,85.729582104011,
    2.740643219146E-12));
#1203 = ORIENTED_EDGE('',*,*,#147,.F.);
#1204 = ORIENTED_EDGE('',*,*,#1205,.F.);
#1205 = EDGE_CURVE('',#1206,#148,#1208,.T.);
#1206 = VERTEX_POINT('',#1207);
#1207 = CARTESIAN_POINT('',(270.54016031307,93.683041199089,
    5.875922849164));
#1208 = B_SPLINE_CURVE_WITH_KNOTS('',3,(#1209,#1210,#1211,#1212),
  .UNSPECIFIED.,.F.,.F.,(4,4),(-7.277723122538,-0.217147522412),
  .PIECEWISE_BEZIER_KNOTS.);
#1209 = CARTESIAN_POINT('',(270.54016031317,93.683041199103,
    5.875922849163));
#1210 = CARTESIAN_POINT('',(270.56094835595,96.005864173108,
    5.507656363449));
#1211 = CARTESIAN_POINT('',(270.58482284791,98.36009135958,
    5.134594208787));
#1212 = CARTESIAN_POINT('',(270.61255254516,100.68627369579,
    4.766248443533));
#1213 = ORIENTED_EDGE('',*,*,#1214,.T.);
#1214 = EDGE_CURVE('',#1206,#1215,#1217,.T.);
#1215 = VERTEX_POINT('',#1216);
#1216 = CARTESIAN_POINT('',(271.97982335686,93.683041199081,
    2.391726506848));
#1217 = B_SPLINE_CURVE_WITH_KNOTS('',3,(#1218,#1219,#1220,#1221,#1222,
    #1223,#1224,#1225,#1226,#1227),.UNSPECIFIED.,.F.,.F.,(4,3,3,4),(
    0.435435957744,2.929811685491,3.765521250931,4.199444549153),
  .UNSPECIFIED.);
#1218 = CARTESIAN_POINT('',(270.53999030707,93.683053110107,
    5.87600913148));
#1219 = CARTESIAN_POINT('',(270.85240198822,93.683053783824,
    5.104474143315));
#1220 = CARTESIAN_POINT('',(271.16966106973,93.683068965594,
    4.332409405669));
#1221 = CARTESIAN_POINT('',(271.48947642571,93.683071723075,
    3.563467380163));
#1222 = CARTESIAN_POINT('',(271.59662658324,93.683072646935,
    3.305842917723));
#1223 = CARTESIAN_POINT('',(271.7040635974,93.683072311669,
    3.048568591638));
#1224 = CARTESIAN_POINT('',(271.8117010646,93.683071314499,
    2.791781318175));
#1225 = CARTESIAN_POINT('',(271.86758938599,93.683070796741,
    2.658450331849));
#1226 = CARTESIAN_POINT('',(271.92359090581,93.683069991721,
    2.525109541035));
#1227 = CARTESIAN_POINT('',(271.97969452693,93.683068927388,
    2.39177736422));
#1228 = ORIENTED_EDGE('',*,*,#1229,.F.);
#1229 = EDGE_CURVE('',#1230,#1215,#1232,.T.);
#1230 = VERTEX_POINT('',#1231);
#1231 = CARTESIAN_POINT('',(271.99469778984,93.03304119908,
    2.391726506849));
#1232 = B_SPLINE_CURVE_WITH_KNOTS('',3,(#1233,#1234,#1235,#1236),
  .UNSPECIFIED.,.F.,.F.,(4,4),(-8.238558072829,-7.589929130048),
  .PIECEWISE_BEZIER_KNOTS.);
#1233 = CARTESIAN_POINT('',(271.99457528351,93.033067364922,
    2.391775060043));
#1234 = CARTESIAN_POINT('',(271.98967759134,93.250055884113,
    2.391776243959));
#1235 = CARTESIAN_POINT('',(271.98471766424,93.46674736659,
    2.391776962028));
#1236 = CARTESIAN_POINT('',(271.97969452693,93.683068927399,
    2.39177736422));
#1237 = ORIENTED_EDGE('',*,*,#1238,.T.);
#1238 = EDGE_CURVE('',#1230,#667,#1239,.T.);
#1239 = B_SPLINE_CURVE_WITH_KNOTS('',3,(#1240,#1241,#1242,#1243,#1244,
    #1245,#1246,#1247,#1248,#1249),.UNSPECIFIED.,.F.,.F.,(4,3,3,4),(
    -0.378697680496,5.410544069225E-02,2.367451064804,3.486454709016),
  .UNSPECIFIED.);
#1240 = CARTESIAN_POINT('',(271.99457528352,93.033067364918,
    2.391775060041));
#1241 = CARTESIAN_POINT('',(271.93920438988,93.033068408191,
    2.525100818949));
#1242 = CARTESIAN_POINT('',(271.88393927011,93.03306921328,
    2.658440785509));
#1243 = CARTESIAN_POINT('',(271.82879019947,93.033069751893,
    2.791778433027));
#1244 = CARTESIAN_POINT('',(271.53401676789,93.033072630795,
    3.504472145975));
#1245 = CARTESIAN_POINT('',(271.24107066181,93.033066564248,
    4.220698266487));
#1246 = CARTESIAN_POINT('',(270.95163154919,93.033059003655,
    4.937899547812));
#1247 = CARTESIAN_POINT('',(270.8116250502,93.03305534647,5.284821702059
    ));
#1248 = CARTESIAN_POINT('',(270.67243902859,93.033052366285,
    5.63197203832));
#1249 = CARTESIAN_POINT('',(270.53426299748,93.033051987337,
    5.979058444119));
#1250 = B_SPLINE_SURFACE_WITH_KNOTS('',3,3,(
    (#1251,#1252,#1253,#1254)
    ,(#1255,#1256,#1257,#1258)
    ,(#1259,#1260,#1261,#1262)
    ,(#1263,#1264,#1265,#1266
    )),.UNSPECIFIED.,.F.,.F.,.F.,(4,4),(4,4),(6.597123961988E-02,
    0.931825699096),(5.53073482516E-02,0.894091192629),
  .PIECEWISE_BEZIER_KNOTS.);
#1251 = CARTESIAN_POINT('',(273.02167522439,85.72958210401,
    2.750688565811E-12));
#1252 = CARTESIAN_POINT('',(272.18077121678,86.659892898198,
    2.229880545357));
#1253 = CARTESIAN_POINT('',(271.3398155231,87.587849111515,
    4.460742762349));
#1254 = CARTESIAN_POINT('',(270.4990803666,88.511924721388,
    6.693338176195));
#1255 = CARTESIAN_POINT('',(273.03336154809,90.857868727173,
    -6.619441913665E-02));
#1256 = CARTESIAN_POINT('',(272.19279295225,91.450258879078,
    1.984857495784));
#1257 = CARTESIAN_POINT('',(271.35211635069,92.039980500158,
    4.036815706837));
#1258 = CARTESIAN_POINT('',(270.51189299477,92.625097152159,
    6.090331151817));
#1259 = CARTESIAN_POINT('',(273.0483570653,95.986114891981,
    -0.13829722953));
#1260 = CARTESIAN_POINT('',(272.20832030207,96.24037505599,
    1.733388550314));
#1261 = CARTESIAN_POINT('',(271.36820670501,96.491552588188,
    3.605760299702));
#1262 = CARTESIAN_POINT('',(270.52870861425,96.737183446348,
    5.479445570685));
#1263 = CARTESIAN_POINT('',(273.07187033785,101.11428971301,
    -0.220818829065));
#1264 = CARTESIAN_POINT('',(272.23343650514,101.03004708488,
    1.470151693016));
#1265 = CARTESIAN_POINT('',(271.3953911049,100.94212017584,3.1611737715)
  );
#1266 = CARTESIAN_POINT('',(270.55873960554,100.84707148133,
    4.852614379875));
#1267 = ADVANCED_FACE('',(#1268,#1279),#1377,.T.);
#1268 = FACE_BOUND('',#1269,.T.);
#1269 = EDGE_LOOP('',(#1270));
#1270 = ORIENTED_EDGE('',*,*,#1271,.T.);
#1271 = EDGE_CURVE('',#1272,#1272,#1274,.T.);
#1272 = VERTEX_POINT('',#1273);
#1273 = CARTESIAN_POINT('',(265.40135753241,90.658041199102,
    0.200000000003));
#1274 = CIRCLE('',#1275,2.7);
#1275 = AXIS2_PLACEMENT_3D('',#1276,#1277,#1278);
#1276 = CARTESIAN_POINT('',(265.40135753241,93.358041199099,
    0.200000000003));
#1277 = DIRECTION('',(0.,-3.061616997868E-16,-1.));
#1278 = DIRECTION('',(0.,1.,-3.061616997868E-16));
#1279 = FACE_BOUND('',#1280,.T.);
#1280 = EDGE_LOOP('',(#1281,#1291,#1299,#1307,#1315,#1323,#1331,#1339,
    #1347,#1355,#1363,#1371));
#1281 = ORIENTED_EDGE('',*,*,#1282,.T.);
#1282 = EDGE_CURVE('',#1283,#1285,#1287,.T.);
#1283 = VERTEX_POINT('',#1284);
#1284 = CARTESIAN_POINT('',(264.90135753241,95.358041199099,
    0.200000000003));
#1285 = VERTEX_POINT('',#1286);
#1286 = CARTESIAN_POINT('',(264.90135753241,93.858041199099,
    0.200000000003));
#1287 = LINE('',#1288,#1289);
#1288 = CARTESIAN_POINT('',(264.90135753241,89.1120274446,0.200000000003
    ));
#1289 = VECTOR('',#1290,1.);
#1290 = DIRECTION('',(0.,-1.,3.061616997868E-16));
#1291 = ORIENTED_EDGE('',*,*,#1292,.T.);
#1292 = EDGE_CURVE('',#1285,#1293,#1295,.T.);
#1293 = VERTEX_POINT('',#1294);
#1294 = CARTESIAN_POINT('',(263.40135753241,93.858041199099,
    0.200000000003));
#1295 = LINE('',#1296,#1297);
#1296 = CARTESIAN_POINT('',(259.90135753241,93.858041199099,
    0.200000000003));
#1297 = VECTOR('',#1298,1.);
#1298 = DIRECTION('',(-1.,0.,0.));
#1299 = ORIENTED_EDGE('',*,*,#1300,.T.);
#1300 = EDGE_CURVE('',#1293,#1301,#1303,.T.);
#1301 = VERTEX_POINT('',#1302);
#1302 = CARTESIAN_POINT('',(263.40135753241,92.858041199099,
    0.200000000003));
#1303 = LINE('',#1304,#1305);
#1304 = CARTESIAN_POINT('',(263.40135753241,88.6120274446,0.200000000003
    ));
#1305 = VECTOR('',#1306,1.);
#1306 = DIRECTION('',(0.,-1.,3.061616997868E-16));
#1307 = ORIENTED_EDGE('',*,*,#1308,.T.);
#1308 = EDGE_CURVE('',#1301,#1309,#1311,.T.);
#1309 = VERTEX_POINT('',#1310);
#1310 = CARTESIAN_POINT('',(264.90135753241,92.858041199099,
    0.200000000003));
#1311 = LINE('',#1312,#1313);
#1312 = CARTESIAN_POINT('',(260.65135753241,92.858041199099,
    0.200000000003));
#1313 = VECTOR('',#1314,1.);
#1314 = DIRECTION('',(1.,0.,0.));
#1315 = ORIENTED_EDGE('',*,*,#1316,.T.);
#1316 = EDGE_CURVE('',#1309,#1317,#1319,.T.);
#1317 = VERTEX_POINT('',#1318);
#1318 = CARTESIAN_POINT('',(264.90135753241,91.358041199099,
    0.200000000003));
#1319 = LINE('',#1320,#1321);
#1320 = CARTESIAN_POINT('',(264.90135753241,89.1120274446,0.200000000003
    ));
#1321 = VECTOR('',#1322,1.);
#1322 = DIRECTION('',(0.,-1.,3.061616997868E-16));
#1323 = ORIENTED_EDGE('',*,*,#1324,.T.);
#1324 = EDGE_CURVE('',#1317,#1325,#1327,.T.);
#1325 = VERTEX_POINT('',#1326);
#1326 = CARTESIAN_POINT('',(265.90135753241,91.358041199099,
    0.200000000003));
#1327 = LINE('',#1328,#1329);
#1328 = CARTESIAN_POINT('',(261.15135753241,91.358041199099,
    0.200000000003));
#1329 = VECTOR('',#1330,1.);
#1330 = DIRECTION('',(1.,0.,0.));
#1331 = ORIENTED_EDGE('',*,*,#1332,.T.);
#1332 = EDGE_CURVE('',#1325,#1333,#1335,.T.);
#1333 = VERTEX_POINT('',#1334);
#1334 = CARTESIAN_POINT('',(265.90135753241,92.858041199099,
    0.200000000003));
#1335 = LINE('',#1336,#1337);
#1336 = CARTESIAN_POINT('',(265.90135753241,88.6120274446,0.200000000003
    ));
#1337 = VECTOR('',#1338,1.);
#1338 = DIRECTION('',(0.,1.,-3.061616997868E-16));
#1339 = ORIENTED_EDGE('',*,*,#1340,.T.);
#1340 = EDGE_CURVE('',#1333,#1341,#1343,.T.);
#1341 = VERTEX_POINT('',#1342);
#1342 = CARTESIAN_POINT('',(267.40135753241,92.858041199099,
    0.200000000003));
#1343 = LINE('',#1344,#1345);
#1344 = CARTESIAN_POINT('',(260.65135753241,92.858041199099,
    0.200000000003));
#1345 = VECTOR('',#1346,1.);
#1346 = DIRECTION('',(1.,0.,0.));
#1347 = ORIENTED_EDGE('',*,*,#1348,.T.);
#1348 = EDGE_CURVE('',#1341,#1349,#1351,.T.);
#1349 = VERTEX_POINT('',#1350);
#1350 = CARTESIAN_POINT('',(267.40135753241,93.858041199099,
    0.200000000003));
#1351 = LINE('',#1352,#1353);
#1352 = CARTESIAN_POINT('',(267.40135753241,89.1120274446,0.200000000003
    ));
#1353 = VECTOR('',#1354,1.);
#1354 = DIRECTION('',(0.,1.,-3.061616997868E-16));
#1355 = ORIENTED_EDGE('',*,*,#1356,.T.);
#1356 = EDGE_CURVE('',#1349,#1357,#1359,.T.);
#1357 = VERTEX_POINT('',#1358);
#1358 = CARTESIAN_POINT('',(265.90135753241,93.858041199099,
    0.200000000003));
#1359 = LINE('',#1360,#1361);
#1360 = CARTESIAN_POINT('',(261.15135753241,93.858041199099,
    0.200000000003));
#1361 = VECTOR('',#1362,1.);
#1362 = DIRECTION('',(-1.,0.,0.));
#1363 = ORIENTED_EDGE('',*,*,#1364,.T.);
#1364 = EDGE_CURVE('',#1357,#1365,#1367,.T.);
#1365 = VERTEX_POINT('',#1366);
#1366 = CARTESIAN_POINT('',(265.90135753241,95.358041199099,
    0.200000000003));
#1367 = LINE('',#1368,#1369);
#1368 = CARTESIAN_POINT('',(265.90135753241,89.8620274446,0.200000000003
    ));
#1369 = VECTOR('',#1370,1.);
#1370 = DIRECTION('',(0.,1.,-3.061616997868E-16));
#1371 = ORIENTED_EDGE('',*,*,#1372,.T.);
#1372 = EDGE_CURVE('',#1365,#1283,#1373,.T.);
#1373 = LINE('',#1374,#1375);
#1374 = CARTESIAN_POINT('',(260.65135753241,95.358041199099,
    0.200000000003));
#1375 = VECTOR('',#1376,1.);
#1376 = DIRECTION('',(-1.,0.,0.));
#1377 = PLANE('',#1378);
#1378 = AXIS2_PLACEMENT_3D('',#1379,#1380,#1381);
#1379 = CARTESIAN_POINT('',(256.40135753241,84.366013690102,
    0.200000000003));
#1380 = DIRECTION('',(0.,-3.061616997868E-16,-1.));
#1381 = DIRECTION('',(0.,1.,-3.061616997868E-16));
#1382 = ADVANCED_FACE('',(#1383),#1531,.T.);
#1383 = FACE_BOUND('',#1384,.T.);
#1384 = EDGE_LOOP('',(#1385,#1395,#1419,#1431,#1440,#1446,#1447,#1455,
    #1464,#1470,#1471,#1472,#1481,#1487,#1488,#1496,#1505,#1515,#1516,
    #1524));
#1385 = ORIENTED_EDGE('',*,*,#1386,.F.);
#1386 = EDGE_CURVE('',#1387,#1389,#1391,.T.);
#1387 = VERTEX_POINT('',#1388);
#1388 = CARTESIAN_POINT('',(265.72635753242,96.038409643916,
    5.23452152383));
#1389 = VERTEX_POINT('',#1390);
#1390 = CARTESIAN_POINT('',(265.72635753241,96.038409643923,
    2.391726506849));
#1391 = LINE('',#1392,#1393);
#1392 = CARTESIAN_POINT('',(265.72635753241,96.038409643923,
    2.737365889516E-12));
#1393 = VECTOR('',#1394,1.);
#1394 = DIRECTION('',(0.,0.,-1.));
#1395 = ORIENTED_EDGE('',*,*,#1396,.T.);
#1396 = EDGE_CURVE('',#1387,#1397,#1399,.T.);
#1397 = VERTEX_POINT('',#1398);
#1398 = CARTESIAN_POINT('',(268.08172597724,93.683041199089,
    5.728817854019));
#1399 = B_SPLINE_CURVE_WITH_KNOTS('',3,(#1400,#1401,#1402,#1403,#1404,
    #1405,#1406,#1407,#1408,#1409,#1410,#1411,#1412,#1413,#1414,#1415,
    #1416,#1417,#1418),.UNSPECIFIED.,.F.,.F.,(4,3,3,3,3,3,4),(
    2.89751320588E-02,0.749046892834,1.074729515931,2.162018729439,
    2.955969831671,3.069430672697,3.66280856061),.UNSPECIFIED.);
#1400 = CARTESIAN_POINT('',(265.72635753241,96.038409643933,
    5.234521523828));
#1401 = CARTESIAN_POINT('',(265.96400127583,96.009595477267,
    5.250107766179));
#1402 = CARTESIAN_POINT('',(266.19589682506,95.94941588498,
    5.270743187148));
#1403 = CARTESIAN_POINT('',(266.41619060675,95.860063236431,
    5.295732691781));
#1404 = CARTESIAN_POINT('',(266.51582769931,95.819649757462,
    5.307035242251));
#1405 = CARTESIAN_POINT('',(266.61309150024,95.773268286734,
    5.319227750032));
#1406 = CARTESIAN_POINT('',(266.70744068583,95.721121137642,
    5.332242543809));
#1407 = CARTESIAN_POINT('',(267.02242480177,95.547028234221,
    5.375692344528));
#1408 = CARTESIAN_POINT('',(267.29862528388,95.312177758833,
    5.427437703123));
#1409 = CARTESIAN_POINT('',(267.52055182849,95.031067061068,
    5.483945110192));
#1410 = CARTESIAN_POINT('',(267.68260514651,94.825796792985,
    5.525207469432));
#1411 = CARTESIAN_POINT('',(267.81373568517,94.59837653133,
    5.568498151783));
#1412 = CARTESIAN_POINT('',(267.91012742945,94.3560760056,5.612310132955
    ));
#1413 = CARTESIAN_POINT('',(267.92390244449,94.321449664818,
    5.618571153585));
#1414 = CARTESIAN_POINT('',(267.93696800791,94.28651944869,
    5.624842906775));
#1415 = CARTESIAN_POINT('',(267.94931297618,94.251306588682,
    5.631121087974));
#1416 = CARTESIAN_POINT('',(268.01387473319,94.06715025386,
    5.663954741321));
#1417 = CARTESIAN_POINT('',(268.05825518174,93.876610968297,
    5.69672176287));
#1418 = CARTESIAN_POINT('',(268.08172597726,93.683041198837,
    5.728817852367));
#1419 = ORIENTED_EDGE('',*,*,#1420,.F.);
#1420 = EDGE_CURVE('',#1421,#1397,#1423,.T.);
#1421 = VERTEX_POINT('',#1422);
#1422 = CARTESIAN_POINT('',(268.08172597723,93.683041199089,
    2.391726506849));
#1423 = B_SPLINE_CURVE_WITH_KNOTS('',3,(#1424,#1425,#1426,#1427,#1428,
    #1429,#1430),.UNSPECIFIED.,.F.,.F.,(4,3,4),(-4.108201553427,
    -3.708201553427,-0.771110206257),.UNSPECIFIED.);
#1424 = CARTESIAN_POINT('',(268.08172597723,93.683041199089,
    2.391726506849));
#1425 = CARTESIAN_POINT('',(268.08172597723,93.683041199089,
    2.525059840182));
#1426 = CARTESIAN_POINT('',(268.08172597723,93.683041199089,
    2.658393173515));
#1427 = CARTESIAN_POINT('',(268.08172597723,93.683041199089,
    2.791726506849));
#1428 = CARTESIAN_POINT('',(268.08172597723,93.683041199089,
    3.770756955905));
#1429 = CARTESIAN_POINT('',(268.08172597724,93.683041199089,
    4.749787404962));
#1430 = CARTESIAN_POINT('',(268.08172597724,93.683041199089,
    5.728817854019));
#1431 = ORIENTED_EDGE('',*,*,#1432,.F.);
#1432 = EDGE_CURVE('',#1433,#1421,#1435,.T.);
#1433 = VERTEX_POINT('',#1434);
#1434 = CARTESIAN_POINT('',(268.08172597723,93.033041199087,
    2.391726506849));
#1435 = CIRCLE('',#1436,2.7);
#1436 = AXIS2_PLACEMENT_3D('',#1437,#1438,#1439);
#1437 = CARTESIAN_POINT('',(265.40135753241,93.358041199099,
    2.391726506849));
#1438 = DIRECTION('',(0.,-0.,1.));
#1439 = DIRECTION('',(0.,1.,0.));
#1440 = ORIENTED_EDGE('',*,*,#1441,.F.);
#1441 = EDGE_CURVE('',#676,#1433,#1442,.T.);
#1442 = LINE('',#1443,#1444);
#1443 = CARTESIAN_POINT('',(268.08172597723,93.033041199087,
    2.737365889516E-12));
#1444 = VECTOR('',#1445,1.);
#1445 = DIRECTION('',(0.,0.,-1.));
#1446 = ORIENTED_EDGE('',*,*,#686,.T.);
#1447 = ORIENTED_EDGE('',*,*,#1448,.F.);
#1448 = EDGE_CURVE('',#1449,#687,#1451,.T.);
#1449 = VERTEX_POINT('',#1450);
#1450 = CARTESIAN_POINT('',(265.72635753241,90.677672754275,
    2.391726506849));
#1451 = LINE('',#1452,#1453);
#1452 = CARTESIAN_POINT('',(265.72635753241,90.677672754275,
    2.737365889516E-12));
#1453 = VECTOR('',#1454,1.);
#1454 = DIRECTION('',(0.,0.,1.));
#1455 = ORIENTED_EDGE('',*,*,#1456,.F.);
#1456 = EDGE_CURVE('',#1457,#1449,#1459,.T.);
#1457 = VERTEX_POINT('',#1458);
#1458 = CARTESIAN_POINT('',(265.40135753241,90.658041199102,
    2.391726506849));
#1459 = CIRCLE('',#1460,2.7);
#1460 = AXIS2_PLACEMENT_3D('',#1461,#1462,#1463);
#1461 = CARTESIAN_POINT('',(265.40135753241,93.358041199099,
    2.391726506849));
#1462 = DIRECTION('',(0.,-0.,1.));
#1463 = DIRECTION('',(0.,1.,0.));
#1464 = ORIENTED_EDGE('',*,*,#1465,.T.);
#1465 = EDGE_CURVE('',#1457,#1272,#1466,.T.);
#1466 = LINE('',#1467,#1468);
#1467 = CARTESIAN_POINT('',(265.40135753241,90.658041199102,
    2.737365889516E-12));
#1468 = VECTOR('',#1469,1.);
#1469 = DIRECTION('',(0.,0.,-1.));
#1470 = ORIENTED_EDGE('',*,*,#1271,.F.);
#1471 = ORIENTED_EDGE('',*,*,#1465,.F.);
#1472 = ORIENTED_EDGE('',*,*,#1473,.F.);
#1473 = EDGE_CURVE('',#1474,#1457,#1476,.T.);
#1474 = VERTEX_POINT('',#1475);
#1475 = CARTESIAN_POINT('',(265.07635753241,90.677672754275,
    2.391726506849));
#1476 = CIRCLE('',#1477,2.7);
#1477 = AXIS2_PLACEMENT_3D('',#1478,#1479,#1480);
#1478 = CARTESIAN_POINT('',(265.40135753241,93.358041199099,
    2.391726506849));
#1479 = DIRECTION('',(0.,-0.,1.));
#1480 = DIRECTION('',(0.,1.,0.));
#1481 = ORIENTED_EDGE('',*,*,#1482,.F.);
#1482 = EDGE_CURVE('',#1028,#1474,#1483,.T.);
#1483 = LINE('',#1484,#1485);
#1484 = CARTESIAN_POINT('',(265.07635753241,90.677672754275,
    2.737365889516E-12));
#1485 = VECTOR('',#1486,1.);
#1486 = DIRECTION('',(0.,0.,-1.));
#1487 = ORIENTED_EDGE('',*,*,#1036,.T.);
#1488 = ORIENTED_EDGE('',*,*,#1489,.F.);
#1489 = EDGE_CURVE('',#1490,#1037,#1492,.T.);
#1490 = VERTEX_POINT('',#1491);
#1491 = CARTESIAN_POINT('',(262.72098908759,93.033041199087,
    2.391726506849));
#1492 = LINE('',#1493,#1494);
#1493 = CARTESIAN_POINT('',(262.72098908759,93.033041199087,
    2.737365889516E-12));
#1494 = VECTOR('',#1495,1.);
#1495 = DIRECTION('',(0.,0.,1.));
#1496 = ORIENTED_EDGE('',*,*,#1497,.F.);
#1497 = EDGE_CURVE('',#1498,#1490,#1500,.T.);
#1498 = VERTEX_POINT('',#1499);
#1499 = CARTESIAN_POINT('',(262.72098908758,93.683041199089,
    2.391726506849));
#1500 = CIRCLE('',#1501,2.7);
#1501 = AXIS2_PLACEMENT_3D('',#1502,#1503,#1504);
#1502 = CARTESIAN_POINT('',(265.40135753241,93.358041199099,
    2.391726506849));
#1503 = DIRECTION('',(0.,-0.,1.));
#1504 = DIRECTION('',(0.,1.,0.));
#1505 = ORIENTED_EDGE('',*,*,#1506,.F.);
#1506 = EDGE_CURVE('',#1123,#1498,#1507,.T.);
#1507 = B_SPLINE_CURVE_WITH_KNOTS('',3,(#1508,#1509,#1510,#1511,#1512,
    #1513,#1514),.UNSPECIFIED.,.F.,.F.,(4,3,4),(-2.695486159684,0.,0.4),
  .UNSPECIFIED.);
#1508 = CARTESIAN_POINT('',(262.72098908758,93.683041199089,
    5.487212666533));
#1509 = CARTESIAN_POINT('',(262.72098908758,93.683041199089,
    4.588717279972));
#1510 = CARTESIAN_POINT('',(262.72098908758,93.683041199089,
    3.69022189341));
#1511 = CARTESIAN_POINT('',(262.72098908758,93.683041199089,
    2.791726506849));
#1512 = CARTESIAN_POINT('',(262.72098908758,93.683041199089,
    2.658393173515));
#1513 = CARTESIAN_POINT('',(262.72098908758,93.683041199089,
    2.525059840182));
#1514 = CARTESIAN_POINT('',(262.72098908758,93.683041199089,
    2.391726506849));
#1515 = ORIENTED_EDGE('',*,*,#1137,.T.);
#1516 = ORIENTED_EDGE('',*,*,#1517,.F.);
#1517 = EDGE_CURVE('',#1518,#1138,#1520,.T.);
#1518 = VERTEX_POINT('',#1519);
#1519 = CARTESIAN_POINT('',(265.07635753241,96.038409643923,
    2.391726506849));
#1520 = LINE('',#1521,#1522);
#1521 = CARTESIAN_POINT('',(265.07635753241,96.038409643923,
    2.737365889516E-12));
#1522 = VECTOR('',#1523,1.);
#1523 = DIRECTION('',(0.,0.,1.));
#1524 = ORIENTED_EDGE('',*,*,#1525,.F.);
#1525 = EDGE_CURVE('',#1389,#1518,#1526,.T.);
#1526 = CIRCLE('',#1527,2.7);
#1527 = AXIS2_PLACEMENT_3D('',#1528,#1529,#1530);
#1528 = CARTESIAN_POINT('',(265.40135753241,93.358041199099,
    2.391726506849));
#1529 = DIRECTION('',(0.,-0.,1.));
#1530 = DIRECTION('',(0.,1.,0.));
#1531 = CYLINDRICAL_SURFACE('',#1532,2.7);
#1532 = AXIS2_PLACEMENT_3D('',#1533,#1534,#1535);
#1533 = CARTESIAN_POINT('',(265.40135753241,93.358041199099,
    2.737365889516E-12));
#1534 = DIRECTION('',(0.,0.,1.));
#1535 = DIRECTION('',(0.,1.,0.));
#1536 = ADVANCED_FACE('',(#1537),#1565,.T.);
#1537 = FACE_BOUND('',#1538,.T.);
#1538 = EDGE_LOOP('',(#1539,#1552,#1558,#1559));
#1539 = ORIENTED_EDGE('',*,*,#1540,.T.);
#1540 = EDGE_CURVE('',#1541,#1543,#1545,.T.);
#1541 = VERTEX_POINT('',#1542);
#1542 = CARTESIAN_POINT('',(265.90135753241,95.358041199099,
    5.350940733592));
#1543 = VERTEX_POINT('',#1544);
#1544 = CARTESIAN_POINT('',(264.90135753241,95.358041199099,
    5.305873584146));
#1545 = B_SPLINE_CURVE_WITH_KNOTS('',3,(#1546,#1547,#1548,#1549,#1550,
    #1551),.UNSPECIFIED.,.F.,.F.,(4,2,4),(1.562767665866,2.044863641054,
    2.563781851254),.UNSPECIFIED.);
#1546 = CARTESIAN_POINT('',(265.90135753241,95.358041199106,
    5.350940733591));
#1547 = CARTESIAN_POINT('',(265.74083532626,95.358041199106,
    5.343403600925));
#1548 = CARTESIAN_POINT('',(265.58030642347,95.358041199106,
    5.336012024484));
#1549 = CARTESIAN_POINT('',(265.24697440381,95.358041199106,
    5.320966569106));
#1550 = CARTESIAN_POINT('',(265.07416968371,95.358041199106,5.3133357496
    ));
#1551 = CARTESIAN_POINT('',(264.90135753241,95.358041199106,
    5.305873584146));
#1552 = ORIENTED_EDGE('',*,*,#1553,.F.);
#1553 = EDGE_CURVE('',#1283,#1543,#1554,.T.);
#1554 = LINE('',#1555,#1556);
#1555 = CARTESIAN_POINT('',(264.90135753241,95.358041199099,
    2.733813175837E-12));
#1556 = VECTOR('',#1557,1.);
#1557 = DIRECTION('',(0.,0.,1.));
#1558 = ORIENTED_EDGE('',*,*,#1372,.F.);
#1559 = ORIENTED_EDGE('',*,*,#1560,.T.);
#1560 = EDGE_CURVE('',#1365,#1541,#1561,.T.);
#1561 = LINE('',#1562,#1563);
#1562 = CARTESIAN_POINT('',(265.90135753241,95.358041199099,
    2.733813175837E-12));
#1563 = VECTOR('',#1564,1.);
#1564 = DIRECTION('',(0.,0.,1.));
#1565 = PLANE('',#1566);
#1566 = AXIS2_PLACEMENT_3D('',#1567,#1568,#1569);
#1567 = CARTESIAN_POINT('',(264.90135753241,95.358041199099,
    2.733813175837E-12));
#1568 = DIRECTION('',(0.,-1.,0.));
#1569 = DIRECTION('',(1.,0.,0.));
#1570 = ADVANCED_FACE('',(#1571),#1590,.T.);
#1571 = FACE_BOUND('',#1572,.T.);
#1572 = EDGE_LOOP('',(#1573,#1582,#1583,#1584));
#1573 = ORIENTED_EDGE('',*,*,#1574,.T.);
#1574 = EDGE_CURVE('',#1575,#1541,#1577,.T.);
#1575 = VERTEX_POINT('',#1576);
#1576 = CARTESIAN_POINT('',(265.90135753241,93.858041199099,
    5.589620403711));
#1577 = B_SPLINE_CURVE_WITH_KNOTS('',3,(#1578,#1579,#1580,#1581),
  .UNSPECIFIED.,.F.,.F.,(4,4),(2.595167452599,4.114038080664),
  .PIECEWISE_BEZIER_KNOTS.);
#1578 = CARTESIAN_POINT('',(265.90135753241,93.858041199092,
    5.58962040371));
#1579 = CARTESIAN_POINT('',(265.90135753241,94.358041199077,
    5.510060513673));
#1580 = CARTESIAN_POINT('',(265.90135753241,94.85804119907,
    5.430500623636));
#1581 = CARTESIAN_POINT('',(265.90135753241,95.358041199062,
    5.350940733599));
#1582 = ORIENTED_EDGE('',*,*,#1560,.F.);
#1583 = ORIENTED_EDGE('',*,*,#1364,.F.);
#1584 = ORIENTED_EDGE('',*,*,#1585,.T.);
#1585 = EDGE_CURVE('',#1357,#1575,#1586,.T.);
#1586 = LINE('',#1587,#1588);
#1587 = CARTESIAN_POINT('',(265.90135753241,93.858041199099,
    2.733813175837E-12));
#1588 = VECTOR('',#1589,1.);
#1589 = DIRECTION('',(0.,0.,1.));
#1590 = PLANE('',#1591);
#1591 = AXIS2_PLACEMENT_3D('',#1592,#1593,#1594);
#1592 = CARTESIAN_POINT('',(265.90135753241,95.358041199099,
    2.733813175837E-12));
#1593 = DIRECTION('',(-1.,0.,0.));
#1594 = DIRECTION('',(0.,-1.,3.061616997868E-16));
#1595 = ADVANCED_FACE('',(#1596),#1615,.T.);
#1596 = FACE_BOUND('',#1597,.T.);
#1597 = EDGE_LOOP('',(#1598,#1607,#1613,#1614));
#1598 = ORIENTED_EDGE('',*,*,#1599,.T.);
#1599 = EDGE_CURVE('',#1543,#1600,#1602,.T.);
#1600 = VERTEX_POINT('',#1601);
#1601 = CARTESIAN_POINT('',(264.90135753241,93.858041199092,
    5.544553254265));
#1602 = B_SPLINE_CURVE_WITH_KNOTS('',3,(#1603,#1604,#1605,#1606),
  .UNSPECIFIED.,.F.,.F.,(4,4),(9.555898333058E-02,1.614429611476),
  .PIECEWISE_BEZIER_KNOTS.);
#1603 = CARTESIAN_POINT('',(264.90135753241,95.358041199106,
    5.305873584145));
#1604 = CARTESIAN_POINT('',(264.90135753241,94.858041199092,
    5.385433474187));
#1605 = CARTESIAN_POINT('',(264.90135753241,94.358041199077,
    5.464993364229));
#1606 = CARTESIAN_POINT('',(264.90135753241,93.858041199062,
    5.54455325427));
#1607 = ORIENTED_EDGE('',*,*,#1608,.F.);
#1608 = EDGE_CURVE('',#1285,#1600,#1609,.T.);
#1609 = LINE('',#1610,#1611);
#1610 = CARTESIAN_POINT('',(264.90135753241,93.858041199099,
    2.733813175837E-12));
#1611 = VECTOR('',#1612,1.);
#1612 = DIRECTION('',(0.,0.,1.));
#1613 = ORIENTED_EDGE('',*,*,#1282,.F.);
#1614 = ORIENTED_EDGE('',*,*,#1553,.T.);
#1615 = PLANE('',#1616);
#1616 = AXIS2_PLACEMENT_3D('',#1617,#1618,#1619);
#1617 = CARTESIAN_POINT('',(264.90135753241,93.858041199099,
    2.733813175837E-12));
#1618 = DIRECTION('',(1.,0.,0.));
#1619 = DIRECTION('',(0.,1.,-3.061616997868E-16));
#1620 = ADVANCED_FACE('',(#1621),#1640,.T.);
#1621 = FACE_BOUND('',#1622,.T.);
#1622 = EDGE_LOOP('',(#1623,#1632,#1633,#1634));
#1623 = ORIENTED_EDGE('',*,*,#1624,.T.);
#1624 = EDGE_CURVE('',#1625,#1575,#1627,.T.);
#1625 = VERTEX_POINT('',#1626);
#1626 = CARTESIAN_POINT('',(267.40135753241,93.858041199106,
    5.664298195622));
#1627 = B_SPLINE_CURVE_WITH_KNOTS('',3,(#1628,#1629,#1630,#1631),
  .UNSPECIFIED.,.F.,.F.,(4,4),(6.091191499704E-02,1.562767665865),
  .PIECEWISE_BEZIER_KNOTS.);
#1628 = CARTESIAN_POINT('',(267.40135753241,93.858041199099,
    5.664298195622));
#1629 = CARTESIAN_POINT('',(266.90143031922,93.858041199099,
    5.63799330795));
#1630 = CARTESIAN_POINT('',(266.40142642085,93.858041199106,
    5.613100554181));
#1631 = CARTESIAN_POINT('',(265.9013575324,93.858041199106,
    5.589620403709));
#1632 = ORIENTED_EDGE('',*,*,#1585,.F.);
#1633 = ORIENTED_EDGE('',*,*,#1356,.F.);
#1634 = ORIENTED_EDGE('',*,*,#1635,.T.);
#1635 = EDGE_CURVE('',#1349,#1625,#1636,.T.);
#1636 = LINE('',#1637,#1638);
#1637 = CARTESIAN_POINT('',(267.40135753241,93.858041199099,
    2.733813175837E-12));
#1638 = VECTOR('',#1639,1.);
#1639 = DIRECTION('',(0.,0.,1.));
#1640 = PLANE('',#1641);
#1641 = AXIS2_PLACEMENT_3D('',#1642,#1643,#1644);
#1642 = CARTESIAN_POINT('',(265.90135753241,93.858041199099,
    2.733813175837E-12));
#1643 = DIRECTION('',(0.,-1.,0.));
#1644 = DIRECTION('',(1.,0.,0.));
#1645 = ADVANCED_FACE('',(#1646),#1665,.T.);
#1646 = FACE_BOUND('',#1647,.T.);
#1647 = EDGE_LOOP('',(#1648,#1657,#1663,#1664));
#1648 = ORIENTED_EDGE('',*,*,#1649,.T.);
#1649 = EDGE_CURVE('',#1600,#1650,#1652,.T.);
#1650 = VERTEX_POINT('',#1651);
#1651 = CARTESIAN_POINT('',(263.40135753241,93.858041199092,
    5.48402473307));
#1652 = B_SPLINE_CURVE_WITH_KNOTS('',3,(#1653,#1654,#1655,#1656),
  .UNSPECIFIED.,.F.,.F.,(4,4),(2.563781851254,4.065000645263),
  .PIECEWISE_BEZIER_KNOTS.);
#1653 = CARTESIAN_POINT('',(264.90135753241,93.858041199106,
    5.544553254264));
#1654 = CARTESIAN_POINT('',(264.4014158378,93.858041199106,
    5.522965376244));
#1655 = CARTESIAN_POINT('',(263.90141194901,93.858041199099,
    5.502789017922));
#1656 = CARTESIAN_POINT('',(263.40135753241,93.858041199099,
    5.48402473307));
#1657 = ORIENTED_EDGE('',*,*,#1658,.F.);
#1658 = EDGE_CURVE('',#1293,#1650,#1659,.T.);
#1659 = LINE('',#1660,#1661);
#1660 = CARTESIAN_POINT('',(263.40135753241,93.858041199099,
    2.733813175837E-12));
#1661 = VECTOR('',#1662,1.);
#1662 = DIRECTION('',(0.,0.,1.));
#1663 = ORIENTED_EDGE('',*,*,#1292,.F.);
#1664 = ORIENTED_EDGE('',*,*,#1608,.T.);
#1665 = PLANE('',#1666);
#1666 = AXIS2_PLACEMENT_3D('',#1667,#1668,#1669);
#1667 = CARTESIAN_POINT('',(263.40135753241,93.858041199099,
    2.733813175837E-12));
#1668 = DIRECTION('',(0.,-1.,0.));
#1669 = DIRECTION('',(1.,0.,0.));
#1670 = ADVANCED_FACE('',(#1671),#1692,.T.);
#1671 = FACE_BOUND('',#1672,.T.);
#1672 = EDGE_LOOP('',(#1673,#1684,#1685,#1686));
#1673 = ORIENTED_EDGE('',*,*,#1674,.T.);
#1674 = EDGE_CURVE('',#1675,#1625,#1677,.T.);
#1675 = VERTEX_POINT('',#1676);
#1676 = CARTESIAN_POINT('',(267.40135753241,92.858041199099,
    5.823417975701));
#1677 = B_SPLINE_CURVE_WITH_KNOTS('',3,(#1678,#1679,#1680,#1681,#1682,
    #1683),.UNSPECIFIED.,.F.,.F.,(4,2,4),(1.570851952257,2.108339522339,
    2.583432371028),.UNSPECIFIED.);
#1678 = CARTESIAN_POINT('',(267.40135753241,92.858041199062,
    5.823417975705));
#1679 = CARTESIAN_POINT('',(267.40135753241,93.034977786068,
    5.795263864893));
#1680 = CARTESIAN_POINT('',(267.40135753241,93.211914373081,
    5.767109754081));
#1681 = CARTESIAN_POINT('',(267.40135753241,93.545247706432,
    5.714069827386));
#1682 = CARTESIAN_POINT('',(267.40135753241,93.701644452762,
    5.689184011504));
#1683 = CARTESIAN_POINT('',(267.40135753241,93.858041199099,
    5.664298195621));
#1684 = ORIENTED_EDGE('',*,*,#1635,.F.);
#1685 = ORIENTED_EDGE('',*,*,#1348,.F.);
#1686 = ORIENTED_EDGE('',*,*,#1687,.T.);
#1687 = EDGE_CURVE('',#1341,#1675,#1688,.T.);
#1688 = LINE('',#1689,#1690);
#1689 = CARTESIAN_POINT('',(267.40135753241,92.858041199099,
    2.734701354257E-12));
#1690 = VECTOR('',#1691,1.);
#1691 = DIRECTION('',(0.,0.,1.));
#1692 = PLANE('',#1693);
#1693 = AXIS2_PLACEMENT_3D('',#1694,#1695,#1696);
#1694 = CARTESIAN_POINT('',(267.40135753241,93.858041199099,
    2.733813175837E-12));
#1695 = DIRECTION('',(-1.,0.,0.));
#1696 = DIRECTION('',(0.,-1.,3.061616997868E-16));
#1697 = ADVANCED_FACE('',(#1698),#1719,.T.);
#1698 = FACE_BOUND('',#1699,.T.);
#1699 = EDGE_LOOP('',(#1700,#1711,#1717,#1718));
#1700 = ORIENTED_EDGE('',*,*,#1701,.T.);
#1701 = EDGE_CURVE('',#1650,#1702,#1704,.T.);
#1702 = VERTEX_POINT('',#1703);
#1703 = CARTESIAN_POINT('',(263.40135753241,92.858041199092,
    5.643144513149));
#1704 = B_SPLINE_CURVE_WITH_KNOTS('',3,(#1705,#1706,#1707,#1708,#1709,
    #1710),.UNSPECIFIED.,.F.,.F.,(4,2,4),(1.604917986661,2.108339522339,
    2.617498405425),.UNSPECIFIED.);
#1705 = CARTESIAN_POINT('',(263.40135753241,93.858041199128,
    5.484024733066));
#1706 = CARTESIAN_POINT('',(263.40135753241,93.692318876776,
    5.510394432552));
#1707 = CARTESIAN_POINT('',(263.40135753241,93.526596554424,
    5.536764132038));
#1708 = CARTESIAN_POINT('',(263.40135753241,93.193263221081,
    5.589804058733));
#1709 = CARTESIAN_POINT('',(263.40135753241,93.02565221009,
    5.616474285941));
#1710 = CARTESIAN_POINT('',(263.40135753241,92.858041199099,
    5.643144513148));
#1711 = ORIENTED_EDGE('',*,*,#1712,.F.);
#1712 = EDGE_CURVE('',#1301,#1702,#1713,.T.);
#1713 = LINE('',#1714,#1715);
#1714 = CARTESIAN_POINT('',(263.40135753241,92.858041199099,
    2.734701354257E-12));
#1715 = VECTOR('',#1716,1.);
#1716 = DIRECTION('',(0.,0.,1.));
#1717 = ORIENTED_EDGE('',*,*,#1300,.F.);
#1718 = ORIENTED_EDGE('',*,*,#1658,.T.);
#1719 = PLANE('',#1720);
#1720 = AXIS2_PLACEMENT_3D('',#1721,#1722,#1723);
#1721 = CARTESIAN_POINT('',(263.40135753241,92.858041199099,
    2.734701354257E-12));
#1722 = DIRECTION('',(1.,0.,0.));
#1723 = DIRECTION('',(0.,1.,-3.061616997868E-16));
#1724 = ADVANCED_FACE('',(#1725),#1744,.T.);
#1725 = FACE_BOUND('',#1726,.T.);
#1726 = EDGE_LOOP('',(#1727,#1736,#1737,#1738));
#1727 = ORIENTED_EDGE('',*,*,#1728,.T.);
#1728 = EDGE_CURVE('',#1729,#1675,#1731,.T.);
#1729 = VERTEX_POINT('',#1730);
#1730 = CARTESIAN_POINT('',(265.90135753241,92.858041199099,
    5.748740183788));
#1731 = B_SPLINE_CURVE_WITH_KNOTS('',3,(#1732,#1733,#1734,#1735),
  .UNSPECIFIED.,.F.,.F.,(4,4),(2.527493274943,4.029349038429),
  .PIECEWISE_BEZIER_KNOTS.);
#1732 = CARTESIAN_POINT('',(265.90135753241,92.858041199092,
    5.748740183789));
#1733 = CARTESIAN_POINT('',(266.40142642099,92.858041199092,
    5.772220334267));
#1734 = CARTESIAN_POINT('',(266.90143031941,92.858041199099,
    5.797113088039));
#1735 = CARTESIAN_POINT('',(267.40135753241,92.858041199099,5.8234179757
    ));
#1736 = ORIENTED_EDGE('',*,*,#1687,.F.);
#1737 = ORIENTED_EDGE('',*,*,#1340,.F.);
#1738 = ORIENTED_EDGE('',*,*,#1739,.T.);
#1739 = EDGE_CURVE('',#1333,#1729,#1740,.T.);
#1740 = LINE('',#1741,#1742);
#1741 = CARTESIAN_POINT('',(265.90135753241,92.858041199099,
    2.734701354257E-12));
#1742 = VECTOR('',#1743,1.);
#1743 = DIRECTION('',(0.,0.,1.));
#1744 = PLANE('',#1745);
#1745 = AXIS2_PLACEMENT_3D('',#1746,#1747,#1748);
#1746 = CARTESIAN_POINT('',(264.90135753241,92.858041199099,
    2.734701354257E-12));
#1747 = DIRECTION('',(0.,1.,0.));
#1748 = DIRECTION('',(-1.,0.,0.));
#1749 = ADVANCED_FACE('',(#1750),#1769,.T.);
#1750 = FACE_BOUND('',#1751,.T.);
#1751 = EDGE_LOOP('',(#1752,#1761,#1767,#1768));
#1752 = ORIENTED_EDGE('',*,*,#1753,.T.);
#1753 = EDGE_CURVE('',#1702,#1754,#1756,.T.);
#1754 = VERTEX_POINT('',#1755);
#1755 = CARTESIAN_POINT('',(264.90135753241,92.858041199092,
    5.703673034343));
#1756 = B_SPLINE_CURVE_WITH_KNOTS('',3,(#1757,#1758,#1759,#1760),
  .UNSPECIFIED.,.F.,.F.,(4,4),(2.526027210766E-02,1.526479080237),
  .PIECEWISE_BEZIER_KNOTS.);
#1757 = CARTESIAN_POINT('',(263.40135753241,92.858041199099,
    5.643144513148));
#1758 = CARTESIAN_POINT('',(263.90141194931,92.858041199099,
    5.661908798012));
#1759 = CARTESIAN_POINT('',(264.40141583816,92.858041199092,
    5.682085156339));
#1760 = CARTESIAN_POINT('',(264.90135753242,92.858041199092,
    5.703673034344));
#1761 = ORIENTED_EDGE('',*,*,#1762,.F.);
#1762 = EDGE_CURVE('',#1309,#1754,#1763,.T.);
#1763 = LINE('',#1764,#1765);
#1764 = CARTESIAN_POINT('',(264.90135753241,92.858041199099,
    2.734701354257E-12));
#1765 = VECTOR('',#1766,1.);
#1766 = DIRECTION('',(0.,0.,1.));
#1767 = ORIENTED_EDGE('',*,*,#1308,.F.);
#1768 = ORIENTED_EDGE('',*,*,#1712,.T.);
#1769 = PLANE('',#1770);
#1770 = AXIS2_PLACEMENT_3D('',#1771,#1772,#1773);
#1771 = CARTESIAN_POINT('',(264.90135753241,92.858041199099,
    2.734701354257E-12));
#1772 = DIRECTION('',(0.,1.,0.));
#1773 = DIRECTION('',(-1.,0.,0.));
#1774 = ADVANCED_FACE('',(#1775),#1794,.T.);
#1775 = FACE_BOUND('',#1776,.T.);
#1776 = EDGE_LOOP('',(#1777,#1786,#1787,#1788));
#1777 = ORIENTED_EDGE('',*,*,#1778,.T.);
#1778 = EDGE_CURVE('',#1779,#1729,#1781,.T.);
#1779 = VERTEX_POINT('',#1780);
#1780 = CARTESIAN_POINT('',(265.90135753241,91.358041199099,
    5.987419853907));
#1781 = B_SPLINE_CURVE_WITH_KNOTS('',3,(#1782,#1783,#1784,#1785),
  .UNSPECIFIED.,.F.,.F.,(4,4),(6.371640575727E-02,1.582587033895),
  .PIECEWISE_BEZIER_KNOTS.);
#1782 = CARTESIAN_POINT('',(265.90135753241,91.358041199099,
    5.987419853908));
#1783 = CARTESIAN_POINT('',(265.90135753241,91.858041199106,
    5.907859963867));
#1784 = CARTESIAN_POINT('',(265.90135753241,92.358041199113,
    5.828300073825));
#1785 = CARTESIAN_POINT('',(265.90135753241,92.858041199128,
    5.748740183784));
#1786 = ORIENTED_EDGE('',*,*,#1739,.F.);
#1787 = ORIENTED_EDGE('',*,*,#1332,.F.);
#1788 = ORIENTED_EDGE('',*,*,#1789,.T.);
#1789 = EDGE_CURVE('',#1325,#1779,#1790,.T.);
#1790 = LINE('',#1791,#1792);
#1791 = CARTESIAN_POINT('',(265.90135753241,91.358041199099,
    2.734701354257E-12));
#1792 = VECTOR('',#1793,1.);
#1793 = DIRECTION('',(0.,0.,1.));
#1794 = PLANE('',#1795);
#1795 = AXIS2_PLACEMENT_3D('',#1796,#1797,#1798);
#1796 = CARTESIAN_POINT('',(265.90135753241,92.858041199099,
    2.734701354257E-12));
#1797 = DIRECTION('',(-1.,0.,0.));
#1798 = DIRECTION('',(0.,-1.,3.061616997868E-16));
#1799 = ADVANCED_FACE('',(#1800),#1821,.T.);
#1800 = FACE_BOUND('',#1801,.T.);
#1801 = EDGE_LOOP('',(#1802,#1813,#1814,#1815));
#1802 = ORIENTED_EDGE('',*,*,#1803,.T.);
#1803 = EDGE_CURVE('',#1804,#1779,#1806,.T.);
#1804 = VERTEX_POINT('',#1805);
#1805 = CARTESIAN_POINT('',(264.90135753241,91.358041199099,
    5.942352704461));
#1806 = B_SPLINE_CURVE_WITH_KNOTS('',3,(#1807,#1808,#1809,#1810,#1811,
    #1812),.UNSPECIFIED.,.F.,.F.,(4,2,4),(1.526479080237,2.04520059352,
    2.527493274944),.UNSPECIFIED.);
#1807 = CARTESIAN_POINT('',(264.90135753242,91.358041199092,
    5.942352704462));
#1808 = CARTESIAN_POINT('',(265.0741041772,91.358041199092,
    5.949812041293));
#1809 = CARTESIAN_POINT('',(265.24684339637,91.358041199092,
    5.957439904338));
#1810 = CARTESIAN_POINT('',(265.58017542712,91.358041199092,
    5.972485113079));
#1811 = CARTESIAN_POINT('',(265.74076983083,91.358041199092,
    5.979879645979));
#1812 = CARTESIAN_POINT('',(265.90135753241,91.358041199092,
    5.987419853907));
#1813 = ORIENTED_EDGE('',*,*,#1789,.F.);
#1814 = ORIENTED_EDGE('',*,*,#1324,.F.);
#1815 = ORIENTED_EDGE('',*,*,#1816,.T.);
#1816 = EDGE_CURVE('',#1317,#1804,#1817,.T.);
#1817 = LINE('',#1818,#1819);
#1818 = CARTESIAN_POINT('',(264.90135753241,91.358041199099,
    2.734701354257E-12));
#1819 = VECTOR('',#1820,1.);
#1820 = DIRECTION('',(0.,0.,1.));
#1821 = PLANE('',#1822);
#1822 = AXIS2_PLACEMENT_3D('',#1823,#1824,#1825);
#1823 = CARTESIAN_POINT('',(265.90135753241,91.358041199099,
    2.735589532676E-12));
#1824 = DIRECTION('',(0.,1.,0.));
#1825 = DIRECTION('',(-1.,0.,0.));
#1826 = ADVANCED_FACE('',(#1827),#1839,.T.);
#1827 = FACE_BOUND('',#1828,.T.);
#1828 = EDGE_LOOP('',(#1829,#1836,#1837,#1838));
#1829 = ORIENTED_EDGE('',*,*,#1830,.T.);
#1830 = EDGE_CURVE('',#1754,#1804,#1831,.T.);
#1831 = B_SPLINE_CURVE_WITH_KNOTS('',3,(#1832,#1833,#1834,#1835),
  .UNSPECIFIED.,.F.,.F.,(4,4),(2.627010030179,4.145880658236),
  .PIECEWISE_BEZIER_KNOTS.);
#1832 = CARTESIAN_POINT('',(264.90135753241,92.858041199092,
    5.703673034344));
#1833 = CARTESIAN_POINT('',(264.90135753241,92.358041199106,
    5.783232924381));
#1834 = CARTESIAN_POINT('',(264.90135753241,91.858041199128,
    5.862792814417));
#1835 = CARTESIAN_POINT('',(264.90135753241,91.358041199143,
    5.942352704454));
#1836 = ORIENTED_EDGE('',*,*,#1816,.F.);
#1837 = ORIENTED_EDGE('',*,*,#1316,.F.);
#1838 = ORIENTED_EDGE('',*,*,#1762,.T.);
#1839 = PLANE('',#1840);
#1840 = AXIS2_PLACEMENT_3D('',#1841,#1842,#1843);
#1841 = CARTESIAN_POINT('',(264.90135753241,93.858041199099,
    2.733813175837E-12));
#1842 = DIRECTION('',(1.,0.,0.));
#1843 = DIRECTION('',(0.,1.,-3.061616997868E-16));
#1844 = ADVANCED_FACE('',(#1845),#1859,.F.);
#1845 = FACE_BOUND('',#1846,.F.);
#1846 = EDGE_LOOP('',(#1847,#1848,#1849,#1850,#1851,#1852,#1853,#1854,
    #1855,#1856,#1857,#1858));
#1847 = ORIENTED_EDGE('',*,*,#1599,.T.);
#1848 = ORIENTED_EDGE('',*,*,#1649,.T.);
#1849 = ORIENTED_EDGE('',*,*,#1701,.T.);
#1850 = ORIENTED_EDGE('',*,*,#1753,.T.);
#1851 = ORIENTED_EDGE('',*,*,#1830,.T.);
#1852 = ORIENTED_EDGE('',*,*,#1803,.T.);
#1853 = ORIENTED_EDGE('',*,*,#1778,.T.);
#1854 = ORIENTED_EDGE('',*,*,#1728,.T.);
#1855 = ORIENTED_EDGE('',*,*,#1674,.T.);
#1856 = ORIENTED_EDGE('',*,*,#1624,.T.);
#1857 = ORIENTED_EDGE('',*,*,#1574,.T.);
#1858 = ORIENTED_EDGE('',*,*,#1540,.T.);
#1859 = B_SPLINE_SURFACE_WITH_KNOTS('',3,3,(
    (#1860,#1861,#1862,#1863)
    ,(#1864,#1865,#1866,#1867)
    ,(#1868,#1869,#1870,#1871)
    ,(#1872,#1873,#1874,#1875
    )),.UNSPECIFIED.,.F.,.F.,.F.,(4,4),(4,4),(5.349598257622E-02,
    6.866414019367E-02),(0.126012970516,0.140906768943),
  .PIECEWISE_BEZIER_KNOTS.);
#1860 = CARTESIAN_POINT('',(263.40135753241,95.348647747902,
    5.24683974684));
#1861 = CARTESIAN_POINT('',(264.73528991645,95.356415827839,
    5.295658818463));
#1862 = CARTESIAN_POINT('',(266.06869669829,95.365742332921,
    5.354271927898));
#1863 = CARTESIAN_POINT('',(267.40135753241,95.376624475917,
    5.422661558584));
#1864 = CARTESIAN_POINT('',(263.40135753241,94.012983083478,
    5.459370414502));
#1865 = CARTESIAN_POINT('',(264.73528991645,94.020751163414,
    5.508189486126));
#1866 = CARTESIAN_POINT('',(266.06869669829,94.030077668496,
    5.56680259556));
#1867 = CARTESIAN_POINT('',(267.40135753241,94.040959811493,
    5.635192226246));
#1868 = CARTESIAN_POINT('',(263.40135753241,92.677318419046,
    5.671901082165));
#1869 = CARTESIAN_POINT('',(264.73528991645,92.685086498983,
    5.720720153788));
#1870 = CARTESIAN_POINT('',(266.06869669829,92.694413004065,
    5.779333263223));
#1871 = CARTESIAN_POINT('',(267.40135753241,92.705295147061,
    5.847722893909));
#1872 = CARTESIAN_POINT('',(263.40135753241,91.341653754622,
    5.884431749827));
#1873 = CARTESIAN_POINT('',(264.73528991645,91.349421834559,
    5.933250821451));
#1874 = CARTESIAN_POINT('',(266.06869669829,91.35874833964,
    5.991863930885));
#1875 = CARTESIAN_POINT('',(267.40135753241,91.369630482637,
    6.060253561571));
#1876 = ADVANCED_FACE('',(#1877,#1888),#1986,.T.);
#1877 = FACE_BOUND('',#1878,.T.);
#1878 = EDGE_LOOP('',(#1879));
#1879 = ORIENTED_EDGE('',*,*,#1880,.T.);
#1880 = EDGE_CURVE('',#1881,#1881,#1883,.T.);
#1881 = VERTEX_POINT('',#1882);
#1882 = CARTESIAN_POINT('',(253.45135753241,90.658041199102,
    0.200000000003));
#1883 = CIRCLE('',#1884,2.7);
#1884 = AXIS2_PLACEMENT_3D('',#1885,#1886,#1887);
#1885 = CARTESIAN_POINT('',(253.45135753241,93.358041199099,
    0.200000000003));
#1886 = DIRECTION('',(0.,-3.061616997868E-16,-1.));
#1887 = DIRECTION('',(0.,1.,-3.061616997868E-16));
#1888 = FACE_BOUND('',#1889,.T.);
#1889 = EDGE_LOOP('',(#1890,#1900,#1908,#1916,#1924,#1932,#1940,#1948,
    #1956,#1964,#1972,#1980));
#1890 = ORIENTED_EDGE('',*,*,#1891,.T.);
#1891 = EDGE_CURVE('',#1892,#1894,#1896,.T.);
#1892 = VERTEX_POINT('',#1893);
#1893 = CARTESIAN_POINT('',(252.95135753241,95.358041199099,
    0.200000000003));
#1894 = VERTEX_POINT('',#1895);
#1895 = CARTESIAN_POINT('',(252.95135753241,93.858041199099,
    0.200000000003));
#1896 = LINE('',#1897,#1898);
#1897 = CARTESIAN_POINT('',(252.95135753241,89.1120274446,0.200000000003
    ));
#1898 = VECTOR('',#1899,1.);
#1899 = DIRECTION('',(0.,-1.,3.061616997868E-16));
#1900 = ORIENTED_EDGE('',*,*,#1901,.T.);
#1901 = EDGE_CURVE('',#1894,#1902,#1904,.T.);
#1902 = VERTEX_POINT('',#1903);
#1903 = CARTESIAN_POINT('',(251.45135753241,93.858041199099,
    0.200000000003));
#1904 = LINE('',#1905,#1906);
#1905 = CARTESIAN_POINT('',(247.95135753241,93.858041199099,
    0.200000000003));
#1906 = VECTOR('',#1907,1.);
#1907 = DIRECTION('',(-1.,0.,0.));
#1908 = ORIENTED_EDGE('',*,*,#1909,.T.);
#1909 = EDGE_CURVE('',#1902,#1910,#1912,.T.);
#1910 = VERTEX_POINT('',#1911);
#1911 = CARTESIAN_POINT('',(251.45135753241,92.858041199099,
    0.200000000003));
#1912 = LINE('',#1913,#1914);
#1913 = CARTESIAN_POINT('',(251.45135753241,88.6120274446,0.200000000003
    ));
#1914 = VECTOR('',#1915,1.);
#1915 = DIRECTION('',(0.,-1.,3.061616997868E-16));
#1916 = ORIENTED_EDGE('',*,*,#1917,.T.);
#1917 = EDGE_CURVE('',#1910,#1918,#1920,.T.);
#1918 = VERTEX_POINT('',#1919);
#1919 = CARTESIAN_POINT('',(252.95135753241,92.858041199099,
    0.200000000003));
#1920 = LINE('',#1921,#1922);
#1921 = CARTESIAN_POINT('',(248.70135753241,92.858041199099,
    0.200000000003));
#1922 = VECTOR('',#1923,1.);
#1923 = DIRECTION('',(1.,0.,0.));
#1924 = ORIENTED_EDGE('',*,*,#1925,.T.);
#1925 = EDGE_CURVE('',#1918,#1926,#1928,.T.);
#1926 = VERTEX_POINT('',#1927);
#1927 = CARTESIAN_POINT('',(252.95135753241,91.358041199099,
    0.200000000003));
#1928 = LINE('',#1929,#1930);
#1929 = CARTESIAN_POINT('',(252.95135753241,89.1120274446,0.200000000003
    ));
#1930 = VECTOR('',#1931,1.);
#1931 = DIRECTION('',(0.,-1.,3.061616997868E-16));
#1932 = ORIENTED_EDGE('',*,*,#1933,.T.);
#1933 = EDGE_CURVE('',#1926,#1934,#1936,.T.);
#1934 = VERTEX_POINT('',#1935);
#1935 = CARTESIAN_POINT('',(253.95135753241,91.358041199099,
    0.200000000003));
#1936 = LINE('',#1937,#1938);
#1937 = CARTESIAN_POINT('',(249.20135753241,91.358041199099,
    0.200000000003));
#1938 = VECTOR('',#1939,1.);
#1939 = DIRECTION('',(1.,0.,0.));
#1940 = ORIENTED_EDGE('',*,*,#1941,.T.);
#1941 = EDGE_CURVE('',#1934,#1942,#1944,.T.);
#1942 = VERTEX_POINT('',#1943);
#1943 = CARTESIAN_POINT('',(253.95135753241,92.858041199099,
    0.200000000003));
#1944 = LINE('',#1945,#1946);
#1945 = CARTESIAN_POINT('',(253.95135753241,88.6120274446,0.200000000003
    ));
#1946 = VECTOR('',#1947,1.);
#1947 = DIRECTION('',(0.,1.,-3.061616997868E-16));
#1948 = ORIENTED_EDGE('',*,*,#1949,.T.);
#1949 = EDGE_CURVE('',#1942,#1950,#1952,.T.);
#1950 = VERTEX_POINT('',#1951);
#1951 = CARTESIAN_POINT('',(255.45135753241,92.858041199099,
    0.200000000003));
#1952 = LINE('',#1953,#1954);
#1953 = CARTESIAN_POINT('',(248.70135753241,92.858041199099,
    0.200000000003));
#1954 = VECTOR('',#1955,1.);
#1955 = DIRECTION('',(1.,0.,0.));
#1956 = ORIENTED_EDGE('',*,*,#1957,.T.);
#1957 = EDGE_CURVE('',#1950,#1958,#1960,.T.);
#1958 = VERTEX_POINT('',#1959);
#1959 = CARTESIAN_POINT('',(255.45135753241,93.858041199099,
    0.200000000003));
#1960 = LINE('',#1961,#1962);
#1961 = CARTESIAN_POINT('',(255.45135753241,89.1120274446,0.200000000003
    ));
#1962 = VECTOR('',#1963,1.);
#1963 = DIRECTION('',(0.,1.,-3.061616997868E-16));
#1964 = ORIENTED_EDGE('',*,*,#1965,.T.);
#1965 = EDGE_CURVE('',#1958,#1966,#1968,.T.);
#1966 = VERTEX_POINT('',#1967);
#1967 = CARTESIAN_POINT('',(253.95135753241,93.858041199099,
    0.200000000003));
#1968 = LINE('',#1969,#1970);
#1969 = CARTESIAN_POINT('',(249.20135753241,93.858041199099,
    0.200000000003));
#1970 = VECTOR('',#1971,1.);
#1971 = DIRECTION('',(-1.,0.,0.));
#1972 = ORIENTED_EDGE('',*,*,#1973,.T.);
#1973 = EDGE_CURVE('',#1966,#1974,#1976,.T.);
#1974 = VERTEX_POINT('',#1975);
#1975 = CARTESIAN_POINT('',(253.95135753241,95.358041199099,
    0.200000000003));
#1976 = LINE('',#1977,#1978);
#1977 = CARTESIAN_POINT('',(253.95135753241,89.8620274446,0.200000000003
    ));
#1978 = VECTOR('',#1979,1.);
#1979 = DIRECTION('',(0.,1.,-3.061616997868E-16));
#1980 = ORIENTED_EDGE('',*,*,#1981,.T.);
#1981 = EDGE_CURVE('',#1974,#1892,#1982,.T.);
#1982 = LINE('',#1983,#1984);
#1983 = CARTESIAN_POINT('',(248.70135753241,95.358041199099,
    0.200000000003));
#1984 = VECTOR('',#1985,1.);
#1985 = DIRECTION('',(-1.,0.,0.));
#1986 = PLANE('',#1987);
#1987 = AXIS2_PLACEMENT_3D('',#1988,#1989,#1990);
#1988 = CARTESIAN_POINT('',(244.45135753241,84.366013690102,
    0.200000000003));
#1989 = DIRECTION('',(0.,-3.061616997868E-16,-1.));
#1990 = DIRECTION('',(0.,1.,-3.061616997868E-16));
#1991 = ADVANCED_FACE('',(#1992),#2123,.T.);
#1992 = FACE_BOUND('',#1993,.T.);
#1993 = EDGE_LOOP('',(#1994,#2002,#2003,#2011,#2020,#2026,#2027,#2028,
    #2037,#2047,#2048,#2056,#2065,#2075,#2076,#2088,#2097,#2103,#2104,
    #2116));
#1994 = ORIENTED_EDGE('',*,*,#1995,.F.);
#1995 = EDGE_CURVE('',#988,#1996,#1998,.T.);
#1996 = VERTEX_POINT('',#1997);
#1997 = CARTESIAN_POINT('',(256.13172597723,93.033041199087,
    2.391726506849));
#1998 = LINE('',#1999,#2000);
#1999 = CARTESIAN_POINT('',(256.13172597723,93.033041199087,
    2.737365889516E-12));
#2000 = VECTOR('',#2001,1.);
#2001 = DIRECTION('',(0.,0.,-1.));
#2002 = ORIENTED_EDGE('',*,*,#987,.T.);
#2003 = ORIENTED_EDGE('',*,*,#2004,.F.);
#2004 = EDGE_CURVE('',#2005,#990,#2007,.T.);
#2005 = VERTEX_POINT('',#2006);
#2006 = CARTESIAN_POINT('',(253.77635753241,90.677672754275,
    2.391726506849));
#2007 = LINE('',#2008,#2009);
#2008 = CARTESIAN_POINT('',(253.77635753241,90.677672754275,
    2.737365889516E-12));
#2009 = VECTOR('',#2010,1.);
#2010 = DIRECTION('',(0.,0.,1.));
#2011 = ORIENTED_EDGE('',*,*,#2012,.F.);
#2012 = EDGE_CURVE('',#2013,#2005,#2015,.T.);
#2013 = VERTEX_POINT('',#2014);
#2014 = CARTESIAN_POINT('',(253.45135753241,90.658041199102,
    2.391726506849));
#2015 = CIRCLE('',#2016,2.7);
#2016 = AXIS2_PLACEMENT_3D('',#2017,#2018,#2019);
#2017 = CARTESIAN_POINT('',(253.45135753241,93.358041199099,
    2.391726506849));
#2018 = DIRECTION('',(0.,-0.,1.));
#2019 = DIRECTION('',(0.,1.,0.));
#2020 = ORIENTED_EDGE('',*,*,#2021,.T.);
#2021 = EDGE_CURVE('',#2013,#1881,#2022,.T.);
#2022 = LINE('',#2023,#2024);
#2023 = CARTESIAN_POINT('',(253.45135753241,90.658041199102,
    2.737365889516E-12));
#2024 = VECTOR('',#2025,1.);
#2025 = DIRECTION('',(0.,0.,-1.));
#2026 = ORIENTED_EDGE('',*,*,#1880,.F.);
#2027 = ORIENTED_EDGE('',*,*,#2021,.F.);
#2028 = ORIENTED_EDGE('',*,*,#2029,.F.);
#2029 = EDGE_CURVE('',#2030,#2013,#2032,.T.);
#2030 = VERTEX_POINT('',#2031);
#2031 = CARTESIAN_POINT('',(253.1263575324,90.677672754275,
    2.391726506849));
#2032 = CIRCLE('',#2033,2.7);
#2033 = AXIS2_PLACEMENT_3D('',#2034,#2035,#2036);
#2034 = CARTESIAN_POINT('',(253.45135753241,93.358041199099,
    2.391726506849));
#2035 = DIRECTION('',(0.,-0.,1.));
#2036 = DIRECTION('',(0.,1.,0.));
#2037 = ORIENTED_EDGE('',*,*,#2038,.F.);
#2038 = EDGE_CURVE('',#739,#2030,#2039,.T.);
#2039 = B_SPLINE_CURVE_WITH_KNOTS('',3,(#2040,#2041,#2042,#2043,#2044,
    #2045,#2046),.UNSPECIFIED.,.F.,.F.,(4,3,4),(-3.011698110598,0.,0.4),
  .UNSPECIFIED.);
#2040 = CARTESIAN_POINT('',(253.12635753241,90.677672754275,
    5.803424617446));
#2041 = CARTESIAN_POINT('',(253.12635753241,90.677672754275,
    4.799525247247));
#2042 = CARTESIAN_POINT('',(253.1263575324,90.677672754275,
    3.795625877048));
#2043 = CARTESIAN_POINT('',(253.12635753241,90.677672754275,
    2.791726506849));
#2044 = CARTESIAN_POINT('',(253.12635753241,90.677672754275,
    2.658393173515));
#2045 = CARTESIAN_POINT('',(253.12635753241,90.677672754275,
    2.525059840182));
#2046 = CARTESIAN_POINT('',(253.12635753241,90.677672754275,
    2.391726506849));
#2047 = ORIENTED_EDGE('',*,*,#747,.T.);
#2048 = ORIENTED_EDGE('',*,*,#2049,.F.);
#2049 = EDGE_CURVE('',#2050,#748,#2052,.T.);
#2050 = VERTEX_POINT('',#2051);
#2051 = CARTESIAN_POINT('',(250.77098908759,93.033041199087,
    2.391726506849));
#2052 = LINE('',#2053,#2054);
#2053 = CARTESIAN_POINT('',(250.77098908759,93.033041199087,
    2.737365889516E-12));
#2054 = VECTOR('',#2055,1.);
#2055 = DIRECTION('',(0.,0.,1.));
#2056 = ORIENTED_EDGE('',*,*,#2057,.F.);
#2057 = EDGE_CURVE('',#2058,#2050,#2060,.T.);
#2058 = VERTEX_POINT('',#2059);
#2059 = CARTESIAN_POINT('',(250.77098908758,93.683041199096,
    2.391726506849));
#2060 = CIRCLE('',#2061,2.7);
#2061 = AXIS2_PLACEMENT_3D('',#2062,#2063,#2064);
#2062 = CARTESIAN_POINT('',(253.45135753241,93.358041199099,
    2.391726506849));
#2063 = DIRECTION('',(0.,-0.,1.));
#2064 = DIRECTION('',(0.,1.,0.));
#2065 = ORIENTED_EDGE('',*,*,#2066,.F.);
#2066 = EDGE_CURVE('',#912,#2058,#2067,.T.);
#2067 = B_SPLINE_CURVE_WITH_KNOTS('',3,(#2068,#2069,#2070,#2071,#2072,
    #2073,#2074),.UNSPECIFIED.,.F.,.F.,(4,3,4),(-2.546772693902,0.,0.4),
  .UNSPECIFIED.);
#2068 = CARTESIAN_POINT('',(250.77098908758,93.683041199096,
    5.338499200751));
#2069 = CARTESIAN_POINT('',(250.77098908758,93.683041199096,
    4.48957496945));
#2070 = CARTESIAN_POINT('',(250.77098908758,93.683041199089,
    3.640650738149));
#2071 = CARTESIAN_POINT('',(250.77098908758,93.683041199096,
    2.791726506849));
#2072 = CARTESIAN_POINT('',(250.77098908758,93.683041199096,
    2.658393173515));
#2073 = CARTESIAN_POINT('',(250.77098908758,93.683041199096,
    2.525059840182));
#2074 = CARTESIAN_POINT('',(250.77098908758,93.683041199096,
    2.391726506849));
#2075 = ORIENTED_EDGE('',*,*,#923,.T.);
#2076 = ORIENTED_EDGE('',*,*,#2077,.F.);
#2077 = EDGE_CURVE('',#2078,#924,#2080,.T.);
#2078 = VERTEX_POINT('',#2079);
#2079 = CARTESIAN_POINT('',(253.12635753241,96.038409643923,
    2.391726506849));
#2080 = B_SPLINE_CURVE_WITH_KNOTS('',3,(#2081,#2082,#2083,#2084,#2085,
    #2086,#2087),.UNSPECIFIED.,.F.,.F.,(4,3,4),(-3.819970652854,
    -3.419970652854,-1.261271817196),.UNSPECIFIED.);
#2081 = CARTESIAN_POINT('',(253.12635753241,96.038409643923,
    2.391726506849));
#2082 = CARTESIAN_POINT('',(253.12635753241,96.038409643923,
    2.525059840182));
#2083 = CARTESIAN_POINT('',(253.12635753241,96.038409643923,
    2.658393173515));
#2084 = CARTESIAN_POINT('',(253.12635753241,96.038409643923,
    2.791726506849));
#2085 = CARTESIAN_POINT('',(253.12635753241,96.038409643923,
    3.511292785401));
#2086 = CARTESIAN_POINT('',(253.12635753241,96.038409643923,
    4.230859063953));
#2087 = CARTESIAN_POINT('',(253.12635753241,96.038409643923,
    4.950425342506));
#2088 = ORIENTED_EDGE('',*,*,#2089,.F.);
#2089 = EDGE_CURVE('',#2090,#2078,#2092,.T.);
#2090 = VERTEX_POINT('',#2091);
#2091 = CARTESIAN_POINT('',(253.77635753241,96.038409643923,
    2.391726506849));
#2092 = CIRCLE('',#2093,2.7);
#2093 = AXIS2_PLACEMENT_3D('',#2094,#2095,#2096);
#2094 = CARTESIAN_POINT('',(253.45135753241,93.358041199099,
    2.391726506849));
#2095 = DIRECTION('',(0.,-0.,1.));
#2096 = DIRECTION('',(0.,1.,0.));
#2097 = ORIENTED_EDGE('',*,*,#2098,.F.);
#2098 = EDGE_CURVE('',#1088,#2090,#2099,.T.);
#2099 = LINE('',#2100,#2101);
#2100 = CARTESIAN_POINT('',(253.77635753241,96.038409643923,
    2.737365889516E-12));
#2101 = VECTOR('',#2102,1.);
#2102 = DIRECTION('',(0.,0.,-1.));
#2103 = ORIENTED_EDGE('',*,*,#1098,.T.);
#2104 = ORIENTED_EDGE('',*,*,#2105,.F.);
#2105 = EDGE_CURVE('',#2106,#1099,#2108,.T.);
#2106 = VERTEX_POINT('',#2107);
#2107 = CARTESIAN_POINT('',(256.13172597723,93.683041199089,
    2.391726506849));
#2108 = B_SPLINE_CURVE_WITH_KNOTS('',3,(#2109,#2110,#2111,#2112,#2113,
    #2114,#2115),.UNSPECIFIED.,.F.,.F.,(4,3,4),(-3.819970652854,
    -3.419970652854,-0.873052243709),.UNSPECIFIED.);
#2109 = CARTESIAN_POINT('',(256.13172597723,93.683041199089,
    2.391726506849));
#2110 = CARTESIAN_POINT('',(256.13172597723,93.683041199089,
    2.525059840182));
#2111 = CARTESIAN_POINT('',(256.13172597723,93.683041199089,
    2.658393173515));
#2112 = CARTESIAN_POINT('',(256.13172597723,93.683041199089,
    2.791726506849));
#2113 = CARTESIAN_POINT('',(256.13172597723,93.683041199089,
    3.640699309897));
#2114 = CARTESIAN_POINT('',(256.13172597723,93.683041199089,
    4.489672112945));
#2115 = CARTESIAN_POINT('',(256.13172597723,93.683041199089,
    5.338644915993));
#2116 = ORIENTED_EDGE('',*,*,#2117,.F.);
#2117 = EDGE_CURVE('',#1996,#2106,#2118,.T.);
#2118 = CIRCLE('',#2119,2.7);
#2119 = AXIS2_PLACEMENT_3D('',#2120,#2121,#2122);
#2120 = CARTESIAN_POINT('',(253.45135753241,93.358041199099,
    2.391726506849));
#2121 = DIRECTION('',(0.,-0.,1.));
#2122 = DIRECTION('',(0.,1.,0.));
#2123 = CYLINDRICAL_SURFACE('',#2124,2.7);
#2124 = AXIS2_PLACEMENT_3D('',#2125,#2126,#2127);
#2125 = CARTESIAN_POINT('',(253.45135753241,93.358041199099,
    2.737365889516E-12));
#2126 = DIRECTION('',(0.,0.,1.));
#2127 = DIRECTION('',(0.,1.,0.));
#2128 = ADVANCED_FACE('',(#2129),#2157,.T.);
#2129 = FACE_BOUND('',#2130,.T.);
#2130 = EDGE_LOOP('',(#2131,#2144,#2150,#2151));
#2131 = ORIENTED_EDGE('',*,*,#2132,.T.);
#2132 = EDGE_CURVE('',#2133,#2135,#2137,.T.);
#2133 = VERTEX_POINT('',#2134);
#2134 = CARTESIAN_POINT('',(253.95135753241,95.358041199099,
    5.058981848858));
#2135 = VERTEX_POINT('',#2136);
#2136 = CARTESIAN_POINT('',(252.95135753241,95.358041199099,
    5.058952616713));
#2137 = B_SPLINE_CURVE_WITH_KNOTS('',3,(#2138,#2139,#2140,#2141,#2142,
    #2143),.UNSPECIFIED.,.F.,.F.,(4,2,4),(1.543070356258,2.043074466231,
    2.543069577281),.UNSPECIFIED.);
#2138 = CARTESIAN_POINT('',(253.9513575324,95.358041199099,
    5.058981848858));
#2139 = CARTESIAN_POINT('',(253.78468938771,95.358041199099,
    5.058662656651));
#2140 = CARTESIAN_POINT('',(253.61802108205,95.358041199099,
    5.058500601925));
#2141 = CARTESIAN_POINT('',(253.28468800876,95.358041199092,
    5.058490838769));
#2142 = CARTESIAN_POINT('',(253.11802269423,95.358041199099,
    5.058643124667));
#2143 = CARTESIAN_POINT('',(252.9513575324,95.358041199099,
    5.058952616713));
#2144 = ORIENTED_EDGE('',*,*,#2145,.F.);
#2145 = EDGE_CURVE('',#1892,#2135,#2146,.T.);
#2146 = LINE('',#2147,#2148);
#2147 = CARTESIAN_POINT('',(252.95135753241,95.358041199099,
    2.733813175837E-12));
#2148 = VECTOR('',#2149,1.);
#2149 = DIRECTION('',(0.,0.,1.));
#2150 = ORIENTED_EDGE('',*,*,#1981,.F.);
#2151 = ORIENTED_EDGE('',*,*,#2152,.T.);
#2152 = EDGE_CURVE('',#1974,#2133,#2153,.T.);
#2153 = LINE('',#2154,#2155);
#2154 = CARTESIAN_POINT('',(253.95135753241,95.358041199099,
    2.733813175837E-12));
#2155 = VECTOR('',#2156,1.);
#2156 = DIRECTION('',(0.,0.,1.));
#2157 = PLANE('',#2158);
#2158 = AXIS2_PLACEMENT_3D('',#2159,#2160,#2161);
#2159 = CARTESIAN_POINT('',(252.95135753241,95.358041199099,
    2.733813175837E-12));
#2160 = DIRECTION('',(0.,-1.,0.));
#2161 = DIRECTION('',(1.,0.,0.));
#2162 = ADVANCED_FACE('',(#2163),#2182,.T.);
#2163 = FACE_BOUND('',#2164,.T.);
#2164 = EDGE_LOOP('',(#2165,#2174,#2175,#2176));
#2165 = ORIENTED_EDGE('',*,*,#2166,.T.);
#2166 = EDGE_CURVE('',#2167,#2133,#2169,.T.);
#2167 = VERTEX_POINT('',#2168);
#2168 = CARTESIAN_POINT('',(253.95135753241,93.858041199099,
    5.297661518977));
#2169 = B_SPLINE_CURVE_WITH_KNOTS('',3,(#2170,#2171,#2172,#2173),
  .UNSPECIFIED.,.F.,.F.,(4,4),(2.595099072878,4.113969700943),
  .PIECEWISE_BEZIER_KNOTS.);
#2170 = CARTESIAN_POINT('',(253.95135753241,93.858041199099,
    5.297661518977));
#2171 = CARTESIAN_POINT('',(253.95135753241,94.358041199084,
    5.21810162894));
#2172 = CARTESIAN_POINT('',(253.95135753241,94.85804119907,
    5.138541738902));
#2173 = CARTESIAN_POINT('',(253.95135753241,95.358041199055,
    5.058981848865));
#2174 = ORIENTED_EDGE('',*,*,#2152,.F.);
#2175 = ORIENTED_EDGE('',*,*,#1973,.F.);
#2176 = ORIENTED_EDGE('',*,*,#2177,.T.);
#2177 = EDGE_CURVE('',#1966,#2167,#2178,.T.);
#2178 = LINE('',#2179,#2180);
#2179 = CARTESIAN_POINT('',(253.95135753241,93.858041199099,
    2.733813175837E-12));
#2180 = VECTOR('',#2181,1.);
#2181 = DIRECTION('',(0.,0.,1.));
#2182 = PLANE('',#2183);
#2183 = AXIS2_PLACEMENT_3D('',#2184,#2185,#2186);
#2184 = CARTESIAN_POINT('',(253.95135753241,95.358041199099,
    2.733813175837E-12));
#2185 = DIRECTION('',(-1.,0.,0.));
#2186 = DIRECTION('',(0.,-1.,3.061616997868E-16));
#2187 = ADVANCED_FACE('',(#2188),#2207,.T.);
#2188 = FACE_BOUND('',#2189,.T.);
#2189 = EDGE_LOOP('',(#2190,#2199,#2205,#2206));
#2190 = ORIENTED_EDGE('',*,*,#2191,.T.);
#2191 = EDGE_CURVE('',#2135,#2192,#2194,.T.);
#2192 = VERTEX_POINT('',#2193);
#2193 = CARTESIAN_POINT('',(252.95135753241,93.858041199099,
    5.297632286831));
#2194 = B_SPLINE_CURVE_WITH_KNOTS('',3,(#2195,#2196,#2197,#2198),
  .UNSPECIFIED.,.F.,.F.,(4,4),(9.554368392925E-02,1.614414312036),
  .PIECEWISE_BEZIER_KNOTS.);
#2195 = CARTESIAN_POINT('',(252.95135753241,95.358041199106,
    5.058952616714));
#2196 = CARTESIAN_POINT('',(252.95135753241,94.858041199106,
    5.138512506753));
#2197 = CARTESIAN_POINT('',(252.95135753241,94.358041199092,
    5.218072396792));
#2198 = CARTESIAN_POINT('',(252.95135753241,93.858041199092,
    5.297632286831));
#2199 = ORIENTED_EDGE('',*,*,#2200,.F.);
#2200 = EDGE_CURVE('',#1894,#2192,#2201,.T.);
#2201 = LINE('',#2202,#2203);
#2202 = CARTESIAN_POINT('',(252.95135753241,93.858041199099,
    2.733813175837E-12));
#2203 = VECTOR('',#2204,1.);
#2204 = DIRECTION('',(0.,0.,1.));
#2205 = ORIENTED_EDGE('',*,*,#1891,.F.);
#2206 = ORIENTED_EDGE('',*,*,#2145,.T.);
#2207 = PLANE('',#2208);
#2208 = AXIS2_PLACEMENT_3D('',#2209,#2210,#2211);
#2209 = CARTESIAN_POINT('',(252.95135753241,93.858041199099,
    2.733813175837E-12));
#2210 = DIRECTION('',(1.,0.,0.));
#2211 = DIRECTION('',(0.,1.,-3.061616997868E-16));
#2212 = ADVANCED_FACE('',(#2213),#2232,.T.);
#2213 = FACE_BOUND('',#2214,.T.);
#2214 = EDGE_LOOP('',(#2215,#2224,#2225,#2226));
#2215 = ORIENTED_EDGE('',*,*,#2216,.T.);
#2216 = EDGE_CURVE('',#2217,#2167,#2219,.T.);
#2217 = VERTEX_POINT('',#2218);
#2218 = CARTESIAN_POINT('',(255.45135753241,93.858041199099,
    5.304776019059));
#2219 = B_SPLINE_CURVE_WITH_KNOTS('',3,(#2220,#2221,#2222,#2223),
  .UNSPECIFIED.,.F.,.F.,(4,4),(4.305536733255E-02,1.543070356258),
  .PIECEWISE_BEZIER_KNOTS.);
#2220 = CARTESIAN_POINT('',(255.4513575324,93.858041199099,
    5.304776019059));
#2221 = CARTESIAN_POINT('',(254.95136672442,93.858041199099,
    5.300990917945));
#2222 = CARTESIAN_POINT('',(254.45136285281,93.858041199099,
    5.298619097293));
#2223 = CARTESIAN_POINT('',(253.9513575324,93.858041199099,
    5.297661518976));
#2224 = ORIENTED_EDGE('',*,*,#2177,.F.);
#2225 = ORIENTED_EDGE('',*,*,#1965,.F.);
#2226 = ORIENTED_EDGE('',*,*,#2227,.T.);
#2227 = EDGE_CURVE('',#1958,#2217,#2228,.T.);
#2228 = LINE('',#2229,#2230);
#2229 = CARTESIAN_POINT('',(255.45135753241,93.858041199099,
    2.733813175837E-12));
#2230 = VECTOR('',#2231,1.);
#2231 = DIRECTION('',(0.,0.,1.));
#2232 = PLANE('',#2233);
#2233 = AXIS2_PLACEMENT_3D('',#2234,#2235,#2236);
#2234 = CARTESIAN_POINT('',(253.95135753241,93.858041199099,
    2.733813175837E-12));
#2235 = DIRECTION('',(0.,-1.,0.));
#2236 = DIRECTION('',(1.,0.,0.));
#2237 = ADVANCED_FACE('',(#2238),#2257,.T.);
#2238 = FACE_BOUND('',#2239,.T.);
#2239 = EDGE_LOOP('',(#2240,#2249,#2255,#2256));
#2240 = ORIENTED_EDGE('',*,*,#2241,.T.);
#2241 = EDGE_CURVE('',#2192,#2242,#2244,.T.);
#2242 = VERTEX_POINT('',#2243);
#2243 = CARTESIAN_POINT('',(251.45135753241,93.858041199099,
    5.304663546832));
#2244 = B_SPLINE_CURVE_WITH_KNOTS('',3,(#2245,#2246,#2247,#2248),
  .UNSPECIFIED.,.F.,.F.,(4,4),(2.543069577283,4.043084198651),
  .PIECEWISE_BEZIER_KNOTS.);
#2245 = CARTESIAN_POINT('',(252.95135753241,93.858041199099,
    5.297632286831));
#2246 = CARTESIAN_POINT('',(252.45135228418,93.858041199099,
    5.298560781099));
#2247 = CARTESIAN_POINT('',(251.95134841032,93.858041199099,
    5.300904185957));
#2248 = CARTESIAN_POINT('',(251.4513575324,93.858041199099,
    5.304663546831));
#2249 = ORIENTED_EDGE('',*,*,#2250,.F.);
#2250 = EDGE_CURVE('',#1902,#2242,#2251,.T.);
#2251 = LINE('',#2252,#2253);
#2252 = CARTESIAN_POINT('',(251.45135753241,93.858041199099,
    2.733813175837E-12));
#2253 = VECTOR('',#2254,1.);
#2254 = DIRECTION('',(0.,0.,1.));
#2255 = ORIENTED_EDGE('',*,*,#1901,.F.);
#2256 = ORIENTED_EDGE('',*,*,#2200,.T.);
#2257 = PLANE('',#2258);
#2258 = AXIS2_PLACEMENT_3D('',#2259,#2260,#2261);
#2259 = CARTESIAN_POINT('',(251.45135753241,93.858041199099,
    2.733813175837E-12));
#2260 = DIRECTION('',(0.,-1.,0.));
#2261 = DIRECTION('',(1.,0.,0.));
#2262 = ADVANCED_FACE('',(#2263),#2284,.T.);
#2263 = FACE_BOUND('',#2264,.T.);
#2264 = EDGE_LOOP('',(#2265,#2276,#2277,#2278));
#2265 = ORIENTED_EDGE('',*,*,#2266,.T.);
#2266 = EDGE_CURVE('',#2267,#2217,#2269,.T.);
#2267 = VERTEX_POINT('',#2268);
#2268 = CARTESIAN_POINT('',(255.45135753241,92.858041199099,
    5.463895799138));
#2269 = B_SPLINE_CURVE_WITH_KNOTS('',3,(#2270,#2271,#2272,#2273,#2274,
    #2275),.UNSPECIFIED.,.F.,.F.,(4,2,4),(1.581400661248,2.104758989268,
    2.593981080012),.UNSPECIFIED.);
#2270 = CARTESIAN_POINT('',(255.45135753241,92.85804119907,
    5.463895799143));
#2271 = CARTESIAN_POINT('',(255.45135753241,93.030326553177,
    5.436481791486));
#2272 = CARTESIAN_POINT('',(255.45135753241,93.202611907291,
    5.409067783829));
#2273 = CARTESIAN_POINT('',(255.45135753241,93.535945240634,
    5.356027857135));
#2274 = CARTESIAN_POINT('',(255.45135753241,93.696993219863,
    5.330401938098));
#2275 = CARTESIAN_POINT('',(255.45135753241,93.858041199099,
    5.30477601906));
#2276 = ORIENTED_EDGE('',*,*,#2227,.F.);
#2277 = ORIENTED_EDGE('',*,*,#1957,.F.);
#2278 = ORIENTED_EDGE('',*,*,#2279,.T.);
#2279 = EDGE_CURVE('',#1950,#2267,#2280,.T.);
#2280 = LINE('',#2281,#2282);
#2281 = CARTESIAN_POINT('',(255.45135753241,92.858041199099,
    2.734701354257E-12));
#2282 = VECTOR('',#2283,1.);
#2283 = DIRECTION('',(0.,0.,1.));
#2284 = PLANE('',#2285);
#2285 = AXIS2_PLACEMENT_3D('',#2286,#2287,#2288);
#2286 = CARTESIAN_POINT('',(255.45135753241,93.858041199099,
    2.733813175837E-12));
#2287 = DIRECTION('',(-1.,0.,0.));
#2288 = DIRECTION('',(0.,-1.,3.061616997868E-16));
#2289 = ADVANCED_FACE('',(#2290),#2311,.T.);
#2290 = FACE_BOUND('',#2291,.T.);
#2291 = EDGE_LOOP('',(#2292,#2303,#2309,#2310));
#2292 = ORIENTED_EDGE('',*,*,#2293,.T.);
#2293 = EDGE_CURVE('',#2242,#2294,#2296,.T.);
#2294 = VERTEX_POINT('',#2295);
#2295 = CARTESIAN_POINT('',(251.45135753241,92.858041199099,
    5.463783326911));
#2296 = B_SPLINE_CURVE_WITH_KNOTS('',3,(#2297,#2298,#2299,#2300,#2301,
    #2302),.UNSPECIFIED.,.F.,.F.,(4,2,4),(1.615519224325,2.104758989275,
    2.62809964306),.UNSPECIFIED.);
#2297 = CARTESIAN_POINT('',(251.45135753241,93.858041199106,
    5.304663546832));
#2298 = CARTESIAN_POINT('',(251.45135753241,93.696987401672,
    5.33029039166));
#2299 = CARTESIAN_POINT('',(251.45135753241,93.535933604224,
    5.35591723649));
#2300 = CARTESIAN_POINT('',(251.45135753241,93.202600270895,
    5.408957163183));
#2301 = CARTESIAN_POINT('',(251.45135753241,93.030320735001,
    5.436370245047));
#2302 = CARTESIAN_POINT('',(251.45135753241,92.858041199106,
    5.46378332691));
#2303 = ORIENTED_EDGE('',*,*,#2304,.F.);
#2304 = EDGE_CURVE('',#1910,#2294,#2305,.T.);
#2305 = LINE('',#2306,#2307);
#2306 = CARTESIAN_POINT('',(251.45135753241,92.858041199099,
    2.734701354257E-12));
#2307 = VECTOR('',#2308,1.);
#2308 = DIRECTION('',(0.,0.,1.));
#2309 = ORIENTED_EDGE('',*,*,#1909,.F.);
#2310 = ORIENTED_EDGE('',*,*,#2250,.T.);
#2311 = PLANE('',#2312);
#2312 = AXIS2_PLACEMENT_3D('',#2313,#2314,#2315);
#2313 = CARTESIAN_POINT('',(251.45135753241,92.858041199099,
    2.734701354257E-12));
#2314 = DIRECTION('',(1.,0.,0.));
#2315 = DIRECTION('',(0.,1.,-3.061616997868E-16));
#2316 = ADVANCED_FACE('',(#2317),#2336,.T.);
#2317 = FACE_BOUND('',#2318,.T.);
#2318 = EDGE_LOOP('',(#2319,#2328,#2329,#2330));
#2319 = ORIENTED_EDGE('',*,*,#2320,.T.);
#2320 = EDGE_CURVE('',#2321,#2267,#2323,.T.);
#2321 = VERTEX_POINT('',#2322);
#2322 = CARTESIAN_POINT('',(253.95135753241,92.858041199099,
    5.456781299055));
#2323 = B_SPLINE_CURVE_WITH_KNOTS('',3,(#2324,#2325,#2326,#2327),
  .UNSPECIFIED.,.F.,.F.,(4,4),(2.543047502183,4.043062489104),
  .PIECEWISE_BEZIER_KNOTS.);
#2324 = CARTESIAN_POINT('',(253.95135753242,92.858041199099,
    5.456781299055));
#2325 = CARTESIAN_POINT('',(254.45136285295,92.858041199099,
    5.457738877373));
#2326 = CARTESIAN_POINT('',(254.95136672462,92.858041199099,
    5.460110698026));
#2327 = CARTESIAN_POINT('',(255.45135753241,92.858041199099,
    5.463895799138));
#2328 = ORIENTED_EDGE('',*,*,#2279,.F.);
#2329 = ORIENTED_EDGE('',*,*,#1949,.F.);
#2330 = ORIENTED_EDGE('',*,*,#2331,.T.);
#2331 = EDGE_CURVE('',#1942,#2321,#2332,.T.);
#2332 = LINE('',#2333,#2334);
#2333 = CARTESIAN_POINT('',(253.95135753241,92.858041199099,
    2.734701354257E-12));
#2334 = VECTOR('',#2335,1.);
#2335 = DIRECTION('',(0.,0.,1.));
#2336 = PLANE('',#2337);
#2337 = AXIS2_PLACEMENT_3D('',#2338,#2339,#2340);
#2338 = CARTESIAN_POINT('',(252.95135753241,92.858041199099,
    2.734701354257E-12));
#2339 = DIRECTION('',(0.,1.,0.));
#2340 = DIRECTION('',(-1.,0.,0.));
#2341 = ADVANCED_FACE('',(#2342),#2361,.T.);
#2342 = FACE_BOUND('',#2343,.T.);
#2343 = EDGE_LOOP('',(#2344,#2353,#2359,#2360));
#2344 = ORIENTED_EDGE('',*,*,#2345,.T.);
#2345 = EDGE_CURVE('',#2294,#2346,#2348,.T.);
#2346 = VERTEX_POINT('',#2347);
#2347 = CARTESIAN_POINT('',(252.95135753241,92.858041199099,
    5.45675206691));
#2348 = B_SPLINE_CURVE_WITH_KNOTS('',3,(#2349,#2350,#2351,#2352),
  .UNSPECIFIED.,.F.,.F.,(4,4),(4.303366376025E-02,1.543048282765),
  .PIECEWISE_BEZIER_KNOTS.);
#2349 = CARTESIAN_POINT('',(251.45135753241,92.858041199099,
    5.463783326909));
#2350 = CARTESIAN_POINT('',(251.95134841032,92.858041199099,
    5.460023966035));
#2351 = CARTESIAN_POINT('',(252.45135228419,92.858041199099,
    5.457680561177));
#2352 = CARTESIAN_POINT('',(252.95135753242,92.858041199099,
    5.456752066909));
#2353 = ORIENTED_EDGE('',*,*,#2354,.F.);
#2354 = EDGE_CURVE('',#1918,#2346,#2355,.T.);
#2355 = LINE('',#2356,#2357);
#2356 = CARTESIAN_POINT('',(252.95135753241,92.858041199099,
    2.734701354257E-12));
#2357 = VECTOR('',#2358,1.);
#2358 = DIRECTION('',(0.,0.,1.));
#2359 = ORIENTED_EDGE('',*,*,#1917,.F.);
#2360 = ORIENTED_EDGE('',*,*,#2304,.T.);
#2361 = PLANE('',#2362);
#2362 = AXIS2_PLACEMENT_3D('',#2363,#2364,#2365);
#2363 = CARTESIAN_POINT('',(252.95135753241,92.858041199099,
    2.734701354257E-12));
#2364 = DIRECTION('',(0.,1.,0.));
#2365 = DIRECTION('',(-1.,0.,0.));
#2366 = ADVANCED_FACE('',(#2367),#2386,.T.);
#2367 = FACE_BOUND('',#2368,.T.);
#2368 = EDGE_LOOP('',(#2369,#2378,#2379,#2380));
#2369 = ORIENTED_EDGE('',*,*,#2370,.T.);
#2370 = EDGE_CURVE('',#2371,#2321,#2373,.T.);
#2371 = VERTEX_POINT('',#2372);
#2372 = CARTESIAN_POINT('',(253.95135753241,91.358041199099,
    5.695460969174));
#2373 = B_SPLINE_CURVE_WITH_KNOTS('',3,(#2374,#2375,#2376,#2377),
  .UNSPECIFIED.,.F.,.F.,(4,4),(6.364802603549E-02,1.582518654114),
  .PIECEWISE_BEZIER_KNOTS.);
#2374 = CARTESIAN_POINT('',(253.95135753241,91.358041199106,
    5.695460969174));
#2375 = CARTESIAN_POINT('',(253.95135753241,91.858041199099,
    5.615901079136));
#2376 = CARTESIAN_POINT('',(253.95135753241,92.358041199077,
    5.536341189097));
#2377 = CARTESIAN_POINT('',(253.95135753241,92.858041199062,
    5.45678129906));
#2378 = ORIENTED_EDGE('',*,*,#2331,.F.);
#2379 = ORIENTED_EDGE('',*,*,#1941,.F.);
#2380 = ORIENTED_EDGE('',*,*,#2381,.T.);
#2381 = EDGE_CURVE('',#1934,#2371,#2382,.T.);
#2382 = LINE('',#2383,#2384);
#2383 = CARTESIAN_POINT('',(253.95135753241,91.358041199099,
    2.734701354257E-12));
#2384 = VECTOR('',#2385,1.);
#2385 = DIRECTION('',(0.,0.,1.));
#2386 = PLANE('',#2387);
#2387 = AXIS2_PLACEMENT_3D('',#2388,#2389,#2390);
#2388 = CARTESIAN_POINT('',(253.95135753241,92.858041199099,
    2.734701354257E-12));
#2389 = DIRECTION('',(-1.,0.,0.));
#2390 = DIRECTION('',(0.,-1.,3.061616997868E-16));
#2391 = ADVANCED_FACE('',(#2392),#2413,.T.);
#2392 = FACE_BOUND('',#2393,.T.);
#2393 = EDGE_LOOP('',(#2394,#2405,#2406,#2407));
#2394 = ORIENTED_EDGE('',*,*,#2395,.T.);
#2395 = EDGE_CURVE('',#2396,#2371,#2398,.T.);
#2396 = VERTEX_POINT('',#2397);
#2397 = CARTESIAN_POINT('',(252.95135753241,91.358041199099,
    5.695431737028));
#2398 = B_SPLINE_CURVE_WITH_KNOTS('',3,(#2399,#2400,#2401,#2402,#2403,
    #2404),.UNSPECIFIED.,.F.,.F.,(4,2,4),(1.543048282765,2.043039863729,
    2.543047502183),.UNSPECIFIED.);
#2399 = CARTESIAN_POINT('',(252.95135753242,91.358041199099,
    5.695431737028));
#2400 = CARTESIAN_POINT('',(253.11802151781,91.358041199099,
    5.695122247166));
#2401 = CARTESIAN_POINT('',(253.2846856559,91.358041199099,
    5.694969961234));
#2402 = CARTESIAN_POINT('',(253.6180187292,91.358041199099,
    5.694979719952));
#2403 = CARTESIAN_POINT('',(253.7846882113,91.358041199099,
    5.695141774713));
#2404 = CARTESIAN_POINT('',(253.95135753241,91.358041199099,
    5.695460969173));
#2405 = ORIENTED_EDGE('',*,*,#2381,.F.);
#2406 = ORIENTED_EDGE('',*,*,#1933,.F.);
#2407 = ORIENTED_EDGE('',*,*,#2408,.T.);
#2408 = EDGE_CURVE('',#1926,#2396,#2409,.T.);
#2409 = LINE('',#2410,#2411);
#2410 = CARTESIAN_POINT('',(252.95135753241,91.358041199099,
    2.734701354257E-12));
#2411 = VECTOR('',#2412,1.);
#2412 = DIRECTION('',(0.,0.,1.));
#2413 = PLANE('',#2414);
#2414 = AXIS2_PLACEMENT_3D('',#2415,#2416,#2417);
#2415 = CARTESIAN_POINT('',(253.95135753241,91.358041199099,
    2.735589532676E-12));
#2416 = DIRECTION('',(0.,1.,0.));
#2417 = DIRECTION('',(-1.,0.,0.));
#2418 = ADVANCED_FACE('',(#2419),#2431,.T.);
#2419 = FACE_BOUND('',#2420,.T.);
#2420 = EDGE_LOOP('',(#2421,#2428,#2429,#2430));
#2421 = ORIENTED_EDGE('',*,*,#2422,.T.);
#2422 = EDGE_CURVE('',#2346,#2396,#2423,.T.);
#2423 = B_SPLINE_CURVE_WITH_KNOTS('',3,(#2424,#2425,#2426,#2427),
  .UNSPECIFIED.,.F.,.F.,(4,4),(2.626994730771,4.145865358836),
  .PIECEWISE_BEZIER_KNOTS.);
#2424 = CARTESIAN_POINT('',(252.95135753241,92.858041199099,
    5.456752066909));
#2425 = CARTESIAN_POINT('',(252.95135753241,92.358041199113,
    5.536311956947));
#2426 = CARTESIAN_POINT('',(252.95135753241,91.858041199135,
    5.615871846984));
#2427 = CARTESIAN_POINT('',(252.95135753241,91.35804119915,
    5.695431737021));
#2428 = ORIENTED_EDGE('',*,*,#2408,.F.);
#2429 = ORIENTED_EDGE('',*,*,#1925,.F.);
#2430 = ORIENTED_EDGE('',*,*,#2354,.T.);
#2431 = PLANE('',#2432);
#2432 = AXIS2_PLACEMENT_3D('',#2433,#2434,#2435);
#2433 = CARTESIAN_POINT('',(252.95135753241,93.858041199099,
    2.733813175837E-12));
#2434 = DIRECTION('',(1.,0.,0.));
#2435 = DIRECTION('',(0.,1.,-3.061616997868E-16));
#2436 = ADVANCED_FACE('',(#2437),#2451,.F.);
#2437 = FACE_BOUND('',#2438,.F.);
#2438 = EDGE_LOOP('',(#2439,#2440,#2441,#2442,#2443,#2444,#2445,#2446,
    #2447,#2448,#2449,#2450));
#2439 = ORIENTED_EDGE('',*,*,#2191,.T.);
#2440 = ORIENTED_EDGE('',*,*,#2241,.T.);
#2441 = ORIENTED_EDGE('',*,*,#2293,.T.);
#2442 = ORIENTED_EDGE('',*,*,#2345,.T.);
#2443 = ORIENTED_EDGE('',*,*,#2422,.T.);
#2444 = ORIENTED_EDGE('',*,*,#2395,.T.);
#2445 = ORIENTED_EDGE('',*,*,#2370,.T.);
#2446 = ORIENTED_EDGE('',*,*,#2320,.T.);
#2447 = ORIENTED_EDGE('',*,*,#2266,.T.);
#2448 = ORIENTED_EDGE('',*,*,#2216,.T.);
#2449 = ORIENTED_EDGE('',*,*,#2166,.T.);
#2450 = ORIENTED_EDGE('',*,*,#2132,.T.);
#2451 = B_SPLINE_SURFACE_WITH_KNOTS('',3,3,(
    (#2452,#2453,#2454,#2455)
    ,(#2456,#2457,#2458,#2459)
    ,(#2460,#2461,#2462,#2463)
    ,(#2464,#2465,#2466,#2467
    )),.UNSPECIFIED.,.F.,.F.,.F.,(4,4),(4,4),(5.335065478711E-02,
    6.849262564775E-02),(8.156819630737E-02,9.644155548706E-02),
  .PIECEWISE_BEZIER_KNOTS.);
#2452 = CARTESIAN_POINT('',(251.4513575324,95.359204047374,
    5.065798844552));
#2453 = CARTESIAN_POINT('',(252.78463242896,95.357648308302,
    5.056021687558));
#2454 = CARTESIAN_POINT('',(254.11803891191,95.357655059226,
    5.056064114279));
#2455 = CARTESIAN_POINT('',(255.45135753241,95.359221501989,
    5.065908539405));
#2456 = CARTESIAN_POINT('',(251.4513575324,94.025845314005,
    5.277962592971));
#2457 = CARTESIAN_POINT('',(252.78463242896,94.024289574932,
    5.268185435977));
#2458 = CARTESIAN_POINT('',(254.11803891191,94.024296325857,
    5.268227862699));
#2459 = CARTESIAN_POINT('',(255.45135753241,94.02586276862,
    5.278072287824));
#2460 = CARTESIAN_POINT('',(251.4513575324,92.692486580636,
    5.490126341391));
#2461 = CARTESIAN_POINT('',(252.78463242896,92.690930841563,
    5.480349184397));
#2462 = CARTESIAN_POINT('',(254.11803891191,92.690937592495,
    5.480391611119));
#2463 = CARTESIAN_POINT('',(255.45135753241,92.692504035258,
    5.490236036244));
#2464 = CARTESIAN_POINT('',(251.4513575324,91.359127847267,
    5.702290089811));
#2465 = CARTESIAN_POINT('',(252.78463242896,91.357572108194,
    5.692512932816));
#2466 = CARTESIAN_POINT('',(254.11803891191,91.357578859126,
    5.692555359538));
#2467 = CARTESIAN_POINT('',(255.45135753241,91.359145301889,
    5.702399784664));
#2468 = ADVANCED_FACE('',(#2469),#2504,.T.);
#2469 = FACE_BOUND('',#2470,.T.);
#2470 = EDGE_LOOP('',(#2471,#2482,#2490,#2498));
#2471 = ORIENTED_EDGE('',*,*,#2472,.T.);
#2472 = EDGE_CURVE('',#2473,#2475,#2477,.T.);
#2473 = VERTEX_POINT('',#2474);
#2474 = CARTESIAN_POINT('',(241.00135753241,92.858041199099,
    5.748451121428));
#2475 = VERTEX_POINT('',#2476);
#2476 = CARTESIAN_POINT('',(241.00135753241,91.358041199099,
    5.987130791546));
#2477 = B_SPLINE_CURVE_WITH_KNOTS('',3,(#2478,#2479,#2480,#2481),
  .UNSPECIFIED.,.F.,.F.,(4,4),(2.634093320765,4.152963948915),
  .PIECEWISE_BEZIER_KNOTS.);
#2478 = CARTESIAN_POINT('',(241.00135753241,92.858041199099,
    5.74845112143));
#2479 = CARTESIAN_POINT('',(241.00135753241,92.358041199084,
    5.828011011471));
#2480 = CARTESIAN_POINT('',(241.00135753241,91.858041199062,
    5.907570901514));
#2481 = CARTESIAN_POINT('',(241.00135753241,91.358041199055,
    5.987130791555));
#2482 = ORIENTED_EDGE('',*,*,#2483,.F.);
#2483 = EDGE_CURVE('',#2484,#2475,#2486,.T.);
#2484 = VERTEX_POINT('',#2485);
#2485 = CARTESIAN_POINT('',(241.00135753241,91.358041199099,
    0.200000000003));
#2486 = LINE('',#2487,#2488);
#2487 = CARTESIAN_POINT('',(241.00135753241,91.358041199099,
    2.734701354257E-12));
#2488 = VECTOR('',#2489,1.);
#2489 = DIRECTION('',(0.,0.,1.));
#2490 = ORIENTED_EDGE('',*,*,#2491,.F.);
#2491 = EDGE_CURVE('',#2492,#2484,#2494,.T.);
#2492 = VERTEX_POINT('',#2493);
#2493 = CARTESIAN_POINT('',(241.00135753241,92.858041199099,
    0.200000000003));
#2494 = LINE('',#2495,#2496);
#2495 = CARTESIAN_POINT('',(241.00135753241,89.1120274446,0.200000000003
    ));
#2496 = VECTOR('',#2497,1.);
#2497 = DIRECTION('',(0.,-1.,3.061616997868E-16));
#2498 = ORIENTED_EDGE('',*,*,#2499,.T.);
#2499 = EDGE_CURVE('',#2492,#2473,#2500,.T.);
#2500 = LINE('',#2501,#2502);
#2501 = CARTESIAN_POINT('',(241.00135753241,92.858041199099,
    2.734701354257E-12));
#2502 = VECTOR('',#2503,1.);
#2503 = DIRECTION('',(0.,0.,1.));
#2504 = PLANE('',#2505);
#2505 = AXIS2_PLACEMENT_3D('',#2506,#2507,#2508);
#2506 = CARTESIAN_POINT('',(241.00135753241,93.858041199099,
    2.733813175837E-12));
#2507 = DIRECTION('',(1.,0.,0.));
#2508 = DIRECTION('',(0.,1.,-3.061616997868E-16));
#2509 = ADVANCED_FACE('',(#2510),#2538,.T.);
#2510 = FACE_BOUND('',#2511,.T.);
#2511 = EDGE_LOOP('',(#2512,#2523,#2531,#2537));
#2512 = ORIENTED_EDGE('',*,*,#2513,.T.);
#2513 = EDGE_CURVE('',#2475,#2514,#2516,.T.);
#2514 = VERTEX_POINT('',#2515);
#2515 = CARTESIAN_POINT('',(242.00135753241,91.358041199106,
    5.942055467162));
#2516 = B_SPLINE_CURVE_WITH_KNOTS('',3,(#2517,#2518,#2519,#2520,#2521,
    #2522),.UNSPECIFIED.,.F.,.F.,(4,2,4),(1.562773150688,2.044827598978,
    2.563787701803),.UNSPECIFIED.);
#2517 = CARTESIAN_POINT('',(241.00135753242,91.358041199092,
    5.987130791548));
#2518 = CARTESIAN_POINT('',(241.16186583694,91.358041199092,
    5.979592691837));
#2519 = CARTESIAN_POINT('',(241.32238084462,91.358041199092,
    5.972200265407));
#2520 = CARTESIAN_POINT('',(241.65571285986,91.358041199092,
    5.957152002977));
#2521 = CARTESIAN_POINT('',(241.82853147538,91.358041199092,
    5.949519302513));
#2522 = CARTESIAN_POINT('',(242.00135753241,91.358041199092,
    5.942055467164));
#2523 = ORIENTED_EDGE('',*,*,#2524,.F.);
#2524 = EDGE_CURVE('',#2525,#2514,#2527,.T.);
#2525 = VERTEX_POINT('',#2526);
#2526 = CARTESIAN_POINT('',(242.00135753241,91.358041199099,
    0.200000000003));
#2527 = LINE('',#2528,#2529);
#2528 = CARTESIAN_POINT('',(242.00135753241,91.358041199099,
    2.734701354257E-12));
#2529 = VECTOR('',#2530,1.);
#2530 = DIRECTION('',(0.,0.,1.));
#2531 = ORIENTED_EDGE('',*,*,#2532,.F.);
#2532 = EDGE_CURVE('',#2484,#2525,#2533,.T.);
#2533 = LINE('',#2534,#2535);
#2534 = CARTESIAN_POINT('',(237.25135753241,91.358041199099,
    0.200000000003));
#2535 = VECTOR('',#2536,1.);
#2536 = DIRECTION('',(1.,0.,0.));
#2537 = ORIENTED_EDGE('',*,*,#2483,.T.);
#2538 = PLANE('',#2539);
#2539 = AXIS2_PLACEMENT_3D('',#2540,#2541,#2542);
#2540 = CARTESIAN_POINT('',(242.00135753241,91.358041199099,
    2.735589532676E-12));
#2541 = DIRECTION('',(0.,1.,0.));
#2542 = DIRECTION('',(-1.,0.,0.));
#2543 = ADVANCED_FACE('',(#2544),#2570,.T.);
#2544 = FACE_BOUND('',#2545,.T.);
#2545 = EDGE_LOOP('',(#2546,#2555,#2563,#2569));
#2546 = ORIENTED_EDGE('',*,*,#2547,.T.);
#2547 = EDGE_CURVE('',#2514,#2548,#2550,.T.);
#2548 = VERTEX_POINT('',#2549);
#2549 = CARTESIAN_POINT('',(242.00135753241,92.858041199106,
    5.703375797044));
#2550 = B_SPLINE_CURVE_WITH_KNOTS('',3,(#2551,#2552,#2553,#2554),
  .UNSPECIFIED.,.F.,.F.,(4,4),(7.079970055571E-02,1.589670328693),
  .PIECEWISE_BEZIER_KNOTS.);
#2551 = CARTESIAN_POINT('',(242.00135753241,91.358041199106,
    5.942055467162));
#2552 = CARTESIAN_POINT('',(242.00135753241,91.858041199121,
    5.862495577121));
#2553 = CARTESIAN_POINT('',(242.00135753241,92.358041199128,
    5.78293568708));
#2554 = CARTESIAN_POINT('',(242.00135753241,92.858041199135,
    5.703375797039));
#2555 = ORIENTED_EDGE('',*,*,#2556,.F.);
#2556 = EDGE_CURVE('',#2557,#2548,#2559,.T.);
#2557 = VERTEX_POINT('',#2558);
#2558 = CARTESIAN_POINT('',(242.00135753241,92.858041199099,
    0.200000000003));
#2559 = LINE('',#2560,#2561);
#2560 = CARTESIAN_POINT('',(242.00135753241,92.858041199099,
    2.734701354257E-12));
#2561 = VECTOR('',#2562,1.);
#2562 = DIRECTION('',(0.,0.,1.));
#2563 = ORIENTED_EDGE('',*,*,#2564,.F.);
#2564 = EDGE_CURVE('',#2525,#2557,#2565,.T.);
#2565 = LINE('',#2566,#2567);
#2566 = CARTESIAN_POINT('',(242.00135753241,88.6120274446,0.200000000003
    ));
#2567 = VECTOR('',#2568,1.);
#2568 = DIRECTION('',(0.,1.,-3.061616997868E-16));
#2569 = ORIENTED_EDGE('',*,*,#2524,.T.);
#2570 = PLANE('',#2571);
#2571 = AXIS2_PLACEMENT_3D('',#2572,#2573,#2574);
#2572 = CARTESIAN_POINT('',(242.00135753241,92.858041199099,
    2.734701354257E-12));
#2573 = DIRECTION('',(-1.,0.,0.));
#2574 = DIRECTION('',(0.,-1.,3.061616997868E-16));
#2575 = ADVANCED_FACE('',(#2576),#2602,.T.);
#2576 = FACE_BOUND('',#2577,.T.);
#2577 = EDGE_LOOP('',(#2578,#2587,#2588,#2596));
#2578 = ORIENTED_EDGE('',*,*,#2579,.T.);
#2579 = EDGE_CURVE('',#2580,#2473,#2582,.T.);
#2580 = VERTEX_POINT('',#2581);
#2581 = CARTESIAN_POINT('',(239.50135753241,92.858041199106,
    5.823147967219));
#2582 = B_SPLINE_CURVE_WITH_KNOTS('',3,(#2583,#2584,#2585,#2586),
  .UNSPECIFIED.,.F.,.F.,(4,4),(6.091646285188E-02,1.562773150687),
  .PIECEWISE_BEZIER_KNOTS.);
#2583 = CARTESIAN_POINT('',(239.50135753241,92.858041199099,
    5.823147967219));
#2584 = CARTESIAN_POINT('',(240.00128466062,92.858041199099,
    5.796835507463));
#2585 = CARTESIAN_POINT('',(240.50128856418,92.858041199092,
    5.771936322123));
#2586 = CARTESIAN_POINT('',(241.00135753241,92.858041199092,
    5.74845112143));
#2587 = ORIENTED_EDGE('',*,*,#2499,.F.);
#2588 = ORIENTED_EDGE('',*,*,#2589,.F.);
#2589 = EDGE_CURVE('',#2590,#2492,#2592,.T.);
#2590 = VERTEX_POINT('',#2591);
#2591 = CARTESIAN_POINT('',(239.50135753241,92.858041199099,
    0.200000000003));
#2592 = LINE('',#2593,#2594);
#2593 = CARTESIAN_POINT('',(236.75135753241,92.858041199099,
    0.200000000003));
#2594 = VECTOR('',#2595,1.);
#2595 = DIRECTION('',(1.,0.,0.));
#2596 = ORIENTED_EDGE('',*,*,#2597,.T.);
#2597 = EDGE_CURVE('',#2590,#2580,#2598,.T.);
#2598 = LINE('',#2599,#2600);
#2599 = CARTESIAN_POINT('',(239.50135753241,92.858041199099,
    2.734701354257E-12));
#2600 = VECTOR('',#2601,1.);
#2601 = DIRECTION('',(0.,0.,1.));
#2602 = PLANE('',#2603);
#2603 = AXIS2_PLACEMENT_3D('',#2604,#2605,#2606);
#2604 = CARTESIAN_POINT('',(241.00135753241,92.858041199099,
    2.734701354257E-12));
#2605 = DIRECTION('',(0.,1.,0.));
#2606 = DIRECTION('',(-1.,0.,0.));
#2607 = ADVANCED_FACE('',(#2608),#2634,.T.);
#2608 = FACE_BOUND('',#2609,.T.);
#2609 = EDGE_LOOP('',(#2610,#2619,#2627,#2633));
#2610 = ORIENTED_EDGE('',*,*,#2611,.T.);
#2611 = EDGE_CURVE('',#2548,#2612,#2614,.T.);
#2612 = VERTEX_POINT('',#2613);
#2613 = CARTESIAN_POINT('',(243.50135753241,92.858041199106,
    5.642842860798));
#2614 = B_SPLINE_CURVE_WITH_KNOTS('',3,(#2615,#2616,#2617,#2618),
  .UNSPECIFIED.,.F.,.F.,(4,4),(2.563787701803,4.065006673568),
  .PIECEWISE_BEZIER_KNOTS.);
#2615 = CARTESIAN_POINT('',(242.00135753241,92.858041199092,
    5.703375797045));
#2616 = CARTESIAN_POINT('',(242.50129915453,92.858041199092,
    5.681784828552));
#2617 = CARTESIAN_POINT('',(243.00130304692,92.858041199099,
    5.66160691837));
#2618 = CARTESIAN_POINT('',(243.50135753241,92.858041199099,5.6428428608
    ));
#2619 = ORIENTED_EDGE('',*,*,#2620,.F.);
#2620 = EDGE_CURVE('',#2621,#2612,#2623,.T.);
#2621 = VERTEX_POINT('',#2622);
#2622 = CARTESIAN_POINT('',(243.50135753241,92.858041199099,
    0.200000000003));
#2623 = LINE('',#2624,#2625);
#2624 = CARTESIAN_POINT('',(243.50135753241,92.858041199099,
    2.734701354257E-12));
#2625 = VECTOR('',#2626,1.);
#2626 = DIRECTION('',(0.,0.,1.));
#2627 = ORIENTED_EDGE('',*,*,#2628,.F.);
#2628 = EDGE_CURVE('',#2557,#2621,#2629,.T.);
#2629 = LINE('',#2630,#2631);
#2630 = CARTESIAN_POINT('',(236.75135753241,92.858041199099,
    0.200000000003));
#2631 = VECTOR('',#2632,1.);
#2632 = DIRECTION('',(1.,0.,0.));
#2633 = ORIENTED_EDGE('',*,*,#2556,.T.);
#2634 = PLANE('',#2635);
#2635 = AXIS2_PLACEMENT_3D('',#2636,#2637,#2638);
#2636 = CARTESIAN_POINT('',(241.00135753241,92.858041199099,
    2.734701354257E-12));
#2637 = DIRECTION('',(0.,1.,0.));
#2638 = DIRECTION('',(-1.,0.,0.));
#2639 = ADVANCED_FACE('',(#2640),#2668,.T.);
#2640 = FACE_BOUND('',#2641,.T.);
#2641 = EDGE_LOOP('',(#2642,#2653,#2654,#2662));
#2642 = ORIENTED_EDGE('',*,*,#2643,.T.);
#2643 = EDGE_CURVE('',#2644,#2580,#2646,.T.);
#2644 = VERTEX_POINT('',#2645);
#2645 = CARTESIAN_POINT('',(239.50135753241,93.858041199106,
    5.66402818714));
#2646 = B_SPLINE_CURVE_WITH_KNOTS('',3,(#2647,#2648,#2649,#2650,#2651,
    #2652),.UNSPECIFIED.,.F.,.F.,(4,2,4),(1.633250977817,2.10834019208,
    2.645831396529),.UNSPECIFIED.);
#2647 = CARTESIAN_POINT('',(239.50135753241,93.858041199077,
    5.664028187145));
#2648 = CARTESIAN_POINT('',(239.50135753241,93.701645649162,
    5.688913812653));
#2649 = CARTESIAN_POINT('',(239.50135753241,93.545250099247,
    5.71379943816));
#2650 = CARTESIAN_POINT('',(239.50135753241,93.211916765918,
    5.766839364852));
#2651 = CARTESIAN_POINT('',(239.50135753241,93.034978982512,
    5.794993666035));
#2652 = CARTESIAN_POINT('',(239.50135753241,92.858041199099,
    5.823147967219));
#2653 = ORIENTED_EDGE('',*,*,#2597,.F.);
#2654 = ORIENTED_EDGE('',*,*,#2655,.F.);
#2655 = EDGE_CURVE('',#2656,#2590,#2658,.T.);
#2656 = VERTEX_POINT('',#2657);
#2657 = CARTESIAN_POINT('',(239.50135753241,93.858041199099,
    0.200000000003));
#2658 = LINE('',#2659,#2660);
#2659 = CARTESIAN_POINT('',(239.50135753241,88.6120274446,0.200000000003
    ));
#2660 = VECTOR('',#2661,1.);
#2661 = DIRECTION('',(0.,-1.,3.061616997868E-16));
#2662 = ORIENTED_EDGE('',*,*,#2663,.T.);
#2663 = EDGE_CURVE('',#2656,#2644,#2664,.T.);
#2664 = LINE('',#2665,#2666);
#2665 = CARTESIAN_POINT('',(239.50135753241,93.858041199099,
    2.733813175837E-12));
#2666 = VECTOR('',#2667,1.);
#2667 = DIRECTION('',(0.,0.,1.));
#2668 = PLANE('',#2669);
#2669 = AXIS2_PLACEMENT_3D('',#2670,#2671,#2672);
#2670 = CARTESIAN_POINT('',(239.50135753241,92.858041199099,
    2.734701354257E-12));
#2671 = DIRECTION('',(1.,0.,0.));
#2672 = DIRECTION('',(0.,1.,-3.061616997868E-16));
#2673 = ADVANCED_FACE('',(#2674),#2702,.T.);
#2674 = FACE_BOUND('',#2675,.T.);
#2675 = EDGE_LOOP('',(#2676,#2687,#2695,#2701));
#2676 = ORIENTED_EDGE('',*,*,#2677,.T.);
#2677 = EDGE_CURVE('',#2612,#2678,#2680,.T.);
#2678 = VERTEX_POINT('',#2679);
#2679 = CARTESIAN_POINT('',(243.50135753241,93.858041199106,
    5.48372308072));
#2680 = B_SPLINE_CURVE_WITH_KNOTS('',3,(#2681,#2682,#2683,#2684,#2685,
    #2686),.UNSPECIFIED.,.F.,.F.,(4,2,4),(1.599182647244,2.10834019208,
    2.611763065956),.UNSPECIFIED.);
#2681 = CARTESIAN_POINT('',(243.50135753241,92.858041199135,
    5.642842860794));
#2682 = CARTESIAN_POINT('',(243.50135753241,93.025651769589,
    5.616172703685));
#2683 = CARTESIAN_POINT('',(243.50135753241,93.193262340043,
    5.589502546576));
#2684 = CARTESIAN_POINT('',(243.50135753241,93.526595673371,
    5.536462619884));
#2685 = CARTESIAN_POINT('',(243.50135753241,93.692318436231,
    5.510092850302));
#2686 = CARTESIAN_POINT('',(243.50135753241,93.858041199106,
    5.483723080719));
#2687 = ORIENTED_EDGE('',*,*,#2688,.F.);
#2688 = EDGE_CURVE('',#2689,#2678,#2691,.T.);
#2689 = VERTEX_POINT('',#2690);
#2690 = CARTESIAN_POINT('',(243.50135753241,93.858041199099,
    0.200000000003));
#2691 = LINE('',#2692,#2693);
#2692 = CARTESIAN_POINT('',(243.50135753241,93.858041199099,
    2.733813175837E-12));
#2693 = VECTOR('',#2694,1.);
#2694 = DIRECTION('',(0.,0.,1.));
#2695 = ORIENTED_EDGE('',*,*,#2696,.F.);
#2696 = EDGE_CURVE('',#2621,#2689,#2697,.T.);
#2697 = LINE('',#2698,#2699);
#2698 = CARTESIAN_POINT('',(243.50135753241,89.1120274446,0.200000000003
    ));
#2699 = VECTOR('',#2700,1.);
#2700 = DIRECTION('',(0.,1.,-3.061616997868E-16));
#2701 = ORIENTED_EDGE('',*,*,#2620,.T.);
#2702 = PLANE('',#2703);
#2703 = AXIS2_PLACEMENT_3D('',#2704,#2705,#2706);
#2704 = CARTESIAN_POINT('',(243.50135753241,93.858041199099,
    2.733813175837E-12));
#2705 = DIRECTION('',(-1.,0.,0.));
#2706 = DIRECTION('',(0.,-1.,3.061616997868E-16));
#2707 = ADVANCED_FACE('',(#2708),#2734,.T.);
#2708 = FACE_BOUND('',#2709,.T.);
#2709 = EDGE_LOOP('',(#2710,#2719,#2720,#2728));
#2710 = ORIENTED_EDGE('',*,*,#2711,.T.);
#2711 = EDGE_CURVE('',#2712,#2644,#2714,.T.);
#2712 = VERTEX_POINT('',#2713);
#2713 = CARTESIAN_POINT('',(241.00135753241,93.858041199106,
    5.589331341349));
#2714 = B_SPLINE_CURVE_WITH_KNOTS('',3,(#2715,#2716,#2717,#2718),
  .UNSPECIFIED.,.F.,.F.,(4,4),(2.527495600448,4.029352303319),
  .PIECEWISE_BEZIER_KNOTS.);
#2715 = CARTESIAN_POINT('',(241.0013575324,93.858041199106,
    5.589331341351));
#2716 = CARTESIAN_POINT('',(240.50128856385,93.858041199106,
    5.61281654206));
#2717 = CARTESIAN_POINT('',(240.00128466024,93.858041199099,
    5.637715727404));
#2718 = CARTESIAN_POINT('',(239.50135753241,93.858041199099,
    5.66402818714));
#2719 = ORIENTED_EDGE('',*,*,#2663,.F.);
#2720 = ORIENTED_EDGE('',*,*,#2721,.F.);
#2721 = EDGE_CURVE('',#2722,#2656,#2724,.T.);
#2722 = VERTEX_POINT('',#2723);
#2723 = CARTESIAN_POINT('',(241.00135753241,93.858041199099,
    0.200000000003));
#2724 = LINE('',#2725,#2726);
#2725 = CARTESIAN_POINT('',(236.00135753241,93.858041199099,
    0.200000000003));
#2726 = VECTOR('',#2727,1.);
#2727 = DIRECTION('',(-1.,0.,0.));
#2728 = ORIENTED_EDGE('',*,*,#2729,.T.);
#2729 = EDGE_CURVE('',#2722,#2712,#2730,.T.);
#2730 = LINE('',#2731,#2732);
#2731 = CARTESIAN_POINT('',(241.00135753241,93.858041199099,
    2.733813175837E-12));
#2732 = VECTOR('',#2733,1.);
#2733 = DIRECTION('',(0.,0.,1.));
#2734 = PLANE('',#2735);
#2735 = AXIS2_PLACEMENT_3D('',#2736,#2737,#2738);
#2736 = CARTESIAN_POINT('',(239.50135753241,93.858041199099,
    2.733813175837E-12));
#2737 = DIRECTION('',(0.,-1.,0.));
#2738 = DIRECTION('',(1.,0.,0.));
#2739 = ADVANCED_FACE('',(#2740),#2766,.T.);
#2740 = FACE_BOUND('',#2741,.T.);
#2741 = EDGE_LOOP('',(#2742,#2751,#2759,#2765));
#2742 = ORIENTED_EDGE('',*,*,#2743,.T.);
#2743 = EDGE_CURVE('',#2678,#2744,#2746,.T.);
#2744 = VERTEX_POINT('',#2745);
#2745 = CARTESIAN_POINT('',(242.00135753241,93.858041199099,
    5.544256016966));
#2746 = B_SPLINE_CURVE_WITH_KNOTS('',3,(#2747,#2748,#2749,#2750),
  .UNSPECIFIED.,.F.,.F.,(4,4),(2.526205021262E-02,1.526481038879),
  .PIECEWISE_BEZIER_KNOTS.);
#2747 = CARTESIAN_POINT('',(243.50135753241,93.858041199099,
    5.483723080721));
#2748 = CARTESIAN_POINT('',(243.00130304672,93.858041199099,
    5.502487138299));
#2749 = CARTESIAN_POINT('',(242.50129915438,93.858041199106,
    5.52266504848));
#2750 = CARTESIAN_POINT('',(242.0013575324,93.858041199106,
    5.544256016967));
#2751 = ORIENTED_EDGE('',*,*,#2752,.F.);
#2752 = EDGE_CURVE('',#2753,#2744,#2755,.T.);
#2753 = VERTEX_POINT('',#2754);
#2754 = CARTESIAN_POINT('',(242.00135753241,93.858041199099,
    0.200000000003));
#2755 = LINE('',#2756,#2757);
#2756 = CARTESIAN_POINT('',(242.00135753241,93.858041199099,
    2.733813175837E-12));
#2757 = VECTOR('',#2758,1.);
#2758 = DIRECTION('',(0.,0.,1.));
#2759 = ORIENTED_EDGE('',*,*,#2760,.F.);
#2760 = EDGE_CURVE('',#2689,#2753,#2761,.T.);
#2761 = LINE('',#2762,#2763);
#2762 = CARTESIAN_POINT('',(237.25135753241,93.858041199099,
    0.200000000003));
#2763 = VECTOR('',#2764,1.);
#2764 = DIRECTION('',(-1.,0.,0.));
#2765 = ORIENTED_EDGE('',*,*,#2688,.T.);
#2766 = PLANE('',#2767);
#2767 = AXIS2_PLACEMENT_3D('',#2768,#2769,#2770);
#2768 = CARTESIAN_POINT('',(242.00135753241,93.858041199099,
    2.733813175837E-12));
#2769 = DIRECTION('',(0.,-1.,0.));
#2770 = DIRECTION('',(1.,0.,0.));
#2771 = ADVANCED_FACE('',(#2772),#2798,.T.);
#2772 = FACE_BOUND('',#2773,.T.);
#2773 = EDGE_LOOP('',(#2774,#2783,#2784,#2792));
#2774 = ORIENTED_EDGE('',*,*,#2775,.T.);
#2775 = EDGE_CURVE('',#2776,#2712,#2778,.T.);
#2776 = VERTEX_POINT('',#2777);
#2777 = CARTESIAN_POINT('',(241.00135753241,95.358041199099,
    5.350651671231));
#2778 = B_SPLINE_CURVE_WITH_KNOTS('',3,(#2779,#2780,#2781,#2782),
  .UNSPECIFIED.,.F.,.F.,(4,4),(0.102642273914,1.621512902015),
  .PIECEWISE_BEZIER_KNOTS.);
#2779 = CARTESIAN_POINT('',(241.00135753241,95.358041199106,
    5.350651671231));
#2780 = CARTESIAN_POINT('',(241.00135753241,94.858041199106,
    5.43021156127));
#2781 = CARTESIAN_POINT('',(241.00135753241,94.358041199113,
    5.50977145131));
#2782 = CARTESIAN_POINT('',(241.00135753241,93.858041199113,
    5.589331341349));
#2783 = ORIENTED_EDGE('',*,*,#2729,.F.);
#2784 = ORIENTED_EDGE('',*,*,#2785,.F.);
#2785 = EDGE_CURVE('',#2786,#2722,#2788,.T.);
#2786 = VERTEX_POINT('',#2787);
#2787 = CARTESIAN_POINT('',(241.00135753241,95.358041199099,
    0.200000000003));
#2788 = LINE('',#2789,#2790);
#2789 = CARTESIAN_POINT('',(241.00135753241,89.1120274446,0.200000000003
    ));
#2790 = VECTOR('',#2791,1.);
#2791 = DIRECTION('',(0.,-1.,3.061616997868E-16));
#2792 = ORIENTED_EDGE('',*,*,#2793,.T.);
#2793 = EDGE_CURVE('',#2786,#2776,#2794,.T.);
#2794 = LINE('',#2795,#2796);
#2795 = CARTESIAN_POINT('',(241.00135753241,95.358041199099,
    2.733813175837E-12));
#2796 = VECTOR('',#2797,1.);
#2797 = DIRECTION('',(0.,0.,1.));
#2798 = PLANE('',#2799);
#2799 = AXIS2_PLACEMENT_3D('',#2800,#2801,#2802);
#2800 = CARTESIAN_POINT('',(241.00135753241,93.858041199099,
    2.733813175837E-12));
#2801 = DIRECTION('',(1.,0.,0.));
#2802 = DIRECTION('',(0.,1.,-3.061616997868E-16));
#2803 = ADVANCED_FACE('',(#2804),#2830,.T.);
#2804 = FACE_BOUND('',#2805,.T.);
#2805 = EDGE_LOOP('',(#2806,#2815,#2823,#2829));
#2806 = ORIENTED_EDGE('',*,*,#2807,.T.);
#2807 = EDGE_CURVE('',#2744,#2808,#2810,.T.);
#2808 = VERTEX_POINT('',#2809);
#2809 = CARTESIAN_POINT('',(242.00135753241,95.358041199099,
    5.305576346847));
#2810 = B_SPLINE_CURVE_WITH_KNOTS('',3,(#2811,#2812,#2813,#2814),
  .UNSPECIFIED.,.F.,.F.,(4,4),(2.602250747394,4.121121375503),
  .PIECEWISE_BEZIER_KNOTS.);
#2811 = CARTESIAN_POINT('',(242.00135753241,93.858041199099,
    5.544256016966));
#2812 = CARTESIAN_POINT('',(242.00135753241,94.358041199099,
    5.464696126927));
#2813 = CARTESIAN_POINT('',(242.00135753241,94.858041199099,
    5.385136236887));
#2814 = CARTESIAN_POINT('',(242.00135753241,95.358041199099,
    5.305576346847));
#2815 = ORIENTED_EDGE('',*,*,#2816,.F.);
#2816 = EDGE_CURVE('',#2817,#2808,#2819,.T.);
#2817 = VERTEX_POINT('',#2818);
#2818 = CARTESIAN_POINT('',(242.00135753241,95.358041199099,
    0.200000000003));
#2819 = LINE('',#2820,#2821);
#2820 = CARTESIAN_POINT('',(242.00135753241,95.358041199099,
    2.733813175837E-12));
#2821 = VECTOR('',#2822,1.);
#2822 = DIRECTION('',(0.,0.,1.));
#2823 = ORIENTED_EDGE('',*,*,#2824,.F.);
#2824 = EDGE_CURVE('',#2753,#2817,#2825,.T.);
#2825 = LINE('',#2826,#2827);
#2826 = CARTESIAN_POINT('',(242.00135753241,89.8620274446,0.200000000003
    ));
#2827 = VECTOR('',#2828,1.);
#2828 = DIRECTION('',(0.,1.,-3.061616997868E-16));
#2829 = ORIENTED_EDGE('',*,*,#2752,.T.);
#2830 = PLANE('',#2831);
#2831 = AXIS2_PLACEMENT_3D('',#2832,#2833,#2834);
#2832 = CARTESIAN_POINT('',(242.00135753241,95.358041199099,
    2.733813175837E-12));
#2833 = DIRECTION('',(-1.,0.,0.));
#2834 = DIRECTION('',(0.,-1.,3.061616997868E-16));
#2835 = ADVANCED_FACE('',(#2836),#2855,.T.);
#2836 = FACE_BOUND('',#2837,.T.);
#2837 = EDGE_LOOP('',(#2838,#2847,#2848,#2854));
#2838 = ORIENTED_EDGE('',*,*,#2839,.T.);
#2839 = EDGE_CURVE('',#2808,#2776,#2840,.T.);
#2840 = B_SPLINE_CURVE_WITH_KNOTS('',3,(#2841,#2842,#2843,#2844,#2845,
    #2846),.UNSPECIFIED.,.F.,.F.,(4,2,4),(1.526481038878,2.045244374489,
    2.527495600448),.UNSPECIFIED.);
#2841 = CARTESIAN_POINT('',(242.0013575324,95.358041199106,
    5.305576346848));
#2842 = CARTESIAN_POINT('',(241.82859700554,95.358041199106,
    5.313037352148));
#2843 = CARTESIAN_POINT('',(241.65584391454,95.358041199106,
    5.32066709453));
#2844 = CARTESIAN_POINT('',(241.32251188811,95.358041199106,
    5.335715109982));
#2845 = CARTESIAN_POINT('',(241.16193135592,95.358041199106,
    5.343110494493));
#2846 = CARTESIAN_POINT('',(241.0013575324,95.358041199106,
    5.350651671233));
#2847 = ORIENTED_EDGE('',*,*,#2793,.F.);
#2848 = ORIENTED_EDGE('',*,*,#2849,.F.);
#2849 = EDGE_CURVE('',#2817,#2786,#2850,.T.);
#2850 = LINE('',#2851,#2852);
#2851 = CARTESIAN_POINT('',(236.75135753241,95.358041199099,
    0.200000000003));
#2852 = VECTOR('',#2853,1.);
#2853 = DIRECTION('',(-1.,0.,0.));
#2854 = ORIENTED_EDGE('',*,*,#2816,.T.);
#2855 = PLANE('',#2856);
#2856 = AXIS2_PLACEMENT_3D('',#2857,#2858,#2859);
#2857 = CARTESIAN_POINT('',(241.00135753241,95.358041199099,
    2.733813175837E-12));
#2858 = DIRECTION('',(0.,-1.,0.));
#2859 = DIRECTION('',(1.,0.,0.));
#2860 = ADVANCED_FACE('',(#2861,#2864),#2878,.T.);
#2861 = FACE_BOUND('',#2862,.T.);
#2862 = EDGE_LOOP('',(#2863));
#2863 = ORIENTED_EDGE('',*,*,#554,.T.);
#2864 = FACE_BOUND('',#2865,.T.);
#2865 = EDGE_LOOP('',(#2866,#2867,#2868,#2869,#2870,#2871,#2872,#2873,
    #2874,#2875,#2876,#2877));
#2866 = ORIENTED_EDGE('',*,*,#2785,.T.);
#2867 = ORIENTED_EDGE('',*,*,#2721,.T.);
#2868 = ORIENTED_EDGE('',*,*,#2655,.T.);
#2869 = ORIENTED_EDGE('',*,*,#2589,.T.);
#2870 = ORIENTED_EDGE('',*,*,#2491,.T.);
#2871 = ORIENTED_EDGE('',*,*,#2532,.T.);
#2872 = ORIENTED_EDGE('',*,*,#2564,.T.);
#2873 = ORIENTED_EDGE('',*,*,#2628,.T.);
#2874 = ORIENTED_EDGE('',*,*,#2696,.T.);
#2875 = ORIENTED_EDGE('',*,*,#2760,.T.);
#2876 = ORIENTED_EDGE('',*,*,#2824,.T.);
#2877 = ORIENTED_EDGE('',*,*,#2849,.T.);
#2878 = PLANE('',#2879);
#2879 = AXIS2_PLACEMENT_3D('',#2880,#2881,#2882);
#2880 = CARTESIAN_POINT('',(232.50135753241,84.366013690102,
    0.200000000003));
#2881 = DIRECTION('',(0.,-3.061616997868E-16,-1.));
#2882 = DIRECTION('',(0.,1.,-3.061616997868E-16));
#2883 = ADVANCED_FACE('',(#2884),#2907,.F.);
#2884 = FACE_BOUND('',#2885,.F.);
#2885 = EDGE_LOOP('',(#2886,#2887,#2896,#2897,#2898));
#2886 = ORIENTED_EDGE('',*,*,#1396,.T.);
#2887 = ORIENTED_EDGE('',*,*,#2888,.T.);
#2888 = EDGE_CURVE('',#1397,#1206,#2889,.T.);
#2889 = B_SPLINE_CURVE_WITH_KNOTS('',3,(#2890,#2891,#2892,#2893,#2894,
    #2895),.UNSPECIFIED.,.F.,.F.,(4,2,4),(2.387142853609,2.590239289766,
    4.849973952826),.UNSPECIFIED.);
#2890 = CARTESIAN_POINT('',(268.08172597724,93.683041199089,
    5.728817854019));
#2891 = CARTESIAN_POINT('',(268.14932203512,93.683041199089,
    5.73254835704));
#2892 = CARTESIAN_POINT('',(268.21691661842,93.683041199089,
    5.736304681932));
#2893 = CARTESIAN_POINT('',(269.03657816489,93.683041199089,
    5.78216853915));
#2894 = CARTESIAN_POINT('',(269.78847501875,93.683041199089,
    5.827447597818));
#2895 = CARTESIAN_POINT('',(270.54016031308,93.683041199089,
    5.875922849162));
#2896 = ORIENTED_EDGE('',*,*,#1205,.T.);
#2897 = ORIENTED_EDGE('',*,*,#158,.T.);
#2898 = ORIENTED_EDGE('',*,*,#2899,.T.);
#2899 = EDGE_CURVE('',#24,#1387,#2900,.T.);
#2900 = B_SPLINE_CURVE_WITH_KNOTS('',3,(#2901,#2902,#2903,#2904,#2905,
    #2906),.UNSPECIFIED.,.F.,.F.,(4,2,4),(0.150211354418,3.720588323644,
    4.880920533726),.UNSPECIFIED.);
#2901 = CARTESIAN_POINT('',(265.72635753241,100.71034393354,
    4.491124367122));
#2902 = CARTESIAN_POINT('',(265.72635753241,99.535004538884,
    4.678144113118));
#2903 = CARTESIAN_POINT('',(265.72635753241,98.35966514422,
    4.865163859115));
#2904 = CARTESIAN_POINT('',(265.72635753241,96.802353714338,
    5.112962911351));
#2905 = CARTESIAN_POINT('',(265.72635753241,96.420381679134,
    5.17374221759));
#2906 = CARTESIAN_POINT('',(265.72635753241,96.038409643923,
    5.234521523829));
#2907 = B_SPLINE_SURFACE_WITH_KNOTS('',3,3,(
    (#2908,#2909,#2910,#2911)
    ,(#2912,#2913,#2914,#2915)
    ,(#2916,#2917,#2918,#2919)
    ,(#2920,#2921,#2922,#2923
    )),.UNSPECIFIED.,.F.,.F.,.F.,(4,4),(4,4),(3.325694756446E-02,
    6.00148704742E-02),(0.134668245939,0.152875334963),
  .PIECEWISE_BEZIER_KNOTS.);
#2908 = CARTESIAN_POINT('',(265.72635753241,100.71034393355,
    4.49112436712));
#2909 = CARTESIAN_POINT('',(267.35620020858,100.72205320699,
    4.564712160135));
#2910 = CARTESIAN_POINT('',(268.9850660597,100.73608898586,
    4.652921048244));
#2911 = CARTESIAN_POINT('',(270.61255254516,100.75244618784,
    4.755719091151));
#2912 = CARTESIAN_POINT('',(265.72635753241,98.354117618845,
    4.866046580134));
#2913 = CARTESIAN_POINT('',(267.35620020858,98.365826892288,
    4.939634373148));
#2914 = CARTESIAN_POINT('',(268.9850660597,98.379862671158,
    5.027843261257));
#2915 = CARTESIAN_POINT('',(270.61255254516,98.396219873139,
    5.130641304164));
#2916 = CARTESIAN_POINT('',(265.72635753241,95.997891304127,
    5.240968793147));
#2917 = CARTESIAN_POINT('',(267.35620020858,96.00960057757,
    5.314556586161));
#2918 = CARTESIAN_POINT('',(268.9850660597,96.023636356447,5.40276547427
    ));
#2919 = CARTESIAN_POINT('',(270.61255254516,96.039993558428,
    5.505563517177));
#2920 = CARTESIAN_POINT('',(265.72635753241,93.641664989416,
    5.61589100616));
#2921 = CARTESIAN_POINT('',(267.35620020858,93.65337426286,
    5.689478799174));
#2922 = CARTESIAN_POINT('',(268.9850660597,93.667410041729,
    5.777687687283));
#2923 = CARTESIAN_POINT('',(270.61255254516,93.683767243711,
    5.88048573019));
#2924 = ADVANCED_FACE('',(#2925,#2995),#3001,.F.);
#2925 = FACE_BOUND('',#2926,.T.);
#2926 = EDGE_LOOP('',(#2927,#2937,#2946,#2954,#2963,#2971,#2980,#2988));
#2927 = ORIENTED_EDGE('',*,*,#2928,.T.);
#2928 = EDGE_CURVE('',#2929,#2931,#2933,.T.);
#2929 = VERTEX_POINT('',#2930);
#2930 = CARTESIAN_POINT('',(274.35760753241,102.10804119908,
    2.736477711096E-12));
#2931 = VERTEX_POINT('',#2932);
#2932 = CARTESIAN_POINT('',(274.35760753241,84.608041199084,
    2.736477711096E-12));
#2933 = LINE('',#2934,#2935);
#2934 = CARTESIAN_POINT('',(274.35760753241,84.608041199084,
    2.736477711096E-12));
#2935 = VECTOR('',#2936,1.);
#2936 = DIRECTION('',(-1.54074395551E-33,-1.,0.));
#2937 = ORIENTED_EDGE('',*,*,#2938,.T.);
#2938 = EDGE_CURVE('',#2931,#2939,#2941,.T.);
#2939 = VERTEX_POINT('',#2940);
#2940 = CARTESIAN_POINT('',(274.10760753241,84.358041199084,
    2.736477711096E-12));
#2941 = CIRCLE('',#2942,0.25);
#2942 = AXIS2_PLACEMENT_3D('',#2943,#2944,#2945);
#2943 = CARTESIAN_POINT('',(274.10760753241,84.608041199084,
    2.736477711096E-12));
#2944 = DIRECTION('',(0.,0.,-1.));
#2945 = DIRECTION('',(7.105427357601E-15,-1.,0.));
#2946 = ORIENTED_EDGE('',*,*,#2947,.T.);
#2947 = EDGE_CURVE('',#2939,#2948,#2950,.T.);
#2948 = VERTEX_POINT('',#2949);
#2949 = CARTESIAN_POINT('',(232.79510753241,84.358041199084,
    2.738254067935E-12));
#2950 = LINE('',#2951,#2952);
#2951 = CARTESIAN_POINT('',(232.79510753241,84.358041199084,
    2.738254067935E-12));
#2952 = VECTOR('',#2953,1.);
#2953 = DIRECTION('',(-1.,-1.54074395551E-33,1.015061051086E-16));
#2954 = ORIENTED_EDGE('',*,*,#2955,.T.);
#2955 = EDGE_CURVE('',#2948,#2956,#2958,.T.);
#2956 = VERTEX_POINT('',#2957);
#2957 = CARTESIAN_POINT('',(232.54510753241,84.608041199084,
    2.738254067935E-12));
#2958 = CIRCLE('',#2959,0.25);
#2959 = AXIS2_PLACEMENT_3D('',#2960,#2961,#2962);
#2960 = CARTESIAN_POINT('',(232.79510753241,84.608041199084,
    2.738254067935E-12));
#2961 = DIRECTION('',(0.,0.,-1.));
#2962 = DIRECTION('',(-1.,-7.105427357601E-15,-0.));
#2963 = ORIENTED_EDGE('',*,*,#2964,.T.);
#2964 = EDGE_CURVE('',#2956,#2965,#2967,.T.);
#2965 = VERTEX_POINT('',#2966);
#2966 = CARTESIAN_POINT('',(232.54510753241,102.10804119908,
    2.738254067935E-12));
#2967 = LINE('',#2968,#2969);
#2968 = CARTESIAN_POINT('',(232.54510753241,102.10804119908,
    2.738254067935E-12));
#2969 = VECTOR('',#2970,1.);
#2970 = DIRECTION('',(1.54074395551E-33,1.,0.));
#2971 = ORIENTED_EDGE('',*,*,#2972,.T.);
#2972 = EDGE_CURVE('',#2965,#2973,#2975,.T.);
#2973 = VERTEX_POINT('',#2974);
#2974 = CARTESIAN_POINT('',(232.79510753241,102.35804119908,
    2.738254067935E-12));
#2975 = CIRCLE('',#2976,0.25);
#2976 = AXIS2_PLACEMENT_3D('',#2977,#2978,#2979);
#2977 = CARTESIAN_POINT('',(232.79510753241,102.10804119908,
    2.738254067935E-12));
#2978 = DIRECTION('',(0.,0.,-1.));
#2979 = DIRECTION('',(-7.105427357601E-15,1.,0.));
#2980 = ORIENTED_EDGE('',*,*,#2981,.T.);
#2981 = EDGE_CURVE('',#2973,#2982,#2984,.T.);
#2982 = VERTEX_POINT('',#2983);
#2983 = CARTESIAN_POINT('',(274.10760753241,102.35804119908,
    2.736477711096E-12));
#2984 = LINE('',#2985,#2986);
#2985 = CARTESIAN_POINT('',(250.29510753241,102.35804119908,
    2.736477711096E-12));
#2986 = VECTOR('',#2987,1.);
#2987 = DIRECTION('',(1.,1.54074395551E-33,-1.015061051086E-16));
#2988 = ORIENTED_EDGE('',*,*,#2989,.T.);
#2989 = EDGE_CURVE('',#2982,#2929,#2990,.T.);
#2990 = CIRCLE('',#2991,0.25);
#2991 = AXIS2_PLACEMENT_3D('',#2992,#2993,#2994);
#2992 = CARTESIAN_POINT('',(274.10760753241,102.10804119908,
    2.736477711096E-12));
#2993 = DIRECTION('',(0.,0.,-1.));
#2994 = DIRECTION('',(1.,7.105427357601E-15,0.));
#2995 = FACE_BOUND('',#2996,.T.);
#2996 = EDGE_LOOP('',(#2997,#2998,#2999,#3000));
#2997 = ORIENTED_EDGE('',*,*,#1185,.F.);
#2998 = ORIENTED_EDGE('',*,*,#139,.F.);
#2999 = ORIENTED_EDGE('',*,*,#185,.F.);
#3000 = ORIENTED_EDGE('',*,*,#415,.F.);
#3001 = PLANE('',#3002);
#3002 = AXIS2_PLACEMENT_3D('',#3003,#3004,#3005);
#3003 = CARTESIAN_POINT('',(265.35760753241,93.358041199084,
    2.736477711096E-12));
#3004 = DIRECTION('',(1.007310030931E-16,4.511556728623E-51,1.));
#3005 = DIRECTION('',(1.,0.,-1.007310030931E-16));
#3006 = ADVANCED_FACE('',(#3007),#3057,.F.);
#3007 = FACE_BOUND('',#3008,.F.);
#3008 = EDGE_LOOP('',(#3009,#3026,#3035,#3050));
#3009 = ORIENTED_EDGE('',*,*,#3010,.F.);
#3010 = EDGE_CURVE('',#3011,#3013,#3015,.T.);
#3011 = VERTEX_POINT('',#3012);
#3012 = CARTESIAN_POINT('',(271.19442161767,100.18487171095,
    6.152624001782));
#3013 = VERTEX_POINT('',#3014);
#3014 = CARTESIAN_POINT('',(271.16818041083,89.662441085071,
    7.825185781128));
#3015 = B_SPLINE_CURVE_WITH_KNOTS('',3,(#3016,#3017,#3018,#3019,#3020,
    #3021,#3022,#3023,#3024,#3025),.UNSPECIFIED.,.F.,.F.,(4,1,1,1,1,1,1,
    4),(0.,0.761040281279,1.522080562557,3.044161125114,4.566241687672,
    7.610402812786,9.132483375343,10.6545639379),.UNSPECIFIED.);
#3016 = CARTESIAN_POINT('',(271.19442161767,100.18487171095,
    6.152624001782));
#3017 = CARTESIAN_POINT('',(271.19434842794,99.934342614579,
    6.192483209865));
#3018 = CARTESIAN_POINT('',(271.19272940017,99.433271110589,
    6.272104619323));
#3019 = CARTESIAN_POINT('',(271.18978741506,98.431131394871,
    6.431366869662));
#3020 = CARTESIAN_POINT('',(271.18580636083,97.178454117522,
    6.630424722377));
#3021 = CARTESIAN_POINT('',(271.18008054345,95.174175637665,
    6.948959889041));
#3022 = CARTESIAN_POINT('',(271.1747049614,93.16989942301,7.267518390351
    ));
#3023 = CARTESIAN_POINT('',(271.17052296612,91.165633534962,
    7.586155587169));
#3024 = CARTESIAN_POINT('',(271.1682639879,90.163498634618,7.74546323152
    ));
#3025 = CARTESIAN_POINT('',(271.16818041082,89.662441085064,
    7.825185781128));
#3026 = ORIENTED_EDGE('',*,*,#3027,.F.);
#3027 = EDGE_CURVE('',#3028,#3011,#3030,.T.);
#3028 = VERTEX_POINT('',#3029);
#3029 = CARTESIAN_POINT('',(271.43294976381,100.16368883381,
    6.019920573705));
#3030 = CIRCLE('',#3031,0.25);
#3031 = AXIS2_PLACEMENT_3D('',#3032,#3033,#3034);
#3032 = CARTESIAN_POINT('',(271.21100424141,100.14567251529,
    5.906273764011));
#3033 = DIRECTION('',(-2.887815575223E-04,-0.987578857228,0.157123891761
    ));
#3034 = DIRECTION('',(0.8877820896,7.206527406493E-02,0.454587238777));
#3035 = ORIENTED_EDGE('',*,*,#3036,.F.);
#3036 = EDGE_CURVE('',#3037,#3028,#3039,.T.);
#3037 = VERTEX_POINT('',#3038);
#3038 = CARTESIAN_POINT('',(271.42058702478,89.63623238157,
    7.660728490731));
#3039 = B_SPLINE_CURVE_WITH_KNOTS('',3,(#3040,#3041,#3042,#3043,#3044,
    #3045,#3046,#3047,#3048,#3049),.UNSPECIFIED.,.F.,.F.,(4,1,1,1,1,1,1,
    4),(-10.6545639379,-9.132483375343,-7.610402812786,-4.566241687672,
    -3.044161125114,-1.522080562557,-0.761040281279,0.),.UNSPECIFIED.);
#3040 = CARTESIAN_POINT('',(271.42058702478,89.63623238157,
    7.660728490731));
#3041 = CARTESIAN_POINT('',(271.4203788449,90.135627005751,7.58211018965
    ));
#3042 = CARTESIAN_POINT('',(271.42184624113,91.139050861246,
    7.424855904068));
#3043 = CARTESIAN_POINT('',(271.42407760672,93.14352719226,
    7.111464667048));
#3044 = CARTESIAN_POINT('',(271.42699420219,95.1490493401,6.798890360597
    ));
#3045 = CARTESIAN_POINT('',(271.42963659896,97.154463945262,
    6.487214184389));
#3046 = CARTESIAN_POINT('',(271.43142267036,98.407653400871,
    6.292777205467));
#3047 = CARTESIAN_POINT('',(271.43250061978,99.410816876327,
    6.137153907787));
#3048 = CARTESIAN_POINT('',(271.43324338709,99.911533425177,
    6.059321097107));
#3049 = CARTESIAN_POINT('',(271.43294976381,100.16368883381,
    6.019920573706));
#3050 = ORIENTED_EDGE('',*,*,#3051,.F.);
#3051 = EDGE_CURVE('',#3013,#3037,#3052,.T.);
#3052 = CIRCLE('',#3053,0.25);
#3053 = AXIS2_PLACEMENT_3D('',#3054,#3055,#3056);
#3054 = CARTESIAN_POINT('',(271.1847385096,89.623241633402,
    7.578833934465));
#3055 = DIRECTION('',(1.648832356518E-04,0.987577588259,-0.157132046323)
  );
#3056 = DIRECTION('',(-6.623239507588E-02,0.156797806652,0.985407386654)
  );
#3057 = B_SPLINE_SURFACE_WITH_KNOTS('',3,3,(
    (#3058,#3059,#3060,#3061,#3062,#3063,#3064,#3065,#3066,#3067)
    ,(#3068,#3069,#3070,#3071,#3072,#3073,#3074,#3075,#3076,#3077)
    ,(#3078,#3079,#3080,#3081,#3082,#3083,#3084,#3085,#3086,#3087)
    ,(#3088,#3089,#3090,#3091,#3092,#3093,#3094,#3095,#3096,#3097)
    ,(#3098,#3099,#3100,#3101,#3102,#3103,#3104,#3105,#3106,#3107
  )),.UNSPECIFIED.,.F.,.F.,.F.,(4,1,4),(4,1,1,1,1,1,1,4),(0.,
    0.571428571429,1.),(0.,0.761040281279,1.522080562557,3.044161125114,
    4.566241687672,7.610402812786,9.132483375343,10.6545639379),
  .UNSPECIFIED.);
#3058 = CARTESIAN_POINT('',(271.19442161767,100.18487171095,
    6.152624001782));
#3059 = CARTESIAN_POINT('',(271.19434842794,99.934342614579,
    6.192483209865));
#3060 = CARTESIAN_POINT('',(271.19272940017,99.433271110589,
    6.272104619323));
#3061 = CARTESIAN_POINT('',(271.18978741506,98.431131394871,
    6.431366869662));
#3062 = CARTESIAN_POINT('',(271.18580636083,97.178454117522,
    6.630424722377));
#3063 = CARTESIAN_POINT('',(271.18008054345,95.174175637665,
    6.948959889041));
#3064 = CARTESIAN_POINT('',(271.1747049614,93.16989942301,7.267518390351
    ));
#3065 = CARTESIAN_POINT('',(271.17052296612,91.165633534962,
    7.586155587169));
#3066 = CARTESIAN_POINT('',(271.1682639879,90.163498634618,7.74546323152
    ));
#3067 = CARTESIAN_POINT('',(271.16818041082,89.662441085064,
    7.825185781128));
#3068 = CARTESIAN_POINT('',(271.24948499067,100.18543115016,
    6.15624147598));
#3069 = CARTESIAN_POINT('',(271.2495641592,99.934538631191,
    6.196171433639));
#3070 = CARTESIAN_POINT('',(271.24830987519,99.43361983847,6.27579225964
    ));
#3071 = CARTESIAN_POINT('',(271.24616699431,98.431383670933,
    6.435132351904));
#3072 = CARTESIAN_POINT('',(271.24316182519,97.17876523568,
    6.634246771303));
#3073 = CARTESIAN_POINT('',(271.23888377574,95.174490585901,
    6.952887150082));
#3074 = CARTESIAN_POINT('',(271.23475090531,93.170143137497,
    7.271515732622));
#3075 = CARTESIAN_POINT('',(271.23163063961,91.166044886617,
    7.590208273316));
#3076 = CARTESIAN_POINT('',(271.22981674988,90.163668434485,
    7.749569292104));
#3077 = CARTESIAN_POINT('',(271.2299017193,89.663074796219,
    7.829233432508));
#3078 = CARTESIAN_POINT('',(271.34772781371,100.18119731719,
    6.12981091113));
#3079 = CARTESIAN_POINT('',(271.34807940023,99.929641283365,
    6.169669006723));
#3080 = CARTESIAN_POINT('',(271.34748378338,99.428916664161,
    6.248838085473));
#3081 = CARTESIAN_POINT('',(271.34677344808,98.42634946842,
    6.407287423868));
#3082 = CARTESIAN_POINT('',(271.34552689625,97.173634896404,
    6.605250392827));
#3083 = CARTESIAN_POINT('',(271.34384821083,95.169062042354,
    6.922156742536));
#3084 = CARTESIAN_POINT('',(271.3419749507,93.164334161207,
    7.239289086823));
#3085 = CARTESIAN_POINT('',(271.34075224946,91.160289077714,
    7.556583048746));
#3086 = CARTESIAN_POINT('',(271.33975195959,90.157400261523,
    7.715448918231));
#3087 = CARTESIAN_POINT('',(271.34013576186,89.657572110802,
    7.794764632701));
#3088 = CARTESIAN_POINT('',(271.41390004695,100.16946764788,
    6.056207438382));
#3089 = CARTESIAN_POINT('',(271.41425922415,99.917446859712,
    6.09575036885));
#3090 = CARTESIAN_POINT('',(271.41367510186,99.416744830654,
    6.173976040143));
#3091 = CARTESIAN_POINT('',(271.41296362618,98.413744028541,
    6.330432968058));
#3092 = CARTESIAN_POINT('',(271.41165657814,97.160697088664,
    6.525898788972));
#3093 = CARTESIAN_POINT('',(271.40978640941,95.155523327019,
    6.839085446068));
#3094 = CARTESIAN_POINT('',(271.40760500985,93.150214149427,
    7.152957968677));
#3095 = CARTESIAN_POINT('',(271.4060500277,91.145877057505,
    7.467440444157));
#3096 = CARTESIAN_POINT('',(271.40487820365,90.142571732649,
    7.625148325404));
#3097 = CARTESIAN_POINT('',(271.40519972419,89.643112044672,
    7.703951144209));
#3098 = CARTESIAN_POINT('',(271.43294976381,100.16368883381,
    6.019920573706));
#3099 = CARTESIAN_POINT('',(271.43324338709,99.911533425177,
    6.059321097107));
#3100 = CARTESIAN_POINT('',(271.43250061978,99.410816876327,
    6.137153907787));
#3101 = CARTESIAN_POINT('',(271.43142267036,98.407653400871,
    6.292777205467));
#3102 = CARTESIAN_POINT('',(271.42963659896,97.154463945262,
    6.487214184389));
#3103 = CARTESIAN_POINT('',(271.42699420219,95.1490493401,6.798890360597
    ));
#3104 = CARTESIAN_POINT('',(271.42407760672,93.14352719226,
    7.111464667048));
#3105 = CARTESIAN_POINT('',(271.42184624113,91.139050861246,
    7.424855904068));
#3106 = CARTESIAN_POINT('',(271.4203788449,90.135627005751,7.58211018965
    ));
#3107 = CARTESIAN_POINT('',(271.42058702478,89.63623238157,
    7.660728490731));
#3108 = ADVANCED_FACE('',(#3109),#3143,.F.);
#3109 = FACE_BOUND('',#3110,.F.);
#3110 = EDGE_LOOP('',(#3111,#3123,#3132,#3142));
#3111 = ORIENTED_EDGE('',*,*,#3112,.F.);
#3112 = EDGE_CURVE('',#3113,#3011,#3115,.T.);
#3113 = VERTEX_POINT('',#3114);
#3114 = CARTESIAN_POINT('',(269.8176666764,101.65787140654,
    5.829176967438));
#3115 = B_SPLINE_CURVE_WITH_KNOTS('',3,(#3116,#3117,#3118,#3119,#3120,
    #3121,#3122),.UNSPECIFIED.,.F.,.F.,(4,1,1,1,4),(0.,0.322165899361,
    0.966497698084,1.610829496807,2.25516129553),.UNSPECIFIED.);
#3116 = CARTESIAN_POINT('',(269.8176666764,101.65787140654,
    5.829176967437));
#3117 = CARTESIAN_POINT('',(269.92474150193,101.65728022449,
    5.835917133109));
#3118 = CARTESIAN_POINT('',(270.24547273064,101.61188259627,
    5.863244596165));
#3119 = CARTESIAN_POINT('',(270.72151631351,101.34483848911,
    5.936493841948));
#3120 = CARTESIAN_POINT('',(271.10187961691,100.81934006481,
    6.045415698429));
#3121 = CARTESIAN_POINT('',(271.19448358348,100.39698119751,
    6.118877358045));
#3122 = CARTESIAN_POINT('',(271.19442161767,100.18487171095,
    6.152624001782));
#3123 = ORIENTED_EDGE('',*,*,#3124,.F.);
#3124 = EDGE_CURVE('',#3125,#3113,#3127,.T.);
#3125 = VERTEX_POINT('',#3126);
#3126 = CARTESIAN_POINT('',(269.83296258838,101.86770796755,
    5.604534482176));
#3127 = CIRCLE('',#3128,0.25);
#3128 = AXIS2_PLACEMENT_3D('',#3129,#3130,#3131);
#3129 = CARTESIAN_POINT('',(269.83296258838,101.61865929303,
    5.582745546489));
#3130 = DIRECTION('',(0.998009698801,-5.496094693123E-03,
    6.282064980193E-02));
#3131 = DIRECTION('',(1.456629955543E-13,0.996194698092,
    8.715574274728E-02));
#3132 = ORIENTED_EDGE('',*,*,#3133,.F.);
#3133 = EDGE_CURVE('',#3028,#3125,#3134,.T.);
#3134 = B_SPLINE_CURVE_WITH_KNOTS('',3,(#3135,#3136,#3137,#3138,#3139,
    #3140,#3141),.UNSPECIFIED.,.F.,.F.,(4,1,1,1,4),(-2.25516129553,
    -1.610829496807,-0.966497698084,-0.322165899361,0.),.UNSPECIFIED.);
#3135 = CARTESIAN_POINT('',(271.43294976381,100.16368883381,
    6.019920573705));
#3136 = CARTESIAN_POINT('',(271.42612208446,100.41046226192,
    5.994133876916));
#3137 = CARTESIAN_POINT('',(271.31030353802,100.89114705528,
    5.925137011271));
#3138 = CARTESIAN_POINT('',(270.87913637667,101.48647978134,
    5.801733314593));
#3139 = CARTESIAN_POINT('',(270.33930583003,101.80391203408,
    5.69450151983));
#3140 = CARTESIAN_POINT('',(269.96122194113,101.86572149965,
    5.62723991411));
#3141 = CARTESIAN_POINT('',(269.83296258838,101.86770796755,
    5.604534482174));
#3142 = ORIENTED_EDGE('',*,*,#3027,.T.);
#3143 = B_SPLINE_SURFACE_WITH_KNOTS('',3,3,(
    (#3144,#3145,#3146,#3147,#3148,#3149,#3150)
    ,(#3151,#3152,#3153,#3154,#3155,#3156,#3157)
    ,(#3158,#3159,#3160,#3161,#3162,#3163,#3164)
    ,(#3165,#3166,#3167,#3168,#3169,#3170,#3171)
    ,(#3172,#3173,#3174,#3175,#3176,#3177,#3178
  )),.UNSPECIFIED.,.F.,.F.,.F.,(4,1,4),(4,1,1,1,4),(0.,0.571428571429,1.
    ),(0.,0.322165899361,0.966497698084,1.610829496807,2.25516129553),
  .UNSPECIFIED.);
#3144 = CARTESIAN_POINT('',(269.8176666764,101.65787140654,
    5.829176967437));
#3145 = CARTESIAN_POINT('',(269.92474150193,101.65728022449,
    5.835917133109));
#3146 = CARTESIAN_POINT('',(270.24547273064,101.61188259627,
    5.863244596165));
#3147 = CARTESIAN_POINT('',(270.72151631351,101.34483848911,
    5.936493841948));
#3148 = CARTESIAN_POINT('',(271.10187961691,100.81934006481,
    6.045415698429));
#3149 = CARTESIAN_POINT('',(271.19448358348,100.39698119751,
    6.118877358045));
#3150 = CARTESIAN_POINT('',(271.19442161767,100.18487171095,
    6.152624001782));
#3151 = CARTESIAN_POINT('',(269.81863107518,101.72024123413,
    5.81931255408));
#3152 = CARTESIAN_POINT('',(269.93141611538,101.71681964132,
    5.826785416214));
#3153 = CARTESIAN_POINT('',(270.26603895364,101.66234997642,
    5.856337067262));
#3154 = CARTESIAN_POINT('',(270.75579892048,101.38141790385,
    5.932722018075));
#3155 = CARTESIAN_POINT('',(271.14767923101,100.84014773832,
    6.045015097735));
#3156 = CARTESIAN_POINT('',(271.24668538006,100.40535976784,
    6.121007675762));
#3157 = CARTESIAN_POINT('',(271.24948499068,100.18543115016,
    6.15624147598));
#3158 = CARTESIAN_POINT('',(269.82300088539,101.82186392748,
    5.758781740786));
#3159 = CARTESIAN_POINT('',(269.94544374705,101.81438847979,
    5.771715613103));
#3160 = CARTESIAN_POINT('',(270.30379878295,101.74581675668,
    5.814138781563));
#3161 = CARTESIAN_POINT('',(270.81732524649,101.44146304835,
    5.901111834179));
#3162 = CARTESIAN_POINT('',(271.22938058164,100.87257373371,
    6.019168939916));
#3163 = CARTESIAN_POINT('',(271.33981149636,100.41531688594,
    6.095651621925));
#3164 = CARTESIAN_POINT('',(271.34772781371,100.18119731718,
    6.12981091113));
#3165 = CARTESIAN_POINT('',(269.82997576409,101.86358810956,
    5.651624674496));
#3166 = CARTESIAN_POINT('',(269.95731486108,101.85900579235,
    5.671954689667));
#3167 = CARTESIAN_POINT('',(270.33102217392,101.7926942205,
    5.732666795303));
#3168 = CARTESIAN_POINT('',(270.86385663925,101.47705423212,
    5.834111688817));
#3169 = CARTESIAN_POINT('',(271.29041301524,100.88816763583,
    5.956250220817));
#3170 = CARTESIAN_POINT('',(271.40584110165,100.41341566909,
    6.02779307879));
#3171 = CARTESIAN_POINT('',(271.41390004695,100.16946764788,
    6.056207438382));
#3172 = CARTESIAN_POINT('',(269.83296258838,101.86770796755,
    5.604534482174));
#3173 = CARTESIAN_POINT('',(269.96122194113,101.86572149965,
    5.62723991411));
#3174 = CARTESIAN_POINT('',(270.33930583003,101.80391203408,
    5.69450151983));
#3175 = CARTESIAN_POINT('',(270.87913637667,101.48647978134,
    5.801733314593));
#3176 = CARTESIAN_POINT('',(271.31030353802,100.89114705528,
    5.925137011271));
#3177 = CARTESIAN_POINT('',(271.42612208446,100.41046226192,
    5.994133876916));
#3178 = CARTESIAN_POINT('',(271.43294976381,100.16368883381,
    6.019920573705));
#3179 = ADVANCED_FACE('',(#3180),#3212,.F.);
#3180 = FACE_BOUND('',#3181,.F.);
#3181 = EDGE_LOOP('',(#3182,#3193,#3194,#3205));
#3182 = ORIENTED_EDGE('',*,*,#3183,.F.);
#3183 = EDGE_CURVE('',#3013,#3184,#3186,.T.);
#3184 = VERTEX_POINT('',#3185);
#3185 = CARTESIAN_POINT('',(269.74308490315,88.160357397748,
    7.972279750889));
#3186 = B_SPLINE_CURVE_WITH_KNOTS('',3,(#3187,#3188,#3189,#3190,#3191,
    #3192),.UNSPECIFIED.,.F.,.F.,(4,1,1,4),(0.,0.983589415764,
    1.63931569294,2.295041970116),.UNSPECIFIED.);
#3187 = CARTESIAN_POINT('',(271.16818041082,89.662441085064,
    7.825185781128));
#3188 = CARTESIAN_POINT('',(271.16812640216,89.338650797916,
    7.876703590315));
#3189 = CARTESIAN_POINT('',(270.9826173754,88.800303867829,7.94979789893
    ));
#3190 = CARTESIAN_POINT('',(270.39302038656,88.2872082299,7.992827360673
    ));
#3191 = CARTESIAN_POINT('',(269.96102076039,88.16603371907,
    7.984841864292));
#3192 = CARTESIAN_POINT('',(269.74308490316,88.160357397741,
    7.97227975089));
#3193 = ORIENTED_EDGE('',*,*,#3051,.T.);
#3194 = ORIENTED_EDGE('',*,*,#3195,.F.);
#3195 = EDGE_CURVE('',#3196,#3037,#3198,.T.);
#3196 = VERTEX_POINT('',#3197);
#3197 = CARTESIAN_POINT('',(269.75831111119,87.893298693838,
    7.828733558195));
#3198 = B_SPLINE_CURVE_WITH_KNOTS('',3,(#3199,#3200,#3201,#3202,#3203,
    #3204),.UNSPECIFIED.,.F.,.F.,(4,1,1,4),(-2.295041970116,
    -1.63931569294,-0.983589415764,0.),.UNSPECIFIED.);
#3199 = CARTESIAN_POINT('',(269.7583111112,87.893298693831,
    7.828733558198));
#3200 = CARTESIAN_POINT('',(270.01531119274,87.907074793126,
    7.859240363155));
#3201 = CARTESIAN_POINT('',(270.51602299573,88.061131112299,
    7.886932034799));
#3202 = CARTESIAN_POINT('',(271.1897015455,88.652810307765,
    7.841748998737));
#3203 = CARTESIAN_POINT('',(271.41298565823,89.262765529958,
    7.741861903424));
#3204 = CARTESIAN_POINT('',(271.42058702478,89.63623238157,7.66072849073
    ));
#3205 = ORIENTED_EDGE('',*,*,#3206,.F.);
#3206 = EDGE_CURVE('',#3184,#3196,#3207,.T.);
#3207 = CIRCLE('',#3208,0.25);
#3208 = AXIS2_PLACEMENT_3D('',#3209,#3210,#3211);
#3209 = CARTESIAN_POINT('',(269.75831111119,88.12114461435,
    7.725844119929));
#3210 = DIRECTION('',(0.998005785998,2.597855788226E-02,
    5.752882447364E-02));
#3211 = DIRECTION('',(-6.09048321526E-02,0.156851133608,0.98574252384));
#3212 = B_SPLINE_SURFACE_WITH_KNOTS('',3,3,(
    (#3213,#3214,#3215,#3216,#3217,#3218)
    ,(#3219,#3220,#3221,#3222,#3223,#3224)
    ,(#3225,#3226,#3227,#3228,#3229,#3230)
    ,(#3231,#3232,#3233,#3234,#3235,#3236)
    ,(#3237,#3238,#3239,#3240,#3241,#3242
    )),.UNSPECIFIED.,.F.,.F.,.F.,(4,1,4),(4,1,1,4),(0.,0.571428571429,1.
    ),(0.,0.983589415764,1.63931569294,2.295041970116),.UNSPECIFIED.);
#3213 = CARTESIAN_POINT('',(271.16818041082,89.662441085064,
    7.825185781128));
#3214 = CARTESIAN_POINT('',(271.16812640216,89.338650797916,
    7.876703590315));
#3215 = CARTESIAN_POINT('',(270.9826173754,88.800303867829,7.94979789893
    ));
#3216 = CARTESIAN_POINT('',(270.39302038656,88.2872082299,7.992827360673
    ));
#3217 = CARTESIAN_POINT('',(269.96102076039,88.16603371907,
    7.984841864292));
#3218 = CARTESIAN_POINT('',(269.74308490316,88.160357397741,
    7.97227975089));
#3219 = CARTESIAN_POINT('',(271.2299017193,89.663074796219,
    7.829233432508));
#3220 = CARTESIAN_POINT('',(271.22548883339,89.325570200563,
    7.882534461638));
#3221 = CARTESIAN_POINT('',(271.02959993275,88.77051176058,
    7.957483155808));
#3222 = CARTESIAN_POINT('',(270.42045602506,88.238615084272,
    8.002152570921));
#3223 = CARTESIAN_POINT('',(269.97232632651,88.108204782518,
    7.994661815796));
#3224 = CARTESIAN_POINT('',(269.74411547461,88.09900792269,
    7.982105340487));
#3225 = CARTESIAN_POINT('',(271.34013576186,89.657572110809,
    7.794764632701));
#3226 = CARTESIAN_POINT('',(271.32799424018,89.297292340729,
    7.857549142137));
#3227 = CARTESIAN_POINT('',(271.11359930158,88.71355607517,
    7.940363657093));
#3228 = CARTESIAN_POINT('',(270.47038220632,88.148752685898,
    7.986779808625));
#3229 = CARTESIAN_POINT('',(269.99427256689,88.001426157498,
    7.974708329639));
#3230 = CARTESIAN_POINT('',(269.74849976821,87.985550529622,
    7.957281420601));
#3231 = CARTESIAN_POINT('',(271.40519972419,89.643112044672,
    7.703951144209));
#3232 = CARTESIAN_POINT('',(271.39466777826,89.271670373513,
    7.780258525762));
#3233 = CARTESIAN_POINT('',(271.17214239325,88.668011744689,
    7.87517181576));
#3234 = CARTESIAN_POINT('',(270.50551210732,88.082092274817,
    7.920957079483));
#3235 = CARTESIAN_POINT('',(270.01047137265,87.928098289703,
    7.897970481491));
#3236 = CARTESIAN_POINT('',(269.75536929323,87.912441049906,
    7.87112379585));
#3237 = CARTESIAN_POINT('',(271.42058702478,89.63623238157,7.66072849073
    ));
#3238 = CARTESIAN_POINT('',(271.41298565823,89.262765529958,
    7.741861903424));
#3239 = CARTESIAN_POINT('',(271.1897015455,88.652810307765,
    7.841748998737));
#3240 = CARTESIAN_POINT('',(270.51602299573,88.061131112299,
    7.886932034799));
#3241 = CARTESIAN_POINT('',(270.01531119274,87.907074793126,
    7.859240363155));
#3242 = CARTESIAN_POINT('',(269.7583111112,87.893298693831,
    7.828733558198));
#3243 = ADVANCED_FACE('',(#3244),#3272,.F.);
#3244 = FACE_BOUND('',#3245,.F.);
#3245 = EDGE_LOOP('',(#3246,#3255,#3264,#3271));
#3246 = ORIENTED_EDGE('',*,*,#3247,.F.);
#3247 = EDGE_CURVE('',#3248,#3113,#3250,.T.);
#3248 = VERTEX_POINT('',#3249);
#3249 = CARTESIAN_POINT('',(237.08504838842,101.65787140654,
    5.829176967442));
#3250 = B_SPLINE_CURVE_WITH_KNOTS('',3,(#3251,#3252,#3253,#3254),
  .UNSPECIFIED.,.F.,.F.,(4,4),(0.,32.784946330721),
  .PIECEWISE_BEZIER_KNOTS.);
#3251 = CARTESIAN_POINT('',(237.08504838842,101.65787140654,
    5.829176967442));
#3252 = CARTESIAN_POINT('',(247.98142946191,101.71803255906,
    5.14326958162));
#3253 = CARTESIAN_POINT('',(258.92128560291,101.71803255906,
    5.143269581618));
#3254 = CARTESIAN_POINT('',(269.8176666764,101.65787140654,
    5.829176967438));
#3255 = ORIENTED_EDGE('',*,*,#3256,.F.);
#3256 = EDGE_CURVE('',#3257,#3248,#3259,.T.);
#3257 = VERTEX_POINT('',#3258);
#3258 = CARTESIAN_POINT('',(237.06975247645,101.86770796755,
    5.604534482179));
#3259 = CIRCLE('',#3260,0.25);
#3260 = AXIS2_PLACEMENT_3D('',#3261,#3262,#3263);
#3261 = CARTESIAN_POINT('',(237.06975247645,101.61865929303,
    5.582745546493));
#3262 = DIRECTION('',(0.998009698801,5.496094690234E-03,
    -6.28206498017E-02));
#3263 = DIRECTION('',(2.586376425529E-12,0.996194698092,
    8.715574274522E-02));
#3264 = ORIENTED_EDGE('',*,*,#3265,.F.);
#3265 = EDGE_CURVE('',#3125,#3257,#3266,.T.);
#3266 = B_SPLINE_CURVE_WITH_KNOTS('',3,(#3267,#3268,#3269,#3270),
  .UNSPECIFIED.,.F.,.F.,(4,4),(-32.78494633072,0.),
  .PIECEWISE_BEZIER_KNOTS.);
#3267 = CARTESIAN_POINT('',(269.83296258838,101.86770796755,
    5.604534482175));
#3268 = CARTESIAN_POINT('',(258.92639778413,101.92777102406,
    4.918010604769));
#3269 = CARTESIAN_POINT('',(247.97631728069,101.92777102406,
    4.918010604771));
#3270 = CARTESIAN_POINT('',(237.06975247645,101.86770796755,
    5.604534482179));
#3271 = ORIENTED_EDGE('',*,*,#3124,.T.);
#3272 = B_SPLINE_SURFACE_WITH_KNOTS('',3,3,(
    (#3273,#3274,#3275,#3276)
    ,(#3277,#3278,#3279,#3280)
    ,(#3281,#3282,#3283,#3284)
    ,(#3285,#3286,#3287,#3288)
    ,(#3289,#3290,#3291,#3292
  )),.UNSPECIFIED.,.F.,.F.,.F.,(4,1,4),(4,4),(0.,0.571428571429,1.),(0.,
    32.784946330721),.UNSPECIFIED.);
#3273 = CARTESIAN_POINT('',(237.08504838842,101.65787140654,
    5.829176967442));
#3274 = CARTESIAN_POINT('',(247.98142946191,101.71803255906,
    5.14326958162));
#3275 = CARTESIAN_POINT('',(258.92128560291,101.71803255906,
    5.143269581618));
#3276 = CARTESIAN_POINT('',(269.8176666764,101.65787140654,
    5.829176967438));
#3277 = CARTESIAN_POINT('',(237.08408398964,101.72024123413,
    5.819312554085));
#3278 = CARTESIAN_POINT('',(247.98108952941,101.78037008603,
    5.13333068401));
#3279 = CARTESIAN_POINT('',(258.92162553541,101.78037008603,
    5.133330684008));
#3280 = CARTESIAN_POINT('',(269.81863107518,101.72024123413,
    5.819312554081));
#3281 = CARTESIAN_POINT('',(237.07971417943,101.82186392748,
    5.758781740789));
#3282 = CARTESIAN_POINT('',(247.9796469544,101.88192812243,
    5.072603866192));
#3283 = CARTESIAN_POINT('',(258.92306811042,101.88192812243,
    5.07260386619));
#3284 = CARTESIAN_POINT('',(269.82300088539,101.82186392748,
    5.758781740785));
#3285 = CARTESIAN_POINT('',(237.07273930074,101.86358810956,
    5.651624674501));
#3286 = CARTESIAN_POINT('',(247.97731689745,101.92364195799,
    4.965203722197));
#3287 = CARTESIAN_POINT('',(258.92539816737,101.92364195799,
    4.965203722196));
#3288 = CARTESIAN_POINT('',(269.82997576409,101.86358810956,
    5.651624674497));
#3289 = CARTESIAN_POINT('',(237.06975247645,101.86770796755,
    5.604534482179));
#3290 = CARTESIAN_POINT('',(247.97631728069,101.92777102406,
    4.918010604771));
#3291 = CARTESIAN_POINT('',(258.92639778413,101.92777102406,
    4.918010604769));
#3292 = CARTESIAN_POINT('',(269.83296258838,101.86770796755,
    5.604534482175));
#3293 = ADVANCED_FACE('',(#3294),#3322,.F.);
#3294 = FACE_BOUND('',#3295,.F.);
#3295 = EDGE_LOOP('',(#3296,#3305,#3306,#3315));
#3296 = ORIENTED_EDGE('',*,*,#3297,.F.);
#3297 = EDGE_CURVE('',#3184,#3298,#3300,.T.);
#3298 = VERTEX_POINT('',#3299);
#3299 = CARTESIAN_POINT('',(237.15963016167,88.160357397748,
    7.972279750892));
#3300 = B_SPLINE_CURVE_WITH_KNOTS('',3,(#3301,#3302,#3303,#3304),
  .UNSPECIFIED.,.F.,.F.,(4,4),(0.,32.635586860995),
  .PIECEWISE_BEZIER_KNOTS.);
#3301 = CARTESIAN_POINT('',(269.74308490316,88.160357397748,
    7.972279750889));
#3302 = CARTESIAN_POINT('',(258.8963873609,87.87784610573,7.347061641793
    ));
#3303 = CARTESIAN_POINT('',(248.00632770393,87.87784610573,
    7.347061641794));
#3304 = CARTESIAN_POINT('',(237.15963016168,88.160357397748,
    7.972279750892));
#3305 = ORIENTED_EDGE('',*,*,#3206,.T.);
#3306 = ORIENTED_EDGE('',*,*,#3307,.F.);
#3307 = EDGE_CURVE('',#3308,#3196,#3310,.T.);
#3308 = VERTEX_POINT('',#3309);
#3309 = CARTESIAN_POINT('',(237.14440395364,87.893298693838,
    7.828733558198));
#3310 = B_SPLINE_CURVE_WITH_KNOTS('',3,(#3311,#3312,#3313,#3314),
  .UNSPECIFIED.,.F.,.F.,(4,4),(-32.63558686099,0.),
  .PIECEWISE_BEZIER_KNOTS.);
#3311 = CARTESIAN_POINT('',(237.14440395364,87.893298693831,7.8287335582
    ));
#3312 = CARTESIAN_POINT('',(248.00123879254,87.610690199734,
    7.20290457549));
#3313 = CARTESIAN_POINT('',(258.90147627229,87.610690199734,
    7.202904575489));
#3314 = CARTESIAN_POINT('',(269.7583111112,87.893298693831,
    7.828733558197));
#3315 = ORIENTED_EDGE('',*,*,#3316,.F.);
#3316 = EDGE_CURVE('',#3298,#3308,#3317,.T.);
#3317 = CIRCLE('',#3318,0.25);
#3318 = AXIS2_PLACEMENT_3D('',#3319,#3320,#3321);
#3319 = CARTESIAN_POINT('',(237.14440395364,88.12114461435,
    7.725844119932));
#3320 = DIRECTION('',(0.998005785998,-2.597855788221E-02,
    -5.752882447388E-02));
#3321 = DIRECTION('',(6.090483215283E-02,0.156851133608,0.98574252384));
#3322 = B_SPLINE_SURFACE_WITH_KNOTS('',3,3,(
    (#3323,#3324,#3325,#3326)
    ,(#3327,#3328,#3329,#3330)
    ,(#3331,#3332,#3333,#3334)
    ,(#3335,#3336,#3337,#3338)
    ,(#3339,#3340,#3341,#3342
  )),.UNSPECIFIED.,.F.,.F.,.F.,(4,1,4),(4,4),(0.,0.571428571429,1.),(0.,
    32.635586860995),.UNSPECIFIED.);
#3323 = CARTESIAN_POINT('',(269.74308490316,88.160357397748,
    7.972279750889));
#3324 = CARTESIAN_POINT('',(258.8963873609,87.87784610573,7.347061641793
    ));
#3325 = CARTESIAN_POINT('',(248.00632770393,87.87784610573,
    7.347061641794));
#3326 = CARTESIAN_POINT('',(237.15963016168,88.160357397748,
    7.972279750892));
#3327 = CARTESIAN_POINT('',(269.74411547461,88.099007922698,
    7.982105340488));
#3328 = CARTESIAN_POINT('',(258.89674840774,87.816504235278,
    7.356801218301));
#3329 = CARTESIAN_POINT('',(248.00596665709,87.816504235278,
    7.356801218302));
#3330 = CARTESIAN_POINT('',(237.15859959023,88.099007922698,
    7.982105340492));
#3331 = CARTESIAN_POINT('',(269.74849976821,87.985550529622,
    7.957281420602));
#3332 = CARTESIAN_POINT('',(258.89819721246,87.703048666175,
    7.331769282191));
#3333 = CARTESIAN_POINT('',(248.00451785237,87.703048666175,
    7.331769282192));
#3334 = CARTESIAN_POINT('',(237.15421529663,87.985550529622,
    7.957281420605));
#3335 = CARTESIAN_POINT('',(269.75536929324,87.912441049906,
    7.87112379585));
#3336 = CARTESIAN_POINT('',(258.90049189159,87.62987380346,
    7.245385656443));
#3337 = CARTESIAN_POINT('',(248.00222317324,87.62987380346,
    7.245385656444));
#3338 = CARTESIAN_POINT('',(237.1473457716,87.912441049906,
    7.871123795853));
#3339 = CARTESIAN_POINT('',(269.7583111112,87.893298693831,
    7.828733558197));
#3340 = CARTESIAN_POINT('',(258.90147627229,87.610690199734,
    7.202904575489));
#3341 = CARTESIAN_POINT('',(248.00123879254,87.610690199734,
    7.20290457549));
#3342 = CARTESIAN_POINT('',(237.14440395364,87.893298693831,7.8287335582
    ));
#3343 = ADVANCED_FACE('',(#3344),#3376,.F.);
#3344 = FACE_BOUND('',#3345,.F.);
#3345 = EDGE_LOOP('',(#3346,#3357,#3366,#3375));
#3346 = ORIENTED_EDGE('',*,*,#3347,.F.);
#3347 = EDGE_CURVE('',#3348,#3248,#3350,.T.);
#3348 = VERTEX_POINT('',#3349);
#3349 = CARTESIAN_POINT('',(235.70829344715,100.18487171095,
    6.152624001786));
#3350 = B_SPLINE_CURVE_WITH_KNOTS('',3,(#3351,#3352,#3353,#3354,#3355,
    #3356),.UNSPECIFIED.,.F.,.F.,(4,1,1,4),(0.,0.966504898403,
    1.610841497338,2.255178096273),.UNSPECIFIED.);
#3351 = CARTESIAN_POINT('',(235.70829344715,100.18487171095,
    6.152624001786));
#3352 = CARTESIAN_POINT('',(235.70820049776,100.50303831108,
    6.102003659067));
#3353 = CARTESIAN_POINT('',(235.88292611065,101.0289628341,
    6.006468638233));
#3354 = CARTESIAN_POINT('',(236.44781979894,101.53681154306,
    5.888552608424));
#3355 = CARTESIAN_POINT('',(236.87089714197,101.65668903363,
    5.842657399214));
#3356 = CARTESIAN_POINT('',(237.08504838842,101.65787140654,
    5.829176967442));
#3357 = ORIENTED_EDGE('',*,*,#3358,.F.);
#3358 = EDGE_CURVE('',#3359,#3348,#3361,.T.);
#3359 = VERTEX_POINT('',#3360);
#3360 = CARTESIAN_POINT('',(235.46976530101,100.16368883381,
    6.019920573709));
#3361 = CIRCLE('',#3362,0.25);
#3362 = AXIS2_PLACEMENT_3D('',#3363,#3364,#3365);
#3363 = CARTESIAN_POINT('',(235.69171082341,100.14567251529,
    5.906273764015));
#3364 = DIRECTION('',(-2.88781557746E-04,0.987578857228,-0.157123891761)
  );
#3365 = DIRECTION('',(-0.8877820896,7.206527406471E-02,0.454587238777));
#3366 = ORIENTED_EDGE('',*,*,#3367,.F.);
#3367 = EDGE_CURVE('',#3257,#3359,#3368,.T.);
#3368 = B_SPLINE_CURVE_WITH_KNOTS('',3,(#3369,#3370,#3371,#3372,#3373,
    #3374),.UNSPECIFIED.,.F.,.F.,(4,1,1,4),(-2.255178096273,
    -1.610841497338,-0.966504898403,0.),.UNSPECIFIED.);
#3369 = CARTESIAN_POINT('',(237.06975247644,101.86770796755,
    5.60453448218));
#3370 = CARTESIAN_POINT('',(236.81323185991,101.86373500216,
    5.649945684358));
#3371 = CARTESIAN_POINT('',(236.32366438234,101.7104511274,
    5.738042196101));
#3372 = CARTESIAN_POINT('',(235.6880428818,101.1265808869,5.885454590361
    ));
#3373 = CARTESIAN_POINT('',(235.48000689634,100.53385173364,
    5.981240240361));
#3374 = CARTESIAN_POINT('',(235.46976530102,100.16368883381,
    6.019920573707));
#3375 = ORIENTED_EDGE('',*,*,#3256,.T.);
#3376 = B_SPLINE_SURFACE_WITH_KNOTS('',3,3,(
    (#3377,#3378,#3379,#3380,#3381,#3382)
    ,(#3383,#3384,#3385,#3386,#3387,#3388)
    ,(#3389,#3390,#3391,#3392,#3393,#3394)
    ,(#3395,#3396,#3397,#3398,#3399,#3400)
    ,(#3401,#3402,#3403,#3404,#3405,#3406
    )),.UNSPECIFIED.,.F.,.F.,.F.,(4,1,4),(4,1,1,4),(0.,0.571428571429,1.
    ),(0.,0.966504898403,1.610841497338,2.255178096273),.UNSPECIFIED.);
#3377 = CARTESIAN_POINT('',(235.70829344715,100.18487171095,
    6.152624001786));
#3378 = CARTESIAN_POINT('',(235.70820049776,100.50303831108,
    6.102003659067));
#3379 = CARTESIAN_POINT('',(235.88292611065,101.0289628341,
    6.006468638233));
#3380 = CARTESIAN_POINT('',(236.44781979894,101.53681154306,
    5.888552608424));
#3381 = CARTESIAN_POINT('',(236.87089714197,101.65668903363,
    5.842657399214));
#3382 = CARTESIAN_POINT('',(237.08504838842,101.65787140654,
    5.829176967442));
#3383 = CARTESIAN_POINT('',(235.65323007415,100.18543115016,
    6.156241475985));
#3384 = CARTESIAN_POINT('',(235.65742952136,100.51532653436,
    6.103390381924));
#3385 = CARTESIAN_POINT('',(235.84031401194,101.05515389097,
    6.004924124403));
#3386 = CARTESIAN_POINT('',(236.42069761215,101.58151743715,5.8829930247
    ));
#3387 = CARTESIAN_POINT('',(236.85851222877,101.71339799754,
    5.834258389698));
#3388 = CARTESIAN_POINT('',(237.08408398964,101.72024123413,
    5.819312554085));
#3389 = CARTESIAN_POINT('',(235.55498725113,100.1811973172,
    6.129810911132));
#3390 = CARTESIAN_POINT('',(235.56686181561,100.53237928658,
    6.078571595599));
#3391 = CARTESIAN_POINT('',(235.76430691282,101.09728558785,
    5.978250482306));
#3392 = CARTESIAN_POINT('',(236.37160815926,101.65543681921,
    5.846359122934));
#3393 = CARTESIAN_POINT('',(236.83482663174,101.80691292073,
    5.784649678135));
#3394 = CARTESIAN_POINT('',(237.07971417944,101.82186392749,
    5.758781740789));
#3395 = CARTESIAN_POINT('',(235.48881501788,100.16946764788,
    6.056207438385));
#3396 = CARTESIAN_POINT('',(235.50090352588,100.53539240578,
    6.01358558147));
#3397 = CARTESIAN_POINT('',(235.70694451222,101.12077436113,
    5.916090517924));
#3398 = CARTESIAN_POINT('',(236.33524580519,101.69909698528,
    5.77298962036));
#3399 = CARTESIAN_POINT('',(236.81805920942,101.85442340686,
    5.692285007756));
#3400 = CARTESIAN_POINT('',(237.07273930073,101.86358810956,
    5.651624674501));
#3401 = CARTESIAN_POINT('',(235.46976530102,100.16368883381,
    6.019920573707));
#3402 = CARTESIAN_POINT('',(235.48000689634,100.53385173364,
    5.981240240361));
#3403 = CARTESIAN_POINT('',(235.6880428818,101.1265808869,5.885454590361
    ));
#3404 = CARTESIAN_POINT('',(236.32366438234,101.7104511274,
    5.738042196101));
#3405 = CARTESIAN_POINT('',(236.81323185991,101.86373500216,
    5.649945684358));
#3406 = CARTESIAN_POINT('',(237.06975247644,101.86770796755,
    5.60453448218));
#3407 = ADVANCED_FACE('',(#3408),#3442,.F.);
#3408 = FACE_BOUND('',#3409,.F.);
#3409 = EDGE_LOOP('',(#3410,#3422,#3423,#3435));
#3410 = ORIENTED_EDGE('',*,*,#3411,.F.);
#3411 = EDGE_CURVE('',#3298,#3412,#3414,.T.);
#3412 = VERTEX_POINT('',#3413);
#3413 = CARTESIAN_POINT('',(235.734534654,89.662441085071,7.825185781132
    ));
#3414 = B_SPLINE_CURVE_WITH_KNOTS('',3,(#3415,#3416,#3417,#3418,#3419,
    #3420,#3421),.UNSPECIFIED.,.F.,.F.,(4,1,1,1,4),(1.803369775332E-15,
    0.655726331842,0.983589497763,1.639315829605,2.295042161447),
  .UNSPECIFIED.);
#3415 = CARTESIAN_POINT('',(237.15963016167,88.160357397748,
    7.972279750893));
#3416 = CARTESIAN_POINT('',(236.94169428626,88.16603371955,
    7.984841865343));
#3417 = CARTESIAN_POINT('',(236.6177855576,88.256741581456,
    7.990859189207));
#3418 = CARTESIAN_POINT('',(236.16643630064,88.569579548581,
    7.970314314859));
#3419 = CARTESIAN_POINT('',(235.83250668928,89.014765558131,
    7.92163073177));
#3420 = CARTESIAN_POINT('',(235.73457065978,89.446580875629,
    7.859530990122));
#3421 = CARTESIAN_POINT('',(235.734534654,89.662441085071,7.825185781132
    ));
#3422 = ORIENTED_EDGE('',*,*,#3316,.T.);
#3423 = ORIENTED_EDGE('',*,*,#3424,.F.);
#3424 = EDGE_CURVE('',#3425,#3308,#3427,.T.);
#3425 = VERTEX_POINT('',#3426);
#3426 = CARTESIAN_POINT('',(235.48212804004,89.63623238157,
    7.660728490734));
#3427 = B_SPLINE_CURVE_WITH_KNOTS('',3,(#3428,#3429,#3430,#3431,#3432,
    #3433,#3434),.UNSPECIFIED.,.F.,.F.,(4,1,1,1,4),(-2.295042161447,
    -1.639315829605,-0.983589497763,-0.655726331842,-1.803369775332E-15)
  ,.UNSPECIFIED.);
#3428 = CARTESIAN_POINT('',(235.48212804004,89.636232381577,
    7.660728490733));
#3429 = CARTESIAN_POINT('',(235.48719561816,89.387254459725,
    7.714817437042));
#3430 = CARTESIAN_POINT('',(235.60956982282,88.895038598283,
    7.803978264032));
#3431 = CARTESIAN_POINT('',(235.99426149898,88.387781508041,
    7.864323858153));
#3432 = CARTESIAN_POINT('',(236.51206163583,88.022287646709,
    7.880097000812));
#3433 = CARTESIAN_POINT('',(236.88740385066,87.907074794282,
    7.859240365701));
#3434 = CARTESIAN_POINT('',(237.14440395364,87.893298693838,
    7.828733558199));
#3435 = ORIENTED_EDGE('',*,*,#3436,.F.);
#3436 = EDGE_CURVE('',#3412,#3425,#3437,.T.);
#3437 = CIRCLE('',#3438,0.25);
#3438 = AXIS2_PLACEMENT_3D('',#3439,#3440,#3441);
#3439 = CARTESIAN_POINT('',(235.71797655523,89.62324163341,
    7.578833934468));
#3440 = DIRECTION('',(1.648832355979E-04,-0.987577588259,0.157132046323)
  );
#3441 = DIRECTION('',(6.623239507611E-02,0.156797806652,0.985407386654)
  );
#3442 = B_SPLINE_SURFACE_WITH_KNOTS('',3,3,(
    (#3443,#3444,#3445,#3446,#3447,#3448,#3449)
    ,(#3450,#3451,#3452,#3453,#3454,#3455,#3456)
    ,(#3457,#3458,#3459,#3460,#3461,#3462,#3463)
    ,(#3464,#3465,#3466,#3467,#3468,#3469,#3470)
    ,(#3471,#3472,#3473,#3474,#3475,#3476,#3477
  )),.UNSPECIFIED.,.F.,.F.,.F.,(4,1,4),(4,1,1,1,4),(0.,0.571428571429,1.
    ),(1.803369775332E-15,0.655726331842,0.983589497763,1.639315829605,
    2.295042161447),.UNSPECIFIED.);
#3443 = CARTESIAN_POINT('',(237.15963016167,88.160357397748,
    7.972279750893));
#3444 = CARTESIAN_POINT('',(236.94169428626,88.16603371955,
    7.984841865343));
#3445 = CARTESIAN_POINT('',(236.6177855576,88.256741581456,
    7.990859189207));
#3446 = CARTESIAN_POINT('',(236.16643630064,88.569579548581,
    7.970314314859));
#3447 = CARTESIAN_POINT('',(235.83250668928,89.014765558131,
    7.92163073177));
#3448 = CARTESIAN_POINT('',(235.73457065978,89.446580875629,
    7.859530990122));
#3449 = CARTESIAN_POINT('',(235.734534654,89.662441085071,7.825185781132
    ));
#3450 = CARTESIAN_POINT('',(237.15859959022,88.099007922698,
    7.982105340491));
#3451 = CARTESIAN_POINT('',(236.93038871929,88.10820478329,
    7.994661816847));
#3452 = CARTESIAN_POINT('',(236.594411297,88.205847410689,8.000305834902
    ));
#3453 = CARTESIAN_POINT('',(236.12756236617,88.531662707581,
    7.978724300826));
#3454 = CARTESIAN_POINT('',(235.78138152452,88.991375712736,
    7.928620030106));
#3455 = CARTESIAN_POINT('',(235.67575526971,89.438071713681,
    7.864767454897));
#3456 = CARTESIAN_POINT('',(235.67281334552,89.663074796226,
    7.829233432512));
#3457 = CARTESIAN_POINT('',(237.15421529662,87.985550529622,
    7.957281420602));
#3458 = CARTESIAN_POINT('',(236.90844247745,88.001426158822,
    7.974708331093));
#3459 = CARTESIAN_POINT('',(236.55151561075,88.111778880455,
    7.983772966322));
#3460 = CARTESIAN_POINT('',(236.05770151383,88.460530410943,
    7.962645830509));
#3461 = CARTESIAN_POINT('',(235.68998711201,88.945444344252,
    7.908654435894));
#3462 = CARTESIAN_POINT('',(235.57067365143,89.417385577377,
    7.836620975819));
#3463 = CARTESIAN_POINT('',(235.56257930297,89.657572110809,
    7.794764632702));
#3464 = CARTESIAN_POINT('',(237.1473457716,87.912441049913,
    7.871123795851));
#3465 = CARTESIAN_POINT('',(236.89224367091,87.92809829102,
    7.897970483732));
#3466 = CARTESIAN_POINT('',(236.52115268832,88.043333278074,
    7.915261874087));
#3467 = CARTESIAN_POINT('',(236.00889301384,88.405636046031,
    7.897759283484));
#3468 = CARTESIAN_POINT('',(235.62774328763,88.907708752144,
    7.839162214377));
#3469 = CARTESIAN_POINT('',(235.50453663851,89.395484243243,
    7.754822736159));
#3470 = CARTESIAN_POINT('',(235.49751534064,89.64311204468,
    7.703951144212));
#3471 = CARTESIAN_POINT('',(237.14440395364,87.893298693838,
    7.828733558199));
#3472 = CARTESIAN_POINT('',(236.88740385066,87.907074794282,
    7.859240365701));
#3473 = CARTESIAN_POINT('',(236.51206163583,88.022287646709,
    7.880097000812));
#3474 = CARTESIAN_POINT('',(235.99426149898,88.387781508041,
    7.864323858153));
#3475 = CARTESIAN_POINT('',(235.60956982282,88.895038598283,
    7.803978264032));
#3476 = CARTESIAN_POINT('',(235.48719561816,89.387254459725,
    7.714817437042));
#3477 = CARTESIAN_POINT('',(235.48212804004,89.636232381577,
    7.660728490733));
#3478 = ADVANCED_FACE('',(#3479),#3509,.F.);
#3479 = FACE_BOUND('',#3480,.F.);
#3480 = EDGE_LOOP('',(#3481,#3494,#3495,#3508));
#3481 = ORIENTED_EDGE('',*,*,#3482,.F.);
#3482 = EDGE_CURVE('',#3412,#3348,#3483,.T.);
#3483 = B_SPLINE_CURVE_WITH_KNOTS('',3,(#3484,#3485,#3486,#3487,#3488,
    #3489,#3490,#3491,#3492,#3493),.UNSPECIFIED.,.F.,.F.,(4,1,1,1,1,1,1,
    4),(0.,1.522080545247,3.044161090494,4.566241635741,7.610402726234,
    9.132483271481,9.893523544104,10.654563816728),.UNSPECIFIED.);
#3484 = CARTESIAN_POINT('',(235.734534654,89.662441085071,7.825185781132
    ));
#3485 = CARTESIAN_POINT('',(235.73445107692,90.163498628921,
    7.745463232431));
#3486 = CARTESIAN_POINT('',(235.73217192431,91.165633809767,
    7.586156899464));
#3487 = CARTESIAN_POINT('',(235.72907679977,92.66883277514,
    7.347176292772));
#3488 = CARTESIAN_POINT('',(235.72403591621,94.673106138485,
    7.028595710364));
#3489 = CARTESIAN_POINT('',(235.71847688344,96.677383382215,
    6.710049467093));
#3490 = CARTESIAN_POINT('',(235.71293129644,98.431131413679,
    6.431366621102));
#3491 = CARTESIAN_POINT('',(235.70998326772,99.43327111,6.272104780736)
  );
#3492 = CARTESIAN_POINT('',(235.70836663688,99.934342617416,
    6.192483209418));
#3493 = CARTESIAN_POINT('',(235.70829344715,100.18487171095,
    6.152624001786));
#3494 = ORIENTED_EDGE('',*,*,#3436,.T.);
#3495 = ORIENTED_EDGE('',*,*,#3496,.F.);
#3496 = EDGE_CURVE('',#3359,#3425,#3497,.T.);
#3497 = B_SPLINE_CURVE_WITH_KNOTS('',3,(#3498,#3499,#3500,#3501,#3502,
    #3503,#3504,#3505,#3506,#3507),.UNSPECIFIED.,.F.,.F.,(4,1,1,1,1,1,1,
    4),(-10.65456381672,-9.893523544104,-9.132483271481,-7.610402726234,
    -4.566241635741,-3.044161090494,-1.522080545247,0.),.UNSPECIFIED.);
#3498 = CARTESIAN_POINT('',(235.46976530102,100.16368883381,
    6.019920573709));
#3499 = CARTESIAN_POINT('',(235.46947167774,99.911533428036,
    6.059321096664));
#3500 = CARTESIAN_POINT('',(235.4702119389,99.410811231908,
    6.137154630834));
#3501 = CARTESIAN_POINT('',(235.47129626275,98.407670081717,
    6.292775021166));
#3502 = CARTESIAN_POINT('',(235.47376734855,96.65313014172,
    6.564995982538));
#3503 = CARTESIAN_POINT('',(235.47646929313,94.647739127358,
    6.876952753487));
#3504 = CARTESIAN_POINT('',(235.47921648803,92.642350272319,
    7.189820261308));
#3505 = CARTESIAN_POINT('',(235.48084852457,91.139105551498,
    7.424848215989));
#3506 = CARTESIAN_POINT('',(235.48233621992,90.135627000076,
    7.582110190548));
#3507 = CARTESIAN_POINT('',(235.48212804004,89.636232381577,
    7.660728490734));
#3508 = ORIENTED_EDGE('',*,*,#3358,.T.);
#3509 = B_SPLINE_SURFACE_WITH_KNOTS('',3,3,(
    (#3510,#3511,#3512,#3513,#3514,#3515,#3516,#3517,#3518,#3519)
    ,(#3520,#3521,#3522,#3523,#3524,#3525,#3526,#3527,#3528,#3529)
    ,(#3530,#3531,#3532,#3533,#3534,#3535,#3536,#3537,#3538,#3539)
    ,(#3540,#3541,#3542,#3543,#3544,#3545,#3546,#3547,#3548,#3549)
    ,(#3550,#3551,#3552,#3553,#3554,#3555,#3556,#3557,#3558,#3559
  )),.UNSPECIFIED.,.F.,.F.,.F.,(4,1,4),(4,1,1,1,1,1,1,4),(0.,
    0.571428571429,1.),(0.,1.522080545247,3.044161090494,4.566241635741,
    7.610402726234,9.132483271481,9.893523544104,10.654563816728),
  .UNSPECIFIED.);
#3510 = CARTESIAN_POINT('',(235.734534654,89.662441085071,7.825185781132
    ));
#3511 = CARTESIAN_POINT('',(235.73445107692,90.163498628921,
    7.745463232431));
#3512 = CARTESIAN_POINT('',(235.73217192431,91.165633809767,
    7.586156899464));
#3513 = CARTESIAN_POINT('',(235.72907679977,92.66883277514,
    7.347176292772));
#3514 = CARTESIAN_POINT('',(235.72403591621,94.673106138485,
    7.028595710364));
#3515 = CARTESIAN_POINT('',(235.71847688344,96.677383382215,
    6.710049467093));
#3516 = CARTESIAN_POINT('',(235.71293129644,98.431131413679,
    6.431366621102));
#3517 = CARTESIAN_POINT('',(235.70998326772,99.43327111,6.272104780736)
  );
#3518 = CARTESIAN_POINT('',(235.70836663688,99.934342617416,
    6.192483209418));
#3519 = CARTESIAN_POINT('',(235.70829344715,100.18487171095,
    6.152624001786));
#3520 = CARTESIAN_POINT('',(235.67281334552,89.663074796226,
    7.829233432512));
#3521 = CARTESIAN_POINT('',(235.67289831494,90.163668428795,
    7.749569293014));
#3522 = CARTESIAN_POINT('',(235.67106384545,91.166059405856,
    7.590208422083));
#3523 = CARTESIAN_POINT('',(235.66876564095,92.669103399639,7.3511891327
    ));
#3524 = CARTESIAN_POINT('',(235.66491260304,94.673421134365,
    7.032523798769));
#3525 = CARTESIAN_POINT('',(235.66073004254,96.677704515947,
    6.713897260301));
#3526 = CARTESIAN_POINT('',(235.6565518326,98.431387715718,
    6.435131511323));
#3527 = CARTESIAN_POINT('',(235.65440272236,99.433618515213,
    6.275792659063));
#3528 = CARTESIAN_POINT('',(235.65315090562,99.934538634036,
    6.196171433191));
#3529 = CARTESIAN_POINT('',(235.65323007415,100.18543115016,
    6.156241475985));
#3530 = CARTESIAN_POINT('',(235.56257930296,89.657572110802,
    7.794764632703));
#3531 = CARTESIAN_POINT('',(235.56296310522,90.157400255834,
    7.715448919135));
#3532 = CARTESIAN_POINT('',(235.56194254365,91.160327788872,
    7.556577944951));
#3533 = CARTESIAN_POINT('',(235.56106691716,92.663282026304,
    7.318617789653));
#3534 = CARTESIAN_POINT('',(235.55935204888,94.667932703225,
    7.001416593427));
#3535 = CARTESIAN_POINT('',(235.55766054048,96.672511587167,
    6.684442061751));
#3536 = CARTESIAN_POINT('',(235.55594564378,98.426360521596,
    6.407285578022));
#3537 = CARTESIAN_POINT('',(235.55522870787,99.428913012278,
    6.24883874341));
#3538 = CARTESIAN_POINT('',(235.5546356646,99.929641286202,
    6.169669006275));
#3539 = CARTESIAN_POINT('',(235.55498725112,100.18119731718,
    6.129810911132));
#3540 = CARTESIAN_POINT('',(235.49751534064,89.64311204468,
    7.703951144213));
#3541 = CARTESIAN_POINT('',(235.49783686117,90.142571726974,
    7.625148326305));
#3542 = CARTESIAN_POINT('',(235.49664441071,91.145929015955,
    7.46743316055));
#3543 = CARTESIAN_POINT('',(235.49552017808,92.649074950386,
    7.231585968561));
#3544 = CARTESIAN_POINT('',(235.49349245272,94.654263833087,
    6.917490368581));
#3545 = CARTESIAN_POINT('',(235.49155501223,96.659424844118,
    6.604092145462));
#3546 = CARTESIAN_POINT('',(235.48975539092,98.413759524832,
    6.330430810659));
#3547 = CARTESIAN_POINT('',(235.4890374055,99.416739628388,
    6.173976764313));
#3548 = CARTESIAN_POINT('',(235.48845584068,99.917446862564,
    6.095750368405));
#3549 = CARTESIAN_POINT('',(235.48881501788,100.16946764788,
    6.056207438386));
#3550 = CARTESIAN_POINT('',(235.48212804004,89.636232381577,
    7.660728490734));
#3551 = CARTESIAN_POINT('',(235.48233621992,90.135627000076,
    7.582110190548));
#3552 = CARTESIAN_POINT('',(235.48084852457,91.139105551498,
    7.424848215989));
#3553 = CARTESIAN_POINT('',(235.47921648803,92.642350272319,
    7.189820261308));
#3554 = CARTESIAN_POINT('',(235.47646929313,94.647739127358,
    6.876952753487));
#3555 = CARTESIAN_POINT('',(235.47376734855,96.65313014172,
    6.564995982538));
#3556 = CARTESIAN_POINT('',(235.47129626275,98.407670081717,
    6.292775021166));
#3557 = CARTESIAN_POINT('',(235.4702119389,99.410811231908,
    6.137154630834));
#3558 = CARTESIAN_POINT('',(235.46947167774,99.911533428036,
    6.059321096664));
#3559 = CARTESIAN_POINT('',(235.46976530102,100.16368883381,
    6.019920573709));
#3560 = ADVANCED_FACE('',(#3561),#3577,.T.);
#3561 = FACE_BOUND('',#3562,.T.);
#3562 = EDGE_LOOP('',(#3563,#3564,#3570,#3571));
#3563 = ORIENTED_EDGE('',*,*,#3367,.F.);
#3564 = ORIENTED_EDGE('',*,*,#3565,.T.);
#3565 = EDGE_CURVE('',#3257,#2973,#3566,.T.);
#3566 = LINE('',#3567,#3568);
#3567 = CARTESIAN_POINT('',(237.29510753241,101.84185808428,5.9));
#3568 = VECTOR('',#3569,1.);
#3569 = DIRECTION('',(-0.604987123112,6.93964750271E-02,-0.793205339192)
  );
#3570 = ORIENTED_EDGE('',*,*,#2972,.F.);
#3571 = ORIENTED_EDGE('',*,*,#3572,.F.);
#3572 = EDGE_CURVE('',#3359,#2965,#3573,.T.);
#3573 = LINE('',#3574,#3575);
#3574 = CARTESIAN_POINT('',(235.54510753241,100.11360029101,
    6.174999999999));
#3575 = VECTOR('',#3576,1.);
#3576 = DIRECTION('',(-0.419638213192,0.278981206326,-0.863755322152));
#3577 = B_SPLINE_SURFACE_WITH_KNOTS('',3,3,(
    (#3578,#3579,#3580,#3581)
    ,(#3582,#3583,#3584,#3585)
    ,(#3586,#3587,#3588,#3589)
    ,(#3590,#3591,#3592,#3593)
    ,(#3594,#3595,#3596,#3597)
    ,(#3598,#3599,#3600,#3601)
    ,(#3602,#3603,#3604,#3605
    )),.UNSPECIFIED.,.F.,.F.,.F.,(4,1,1,1,4),(4,4),(0.,0.285714285714,
    0.571428571429,0.714285714286,1.),(2.247989448942E-02,1.),
  .UNSPECIFIED.);
#3578 = CARTESIAN_POINT('',(235.47766784894,100.15843511219,
    6.036186651527));
#3579 = CARTESIAN_POINT('',(234.50014774343,100.80830380782,
    4.024124434353));
#3580 = CARTESIAN_POINT('',(233.52262763792,101.45817250345,
    2.012062217178));
#3581 = CARTESIAN_POINT('',(232.54510753241,102.10804119908,
    2.738254067935E-12));
#3582 = CARTESIAN_POINT('',(235.47766784894,100.41201051564,
    5.995971568427));
#3583 = CARTESIAN_POINT('',(234.50019995355,100.98987982513,
    3.997303382577));
#3584 = CARTESIAN_POINT('',(233.5225754278,101.56757180214,
    1.998668185852));
#3585 = CARTESIAN_POINT('',(232.54510753241,102.14544111162,
    2.738254067935E-12));
#3586 = CARTESIAN_POINT('',(235.59484912333,100.91911178339,
    5.915549258751));
#3587 = CARTESIAN_POINT('',(234.5839848485,101.35277440684,
    3.943707813705));
#3588 = CARTESIAN_POINT('',(233.57304088448,101.78657100672,
    1.971841445049));
#3589 = CARTESIAN_POINT('',(232.56217660965,102.22023363016,
    2.737365889516E-12));
#3590 = CARTESIAN_POINT('',(236.00536763167,101.42691262772,
    5.835016001679));
#3591 = CARTESIAN_POINT('',(234.87761929461,101.71625639258,
    3.890022164872));
#3592 = CARTESIAN_POINT('',(233.74972265899,102.0057855646,
    1.944993836809));
#3593 = CARTESIAN_POINT('',(232.62197432193,102.29512932946,
    2.737365889516E-12));
#3594 = CARTESIAN_POINT('',(236.55256300259,101.76625635018,
    5.781198731501));
#3595 = CARTESIAN_POINT('',(235.26894352379,101.95921193942,
    3.854135967619));
#3596 = CARTESIAN_POINT('',(233.98530039297,102.15222364793,
    1.927062763884));
#3597 = CARTESIAN_POINT('',(232.70168091416,102.34517923718,
    2.737809978726E-12));
#3598 = CARTESIAN_POINT('',(236.93719309593,101.85346182624,
    5.767368622512));
#3599 = CARTESIAN_POINT('',(235.54408854652,102.02150901217,
    3.84493956389));
#3600 = CARTESIAN_POINT('',(234.15081216929,102.18999401314,
    1.922429058625));
#3601 = CARTESIAN_POINT('',(232.75770761987,102.35804119908,
    2.738254067935E-12));
#3602 = CARTESIAN_POINT('',(237.19394800721,101.85346182624,
    5.767368622512));
#3603 = CARTESIAN_POINT('',(235.72766784894,102.02165495052,
    3.844912415009));
#3604 = CARTESIAN_POINT('',(234.26138769068,102.1898480748,
    1.922456207506));
#3605 = CARTESIAN_POINT('',(232.79510753241,102.35804119908,
    2.738254067935E-12));
#3606 = ADVANCED_FACE('',(#3607),#3618,.T.);
#3607 = FACE_BOUND('',#3608,.T.);
#3608 = EDGE_LOOP('',(#3609,#3610,#3616,#3617));
#3609 = ORIENTED_EDGE('',*,*,#3265,.F.);
#3610 = ORIENTED_EDGE('',*,*,#3611,.T.);
#3611 = EDGE_CURVE('',#3125,#2982,#3612,.T.);
#3612 = LINE('',#3613,#3614);
#3613 = CARTESIAN_POINT('',(269.60760753241,101.84185808428,5.9));
#3614 = VECTOR('',#3615,1.);
#3615 = DIRECTION('',(0.604987123112,6.93964750271E-02,-0.793205339192)
  );
#3616 = ORIENTED_EDGE('',*,*,#2981,.F.);
#3617 = ORIENTED_EDGE('',*,*,#3565,.F.);
#3618 = PLANE('',#3619);
#3619 = AXIS2_PLACEMENT_3D('',#3620,#3621,#3622);
#3620 = CARTESIAN_POINT('',(261.10760753241,101.84185808428,5.9));
#3621 = DIRECTION('',(7.651222648233E-18,0.996194698092,
    8.715574274718E-02));
#3622 = DIRECTION('',(0.,-8.715574274718E-02,0.996194698092));
#3623 = ADVANCED_FACE('',(#3624),#3635,.T.);
#3624 = FACE_BOUND('',#3625,.T.);
#3625 = EDGE_LOOP('',(#3626,#3627,#3633,#3634));
#3626 = ORIENTED_EDGE('',*,*,#3133,.F.);
#3627 = ORIENTED_EDGE('',*,*,#3628,.T.);
#3628 = EDGE_CURVE('',#3028,#2929,#3629,.T.);
#3629 = LINE('',#3630,#3631);
#3630 = CARTESIAN_POINT('',(271.35760753241,100.11360029101,
    6.174999999999));
#3631 = VECTOR('',#3632,1.);
#3632 = DIRECTION('',(0.419638213192,0.278981206326,-0.863755322152));
#3633 = ORIENTED_EDGE('',*,*,#2989,.F.);
#3634 = ORIENTED_EDGE('',*,*,#3611,.F.);
#3635 = B_SPLINE_SURFACE_WITH_KNOTS('',3,3,(
    (#3636,#3637,#3638,#3639)
    ,(#3640,#3641,#3642,#3643)
    ,(#3644,#3645,#3646,#3647)
    ,(#3648,#3649,#3650,#3651)
    ,(#3652,#3653,#3654,#3655)
    ,(#3656,#3657,#3658,#3659)
    ,(#3660,#3661,#3662,#3663
    )),.UNSPECIFIED.,.F.,.F.,.F.,(4,1,1,1,4),(4,4),(0.,0.285714285714,
    0.571428571429,0.714285714286,1.),(2.233061144726E-02,1.),
  .UNSPECIFIED.);
#3636 = CARTESIAN_POINT('',(269.70809528392,101.85338476886,
    5.768249392461));
#3637 = CARTESIAN_POINT('',(271.17459936675,102.02160357893,
    3.845499594975));
#3638 = CARTESIAN_POINT('',(272.64110344958,102.189822389,1.922749797489
    ));
#3639 = CARTESIAN_POINT('',(274.10760753241,102.35804119908,
    2.736477711096E-12));
#3640 = CARTESIAN_POINT('',(269.96488369423,101.85338476886,
    5.768249392461));
#3641 = CARTESIAN_POINT('',(271.35831826719,102.02155211773,
    3.845509168292));
#3642 = CARTESIAN_POINT('',(272.751572872,102.18987385021,1.922740224171
    ));
#3643 = CARTESIAN_POINT('',(274.14500744496,102.35804119908,
    2.736477711096E-12));
#3644 = CARTESIAN_POINT('',(270.47841034803,101.73763953408,
    5.786606098202));
#3645 = CARTESIAN_POINT('',(271.72549489729,101.93872421464,
    3.85774226944));
#3646 = CARTESIAN_POINT('',(272.97271541424,102.13988744129,
    1.928863828765));
#3647 = CARTESIAN_POINT('',(274.21979996351,102.34097212184,
    2.737809978726E-12));
#3648 = CARTESIAN_POINT('',(270.99264544257,101.33215187075,
    5.850914730278));
#3649 = CARTESIAN_POINT('',(272.09326612837,101.64844399325,
    3.900618884259));
#3650 = CARTESIAN_POINT('',(273.194074977,101.96488228706,1.950295846022
    ));
#3651 = CARTESIAN_POINT('',(274.2946956628,102.28117440956,
    2.736921800306E-12));
#3652 = CARTESIAN_POINT('',(271.33628892633,100.79166230003,
    5.936634095099));
#3653 = CARTESIAN_POINT('',(272.33908882328,101.26158970155,
    3.957757509021));
#3654 = CARTESIAN_POINT('',(273.34194567357,101.7315404158,
    1.978876586081));
#3655 = CARTESIAN_POINT('',(274.34474557052,102.20146781732,
    2.736921800306E-12));
#3656 = CARTESIAN_POINT('',(271.42459936675,100.41174579291,
    5.996887249722));
#3657 = CARTESIAN_POINT('',(272.40212064789,100.98958777812,
    3.997935335341));
#3658 = CARTESIAN_POINT('',(273.38008625128,101.56759912641,
    1.998951914384));
#3659 = CARTESIAN_POINT('',(274.35760753241,102.14544111162,
    2.736477711096E-12));
#3660 = CARTESIAN_POINT('',(271.42459936675,100.15813737598,
    6.037108474313));
#3661 = CARTESIAN_POINT('',(272.40226875531,100.80810531701,
    4.024738982876));
#3662 = CARTESIAN_POINT('',(273.37993814386,101.45807325805,
    2.012369491439));
#3663 = CARTESIAN_POINT('',(274.35760753241,102.10804119908,
    2.736477711096E-12));
#3664 = ADVANCED_FACE('',(#3665),#3676,.T.);
#3665 = FACE_BOUND('',#3666,.T.);
#3666 = EDGE_LOOP('',(#3667,#3668,#3669,#3670));
#3667 = ORIENTED_EDGE('',*,*,#2928,.F.);
#3668 = ORIENTED_EDGE('',*,*,#3628,.F.);
#3669 = ORIENTED_EDGE('',*,*,#3036,.F.);
#3670 = ORIENTED_EDGE('',*,*,#3671,.T.);
#3671 = EDGE_CURVE('',#3037,#2931,#3672,.T.);
#3672 = LINE('',#3673,#3674);
#3673 = CARTESIAN_POINT('',(271.35760753241,89.744053531402,
    7.824999999996));
#3674 = VECTOR('',#3675,1.);
#3675 = DIRECTION('',(0.305219238612,-0.522536591191,-0.796113514046));
#3676 = B_SPLINE_SURFACE_WITH_KNOTS('',3,3,(
    (#3677,#3678,#3679,#3680)
    ,(#3681,#3682,#3683,#3684)
    ,(#3685,#3686,#3687,#3688)
    ,(#3689,#3690,#3691,#3692
    )),.UNSPECIFIED.,.F.,.F.,.F.,(4,4),(4,4),(0.,1.),(2.094695316712E-02
    ,1.),.PIECEWISE_BEZIER_KNOTS.);
#3677 = CARTESIAN_POINT('',(271.42044839192,100.15537775131,
    6.045652564193));
#3678 = CARTESIAN_POINT('',(272.39950143875,100.80626556723,
    4.030435042796));
#3679 = CARTESIAN_POINT('',(273.37855448558,101.45715338316,
    2.015217521399));
#3680 = CARTESIAN_POINT('',(274.35760753241,102.10804119908,
    2.736477711096E-12));
#3681 = CARTESIAN_POINT('',(271.42044839192,99.266677321226,
    6.186626082749));
#3682 = CARTESIAN_POINT('',(272.39950143875,100.17016538254,4.1244173885
    ));
#3683 = CARTESIAN_POINT('',(273.37855448558,101.07365344386,
    2.062208694251));
#3684 = CARTESIAN_POINT('',(274.35760753241,101.97714150518,
    2.736477711096E-12));
#3685 = CARTESIAN_POINT('',(271.42044839192,90.525170151697,
    7.520116572907));
#3686 = CARTESIAN_POINT('',(272.39950143875,88.596427065466,
    5.013411048606));
#3687 = CARTESIAN_POINT('',(273.37855448558,86.667683979213,
    2.506705524304));
#3688 = CARTESIAN_POINT('',(274.35760753241,84.738940892981,
    2.736477711096E-12));
#3689 = CARTESIAN_POINT('',(271.42044839192,89.636469721612,
    7.661090091463));
#3690 = CARTESIAN_POINT('',(272.39950143875,87.96032688077,5.10739339431
    ));
#3691 = CARTESIAN_POINT('',(273.37855448558,86.284184039927,
    2.553696697156));
#3692 = CARTESIAN_POINT('',(274.35760753241,84.608041199084,
    2.736477711096E-12));
#3693 = ADVANCED_FACE('',(#3694),#3704,.T.);
#3694 = FACE_BOUND('',#3695,.T.);
#3695 = EDGE_LOOP('',(#3696,#3697,#3698,#3699,#3700,#3701,#3702,#3703));
#3696 = ORIENTED_EDGE('',*,*,#3010,.F.);
#3697 = ORIENTED_EDGE('',*,*,#3112,.F.);
#3698 = ORIENTED_EDGE('',*,*,#3247,.F.);
#3699 = ORIENTED_EDGE('',*,*,#3347,.F.);
#3700 = ORIENTED_EDGE('',*,*,#3482,.F.);
#3701 = ORIENTED_EDGE('',*,*,#3411,.F.);
#3702 = ORIENTED_EDGE('',*,*,#3297,.F.);
#3703 = ORIENTED_EDGE('',*,*,#3183,.F.);
#3704 = ( BOUNDED_SURFACE() B_SPLINE_SURFACE(1,2,(
    (#3705,#3706,#3707)
    ,(#3708,#3709,#3710
)),.UNSPECIFIED.,.F.,.F.,.F.) B_SPLINE_SURFACE_WITH_KNOTS((2,2),(3,3),(
    -5.707172449138E-13,0.124912352674),(-3.798738391325E-20,
    0.188170016744),.PIECEWISE_BEZIER_KNOTS.) 
GEOMETRIC_REPRESENTATION_ITEM() RATIONAL_B_SPLINE_SURFACE((
    (1.,0.995577269541,1.)
,(1.,0.995577269541,1.))) REPRESENTATION_ITEM('') SURFACE() );
#3705 = CARTESIAN_POINT('',(229.67539511156,109.81455355507,
    5.095902111997));
#3706 = CARTESIAN_POINT('',(254.81726490505,109.46199010394,
    2.880191086213));
#3707 = CARTESIAN_POINT('',(279.93502397376,109.85470492549,
    5.348236362297));
#3708 = CARTESIAN_POINT('',(229.67539511156,76.816277859718,
    10.346580483621));
#3709 = CARTESIAN_POINT('',(254.81726490505,76.463714408579,
    8.130869457837));
#3710 = CARTESIAN_POINT('',(279.93502397376,76.856429230131,
    10.598914733922));
#3711 = ADVANCED_FACE('',(#3712),#3726,.F.);
#3712 = FACE_BOUND('',#3713,.F.);
#3713 = EDGE_LOOP('',(#3714,#3715,#3716,#3717,#3718,#3719,#3720,#3721,
    #3722,#3723,#3724,#3725));
#3714 = ORIENTED_EDGE('',*,*,#2513,.T.);
#3715 = ORIENTED_EDGE('',*,*,#2547,.T.);
#3716 = ORIENTED_EDGE('',*,*,#2611,.T.);
#3717 = ORIENTED_EDGE('',*,*,#2677,.T.);
#3718 = ORIENTED_EDGE('',*,*,#2743,.T.);
#3719 = ORIENTED_EDGE('',*,*,#2807,.T.);
#3720 = ORIENTED_EDGE('',*,*,#2839,.T.);
#3721 = ORIENTED_EDGE('',*,*,#2775,.T.);
#3722 = ORIENTED_EDGE('',*,*,#2711,.T.);
#3723 = ORIENTED_EDGE('',*,*,#2643,.T.);
#3724 = ORIENTED_EDGE('',*,*,#2579,.T.);
#3725 = ORIENTED_EDGE('',*,*,#2472,.T.);
#3726 = B_SPLINE_SURFACE_WITH_KNOTS('',3,3,(
    (#3727,#3728,#3729,#3730)
    ,(#3731,#3732,#3733,#3734)
    ,(#3735,#3736,#3737,#3738)
    ,(#3739,#3740,#3741,#3742
    )),.UNSPECIFIED.,.F.,.F.,.F.,(4,4),(4,4),(5.349580796081E-02,
    6.866397038091E-02),(3.709648274381E-02,5.199359247636E-02),
  .PIECEWISE_BEZIER_KNOTS.);
#3727 = CARTESIAN_POINT('',(239.50135753241,95.376628701575,
    5.422390877716));
#3728 = CARTESIAN_POINT('',(240.83396686921,95.36574384485,
    5.353984192372));
#3729 = CARTESIAN_POINT('',(242.16737374824,95.356415346825,
    5.295358558206));
#3730 = CARTESIAN_POINT('',(243.50135753241,95.348647062725,
    5.246538203515));
#3731 = CARTESIAN_POINT('',(239.50135753241,94.040963614243,
    5.634921612672));
#3732 = CARTESIAN_POINT('',(240.83396686921,94.030078757518,
    5.566514927328));
#3733 = CARTESIAN_POINT('',(242.16737374824,94.020750259493,
    5.507889293161));
#3734 = CARTESIAN_POINT('',(243.50135753241,94.012981975393,
    5.459068938471));
#3735 = CARTESIAN_POINT('',(239.50135753241,92.705298526911,
    5.847452347627));
#3736 = CARTESIAN_POINT('',(240.83396686921,92.694413670186,
    5.779045662283));
#3737 = CARTESIAN_POINT('',(242.16737374824,92.685085172161,
    5.720420028116));
#3738 = CARTESIAN_POINT('',(243.50135753241,92.677316888061,
    5.671599673426));
#3739 = CARTESIAN_POINT('',(239.50135753241,91.369633439579,
    6.059983082582));
#3740 = CARTESIAN_POINT('',(240.83396686921,91.358748582854,
    5.991576397239));
#3741 = CARTESIAN_POINT('',(242.16737374824,91.349420084829,
    5.932950763072));
#3742 = CARTESIAN_POINT('',(243.50135753241,91.341651800729,
    5.884130408382));
#3743 = ADVANCED_FACE('',(#3744),#3755,.T.);
#3744 = FACE_BOUND('',#3745,.T.);
#3745 = EDGE_LOOP('',(#3746,#3747,#3753,#3754));
#3746 = ORIENTED_EDGE('',*,*,#2964,.F.);
#3747 = ORIENTED_EDGE('',*,*,#3748,.F.);
#3748 = EDGE_CURVE('',#3425,#2956,#3749,.T.);
#3749 = LINE('',#3750,#3751);
#3750 = CARTESIAN_POINT('',(235.54510753241,89.744053531402,
    7.824999999996));
#3751 = VECTOR('',#3752,1.);
#3752 = DIRECTION('',(-0.305219238612,-0.522536591191,-0.796113514046));
#3753 = ORIENTED_EDGE('',*,*,#3496,.F.);
#3754 = ORIENTED_EDGE('',*,*,#3572,.T.);
#3755 = B_SPLINE_SURFACE_WITH_KNOTS('',3,3,(
    (#3756,#3757,#3758,#3759)
    ,(#3760,#3761,#3762,#3763)
    ,(#3764,#3765,#3766,#3767)
    ,(#3768,#3769,#3770,#3771
    )),.UNSPECIFIED.,.F.,.F.,.F.,(4,4),(4,4),(0.,1.),(2.096223105073E-02
    ,1.),.PIECEWISE_BEZIER_KNOTS.);
#3756 = CARTESIAN_POINT('',(235.48222083926,89.636391254207,
    7.660970542024));
#3757 = CARTESIAN_POINT('',(234.50318307031,87.960274569166,
    5.107313694684));
#3758 = CARTESIAN_POINT('',(233.52414530136,86.284157884125,
    2.553656847343));
#3759 = CARTESIAN_POINT('',(232.54510753241,84.608041199084,
    2.738254067935E-12));
#3760 = CARTESIAN_POINT('',(235.48222083926,90.525079858991,
    7.519999223325));
#3761 = CARTESIAN_POINT('',(234.50318307031,88.596366870319,
    5.013332815551));
#3762 = CARTESIAN_POINT('',(233.52414530136,86.667653881654,
    2.506666407777));
#3763 = CARTESIAN_POINT('',(232.54510753241,84.738940892981,
    2.738254067935E-12));
#3764 = CARTESIAN_POINT('',(235.48222083926,99.266719617364,
    6.18652954196));
#3765 = CARTESIAN_POINT('',(234.50318307031,100.17019357997,
    4.124353027974));
#3766 = CARTESIAN_POINT('',(233.52414530136,101.07366754258,
    2.062176513988));
#3767 = CARTESIAN_POINT('',(232.54510753241,101.97714150518,
    2.738254067935E-12));
#3768 = CARTESIAN_POINT('',(235.48222083926,100.15540822214,
    6.045558223261));
#3769 = CARTESIAN_POINT('',(234.50318307031,100.80628588112,
    4.030372148842));
#3770 = CARTESIAN_POINT('',(233.52414530136,101.4571635401,
    2.015186074422));
#3771 = CARTESIAN_POINT('',(232.54510753241,102.10804119908,
    2.738254067935E-12));
#3772 = ADVANCED_FACE('',(#3773),#3784,.T.);
#3773 = FACE_BOUND('',#3774,.T.);
#3774 = EDGE_LOOP('',(#3775,#3776,#3777,#3778));
#3775 = ORIENTED_EDGE('',*,*,#3424,.F.);
#3776 = ORIENTED_EDGE('',*,*,#3748,.T.);
#3777 = ORIENTED_EDGE('',*,*,#2955,.F.);
#3778 = ORIENTED_EDGE('',*,*,#3779,.F.);
#3779 = EDGE_CURVE('',#3308,#2948,#3780,.T.);
#3780 = LINE('',#3781,#3782);
#3781 = CARTESIAN_POINT('',(237.29510753241,88.015795738131,
    8.099999999996));
#3782 = VECTOR('',#3783,1.);
#3783 = DIRECTION('',(-0.451721702092,-0.367174912492,-0.813099063765));
#3784 = B_SPLINE_SURFACE_WITH_KNOTS('',3,3,(
    (#3785,#3786,#3787,#3788)
    ,(#3789,#3790,#3791,#3792)
    ,(#3793,#3794,#3795,#3796)
    ,(#3797,#3798,#3799,#3800)
    ,(#3801,#3802,#3803,#3804)
    ,(#3805,#3806,#3807,#3808)
    ,(#3809,#3810,#3811,#3812
    )),.UNSPECIFIED.,.F.,.F.,.F.,(4,1,1,1,4),(4,4),(0.,0.285714285714,
    0.571428571429,0.714285714286,1.),(1.877141153393E-02,1.),
  .UNSPECIFIED.);
#3785 = CARTESIAN_POINT('',(237.21063618051,87.947134522387,
    7.947951566571));
#3786 = CARTESIAN_POINT('',(235.73879329781,86.750770081286,
    5.298634377715));
#3787 = CARTESIAN_POINT('',(234.26695041511,85.554405640185,
    2.649317188859));
#3788 = CARTESIAN_POINT('',(232.79510753241,84.358041199084,
    2.738254067935E-12));
#3789 = CARTESIAN_POINT('',(236.95304908761,87.947134522387,
    7.947951566571));
#3790 = CARTESIAN_POINT('',(235.55454172392,86.750821729838,
    5.298624769546));
#3791 = CARTESIAN_POINT('',(234.15621498356,85.554353991632,
    2.649326797028));
#3792 = CARTESIAN_POINT('',(232.75770761987,84.358041199084,
    2.738254067935E-12));
#3793 = CARTESIAN_POINT('',(236.43792522458,88.063238987073,
    7.929528033356));
#3794 = CARTESIAN_POINT('',(235.18630067103,86.833889027475,
    5.286347133873));
#3795 = CARTESIAN_POINT('',(233.93453965486,85.604460235911,
    2.643180899486));
#3796 = CARTESIAN_POINT('',(232.68291510131,84.375110276313,
    2.736921800306E-12));
#3797 = CARTESIAN_POINT('',(235.92209071746,88.469985132746,
    7.864985286064));
#3798 = CARTESIAN_POINT('',(234.81746322823,87.125008319155,
    5.243314426976));
#3799 = CARTESIAN_POINT('',(233.71264689123,85.779884802178,
    2.621670859091));
#3800 = CARTESIAN_POINT('',(232.60801940201,84.434907988587,
    2.736921800306E-12));
#3801 = CARTESIAN_POINT('',(235.57737840792,89.012152181305,
    7.778953860376));
#3802 = CARTESIAN_POINT('',(234.57092782358,87.512980780324,
    5.185967789371));
#3803 = CARTESIAN_POINT('',(233.56442007863,86.013785981799,
    2.592986071008));
#3804 = CARTESIAN_POINT('',(232.55796949429,84.514614580818,
    2.736477711096E-12));
#3805 = CARTESIAN_POINT('',(235.48879329781,89.393247807493,
    7.718481354475));
#3806 = CARTESIAN_POINT('',(234.50771335595,87.785768960384,
    5.145643695893));
#3807 = CARTESIAN_POINT('',(233.52618747427,86.178120133649,
    2.572837658585));
#3808 = CARTESIAN_POINT('',(232.54510753241,84.57064128654,
    2.738254067935E-12));
#3809 = CARTESIAN_POINT('',(235.48879329781,89.647643330267,
    7.678113704743));
#3810 = CARTESIAN_POINT('',(234.50756470935,87.967775953206,
    5.11874246983));
#3811 = CARTESIAN_POINT('',(233.52633612088,86.287908576145,
    2.559371234916));
#3812 = CARTESIAN_POINT('',(232.54510753241,84.608041199084,
    2.738254067935E-12));
#3813 = ADVANCED_FACE('',(#3814),#3825,.T.);
#3814 = FACE_BOUND('',#3815,.T.);
#3815 = EDGE_LOOP('',(#3816,#3817,#3823,#3824));
#3816 = ORIENTED_EDGE('',*,*,#3195,.F.);
#3817 = ORIENTED_EDGE('',*,*,#3818,.T.);
#3818 = EDGE_CURVE('',#3196,#2939,#3819,.T.);
#3819 = LINE('',#3820,#3821);
#3820 = CARTESIAN_POINT('',(269.60760753241,88.015795738131,
    8.099999999996));
#3821 = VECTOR('',#3822,1.);
#3822 = DIRECTION('',(0.451721702092,-0.367174912492,-0.813099063765));
#3823 = ORIENTED_EDGE('',*,*,#2938,.F.);
#3824 = ORIENTED_EDGE('',*,*,#3671,.F.);
#3825 = B_SPLINE_SURFACE_WITH_KNOTS('',3,3,(
    (#3826,#3827,#3828,#3829)
    ,(#3830,#3831,#3832,#3833)
    ,(#3834,#3835,#3836,#3837)
    ,(#3838,#3839,#3840,#3841)
    ,(#3842,#3843,#3844,#3845)
    ,(#3846,#3847,#3848,#3849)
    ,(#3850,#3851,#3852,#3853
    )),.UNSPECIFIED.,.F.,.F.,.F.,(4,1,1,1,4),(4,4),(0.,0.285714285714,
    0.571428571429,0.714285714286,1.),(1.876675359127E-02,1.),
  .UNSPECIFIED.);
#3826 = CARTESIAN_POINT('',(271.41390779319,89.647667253521,
    7.678150153144));
#3827 = CARTESIAN_POINT('',(272.3951410396,87.96779190204,5.118766768764
    ));
#3828 = CARTESIAN_POINT('',(273.376374286,86.287916550566,2.559383384383
    ));
#3829 = CARTESIAN_POINT('',(274.35760753241,84.608041199084,
    2.736477711096E-12));
#3830 = CARTESIAN_POINT('',(271.41390779319,89.393270700661,
    7.718517994504));
#3831 = CARTESIAN_POINT('',(272.39508863115,87.785668227261,
    5.145689701149));
#3832 = CARTESIAN_POINT('',(273.37642669444,86.17824375994,
    2.572828293358));
#3833 = CARTESIAN_POINT('',(274.35760753241,84.57064128654,
    2.736477711096E-12));
#3834 = CARTESIAN_POINT('',(271.2963462396,88.884527294395,
    7.799245790878));
#3835 = CARTESIAN_POINT('',(272.3110503142,87.421679280669,
    5.199488854499));
#3836 = CARTESIAN_POINT('',(273.32583438059,85.958696781716,
    2.599756936381));
#3837 = CARTESIAN_POINT('',(274.34053845519,84.49584876799,
    2.737809978726E-12));
#3838 = CARTESIAN_POINT('',(270.88449550723,88.375082046252,
    7.880084956059));
#3839 = CARTESIAN_POINT('',(272.01652763186,87.057101090846,
    5.253378429956));
#3840 = CARTESIAN_POINT('',(273.14870861829,85.738934024092,
    2.626706526106));
#3841 = CARTESIAN_POINT('',(274.28074074291,84.420953068686,
    2.736477711096E-12));
#3842 = CARTESIAN_POINT('',(270.33552436545,88.034639432131,
    7.934106652834));
#3843 = CARTESIAN_POINT('',(271.62401971327,86.813412785857,
    5.28940094206));
#3844 = CARTESIAN_POINT('',(272.91253880286,85.59212980725,
    2.644705710777));
#3845 = CARTESIAN_POINT('',(274.20103415067,84.370903160976,
    2.737365889516E-12));
#3846 = CARTESIAN_POINT('',(269.94964606171,87.947151560002,
    7.947989295907));
#3847 = CARTESIAN_POINT('',(271.34804236263,86.750927932393,
    5.298632278598));
#3848 = CARTESIAN_POINT('',(272.74661114404,85.554264826693,
    2.649357017311));
#3849 = CARTESIAN_POINT('',(274.14500744496,84.358041199084,
    2.736477711096E-12));
#3850 = CARTESIAN_POINT('',(269.69205792357,87.947151560002,
    7.947989295907));
#3851 = CARTESIAN_POINT('',(271.16390779319,86.750781439696,
    5.298659530605));
#3852 = CARTESIAN_POINT('',(272.6357576628,85.55441131939,2.649329765304
    ));
#3853 = CARTESIAN_POINT('',(274.10760753241,84.358041199084,
    2.736477711096E-12));
#3854 = ADVANCED_FACE('',(#3855),#3861,.T.);
#3855 = FACE_BOUND('',#3856,.T.);
#3856 = EDGE_LOOP('',(#3857,#3858,#3859,#3860));
#3857 = ORIENTED_EDGE('',*,*,#2947,.F.);
#3858 = ORIENTED_EDGE('',*,*,#3818,.F.);
#3859 = ORIENTED_EDGE('',*,*,#3307,.F.);
#3860 = ORIENTED_EDGE('',*,*,#3779,.T.);
#3861 = PLANE('',#3862);
#3862 = AXIS2_PLACEMENT_3D('',#3863,#3864,#3865);
#3863 = CARTESIAN_POINT('',(269.60760753241,88.015795738131,
    8.099999999996));
#3864 = DIRECTION('',(8.99279624979E-17,-0.911383682043,0.411557753063)
  );
#3865 = DIRECTION('',(0.,-0.411557753063,-0.911383682043));
#3866 = ADVANCED_FACE('',(#3867),#3878,.T.);
#3867 = FACE_BOUND('',#3868,.T.);
#3868 = EDGE_LOOP('',(#3869,#3870,#3871,#3872));
#3869 = ORIENTED_EDGE('',*,*,#1238,.T.);
#3870 = ORIENTED_EDGE('',*,*,#675,.T.);
#3871 = ORIENTED_EDGE('',*,*,#1441,.T.);
#3872 = ORIENTED_EDGE('',*,*,#3873,.T.);
#3873 = EDGE_CURVE('',#1433,#1230,#3874,.T.);
#3874 = LINE('',#3875,#3876);
#3875 = CARTESIAN_POINT('',(253.45135753241,93.033041199087,
    2.391726506849));
#3876 = VECTOR('',#3877,1.);
#3877 = DIRECTION('',(1.,-4.042198674546E-13,0.));
#3878 = PLANE('',#3879);
#3879 = AXIS2_PLACEMENT_3D('',#3880,#3881,#3882);
#3880 = CARTESIAN_POINT('',(253.45135753241,93.033041199087,
    4.291726506849));
#3881 = DIRECTION('',(-4.042198674546E-13,-1.,0.));
#3882 = DIRECTION('',(-0.,0.,-1.));
#3883 = ADVANCED_FACE('',(#3884),#3896,.F.);
#3884 = FACE_BOUND('',#3885,.T.);
#3885 = EDGE_LOOP('',(#3886,#3887,#3888,#3889));
#3886 = ORIENTED_EDGE('',*,*,#1229,.F.);
#3887 = ORIENTED_EDGE('',*,*,#3873,.F.);
#3888 = ORIENTED_EDGE('',*,*,#1432,.T.);
#3889 = ORIENTED_EDGE('',*,*,#3890,.T.);
#3890 = EDGE_CURVE('',#1421,#1215,#3891,.T.);
#3891 = B_SPLINE_CURVE_WITH_KNOTS('',3,(#3892,#3893,#3894,#3895),
  .UNSPECIFIED.,.F.,.F.,(4,4),(-43.36963155518,-39.47153417556),
  .PIECEWISE_BEZIER_KNOTS.);
#3892 = CARTESIAN_POINT('',(268.08172597722,93.683041199081,
    2.391726506849));
#3893 = CARTESIAN_POINT('',(269.38109177043,93.683041199081,
    2.391726506849));
#3894 = CARTESIAN_POINT('',(270.68045756364,93.683041199081,
    2.391726506849));
#3895 = CARTESIAN_POINT('',(271.97982335685,93.683041199081,
    2.391726506849));
#3896 = PLANE('',#3897);
#3897 = AXIS2_PLACEMENT_3D('',#3898,#3899,#3900);
#3898 = CARTESIAN_POINT('',(253.45135753241,93.683041199089,
    2.391726506849));
#3899 = DIRECTION('',(0.,0.,1.));
#3900 = DIRECTION('',(1.,0.,-0.));
#3901 = ADVANCED_FACE('',(#3902),#3908,.F.);
#3902 = FACE_BOUND('',#3903,.F.);
#3903 = EDGE_LOOP('',(#3904,#3905,#3906,#3907));
#3904 = ORIENTED_EDGE('',*,*,#2888,.F.);
#3905 = ORIENTED_EDGE('',*,*,#1420,.F.);
#3906 = ORIENTED_EDGE('',*,*,#3890,.T.);
#3907 = ORIENTED_EDGE('',*,*,#1214,.F.);
#3908 = B_SPLINE_SURFACE_WITH_KNOTS('',1,1,(
    (#3909,#3910,#3911,#3912)
    ,(#3913,#3914,#3915,#3916)
    ,(#3917,#3918,#3919,#3920
    )),.UNSPECIFIED.,.F.,.F.,.F.,(2,1,2),(2,1,1,2),(2.025046796916E-13,
    18.,66.999999999999),(-1.5,0.,3.,10.5),.UNSPECIFIED.);
#3909 = CARTESIAN_POINT('',(244.45135753241,93.683041199096,
    1.291726506849));
#3910 = CARTESIAN_POINT('',(244.45135753241,93.683041199096,
    2.791726506849));
#3911 = CARTESIAN_POINT('',(244.45135753241,93.683041199096,
    5.791726506849));
#3912 = CARTESIAN_POINT('',(244.45135753241,93.683041199096,
    13.291726506849));
#3913 = CARTESIAN_POINT('',(262.45135753241,93.683041199089,
    1.291726506849));
#3914 = CARTESIAN_POINT('',(262.45135753241,93.683041199089,
    2.791726506849));
#3915 = CARTESIAN_POINT('',(262.45135753241,93.683041199089,
    5.791726506849));
#3916 = CARTESIAN_POINT('',(262.45135753241,93.683041199089,
    13.291726506849));
#3917 = CARTESIAN_POINT('',(311.45135753241,93.683041199067,
    1.291726506849));
#3918 = CARTESIAN_POINT('',(311.45135753241,93.683041199067,
    2.791726506849));
#3919 = CARTESIAN_POINT('',(311.45135753241,93.683041199067,
    5.791726506849));
#3920 = CARTESIAN_POINT('',(311.45135753241,93.683041199067,
    13.291726506849));
#3921 = ADVANCED_FACE('',(#3922),#3934,.F.);
#3922 = FACE_BOUND('',#3923,.F.);
#3923 = EDGE_LOOP('',(#3924,#3925,#3926,#3933));
#3924 = ORIENTED_EDGE('',*,*,#911,.F.);
#3925 = ORIENTED_EDGE('',*,*,#483,.F.);
#3926 = ORIENTED_EDGE('',*,*,#3927,.T.);
#3927 = EDGE_CURVE('',#484,#2058,#3928,.T.);
#3928 = B_SPLINE_CURVE_WITH_KNOTS('',3,(#3929,#3930,#3931,#3932),
  .UNSPECIFIED.,.F.,.F.,(4,4),(-18.26963155517,-11.68036844482),
  .PIECEWISE_BEZIER_KNOTS.);
#3929 = CARTESIAN_POINT('',(244.18172597723,93.683041199089,
    2.391726506849));
#3930 = CARTESIAN_POINT('',(246.37814701402,93.683041199089,
    2.391726506849));
#3931 = CARTESIAN_POINT('',(248.5745680508,93.683041199096,
    2.391726506849));
#3932 = CARTESIAN_POINT('',(250.77098908758,93.683041199089,
    2.391726506849));
#3933 = ORIENTED_EDGE('',*,*,#2066,.F.);
#3934 = B_SPLINE_SURFACE_WITH_KNOTS('',1,1,(
    (#3935,#3936,#3937,#3938)
    ,(#3939,#3940,#3941,#3942)
    ,(#3943,#3944,#3945,#3946
    )),.UNSPECIFIED.,.F.,.F.,.F.,(2,1,2),(2,1,1,2),(-48.99999999999,
    2.025046796916E-13,18.),(-113.9999999999,0.,3.,39.650002000038),
  .UNSPECIFIED.);
#3935 = CARTESIAN_POINT('',(195.45135753241,93.683041199118,
    -111.2082734931));
#3936 = CARTESIAN_POINT('',(195.45135753241,93.683041199118,
    2.791726506849));
#3937 = CARTESIAN_POINT('',(195.45135753241,93.683041199118,
    5.791726506849));
#3938 = CARTESIAN_POINT('',(195.45135753241,93.683041199118,
    42.441728506887));
#3939 = CARTESIAN_POINT('',(244.45135753241,93.683041199096,
    -111.2082734931));
#3940 = CARTESIAN_POINT('',(244.45135753241,93.683041199096,
    2.791726506849));
#3941 = CARTESIAN_POINT('',(244.45135753241,93.683041199096,
    5.791726506849));
#3942 = CARTESIAN_POINT('',(244.45135753241,93.683041199096,
    42.441728506887));
#3943 = CARTESIAN_POINT('',(262.45135753241,93.683041199089,
    -111.2082734931));
#3944 = CARTESIAN_POINT('',(262.45135753241,93.683041199089,
    2.791726506849));
#3945 = CARTESIAN_POINT('',(262.45135753241,93.683041199089,
    5.791726506849));
#3946 = CARTESIAN_POINT('',(262.45135753241,93.683041199089,
    42.441728506887));
#3947 = ADVANCED_FACE('',(#3948),#3959,.T.);
#3948 = FACE_BOUND('',#3949,.T.);
#3949 = EDGE_LOOP('',(#3950,#3951,#3952,#3953));
#3950 = ORIENTED_EDGE('',*,*,#2049,.T.);
#3951 = ORIENTED_EDGE('',*,*,#774,.T.);
#3952 = ORIENTED_EDGE('',*,*,#504,.T.);
#3953 = ORIENTED_EDGE('',*,*,#3954,.T.);
#3954 = EDGE_CURVE('',#496,#2050,#3955,.T.);
#3955 = LINE('',#3956,#3957);
#3956 = CARTESIAN_POINT('',(253.45135753241,93.033041199087,
    2.391726506849));
#3957 = VECTOR('',#3958,1.);
#3958 = DIRECTION('',(1.,-4.042198674546E-13,0.));
#3959 = PLANE('',#3960);
#3960 = AXIS2_PLACEMENT_3D('',#3961,#3962,#3963);
#3961 = CARTESIAN_POINT('',(253.45135753241,93.033041199087,
    4.291726506849));
#3962 = DIRECTION('',(-4.042198674546E-13,-1.,0.));
#3963 = DIRECTION('',(-0.,0.,-1.));
#3964 = ADVANCED_FACE('',(#3965),#3971,.F.);
#3965 = FACE_BOUND('',#3966,.T.);
#3966 = EDGE_LOOP('',(#3967,#3968,#3969,#3970));
#3967 = ORIENTED_EDGE('',*,*,#2057,.T.);
#3968 = ORIENTED_EDGE('',*,*,#3954,.F.);
#3969 = ORIENTED_EDGE('',*,*,#495,.T.);
#3970 = ORIENTED_EDGE('',*,*,#3927,.T.);
#3971 = PLANE('',#3972);
#3972 = AXIS2_PLACEMENT_3D('',#3973,#3974,#3975);
#3973 = CARTESIAN_POINT('',(253.45135753241,93.683041199089,
    2.391726506849));
#3974 = DIRECTION('',(0.,0.,1.));
#3975 = DIRECTION('',(1.,0.,-0.));
#3976 = ADVANCED_FACE('',(#3977),#3988,.T.);
#3977 = FACE_BOUND('',#3978,.T.);
#3978 = EDGE_LOOP('',(#3979,#3980,#3986,#3987));
#3979 = ORIENTED_EDGE('',*,*,#378,.T.);
#3980 = ORIENTED_EDGE('',*,*,#3981,.T.);
#3981 = EDGE_CURVE('',#371,#1449,#3982,.T.);
#3982 = LINE('',#3983,#3984);
#3983 = CARTESIAN_POINT('',(265.72635753241,93.520541199083,
    2.391726506849));
#3984 = VECTOR('',#3985,1.);
#3985 = DIRECTION('',(0.,1.,0.));
#3986 = ORIENTED_EDGE('',*,*,#1448,.T.);
#3987 = ORIENTED_EDGE('',*,*,#710,.T.);
#3988 = PLANE('',#3989);
#3989 = AXIS2_PLACEMENT_3D('',#3990,#3991,#3992);
#3990 = CARTESIAN_POINT('',(265.72635753241,93.358041199084,
    4.291726506849));
#3991 = DIRECTION('',(1.,0.,0.));
#3992 = DIRECTION('',(0.,-1.,0.));
#3993 = ADVANCED_FACE('',(#3994),#4006,.F.);
#3994 = FACE_BOUND('',#3995,.T.);
#3995 = EDGE_LOOP('',(#3996,#3997,#4003,#4004,#4005));
#3996 = ORIENTED_EDGE('',*,*,#370,.F.);
#3997 = ORIENTED_EDGE('',*,*,#3998,.T.);
#3998 = EDGE_CURVE('',#363,#1474,#3999,.T.);
#3999 = LINE('',#4000,#4001);
#4000 = CARTESIAN_POINT('',(265.07635753241,93.520541199083,
    2.391726506849));
#4001 = VECTOR('',#4002,1.);
#4002 = DIRECTION('',(0.,1.,0.));
#4003 = ORIENTED_EDGE('',*,*,#1473,.T.);
#4004 = ORIENTED_EDGE('',*,*,#1456,.T.);
#4005 = ORIENTED_EDGE('',*,*,#3981,.F.);
#4006 = PLANE('',#4007);
#4007 = AXIS2_PLACEMENT_3D('',#4008,#4009,#4010);
#4008 = CARTESIAN_POINT('',(253.45135753241,93.683041199089,
    2.391726506849));
#4009 = DIRECTION('',(0.,0.,1.));
#4010 = DIRECTION('',(1.,0.,-0.));
#4011 = ADVANCED_FACE('',(#4012),#4018,.F.);
#4012 = FACE_BOUND('',#4013,.T.);
#4013 = EDGE_LOOP('',(#4014,#4015,#4016,#4017));
#4014 = ORIENTED_EDGE('',*,*,#362,.T.);
#4015 = ORIENTED_EDGE('',*,*,#1027,.T.);
#4016 = ORIENTED_EDGE('',*,*,#1482,.T.);
#4017 = ORIENTED_EDGE('',*,*,#3998,.F.);
#4018 = PLANE('',#4019);
#4019 = AXIS2_PLACEMENT_3D('',#4020,#4021,#4022);
#4020 = CARTESIAN_POINT('',(265.07635753241,93.358041199084,
    4.291726506849));
#4021 = DIRECTION('',(1.,0.,0.));
#4022 = DIRECTION('',(0.,-1.,0.));
#4023 = ADVANCED_FACE('',(#4024),#4042,.F.);
#4024 = FACE_BOUND('',#4025,.T.);
#4025 = EDGE_LOOP('',(#4026,#4027,#4028,#4034,#4035));
#4026 = ORIENTED_EDGE('',*,*,#2029,.T.);
#4027 = ORIENTED_EDGE('',*,*,#2012,.T.);
#4028 = ORIENTED_EDGE('',*,*,#4029,.F.);
#4029 = EDGE_CURVE('',#336,#2005,#4030,.T.);
#4030 = LINE('',#4031,#4032);
#4031 = CARTESIAN_POINT('',(253.77635753241,93.520541199083,
    2.391726506849));
#4032 = VECTOR('',#4033,1.);
#4033 = DIRECTION('',(2.021099337273E-13,1.,0.));
#4034 = ORIENTED_EDGE('',*,*,#335,.F.);
#4035 = ORIENTED_EDGE('',*,*,#4036,.T.);
#4036 = EDGE_CURVE('',#328,#2030,#4037,.T.);
#4037 = B_SPLINE_CURVE_WITH_KNOTS('',3,(#4038,#4039,#4040,#4041),
  .UNSPECIFIED.,.F.,.F.,(4,4),(-18.24841607205,-14.38036844482),
  .PIECEWISE_BEZIER_KNOTS.);
#4038 = CARTESIAN_POINT('',(253.1263575324,86.809625127033,
    2.391726506849));
#4039 = CARTESIAN_POINT('',(253.1263575324,88.098974336106,
    2.391726506849));
#4040 = CARTESIAN_POINT('',(253.12635753241,89.388323545187,
    2.391726506849));
#4041 = CARTESIAN_POINT('',(253.12635753241,90.67767275426,
    2.391726506849));
#4042 = PLANE('',#4043);
#4043 = AXIS2_PLACEMENT_3D('',#4044,#4045,#4046);
#4044 = CARTESIAN_POINT('',(253.45135753241,93.683041199089,
    2.391726506849));
#4045 = DIRECTION('',(0.,0.,1.));
#4046 = DIRECTION('',(1.,0.,-0.));
#4047 = ADVANCED_FACE('',(#4048),#4054,.F.);
#4048 = FACE_BOUND('',#4049,.F.);
#4049 = EDGE_LOOP('',(#4050,#4051,#4052,#4053));
#4050 = ORIENTED_EDGE('',*,*,#738,.F.);
#4051 = ORIENTED_EDGE('',*,*,#327,.F.);
#4052 = ORIENTED_EDGE('',*,*,#4036,.T.);
#4053 = ORIENTED_EDGE('',*,*,#2038,.F.);
#4054 = B_SPLINE_SURFACE_WITH_KNOTS('',1,1,(
    (#4055,#4056,#4057,#4058)
    ,(#4059,#4060,#4061,#4062)
    ,(#4063,#4064,#4065,#4066)
    ,(#4067,#4068,#4069,#4070
    )),.UNSPECIFIED.,.F.,.F.,.F.,(2,1,1,2),(2,1,1,2),(-66.20000000002,
    -3.4354741274E-12,18.000000000003,20.700000000005),(-1.,0.,3.,10.5),
  .UNSPECIFIED.);
#4055 = CARTESIAN_POINT('',(253.12635753239,18.158041199087,
    1.791726506849));
#4056 = CARTESIAN_POINT('',(253.12635753239,18.158041199087,
    2.791726506849));
#4057 = CARTESIAN_POINT('',(253.12635753239,18.158041199087,
    5.791726506849));
#4058 = CARTESIAN_POINT('',(253.12635753239,18.158041199087,
    13.291726506849));
#4059 = CARTESIAN_POINT('',(253.12635753241,84.358041199084,
    1.791726506849));
#4060 = CARTESIAN_POINT('',(253.12635753241,84.358041199084,
    2.791726506849));
#4061 = CARTESIAN_POINT('',(253.12635753241,84.358041199084,
    5.791726506849));
#4062 = CARTESIAN_POINT('',(253.12635753241,84.358041199084,
    13.291726506849));
#4063 = CARTESIAN_POINT('',(253.12635753241,102.35804119908,
    1.791726506849));
#4064 = CARTESIAN_POINT('',(253.12635753241,102.35804119908,
    2.791726506849));
#4065 = CARTESIAN_POINT('',(253.12635753241,102.35804119908,
    5.791726506849));
#4066 = CARTESIAN_POINT('',(253.12635753241,102.35804119908,
    13.291726506849));
#4067 = CARTESIAN_POINT('',(253.12635753241,105.05804119908,
    1.791726506849));
#4068 = CARTESIAN_POINT('',(253.12635753241,105.05804119908,
    2.791726506849));
#4069 = CARTESIAN_POINT('',(253.12635753241,105.05804119908,
    5.791726506849));
#4070 = CARTESIAN_POINT('',(253.12635753241,105.05804119908,
    13.291726506849));
#4071 = ADVANCED_FACE('',(#4072),#4078,.T.);
#4072 = FACE_BOUND('',#4073,.T.);
#4073 = EDGE_LOOP('',(#4074,#4075,#4076,#4077));
#4074 = ORIENTED_EDGE('',*,*,#2004,.T.);
#4075 = ORIENTED_EDGE('',*,*,#1019,.T.);
#4076 = ORIENTED_EDGE('',*,*,#343,.T.);
#4077 = ORIENTED_EDGE('',*,*,#4029,.T.);
#4078 = PLANE('',#4079);
#4079 = AXIS2_PLACEMENT_3D('',#4080,#4081,#4082);
#4080 = CARTESIAN_POINT('',(253.77635753241,93.358041199084,
    4.291726506849));
#4081 = DIRECTION('',(1.,-2.021099337273E-13,0.));
#4082 = DIRECTION('',(0.,0.,-1.));
#4083 = ADVANCED_FACE('',(#4084),#4096,.F.);
#4084 = FACE_BOUND('',#4085,.F.);
#4085 = EDGE_LOOP('',(#4086,#4093,#4094,#4095));
#4086 = ORIENTED_EDGE('',*,*,#4087,.T.);
#4087 = EDGE_CURVE('',#249,#615,#4088,.T.);
#4088 = B_SPLINE_CURVE_WITH_KNOTS('',3,(#4089,#4090,#4091,#4092),
  .UNSPECIFIED.,.F.,.F.,(4,4),(-27.52846582444,-23.63036844482),
  .PIECEWISE_BEZIER_KNOTS.);
#4089 = CARTESIAN_POINT('',(234.92289170796,93.683041199103,
    2.391726506849));
#4090 = CARTESIAN_POINT('',(236.22225750117,93.683041199103,
    2.391726506849));
#4091 = CARTESIAN_POINT('',(237.52162329438,93.683041199089,
    2.391726506849));
#4092 = CARTESIAN_POINT('',(238.82098908758,93.683041199089,
    2.391726506849));
#4093 = ORIENTED_EDGE('',*,*,#623,.F.);
#4094 = ORIENTED_EDGE('',*,*,#861,.F.);
#4095 = ORIENTED_EDGE('',*,*,#257,.F.);
#4096 = B_SPLINE_SURFACE_WITH_KNOTS('',1,1,(
    (#4097,#4098,#4099,#4100)
    ,(#4101,#4102,#4103,#4104)
    ,(#4105,#4106,#4107,#4108
    )),.UNSPECIFIED.,.F.,.F.,.F.,(2,1,2),(2,1,1,2),(-48.99999999999,
    2.025046796916E-13,18.),(-113.9999999999,0.,3.,39.650002000038),
  .UNSPECIFIED.);
#4097 = CARTESIAN_POINT('',(195.45135753241,93.683041199118,
    -111.2082734931));
#4098 = CARTESIAN_POINT('',(195.45135753241,93.683041199118,
    2.791726506849));
#4099 = CARTESIAN_POINT('',(195.45135753241,93.683041199118,
    5.791726506849));
#4100 = CARTESIAN_POINT('',(195.45135753241,93.683041199118,
    42.441728506887));
#4101 = CARTESIAN_POINT('',(244.45135753241,93.683041199096,
    -111.2082734931));
#4102 = CARTESIAN_POINT('',(244.45135753241,93.683041199096,
    2.791726506849));
#4103 = CARTESIAN_POINT('',(244.45135753241,93.683041199096,
    5.791726506849));
#4104 = CARTESIAN_POINT('',(244.45135753241,93.683041199096,
    42.441728506887));
#4105 = CARTESIAN_POINT('',(262.45135753241,93.683041199089,
    -111.2082734931));
#4106 = CARTESIAN_POINT('',(262.45135753241,93.683041199089,
    2.791726506849));
#4107 = CARTESIAN_POINT('',(262.45135753241,93.683041199089,
    5.791726506849));
#4108 = CARTESIAN_POINT('',(262.45135753241,93.683041199089,
    42.441728506887));
#4109 = ADVANCED_FACE('',(#4110),#4121,.T.);
#4110 = FACE_BOUND('',#4111,.T.);
#4111 = EDGE_LOOP('',(#4112,#4113,#4119,#4120));
#4112 = ORIENTED_EDGE('',*,*,#233,.T.);
#4113 = ORIENTED_EDGE('',*,*,#4114,.T.);
#4114 = EDGE_CURVE('',#234,#607,#4115,.T.);
#4115 = LINE('',#4116,#4117);
#4116 = CARTESIAN_POINT('',(253.45135753241,93.033041199087,
    2.391726506849));
#4117 = VECTOR('',#4118,1.);
#4118 = DIRECTION('',(1.,-4.042198674546E-13,0.));
#4119 = ORIENTED_EDGE('',*,*,#606,.T.);
#4120 = ORIENTED_EDGE('',*,*,#821,.T.);
#4121 = PLANE('',#4122);
#4122 = AXIS2_PLACEMENT_3D('',#4123,#4124,#4125);
#4123 = CARTESIAN_POINT('',(253.45135753241,93.033041199087,
    4.291726506849));
#4124 = DIRECTION('',(-4.042198674546E-13,-1.,0.));
#4125 = DIRECTION('',(-0.,0.,-1.));
#4126 = ADVANCED_FACE('',(#4127),#4133,.F.);
#4127 = FACE_BOUND('',#4128,.T.);
#4128 = EDGE_LOOP('',(#4129,#4130,#4131,#4132));
#4129 = ORIENTED_EDGE('',*,*,#248,.F.);
#4130 = ORIENTED_EDGE('',*,*,#4087,.T.);
#4131 = ORIENTED_EDGE('',*,*,#614,.T.);
#4132 = ORIENTED_EDGE('',*,*,#4114,.F.);
#4133 = PLANE('',#4134);
#4134 = AXIS2_PLACEMENT_3D('',#4135,#4136,#4137);
#4135 = CARTESIAN_POINT('',(253.45135753241,93.683041199089,
    2.391726506849));
#4136 = DIRECTION('',(0.,0.,1.));
#4137 = DIRECTION('',(1.,0.,-0.));
#4138 = ADVANCED_FACE('',(#4139),#4156,.F.);
#4139 = FACE_BOUND('',#4140,.T.);
#4140 = EDGE_LOOP('',(#4141,#4142,#4148,#4149,#4150));
#4141 = ORIENTED_EDGE('',*,*,#300,.F.);
#4142 = ORIENTED_EDGE('',*,*,#4143,.F.);
#4143 = EDGE_CURVE('',#563,#291,#4144,.T.);
#4144 = LINE('',#4145,#4146);
#4145 = CARTESIAN_POINT('',(241.17635753241,93.520541199083,
    2.391726506849));
#4146 = VECTOR('',#4147,1.);
#4147 = DIRECTION('',(0.,-1.,0.));
#4148 = ORIENTED_EDGE('',*,*,#562,.T.);
#4149 = ORIENTED_EDGE('',*,*,#537,.T.);
#4150 = ORIENTED_EDGE('',*,*,#4151,.T.);
#4151 = EDGE_CURVE('',#530,#301,#4152,.T.);
#4152 = LINE('',#4153,#4154);
#4153 = CARTESIAN_POINT('',(241.82635753242,93.520541199083,
    2.391726506849));
#4154 = VECTOR('',#4155,1.);
#4155 = DIRECTION('',(0.,-1.,0.));
#4156 = PLANE('',#4157);
#4157 = AXIS2_PLACEMENT_3D('',#4158,#4159,#4160);
#4158 = CARTESIAN_POINT('',(253.45135753241,93.683041199089,
    2.391726506849));
#4159 = DIRECTION('',(0.,0.,1.));
#4160 = DIRECTION('',(1.,0.,-0.));
#4161 = ADVANCED_FACE('',(#4162),#4168,.T.);
#4162 = FACE_BOUND('',#4163,.T.);
#4163 = EDGE_LOOP('',(#4164,#4165,#4166,#4167));
#4164 = ORIENTED_EDGE('',*,*,#308,.T.);
#4165 = ORIENTED_EDGE('',*,*,#4151,.F.);
#4166 = ORIENTED_EDGE('',*,*,#529,.T.);
#4167 = ORIENTED_EDGE('',*,*,#785,.T.);
#4168 = PLANE('',#4169);
#4169 = AXIS2_PLACEMENT_3D('',#4170,#4171,#4172);
#4170 = CARTESIAN_POINT('',(241.82635753242,93.358041199084,
    4.291726506849));
#4171 = DIRECTION('',(1.,0.,0.));
#4172 = DIRECTION('',(0.,-1.,0.));
#4173 = ADVANCED_FACE('',(#4174),#4180,.F.);
#4174 = FACE_BOUND('',#4175,.T.);
#4175 = EDGE_LOOP('',(#4176,#4177,#4178,#4179));
#4176 = ORIENTED_EDGE('',*,*,#290,.T.);
#4177 = ORIENTED_EDGE('',*,*,#832,.T.);
#4178 = ORIENTED_EDGE('',*,*,#571,.T.);
#4179 = ORIENTED_EDGE('',*,*,#4143,.T.);
#4180 = PLANE('',#4181);
#4181 = AXIS2_PLACEMENT_3D('',#4182,#4183,#4184);
#4182 = CARTESIAN_POINT('',(241.17635753241,93.358041199084,
    4.291726506849));
#4183 = DIRECTION('',(1.,0.,0.));
#4184 = DIRECTION('',(0.,-1.,0.));
#4185 = ADVANCED_FACE('',(#4186),#4197,.T.);
#4186 = FACE_BOUND('',#4187,.T.);
#4187 = EDGE_LOOP('',(#4188,#4189,#4190,#4191));
#4188 = ORIENTED_EDGE('',*,*,#93,.T.);
#4189 = ORIENTED_EDGE('',*,*,#901,.T.);
#4190 = ORIENTED_EDGE('',*,*,#458,.T.);
#4191 = ORIENTED_EDGE('',*,*,#4192,.F.);
#4192 = EDGE_CURVE('',#94,#450,#4193,.T.);
#4193 = LINE('',#4194,#4195);
#4194 = CARTESIAN_POINT('',(241.82635753242,93.520541199083,
    2.391726506849));
#4195 = VECTOR('',#4196,1.);
#4196 = DIRECTION('',(0.,-1.,0.));
#4197 = PLANE('',#4198);
#4198 = AXIS2_PLACEMENT_3D('',#4199,#4200,#4201);
#4199 = CARTESIAN_POINT('',(241.82635753242,93.358041199084,
    4.291726506849));
#4200 = DIRECTION('',(1.,0.,0.));
#4201 = DIRECTION('',(0.,-1.,0.));
#4202 = ADVANCED_FACE('',(#4203),#4214,.F.);
#4203 = FACE_BOUND('',#4204,.T.);
#4204 = EDGE_LOOP('',(#4205,#4206,#4212,#4213));
#4205 = ORIENTED_EDGE('',*,*,#109,.T.);
#4206 = ORIENTED_EDGE('',*,*,#4207,.T.);
#4207 = EDGE_CURVE('',#102,#440,#4208,.T.);
#4208 = LINE('',#4209,#4210);
#4209 = CARTESIAN_POINT('',(241.17635753241,93.520541199083,
    2.391726506849));
#4210 = VECTOR('',#4211,1.);
#4211 = DIRECTION('',(0.,-1.,0.));
#4212 = ORIENTED_EDGE('',*,*,#439,.T.);
#4213 = ORIENTED_EDGE('',*,*,#871,.T.);
#4214 = PLANE('',#4215);
#4215 = AXIS2_PLACEMENT_3D('',#4216,#4217,#4218);
#4216 = CARTESIAN_POINT('',(241.17635753241,93.358041199084,
    4.291726506849));
#4217 = DIRECTION('',(1.,0.,0.));
#4218 = DIRECTION('',(0.,-1.,0.));
#4219 = ADVANCED_FACE('',(#4220),#4226,.F.);
#4220 = FACE_BOUND('',#4221,.T.);
#4221 = EDGE_LOOP('',(#4222,#4223,#4224,#4225));
#4222 = ORIENTED_EDGE('',*,*,#101,.F.);
#4223 = ORIENTED_EDGE('',*,*,#4192,.T.);
#4224 = ORIENTED_EDGE('',*,*,#449,.T.);
#4225 = ORIENTED_EDGE('',*,*,#4207,.F.);
#4226 = PLANE('',#4227);
#4227 = AXIS2_PLACEMENT_3D('',#4228,#4229,#4230);
#4228 = CARTESIAN_POINT('',(253.45135753241,93.683041199089,
    2.391726506849));
#4229 = DIRECTION('',(0.,0.,1.));
#4230 = DIRECTION('',(1.,0.,-0.));
#4231 = ADVANCED_FACE('',(#4232),#4249,.F.);
#4232 = FACE_BOUND('',#4233,.T.);
#4233 = EDGE_LOOP('',(#4234,#4235,#4242,#4243));
#4234 = ORIENTED_EDGE('',*,*,#2089,.T.);
#4235 = ORIENTED_EDGE('',*,*,#4236,.T.);
#4236 = EDGE_CURVE('',#2078,#67,#4237,.T.);
#4237 = B_SPLINE_CURVE_WITH_KNOTS('',3,(#4238,#4239,#4240,#4241),
  .UNSPECIFIED.,.F.,.F.,(4,4),(-9.019631555185,-4.164023752567),
  .PIECEWISE_BEZIER_KNOTS.);
#4238 = CARTESIAN_POINT('',(253.12635753241,96.038409643894,
    2.391726506849));
#4239 = CARTESIAN_POINT('',(253.12635753241,97.656945578099,
    2.391726506849));
#4240 = CARTESIAN_POINT('',(253.12635753241,99.275481512304,
    2.391726506849));
#4241 = CARTESIAN_POINT('',(253.12635753241,100.89401744651,
    2.391726506849));
#4242 = ORIENTED_EDGE('',*,*,#66,.F.);
#4243 = ORIENTED_EDGE('',*,*,#4244,.F.);
#4244 = EDGE_CURVE('',#2090,#59,#4245,.T.);
#4245 = LINE('',#4246,#4247);
#4246 = CARTESIAN_POINT('',(253.77635753241,93.520541199083,
    2.391726506849));
#4247 = VECTOR('',#4248,1.);
#4248 = DIRECTION('',(2.021099337273E-13,1.,0.));
#4249 = PLANE('',#4250);
#4250 = AXIS2_PLACEMENT_3D('',#4251,#4252,#4253);
#4251 = CARTESIAN_POINT('',(253.45135753241,93.683041199089,
    2.391726506849));
#4252 = DIRECTION('',(0.,0.,1.));
#4253 = DIRECTION('',(1.,0.,-0.));
#4254 = ADVANCED_FACE('',(#4255),#4261,.F.);
#4255 = FACE_BOUND('',#4256,.F.);
#4256 = EDGE_LOOP('',(#4257,#4258,#4259,#4260));
#4257 = ORIENTED_EDGE('',*,*,#4236,.T.);
#4258 = ORIENTED_EDGE('',*,*,#74,.F.);
#4259 = ORIENTED_EDGE('',*,*,#950,.F.);
#4260 = ORIENTED_EDGE('',*,*,#2077,.F.);
#4261 = B_SPLINE_SURFACE_WITH_KNOTS('',1,1,(
    (#4262,#4263,#4264,#4265)
    ,(#4266,#4267,#4268,#4269)
    ,(#4270,#4271,#4272,#4273)
    ,(#4274,#4275,#4276,#4277
    )),.UNSPECIFIED.,.F.,.F.,.F.,(2,1,1,2),(2,1,1,2),(-66.20000000002,
    -3.4354741274E-12,18.000000000003,20.700000000005),(-1.,0.,3.,10.5),
  .UNSPECIFIED.);
#4262 = CARTESIAN_POINT('',(253.12635753239,18.158041199087,
    1.791726506849));
#4263 = CARTESIAN_POINT('',(253.12635753239,18.158041199087,
    2.791726506849));
#4264 = CARTESIAN_POINT('',(253.12635753239,18.158041199087,
    5.791726506849));
#4265 = CARTESIAN_POINT('',(253.12635753239,18.158041199087,
    13.291726506849));
#4266 = CARTESIAN_POINT('',(253.12635753241,84.358041199084,
    1.791726506849));
#4267 = CARTESIAN_POINT('',(253.12635753241,84.358041199084,
    2.791726506849));
#4268 = CARTESIAN_POINT('',(253.12635753241,84.358041199084,
    5.791726506849));
#4269 = CARTESIAN_POINT('',(253.12635753241,84.358041199084,
    13.291726506849));
#4270 = CARTESIAN_POINT('',(253.12635753241,102.35804119908,
    1.791726506849));
#4271 = CARTESIAN_POINT('',(253.12635753241,102.35804119908,
    2.791726506849));
#4272 = CARTESIAN_POINT('',(253.12635753241,102.35804119908,
    5.791726506849));
#4273 = CARTESIAN_POINT('',(253.12635753241,102.35804119908,
    13.291726506849));
#4274 = CARTESIAN_POINT('',(253.12635753241,105.05804119908,
    1.791726506849));
#4275 = CARTESIAN_POINT('',(253.12635753241,105.05804119908,
    2.791726506849));
#4276 = CARTESIAN_POINT('',(253.12635753241,105.05804119908,
    5.791726506849));
#4277 = CARTESIAN_POINT('',(253.12635753241,105.05804119908,
    13.291726506849));
#4278 = ADVANCED_FACE('',(#4279),#4285,.T.);
#4279 = FACE_BOUND('',#4280,.T.);
#4280 = EDGE_LOOP('',(#4281,#4282,#4283,#4284));
#4281 = ORIENTED_EDGE('',*,*,#2098,.T.);
#4282 = ORIENTED_EDGE('',*,*,#4244,.T.);
#4283 = ORIENTED_EDGE('',*,*,#58,.T.);
#4284 = ORIENTED_EDGE('',*,*,#1087,.T.);
#4285 = PLANE('',#4286);
#4286 = AXIS2_PLACEMENT_3D('',#4287,#4288,#4289);
#4287 = CARTESIAN_POINT('',(253.77635753241,93.358041199084,
    4.291726506849));
#4288 = DIRECTION('',(1.,-2.021099337273E-13,0.));
#4289 = DIRECTION('',(0.,0.,-1.));
#4290 = ADVANCED_FACE('',(#4291),#4303,.F.);
#4291 = FACE_BOUND('',#4292,.F.);
#4292 = EDGE_LOOP('',(#4293,#4294,#4295,#4302));
#4293 = ORIENTED_EDGE('',*,*,#1122,.F.);
#4294 = ORIENTED_EDGE('',*,*,#2105,.F.);
#4295 = ORIENTED_EDGE('',*,*,#4296,.T.);
#4296 = EDGE_CURVE('',#2106,#1498,#4297,.T.);
#4297 = B_SPLINE_CURVE_WITH_KNOTS('',3,(#4298,#4299,#4300,#4301),
  .UNSPECIFIED.,.F.,.F.,(4,4),(-55.31963155518,-48.73036844483),
  .PIECEWISE_BEZIER_KNOTS.);
#4298 = CARTESIAN_POINT('',(256.13172597723,93.683041199096,
    2.391726506849));
#4299 = CARTESIAN_POINT('',(258.32814701401,93.683041199096,
    2.391726506849));
#4300 = CARTESIAN_POINT('',(260.52456805079,93.683041199089,
    2.391726506849));
#4301 = CARTESIAN_POINT('',(262.72098908757,93.683041199089,
    2.391726506849));
#4302 = ORIENTED_EDGE('',*,*,#1506,.F.);
#4303 = B_SPLINE_SURFACE_WITH_KNOTS('',1,1,(
    (#4304,#4305,#4306,#4307)
    ,(#4308,#4309,#4310,#4311)
    ,(#4312,#4313,#4314,#4315
    )),.UNSPECIFIED.,.F.,.F.,.F.,(2,1,2),(2,1,1,2),(2.025046796916E-13,
    18.,66.999999999999),(-1.5,0.,3.,10.5),.UNSPECIFIED.);
#4304 = CARTESIAN_POINT('',(244.45135753241,93.683041199096,
    1.291726506849));
#4305 = CARTESIAN_POINT('',(244.45135753241,93.683041199096,
    2.791726506849));
#4306 = CARTESIAN_POINT('',(244.45135753241,93.683041199096,
    5.791726506849));
#4307 = CARTESIAN_POINT('',(244.45135753241,93.683041199096,
    13.291726506849));
#4308 = CARTESIAN_POINT('',(262.45135753241,93.683041199089,
    1.291726506849));
#4309 = CARTESIAN_POINT('',(262.45135753241,93.683041199089,
    2.791726506849));
#4310 = CARTESIAN_POINT('',(262.45135753241,93.683041199089,
    5.791726506849));
#4311 = CARTESIAN_POINT('',(262.45135753241,93.683041199089,
    13.291726506849));
#4312 = CARTESIAN_POINT('',(311.45135753241,93.683041199067,
    1.291726506849));
#4313 = CARTESIAN_POINT('',(311.45135753241,93.683041199067,
    2.791726506849));
#4314 = CARTESIAN_POINT('',(311.45135753241,93.683041199067,
    5.791726506849));
#4315 = CARTESIAN_POINT('',(311.45135753241,93.683041199067,
    13.291726506849));
#4316 = ADVANCED_FACE('',(#4317),#4328,.T.);
#4317 = FACE_BOUND('',#4318,.T.);
#4318 = EDGE_LOOP('',(#4319,#4320,#4321,#4322));
#4319 = ORIENTED_EDGE('',*,*,#1489,.T.);
#4320 = ORIENTED_EDGE('',*,*,#1053,.T.);
#4321 = ORIENTED_EDGE('',*,*,#1995,.T.);
#4322 = ORIENTED_EDGE('',*,*,#4323,.T.);
#4323 = EDGE_CURVE('',#1996,#1490,#4324,.T.);
#4324 = LINE('',#4325,#4326);
#4325 = CARTESIAN_POINT('',(253.45135753241,93.033041199087,
    2.391726506849));
#4326 = VECTOR('',#4327,1.);
#4327 = DIRECTION('',(1.,-4.042198674546E-13,0.));
#4328 = PLANE('',#4329);
#4329 = AXIS2_PLACEMENT_3D('',#4330,#4331,#4332);
#4330 = CARTESIAN_POINT('',(253.45135753241,93.033041199087,
    4.291726506849));
#4331 = DIRECTION('',(-4.042198674546E-13,-1.,0.));
#4332 = DIRECTION('',(-0.,0.,-1.));
#4333 = ADVANCED_FACE('',(#4334),#4340,.F.);
#4334 = FACE_BOUND('',#4335,.T.);
#4335 = EDGE_LOOP('',(#4336,#4337,#4338,#4339));
#4336 = ORIENTED_EDGE('',*,*,#1497,.T.);
#4337 = ORIENTED_EDGE('',*,*,#4323,.F.);
#4338 = ORIENTED_EDGE('',*,*,#2117,.T.);
#4339 = ORIENTED_EDGE('',*,*,#4296,.T.);
#4340 = PLANE('',#4341);
#4341 = AXIS2_PLACEMENT_3D('',#4342,#4343,#4344);
#4342 = CARTESIAN_POINT('',(253.45135753241,93.683041199089,
    2.391726506849));
#4343 = DIRECTION('',(0.,0.,1.));
#4344 = DIRECTION('',(1.,0.,-0.));
#4345 = ADVANCED_FACE('',(#4346),#4357,.F.);
#4346 = FACE_BOUND('',#4347,.T.);
#4347 = EDGE_LOOP('',(#4348,#4349,#4355,#4356));
#4348 = ORIENTED_EDGE('',*,*,#39,.T.);
#4349 = ORIENTED_EDGE('',*,*,#4350,.F.);
#4350 = EDGE_CURVE('',#1518,#32,#4351,.T.);
#4351 = LINE('',#4352,#4353);
#4352 = CARTESIAN_POINT('',(265.07635753241,93.520541199083,
    2.391726506849));
#4353 = VECTOR('',#4354,1.);
#4354 = DIRECTION('',(0.,1.,0.));
#4355 = ORIENTED_EDGE('',*,*,#1517,.T.);
#4356 = ORIENTED_EDGE('',*,*,#1154,.T.);
#4357 = PLANE('',#4358);
#4358 = AXIS2_PLACEMENT_3D('',#4359,#4360,#4361);
#4359 = CARTESIAN_POINT('',(265.07635753241,93.358041199084,
    4.291726506849));
#4360 = DIRECTION('',(1.,0.,0.));
#4361 = DIRECTION('',(0.,-1.,0.));
#4362 = ADVANCED_FACE('',(#4363),#4374,.F.);
#4363 = FACE_BOUND('',#4364,.T.);
#4364 = EDGE_LOOP('',(#4365,#4366,#4372,#4373));
#4365 = ORIENTED_EDGE('',*,*,#31,.F.);
#4366 = ORIENTED_EDGE('',*,*,#4367,.F.);
#4367 = EDGE_CURVE('',#1389,#22,#4368,.T.);
#4368 = LINE('',#4369,#4370);
#4369 = CARTESIAN_POINT('',(265.72635753241,93.520541199083,
    2.391726506849));
#4370 = VECTOR('',#4371,1.);
#4371 = DIRECTION('',(0.,1.,0.));
#4372 = ORIENTED_EDGE('',*,*,#1525,.T.);
#4373 = ORIENTED_EDGE('',*,*,#4350,.T.);
#4374 = PLANE('',#4375);
#4375 = AXIS2_PLACEMENT_3D('',#4376,#4377,#4378);
#4376 = CARTESIAN_POINT('',(253.45135753241,93.683041199089,
    2.391726506849));
#4377 = DIRECTION('',(0.,0.,1.));
#4378 = DIRECTION('',(1.,0.,-0.));
#4379 = ADVANCED_FACE('',(#4380),#4386,.T.);
#4380 = FACE_BOUND('',#4381,.T.);
#4381 = EDGE_LOOP('',(#4382,#4383,#4384,#4385));
#4382 = ORIENTED_EDGE('',*,*,#21,.T.);
#4383 = ORIENTED_EDGE('',*,*,#2899,.T.);
#4384 = ORIENTED_EDGE('',*,*,#1386,.T.);
#4385 = ORIENTED_EDGE('',*,*,#4367,.T.);
#4386 = PLANE('',#4387);
#4387 = AXIS2_PLACEMENT_3D('',#4388,#4389,#4390);
#4388 = CARTESIAN_POINT('',(265.72635753241,93.358041199084,
    4.291726506849));
#4389 = DIRECTION('',(1.,0.,0.));
#4390 = DIRECTION('',(0.,-1.,0.));
#4391 = ( GEOMETRIC_REPRESENTATION_CONTEXT(3) 
GLOBAL_UNCERTAINTY_ASSIGNED_CONTEXT((#4395)) 
GLOBAL_UNIT_ASSIGNED_CONTEXT((#4392,#4393,#4394)) REPRESENTATION_CONTEXT
('Context #1','3D Context with UNIT and UNCERTAINTY') );
#4392 = ( LENGTH_UNIT() NAMED_UNIT(*) SI_UNIT(.MILLI.,.METRE.) );
#4393 = ( NAMED_UNIT(*) PLANE_ANGLE_UNIT() SI_UNIT($,.RADIAN.) );
#4394 = ( NAMED_UNIT(*) SI_UNIT($,.STERADIAN.) SOLID_ANGLE_UNIT() );
#4395 = UNCERTAINTY_MEASURE_WITH_UNIT(LENGTH_MEASURE(5.E-04),#4392,
  'distance_accuracy_value','confusion accuracy');
#4396 = PRODUCT_RELATED_PRODUCT_CATEGORY('part',$,(#7));
#4397 = MECHANICAL_DESIGN_GEOMETRIC_PRESENTATION_REPRESENTATION('',(
    #4398),#4391);
#4398 = STYLED_ITEM('color',(#4399),#15);
#4399 = PRESENTATION_STYLE_ASSIGNMENT((#4400,#4406));
#4400 = SURFACE_STYLE_USAGE(.BOTH.,#4401);
#4401 = SURFACE_SIDE_STYLE('',(#4402));
#4402 = SURFACE_STYLE_FILL_AREA(#4403);
#4403 = FILL_AREA_STYLE('',(#4404));
#4404 = FILL_AREA_STYLE_COLOUR('',#4405);
#4405 = DRAUGHTING_PRE_DEFINED_COLOUR('white');
#4406 = CURVE_STYLE('',#4407,POSITIVE_LENGTH_MEASURE(0.1),#4408);
#4407 = DRAUGHTING_PRE_DEFINED_CURVE_FONT('continuous');
#4408 = COLOUR_RGB('',9.803921802644E-02,9.803921802644E-02,
  9.803921802644E-02);
ENDSEC;
END-ISO-10303-21;
