ISO-10303-21;
HEADER;
FILE_DESCRIPTION(('FreeCAD Model'),'2;1');
FILE_NAME('Open CASCADE Shape Model','2026-09-10T09:38:57',('Author'),(
    ''),'Open CASCADE STEP processor 7.8','FreeCAD','Unknown');
FILE_SCHEMA(('AUTOMOTIVE_DESIGN { 1 0 10303 214 1 1 1 1 }'));
ENDSEC;
DATA;
#1 = APPLICATION_PROTOCOL_DEFINITION('international standard',
  'automotive_design',2000,#2);
#2 = APPLICATION_CONTEXT(
  'core data for automotive mechanical design processes');
#3 = SHAPE_DEFINITION_REPRESENTATION(#4,#10);
#4 = PRODUCT_DEFINITION_SHAPE('','',#5);
#5 = PRODUCT_DEFINITION('design','',#6,#9);
#6 = PRODUCT_DEFINITION_FORMATION('','',#7);
#7 = PRODUCT('Product023','Product023','',(#8));
#8 = PRODUCT_CONTEXT('',#2,'mechanical');
#9 = PRODUCT_DEFINITION_CONTEXT('part definition',#2,'design');
#10 = ADVANCED_BREP_SHAPE_REPRESENTATION('',(#11,#15),#6993);
#11 = AXIS2_PLACEMENT_3D('',#12,#13,#14);
#12 = CARTESIAN_POINT('',(0.,0.,0.));
#13 = DIRECTION('',(0.,0.,1.));
#14 = DIRECTION('',(1.,0.,-0.));
#15 = MANIFOLD_SOLID_BREP('',#16);
#16 = CLOSED_SHELL('',(#17,#61,#95,#137,#1943,#2009,#2174,#2208,#2232,
    #2249,#2364,#2422,#2454,#2488,#2506,#2549,#2716,#2737,#2765,#2777,
    #2831,#2898,#2930,#2964,#2982,#3062,#3086,#3120,#3138,#3215,#3255,
    #3299,#3335,#3410,#3479,#3579,#3686,#3720,#3745,#3770,#3795,#3820,
    #3847,#3874,#3899,#3924,#3949,#3976,#3994,#4026,#4133,#4167,#4192,
    #4217,#4242,#4267,#4294,#4321,#4346,#4371,#4396,#4423,#4441,#4473,
    #4514,#4548,#4580,#4612,#4644,#4678,#4712,#4744,#4776,#4808,#4840,
    #4865,#4888,#5973,#6055,#6136,#6186,#6243,#6314,#6378,#6435,#6485,
    #6539,#6573,#6614,#6631,#6672,#6690,#6736,#6777,#6809,#6821,#6845,
    #6868,#6880,#6892,#6909,#6927,#6939,#6961,#6981));
#17 = ADVANCED_FACE('',(#18),#56,.T.);
#18 = FACE_BOUND('',#19,.T.);
#19 = EDGE_LOOP('',(#20,#31,#42,#50));
#20 = ORIENTED_EDGE('',*,*,#21,.T.);
#21 = EDGE_CURVE('',#22,#24,#26,.T.);
#22 = VERTEX_POINT('',#23);
#23 = CARTESIAN_POINT('',(272.01145080371,167.13304119907,3.012933555441
    ));
#24 = VERTEX_POINT('',#25);
#25 = CARTESIAN_POINT('',(270.87048562599,167.13304119907,5.749360134423
    ));
#26 = B_SPLINE_CURVE_WITH_KNOTS('',3,(#27,#28,#29,#30),.UNSPECIFIED.,.F.
  ,.F.,(4,4),(5.413323700619E-02,2.937811834863),
  .PIECEWISE_BEZIER_KNOTS.);
#27 = CARTESIAN_POINT('',(272.01145080371,167.13304119907,3.01293355544)
  );
#28 = CARTESIAN_POINT('',(271.63990607185,167.13304119907,3.901743224165
    ));
#29 = CARTESIAN_POINT('',(271.24757707569,167.13304119907,4.842015762607
    ));
#30 = CARTESIAN_POINT('',(270.87048562599,167.13304119907,5.749360134424
    ));
#31 = ORIENTED_EDGE('',*,*,#32,.T.);
#32 = EDGE_CURVE('',#24,#33,#35,.T.);
#33 = VERTEX_POINT('',#34);
#34 = CARTESIAN_POINT('',(268.08172597723,167.13304119907,5.582826605929
    ));
#35 = B_SPLINE_CURVE_WITH_KNOTS('',3,(#36,#37,#38,#39,#40,#41),
  .UNSPECIFIED.,.F.,.F.,(4,2,4),(0.205122399038,2.694079601282,
    2.998868303078),.UNSPECIFIED.);
#36 = CARTESIAN_POINT('',(270.87048562599,167.13304119907,5.749360134423
    ));
#37 = CARTESIAN_POINT('',(270.04257743563,167.13304119907,5.695602185675
    ));
#38 = CARTESIAN_POINT('',(269.2144244642,167.13304119907,5.645677060542)
  );
#39 = CARTESIAN_POINT('',(268.28461398253,167.13304119907,5.593942277696
    ));
#40 = CARTESIAN_POINT('',(268.18317151911,167.13304119907,5.588355686753
    ));
#41 = CARTESIAN_POINT('',(268.08172597723,167.13304119907,5.582826605929
    ));
#42 = ORIENTED_EDGE('',*,*,#43,.F.);
#43 = EDGE_CURVE('',#44,#33,#46,.T.);
#44 = VERTEX_POINT('',#45);
#45 = CARTESIAN_POINT('',(268.08172597723,167.13304119907,3.012933555441
    ));
#46 = LINE('',#47,#48);
#47 = CARTESIAN_POINT('',(268.08172597723,167.13304119907,
    9.521627930553E-11));
#48 = VECTOR('',#49,1.);
#49 = DIRECTION('',(0.,0.,1.));
#50 = ORIENTED_EDGE('',*,*,#51,.T.);
#51 = EDGE_CURVE('',#44,#22,#52,.T.);
#52 = LINE('',#53,#54);
#53 = CARTESIAN_POINT('',(253.45135753241,167.13304119907,3.012933555441
    ));
#54 = VECTOR('',#55,1.);
#55 = DIRECTION('',(1.,-4.042198674546E-13,0.));
#56 = PLANE('',#57);
#57 = AXIS2_PLACEMENT_3D('',#58,#59,#60);
#58 = CARTESIAN_POINT('',(253.45135753241,167.13304119907,4.512933555441
    ));
#59 = DIRECTION('',(-4.042198674546E-13,-1.,0.));
#60 = DIRECTION('',(-0.,0.,-1.));
#61 = ADVANCED_FACE('',(#62),#90,.F.);
#62 = FACE_BOUND('',#63,.T.);
#63 = EDGE_LOOP('',(#64,#73,#74,#83));
#64 = ORIENTED_EDGE('',*,*,#65,.F.);
#65 = EDGE_CURVE('',#22,#66,#68,.T.);
#66 = VERTEX_POINT('',#67);
#67 = CARTESIAN_POINT('',(272.00947474099,167.78304119908,3.012933555441
    ));
#68 = B_SPLINE_CURVE_WITH_KNOTS('',3,(#69,#70,#71,#72),.UNSPECIFIED.,.F.
  ,.F.,(4,4),(-0.701209268679,-5.089202129546E-02),
  .PIECEWISE_BEZIER_KNOTS.);
#69 = CARTESIAN_POINT('',(272.01145080371,167.13304119907,3.012933555441
    ));
#70 = CARTESIAN_POINT('',(272.01079230732,167.34992630917,3.012933555441
    ));
#71 = CARTESIAN_POINT('',(272.0101345442,167.56632455421,3.012933555441)
  );
#72 = CARTESIAN_POINT('',(272.00947474099,167.78304119907,3.012933555441
    ));
#73 = ORIENTED_EDGE('',*,*,#51,.F.);
#74 = ORIENTED_EDGE('',*,*,#75,.F.);
#75 = EDGE_CURVE('',#76,#44,#78,.T.);
#76 = VERTEX_POINT('',#77);
#77 = CARTESIAN_POINT('',(268.08172597724,167.78304119908,3.012933555441
    ));
#78 = CIRCLE('',#79,2.7);
#79 = AXIS2_PLACEMENT_3D('',#80,#81,#82);
#80 = CARTESIAN_POINT('',(265.40135753241,167.45804119909,3.012933555441
    ));
#81 = DIRECTION('',(0.,0.,-1.));
#82 = DIRECTION('',(0.,1.,0.));
#83 = ORIENTED_EDGE('',*,*,#84,.F.);
#84 = EDGE_CURVE('',#66,#76,#85,.T.);
#85 = B_SPLINE_CURVE_WITH_KNOTS('',3,(#86,#87,#88,#89),.UNSPECIFIED.,.F.
  ,.F.,(4,4),(39.441882791423,43.369631555178),
  .PIECEWISE_BEZIER_KNOTS.);
#86 = CARTESIAN_POINT('',(272.00947474098,167.78304119908,3.012933555441
    ));
#87 = CARTESIAN_POINT('',(270.70022515307,167.78304119908,3.012933555441
    ));
#88 = CARTESIAN_POINT('',(269.39097556515,167.78304119908,3.012933555441
    ));
#89 = CARTESIAN_POINT('',(268.08172597723,167.78304119908,3.012933555441
    ));
#90 = PLANE('',#91);
#91 = AXIS2_PLACEMENT_3D('',#92,#93,#94);
#92 = CARTESIAN_POINT('',(253.45135753241,167.78304119908,3.012933555441
    ));
#93 = DIRECTION('',(0.,0.,1.));
#94 = DIRECTION('',(1.,0.,-0.));
#95 = ADVANCED_FACE('',(#96),#124,.F.);
#96 = FACE_BOUND('',#97,.F.);
#97 = EDGE_LOOP('',(#98,#111,#116,#117));
#98 = ORIENTED_EDGE('',*,*,#99,.F.);
#99 = EDGE_CURVE('',#100,#102,#104,.T.);
#100 = VERTEX_POINT('',#101);
#101 = CARTESIAN_POINT('',(268.08172593965,167.78304120518,
    5.568643835239));
#102 = VERTEX_POINT('',#103);
#103 = CARTESIAN_POINT('',(270.87183778752,167.78304119908,
    5.735264886279));
#104 = B_SPLINE_CURVE_WITH_KNOTS('',3,(#105,#106,#107,#108,#109,#110),
  .UNSPECIFIED.,.F.,.F.,(4,2,4),(2.390107783392,2.706705113817,
    5.185208766731),.UNSPECIFIED.);
#105 = CARTESIAN_POINT('',(268.08172597723,167.78304119908,5.56864355546
    ));
#106 = CARTESIAN_POINT('',(268.18710188513,167.78304119908,
    5.574386852809));
#107 = CARTESIAN_POINT('',(268.29247447108,167.78304119908,
    5.580192202884));
#108 = CARTESIAN_POINT('',(269.2227336738,167.78304119908,5.631992941534
    ));
#109 = CARTESIAN_POINT('',(270.04740713386,167.78304119908,
    5.681728568891));
#110 = CARTESIAN_POINT('',(270.87183778752,167.78304119908,
    5.735264886279));
#111 = ORIENTED_EDGE('',*,*,#112,.T.);
#112 = EDGE_CURVE('',#100,#76,#113,.T.);
#113 = B_SPLINE_CURVE_WITH_KNOTS('',1,(#114,#115),.UNSPECIFIED.,.F.,.F.,
  (2,2),(-2.55571000002,0.),.PIECEWISE_BEZIER_KNOTS.);
#114 = CARTESIAN_POINT('',(268.08172597724,167.78304119908,
    5.568643555461));
#115 = CARTESIAN_POINT('',(268.08172597723,167.78304119908,
    3.012933555441));
#116 = ORIENTED_EDGE('',*,*,#84,.F.);
#117 = ORIENTED_EDGE('',*,*,#118,.T.);
#118 = EDGE_CURVE('',#66,#102,#119,.T.);
#119 = B_SPLINE_CURVE_WITH_KNOTS('',3,(#120,#121,#122,#123),
  .UNSPECIFIED.,.F.,.F.,(4,4),(-3.316821765983,-0.420053554407),
  .PIECEWISE_BEZIER_KNOTS.);
#120 = CARTESIAN_POINT('',(272.00947474099,167.78304119907,
    3.012933555439));
#121 = CARTESIAN_POINT('',(271.63960672355,167.78304119907,3.89617939351
    ));
#122 = CARTESIAN_POINT('',(271.24815013331,167.78304119908,
    4.832379143092));
#123 = CARTESIAN_POINT('',(270.87183778752,167.78304119908,
    5.735264886279));
#124 = B_SPLINE_SURFACE_WITH_KNOTS('',1,1,(
    (#125,#126,#127,#128)
    ,(#129,#130,#131,#132)
    ,(#133,#134,#135,#136
  )),.UNSPECIFIED.,.F.,.F.,.F.,(2,1,2),(2,1,1,2),(2.025046796916E-13,18.
    ,66.999999999999),(-1.5,0.,3.,10.5),.UNSPECIFIED.);
#125 = CARTESIAN_POINT('',(244.45135753241,167.78304119908,
    1.512933555441));
#126 = CARTESIAN_POINT('',(244.45135753241,167.78304119908,
    3.012933555441));
#127 = CARTESIAN_POINT('',(244.45135753241,167.78304119908,
    6.012933555441));
#128 = CARTESIAN_POINT('',(244.45135753241,167.78304119908,
    13.512933555441));
#129 = CARTESIAN_POINT('',(262.45135753241,167.78304119908,
    1.512933555441));
#130 = CARTESIAN_POINT('',(262.45135753241,167.78304119908,
    3.012933555441));
#131 = CARTESIAN_POINT('',(262.45135753241,167.78304119908,
    6.012933555441));
#132 = CARTESIAN_POINT('',(262.45135753241,167.78304119908,
    13.512933555441));
#133 = CARTESIAN_POINT('',(311.45135753241,167.78304119905,
    1.512933555441));
#134 = CARTESIAN_POINT('',(311.45135753241,167.78304119905,
    3.012933555441));
#135 = CARTESIAN_POINT('',(311.45135753241,167.78304119905,
    6.012933555441));
#136 = CARTESIAN_POINT('',(311.45135753241,167.78304119905,
    13.512933555441));
#137 = ADVANCED_FACE('',(#138),#222,.F.);
#138 = FACE_BOUND('',#139,.F.);
#139 = EDGE_LOOP('',(#140,#157,#170,#183,#198,#219,#220,#221));
#140 = ORIENTED_EDGE('',*,*,#141,.F.);
#141 = EDGE_CURVE('',#142,#24,#144,.T.);
#142 = VERTEX_POINT('',#143);
#143 = CARTESIAN_POINT('',(270.86240328145,162.28796423399,5.85455540737
    ));
#144 = B_SPLINE_CURVE_WITH_KNOTS('',3,(#145,#146,#147,#148,#149,#150,
    #151,#152,#153,#154,#155,#156),.UNSPECIFIED.,.F.,.F.,(4,2,2,2,2,4),(
    -4.249078487652,-3.711854121515,-3.64237129183,-3.536132435546,
    -2.626303154383,-4.263169576264E-02),.UNSPECIFIED.);
#145 = CARTESIAN_POINT('',(270.86240328145,162.287964234,5.854555407369)
  );
#146 = CARTESIAN_POINT('',(270.86244308918,162.48445215363,
    5.850270609308));
#147 = CARTESIAN_POINT('',(270.86248290724,162.68094007328,
    5.845985811926));
#148 = CARTESIAN_POINT('',(270.8625278869,162.90284109316,5.841146833733
    ));
#149 = CARTESIAN_POINT('',(270.86253876804,162.92825420242,
    5.840593023929));
#150 = CARTESIAN_POINT('',(270.86259334512,162.992523827,5.839194197924)
  );
#151 = CARTESIAN_POINT('',(270.86264557074,163.03652673437,
    5.838237440656));
#152 = CARTESIAN_POINT('',(270.86312469389,163.40624128742,
    5.830201336979));
#153 = CARTESIAN_POINT('',(270.86432426781,164.04685976851,
    5.816300852393));
#154 = CARTESIAN_POINT('',(270.86652994354,165.20711998839,
    5.791127057686));
#155 = CARTESIAN_POINT('',(270.86868887614,166.26560997164,5.76817088413
    ));
#156 = CARTESIAN_POINT('',(270.87048562599,167.13304119907,
    5.749360134423));
#157 = ORIENTED_EDGE('',*,*,#158,.F.);
#158 = EDGE_CURVE('',#159,#142,#161,.T.);
#159 = VERTEX_POINT('',#160);
#160 = CARTESIAN_POINT('',(273.27537316282,159.5611850032,
    9.530110034461E-11));
#161 = B_SPLINE_CURVE_WITH_KNOTS('',3,(#162,#163,#164,#165,#166,#167,
    #168,#169),.UNSPECIFIED.,.F.,.F.,(4,2,2,4),(-3.736527067043,
    -3.33170137349,-3.164879916194,-0.4425189795),.UNSPECIFIED.);
#162 = CARTESIAN_POINT('',(273.27537316282,159.5611850032,
    9.266187817047E-11));
#163 = CARTESIAN_POINT('',(272.90752125376,159.97528941674,
    0.889106535046));
#164 = CARTESIAN_POINT('',(272.53435932349,160.3958622066,1.79210105431)
  );
#165 = CARTESIAN_POINT('',(272.08851238444,160.89946582099,
    2.873367638136));
#166 = CARTESIAN_POINT('',(271.93439846519,161.07398770168,
    3.248076382105));
#167 = CARTESIAN_POINT('',(271.58303658575,161.4717279605,4.102048114289
    ));
#168 = CARTESIAN_POINT('',(271.19807248445,161.90773296889,
    5.038176514658));
#169 = CARTESIAN_POINT('',(270.86240328145,162.28796423399,
    5.854555407376));
#170 = ORIENTED_EDGE('',*,*,#171,.T.);
#171 = EDGE_CURVE('',#159,#172,#174,.T.);
#172 = VERTEX_POINT('',#173);
#173 = CARTESIAN_POINT('',(273.27072432622,175.4543279688,
    9.541478718234E-11));
#174 = B_SPLINE_CURVE_WITH_KNOTS('',3,(#175,#176,#177,#178,#179,#180,
    #181,#182),.UNSPECIFIED.,.F.,.F.,(4,2,2,4),(-20.8122070661,
    -20.24400456984,-2.447979047275,-0.459906548879),.UNSPECIFIED.);
#175 = CARTESIAN_POINT('',(273.27537316282,159.5611850032,
    9.530154443382E-11));
#176 = CARTESIAN_POINT('',(273.27535208882,159.62321203025,
    9.530154443382E-11));
#177 = CARTESIAN_POINT('',(273.27533194189,159.68399534568,
    9.524425692575E-11));
#178 = CARTESIAN_POINT('',(273.27474230426,161.48720189378,
    9.524425692575E-11));
#179 = CARTESIAN_POINT('',(273.27412908767,163.83420525494,
    9.535794376347E-11));
#180 = CARTESIAN_POINT('',(273.27280870452,168.53052296162,
    9.535794376347E-11));
#181 = CARTESIAN_POINT('',(273.27138188615,173.6559859544,
    9.530110034461E-11));
#182 = CARTESIAN_POINT('',(273.27072432622,175.4543279688,
    9.530110034461E-11));
#183 = ORIENTED_EDGE('',*,*,#184,.T.);
#184 = EDGE_CURVE('',#172,#185,#187,.T.);
#185 = VERTEX_POINT('',#186);
#186 = CARTESIAN_POINT('',(270.8853817152,174.97307864142,5.579257560735
    ));
#187 = B_SPLINE_CURVE_WITH_KNOTS('',3,(#188,#189,#190,#191,#192,#193,
    #194,#195,#196,#197),.UNSPECIFIED.,.F.,.F.,(4,2,2,2,4),(
    8.783049791504E-02,4.143478464872,4.19351235772,4.25639455076,
    9.562555326034),.UNSPECIFIED.);
#188 = CARTESIAN_POINT('',(273.27072432622,175.45432796879,
    9.499290243298E-11));
#189 = CARTESIAN_POINT('',(272.74591922057,175.34803641357,
    1.232267619681));
#190 = CARTESIAN_POINT('',(272.29641810782,175.25717521478,
    2.285646817347));
#191 = CARTESIAN_POINT('',(272.02626240234,175.20272983496,
    2.916847277675));
#192 = CARTESIAN_POINT('',(272.02292261341,175.20205683683,
    2.924649532579));
#193 = CARTESIAN_POINT('',(272.01549476051,175.20056030831,
    2.941999204779));
#194 = CARTESIAN_POINT('',(272.01135712303,175.1997269428,2.951660643343
    ));
#195 = CARTESIAN_POINT('',(271.65805094379,175.12857294105,
    3.776568813855));
#196 = CARTESIAN_POINT('',(271.23992427808,175.04442117895,
    4.752163642316));
#197 = CARTESIAN_POINT('',(270.8853817152,174.97307864142,5.579257560735
    ));
#198 = ORIENTED_EDGE('',*,*,#199,.F.);
#199 = EDGE_CURVE('',#102,#185,#200,.T.);
#200 = B_SPLINE_CURVE_WITH_KNOTS('',3,(#201,#202,#203,#204,#205,#206,
    #207,#208,#209,#210,#211,#212,#213,#214,#215,#216,#217,#218),
  .UNSPECIFIED.,.F.,.F.,(4,2,2,2,2,2,2,2,4),(-3.232469255643,
    -0.738258397457,-0.696421639273,-0.663002929492,-0.65777686136,
    -0.636470492105,-0.592483361238,-0.498645062933,-9.594507016151E-02)
  ,.UNSPECIFIED.);
#201 = CARTESIAN_POINT('',(270.87183778752,167.78304119911,
    5.735264886278));
#202 = CARTESIAN_POINT('',(270.87988885363,171.63811415143,
    5.651669709796));
#203 = CARTESIAN_POINT('',(270.88430698529,173.49993912259,
    5.611331735526));
#204 = CARTESIAN_POINT('',(270.88521170192,174.34372337251,
    5.592979092795));
#205 = CARTESIAN_POINT('',(270.88522564095,174.3581660146,5.592664859085
    ));
#206 = CARTESIAN_POINT('',(270.88524495948,174.38322004301,
    5.592119433702));
#207 = CARTESIAN_POINT('',(270.88525227015,174.3950186386,5.591862462532
    ));
#208 = CARTESIAN_POINT('',(270.88525611629,174.40789717064,
    5.591581701915));
#209 = CARTESIAN_POINT('',(270.88525650887,174.40963877931,
    5.591543725392));
#210 = CARTESIAN_POINT('',(270.88525847322,174.41848082301,5.59135091897
    ));
#211 = CARTESIAN_POINT('',(270.88526005067,174.42558125804,
    5.591196089441));
#212 = CARTESIAN_POINT('',(270.88526488482,174.44734058503,
    5.590721613396));
#213 = CARTESIAN_POINT('',(270.88526814157,174.46199947699,
    5.590401966884));
#214 = CARTESIAN_POINT('',(270.88527834621,174.50793036713,
    5.589400414469));
#215 = CARTESIAN_POINT('',(270.88528529432,174.53920236532,
    5.588718508582));
#216 = CARTESIAN_POINT('',(270.88532206134,174.70467578947,
    5.585110255023));
#217 = CARTESIAN_POINT('',(270.88535188549,174.83887721543,
    5.582183907696));
#218 = CARTESIAN_POINT('',(270.8853817152,174.97307864141,5.579257560735
    ));
#219 = ORIENTED_EDGE('',*,*,#118,.F.);
#220 = ORIENTED_EDGE('',*,*,#65,.F.);
#221 = ORIENTED_EDGE('',*,*,#21,.T.);
#222 = B_SPLINE_SURFACE_WITH_KNOTS('',3,3,(
    (#223,#224,#225,#226,#227)
    ,(#228,#229,#230,#231,#232)
    ,(#233,#234,#235,#236,#237)
    ,(#238,#239,#240,#241,#242)
    ,(#243,#244,#245,#246,#247)
    ,(#248,#249,#250,#251,#252)
    ,(#253,#254,#255,#256,#257)
    ,(#258,#259,#260,#261,#262)
    ,(#263,#264,#265,#266,#267)
    ,(#268,#269,#270,#271,#272)
    ,(#273,#274,#275,#276,#277)
    ,(#278,#279,#280,#281,#282)
    ,(#283,#284,#285,#286,#287)
    ,(#288,#289,#290,#291,#292)
    ,(#293,#294,#295,#296,#297)
    ,(#298,#299,#300,#301,#302)
    ,(#303,#304,#305,#306,#307)
    ,(#308,#309,#310,#311,#312)
    ,(#313,#314,#315,#316,#317)
    ,(#318,#319,#320,#321,#322)
    ,(#323,#324,#325,#326,#327)
    ,(#328,#329,#330,#331,#332)
    ,(#333,#334,#335,#336,#337)
    ,(#338,#339,#340,#341,#342)
    ,(#343,#344,#345,#346,#347)
    ,(#348,#349,#350,#351,#352)
    ,(#353,#354,#355,#356,#357)
    ,(#358,#359,#360,#361,#362)
    ,(#363,#364,#365,#366,#367)
    ,(#368,#369,#370,#371,#372)
    ,(#373,#374,#375,#376,#377)
    ,(#378,#379,#380,#381,#382)
    ,(#383,#384,#385,#386,#387)
    ,(#388,#389,#390,#391,#392)
    ,(#393,#394,#395,#396,#397)
    ,(#398,#399,#400,#401,#402)
    ,(#403,#404,#405,#406,#407)
    ,(#408,#409,#410,#411,#412)
    ,(#413,#414,#415,#416,#417)
    ,(#418,#419,#420,#421,#422)
    ,(#423,#424,#425,#426,#427)
    ,(#428,#429,#430,#431,#432)
    ,(#433,#434,#435,#436,#437)
    ,(#438,#439,#440,#441,#442)
    ,(#443,#444,#445,#446,#447)
    ,(#448,#449,#450,#451,#452)
    ,(#453,#454,#455,#456,#457)
    ,(#458,#459,#460,#461,#462)
    ,(#463,#464,#465,#466,#467)
    ,(#468,#469,#470,#471,#472)
    ,(#473,#474,#475,#476,#477)
    ,(#478,#479,#480,#481,#482)
    ,(#483,#484,#485,#486,#487)
    ,(#488,#489,#490,#491,#492)
    ,(#493,#494,#495,#496,#497)
    ,(#498,#499,#500,#501,#502)
    ,(#503,#504,#505,#506,#507)
    ,(#508,#509,#510,#511,#512)
    ,(#513,#514,#515,#516,#517)
    ,(#518,#519,#520,#521,#522)
    ,(#523,#524,#525,#526,#527)
    ,(#528,#529,#530,#531,#532)
    ,(#533,#534,#535,#536,#537)
    ,(#538,#539,#540,#541,#542)
    ,(#543,#544,#545,#546,#547)
    ,(#548,#549,#550,#551,#552)
    ,(#553,#554,#555,#556,#557)
    ,(#558,#559,#560,#561,#562)
    ,(#563,#564,#565,#566,#567)
    ,(#568,#569,#570,#571,#572)
    ,(#573,#574,#575,#576,#577)
    ,(#578,#579,#580,#581,#582)
    ,(#583,#584,#585,#586,#587)
    ,(#588,#589,#590,#591,#592)
    ,(#593,#594,#595,#596,#597)
    ,(#598,#599,#600,#601,#602)
    ,(#603,#604,#605,#606,#607)
    ,(#608,#609,#610,#611,#612)
    ,(#613,#614,#615,#616,#617)
    ,(#618,#619,#620,#621,#622)
    ,(#623,#624,#625,#626,#627)
    ,(#628,#629,#630,#631,#632)
    ,(#633,#634,#635,#636,#637)
    ,(#638,#639,#640,#641,#642)
    ,(#643,#644,#645,#646,#647)
    ,(#648,#649,#650,#651,#652)
    ,(#653,#654,#655,#656,#657)
    ,(#658,#659,#660,#661,#662)
    ,(#663,#664,#665,#666,#667)
    ,(#668,#669,#670,#671,#672)
    ,(#673,#674,#675,#676,#677)
    ,(#678,#679,#680,#681,#682)
    ,(#683,#684,#685,#686,#687)
    ,(#688,#689,#690,#691,#692)
    ,(#693,#694,#695,#696,#697)
    ,(#698,#699,#700,#701,#702)
    ,(#703,#704,#705,#706,#707)
    ,(#708,#709,#710,#711,#712)
    ,(#713,#714,#715,#716,#717)
    ,(#718,#719,#720,#721,#722)
    ,(#723,#724,#725,#726,#727)
    ,(#728,#729,#730,#731,#732)
    ,(#733,#734,#735,#736,#737)
    ,(#738,#739,#740,#741,#742)
    ,(#743,#744,#745,#746,#747)
    ,(#748,#749,#750,#751,#752)
    ,(#753,#754,#755,#756,#757)
    ,(#758,#759,#760,#761,#762)
    ,(#763,#764,#765,#766,#767)
    ,(#768,#769,#770,#771,#772)
    ,(#773,#774,#775,#776,#777)
    ,(#778,#779,#780,#781,#782)
    ,(#783,#784,#785,#786,#787)
    ,(#788,#789,#790,#791,#792)
    ,(#793,#794,#795,#796,#797)
    ,(#798,#799,#800,#801,#802)
    ,(#803,#804,#805,#806,#807)
    ,(#808,#809,#810,#811,#812)
    ,(#813,#814,#815,#816,#817)
    ,(#818,#819,#820,#821,#822)
    ,(#823,#824,#825,#826,#827)
    ,(#828,#829,#830,#831,#832)
    ,(#833,#834,#835,#836,#837)
    ,(#838,#839,#840,#841,#842)
    ,(#843,#844,#845,#846,#847)
    ,(#848,#849,#850,#851,#852)
    ,(#853,#854,#855,#856,#857)
    ,(#858,#859,#860,#861,#862)
    ,(#863,#864,#865,#866,#867)
    ,(#868,#869,#870,#871,#872)
    ,(#873,#874,#875,#876,#877)
    ,(#878,#879,#880,#881,#882)
    ,(#883,#884,#885,#886,#887)
    ,(#888,#889,#890,#891,#892)
    ,(#893,#894,#895,#896,#897)
    ,(#898,#899,#900,#901,#902)
    ,(#903,#904,#905,#906,#907)
    ,(#908,#909,#910,#911,#912)
    ,(#913,#914,#915,#916,#917)
    ,(#918,#919,#920,#921,#922)
    ,(#923,#924,#925,#926,#927)
    ,(#928,#929,#930,#931,#932)
    ,(#933,#934,#935,#936,#937)
    ,(#938,#939,#940,#941,#942)
    ,(#943,#944,#945,#946,#947)
    ,(#948,#949,#950,#951,#952)
    ,(#953,#954,#955,#956,#957)
    ,(#958,#959,#960,#961,#962)
    ,(#963,#964,#965,#966,#967)
    ,(#968,#969,#970,#971,#972)
    ,(#973,#974,#975,#976,#977)
    ,(#978,#979,#980,#981,#982)
    ,(#983,#984,#985,#986,#987)
    ,(#988,#989,#990,#991,#992)
    ,(#993,#994,#995,#996,#997)
    ,(#998,#999,#1000,#1001,#1002)
    ,(#1003,#1004,#1005,#1006,#1007)
    ,(#1008,#1009,#1010,#1011,#1012)
    ,(#1013,#1014,#1015,#1016,#1017)
    ,(#1018,#1019,#1020,#1021,#1022)
    ,(#1023,#1024,#1025,#1026,#1027)
    ,(#1028,#1029,#1030,#1031,#1032)
    ,(#1033,#1034,#1035,#1036,#1037)
    ,(#1038,#1039,#1040,#1041,#1042)
    ,(#1043,#1044,#1045,#1046,#1047)
    ,(#1048,#1049,#1050,#1051,#1052)
    ,(#1053,#1054,#1055,#1056,#1057)
    ,(#1058,#1059,#1060,#1061,#1062)
    ,(#1063,#1064,#1065,#1066,#1067)
    ,(#1068,#1069,#1070,#1071,#1072)
    ,(#1073,#1074,#1075,#1076,#1077)
    ,(#1078,#1079,#1080,#1081,#1082)
    ,(#1083,#1084,#1085,#1086,#1087)
    ,(#1088,#1089,#1090,#1091,#1092)
    ,(#1093,#1094,#1095,#1096,#1097)
    ,(#1098,#1099,#1100,#1101,#1102)
    ,(#1103,#1104,#1105,#1106,#1107)
    ,(#1108,#1109,#1110,#1111,#1112)
    ,(#1113,#1114,#1115,#1116,#1117)
    ,(#1118,#1119,#1120,#1121,#1122)
    ,(#1123,#1124,#1125,#1126,#1127)
    ,(#1128,#1129,#1130,#1131,#1132)
    ,(#1133,#1134,#1135,#1136,#1137)
    ,(#1138,#1139,#1140,#1141,#1142)
    ,(#1143,#1144,#1145,#1146,#1147)
    ,(#1148,#1149,#1150,#1151,#1152)
    ,(#1153,#1154,#1155,#1156,#1157)
    ,(#1158,#1159,#1160,#1161,#1162)
    ,(#1163,#1164,#1165,#1166,#1167)
    ,(#1168,#1169,#1170,#1171,#1172)
    ,(#1173,#1174,#1175,#1176,#1177)
    ,(#1178,#1179,#1180,#1181,#1182)
    ,(#1183,#1184,#1185,#1186,#1187)
    ,(#1188,#1189,#1190,#1191,#1192)
    ,(#1193,#1194,#1195,#1196,#1197)
    ,(#1198,#1199,#1200,#1201,#1202)
    ,(#1203,#1204,#1205,#1206,#1207)
    ,(#1208,#1209,#1210,#1211,#1212)
    ,(#1213,#1214,#1215,#1216,#1217)
    ,(#1218,#1219,#1220,#1221,#1222)
    ,(#1223,#1224,#1225,#1226,#1227)
    ,(#1228,#1229,#1230,#1231,#1232)
    ,(#1233,#1234,#1235,#1236,#1237)
    ,(#1238,#1239,#1240,#1241,#1242)
    ,(#1243,#1244,#1245,#1246,#1247)
    ,(#1248,#1249,#1250,#1251,#1252)
    ,(#1253,#1254,#1255,#1256,#1257)
    ,(#1258,#1259,#1260,#1261,#1262)
    ,(#1263,#1264,#1265,#1266,#1267)
    ,(#1268,#1269,#1270,#1271,#1272)
    ,(#1273,#1274,#1275,#1276,#1277)
    ,(#1278,#1279,#1280,#1281,#1282)
    ,(#1283,#1284,#1285,#1286,#1287)
    ,(#1288,#1289,#1290,#1291,#1292)
    ,(#1293,#1294,#1295,#1296,#1297)
    ,(#1298,#1299,#1300,#1301,#1302)
    ,(#1303,#1304,#1305,#1306,#1307)
    ,(#1308,#1309,#1310,#1311,#1312)
    ,(#1313,#1314,#1315,#1316,#1317)
    ,(#1318,#1319,#1320,#1321,#1322)
    ,(#1323,#1324,#1325,#1326,#1327)
    ,(#1328,#1329,#1330,#1331,#1332)
    ,(#1333,#1334,#1335,#1336,#1337)
    ,(#1338,#1339,#1340,#1341,#1342)
    ,(#1343,#1344,#1345,#1346,#1347)
    ,(#1348,#1349,#1350,#1351,#1352)
    ,(#1353,#1354,#1355,#1356,#1357)
    ,(#1358,#1359,#1360,#1361,#1362)
    ,(#1363,#1364,#1365,#1366,#1367)
    ,(#1368,#1369,#1370,#1371,#1372)
    ,(#1373,#1374,#1375,#1376,#1377)
    ,(#1378,#1379,#1380,#1381,#1382)
    ,(#1383,#1384,#1385,#1386,#1387)
    ,(#1388,#1389,#1390,#1391,#1392)
    ,(#1393,#1394,#1395,#1396,#1397)
    ,(#1398,#1399,#1400,#1401,#1402)
    ,(#1403,#1404,#1405,#1406,#1407)
    ,(#1408,#1409,#1410,#1411,#1412)
    ,(#1413,#1414,#1415,#1416,#1417)
    ,(#1418,#1419,#1420,#1421,#1422)
    ,(#1423,#1424,#1425,#1426,#1427)
    ,(#1428,#1429,#1430,#1431,#1432)
    ,(#1433,#1434,#1435,#1436,#1437)
    ,(#1438,#1439,#1440,#1441,#1442)
    ,(#1443,#1444,#1445,#1446,#1447)
    ,(#1448,#1449,#1450,#1451,#1452)
    ,(#1453,#1454,#1455,#1456,#1457)
    ,(#1458,#1459,#1460,#1461,#1462)
    ,(#1463,#1464,#1465,#1466,#1467)
    ,(#1468,#1469,#1470,#1471,#1472)
    ,(#1473,#1474,#1475,#1476,#1477)
    ,(#1478,#1479,#1480,#1481,#1482)
    ,(#1483,#1484,#1485,#1486,#1487)
    ,(#1488,#1489,#1490,#1491,#1492)
    ,(#1493,#1494,#1495,#1496,#1497)
    ,(#1498,#1499,#1500,#1501,#1502)
    ,(#1503,#1504,#1505,#1506,#1507)
    ,(#1508,#1509,#1510,#1511,#1512)
    ,(#1513,#1514,#1515,#1516,#1517)
    ,(#1518,#1519,#1520,#1521,#1522)
    ,(#1523,#1524,#1525,#1526,#1527)
    ,(#1528,#1529,#1530,#1531,#1532)
    ,(#1533,#1534,#1535,#1536,#1537)
    ,(#1538,#1539,#1540,#1541,#1542)
    ,(#1543,#1544,#1545,#1546,#1547)
    ,(#1548,#1549,#1550,#1551,#1552)
    ,(#1553,#1554,#1555,#1556,#1557)
    ,(#1558,#1559,#1560,#1561,#1562)
    ,(#1563,#1564,#1565,#1566,#1567)
    ,(#1568,#1569,#1570,#1571,#1572)
    ,(#1573,#1574,#1575,#1576,#1577)
    ,(#1578,#1579,#1580,#1581,#1582)
    ,(#1583,#1584,#1585,#1586,#1587)
    ,(#1588,#1589,#1590,#1591,#1592)
    ,(#1593,#1594,#1595,#1596,#1597)
    ,(#1598,#1599,#1600,#1601,#1602)
    ,(#1603,#1604,#1605,#1606,#1607)
    ,(#1608,#1609,#1610,#1611,#1612)
    ,(#1613,#1614,#1615,#1616,#1617)
    ,(#1618,#1619,#1620,#1621,#1622)
    ,(#1623,#1624,#1625,#1626,#1627)
    ,(#1628,#1629,#1630,#1631,#1632)
    ,(#1633,#1634,#1635,#1636,#1637)
    ,(#1638,#1639,#1640,#1641,#1642)
    ,(#1643,#1644,#1645,#1646,#1647)
    ,(#1648,#1649,#1650,#1651,#1652)
    ,(#1653,#1654,#1655,#1656,#1657)
    ,(#1658,#1659,#1660,#1661,#1662)
    ,(#1663,#1664,#1665,#1666,#1667)
    ,(#1668,#1669,#1670,#1671,#1672)
    ,(#1673,#1674,#1675,#1676,#1677)
    ,(#1678,#1679,#1680,#1681,#1682)
    ,(#1683,#1684,#1685,#1686,#1687)
    ,(#1688,#1689,#1690,#1691,#1692)
    ,(#1693,#1694,#1695,#1696,#1697)
    ,(#1698,#1699,#1700,#1701,#1702)
    ,(#1703,#1704,#1705,#1706,#1707)
    ,(#1708,#1709,#1710,#1711,#1712)
    ,(#1713,#1714,#1715,#1716,#1717)
    ,(#1718,#1719,#1720,#1721,#1722)
    ,(#1723,#1724,#1725,#1726,#1727)
    ,(#1728,#1729,#1730,#1731,#1732)
    ,(#1733,#1734,#1735,#1736,#1737)
    ,(#1738,#1739,#1740,#1741,#1742)
    ,(#1743,#1744,#1745,#1746,#1747)
    ,(#1748,#1749,#1750,#1751,#1752)
    ,(#1753,#1754,#1755,#1756,#1757)
    ,(#1758,#1759,#1760,#1761,#1762)
    ,(#1763,#1764,#1765,#1766,#1767)
    ,(#1768,#1769,#1770,#1771,#1772)
    ,(#1773,#1774,#1775,#1776,#1777)
    ,(#1778,#1779,#1780,#1781,#1782)
    ,(#1783,#1784,#1785,#1786,#1787)
    ,(#1788,#1789,#1790,#1791,#1792)
    ,(#1793,#1794,#1795,#1796,#1797)
    ,(#1798,#1799,#1800,#1801,#1802)
    ,(#1803,#1804,#1805,#1806,#1807)
    ,(#1808,#1809,#1810,#1811,#1812)
    ,(#1813,#1814,#1815,#1816,#1817)
    ,(#1818,#1819,#1820,#1821,#1822)
    ,(#1823,#1824,#1825,#1826,#1827)
    ,(#1828,#1829,#1830,#1831,#1832)
    ,(#1833,#1834,#1835,#1836,#1837)
    ,(#1838,#1839,#1840,#1841,#1842)
    ,(#1843,#1844,#1845,#1846,#1847)
    ,(#1848,#1849,#1850,#1851,#1852)
    ,(#1853,#1854,#1855,#1856,#1857)
    ,(#1858,#1859,#1860,#1861,#1862)
    ,(#1863,#1864,#1865,#1866,#1867)
    ,(#1868,#1869,#1870,#1871,#1872)
    ,(#1873,#1874,#1875,#1876,#1877)
    ,(#1878,#1879,#1880,#1881,#1882)
    ,(#1883,#1884,#1885,#1886,#1887)
    ,(#1888,#1889,#1890,#1891,#1892)
    ,(#1893,#1894,#1895,#1896,#1897)
    ,(#1898,#1899,#1900,#1901,#1902)
    ,(#1903,#1904,#1905,#1906,#1907)
    ,(#1908,#1909,#1910,#1911,#1912)
    ,(#1913,#1914,#1915,#1916,#1917)
    ,(#1918,#1919,#1920,#1921,#1922)
    ,(#1923,#1924,#1925,#1926,#1927)
    ,(#1928,#1929,#1930,#1931,#1932)
    ,(#1933,#1934,#1935,#1936,#1937)
    ,(#1938,#1939,#1940,#1941,#1942
    )),.UNSPECIFIED.,.F.,.F.,.F.,(4,1,1,1,1,1,1,1,1,1,1,1,1,1,1,1,1,1,1,
    1,2,1,1,1,1,1,1,1,1,1,1,1,1,1,1,1,1,1,1,1,1,1,1,1,1,1,1,1,1,1,1,1,1,
    1,1,1,1,1,1,1,1,1,1,1,1,1,1,1,1,1,1,1,1,1,1,1,1,1,1,1,1,1,1,1,1,1,1,
    1,1,1,1,1,1,1,1,1,1,1,1,1,1,1,1,1,1,1,1,1,1,1,1,1,1,1,1,1,1,1,1,1,1,
    1,1,1,1,1,1,1,1,1,1,1,1,1,1,1,1,1,1,1,1,1,1,1,1,1,1,1,1,1,1,1,1,1,1,
    1,1,1,1,1,1,1,1,1,1,1,1,1,1,1,1,1,1,1,1,1,1,1,1,1,1,1,1,1,1,1,1,1,1,
    1,1,1,1,1,1,1,1,1,1,1,1,1,1,1,1,1,1,1,1,1,1,1,1,1,1,1,1,1,1,1,1,1,1,
    1,1,1,1,1,1,1,1,1,1,1,1,1,1,1,1,1,1,1,1,1,1,1,1,1,1,1,1,1,1,1,1,1,1,
    1,1,1,1,1,1,1,1,1,1,1,1,1,1,1,1,1,1,1,1,1,1,1,1,1,1,1,1,1,1,1,1,1,1,
    1,1,1,1,1,1,1,1,2,1,1,1,1,1,1,1,1,1,1,1,1,1,1,1,1,1,1,1,1,1,1,1,1,1,
    1,1,1,1,1,1,1,1,1,1,1,1,1,1,4),(4,1,4),(-0.234946036712,
    -0.223198734877,-0.211451433041,-0.199704131205,-0.18795682937,
    -0.176209527534,-0.164462225698,-0.152714923863,-0.140967622027,
    -0.129220320192,-0.117473018356,-0.10572571652,-9.397841468485E-02,
    -8.223111284924E-02,-7.048381101363E-02,-5.873650917803E-02,
    -4.698920734242E-02,-3.524190550682E-02,-2.349460367121E-02,
    -1.174730183561E-02,0.,6.25E-03,1.25E-02,1.875E-02,2.5E-02,3.125E-02
    ,3.75E-02,4.375E-02,5.E-02,5.625E-02,6.25E-02,6.875E-02,7.5E-02,
    8.125E-02,8.75E-02,9.375E-02,0.1,0.10625,0.1125,0.11875,0.125,
    0.13125,0.1375,0.14375,0.15,0.15625,0.1625,0.16875,0.175,0.18125,
    0.1875,0.19375,0.2,0.20625,0.2125,0.21875,0.225,0.23125,0.2375,
    0.24375,0.25,0.25625,0.2625,0.26875,0.275,0.28125,0.2875,0.29375,0.3
    ,0.30625,0.3125,0.31875,0.325,0.33125,0.3375,0.34375,0.35,0.35625,
    0.3625,0.36875,0.375,0.38125,0.3875,0.39375,0.4,0.40078125,0.4015625
    ,0.403125,0.4046875,0.405078125,0.40546875,0.405859375,0.40625,
    0.409375,0.4109375,0.4125,0.4140625,0.415625,0.4171875,0.417578125,
    0.41796875,0.41875,0.421875,0.4234375,0.425,0.43125,0.4375,0.440625,
    0.44375,0.45,0.45625,0.4625,0.46875,0.475,0.48125,0.4875,0.49375,
    0.49453125,0.4953125,0.49609375,0.496875,0.5,0.50625,0.509375,0.5125
    ,0.51875,0.525,0.528125,0.53125,0.534375,0.5359375,0.5375,0.54375,
    0.546875,0.55,0.55625,0.5625,0.56875,0.575,0.58125,0.5875,0.59375,
    0.6,0.60625,0.6125,0.61875,0.625,0.63125,0.6375,0.64375,0.65,0.65625
    ,0.6625,0.66875,0.675,0.68125,0.6875,0.69375,0.7,0.703125,0.70625,
    0.7125,0.71875,0.725,0.73125,0.7375,0.74375,0.75,0.75625,0.7625,
    0.7640625,0.765625,0.7671875,0.767578125,0.76796875,0.76875,0.775,
    0.78125,0.7875,0.79375,0.8,0.803125,0.80625,0.8125,0.81875,0.821875,
    0.8234375,0.825,0.83125,0.8375,0.84375,0.85,0.853125,0.85625,
    0.8578125,0.859375,0.8625,0.865625,0.86875,0.871875,0.8734375,0.875,
    0.88125,0.8875,0.89375,0.9,0.90625,0.909375,0.9125,0.915625,0.91875,
    0.921875,0.92265625,0.9234375,0.925,0.93125,0.934375,0.93515625,
    0.9359375,0.936328125,0.93671875,0.9375,0.940625,0.94375,0.95,
    0.953125,0.95625,0.95703125,0.9578125,0.959375,0.9625,0.965625,
    0.9671875,0.967578125,0.96796875,0.968359375,0.96875,0.971875,
    0.9734375,0.975,0.978125,0.97890625,0.9796875,0.98046875,0.98125,
    0.9828125,0.98359375,0.983984375,0.9841796875,0.984375,0.9859375,
    0.9875,0.9890625,0.989453125,0.98984375,0.990625,0.99140625,
    0.991796875,0.9919921875,0.9921875,0.99296875,0.99375,0.99453125,
    0.994921875,0.9953125,0.995703125,0.9958984375,0.99609375,
    0.996484375,0.996875,0.997265625,0.99765625,0.9978515625,
    0.99794921875,0.998046875,0.9984375,0.9986328125,0.998828125,
    0.99892578125,0.9990234375,0.99921875,0.99931640625,0.9994140625,
    0.99951171875,0.999609375,0.999658203125,0.99970703125,0.9998046875,
    0.999829101563,0.999853515625,0.99990234375,0.999926757812,
    0.999951171875,0.999963378906,0.999975585938,0.999987792969,
    0.999993896484,0.999996948242,0.999998474121,1.,1.006305353169,
    1.012610706339,1.018916059508,1.025221412677,1.031526765847,
    1.037832119016,1.044137472185,1.050442825355,1.056748178524,
    1.063053531693,1.069358884863,1.075664238032,1.081969591201,
    1.088274944371,1.09458029754,1.10088565071,1.107191003879,
    1.113496357048,1.119801710218,1.126107063387,1.132412416556,
    1.138717769726,1.145023122895,1.151328476064,1.157633829234,
    1.163939182403,1.170244535572,1.176549888742,1.182855241911,
    1.18916059508,1.19546594825,1.201771301419,1.208076654588,
    1.214382007758,1.220687360927,1.226992714096,1.233298067266,
    1.239603420435,1.245908773605,1.252214126774),(0.143626240196,
    0.602859623346,0.947284660709),.UNSPECIFIED.);
#223 = CARTESIAN_POINT('',(270.86966664568,174.96495301745,
    5.616024090273));
#224 = CARTESIAN_POINT('',(271.32887843174,175.20239145377,
    4.541665286299));
#225 = CARTESIAN_POINT('',(272.13247977666,175.61814383151,2.66158104355
    ));
#226 = CARTESIAN_POINT('',(272.93603418155,176.03433491939,
    0.781573589769));
#227 = CARTESIAN_POINT('',(273.28013196497,176.21621586976,
    -2.348908615716E-02));
#228 = CARTESIAN_POINT('',(270.86966586172,174.95551636258,
    5.616227005212));
#229 = CARTESIAN_POINT('',(271.32887756861,175.19436675868,
    4.541832439306));
#230 = CARTESIAN_POINT('',(272.13247852981,175.61259004834,
    2.661686190706));
#231 = CARTESIAN_POINT('',(272.93603215837,176.03125208937,0.78161764052
    ));
#232 = CARTESIAN_POINT('',(273.28012834194,176.21419197032,
    -2.346824323351E-02));
#233 = CARTESIAN_POINT('',(270.86957890855,174.93647807283,
    5.616632682289));
#234 = CARTESIAN_POINT('',(271.32879087029,175.17815525592,
    4.542165521961));
#235 = CARTESIAN_POINT('',(272.13239048559,175.6013213673,2.661896569101
    ));
#236 = CARTESIAN_POINT('',(272.93594120965,176.02494263567,0.78170882166
    ));
#237 = CARTESIAN_POINT('',(273.28003628418,176.20999122365,
    -2.342820999764E-02));
#238 = CARTESIAN_POINT('',(270.86950589423,174.90803157517,
    5.617241300482));
#239 = CARTESIAN_POINT('',(271.32871796035,175.1539470106,4.542665968468
    ));
#240 = CARTESIAN_POINT('',(272.13231594616,175.58452668356,
    2.662212079531));
#241 = CARTESIAN_POINT('',(272.93586322255,176.01557514576,
    0.781843521864));
#242 = CARTESIAN_POINT('',(273.27995522977,176.20379294977,
    -2.336705253056E-02));
#243 = CARTESIAN_POINT('',(270.86941148498,174.87954373836,
    5.617849880262));
#244 = CARTESIAN_POINT('',(271.32862375895,175.12969814464,
    4.543166108365));
#245 = CARTESIAN_POINT('',(272.13221997061,175.5676916292,2.662527610572
    ));
#246 = CARTESIAN_POINT('',(272.93576346064,176.00617162542,
    0.781978993273));
#247 = CARTESIAN_POINT('',(273.27985292596,176.19755635167,
    -2.330631188142E-02));
#248 = CARTESIAN_POINT('',(270.86932197597,174.85106536955,
    5.618458468669));
#249 = CARTESIAN_POINT('',(271.32853443406,175.10545858208,
    4.543666318341));
#250 = CARTESIAN_POINT('',(272.13212890505,175.550865821,2.662843136298)
  );
#251 = CARTESIAN_POINT('',(272.93566868625,175.99677635707,
    0.782114287689));
#252 = CARTESIAN_POINT('',(273.27975549154,176.191328531,
    -2.324547943675E-02));
#253 = CARTESIAN_POINT('',(270.86924045109,174.82260242736,
    5.619067071226));
#254 = CARTESIAN_POINT('',(271.32845305462,175.08123417808,4.54416664265
    ));
#255 = CARTESIAN_POINT('',(272.13204583935,175.53405507803,
    2.663158653649));
#256 = CARTESIAN_POINT('',(272.93558203817,175.98739453448,
    0.782249293568));
#257 = CARTESIAN_POINT('',(273.27966598968,176.18511501194,
    -2.318449550226E-02));
#258 = CARTESIAN_POINT('',(270.86913248431,174.79408839432,5.61967562633
    ));
#259 = CARTESIAN_POINT('',(271.32834536126,175.05695957113,4.54466658786
    ));
#260 = CARTESIAN_POINT('',(272.13193628075,175.51719444111,
    2.663474196673));
#261 = CARTESIAN_POINT('',(272.93546847824,175.97796818152,
    0.782385253657));
#262 = CARTESIAN_POINT('',(273.27955022534,176.17885412792,
    -2.312402607945E-02));
#263 = CARTESIAN_POINT('',(270.869088145,174.76569730112,5.620284295148)
  );
#264 = CARTESIAN_POINT('',(271.32830098731,175.03280576743,4.54516744483
    ));
#265 = CARTESIAN_POINT('',(272.13189047314,175.50045386394,
    2.663789676346));
#266 = CARTESIAN_POINT('',(272.93541967711,175.96864898174,
    0.782518917183));
#267 = CARTESIAN_POINT('',(273.27949766353,176.17270721807,
    -2.306232873203E-02));
#268 = CARTESIAN_POINT('',(270.86899662323,174.73721504235,
    5.620892879369));
#269 = CARTESIAN_POINT('',(271.32820965937,175.0085623823,4.545667625274
    ));
#270 = CARTESIAN_POINT('',(272.13179739192,175.48362425655,
    2.664105202143));
#271 = CARTESIAN_POINT('',(272.93532285474,175.95925032137,
    0.782654283723));
#272 = CARTESIAN_POINT('',(273.27939823795,176.16647579032,
    -2.300154734926E-02));
#273 = CARTESIAN_POINT('',(270.86890539683,174.70873335462,
    5.621501464091));
#274 = CARTESIAN_POINT('',(271.32811862525,174.9843195591,4.546167810134
    ));
#275 = CARTESIAN_POINT('',(272.13170460674,175.46679520802,
    2.664420727584));
#276 = CARTESIAN_POINT('',(272.93522633261,175.94985216353,
    0.782789640737));
#277 = CARTESIAN_POINT('',(273.27929910749,176.16024489446,
    -2.294076249017E-02));
#278 = CARTESIAN_POINT('',(270.86886056026,174.68034129936,
    5.622110131458));
#279 = CARTESIAN_POINT('',(271.32807375653,174.96016480897,
    4.546668659113));
#280 = CARTESIAN_POINT('',(272.13165830183,175.45005368972,
    2.664736205866));
#281 = CARTESIAN_POINT('',(272.93517702641,175.94053211864,0.78292332038
    ));
#282 = CARTESIAN_POINT('',(273.27924605814,176.15409708931,
    -2.287908467283E-02));
#283 = CARTESIAN_POINT('',(270.86875348745,174.65182899457,
    5.622718687858));
#284 = CARTESIAN_POINT('',(271.32796695252,174.93589190307,
    4.547168617234));
#285 = CARTESIAN_POINT('',(272.13154963955,175.43319474469,
    2.665051747352));
#286 = CARTESIAN_POINT('',(272.93506437423,175.93110728859,
    0.783059254394));
#287 = CARTESIAN_POINT('',(273.27913119085,176.14783781615,
    -2.281861026219E-02));
#288 = CARTESIAN_POINT('',(270.8686691796,174.62336066945,5.62332728358)
  );
#289 = CARTESIAN_POINT('',(271.3278828043,174.91166220323,4.547668897848
    ));
#290 = CARTESIAN_POINT('',(272.1314637882,175.41637873537,2.665367261298
    ));
#291 = CARTESIAN_POINT('',(272.93497489793,175.92172073516,
    0.783194351882));
#292 = CARTESIAN_POINT('',(273.27903894086,176.14161928654,
    -2.275770691188E-02));
#293 = CARTESIAN_POINT('',(270.86858507994,174.5948927606,5.623935882427
    ));
#294 = CARTESIAN_POINT('',(271.32779886085,174.88743293347,
    4.548169189508));
#295 = CARTESIAN_POINT('',(272.13137814201,175.39956316349,
    2.665682784996));
#296 = CARTESIAN_POINT('',(272.93488561982,175.91233467056,
    0.783329475518));
#297 = CARTESIAN_POINT('',(273.27894689266,176.13540120809,
    -2.269678327429E-02));
#298 = CARTESIAN_POINT('',(270.86847743737,174.56637933044,
    5.624544432519));
#299 = CARTESIAN_POINT('',(271.32769149396,174.86315888628,
    4.548669124841));
#300 = CARTESIAN_POINT('',(272.13126891567,175.38270306729,
    2.665998308413));
#301 = CARTESIAN_POINT('',(272.93477241032,175.90290864685,
    0.783465375578));
#302 = CARTESIAN_POINT('',(273.27883147727,176.12914078153,
    -2.263636123835E-02));
#303 = CARTESIAN_POINT('',(270.86843327408,174.53798862513,
    5.625153110601));
#304 = CARTESIAN_POINT('',(271.32764728678,174.83900553697,
    4.549170011609));
#305 = CARTESIAN_POINT('',(272.13122327353,175.36596297642,
    2.666313820576));
#306 = CARTESIAN_POINT('',(272.93472374092,175.89359022319,
    0.783599150285));
#307 = CARTESIAN_POINT('',(273.2787790819,176.12299445812,
    -2.257461740345E-02));
#308 = CARTESIAN_POINT('',(270.86833987646,174.50950262741,
    5.625761667339));
#309 = CARTESIAN_POINT('',(271.32755411108,174.81475831018,
    4.549670098346));
#310 = CARTESIAN_POINT('',(272.13112834392,175.34912947142,
    2.666629261942));
#311 = CARTESIAN_POINT('',(272.93462511932,175.8841872996,0.78373431771)
  );
#312 = CARTESIAN_POINT('',(273.278677865,176.11675904418,
    -2.251404926266E-02));
#313 = CARTESIAN_POINT('',(270.86825334353,174.48103025995,
    5.626370310968));
#314 = CARTESIAN_POINT('',(271.32746770569,174.79052502134,
    4.550170494037));
#315 = CARTESIAN_POINT('',(272.13104019697,175.33231007674,
    2.666944966438));
#316 = CARTESIAN_POINT('',(272.93453312291,175.87479951515,0.78387011992
    ));
#317 = CARTESIAN_POINT('',(273.27858328712,176.11053795403,
    -2.245285402923E-02));
#318 = CARTESIAN_POINT('',(270.86815868709,174.45254137356,
    5.626978772203));
#319 = CARTESIAN_POINT('',(271.32737335335,174.76627427877,
    4.550670300109));
#320 = CARTESIAN_POINT('',(272.13094412538,175.31547275644,
    2.667260072024));
#321 = CARTESIAN_POINT('',(272.93443366952,175.8653900197,0.784004236455
    ));
#322 = CARTESIAN_POINT('',(273.27848104974,176.10429776295,
    -2.239293471981E-02));
#323 = CARTESIAN_POINT('',(270.86808026137,174.42408572213,
    5.627587644499));
#324 = CARTESIAN_POINT('',(271.32729484064,174.74205897766,
    4.551171415978));
#325 = CARTESIAN_POINT('',(272.13086382757,175.29867197942,
    2.667576543457));
#326 = CARTESIAN_POINT('',(272.93434888634,175.85602615476,
    0.784142279839));
#327 = CARTESIAN_POINT('',(273.27839400768,176.09809701114,
    -2.233016199346E-02));
#328 = CARTESIAN_POINT('',(270.86800313669,174.40506395601,
    5.627992834975));
#329 = CARTESIAN_POINT('',(271.32721833424,174.72586005102,
    4.551503220317));
#330 = CARTESIAN_POINT('',(272.13078627602,175.28741406158,
    2.667785089714));
#331 = CARTESIAN_POINT('',(272.93427037066,175.84970919411,0.78422717912
    ));
#332 = CARTESIAN_POINT('',(273.27831295851,176.09390023913,
    -2.22933189173E-02));
#333 = CARTESIAN_POINT('',(270.86797438031,174.39055956492,
    5.628304912929));
#334 = CARTESIAN_POINT('',(271.32718856361,174.71352879942,
    4.551762446783));
#335 = CARTESIAN_POINT('',(272.130755154,175.27887290332,2.667950743743)
  );
#336 = CARTESIAN_POINT('',(272.93423314908,175.8449998862,0.784310492764
    ));
#337 = CARTESIAN_POINT('',(273.27827700775,176.09078424284,
    -2.225359791946E-02));
#338 = CARTESIAN_POINT('',(270.8679270006,174.38000452987,5.628591932328
    ));
#339 = CARTESIAN_POINT('',(271.32710392352,174.70469173637,
    4.552091627496));
#340 = CARTESIAN_POINT('',(272.13061866852,175.27289206381,
    2.668315635121));
#341 = CARTESIAN_POINT('',(272.93399457565,175.84239975038,
    0.784848929903));
#342 = CARTESIAN_POINT('',(273.27815212766,176.08822383037,
    -2.199501655403E-02));
#343 = CARTESIAN_POINT('',(270.86788020022,174.36189604264,
    5.629015341874));
#344 = CARTESIAN_POINT('',(271.32703905716,174.68849021029,
    4.552487758716));
#345 = CARTESIAN_POINT('',(272.13050836793,175.26015324135,
    2.668697690961));
#346 = CARTESIAN_POINT('',(272.93391864936,175.83243726372,
    0.785045899793));
#347 = CARTESIAN_POINT('',(273.27811247005,176.07923830199,
    -2.193286632397E-02));
#348 = CARTESIAN_POINT('',(270.86782844657,174.34171030845,
    5.629477420686));
#349 = CARTESIAN_POINT('',(271.32696551813,174.66991747461,
    4.552925106954));
#350 = CARTESIAN_POINT('',(272.13040283606,175.244350499,2.669080361253)
  );
#351 = CARTESIAN_POINT('',(272.93381656935,175.81911114186,
    0.785300120743));
#352 = CARTESIAN_POINT('',(273.27805069365,176.06662063576,
    -2.182393398552E-02));
#353 = CARTESIAN_POINT('',(270.8677818767,174.31942574251,5.629963723926
    ));
#354 = CARTESIAN_POINT('',(271.3269052796,174.64885203851,4.553363049435
    ));
#355 = CARTESIAN_POINT('',(272.13032403414,175.22537792756,
    2.669425201816));
#356 = CARTESIAN_POINT('',(272.93376018519,175.80187362512,
    0.785460447121));
#357 = CARTESIAN_POINT('',(273.27801076307,176.05006019551,
    -2.176075809298E-02));
#358 = CARTESIAN_POINT('',(270.86773467274,174.29510253563,
    5.630482795328));
#359 = CARTESIAN_POINT('',(271.32684545081,174.62542135221,
    4.553825877064));
#360 = CARTESIAN_POINT('',(272.13025160838,175.20342970007,
    2.669771014649));
#361 = CARTESIAN_POINT('',(272.93369979358,175.78119540093,
    0.785634184118));
#362 = CARTESIAN_POINT('',(273.27796615927,176.02982971604,
    -2.16861262475E-02));
#363 = CARTESIAN_POINT('',(270.86768854,174.26876079852,5.631032094279)
  );
#364 = CARTESIAN_POINT('',(271.32678976777,174.59963179563,
    4.554306548569));
#365 = CARTESIAN_POINT('',(272.13018809265,175.17853226363,
    2.670114150078));
#366 = CARTESIAN_POINT('',(272.93364984895,175.75700302769,
    0.785790972681));
#367 = CARTESIAN_POINT('',(273.27792588459,176.00590419622,
    -2.161903769718E-02));
#368 = CARTESIAN_POINT('',(270.86764209983,174.24043602229,
    5.631613448246));
#369 = CARTESIAN_POINT('',(271.32673517463,174.57153797778,
    4.554810649303));
#370 = CARTESIAN_POINT('',(272.13012831988,175.15076508978,
    2.670464659435));
#371 = CARTESIAN_POINT('',(272.93360010399,175.72943010927,
    0.785952957136));
#372 = CARTESIAN_POINT('',(273.27788459117,175.97837763354,
    -2.154796214323E-02));
#373 = CARTESIAN_POINT('',(270.86759552931,174.21015519434,
    5.632226356252));
#374 = CARTESIAN_POINT('',(271.32668204421,174.54116935644,
    4.555337285448));
#375 = CARTESIAN_POINT('',(272.13007202689,175.12017108785,
    2.670823357286));
#376 = CARTESIAN_POINT('',(272.93355306629,175.69850202174,
    0.786114894075));
#377 = CARTESIAN_POINT('',(273.27784396424,175.94728510905,
    -2.147645268428E-02));
#378 = CARTESIAN_POINT('',(270.867548432,174.177947989,5.632871100312));
#379 = CARTESIAN_POINT('',(271.32662948601,174.50856418733,
    4.555887890187));
#380 = CARTESIAN_POINT('',(272.13001763641,175.08680173019,
    2.671193295166));
#381 = CARTESIAN_POINT('',(272.93350640124,175.66428464007,
    0.786281810798));
#382 = CARTESIAN_POINT('',(273.27780284889,175.91268523351,
    -2.14020248673E-02));
#383 = CARTESIAN_POINT('',(270.86750075179,174.14384210744,
    5.633547433911));
#384 = CARTESIAN_POINT('',(271.32657735987,174.47375510766,
    4.556462463728));
#385 = CARTESIAN_POINT('',(272.12996469893,175.05069984109,
    2.671575349097));
#386 = CARTESIAN_POINT('',(272.93346039453,175.62682154157,
    0.786453093321));
#387 = CARTESIAN_POINT('',(273.27776151639,175.87462464872,
    -2.132525742564E-02));
#388 = CARTESIAN_POINT('',(270.86745234074,174.10786557915,
    5.634255218592));
#389 = CARTESIAN_POINT('',(271.32652532332,174.43677605891,
    4.557061364817));
#390 = CARTESIAN_POINT('',(272.12991260766,175.01190900433,
    2.671970608161));
#391 = CARTESIAN_POINT('',(272.93341442583,175.58616382753,
    0.786630037228));
#392 = CARTESIAN_POINT('',(273.27771969109,175.83315450838,
    -2.124557042572E-02));
#393 = CARTESIAN_POINT('',(270.86740313575,174.07004588375,
    5.634994174253));
#394 = CARTESIAN_POINT('',(271.32647322059,174.39765952563,
    4.557684587478));
#395 = CARTESIAN_POINT('',(272.12986105483,174.97047040804,
    2.672379562612));
#396 = CARTESIAN_POINT('',(272.93336843967,175.54235776056,
    0.786812714723));
#397 = CARTESIAN_POINT('',(273.27767739561,175.78832345076,
    -2.116302710825E-02));
#398 = CARTESIAN_POINT('',(270.86735306846,174.03041044655,5.63576401454
    ));
#399 = CARTESIAN_POINT('',(271.32642088371,174.35643799669,
    4.558332137092));
#400 = CARTESIAN_POINT('',(272.12980975475,174.92642490752,
    2.672802626036));
#401 = CARTESIAN_POINT('',(272.93332223029,175.49545082204,
    0.787001508164));
#402 = CARTESIAN_POINT('',(273.27763455355,175.74018092075,
    -2.107748306707E-02));
#403 = CARTESIAN_POINT('',(270.86730209751,173.98898649036,
    5.636564403313));
#404 = CARTESIAN_POINT('',(271.32636820352,174.31314347411,
    4.559003900119));
#405 = CARTESIAN_POINT('',(272.12975852041,174.87981252611,
    2.673240005395));
#406 = CARTESIAN_POINT('',(272.93327572636,175.4454893274,0.787196505488
    ));
#407 = CARTESIAN_POINT('',(273.27759115516,175.68877579538,
    -2.09889388274E-02));
#408 = CARTESIAN_POINT('',(270.86725018833,173.94580115439,
    5.637394986286));
#409 = CARTESIAN_POINT('',(271.32631508519,174.26780780816,
    4.559699729331));
#410 = CARTESIAN_POINT('',(272.12970719816,174.83067295755,
    2.673691827505));
#411 = CARTESIAN_POINT('',(272.93322884232,175.39251968862,
    0.787397819736));
#412 = CARTESIAN_POINT('',(273.27754717614,175.63415706413,
    -2.089736566158E-02));
#413 = CARTESIAN_POINT('',(270.86719731807,173.90088147986,
    5.638255385852));
#414 = CARTESIAN_POINT('',(271.32626145874,174.22046263227,4.56041942554
    ));
#415 = CARTESIAN_POINT('',(272.12965567587,174.77904553146,
    2.674158129112));
#416 = CARTESIAN_POINT('',(272.93318153109,175.33658797751,
    0.787605478223));
#417 = CARTESIAN_POINT('',(273.27750260933,175.57637356782,
    -2.0802772657E-02));
#418 = CARTESIAN_POINT('',(270.8671434702,173.85425444522,5.639145210065
    ));
#419 = CARTESIAN_POINT('',(271.32620726748,174.17113945454,
    4.561162760412));
#420 = CARTESIAN_POINT('',(272.12960386466,174.72496936043,
    2.674638893656));
#421 = CARTESIAN_POINT('',(272.93313375141,175.27774020466,
    0.787819493073));
#422 = CARTESIAN_POINT('',(273.27745744751,175.51547414325,
    -2.07051697275E-02));
#423 = CARTESIAN_POINT('',(270.86708863458,173.80594697215,
    5.640064053669));
#424 = CARTESIAN_POINT('',(271.32615246804,174.11986966382,
    4.561929477283));
#425 = CARTESIAN_POINT('',(272.12955169676,174.66848336762,2.67513405777
    ));
#426 = CARTESIAN_POINT('',(272.93308547628,175.21602225191,
    0.788039844029));
#427 = CARTESIAN_POINT('',(273.27741168904,175.45150757757,
    -2.060457935849E-02));
#428 = CARTESIAN_POINT('',(270.86703280562,173.75598593954,
    5.641011501493));
#429 = CARTESIAN_POINT('',(271.3260970264,174.06668456255,4.562719299155
    ));
#430 = CARTESIAN_POINT('',(272.12949911906,174.60962634162,
    2.675643524909));
#431 = CARTESIAN_POINT('',(272.93303668491,175.15147994217,
    0.788266496077));
#432 = CARTESIAN_POINT('',(273.27736533393,175.38452264182,
    -2.050102805639E-02));
#433 = CARTESIAN_POINT('',(270.86697598173,173.70439819008,
    5.641987129922));
#434 = CARTESIAN_POINT('',(271.32604091669,174.01161537933,
    4.563531931551));
#435 = CARTESIAN_POINT('',(272.12944609055,174.54843696116,
    2.676167171379));
#436 = CARTESIAN_POINT('',(272.93298736326,175.08415903637,
    0.788499398637));
#437 = CARTESIAN_POINT('',(273.27731838458,175.31456808525,
    -2.039454782363E-02));
#438 = CARTESIAN_POINT('',(270.86691816442,173.65121053739,
    5.642990508577));
#439 = CARTESIAN_POINT('',(271.32598411937,173.95469328453,4.56436706623
    ));
#440 = CARTESIAN_POINT('',(272.12939257946,174.48495382063,
    2.676704852662));
#441 = CARTESIAN_POINT('',(272.93293750158,175.01410525517,
    0.788738491038));
#442 = CARTESIAN_POINT('',(273.27727084471,175.24169264458,
    -2.028517380907E-02));
#443 = CARTESIAN_POINT('',(270.86685935789,173.59644977078,
    5.644021201406));
#444 = CARTESIAN_POINT('',(271.32592662028,173.89594939992,4.56522438344
    ));
#445 = CARTESIAN_POINT('',(272.12933856148,174.4192154463,2.677256407388
    ));
#446 = CARTESIAN_POINT('',(272.93288709396,174.9413642843,0.78898370383)
  );
#447 = CARTESIAN_POINT('',(273.27722271935,175.16594504482,
    -2.017294411512E-02));
#448 = CARTESIAN_POINT('',(270.8667995685,173.54014265943,5.645078767674
    ));
#449 = CARTESIAN_POINT('',(271.32586840954,173.83541480747,
    4.566103554008));
#450 = CARTESIAN_POINT('',(272.12928401823,174.35126031008,
    2.677821660751));
#451 = CARTESIAN_POINT('',(272.93283613725,174.86598178331,
    0.789234961004));
#452 = CARTESIAN_POINT('',(273.2771740144,175.08737400257,
    -2.005789895775E-02));
#453 = CARTESIAN_POINT('',(270.86673880446,173.48231595561,
    5.646162762701));
#454 = CARTESIAN_POINT('',(271.32580948097,173.77312055584,
    4.567004240878));
#455 = CARTESIAN_POINT('',(272.12922893621,174.28112683961,
    2.678400426988));
#456 = CARTESIAN_POINT('',(272.93278463066,174.78800339012,
    0.789492181127));
#457 = CARTESIAN_POINT('',(273.27712473654,175.00602822733,
    -1.994008034138E-02));
#458 = CARTESIAN_POINT('',(270.8666770755,173.42299639735,5.647272738495
    ));
#459 = CARTESIAN_POINT('',(271.32574983139,173.7090976659,4.567926100413
    ));
#460 = CARTESIAN_POINT('',(272.12917330583,174.20885342635,
    2.678992511401));
#461 = CARTESIAN_POINT('',(272.93273257523,174.70747472549,
    0.789755278461));
#462 = CARTESIAN_POINT('',(273.27707489305,174.92195642301,
    -1.981953166721E-02));
#463 = CARTESIAN_POINT('',(270.86661439268,173.36221071059,
    5.648408244252));
#464 = CARTESIAN_POINT('',(271.32568946016,173.6433771351,4.56886878342)
  );
#465 = CARTESIAN_POINT('',(272.12911712076,174.13447843199,
    2.679597711914));
#466 = CARTESIAN_POINT('',(272.93267997354,174.62444139604,
    0.790024163731));
#467 = CARTESIAN_POINT('',(273.27702449168,174.83520728893,
    -1.969629749359E-02));
#468 = CARTESIAN_POINT('',(270.8665507682,173.2999856111,5.649568826776)
  );
#469 = CARTESIAN_POINT('',(271.32562836889,173.57598994108,
    4.569831936016));
#470 = CARTESIAN_POINT('',(272.12906037744,174.05804019355,
    2.680215820335));
#471 = CARTESIAN_POINT('',(272.93262682944,174.53894899693,
    0.790298744766));
#472 = CARTESIAN_POINT('',(273.27697354066,174.74582952073,
    -1.957042331491E-02));
#473 = CARTESIAN_POINT('',(270.86648621505,173.23634780544,
    5.650754030827));
#474 = CARTESIAN_POINT('',(271.32556656079,173.50696704424,
    4.570815200313));
#475 = CARTESIAN_POINT('',(272.12900307432,173.97957702705,
    2.680846623363));
#476 = CARTESIAN_POINT('',(272.93257314762,174.45104311338,
    0.790578927005));
#477 = CARTESIAN_POINT('',(273.27692204835,174.65387181061,
    -1.944195540849E-02));
#478 = CARTESIAN_POINT('',(270.86642074749,173.17132399355,
    5.651963399413));
#479 = CARTESIAN_POINT('',(271.32550404116,173.43633939152,
    4.571818215013));
#480 = CARTESIAN_POINT('',(272.12894521228,173.89912723207,
    2.681489903406));
#481 = CARTESIAN_POINT('',(272.93251893414,174.36076932351,
    0.790864613877));
#482 = CARTESIAN_POINT('',(273.27687002388,174.5593828491,
    -1.931094068448E-02));
#483 = CARTESIAN_POINT('',(270.86635437935,173.10494086662,
    5.653196474024));
#484 = CARTESIAN_POINT('',(271.32544081551,173.36413791516,
    4.572840615872));
#485 = CARTESIAN_POINT('',(272.12888679263,173.81672909134,
    2.682145439243));
#486 = CARTESIAN_POINT('',(272.9324641946,174.26817319674,0.791155707174
    ));
#487 = CARTESIAN_POINT('',(273.27681747546,174.46241132245,
    -1.917742661598E-02));
#488 = CARTESIAN_POINT('',(270.86628712762,173.03722511505,
    5.654452794854));
#489 = CARTESIAN_POINT('',(271.32537689302,173.29039354156,
    4.573882036151));
#490 = CARTESIAN_POINT('',(272.12882782057,173.73242087991,2.68281300658
    ));
#491 = CARTESIAN_POINT('',(272.93240893778,174.17330030122,
    0.791452107206));
#492 = CARTESIAN_POINT('',(273.27676441402,174.3630059197,
    -1.904146107131E-02));
#493 = CARTESIAN_POINT('',(270.86621900413,172.96820341332,5.65573190095
    ));
#494 = CARTESIAN_POINT('',(271.32531227823,173.215137177,4.574942106843)
  );
#495 = CARTESIAN_POINT('',(272.12876829679,173.64624085147,
    2.683492378493));
#496 = CARTESIAN_POINT('',(272.93235316725,174.07619619058,0.79175371326
    ));
#497 = CARTESIAN_POINT('',(273.27671084506,174.26121531811,
    -1.890309242331E-02));
#498 = CARTESIAN_POINT('',(270.86615003383,172.89790245607,
    5.657033330405));
#499 = CARTESIAN_POINT('',(271.32524698917,173.13839974378,
    4.576020457232));
#500 = CARTESIAN_POINT('',(272.12870823563,173.5582272745,2.684183325815
    ));
#501 = CARTESIAN_POINT('',(272.93229689983,173.97690643604,
    0.792060423234));
#502 = CARTESIAN_POINT('',(273.27665678673,174.15708821645,
    -1.876236908633E-02));
#503 = CARTESIAN_POINT('',(270.86608021368,172.82634887929,
    5.658356620395));
#504 = CARTESIAN_POINT('',(271.32518101636,173.06021210314,
    4.577116714523));
#505 = CARTESIAN_POINT('',(272.12864762387,173.4684183559,2.684885617432
    ));
#506 = CARTESIAN_POINT('',(272.93224012391,173.8754765567,0.792372135006
    ));
#507 = CARTESIAN_POINT('',(273.27660222917,174.05067326121,
    -1.861934037238E-02));
#508 = CARTESIAN_POINT('',(270.86600960455,172.75356943853,
    5.659701307485));
#509 = CARTESIAN_POINT('',(271.32511441426,172.98060523102,
    4.578230505435));
#510 = CARTESIAN_POINT('',(272.1285865127,173.37685241607,2.685599020583
    ));
#511 = CARTESIAN_POINT('',(272.93218289277,173.77195217759,
    0.792688743822));
#512 = CARTESIAN_POINT('',(273.2765472257,173.94201921251,
    -1.847405442305E-02));
#513 = CARTESIAN_POINT('',(270.86593812521,172.67959061094,
    5.661066927289));
#514 = CARTESIAN_POINT('',(271.32504709615,172.89960982708,
    4.579361453289));
#515 = CARTESIAN_POINT('',(272.12852481128,173.28356749989,
    2.686323301012));
#516 = CARTESIAN_POINT('',(272.93212511532,173.66637867701,
    0.793010148521));
#517 = CARTESIAN_POINT('',(273.27649168838,173.83117457292,
    -1.832656271539E-02));
#518 = CARTESIAN_POINT('',(270.86586601366,172.60443948801,
    5.662453015527));
#519 = CARTESIAN_POINT('',(271.32497929325,172.81725719268,
    4.580509185082));
#520 = CARTESIAN_POINT('',(272.12846274881,173.1886022509,2.687058223312
    ));
#521 = CARTESIAN_POINT('',(272.93206702459,173.55880197774,
    0.793336237918));
#522 = CARTESIAN_POINT('',(273.2764358459,173.71818841921,
    -1.817690986312E-02));
#523 = CARTESIAN_POINT('',(270.86579279361,172.52814177709,
    5.663859105909));
#524 = CARTESIAN_POINT('',(271.32491052629,172.73357726652,
    4.581673316121));
#525 = CARTESIAN_POINT('',(272.12839983939,173.09199395555,
    2.687803550741));
#526 = CARTESIAN_POINT('',(272.93200812845,173.44926677594,
    0.793666921576));
#527 = CARTESIAN_POINT('',(273.27637921799,173.60310853977,
    -1.802515636988E-02));
#528 = CARTESIAN_POINT('',(270.86571958935,172.45072627835,
    5.665284735101));
#529 = CARTESIAN_POINT('',(271.32484190872,172.64860302598,
    4.582853484871));
#530 = CARTESIAN_POINT('',(272.12833720028,172.99378292579,
    2.688559046136));
#531 = CARTESIAN_POINT('',(272.93194955957,173.33782050904,
    0.794002061104));
#532 = CARTESIAN_POINT('',(273.27632291246,173.48598560676,
    -1.787132758901E-02));
#533 = CARTESIAN_POINT('',(270.86564394073,172.3722148581,5.666729431799
    ));
#534 = CARTESIAN_POINT('',(271.3247709877,172.56236063048,4.584049275249
    ));
#535 = CARTESIAN_POINT('',(272.1282723592,172.89400268445,2.689324470293
    ));
#536 = CARTESIAN_POINT('',(272.93188881187,173.22450446901,
    0.794341624244));
#537 = CARTESIAN_POINT('',(273.27626448027,173.36686383149,
    -1.771552797917E-02));
#538 = CARTESIAN_POINT('',(270.86557141698,172.29264490805,
    5.668192741377));
#539 = CARTESIAN_POINT('',(271.32470329967,172.47489150051,4.585260391)
  );
#540 = CARTESIAN_POINT('',(272.12821088528,172.79270195053,
    2.690099585964));
#541 = CARTESIAN_POINT('',(272.93183153025,173.10937370836,
    0.794685339887));
#542 = CARTESIAN_POINT('',(273.27620943956,173.2458018954,
    -1.755768512653E-02));
#543 = CARTESIAN_POINT('',(270.86548959441,172.21201902339,
    5.669674170806));
#544 = CARTESIAN_POINT('',(271.32462647854,172.38620284814,
    4.586486265265));
#545 = CARTESIAN_POINT('',(272.12814032837,172.68989537961,
    2.690884149229));
#546 = CARTESIAN_POINT('',(272.93176509418,172.99245243898,
    0.795033471209));
#547 = CARTESIAN_POINT('',(273.2761454546,173.12282605206,
    -1.739812324693E-02));
#548 = CARTESIAN_POINT('',(270.86542657512,172.13041816655,
    5.671173312663));
#549 = CARTESIAN_POINT('',(271.32456848081,172.29637892439,
    4.587726938831));
#550 = CARTESIAN_POINT('',(272.12808882392,172.58567433952,
    2.691677929184));
#551 = CARTESIAN_POINT('',(272.93171802259,172.87383433164,
    0.795385077271));
#552 = CARTESIAN_POINT('',(273.27610040193,172.99803559114,
    -1.723627341627E-02));
#553 = CARTESIAN_POINT('',(270.86534832992,172.04780314852,
    5.672689627554));
#554 = CARTESIAN_POINT('',(271.32449544361,172.20538586224,
    4.588981519361));
#555 = CARTESIAN_POINT('',(272.12802228493,172.48001257952,
    2.692480673055));
#556 = CARTESIAN_POINT('',(272.93165576341,172.75350655262,
    0.795741059968));
#557 = CARTESIAN_POINT('',(273.27604050772,172.87141782287,
    -1.707293724485E-02));
#558 = CARTESIAN_POINT('',(270.86527072381,171.96423126586,
    5.674222681904));
#559 = CARTESIAN_POINT('',(271.32442314789,172.1132846463,4.590249863477
    ));
#560 = CARTESIAN_POINT('',(272.12795659175,172.37297830145,
    2.693292145594));
#561 = CARTESIAN_POINT('',(272.93159441173,172.6315418122,0.796100844946
    ));
#562 = CARTESIAN_POINT('',(273.27598150541,172.74304998777,
    -1.690781421255E-02));
#563 = CARTESIAN_POINT('',(270.86519213334,171.87972599369,5.6757720047)
  );
#564 = CARTESIAN_POINT('',(271.32434997406,172.02010301098,
    4.591531564523));
#565 = CARTESIAN_POINT('',(272.12789011092,172.26460659548,
    2.694112104335));
#566 = CARTESIAN_POINT('',(272.93153231131,172.50798282356,
    0.796464372482));
#567 = CARTESIAN_POINT('',(273.2759217759,172.61297779999,
    -1.674099121584E-02));
#568 = CARTESIAN_POINT('',(270.8651130953,171.79431498416,5.677337129461
    ));
#569 = CARTESIAN_POINT('',(271.32427645204,171.92587279653,
    4.592826248131));
#570 = CARTESIAN_POINT('',(272.12782337244,172.15493664117,
    2.694940307565));
#571 = CARTESIAN_POINT('',(272.9314699982,172.3828760101,0.796831520364)
  );
#572 = CARTESIAN_POINT('',(273.27586184339,172.48125086978,
    -1.657250682321E-02));
#573 = CARTESIAN_POINT('',(270.8650334055,171.70802445531,5.67891758799)
  );
#574 = CARTESIAN_POINT('',(271.32420237453,171.83062443266,
    4.594133528451));
#575 = CARTESIAN_POINT('',(272.12775616433,172.04400621312,
    2.695776512855));
#576 = CARTESIAN_POINT('',(272.93140725651,172.25626652078,
    0.797202187476));
#577 = CARTESIAN_POINT('',(273.27580149683,172.34791747024,
    -1.640241628289E-02));
#578 = CARTESIAN_POINT('',(270.86495318189,171.6208812475,5.680512912699
    ));
#579 = CARTESIAN_POINT('',(271.32412785485,171.73438896025,
    4.595453024262));
#580 = CARTESIAN_POINT('',(272.1276885973,171.93185369476,2.696620477689
    ));
#581 = CARTESIAN_POINT('',(272.93134419725,172.12820005779,
    0.797576263392));
#582 = CARTESIAN_POINT('',(273.27574084479,172.2130264555,
    -1.623076761118E-02));
#583 = CARTESIAN_POINT('',(270.86487239867,171.53291192232,
    5.682122635617));
#584 = CARTESIAN_POINT('',(271.32405286336,171.63719714563,
    4.596784351957));
#585 = CARTESIAN_POINT('',(272.12762063821,171.81851719608,
    2.697471959237));
#586 = CARTESIAN_POINT('',(272.93128078562,171.99872207572,
    0.797953641707));
#587 = CARTESIAN_POINT('',(273.27567985321,172.0766264202,
    -1.605761206757E-02));
#588 = CARTESIAN_POINT('',(270.86479109487,171.44414316614,5.68374628886
    ));
#589 = CARTESIAN_POINT('',(271.32397743499,171.53907987727,
    4.598127128724));
#590 = CARTESIAN_POINT('',(272.12755231888,171.70403494876,
    2.698330714497));
#591 = CARTESIAN_POINT('',(272.93121705257,171.86787814011,
    0.798334214093));
#592 = CARTESIAN_POINT('',(273.27561855232,171.9387660757,
    -1.58829994568E-02));
#593 = CARTESIAN_POINT('',(270.86470927912,171.35460160591,
    5.685383404439));
#594 = CARTESIAN_POINT('',(271.32390157445,171.44006798482,4.59948097113
    ));
#595 = CARTESIAN_POINT('',(272.12748364076,171.58844512593,2.69919650027
    ));
#596 = CARTESIAN_POINT('',(272.93115299825,171.7357137638,0.798717873025
    ));
#597 = CARTESIAN_POINT('',(273.27555694218,171.79949407845,
    -1.570698026968E-02));
#598 = CARTESIAN_POINT('',(270.86462697688,171.26431390072,
    5.687033514374));
#599 = CARTESIAN_POINT('',(271.32382530333,171.34019232909,
    4.600845495862));
#600 = CARTESIAN_POINT('',(272.12741462227,171.4717859318,2.70006907321)
  );
#601 = CARTESIAN_POINT('',(272.93108863992,171.60227448835,
    0.799104510454));
#602 = CARTESIAN_POINT('',(273.27549503957,171.65885911519,
    -1.55296046098E-02));
#603 = CARTESIAN_POINT('',(270.86454419869,171.17330668019,
    5.688696150642));
#604 = CARTESIAN_POINT('',(271.32374862833,171.23948374157,4.60222031926
    ));
#605 = CARTESIAN_POINT('',(272.12734526689,171.35409554145,
    2.700948189821));
#606 = CARTESIAN_POINT('',(272.93102397971,171.46760582915,
    0.799494018695));
#607 = CARTESIAN_POINT('',(273.27543284646,171.51690984556,
    -1.535092291813E-02));
#608 = CARTESIAN_POINT('',(270.86446097837,171.08160661866,
    5.690370845269));
#609 = CARTESIAN_POINT('',(271.32367157943,171.13797309737,
    4.603605057923));
#610 = CARTESIAN_POINT('',(272.12727560148,171.23541217343,
    2.701833606512));
#611 = CARTESIAN_POINT('',(272.93095904335,171.3317533416,0.799886289407
    ));
#612 = CARTESIAN_POINT('',(273.27537038789,171.37369497124,
    -1.517098508367E-02));
#613 = CARTESIAN_POINT('',(270.86437730197,170.98924029774,
    5.692057130182));
#614 = CARTESIAN_POINT('',(271.32359413912,171.03569118006,
    4.604999327639));
#615 = CARTESIAN_POINT('',(272.12720560518,171.11577395514,
    2.702725079542));
#616 = CARTESIAN_POINT('',(272.93089380827,171.19476249833,
    0.800281215492));
#617 = CARTESIAN_POINT('',(273.27530764159,171.22926310761,
    -1.498984209323E-02));
#618 = CARTESIAN_POINT('',(270.86429326041,170.89623450146,
    5.693754537568));
#619 = CARTESIAN_POINT('',(271.32351639425,170.93266897201,
    4.606402745735));
#620 = CARTESIAN_POINT('',(272.12713536213,170.99521921216,
    2.703622365188));
#621 = CARTESIAN_POINT('',(272.93082835813,171.05667895291,
    0.800678687042));
#622 = CARTESIAN_POINT('',(273.27524468928,171.08366305942,
    -1.480754247558E-02));
#623 = CARTESIAN_POINT('',(270.8642087106,170.80261556095,5.695462599108
    ));
#624 = CARTESIAN_POINT('',(271.32343819889,170.82893700997,
    4.607814925902));
#625 = CARTESIAN_POINT('',(272.12706472224,170.87378582595,
    2.704525219429));
#626 = CARTESIAN_POINT('',(272.93076253944,170.91754795442,
    0.801078600364));
#627 = CARTESIAN_POINT('',(273.2751813806,170.93694320858,
    -1.462414019146E-02));
#628 = CARTESIAN_POINT('',(270.86412403299,170.70841081989,
    5.697180847711));
#629 = CARTESIAN_POINT('',(271.32335992808,170.72452682609,
    4.609235489811));
#630 = CARTESIAN_POINT('',(272.1269940597,170.75151267011,2.705433398687
    ));
#631 = CARTESIAN_POINT('',(272.93069672954,170.77741565648,
    0.801480837819));
#632 = CARTESIAN_POINT('',(273.2751180845,170.78915288319,
    -1.443967698335E-02));
#633 = CARTESIAN_POINT('',(270.86403843542,170.61364535323,
    5.698908813664));
#634 = CARTESIAN_POINT('',(271.32328079018,170.6194677214,4.610664041157
    ));
#635 = CARTESIAN_POINT('',(272.12692257462,170.6284363947,2.706346658208
    ));
#636 = CARTESIAN_POINT('',(272.93063011692,170.63632618628,
    0.801885312981));
#637 = CARTESIAN_POINT('',(273.27505400691,170.64033929205,
    -1.425422188881E-02));
#638 = CARTESIAN_POINT('',(270.86395375207,170.51834931653,
    5.700646033276));
#639 = CARTESIAN_POINT('',(271.32320260661,170.51379399259,
    4.612100223816));
#640 = CARTESIAN_POINT('',(272.12685209683,170.5045986285,2.707264755734
    ));
#641 = CARTESIAN_POINT('',(272.93056455287,170.49432820916,
    0.802291869507));
#642 = CARTESIAN_POINT('',(273.27499095861,170.49055439068,
    -1.406778273545E-02));
#643 = CARTESIAN_POINT('',(270.86386593289,170.42254148182,
    5.702392029544));
#644 = CARTESIAN_POINT('',(271.32312134454,170.40752874249,
    4.613543591605));
#645 = CARTESIAN_POINT('',(272.1267785646,170.38002984461,2.708187443304
    ));
#646 = CARTESIAN_POINT('',(272.93049592287,170.35146022272,
    0.802700507714));
#647 = CARTESIAN_POINT('',(273.27492491447,170.33983949985,
    -1.388050440497E-02));
#648 = CARTESIAN_POINT('',(270.86378414551,170.32626619129,
    5.704146355559));
#649 = CARTESIAN_POINT('',(271.32304612153,170.30072021735,
    4.614993900637));
#650 = CARTESIAN_POINT('',(272.12671115045,170.25478557388,
    2.709114485688));
#651 = CARTESIAN_POINT('',(272.93043351345,170.20778356381,
    0.803110876037));
#652 = CARTESIAN_POINT('',(273.27486495856,170.18825982913,
    -1.369222382711E-02));
#653 = CARTESIAN_POINT('',(270.86371532524,170.25772959784,
    5.705394537685));
#654 = CARTESIAN_POINT('',(271.32298203104,170.22467234153,
    4.616025615434));
#655 = CARTESIAN_POINT('',(272.12665254877,170.16559069529,
    2.709774037855));
#656 = CARTESIAN_POINT('',(272.93037833691,170.10544581795,
    0.803403106557));
#657 = CARTESIAN_POINT('',(273.27481176086,170.08028539785,
    -1.35585374187E-02));
#658 = CARTESIAN_POINT('',(270.86368798544,170.21733955697,5.7061305222)
  );
#659 = CARTESIAN_POINT('',(271.32295741386,170.17984771922,
    4.616634132781));
#660 = CARTESIAN_POINT('',(272.12663125176,170.11300492131,
    2.710162927291));
#661 = CARTESIAN_POINT('',(272.93035922589,170.04509920466,
    0.803575049786));
#662 = CARTESIAN_POINT('',(273.27479352385,170.01661234234,
    -1.34794138369E-02));
#663 = CARTESIAN_POINT('',(270.86367767341,170.2011759437,5.706425069969
    ));
#664 = CARTESIAN_POINT('',(271.32294818834,170.16190886362,
    4.616877674943));
#665 = CARTESIAN_POINT('',(272.12662335898,170.09195917251,
    2.710318563455));
#666 = CARTESIAN_POINT('',(272.93035221587,170.02094658681,
    0.803643845048));
#667 = CARTESIAN_POINT('',(273.27478684966,169.99112815762,
    -1.344773417128E-02));
#668 = CARTESIAN_POINT('',(270.86366359357,170.180952748,5.706793535719)
  );
#669 = CARTESIAN_POINT('',(271.3229354739,170.13946406846,4.617182318197
    ));
#670 = CARTESIAN_POINT('',(272.12661230423,170.06562625098,2.71051325592
    ));
#671 = CARTESIAN_POINT('',(272.93034225047,169.99072576083,
    0.803729935102));
#672 = CARTESIAN_POINT('',(273.27477733032,169.95924084494,
    -1.340813312511E-02));
#673 = CARTESIAN_POINT('',(270.86365085716,170.16273240597,
    5.707125489751));
#674 = CARTESIAN_POINT('',(271.32292396808,170.11924123617,
    4.617456772137));
#675 = CARTESIAN_POINT('',(272.12660229329,170.0418987703,2.710688654277
    ));
#676 = CARTESIAN_POINT('',(272.93033322026,169.96349384116,
    0.803807493633));
#677 = CARTESIAN_POINT('',(273.27476870295,169.93050679895,
    -1.337245931363E-02));
#678 = CARTESIAN_POINT('',(270.8636431317,170.1505790634,5.707346931511)
  );
#679 = CARTESIAN_POINT('',(271.32291705966,170.105751624,4.617639866327)
  );
#680 = CARTESIAN_POINT('',(272.1265963869,170.02607053411,2.710805659187
    ));
#681 = CARTESIAN_POINT('',(272.93032797761,169.94532699864,
    0.803859210593));
#682 = CARTESIAN_POINT('',(273.2747637121,169.91133766195,
    -1.334864461713E-02));
#683 = CARTESIAN_POINT('',(270.86363928217,170.14450083838,
    5.707457679767));
#684 = CARTESIAN_POINT('',(271.32291361869,170.09900501448,
    4.617731436156));
#685 = CARTESIAN_POINT('',(272.12659344716,170.01815417687,2.71086417596
    ));
#686 = CARTESIAN_POINT('',(272.93032536999,169.93624090039,
    0.803885074916));
#687 = CARTESIAN_POINT('',(273.27476123009,169.90175023105,
    -1.333673415364E-02));
#688 = CARTESIAN_POINT('',(270.86363544742,170.13842106921,
    5.707568455292));
#689 = CARTESIAN_POINT('',(271.32291019255,170.09225661208,
    4.617823028654));
#690 = CARTESIAN_POINT('',(272.12659052246,170.01023559286,2.710922707)
  );
#691 = CARTESIAN_POINT('',(272.93032277768,169.92715213917,
    0.803910945055));
#692 = CARTESIAN_POINT('',(273.27475876306,169.89215995254,
    -1.332482053324E-02));
#693 = CARTESIAN_POINT('',(270.86362250297,170.11814963763,
    5.707937797062));
#694 = CARTESIAN_POINT('',(271.3228986113,170.06975558425,4.618128408968
    ));
#695 = CARTESIAN_POINT('',(272.12658061209,169.98383252049,
    2.711117857562));
#696 = CARTESIAN_POINT('',(272.93031397354,169.89684706256,0.80399720348
    ));
#697 = CARTESIAN_POINT('',(273.27475038011,169.86018252285,
    -1.328510302596E-02));
#698 = CARTESIAN_POINT('',(270.86359936612,170.09175415389,
    5.708418453282));
#699 = CARTESIAN_POINT('',(271.32287728107,170.04045702709,
    4.618525740087));
#700 = CARTESIAN_POINT('',(272.12656141666,169.94945295325,
    2.711371821273));
#701 = CARTESIAN_POINT('',(272.93029614063,169.85738753424,
    0.804109619886));
#702 = CARTESIAN_POINT('',(273.27473323228,169.81854486303,
    -1.323356596398E-02));
#703 = CARTESIAN_POINT('',(270.86357825465,170.05923340389,
    5.709010882271));
#704 = CARTESIAN_POINT('',(271.3228583587,170.00435541157,4.619015564558
    ));
#705 = CARTESIAN_POINT('',(272.12654517179,169.90708443491,
    2.711684837698));
#706 = CARTESIAN_POINT('',(272.93028166525,169.80875224288,
    0.804247980373));
#707 = CARTESIAN_POINT('',(273.27471943976,169.76722365718,
    -1.316987502538E-02));
#708 = CARTESIAN_POINT('',(270.86356117093,170.03481671329,
    5.709455611273));
#709 = CARTESIAN_POINT('',(271.32284292482,169.97724936969,
    4.619383251678));
#710 = CARTESIAN_POINT('',(272.12653173997,169.87527168381,
    2.711919813136));
#711 = CARTESIAN_POINT('',(272.93026954649,169.77223307762,
    0.804351875627));
#712 = CARTESIAN_POINT('',(273.27470786043,169.72868716124,
    -1.312209446385E-02));
#713 = CARTESIAN_POINT('',(270.86354448382,170.0103774964,5.709900744061
    ));
#714 = CARTESIAN_POINT('',(271.32282788707,169.95011711212,
    4.619751276924));
#715 = CARTESIAN_POINT('',(272.12651870853,169.84342628988,
    2.712154999822));
#716 = CARTESIAN_POINT('',(272.93025783422,169.73567477978,
    0.804455851984));
#717 = CARTESIAN_POINT('',(273.27469667896,169.69010881281,
    -1.307426326532E-02));
#718 = CARTESIAN_POINT('',(270.86352788415,169.98591557089,
    5.710346272631));
#719 = CARTESIAN_POINT('',(271.32281293781,169.92295853211,
    4.620119629566));
#720 = CARTESIAN_POINT('',(272.12650576785,169.81154826315,
    2.712390393652));
#721 = CARTESIAN_POINT('',(272.93024621488,169.69907752613,
    0.804559916023));
#722 = CARTESIAN_POINT('',(273.27468558862,169.65148881319,
    -1.302638940731E-02));
#723 = CARTESIAN_POINT('',(270.86351487931,169.96755120599,
    5.710680708939));
#724 = CARTESIAN_POINT('',(271.32280117472,169.90256903502,
    4.620396125468));
#725 = CARTESIAN_POINT('',(272.12649550895,169.78761453762,
    2.712567090637));
#726 = CARTESIAN_POINT('',(272.93023694124,169.67159982342,
    0.804638043691));
#727 = CARTESIAN_POINT('',(273.27467672374,169.62249202102,
    -1.299046763396E-02));
#728 = CARTESIAN_POINT('',(270.86350712633,169.95530318078,
    5.710903787699));
#729 = CARTESIAN_POINT('',(271.3227942453,169.88896980492,4.620580568396
    ));
#730 = CARTESIAN_POINT('',(272.12648958856,169.77165058335,
    2.712684952172));
#731 = CARTESIAN_POINT('',(272.93023168901,169.65327117012,
    0.804690133117));
#732 = CARTESIAN_POINT('',(273.27467172423,169.60314989574,
    -1.296648555241E-02));
#733 = CARTESIAN_POINT('',(270.86350195336,169.94713599375,
    5.711052538455));
#734 = CARTESIAN_POINT('',(271.32278962151,169.87990152616,
    4.620703556324));
#735 = CARTESIAN_POINT('',(272.12648563757,169.7610053175,2.712763543054
    ));
#736 = CARTESIAN_POINT('',(272.93022818351,169.64104893461,
    0.804724866646));
#737 = CARTESIAN_POINT('',(273.27466838731,169.59025179607,
    -1.295049438337E-02));
#738 = CARTESIAN_POINT('',(270.86348751965,169.92466831984,
    5.711461732245));
#739 = CARTESIAN_POINT('',(271.32277669958,169.85495467171,
    4.621041876822));
#740 = CARTESIAN_POINT('',(272.12647456508,169.73171967932,
    2.712979735576));
#741 = CARTESIAN_POINT('',(272.930218334,169.60742459316,0.804820418405)
  );
#742 = CARTESIAN_POINT('',(273.27465900589,169.55476792639,
    -1.290651042441E-02));
#743 = CARTESIAN_POINT('',(270.86346274143,169.89602915339,
    5.711983053966));
#744 = CARTESIAN_POINT('',(271.32275388041,169.82315540999,
    4.621472816308));
#745 = CARTESIAN_POINT('',(272.12645406208,169.69438966321,
    2.713255165633));
#746 = CARTESIAN_POINT('',(272.93019931335,169.56456491364,
    0.804942308874));
#747 = CARTESIAN_POINT('',(273.2746407187,169.50953738407,
    -1.285063058457E-02));
#748 = CARTESIAN_POINT('',(270.86344146221,169.86327069981,
    5.712579585158));
#749 = CARTESIAN_POINT('',(271.32273480635,169.78677862847,
    4.621966019892));
#750 = CARTESIAN_POINT('',(272.12643768185,169.65168050994,
    2.713570328915));
#751 = CARTESIAN_POINT('',(272.93018471244,169.51552355275,
    0.805081604173));
#752 = CARTESIAN_POINT('',(273.27462680502,169.45778206524,
    -1.278652401866E-02));
#753 = CARTESIAN_POINT('',(270.86340701464,169.81408735882,
    5.713475079404));
#754 = CARTESIAN_POINT('',(271.32270368195,169.73216144142,
    4.622706366034));
#755 = CARTESIAN_POINT('',(272.12641058528,169.58755353557,
    2.714043438318));
#756 = CARTESIAN_POINT('',(272.93016025717,169.44188742674,
    0.805290767304));
#757 = CARTESIAN_POINT('',(273.27460343487,169.38007000683,
    -1.269035412984E-02));
#758 = CARTESIAN_POINT('',(270.86333593282,169.74012502568,
    5.714820857559));
#759 = CARTESIAN_POINT('',(271.32263769363,169.65002531932,
    4.623818713656));
#760 = CARTESIAN_POINT('',(272.1263505283,169.49111153215,2.714754425392
    ));
#761 = CARTESIAN_POINT('',(272.93010394216,169.33114347281,
    0.805605561878));
#762 = CARTESIAN_POINT('',(273.27454916318,169.26319308056,
    -1.254631001904E-02));
#763 = CARTESIAN_POINT('',(270.86326091903,169.65770826453,
    5.716320379554));
#764 = CARTESIAN_POINT('',(271.32256833159,169.55848791938,
    4.625058184018));
#765 = CARTESIAN_POINT('',(272.12628779704,169.3836113848,2.715546617286
    ));
#766 = CARTESIAN_POINT('',(272.93004542762,169.20768434221,
    0.805956186264));
#767 = CARTESIAN_POINT('',(273.27449283413,169.13289101645,
    -1.238574056574E-02));
#768 = CARTESIAN_POINT('',(270.8632112315,169.59166169835,5.71752231072)
  );
#769 = CARTESIAN_POINT('',(271.32252311821,169.48512349864,
    4.626051809444));
#770 = CARTESIAN_POINT('',(272.12624796015,169.29744000558,
    2.716181585528));
#771 = CARTESIAN_POINT('',(272.93000909011,169.10870745281,
    0.806236957941));
#772 = CARTESIAN_POINT('',(273.27445802529,169.02842479798,
    -1.225680231412E-02));
#773 = CARTESIAN_POINT('',(270.86316265248,169.52553295434,
    5.718725692459));
#774 = CARTESIAN_POINT('',(271.32247901114,169.41166355439,
    4.627046647027));
#775 = CARTESIAN_POINT('',(272.12620924119,169.21114984849,2.71681731378
    ));
#776 = CARTESIAN_POINT('',(272.92997388734,169.00958836692,
    0.806518029439));
#777 = CARTESIAN_POINT('',(273.27442432767,168.92380651083,
    -1.212769225021E-02));
#778 = CARTESIAN_POINT('',(270.86308360165,169.44268676428,
    5.720232444002));
#779 = CARTESIAN_POINT('',(271.32240565062,169.31963030139,
    4.628292028697));
#780 = CARTESIAN_POINT('',(272.12614251027,169.10303762255,
    2.717613290037));
#781 = CARTESIAN_POINT('',(272.92991134703,168.88540155923,
    0.806870376616));
#782 = CARTESIAN_POINT('',(273.27436405871,168.79272673813,
    -1.196649965848E-02));
#783 = CARTESIAN_POINT('',(270.86299706315,169.34307438316,
    5.722044209466));
#784 = CARTESIAN_POINT('',(271.32232590341,169.20895954695,
    4.629789625536));
#785 = CARTESIAN_POINT('',(272.12607077979,168.97301333006,
    2.718570383966));
#786 = CARTESIAN_POINT('',(272.92984475064,168.7360277533,0.807293815286
    ));
#787 = CARTESIAN_POINT('',(273.27430001121,168.63505682551,
    -1.177250522023E-02));
#788 = CARTESIAN_POINT('',(270.86290703661,169.24326879819,
    5.723859143165));
#789 = CARTESIAN_POINT('',(271.32224268907,169.09806626461,
    4.631289793411));
#790 = CARTESIAN_POINT('',(272.12599556723,168.84271514141,
    2.719529137482));
#791 = CARTESIAN_POINT('',(272.92977463949,168.58632923064,0.80771804612
    ));
#792 = CARTESIAN_POINT('',(273.27423252333,168.47703996216,
    -1.157828780844E-02));
#793 = CARTESIAN_POINT('',(270.8628179513,169.14330518753,5.725676789228
    ));
#794 = CARTESIAN_POINT('',(271.32216041095,168.98698968999,
    4.632792217758));
#795 = CARTESIAN_POINT('',(272.12592130041,168.71218961464,
    2.720489313799));
#796 = CARTESIAN_POINT('',(272.92970549113,168.43635919997,
    0.808142857177));
#797 = CARTESIAN_POINT('',(273.27416597816,168.31873281662,
    -1.138378895454E-02));
#798 = CARTESIAN_POINT('',(270.86272939515,169.04320936054,
    5.727496680282));
#799 = CARTESIAN_POINT('',(271.32207865606,168.87575984409,
    4.634296508852));
#800 = CARTESIAN_POINT('',(272.12584756072,168.58147411821,
    2.721450668948));
#801 = CARTESIAN_POINT('',(272.92963687993,168.28616244784,
    0.808568152898));
#802 = CARTESIAN_POINT('',(273.27409995923,168.16018328695,
    -1.118906803972E-02));
#803 = CARTESIAN_POINT('',(270.86263814186,168.94300167852,
    5.729318341927));
#804 = CARTESIAN_POINT('',(271.32199421185,168.76440138815,
    4.635802232622));
#805 = CARTESIAN_POINT('',(272.12577111292,168.45060067145,
    2.722412953176));
#806 = CARTESIAN_POINT('',(272.92956553326,168.13577882908,
    0.808993897474));
#807 = CARTESIAN_POINT('',(273.27403126129,168.00143415984,
    -1.099425615704E-02));
#808 = CARTESIAN_POINT('',(270.86255338881,168.8427265502,5.731141330774
    ));
#809 = CARTESIAN_POINT('',(271.32191622498,168.65296263829,
    4.637309150085));
#810 = CARTESIAN_POINT('',(272.12570115716,168.31962489507,
    2.723375939803));
#811 = CARTESIAN_POINT('',(272.92950075247,167.98526990825,
    0.809419777939));
#812 = CARTESIAN_POINT('',(273.27396899259,167.84255076442,
    -1.079917313736E-02));
#813 = CARTESIAN_POINT('',(270.86248212013,168.77163874727,
    5.732433185205));
#814 = CARTESIAN_POINT('',(271.32184979875,168.5739616439,4.638376875637
    ));
#815 = CARTESIAN_POINT('',(272.12564034493,168.22677483647,2.72405835143
    ));
#816 = CARTESIAN_POINT('',(272.92944347977,167.87857522266,0.80972181893
    ));
#817 = CARTESIAN_POINT('',(273.27391373504,167.72991897005,
    -1.066122868772E-02));
#818 = CARTESIAN_POINT('',(270.86245412053,168.72984305711,
    5.733193222942));
#819 = CARTESIAN_POINT('',(271.32182457187,168.52750969989,
    4.639005244156));
#820 = CARTESIAN_POINT('',(272.12561850327,168.17217460812,
    2.724459843187));
#821 = CARTESIAN_POINT('',(272.92942387553,167.81582726219,
    0.809899193615));
#822 = CARTESIAN_POINT('',(273.27389502373,167.66367880144,
    -1.057973472782E-02));
#823 = CARTESIAN_POINT('',(270.86244619069,168.7173048928,5.733421240438
    ));
#824 = CARTESIAN_POINT('',(271.32181747115,168.51357458641,
    4.639193766416));
#825 = CARTESIAN_POINT('',(272.12561242084,168.15579490725,
    2.724580294265));
#826 = CARTESIAN_POINT('',(272.92941846957,167.79700307018,0.80995239626
    ));
#827 = CARTESIAN_POINT('',(273.27388987576,167.64380693635,
    -1.05552747741E-02));
#828 = CARTESIAN_POINT('',(270.86243813897,168.70476617757,
    5.733649261739));
#829 = CARTESIAN_POINT('',(271.32181024895,168.49963887592,
    4.639382290364));
#830 = CARTESIAN_POINT('',(272.12560621598,168.13941452429,
    2.724700747372));
#831 = CARTESIAN_POINT('',(272.92941293974,167.77817812992,0.81000560238
    ));
#832 = CARTESIAN_POINT('',(273.2738846065,167.6239342782,
    -1.053081788286E-02));
#833 = CARTESIAN_POINT('',(270.86242166319,168.67968750016,
    5.734105309785));
#834 = CARTESIAN_POINT('',(271.32179543365,168.4717661362,4.639759338071
    ));
#835 = CARTESIAN_POINT('',(272.12559343272,168.10665229845,
    2.724941656339));
#836 = CARTESIAN_POINT('',(272.92940150243,167.74052670334,0.81011202345
    ));
#837 = CARTESIAN_POINT('',(273.27387369803,167.5841873315,
    -1.048191387292E-02));
#838 = CARTESIAN_POINT('',(270.8623822625,168.62534091054,5.735093429381
    ));
#839 = CARTESIAN_POINT('',(271.32175964709,168.41136549829,
    4.640576239288));
#840 = CARTESIAN_POINT('',(272.12556202414,168.03565717246,
    2.725463632652));
#841 = CARTESIAN_POINT('',(272.92937296852,167.65893825926,
    0.810342686853));
#842 = CARTESIAN_POINT('',(273.27384638737,167.49805808698,
    -1.037605092185E-02));
#843 = CARTESIAN_POINT('',(270.8623129967,168.5584124855,5.736309480961)
  );
#844 = CARTESIAN_POINT('',(271.32169492856,168.33698656692,
    4.641581300458));
#845 = CARTESIAN_POINT('',(272.12550256019,167.94823896799,
    2.726106004316));
#846 = CARTESIAN_POINT('',(272.92931681309,167.5584852766,0.810627012565
    ));
#847 = CARTESIAN_POINT('',(273.27379216987,167.39201508527,
    -1.024630361978E-02));
#848 = CARTESIAN_POINT('',(270.86226565098,168.49153969111,
    5.737525311439));
#849 = CARTESIAN_POINT('',(271.32165200557,168.26266465035,
    4.642586486635));
#850 = CARTESIAN_POINT('',(272.12546501714,167.86088137609,
    2.726748277778));
#851 = CARTESIAN_POINT('',(272.92928281598,167.45809331979,
    0.810910789128));
#852 = CARTESIAN_POINT('',(273.2737596542,167.28603613196,
    -1.011604730261E-02));
#853 = CARTESIAN_POINT('',(270.86221532647,168.42467436419,
    5.738740872663));
#854 = CARTESIAN_POINT('',(271.32160611185,168.18835237765,
    4.643591415367));
#855 = CARTESIAN_POINT('',(272.12542447913,167.7735371211,2.727390410483
    ));
#856 = CARTESIAN_POINT('',(272.92924578936,167.35771884057,
    0.811194563751));
#857 = CARTESIAN_POINT('',(273.27372417082,167.1800760469,
    -9.985904917456E-03));
#858 = CARTESIAN_POINT('',(270.86213880442,168.3410994746,5.740259653514
    ));
#859 = CARTESIAN_POINT('',(271.32153518436,168.09547445083,
    4.644846847291));
#860 = CARTESIAN_POINT('',(272.12536015114,167.6643784668,2.728192720009
    ));
#861 = CARTESIAN_POINT('',(272.92918569839,167.23228366104,
    0.811549416562));
#862 = CARTESIAN_POINT('',(273.27366629119,167.04766193455,
    -9.823660390165E-03));
#863 = CARTESIAN_POINT('',(270.86206073939,168.25758794007,
    5.741777194158));
#864 = CARTESIAN_POINT('',(271.32146269975,168.00267038067,
    4.646101250122));
#865 = CARTESIAN_POINT('',(272.12529423809,167.55531205791,
    2.728994384994));
#866 = CARTESIAN_POINT('',(272.92912399946,167.10695936856,
    0.811904000654));
#867 = CARTESIAN_POINT('',(273.27360683459,166.91536651102,
    -9.661614370179E-03));
#868 = CARTESIAN_POINT('',(270.86201217842,168.19085871268,
    5.742990287641));
#869 = CARTESIAN_POINT('',(271.32141851589,167.92851505918,
    4.647104197771));
#870 = CARTESIAN_POINT('',(272.12525538322,167.46816151627,2.72963523992
    ));
#871 = CARTESIAN_POINT('',(272.92908866057,167.00681518708,0.81218714059
    ));
#872 = CARTESIAN_POINT('',(273.27357300206,166.80965262097,
    -9.53174304805E-03));
#873 = CARTESIAN_POINT('',(270.86197350426,168.14083730983,
    5.743899556679));
#874 = CARTESIAN_POINT('',(271.32138312859,167.87292886649,
    4.647855928107));
#875 = CARTESIAN_POINT('',(272.12522397236,167.40283718602,
    2.730115592906));
#876 = CARTESIAN_POINT('',(272.92905986002,166.93175423977,
    0.812399412761));
#877 = CARTESIAN_POINT('',(273.27354537755,166.73041779879,
    -9.434463428216E-03));
#878 = CARTESIAN_POINT('',(270.86194422795,168.09918619442,
    5.744656785544));
#879 = CARTESIAN_POINT('',(271.32135656916,167.82664469583,
    4.648482006273));
#880 = CARTESIAN_POINT('',(272.1252007387,167.34844554638,2.730515631933
    ));
#881 = CARTESIAN_POINT('',(272.92903883081,166.86925598416,
    0.812576125113));
#882 = CARTESIAN_POINT('',(273.2735252674,166.66444478515,
    -9.353381733292E-03));
#883 = CARTESIAN_POINT('',(270.861921951,168.0658857829,5.745262240763)
  );
#884 = CARTESIAN_POINT('',(271.32133645553,167.78964068386,4.64898261672
    ));
#885 = CARTESIAN_POINT('',(272.12518328894,167.30496060784,
    2.730835493527));
#886 = CARTESIAN_POINT('',(272.9290231554,166.81929064274,0.812717392602
    ));
#887 = CARTESIAN_POINT('',(273.27351030353,166.61170187754,
    -9.288526406831E-03));
#888 = CARTESIAN_POINT('',(270.86188899686,168.01595515618,
    5.746170079475));
#889 = CARTESIAN_POINT('',(271.32130673962,167.7341576529,4.64973325762)
  );
#890 = CARTESIAN_POINT('',(272.12515756786,167.23976146792,
    2.731315107376));
#891 = CARTESIAN_POINT('',(272.92900009909,166.74437612083,
    0.812929203033));
#892 = CARTESIAN_POINT('',(273.27348830504,166.53262330009,
    -9.191272226964E-03));
#893 = CARTESIAN_POINT('',(270.86182421588,167.95770989974,
    5.747228107292));
#894 = CARTESIAN_POINT('',(271.32124586141,167.66944458014,
    4.650607730473));
#895 = CARTESIAN_POINT('',(272.1251011801,167.16372910076,2.731874052369
    ));
#896 = CARTESIAN_POINT('',(272.92894653787,166.657029077,0.813176608264)
  );
#897 = CARTESIAN_POINT('',(273.27343651778,166.44042345656,
    -9.078611287659E-03));
#898 = CARTESIAN_POINT('',(270.86177842894,167.89129160149,5.74843568291
    ));
#899 = CARTESIAN_POINT('',(271.32120436802,167.59564827405,
    4.651606208479));
#900 = CARTESIAN_POINT('',(272.12506497241,167.07702208227,
    2.732512039398));
#901 = CARTESIAN_POINT('',(272.92891385115,166.55741262918,
    0.813458384812));
#902 = CARTESIAN_POINT('',(273.27340527895,166.33527372951,
    -8.949321722057E-03));
#903 = CARTESIAN_POINT('',(270.86172866637,167.82493205343,
    5.749642056329));
#904 = CARTESIAN_POINT('',(271.32115890663,167.5219213198,4.652603648428
    ));
#905 = CARTESIAN_POINT('',(272.1250247611,166.9904028,2.733149397129));
#906 = CARTESIAN_POINT('',(272.9288771139,166.45790288721,0.813739963437
    ));
#907 = CARTESIAN_POINT('',(273.27337007092,166.23023833984,
    -8.820272240633E-03));
#908 = CARTESIAN_POINT('',(270.86165007542,167.7420837924,5.751147600452
    ));
#909 = CARTESIAN_POINT('',(271.32108575237,167.42988526935,
    4.653848240601));
#910 = CARTESIAN_POINT('',(272.12495804822,166.88228813261,
    2.733944817357));
#911 = CARTESIAN_POINT('',(272.92881456327,166.33371428823,0.81409170913
    ));
#912 = CARTESIAN_POINT('',(273.27330976579,166.09915743974,
    -8.659658953732E-03));
#913 = CARTESIAN_POINT('',(270.86156330045,167.64291971762,
    5.752950000181));
#914 = CARTESIAN_POINT('',(271.32100541825,167.31973333864,4.65533837295
    ));
#915 = CARTESIAN_POINT('',(272.12488545024,166.75290796666,
    2.734897113732));
#916 = CARTESIAN_POINT('',(272.92874702186,166.18511050342,
    0.814512652798));
#917 = CARTESIAN_POINT('',(273.27324476429,165.9423117085,
    -8.467215041199E-03));
#918 = CARTESIAN_POINT('',(270.86147358953,167.5440158166,5.754747655204
    ));
#919 = CARTESIAN_POINT('',(271.320922117,167.20988359697,4.656824579331)
  );
#920 = CARTESIAN_POINT('',(272.12480982592,166.62390347338,
    2.735846935887));
#921 = CARTESIAN_POINT('',(272.92867640564,166.03695635044,
    0.814932549881));
#922 = CARTESIAN_POINT('',(273.27317674694,165.7859469346,
    -8.275384024269E-03));
#923 = CARTESIAN_POINT('',(270.86138545921,167.44540744089,
    5.756540113071));
#924 = CARTESIAN_POINT('',(271.32084033869,167.10037545141,
    4.658306550141));
#925 = CARTESIAN_POINT('',(272.12473568986,166.49532139028,
    2.736794052144));
#926 = CARTESIAN_POINT('',(272.92860727494,165.88930526263,
    0.815351203171));
#927 = CARTESIAN_POINT('',(273.2731101819,165.63011997317,
    -8.08409806008E-03));
#928 = CARTESIAN_POINT('',(270.86129692314,167.34711735155,
    5.758326904639));
#929 = CARTESIAN_POINT('',(271.32075810455,166.99123592163,
    4.659783872727));
#930 = CARTESIAN_POINT('',(272.12466104871,166.36719608839,
    2.737738216009));
#931 = CARTESIAN_POINT('',(272.92853761446,165.74219924608,
    0.815768546514));
#932 = CARTESIAN_POINT('',(273.27304309443,165.47487585686,
    -7.893457898146E-03));
#933 = CARTESIAN_POINT('',(270.86120889067,167.24917391617,
    5.760107568448));
#934 = CARTESIAN_POINT('',(271.32067631637,166.8824975432,4.661256180602
    ));
#935 = CARTESIAN_POINT('',(272.12458680708,166.23956744538,
    2.738679187815));
#936 = CARTESIAN_POINT('',(272.9284683371,165.5956853955,0.816184455516)
  );
#937 = CARTESIAN_POINT('',(273.27297637887,165.32026488304,
    -7.703489135664E-03));
#938 = CARTESIAN_POINT('',(270.86112097851,167.15160299959,
    5.761881639866));
#939 = CARTESIAN_POINT('',(271.32059459003,166.77419038924,
    4.662723086966));
#940 = CARTESIAN_POINT('',(272.12451257597,166.11247288062,
    2.739616725089));
#941 = CARTESIAN_POINT('',(272.92839904864,165.44980853411,0.81659883191
    ));
#942 = CARTESIAN_POINT('',(273.27290964888,165.16633499907,
    -7.514250838045E-03));
#943 = CARTESIAN_POINT('',(270.86103338028,167.05443158368,
    5.763648655941));
#944 = CARTESIAN_POINT('',(271.3205131153,166.66634563169,4.664184214395
    ));
#945 = CARTESIAN_POINT('',(272.12443854373,165.98595091053,
    2.740550586868));
#946 = CARTESIAN_POINT('',(272.92832993832,165.304614499,0.817011565897)
  );
#947 = CARTESIAN_POINT('',(273.2728430898,165.01313520135,
    -7.325787051729E-03));
#948 = CARTESIAN_POINT('',(270.86094603196,166.95768615146,
    5.765408153242));
#949 = CARTESIAN_POINT('',(271.32043182567,166.55899395159,
    4.665639181599));
#950 = CARTESIAN_POINT('',(272.12436464091,165.86003956147,
    2.741480531783));
#951 = CARTESIAN_POINT('',(272.92826093492,165.16014867457,
    0.817422552967));
#952 = CARTESIAN_POINT('',(273.27277663176,164.86071401804,
    -7.138148447233E-03));
#953 = CARTESIAN_POINT('',(270.86085898425,166.86139340805,
    5.767159668832));
#954 = CARTESIAN_POINT('',(271.32035076872,166.45216624834,
    4.667087609349));
#955 = CARTESIAN_POINT('',(272.12429091284,165.73477707778,
    2.742406318935));
#956 = CARTESIAN_POINT('',(272.92819208324,165.01645664682,
    0.817831686398));
#957 = CARTESIAN_POINT('',(273.27271031863,164.70912018597,
    -6.951382661113E-03));
#958 = CARTESIAN_POINT('',(270.86077223682,166.76557995982,5.76890273984
    ));
#959 = CARTESIAN_POINT('',(271.32026994128,166.345893324,4.668529117855)
  );
#960 = CARTESIAN_POINT('',(272.12421735384,165.61020160674,2.74332770752
    ));
#961 = CARTESIAN_POINT('',(272.92812337656,164.87358391223,
    0.818238860603));
#962 = CARTESIAN_POINT('',(273.27264414381,164.55840234941,
    -6.765538591742E-03));
#963 = CARTESIAN_POINT('',(270.86068581118,166.6702724553,5.77063690366)
  );
#964 = CARTESIAN_POINT('',(271.32018936184,166.24020602196,
    4.669963327938));
#965 = CARTESIAN_POINT('',(272.12414398001,165.48635133688,
    2.744244457012));
#966 = CARTESIAN_POINT('',(272.92805483028,164.73157600557,
    0.818643969662));
#967 = CARTESIAN_POINT('',(273.27257812236,164.40860919238,
    -6.580664511544E-03));
#968 = CARTESIAN_POINT('',(270.86059972074,166.57549752744,
    5.772361697881));
#969 = CARTESIAN_POINT('',(271.32010904087,166.1351351701,4.671389860572
    ));
#970 = CARTESIAN_POINT('',(272.12407079943,165.36326444128,
    2.745156327109));
#971 = CARTESIAN_POINT('',(272.92798645169,164.59047844755,
    0.819046907943));
#972 = CARTESIAN_POINT('',(273.27251226146,164.25978938449,
    -6.396808835577E-03));
#973 = CARTESIAN_POINT('',(270.86051397825,166.48128180774,
    5.774076660311));
#974 = CARTESIAN_POINT('',(271.32002898811,166.03071159467,
    4.672808337013));
#975 = CARTESIAN_POINT('',(272.12399781943,165.24097909145,
    2.746063077766));
#976 = CARTESIAN_POINT('',(272.92791824742,164.45033675757,
    0.819447569936));
#977 = CARTESIAN_POINT('',(273.27244656766,164.1119915941,
    -6.214019937167E-03));
#978 = CARTESIAN_POINT('',(270.86042860585,166.38765194591,
    5.775781329016));
#979 = CARTESIAN_POINT('',(271.31994922264,165.92696613965,
    4.674218378981));
#980 = CARTESIAN_POINT('',(272.1239250568,165.11953347662,2.746964469241
    ));
#981 = CARTESIAN_POINT('',(272.92785023367,164.31119647177,
    0.819845850105));
#982 = CARTESIAN_POINT('',(273.27238105691,163.96526450695,
    -6.032345866237E-03));
#983 = CARTESIAN_POINT('',(270.86034360054,166.29463454292,
    5.777475242235));
#984 = CARTESIAN_POINT('',(271.31986973852,165.82392960079,
    4.675619608125));
#985 = CARTESIAN_POINT('',(272.12385250312,164.99896573792,
    2.747860262018));
#986 = CARTESIAN_POINT('',(272.9277824013,164.17310308184,0.820241643488
    ));
#987 = CARTESIAN_POINT('',(273.27231572036,163.81965676313,
    -5.851835280994E-03));
#988 = CARTESIAN_POINT('',(270.86025901685,166.20225631102,
    5.779157938616));
#989 = CARTESIAN_POINT('',(271.31979058696,165.72163288318,
    4.677011647373));
#990 = CARTESIAN_POINT('',(272.12378020753,164.87931412569,
    2.748750217061));
#991 = CARTESIAN_POINT('',(272.92771479934,164.03610218114,
    0.820634844266));
#992 = CARTESIAN_POINT('',(273.27225060619,163.67521710768,
    -5.672535216386E-03));
#993 = CARTESIAN_POINT('',(270.86017477939,166.11054371081,
    5.780828956715));
#994 = CARTESIAN_POINT('',(271.31971168993,165.62010664394,
    4.678394117943));
#995 = CARTESIAN_POINT('',(272.12370808915,164.76061664264,
    2.749634095313));
#996 = CARTESIAN_POINT('',(272.92764734562,163.90023913334,
    0.821025349059));
#997 = CARTESIAN_POINT('',(273.27218563402,163.53199404907,
    -5.494496135255E-03));
#998 = CARTESIAN_POINT('',(270.86009110363,166.01952376603,
    5.782487836161));
#999 = CARTESIAN_POINT('',(271.31963325865,165.51938209412,
    4.679766646131));
#1000 = CARTESIAN_POINT('',(272.12363635807,164.64291184487,
    2.750511658906));
#1001 = CARTESIAN_POINT('',(272.92758025182,163.76555981642,
    0.821413049542));
#1002 = CARTESIAN_POINT('',(273.2721210116,163.39003662591,
    -5.317760577856E-03));
#1003 = CARTESIAN_POINT('',(270.86000755298,165.92922223747,
    5.784134115095));
#1004 = CARTESIAN_POINT('',(271.31955485571,165.41948920165,
    4.681128848185));
#1005 = CARTESIAN_POINT('',(272.12356457197,164.52623704663,
    2.751382668527));
#1006 = CARTESIAN_POINT('',(272.92751307105,163.63210895512,
    0.821797849042));
#1007 = CARTESIAN_POINT('',(273.27205630101,163.24939268883,
    -5.142388586602E-03));
#1008 = CARTESIAN_POINT('',(270.859925151,165.83966771367,5.785767335943
    ));
#1009 = CARTESIAN_POINT('',(271.31947749603,165.32046071678,
    4.68248036429));
#1010 = CARTESIAN_POINT('',(272.1234937494,164.41063234177,
    2.752246889434));
#1011 = CARTESIAN_POINT('',(272.92744683139,163.49993385668,
    0.82217962539));
#1012 = CARTESIAN_POINT('',(273.27199251055,163.11011274931,
    -4.968400740769E-03));
#1013 = CARTESIAN_POINT('',(270.85984164957,165.75088244662,
    5.787387032554));
#1014 = CARTESIAN_POINT('',(271.31939894011,165.22232315385,
    4.68382078254));
#1015 = CARTESIAN_POINT('',(272.12342163534,164.29613159447,
    2.75310407808));
#1016 = CARTESIAN_POINT('',(272.92737925613,163.36907604157,
    0.822558314201));
#1017 = CARTESIAN_POINT('',(273.27192740835,162.97224135723,
    -4.795905757731E-03));
#1018 = CARTESIAN_POINT('',(270.85976214594,165.66290291417,
    5.788992759108));
#1019 = CARTESIAN_POINT('',(271.31932425492,165.125117026,4.685149809642
    ));
#1020 = CARTESIAN_POINT('',(272.12335332433,164.18278265379,
    2.753954012253));
#1021 = CARTESIAN_POINT('',(272.92731548846,163.2395900222,
    0.822933722053));
#1022 = CARTESIAN_POINT('',(273.27186603747,162.83583644769,
    -4.624814170175E-03));
#1023 = CARTESIAN_POINT('',(270.85968938495,165.59026119738,
    5.790318813321));
#1024 = CARTESIAN_POINT('',(271.31925545251,165.04489502719,
    4.686247369238));
#1025 = CARTESIAN_POINT('',(272.12328971766,164.08929809401,
    2.754656020687));
#1026 = CARTESIAN_POINT('',(272.92725557775,163.1328486794,
    0.823243914711));
#1027 = CARTESIAN_POINT('',(273.27180825531,162.72341036758,
    -4.48371260993E-03));
#1028 = CARTESIAN_POINT('',(270.85964600793,165.53260215088,
    5.791372247467));
#1029 = CARTESIAN_POINT('',(271.31921510758,164.98123840131,
    4.687119553315));
#1030 = CARTESIAN_POINT('',(272.12325356851,164.01514892646,
    2.755213800843));
#1031 = CARTESIAN_POINT('',(272.92722251025,163.04820969911,
    0.823490099488));
#1032 = CARTESIAN_POINT('',(273.27177659974,162.63427477691,
    -4.371234698049E-03));
#1033 = CARTESIAN_POINT('',(270.85960505854,165.47523597482,
    5.79242064547));
#1034 = CARTESIAN_POINT('',(271.3191771392,164.91792000561,
    4.687987646267));
#1035 = CARTESIAN_POINT('',(272.12321977776,163.94141756626,
    2.755768969886));
#1036 = CARTESIAN_POINT('',(272.92719181281,162.96406784077,
    0.823735086654));
#1037 = CARTESIAN_POINT('',(273.27174726806,162.54567055054,
    -4.259234339523E-03));
#1038 = CARTESIAN_POINT('',(270.85952585142,165.40402261381,
    5.79372146774));
#1039 = CARTESIAN_POINT('',(271.31910173361,164.83935373253,
    4.689064450494));
#1040 = CARTESIAN_POINT('',(272.12314936894,163.84998664617,
    2.756457867149));
#1041 = CARTESIAN_POINT('',(272.92712498555,162.8597791728,
    0.824039604158));
#1042 = CARTESIAN_POINT('',(273.27168270184,162.43586740345,
    -4.12102747555E-03));
#1043 = CARTESIAN_POINT('',(270.85946446175,165.31953618535,
    5.795266730986));
#1044 = CARTESIAN_POINT('',(271.31904460758,164.7461853626,
    4.690344207685));
#1045 = CARTESIAN_POINT('',(272.12309833546,163.74163040474,
    2.757276435873));
#1046 = CARTESIAN_POINT('',(272.92707853424,162.73623907854,
    0.824400823972));
#1047 = CARTESIAN_POINT('',(273.27163830801,162.30581877085,
    -3.955967957017E-03));
#1048 = CARTESIAN_POINT('',(270.8593823103,165.23594056044,
    5.796795663905));
#1049 = CARTESIAN_POINT('',(271.31896670542,164.65405521466,
    4.691610308591));
#1050 = CARTESIAN_POINT('',(272.12302630193,163.63456952646,
    2.758086503742));
#1051 = CARTESIAN_POINT('',(272.92701085672,162.61425441571,
    0.824758672622));
#1052 = CARTESIAN_POINT('',(273.2715731013,162.17743471957,
    -3.793222521034E-03));
#1053 = CARTESIAN_POINT('',(270.85930455051,165.15331106232,
    5.798307878588));
#1054 = CARTESIAN_POINT('',(271.31889304353,164.56304202723,
    4.692862787724));
#1055 = CARTESIAN_POINT('',(272.12295842931,163.52889005489,
    2.758887912603));
#1056 = CARTESIAN_POINT('',(272.92694735038,162.49391523333,
    0.825112619585));
#1057 = CARTESIAN_POINT('',(273.27151198697,162.05080975633,
    -3.632154405567E-03));
#1058 = CARTESIAN_POINT('',(270.85922542269,165.07166313839,
    5.799802902724));
#1059 = CARTESIAN_POINT('',(271.31881788853,164.47316561343,
    4.694101182347));
#1060 = CARTESIAN_POINT('',(272.1228889483,163.42461915778,
    2.759680413918));
#1061 = CARTESIAN_POINT('',(272.92688219342,162.37525682144,
    0.825462660869));
#1062 = CARTESIAN_POINT('',(273.271449257,161.92598202702,
    -3.472967635771E-03));
#1063 = CARTESIAN_POINT('',(270.85914875672,164.99103080987,
    5.801280291088));
#1064 = CARTESIAN_POINT('',(271.31874504565,164.38446406455,
    4.695325185512));
#1065 = CARTESIAN_POINT('',(272.1228216841,163.32180226662,
    2.760463788996));
#1066 = CARTESIAN_POINT('',(272.92681924783,162.25833146488,
    0.825808631643));
#1067 = CARTESIAN_POINT('',(273.27138869989,161.80300716457,
    -3.315604424418E-03));
#1068 = CARTESIAN_POINT('',(270.85906954681,164.91143098269,
    5.80273957465));
#1069 = CARTESIAN_POINT('',(271.31866953107,164.29695862701,
    4.696534348757));
#1070 = CARTESIAN_POINT('',(272.12275162147,163.22046798004,
    2.761237793406));
#1071 = CARTESIAN_POINT('',(272.92675345416,162.14317577857,
    0.826150513941));
#1072 = CARTESIAN_POINT('',(273.27132535495,161.68192468623,
    -3.160248795959E-03));
#1073 = CARTESIAN_POINT('',(270.8589975181,164.83290909648,
    5.804180326081));
#1074 = CARTESIAN_POINT('',(271.31860101359,164.21069862783,
    4.697728463061));
#1075 = CARTESIAN_POINT('',(272.12268848324,163.12067295828,
    2.762002229531));
#1076 = CARTESIAN_POINT('',(272.92669462613,162.02985251143,
    0.826488048665));
#1077 = CARTESIAN_POINT('',(273.27126884841,161.56280098182,
    -3.006680177482E-03));
#1078 = CARTESIAN_POINT('',(270.85893247654,164.77481430905,
    5.805246604757));
#1079 = CARTESIAN_POINT('',(271.31853855055,164.1469295205,4.69861222326
    ));
#1080 = CARTESIAN_POINT('',(272.12262990314,163.04697848358,
    2.762568160042));
#1081 = CARTESIAN_POINT('',(272.92663916157,161.94623938573,
    0.826738133091));
#1082 = CARTESIAN_POINT('',(273.27121534958,161.47493384136,
    -2.893329366739E-03));
#1083 = CARTESIAN_POINT('',(270.85890624915,164.73646677441,
    5.805951424169));
#1084 = CARTESIAN_POINT('',(271.31851390247,164.10485360708,
    4.699196707219));
#1085 = CARTESIAN_POINT('',(272.1226079058,162.99838205159,
    2.762942362286));
#1086 = CARTESIAN_POINT('',(272.92661939165,161.89112478614,
    0.826903192295));
#1087 = CARTESIAN_POINT('',(273.27119656225,161.4170254334,
    -2.817940326698E-03));
#1088 = CARTESIAN_POINT('',(270.85889359759,164.71736414486,
    5.806302611966));
#1089 = CARTESIAN_POINT('',(271.31850202825,164.08389784467,
    4.699487957722));
#1090 = CARTESIAN_POINT('',(272.12259735213,162.97418542698,
    2.76312883381));
#1091 = CARTESIAN_POINT('',(272.92660995475,161.86368843384,
    0.826985436139));
#1092 = CARTESIAN_POINT('',(273.2711876087,161.38820051843,
    -2.780363589959E-03));
#1093 = CARTESIAN_POINT('',(270.85888339515,164.70308878368,
    5.806565078124));
#1094 = CARTESIAN_POINT('',(271.31849240514,164.06824100776,
    4.699705630593));
#1095 = CARTESIAN_POINT('',(272.12258870966,162.95611257856,
    2.763268209317));
#1096 = CARTESIAN_POINT('',(272.92660214256,161.84320053098,
    0.827046920705));
#1097 = CARTESIAN_POINT('',(273.27118017365,161.36667743429,
    -2.752299123252E-03));
#1098 = CARTESIAN_POINT('',(270.85887762882,164.6935960923,
    5.806739671798));
#1099 = CARTESIAN_POINT('',(271.3184870164,164.05783080126,4.6998504469)
  );
#1100 = CARTESIAN_POINT('',(272.1225839783,162.94409783007,
    2.763360930213));
#1101 = CARTESIAN_POINT('',(272.92659797375,161.82958175138,
    0.827087805859));
#1102 = CARTESIAN_POINT('',(273.27117623656,161.35237121513,
    -2.733602148564E-03));
#1103 = CARTESIAN_POINT('',(270.85887394464,164.68727387288,
    5.806855964774));
#1104 = CARTESIAN_POINT('',(271.31848358226,164.050897835,4.699946909395
    ));
#1105 = CARTESIAN_POINT('',(272.12258098271,162.936096807,2.763422691421
    ));
#1106 = CARTESIAN_POINT('',(272.92659535453,161.82051299326,
    0.827115036634));
#1107 = CARTESIAN_POINT('',(273.27117376883,161.34284487415,
    -2.721144072146E-03));
#1108 = CARTESIAN_POINT('',(270.85885362813,164.65728019764,
    5.807407611745));
#1109 = CARTESIAN_POINT('',(271.31846446239,164.0180098687,
    4.700404459075));
#1110 = CARTESIAN_POINT('',(272.12256392519,162.89814726116,
    2.763715668255));
#1111 = CARTESIAN_POINT('',(272.92658005904,161.77750376753,
    0.827244259739));
#1112 = CARTESIAN_POINT('',(273.27115924786,161.29766700636,
    -2.662124814198E-03));
#1113 = CARTESIAN_POINT('',(270.85879158172,164.60401328218,
    5.808386764385));
#1114 = CARTESIAN_POINT('',(271.31840462918,163.95963630681,
    4.701216339331));
#1115 = CARTESIAN_POINT('',(272.12250758585,162.83084201475,
    2.764235770416));
#1116 = CARTESIAN_POINT('',(272.92652663722,161.70127363956,
    0.827474102519));
#1117 = CARTESIAN_POINT('',(273.27110771427,161.21760888743,
    -2.558069207345E-03));
#1118 = CARTESIAN_POINT('',(270.85872289103,164.53001998071,
    5.809748790326));
#1119 = CARTESIAN_POINT('',(271.3183387945,163.8786174916,4.702346216335
    ));
#1120 = CARTESIAN_POINT('',(272.12244666829,162.73753696127,
    2.764959609554));
#1121 = CARTESIAN_POINT('',(272.92646999485,161.59568987782,
    0.827793667266));
#1122 = CARTESIAN_POINT('',(273.27105339376,161.10676043741,
    -2.412810720925E-03));
#1123 = CARTESIAN_POINT('',(270.85864567587,164.45720719038,
    5.811089982653));
#1124 = CARTESIAN_POINT('',(271.31826430605,163.79896807428,
    4.703458984695));
#1125 = CARTESIAN_POINT('',(272.12237692077,162.64593187376,
    2.765672719582));
#1126 = CARTESIAN_POINT('',(272.92640443884,161.49213809832,
    0.828108647992));
#1127 = CARTESIAN_POINT('',(273.27099034667,160.99808534591,
    -2.270001639552E-03));
#1128 = CARTESIAN_POINT('',(270.85857654513,164.38563368195,
    5.812409940424));
#1129 = CARTESIAN_POINT('',(271.31819767753,163.72075049416,
    4.704554559662));
#1130 = CARTESIAN_POINT('',(272.12231494974,162.55609652175,
    2.766374939824));
#1131 = CARTESIAN_POINT('',(272.92634672777,161.39069331914,
    0.828418691914));
#1132 = CARTESIAN_POINT('',(273.27093501528,160.89166258438,
    -2.129224921982E-03));
#1133 = CARTESIAN_POINT('',(270.85851013403,164.32701388414,
    5.813491793943));
#1134 = CARTESIAN_POINT('',(271.31813324093,163.65675838554,
    4.705452665776));
#1135 = CARTESIAN_POINT('',(272.12225423304,162.48271064963,
    2.766950821001));
#1136 = CARTESIAN_POINT('',(272.92628948602,161.30792210291,
    0.828673109746));
#1137 = CARTESIAN_POINT('',(273.27087994979,160.80486606065,
    -2.014074338436E-03));
#1138 = CARTESIAN_POINT('',(270.85847434214,164.28079003607,
    5.814346251919));
#1139 = CARTESIAN_POINT('',(271.31809883787,163.60633673319,
    4.706162420453));
#1140 = CARTESIAN_POINT('',(272.12222283731,162.42495027026,
    2.767405915766));
#1141 = CARTESIAN_POINT('',(272.92626102681,161.24282777529,
    0.828873881514));
#1142 = CARTESIAN_POINT('',(273.27085291624,160.73662793629,
    -1.922642384802E-03));
#1143 = CARTESIAN_POINT('',(270.85843790908,164.23499497951,
    5.81519325165));
#1144 = CARTESIAN_POINT('',(271.31806372989,163.55641163574,
    4.706866099316));
#1145 = CARTESIAN_POINT('',(272.12219068701,162.36780520029,
    2.767857195938));
#1146 = CARTESIAN_POINT('',(272.9262318117,161.17846775327,
    0.829072983122));
#1147 = CARTESIAN_POINT('',(273.27082515093,160.66917504018,
    -1.83201707706E-03));
#1148 = CARTESIAN_POINT('',(270.85837537923,164.17853286815,
    5.816237833992));
#1149 = CARTESIAN_POINT('',(271.3180028181,163.49491581349,
    4.707733941494));
#1150 = CARTESIAN_POINT('',(272.12213328772,162.29750938031,
    2.768414027228));
#1151 = CARTESIAN_POINT('',(272.92617794412,161.09938065886,
    0.829318938532));
#1152 = CARTESIAN_POINT('',(273.27077344362,160.58631759359,
    -1.720703283893E-03));
#1153 = CARTESIAN_POINT('',(270.8583144759,164.12318222713,5.8172632288)
  );
#1154 = CARTESIAN_POINT('',(271.31794334455,163.43470597824,
    4.708586220015));
#1155 = CARTESIAN_POINT('',(272.12207721655,162.22880560737,
    2.768961082584));
#1156 = CARTESIAN_POINT('',(272.9261254403,161.02219192237,
    0.829560558752));
#1157 = CARTESIAN_POINT('',(273.27072310429,160.50548992759,
    -1.611369252788E-03));
#1158 = CARTESIAN_POINT('',(270.85828259286,164.08505110286,
    5.817970768672));
#1159 = CARTESIAN_POINT('',(271.31791230617,163.39326655783,
    4.709174658869));
#1160 = CARTESIAN_POINT('',(272.12204855665,162.18158431902,
    2.769338838754));
#1161 = CARTESIAN_POINT('',(272.92609938568,160.96919397022,
    0.829727233925));
#1162 = CARTESIAN_POINT('',(273.27069838132,160.45001555944,
    -1.535614590122E-03));
#1163 = CARTESIAN_POINT('',(270.85826776551,164.06343969227,
    5.818372126209));
#1164 = CARTESIAN_POINT('',(271.31789791441,163.36979155369,
    4.709508563951));
#1165 = CARTESIAN_POINT('',(272.12203552466,162.15485267421,
    2.769553208174));
#1166 = CARTESIAN_POINT('',(272.92608787669,160.93920831521,
    0.82982176471));
#1167 = CARTESIAN_POINT('',(273.27068757522,160.41863526053,
    -1.492542249119E-03));
#1168 = CARTESIAN_POINT('',(270.85824499149,164.03119360678,
    5.818971186765));
#1169 = CARTESIAN_POINT('',(271.31787576727,163.33477718865,
    4.710007001691));
#1170 = CARTESIAN_POINT('',(272.12201539523,162.11500086284,
    2.769873251833));
#1171 = CARTESIAN_POINT('',(272.92607003273,160.8945231506,
    0.829962904052));
#1172 = CARTESIAN_POINT('',(273.27067080236,160.37187850258,
    -1.428261417382E-03));
#1173 = CARTESIAN_POINT('',(270.8581853437,163.98342344992,5.81985850026
    ));
#1174 = CARTESIAN_POINT('',(271.31781708416,163.2829574798,
    4.710745162233));
#1175 = CARTESIAN_POINT('',(272.12195952197,162.0561040319,
    2.770347550054));
#1176 = CARTESIAN_POINT('',(272.92601739204,160.82855881305,
    0.830172483644));
#1177 = CARTESIAN_POINT('',(273.27062027774,160.30288248905,
    -1.333735613802E-03));
#1178 = CARTESIAN_POINT('',(270.85812012113,163.92116735658,
    5.821017292598));
#1179 = CARTESIAN_POINT('',(271.31775282076,163.21552349317,
    4.71170991535));
#1180 = CARTESIAN_POINT('',(272.12189892898,161.97962316359,
    2.770967704173));
#1181 = CARTESIAN_POINT('',(272.92596129146,160.74304284506,
    0.830446299314));
#1182 = CARTESIAN_POINT('',(273.27056678946,160.21349207739,
    -1.209848189419E-03));
#1183 = CARTESIAN_POINT('',(270.85805360073,163.86034505155,
    5.822151321082));
#1184 = CARTESIAN_POINT('',(271.31768700113,163.14974942268,
    4.712654638806));
#1185 = CARTESIAN_POINT('',(272.12183660841,161.90519883104,
    2.771575393528));
#1186 = CARTESIAN_POINT('',(272.92590352678,160.65998102304,
    0.830714648893));
#1187 = CARTESIAN_POINT('',(273.27051173359,160.12672608161,
    -1.08858386278E-03));
#1188 = CARTESIAN_POINT('',(270.85799217511,163.81086724704,
    5.823075341994));
#1189 = CARTESIAN_POINT('',(271.31762595693,163.09633718198,
    4.713424881804));
#1190 = CARTESIAN_POINT('',(272.12177830363,161.84491466071,
    2.772071265416));
#1191 = CARTESIAN_POINT('',(272.92584904599,160.59283706798,
    0.830933728679));
#1192 = CARTESIAN_POINT('',(273.27045969095,160.05663966212,
    -9.898863159612E-04));
#1193 = CARTESIAN_POINT('',(270.85796101277,163.77206455529,
    5.823801811074));
#1194 = CARTESIAN_POINT('',(271.31759485379,163.05450356975,
    4.714031065582));
#1195 = CARTESIAN_POINT('',(272.12174940437,161.79778913817,
    2.772461646837));
#1196 = CARTESIAN_POINT('',(272.92582341357,160.5404276617,
    0.831105929702));
#1197 = CARTESIAN_POINT('',(273.27043571668,160.00196543429,
    -9.117466055755E-04));
#1198 = CARTESIAN_POINT('',(270.85793853771,163.74812012838,
    5.824250469555));
#1199 = CARTESIAN_POINT('',(271.31757236715,163.02871416033,
    4.714405558345));
#1200 = CARTESIAN_POINT('',(272.12172823971,161.76877872833,
    2.772702952824));
#1201 = CARTESIAN_POINT('',(272.92580429175,160.5082018655,
    0.831212421952));
#1202 = CARTESIAN_POINT('',(273.27041770864,159.96836114734,
    -8.635510788437E-04));
#1203 = CARTESIAN_POINT('',(270.85792517443,163.72916303142,
    5.824606158547));
#1204 = CARTESIAN_POINT('',(271.31755892986,163.00831074522,
    4.714702616746));
#1205 = CARTESIAN_POINT('',(272.12171586247,161.74585083616,
    2.772894403454));
#1206 = CARTESIAN_POINT('',(272.9257936045,160.48275356936,
    0.831296842349));
#1207 = CARTESIAN_POINT('',(273.27040783898,159.94183275097,
    -8.2519933874E-04));
#1208 = CARTESIAN_POINT('',(270.85791171345,163.71033263103,
    5.824959671382));
#1209 = CARTESIAN_POINT('',(271.31754536818,162.98805398723,
    4.714997927039));
#1210 = CARTESIAN_POINT('',(272.12170334421,161.72310463563,
    2.773084777639));
#1211 = CARTESIAN_POINT('',(272.92578278745,160.4575221127,
    0.831380790825));
#1212 = CARTESIAN_POINT('',(273.27039785069,159.91553625175,
    -7.870748533736E-04));
#1213 = CARTESIAN_POINT('',(270.85789001687,163.68702414156,
    5.825397452692));
#1214 = CARTESIAN_POINT('',(271.31752351984,162.96300027945,
    4.715363699888));
#1215 = CARTESIAN_POINT('',(272.12168274202,161.69500509944,
    2.773320705702));
#1216 = CARTESIAN_POINT('',(272.92576429507,160.42638277034,
    0.831484904577));
#1217 = CARTESIAN_POINT('',(273.27038050385,159.88309376509,
    -7.399800474515E-04));
#1218 = CARTESIAN_POINT('',(270.85786600302,163.65944350769,
    5.825916193108));
#1219 = CARTESIAN_POINT('',(271.31749922695,162.93338596393,
    4.715797371022));
#1220 = CARTESIAN_POINT('',(272.12165990545,161.66184226358,
    2.773600578769));
#1221 = CARTESIAN_POINT('',(272.92574404853,160.38967872865,
    0.831608384862));
#1222 = CARTESIAN_POINT('',(273.27036162513,159.8448718277,
    -6.840873365452E-04));
#1223 = CARTESIAN_POINT('',(270.85784228392,163.63225239833,
    5.826428281838));
#1224 = CARTESIAN_POINT('',(271.3174751378,162.90422231712,
    4.716225725877));
#1225 = CARTESIAN_POINT('',(272.12163722193,161.62923748289,
    2.773877194021));
#1226 = CARTESIAN_POINT('',(272.9257240028,160.35364045191,
    0.831730429059));
#1227 = CARTESIAN_POINT('',(273.27034297534,159.8073618613,
    -6.288677367543E-04));
#1228 = CARTESIAN_POINT('',(270.85782083163,163.60991676482,
    5.826849432937));
#1229 = CARTESIAN_POINT('',(271.31745330871,162.88029433965,
    4.716578200851));
#1230 = CARTESIAN_POINT('',(272.12161650942,161.60253214154,
    2.774104976851));
#1231 = CARTESIAN_POINT('',(272.92570551625,160.32416463412,
    0.831830958479));
#1232 = CARTESIAN_POINT('',(273.27032571368,159.77669839873,
    -5.834701723662E-04));
#1233 = CARTESIAN_POINT('',(270.85780812934,163.59225469308,
    5.827182991981));
#1234 = CARTESIAN_POINT('',(271.31744023275,162.86138934388,
    4.716857563514));
#1235 = CARTESIAN_POINT('',(272.12160432361,161.58145986047,
    2.774285581649));
#1236 = CARTESIAN_POINT('',(272.92569517477,160.30093024539,
    0.831910602627));
#1237 = CARTESIAN_POINT('',(273.27031628833,159.75253758284,
    -5.473678590171E-04));
#1238 = CARTESIAN_POINT('',(270.85778832363,163.56595875016,
    5.827679941613));
#1239 = CARTESIAN_POINT('',(271.31741982114,162.83326025086,
    4.717273897833));
#1240 = CARTESIAN_POINT('',(272.12158521408,161.55013467101,
    2.774554846838));
#1241 = CARTESIAN_POINT('',(272.92567885418,160.26641703004,
    0.832029359222));
#1242 = CARTESIAN_POINT('',(273.27030137626,159.71665830052,
    -4.935799876704E-04));
#1243 = CARTESIAN_POINT('',(270.85773137288,163.52720998915,
    5.828412540917));
#1244 = CARTESIAN_POINT('',(271.31736191851,162.79188011612,
    4.717887810219));
#1245 = CARTESIAN_POINT('',(272.12152900058,161.50416685338,
    2.774952489602));
#1246 = CARTESIAN_POINT('',(272.92562671507,160.2158777369,
    0.832205155758));
#1247 = CARTESIAN_POINT('',(273.27025193677,159.66415768444,
    -4.149726496245E-04));
#1248 = CARTESIAN_POINT('',(270.85767346567,163.47720203624,
    5.829361832487));
#1249 = CARTESIAN_POINT('',(271.31730220585,162.73861788694,
    4.718684817669));
#1250 = CARTESIAN_POINT('',(272.12147138213,161.44523546044,
    2.775469604876));
#1251 = CARTESIAN_POINT('',(272.9255749593,160.15129867812,
    0.832433551367));
#1252 = CARTESIAN_POINT('',(273.27020364213,159.59715719724,
    -3.124142207978E-04));
#1253 = CARTESIAN_POINT('',(270.85760716737,163.42882645224,
    5.830283183989));
#1254 = CARTESIAN_POINT('',(271.3172336643,162.68724706586,
    4.719459678221));
#1255 = CARTESIAN_POINT('',(272.12140459803,161.38865044863,
    2.775973578013));
#1256 = CARTESIAN_POINT('',(272.92551431012,160.08952438367,
    0.83265632311));
#1257 = CARTESIAN_POINT('',(273.27014684353,159.53315736288,
    -2.12870452267E-04));
#1258 = CARTESIAN_POINT('',(270.8575490705,163.38214187195,
    5.831176308278));
#1259 = CARTESIAN_POINT('',(271.3171727465,162.6378297673,4.720212532908
    ));
#1260 = CARTESIAN_POINT('',(272.12134515539,161.3344811428,
    2.776464563223));
#1261 = CARTESIAN_POINT('',(272.92546147487,160.03062983971,
    0.832873309849));
#1262 = CARTESIAN_POINT('',(273.27009798387,159.47223718385,
    -1.158575182423E-04));
#1263 = CARTESIAN_POINT('',(270.85749109094,163.34463749184,
    5.831896746471));
#1264 = CARTESIAN_POINT('',(271.31711197227,162.59827066658,
    4.720821233387));
#1265 = CARTESIAN_POINT('',(272.12128524116,161.29135314187,
    2.776862970505));
#1266 = CARTESIAN_POINT('',(272.92540739672,159.98395920375,
    0.833049604669));
#1267 = CARTESIAN_POINT('',(273.27004767308,159.42404726903,
    -3.757915651192E-05));
#1268 = CARTESIAN_POINT('',(270.85746325771,163.31553393446,
    5.832458727965));
#1269 = CARTESIAN_POINT('',(271.31708146997,162.56765806595,
    4.72129737536));
#1270 = CARTESIAN_POINT('',(272.12125530786,161.2581236426,
    2.777175475607));
#1271 = CARTESIAN_POINT('',(272.92538257301,159.94813365062,
    0.833187687334));
#1272 = CARTESIAN_POINT('',(273.27002572082,159.38711024201,
    2.422489523646E-05));
#1273 = CARTESIAN_POINT('',(270.85744086895,163.29413863131,
    5.832872966045));
#1274 = CARTESIAN_POINT('',(271.31705690983,162.54519915132,
    4.721648900239));
#1275 = CARTESIAN_POINT('',(272.12123104369,161.23382203384,
    2.777406750122));
#1276 = CARTESIAN_POINT('',(272.92536229025,159.92200628703,
    0.833289938611));
#1277 = CARTESIAN_POINT('',(273.27000773128,159.36020125669,
    6.986441223678E-05));
#1278 = CARTESIAN_POINT('',(270.85741858204,163.27318212178,
    5.83327993092));
#1279 = CARTESIAN_POINT('',(271.31703226175,162.52324762702,
    4.721994878822));
#1280 = CARTESIAN_POINT('',(272.12120655793,161.21014866709,
    2.777634980114));
#1281 = CARTESIAN_POINT('',(272.9253419639,159.89662924548,
    0.833390888352));
#1282 = CARTESIAN_POINT('',(273.26998981958,159.33409508811,
    1.14845535689E-04));
#1283 = CARTESIAN_POINT('',(270.85739782312,163.25267046439,
    5.833679600167));
#1284 = CARTESIAN_POINT('',(271.31700893124,162.5018099769,4.72233535027
    ));
#1285 = CARTESIAN_POINT('',(272.12118324985,161.18711088948,
    2.777860237233));
#1286 = CARTESIAN_POINT('',(272.92532302195,159.87201070453,
    0.833490556876));
#1287 = CARTESIAN_POINT('',(273.26997340141,159.30880042201,
    1.592209614736E-04));
#1288 = CARTESIAN_POINT('',(270.85737925824,163.23761480244,
    5.833973850274));
#1289 = CARTESIAN_POINT('',(271.31698829142,162.48611205882,
    4.722586521623));
#1290 = CARTESIAN_POINT('',(272.12116248646,161.1703047974,
    2.778026992539));
#1291 = CARTESIAN_POINT('',(272.92530567069,159.85411245915,
    0.833564432156));
#1292 = CARTESIAN_POINT('',(273.26995811284,159.29043502063,
    1.919378665116E-04));
#1293 = CARTESIAN_POINT('',(270.85737157629,163.22772693952,
    5.834167736092));
#1294 = CARTESIAN_POINT('',(271.31697912826,162.47581775376,
    4.722752334101));
#1295 = CARTESIAN_POINT('',(272.12115320954,161.15931027805,
    2.778137303785));
#1296 = CARTESIAN_POINT('',(272.92529877908,159.84242838651,
    0.833613260337));
#1297 = CARTESIAN_POINT('',(273.26995256341,159.278456529,
    2.136918165858E-04));
#1298 = CARTESIAN_POINT('',(270.85736645883,163.2211724793,
    5.834296380971));
#1299 = CARTESIAN_POINT('',(271.31697300359,162.46899817349,
    4.722862419854));
#1300 = CARTESIAN_POINT('',(272.12114699324,161.15203418935,
    2.778210612787));
#1301 = CARTESIAN_POINT('',(272.92529417323,159.83470304201,
    0.833645716638));
#1302 = CARTESIAN_POINT('',(273.26994886695,159.27053940519,
    2.281432529103E-04));
#1303 = CARTESIAN_POINT('',(270.85735113549,163.20330001616,
    5.834647623758));
#1304 = CARTESIAN_POINT('',(271.31695483408,162.45042080175,
    4.723163258348));
#1305 = CARTESIAN_POINT('',(272.12112849724,161.13224397978,
    2.778411262485));
#1306 = CARTESIAN_POINT('',(272.9252801819,159.81372070743,
    0.833734598647));
#1307 = CARTESIAN_POINT('',(273.2699374621,159.24904823382,
    2.676388355414E-04));
#1308 = CARTESIAN_POINT('',(270.85730131942,163.18115330389,
    5.835083834745));
#1309 = CARTESIAN_POINT('',(271.31690119464,162.4274805651,
    4.723537703085));
#1310 = CARTESIAN_POINT('',(272.12107397296,161.10794127704,
    2.778662572194));
#1311 = CARTESIAN_POINT('',(272.92523153659,159.78808820177,
    0.833846481535));
#1312 = CARTESIAN_POINT('',(273.26989294385,159.22284623931,
    3.161446298581E-04));
#1313 = CARTESIAN_POINT('',(270.85728091937,163.16138336163,
    5.835476976777));
#1314 = CARTESIAN_POINT('',(271.31687663056,162.40708885726,
    4.723877160663));
#1315 = CARTESIAN_POINT('',(272.12104829983,161.08648892051,
    2.778892107161));
#1316 = CARTESIAN_POINT('',(272.92521203936,159.7656064022,
    0.833948544001));
#1317 = CARTESIAN_POINT('',(273.26987720254,159.19992659534,
    3.610518316419E-04));
#1318 = CARTESIAN_POINT('',(270.85727277819,163.15240548356,
    5.835656126093));
#1319 = CARTESIAN_POINT('',(271.31686646123,162.39784638052,
    4.724032211932));
#1320 = CARTESIAN_POINT('',(272.12103753006,161.07679647122,
    2.778997356714));
#1321 = CARTESIAN_POINT('',(272.92520424027,159.755479086,0.833995380542
    ));
#1322 = CARTESIAN_POINT('',(273.26987120141,159.18961472006,
    3.816567848007E-04));
#1323 = CARTESIAN_POINT('',(270.85726967888,163.14868935125,
    5.835730388438));
#1324 = CARTESIAN_POINT('',(271.31686249837,162.39402372999,
    4.724096548732));
#1325 = CARTESIAN_POINT('',(272.12103330217,161.07279293479,
    2.779041098607));
#1326 = CARTESIAN_POINT('',(272.92520127133,159.75130106939,
    0.834014851386));
#1327 = CARTESIAN_POINT('',(273.26986899133,159.18536273491,
    3.902247558538E-04));
#1328 = CARTESIAN_POINT('',(270.85726731385,163.14573114224,
    5.835789568284));
#1329 = CARTESIAN_POINT('',(271.31685943151,162.39098255009,
    4.724147857156));
#1330 = CARTESIAN_POINT('',(272.12103001365,161.06961101337,
    2.779076026408));
#1331 = CARTESIAN_POINT('',(272.92519900247,159.74798360843,
    0.834030403374));
#1332 = CARTESIAN_POINT('',(273.26986733687,159.18198785964,
    3.970672878957E-04));
#1333 = CARTESIAN_POINT('',(270.85726497809,163.14278264848,
    5.835848594637));
#1334 = CARTESIAN_POINT('',(271.31685638678,162.38795258373,
    4.724199057649));
#1335 = CARTESIAN_POINT('',(272.12102674049,161.06644295219,
    2.779110910683));
#1336 = CARTESIAN_POINT('',(272.92519675706,159.7446827121,
    0.834045939701));
#1337 = CARTESIAN_POINT('',(273.26986571165,159.17863072249,
    4.039006191014E-04));
#1338 = CARTESIAN_POINT('',(270.85725804453,163.13471317812,
    5.836010282301));
#1339 = CARTESIAN_POINT('',(271.31684747712,162.37966526702,
    4.724339404677));
#1340 = CARTESIAN_POINT('',(272.12101717044,161.05778679845,
    2.779206663626));
#1341 = CARTESIAN_POINT('',(272.92519004236,159.73567250192,
    0.834088609711));
#1342 = CARTESIAN_POINT('',(273.26986073858,159.16947067408,
    4.226365840063E-04));
#1343 = CARTESIAN_POINT('',(270.85723819024,163.12170998918,
    5.836271382188));
#1344 = CARTESIAN_POINT('',(271.31682427303,162.36633965965,
    4.724566498764));
#1345 = CARTESIAN_POINT('',(272.12099267429,161.04391730573,
    2.779362371699));
#1346 = CARTESIAN_POINT('',(272.92517033834,159.72128572725,
    0.834158211214));
#1347 = CARTESIAN_POINT('',(273.26984418899,159.15486487899,
    4.528266464403E-04));
#1348 = CARTESIAN_POINT('',(270.85721510669,163.09924098859,
    5.83672579571));
#1349 = CARTESIAN_POINT('',(271.3167946628,162.34339375086,
    4.724963680624));
#1350 = CARTESIAN_POINT('',(272.12096028815,161.02017515113,
    2.77963691773));
#1351 = CARTESIAN_POINT('',(272.92514714358,159.69679790876,
    0.834281131413));
#1352 = CARTESIAN_POINT('',(273.26982687472,159.13006426408,
    5.063143504138E-04));
#1353 = CARTESIAN_POINT('',(270.85715884959,163.07765034236,
    5.837165450369));
#1354 = CARTESIAN_POINT('',(271.31673123021,162.32147290654,
    4.725350435959));
#1355 = CARTESIAN_POINT('',(272.1208929514,160.9977152928,2.779908426038
    ));
#1356 = CARTESIAN_POINT('',(272.92508971439,159.67386138139,
    0.834403787295));
#1357 = CARTESIAN_POINT('',(273.2697767774,159.1069292027,
    5.581315290204E-04));
#1358 = CARTESIAN_POINT('',(270.85713534784,163.0570787296,
    5.837590720053));
#1359 = CARTESIAN_POINT('',(271.31669936802,162.30071711664,
    4.72572853067));
#1360 = CARTESIAN_POINT('',(272.12085604896,160.97667991832,
    2.780178822233));
#1361 = CARTESIAN_POINT('',(272.92506414943,159.65261557034,
    0.834526560387));
#1362 = CARTESIAN_POINT('',(273.26975911889,159.0856044262,
    6.106027640107E-04));
#1363 = CARTESIAN_POINT('',(270.85711492982,163.04585397161,
    5.83782453329));
#1364 = CARTESIAN_POINT('',(271.3166738652,162.28944430436,
    4.725937807045));
#1365 = CARTESIAN_POINT('',(272.12082707708,160.96534735929,
    2.780330851282));
#1366 = CARTESIAN_POINT('',(272.9250419947,159.64126758696,
    0.834596196696));
#1367 = CARTESIAN_POINT('',(273.26974206663,159.07425683511,
    6.398938751637E-04));
#1368 = CARTESIAN_POINT('',(270.85710711022,163.03853332451,
    5.83797821084));
#1369 = CARTESIAN_POINT('',(271.31666242931,162.28211457604,
    4.726076132356));
#1370 = CARTESIAN_POINT('',(272.12081306411,160.95801852519,
    2.780432417142));
#1371 = CARTESIAN_POINT('',(272.92503279526,159.63397075837,
    0.834642916863));
#1372 = CARTESIAN_POINT('',(273.26973642511,159.06697955575,
    6.596405904076E-04));
#1373 = CARTESIAN_POINT('',(270.85710179977,163.03369311606,
    5.838080073757));
#1374 = CARTESIAN_POINT('',(271.3166546549,162.27727448793,4.72616801061
    ));
#1375 = CARTESIAN_POINT('',(272.12080348777,160.95318989147,
    2.780500195334));
#1376 = CARTESIAN_POINT('',(272.92502648891,159.62917494922,
    0.834674174946));
#1377 = CARTESIAN_POINT('',(273.26973256589,159.06220188925,
    6.728198125732E-04));
#1378 = CARTESIAN_POINT('',(270.85709102727,163.02532613786,
    5.838256790059));
#1379 = CARTESIAN_POINT('',(271.31663943382,162.26892397629,4.7263279043
    ));
#1380 = CARTESIAN_POINT('',(272.12078487606,160.94488793161,
    2.780619022126));
#1381 = CARTESIAN_POINT('',(272.92501375436,159.62096079059,
    0.834729215711));
#1382 = CARTESIAN_POINT('',(273.26972434243,159.05403291236,
    6.958973868181E-04));
#1383 = CARTESIAN_POINT('',(270.85707101996,163.01366892884,
    5.838504864181));
#1384 = CARTESIAN_POINT('',(271.31661265933,162.25733680577,
    4.726553863106));
#1385 = CARTESIAN_POINT('',(272.12075251347,160.93345157823,
    2.780789650264));
#1386 = CARTESIAN_POINT('',(272.92499024753,159.60973703538,
    0.83480902846));
#1387 = CARTESIAN_POINT('',(273.26970799725,159.04291243513,
    7.289658894556E-04));
#1388 = CARTESIAN_POINT('',(270.85705093243,163.00242026583,
    5.838747230189));
#1389 = CARTESIAN_POINT('',(271.3165851504,162.24622013184,
    4.726776944486));
#1390 = CARTESIAN_POINT('',(272.12071824846,160.92259420629,
    2.780962309276));
#1391 = CARTESIAN_POINT('',(272.92496554677,159.59920883004,
    0.834891053391));
#1392 = CARTESIAN_POINT('',(273.26969149399,159.0325405026,
    7.62592351204E-04));
#1393 = CARTESIAN_POINT('',(270.85704015976,162.99531356295,
    5.838902060266));
#1394 = CARTESIAN_POINT('',(271.31656918063,162.23922937847,
    4.726920761614));
#1395 = CARTESIAN_POINT('',(272.12069719885,160.91582469191,
    2.781076053026));
#1396 = CARTESIAN_POINT('',(272.92495109312,159.59271031645,
    0.834945887083));
#1397 = CARTESIAN_POINT('',(273.26968295568,159.02617017163,
    7.849537990365E-04));
#1398 = CARTESIAN_POINT('',(270.85703609041,162.99207397334,
    5.838973008825));
#1399 = CARTESIAN_POINT('',(271.3165626337,162.23604908905,
    4.726986938517));
#1400 = CARTESIAN_POINT('',(272.12068816185,160.91275661442,
    2.781128903782));
#1401 = CARTESIAN_POINT('',(272.92494517706,159.58977827569,
    0.834971539763));
#1402 = CARTESIAN_POINT('',(273.26967988964,159.02330250521,
    7.954058347783E-04));
#1403 = CARTESIAN_POINT('',(270.85703406628,162.99046194044,
    5.839008380689));
#1404 = CARTESIAN_POINT('',(271.31655935568,162.23446786831,
    4.727019985114));
#1405 = CARTESIAN_POINT('',(272.12068360795,160.91123351791,
    2.781155402263));
#1406 = CARTESIAN_POINT('',(272.92494219772,159.5883254101,
    0.834984439934));
#1407 = CARTESIAN_POINT('',(273.26967836314,159.02188286793,
    8.006541528403E-04));
#1408 = CARTESIAN_POINT('',(270.85703205991,162.98885768937,
    5.839043650569));
#1409 = CARTESIAN_POINT('',(271.31655608005,162.23289559122,
    4.727052991014));
#1410 = CARTESIAN_POINT('',(272.1206790248,160.90972138158,
    2.781181977005));
#1411 = CARTESIAN_POINT('',(272.92493920328,159.58688571858,
    0.834997416909));
#1412 = CARTESIAN_POINT('',(273.26967685004,159.02047745021,
    8.05926072792E-04));
#1413 = CARTESIAN_POINT('',(270.85702508382,162.98353547159,
    5.839160877389));
#1414 = CARTESIAN_POINT('',(271.31654482281,162.22768383577,
    4.727162873174));
#1415 = CARTESIAN_POINT('',(272.12066329857,160.90471680795,
    2.781270824541));
#1416 = CARTESIAN_POINT('',(272.92492881708,159.58213005012,
    0.835040946035));
#1417 = CARTESIAN_POINT('',(273.26967150625,159.01583951859,
    8.235720800096E-04));
#1418 = CARTESIAN_POINT('',(270.85700787332,162.97675211342,
    5.839311273277));
#1419 = CARTESIAN_POINT('',(271.31652178368,162.22106698646,
    4.727304825105));
#1420 = CARTESIAN_POINT('',(272.12063375452,160.89840853054,
    2.781387898788));
#1421 = CARTESIAN_POINT('',(272.92490643082,159.57618952533,
    0.835099238654));
#1422 = CARTESIAN_POINT('',(273.26965641417,159.01007232468,
    8.467606600644E-04));
#1423 = CARTESIAN_POINT('',(270.85699519605,162.96866965464,
    5.839493290393));
#1424 = CARTESIAN_POINT('',(271.31650130953,162.2132263325,
    4.727478749913));
#1425 = CARTESIAN_POINT('',(272.12060398613,160.891011376,2.781535669228
    ));
#1426 = CARTESIAN_POINT('',(272.92488594118,159.56931543892,
    0.835174628727));
#1427 = CARTESIAN_POINT('',(273.26964600343,159.00344695753,
    8.767518531778E-04));
#1428 = CARTESIAN_POINT('',(270.85698208033,162.96075337342,
    5.839673283197));
#1429 = CARTESIAN_POINT('',(271.31647998556,162.20557657699,
    4.727652176247));
#1430 = CARTESIAN_POINT('',(272.12057236401,160.8838472466,
    2.781686280542));
#1431 = CARTESIAN_POINT('',(272.92486382943,159.56272203272,
    0.835253006732));
#1432 = CARTESIAN_POINT('',(273.26963494085,158.997126272,
    9.077107727995E-04));
#1433 = CARTESIAN_POINT('',(270.85696309295,162.95403193369,
    5.83982816824));
#1434 = CARTESIAN_POINT('',(271.31645327467,162.19912094047,
    4.727803325279));
#1435 = CARTESIAN_POINT('',(272.12053513423,160.87787133568,
    2.781822327511));
#1436 = CARTESIAN_POINT('',(272.92483512414,159.55730881441,
    0.835326253967));
#1437 = CARTESIAN_POINT('',(273.26961747362,158.99198379677,
    9.361110611912E-04));
#1438 = CARTESIAN_POINT('',(270.85695338897,162.94844138251,
    5.839959222355));
#1439 = CARTESIAN_POINT('',(271.31643642953,162.19378099684,
    4.727932954236));
#1440 = CARTESIAN_POINT('',(272.12050798763,160.87298082313,
    2.781943046857));
#1441 = CARTESIAN_POINT('',(272.92481533724,159.55294414657,
    0.83539365554));
#1442 = CARTESIAN_POINT('',(273.26960858043,158.98787615856,
    9.622848500674E-04));
#1443 = CARTESIAN_POINT('',(270.85694832095,162.94567732033,
    5.840024411399));
#1444 = CARTESIAN_POINT('',(271.31642769052,162.19114682772,
    4.727997776767));
#1445 = CARTESIAN_POINT('',(272.12049381513,160.87057894984,
    2.782004285851));
#1446 = CARTESIAN_POINT('',(272.9248048269,159.5508140131,0.835428400516
    ));
#1447 = CARTESIAN_POINT('',(273.26960382215,158.98587960101,
    9.757332652214E-04));
#1448 = CARTESIAN_POINT('',(270.85694313392,162.94294470348,
    5.840089269825));
#1449 = CARTESIAN_POINT('',(271.31641872736,162.18854867982,
    4.728062626779));
#1450 = CARTESIAN_POINT('',(272.12047912031,160.86822062056,
    2.782066464233));
#1451 = CARTESIAN_POINT('',(272.92479376202,159.54873618445,0.8354642833
    ));
#1452 = CARTESIAN_POINT('',(273.26959883603,158.98394051924,
    9.895831813234E-04));
#1453 = CARTESIAN_POINT('',(270.85693645944,162.93934397455,
    5.840175318821));
#1454 = CARTESIAN_POINT('',(271.31640686914,162.18513331397,
    4.728149164103));
#1455 = CARTESIAN_POINT('',(272.12045920054,160.86513495483,
    2.782150713355));
#1456 = CARTESIAN_POINT('',(272.92477861284,159.54603605967,
    0.835513798402));
#1457 = CARTESIAN_POINT('',(273.26959225861,158.98143247101,
    1.008660403669E-03));
#1458 = CARTESIAN_POINT('',(270.856927779,162.93580288023,5.840260733268
    ));
#1459 = CARTESIAN_POINT('',(271.31639278448,162.18178673268,
    4.728235809143));
#1460 = CARTESIAN_POINT('',(272.12043637626,160.86213284506,
    2.782237105743));
#1461 = CARTESIAN_POINT('',(272.92476039339,159.54343690061,
    0.835566086462));
#1462 = CARTESIAN_POINT('',(273.26958341162,158.97903620181,
    1.02867947577E-03));
#1463 = CARTESIAN_POINT('',(270.85692162846,162.93276295327,
    5.84033495717));
#1464 = CARTESIAN_POINT('',(271.31638167412,162.17892485242,
    4.728311855209));
#1465 = CARTESIAN_POINT('',(272.12041697466,160.8595850467,
    2.782314854416));
#1466 = CARTESIAN_POINT('',(272.92474478429,159.54125616151,
    0.835614767196));
#1467 = CARTESIAN_POINT('',(273.26957677334,158.97704312114,
    1.047336418058E-03));
#1468 = CARTESIAN_POINT('',(270.85691852641,162.93125688814,
    5.840371943858));
#1469 = CARTESIAN_POINT('',(271.31637603339,162.1775097742,
    4.728349941803));
#1470 = CARTESIAN_POINT('',(272.12040701617,160.85833014026,
    2.782354302261));
#1471 = CARTESIAN_POINT('',(272.92473664047,159.54018837085,
    0.835639926762));
#1472 = CARTESIAN_POINT('',(273.26957333354,158.97607176639,
    1.056973443814E-03));
#1473 = CARTESIAN_POINT('',(270.85691684671,162.93040044793,
    5.840393044261));
#1474 = CARTESIAN_POINT('',(271.31637288522,162.17670588305,
    4.728371727184));
#1475 = CARTESIAN_POINT('',(272.12040135082,160.85761866559,
    2.782377013403));
#1476 = CARTESIAN_POINT('',(272.92473198649,159.53958482216,
    0.835654548939));
#1477 = CARTESIAN_POINT('',(273.26957143106,158.97552408438,
    1.062576697245E-03));
#1478 = CARTESIAN_POINT('',(270.85691248899,162.92826568947,
    5.840445736794));
#1479 = CARTESIAN_POINT('',(271.3163648279,162.17470343263,
    4.728426223109));
#1480 = CARTESIAN_POINT('',(272.1203869146,160.85584873412,
    2.782434077041));
#1481 = CARTESIAN_POINT('',(272.92472003072,159.5380863973,0.83569152865
    ));
#1482 = CARTESIAN_POINT('',(273.26956646818,158.97416659664,
    1.076741443236E-03));
#1483 = CARTESIAN_POINT('',(270.85690282126,162.92468310291,
    5.840534867234));
#1484 = CARTESIAN_POINT('',(271.31634865678,162.17135294943,
    4.728519106795));
#1485 = CARTESIAN_POINT('',(272.12035922774,160.852904802,2.782533298995
    ));
#1486 = CARTESIAN_POINT('',(272.92469617286,159.53561702961,
    0.835757713439));
#1487 = CARTESIAN_POINT('',(273.26955540517,158.97194657786,
    1.102013667308E-03));
#1488 = CARTESIAN_POINT('',(270.85689068136,162.91975628221,
    5.840659690139));
#1489 = CARTESIAN_POINT('',(271.31632668521,162.16677135401,
    4.728651235182));
#1490 = CARTESIAN_POINT('',(272.12031919057,160.8489248039,
    2.782679688241));
#1491 = CARTESIAN_POINT('',(272.92466007109,159.53233673155,
    0.835861443129));
#1492 = CARTESIAN_POINT('',(273.26953996852,158.96904502474,
    1.14179710451E-03));
#1493 = CARTESIAN_POINT('',(270.85687986775,162.91615409978,
    5.840752618833));
#1494 = CARTESIAN_POINT('',(271.31630795279,162.16344107444,
    4.728751287993));
#1495 = CARTESIAN_POINT('',(272.12028543026,160.84606599489,
    2.782794768057));
#1496 = CARTESIAN_POINT('',(272.92462754664,159.53002289692,
    0.835948985767));
#1497 = CARTESIAN_POINT('',(273.26952537275,158.96703711886,
    1.175547862319E-03));
#1498 = CARTESIAN_POINT('',(270.85687391736,162.91379527828,
    5.84081432675));
#1499 = CARTESIAN_POINT('',(271.31629644297,162.16126871176,
    4.728818561416));
#1500 = CARTESIAN_POINT('',(272.12026327091,160.84421628234,
    2.782873928261));
#1501 = CARTESIAN_POINT('',(272.92460513687,159.52854317629,
    0.836012523385));
#1502 = CARTESIAN_POINT('',(273.26951612194,158.96577154382,
    1.200292620425E-03));
#1503 = CARTESIAN_POINT('',(270.85686991737,162.91223339043,
    5.840855401717));
#1504 = CARTESIAN_POINT('',(271.31628865998,162.15983250925,
    4.728863569028));
#1505 = CARTESIAN_POINT('',(272.1202482186,160.84299740339,
    2.782927363837));
#1506 = CARTESIAN_POINT('',(272.92458959219,159.52757262553,
    0.836056367613));
#1507 = CARTESIAN_POINT('',(273.2695096974,158.96494655037,
    1.217429410131E-03));
#1508 = CARTESIAN_POINT('',(270.85686450054,162.91030034067,
    5.840906629887));
#1509 = CARTESIAN_POINT('',(271.31627836572,162.15805913678,
    4.72892014163));
#1510 = CARTESIAN_POINT('',(272.12022851761,160.84149985139,
    2.782995423491));
#1511 = CARTESIAN_POINT('',(272.9245686015,159.52638838983,
    0.836114138046));
#1512 = CARTESIAN_POINT('',(273.26950079832,158.9639496396,
    1.240130447948E-03));
#1513 = CARTESIAN_POINT('',(270.85685899641,162.90839397419,
    5.840957719534));
#1514 = CARTESIAN_POINT('',(271.31626776089,162.15631577216,
    4.728977208458));
#1515 = CARTESIAN_POINT('',(272.12020809128,160.84003789683,
    2.783065228786));
#1516 = CARTESIAN_POINT('',(272.92454578335,159.52524271333,
    0.836176419768));
#1517 = CARTESIAN_POINT('',(273.26949108791,158.96299893289,
    1.264852288184E-03));
#1518 = CARTESIAN_POINT('',(270.85685526773,162.90707387038,
    5.840993417968));
#1519 = CARTESIAN_POINT('',(271.31626032897,162.15511145124,
    4.729017461186));
#1520 = CARTESIAN_POINT('',(272.12019357961,160.83903354532,
    2.783115029738));
#1521 = CARTESIAN_POINT('',(272.924528885,159.52446072514,0.836222735692
    ));
#1522 = CARTESIAN_POINT('',(273.26948395573,158.9623577137,
    1.283420302317E-03));
#1523 = CARTESIAN_POINT('',(270.85685317746,162.90632363761,
    5.841013799902));
#1524 = CARTESIAN_POINT('',(271.31625608208,162.1544278502,4.72904055759
    ));
#1525 = CARTESIAN_POINT('',(272.12018523155,160.83846507612,
    2.783143756477));
#1526 = CARTESIAN_POINT('',(272.92451894639,159.52401949866,
    0.836250037169));
#1527 = CARTESIAN_POINT('',(273.26947977595,158.96199819532,
    1.294425565152E-03));
#1528 = CARTESIAN_POINT('',(270.85685001824,162.9052022772,
    5.841044356035));
#1529 = CARTESIAN_POINT('',(271.31624964644,162.15340690383,
    4.729075299912));
#1530 = CARTESIAN_POINT('',(272.12017258996,160.83761769798,
    2.783187115477));
#1531 = CARTESIAN_POINT('',(272.92450367931,159.52336311604,
    0.836291856306));
#1532 = CARTESIAN_POINT('',(273.26947333119,158.96146566364,
    1.311345023634E-03));
#1533 = CARTESIAN_POINT('',(270.85684469283,162.9035342339,
    5.841090128027));
#1534 = CARTESIAN_POINT('',(271.31623924876,162.15189122612,
    4.729127785388));
#1535 = CARTESIAN_POINT('',(272.12015268292,160.83636565745,
    2.783253162172));
#1536 = CARTESIAN_POINT('',(272.92447888776,159.52239792582,
    0.836357951528));
#1537 = CARTESIAN_POINT('',(273.26946249019,158.9606911503,
    1.338316991873E-03));
#1538 = CARTESIAN_POINT('',(270.85683781681,162.9013429289,
    5.841151049745));
#1539 = CARTESIAN_POINT('',(271.31622521321,162.14990653825,
    4.729198732929));
#1540 = CARTESIAN_POINT('',(272.12012562806,160.83473982399,
    2.78334335066));
#1541 = CARTESIAN_POINT('',(272.92444283465,159.52115313815,
    0.83645439662));
#1542 = CARTESIAN_POINT('',(273.26944670805,158.95971185441,
    1.378436269727E-03));
#1543 = CARTESIAN_POINT('',(270.8568316761,162.89954300019,
    5.841201744474));
#1544 = CARTESIAN_POINT('',(271.31621272401,162.14828146525,
    4.729258805281));
#1545 = CARTESIAN_POINT('',(272.12010210303,160.83342032646,
    2.783420196593));
#1546 = CARTESIAN_POINT('',(272.92440923861,159.52014792656,
    0.836542860909));
#1547 = CARTESIAN_POINT('',(273.26943155467,158.95893793343,
    1.41607839786E-03));
#1548 = CARTESIAN_POINT('',(270.85682702442,162.89811974972,
    5.841242269534));
#1549 = CARTESIAN_POINT('',(271.31620271856,162.14699950887,
    4.729307559128));
#1550 = CARTESIAN_POINT('',(272.12008325005,160.83238712997,
    2.783482591373));
#1551 = CARTESIAN_POINT('',(272.92438040813,159.51936251692,
    0.836619336881));
#1552 = CARTESIAN_POINT('',(273.26941848879,158.9583440206,
    1.449343630605E-03));
#1553 = CARTESIAN_POINT('',(270.85682346229,162.89706026616,
    5.841272650419));
#1554 = CARTESIAN_POINT('',(271.31619499142,162.14604665032,
    4.729344505225));
#1555 = CARTESIAN_POINT('',(272.12006890739,160.83162312058,
    2.783529807463));
#1556 = CARTESIAN_POINT('',(272.92435750439,159.51878204475,
    0.836679801458));
#1557 = CARTESIAN_POINT('',(273.26940793813,158.95791049939,
    1.476056977913E-03));
#1558 = CARTESIAN_POINT('',(270.85682043449,162.89618399782,
    5.841297959706));
#1559 = CARTESIAN_POINT('',(271.3161883559,162.14525972997,
    4.729375643737));
#1560 = CARTESIAN_POINT('',(272.12005680452,160.83099559664,
    2.783569466873));
#1561 = CARTESIAN_POINT('',(272.92433726393,159.51830509391,
    0.83673300484));
#1562 = CARTESIAN_POINT('',(273.26939844921,158.95755886126,
    1.499969042204E-03));
#1563 = CARTESIAN_POINT('',(270.85681805786,162.89548712295,
    5.841318204173));
#1564 = CARTESIAN_POINT('',(271.31618300206,162.14463459118,
    4.72940078878));
#1565 = CARTESIAN_POINT('',(272.12004712571,160.83049927892,
    2.783601353404));
#1566 = CARTESIAN_POINT('',(272.92432040098,159.51792748621,
    0.836777410463));
#1567 = CARTESIAN_POINT('',(273.26939046826,158.95728325955,
    1.520221616529E-03));
#1568 = CARTESIAN_POINT('',(270.8568156659,162.89479291974,
    5.841338447082));
#1569 = CARTESIAN_POINT('',(271.31617756931,162.14401228371,
    4.72942609765));
#1570 = CARTESIAN_POINT('',(272.12003740841,160.83000669641,
    2.783633334221));
#1571 = CARTESIAN_POINT('',(272.92430302315,159.51755233635,
    0.83682310105));
#1572 = CARTESIAN_POINT('',(273.26938216223,158.95701129591,
    1.541271030449E-03));
#1573 = CARTESIAN_POINT('',(270.85681255154,162.89392999048,
    5.841363748563));
#1574 = CARTESIAN_POINT('',(271.31617052917,162.14323950027,
    4.72945805559));
#1575 = CARTESIAN_POINT('',(272.12002510358,160.82939783127,
    2.783673464032));
#1576 = CARTESIAN_POINT('',(272.92428019736,159.51708765213,
    0.836882731941));
#1577 = CARTESIAN_POINT('',(273.26937103678,158.95667782394,
    1.569170419986E-03));
#1578 = CARTESIAN_POINT('',(270.85680879921,162.89290255449,
    5.841394110998));
#1579 = CARTESIAN_POINT('',(271.31616184346,162.14232058146,
    4.72949698164));
#1580 = CARTESIAN_POINT('',(272.12001030487,160.8286786856,
    2.783721780785));
#1581 = CARTESIAN_POINT('',(272.92425107865,159.51653652697,
    0.836958694671));
#1582 = CARTESIAN_POINT('',(273.26935653504,158.95628775888,
    1.605554792635E-03));
#1583 = CARTESIAN_POINT('',(270.85680499206,162.89188312325,
    5.841424477614));
#1584 = CARTESIAN_POINT('',(271.31615285568,162.14140990247,
    4.729536550338));
#1585 = CARTESIAN_POINT('',(272.11999547693,160.82797114829,
    2.783770153813));
#1586 = CARTESIAN_POINT('',(272.92422002754,159.51599110478,
    0.837039487921));
#1587 = CARTESIAN_POINT('',(273.26934066872,158.95590698612,
    1.645275611614E-03));
#1588 = CARTESIAN_POINT('',(270.85680174758,162.89104021915,
    5.841449789679));
#1589 = CARTESIAN_POINT('',(271.31614506449,162.14065771899,
    4.729570122471));
#1590 = CARTESIAN_POINT('',(272.11998311237,160.82739134613,
    2.783810407574));
#1591 = CARTESIAN_POINT('',(272.9241923623,159.51554062064,
    0.837111235524));
#1592 = CARTESIAN_POINT('',(273.26932610943,158.95559663213,
    1.681588720326E-03));
#1593 = CARTESIAN_POINT('',(270.85679951193,162.89045380584,
    5.841467513512));
#1594 = CARTESIAN_POINT('',(271.31613951118,162.1401347953,
    4.729593976003));
#1595 = CARTESIAN_POINT('',(272.11997455253,160.82699089326,
    2.783838490597));
#1596 = CARTESIAN_POINT('',(272.92417204124,159.51522713696,
    0.837164010922));
#1597 = CARTESIAN_POINT('',(273.26931517573,158.95538269298,
    1.708976064151E-03));
#1598 = CARTESIAN_POINT('',(270.85679823873,162.8901197355,
    5.841477643191));
#1599 = CARTESIAN_POINT('',(271.3161363014,162.13983699087,
    4.729607713339));
#1600 = CARTESIAN_POINT('',(272.11996968687,160.82676361627,
    2.783854500345));
#1601 = CARTESIAN_POINT('',(272.92416013635,159.5150484608,
    0.837194933939));
#1602 = CARTESIAN_POINT('',(273.26930869093,158.95526129515,
    1.725235643833E-03));
#1603 = CARTESIAN_POINT('',(270.856796329,162.88961964485,5.841492839598
    ));
#1604 = CARTESIAN_POINT('',(271.31613144492,162.13939128022,
    4.729628429118));
#1605 = CARTESIAN_POINT('',(272.11996241205,160.82642425585,
    2.783878471675));
#1606 = CARTESIAN_POINT('',(272.9241419746,159.51478086402,0.83724210304
    ));
#1607 = CARTESIAN_POINT('',(273.26929871217,158.95507999932,
    1.750260429341E-03));
#1608 = CARTESIAN_POINT('',(270.85679393419,162.88903884207,
    5.841510574078));
#1609 = CARTESIAN_POINT('',(271.31612548768,162.13887385624,
    4.72965292368));
#1610 = CARTESIAN_POINT('',(272.11995383309,160.8260325797,
    2.783906295427));
#1611 = CARTESIAN_POINT('',(272.92411970948,159.51446949147,
    0.837299476724));
#1612 = CARTESIAN_POINT('',(273.26928614352,158.9548703978,
    1.7813733198E-03));
#1613 = CARTESIAN_POINT('',(270.8567913293,162.88837938359,
    5.841530852646));
#1614 = CARTESIAN_POINT('',(271.3161186186,162.13828664217,
    4.729681425011));
#1615 = CARTESIAN_POINT('',(272.11994430297,160.82559163845,
    2.783937800085));
#1616 = CARTESIAN_POINT('',(272.92409302407,159.51411485899,
    0.837368586463));
#1617 = CARTESIAN_POINT('',(273.26927066791,158.95463329435,
    1.820061333835E-03));
#1618 = CARTESIAN_POINT('',(270.85678965703,162.88796882823,
    5.841543531296));
#1619 = CARTESIAN_POINT('',(271.31611419691,162.13792114372,
    4.729699460397));
#1620 = CARTESIAN_POINT('',(272.1199383708,160.82531868829,
    2.783957344407));
#1621 = CARTESIAN_POINT('',(272.92407570082,159.51389341511,
    0.837413330555));
#1622 = CARTESIAN_POINT('',(273.26926038463,158.95448572635,
    1.845666388994E-03));
#1623 = CARTESIAN_POINT('',(270.85678833766,162.88764143498,
    5.841553677364));
#1624 = CARTESIAN_POINT('',(271.31611062441,162.13762972474,
    4.729714030213));
#1625 = CARTESIAN_POINT('',(272.11993369006,160.82510202235,
    2.783972878159));
#1626 = CARTESIAN_POINT('',(272.92406148289,159.51371638335,
    0.837450102089));
#1627 = CARTESIAN_POINT('',(273.26925180333,158.95436798848,
    1.86708765219E-03));
#1628 = CARTESIAN_POINT('',(270.85678701398,162.88731471026,
    5.84156382557));
#1629 = CARTESIAN_POINT('',(271.31610701104,162.13733892297,
    4.729728696698));
#1630 = CARTESIAN_POINT('',(272.11992903798,160.82488646297,
    2.783988338999));
#1631 = CARTESIAN_POINT('',(272.92404700251,159.51353937589,
    0.837487540878));
#1632 = CARTESIAN_POINT('',(273.26924295677,158.95425037792,
    1.889164069594E-03));
#1633 = CARTESIAN_POINT('',(270.85678565297,162.88698892852,
    5.841573977024));
#1634 = CARTESIAN_POINT('',(271.31610330421,162.13704898167,
    4.729743511563));
#1635 = CARTESIAN_POINT('',(272.11992440088,160.8246725176,
    2.784003682821));
#1636 = CARTESIAN_POINT('',(272.92403208816,159.51336230726,
    0.837526005105));
#1637 = CARTESIAN_POINT('',(273.26923366318,158.95413282189,
    1.912268460509E-03));
#1638 = CARTESIAN_POINT('',(270.85678431501,162.88666420697,
    5.841584132208));
#1639 = CARTESIAN_POINT('',(271.31609956114,162.13676000313,
    4.729758483794));
#1640 = CARTESIAN_POINT('',(272.11991984501,160.82446032901,
    2.784018894489));
#1641 = CARTESIAN_POINT('',(272.92401678132,159.51318520014,
    0.837565545224));
#1642 = CARTESIAN_POINT('',(273.26922394005,158.95401525029,
    1.936507774593E-03));
#1643 = CARTESIAN_POINT('',(270.85678330257,162.88642115618,
    5.841591750466));
#1644 = CARTESIAN_POINT('',(271.3160967146,162.13654370816,
    4.729769793307));
#1645 = CARTESIAN_POINT('',(272.1199164497,160.82430203361,
    2.784030233151));
#1646 = CARTESIAN_POINT('',(272.92400507938,159.51305229093,
    0.837595751524));
#1647 = CARTESIAN_POINT('',(273.26921640084,158.9539269754,
    1.955283464898E-03));
#1648 = CARTESIAN_POINT('',(270.85678228915,162.88617861128,
    5.841599370694));
#1649 = CARTESIAN_POINT('',(271.31609383609,162.13632786415,
    4.729781185289));
#1650 = CARTESIAN_POINT('',(272.11991308541,160.8241446064,
    2.784041497866));
#1651 = CARTESIAN_POINT('',(272.92399315868,159.51291929472,
    0.837626522251));
#1652 = CARTESIAN_POINT('',(273.26920861034,158.95383856603,
    1.97468631857E-03));
#1653 = CARTESIAN_POINT('',(270.85678143845,162.88597690173,
    5.84160572257));
#1654 = CARTESIAN_POINT('',(271.31609140476,162.13614835702,
    4.729790748893));
#1655 = CARTESIAN_POINT('',(272.11991030354,160.824014136,2.784050820245
    ));
#1656 = CARTESIAN_POINT('',(272.92398303283,159.51280836306,
    0.837652646172));
#1657 = CARTESIAN_POINT('',(273.26920189245,158.95376472194,
    1.991405464242E-03));
#1658 = CARTESIAN_POINT('',(270.85678076053,162.88581579313,
    5.841610805139));
#1659 = CARTESIAN_POINT('',(271.31608944614,162.13600497955,
    4.729798443028));
#1660 = CARTESIAN_POINT('',(272.11990809809,160.82391020651,
    2.78405823734));
#1661 = CARTESIAN_POINT('',(272.92397482082,159.51271955667,0.8376738411
    ));
#1662 = CARTESIAN_POINT('',(273.2691963818,158.95370552596,
    2.00512875882E-03));
#1663 = CARTESIAN_POINT('',(270.8567800825,162.88565485359,
    5.841615888428));
#1664 = CARTESIAN_POINT('',(271.3160874765,162.13586175018,
    4.729806166283));
#1665 = CARTESIAN_POINT('',(272.11990590437,160.82380657245,
    2.784065626597));
#1666 = CARTESIAN_POINT('',(272.92396653184,159.51263070228,
    0.837695235537));
#1667 = CARTESIAN_POINT('',(273.26919077588,158.9536462352,
    2.019090291088E-03));
#1668 = CARTESIAN_POINT('',(270.85677947928,162.88551423439,
    5.841620337235));
#1669 = CARTESIAN_POINT('',(271.31608572873,162.13573659942,
    4.729812962603));
#1670 = CARTESIAN_POINT('',(272.11990399075,160.82371626306,
    2.784072054793));
#1671 = CARTESIAN_POINT('',(272.92395916698,159.51255286866,
    0.83771422061));
#1672 = CARTESIAN_POINT('',(273.26918573262,158.95359419889,
    2.031627369193E-03));
#1673 = CARTESIAN_POINT('',(270.85677896843,162.8853938744,
    5.841624151228));
#1674 = CARTESIAN_POINT('',(271.3160842263,162.13562947681,
    4.729818816295));
#1675 = CARTESIAN_POINT('',(272.11990236842,160.82363914702,
    2.784077536903));
#1676 = CARTESIAN_POINT('',(272.92395278601,159.51248610945,
    0.837730687054));
#1677 = CARTESIAN_POINT('',(273.26918131922,158.95354948673,
    2.042615707283E-03));
#1678 = CARTESIAN_POINT('',(270.85677862757,162.88531367616,
    5.84162669408));
#1679 = CARTESIAN_POINT('',(271.31608322157,162.13555809782,
    4.729822726302));
#1680 = CARTESIAN_POINT('',(272.11990128972,160.8235878106,
    2.784081184158));
#1681 = CARTESIAN_POINT('',(272.92394851176,159.51244158733,0.8377417166
    ));
#1682 = CARTESIAN_POINT('',(273.26917835051,158.95351964423,
    2.050006735547E-03));
#1683 = CARTESIAN_POINT('',(270.8567782843,162.88523353672,
    5.841629237211));
#1684 = CARTESIAN_POINT('',(271.3160822102,162.1354867691,4.72982664764)
  );
#1685 = CARTESIAN_POINT('',(272.11990021337,160.82353658201,
    2.784084820057));
#1686 = CARTESIAN_POINT('',(272.92394420498,159.51239703701,
    0.837752824434));
#1687 = CARTESIAN_POINT('',(273.26917533963,158.95348974421,
    2.057497216029E-03));
#1688 = CARTESIAN_POINT('',(270.85677794249,162.88515346362,
    5.841631780645));
#1689 = CARTESIAN_POINT('',(271.31608119602,162.13541549786,
    4.729830580502));
#1690 = CARTESIAN_POINT('',(272.11989914331,160.82348546901,
    2.78408844443));
#1691 = CARTESIAN_POINT('',(272.92393986923,159.51235246387,
    0.837764011486));
#1692 = CARTESIAN_POINT('',(273.26917228929,158.9534597889,
    2.065090129786E-03));
#1693 = CARTESIAN_POINT('',(270.85677772836,162.8851034434,
    5.841633370407));
#1694 = CARTESIAN_POINT('',(271.31608055986,162.13537097514,
    4.72983304332));
#1695 = CARTESIAN_POINT('',(272.11989847605,160.82345356952,
    2.784090704789));
#1696 = CARTESIAN_POINT('',(272.92393714614,159.51232459399,0.8377710365
    ));
#1697 = CARTESIAN_POINT('',(273.26917036506,158.9534410408,
    2.069878878431E-03));
#1698 = CARTESIAN_POINT('',(270.85677755713,162.88506344326,
    5.841634642302));
#1699 = CARTESIAN_POINT('',(271.31608004993,162.13533537072,
    4.729835016506));
#1700 = CARTESIAN_POINT('',(272.11989794354,160.82342807832,
    2.784092510172));
#1701 = CARTESIAN_POINT('',(272.92393496002,159.51230229128,
    0.837776676644));
#1702 = CARTESIAN_POINT('',(273.2691688152,158.95342602657,
    2.073736286234E-03));
#1703 = CARTESIAN_POINT('',(270.85677742898,162.88503345162,
    5.841635596241));
#1704 = CARTESIAN_POINT('',(271.31607966723,162.13530867482,
    4.729836497789));
#1705 = CARTESIAN_POINT('',(272.11989754506,160.82340897469,
    2.784093862675));
#1706 = CARTESIAN_POINT('',(272.92393331693,159.51228556179,
    0.837780916556));
#1707 = CARTESIAN_POINT('',(273.26916764785,158.95341475868,
    2.076642424073E-03));
#1708 = CARTESIAN_POINT('',(270.85677732136,162.88500846355,
    5.841636391261));
#1709 = CARTESIAN_POINT('',(271.316079347,162.13528643211,4.729837733521
    ));
#1710 = CARTESIAN_POINT('',(272.11989721264,160.823393065,2.784094988649
    ));
#1711 = CARTESIAN_POINT('',(272.92393194345,159.51227161521,
    0.837784458686));
#1712 = CARTESIAN_POINT('',(273.26916666965,158.95340535975,
    2.079075669392E-03));
#1713 = CARTESIAN_POINT('',(270.85677724716,162.88499097765,
    5.841636947735));
#1714 = CARTESIAN_POINT('',(271.31607912379,162.13527086766,
    4.729838599001));
#1715 = CARTESIAN_POINT('',(272.1198969814,160.82338193692,
    2.784095776005));
#1716 = CARTESIAN_POINT('',(272.92393098172,159.51226185451,
    0.837786941889));
#1717 = CARTESIAN_POINT('',(273.26916598388,158.9533987799,
    2.080784321095E-03));
#1718 = CARTESIAN_POINT('',(270.85677720876,162.88498223296,
    5.841637226042));
#1719 = CARTESIAN_POINT('',(271.31607901077,162.13526308335,
    4.729839032099));
#1720 = CARTESIAN_POINT('',(272.1198968645,160.82337637156,
    2.784096169725));
#1721 = CARTESIAN_POINT('',(272.92393049883,159.51225696982,
    0.837788185415));
#1722 = CARTESIAN_POINT('',(273.26916563889,158.95339548554,
    2.081640705462E-03));
#1723 = CARTESIAN_POINT('',(270.85677718878,162.88497724017,
    5.841637384977));
#1724 = CARTESIAN_POINT('',(271.31607894821,162.13525863966,
    4.729839279332));
#1725 = CARTESIAN_POINT('',(272.11989679975,160.82337319611,
    2.784096394353));
#1726 = CARTESIAN_POINT('',(272.92393022519,159.51225418441,
    0.837788895085));
#1727 = CARTESIAN_POINT('',(273.26916544387,158.95339360807,
    2.082129613811E-03));
#1728 = CARTESIAN_POINT('',(270.85677717537,162.88497473702,
    5.841637464617));
#1729 = CARTESIAN_POINT('',(271.31607891337,162.13525641044,
    4.729839403483));
#1730 = CARTESIAN_POINT('',(272.11989676383,160.82337160104,
    2.78409650719));
#1731 = CARTESIAN_POINT('',(272.92393008411,159.51225278129,
    0.837789252179));
#1732 = CARTESIAN_POINT('',(273.26916534232,158.95339266002,
    2.082375740756E-03));
#1733 = CARTESIAN_POINT('',(270.85677458735,162.87985196421,
    5.841800789081));
#1734 = CARTESIAN_POINT('',(271.31603304345,162.13070419993,
    4.730092173929));
#1735 = CARTESIAN_POINT('',(272.11984868147,160.82013036152,
    2.78432572618));
#1736 = CARTESIAN_POINT('',(272.92366942708,159.50942934105,
    0.838511523587));
#1737 = CARTESIAN_POINT('',(273.26898464031,158.95150120135,
    2.579920016839E-03));
#1738 = CARTESIAN_POINT('',(270.85691963011,162.87003836508,
    5.841984920943));
#1739 = CARTESIAN_POINT('',(271.31620474342,162.12252246872,
    4.730170743749));
#1740 = CARTESIAN_POINT('',(272.12002102553,160.81461058984,
    2.784332190138));
#1741 = CARTESIAN_POINT('',(272.92397092732,159.5071232875,
    0.838130246206));
#1742 = CARTESIAN_POINT('',(273.26923567226,158.95010806172,
    2.302200510591E-03));
#1743 = CARTESIAN_POINT('',(270.85703539145,162.85505433409,
    5.842328985195));
#1744 = CARTESIAN_POINT('',(271.31630653571,162.10975214868,
    4.730492024178));
#1745 = CARTESIAN_POINT('',(272.12012141585,160.80581387629,
    2.784557121974));
#1746 = CARTESIAN_POINT('',(272.92400116568,159.50201366748,
    0.838427638053));
#1747 = CARTESIAN_POINT('',(273.26929024443,158.94682073705,
    2.491920057972E-03));
#1748 = CARTESIAN_POINT('',(270.8571924255,162.84017519668,
    5.842647613029));
#1749 = CARTESIAN_POINT('',(271.31646982492,162.09717447382,
    4.730737055745));
#1750 = CARTESIAN_POINT('',(272.12028418605,160.79721705013,
    2.784701389252));
#1751 = CARTESIAN_POINT('',(272.92419267127,159.49752879588,
    0.838399259596));
#1752 = CARTESIAN_POINT('',(273.26946860935,158.94398840461,
    2.45440083666E-03));
#1753 = CARTESIAN_POINT('',(270.85733138768,162.82525010506,
    5.842977404577));
#1754 = CARTESIAN_POINT('',(271.31660616603,162.08451233172,
    4.731015552123));
#1755 = CARTESIAN_POINT('',(272.12041962078,160.78853257816,
    2.784881059118));
#1756 = CARTESIAN_POINT('',(272.92431344089,159.49276981205,
    0.838513857777));
#1757 = CARTESIAN_POINT('',(273.26959268597,158.94095646407,
    2.516613126436E-03));
#1758 = CARTESIAN_POINT('',(270.85747762872,162.81034398094,
    5.843302220391));
#1759 = CARTESIAN_POINT('',(271.31675374159,162.07188631887,
    4.731279134499));
#1760 = CARTESIAN_POINT('',(272.12056646401,160.77988565307,
    2.785044948182));
#1761 = CARTESIAN_POINT('',(272.92446496735,159.48813147575,
    0.838564718283));
#1762 = CARTESIAN_POINT('',(273.2697401843,158.9380119644,
    2.534372988748E-03));
#1763 = CARTESIAN_POINT('',(270.85762204713,162.79543217594,
    5.843629255704));
#1764 = CARTESIAN_POINT('',(271.31689773087,162.05924697623,
    4.731549367471));
#1765 = CARTESIAN_POINT('',(272.12070964134,160.77122476413,
    2.785215879207));
#1766 = CARTESIAN_POINT('',(272.92460418937,159.48344212066,
    0.838644031257));
#1767 = CARTESIAN_POINT('',(273.2698786591,158.93503125861,
    2.571962321508E-03));
#1768 = CARTESIAN_POINT('',(270.857763765,162.78051604364,5.843955304052
    ));
#1769 = CARTESIAN_POINT('',(271.31703980154,162.04660669137,
    4.731816648834));
#1770 = CARTESIAN_POINT('',(272.12085094103,160.76256321913,
    2.785383671743));
#1771 = CARTESIAN_POINT('',(272.924745395,159.4787685513,0.8387106383));
#1772 = CARTESIAN_POINT('',(273.27001763774,158.93205975191,
    2.600729514846E-03));
#1773 = CARTESIAN_POINT('',(270.85791425111,162.76561661322,
    5.844281784373));
#1774 = CARTESIAN_POINT('',(271.31719030291,162.0339816613,
    4.732085210314));
#1775 = CARTESIAN_POINT('',(272.12100064207,160.75391679455,
    2.785552852859));
#1776 = CARTESIAN_POINT('',(272.92489326934,159.47410298076,
    0.838782921615));
#1777 = CARTESIAN_POINT('',(273.27016397897,158.92909912733,
    2.633365304504E-03));
#1778 = CARTESIAN_POINT('',(270.85804358248,162.75067605554,
    5.844608091416));
#1779 = CARTESIAN_POINT('',(271.31731977372,162.02131600365,
    4.73235328634));
#1780 = CARTESIAN_POINT('',(272.1211293515,160.74522981746,
    2.785721441888));
#1781 = CARTESIAN_POINT('',(272.92502094654,159.4693995382,
    0.838852659385));
#1782 = CARTESIAN_POINT('',(273.27028973857,158.92609947407,
    2.664429982317E-03));
#1783 = CARTESIAN_POINT('',(270.85822072821,162.73582879667,
    5.844934432063));
#1784 = CARTESIAN_POINT('',(271.31749706227,162.00874374755,
    4.732621387742));
#1785 = CARTESIAN_POINT('',(272.12130580437,160.73663617488,
    2.78589023233));
#1786 = CARTESIAN_POINT('',(272.92519596688,159.46478934432,
    0.838923555721));
#1787 = CARTESIAN_POINT('',(273.27046318026,158.92319329503,
    2.695844954134E-03));
#1788 = CARTESIAN_POINT('',(270.85828917318,162.72076927896,
    5.845260857149));
#1789 = CARTESIAN_POINT('',(271.31756551443,161.99595844496,
    4.732889913666));
#1790 = CARTESIAN_POINT('',(272.12137358421,160.72782959213,
    2.786059075196));
#1791 = CARTESIAN_POINT('',(272.92526259763,159.45996371968,
    0.838993881501));
#1792 = CARTESIAN_POINT('',(273.27052770129,158.92007224658,
    2.727899121375E-03));
#1793 = CARTESIAN_POINT('',(270.85843865565,162.70586801351,
    5.845587207454));
#1794 = CARTESIAN_POINT('',(271.31771511447,161.98333202234,
    4.733158087973));
#1795 = CARTESIAN_POINT('',(272.12152239084,160.71918181346,
    2.786227841266));
#1796 = CARTESIAN_POINT('',(272.92541009013,159.4552989523,
    0.839064480312));
#1797 = CARTESIAN_POINT('',(273.27067346283,158.9171115583,
    2.759370226486E-03));
#1798 = CARTESIAN_POINT('',(270.8585810293,162.69095287175,
    5.845913557978));
#1799 = CARTESIAN_POINT('',(271.31785760097,161.97069169004,
    4.733426274286));
#1800 = CARTESIAN_POINT('',(272.12166409491,160.71052013357,
    2.786396593878));
#1801 = CARTESIAN_POINT('',(272.92555051927,159.45062020875,
    0.839134973759));
#1802 = CARTESIAN_POINT('',(273.27081211875,158.9141368954,
    2.790835311326E-03));
#1803 = CARTESIAN_POINT('',(270.85872533709,162.67604150401,
    5.846239909762));
#1804 = CARTESIAN_POINT('',(271.31800202177,161.95805513614,
    4.733694461471));
#1805 = CARTESIAN_POINT('',(272.1218077304,160.70186222941,
    2.786565354248));
#1806 = CARTESIAN_POINT('',(272.92569286405,159.44594523857,
    0.839205512651));
#1807 = CARTESIAN_POINT('',(273.27095270415,158.91116601454,
    2.822313217322E-03));
#1808 = CARTESIAN_POINT('',(270.85886877472,162.6611284383,
    5.846566260937));
#1809 = CARTESIAN_POINT('',(271.31814557228,161.94541688226,
    4.733962648349));
#1810 = CARTESIAN_POINT('',(272.12195049708,160.69320262647,
    2.786734110898));
#1811 = CARTESIAN_POINT('',(272.92583434731,159.44126857052,
    0.839276030435));
#1812 = CARTESIAN_POINT('',(273.27109242221,158.90819343195,
    2.853784298185E-03));
#1813 = CARTESIAN_POINT('',(270.85901247959,162.64621589379,
    5.846892612465));
#1814 = CARTESIAN_POINT('',(271.31828938984,161.93277914945,
    4.734230836007));
#1815 = CARTESIAN_POINT('',(272.12209353051,160.6845435442,
    2.786902869133));
#1816 = CARTESIAN_POINT('',(272.92597609447,159.4365924193,
    0.839346556742));
#1817 = CARTESIAN_POINT('',(273.27123240661,158.90522136878,
    2.885258346122E-03));
#1818 = CARTESIAN_POINT('',(270.8591561057,162.63130319571,5.84721896374
    ));
#1819 = CARTESIAN_POINT('',(271.31843312873,161.92014126347,
    4.734499023169));
#1820 = CARTESIAN_POINT('',(272.12223648552,160.67588430889,
    2.787071626344));
#1821 = CARTESIAN_POINT('',(272.92611776463,159.43191611792,
    0.839417078543));
#1822 = CARTESIAN_POINT('',(273.2713723135,158.90224915398,
    2.916729572458E-03));
#1823 = CARTESIAN_POINT('',(270.85929945849,162.61638996367,
    5.847545315415));
#1824 = CARTESIAN_POINT('',(271.31857659376,161.90750284078,
    4.734767212099));
#1825 = CARTESIAN_POINT('',(272.12237916719,160.66722453708,
    2.787240384223));
#1826 = CARTESIAN_POINT('',(272.92625916144,159.42723927005,
    0.839487601285));
#1827 = CARTESIAN_POINT('',(273.27151194631,158.89927639558,
    2.948203616702E-03));
#1828 = CARTESIAN_POINT('',(270.85944341996,162.60147792036,
    5.847871666326));
#1829 = CARTESIAN_POINT('',(271.31872066839,161.89486561211,
    4.735035397917));
#1830 = CARTESIAN_POINT('',(272.12252245766,160.65856595878,
    2.787409140821));
#1831 = CARTESIAN_POINT('',(272.9264011666,159.42256363391,
    0.839558123449));
#1832 = CARTESIAN_POINT('',(273.27165219036,158.89630484404,
    2.979671001378E-03));
#1833 = CARTESIAN_POINT('',(270.85958572032,162.58656263287,
    5.848198019052));
#1834 = CARTESIAN_POINT('',(271.31886307937,161.88222512528,
    4.735303591924));
#1835 = CARTESIAN_POINT('',(272.12266408709,160.64990412379,
    2.78757789983));
#1836 = CARTESIAN_POINT('',(272.92654151298,159.41788469369,
    0.839628643633));
#1837 = CARTESIAN_POINT('',(273.27179076863,158.89333000073,
    3.011152378571E-03));
#1838 = CARTESIAN_POINT('',(270.85973422475,162.57165946185,
    5.848524364919));
#1839 = CARTESIAN_POINT('',(271.31901170369,161.86959680677,
    4.735571755748));
#1840 = CARTESIAN_POINT('',(272.12281192074,160.64125445161,
    2.787746649301));
#1841 = CARTESIAN_POINT('',(272.92668805538,159.41321809184,
    0.83969917011));
#1842 = CARTESIAN_POINT('',(273.27193557055,158.89036745038,
    3.042578553843E-03));
#1843 = CARTESIAN_POINT('',(270.85980334846,162.55660126055,
    5.848850797903));
#1844 = CARTESIAN_POINT('',(271.31908082815,161.85681279514,
    4.73584030557));
#1845 = CARTESIAN_POINT('',(272.12288037268,160.63244915666,
    2.787915518067));
#1846 = CARTESIAN_POINT('',(272.92675532311,159.40839362348,
    0.839769608592));
#1847 = CARTESIAN_POINT('',(273.27200074867,158.88724761344,
    3.074698814272E-03));
#1848 = CARTESIAN_POINT('',(270.85997696446,162.54174713224,
    5.849177116134));
#1849 = CARTESIAN_POINT('',(271.31925460166,161.84423372901,
    4.736108347384));
#1850 = CARTESIAN_POINT('',(272.12305331842,160.62384871463,
    2.788084229402));
#1851 = CARTESIAN_POINT('',(272.92692694408,159.40377696151,
    0.839840161741));
#1852 = CARTESIAN_POINT('',(273.27217074023,158.8843348195,
    3.105903634198E-03));
#1853 = CARTESIAN_POINT('',(270.86011204834,162.52681775079,
    5.849503476632));
#1854 = CARTESIAN_POINT('',(271.3193897852,161.83157908797,
    4.736376576567));
#1855 = CARTESIAN_POINT('',(272.12318773159,160.61517273184,
    2.788252998557));
#1856 = CARTESIAN_POINT('',(272.92706008448,159.39908366967,
    0.839910671971));
#1857 = CARTESIAN_POINT('',(273.27230208192,158.8813456772,
    3.137444949616E-03));
#1858 = CARTESIAN_POINT('',(270.86024712645,162.51188835805,5.8498298371
    ));
#1859 = CARTESIAN_POINT('',(271.31952496295,161.81892443562,
    4.736644805768));
#1860 = CARTESIAN_POINT('',(272.12332213908,160.60649673773,
    2.788421767577));
#1861 = CARTESIAN_POINT('',(272.92719321925,159.39439036636,
    0.839981181986));
#1862 = CARTESIAN_POINT('',(273.27243341836,158.87835652346,
    3.168985522256E-03));
#1863 = CARTESIAN_POINT('',(270.86042060649,162.49703396406,
    5.850156155375));
#1864 = CARTESIAN_POINT('',(271.31969860019,161.80634510266,
    4.736912848343));
#1865 = CARTESIAN_POINT('',(272.12349494911,160.59789602902,
    2.788590478593));
#1866 = CARTESIAN_POINT('',(272.92736470512,159.38977343386,
    0.840051733481));
#1867 = CARTESIAN_POINT('',(273.27260327506,158.87544345995,
    3.200189172308E-03));
#1868 = CARTESIAN_POINT('',(270.86048966725,162.4819756396,
    5.850482588248));
#1869 = CARTESIAN_POINT('',(271.31976766151,161.79356096734,
    4.737181398458));
#1870 = CARTESIAN_POINT('',(272.12356333848,160.58909061044,
    2.788759346709));
#1871 = CARTESIAN_POINT('',(272.92743191061,159.38494884011,
    0.840122170596));
#1872 = CARTESIAN_POINT('',(273.27266839258,158.87232349805,
    3.2323060241E-03));
#1873 = CARTESIAN_POINT('',(270.86063791142,162.46707195995,
    5.850808934155));
#1874 = CARTESIAN_POINT('',(271.31991602496,161.78093213799,
    4.737449563734));
#1875 = CARTESIAN_POINT('',(272.12371091244,160.58044042769,
    2.788928095399));
#1876 = CARTESIAN_POINT('',(272.92757819452,159.3802817203,0.8401926937)
  );
#1877 = CARTESIAN_POINT('',(273.27281293697,158.86936043159,
    3.263728988026E-03));
#1878 = CARTESIAN_POINT('',(270.86077989428,162.45215605195,
    5.851135286902));
#1879 = CARTESIAN_POINT('',(271.3200581177,161.76829102802,
    4.737717759444));
#1880 = CARTESIAN_POINT('',(272.12385222509,160.57177796987,
    2.789096853368));
#1881 = CARTESIAN_POINT('',(272.92771822558,159.37560214845,
    0.840263209678));
#1882 = CARTESIAN_POINT('',(273.27295120137,158.86638495882,
    3.295205968718E-03));
#1883 = CARTESIAN_POINT('',(270.86092350987,162.43724333262,
    5.85146163782));
#1884 = CARTESIAN_POINT('',(271.32020184559,161.75565312034,
    4.73798594723));
#1885 = CARTESIAN_POINT('',(272.12399517056,160.56311871289,
    2.78926560872));
#1886 = CARTESIAN_POINT('',(272.92785988736,159.37092582359,
    0.840333727093));
#1887 = CARTESIAN_POINT('',(273.273091104,158.86341272111,
    3.326667869452E-03));
#1888 = CARTESIAN_POINT('',(270.86106636257,162.42232912332,
    5.85178798954));
#1889 = CARTESIAN_POINT('',(271.32034480943,161.74301371633,
    4.738254138728));
#1890 = CARTESIAN_POINT('',(272.12413735321,160.55445796027,
    2.789434365068));
#1891 = CARTESIAN_POINT('',(272.92800078741,159.36624798151,
    0.840404243375));
#1892 = CARTESIAN_POINT('',(273.27323024192,158.86043897175,
    3.358135659175E-03));
#1893 = CARTESIAN_POINT('',(270.8612096399,162.40741574329,
    5.852114340758));
#1894 = CARTESIAN_POINT('',(271.32048819851,161.73037514511,
    4.738522328167));
#1895 = CARTESIAN_POINT('',(272.12427996057,160.54579804006,
    2.789603120623));
#1896 = CARTESIAN_POINT('',(272.92814211167,159.36157098387,
    0.84047475982));
#1897 = CARTESIAN_POINT('',(273.27336980627,158.85746606372,
    3.389598943503E-03));
#1898 = CARTESIAN_POINT('',(270.86135245251,162.39250145558,
    5.852440692451));
#1899 = CARTESIAN_POINT('',(271.32063112214,161.71773566236,
    4.738790519866));
#1900 = CARTESIAN_POINT('',(272.12442210328,160.53713720873,
    2.789771876729));
#1901 = CARTESIAN_POINT('',(272.92828297196,159.35689306195,
    0.840545275482));
#1902 = CARTESIAN_POINT('',(273.27350890498,158.85449223481,
    3.421065507214E-03));
#1903 = CARTESIAN_POINT('',(270.86149601546,162.37758863327,
    5.852767043285));
#1904 = CARTESIAN_POINT('',(271.32077479723,161.70509765126,
    4.739058707918));
#1905 = CARTESIAN_POINT('',(272.12456499642,160.52847784839,
    2.789940631554));
#1906 = CARTESIAN_POINT('',(272.92842458172,159.35221663223,
    0.840615791689));
#1907 = CARTESIAN_POINT('',(273.27364875685,158.85151989261,
    3.452524714574E-03));
#1908 = CARTESIAN_POINT('',(270.86163796328,162.36267265655,
    5.853093395856));
#1909 = CARTESIAN_POINT('',(271.32091685474,161.69245647226,
    4.739326903816));
#1910 = CARTESIAN_POINT('',(272.12470627448,160.51981532159,
    2.790109388667));
#1911 = CARTESIAN_POINT('',(272.92856457862,159.34753699041,
    0.840686305896));
#1912 = CARTESIAN_POINT('',(273.27378698914,158.84854435009,
    3.48399727112E-03));
#1913 = CARTESIAN_POINT('',(270.86178344468,162.34776358088,
    5.853419744512));
#1914 = CARTESIAN_POINT('',(271.32106245113,161.67982222381,
    4.73959508254));
#1915 = CARTESIAN_POINT('',(272.12485108624,160.5111597222,
    2.790278140308));
#1916 = CARTESIAN_POINT('',(272.92870810453,159.34286437587,
    0.840756823691));
#1917 = CARTESIAN_POINT('',(273.27392876636,158.84557580905,
    3.515438109456E-03));
#1918 = CARTESIAN_POINT('',(270.86192100303,162.33283903144,
    5.853746101831));
#1919 = CARTESIAN_POINT('',(271.32120011255,161.66717243545,
    4.739863299757));
#1920 = CARTESIAN_POINT('',(272.1249879749,160.50248858992,
    2.790446903745));
#1921 = CARTESIAN_POINT('',(272.928843718,159.33817600448,0.840827332683
    ));
#1922 = CARTESIAN_POINT('',(273.27406259672,158.84259156905,
    3.546947510979E-03));
#1923 = CARTESIAN_POINT('',(270.86207628812,162.31794910222,
    5.854072439654));
#1924 = CARTESIAN_POINT('',(271.32135552727,161.65455741531,
    4.740131430828));
#1925 = CARTESIAN_POINT('',(272.12514259064,160.49385221017,
    2.790615640325));
#1926 = CARTESIAN_POINT('',(272.92899703482,159.33352288667,
    0.840897860663));
#1927 = CARTESIAN_POINT('',(273.27421420872,158.8396424531,
    3.578300960474E-03));
#1928 = CARTESIAN_POINT('',(270.8621915287,162.30298096618,
    5.854398821403));
#1929 = CARTESIAN_POINT('',(271.32147083742,161.64186385399,
    4.740399756474));
#1930 = CARTESIAN_POINT('',(272.12525716135,160.4851373247,
    2.790784437112));
#1931 = CARTESIAN_POINT('',(272.92911036029,159.32879013128,
    0.840968345083));
#1932 = CARTESIAN_POINT('',(273.27432565385,158.83661399214,
    3.610004135205E-03));
#1933 = CARTESIAN_POINT('',(270.86233366092,162.29312974951,
    5.854616337518));
#1934 = CARTESIAN_POINT('',(271.32161311394,161.63352956577,
    4.740578322897));
#1935 = CARTESIAN_POINT('',(272.12539884798,160.4794554292,
    2.790896869794));
#1936 = CARTESIAN_POINT('',(272.92925112931,159.32576483502,
    0.841015405297));
#1937 = CARTESIAN_POINT('',(273.27446545648,158.83472441504,
    3.630567437626E-03));
#1938 = CARTESIAN_POINT('',(270.86233329374,162.28806463226,
    5.854725173991));
#1939 = CARTESIAN_POINT('',(271.32161271181,161.62922231627,
    4.740667953216));
#1940 = CARTESIAN_POINT('',(272.125398257,160.47647443934,2.790953193764
    ));
#1941 = CARTESIAN_POINT('',(272.92925017519,159.32411012571,
    0.84103885802));
#1942 = CARTESIAN_POINT('',(273.27446370542,158.83363808721,
    3.641474219441E-03));
#1943 = ADVANCED_FACE('',(#1944),#1992,.F.);
#1944 = FACE_BOUND('',#1945,.F.);
#1945 = EDGE_LOOP('',(#1946,#1947,#1958,#1969,#1991));
#1946 = ORIENTED_EDGE('',*,*,#199,.T.);
#1947 = ORIENTED_EDGE('',*,*,#1948,.T.);
#1948 = EDGE_CURVE('',#185,#1949,#1951,.T.);
#1949 = VERTEX_POINT('',#1950);
#1950 = CARTESIAN_POINT('',(265.72635753242,174.99775281258,
    5.293203018618));
#1951 = B_SPLINE_CURVE_WITH_KNOTS('',3,(#1952,#1953,#1954,#1955,#1956,
    #1957),.UNSPECIFIED.,.F.,.F.,(4,2,4),(0.213919479811,2.705976874874,
    5.381019253069),.UNSPECIFIED.);
#1952 = CARTESIAN_POINT('',(270.8853817152,174.97307864142,
    5.579257560735));
#1953 = CARTESIAN_POINT('',(270.05646495396,174.97773403199,
    5.52528632051));
#1954 = CARTESIAN_POINT('',(269.22729997606,174.98205739775,
    5.475164336365));
#1955 = CARTESIAN_POINT('',(267.50762739681,174.99033284879,
    5.379224726523));
#1956 = CARTESIAN_POINT('',(266.61709773207,174.9942343061,
    5.333994044658));
#1957 = CARTESIAN_POINT('',(265.72635753242,174.99775281258,
    5.293203018618));
#1958 = ORIENTED_EDGE('',*,*,#1959,.T.);
#1959 = EDGE_CURVE('',#1949,#1960,#1962,.T.);
#1960 = VERTEX_POINT('',#1961);
#1961 = CARTESIAN_POINT('',(265.72635753241,170.13840964391,
    5.399234263855));
#1962 = B_SPLINE_CURVE_WITH_KNOTS('',3,(#1963,#1964,#1965,#1966,#1967,
    #1968),.UNSPECIFIED.,.F.,.F.,(4,2,4),(6.503652144728E-02,
    3.68403475473,4.925536357464),.UNSPECIFIED.);
#1963 = CARTESIAN_POINT('',(265.72635753241,174.99775281258,
    5.293203018618));
#1964 = CARTESIAN_POINT('',(265.72635753241,173.79170714267,
    5.319519028777));
#1965 = CARTESIAN_POINT('',(265.72635753242,172.58566147278,
    5.345835038936));
#1966 = CARTESIAN_POINT('',(265.72635753241,170.96588041655,
    5.381178787348));
#1967 = CARTESIAN_POINT('',(265.72635753241,170.55214503023,
    5.390206525601));
#1968 = CARTESIAN_POINT('',(265.72635753241,170.1384096439,
    5.399234263855));
#1969 = ORIENTED_EDGE('',*,*,#1970,.T.);
#1970 = EDGE_CURVE('',#1960,#100,#1971,.T.);
#1971 = B_SPLINE_CURVE_WITH_KNOTS('',3,(#1972,#1973,#1974,#1975,#1976,
    #1977,#1978,#1979,#1980,#1981,#1982,#1983,#1984,#1985,#1986,#1987,
    #1988,#1989,#1990),.UNSPECIFIED.,.F.,.F.,(4,3,3,3,3,3,4),(
    3.199457399508E-02,0.744527284532,1.083080758346,2.157030677897,
    2.95222349531,3.002031430191,3.635340823117),.UNSPECIFIED.);
#1972 = CARTESIAN_POINT('',(265.72635753241,170.13840964391,
    5.399234263855));
#1973 = CARTESIAN_POINT('',(265.96173609587,170.10986951725,5.410615774)
  );
#1974 = CARTESIAN_POINT('',(266.19187041207,170.05050400623,
    5.422745005516));
#1975 = CARTESIAN_POINT('',(266.41092288325,169.96219249383,
    5.435244181085));
#1976 = CARTESIAN_POINT('',(266.51500368399,169.92023207734,
    5.441183051324));
#1977 = CARTESIAN_POINT('',(266.61658272247,169.87173682473,
    5.447204621578));
#1978 = CARTESIAN_POINT('',(266.71503414184,169.81690824479,
    5.453264355375));
#1979 = CARTESIAN_POINT('',(267.02733899745,169.64298254773,
    5.472486874469));
#1980 = CARTESIAN_POINT('',(267.30204869432,169.4087360329,
    5.491720459916));
#1981 = CARTESIAN_POINT('',(267.52315865476,169.12775970287,
    5.509441171681));
#1982 = CARTESIAN_POINT('',(267.68687676601,168.91971428525,
    5.522562251593));
#1983 = CARTESIAN_POINT('',(267.81908832491,168.6887435045,
    5.534678272288));
#1984 = CARTESIAN_POINT('',(267.91556996311,168.44228491271,
    5.545254662625));
#1985 = CARTESIAN_POINT('',(267.92161321583,168.42684765872,
    5.54591712857));
#1986 = CARTESIAN_POINT('',(267.92751628794,168.4113496417,
    5.546573571695));
#1987 = CARTESIAN_POINT('',(267.93327814106,168.39579268952,
    5.547223868208));
#1988 = CARTESIAN_POINT('',(268.00654027733,168.19798557331,
    5.555492407985));
#1989 = CARTESIAN_POINT('',(268.05634934563,167.99232893571,
    5.562694060618));
#1990 = CARTESIAN_POINT('',(268.08172593965,167.78304120518,
    5.568643835239));
#1991 = ORIENTED_EDGE('',*,*,#99,.T.);
#1992 = B_SPLINE_SURFACE_WITH_KNOTS('',3,3,(
    (#1993,#1994,#1995,#1996)
    ,(#1997,#1998,#1999,#2000)
    ,(#2001,#2002,#2003,#2004)
    ,(#2005,#2006,#2007,#2008
    )),.UNSPECIFIED.,.F.,.F.,.F.,(4,4),(4,4),(5.166319489059E-02,
    7.866423409749E-02),(0.143610189027,0.162822912),
  .PIECEWISE_BEZIER_KNOTS.);
#1993 = CARTESIAN_POINT('',(265.72635753241,174.99775281257,
    5.293203018618));
#1994 = CARTESIAN_POINT('',(267.44730037533,174.99946839433,
    5.371827017458));
#1995 = CARTESIAN_POINT('',(269.16713327628,175.0015444406,
    5.466970870493));
#1996 = CARTESIAN_POINT('',(270.8853817152,175.00397983236,
    5.578583294349));
#1997 = CARTESIAN_POINT('',(265.72635753241,172.59077966456,
    5.345723359593));
#1998 = CARTESIAN_POINT('',(267.44730037533,172.59249524632,
    5.424347358434));
#1999 = CARTESIAN_POINT('',(269.16713327628,172.59457129259,
    5.519491211468));
#2000 = CARTESIAN_POINT('',(270.8853817152,172.59700668435,
    5.631103635325));
#2001 = CARTESIAN_POINT('',(265.72635753241,170.18380651656,
    5.398243700569));
#2002 = CARTESIAN_POINT('',(267.44730037533,170.18552209832,
    5.476867699409));
#2003 = CARTESIAN_POINT('',(269.16713327628,170.18759814458,
    5.572011552443));
#2004 = CARTESIAN_POINT('',(270.8853817152,170.19003353633,5.6836239763)
  );
#2005 = CARTESIAN_POINT('',(265.72635753241,167.77683336855,
    5.450764041544));
#2006 = CARTESIAN_POINT('',(267.44730037533,167.77854895031,
    5.529388040385));
#2007 = CARTESIAN_POINT('',(269.16713327628,167.78062499657,
    5.624531893419));
#2008 = CARTESIAN_POINT('',(270.8853817152,167.78306038832,
    5.736144317276));
#2009 = ADVANCED_FACE('',(#2010),#2169,.T.);
#2010 = FACE_BOUND('',#2011,.T.);
#2011 = EDGE_LOOP('',(#2012,#2013,#2014,#2015,#2030,#2038,#2047,#2055,
    #2062,#2063,#2072,#2080,#2097,#2105,#2114,#2121,#2145,#2153,#2162,
    #2168));
#2012 = ORIENTED_EDGE('',*,*,#112,.T.);
#2013 = ORIENTED_EDGE('',*,*,#75,.T.);
#2014 = ORIENTED_EDGE('',*,*,#43,.T.);
#2015 = ORIENTED_EDGE('',*,*,#2016,.T.);
#2016 = EDGE_CURVE('',#33,#2017,#2019,.T.);
#2017 = VERTEX_POINT('',#2018);
#2018 = CARTESIAN_POINT('',(265.72635753241,164.77767275426,
    5.516205959013));
#2019 = B_SPLINE_CURVE_WITH_KNOTS('',3,(#2020,#2021,#2022,#2023,#2024,
    #2025,#2026,#2027,#2028,#2029),.UNSPECIFIED.,.F.,.F.,(4,2,2,2,4),(
    3.942632727503E-02,1.06106814739,2.124133037665,2.924375260263,
    3.639581111875),.UNSPECIFIED.);
#2020 = CARTESIAN_POINT('',(268.08172597723,167.13304119907,
    5.582826605929));
#2021 = CARTESIAN_POINT('',(268.0407675536,166.79524530298,
    5.587964983885));
#2022 = CARTESIAN_POINT('',(267.93630140719,166.4680785421,5.58940019948
    ));
#2023 = CARTESIAN_POINT('',(267.60451319225,165.85752061107,
    5.585021002822));
#2024 = CARTESIAN_POINT('',(267.37570412363,165.58255700015,
    5.578967596918));
#2025 = CARTESIAN_POINT('',(266.89315078686,165.1918416049,
    5.562961289946));
#2026 = CARTESIAN_POINT('',(266.66222150199,165.05569165608,
    5.554436766438));
#2027 = CARTESIAN_POINT('',(266.19433940051,164.86614208081,
    5.535983865317));
#2028 = CARTESIAN_POINT('',(265.96272340386,164.80633258585,
    5.526384489833));
#2029 = CARTESIAN_POINT('',(265.72635753242,164.77767275426,
    5.516205959014));
#2030 = ORIENTED_EDGE('',*,*,#2031,.F.);
#2031 = EDGE_CURVE('',#2032,#2017,#2034,.T.);
#2032 = VERTEX_POINT('',#2033);
#2033 = CARTESIAN_POINT('',(265.72635753241,164.77767275426,
    3.012933555441));
#2034 = LINE('',#2035,#2036);
#2035 = CARTESIAN_POINT('',(265.72635753241,164.77767275426,
    9.521627930553E-11));
#2036 = VECTOR('',#2037,1.);
#2037 = DIRECTION('',(0.,0.,1.));
#2038 = ORIENTED_EDGE('',*,*,#2039,.F.);
#2039 = EDGE_CURVE('',#2040,#2032,#2042,.T.);
#2040 = VERTEX_POINT('',#2041);
#2041 = CARTESIAN_POINT('',(265.40135753241,164.75804119909,
    3.012933555441));
#2042 = CIRCLE('',#2043,2.7);
#2043 = AXIS2_PLACEMENT_3D('',#2044,#2045,#2046);
#2044 = CARTESIAN_POINT('',(265.40135753241,167.45804119909,
    3.012933555441));
#2045 = DIRECTION('',(0.,-0.,1.));
#2046 = DIRECTION('',(0.,1.,0.));
#2047 = ORIENTED_EDGE('',*,*,#2048,.T.);
#2048 = EDGE_CURVE('',#2040,#2049,#2051,.T.);
#2049 = VERTEX_POINT('',#2050);
#2050 = CARTESIAN_POINT('',(265.40135753241,164.75804119909,
    0.200000000095));
#2051 = LINE('',#2052,#2053);
#2052 = CARTESIAN_POINT('',(265.40135753241,164.75804119909,
    9.521627930553E-11));
#2053 = VECTOR('',#2054,1.);
#2054 = DIRECTION('',(0.,0.,-1.));
#2055 = ORIENTED_EDGE('',*,*,#2056,.F.);
#2056 = EDGE_CURVE('',#2049,#2049,#2057,.T.);
#2057 = CIRCLE('',#2058,2.7);
#2058 = AXIS2_PLACEMENT_3D('',#2059,#2060,#2061);
#2059 = CARTESIAN_POINT('',(265.40135753241,167.45804119909,
    0.200000000095));
#2060 = DIRECTION('',(0.,-3.061616997868E-16,-1.));
#2061 = DIRECTION('',(0.,1.,-3.061616997868E-16));
#2062 = ORIENTED_EDGE('',*,*,#2048,.F.);
#2063 = ORIENTED_EDGE('',*,*,#2064,.F.);
#2064 = EDGE_CURVE('',#2065,#2040,#2067,.T.);
#2065 = VERTEX_POINT('',#2066);
#2066 = CARTESIAN_POINT('',(265.07635753241,164.77767275426,
    3.012933555441));
#2067 = CIRCLE('',#2068,2.7);
#2068 = AXIS2_PLACEMENT_3D('',#2069,#2070,#2071);
#2069 = CARTESIAN_POINT('',(265.40135753241,167.45804119909,
    3.012933555441));
#2070 = DIRECTION('',(0.,-0.,1.));
#2071 = DIRECTION('',(0.,1.,0.));
#2072 = ORIENTED_EDGE('',*,*,#2073,.F.);
#2073 = EDGE_CURVE('',#2074,#2065,#2076,.T.);
#2074 = VERTEX_POINT('',#2075);
#2075 = CARTESIAN_POINT('',(265.07635753241,164.77767275426,
    5.48728372779));
#2076 = LINE('',#2077,#2078);
#2077 = CARTESIAN_POINT('',(265.07635753241,164.77767275426,
    9.521627930553E-11));
#2078 = VECTOR('',#2079,1.);
#2079 = DIRECTION('',(0.,0.,-1.));
#2080 = ORIENTED_EDGE('',*,*,#2081,.T.);
#2081 = EDGE_CURVE('',#2074,#2082,#2084,.T.);
#2082 = VERTEX_POINT('',#2083);
#2083 = CARTESIAN_POINT('',(262.72098908759,167.13304119907,
    5.344284925815));
#2084 = B_SPLINE_CURVE_WITH_KNOTS('',3,(#2085,#2086,#2087,#2088,#2089,
    #2090,#2091,#2092,#2093,#2094,#2095,#2096),.UNSPECIFIED.,.F.,.F.,(4,
    2,2,2,2,4),(0.131210668549,0.567832417711,1.386877471781,
    2.466592944293,3.141312404336,3.730829375515),.UNSPECIFIED.);
#2085 = CARTESIAN_POINT('',(265.07635753241,164.77767275425,
    5.48728372779));
#2086 = CARTESIAN_POINT('',(264.93216510204,164.79515637295,
    5.480661113165));
#2087 = CARTESIAN_POINT('',(264.78954915143,164.8242553955,
    5.473970338394));
#2088 = CARTESIAN_POINT('',(264.38795711367,164.94062213016,
    5.454687764998));
#2089 = CARTESIAN_POINT('',(264.13900363866,165.05578132576,
    5.442185698614));
#2090 = CARTESIAN_POINT('',(263.61167881843,165.40467183148,
    5.414039183213));
#2091 = CARTESIAN_POINT('',(263.35440980335,165.66100333097,
    5.398932505037));
#2092 = CARTESIAN_POINT('',(263.03022863577,166.14721861174,
    5.37661418886));
#2093 = CARTESIAN_POINT('',(262.9293751399,166.34906329996,
    5.368651597334));
#2094 = CARTESIAN_POINT('',(262.78945398126,166.74632981716,
    5.355085961197));
#2095 = CARTESIAN_POINT('',(262.74462371254,166.93811965161,
    5.349353565934));
#2096 = CARTESIAN_POINT('',(262.72098908759,167.13304119906,
    5.344284925815));
#2097 = ORIENTED_EDGE('',*,*,#2098,.T.);
#2098 = EDGE_CURVE('',#2082,#2099,#2101,.T.);
#2099 = VERTEX_POINT('',#2100);
#2100 = CARTESIAN_POINT('',(262.72098908759,167.13304119907,
    3.012933555441));
#2101 = LINE('',#2102,#2103);
#2102 = CARTESIAN_POINT('',(262.72098908759,167.13304119907,
    9.521627930553E-11));
#2103 = VECTOR('',#2104,1.);
#2104 = DIRECTION('',(0.,0.,-1.));
#2105 = ORIENTED_EDGE('',*,*,#2106,.T.);
#2106 = EDGE_CURVE('',#2099,#2107,#2109,.T.);
#2107 = VERTEX_POINT('',#2108);
#2108 = CARTESIAN_POINT('',(262.72098908759,167.78304119908,
    3.012933555441));
#2109 = CIRCLE('',#2110,2.7);
#2110 = AXIS2_PLACEMENT_3D('',#2111,#2112,#2113);
#2111 = CARTESIAN_POINT('',(265.40135753241,167.45804119909,
    3.012933555441));
#2112 = DIRECTION('',(0.,0.,-1.));
#2113 = DIRECTION('',(0.,1.,0.));
#2114 = ORIENTED_EDGE('',*,*,#2115,.T.);
#2115 = EDGE_CURVE('',#2107,#2116,#2118,.T.);
#2116 = VERTEX_POINT('',#2117);
#2117 = CARTESIAN_POINT('',(262.72098892348,167.78304126134,
    5.330104729933));
#2118 = B_SPLINE_CURVE_WITH_KNOTS('',1,(#2119,#2120),.UNSPECIFIED.,.F.,
  .F.,(2,2),(0.,2.317168319906),.PIECEWISE_BEZIER_KNOTS.);
#2119 = CARTESIAN_POINT('',(262.72098908759,167.78304119908,
    3.012933555441));
#2120 = CARTESIAN_POINT('',(262.72098908759,167.78304119908,
    5.330101875346));
#2121 = ORIENTED_EDGE('',*,*,#2122,.T.);
#2122 = EDGE_CURVE('',#2116,#2123,#2125,.T.);
#2123 = VERTEX_POINT('',#2124);
#2124 = CARTESIAN_POINT('',(265.07635753241,170.1384096439,
    5.370312032632));
#2125 = B_SPLINE_CURVE_WITH_KNOTS('',3,(#2126,#2127,#2128,#2129,#2130,
    #2131,#2132,#2133,#2134,#2135,#2136,#2137,#2138,#2139,#2140,#2141,
    #2142,#2143,#2144),.UNSPECIFIED.,.F.,.F.,(4,3,3,3,3,3,4),(
    8.796375023446E-03,0.721341335732,1.071376571557,2.138671615431,
    2.924822846689,3.028636326892,3.609010805562),.UNSPECIFIED.);
#2126 = CARTESIAN_POINT('',(262.72098892348,167.78304126134,
    5.330104729933));
#2127 = CARTESIAN_POINT('',(262.74956970128,168.01875513921,
    5.325947471613));
#2128 = CARTESIAN_POINT('',(262.80906153356,168.24919278938,
    5.322971629654));
#2129 = CARTESIAN_POINT('',(262.89756503414,168.46849652962,
    5.321298014129));
#2130 = CARTESIAN_POINT('',(262.94104207125,168.57622872992,
    5.320475856318));
#2131 = CARTESIAN_POINT('',(262.99152025074,168.68127407874,
    5.319968813177));
#2132 = CARTESIAN_POINT('',(263.04877415358,168.78293825067,
    5.319795693258));
#2133 = CARTESIAN_POINT('',(263.22334745503,169.09292323427,
    5.319267832024));
#2134 = CARTESIAN_POINT('',(263.45746622978,169.36534829259,
    5.321851564258));
#2135 = CARTESIAN_POINT('',(263.73762456924,169.5845390146,
    5.327795933312));
#2136 = CARTESIAN_POINT('',(263.94398439896,169.74599114256,
    5.332174453644));
#2137 = CARTESIAN_POINT('',(264.17257070304,169.87640828696,
    5.338323309725));
#2138 = CARTESIAN_POINT('',(264.41610080175,169.9718568477,
    5.346181470532));
#2139 = CARTESIAN_POINT('',(264.44825963593,169.98446109848,
    5.347219162758));
#2140 = CARTESIAN_POINT('',(264.48067906207,169.99645556737,
    5.348286586075));
#2141 = CARTESIAN_POINT('',(264.51334231315,170.00783119473,
    5.34938352554));
#2142 = CARTESIAN_POINT('',(264.69594785979,170.07142721117,
    5.355516020742));
#2143 = CARTESIAN_POINT('',(264.88470876848,170.11517178116,
    5.362523898328));
#2144 = CARTESIAN_POINT('',(265.07635753241,170.1384096439,
    5.370312032632));
#2145 = ORIENTED_EDGE('',*,*,#2146,.T.);
#2146 = EDGE_CURVE('',#2123,#2147,#2149,.T.);
#2147 = VERTEX_POINT('',#2148);
#2148 = CARTESIAN_POINT('',(265.07635753241,170.13840964391,
    3.012933555441));
#2149 = LINE('',#2150,#2151);
#2150 = CARTESIAN_POINT('',(265.07635753241,170.13840964391,
    9.521627930553E-11));
#2151 = VECTOR('',#2152,1.);
#2152 = DIRECTION('',(0.,0.,-1.));
#2153 = ORIENTED_EDGE('',*,*,#2154,.T.);
#2154 = EDGE_CURVE('',#2147,#2155,#2157,.T.);
#2155 = VERTEX_POINT('',#2156);
#2156 = CARTESIAN_POINT('',(265.72635753241,170.13840964391,
    3.012933555441));
#2157 = CIRCLE('',#2158,2.7);
#2158 = AXIS2_PLACEMENT_3D('',#2159,#2160,#2161);
#2159 = CARTESIAN_POINT('',(265.40135753241,167.45804119909,
    3.012933555441));
#2160 = DIRECTION('',(0.,0.,-1.));
#2161 = DIRECTION('',(0.,1.,0.));
#2162 = ORIENTED_EDGE('',*,*,#2163,.T.);
#2163 = EDGE_CURVE('',#2155,#1960,#2164,.T.);
#2164 = LINE('',#2165,#2166);
#2165 = CARTESIAN_POINT('',(265.72635753241,170.13840964391,
    9.521627930553E-11));
#2166 = VECTOR('',#2167,1.);
#2167 = DIRECTION('',(0.,0.,1.));
#2168 = ORIENTED_EDGE('',*,*,#1970,.T.);
#2169 = CYLINDRICAL_SURFACE('',#2170,2.7);
#2170 = AXIS2_PLACEMENT_3D('',#2171,#2172,#2173);
#2171 = CARTESIAN_POINT('',(265.40135753241,167.45804119909,
    9.521627930553E-11));
#2172 = DIRECTION('',(0.,0.,1.));
#2173 = DIRECTION('',(0.,1.,0.));
#2174 = ADVANCED_FACE('',(#2175),#2203,.F.);
#2175 = FACE_BOUND('',#2176,.T.);
#2176 = EDGE_LOOP('',(#2177,#2187,#2193,#2194));
#2177 = ORIENTED_EDGE('',*,*,#2178,.F.);
#2178 = EDGE_CURVE('',#2179,#2181,#2183,.T.);
#2179 = VERTEX_POINT('',#2180);
#2180 = CARTESIAN_POINT('',(265.07635753241,175.19444173282,
    3.012933555441));
#2181 = VERTEX_POINT('',#2182);
#2182 = CARTESIAN_POINT('',(265.07635753242,175.00025225817,
    5.264226249298));
#2183 = LINE('',#2184,#2185);
#2184 = CARTESIAN_POINT('',(265.07635753241,174.93364269971,
    6.036449422477));
#2185 = VECTOR('',#2186,1.);
#2186 = DIRECTION('',(0.,-8.593776923612E-02,0.996300506784));
#2187 = ORIENTED_EDGE('',*,*,#2188,.T.);
#2188 = EDGE_CURVE('',#2179,#2147,#2189,.T.);
#2189 = LINE('',#2190,#2191);
#2190 = CARTESIAN_POINT('',(265.07635753241,167.45804119907,
    3.012933555441));
#2191 = VECTOR('',#2192,1.);
#2192 = DIRECTION('',(0.,-1.,0.));
#2193 = ORIENTED_EDGE('',*,*,#2146,.F.);
#2194 = ORIENTED_EDGE('',*,*,#2195,.T.);
#2195 = EDGE_CURVE('',#2123,#2181,#2196,.T.);
#2196 = B_SPLINE_CURVE_WITH_KNOTS('',3,(#2197,#2198,#2199,#2200,#2201,
    #2202),.UNSPECIFIED.,.F.,.F.,(4,2,4),(2.362664115627,3.658916856277,
    7.225663992132),.UNSPECIFIED.);
#2197 = CARTESIAN_POINT('',(265.07635753242,170.1384096439,
    5.370312032632));
#2198 = CARTESIAN_POINT('',(265.07635753242,170.57039106643,
    5.360886164452));
#2199 = CARTESIAN_POINT('',(265.07635753242,171.00237248896,
    5.351460296272));
#2200 = CARTESIAN_POINT('',(265.07635753242,172.62298669371,
    5.316098368494));
#2201 = CARTESIAN_POINT('',(265.07635753241,173.81161947591,
    5.290162308897));
#2202 = CARTESIAN_POINT('',(265.07635753241,175.00025225812,
    5.264226249299));
#2203 = PLANE('',#2204);
#2204 = AXIS2_PLACEMENT_3D('',#2205,#2206,#2207);
#2205 = CARTESIAN_POINT('',(265.07635753241,167.45804119907,
    4.512933555441));
#2206 = DIRECTION('',(1.,0.,0.));
#2207 = DIRECTION('',(0.,-1.,0.));
#2208 = ADVANCED_FACE('',(#2209),#2227,.F.);
#2209 = FACE_BOUND('',#2210,.T.);
#2210 = EDGE_LOOP('',(#2211,#2219,#2225,#2226));
#2211 = ORIENTED_EDGE('',*,*,#2212,.F.);
#2212 = EDGE_CURVE('',#2213,#2179,#2215,.T.);
#2213 = VERTEX_POINT('',#2214);
#2214 = CARTESIAN_POINT('',(265.72635753241,175.19444173282,
    3.012933555441));
#2215 = LINE('',#2216,#2217);
#2216 = CARTESIAN_POINT('',(257.27948253241,175.19444173282,
    3.012933555441));
#2217 = VECTOR('',#2218,1.);
#2218 = DIRECTION('',(-1.,-6.700312722201E-18,0.));
#2219 = ORIENTED_EDGE('',*,*,#2220,.F.);
#2220 = EDGE_CURVE('',#2155,#2213,#2221,.T.);
#2221 = LINE('',#2222,#2223);
#2222 = CARTESIAN_POINT('',(265.72635753241,167.45804119907,
    3.012933555441));
#2223 = VECTOR('',#2224,1.);
#2224 = DIRECTION('',(0.,1.,0.));
#2225 = ORIENTED_EDGE('',*,*,#2154,.F.);
#2226 = ORIENTED_EDGE('',*,*,#2188,.F.);
#2227 = PLANE('',#2228);
#2228 = AXIS2_PLACEMENT_3D('',#2229,#2230,#2231);
#2229 = CARTESIAN_POINT('',(253.45135753241,167.78304119908,
    3.012933555441));
#2230 = DIRECTION('',(0.,0.,1.));
#2231 = DIRECTION('',(1.,0.,-0.));
#2232 = ADVANCED_FACE('',(#2233),#2244,.T.);
#2233 = FACE_BOUND('',#2234,.T.);
#2234 = EDGE_LOOP('',(#2235,#2241,#2242,#2243));
#2235 = ORIENTED_EDGE('',*,*,#2236,.F.);
#2236 = EDGE_CURVE('',#1949,#2213,#2237,.T.);
#2237 = LINE('',#2238,#2239);
#2238 = CARTESIAN_POINT('',(265.72635753241,174.93364269971,
    6.036449422477));
#2239 = VECTOR('',#2240,1.);
#2240 = DIRECTION('',(0.,8.593776923612E-02,-0.996300506784));
#2241 = ORIENTED_EDGE('',*,*,#1959,.T.);
#2242 = ORIENTED_EDGE('',*,*,#2163,.F.);
#2243 = ORIENTED_EDGE('',*,*,#2220,.T.);
#2244 = PLANE('',#2245);
#2245 = AXIS2_PLACEMENT_3D('',#2246,#2247,#2248);
#2246 = CARTESIAN_POINT('',(265.72635753241,167.45804119907,
    4.512933555441));
#2247 = DIRECTION('',(1.,0.,0.));
#2248 = DIRECTION('',(0.,-1.,0.));
#2249 = ADVANCED_FACE('',(#2250),#2359,.F.);
#2250 = FACE_BOUND('',#2251,.T.);
#2251 = EDGE_LOOP('',(#2252,#2253,#2254,#2255,#2266,#2274,#2282,#2290,
    #2301,#2309,#2317,#2325,#2336,#2351,#2357,#2358));
#2252 = ORIENTED_EDGE('',*,*,#2236,.T.);
#2253 = ORIENTED_EDGE('',*,*,#2212,.T.);
#2254 = ORIENTED_EDGE('',*,*,#2178,.T.);
#2255 = ORIENTED_EDGE('',*,*,#2256,.T.);
#2256 = EDGE_CURVE('',#2181,#2257,#2259,.T.);
#2257 = VERTEX_POINT('',#2258);
#2258 = CARTESIAN_POINT('',(253.77635753242,175.02196688639,
    5.012482513247));
#2259 = B_SPLINE_CURVE_WITH_KNOTS('',3,(#2260,#2261,#2262,#2263,#2264,
    #2265),.UNSPECIFIED.,.F.,.F.,(4,2,4),(0.130509341667,5.772676031356,
    11.434292029315),.UNSPECIFIED.);
#2260 = CARTESIAN_POINT('',(265.07635753242,175.00025225817,
    5.264226249298));
#2261 = CARTESIAN_POINT('',(263.1974167983,175.0072804741,5.182746183395
    ));
#2262 = CARTESIAN_POINT('',(261.31766593372,175.01260458108,
    5.121022327591));
#2263 = CARTESIAN_POINT('',(257.55068309667,175.01985519863,
    5.036963897935));
#2264 = CARTESIAN_POINT('',(255.66355928759,175.02176971912,
    5.014768328358));
#2265 = CARTESIAN_POINT('',(253.77635753241,175.02196688639,
    5.012482513247));
#2266 = ORIENTED_EDGE('',*,*,#2267,.T.);
#2267 = EDGE_CURVE('',#2257,#2268,#2270,.T.);
#2268 = VERTEX_POINT('',#2269);
#2269 = CARTESIAN_POINT('',(253.77635753241,175.19444173282,
    3.012933555441));
#2270 = LINE('',#2271,#2272);
#2271 = CARTESIAN_POINT('',(253.77635753242,174.93364269971,
    6.036449422477));
#2272 = VECTOR('',#2273,1.);
#2273 = DIRECTION('',(1.736887684499E-14,8.593776923612E-02,
    -0.996300506784));
#2274 = ORIENTED_EDGE('',*,*,#2275,.T.);
#2275 = EDGE_CURVE('',#2268,#2276,#2278,.T.);
#2276 = VERTEX_POINT('',#2277);
#2277 = CARTESIAN_POINT('',(253.12635753241,175.19444173282,
    3.012933555441));
#2278 = LINE('',#2279,#2280);
#2279 = CARTESIAN_POINT('',(257.27948253241,175.19444173282,
    3.012933555441));
#2280 = VECTOR('',#2281,1.);
#2281 = DIRECTION('',(-1.,-6.700312722201E-18,0.));
#2282 = ORIENTED_EDGE('',*,*,#2283,.T.);
#2283 = EDGE_CURVE('',#2276,#2284,#2286,.T.);
#2284 = VERTEX_POINT('',#2285);
#2285 = CARTESIAN_POINT('',(253.12635753241,175.02196688639,
    5.012482513247));
#2286 = LINE('',#2287,#2288);
#2287 = CARTESIAN_POINT('',(253.12635753241,174.85840907142,
    6.908653840375));
#2288 = VECTOR('',#2289,1.);
#2289 = DIRECTION('',(-2.22623856104E-28,-8.593776923612E-02,
    0.996300506784));
#2290 = ORIENTED_EDGE('',*,*,#2291,.T.);
#2291 = EDGE_CURVE('',#2284,#2292,#2294,.T.);
#2292 = VERTEX_POINT('',#2293);
#2293 = CARTESIAN_POINT('',(241.82635753242,175.00025225817,
    5.264226249299));
#2294 = B_SPLINE_CURVE_WITH_KNOTS('',3,(#2295,#2296,#2297,#2298,#2299,
    #2300),.UNSPECIFIED.,.F.,.F.,(4,2,4),(0.112742265875,5.774265054843,
    11.416524937057),.UNSPECIFIED.);
#2295 = CARTESIAN_POINT('',(253.1263575324,175.02196688639,
    5.012482513247));
#2296 = CARTESIAN_POINT('',(251.23918684413,175.02176972236,
    5.014768290729));
#2297 = CARTESIAN_POINT('',(249.35209409844,175.01985526164,
    5.03696316718));
#2298 = CARTESIAN_POINT('',(245.58511123206,175.01260475697,
    5.121020288449));
#2299 = CARTESIAN_POINT('',(243.70532930413,175.0072805902,
    5.182744837454));
#2300 = CARTESIAN_POINT('',(241.82635753244,175.00025225817,
    5.264226249298));
#2301 = ORIENTED_EDGE('',*,*,#2302,.T.);
#2302 = EDGE_CURVE('',#2292,#2303,#2305,.T.);
#2303 = VERTEX_POINT('',#2304);
#2304 = CARTESIAN_POINT('',(241.82635753242,175.19444173282,
    3.012933555441));
#2305 = LINE('',#2306,#2307);
#2306 = CARTESIAN_POINT('',(241.82635753242,174.93364269971,
    6.036449422477));
#2307 = VECTOR('',#2308,1.);
#2308 = DIRECTION('',(0.,8.593776923612E-02,-0.996300506784));
#2309 = ORIENTED_EDGE('',*,*,#2310,.T.);
#2310 = EDGE_CURVE('',#2303,#2311,#2313,.T.);
#2311 = VERTEX_POINT('',#2312);
#2312 = CARTESIAN_POINT('',(241.17635753241,175.19444173282,
    3.012933555441));
#2313 = LINE('',#2314,#2315);
#2314 = CARTESIAN_POINT('',(257.27948253241,175.19444173282,
    3.012933555441));
#2315 = VECTOR('',#2316,1.);
#2316 = DIRECTION('',(-1.,-6.700312722201E-18,0.));
#2317 = ORIENTED_EDGE('',*,*,#2318,.T.);
#2318 = EDGE_CURVE('',#2311,#2319,#2321,.T.);
#2319 = VERTEX_POINT('',#2320);
#2320 = CARTESIAN_POINT('',(241.17635753241,174.99775281258,
    5.293203018619));
#2321 = LINE('',#2322,#2323);
#2322 = CARTESIAN_POINT('',(241.17635753241,174.93364269971,
    6.036449422477));
#2323 = VECTOR('',#2324,1.);
#2324 = DIRECTION('',(0.,-8.593776923612E-02,0.996300506784));
#2325 = ORIENTED_EDGE('',*,*,#2326,.T.);
#2326 = EDGE_CURVE('',#2319,#2327,#2329,.T.);
#2327 = VERTEX_POINT('',#2328);
#2328 = CARTESIAN_POINT('',(236.01733334962,174.97307864142,
    5.579257560735));
#2329 = B_SPLINE_CURVE_WITH_KNOTS('',3,(#2330,#2331,#2332,#2333,#2334,
    #2335),.UNSPECIFIED.,.F.,.F.,(4,2,4),(3.177337411811E-02,
    2.706745799329,5.198873144088),.UNSPECIFIED.);
#2330 = CARTESIAN_POINT('',(241.17635753241,174.99775281258,
    5.293203018619));
#2331 = CARTESIAN_POINT('',(240.28564062549,174.9942343981,
    5.333992977979));
#2332 = CARTESIAN_POINT('',(239.39513424232,174.99033305284,
    5.379222360981));
#2333 = CARTESIAN_POINT('',(237.67546163746,174.98205764048,
    5.475161522558));
#2334 = CARTESIAN_POINT('',(236.84627337815,174.97773416266,
    5.525284805565));
#2335 = CARTESIAN_POINT('',(236.01733334963,174.97307864142,
    5.579257560736));
#2336 = ORIENTED_EDGE('',*,*,#2337,.T.);
#2337 = EDGE_CURVE('',#2327,#2338,#2340,.T.);
#2338 = VERTEX_POINT('',#2339);
#2339 = CARTESIAN_POINT('',(233.63199073861,175.4543279688,
    9.518741350689E-11));
#2340 = B_SPLINE_CURVE_WITH_KNOTS('',3,(#2341,#2342,#2343,#2344,#2345,
    #2346,#2347,#2348,#2349,#2350),.UNSPECIFIED.,.F.,.F.,(4,2,2,2,4),(
    0.421422667684,2.804039399841,2.877789655473,2.960044453903,
    3.307407196133),.UNSPECIFIED.);
#2341 = CARTESIAN_POINT('',(236.01733334962,174.97307864142,
    5.579257560734));
#2342 = CARTESIAN_POINT('',(235.68622109796,175.03970643372,
    4.806822997623));
#2343 = CARTESIAN_POINT('',(235.30952061136,175.11552026113,
    3.927892169498));
#2344 = CARTESIAN_POINT('',(234.97436178057,175.18301127435,
    3.145450045833));
#2345 = CARTESIAN_POINT('',(234.89615639711,175.19875353072,
    2.962945680763));
#2346 = CARTESIAN_POINT('',(234.76369127937,175.22546718685,
    2.653246821068));
#2347 = CARTESIAN_POINT('',(234.68245931239,175.24186515132,
    2.463140649588));
#2348 = CARTESIAN_POINT('',(234.29435237739,175.32024584743,
    1.554451397403));
#2349 = CARTESIAN_POINT('',(233.95806986957,175.38828543685,
    0.765649476804));
#2350 = CARTESIAN_POINT('',(233.63199073861,175.4543279688,
    9.539258272184E-11));
#2351 = ORIENTED_EDGE('',*,*,#2352,.F.);
#2352 = EDGE_CURVE('',#172,#2338,#2353,.T.);
#2353 = LINE('',#2354,#2355);
#2354 = CARTESIAN_POINT('',(263.23260753241,175.4543279688,
    9.530110034461E-11));
#2355 = VECTOR('',#2356,1.);
#2356 = DIRECTION('',(-1.,-6.700312722433E-18,-2.968122840996E-34));
#2357 = ORIENTED_EDGE('',*,*,#184,.T.);
#2358 = ORIENTED_EDGE('',*,*,#1948,.T.);
#2359 = PLANE('',#2360);
#2360 = AXIS2_PLACEMENT_3D('',#2361,#2362,#2363);
#2361 = CARTESIAN_POINT('',(261.10760753241,174.85840907142,
    6.908653840375));
#2362 = DIRECTION('',(-6.675524960743E-18,0.996300506784,
    8.593776923612E-02));
#2363 = DIRECTION('',(2.226237311721E-28,8.593776923612E-02,
    -0.996300506784));
#2364 = ADVANCED_FACE('',(#2365),#2405,.F.);
#2365 = FACE_BOUND('',#2366,.F.);
#2366 = EDGE_LOOP('',(#2367,#2368,#2379,#2394,#2403,#2404));
#2367 = ORIENTED_EDGE('',*,*,#2256,.T.);
#2368 = ORIENTED_EDGE('',*,*,#2369,.T.);
#2369 = EDGE_CURVE('',#2257,#2370,#2372,.T.);
#2370 = VERTEX_POINT('',#2371);
#2371 = CARTESIAN_POINT('',(253.77635753241,170.13840964391,
    5.119042111455));
#2372 = B_SPLINE_CURVE_WITH_KNOTS('',3,(#2373,#2374,#2375,#2376,#2377,
    #2378),.UNSPECIFIED.,.F.,.F.,(4,2,4),(6.496849897244E-02,
    3.658916856263,4.949688172451),.UNSPECIFIED.);
#2373 = CARTESIAN_POINT('',(253.77635753241,175.02196688639,
    5.012482513247));
#2374 = CARTESIAN_POINT('',(253.77635753241,173.82426918809,
    5.038616370018));
#2375 = CARTESIAN_POINT('',(253.77635753242,172.62657148978,
    5.064750226788));
#2376 = CARTESIAN_POINT('',(253.77635753242,170.99871907562,
    5.100270092857));
#2377 = CARTESIAN_POINT('',(253.77635753242,170.56856435977,
    5.109656102156));
#2378 = CARTESIAN_POINT('',(253.77635753242,170.13840964392,
    5.119042111455));
#2379 = ORIENTED_EDGE('',*,*,#2380,.T.);
#2380 = EDGE_CURVE('',#2370,#2381,#2383,.T.);
#2381 = VERTEX_POINT('',#2382);
#2382 = CARTESIAN_POINT('',(256.13172597723,167.78304119908,
    5.183602573107));
#2383 = B_SPLINE_CURVE_WITH_KNOTS('',3,(#2384,#2385,#2386,#2387,#2388,
    #2389,#2390,#2391,#2392,#2393),.UNSPECIFIED.,.F.,.F.,(4,2,2,2,4),(
    0.113379463385,0.735786669412,1.675238786267,2.659883434111,
    3.713076967258),.UNSPECIFIED.);
#2384 = CARTESIAN_POINT('',(253.77635753242,170.13840964391,
    5.119042111455));
#2385 = CARTESIAN_POINT('',(253.982067212,170.1134669365,5.119835053842)
  );
#2386 = CARTESIAN_POINT('',(254.18434553917,170.06491040977,
    5.121378097583));
#2387 = CARTESIAN_POINT('',(254.67323355541,169.88601796006,
    5.126968846676));
#2388 = CARTESIAN_POINT('',(254.94633056535,169.7280818062,
    5.131848807643));
#2389 = CARTESIAN_POINT('',(255.43768697486,169.31604612517,
    5.144010458132));
#2390 = CARTESIAN_POINT('',(255.64858899098,169.0611138198,
    5.151284166723));
#2391 = CARTESIAN_POINT('',(255.97973805378,168.46822578801,
    5.167124813389));
#2392 = CARTESIAN_POINT('',(256.08948800728,168.1313898816,5.17558042468
    ));
#2393 = CARTESIAN_POINT('',(256.13172597723,167.7830411991,
    5.183602573107));
#2394 = ORIENTED_EDGE('',*,*,#2395,.T.);
#2395 = EDGE_CURVE('',#2381,#2116,#2396,.T.);
#2396 = B_SPLINE_CURVE_WITH_KNOTS('',3,(#2397,#2398,#2399,#2400,#2401,
    #2402),.UNSPECIFIED.,.F.,.F.,(4,2,4),(2.46816985894,5.77409015733,
    9.059293685429),.UNSPECIFIED.);
#2397 = CARTESIAN_POINT('',(256.13172597723,167.78304119908,
    5.183602573111));
#2398 = CARTESIAN_POINT('',(257.23362906218,167.78304119908,
    5.194589605193));
#2399 = CARTESIAN_POINT('',(258.33546194942,167.78304119907,
    5.212351786176));
#2400 = CARTESIAN_POINT('',(260.53195853562,167.78304119907,
    5.261271242729));
#2401 = CARTESIAN_POINT('',(261.62658792466,167.78304119908,
    5.292343078478));
#2402 = CARTESIAN_POINT('',(262.72098908758,167.78304119908,
    5.330101875349));
#2403 = ORIENTED_EDGE('',*,*,#2122,.T.);
#2404 = ORIENTED_EDGE('',*,*,#2195,.T.);
#2405 = B_SPLINE_SURFACE_WITH_KNOTS('',3,3,(
    (#2406,#2407,#2408,#2409)
    ,(#2410,#2411,#2412,#2413)
    ,(#2414,#2415,#2416,#2417)
    ,(#2418,#2419,#2420,#2421
    )),.UNSPECIFIED.,.F.,.F.,.F.,(4,4),(4,4),(5.154980130563E-02,
    7.863119202083E-02),(9.918430044565E-02,0.141191500437),
  .PIECEWISE_BEZIER_KNOTS.);
#2406 = CARTESIAN_POINT('',(253.77635753241,175.02196688639,
    5.012482513247));
#2407 = CARTESIAN_POINT('',(257.5447188757,175.02206624527,
    5.017036066425));
#2408 = CARTESIAN_POINT('',(261.31304866412,175.0238944617,
    5.100822039557));
#2409 = CARTESIAN_POINT('',(265.07635753242,175.0274470064,
    5.263632857781));
#2410 = CARTESIAN_POINT('',(253.77635753241,172.60783090582,
    5.065159147785));
#2411 = CARTESIAN_POINT('',(257.5447188757,172.6079302647,5.069712700963
    ));
#2412 = CARTESIAN_POINT('',(261.31304866412,172.60975848113,
    5.153498674095));
#2413 = CARTESIAN_POINT('',(265.07635753242,172.61331102583,
    5.316309492319));
#2414 = CARTESIAN_POINT('',(253.77635753241,170.19369492524,
    5.117835782323));
#2415 = CARTESIAN_POINT('',(257.5447188757,170.19379428412,
    5.122389335501));
#2416 = CARTESIAN_POINT('',(261.31304866412,170.19562250056,
    5.206175308633));
#2417 = CARTESIAN_POINT('',(265.07635753242,170.19917504525,
    5.368986126857));
#2418 = CARTESIAN_POINT('',(253.77635753241,167.77955894466,
    5.170512416862));
#2419 = CARTESIAN_POINT('',(257.5447188757,167.77965830355,
    5.175065970039));
#2420 = CARTESIAN_POINT('',(261.31304866412,167.78148651999,
    5.258851943171));
#2421 = CARTESIAN_POINT('',(265.07635753242,167.78503906468,
    5.421662761395));
#2422 = ADVANCED_FACE('',(#2423),#2441,.F.);
#2423 = FACE_BOUND('',#2424,.F.);
#2424 = EDGE_LOOP('',(#2425,#2426,#2433,#2440));
#2425 = ORIENTED_EDGE('',*,*,#2395,.F.);
#2426 = ORIENTED_EDGE('',*,*,#2427,.T.);
#2427 = EDGE_CURVE('',#2381,#2428,#2430,.T.);
#2428 = VERTEX_POINT('',#2429);
#2429 = CARTESIAN_POINT('',(256.13172597723,167.78304119908,
    3.012933555441));
#2430 = B_SPLINE_CURVE_WITH_KNOTS('',1,(#2431,#2432),.UNSPECIFIED.,.F.,
  .F.,(2,2),(-2.170669017667,0.),.PIECEWISE_BEZIER_KNOTS.);
#2431 = CARTESIAN_POINT('',(256.13172597723,167.78304119908,
    5.183602573107));
#2432 = CARTESIAN_POINT('',(256.13172597723,167.78304119908,
    3.012933555441));
#2433 = ORIENTED_EDGE('',*,*,#2434,.F.);
#2434 = EDGE_CURVE('',#2107,#2428,#2435,.T.);
#2435 = B_SPLINE_CURVE_WITH_KNOTS('',3,(#2436,#2437,#2438,#2439),
  .UNSPECIFIED.,.F.,.F.,(4,4),(48.730368444824,55.319631555177),
  .PIECEWISE_BEZIER_KNOTS.);
#2436 = CARTESIAN_POINT('',(262.72098908758,167.78304119908,
    3.012933555441));
#2437 = CARTESIAN_POINT('',(260.5245680508,167.78304119908,
    3.012933555441));
#2438 = CARTESIAN_POINT('',(258.32814701402,167.78304119908,
    3.012933555441));
#2439 = CARTESIAN_POINT('',(256.13172597724,167.78304119908,
    3.012933555441));
#2440 = ORIENTED_EDGE('',*,*,#2115,.T.);
#2441 = B_SPLINE_SURFACE_WITH_KNOTS('',1,1,(
    (#2442,#2443,#2444,#2445)
    ,(#2446,#2447,#2448,#2449)
    ,(#2450,#2451,#2452,#2453
    )),.UNSPECIFIED.,.F.,.F.,.F.,(2,1,2),(2,1,1,2),(2.025046796916E-13,
    18.,66.999999999999),(-1.5,0.,3.,10.5),.UNSPECIFIED.);
#2442 = CARTESIAN_POINT('',(244.45135753241,167.78304119908,
    1.512933555441));
#2443 = CARTESIAN_POINT('',(244.45135753241,167.78304119908,
    3.012933555441));
#2444 = CARTESIAN_POINT('',(244.45135753241,167.78304119908,
    6.012933555441));
#2445 = CARTESIAN_POINT('',(244.45135753241,167.78304119908,
    13.512933555441));
#2446 = CARTESIAN_POINT('',(262.45135753241,167.78304119908,
    1.512933555441));
#2447 = CARTESIAN_POINT('',(262.45135753241,167.78304119908,
    3.012933555441));
#2448 = CARTESIAN_POINT('',(262.45135753241,167.78304119908,
    6.012933555441));
#2449 = CARTESIAN_POINT('',(262.45135753241,167.78304119908,
    13.512933555441));
#2450 = CARTESIAN_POINT('',(311.45135753241,167.78304119905,
    1.512933555441));
#2451 = CARTESIAN_POINT('',(311.45135753241,167.78304119905,
    3.012933555441));
#2452 = CARTESIAN_POINT('',(311.45135753241,167.78304119905,
    6.012933555441));
#2453 = CARTESIAN_POINT('',(311.45135753241,167.78304119905,
    13.512933555441));
#2454 = ADVANCED_FACE('',(#2455),#2483,.T.);
#2455 = FACE_BOUND('',#2456,.T.);
#2456 = EDGE_LOOP('',(#2457,#2458,#2469,#2477));
#2457 = ORIENTED_EDGE('',*,*,#2098,.F.);
#2458 = ORIENTED_EDGE('',*,*,#2459,.T.);
#2459 = EDGE_CURVE('',#2082,#2460,#2462,.T.);
#2460 = VERTEX_POINT('',#2461);
#2461 = CARTESIAN_POINT('',(256.13172597723,167.13304119907,
    5.197785623576));
#2462 = B_SPLINE_CURVE_WITH_KNOTS('',3,(#2463,#2464,#2465,#2466,#2467,
    #2468),.UNSPECIFIED.,.F.,.F.,(4,2,4),(2.487686605037,5.772870887158,
    9.078810431901),.UNSPECIFIED.);
#2463 = CARTESIAN_POINT('',(262.72098908758,167.13304119907,
    5.344284925818));
#2464 = CARTESIAN_POINT('',(261.62659433605,167.13304119907,
    5.306526350151));
#2465 = CARTESIAN_POINT('',(260.53197136102,167.13304119907,
    5.275454657255));
#2466 = CARTESIAN_POINT('',(258.33547477832,167.13304119907,
    5.226535043454));
#2467 = CARTESIAN_POINT('',(257.23363547708,167.13304119907,
    5.208772719624));
#2468 = CARTESIAN_POINT('',(256.13172597723,167.13304119907,
    5.197785623579));
#2469 = ORIENTED_EDGE('',*,*,#2470,.F.);
#2470 = EDGE_CURVE('',#2471,#2460,#2473,.T.);
#2471 = VERTEX_POINT('',#2472);
#2472 = CARTESIAN_POINT('',(256.13172597723,167.13304119907,
    3.012933555441));
#2473 = LINE('',#2474,#2475);
#2474 = CARTESIAN_POINT('',(256.13172597723,167.13304119907,
    9.521627930553E-11));
#2475 = VECTOR('',#2476,1.);
#2476 = DIRECTION('',(0.,0.,1.));
#2477 = ORIENTED_EDGE('',*,*,#2478,.T.);
#2478 = EDGE_CURVE('',#2471,#2099,#2479,.T.);
#2479 = LINE('',#2480,#2481);
#2480 = CARTESIAN_POINT('',(253.45135753241,167.13304119907,
    3.012933555441));
#2481 = VECTOR('',#2482,1.);
#2482 = DIRECTION('',(1.,-4.042198674546E-13,0.));
#2483 = PLANE('',#2484);
#2484 = AXIS2_PLACEMENT_3D('',#2485,#2486,#2487);
#2485 = CARTESIAN_POINT('',(253.45135753241,167.13304119907,
    4.512933555441));
#2486 = DIRECTION('',(-4.042198674546E-13,-1.,0.));
#2487 = DIRECTION('',(-0.,0.,-1.));
#2488 = ADVANCED_FACE('',(#2489),#2501,.F.);
#2489 = FACE_BOUND('',#2490,.T.);
#2490 = EDGE_LOOP('',(#2491,#2492,#2493,#2500));
#2491 = ORIENTED_EDGE('',*,*,#2106,.F.);
#2492 = ORIENTED_EDGE('',*,*,#2478,.F.);
#2493 = ORIENTED_EDGE('',*,*,#2494,.F.);
#2494 = EDGE_CURVE('',#2428,#2471,#2495,.T.);
#2495 = CIRCLE('',#2496,2.7);
#2496 = AXIS2_PLACEMENT_3D('',#2497,#2498,#2499);
#2497 = CARTESIAN_POINT('',(253.45135753241,167.45804119909,
    3.012933555441));
#2498 = DIRECTION('',(0.,0.,-1.));
#2499 = DIRECTION('',(0.,1.,0.));
#2500 = ORIENTED_EDGE('',*,*,#2434,.F.);
#2501 = PLANE('',#2502);
#2502 = AXIS2_PLACEMENT_3D('',#2503,#2504,#2505);
#2503 = CARTESIAN_POINT('',(253.45135753241,167.78304119908,
    3.012933555441));
#2504 = DIRECTION('',(0.,0.,1.));
#2505 = DIRECTION('',(1.,0.,-0.));
#2506 = ADVANCED_FACE('',(#2507),#2532,.F.);
#2507 = FACE_BOUND('',#2508,.F.);
#2508 = EDGE_LOOP('',(#2509,#2510,#2521,#2530,#2531));
#2509 = ORIENTED_EDGE('',*,*,#2016,.T.);
#2510 = ORIENTED_EDGE('',*,*,#2511,.T.);
#2511 = EDGE_CURVE('',#2017,#2512,#2514,.T.);
#2512 = VERTEX_POINT('',#2513);
#2513 = CARTESIAN_POINT('',(265.72635753241,162.15701002766,
    5.573389023185));
#2514 = B_SPLINE_CURVE_WITH_KNOTS('',3,(#2515,#2516,#2517,#2518,#2519,
    #2520),.UNSPECIFIED.,.F.,.F.,(4,2,4),(2.392512913477,2.638877994182,
    5.013799435202),.UNSPECIFIED.);
#2515 = CARTESIAN_POINT('',(265.72635753241,164.77767275422,
    5.516205959014));
#2516 = CARTESIAN_POINT('',(265.72635753241,164.69557060339,
    5.51799743432));
#2517 = CARTESIAN_POINT('',(265.72635753241,164.61346845256,
    5.519788909626));
#2518 = CARTESIAN_POINT('',(265.72635753241,163.73991421039,
    5.538849931016));
#2519 = CARTESIAN_POINT('',(265.72635753241,162.94846211905,5.5561194771
    ));
#2520 = CARTESIAN_POINT('',(265.72635753241,162.1570100277,
    5.573389023184));
#2521 = ORIENTED_EDGE('',*,*,#2522,.T.);
#2522 = EDGE_CURVE('',#2512,#142,#2523,.T.);
#2523 = B_SPLINE_CURVE_WITH_KNOTS('',3,(#2524,#2525,#2526,#2527,#2528,
    #2529),.UNSPECIFIED.,.F.,.F.,(4,2,4),(3.168267555763E-02,
    2.694209861426,5.177198636475),.UNSPECIFIED.);
#2524 = CARTESIAN_POINT('',(265.72635753241,162.15701002766,
    5.573389023185));
#2525 = CARTESIAN_POINT('',(266.61276278428,162.17569069659,
    5.613497518245));
#2526 = CARTESIAN_POINT('',(267.49891942818,162.19639381112,
    5.657948322997));
#2527 = CARTESIAN_POINT('',(269.21093451399,162.24030991149,
    5.752238773786));
#2528 = CARTESIAN_POINT('',(270.03681272492,162.26325908272,
    5.801511994346));
#2529 = CARTESIAN_POINT('',(270.86240328144,162.28796423399,
    5.854555407369));
#2530 = ORIENTED_EDGE('',*,*,#141,.T.);
#2531 = ORIENTED_EDGE('',*,*,#32,.T.);
#2532 = B_SPLINE_SURFACE_WITH_KNOTS('',3,3,(
    (#2533,#2534,#2535,#2536)
    ,(#2537,#2538,#2539,#2540)
    ,(#2541,#2542,#2543,#2544)
    ,(#2545,#2546,#2547,#2548
    )),.UNSPECIFIED.,.F.,.F.,.F.,(4,4),(4,4),(8.108117766239E-02,
    9.967832676804E-02),(0.143610189027,0.162767391571),
  .PIECEWISE_BEZIER_KNOTS.);
#2533 = CARTESIAN_POINT('',(265.72635753241,167.13046732873,
    5.464867798719));
#2534 = CARTESIAN_POINT('',(267.44232723927,167.13217795285,
    5.543264591964));
#2535 = CARTESIAN_POINT('',(269.15719341106,167.13424696097,
    5.638085891376));
#2536 = CARTESIAN_POINT('',(270.87048562599,167.13667324432,
    5.749280882914));
#2537 = CARTESIAN_POINT('',(265.72635753241,165.47264822837,
    5.501041540207));
#2538 = CARTESIAN_POINT('',(267.44232723927,165.47435885248,
    5.579438333452));
#2539 = CARTESIAN_POINT('',(269.15719341106,165.4764278606,
    5.674259632865));
#2540 = CARTESIAN_POINT('',(270.87048562599,165.47885414395,
    5.785454624403));
#2541 = CARTESIAN_POINT('',(265.72635753241,163.81482912802,
    5.537215281696));
#2542 = CARTESIAN_POINT('',(267.44232723927,163.81653975213,
    5.615612074941));
#2543 = CARTESIAN_POINT('',(269.15719341106,163.81860876025,
    5.710433374353));
#2544 = CARTESIAN_POINT('',(270.870485626,163.82103504359,5.821628365892
    ));
#2545 = CARTESIAN_POINT('',(265.72635753241,162.15701002765,
    5.573389023185));
#2546 = CARTESIAN_POINT('',(267.44232723927,162.15872065177,
    5.65178581643));
#2547 = CARTESIAN_POINT('',(269.15719341106,162.16078965988,
    5.746607115842));
#2548 = CARTESIAN_POINT('',(270.870485626,162.16321594323,5.857802107381
    ));
#2549 = ADVANCED_FACE('',(#2550),#2711,.T.);
#2550 = FACE_BOUND('',#2551,.T.);
#2551 = EDGE_LOOP('',(#2552,#2553,#2554,#2555,#2572,#2580,#2589,#2597,
    #2604,#2605,#2614,#2623,#2640,#2648,#2657,#2664,#2688,#2695,#2704,
    #2710));
#2552 = ORIENTED_EDGE('',*,*,#2427,.T.);
#2553 = ORIENTED_EDGE('',*,*,#2494,.T.);
#2554 = ORIENTED_EDGE('',*,*,#2470,.T.);
#2555 = ORIENTED_EDGE('',*,*,#2556,.T.);
#2556 = EDGE_CURVE('',#2460,#2557,#2559,.T.);
#2557 = VERTEX_POINT('',#2558);
#2558 = CARTESIAN_POINT('',(253.77635753241,164.77767275426,
    5.236013806613));
#2559 = B_SPLINE_CURVE_WITH_KNOTS('',3,(#2560,#2561,#2562,#2563,#2564,
    #2565,#2566,#2567,#2568,#2569,#2570,#2571),.UNSPECIFIED.,.F.,.F.,(4,
    2,2,2,2,4),(4.076347545154E-02,1.071619321947,2.108815421288,
    2.980955098604,3.393210165464,3.639406280444),.UNSPECIFIED.);
#2560 = CARTESIAN_POINT('',(256.13172597723,167.13304119908,
    5.197785623576));
#2561 = CARTESIAN_POINT('',(256.09040292027,166.79223806703,
    5.204809943811));
#2562 = CARTESIAN_POINT('',(255.98443781931,166.46227470792,
    5.210942872544));
#2563 = CARTESIAN_POINT('',(255.6533064319,165.85775240009,
    5.221216680546));
#2564 = CARTESIAN_POINT('',(255.43053498874,165.58925120072,
    5.225261316976));
#2565 = CARTESIAN_POINT('',(254.93837902143,165.18575746503,
    5.230931630005));
#2566 = CARTESIAN_POINT('',(254.68527292705,165.03895790596,
    5.232810681084));
#2567 = CARTESIAN_POINT('',(254.28526343744,164.8863716877,
    5.234708254476));
#2568 = CARTESIAN_POINT('',(254.15331921517,164.84726867357,
    5.235181666752));
#2569 = CARTESIAN_POINT('',(253.93874281774,164.80112754619,
    5.235735407032));
#2570 = CARTESIAN_POINT('',(253.85778655628,164.78754618521,
    5.235896810354));
#2571 = CARTESIAN_POINT('',(253.77635753241,164.77767275426,
    5.236013806613));
#2572 = ORIENTED_EDGE('',*,*,#2573,.F.);
#2573 = EDGE_CURVE('',#2574,#2557,#2576,.T.);
#2574 = VERTEX_POINT('',#2575);
#2575 = CARTESIAN_POINT('',(253.77635753241,164.77767275426,
    3.012933555441));
#2576 = LINE('',#2577,#2578);
#2577 = CARTESIAN_POINT('',(253.77635753241,164.77767275426,
    9.521627930553E-11));
#2578 = VECTOR('',#2579,1.);
#2579 = DIRECTION('',(0.,0.,1.));
#2580 = ORIENTED_EDGE('',*,*,#2581,.F.);
#2581 = EDGE_CURVE('',#2582,#2574,#2584,.T.);
#2582 = VERTEX_POINT('',#2583);
#2583 = CARTESIAN_POINT('',(253.45135753241,164.75804119909,
    3.012933555441));
#2584 = CIRCLE('',#2585,2.7);
#2585 = AXIS2_PLACEMENT_3D('',#2586,#2587,#2588);
#2586 = CARTESIAN_POINT('',(253.45135753241,167.45804119909,
    3.012933555441));
#2587 = DIRECTION('',(0.,-0.,1.));
#2588 = DIRECTION('',(0.,1.,0.));
#2589 = ORIENTED_EDGE('',*,*,#2590,.T.);
#2590 = EDGE_CURVE('',#2582,#2591,#2593,.T.);
#2591 = VERTEX_POINT('',#2592);
#2592 = CARTESIAN_POINT('',(253.45135753241,164.75804119909,
    0.200000000095));
#2593 = LINE('',#2594,#2595);
#2594 = CARTESIAN_POINT('',(253.45135753241,164.75804119909,
    9.521627930553E-11));
#2595 = VECTOR('',#2596,1.);
#2596 = DIRECTION('',(0.,0.,-1.));
#2597 = ORIENTED_EDGE('',*,*,#2598,.F.);
#2598 = EDGE_CURVE('',#2591,#2591,#2599,.T.);
#2599 = CIRCLE('',#2600,2.7);
#2600 = AXIS2_PLACEMENT_3D('',#2601,#2602,#2603);
#2601 = CARTESIAN_POINT('',(253.45135753241,167.45804119909,
    0.200000000095));
#2602 = DIRECTION('',(0.,-3.061616997868E-16,-1.));
#2603 = DIRECTION('',(0.,1.,-3.061616997868E-16));
#2604 = ORIENTED_EDGE('',*,*,#2590,.F.);
#2605 = ORIENTED_EDGE('',*,*,#2606,.F.);
#2606 = EDGE_CURVE('',#2607,#2582,#2609,.T.);
#2607 = VERTEX_POINT('',#2608);
#2608 = CARTESIAN_POINT('',(253.12635753241,164.77767275426,
    3.012933555441));
#2609 = CIRCLE('',#2610,2.7);
#2610 = AXIS2_PLACEMENT_3D('',#2611,#2612,#2613);
#2611 = CARTESIAN_POINT('',(253.45135753241,167.45804119909,
    3.012933555441));
#2612 = DIRECTION('',(0.,-0.,1.));
#2613 = DIRECTION('',(0.,1.,0.));
#2614 = ORIENTED_EDGE('',*,*,#2615,.F.);
#2615 = EDGE_CURVE('',#2616,#2607,#2618,.T.);
#2616 = VERTEX_POINT('',#2617);
#2617 = CARTESIAN_POINT('',(253.12635753241,164.77767275426,
    5.236013806613));
#2618 = B_SPLINE_CURVE_WITH_KNOTS('',3,(#2619,#2620,#2621,#2622),
  .UNSPECIFIED.,.F.,.F.,(4,4),(-2.223080251172,0.),
  .PIECEWISE_BEZIER_KNOTS.);
#2619 = CARTESIAN_POINT('',(253.12635753241,164.77767275426,
    5.236013806613));
#2620 = CARTESIAN_POINT('',(253.12635753241,164.77767275426,
    4.494987056222));
#2621 = CARTESIAN_POINT('',(253.12635753241,164.77767275426,
    3.753960305832));
#2622 = CARTESIAN_POINT('',(253.12635753241,164.77767275426,
    3.012933555441));
#2623 = ORIENTED_EDGE('',*,*,#2624,.T.);
#2624 = EDGE_CURVE('',#2616,#2625,#2627,.T.);
#2625 = VERTEX_POINT('',#2626);
#2626 = CARTESIAN_POINT('',(250.77098908758,167.13304119907,
    5.197785623576));
#2627 = B_SPLINE_CURVE_WITH_KNOTS('',3,(#2628,#2629,#2630,#2631,#2632,
    #2633,#2634,#2635,#2636,#2637,#2638,#2639),.UNSPECIFIED.,.F.,.F.,(4,
    2,2,2,2,4),(0.113367400166,0.570366179172,1.399947695336,
    2.478097840104,3.133805866739,3.710284992082),.UNSPECIFIED.);
#2628 = CARTESIAN_POINT('',(253.1263575324,164.77767275426,
    5.236013806613));
#2629 = CARTESIAN_POINT('',(252.97526636026,164.79599285911,
    5.235796720602));
#2630 = CARTESIAN_POINT('',(252.82592681918,164.82706391611,
    5.235427526804));
#2631 = CARTESIAN_POINT('',(252.4149455609,164.94959216037,
    5.233933271038));
#2632 = CARTESIAN_POINT('',(252.16365243513,165.06884080074,
    5.232450774281));
#2633 = CARTESIAN_POINT('',(251.63753610786,165.425997655,5.22762547934)
  );
#2634 = CARTESIAN_POINT('',(251.38348204056,165.68518358811,
    5.223897322151));
#2635 = CARTESIAN_POINT('',(251.06851099219,166.16970649065,
    5.215977350767));
#2636 = CARTESIAN_POINT('',(250.97208664037,166.3667235413,
    5.212567282947));
#2637 = CARTESIAN_POINT('',(250.83750162703,166.75471218213,
    5.205378452549));
#2638 = CARTESIAN_POINT('',(250.79410540299,166.9423942995,
    5.201715061861));
#2639 = CARTESIAN_POINT('',(250.77098908758,167.13304119909,
    5.197785623576));
#2640 = ORIENTED_EDGE('',*,*,#2641,.T.);
#2641 = EDGE_CURVE('',#2625,#2642,#2644,.T.);
#2642 = VERTEX_POINT('',#2643);
#2643 = CARTESIAN_POINT('',(250.77098908759,167.13304119908,
    3.012933555441));
#2644 = LINE('',#2645,#2646);
#2645 = CARTESIAN_POINT('',(250.77098908759,167.13304119907,
    9.521627930553E-11));
#2646 = VECTOR('',#2647,1.);
#2647 = DIRECTION('',(0.,0.,-1.));
#2648 = ORIENTED_EDGE('',*,*,#2649,.T.);
#2649 = EDGE_CURVE('',#2642,#2650,#2652,.T.);
#2650 = VERTEX_POINT('',#2651);
#2651 = CARTESIAN_POINT('',(250.77098908758,167.78304119908,
    3.012933555441));
#2652 = CIRCLE('',#2653,2.7);
#2653 = AXIS2_PLACEMENT_3D('',#2654,#2655,#2656);
#2654 = CARTESIAN_POINT('',(253.45135753241,167.45804119909,
    3.012933555441));
#2655 = DIRECTION('',(0.,0.,-1.));
#2656 = DIRECTION('',(0.,1.,0.));
#2657 = ORIENTED_EDGE('',*,*,#2658,.T.);
#2658 = EDGE_CURVE('',#2650,#2659,#2661,.T.);
#2659 = VERTEX_POINT('',#2660);
#2660 = CARTESIAN_POINT('',(250.77098924119,167.78304126125,
    5.183605424272));
#2661 = B_SPLINE_CURVE_WITH_KNOTS('',1,(#2662,#2663),.UNSPECIFIED.,.F.,
  .F.,(2,2),(0.,2.170669017667),.PIECEWISE_BEZIER_KNOTS.);
#2662 = CARTESIAN_POINT('',(250.77098908759,167.78304119908,
    3.012933555441));
#2663 = CARTESIAN_POINT('',(250.77098908758,167.78304119908,
    5.183602573108));
#2664 = ORIENTED_EDGE('',*,*,#2665,.T.);
#2665 = EDGE_CURVE('',#2659,#2666,#2668,.T.);
#2666 = VERTEX_POINT('',#2667);
#2667 = CARTESIAN_POINT('',(253.12635753241,170.1384096439,
    5.119042111455));
#2668 = B_SPLINE_CURVE_WITH_KNOTS('',3,(#2669,#2670,#2671,#2672,#2673,
    #2674,#2675,#2676,#2677,#2678,#2679,#2680,#2681,#2682,#2683,#2684,
    #2685,#2686,#2687),.UNSPECIFIED.,.F.,.F.,(4,3,3,3,3,3,4),(
    1.201465212947E-02,0.724986936865,1.072729613595,2.141395585168,
    2.929802424364,3.020737664616,3.612007762977),.UNSPECIFIED.);
#2669 = CARTESIAN_POINT('',(250.7709892412,167.78304126125,
    5.183605424272));
#2670 = CARTESIAN_POINT('',(250.79958245032,168.0188576106,
    5.178174740409));
#2671 = CARTESIAN_POINT('',(250.85911297951,168.24938730084,
    5.172550737749));
#2672 = CARTESIAN_POINT('',(250.94767490908,168.46876766674,
    5.166938850823));
#2673 = CARTESIAN_POINT('',(250.99086980333,168.57576750011,
    5.164201728185));
#2674 = CARTESIAN_POINT('',(251.04097090233,168.68011507281,
    5.161468336886));
#2675 = CARTESIAN_POINT('',(251.09775711945,168.78113025783,
    5.158766898683));
#2676 = CARTESIAN_POINT('',(251.27226977478,169.09156523768,
    5.150464969487));
#2677 = CARTESIAN_POINT('',(251.50649782469,169.36444362349,5.1426240816
    ));
#2678 = CARTESIAN_POINT('',(251.78693498282,169.58399921488,
    5.136096632282));
#2679 = CARTESIAN_POINT('',(251.99382710749,169.74597604809,
    5.131281015596));
#2680 = CARTESIAN_POINT('',(252.22314252591,169.87679554966,
    5.127249226263));
#2681 = CARTESIAN_POINT('',(252.46755986959,169.97242821939,
    5.124267832631));
#2682 = CARTESIAN_POINT('',(252.49575108859,169.98345853948,
    5.123923957194));
#2683 = CARTESIAN_POINT('',(252.52414321336,169.99402075269,
    5.123593997299));
#2684 = CARTESIAN_POINT('',(252.55272500851,170.00410867501,
    5.123278312954));
#2685 = CARTESIAN_POINT('',(252.73856672321,170.06970136329,
    5.121225701505));
#2686 = CARTESIAN_POINT('',(252.9309289749,170.11471347963,
    5.119795424918));
#2687 = CARTESIAN_POINT('',(253.1263575324,170.13840964391,
    5.119042111455));
#2688 = ORIENTED_EDGE('',*,*,#2689,.T.);
#2689 = EDGE_CURVE('',#2666,#2690,#2692,.T.);
#2690 = VERTEX_POINT('',#2691);
#2691 = CARTESIAN_POINT('',(253.12635753241,170.1384096439,
    3.012933555441));
#2692 = B_SPLINE_CURVE_WITH_KNOTS('',1,(#2693,#2694),.UNSPECIFIED.,.F.,
  .F.,(2,2),(-2.106108556014,0.),.PIECEWISE_BEZIER_KNOTS.);
#2693 = CARTESIAN_POINT('',(253.12635753241,170.1384096439,
    5.119042111455));
#2694 = CARTESIAN_POINT('',(253.12635753241,170.1384096439,
    3.012933555441));
#2695 = ORIENTED_EDGE('',*,*,#2696,.T.);
#2696 = EDGE_CURVE('',#2690,#2697,#2699,.T.);
#2697 = VERTEX_POINT('',#2698);
#2698 = CARTESIAN_POINT('',(253.77635753241,170.13840964391,
    3.012933555441));
#2699 = CIRCLE('',#2700,2.7);
#2700 = AXIS2_PLACEMENT_3D('',#2701,#2702,#2703);
#2701 = CARTESIAN_POINT('',(253.45135753241,167.45804119909,
    3.012933555441));
#2702 = DIRECTION('',(0.,0.,-1.));
#2703 = DIRECTION('',(0.,1.,0.));
#2704 = ORIENTED_EDGE('',*,*,#2705,.T.);
#2705 = EDGE_CURVE('',#2697,#2370,#2706,.T.);
#2706 = LINE('',#2707,#2708);
#2707 = CARTESIAN_POINT('',(253.77635753241,170.13840964391,
    9.521627930553E-11));
#2708 = VECTOR('',#2709,1.);
#2709 = DIRECTION('',(0.,0.,1.));
#2710 = ORIENTED_EDGE('',*,*,#2380,.T.);
#2711 = CYLINDRICAL_SURFACE('',#2712,2.7);
#2712 = AXIS2_PLACEMENT_3D('',#2713,#2714,#2715);
#2713 = CARTESIAN_POINT('',(253.45135753241,167.45804119909,
    9.521627930553E-11));
#2714 = DIRECTION('',(0.,0.,1.));
#2715 = DIRECTION('',(0.,1.,0.));
#2716 = ADVANCED_FACE('',(#2717),#2732,.F.);
#2717 = FACE_BOUND('',#2718,.T.);
#2718 = EDGE_LOOP('',(#2719,#2720,#2725,#2726));
#2719 = ORIENTED_EDGE('',*,*,#2696,.F.);
#2720 = ORIENTED_EDGE('',*,*,#2721,.T.);
#2721 = EDGE_CURVE('',#2690,#2276,#2722,.T.);
#2722 = B_SPLINE_CURVE_WITH_KNOTS('',1,(#2723,#2724),.UNSPECIFIED.,.F.,
  .F.,(2,2),(11.680368444836,16.736400533752),.PIECEWISE_BEZIER_KNOTS.);
#2723 = CARTESIAN_POINT('',(253.12635753241,170.13840964391,
    3.012933555441));
#2724 = CARTESIAN_POINT('',(253.12635753241,175.19444173282,
    3.012933555441));
#2725 = ORIENTED_EDGE('',*,*,#2275,.F.);
#2726 = ORIENTED_EDGE('',*,*,#2727,.T.);
#2727 = EDGE_CURVE('',#2268,#2697,#2728,.T.);
#2728 = LINE('',#2729,#2730);
#2729 = CARTESIAN_POINT('',(253.77635753241,167.45804119907,
    3.012933555441));
#2730 = VECTOR('',#2731,1.);
#2731 = DIRECTION('',(-2.021099337273E-13,-1.,0.));
#2732 = PLANE('',#2733);
#2733 = AXIS2_PLACEMENT_3D('',#2734,#2735,#2736);
#2734 = CARTESIAN_POINT('',(253.45135753241,167.78304119908,
    3.012933555441));
#2735 = DIRECTION('',(0.,0.,1.));
#2736 = DIRECTION('',(1.,0.,-0.));
#2737 = ADVANCED_FACE('',(#2738),#2752,.F.);
#2738 = FACE_BOUND('',#2739,.F.);
#2739 = EDGE_LOOP('',(#2740,#2741,#2742,#2751));
#2740 = ORIENTED_EDGE('',*,*,#2721,.T.);
#2741 = ORIENTED_EDGE('',*,*,#2283,.T.);
#2742 = ORIENTED_EDGE('',*,*,#2743,.F.);
#2743 = EDGE_CURVE('',#2666,#2284,#2744,.T.);
#2744 = B_SPLINE_CURVE_WITH_KNOTS('',3,(#2745,#2746,#2747,#2748,#2749,
    #2750),.UNSPECIFIED.,.F.,.F.,(4,2,4),(2.368145510564,3.658916841525,
    7.252865184035),.UNSPECIFIED.);
#2745 = CARTESIAN_POINT('',(253.12635753241,170.13840964393,
    5.119042111454));
#2746 = CARTESIAN_POINT('',(253.12635753241,170.56856436471,
    5.109656102048));
#2747 = CARTESIAN_POINT('',(253.12635753241,170.99871908549,
    5.100270092642));
#2748 = CARTESIAN_POINT('',(253.12635753241,172.62657149964,
    5.064750226573));
#2749 = CARTESIAN_POINT('',(253.12635753241,173.82426919302,
    5.03861636991));
#2750 = CARTESIAN_POINT('',(253.12635753241,175.02196688639,
    5.012482513247));
#2751 = ORIENTED_EDGE('',*,*,#2689,.T.);
#2752 = B_SPLINE_SURFACE_WITH_KNOTS('',1,1,(
    (#2753,#2754,#2755)
    ,(#2756,#2757,#2758)
    ,(#2759,#2760,#2761)
    ,(#2762,#2763,#2764
    )),.UNSPECIFIED.,.F.,.F.,.F.,(2,1,1,2),(2,1,2),(-66.20000000002,
    -3.4354741274E-12,18.000000000003,20.700000000005),(0.,3.,10.5),
  .UNSPECIFIED.);
#2753 = CARTESIAN_POINT('',(253.12635753239,92.258041199078,
    3.012933555441));
#2754 = CARTESIAN_POINT('',(253.12635753239,92.258041199078,
    6.012933555441));
#2755 = CARTESIAN_POINT('',(253.12635753239,92.258041199078,
    13.512933555441));
#2756 = CARTESIAN_POINT('',(253.12635753241,158.45804119907,
    3.012933555441));
#2757 = CARTESIAN_POINT('',(253.12635753241,158.45804119907,
    6.012933555441));
#2758 = CARTESIAN_POINT('',(253.12635753241,158.45804119907,
    13.512933555441));
#2759 = CARTESIAN_POINT('',(253.12635753241,176.45804119907,
    3.012933555441));
#2760 = CARTESIAN_POINT('',(253.12635753241,176.45804119907,
    6.012933555441));
#2761 = CARTESIAN_POINT('',(253.12635753241,176.45804119907,
    13.512933555441));
#2762 = CARTESIAN_POINT('',(253.12635753241,179.15804119907,
    3.012933555441));
#2763 = CARTESIAN_POINT('',(253.12635753241,179.15804119907,
    6.012933555441));
#2764 = CARTESIAN_POINT('',(253.12635753241,179.15804119907,
    13.512933555441));
#2765 = ADVANCED_FACE('',(#2766),#2772,.T.);
#2766 = FACE_BOUND('',#2767,.T.);
#2767 = EDGE_LOOP('',(#2768,#2769,#2770,#2771));
#2768 = ORIENTED_EDGE('',*,*,#2705,.F.);
#2769 = ORIENTED_EDGE('',*,*,#2727,.F.);
#2770 = ORIENTED_EDGE('',*,*,#2267,.F.);
#2771 = ORIENTED_EDGE('',*,*,#2369,.T.);
#2772 = PLANE('',#2773);
#2773 = AXIS2_PLACEMENT_3D('',#2774,#2775,#2776);
#2774 = CARTESIAN_POINT('',(253.77635753241,167.45804119907,
    4.512933555441));
#2775 = DIRECTION('',(1.,-2.021099337273E-13,0.));
#2776 = DIRECTION('',(0.,0.,-1.));
#2777 = ADVANCED_FACE('',(#2778),#2814,.F.);
#2778 = FACE_BOUND('',#2779,.F.);
#2779 = EDGE_LOOP('',(#2780,#2781,#2792,#2803,#2812,#2813));
#2780 = ORIENTED_EDGE('',*,*,#2556,.T.);
#2781 = ORIENTED_EDGE('',*,*,#2782,.T.);
#2782 = EDGE_CURVE('',#2557,#2783,#2785,.T.);
#2783 = VERTEX_POINT('',#2784);
#2784 = CARTESIAN_POINT('',(253.77635753241,162.02782247724,
    5.296015753166));
#2785 = B_SPLINE_CURVE_WITH_KNOTS('',3,(#2786,#2787,#2788,#2789,#2790,
    #2791),.UNSPECIFIED.,.F.,.F.,(4,2,4),(2.396129734015,2.70515751732,
    5.146634556663),.UNSPECIFIED.);
#2786 = CARTESIAN_POINT('',(253.77635753242,164.77767275427,
    5.236013806613));
#2787 = CARTESIAN_POINT('',(253.77635753242,164.67468800658,
    5.238260941804));
#2788 = CARTESIAN_POINT('',(253.77635753242,164.57170325889,
    5.240508076995));
#2789 = CARTESIAN_POINT('',(253.77635753242,163.6550864999,
    5.260508725845));
#2790 = CARTESIAN_POINT('',(253.77635753241,162.84145448858,
    5.278262239505));
#2791 = CARTESIAN_POINT('',(253.77635753241,162.02782247728,
    5.296015753165));
#2792 = ORIENTED_EDGE('',*,*,#2793,.T.);
#2793 = EDGE_CURVE('',#2783,#2794,#2796,.T.);
#2794 = VERTEX_POINT('',#2795);
#2795 = CARTESIAN_POINT('',(265.07635753241,162.14367492112,
    5.544757765022));
#2796 = B_SPLINE_CURVE_WITH_KNOTS('',3,(#2797,#2798,#2799,#2800,#2801,
    #2802),.UNSPECIFIED.,.F.,.F.,(4,2,4),(0.112735423016,5.77388972568,
    11.417255477735),.UNSPECIFIED.);
#2797 = CARTESIAN_POINT('',(253.77635753241,162.02782247723,
    5.296015753166));
#2798 = CARTESIAN_POINT('',(255.66340363191,162.02887432237,
    5.29827412655));
#2799 = CARTESIAN_POINT('',(257.55033027791,162.03908710007,
    5.320201561042));
#2800 = CARTESIAN_POINT('',(261.31738976201,162.07776774521,
    5.403251181476));
#2801 = CARTESIAN_POINT('',(263.19733768849,162.10617622362,
    5.464245855696));
#2802 = CARTESIAN_POINT('',(265.07635753242,162.14367492112,
    5.544757765022));
#2803 = ORIENTED_EDGE('',*,*,#2804,.T.);
#2804 = EDGE_CURVE('',#2794,#2074,#2805,.T.);
#2805 = B_SPLINE_CURVE_WITH_KNOTS('',3,(#2806,#2807,#2808,#2809,#2810,
    #2811),.UNSPECIFIED.,.F.,.F.,(4,2,4),(0.374079073693,2.705157517334,
    3.008703876198),.UNSPECIFIED.);
#2806 = CARTESIAN_POINT('',(265.07635753241,162.14367492112,
    5.544757765022));
#2807 = CARTESIAN_POINT('',(265.07635753241,162.92051615782,
    5.52780702892));
#2808 = CARTESIAN_POINT('',(265.07635753241,163.69735739451,
    5.510856292819));
#2809 = CARTESIAN_POINT('',(265.07635753241,164.57535667223,
    5.491698280408));
#2810 = CARTESIAN_POINT('',(265.07635753241,164.67651471325,
    5.489491004099));
#2811 = CARTESIAN_POINT('',(265.07635753241,164.77767275427,
    5.48728372779));
#2812 = ORIENTED_EDGE('',*,*,#2081,.T.);
#2813 = ORIENTED_EDGE('',*,*,#2459,.T.);
#2814 = B_SPLINE_SURFACE_WITH_KNOTS('',3,3,(
    (#2815,#2816,#2817,#2818)
    ,(#2819,#2820,#2821,#2822)
    ,(#2823,#2824,#2825,#2826)
    ,(#2827,#2828,#2829,#2830
    )),.UNSPECIFIED.,.F.,.F.,.F.,(4,4),(4,4),(8.104977658834E-02,
    0.100138544799),(9.918430044562E-02,0.141191500437),
  .PIECEWISE_BEZIER_KNOTS.);
#2815 = CARTESIAN_POINT('',(253.7763575324,167.13275404962,
    5.184625749892));
#2816 = CARTESIAN_POINT('',(257.54471887569,167.1328534085,
    5.189179303069));
#2817 = CARTESIAN_POINT('',(261.31304866412,167.13468162494,
    5.272965276201));
#2818 = CARTESIAN_POINT('',(265.07635753242,167.13823416963,
    5.435776094425));
#2819 = CARTESIAN_POINT('',(253.7763575324,165.43111019216,
    5.221755750983));
#2820 = CARTESIAN_POINT('',(257.54471887569,165.43120955104,
    5.226309304161));
#2821 = CARTESIAN_POINT('',(261.31304866412,165.43303776748,
    5.310095277293));
#2822 = CARTESIAN_POINT('',(265.07635753242,165.43659031218,
    5.472906095516));
#2823 = CARTESIAN_POINT('',(253.77635753241,163.72946633469,
    5.258885752075));
#2824 = CARTESIAN_POINT('',(257.54471887569,163.72956569357,
    5.263439305252));
#2825 = CARTESIAN_POINT('',(261.31304866412,163.73139391002,
    5.347225278384));
#2826 = CARTESIAN_POINT('',(265.07635753242,163.73494645471,
    5.510036096607));
#2827 = CARTESIAN_POINT('',(253.77635753241,162.02782247723,
    5.296015753166));
#2828 = CARTESIAN_POINT('',(257.54471887569,162.02792183611,
    5.300569306343));
#2829 = CARTESIAN_POINT('',(261.31304866412,162.02975005256,
    5.384355279476));
#2830 = CARTESIAN_POINT('',(265.07635753242,162.03330259725,
    5.547166097699));
#2831 = ADVANCED_FACE('',(#2832),#2881,.F.);
#2832 = FACE_BOUND('',#2833,.F.);
#2833 = EDGE_LOOP('',(#2834,#2835,#2846,#2870,#2879,#2880));
#2834 = ORIENTED_EDGE('',*,*,#2291,.T.);
#2835 = ORIENTED_EDGE('',*,*,#2836,.T.);
#2836 = EDGE_CURVE('',#2292,#2837,#2839,.T.);
#2837 = VERTEX_POINT('',#2838);
#2838 = CARTESIAN_POINT('',(241.82635753242,170.13840964391,
    5.370312032633));
#2839 = B_SPLINE_CURVE_WITH_KNOTS('',3,(#2840,#2841,#2842,#2843,#2844,
    #2845),.UNSPECIFIED.,.F.,.F.,(4,2,4),(9.2169720395E-02,
    3.658916841533,4.955169596942),.UNSPECIFIED.);
#2840 = CARTESIAN_POINT('',(241.82635753242,175.00025225817,
    5.264226249299));
#2841 = CARTESIAN_POINT('',(241.82635753242,173.81161948086,
    5.290162308789));
#2842 = CARTESIAN_POINT('',(241.82635753242,172.62298670358,
    5.316098368279));
#2843 = CARTESIAN_POINT('',(241.82635753242,171.00237249882,
    5.351460296057));
#2844 = CARTESIAN_POINT('',(241.82635753242,170.57039107137,
    5.360886164345));
#2845 = CARTESIAN_POINT('',(241.82635753242,170.13840964391,
    5.370312032633));
#2846 = ORIENTED_EDGE('',*,*,#2847,.T.);
#2847 = EDGE_CURVE('',#2837,#2848,#2850,.T.);
#2848 = VERTEX_POINT('',#2849);
#2849 = CARTESIAN_POINT('',(244.18172616588,167.78304126135,
    5.330104728841));
#2850 = B_SPLINE_CURVE_WITH_KNOTS('',3,(#2851,#2852,#2853,#2854,#2855,
    #2856,#2857,#2858,#2859,#2860,#2861,#2862,#2863,#2864,#2865,#2866,
    #2867,#2868,#2869),.UNSPECIFIED.,.F.,.F.,(4,3,3,3,3,3,4),(
    0.131205043667,0.733435008371,1.529668043942,1.66369527313,
    2.646744888317,3.201349934743,3.72855598971),.UNSPECIFIED.);
#2851 = CARTESIAN_POINT('',(241.82635753242,170.13840964391,
    5.370312032633));
#2852 = CARTESIAN_POINT('',(242.02521018783,170.11429828216,
    5.362231150124));
#2853 = CARTESIAN_POINT('',(242.22093157383,170.06811225463,
    5.354991361621));
#2854 = CARTESIAN_POINT('',(242.40987484028,170.00059825074,
    5.348697804306));
#2855 = CARTESIAN_POINT('',(242.65968451382,169.91133520587,
    5.340376833003));
#2856 = CARTESIAN_POINT('',(242.89478838565,169.78581022316,
    5.333805627889));
#2857 = CARTESIAN_POINT('',(243.10768843658,169.6282257994,
    5.329046724303));
#2858 = CARTESIAN_POINT('',(243.14352518618,169.6017001433,
    5.328245674067));
#2859 = CARTESIAN_POINT('',(243.1787328112,169.57426611697,
    5.327495853524));
#2860 = CARTESIAN_POINT('',(243.21327554634,169.54594376073,
    5.326797430834));
#2861 = CARTESIAN_POINT('',(243.46663617085,169.33820775385,
    5.321674709423));
#2862 = CARTESIAN_POINT('',(243.68009675129,169.08606667287,
    5.319398150667));
#2863 = CARTESIAN_POINT('',(243.84318405384,168.80186015271,
    5.319767283356));
#2864 = CARTESIAN_POINT('',(243.93519267639,168.64151995434,
    5.319975536174));
#2865 = CARTESIAN_POINT('',(244.01048917235,168.472156912,5.321024343989
    ));
#2866 = CARTESIAN_POINT('',(244.06788993253,168.29643993353,
    5.322853825413));
#2867 = CARTESIAN_POINT('',(244.1224549397,168.12940384974,
    5.324592925499));
#2868 = CARTESIAN_POINT('',(244.16057824751,167.95745420982,
    5.327028627923));
#2869 = CARTESIAN_POINT('',(244.18172616588,167.78304126136,
    5.330104728841));
#2870 = ORIENTED_EDGE('',*,*,#2871,.T.);
#2871 = EDGE_CURVE('',#2848,#2659,#2872,.T.);
#2872 = B_SPLINE_CURVE_WITH_KNOTS('',3,(#2873,#2874,#2875,#2876,#2877,
    #2878),.UNSPECIFIED.,.F.,.F.,(4,2,4),(2.487679671129,5.772701750299,
    9.078803497944),.UNSPECIFIED.);
#2873 = CARTESIAN_POINT('',(244.18172597722,167.78304119908,
    5.330101875351));
#2874 = CARTESIAN_POINT('',(245.27606669483,167.78304119908,
    5.29234516395));
#2875 = CARTESIAN_POINT('',(246.3706356139,167.78304119908,
    5.261274675013));
#2876 = CARTESIAN_POINT('',(248.56713216709,167.78304119908,
    5.212353735956));
#2877 = CARTESIAN_POINT('',(249.66902552435,167.78304119908,
    5.19459020822));
#2878 = CARTESIAN_POINT('',(250.77098908758,167.78304119908,
    5.183602573111));
#2879 = ORIENTED_EDGE('',*,*,#2665,.T.);
#2880 = ORIENTED_EDGE('',*,*,#2743,.T.);
#2881 = B_SPLINE_SURFACE_WITH_KNOTS('',3,3,(
    (#2882,#2883,#2884,#2885)
    ,(#2886,#2887,#2888,#2889)
    ,(#2890,#2891,#2892,#2893)
    ,(#2894,#2895,#2896,#2897
    )),.UNSPECIFIED.,.F.,.F.,.F.,(4,4),(4,4),(5.154980130563E-02,
    7.863119202066E-02),(5.475916550759E-02,9.676904132352E-02),
  .PIECEWISE_BEZIER_KNOTS.);
#2882 = CARTESIAN_POINT('',(241.82635753242,175.0274470064,
    5.263632857781));
#2883 = CARTESIAN_POINT('',(245.58943972824,175.02389467568,
    5.100831846016));
#2884 = CARTESIAN_POINT('',(249.35776919866,175.02206625125,
    5.017036340712));
#2885 = CARTESIAN_POINT('',(253.12635753241,175.02196688639,
    5.012482513247));
#2886 = CARTESIAN_POINT('',(241.82635753242,172.61331102584,
    5.316309492319));
#2887 = CARTESIAN_POINT('',(245.58943972824,172.60975869512,
    5.153508480553));
#2888 = CARTESIAN_POINT('',(249.35776919866,172.6079302707,5.06971297525
    ));
#2889 = CARTESIAN_POINT('',(253.12635753241,172.60783090583,
    5.065159147785));
#2890 = CARTESIAN_POINT('',(241.82635753242,170.19917504528,
    5.368986126857));
#2891 = CARTESIAN_POINT('',(245.58943972824,170.19562271457,
    5.206185115091));
#2892 = CARTESIAN_POINT('',(249.35776919867,170.19379429013,
    5.122389609788));
#2893 = CARTESIAN_POINT('',(253.12635753242,170.19369492527,
    5.117835782323));
#2894 = CARTESIAN_POINT('',(241.82635753242,167.78503906472,
    5.421662761394));
#2895 = CARTESIAN_POINT('',(245.58943972824,167.78148673401,
    5.258861749629));
#2896 = CARTESIAN_POINT('',(249.35776919867,167.77965830957,
    5.175066244326));
#2897 = CARTESIAN_POINT('',(253.12635753242,167.77955894471,
    5.170512416861));
#2898 = ADVANCED_FACE('',(#2899),#2917,.F.);
#2899 = FACE_BOUND('',#2900,.F.);
#2900 = EDGE_LOOP('',(#2901,#2902,#2909,#2916));
#2901 = ORIENTED_EDGE('',*,*,#2871,.F.);
#2902 = ORIENTED_EDGE('',*,*,#2903,.T.);
#2903 = EDGE_CURVE('',#2848,#2904,#2906,.T.);
#2904 = VERTEX_POINT('',#2905);
#2905 = CARTESIAN_POINT('',(244.18172597723,167.78304119909,
    3.012933555441));
#2906 = B_SPLINE_CURVE_WITH_KNOTS('',1,(#2907,#2908),.UNSPECIFIED.,.F.,
  .F.,(2,2),(-2.317168319907,0.),.PIECEWISE_BEZIER_KNOTS.);
#2907 = CARTESIAN_POINT('',(244.18172597722,167.78304119908,
    5.330101875348));
#2908 = CARTESIAN_POINT('',(244.18172597722,167.78304119908,
    3.012933555441));
#2909 = ORIENTED_EDGE('',*,*,#2910,.T.);
#2910 = EDGE_CURVE('',#2904,#2650,#2911,.T.);
#2911 = B_SPLINE_CURVE_WITH_KNOTS('',3,(#2912,#2913,#2914,#2915),
  .UNSPECIFIED.,.F.,.F.,(4,4),(-8.944631555189,-2.355368444827),
  .PIECEWISE_BEZIER_KNOTS.);
#2912 = CARTESIAN_POINT('',(244.18172597723,167.78304119909,
    3.012933555441));
#2913 = CARTESIAN_POINT('',(246.37814701402,167.78304119909,
    3.012933555441));
#2914 = CARTESIAN_POINT('',(248.5745680508,167.78304119909,
    3.012933555441));
#2915 = CARTESIAN_POINT('',(250.77098908758,167.78304119908,
    3.012933555441));
#2916 = ORIENTED_EDGE('',*,*,#2658,.T.);
#2917 = B_SPLINE_SURFACE_WITH_KNOTS('',1,1,(
    (#2918,#2919,#2920,#2921)
    ,(#2922,#2923,#2924,#2925)
    ,(#2926,#2927,#2928,#2929
    )),.UNSPECIFIED.,.F.,.F.,.F.,(2,1,2),(2,1,1,2),(-48.99999999999,
    2.025046796916E-13,18.),(-113.9999999999,0.,3.,39.650002000038),
  .UNSPECIFIED.);
#2918 = CARTESIAN_POINT('',(195.45135753241,167.7830411991,
    -110.9870664445));
#2919 = CARTESIAN_POINT('',(195.45135753241,167.7830411991,
    3.012933555441));
#2920 = CARTESIAN_POINT('',(195.45135753241,167.7830411991,
    6.012933555441));
#2921 = CARTESIAN_POINT('',(195.45135753241,167.7830411991,
    42.662935555479));
#2922 = CARTESIAN_POINT('',(244.45135753241,167.78304119908,
    -110.9870664445));
#2923 = CARTESIAN_POINT('',(244.45135753241,167.78304119908,
    3.012933555441));
#2924 = CARTESIAN_POINT('',(244.45135753241,167.78304119908,
    6.012933555441));
#2925 = CARTESIAN_POINT('',(244.45135753241,167.78304119908,
    42.662935555479));
#2926 = CARTESIAN_POINT('',(262.45135753241,167.78304119908,
    -110.9870664445));
#2927 = CARTESIAN_POINT('',(262.45135753241,167.78304119908,
    3.012933555441));
#2928 = CARTESIAN_POINT('',(262.45135753241,167.78304119908,
    6.012933555441));
#2929 = CARTESIAN_POINT('',(262.45135753241,167.78304119908,
    42.662935555479));
#2930 = ADVANCED_FACE('',(#2931),#2959,.T.);
#2931 = FACE_BOUND('',#2932,.T.);
#2932 = EDGE_LOOP('',(#2933,#2934,#2945,#2953));
#2933 = ORIENTED_EDGE('',*,*,#2641,.F.);
#2934 = ORIENTED_EDGE('',*,*,#2935,.T.);
#2935 = EDGE_CURVE('',#2625,#2936,#2938,.T.);
#2936 = VERTEX_POINT('',#2937);
#2937 = CARTESIAN_POINT('',(244.18172619149,167.1330412698,
    5.344288167043));
#2938 = B_SPLINE_CURVE_WITH_KNOTS('',3,(#2939,#2940,#2941,#2942,#2943,
    #2944),.UNSPECIFIED.,.F.,.F.,(4,2,4),(2.468176757169,5.774267409556,
    9.059300583606),.UNSPECIFIED.);
#2939 = CARTESIAN_POINT('',(250.77098908758,167.13304119907,
    5.197785623579));
#2940 = CARTESIAN_POINT('',(249.66902922243,167.13304119907,
    5.208773221815));
#2941 = CARTESIAN_POINT('',(248.56713956274,167.13304119907,5.2265366672
    ));
#2942 = CARTESIAN_POINT('',(246.37064300753,167.13304119907,
    5.275457515606));
#2943 = CARTESIAN_POINT('',(245.2760703909,167.13304119908,
    5.306528086898));
#2944 = CARTESIAN_POINT('',(244.18172597722,167.13304119908,
    5.344284925818));
#2945 = ORIENTED_EDGE('',*,*,#2946,.F.);
#2946 = EDGE_CURVE('',#2947,#2936,#2949,.T.);
#2947 = VERTEX_POINT('',#2948);
#2948 = CARTESIAN_POINT('',(244.18172597723,167.13304119908,
    3.012933555441));
#2949 = LINE('',#2950,#2951);
#2950 = CARTESIAN_POINT('',(244.18172597723,167.13304119907,
    9.521627930553E-11));
#2951 = VECTOR('',#2952,1.);
#2952 = DIRECTION('',(0.,0.,1.));
#2953 = ORIENTED_EDGE('',*,*,#2954,.F.);
#2954 = EDGE_CURVE('',#2642,#2947,#2955,.T.);
#2955 = LINE('',#2956,#2957);
#2956 = CARTESIAN_POINT('',(253.45135753241,167.13304119908,
    3.012933555441));
#2957 = VECTOR('',#2958,1.);
#2958 = DIRECTION('',(-1.,4.042198674546E-13,0.));
#2959 = PLANE('',#2960);
#2960 = AXIS2_PLACEMENT_3D('',#2961,#2962,#2963);
#2961 = CARTESIAN_POINT('',(253.45135753241,167.13304119907,
    4.512933555441));
#2962 = DIRECTION('',(-4.042198674546E-13,-1.,0.));
#2963 = DIRECTION('',(-0.,0.,-1.));
#2964 = ADVANCED_FACE('',(#2965),#2977,.F.);
#2965 = FACE_BOUND('',#2966,.T.);
#2966 = EDGE_LOOP('',(#2967,#2968,#2969,#2976));
#2967 = ORIENTED_EDGE('',*,*,#2649,.F.);
#2968 = ORIENTED_EDGE('',*,*,#2954,.T.);
#2969 = ORIENTED_EDGE('',*,*,#2970,.F.);
#2970 = EDGE_CURVE('',#2904,#2947,#2971,.T.);
#2971 = CIRCLE('',#2972,2.7);
#2972 = AXIS2_PLACEMENT_3D('',#2973,#2974,#2975);
#2973 = CARTESIAN_POINT('',(241.50135753241,167.45804119909,
    3.012933555441));
#2974 = DIRECTION('',(0.,0.,-1.));
#2975 = DIRECTION('',(0.,1.,0.));
#2976 = ORIENTED_EDGE('',*,*,#2910,.T.);
#2977 = PLANE('',#2978);
#2978 = AXIS2_PLACEMENT_3D('',#2979,#2980,#2981);
#2979 = CARTESIAN_POINT('',(253.45135753241,167.78304119908,
    3.012933555441));
#2980 = DIRECTION('',(0.,0.,1.));
#2981 = DIRECTION('',(1.,0.,-0.));
#2982 = ADVANCED_FACE('',(#2983),#3045,.F.);
#2983 = FACE_BOUND('',#2984,.F.);
#2984 = EDGE_LOOP('',(#2985,#3012,#3023,#3034,#3043,#3044));
#2985 = ORIENTED_EDGE('',*,*,#2986,.T.);
#2986 = EDGE_CURVE('',#2936,#2987,#2989,.T.);
#2987 = VERTEX_POINT('',#2988);
#2988 = CARTESIAN_POINT('',(241.82635753242,164.77767275426,
    5.487283727791));
#2989 = B_SPLINE_CURVE_WITH_KNOTS('',3,(#2990,#2991,#2992,#2993,#2994,
    #2995,#2996,#2997,#2998,#2999,#3000,#3001,#3002,#3003,#3004,#3005,
    #3006,#3007,#3008,#3009,#3010,#3011),.UNSPECIFIED.,.F.,.F.,(4,3,3,3,
    3,3,3,4),(4.39796818827E-02,0.75497644902,1.072074320495,
    2.110802104011,2.914039754635,2.996316209286,3.413147488953,
    3.645243889094),.UNSPECIFIED.);
#2990 = CARTESIAN_POINT('',(244.18172616586,167.13304126134,
    5.34428777931));
#2991 = CARTESIAN_POINT('',(244.1532301339,166.89802616538,
    5.350398940021));
#2992 = CARTESIAN_POINT('',(244.09399761995,166.66818991253,
    5.357457373205));
#2993 = CARTESIAN_POINT('',(244.00586482155,166.44935857817,
    5.365330631109));
#2994 = CARTESIAN_POINT('',(243.96655842233,166.35176186108,
    5.368842030089));
#2995 = CARTESIAN_POINT('',(243.92150357715,166.25635412203,
    5.372516236994));
#2996 = CARTESIAN_POINT('',(243.87086336566,166.16365226849,
    5.376344753342));
#2997 = CARTESIAN_POINT('',(243.70497958196,165.85998579927,
    5.388885948555));
#2998 = CARTESIAN_POINT('',(243.482281634,165.59106324724,5.402843123527
    ));
#2999 = CARTESIAN_POINT('',(243.21495217159,165.37151451936,
    5.41781991029));
#3000 = CARTESIAN_POINT('',(243.00822901202,165.20173971679,
    5.429401307461));
#3001 = CARTESIAN_POINT('',(242.77754749473,165.06373132741,
    5.44144538356));
#3002 = CARTESIAN_POINT('',(242.5305461784,164.96189002819,
    5.453709642098));
#3003 = CARTESIAN_POINT('',(242.50524558077,164.95145831968,
    5.454965882652));
#3004 = CARTESIAN_POINT('',(242.47977375212,164.94140607941,
    5.456224386931));
#3005 = CARTESIAN_POINT('',(242.45413890033,164.93173803611,
    5.457484859969));
#3006 = CARTESIAN_POINT('',(242.32426689598,164.88275752431,
    5.463870703788));
#3007 = CARTESIAN_POINT('',(242.19081106245,164.84386453058,
    5.470278071127));
#3008 = CARTESIAN_POINT('',(242.05495862536,164.81540504776,
    5.476663308814));
#3009 = CARTESIAN_POINT('',(241.97931444269,164.79955848392,
    5.480218681807));
#3010 = CARTESIAN_POINT('',(241.90304358947,164.78697109219,
    5.483761613591));
#3011 = CARTESIAN_POINT('',(241.82635753242,164.77767275427,
    5.487283727791));
#3012 = ORIENTED_EDGE('',*,*,#3013,.T.);
#3013 = EDGE_CURVE('',#2987,#3014,#3016,.T.);
#3014 = VERTEX_POINT('',#3015);
#3015 = CARTESIAN_POINT('',(241.82635753242,162.14367492112,
    5.544757765023));
#3016 = B_SPLINE_CURVE_WITH_KNOTS('',3,(#3017,#3018,#3019,#3020,#3021,
    #3022),.UNSPECIFIED.,.F.,.F.,(4,2,4),(2.401611154125,2.705157515158,
    5.036235956634),.UNSPECIFIED.);
#3017 = CARTESIAN_POINT('',(241.82635753242,164.77767275426,
    5.487283727791));
#3018 = CARTESIAN_POINT('',(241.82635753242,164.67651471252,
    5.489491004116));
#3019 = CARTESIAN_POINT('',(241.82635753242,164.57535667078,
    5.491698280441));
#3020 = CARTESIAN_POINT('',(241.82635753242,163.69735739306,
    5.510856292852));
#3021 = CARTESIAN_POINT('',(241.82635753242,162.92051615709,
    5.527807028938));
#3022 = CARTESIAN_POINT('',(241.82635753242,162.14367492111,
    5.544757765024));
#3023 = ORIENTED_EDGE('',*,*,#3024,.T.);
#3024 = EDGE_CURVE('',#3014,#3025,#3027,.T.);
#3025 = VERTEX_POINT('',#3026);
#3026 = CARTESIAN_POINT('',(253.1263575324,162.02782247724,
    5.296015753166));
#3027 = B_SPLINE_CURVE_WITH_KNOTS('',3,(#3028,#3029,#3030,#3031,#3032,
    #3033),.UNSPECIFIED.,.F.,.F.,(4,2,4),(0.130524873847,5.765773998282,
    11.435045200929),.UNSPECIFIED.);
#3028 = CARTESIAN_POINT('',(241.82635753242,162.14367492112,
    5.544757765023));
#3029 = CARTESIAN_POINT('',(243.70267481823,162.10623015728,
    5.464361654428));
#3030 = CARTESIAN_POINT('',(245.57991765006,162.07784948014,
    5.403426671162));
#3031 = CARTESIAN_POINT('',(249.3469741122,162.03911640423,
    5.320264478772));
#3032 = CARTESIAN_POINT('',(251.23660585761,162.02887583047,
    5.298277364521));
#3033 = CARTESIAN_POINT('',(253.12635753241,162.02782247724,
    5.296015753166));
#3034 = ORIENTED_EDGE('',*,*,#3035,.T.);
#3035 = EDGE_CURVE('',#3025,#2616,#3036,.T.);
#3036 = B_SPLINE_CURVE_WITH_KNOTS('',3,(#3037,#3038,#3039,#3040,#3041,
    #3042),.UNSPECIFIED.,.F.,.F.,(4,2,4),(0.263680477934,2.705157515158,
    3.014185300625),.UNSPECIFIED.);
#3037 = CARTESIAN_POINT('',(253.12635753241,162.02782247724,
    5.296015753166));
#3038 = CARTESIAN_POINT('',(253.12635753241,162.84145448784,
    5.278262239521));
#3039 = CARTESIAN_POINT('',(253.12635753241,163.65508649844,
    5.260508725877));
#3040 = CARTESIAN_POINT('',(253.12635753241,164.57170325745,
    5.240508077026));
#3041 = CARTESIAN_POINT('',(253.12635753241,164.67468800586,
    5.238260941819));
#3042 = CARTESIAN_POINT('',(253.12635753241,164.77767275426,
    5.236013806613));
#3043 = ORIENTED_EDGE('',*,*,#2624,.T.);
#3044 = ORIENTED_EDGE('',*,*,#2935,.T.);
#3045 = B_SPLINE_SURFACE_WITH_KNOTS('',3,3,(
    (#3046,#3047,#3048,#3049)
    ,(#3050,#3051,#3052,#3053)
    ,(#3054,#3055,#3056,#3057)
    ,(#3058,#3059,#3060,#3061
    )),.UNSPECIFIED.,.F.,.F.,.F.,(4,4),(4,4),(8.104977658805E-02,
    0.100138544799),(5.475916550754E-02,9.676904132347E-02),
  .PIECEWISE_BEZIER_KNOTS.);
#3046 = CARTESIAN_POINT('',(241.8263575324,167.1382341697,5.435776094425
    ));
#3047 = CARTESIAN_POINT('',(245.58943972823,167.13468183898,
    5.272975082659));
#3048 = CARTESIAN_POINT('',(249.35776919866,167.13285341455,
    5.189179577355));
#3049 = CARTESIAN_POINT('',(253.12635753241,167.13275404969,
    5.18462574989));
#3050 = CARTESIAN_POINT('',(241.8263575324,165.43659031221,
    5.472906095517));
#3051 = CARTESIAN_POINT('',(245.58943972823,165.4330379815,
    5.310105083751));
#3052 = CARTESIAN_POINT('',(249.35776919866,165.43120955707,
    5.226309578447));
#3053 = CARTESIAN_POINT('',(253.12635753241,165.4311101922,
    5.221755750982));
#3054 = CARTESIAN_POINT('',(241.82635753241,163.73494645473,
    5.510036096608));
#3055 = CARTESIAN_POINT('',(245.58943972823,163.73139412401,
    5.347235084843));
#3056 = CARTESIAN_POINT('',(249.35776919866,163.72956569959,
    5.263439579539));
#3057 = CARTESIAN_POINT('',(253.12635753241,163.72946633472,
    5.258885752074));
#3058 = CARTESIAN_POINT('',(241.82635753241,162.03330259724,5.5471660977
    ));
#3059 = CARTESIAN_POINT('',(245.58943972823,162.02975026652,
    5.384365085935));
#3060 = CARTESIAN_POINT('',(249.35776919866,162.0279218421,
    5.300569580631));
#3061 = CARTESIAN_POINT('',(253.12635753241,162.02782247724,
    5.296015753166));
#3062 = ADVANCED_FACE('',(#3063),#3081,.T.);
#3063 = FACE_BOUND('',#3064,.T.);
#3064 = EDGE_LOOP('',(#3065,#3066,#3067,#3075));
#3065 = ORIENTED_EDGE('',*,*,#2302,.F.);
#3066 = ORIENTED_EDGE('',*,*,#2836,.T.);
#3067 = ORIENTED_EDGE('',*,*,#3068,.F.);
#3068 = EDGE_CURVE('',#3069,#2837,#3071,.T.);
#3069 = VERTEX_POINT('',#3070);
#3070 = CARTESIAN_POINT('',(241.82635753242,170.13840964391,
    3.012933555441));
#3071 = LINE('',#3072,#3073);
#3072 = CARTESIAN_POINT('',(241.82635753242,170.13840964391,
    9.521627930553E-11));
#3073 = VECTOR('',#3074,1.);
#3074 = DIRECTION('',(0.,0.,1.));
#3075 = ORIENTED_EDGE('',*,*,#3076,.F.);
#3076 = EDGE_CURVE('',#2303,#3069,#3077,.T.);
#3077 = LINE('',#3078,#3079);
#3078 = CARTESIAN_POINT('',(241.82635753242,167.45804119907,
    3.012933555441));
#3079 = VECTOR('',#3080,1.);
#3080 = DIRECTION('',(0.,-1.,0.));
#3081 = PLANE('',#3082);
#3082 = AXIS2_PLACEMENT_3D('',#3083,#3084,#3085);
#3083 = CARTESIAN_POINT('',(241.82635753242,167.45804119907,
    4.512933555441));
#3084 = DIRECTION('',(1.,0.,0.));
#3085 = DIRECTION('',(0.,-1.,0.));
#3086 = ADVANCED_FACE('',(#3087),#3115,.F.);
#3087 = FACE_BOUND('',#3088,.T.);
#3088 = EDGE_LOOP('',(#3089,#3090,#3098,#3106));
#3089 = ORIENTED_EDGE('',*,*,#2318,.F.);
#3090 = ORIENTED_EDGE('',*,*,#3091,.F.);
#3091 = EDGE_CURVE('',#3092,#2311,#3094,.T.);
#3092 = VERTEX_POINT('',#3093);
#3093 = CARTESIAN_POINT('',(241.17635753241,170.13840964391,
    3.012933555441));
#3094 = LINE('',#3095,#3096);
#3095 = CARTESIAN_POINT('',(241.17635753241,167.45804119907,
    3.012933555441));
#3096 = VECTOR('',#3097,1.);
#3097 = DIRECTION('',(0.,1.,0.));
#3098 = ORIENTED_EDGE('',*,*,#3099,.F.);
#3099 = EDGE_CURVE('',#3100,#3092,#3102,.T.);
#3100 = VERTEX_POINT('',#3101);
#3101 = CARTESIAN_POINT('',(241.17635753241,170.1384096439,
    5.399234263856));
#3102 = LINE('',#3103,#3104);
#3103 = CARTESIAN_POINT('',(241.17635753241,170.13840964391,
    9.521627930553E-11));
#3104 = VECTOR('',#3105,1.);
#3105 = DIRECTION('',(0.,0.,-1.));
#3106 = ORIENTED_EDGE('',*,*,#3107,.T.);
#3107 = EDGE_CURVE('',#3100,#2319,#3108,.T.);
#3108 = B_SPLINE_CURVE_WITH_KNOTS('',3,(#3109,#3110,#3111,#3112,#3113,
    #3114),.UNSPECIFIED.,.F.,.F.,(4,2,4),(2.442533152021,3.684034754723,
    7.303032988013),.UNSPECIFIED.);
#3109 = CARTESIAN_POINT('',(241.17635753241,170.13840964393,
    5.399234263855));
#3110 = CARTESIAN_POINT('',(241.17635753241,170.55214503024,
    5.390206525602));
#3111 = CARTESIAN_POINT('',(241.17635753241,170.96588041655,
    5.381178787349));
#3112 = CARTESIAN_POINT('',(241.17635753241,172.58566147277,
    5.345835038937));
#3113 = CARTESIAN_POINT('',(241.17635753242,173.79170714267,
    5.319519028778));
#3114 = CARTESIAN_POINT('',(241.17635753242,174.99775281258,
    5.293203018619));
#3115 = PLANE('',#3116);
#3116 = AXIS2_PLACEMENT_3D('',#3117,#3118,#3119);
#3117 = CARTESIAN_POINT('',(241.17635753241,167.45804119907,
    4.512933555441));
#3118 = DIRECTION('',(1.,0.,0.));
#3119 = DIRECTION('',(0.,-1.,0.));
#3120 = ADVANCED_FACE('',(#3121),#3133,.F.);
#3121 = FACE_BOUND('',#3122,.T.);
#3122 = EDGE_LOOP('',(#3123,#3124,#3125,#3132));
#3123 = ORIENTED_EDGE('',*,*,#2310,.F.);
#3124 = ORIENTED_EDGE('',*,*,#3076,.T.);
#3125 = ORIENTED_EDGE('',*,*,#3126,.F.);
#3126 = EDGE_CURVE('',#3092,#3069,#3127,.T.);
#3127 = CIRCLE('',#3128,2.7);
#3128 = AXIS2_PLACEMENT_3D('',#3129,#3130,#3131);
#3129 = CARTESIAN_POINT('',(241.50135753241,167.45804119909,
    3.012933555441));
#3130 = DIRECTION('',(0.,0.,-1.));
#3131 = DIRECTION('',(0.,1.,0.));
#3132 = ORIENTED_EDGE('',*,*,#3091,.T.);
#3133 = PLANE('',#3134);
#3134 = AXIS2_PLACEMENT_3D('',#3135,#3136,#3137);
#3135 = CARTESIAN_POINT('',(253.45135753241,167.78304119908,
    3.012933555441));
#3136 = DIRECTION('',(0.,0.,1.));
#3137 = DIRECTION('',(1.,0.,-0.));
#3138 = ADVANCED_FACE('',(#3139),#3198,.F.);
#3139 = FACE_BOUND('',#3140,.F.);
#3140 = EDGE_LOOP('',(#3141,#3142,#3161,#3172,#3197));
#3141 = ORIENTED_EDGE('',*,*,#2326,.T.);
#3142 = ORIENTED_EDGE('',*,*,#3143,.T.);
#3143 = EDGE_CURVE('',#2327,#3144,#3146,.T.);
#3144 = VERTEX_POINT('',#3145);
#3145 = CARTESIAN_POINT('',(236.03087727731,167.78304119908,
    5.73526488628));
#3146 = B_SPLINE_CURVE_WITH_KNOTS('',3,(#3147,#3148,#3149,#3150,#3151,
    #3152,#3153,#3154,#3155,#3156,#3157,#3158,#3159,#3160),
  .UNSPECIFIED.,.F.,.F.,(4,2,2,2,2,2,4),(-13.74597186676,-8.918580420892
    ,-8.892149229896,-8.830303856893,-8.704978625307,-7.70317914798,
    -8.060178097073E-02),.UNSPECIFIED.);
#3147 = CARTESIAN_POINT('',(236.01733334962,174.97307864141,
    5.579257560736));
#3148 = CARTESIAN_POINT('',(236.01737505762,174.78543774358,
    5.583349189175));
#3149 = CARTESIAN_POINT('',(236.01741675477,174.59779684575,
    5.58744081833));
#3150 = CARTESIAN_POINT('',(236.0174586693,174.40912856649,5.59155485091
    ));
#3151 = CARTESIAN_POINT('',(236.01746148034,174.39994530815,
    5.591755047637));
#3152 = CARTESIAN_POINT('',(236.01747013867,174.38257773726,
    5.592133446699));
#3153 = CARTESIAN_POINT('',(236.01747986803,174.36981064851,
    5.59241139328));
#3154 = CARTESIAN_POINT('',(236.01751279332,174.33301748456,
    5.593212083244));
#3155 = CARTESIAN_POINT('',(236.01754343592,174.30657246874,
    5.593787124162));
#3156 = CARTESIAN_POINT('',(236.01782490046,174.08541150753,
    5.598594581938));
#3157 = CARTESIAN_POINT('',(236.01846096883,173.7466418219,
    5.605945227787));
#3158 = CARTESIAN_POINT('',(236.02138345686,172.22132793378,
    5.639037784595));
#3159 = CARTESIAN_POINT('',(236.02559934476,170.31026115896,
    5.68046348533));
#3160 = CARTESIAN_POINT('',(236.03087727731,167.78304119908,
    5.735264886281));
#3161 = ORIENTED_EDGE('',*,*,#3162,.T.);
#3162 = EDGE_CURVE('',#3144,#3163,#3165,.T.);
#3163 = VERTEX_POINT('',#3164);
#3164 = CARTESIAN_POINT('',(238.82098908759,167.78304119908,
    5.568643555462));
#3165 = B_SPLINE_CURVE_WITH_KNOTS('',3,(#3166,#3167,#3168,#3169,#3170,
    #3171),.UNSPECIFIED.,.F.,.F.,(4,2,4),(0.227486168803,2.705947436724,
    3.02258715204),.UNSPECIFIED.);
#3166 = CARTESIAN_POINT('',(236.03087727731,167.78304119908,
    5.73526488628));
#3167 = CARTESIAN_POINT('',(236.85529383232,167.78304119908,
    5.681729484421));
#3168 = CARTESIAN_POINT('',(237.67995318551,167.78304119908,
    5.631994642596));
#3169 = CARTESIAN_POINT('',(238.61021238,167.78304119908,5.580193757282)
  );
#3170 = CARTESIAN_POINT('',(238.71559907236,167.78304119908,
    5.574387621701));
#3171 = CARTESIAN_POINT('',(238.82098908759,167.78304119908,
    5.568643555462));
#3172 = ORIENTED_EDGE('',*,*,#3173,.T.);
#3173 = EDGE_CURVE('',#3163,#3100,#3174,.T.);
#3174 = B_SPLINE_CURVE_WITH_KNOTS('',3,(#3175,#3176,#3177,#3178,#3179,
    #3180,#3181,#3182,#3183,#3184,#3185,#3186,#3187,#3188,#3189,#3190,
    #3191,#3192,#3193,#3194,#3195,#3196),.UNSPECIFIED.,.F.,.F.,(4,3,3,3,
    3,3,3,4),(8.454774452699E-02,0.782420082298,0.838631641059,
    1.694733156024,1.84130738112,2.779407914933,3.484726500704,
    3.687189905702),.UNSPECIFIED.);
#3175 = CARTESIAN_POINT('',(238.82098912758,167.78304120519,
    5.568643834973));
#3176 = CARTESIAN_POINT('',(238.84894843153,168.01362901806,
    5.562088525504));
#3177 = CARTESIAN_POINT('',(238.90654658405,168.23964337539,
    5.55401752585));
#3178 = CARTESIAN_POINT('',(238.9923495464,168.45547726601,
    5.544686427888));
#3179 = CARTESIAN_POINT('',(238.99926072198,168.4728620494,
    5.543934835465));
#3180 = CARTESIAN_POINT('',(239.00635488772,168.49018078428,
    5.543175095361));
#3181 = CARTESIAN_POINT('',(239.01363129534,168.50743054088,
    5.54240735533));
#3182 = CARTESIAN_POINT('',(239.12445091516,168.77014417185,
    5.530714681875));
#3183 = CARTESIAN_POINT('',(239.27604447717,169.01331144762,
    5.517319254716));
#3184 = CARTESIAN_POINT('',(239.46249207796,169.22807707681,
    5.502917895323));
#3185 = CARTESIAN_POINT('',(239.49441400793,169.2648473723,
    5.500452220334));
#3186 = CARTESIAN_POINT('',(239.52735763223,169.30078512454,
    5.497957181152));
#3187 = CARTESIAN_POINT('',(239.56129324721,169.33584589371,
    5.495436403977));
#3188 = CARTESIAN_POINT('',(239.77848708544,169.56024091443,
    5.479302991627));
#3189 = CARTESIAN_POINT('',(240.0329637731,169.74525079474,
    5.462368654338));
#3190 = CARTESIAN_POINT('',(240.31337604562,169.88264425258,
    5.445650310005));
#3191 = CARTESIAN_POINT('',(240.52420631449,169.98594465165,
    5.433080485586));
#3192 = CARTESIAN_POINT('',(240.74733574519,170.0611707167,
    5.420774482861));
#3193 = CARTESIAN_POINT('',(240.97704765075,170.10664425405,
    5.409111634154));
#3194 = CARTESIAN_POINT('',(241.04298700852,170.11969754287,
    5.40576378524));
#3195 = CARTESIAN_POINT('',(241.10946872954,170.13029924344,
    5.402468609272));
#3196 = CARTESIAN_POINT('',(241.17635753242,170.13840964391,
    5.399234263855));
#3197 = ORIENTED_EDGE('',*,*,#3107,.T.);
#3198 = B_SPLINE_SURFACE_WITH_KNOTS('',3,3,(
    (#3199,#3200,#3201,#3202)
    ,(#3203,#3204,#3205,#3206)
    ,(#3207,#3208,#3209,#3210)
    ,(#3211,#3212,#3213,#3214
    )),.UNSPECIFIED.,.F.,.F.,.F.,(4,4),(4,4),(5.166319489055E-02,
    7.866423409747E-02),(3.312440190047E-02,5.234016875846E-02),
  .PIECEWISE_BEZIER_KNOTS.);
#3199 = CARTESIAN_POINT('',(236.01733334962,175.00397983234,
    5.578583294351));
#3200 = CARTESIAN_POINT('',(237.73553445078,175.00154450769,
    5.466973945417));
#3201 = CARTESIAN_POINT('',(239.45536727619,174.9994684416,
    5.371829183611));
#3202 = CARTESIAN_POINT('',(241.17635753241,174.99775281258,
    5.293203018619));
#3203 = CARTESIAN_POINT('',(236.01733334962,172.59700668433,
    5.631103635326));
#3204 = CARTESIAN_POINT('',(237.73553445078,172.59457135968,
    5.519494286393));
#3205 = CARTESIAN_POINT('',(239.45536727619,172.59249529359,
    5.424349524587));
#3206 = CARTESIAN_POINT('',(241.17635753241,172.59077966457,
    5.345723359594));
#3207 = CARTESIAN_POINT('',(236.01733334962,170.19003353633,
    5.683623976302));
#3208 = CARTESIAN_POINT('',(237.73553445078,170.18759821167,
    5.572014627368));
#3209 = CARTESIAN_POINT('',(239.4553672762,170.18552214558,
    5.476869865562));
#3210 = CARTESIAN_POINT('',(241.17635753242,170.18380651655,
    5.39824370057));
#3211 = CARTESIAN_POINT('',(236.01733334962,167.78306038831,
    5.736144317277));
#3212 = CARTESIAN_POINT('',(237.73553445078,167.78062506366,
    5.624534968344));
#3213 = CARTESIAN_POINT('',(239.4553672762,167.77854899757,
    5.529390206538));
#3214 = CARTESIAN_POINT('',(241.17635753242,167.77683336854,
    5.450764041545));
#3215 = ADVANCED_FACE('',(#3216),#3242,.F.);
#3216 = FACE_BOUND('',#3217,.F.);
#3217 = EDGE_LOOP('',(#3218,#3229,#3234,#3235));
#3218 = ORIENTED_EDGE('',*,*,#3219,.T.);
#3219 = EDGE_CURVE('',#3220,#3222,#3224,.T.);
#3220 = VERTEX_POINT('',#3221);
#3221 = CARTESIAN_POINT('',(234.89324032384,167.78304119908,
    3.012933555441));
#3222 = VERTEX_POINT('',#3223);
#3223 = CARTESIAN_POINT('',(238.82098908758,167.78304119908,
    3.012933555441));
#3224 = B_SPLINE_CURVE_WITH_KNOTS('',3,(#3225,#3226,#3227,#3228),
  .UNSPECIFIED.,.F.,.F.,(4,4),(-18.23311720858,-14.30536844483),
  .PIECEWISE_BEZIER_KNOTS.);
#3225 = CARTESIAN_POINT('',(234.89324032384,167.78304119908,
    3.012933555441));
#3226 = CARTESIAN_POINT('',(236.20248991175,167.78304119908,
    3.012933555441));
#3227 = CARTESIAN_POINT('',(237.51173949967,167.78304119908,
    3.012933555441));
#3228 = CARTESIAN_POINT('',(238.82098908758,167.78304119908,
    3.012933555441));
#3229 = ORIENTED_EDGE('',*,*,#3230,.T.);
#3230 = EDGE_CURVE('',#3222,#3163,#3231,.T.);
#3231 = B_SPLINE_CURVE_WITH_KNOTS('',1,(#3232,#3233),.UNSPECIFIED.,.F.,
  .F.,(2,2),(0.,2.555710000021),.PIECEWISE_BEZIER_KNOTS.);
#3232 = CARTESIAN_POINT('',(238.82098908759,167.78304119908,
    3.012933555441));
#3233 = CARTESIAN_POINT('',(238.82098908759,167.78304119908,
    5.568643555462));
#3234 = ORIENTED_EDGE('',*,*,#3162,.F.);
#3235 = ORIENTED_EDGE('',*,*,#3236,.T.);
#3236 = EDGE_CURVE('',#3144,#3220,#3237,.T.);
#3237 = B_SPLINE_CURVE_WITH_KNOTS('',3,(#3238,#3239,#3240,#3241),
  .UNSPECIFIED.,.F.,.F.,(4,4),(-2.872686899107,0.),
  .PIECEWISE_BEZIER_KNOTS.);
#3238 = CARTESIAN_POINT('',(236.03087727731,167.78304119908,
    5.735264886282));
#3239 = CARTESIAN_POINT('',(235.65456493129,167.78304119908,
    4.832379142539));
#3240 = CARTESIAN_POINT('',(235.26310834067,167.78304119909,
    3.896179392072));
#3241 = CARTESIAN_POINT('',(234.89324032384,167.78304119909,
    3.012933555439));
#3242 = B_SPLINE_SURFACE_WITH_KNOTS('',1,1,(
    (#3243,#3244,#3245,#3246)
    ,(#3247,#3248,#3249,#3250)
    ,(#3251,#3252,#3253,#3254
    )),.UNSPECIFIED.,.F.,.F.,.F.,(2,1,2),(2,1,1,2),(-48.99999999999,
    2.025046796916E-13,18.),(-113.9999999999,0.,3.,39.650002000038),
  .UNSPECIFIED.);
#3243 = CARTESIAN_POINT('',(195.45135753241,167.7830411991,
    -110.9870664445));
#3244 = CARTESIAN_POINT('',(195.45135753241,167.7830411991,
    3.012933555441));
#3245 = CARTESIAN_POINT('',(195.45135753241,167.7830411991,
    6.012933555441));
#3246 = CARTESIAN_POINT('',(195.45135753241,167.7830411991,
    42.662935555479));
#3247 = CARTESIAN_POINT('',(244.45135753241,167.78304119908,
    -110.9870664445));
#3248 = CARTESIAN_POINT('',(244.45135753241,167.78304119908,
    3.012933555441));
#3249 = CARTESIAN_POINT('',(244.45135753241,167.78304119908,
    6.012933555441));
#3250 = CARTESIAN_POINT('',(244.45135753241,167.78304119908,
    42.662935555479));
#3251 = CARTESIAN_POINT('',(262.45135753241,167.78304119908,
    -110.9870664445));
#3252 = CARTESIAN_POINT('',(262.45135753241,167.78304119908,
    3.012933555441));
#3253 = CARTESIAN_POINT('',(262.45135753241,167.78304119908,
    6.012933555441));
#3254 = CARTESIAN_POINT('',(262.45135753241,167.78304119908,
    42.662935555479));
#3255 = ADVANCED_FACE('',(#3256),#3294,.T.);
#3256 = FACE_BOUND('',#3257,.T.);
#3257 = EDGE_LOOP('',(#3258,#3269,#3277,#3285));
#3258 = ORIENTED_EDGE('',*,*,#3259,.T.);
#3259 = EDGE_CURVE('',#3260,#3262,#3264,.T.);
#3260 = VERTEX_POINT('',#3261);
#3261 = CARTESIAN_POINT('',(236.03222943884,167.13304119908,
    5.749360134424));
#3262 = VERTEX_POINT('',#3263);
#3263 = CARTESIAN_POINT('',(234.89126426111,167.13304119909,
    3.012933555441));
#3264 = B_SPLINE_CURVE_WITH_KNOTS('',3,(#3265,#3266,#3267,#3268),
  .UNSPECIFIED.,.F.,.F.,(4,4),(0.426106306982,3.33611687276),
  .PIECEWISE_BEZIER_KNOTS.);
#3265 = CARTESIAN_POINT('',(236.03222943884,167.13304119908,
    5.749360134422));
#3266 = CARTESIAN_POINT('',(235.65513679248,167.13304119908,
    4.842012883238));
#3267 = CARTESIAN_POINT('',(235.26280756493,167.13304119908,
    3.901739807993));
#3268 = CARTESIAN_POINT('',(234.89126426111,167.13304119908,
    3.012933555439));
#3269 = ORIENTED_EDGE('',*,*,#3270,.F.);
#3270 = EDGE_CURVE('',#3271,#3262,#3273,.T.);
#3271 = VERTEX_POINT('',#3272);
#3272 = CARTESIAN_POINT('',(238.82098908759,167.13304119908,
    3.012933555441));
#3273 = LINE('',#3274,#3275);
#3274 = CARTESIAN_POINT('',(253.45135753241,167.13304119908,
    3.012933555441));
#3275 = VECTOR('',#3276,1.);
#3276 = DIRECTION('',(-1.,4.042198674546E-13,0.));
#3277 = ORIENTED_EDGE('',*,*,#3278,.F.);
#3278 = EDGE_CURVE('',#3279,#3271,#3281,.T.);
#3279 = VERTEX_POINT('',#3280);
#3280 = CARTESIAN_POINT('',(238.82098912714,167.1330412051,5.58282688248
    ));
#3281 = LINE('',#3282,#3283);
#3282 = CARTESIAN_POINT('',(238.82098908759,167.13304119907,
    9.521627930553E-11));
#3283 = VECTOR('',#3284,1.);
#3284 = DIRECTION('',(0.,0.,-1.));
#3285 = ORIENTED_EDGE('',*,*,#3286,.T.);
#3286 = EDGE_CURVE('',#3279,#3260,#3287,.T.);
#3287 = B_SPLINE_CURVE_WITH_KNOTS('',3,(#3288,#3289,#3290,#3291,#3292,
    #3293),.UNSPECIFIED.,.F.,.F.,(4,2,4),(2.390012988681,2.69483141981,
    5.183758892491),.UNSPECIFIED.);
#3288 = CARTESIAN_POINT('',(238.82098908759,167.13304119908,
    5.58282660593));
#3289 = CARTESIAN_POINT('',(238.71953365064,167.13304119908,
    5.588356226065));
#3290 = CARTESIAN_POINT('',(238.61808129276,167.13304119908,
    5.593943367538));
#3291 = CARTESIAN_POINT('',(237.68827081688,167.13304119908,
    5.645678253205));
#3292 = CARTESIAN_POINT('',(236.86012774027,167.13304119908,
    5.695602827786));
#3293 = CARTESIAN_POINT('',(236.03222943884,167.13304119908,
    5.749360134424));
#3294 = PLANE('',#3295);
#3295 = AXIS2_PLACEMENT_3D('',#3296,#3297,#3298);
#3296 = CARTESIAN_POINT('',(253.45135753241,167.13304119907,
    4.512933555441));
#3297 = DIRECTION('',(-4.042198674546E-13,-1.,0.));
#3298 = DIRECTION('',(-0.,0.,-1.));
#3299 = ADVANCED_FACE('',(#3300),#3330,.F.);
#3300 = FACE_BOUND('',#3301,.T.);
#3301 = EDGE_LOOP('',(#3302,#3321,#3322,#3329));
#3302 = ORIENTED_EDGE('',*,*,#3303,.F.);
#3303 = EDGE_CURVE('',#3220,#3262,#3304,.T.);
#3304 = B_SPLINE_CURVE_WITH_KNOTS('',3,(#3305,#3306,#3307,#3308,#3309,
    #3310,#3311,#3312,#3313,#3314,#3315,#3316,#3317,#3318,#3319,#3320),
  .UNSPECIFIED.,.F.,.F.,(4,3,3,3,3,4),(-0.701115116218,-0.653470657385,
    -0.525115045303,-0.396863933626,-0.268792301768,-5.021704992172E-02)
  ,.UNSPECIFIED.);
#3305 = CARTESIAN_POINT('',(234.89321925078,167.78291504708,
    3.012889680124));
#3306 = CARTESIAN_POINT('',(234.89317096041,167.76705190952,
    3.012889693694));
#3307 = CARTESIAN_POINT('',(234.89312268061,167.75119050213,
    3.012889706213));
#3308 = CARTESIAN_POINT('',(234.89307441143,167.73533051374,
    3.012889720437));
#3309 = CARTESIAN_POINT('',(234.89294437281,167.69260322566,
    3.012889758758));
#3310 = CARTESIAN_POINT('',(234.89281441128,167.64988623164,
    3.012889809539));
#3311 = CARTESIAN_POINT('',(234.8926844978,167.60717304792,
    3.012889855883));
#3312 = CARTESIAN_POINT('',(234.89255469009,167.56449463903,
    3.012889902188));
#3313 = CARTESIAN_POINT('',(234.89242493036,167.52182003176,
    3.01288994406));
#3314 = CARTESIAN_POINT('',(234.89229519646,167.47914294349,
    3.012889980093));
#3315 = CARTESIAN_POINT('',(234.89216564411,167.43652557928,
    3.012890016075));
#3316 = CARTESIAN_POINT('',(234.89203611751,167.39390573836,
    3.012890046186));
#3317 = CARTESIAN_POINT('',(234.89190660876,167.35127749408,
    3.012890101731));
#3318 = CARTESIAN_POINT('',(234.89168558082,167.27852540143,
    3.012890196528));
#3319 = CARTESIAN_POINT('',(234.89146460512,167.20574873904,
    3.012890366623));
#3320 = CARTESIAN_POINT('',(234.89124354516,167.13291773168,
    3.012890528747));
#3321 = ORIENTED_EDGE('',*,*,#3219,.T.);
#3322 = ORIENTED_EDGE('',*,*,#3323,.F.);
#3323 = EDGE_CURVE('',#3271,#3222,#3324,.T.);
#3324 = CIRCLE('',#3325,2.7);
#3325 = AXIS2_PLACEMENT_3D('',#3326,#3327,#3328);
#3326 = CARTESIAN_POINT('',(241.50135753241,167.45804119909,
    3.012933555441));
#3327 = DIRECTION('',(0.,0.,-1.));
#3328 = DIRECTION('',(0.,1.,0.));
#3329 = ORIENTED_EDGE('',*,*,#3270,.T.);
#3330 = PLANE('',#3331);
#3331 = AXIS2_PLACEMENT_3D('',#3332,#3333,#3334);
#3332 = CARTESIAN_POINT('',(253.45135753241,167.78304119908,
    3.012933555441));
#3333 = DIRECTION('',(0.,0.,1.));
#3334 = DIRECTION('',(1.,0.,-0.));
#3335 = ADVANCED_FACE('',(#3336),#3393,.F.);
#3336 = FACE_BOUND('',#3337,.F.);
#3337 = EDGE_LOOP('',(#3338,#3351,#3362,#3373,#3392));
#3338 = ORIENTED_EDGE('',*,*,#3339,.T.);
#3339 = EDGE_CURVE('',#3260,#3340,#3342,.T.);
#3340 = VERTEX_POINT('',#3341);
#3341 = CARTESIAN_POINT('',(236.04031178337,162.28796423399,
    5.854555407372));
#3342 = B_SPLINE_CURVE_WITH_KNOTS('',3,(#3343,#3344,#3345,#3346,#3347,
    #3348,#3349,#3350),.UNSPECIFIED.,.F.,.F.,(4,2,2,4),(-2.593752107059,
    -1.023481285968,-0.989428973442,-0.388745991506),.UNSPECIFIED.);
#3343 = CARTESIAN_POINT('',(236.03222943884,167.13304119905,
    5.749360134424));
#3344 = CARTESIAN_POINT('',(236.03323346726,166.648318407,5.75987162955)
  );
#3345 = CARTESIAN_POINT('',(236.03986857475,163.44584804616,
    5.829319058005));
#3346 = CARTESIAN_POINT('',(236.04018414076,162.9112005769,
    5.840964626271));
#3347 = CARTESIAN_POINT('',(236.04018778368,162.89985250221,
    5.841212005699));
#3348 = CARTESIAN_POINT('',(236.04023066116,162.68832436433,
    5.845824783237));
#3349 = CARTESIAN_POINT('',(236.04027122763,162.48814429916,
    5.850190094955));
#3350 = CARTESIAN_POINT('',(236.04031178337,162.28796423399,
    5.854555407371));
#3351 = ORIENTED_EDGE('',*,*,#3352,.T.);
#3352 = EDGE_CURVE('',#3340,#3353,#3355,.T.);
#3353 = VERTEX_POINT('',#3354);
#3354 = CARTESIAN_POINT('',(241.17635753241,162.15701002766,
    5.573389023186));
#3355 = B_SPLINE_CURVE_WITH_KNOTS('',3,(#3356,#3357,#3358,#3359,#3360,
    #3361),.UNSPECIFIED.,.F.,.F.,(4,2,4),(0.213308367365,2.692846043975,
    5.358824365024),.UNSPECIFIED.);
#3356 = CARTESIAN_POINT('',(236.04031178337,162.28796423399,
    5.854555407371));
#3357 = CARTESIAN_POINT('',(236.8647548508,162.26329342043,
    5.801585719438));
#3358 = CARTESIAN_POINT('',(237.68948478336,162.24037370875,
    5.752375750231));
#3359 = CARTESIAN_POINT('',(239.40149841158,162.19644748422,
    5.658063562265));
#3360 = CARTESIAN_POINT('',(240.28880333934,162.17571491011,
    5.613549506096));
#3361 = CARTESIAN_POINT('',(241.17635753242,162.15701002766,
    5.573389023186));
#3362 = ORIENTED_EDGE('',*,*,#3363,.T.);
#3363 = EDGE_CURVE('',#3353,#3364,#3366,.T.);
#3364 = VERTEX_POINT('',#3365);
#3365 = CARTESIAN_POINT('',(241.17635753241,164.77767275427,
    5.516205959014));
#3366 = B_SPLINE_CURVE_WITH_KNOTS('',3,(#3367,#3368,#3369,#3370,#3371,
    #3372),.UNSPECIFIED.,.F.,.F.,(4,2,4),(0.263956553083,2.638877993738,
    2.885243074898),.UNSPECIFIED.);
#3367 = CARTESIAN_POINT('',(241.17635753241,162.15701002766,
    5.573389023186));
#3368 = CARTESIAN_POINT('',(241.17635753241,162.94846211888,
    5.556119477105));
#3369 = CARTESIAN_POINT('',(241.17635753241,163.7399142101,
    5.538849931023));
#3370 = CARTESIAN_POINT('',(241.17635753241,164.61346845231,
    5.519788909632));
#3371 = CARTESIAN_POINT('',(241.17635753241,164.69557060329,
    5.517997434323));
#3372 = CARTESIAN_POINT('',(241.17635753241,164.77767275428,
    5.516205959014));
#3373 = ORIENTED_EDGE('',*,*,#3374,.T.);
#3374 = EDGE_CURVE('',#3364,#3279,#3375,.T.);
#3375 = B_SPLINE_CURVE_WITH_KNOTS('',3,(#3376,#3377,#3378,#3379,#3380,
    #3381,#3382,#3383,#3384,#3385,#3386,#3387,#3388,#3389,#3390,#3391),
  .UNSPECIFIED.,.F.,.F.,(4,3,3,3,3,4),(3.189189809791E-02,0.742540588323
    ,1.066783159749,2.146638270923,2.930682484386,3.6322262426),
  .UNSPECIFIED.);
#3376 = CARTESIAN_POINT('',(241.17635753241,164.77767275426,
    5.516205959014));
#3377 = CARTESIAN_POINT('',(240.94154365666,164.80614443039,
    5.526317656261));
#3378 = CARTESIAN_POINT('',(240.71187212851,164.86530339683,
    5.535838018725));
#3379 = CARTESIAN_POINT('',(240.4931633254,164.95333729003,
    5.544471617586));
#3380 = CARTESIAN_POINT('',(240.39337463138,164.9935038819,5.5484108077)
  );
#3381 = CARTESIAN_POINT('',(240.29586804956,165.03968151677,
    5.552164629785));
#3382 = CARTESIAN_POINT('',(240.20119612137,165.09169797468,
    5.55570151758));
#3383 = CARTESIAN_POINT('',(239.8859014182,165.26493320894,
    5.567480743047));
#3384 = CARTESIAN_POINT('',(239.60832251432,165.49948489224,
    5.576623795198));
#3385 = CARTESIAN_POINT('',(239.3848624042,165.78160205123,
    5.582176520763));
#3386 = CARTESIAN_POINT('',(239.22261600237,165.98643724044,
    5.586208156399));
#3387 = CARTESIAN_POINT('',(239.09095249703,166.21375637373,
    5.58829052587));
#3388 = CARTESIAN_POINT('',(238.99400649616,166.45644718065,
    5.588216174055));
#3389 = CARTESIAN_POINT('',(238.90726156431,166.67360103247,
    5.588149645854));
#3390 = CARTESIAN_POINT('',(238.84911973918,166.90104022519,
    5.586355959627));
#3391 = CARTESIAN_POINT('',(238.82098912714,167.1330412051,5.58282688248
    ));
#3392 = ORIENTED_EDGE('',*,*,#3286,.T.);
#3393 = B_SPLINE_SURFACE_WITH_KNOTS('',3,3,(
    (#3394,#3395,#3396,#3397)
    ,(#3398,#3399,#3400,#3401)
    ,(#3402,#3403,#3404,#3405)
    ,(#3406,#3407,#3408,#3409
    )),.UNSPECIFIED.,.F.,.F.,.F.,(4,4),(4,4),(8.10811776623E-02,
    9.967832676796E-02),(3.317993265139E-02,5.234016875844E-02),
  .PIECEWISE_BEZIER_KNOTS.);
#3394 = CARTESIAN_POINT('',(236.03222943883,167.13667324432,
    5.749280882915));
#3395 = CARTESIAN_POINT('',(237.74547458894,167.13424702762,
    5.638088945947));
#3396 = CARTESIAN_POINT('',(239.46034068589,167.13217799986,
    5.543266745615));
#3397 = CARTESIAN_POINT('',(241.17635753241,167.13046732875,
    5.46486779872));
#3398 = CARTESIAN_POINT('',(236.03222943883,165.47885414396,
    5.785454624404));
#3399 = CARTESIAN_POINT('',(237.74547458894,165.47642792726,
    5.674262687436));
#3400 = CARTESIAN_POINT('',(239.46034068589,165.47435889949,
    5.579440487104));
#3401 = CARTESIAN_POINT('',(241.17635753241,165.47264822838,
    5.501041540208));
#3402 = CARTESIAN_POINT('',(236.03222943883,163.8210350436,
    5.821628365893));
#3403 = CARTESIAN_POINT('',(237.74547458895,163.8186088269,
    5.710436428925));
#3404 = CARTESIAN_POINT('',(239.4603406859,163.81653979913,
    5.615614228592));
#3405 = CARTESIAN_POINT('',(241.17635753242,163.81482912802,
    5.537215281697));
#3406 = CARTESIAN_POINT('',(236.03222943883,162.16321594324,
    5.857802107382));
#3407 = CARTESIAN_POINT('',(237.74547458895,162.16078972654,
    5.746610170414));
#3408 = CARTESIAN_POINT('',(239.4603406859,162.15872069876,
    5.651787970081));
#3409 = CARTESIAN_POINT('',(241.17635753242,162.15701002765,
    5.573389023186));
#3410 = ADVANCED_FACE('',(#3411),#3474,.T.);
#3411 = FACE_BOUND('',#3412,.T.);
#3412 = EDGE_LOOP('',(#3413,#3414,#3415,#3423,#3432,#3440,#3447,#3448,
    #3457,#3463,#3464,#3465,#3466,#3467,#3468,#3469,#3470,#3471,#3472,
    #3473));
#3413 = ORIENTED_EDGE('',*,*,#2946,.T.);
#3414 = ORIENTED_EDGE('',*,*,#2986,.T.);
#3415 = ORIENTED_EDGE('',*,*,#3416,.F.);
#3416 = EDGE_CURVE('',#3417,#2987,#3419,.T.);
#3417 = VERTEX_POINT('',#3418);
#3418 = CARTESIAN_POINT('',(241.82635753242,164.77767275426,
    3.012933555441));
#3419 = LINE('',#3420,#3421);
#3420 = CARTESIAN_POINT('',(241.82635753242,164.77767275426,
    9.521627930553E-11));
#3421 = VECTOR('',#3422,1.);
#3422 = DIRECTION('',(0.,0.,1.));
#3423 = ORIENTED_EDGE('',*,*,#3424,.F.);
#3424 = EDGE_CURVE('',#3425,#3417,#3427,.T.);
#3425 = VERTEX_POINT('',#3426);
#3426 = CARTESIAN_POINT('',(241.50135753241,164.75804119909,
    3.012933555441));
#3427 = CIRCLE('',#3428,2.7);
#3428 = AXIS2_PLACEMENT_3D('',#3429,#3430,#3431);
#3429 = CARTESIAN_POINT('',(241.50135753241,167.45804119909,
    3.012933555441));
#3430 = DIRECTION('',(0.,-0.,1.));
#3431 = DIRECTION('',(0.,1.,0.));
#3432 = ORIENTED_EDGE('',*,*,#3433,.T.);
#3433 = EDGE_CURVE('',#3425,#3434,#3436,.T.);
#3434 = VERTEX_POINT('',#3435);
#3435 = CARTESIAN_POINT('',(241.50135753241,164.75804119909,
    0.200000000095));
#3436 = LINE('',#3437,#3438);
#3437 = CARTESIAN_POINT('',(241.50135753241,164.75804119909,
    9.521627930553E-11));
#3438 = VECTOR('',#3439,1.);
#3439 = DIRECTION('',(0.,0.,-1.));
#3440 = ORIENTED_EDGE('',*,*,#3441,.F.);
#3441 = EDGE_CURVE('',#3434,#3434,#3442,.T.);
#3442 = CIRCLE('',#3443,2.7);
#3443 = AXIS2_PLACEMENT_3D('',#3444,#3445,#3446);
#3444 = CARTESIAN_POINT('',(241.50135753241,167.45804119909,
    0.200000000095));
#3445 = DIRECTION('',(0.,-3.061616997868E-16,-1.));
#3446 = DIRECTION('',(0.,1.,-3.061616997868E-16));
#3447 = ORIENTED_EDGE('',*,*,#3433,.F.);
#3448 = ORIENTED_EDGE('',*,*,#3449,.F.);
#3449 = EDGE_CURVE('',#3450,#3425,#3452,.T.);
#3450 = VERTEX_POINT('',#3451);
#3451 = CARTESIAN_POINT('',(241.17635753241,164.77767275426,
    3.012933555441));
#3452 = CIRCLE('',#3453,2.7);
#3453 = AXIS2_PLACEMENT_3D('',#3454,#3455,#3456);
#3454 = CARTESIAN_POINT('',(241.50135753241,167.45804119909,
    3.012933555441));
#3455 = DIRECTION('',(0.,-0.,1.));
#3456 = DIRECTION('',(0.,1.,0.));
#3457 = ORIENTED_EDGE('',*,*,#3458,.F.);
#3458 = EDGE_CURVE('',#3364,#3450,#3459,.T.);
#3459 = LINE('',#3460,#3461);
#3460 = CARTESIAN_POINT('',(241.17635753241,164.77767275426,
    9.521627930553E-11));
#3461 = VECTOR('',#3462,1.);
#3462 = DIRECTION('',(0.,0.,-1.));
#3463 = ORIENTED_EDGE('',*,*,#3374,.T.);
#3464 = ORIENTED_EDGE('',*,*,#3278,.T.);
#3465 = ORIENTED_EDGE('',*,*,#3323,.T.);
#3466 = ORIENTED_EDGE('',*,*,#3230,.T.);
#3467 = ORIENTED_EDGE('',*,*,#3173,.T.);
#3468 = ORIENTED_EDGE('',*,*,#3099,.T.);
#3469 = ORIENTED_EDGE('',*,*,#3126,.T.);
#3470 = ORIENTED_EDGE('',*,*,#3068,.T.);
#3471 = ORIENTED_EDGE('',*,*,#2847,.T.);
#3472 = ORIENTED_EDGE('',*,*,#2903,.T.);
#3473 = ORIENTED_EDGE('',*,*,#2970,.T.);
#3474 = CYLINDRICAL_SURFACE('',#3475,2.7);
#3475 = AXIS2_PLACEMENT_3D('',#3476,#3477,#3478);
#3476 = CARTESIAN_POINT('',(241.50135753241,167.45804119909,
    9.521627930553E-11));
#3477 = DIRECTION('',(0.,0.,1.));
#3478 = DIRECTION('',(0.,1.,0.));
#3479 = ADVANCED_FACE('',(#3480),#3574,.F.);
#3480 = FACE_BOUND('',#3481,.T.);
#3481 = EDGE_LOOP('',(#3482,#3490,#3498,#3504,#3505,#3513,#3521,#3527,
    #3528,#3529,#3537,#3550,#3551,#3559,#3567,#3573));
#3482 = ORIENTED_EDGE('',*,*,#3483,.F.);
#3483 = EDGE_CURVE('',#3484,#3025,#3486,.T.);
#3484 = VERTEX_POINT('',#3485);
#3485 = CARTESIAN_POINT('',(253.12635753241,160.96446912487,
    3.012933555441));
#3486 = LINE('',#3487,#3488);
#3487 = CARTESIAN_POINT('',(253.1263575324,162.7645413274,6.877794460875
    ));
#3488 = VECTOR('',#3489,1.);
#3489 = DIRECTION('',(-7.781882676491E-29,0.42220553922,0.906500128324)
  );
#3490 = ORIENTED_EDGE('',*,*,#3491,.F.);
#3491 = EDGE_CURVE('',#3492,#3484,#3494,.T.);
#3492 = VERTEX_POINT('',#3493);
#3493 = CARTESIAN_POINT('',(253.77635753241,160.96446912487,
    3.012933555441));
#3494 = LINE('',#3495,#3496);
#3495 = CARTESIAN_POINT('',(261.52948253241,160.96446912487,
    3.012933555441));
#3496 = VECTOR('',#3497,1.);
#3497 = DIRECTION('',(-1.,3.433382011053E-28,0.));
#3498 = ORIENTED_EDGE('',*,*,#3499,.F.);
#3499 = EDGE_CURVE('',#2783,#3492,#3500,.T.);
#3500 = LINE('',#3501,#3502);
#3501 = CARTESIAN_POINT('',(253.77635753241,162.73031627608,
    6.804311262451));
#3502 = VECTOR('',#3503,1.);
#3503 = DIRECTION('',(-8.533193355102E-14,-0.42220553922,-0.906500128324
    ));
#3504 = ORIENTED_EDGE('',*,*,#2793,.T.);
#3505 = ORIENTED_EDGE('',*,*,#3506,.F.);
#3506 = EDGE_CURVE('',#3507,#2794,#3509,.T.);
#3507 = VERTEX_POINT('',#3508);
#3508 = CARTESIAN_POINT('',(265.07635753241,160.96446912487,
    3.012933555441));
#3509 = LINE('',#3510,#3511);
#3510 = CARTESIAN_POINT('',(265.07635753241,162.73031627608,
    6.80431126245));
#3511 = VECTOR('',#3512,1.);
#3512 = DIRECTION('',(0.,0.42220553922,0.906500128324));
#3513 = ORIENTED_EDGE('',*,*,#3514,.F.);
#3514 = EDGE_CURVE('',#3515,#3507,#3517,.T.);
#3515 = VERTEX_POINT('',#3516);
#3516 = CARTESIAN_POINT('',(265.72635753241,160.96446912487,
    3.012933555441));
#3517 = LINE('',#3518,#3519);
#3518 = CARTESIAN_POINT('',(261.52948253241,160.96446912487,
    3.012933555441));
#3519 = VECTOR('',#3520,1.);
#3520 = DIRECTION('',(-1.,3.433382011053E-28,0.));
#3521 = ORIENTED_EDGE('',*,*,#3522,.F.);
#3522 = EDGE_CURVE('',#2512,#3515,#3523,.T.);
#3523 = LINE('',#3524,#3525);
#3524 = CARTESIAN_POINT('',(265.72635753241,162.73031627608,
    6.80431126245));
#3525 = VECTOR('',#3526,1.);
#3526 = DIRECTION('',(0.,-0.42220553922,-0.906500128324));
#3527 = ORIENTED_EDGE('',*,*,#2522,.T.);
#3528 = ORIENTED_EDGE('',*,*,#158,.F.);
#3529 = ORIENTED_EDGE('',*,*,#3530,.F.);
#3530 = EDGE_CURVE('',#3531,#159,#3533,.T.);
#3531 = VERTEX_POINT('',#3532);
#3532 = CARTESIAN_POINT('',(233.62734190201,159.5611850032,
    9.530110034461E-11));
#3533 = LINE('',#3534,#3535);
#3534 = CARTESIAN_POINT('',(267.48260753241,159.5611850032,
    9.530110034461E-11));
#3535 = VECTOR('',#3536,1.);
#3536 = DIRECTION('',(1.,1.382413378143E-34,2.968122840996E-34));
#3537 = ORIENTED_EDGE('',*,*,#3538,.F.);
#3538 = EDGE_CURVE('',#3340,#3531,#3539,.T.);
#3539 = B_SPLINE_CURVE_WITH_KNOTS('',3,(#3540,#3541,#3542,#3543,#3544,
    #3545,#3546,#3547,#3548,#3549),.UNSPECIFIED.,.F.,.F.,(4,2,2,2,4),(
    -25.90449565362,-3.928149609469,-3.296973771645,-1.829028587287,
    -7.262844585513E-02),.UNSPECIFIED.);
#3540 = CARTESIAN_POINT('',(236.04031178337,162.28796423399,
    5.85455540737));
#3541 = CARTESIAN_POINT('',(235.68201819448,161.88210506262,
    4.983151892362));
#3542 = CARTESIAN_POINT('',(235.25558731348,161.39913813282,
    3.94619348431));
#3543 = CARTESIAN_POINT('',(234.89054644114,160.98595881494,
    3.059073184166));
#3544 = CARTESIAN_POINT('',(234.81145279211,160.89641337145,
    2.866813849559));
#3545 = CARTESIAN_POINT('',(234.59974560843,160.65715893273,
    2.353120495846));
#3546 = CARTESIAN_POINT('',(234.41697106031,160.45092410528,
    1.910322189843));
#3547 = CARTESIAN_POINT('',(234.04142321563,160.02748581927,
    1.001175281666));
#3548 = CARTESIAN_POINT('',(233.83315890558,159.79288076843,
    0.497464437218));
#3549 = CARTESIAN_POINT('',(233.62734190201,159.5611850032,
    9.609957274392E-11));
#3550 = ORIENTED_EDGE('',*,*,#3352,.T.);
#3551 = ORIENTED_EDGE('',*,*,#3552,.F.);
#3552 = EDGE_CURVE('',#3553,#3353,#3555,.T.);
#3553 = VERTEX_POINT('',#3554);
#3554 = CARTESIAN_POINT('',(241.17635753241,160.96446912487,
    3.012933555441));
#3555 = LINE('',#3556,#3557);
#3556 = CARTESIAN_POINT('',(241.17635753241,162.73031627608,
    6.80431126245));
#3557 = VECTOR('',#3558,1.);
#3558 = DIRECTION('',(0.,0.42220553922,0.906500128324));
#3559 = ORIENTED_EDGE('',*,*,#3560,.F.);
#3560 = EDGE_CURVE('',#3561,#3553,#3563,.T.);
#3561 = VERTEX_POINT('',#3562);
#3562 = CARTESIAN_POINT('',(241.82635753242,160.96446912487,
    3.012933555441));
#3563 = LINE('',#3564,#3565);
#3564 = CARTESIAN_POINT('',(261.52948253241,160.96446912487,
    3.012933555441));
#3565 = VECTOR('',#3566,1.);
#3566 = DIRECTION('',(-1.,3.433382011053E-28,0.));
#3567 = ORIENTED_EDGE('',*,*,#3568,.F.);
#3568 = EDGE_CURVE('',#3014,#3561,#3569,.T.);
#3569 = LINE('',#3570,#3571);
#3570 = CARTESIAN_POINT('',(241.82635753242,162.73031627608,
    6.80431126245));
#3571 = VECTOR('',#3572,1.);
#3572 = DIRECTION('',(0.,-0.42220553922,-0.906500128324));
#3573 = ORIENTED_EDGE('',*,*,#3024,.T.);
#3574 = PLANE('',#3575);
#3575 = AXIS2_PLACEMENT_3D('',#3576,#3577,#3578);
#3576 = CARTESIAN_POINT('',(269.60760753241,162.7645413274,
    6.877794460875));
#3577 = DIRECTION('',(-3.112361233606E-28,-0.906500128324,0.42220553922)
  );
#3578 = DIRECTION('',(-7.781882676491E-29,0.42220553922,0.906500128324)
  );
#3579 = ADVANCED_FACE('',(#3580,#3583),#3681,.T.);
#3580 = FACE_BOUND('',#3581,.T.);
#3581 = EDGE_LOOP('',(#3582));
#3582 = ORIENTED_EDGE('',*,*,#2056,.T.);
#3583 = FACE_BOUND('',#3584,.T.);
#3584 = EDGE_LOOP('',(#3585,#3595,#3603,#3611,#3619,#3627,#3635,#3643,
    #3651,#3659,#3667,#3675));
#3585 = ORIENTED_EDGE('',*,*,#3586,.T.);
#3586 = EDGE_CURVE('',#3587,#3589,#3591,.T.);
#3587 = VERTEX_POINT('',#3588);
#3588 = CARTESIAN_POINT('',(264.90135753241,169.45804119909,
    0.200000000095));
#3589 = VERTEX_POINT('',#3590);
#3590 = CARTESIAN_POINT('',(264.90135753241,167.95804119909,
    0.200000000095));
#3591 = LINE('',#3592,#3593);
#3592 = CARTESIAN_POINT('',(264.90135753241,163.21202744459,
    0.200000000095));
#3593 = VECTOR('',#3594,1.);
#3594 = DIRECTION('',(0.,-1.,3.061616997868E-16));
#3595 = ORIENTED_EDGE('',*,*,#3596,.T.);
#3596 = EDGE_CURVE('',#3589,#3597,#3599,.T.);
#3597 = VERTEX_POINT('',#3598);
#3598 = CARTESIAN_POINT('',(263.40135753241,167.95804119909,
    0.200000000095));
#3599 = LINE('',#3600,#3601);
#3600 = CARTESIAN_POINT('',(259.90135753241,167.95804119909,
    0.200000000095));
#3601 = VECTOR('',#3602,1.);
#3602 = DIRECTION('',(-1.,0.,0.));
#3603 = ORIENTED_EDGE('',*,*,#3604,.T.);
#3604 = EDGE_CURVE('',#3597,#3605,#3607,.T.);
#3605 = VERTEX_POINT('',#3606);
#3606 = CARTESIAN_POINT('',(263.40135753241,166.95804119909,
    0.200000000095));
#3607 = LINE('',#3608,#3609);
#3608 = CARTESIAN_POINT('',(263.40135753241,162.71202744459,
    0.200000000095));
#3609 = VECTOR('',#3610,1.);
#3610 = DIRECTION('',(0.,-1.,3.061616997868E-16));
#3611 = ORIENTED_EDGE('',*,*,#3612,.T.);
#3612 = EDGE_CURVE('',#3605,#3613,#3615,.T.);
#3613 = VERTEX_POINT('',#3614);
#3614 = CARTESIAN_POINT('',(264.90135753241,166.95804119909,
    0.200000000095));
#3615 = LINE('',#3616,#3617);
#3616 = CARTESIAN_POINT('',(260.65135753241,166.95804119909,
    0.200000000095));
#3617 = VECTOR('',#3618,1.);
#3618 = DIRECTION('',(1.,0.,0.));
#3619 = ORIENTED_EDGE('',*,*,#3620,.T.);
#3620 = EDGE_CURVE('',#3613,#3621,#3623,.T.);
#3621 = VERTEX_POINT('',#3622);
#3622 = CARTESIAN_POINT('',(264.90135753241,165.45804119909,
    0.200000000095));
#3623 = LINE('',#3624,#3625);
#3624 = CARTESIAN_POINT('',(264.90135753241,163.21202744459,
    0.200000000095));
#3625 = VECTOR('',#3626,1.);
#3626 = DIRECTION('',(0.,-1.,3.061616997868E-16));
#3627 = ORIENTED_EDGE('',*,*,#3628,.T.);
#3628 = EDGE_CURVE('',#3621,#3629,#3631,.T.);
#3629 = VERTEX_POINT('',#3630);
#3630 = CARTESIAN_POINT('',(265.90135753241,165.45804119909,
    0.200000000095));
#3631 = LINE('',#3632,#3633);
#3632 = CARTESIAN_POINT('',(261.15135753241,165.45804119909,
    0.200000000095));
#3633 = VECTOR('',#3634,1.);
#3634 = DIRECTION('',(1.,0.,0.));
#3635 = ORIENTED_EDGE('',*,*,#3636,.T.);
#3636 = EDGE_CURVE('',#3629,#3637,#3639,.T.);
#3637 = VERTEX_POINT('',#3638);
#3638 = CARTESIAN_POINT('',(265.90135753241,166.95804119909,
    0.200000000095));
#3639 = LINE('',#3640,#3641);
#3640 = CARTESIAN_POINT('',(265.90135753241,162.71202744459,
    0.200000000095));
#3641 = VECTOR('',#3642,1.);
#3642 = DIRECTION('',(0.,1.,-3.061616997868E-16));
#3643 = ORIENTED_EDGE('',*,*,#3644,.T.);
#3644 = EDGE_CURVE('',#3637,#3645,#3647,.T.);
#3645 = VERTEX_POINT('',#3646);
#3646 = CARTESIAN_POINT('',(267.40135753241,166.95804119909,
    0.200000000095));
#3647 = LINE('',#3648,#3649);
#3648 = CARTESIAN_POINT('',(260.65135753241,166.95804119909,
    0.200000000095));
#3649 = VECTOR('',#3650,1.);
#3650 = DIRECTION('',(1.,0.,0.));
#3651 = ORIENTED_EDGE('',*,*,#3652,.T.);
#3652 = EDGE_CURVE('',#3645,#3653,#3655,.T.);
#3653 = VERTEX_POINT('',#3654);
#3654 = CARTESIAN_POINT('',(267.40135753241,167.95804119909,
    0.200000000095));
#3655 = LINE('',#3656,#3657);
#3656 = CARTESIAN_POINT('',(267.40135753241,163.21202744459,
    0.200000000095));
#3657 = VECTOR('',#3658,1.);
#3658 = DIRECTION('',(0.,1.,-3.061616997868E-16));
#3659 = ORIENTED_EDGE('',*,*,#3660,.T.);
#3660 = EDGE_CURVE('',#3653,#3661,#3663,.T.);
#3661 = VERTEX_POINT('',#3662);
#3662 = CARTESIAN_POINT('',(265.90135753241,167.95804119909,
    0.200000000095));
#3663 = LINE('',#3664,#3665);
#3664 = CARTESIAN_POINT('',(261.15135753241,167.95804119909,
    0.200000000095));
#3665 = VECTOR('',#3666,1.);
#3666 = DIRECTION('',(-1.,0.,0.));
#3667 = ORIENTED_EDGE('',*,*,#3668,.T.);
#3668 = EDGE_CURVE('',#3661,#3669,#3671,.T.);
#3669 = VERTEX_POINT('',#3670);
#3670 = CARTESIAN_POINT('',(265.90135753241,169.45804119909,
    0.200000000095));
#3671 = LINE('',#3672,#3673);
#3672 = CARTESIAN_POINT('',(265.90135753241,163.96202744459,
    0.200000000095));
#3673 = VECTOR('',#3674,1.);
#3674 = DIRECTION('',(0.,1.,-3.061616997868E-16));
#3675 = ORIENTED_EDGE('',*,*,#3676,.T.);
#3676 = EDGE_CURVE('',#3669,#3587,#3677,.T.);
#3677 = LINE('',#3678,#3679);
#3678 = CARTESIAN_POINT('',(260.65135753241,169.45804119909,
    0.200000000095));
#3679 = VECTOR('',#3680,1.);
#3680 = DIRECTION('',(-1.,0.,0.));
#3681 = PLANE('',#3682);
#3682 = AXIS2_PLACEMENT_3D('',#3683,#3684,#3685);
#3683 = CARTESIAN_POINT('',(256.40135753241,158.46601369009,
    0.200000000095));
#3684 = DIRECTION('',(0.,-3.061616997868E-16,-1.));
#3685 = DIRECTION('',(0.,1.,-3.061616997868E-16));
#3686 = ADVANCED_FACE('',(#3687),#3715,.T.);
#3687 = FACE_BOUND('',#3688,.T.);
#3688 = EDGE_LOOP('',(#3689,#3702,#3708,#3709));
#3689 = ORIENTED_EDGE('',*,*,#3690,.T.);
#3690 = EDGE_CURVE('',#3691,#3693,#3695,.T.);
#3691 = VERTEX_POINT('',#3692);
#3692 = CARTESIAN_POINT('',(265.90135753241,169.45804119909,
    5.422136054704));
#3693 = VERTEX_POINT('',#3694);
#3694 = CARTESIAN_POINT('',(264.90135753241,169.45804119909,
    5.377640269761));
#3695 = B_SPLINE_CURVE_WITH_KNOTS('',3,(#3696,#3697,#3698,#3699,#3700,
    #3701),.UNSPECIFIED.,.F.,.F.,(4,2,4),(1.56271923819,2.044923470962,
    2.563710007539),.UNSPECIFIED.);
#3696 = CARTESIAN_POINT('',(265.90135753242,169.45804119909,
    5.422136054704));
#3697 = CARTESIAN_POINT('',(265.74079545952,169.45804119909,
    5.414692176712));
#3698 = CARTESIAN_POINT('',(265.58022663813,169.45804119909,
    5.407392295753));
#3699 = CARTESIAN_POINT('',(265.24689387469,169.45804119909,
    5.392537668036));
#3700 = CARTESIAN_POINT('',(265.07412921781,169.45804119909,
    5.385005614269));
#3701 = CARTESIAN_POINT('',(264.90135753241,169.45804119909,
    5.377640269761));
#3702 = ORIENTED_EDGE('',*,*,#3703,.F.);
#3703 = EDGE_CURVE('',#3587,#3693,#3704,.T.);
#3704 = LINE('',#3705,#3706);
#3705 = CARTESIAN_POINT('',(264.90135753241,169.45804119909,
    9.521272659185E-11));
#3706 = VECTOR('',#3707,1.);
#3707 = DIRECTION('',(0.,0.,1.));
#3708 = ORIENTED_EDGE('',*,*,#3676,.F.);
#3709 = ORIENTED_EDGE('',*,*,#3710,.T.);
#3710 = EDGE_CURVE('',#3669,#3691,#3711,.T.);
#3711 = LINE('',#3712,#3713);
#3712 = CARTESIAN_POINT('',(265.90135753241,169.45804119909,
    9.521272659185E-11));
#3713 = VECTOR('',#3714,1.);
#3714 = DIRECTION('',(0.,0.,1.));
#3715 = PLANE('',#3716);
#3716 = AXIS2_PLACEMENT_3D('',#3717,#3718,#3719);
#3717 = CARTESIAN_POINT('',(264.90135753241,169.45804119909,
    9.521272659185E-11));
#3718 = DIRECTION('',(0.,-1.,0.));
#3719 = DIRECTION('',(1.,0.,0.));
#3720 = ADVANCED_FACE('',(#3721),#3740,.T.);
#3721 = FACE_BOUND('',#3722,.T.);
#3722 = EDGE_LOOP('',(#3723,#3732,#3733,#3734));
#3723 = ORIENTED_EDGE('',*,*,#3724,.T.);
#3724 = EDGE_CURVE('',#3725,#3691,#3727,.T.);
#3725 = VERTEX_POINT('',#3726);
#3726 = CARTESIAN_POINT('',(265.90135753241,167.95804119909,
    5.454866171169));
#3727 = B_SPLINE_CURVE_WITH_KNOTS('',3,(#3728,#3729,#3730,#3731),
  .UNSPECIFIED.,.F.,.F.,(4,4),(2.50933248937,4.009689533725),
  .PIECEWISE_BEZIER_KNOTS.);
#3728 = CARTESIAN_POINT('',(265.90135753241,167.95804119909,
    5.454866171169));
#3729 = CARTESIAN_POINT('',(265.90135753241,168.45804119909,
    5.443956132347));
#3730 = CARTESIAN_POINT('',(265.90135753241,168.95804119909,
    5.433046093526));
#3731 = CARTESIAN_POINT('',(265.90135753241,169.45804119909,
    5.422136054704));
#3732 = ORIENTED_EDGE('',*,*,#3710,.F.);
#3733 = ORIENTED_EDGE('',*,*,#3668,.F.);
#3734 = ORIENTED_EDGE('',*,*,#3735,.T.);
#3735 = EDGE_CURVE('',#3661,#3725,#3736,.T.);
#3736 = LINE('',#3737,#3738);
#3737 = CARTESIAN_POINT('',(265.90135753241,167.95804119909,
    9.521272659185E-11));
#3738 = VECTOR('',#3739,1.);
#3739 = DIRECTION('',(0.,0.,1.));
#3740 = PLANE('',#3741);
#3741 = AXIS2_PLACEMENT_3D('',#3742,#3743,#3744);
#3742 = CARTESIAN_POINT('',(265.90135753241,169.45804119909,
    9.521272659185E-11));
#3743 = DIRECTION('',(-1.,0.,0.));
#3744 = DIRECTION('',(0.,-1.,3.061616997868E-16));
#3745 = ADVANCED_FACE('',(#3746),#3765,.T.);
#3746 = FACE_BOUND('',#3747,.T.);
#3747 = EDGE_LOOP('',(#3748,#3757,#3763,#3764));
#3748 = ORIENTED_EDGE('',*,*,#3749,.T.);
#3749 = EDGE_CURVE('',#3693,#3750,#3752,.T.);
#3750 = VERTEX_POINT('',#3751);
#3751 = CARTESIAN_POINT('',(264.90135753241,167.95804119908,
    5.410370386226));
#3752 = B_SPLINE_CURVE_WITH_KNOTS('',3,(#3753,#3754,#3755,#3756),
  .UNSPECIFIED.,.F.,.F.,(4,4),(3.128327588825E-02,1.531640320243),
  .PIECEWISE_BEZIER_KNOTS.);
#3753 = CARTESIAN_POINT('',(264.90135753241,169.45804119909,
    5.377640269761));
#3754 = CARTESIAN_POINT('',(264.90135753241,168.95804119908,
    5.388550308583));
#3755 = CARTESIAN_POINT('',(264.90135753241,168.45804119908,
    5.399460347405));
#3756 = CARTESIAN_POINT('',(264.90135753241,167.95804119908,
    5.410370386227));
#3757 = ORIENTED_EDGE('',*,*,#3758,.F.);
#3758 = EDGE_CURVE('',#3589,#3750,#3759,.T.);
#3759 = LINE('',#3760,#3761);
#3760 = CARTESIAN_POINT('',(264.90135753241,167.95804119909,
    9.521272659185E-11));
#3761 = VECTOR('',#3762,1.);
#3762 = DIRECTION('',(0.,0.,1.));
#3763 = ORIENTED_EDGE('',*,*,#3586,.F.);
#3764 = ORIENTED_EDGE('',*,*,#3703,.T.);
#3765 = PLANE('',#3766);
#3766 = AXIS2_PLACEMENT_3D('',#3767,#3768,#3769);
#3767 = CARTESIAN_POINT('',(264.90135753241,167.95804119909,
    9.521272659185E-11));
#3768 = DIRECTION('',(1.,0.,0.));
#3769 = DIRECTION('',(0.,1.,-3.061616997868E-16));
#3770 = ADVANCED_FACE('',(#3771),#3790,.T.);
#3771 = FACE_BOUND('',#3772,.T.);
#3772 = EDGE_LOOP('',(#3773,#3782,#3783,#3784));
#3773 = ORIENTED_EDGE('',*,*,#3774,.T.);
#3774 = EDGE_CURVE('',#3775,#3725,#3777,.T.);
#3775 = VERTEX_POINT('',#3776);
#3776 = CARTESIAN_POINT('',(267.40135753241,167.95804119909,
    5.528607629632));
#3777 = B_SPLINE_CURVE_WITH_KNOTS('',3,(#3778,#3779,#3780,#3781),
  .UNSPECIFIED.,.F.,.F.,(4,4),(6.090366319019E-02,1.56271923819),
  .PIECEWISE_BEZIER_KNOTS.);
#3778 = CARTESIAN_POINT('',(267.40135753241,167.95804119909,
    5.528607629633));
#3779 = CARTESIAN_POINT('',(266.90142689218,167.95804119909,
    5.502630563051));
#3780 = CARTESIAN_POINT('',(266.4014249425,167.95804119909,5.4780499824)
  );
#3781 = CARTESIAN_POINT('',(265.90135753241,167.95804119909,
    5.45486617117));
#3782 = ORIENTED_EDGE('',*,*,#3735,.F.);
#3783 = ORIENTED_EDGE('',*,*,#3660,.F.);
#3784 = ORIENTED_EDGE('',*,*,#3785,.T.);
#3785 = EDGE_CURVE('',#3653,#3775,#3786,.T.);
#3786 = LINE('',#3787,#3788);
#3787 = CARTESIAN_POINT('',(267.40135753241,167.95804119909,
    9.521272659185E-11));
#3788 = VECTOR('',#3789,1.);
#3789 = DIRECTION('',(0.,0.,1.));
#3790 = PLANE('',#3791);
#3791 = AXIS2_PLACEMENT_3D('',#3792,#3793,#3794);
#3792 = CARTESIAN_POINT('',(265.90135753241,167.95804119909,
    9.521272659185E-11));
#3793 = DIRECTION('',(0.,-1.,0.));
#3794 = DIRECTION('',(1.,0.,0.));
#3795 = ADVANCED_FACE('',(#3796),#3815,.T.);
#3796 = FACE_BOUND('',#3797,.T.);
#3797 = EDGE_LOOP('',(#3798,#3807,#3813,#3814));
#3798 = ORIENTED_EDGE('',*,*,#3799,.T.);
#3799 = EDGE_CURVE('',#3750,#3800,#3802,.T.);
#3800 = VERTEX_POINT('',#3801);
#3801 = CARTESIAN_POINT('',(263.40135753241,167.95804119908,
    5.350619855916));
#3802 = B_SPLINE_CURVE_WITH_KNOTS('',3,(#3803,#3804,#3805,#3806),
  .UNSPECIFIED.,.F.,.F.,(4,4),(2.56371000754,4.0649036008),
  .PIECEWISE_BEZIER_KNOTS.);
#3803 = CARTESIAN_POINT('',(264.90135753241,167.95804119909,
    5.410370386226));
#3804 = CARTESIAN_POINT('',(264.40141443646,167.95804119909,
    5.38905755868));
#3805 = CARTESIAN_POINT('',(263.90141248854,167.95804119909,
    5.369140635708));
#3806 = CARTESIAN_POINT('',(263.40135753241,167.95804119909,
    5.350619855915));
#3807 = ORIENTED_EDGE('',*,*,#3808,.F.);
#3808 = EDGE_CURVE('',#3597,#3800,#3809,.T.);
#3809 = LINE('',#3810,#3811);
#3810 = CARTESIAN_POINT('',(263.40135753241,167.95804119909,
    9.521272659185E-11));
#3811 = VECTOR('',#3812,1.);
#3812 = DIRECTION('',(0.,0.,1.));
#3813 = ORIENTED_EDGE('',*,*,#3596,.F.);
#3814 = ORIENTED_EDGE('',*,*,#3758,.T.);
#3815 = PLANE('',#3816);
#3816 = AXIS2_PLACEMENT_3D('',#3817,#3818,#3819);
#3817 = CARTESIAN_POINT('',(263.40135753241,167.95804119909,
    9.521272659185E-11));
#3818 = DIRECTION('',(0.,-1.,0.));
#3819 = DIRECTION('',(1.,0.,0.));
#3820 = ADVANCED_FACE('',(#3821),#3842,.T.);
#3821 = FACE_BOUND('',#3822,.T.);
#3822 = EDGE_LOOP('',(#3823,#3834,#3835,#3836));
#3823 = ORIENTED_EDGE('',*,*,#3824,.T.);
#3824 = EDGE_CURVE('',#3825,#3775,#3827,.T.);
#3825 = VERTEX_POINT('',#3826);
#3826 = CARTESIAN_POINT('',(267.40135753241,166.95804119909,
    5.550427707276));
#3827 = B_SPLINE_CURVE_WITH_KNOTS('',3,(#3828,#3829,#3830,#3831,#3832,
    #3833),.UNSPECIFIED.,.F.,.F.,(4,2,4),(1.507485798392,2.020971740027,
    2.507723827939),.UNSPECIFIED.);
#3828 = CARTESIAN_POINT('',(267.40135753241,166.95804119911,
    5.550427707276));
#3829 = CARTESIAN_POINT('',(267.40135753241,167.12916244774,
    5.546693828344));
#3830 = CARTESIAN_POINT('',(267.40135753241,167.30028369637,
    5.542959949413));
#3831 = CARTESIAN_POINT('',(267.40135753241,167.6336170297,
    5.535686590198));
#3832 = CARTESIAN_POINT('',(267.40135753241,167.79582911441,
    5.532147109915));
#3833 = CARTESIAN_POINT('',(267.40135753241,167.9580411991,
    5.528607629632));
#3834 = ORIENTED_EDGE('',*,*,#3785,.F.);
#3835 = ORIENTED_EDGE('',*,*,#3652,.F.);
#3836 = ORIENTED_EDGE('',*,*,#3837,.T.);
#3837 = EDGE_CURVE('',#3645,#3825,#3838,.T.);
#3838 = LINE('',#3839,#3840);
#3839 = CARTESIAN_POINT('',(267.40135753241,166.95804119909,
    9.521361477027E-11));
#3840 = VECTOR('',#3841,1.);
#3841 = DIRECTION('',(0.,0.,1.));
#3842 = PLANE('',#3843);
#3843 = AXIS2_PLACEMENT_3D('',#3844,#3845,#3846);
#3844 = CARTESIAN_POINT('',(267.40135753241,167.95804119909,
    9.521272659185E-11));
#3845 = DIRECTION('',(-1.,0.,0.));
#3846 = DIRECTION('',(0.,-1.,3.061616997868E-16));
#3847 = ADVANCED_FACE('',(#3848),#3869,.T.);
#3848 = FACE_BOUND('',#3849,.T.);
#3849 = EDGE_LOOP('',(#3850,#3861,#3867,#3868));
#3850 = ORIENTED_EDGE('',*,*,#3851,.T.);
#3851 = EDGE_CURVE('',#3800,#3852,#3854,.T.);
#3852 = VERTEX_POINT('',#3853);
#3853 = CARTESIAN_POINT('',(263.40135753241,166.95804119908,
    5.372439933559));
#3854 = B_SPLINE_CURVE_WITH_KNOTS('',3,(#3855,#3856,#3857,#3858,#3859,
    #3860),.UNSPECIFIED.,.F.,.F.,(4,2,4),(1.530336869292,2.020971740019,
    2.530574898857),.UNSPECIFIED.);
#3855 = CARTESIAN_POINT('',(263.40135753241,167.95804119908,
    5.350619855916));
#3856 = CARTESIAN_POINT('',(263.40135753241,167.79453516144,
    5.354187570352));
#3857 = CARTESIAN_POINT('',(263.40135753241,167.6310291238,
    5.357755284788));
#3858 = CARTESIAN_POINT('',(263.40135753241,167.29769579047,
    5.365028644003));
#3859 = CARTESIAN_POINT('',(263.40135753241,167.12786849478,
    5.368734288781));
#3860 = CARTESIAN_POINT('',(263.40135753241,166.95804119909,
    5.372439933559));
#3861 = ORIENTED_EDGE('',*,*,#3862,.F.);
#3862 = EDGE_CURVE('',#3605,#3852,#3863,.T.);
#3863 = LINE('',#3864,#3865);
#3864 = CARTESIAN_POINT('',(263.40135753241,166.95804119909,
    9.521361477027E-11));
#3865 = VECTOR('',#3866,1.);
#3866 = DIRECTION('',(0.,0.,1.));
#3867 = ORIENTED_EDGE('',*,*,#3604,.F.);
#3868 = ORIENTED_EDGE('',*,*,#3808,.T.);
#3869 = PLANE('',#3870);
#3870 = AXIS2_PLACEMENT_3D('',#3871,#3872,#3873);
#3871 = CARTESIAN_POINT('',(263.40135753241,166.95804119909,
    9.521361477027E-11));
#3872 = DIRECTION('',(1.,0.,0.));
#3873 = DIRECTION('',(0.,1.,-3.061616997868E-16));
#3874 = ADVANCED_FACE('',(#3875),#3894,.T.);
#3875 = FACE_BOUND('',#3876,.T.);
#3876 = EDGE_LOOP('',(#3877,#3886,#3887,#3888));
#3877 = ORIENTED_EDGE('',*,*,#3878,.T.);
#3878 = EDGE_CURVE('',#3879,#3825,#3881,.T.);
#3879 = VERTEX_POINT('',#3880);
#3880 = CARTESIAN_POINT('',(265.90135753241,166.95804119908,
    5.476686248813));
#3881 = B_SPLINE_CURVE_WITH_KNOTS('',3,(#3882,#3883,#3884,#3885),
  .UNSPECIFIED.,.F.,.F.,(4,4),(2.527456430872,4.029272005674),
  .PIECEWISE_BEZIER_KNOTS.);
#3882 = CARTESIAN_POINT('',(265.90135753241,166.95804119908,
    5.476686248813));
#3883 = CARTESIAN_POINT('',(266.40142494256,166.95804119908,
    5.499870060047));
#3884 = CARTESIAN_POINT('',(266.90142689227,166.95804119908,
    5.524450640699));
#3885 = CARTESIAN_POINT('',(267.40135753241,166.95804119908,
    5.550427707276));
#3886 = ORIENTED_EDGE('',*,*,#3837,.F.);
#3887 = ORIENTED_EDGE('',*,*,#3644,.F.);
#3888 = ORIENTED_EDGE('',*,*,#3889,.T.);
#3889 = EDGE_CURVE('',#3637,#3879,#3890,.T.);
#3890 = LINE('',#3891,#3892);
#3891 = CARTESIAN_POINT('',(265.90135753241,166.95804119909,
    9.521361477027E-11));
#3892 = VECTOR('',#3893,1.);
#3893 = DIRECTION('',(0.,0.,1.));
#3894 = PLANE('',#3895);
#3895 = AXIS2_PLACEMENT_3D('',#3896,#3897,#3898);
#3896 = CARTESIAN_POINT('',(264.90135753241,166.95804119909,
    9.521361477027E-11));
#3897 = DIRECTION('',(0.,1.,0.));
#3898 = DIRECTION('',(-1.,0.,0.));
#3899 = ADVANCED_FACE('',(#3900),#3919,.T.);
#3900 = FACE_BOUND('',#3901,.T.);
#3901 = EDGE_LOOP('',(#3902,#3911,#3917,#3918));
#3902 = ORIENTED_EDGE('',*,*,#3903,.T.);
#3903 = EDGE_CURVE('',#3852,#3904,#3906,.T.);
#3904 = VERTEX_POINT('',#3905);
#3905 = CARTESIAN_POINT('',(264.90135753241,166.95804119909,
    5.43219046387));
#3906 = B_SPLINE_CURVE_WITH_KNOTS('',3,(#3907,#3908,#3909,#3910),
  .UNSPECIFIED.,.F.,.F.,(4,4),(2.527206858302E-02,1.526465661763),
  .PIECEWISE_BEZIER_KNOTS.);
#3907 = CARTESIAN_POINT('',(263.40135753241,166.95804119909,
    5.372439933559));
#3908 = CARTESIAN_POINT('',(263.90141248851,166.95804119909,
    5.39096071335));
#3909 = CARTESIAN_POINT('',(264.40141443641,166.95804119909,
    5.410877636321));
#3910 = CARTESIAN_POINT('',(264.90135753241,166.95804119909,
    5.43219046387));
#3911 = ORIENTED_EDGE('',*,*,#3912,.F.);
#3912 = EDGE_CURVE('',#3613,#3904,#3913,.T.);
#3913 = LINE('',#3914,#3915);
#3914 = CARTESIAN_POINT('',(264.90135753241,166.95804119909,
    9.521361477027E-11));
#3915 = VECTOR('',#3916,1.);
#3916 = DIRECTION('',(0.,0.,1.));
#3917 = ORIENTED_EDGE('',*,*,#3612,.F.);
#3918 = ORIENTED_EDGE('',*,*,#3862,.T.);
#3919 = PLANE('',#3920);
#3920 = AXIS2_PLACEMENT_3D('',#3921,#3922,#3923);
#3921 = CARTESIAN_POINT('',(264.90135753241,166.95804119909,
    9.521361477027E-11));
#3922 = DIRECTION('',(0.,1.,0.));
#3923 = DIRECTION('',(-1.,0.,0.));
#3924 = ADVANCED_FACE('',(#3925),#3944,.T.);
#3925 = FACE_BOUND('',#3926,.T.);
#3926 = EDGE_LOOP('',(#3927,#3936,#3937,#3938));
#3927 = ORIENTED_EDGE('',*,*,#3928,.T.);
#3928 = EDGE_CURVE('',#3929,#3879,#3931,.T.);
#3929 = VERTEX_POINT('',#3930);
#3930 = CARTESIAN_POINT('',(265.90135753241,165.45804119909,
    5.509416365278));
#3931 = B_SPLINE_CURVE_WITH_KNOTS('',3,(#3932,#3933,#3934,#3935),
  .UNSPECIFIED.,.F.,.F.,(4,4),(8.737415456966E-03,1.509094459797),
  .PIECEWISE_BEZIER_KNOTS.);
#3932 = CARTESIAN_POINT('',(265.90135753241,165.45804119909,
    5.509416365278));
#3933 = CARTESIAN_POINT('',(265.90135753241,165.95804119909,
    5.498506326456));
#3934 = CARTESIAN_POINT('',(265.90135753241,166.45804119908,
    5.487596287635));
#3935 = CARTESIAN_POINT('',(265.90135753241,166.95804119908,
    5.476686248813));
#3936 = ORIENTED_EDGE('',*,*,#3889,.F.);
#3937 = ORIENTED_EDGE('',*,*,#3636,.F.);
#3938 = ORIENTED_EDGE('',*,*,#3939,.T.);
#3939 = EDGE_CURVE('',#3629,#3929,#3940,.T.);
#3940 = LINE('',#3941,#3942);
#3941 = CARTESIAN_POINT('',(265.90135753241,165.45804119909,
    9.521361477027E-11));
#3942 = VECTOR('',#3943,1.);
#3943 = DIRECTION('',(0.,0.,1.));
#3944 = PLANE('',#3945);
#3945 = AXIS2_PLACEMENT_3D('',#3946,#3947,#3948);
#3946 = CARTESIAN_POINT('',(265.90135753241,166.95804119909,
    9.521361477027E-11));
#3947 = DIRECTION('',(-1.,0.,0.));
#3948 = DIRECTION('',(0.,-1.,3.061616997868E-16));
#3949 = ADVANCED_FACE('',(#3950),#3971,.T.);
#3950 = FACE_BOUND('',#3951,.T.);
#3951 = EDGE_LOOP('',(#3952,#3963,#3964,#3965));
#3952 = ORIENTED_EDGE('',*,*,#3953,.T.);
#3953 = EDGE_CURVE('',#3954,#3929,#3956,.T.);
#3954 = VERTEX_POINT('',#3955);
#3955 = CARTESIAN_POINT('',(264.90135753241,165.45804119909,
    5.464920580335));
#3956 = B_SPLINE_CURVE_WITH_KNOTS('',3,(#3957,#3958,#3959,#3960,#3961,
    #3962),.UNSPECIFIED.,.F.,.F.,(4,2,4),(1.52646566179,2.045248176334,
    2.527456430979),.UNSPECIFIED.);
#3957 = CARTESIAN_POINT('',(264.9013575324,165.45804119909,
    5.464920580335));
#3958 = CARTESIAN_POINT('',(265.07412787837,165.45804119909,
    5.472285867742));
#3959 = CARTESIAN_POINT('',(265.24689119592,165.45804119909,
    5.479817861823));
#3960 = CARTESIAN_POINT('',(265.58022395959,165.45804119909,
    5.494672484554));
#3961 = CARTESIAN_POINT('',(265.74079412031,165.45804119909,
    5.501972425198));
#3962 = CARTESIAN_POINT('',(265.90135753241,165.45804119909,
    5.509416365278));
#3963 = ORIENTED_EDGE('',*,*,#3939,.F.);
#3964 = ORIENTED_EDGE('',*,*,#3628,.F.);
#3965 = ORIENTED_EDGE('',*,*,#3966,.T.);
#3966 = EDGE_CURVE('',#3621,#3954,#3967,.T.);
#3967 = LINE('',#3968,#3969);
#3968 = CARTESIAN_POINT('',(264.90135753241,165.45804119909,
    9.521361477027E-11));
#3969 = VECTOR('',#3970,1.);
#3970 = DIRECTION('',(0.,0.,1.));
#3971 = PLANE('',#3972);
#3972 = AXIS2_PLACEMENT_3D('',#3973,#3974,#3975);
#3973 = CARTESIAN_POINT('',(265.90135753241,165.45804119909,
    9.521450294869E-11));
#3974 = DIRECTION('',(0.,1.,0.));
#3975 = DIRECTION('',(-1.,0.,0.));
#3976 = ADVANCED_FACE('',(#3977),#3989,.T.);
#3977 = FACE_BOUND('',#3978,.T.);
#3978 = EDGE_LOOP('',(#3979,#3986,#3987,#3988));
#3979 = ORIENTED_EDGE('',*,*,#3980,.T.);
#3980 = EDGE_CURVE('',#3904,#3954,#3981,.T.);
#3981 = B_SPLINE_CURVE_WITH_KNOTS('',3,(#3982,#3983,#3984,#3985),
  .UNSPECIFIED.,.F.,.F.,(4,4),(2.531878349801,4.032235394149),
  .PIECEWISE_BEZIER_KNOTS.);
#3982 = CARTESIAN_POINT('',(264.90135753241,166.95804119909,
    5.43219046387));
#3983 = CARTESIAN_POINT('',(264.90135753241,166.45804119908,
    5.443100502692));
#3984 = CARTESIAN_POINT('',(264.90135753241,165.95804119909,
    5.454010541513));
#3985 = CARTESIAN_POINT('',(264.90135753241,165.45804119909,
    5.464920580335));
#3986 = ORIENTED_EDGE('',*,*,#3966,.F.);
#3987 = ORIENTED_EDGE('',*,*,#3620,.F.);
#3988 = ORIENTED_EDGE('',*,*,#3912,.T.);
#3989 = PLANE('',#3990);
#3990 = AXIS2_PLACEMENT_3D('',#3991,#3992,#3993);
#3991 = CARTESIAN_POINT('',(264.90135753241,167.95804119909,
    9.521272659185E-11));
#3992 = DIRECTION('',(1.,0.,0.));
#3993 = DIRECTION('',(0.,1.,-3.061616997868E-16));
#3994 = ADVANCED_FACE('',(#3995),#4009,.F.);
#3995 = FACE_BOUND('',#3996,.F.);
#3996 = EDGE_LOOP('',(#3997,#3998,#3999,#4000,#4001,#4002,#4003,#4004,
    #4005,#4006,#4007,#4008));
#3997 = ORIENTED_EDGE('',*,*,#3749,.T.);
#3998 = ORIENTED_EDGE('',*,*,#3799,.T.);
#3999 = ORIENTED_EDGE('',*,*,#3851,.T.);
#4000 = ORIENTED_EDGE('',*,*,#3903,.T.);
#4001 = ORIENTED_EDGE('',*,*,#3980,.T.);
#4002 = ORIENTED_EDGE('',*,*,#3953,.T.);
#4003 = ORIENTED_EDGE('',*,*,#3928,.T.);
#4004 = ORIENTED_EDGE('',*,*,#3878,.T.);
#4005 = ORIENTED_EDGE('',*,*,#3824,.T.);
#4006 = ORIENTED_EDGE('',*,*,#3774,.T.);
#4007 = ORIENTED_EDGE('',*,*,#3724,.T.);
#4008 = ORIENTED_EDGE('',*,*,#3690,.T.);
#4009 = B_SPLINE_SURFACE_WITH_KNOTS('',3,3,(
    (#4010,#4011,#4012,#4013)
    ,(#4014,#4015,#4016,#4017)
    ,(#4018,#4019,#4020,#4021)
    ,(#4022,#4023,#4024,#4025
    )),.UNSPECIFIED.,.F.,.F.,.F.,(4,4),(4,4),(7.237475563671E-02,
    8.733550413123E-02),(0.134960385896,0.149844825447),
  .PIECEWISE_BEZIER_KNOTS.);
#4010 = CARTESIAN_POINT('',(263.40135753241,169.45673805833,
    5.317918174082));
#4011 = CARTESIAN_POINT('',(264.73530207558,169.45781558709,
    5.36730061828));
#4012 = CARTESIAN_POINT('',(266.06870914937,169.45910967881,
    5.426608001504));
#4013 = CARTESIAN_POINT('',(267.40135753241,169.46061991716,
    5.495821245339));
#4014 = CARTESIAN_POINT('',(263.40135753241,168.12308124518,
    5.347018669295));
#4015 = CARTESIAN_POINT('',(264.73530207558,168.12415877395,
    5.396401113493));
#4016 = CARTESIAN_POINT('',(266.06870914937,168.12545286566,
    5.455708496717));
#4017 = CARTESIAN_POINT('',(267.40135753241,168.12696310402,
    5.524921740552));
#4018 = CARTESIAN_POINT('',(263.40135753241,166.78942443203,
    5.376119164508));
#4019 = CARTESIAN_POINT('',(264.73530207558,166.7905019608,
    5.425501608705));
#4020 = CARTESIAN_POINT('',(266.06870914937,166.7917960525,
    5.484808991929));
#4021 = CARTESIAN_POINT('',(267.40135753241,166.79330629086,
    5.554022235764));
#4022 = CARTESIAN_POINT('',(263.40135753241,165.45576761888,
    5.405219659721));
#4023 = CARTESIAN_POINT('',(264.73530207558,165.45684514765,
    5.454602103918));
#4024 = CARTESIAN_POINT('',(266.06870914937,165.45813923935,
    5.513909487142));
#4025 = CARTESIAN_POINT('',(267.40135753241,165.45964947771,
    5.583122730977));
#4026 = ADVANCED_FACE('',(#4027,#4030),#4128,.T.);
#4027 = FACE_BOUND('',#4028,.T.);
#4028 = EDGE_LOOP('',(#4029));
#4029 = ORIENTED_EDGE('',*,*,#2598,.T.);
#4030 = FACE_BOUND('',#4031,.T.);
#4031 = EDGE_LOOP('',(#4032,#4042,#4050,#4058,#4066,#4074,#4082,#4090,
    #4098,#4106,#4114,#4122));
#4032 = ORIENTED_EDGE('',*,*,#4033,.T.);
#4033 = EDGE_CURVE('',#4034,#4036,#4038,.T.);
#4034 = VERTEX_POINT('',#4035);
#4035 = CARTESIAN_POINT('',(252.95135753241,169.45804119909,
    0.200000000095));
#4036 = VERTEX_POINT('',#4037);
#4037 = CARTESIAN_POINT('',(252.95135753241,167.95804119909,
    0.200000000095));
#4038 = LINE('',#4039,#4040);
#4039 = CARTESIAN_POINT('',(252.95135753241,163.21202744459,
    0.200000000095));
#4040 = VECTOR('',#4041,1.);
#4041 = DIRECTION('',(0.,-1.,3.061616997868E-16));
#4042 = ORIENTED_EDGE('',*,*,#4043,.T.);
#4043 = EDGE_CURVE('',#4036,#4044,#4046,.T.);
#4044 = VERTEX_POINT('',#4045);
#4045 = CARTESIAN_POINT('',(251.45135753241,167.95804119909,
    0.200000000095));
#4046 = LINE('',#4047,#4048);
#4047 = CARTESIAN_POINT('',(247.95135753241,167.95804119909,
    0.200000000095));
#4048 = VECTOR('',#4049,1.);
#4049 = DIRECTION('',(-1.,0.,0.));
#4050 = ORIENTED_EDGE('',*,*,#4051,.T.);
#4051 = EDGE_CURVE('',#4044,#4052,#4054,.T.);
#4052 = VERTEX_POINT('',#4053);
#4053 = CARTESIAN_POINT('',(251.45135753241,166.95804119909,
    0.200000000095));
#4054 = LINE('',#4055,#4056);
#4055 = CARTESIAN_POINT('',(251.45135753241,162.71202744459,
    0.200000000095));
#4056 = VECTOR('',#4057,1.);
#4057 = DIRECTION('',(0.,-1.,3.061616997868E-16));
#4058 = ORIENTED_EDGE('',*,*,#4059,.T.);
#4059 = EDGE_CURVE('',#4052,#4060,#4062,.T.);
#4060 = VERTEX_POINT('',#4061);
#4061 = CARTESIAN_POINT('',(252.95135753241,166.95804119909,
    0.200000000095));
#4062 = LINE('',#4063,#4064);
#4063 = CARTESIAN_POINT('',(248.70135753241,166.95804119909,
    0.200000000095));
#4064 = VECTOR('',#4065,1.);
#4065 = DIRECTION('',(1.,0.,0.));
#4066 = ORIENTED_EDGE('',*,*,#4067,.T.);
#4067 = EDGE_CURVE('',#4060,#4068,#4070,.T.);
#4068 = VERTEX_POINT('',#4069);
#4069 = CARTESIAN_POINT('',(252.95135753241,165.45804119909,
    0.200000000095));
#4070 = LINE('',#4071,#4072);
#4071 = CARTESIAN_POINT('',(252.95135753241,163.21202744459,
    0.200000000095));
#4072 = VECTOR('',#4073,1.);
#4073 = DIRECTION('',(0.,-1.,3.061616997868E-16));
#4074 = ORIENTED_EDGE('',*,*,#4075,.T.);
#4075 = EDGE_CURVE('',#4068,#4076,#4078,.T.);
#4076 = VERTEX_POINT('',#4077);
#4077 = CARTESIAN_POINT('',(253.95135753241,165.45804119909,
    0.200000000095));
#4078 = LINE('',#4079,#4080);
#4079 = CARTESIAN_POINT('',(249.20135753241,165.45804119909,
    0.200000000095));
#4080 = VECTOR('',#4081,1.);
#4081 = DIRECTION('',(1.,0.,0.));
#4082 = ORIENTED_EDGE('',*,*,#4083,.T.);
#4083 = EDGE_CURVE('',#4076,#4084,#4086,.T.);
#4084 = VERTEX_POINT('',#4085);
#4085 = CARTESIAN_POINT('',(253.95135753241,166.95804119909,
    0.200000000095));
#4086 = LINE('',#4087,#4088);
#4087 = CARTESIAN_POINT('',(253.95135753241,162.71202744459,
    0.200000000095));
#4088 = VECTOR('',#4089,1.);
#4089 = DIRECTION('',(0.,1.,-3.061616997868E-16));
#4090 = ORIENTED_EDGE('',*,*,#4091,.T.);
#4091 = EDGE_CURVE('',#4084,#4092,#4094,.T.);
#4092 = VERTEX_POINT('',#4093);
#4093 = CARTESIAN_POINT('',(255.45135753241,166.95804119909,
    0.200000000095));
#4094 = LINE('',#4095,#4096);
#4095 = CARTESIAN_POINT('',(248.70135753241,166.95804119909,
    0.200000000095));
#4096 = VECTOR('',#4097,1.);
#4097 = DIRECTION('',(1.,0.,0.));
#4098 = ORIENTED_EDGE('',*,*,#4099,.T.);
#4099 = EDGE_CURVE('',#4092,#4100,#4102,.T.);
#4100 = VERTEX_POINT('',#4101);
#4101 = CARTESIAN_POINT('',(255.45135753241,167.95804119909,
    0.200000000095));
#4102 = LINE('',#4103,#4104);
#4103 = CARTESIAN_POINT('',(255.45135753241,163.21202744459,
    0.200000000095));
#4104 = VECTOR('',#4105,1.);
#4105 = DIRECTION('',(0.,1.,-3.061616997868E-16));
#4106 = ORIENTED_EDGE('',*,*,#4107,.T.);
#4107 = EDGE_CURVE('',#4100,#4108,#4110,.T.);
#4108 = VERTEX_POINT('',#4109);
#4109 = CARTESIAN_POINT('',(253.95135753241,167.95804119909,
    0.200000000095));
#4110 = LINE('',#4111,#4112);
#4111 = CARTESIAN_POINT('',(249.20135753241,167.95804119909,
    0.200000000095));
#4112 = VECTOR('',#4113,1.);
#4113 = DIRECTION('',(-1.,0.,0.));
#4114 = ORIENTED_EDGE('',*,*,#4115,.T.);
#4115 = EDGE_CURVE('',#4108,#4116,#4118,.T.);
#4116 = VERTEX_POINT('',#4117);
#4117 = CARTESIAN_POINT('',(253.95135753241,169.45804119909,
    0.200000000095));
#4118 = LINE('',#4119,#4120);
#4119 = CARTESIAN_POINT('',(253.95135753241,163.96202744459,
    0.200000000095));
#4120 = VECTOR('',#4121,1.);
#4121 = DIRECTION('',(0.,1.,-3.061616997868E-16));
#4122 = ORIENTED_EDGE('',*,*,#4123,.T.);
#4123 = EDGE_CURVE('',#4116,#4034,#4124,.T.);
#4124 = LINE('',#4125,#4126);
#4125 = CARTESIAN_POINT('',(248.70135753241,169.45804119909,
    0.200000000095));
#4126 = VECTOR('',#4127,1.);
#4127 = DIRECTION('',(-1.,0.,0.));
#4128 = PLANE('',#4129);
#4129 = AXIS2_PLACEMENT_3D('',#4130,#4131,#4132);
#4130 = CARTESIAN_POINT('',(244.45135753241,158.46601369009,
    0.200000000095));
#4131 = DIRECTION('',(0.,-3.061616997868E-16,-1.));
#4132 = DIRECTION('',(0.,1.,-3.061616997868E-16));
#4133 = ADVANCED_FACE('',(#4134),#4162,.T.);
#4134 = FACE_BOUND('',#4135,.T.);
#4135 = EDGE_LOOP('',(#4136,#4149,#4155,#4156));
#4136 = ORIENTED_EDGE('',*,*,#4137,.T.);
#4137 = EDGE_CURVE('',#4138,#4140,#4142,.T.);
#4138 = VERTEX_POINT('',#4139);
#4139 = CARTESIAN_POINT('',(253.95135753241,169.45804119909,
    5.134156327962));
#4140 = VERTEX_POINT('',#4141);
#4141 = CARTESIAN_POINT('',(252.95135753241,169.45804119909,
    5.134156327962));
#4142 = B_SPLINE_CURVE_WITH_KNOTS('',3,(#4143,#4144,#4145,#4146,#4147,
    #4148),.UNSPECIFIED.,.F.,.F.,(4,2,4),(1.543059921758,2.043071232181,
    2.543061238674),.UNSPECIFIED.);
#4143 = CARTESIAN_POINT('',(253.95135753242,169.45804119909,
    5.134156327962));
#4144 = CARTESIAN_POINT('',(253.78468760662,169.45804119909,
    5.133846337082));
#4145 = CARTESIAN_POINT('',(253.61801731727,169.45804119908,
    5.133691344532));
#4146 = CARTESIAN_POINT('',(253.28468354497,169.45804119908,
    5.13369135774));
#4147 = CARTESIAN_POINT('',(253.11802035692,169.45804119908,
    5.13384635029));
#4148 = CARTESIAN_POINT('',(252.9513575324,169.45804119908,
    5.134156327962));
#4149 = ORIENTED_EDGE('',*,*,#4150,.F.);
#4150 = EDGE_CURVE('',#4034,#4140,#4151,.T.);
#4151 = LINE('',#4152,#4153);
#4152 = CARTESIAN_POINT('',(252.95135753241,169.45804119909,
    9.521272659185E-11));
#4153 = VECTOR('',#4154,1.);
#4154 = DIRECTION('',(0.,0.,1.));
#4155 = ORIENTED_EDGE('',*,*,#4123,.F.);
#4156 = ORIENTED_EDGE('',*,*,#4157,.T.);
#4157 = EDGE_CURVE('',#4116,#4138,#4158,.T.);
#4158 = LINE('',#4159,#4160);
#4159 = CARTESIAN_POINT('',(253.95135753241,169.45804119909,
    9.521272659185E-11));
#4160 = VECTOR('',#4161,1.);
#4161 = DIRECTION('',(0.,0.,1.));
#4162 = PLANE('',#4163);
#4163 = AXIS2_PLACEMENT_3D('',#4164,#4165,#4166);
#4164 = CARTESIAN_POINT('',(252.95135753241,169.45804119909,
    9.521272659185E-11));
#4165 = DIRECTION('',(0.,-1.,0.));
#4166 = DIRECTION('',(1.,0.,0.));
#4167 = ADVANCED_FACE('',(#4168),#4187,.T.);
#4168 = FACE_BOUND('',#4169,.T.);
#4169 = EDGE_LOOP('',(#4170,#4179,#4180,#4181));
#4170 = ORIENTED_EDGE('',*,*,#4171,.T.);
#4171 = EDGE_CURVE('',#4172,#4138,#4174,.T.);
#4172 = VERTEX_POINT('',#4173);
#4173 = CARTESIAN_POINT('',(253.95135753241,167.95804119909,
    5.166886444427));
#4174 = B_SPLINE_CURVE_WITH_KNOTS('',3,(#4175,#4176,#4177,#4178),
  .UNSPECIFIED.,.F.,.F.,(4,4),(2.50932312008,4.009680164427),
  .PIECEWISE_BEZIER_KNOTS.);
#4175 = CARTESIAN_POINT('',(253.95135753241,167.95804119909,
    5.166886444427));
#4176 = CARTESIAN_POINT('',(253.95135753241,168.45804119909,
    5.155976405605));
#4177 = CARTESIAN_POINT('',(253.95135753241,168.95804119909,
    5.145066366784));
#4178 = CARTESIAN_POINT('',(253.95135753241,169.45804119909,
    5.134156327962));
#4179 = ORIENTED_EDGE('',*,*,#4157,.F.);
#4180 = ORIENTED_EDGE('',*,*,#4115,.F.);
#4181 = ORIENTED_EDGE('',*,*,#4182,.T.);
#4182 = EDGE_CURVE('',#4108,#4172,#4183,.T.);
#4183 = LINE('',#4184,#4185);
#4184 = CARTESIAN_POINT('',(253.95135753241,167.95804119909,
    9.521272659185E-11));
#4185 = VECTOR('',#4186,1.);
#4186 = DIRECTION('',(0.,0.,1.));
#4187 = PLANE('',#4188);
#4188 = AXIS2_PLACEMENT_3D('',#4189,#4190,#4191);
#4189 = CARTESIAN_POINT('',(253.95135753241,169.45804119909,
    9.521272659185E-11));
#4190 = DIRECTION('',(-1.,0.,0.));
#4191 = DIRECTION('',(0.,-1.,3.061616997868E-16));
#4192 = ADVANCED_FACE('',(#4193),#4212,.T.);
#4193 = FACE_BOUND('',#4194,.T.);
#4194 = EDGE_LOOP('',(#4195,#4204,#4210,#4211));
#4195 = ORIENTED_EDGE('',*,*,#4196,.T.);
#4196 = EDGE_CURVE('',#4140,#4197,#4199,.T.);
#4197 = VERTEX_POINT('',#4198);
#4198 = CARTESIAN_POINT('',(252.95135753241,167.95804119909,
    5.166886444427));
#4199 = B_SPLINE_CURVE_WITH_KNOTS('',3,(#4200,#4201,#4202,#4203),
  .UNSPECIFIED.,.F.,.F.,(4,4),(3.129515517338E-02,1.531652199491),
  .PIECEWISE_BEZIER_KNOTS.);
#4200 = CARTESIAN_POINT('',(252.95135753241,169.45804119909,
    5.134156327962));
#4201 = CARTESIAN_POINT('',(252.95135753241,168.95804119909,
    5.145066366783));
#4202 = CARTESIAN_POINT('',(252.95135753241,168.45804119911,
    5.155976405605));
#4203 = CARTESIAN_POINT('',(252.95135753241,167.95804119912,
    5.166886444426));
#4204 = ORIENTED_EDGE('',*,*,#4205,.F.);
#4205 = EDGE_CURVE('',#4036,#4197,#4206,.T.);
#4206 = LINE('',#4207,#4208);
#4207 = CARTESIAN_POINT('',(252.95135753241,167.95804119909,
    9.521272659185E-11));
#4208 = VECTOR('',#4209,1.);
#4209 = DIRECTION('',(0.,0.,1.));
#4210 = ORIENTED_EDGE('',*,*,#4033,.F.);
#4211 = ORIENTED_EDGE('',*,*,#4150,.T.);
#4212 = PLANE('',#4213);
#4213 = AXIS2_PLACEMENT_3D('',#4214,#4215,#4216);
#4214 = CARTESIAN_POINT('',(252.95135753241,167.95804119909,
    9.521272659185E-11));
#4215 = DIRECTION('',(1.,0.,0.));
#4216 = DIRECTION('',(0.,1.,-3.061616997868E-16));
#4217 = ADVANCED_FACE('',(#4218),#4237,.T.);
#4218 = FACE_BOUND('',#4219,.T.);
#4219 = EDGE_LOOP('',(#4220,#4229,#4230,#4231));
#4220 = ORIENTED_EDGE('',*,*,#4221,.T.);
#4221 = EDGE_CURVE('',#4222,#4172,#4224,.T.);
#4222 = VERTEX_POINT('',#4223);
#4223 = CARTESIAN_POINT('',(255.45135753241,167.95804119908,
    5.173861193275));
#4224 = B_SPLINE_CURVE_WITH_KNOTS('',3,(#4225,#4226,#4227,#4228),
  .UNSPECIFIED.,.F.,.F.,(4,4),(4.303967176548E-02,1.543059921758),
  .PIECEWISE_BEZIER_KNOTS.);
#4225 = CARTESIAN_POINT('',(255.45135753241,167.95804119909,
    5.173861193275));
#4226 = CARTESIAN_POINT('',(254.95136469434,167.95804119909,
    5.170141332273));
#4227 = CARTESIAN_POINT('',(254.45136274938,167.95804119908,
    5.167816408585));
#4228 = CARTESIAN_POINT('',(253.95135753242,167.95804119908,
    5.166886444427));
#4229 = ORIENTED_EDGE('',*,*,#4182,.F.);
#4230 = ORIENTED_EDGE('',*,*,#4107,.F.);
#4231 = ORIENTED_EDGE('',*,*,#4232,.T.);
#4232 = EDGE_CURVE('',#4100,#4222,#4233,.T.);
#4233 = LINE('',#4234,#4235);
#4234 = CARTESIAN_POINT('',(255.45135753241,167.95804119909,
    9.521272659185E-11));
#4235 = VECTOR('',#4236,1.);
#4236 = DIRECTION('',(0.,0.,1.));
#4237 = PLANE('',#4238);
#4238 = AXIS2_PLACEMENT_3D('',#4239,#4240,#4241);
#4239 = CARTESIAN_POINT('',(253.95135753241,167.95804119909,
    9.521272659185E-11));
#4240 = DIRECTION('',(0.,-1.,0.));
#4241 = DIRECTION('',(1.,0.,0.));
#4242 = ADVANCED_FACE('',(#4243),#4262,.T.);
#4243 = FACE_BOUND('',#4244,.T.);
#4244 = EDGE_LOOP('',(#4245,#4254,#4260,#4261));
#4245 = ORIENTED_EDGE('',*,*,#4246,.T.);
#4246 = EDGE_CURVE('',#4197,#4247,#4249,.T.);
#4247 = VERTEX_POINT('',#4248);
#4248 = CARTESIAN_POINT('',(251.45135753241,167.95804119909,
    5.173861193275));
#4249 = B_SPLINE_CURVE_WITH_KNOTS('',3,(#4250,#4251,#4252,#4253),
  .UNSPECIFIED.,.F.,.F.,(4,4),(2.543061238673,4.043081488518),
  .PIECEWISE_BEZIER_KNOTS.);
#4250 = CARTESIAN_POINT('',(252.9513575324,167.95804119908,
    5.166886444427));
#4251 = CARTESIAN_POINT('',(252.45135231546,167.95804119908,
    5.167816408585));
#4252 = CARTESIAN_POINT('',(251.95135037051,167.95804119909,
    5.170141332272));
#4253 = CARTESIAN_POINT('',(251.45135753241,167.95804119909,
    5.173861193275));
#4254 = ORIENTED_EDGE('',*,*,#4255,.F.);
#4255 = EDGE_CURVE('',#4044,#4247,#4256,.T.);
#4256 = LINE('',#4257,#4258);
#4257 = CARTESIAN_POINT('',(251.45135753241,167.95804119909,
    9.521272659185E-11));
#4258 = VECTOR('',#4259,1.);
#4259 = DIRECTION('',(0.,0.,1.));
#4260 = ORIENTED_EDGE('',*,*,#4043,.F.);
#4261 = ORIENTED_EDGE('',*,*,#4205,.T.);
#4262 = PLANE('',#4263);
#4263 = AXIS2_PLACEMENT_3D('',#4264,#4265,#4266);
#4264 = CARTESIAN_POINT('',(251.45135753241,167.95804119909,
    9.521272659185E-11));
#4265 = DIRECTION('',(0.,-1.,0.));
#4266 = DIRECTION('',(1.,0.,0.));
#4267 = ADVANCED_FACE('',(#4268),#4289,.T.);
#4268 = FACE_BOUND('',#4269,.T.);
#4269 = EDGE_LOOP('',(#4270,#4281,#4282,#4283));
#4270 = ORIENTED_EDGE('',*,*,#4271,.T.);
#4271 = EDGE_CURVE('',#4272,#4222,#4274,.T.);
#4272 = VERTEX_POINT('',#4273);
#4273 = CARTESIAN_POINT('',(255.45135753241,166.95804119909,
    5.195681270919));
#4274 = B_SPLINE_CURVE_WITH_KNOTS('',3,(#4275,#4276,#4277,#4278,#4279,
    #4280),.UNSPECIFIED.,.F.,.F.,(4,2,4),(1.50893293714,2.020487659793,
    2.509170966728),.UNSPECIFIED.);
#4275 = CARTESIAN_POINT('',(255.45135753241,166.95804119905,
    5.195681270919));
#4276 = CARTESIAN_POINT('',(255.45135753241,167.12851886121,
    5.191961435094));
#4277 = CARTESIAN_POINT('',(255.45135753241,167.29899652337,
    5.18824159927));
#4278 = CARTESIAN_POINT('',(255.45135753241,167.63232985672,
    5.180968240055));
#4279 = CARTESIAN_POINT('',(255.45135753241,167.7951855279,
    5.177414716665));
#4280 = CARTESIAN_POINT('',(255.45135753241,167.95804119908,
    5.173861193275));
#4281 = ORIENTED_EDGE('',*,*,#4232,.F.);
#4282 = ORIENTED_EDGE('',*,*,#4099,.F.);
#4283 = ORIENTED_EDGE('',*,*,#4284,.T.);
#4284 = EDGE_CURVE('',#4092,#4272,#4285,.T.);
#4285 = LINE('',#4286,#4287);
#4286 = CARTESIAN_POINT('',(255.45135753241,166.95804119909,
    9.521361477027E-11));
#4287 = VECTOR('',#4288,1.);
#4288 = DIRECTION('',(0.,0.,1.));
#4289 = PLANE('',#4290);
#4290 = AXIS2_PLACEMENT_3D('',#4291,#4292,#4293);
#4291 = CARTESIAN_POINT('',(255.45135753241,167.95804119909,
    9.521272659185E-11));
#4292 = DIRECTION('',(-1.,0.,0.));
#4293 = DIRECTION('',(0.,-1.,3.061616997868E-16));
#4294 = ADVANCED_FACE('',(#4295),#4316,.T.);
#4295 = FACE_BOUND('',#4296,.T.);
#4296 = EDGE_LOOP('',(#4297,#4308,#4314,#4315));
#4297 = ORIENTED_EDGE('',*,*,#4298,.T.);
#4298 = EDGE_CURVE('',#4247,#4299,#4301,.T.);
#4299 = VERTEX_POINT('',#4300);
#4300 = CARTESIAN_POINT('',(251.45135753241,166.95804119909,
    5.195681270919));
#4301 = B_SPLINE_CURVE_WITH_KNOTS('',3,(#4302,#4303,#4304,#4305,#4306,
    #4307),.UNSPECIFIED.,.F.,.F.,(4,2,4),(1.531804352858,2.0204876598,
    2.532042382419),.UNSPECIFIED.);
#4302 = CARTESIAN_POINT('',(251.4513575324,167.95804119908,
    5.173861193275));
#4303 = CARTESIAN_POINT('',(251.4513575324,167.7951855279,5.177414716665
    ));
#4304 = CARTESIAN_POINT('',(251.4513575324,167.63232985672,
    5.180968240055));
#4305 = CARTESIAN_POINT('',(251.4513575324,167.29899652339,5.18824159927
    ));
#4306 = CARTESIAN_POINT('',(251.4513575324,167.12851886124,
    5.191961435094));
#4307 = CARTESIAN_POINT('',(251.4513575324,166.95804119909,
    5.195681270919));
#4308 = ORIENTED_EDGE('',*,*,#4309,.F.);
#4309 = EDGE_CURVE('',#4052,#4299,#4310,.T.);
#4310 = LINE('',#4311,#4312);
#4311 = CARTESIAN_POINT('',(251.45135753241,166.95804119909,
    9.521361477027E-11));
#4312 = VECTOR('',#4313,1.);
#4313 = DIRECTION('',(0.,0.,1.));
#4314 = ORIENTED_EDGE('',*,*,#4051,.F.);
#4315 = ORIENTED_EDGE('',*,*,#4255,.T.);
#4316 = PLANE('',#4317);
#4317 = AXIS2_PLACEMENT_3D('',#4318,#4319,#4320);
#4318 = CARTESIAN_POINT('',(251.45135753241,166.95804119909,
    9.521361477027E-11));
#4319 = DIRECTION('',(1.,0.,0.));
#4320 = DIRECTION('',(0.,1.,-3.061616997868E-16));
#4321 = ADVANCED_FACE('',(#4322),#4341,.T.);
#4322 = FACE_BOUND('',#4323,.T.);
#4323 = EDGE_LOOP('',(#4324,#4333,#4334,#4335));
#4324 = ORIENTED_EDGE('',*,*,#4325,.T.);
#4325 = EDGE_CURVE('',#4326,#4272,#4328,.T.);
#4326 = VERTEX_POINT('',#4327);
#4327 = CARTESIAN_POINT('',(253.95135753241,166.95804119909,
    5.18870652207));
#4328 = B_SPLINE_CURVE_WITH_KNOTS('',3,(#4329,#4330,#4331,#4332),
  .UNSPECIFIED.,.F.,.F.,(4,4),(2.543060375142,4.043080625204),
  .PIECEWISE_BEZIER_KNOTS.);
#4329 = CARTESIAN_POINT('',(253.95135753241,166.95804119909,
    5.18870652207));
#4330 = CARTESIAN_POINT('',(254.45136274938,166.95804119909,
    5.189636486228));
#4331 = CARTESIAN_POINT('',(254.95136469433,166.95804119909,
    5.191961409916));
#4332 = CARTESIAN_POINT('',(255.45135753241,166.95804119909,
    5.195681270919));
#4333 = ORIENTED_EDGE('',*,*,#4284,.F.);
#4334 = ORIENTED_EDGE('',*,*,#4091,.F.);
#4335 = ORIENTED_EDGE('',*,*,#4336,.T.);
#4336 = EDGE_CURVE('',#4084,#4326,#4337,.T.);
#4337 = LINE('',#4338,#4339);
#4338 = CARTESIAN_POINT('',(253.95135753241,166.95804119909,
    9.521361477027E-11));
#4339 = VECTOR('',#4340,1.);
#4340 = DIRECTION('',(0.,0.,1.));
#4341 = PLANE('',#4342);
#4342 = AXIS2_PLACEMENT_3D('',#4343,#4344,#4345);
#4343 = CARTESIAN_POINT('',(252.95135753241,166.95804119909,
    9.521361477027E-11));
#4344 = DIRECTION('',(0.,1.,0.));
#4345 = DIRECTION('',(-1.,0.,0.));
#4346 = ADVANCED_FACE('',(#4347),#4366,.T.);
#4347 = FACE_BOUND('',#4348,.T.);
#4348 = EDGE_LOOP('',(#4349,#4358,#4364,#4365));
#4349 = ORIENTED_EDGE('',*,*,#4350,.T.);
#4350 = EDGE_CURVE('',#4299,#4351,#4353,.T.);
#4351 = VERTEX_POINT('',#4352);
#4352 = CARTESIAN_POINT('',(252.95135753241,166.95804119909,
    5.188706522071));
#4353 = B_SPLINE_CURVE_WITH_KNOTS('',3,(#4354,#4355,#4356,#4357),
  .UNSPECIFIED.,.F.,.F.,(4,4),(4.303880820432E-02,1.543059058184),
  .PIECEWISE_BEZIER_KNOTS.);
#4354 = CARTESIAN_POINT('',(251.45135753242,166.95804119909,
    5.195681270919));
#4355 = CARTESIAN_POINT('',(251.95135037048,166.95804119909,
    5.191961409916));
#4356 = CARTESIAN_POINT('',(252.45135231544,166.95804119909,
    5.189636486228));
#4357 = CARTESIAN_POINT('',(252.95135753241,166.95804119909,
    5.18870652207));
#4358 = ORIENTED_EDGE('',*,*,#4359,.F.);
#4359 = EDGE_CURVE('',#4060,#4351,#4360,.T.);
#4360 = LINE('',#4361,#4362);
#4361 = CARTESIAN_POINT('',(252.95135753241,166.95804119909,
    9.521361477027E-11));
#4362 = VECTOR('',#4363,1.);
#4363 = DIRECTION('',(0.,0.,1.));
#4364 = ORIENTED_EDGE('',*,*,#4059,.F.);
#4365 = ORIENTED_EDGE('',*,*,#4309,.T.);
#4366 = PLANE('',#4367);
#4367 = AXIS2_PLACEMENT_3D('',#4368,#4369,#4370);
#4368 = CARTESIAN_POINT('',(252.95135753241,166.95804119909,
    9.521361477027E-11));
#4369 = DIRECTION('',(0.,1.,0.));
#4370 = DIRECTION('',(-1.,0.,0.));
#4371 = ADVANCED_FACE('',(#4372),#4391,.T.);
#4372 = FACE_BOUND('',#4373,.T.);
#4373 = EDGE_LOOP('',(#4374,#4383,#4384,#4385));
#4374 = ORIENTED_EDGE('',*,*,#4375,.T.);
#4375 = EDGE_CURVE('',#4376,#4326,#4378,.T.);
#4376 = VERTEX_POINT('',#4377);
#4377 = CARTESIAN_POINT('',(253.95135753241,165.45804119909,
    5.221436638536));
#4378 = B_SPLINE_CURVE_WITH_KNOTS('',3,(#4379,#4380,#4381,#4382),
  .UNSPECIFIED.,.F.,.F.,(4,4),(8.728046166772E-03,1.509085090514),
  .PIECEWISE_BEZIER_KNOTS.);
#4379 = CARTESIAN_POINT('',(253.95135753241,165.45804119908,
    5.221436638536));
#4380 = CARTESIAN_POINT('',(253.95135753241,165.95804119908,
    5.210526599714));
#4381 = CARTESIAN_POINT('',(253.95135753241,166.45804119909,
    5.199616560892));
#4382 = CARTESIAN_POINT('',(253.95135753241,166.95804119909,
    5.18870652207));
#4383 = ORIENTED_EDGE('',*,*,#4336,.F.);
#4384 = ORIENTED_EDGE('',*,*,#4083,.F.);
#4385 = ORIENTED_EDGE('',*,*,#4386,.T.);
#4386 = EDGE_CURVE('',#4076,#4376,#4387,.T.);
#4387 = LINE('',#4388,#4389);
#4388 = CARTESIAN_POINT('',(253.95135753241,165.45804119909,
    9.521361477027E-11));
#4389 = VECTOR('',#4390,1.);
#4390 = DIRECTION('',(0.,0.,1.));
#4391 = PLANE('',#4392);
#4392 = AXIS2_PLACEMENT_3D('',#4393,#4394,#4395);
#4393 = CARTESIAN_POINT('',(253.95135753241,166.95804119909,
    9.521361477027E-11));
#4394 = DIRECTION('',(-1.,0.,0.));
#4395 = DIRECTION('',(0.,-1.,3.061616997868E-16));
#4396 = ADVANCED_FACE('',(#4397),#4418,.T.);
#4397 = FACE_BOUND('',#4398,.T.);
#4398 = EDGE_LOOP('',(#4399,#4410,#4411,#4412));
#4399 = ORIENTED_EDGE('',*,*,#4400,.T.);
#4400 = EDGE_CURVE('',#4401,#4376,#4403,.T.);
#4401 = VERTEX_POINT('',#4402);
#4402 = CARTESIAN_POINT('',(252.95135753241,165.45804119909,
    5.221436638536));
#4403 = B_SPLINE_CURVE_WITH_KNOTS('',3,(#4404,#4405,#4406,#4407,#4408,
    #4409),.UNSPECIFIED.,.F.,.F.,(4,2,4),(1.543059058184,2.043048992925,
    2.543060375141),.UNSPECIFIED.);
#4404 = CARTESIAN_POINT('',(252.95135753241,165.45804119909,
    5.221436638536));
#4405 = CARTESIAN_POINT('',(253.118020333,165.45804119909,5.221126660908
    ));
#4406 = CARTESIAN_POINT('',(253.28468349712,165.45804119909,
    5.220971668359));
#4407 = CARTESIAN_POINT('',(253.61801726942,165.45804119909,
    5.220971655062));
#4408 = CARTESIAN_POINT('',(253.78468758269,165.45804119909,
    5.221126647611));
#4409 = CARTESIAN_POINT('',(253.95135753241,165.45804119909,
    5.221436638536));
#4410 = ORIENTED_EDGE('',*,*,#4386,.F.);
#4411 = ORIENTED_EDGE('',*,*,#4075,.F.);
#4412 = ORIENTED_EDGE('',*,*,#4413,.T.);
#4413 = EDGE_CURVE('',#4068,#4401,#4414,.T.);
#4414 = LINE('',#4415,#4416);
#4415 = CARTESIAN_POINT('',(252.95135753241,165.45804119909,
    9.521361477027E-11));
#4416 = VECTOR('',#4417,1.);
#4417 = DIRECTION('',(0.,0.,1.));
#4418 = PLANE('',#4419);
#4419 = AXIS2_PLACEMENT_3D('',#4420,#4421,#4422);
#4420 = CARTESIAN_POINT('',(253.95135753241,165.45804119909,
    9.521450294869E-11));
#4421 = DIRECTION('',(0.,1.,0.));
#4422 = DIRECTION('',(-1.,0.,0.));
#4423 = ADVANCED_FACE('',(#4424),#4436,.T.);
#4424 = FACE_BOUND('',#4425,.T.);
#4425 = EDGE_LOOP('',(#4426,#4433,#4434,#4435));
#4426 = ORIENTED_EDGE('',*,*,#4427,.T.);
#4427 = EDGE_CURVE('',#4351,#4401,#4428,.T.);
#4428 = B_SPLINE_CURVE_WITH_KNOTS('',3,(#4429,#4430,#4431,#4432),
  .UNSPECIFIED.,.F.,.F.,(4,4),(2.531890229086,4.032247273434),
  .PIECEWISE_BEZIER_KNOTS.);
#4429 = CARTESIAN_POINT('',(252.95135753241,166.95804119909,
    5.188706522071));
#4430 = CARTESIAN_POINT('',(252.95135753241,166.45804119909,
    5.199616560892));
#4431 = CARTESIAN_POINT('',(252.95135753241,165.95804119909,
    5.210526599714));
#4432 = CARTESIAN_POINT('',(252.95135753241,165.45804119909,
    5.221436638536));
#4433 = ORIENTED_EDGE('',*,*,#4413,.F.);
#4434 = ORIENTED_EDGE('',*,*,#4067,.F.);
#4435 = ORIENTED_EDGE('',*,*,#4359,.T.);
#4436 = PLANE('',#4437);
#4437 = AXIS2_PLACEMENT_3D('',#4438,#4439,#4440);
#4438 = CARTESIAN_POINT('',(252.95135753241,167.95804119909,
    9.521272659185E-11));
#4439 = DIRECTION('',(1.,0.,0.));
#4440 = DIRECTION('',(0.,1.,-3.061616997868E-16));
#4441 = ADVANCED_FACE('',(#4442),#4456,.F.);
#4442 = FACE_BOUND('',#4443,.F.);
#4443 = EDGE_LOOP('',(#4444,#4445,#4446,#4447,#4448,#4449,#4450,#4451,
    #4452,#4453,#4454,#4455));
#4444 = ORIENTED_EDGE('',*,*,#4196,.T.);
#4445 = ORIENTED_EDGE('',*,*,#4246,.T.);
#4446 = ORIENTED_EDGE('',*,*,#4298,.T.);
#4447 = ORIENTED_EDGE('',*,*,#4350,.T.);
#4448 = ORIENTED_EDGE('',*,*,#4427,.T.);
#4449 = ORIENTED_EDGE('',*,*,#4400,.T.);
#4450 = ORIENTED_EDGE('',*,*,#4375,.T.);
#4451 = ORIENTED_EDGE('',*,*,#4325,.T.);
#4452 = ORIENTED_EDGE('',*,*,#4271,.T.);
#4453 = ORIENTED_EDGE('',*,*,#4221,.T.);
#4454 = ORIENTED_EDGE('',*,*,#4171,.T.);
#4455 = ORIENTED_EDGE('',*,*,#4137,.T.);
#4456 = B_SPLINE_SURFACE_WITH_KNOTS('',3,3,(
    (#4457,#4458,#4459,#4460)
    ,(#4461,#4462,#4463,#4464)
    ,(#4465,#4466,#4467,#4468)
    ,(#4469,#4470,#4471,#4472
    )),.UNSPECIFIED.,.F.,.F.,.F.,(4,4),(4,4),(7.235486097982E-02,
    8.731201865016E-02),(9.054496573412E-02,0.105408298935),
  .PIECEWISE_BEZIER_KNOTS.);
#4457 = CARTESIAN_POINT('',(251.4513575324,169.45820345736,
    5.141127536322));
#4458 = CARTESIAN_POINT('',(252.78463977671,169.45798711847,
    5.131212865517));
#4459 = CARTESIAN_POINT('',(254.11804687311,169.45798711386,
    5.131212654215));
#4460 = CARTESIAN_POINT('',(255.45135753241,169.45820345736,
    5.141127536322));
#4461 = CARTESIAN_POINT('',(251.4513575324,168.12486674364,5.17022104694
    ));
#4462 = CARTESIAN_POINT('',(252.78463977671,168.12465040475,
    5.160306376135));
#4463 = CARTESIAN_POINT('',(254.11804687311,168.12465040014,
    5.160306164833));
#4464 = CARTESIAN_POINT('',(255.45135753241,168.12486674364,
    5.17022104694));
#4465 = CARTESIAN_POINT('',(251.4513575324,166.79153002992,
    5.199314557559));
#4466 = CARTESIAN_POINT('',(252.78463977671,166.79131369103,
    5.189399886753));
#4467 = CARTESIAN_POINT('',(254.11804687311,166.79131368643,
    5.189399675451));
#4468 = CARTESIAN_POINT('',(255.45135753241,166.79153002992,
    5.199314557558));
#4469 = CARTESIAN_POINT('',(251.4513575324,165.4581933162,5.228408068177
    ));
#4470 = CARTESIAN_POINT('',(252.78463977671,165.45797697731,
    5.218493397371));
#4471 = CARTESIAN_POINT('',(254.11804687311,165.45797697271,
    5.218493186069));
#4472 = CARTESIAN_POINT('',(255.45135753241,165.45819331621,
    5.228408068176));
#4473 = ADVANCED_FACE('',(#4474),#4509,.T.);
#4474 = FACE_BOUND('',#4475,.T.);
#4475 = EDGE_LOOP('',(#4476,#4487,#4495,#4503));
#4476 = ORIENTED_EDGE('',*,*,#4477,.T.);
#4477 = EDGE_CURVE('',#4478,#4480,#4482,.T.);
#4478 = VERTEX_POINT('',#4479);
#4479 = CARTESIAN_POINT('',(241.0013575324,166.95804119908,
    5.476686248814));
#4480 = VERTEX_POINT('',#4481);
#4481 = CARTESIAN_POINT('',(241.0013575324,165.45804119909,5.50941636528
    ));
#4482 = B_SPLINE_CURVE_WITH_KNOTS('',3,(#4483,#4484,#4485,#4486),
  .UNSPECIFIED.,.F.,.F.,(4,4),(2.532849020239,4.033206064625),
  .PIECEWISE_BEZIER_KNOTS.);
#4483 = CARTESIAN_POINT('',(241.00135753241,166.95804119908,
    5.476686248815));
#4484 = CARTESIAN_POINT('',(241.00135753241,166.45804119907,
    5.487596287637));
#4485 = CARTESIAN_POINT('',(241.0013575324,165.95804119905,
    5.498506326459));
#4486 = CARTESIAN_POINT('',(241.0013575324,165.45804119903,
    5.509416365281));
#4487 = ORIENTED_EDGE('',*,*,#4488,.F.);
#4488 = EDGE_CURVE('',#4489,#4480,#4491,.T.);
#4489 = VERTEX_POINT('',#4490);
#4490 = CARTESIAN_POINT('',(241.00135753241,165.45804119909,
    0.200000000095));
#4491 = LINE('',#4492,#4493);
#4492 = CARTESIAN_POINT('',(241.00135753241,165.45804119909,
    9.521361477027E-11));
#4493 = VECTOR('',#4494,1.);
#4494 = DIRECTION('',(0.,0.,1.));
#4495 = ORIENTED_EDGE('',*,*,#4496,.F.);
#4496 = EDGE_CURVE('',#4497,#4489,#4499,.T.);
#4497 = VERTEX_POINT('',#4498);
#4498 = CARTESIAN_POINT('',(241.00135753241,166.95804119909,
    0.200000000095));
#4499 = LINE('',#4500,#4501);
#4500 = CARTESIAN_POINT('',(241.00135753241,163.21202744459,
    0.200000000095));
#4501 = VECTOR('',#4502,1.);
#4502 = DIRECTION('',(0.,-1.,3.061616997868E-16));
#4503 = ORIENTED_EDGE('',*,*,#4504,.T.);
#4504 = EDGE_CURVE('',#4497,#4478,#4505,.T.);
#4505 = LINE('',#4506,#4507);
#4506 = CARTESIAN_POINT('',(241.00135753241,166.95804119909,
    9.521361477027E-11));
#4507 = VECTOR('',#4508,1.);
#4508 = DIRECTION('',(0.,0.,1.));
#4509 = PLANE('',#4510);
#4510 = AXIS2_PLACEMENT_3D('',#4511,#4512,#4513);
#4511 = CARTESIAN_POINT('',(241.00135753241,167.95804119909,
    9.521272659185E-11));
#4512 = DIRECTION('',(1.,0.,0.));
#4513 = DIRECTION('',(0.,1.,-3.061616997868E-16));
#4514 = ADVANCED_FACE('',(#4515),#4543,.T.);
#4515 = FACE_BOUND('',#4516,.T.);
#4516 = EDGE_LOOP('',(#4517,#4528,#4536,#4542));
#4517 = ORIENTED_EDGE('',*,*,#4518,.T.);
#4518 = EDGE_CURVE('',#4480,#4519,#4521,.T.);
#4519 = VERTEX_POINT('',#4520);
#4520 = CARTESIAN_POINT('',(242.00135753241,165.45804119909,
    5.464920580336));
#4521 = B_SPLINE_CURVE_WITH_KNOTS('',3,(#4522,#4523,#4524,#4525,#4526,
    #4527),.UNSPECIFIED.,.F.,.F.,(4,2,4),(1.562718372595,2.044901176701,
    2.563709141955),.UNSPECIFIED.);
#4522 = CARTESIAN_POINT('',(241.0013575324,165.45804119909,5.50941636528
    ));
#4523 = CARTESIAN_POINT('',(241.16191247008,165.45804119909,
    5.501972818086));
#4524 = CARTESIAN_POINT('',(241.32247415567,165.45804119909,
    5.494673255127));
#4525 = CARTESIAN_POINT('',(241.65580691793,165.45804119909,
    5.479818600839));
#4526 = CARTESIAN_POINT('',(241.82857871061,165.45804119908,
    5.472286229073));
#4527 = CARTESIAN_POINT('',(242.00135753241,165.45804119908,
    5.464920580336));
#4528 = ORIENTED_EDGE('',*,*,#4529,.F.);
#4529 = EDGE_CURVE('',#4530,#4519,#4532,.T.);
#4530 = VERTEX_POINT('',#4531);
#4531 = CARTESIAN_POINT('',(242.00135753241,165.45804119909,
    0.200000000095));
#4532 = LINE('',#4533,#4534);
#4533 = CARTESIAN_POINT('',(242.00135753241,165.45804119909,
    9.521361477027E-11));
#4534 = VECTOR('',#4535,1.);
#4535 = DIRECTION('',(0.,0.,1.));
#4536 = ORIENTED_EDGE('',*,*,#4537,.F.);
#4537 = EDGE_CURVE('',#4489,#4530,#4538,.T.);
#4538 = LINE('',#4539,#4540);
#4539 = CARTESIAN_POINT('',(237.25135753241,165.45804119909,
    0.200000000095));
#4540 = VECTOR('',#4541,1.);
#4541 = DIRECTION('',(1.,0.,0.));
#4542 = ORIENTED_EDGE('',*,*,#4488,.T.);
#4543 = PLANE('',#4544);
#4544 = AXIS2_PLACEMENT_3D('',#4545,#4546,#4547);
#4545 = CARTESIAN_POINT('',(242.00135753241,165.45804119909,
    9.521450294869E-11));
#4546 = DIRECTION('',(0.,1.,0.));
#4547 = DIRECTION('',(-1.,0.,0.));
#4548 = ADVANCED_FACE('',(#4549),#4575,.T.);
#4549 = FACE_BOUND('',#4550,.T.);
#4550 = EDGE_LOOP('',(#4551,#4560,#4568,#4574));
#4551 = ORIENTED_EDGE('',*,*,#4552,.T.);
#4552 = EDGE_CURVE('',#4519,#4553,#4555,.T.);
#4553 = VERTEX_POINT('',#4554);
#4554 = CARTESIAN_POINT('',(242.00135753241,166.95804119909,
    5.432190463871));
#4555 = B_SPLINE_CURVE_WITH_KNOTS('',3,(#4556,#4557,#4558,#4559),
  .UNSPECIFIED.,.F.,.F.,(4,4),(9.708085904491E-03,1.510065130252),
  .PIECEWISE_BEZIER_KNOTS.);
#4556 = CARTESIAN_POINT('',(242.00135753241,165.45804119909,
    5.464920580336));
#4557 = CARTESIAN_POINT('',(242.00135753241,165.95804119909,
    5.454010541514));
#4558 = CARTESIAN_POINT('',(242.00135753241,166.45804119909,
    5.443100502693));
#4559 = CARTESIAN_POINT('',(242.00135753241,166.95804119909,
    5.432190463871));
#4560 = ORIENTED_EDGE('',*,*,#4561,.F.);
#4561 = EDGE_CURVE('',#4562,#4553,#4564,.T.);
#4562 = VERTEX_POINT('',#4563);
#4563 = CARTESIAN_POINT('',(242.00135753241,166.95804119909,
    0.200000000095));
#4564 = LINE('',#4565,#4566);
#4565 = CARTESIAN_POINT('',(242.00135753241,166.95804119909,
    9.521361477027E-11));
#4566 = VECTOR('',#4567,1.);
#4567 = DIRECTION('',(0.,0.,1.));
#4568 = ORIENTED_EDGE('',*,*,#4569,.F.);
#4569 = EDGE_CURVE('',#4530,#4562,#4570,.T.);
#4570 = LINE('',#4571,#4572);
#4571 = CARTESIAN_POINT('',(242.00135753241,162.71202744459,
    0.200000000095));
#4572 = VECTOR('',#4573,1.);
#4573 = DIRECTION('',(0.,1.,-3.061616997868E-16));
#4574 = ORIENTED_EDGE('',*,*,#4529,.T.);
#4575 = PLANE('',#4576);
#4576 = AXIS2_PLACEMENT_3D('',#4577,#4578,#4579);
#4577 = CARTESIAN_POINT('',(242.00135753241,166.95804119909,
    9.521361477027E-11));
#4578 = DIRECTION('',(-1.,0.,0.));
#4579 = DIRECTION('',(0.,-1.,3.061616997868E-16));
#4580 = ADVANCED_FACE('',(#4581),#4607,.T.);
#4581 = FACE_BOUND('',#4582,.T.);
#4582 = EDGE_LOOP('',(#4583,#4592,#4593,#4601));
#4583 = ORIENTED_EDGE('',*,*,#4584,.T.);
#4584 = EDGE_CURVE('',#4585,#4478,#4587,.T.);
#4585 = VERTEX_POINT('',#4586);
#4586 = CARTESIAN_POINT('',(239.50135753241,166.95804119909,
    5.550427707278));
#4587 = B_SPLINE_CURVE_WITH_KNOTS('',3,(#4588,#4589,#4590,#4591),
  .UNSPECIFIED.,.F.,.F.,(4,4),(6.090279762996E-02,1.562718372595),
  .PIECEWISE_BEZIER_KNOTS.);
#4588 = CARTESIAN_POINT('',(239.50135753241,166.95804119909,
    5.550427707278));
#4589 = CARTESIAN_POINT('',(240.00128817262,166.95804119909,
    5.524450640697));
#4590 = CARTESIAN_POINT('',(240.50129012229,166.95804119908,
    5.499870060046));
#4591 = CARTESIAN_POINT('',(241.0013575324,166.95804119908,
    5.476686248815));
#4592 = ORIENTED_EDGE('',*,*,#4504,.F.);
#4593 = ORIENTED_EDGE('',*,*,#4594,.F.);
#4594 = EDGE_CURVE('',#4595,#4497,#4597,.T.);
#4595 = VERTEX_POINT('',#4596);
#4596 = CARTESIAN_POINT('',(239.50135753241,166.95804119909,
    0.200000000095));
#4597 = LINE('',#4598,#4599);
#4598 = CARTESIAN_POINT('',(236.75135753241,166.95804119909,
    0.200000000095));
#4599 = VECTOR('',#4600,1.);
#4600 = DIRECTION('',(1.,0.,0.));
#4601 = ORIENTED_EDGE('',*,*,#4602,.T.);
#4602 = EDGE_CURVE('',#4595,#4585,#4603,.T.);
#4603 = LINE('',#4604,#4605);
#4604 = CARTESIAN_POINT('',(239.50135753241,166.95804119909,
    9.521361477027E-11));
#4605 = VECTOR('',#4606,1.);
#4606 = DIRECTION('',(0.,0.,1.));
#4607 = PLANE('',#4608);
#4608 = AXIS2_PLACEMENT_3D('',#4609,#4610,#4611);
#4609 = CARTESIAN_POINT('',(241.00135753241,166.95804119909,
    9.521361477027E-11));
#4610 = DIRECTION('',(0.,1.,0.));
#4611 = DIRECTION('',(-1.,0.,0.));
#4612 = ADVANCED_FACE('',(#4613),#4639,.T.);
#4613 = FACE_BOUND('',#4614,.T.);
#4614 = EDGE_LOOP('',(#4615,#4624,#4632,#4638));
#4615 = ORIENTED_EDGE('',*,*,#4616,.T.);
#4616 = EDGE_CURVE('',#4553,#4617,#4619,.T.);
#4617 = VERTEX_POINT('',#4618);
#4618 = CARTESIAN_POINT('',(243.50135753241,166.95804119909,
    5.37243993356));
#4619 = B_SPLINE_CURVE_WITH_KNOTS('',3,(#4620,#4621,#4622,#4623),
  .UNSPECIFIED.,.F.,.F.,(4,4),(2.563709141957,4.064902735171),
  .PIECEWISE_BEZIER_KNOTS.);
#4620 = CARTESIAN_POINT('',(242.00135753241,166.95804119909,
    5.432190463871));
#4621 = CARTESIAN_POINT('',(242.50130062833,166.95804119909,
    5.410877636326));
#4622 = CARTESIAN_POINT('',(243.00130257626,166.95804119909,
    5.390960713353));
#4623 = CARTESIAN_POINT('',(243.50135753241,166.95804119909,
    5.37243993356));
#4624 = ORIENTED_EDGE('',*,*,#4625,.F.);
#4625 = EDGE_CURVE('',#4626,#4617,#4628,.T.);
#4626 = VERTEX_POINT('',#4627);
#4627 = CARTESIAN_POINT('',(243.50135753241,166.95804119909,
    0.200000000095));
#4628 = LINE('',#4629,#4630);
#4629 = CARTESIAN_POINT('',(243.50135753241,166.95804119909,
    9.521361477027E-11));
#4630 = VECTOR('',#4631,1.);
#4631 = DIRECTION('',(0.,0.,1.));
#4632 = ORIENTED_EDGE('',*,*,#4633,.F.);
#4633 = EDGE_CURVE('',#4562,#4626,#4634,.T.);
#4634 = LINE('',#4635,#4636);
#4635 = CARTESIAN_POINT('',(236.75135753241,166.95804119909,
    0.200000000095));
#4636 = VECTOR('',#4637,1.);
#4637 = DIRECTION('',(1.,0.,0.));
#4638 = ORIENTED_EDGE('',*,*,#4561,.T.);
#4639 = PLANE('',#4640);
#4640 = AXIS2_PLACEMENT_3D('',#4641,#4642,#4643);
#4641 = CARTESIAN_POINT('',(241.00135753241,166.95804119909,
    9.521361477027E-11));
#4642 = DIRECTION('',(0.,1.,0.));
#4643 = DIRECTION('',(-1.,0.,0.));
#4644 = ADVANCED_FACE('',(#4645),#4673,.T.);
#4645 = FACE_BOUND('',#4646,.T.);
#4646 = EDGE_LOOP('',(#4647,#4658,#4659,#4667));
#4647 = ORIENTED_EDGE('',*,*,#4648,.T.);
#4648 = EDGE_CURVE('',#4649,#4585,#4651,.T.);
#4649 = VERTEX_POINT('',#4650);
#4650 = CARTESIAN_POINT('',(239.50135753241,167.95804119909,
    5.528607629634));
#4651 = B_SPLINE_CURVE_WITH_KNOTS('',3,(#4652,#4653,#4654,#4655,#4656,
    #4657),.UNSPECIFIED.,.F.,.F.,(4,2,4),(1.534219652142,2.020971740027,
    2.534457681671),.UNSPECIFIED.);
#4652 = CARTESIAN_POINT('',(239.5013575324,167.95804119905,
    5.528607629635));
#4653 = CARTESIAN_POINT('',(239.5013575324,167.79582911436,
    5.532147109917));
#4654 = CARTESIAN_POINT('',(239.5013575324,167.63361702967,5.5356865902)
  );
#4655 = CARTESIAN_POINT('',(239.5013575324,167.30028369636,
    5.542959949414));
#4656 = CARTESIAN_POINT('',(239.5013575324,167.12916244772,
    5.546693828346));
#4657 = CARTESIAN_POINT('',(239.5013575324,166.95804119909,
    5.550427707278));
#4658 = ORIENTED_EDGE('',*,*,#4602,.F.);
#4659 = ORIENTED_EDGE('',*,*,#4660,.F.);
#4660 = EDGE_CURVE('',#4661,#4595,#4663,.T.);
#4661 = VERTEX_POINT('',#4662);
#4662 = CARTESIAN_POINT('',(239.50135753241,167.95804119909,
    0.200000000095));
#4663 = LINE('',#4664,#4665);
#4664 = CARTESIAN_POINT('',(239.50135753241,162.71202744459,
    0.200000000095));
#4665 = VECTOR('',#4666,1.);
#4666 = DIRECTION('',(0.,-1.,3.061616997868E-16));
#4667 = ORIENTED_EDGE('',*,*,#4668,.T.);
#4668 = EDGE_CURVE('',#4661,#4649,#4669,.T.);
#4669 = LINE('',#4670,#4671);
#4670 = CARTESIAN_POINT('',(239.50135753241,167.95804119909,
    9.521272659185E-11));
#4671 = VECTOR('',#4672,1.);
#4672 = DIRECTION('',(0.,0.,1.));
#4673 = PLANE('',#4674);
#4674 = AXIS2_PLACEMENT_3D('',#4675,#4676,#4677);
#4675 = CARTESIAN_POINT('',(239.50135753241,166.95804119909,
    9.521361477027E-11));
#4676 = DIRECTION('',(1.,0.,0.));
#4677 = DIRECTION('',(0.,1.,-3.061616997868E-16));
#4678 = ADVANCED_FACE('',(#4679),#4707,.T.);
#4679 = FACE_BOUND('',#4680,.T.);
#4680 = EDGE_LOOP('',(#4681,#4692,#4700,#4706));
#4681 = ORIENTED_EDGE('',*,*,#4682,.T.);
#4682 = EDGE_CURVE('',#4617,#4683,#4685,.T.);
#4683 = VERTEX_POINT('',#4684);
#4684 = CARTESIAN_POINT('',(243.5013575324,167.95804119908,
    5.350619855917));
#4685 = B_SPLINE_CURVE_WITH_KNOTS('',3,(#4686,#4687,#4688,#4689,#4690,
    #4691),.UNSPECIFIED.,.F.,.F.,(4,2,4),(1.511368581159,2.020971740012,
    2.51160661074),.UNSPECIFIED.);
#4686 = CARTESIAN_POINT('',(243.50135753241,166.95804119906,
    5.372439933561));
#4687 = CARTESIAN_POINT('',(243.50135753241,167.12786849476,
    5.368734288782));
#4688 = CARTESIAN_POINT('',(243.50135753241,167.29769579046,
    5.365028644004));
#4689 = CARTESIAN_POINT('',(243.50135753241,167.6310291238,5.35775528479
    ));
#4690 = CARTESIAN_POINT('',(243.50135753241,167.79453516144,
    5.354187570353));
#4691 = CARTESIAN_POINT('',(243.50135753241,167.95804119908,
    5.350619855917));
#4692 = ORIENTED_EDGE('',*,*,#4693,.F.);
#4693 = EDGE_CURVE('',#4694,#4683,#4696,.T.);
#4694 = VERTEX_POINT('',#4695);
#4695 = CARTESIAN_POINT('',(243.50135753241,167.95804119909,
    0.200000000095));
#4696 = LINE('',#4697,#4698);
#4697 = CARTESIAN_POINT('',(243.50135753241,167.95804119909,
    9.521272659185E-11));
#4698 = VECTOR('',#4699,1.);
#4699 = DIRECTION('',(0.,0.,1.));
#4700 = ORIENTED_EDGE('',*,*,#4701,.F.);
#4701 = EDGE_CURVE('',#4626,#4694,#4702,.T.);
#4702 = LINE('',#4703,#4704);
#4703 = CARTESIAN_POINT('',(243.50135753241,163.21202744459,
    0.200000000095));
#4704 = VECTOR('',#4705,1.);
#4705 = DIRECTION('',(0.,1.,-3.061616997868E-16));
#4706 = ORIENTED_EDGE('',*,*,#4625,.T.);
#4707 = PLANE('',#4708);
#4708 = AXIS2_PLACEMENT_3D('',#4709,#4710,#4711);
#4709 = CARTESIAN_POINT('',(243.50135753241,167.95804119909,
    9.521272659185E-11));
#4710 = DIRECTION('',(-1.,0.,0.));
#4711 = DIRECTION('',(0.,-1.,3.061616997868E-16));
#4712 = ADVANCED_FACE('',(#4713),#4739,.T.);
#4713 = FACE_BOUND('',#4714,.T.);
#4714 = EDGE_LOOP('',(#4715,#4724,#4725,#4733));
#4715 = ORIENTED_EDGE('',*,*,#4716,.T.);
#4716 = EDGE_CURVE('',#4717,#4649,#4719,.T.);
#4717 = VERTEX_POINT('',#4718);
#4718 = CARTESIAN_POINT('',(241.00135753241,167.95804119909,
    5.454866171171));
#4719 = B_SPLINE_CURVE_WITH_KNOTS('',3,(#4720,#4721,#4722,#4723),
  .UNSPECIFIED.,.F.,.F.,(4,4),(2.527457297351,4.029272872593),
  .PIECEWISE_BEZIER_KNOTS.);
#4720 = CARTESIAN_POINT('',(241.00135753241,167.95804119908,
    5.454866171171));
#4721 = CARTESIAN_POINT('',(240.50129012232,167.95804119908,
    5.478049982402));
#4722 = CARTESIAN_POINT('',(240.00128817264,167.95804119909,
    5.502630563052));
#4723 = CARTESIAN_POINT('',(239.50135753241,167.95804119909,
    5.528607629634));
#4724 = ORIENTED_EDGE('',*,*,#4668,.F.);
#4725 = ORIENTED_EDGE('',*,*,#4726,.F.);
#4726 = EDGE_CURVE('',#4727,#4661,#4729,.T.);
#4727 = VERTEX_POINT('',#4728);
#4728 = CARTESIAN_POINT('',(241.00135753241,167.95804119909,
    0.200000000095));
#4729 = LINE('',#4730,#4731);
#4730 = CARTESIAN_POINT('',(236.00135753241,167.95804119909,
    0.200000000095));
#4731 = VECTOR('',#4732,1.);
#4732 = DIRECTION('',(-1.,0.,0.));
#4733 = ORIENTED_EDGE('',*,*,#4734,.T.);
#4734 = EDGE_CURVE('',#4727,#4717,#4735,.T.);
#4735 = LINE('',#4736,#4737);
#4736 = CARTESIAN_POINT('',(241.00135753241,167.95804119909,
    9.521272659185E-11));
#4737 = VECTOR('',#4738,1.);
#4738 = DIRECTION('',(0.,0.,1.));
#4739 = PLANE('',#4740);
#4740 = AXIS2_PLACEMENT_3D('',#4741,#4742,#4743);
#4741 = CARTESIAN_POINT('',(239.50135753241,167.95804119909,
    9.521272659185E-11));
#4742 = DIRECTION('',(0.,-1.,0.));
#4743 = DIRECTION('',(1.,0.,0.));
#4744 = ADVANCED_FACE('',(#4745),#4771,.T.);
#4745 = FACE_BOUND('',#4746,.T.);
#4746 = EDGE_LOOP('',(#4747,#4756,#4764,#4770));
#4747 = ORIENTED_EDGE('',*,*,#4748,.T.);
#4748 = EDGE_CURVE('',#4683,#4749,#4751,.T.);
#4749 = VERTEX_POINT('',#4750);
#4750 = CARTESIAN_POINT('',(242.00135753241,167.95804119909,
    5.410370386228));
#4751 = B_SPLINE_CURVE_WITH_KNOTS('',3,(#4752,#4753,#4754,#4755),
  .UNSPECIFIED.,.F.,.F.,(4,4),(2.52729344412E-02,1.526466527802),
  .PIECEWISE_BEZIER_KNOTS.);
#4752 = CARTESIAN_POINT('',(243.5013575324,167.95804119909,
    5.350619855917));
#4753 = CARTESIAN_POINT('',(243.00130257624,167.95804119909,
    5.36914063571));
#4754 = CARTESIAN_POINT('',(242.50130062831,167.95804119908,
    5.389057558683));
#4755 = CARTESIAN_POINT('',(242.00135753241,167.95804119908,
    5.410370386228));
#4756 = ORIENTED_EDGE('',*,*,#4757,.F.);
#4757 = EDGE_CURVE('',#4758,#4749,#4760,.T.);
#4758 = VERTEX_POINT('',#4759);
#4759 = CARTESIAN_POINT('',(242.00135753241,167.95804119909,
    0.200000000095));
#4760 = LINE('',#4761,#4762);
#4761 = CARTESIAN_POINT('',(242.00135753241,167.95804119909,
    9.521272659185E-11));
#4762 = VECTOR('',#4763,1.);
#4763 = DIRECTION('',(0.,0.,1.));
#4764 = ORIENTED_EDGE('',*,*,#4765,.F.);
#4765 = EDGE_CURVE('',#4694,#4758,#4766,.T.);
#4766 = LINE('',#4767,#4768);
#4767 = CARTESIAN_POINT('',(237.25135753241,167.95804119909,
    0.200000000095));
#4768 = VECTOR('',#4769,1.);
#4769 = DIRECTION('',(-1.,0.,0.));
#4770 = ORIENTED_EDGE('',*,*,#4693,.T.);
#4771 = PLANE('',#4772);
#4772 = AXIS2_PLACEMENT_3D('',#4773,#4774,#4775);
#4773 = CARTESIAN_POINT('',(242.00135753241,167.95804119909,
    9.521272659185E-11));
#4774 = DIRECTION('',(0.,-1.,0.));
#4775 = DIRECTION('',(1.,0.,0.));
#4776 = ADVANCED_FACE('',(#4777),#4803,.T.);
#4777 = FACE_BOUND('',#4778,.T.);
#4778 = EDGE_LOOP('',(#4779,#4788,#4789,#4797));
#4779 = ORIENTED_EDGE('',*,*,#4780,.T.);
#4780 = EDGE_CURVE('',#4781,#4717,#4783,.T.);
#4781 = VERTEX_POINT('',#4782);
#4782 = CARTESIAN_POINT('',(241.00135753241,169.45804119908,
    5.422136054705));
#4783 = B_SPLINE_CURVE_WITH_KNOTS('',3,(#4784,#4785,#4786,#4787),
  .UNSPECIFIED.,.F.,.F.,(4,4),(3.225394632136E-02,1.532610990692),
  .PIECEWISE_BEZIER_KNOTS.);
#4784 = CARTESIAN_POINT('',(241.00135753239,169.45804119908,
    5.422136054705));
#4785 = CARTESIAN_POINT('',(241.0013575324,168.95804119907,
    5.433046093527));
#4786 = CARTESIAN_POINT('',(241.0013575324,168.45804119905,5.44395613235
    ));
#4787 = CARTESIAN_POINT('',(241.00135753241,167.95804119905,
    5.454866171172));
#4788 = ORIENTED_EDGE('',*,*,#4734,.F.);
#4789 = ORIENTED_EDGE('',*,*,#4790,.F.);
#4790 = EDGE_CURVE('',#4791,#4727,#4793,.T.);
#4791 = VERTEX_POINT('',#4792);
#4792 = CARTESIAN_POINT('',(241.00135753241,169.45804119909,
    0.200000000095));
#4793 = LINE('',#4794,#4795);
#4794 = CARTESIAN_POINT('',(241.00135753241,163.21202744459,
    0.200000000095));
#4795 = VECTOR('',#4796,1.);
#4796 = DIRECTION('',(0.,-1.,3.061616997868E-16));
#4797 = ORIENTED_EDGE('',*,*,#4798,.T.);
#4798 = EDGE_CURVE('',#4791,#4781,#4799,.T.);
#4799 = LINE('',#4800,#4801);
#4800 = CARTESIAN_POINT('',(241.00135753241,169.45804119909,
    9.521272659185E-11));
#4801 = VECTOR('',#4802,1.);
#4802 = DIRECTION('',(0.,0.,1.));
#4803 = PLANE('',#4804);
#4804 = AXIS2_PLACEMENT_3D('',#4805,#4806,#4807);
#4805 = CARTESIAN_POINT('',(241.00135753241,167.95804119909,
    9.521272659185E-11));
#4806 = DIRECTION('',(1.,0.,0.));
#4807 = DIRECTION('',(0.,1.,-3.061616997868E-16));
#4808 = ADVANCED_FACE('',(#4809),#4835,.T.);
#4809 = FACE_BOUND('',#4810,.T.);
#4810 = EDGE_LOOP('',(#4811,#4820,#4828,#4834));
#4811 = ORIENTED_EDGE('',*,*,#4812,.T.);
#4812 = EDGE_CURVE('',#4749,#4813,#4815,.T.);
#4813 = VERTEX_POINT('',#4814);
#4814 = CARTESIAN_POINT('',(242.00135753241,169.45804119909,
    5.377640269762));
#4815 = B_SPLINE_CURVE_WITH_KNOTS('',3,(#4816,#4817,#4818,#4819),
  .UNSPECIFIED.,.F.,.F.,(4,4),(2.510303159813,4.010660204116),
  .PIECEWISE_BEZIER_KNOTS.);
#4816 = CARTESIAN_POINT('',(242.00135753241,167.95804119908,
    5.410370386227));
#4817 = CARTESIAN_POINT('',(242.00135753241,168.45804119907,
    5.399460347406));
#4818 = CARTESIAN_POINT('',(242.00135753242,168.95804119905,
    5.388550308585));
#4819 = CARTESIAN_POINT('',(242.00135753242,169.45804119905,
    5.377640269763));
#4820 = ORIENTED_EDGE('',*,*,#4821,.F.);
#4821 = EDGE_CURVE('',#4822,#4813,#4824,.T.);
#4822 = VERTEX_POINT('',#4823);
#4823 = CARTESIAN_POINT('',(242.00135753241,169.45804119909,
    0.200000000095));
#4824 = LINE('',#4825,#4826);
#4825 = CARTESIAN_POINT('',(242.00135753241,169.45804119909,
    9.521272659185E-11));
#4826 = VECTOR('',#4827,1.);
#4827 = DIRECTION('',(0.,0.,1.));
#4828 = ORIENTED_EDGE('',*,*,#4829,.F.);
#4829 = EDGE_CURVE('',#4758,#4822,#4830,.T.);
#4830 = LINE('',#4831,#4832);
#4831 = CARTESIAN_POINT('',(242.00135753241,163.96202744459,
    0.200000000095));
#4832 = VECTOR('',#4833,1.);
#4833 = DIRECTION('',(0.,1.,-3.061616997868E-16));
#4834 = ORIENTED_EDGE('',*,*,#4757,.T.);
#4835 = PLANE('',#4836);
#4836 = AXIS2_PLACEMENT_3D('',#4837,#4838,#4839);
#4837 = CARTESIAN_POINT('',(242.00135753241,169.45804119909,
    9.521272659185E-11));
#4838 = DIRECTION('',(-1.,0.,0.));
#4839 = DIRECTION('',(0.,-1.,3.061616997868E-16));
#4840 = ADVANCED_FACE('',(#4841),#4860,.T.);
#4841 = FACE_BOUND('',#4842,.T.);
#4842 = EDGE_LOOP('',(#4843,#4852,#4853,#4859));
#4843 = ORIENTED_EDGE('',*,*,#4844,.T.);
#4844 = EDGE_CURVE('',#4813,#4781,#4845,.T.);
#4845 = B_SPLINE_CURVE_WITH_KNOTS('',3,(#4846,#4847,#4848,#4849,#4850,
    #4851),.UNSPECIFIED.,.F.,.F.,(4,2,4),(1.526466527778,2.045270471159,
    2.527457297246),.UNSPECIFIED.);
#4846 = CARTESIAN_POINT('',(242.00135753241,169.45804119909,
    5.377640269762));
#4847 = CARTESIAN_POINT('',(241.82858005003,169.45804119909,
    5.385005861399));
#4848 = CARTESIAN_POINT('',(241.65580959666,169.45804119908,
    5.39253817348));
#4849 = CARTESIAN_POINT('',(241.32247683419,169.45804119908,
    5.407392822781));
#4850 = CARTESIAN_POINT('',(241.16191380928,169.45804119909,
    5.414692445424));
#4851 = CARTESIAN_POINT('',(241.0013575324,169.45804119909,
    5.422136054706));
#4852 = ORIENTED_EDGE('',*,*,#4798,.F.);
#4853 = ORIENTED_EDGE('',*,*,#4854,.F.);
#4854 = EDGE_CURVE('',#4822,#4791,#4855,.T.);
#4855 = LINE('',#4856,#4857);
#4856 = CARTESIAN_POINT('',(236.75135753241,169.45804119909,
    0.200000000095));
#4857 = VECTOR('',#4858,1.);
#4858 = DIRECTION('',(-1.,0.,0.));
#4859 = ORIENTED_EDGE('',*,*,#4821,.T.);
#4860 = PLANE('',#4861);
#4861 = AXIS2_PLACEMENT_3D('',#4862,#4863,#4864);
#4862 = CARTESIAN_POINT('',(241.00135753241,169.45804119909,
    9.521272659185E-11));
#4863 = DIRECTION('',(0.,-1.,0.));
#4864 = DIRECTION('',(1.,0.,0.));
#4865 = ADVANCED_FACE('',(#4866,#4869),#4883,.T.);
#4866 = FACE_BOUND('',#4867,.T.);
#4867 = EDGE_LOOP('',(#4868));
#4868 = ORIENTED_EDGE('',*,*,#3441,.T.);
#4869 = FACE_BOUND('',#4870,.T.);
#4870 = EDGE_LOOP('',(#4871,#4872,#4873,#4874,#4875,#4876,#4877,#4878,
    #4879,#4880,#4881,#4882));
#4871 = ORIENTED_EDGE('',*,*,#4790,.T.);
#4872 = ORIENTED_EDGE('',*,*,#4726,.T.);
#4873 = ORIENTED_EDGE('',*,*,#4660,.T.);
#4874 = ORIENTED_EDGE('',*,*,#4594,.T.);
#4875 = ORIENTED_EDGE('',*,*,#4496,.T.);
#4876 = ORIENTED_EDGE('',*,*,#4537,.T.);
#4877 = ORIENTED_EDGE('',*,*,#4569,.T.);
#4878 = ORIENTED_EDGE('',*,*,#4633,.T.);
#4879 = ORIENTED_EDGE('',*,*,#4701,.T.);
#4880 = ORIENTED_EDGE('',*,*,#4765,.T.);
#4881 = ORIENTED_EDGE('',*,*,#4829,.T.);
#4882 = ORIENTED_EDGE('',*,*,#4854,.T.);
#4883 = PLANE('',#4884);
#4884 = AXIS2_PLACEMENT_3D('',#4885,#4886,#4887);
#4885 = CARTESIAN_POINT('',(232.50135753241,158.46601369009,
    0.200000000095));
#4886 = DIRECTION('',(0.,-3.061616997868E-16,-1.));
#4887 = DIRECTION('',(0.,1.,-3.061616997868E-16));
#4888 = ADVANCED_FACE('',(#4889),#4907,.T.);
#4889 = FACE_BOUND('',#4890,.T.);
#4890 = EDGE_LOOP('',(#4891,#4892,#4893,#4894,#4903,#4904,#4905,#4906));
#4891 = ORIENTED_EDGE('',*,*,#3259,.F.);
#4892 = ORIENTED_EDGE('',*,*,#3339,.T.);
#4893 = ORIENTED_EDGE('',*,*,#3538,.T.);
#4894 = ORIENTED_EDGE('',*,*,#4895,.F.);
#4895 = EDGE_CURVE('',#2338,#3531,#4896,.T.);
#4896 = B_SPLINE_CURVE_WITH_KNOTS('',3,(#4897,#4898,#4899,#4900,#4901,
    #4902),.UNSPECIFIED.,.F.,.F.,(4,2,4),(-5.390382294343,-5.16121631101
    ,-0.652045316916),.UNSPECIFIED.);
#4897 = CARTESIAN_POINT('',(233.63199073861,175.4543279688,
    9.53006562554E-11));
#4898 = CARTESIAN_POINT('',(233.63154957493,174.24780193223,
    9.53006562554E-11));
#4899 = CARTESIAN_POINT('',(233.63081237982,171.69195392694,
    9.524425692575E-11));
#4900 = CARTESIAN_POINT('',(233.62928676912,166.45755827602,
    9.524425692575E-11));
#4901 = CARTESIAN_POINT('',(233.62797702653,161.43054468237,
    9.530021216619E-11));
#4902 = CARTESIAN_POINT('',(233.62734190201,159.56118500315,
    9.530021216619E-11));
#4903 = ORIENTED_EDGE('',*,*,#2337,.F.);
#4904 = ORIENTED_EDGE('',*,*,#3143,.T.);
#4905 = ORIENTED_EDGE('',*,*,#3236,.T.);
#4906 = ORIENTED_EDGE('',*,*,#3303,.T.);
#4907 = B_SPLINE_SURFACE_WITH_KNOTS('',3,3,(
    (#4908,#4909,#4910,#4911,#4912)
    ,(#4913,#4914,#4915,#4916,#4917)
    ,(#4918,#4919,#4920,#4921,#4922)
    ,(#4923,#4924,#4925,#4926,#4927)
    ,(#4928,#4929,#4930,#4931,#4932)
    ,(#4933,#4934,#4935,#4936,#4937)
    ,(#4938,#4939,#4940,#4941,#4942)
    ,(#4943,#4944,#4945,#4946,#4947)
    ,(#4948,#4949,#4950,#4951,#4952)
    ,(#4953,#4954,#4955,#4956,#4957)
    ,(#4958,#4959,#4960,#4961,#4962)
    ,(#4963,#4964,#4965,#4966,#4967)
    ,(#4968,#4969,#4970,#4971,#4972)
    ,(#4973,#4974,#4975,#4976,#4977)
    ,(#4978,#4979,#4980,#4981,#4982)
    ,(#4983,#4984,#4985,#4986,#4987)
    ,(#4988,#4989,#4990,#4991,#4992)
    ,(#4993,#4994,#4995,#4996,#4997)
    ,(#4998,#4999,#5000,#5001,#5002)
    ,(#5003,#5004,#5005,#5006,#5007)
    ,(#5008,#5009,#5010,#5011,#5012)
    ,(#5013,#5014,#5015,#5016,#5017)
    ,(#5018,#5019,#5020,#5021,#5022)
    ,(#5023,#5024,#5025,#5026,#5027)
    ,(#5028,#5029,#5030,#5031,#5032)
    ,(#5033,#5034,#5035,#5036,#5037)
    ,(#5038,#5039,#5040,#5041,#5042)
    ,(#5043,#5044,#5045,#5046,#5047)
    ,(#5048,#5049,#5050,#5051,#5052)
    ,(#5053,#5054,#5055,#5056,#5057)
    ,(#5058,#5059,#5060,#5061,#5062)
    ,(#5063,#5064,#5065,#5066,#5067)
    ,(#5068,#5069,#5070,#5071,#5072)
    ,(#5073,#5074,#5075,#5076,#5077)
    ,(#5078,#5079,#5080,#5081,#5082)
    ,(#5083,#5084,#5085,#5086,#5087)
    ,(#5088,#5089,#5090,#5091,#5092)
    ,(#5093,#5094,#5095,#5096,#5097)
    ,(#5098,#5099,#5100,#5101,#5102)
    ,(#5103,#5104,#5105,#5106,#5107)
    ,(#5108,#5109,#5110,#5111,#5112)
    ,(#5113,#5114,#5115,#5116,#5117)
    ,(#5118,#5119,#5120,#5121,#5122)
    ,(#5123,#5124,#5125,#5126,#5127)
    ,(#5128,#5129,#5130,#5131,#5132)
    ,(#5133,#5134,#5135,#5136,#5137)
    ,(#5138,#5139,#5140,#5141,#5142)
    ,(#5143,#5144,#5145,#5146,#5147)
    ,(#5148,#5149,#5150,#5151,#5152)
    ,(#5153,#5154,#5155,#5156,#5157)
    ,(#5158,#5159,#5160,#5161,#5162)
    ,(#5163,#5164,#5165,#5166,#5167)
    ,(#5168,#5169,#5170,#5171,#5172)
    ,(#5173,#5174,#5175,#5176,#5177)
    ,(#5178,#5179,#5180,#5181,#5182)
    ,(#5183,#5184,#5185,#5186,#5187)
    ,(#5188,#5189,#5190,#5191,#5192)
    ,(#5193,#5194,#5195,#5196,#5197)
    ,(#5198,#5199,#5200,#5201,#5202)
    ,(#5203,#5204,#5205,#5206,#5207)
    ,(#5208,#5209,#5210,#5211,#5212)
    ,(#5213,#5214,#5215,#5216,#5217)
    ,(#5218,#5219,#5220,#5221,#5222)
    ,(#5223,#5224,#5225,#5226,#5227)
    ,(#5228,#5229,#5230,#5231,#5232)
    ,(#5233,#5234,#5235,#5236,#5237)
    ,(#5238,#5239,#5240,#5241,#5242)
    ,(#5243,#5244,#5245,#5246,#5247)
    ,(#5248,#5249,#5250,#5251,#5252)
    ,(#5253,#5254,#5255,#5256,#5257)
    ,(#5258,#5259,#5260,#5261,#5262)
    ,(#5263,#5264,#5265,#5266,#5267)
    ,(#5268,#5269,#5270,#5271,#5272)
    ,(#5273,#5274,#5275,#5276,#5277)
    ,(#5278,#5279,#5280,#5281,#5282)
    ,(#5283,#5284,#5285,#5286,#5287)
    ,(#5288,#5289,#5290,#5291,#5292)
    ,(#5293,#5294,#5295,#5296,#5297)
    ,(#5298,#5299,#5300,#5301,#5302)
    ,(#5303,#5304,#5305,#5306,#5307)
    ,(#5308,#5309,#5310,#5311,#5312)
    ,(#5313,#5314,#5315,#5316,#5317)
    ,(#5318,#5319,#5320,#5321,#5322)
    ,(#5323,#5324,#5325,#5326,#5327)
    ,(#5328,#5329,#5330,#5331,#5332)
    ,(#5333,#5334,#5335,#5336,#5337)
    ,(#5338,#5339,#5340,#5341,#5342)
    ,(#5343,#5344,#5345,#5346,#5347)
    ,(#5348,#5349,#5350,#5351,#5352)
    ,(#5353,#5354,#5355,#5356,#5357)
    ,(#5358,#5359,#5360,#5361,#5362)
    ,(#5363,#5364,#5365,#5366,#5367)
    ,(#5368,#5369,#5370,#5371,#5372)
    ,(#5373,#5374,#5375,#5376,#5377)
    ,(#5378,#5379,#5380,#5381,#5382)
    ,(#5383,#5384,#5385,#5386,#5387)
    ,(#5388,#5389,#5390,#5391,#5392)
    ,(#5393,#5394,#5395,#5396,#5397)
    ,(#5398,#5399,#5400,#5401,#5402)
    ,(#5403,#5404,#5405,#5406,#5407)
    ,(#5408,#5409,#5410,#5411,#5412)
    ,(#5413,#5414,#5415,#5416,#5417)
    ,(#5418,#5419,#5420,#5421,#5422)
    ,(#5423,#5424,#5425,#5426,#5427)
    ,(#5428,#5429,#5430,#5431,#5432)
    ,(#5433,#5434,#5435,#5436,#5437)
    ,(#5438,#5439,#5440,#5441,#5442)
    ,(#5443,#5444,#5445,#5446,#5447)
    ,(#5448,#5449,#5450,#5451,#5452)
    ,(#5453,#5454,#5455,#5456,#5457)
    ,(#5458,#5459,#5460,#5461,#5462)
    ,(#5463,#5464,#5465,#5466,#5467)
    ,(#5468,#5469,#5470,#5471,#5472)
    ,(#5473,#5474,#5475,#5476,#5477)
    ,(#5478,#5479,#5480,#5481,#5482)
    ,(#5483,#5484,#5485,#5486,#5487)
    ,(#5488,#5489,#5490,#5491,#5492)
    ,(#5493,#5494,#5495,#5496,#5497)
    ,(#5498,#5499,#5500,#5501,#5502)
    ,(#5503,#5504,#5505,#5506,#5507)
    ,(#5508,#5509,#5510,#5511,#5512)
    ,(#5513,#5514,#5515,#5516,#5517)
    ,(#5518,#5519,#5520,#5521,#5522)
    ,(#5523,#5524,#5525,#5526,#5527)
    ,(#5528,#5529,#5530,#5531,#5532)
    ,(#5533,#5534,#5535,#5536,#5537)
    ,(#5538,#5539,#5540,#5541,#5542)
    ,(#5543,#5544,#5545,#5546,#5547)
    ,(#5548,#5549,#5550,#5551,#5552)
    ,(#5553,#5554,#5555,#5556,#5557)
    ,(#5558,#5559,#5560,#5561,#5562)
    ,(#5563,#5564,#5565,#5566,#5567)
    ,(#5568,#5569,#5570,#5571,#5572)
    ,(#5573,#5574,#5575,#5576,#5577)
    ,(#5578,#5579,#5580,#5581,#5582)
    ,(#5583,#5584,#5585,#5586,#5587)
    ,(#5588,#5589,#5590,#5591,#5592)
    ,(#5593,#5594,#5595,#5596,#5597)
    ,(#5598,#5599,#5600,#5601,#5602)
    ,(#5603,#5604,#5605,#5606,#5607)
    ,(#5608,#5609,#5610,#5611,#5612)
    ,(#5613,#5614,#5615,#5616,#5617)
    ,(#5618,#5619,#5620,#5621,#5622)
    ,(#5623,#5624,#5625,#5626,#5627)
    ,(#5628,#5629,#5630,#5631,#5632)
    ,(#5633,#5634,#5635,#5636,#5637)
    ,(#5638,#5639,#5640,#5641,#5642)
    ,(#5643,#5644,#5645,#5646,#5647)
    ,(#5648,#5649,#5650,#5651,#5652)
    ,(#5653,#5654,#5655,#5656,#5657)
    ,(#5658,#5659,#5660,#5661,#5662)
    ,(#5663,#5664,#5665,#5666,#5667)
    ,(#5668,#5669,#5670,#5671,#5672)
    ,(#5673,#5674,#5675,#5676,#5677)
    ,(#5678,#5679,#5680,#5681,#5682)
    ,(#5683,#5684,#5685,#5686,#5687)
    ,(#5688,#5689,#5690,#5691,#5692)
    ,(#5693,#5694,#5695,#5696,#5697)
    ,(#5698,#5699,#5700,#5701,#5702)
    ,(#5703,#5704,#5705,#5706,#5707)
    ,(#5708,#5709,#5710,#5711,#5712)
    ,(#5713,#5714,#5715,#5716,#5717)
    ,(#5718,#5719,#5720,#5721,#5722)
    ,(#5723,#5724,#5725,#5726,#5727)
    ,(#5728,#5729,#5730,#5731,#5732)
    ,(#5733,#5734,#5735,#5736,#5737)
    ,(#5738,#5739,#5740,#5741,#5742)
    ,(#5743,#5744,#5745,#5746,#5747)
    ,(#5748,#5749,#5750,#5751,#5752)
    ,(#5753,#5754,#5755,#5756,#5757)
    ,(#5758,#5759,#5760,#5761,#5762)
    ,(#5763,#5764,#5765,#5766,#5767)
    ,(#5768,#5769,#5770,#5771,#5772)
    ,(#5773,#5774,#5775,#5776,#5777)
    ,(#5778,#5779,#5780,#5781,#5782)
    ,(#5783,#5784,#5785,#5786,#5787)
    ,(#5788,#5789,#5790,#5791,#5792)
    ,(#5793,#5794,#5795,#5796,#5797)
    ,(#5798,#5799,#5800,#5801,#5802)
    ,(#5803,#5804,#5805,#5806,#5807)
    ,(#5808,#5809,#5810,#5811,#5812)
    ,(#5813,#5814,#5815,#5816,#5817)
    ,(#5818,#5819,#5820,#5821,#5822)
    ,(#5823,#5824,#5825,#5826,#5827)
    ,(#5828,#5829,#5830,#5831,#5832)
    ,(#5833,#5834,#5835,#5836,#5837)
    ,(#5838,#5839,#5840,#5841,#5842)
    ,(#5843,#5844,#5845,#5846,#5847)
    ,(#5848,#5849,#5850,#5851,#5852)
    ,(#5853,#5854,#5855,#5856,#5857)
    ,(#5858,#5859,#5860,#5861,#5862)
    ,(#5863,#5864,#5865,#5866,#5867)
    ,(#5868,#5869,#5870,#5871,#5872)
    ,(#5873,#5874,#5875,#5876,#5877)
    ,(#5878,#5879,#5880,#5881,#5882)
    ,(#5883,#5884,#5885,#5886,#5887)
    ,(#5888,#5889,#5890,#5891,#5892)
    ,(#5893,#5894,#5895,#5896,#5897)
    ,(#5898,#5899,#5900,#5901,#5902)
    ,(#5903,#5904,#5905,#5906,#5907)
    ,(#5908,#5909,#5910,#5911,#5912)
    ,(#5913,#5914,#5915,#5916,#5917)
    ,(#5918,#5919,#5920,#5921,#5922)
    ,(#5923,#5924,#5925,#5926,#5927)
    ,(#5928,#5929,#5930,#5931,#5932)
    ,(#5933,#5934,#5935,#5936,#5937)
    ,(#5938,#5939,#5940,#5941,#5942)
    ,(#5943,#5944,#5945,#5946,#5947)
    ,(#5948,#5949,#5950,#5951,#5952)
    ,(#5953,#5954,#5955,#5956,#5957)
    ,(#5958,#5959,#5960,#5961,#5962)
    ,(#5963,#5964,#5965,#5966,#5967)
    ,(#5968,#5969,#5970,#5971,#5972
    )),.UNSPECIFIED.,.F.,.F.,.F.,(4,1,1,1,1,1,1,1,1,1,2,1,1,1,1,1,1,1,1,
    1,1,1,1,1,1,1,1,1,1,1,1,1,1,1,1,1,1,1,1,1,1,1,1,1,1,1,1,1,1,1,1,1,1,
    1,1,1,1,1,1,1,1,1,1,1,1,1,1,1,1,1,1,1,1,1,1,1,1,1,1,1,1,1,1,1,1,1,1,
    1,1,1,1,1,1,1,1,1,1,1,1,1,1,1,1,1,1,1,1,1,1,1,1,1,1,1,1,1,1,1,1,1,1,
    1,1,1,1,1,1,1,1,1,1,1,1,1,1,1,1,1,1,1,1,1,1,1,1,1,1,1,1,1,1,1,1,1,1,
    1,1,1,1,1,1,1,1,1,1,1,1,1,1,1,1,1,1,1,1,1,1,1,1,1,1,1,1,1,1,1,2,1,1,
    1,1,1,1,1,1,1,1,1,1,1,1,1,1,1,1,1,1,1,4),(4,1,4),(-0.234946036715,
    -0.211451433044,-0.187956829372,-0.164462225701,-0.140967622029,
    -0.117473018358,-9.397841468611E-02,-7.048381101459E-02,
    -4.698920734306E-02,-2.349460367153E-02,0.,6.25E-03,1.25E-02,2.5E-02
    ,5.E-02,7.5E-02,0.1,0.125,0.15,0.175,0.2,0.225,0.25,0.275,0.3,0.325,
    0.3375,0.35,0.3625,0.375,0.4,0.40078125,0.401171875,0.4015625,
    0.4017578125,0.401953125,0.40234375,0.403125,0.4046875,0.40625,
    0.409375,0.4109375,0.41171875,0.4125,0.415625,0.41875,0.425,0.43125,
    0.434375,0.4375,0.44375,0.45,0.453125,0.4546875,0.45625,0.459375,
    0.4609375,0.4625,0.465625,0.46875,0.475,0.4875,0.4890625,0.490625,
    0.49375,0.496875,0.4984375,0.5,0.5125,0.51875,0.525,0.53125,0.5375,
    0.55,0.5625,0.575,0.6,0.625,0.65,0.6625,0.66875,0.675,0.6875,0.7,
    0.70625,0.7078125,0.709375,0.7125,0.725,0.73125,0.734375,0.7375,
    0.740625,0.74375,0.746875,0.7484375,0.75,0.7625,0.76875,0.775,0.7875
    ,0.8,0.825,0.85,0.853125,0.8546875,0.85625,0.8625,0.875,0.88125,
    0.8828125,0.884375,0.8875,0.9,0.90625,0.909375,0.9125,0.91875,0.925,
    0.928125,0.93125,0.9328125,0.933203125,0.93359375,0.934375,0.9375,
    0.95,0.9515625,0.953125,0.95390625,0.9546875,0.95625,0.959375,0.9625
    ,0.965625,0.9671875,0.96875,0.96953125,0.9703125,0.971875,0.975,
    0.9765625,0.97734375,0.978125,0.98125,0.9828125,0.984375,0.984765625
    ,0.98515625,0.9859375,0.9875,0.9890625,0.989453125,0.98984375,
    0.990234375,0.990625,0.99375,0.9939453125,0.994140625,0.99453125,
    0.9947265625,0.994921875,0.9951171875,0.9953125,0.996875,0.99765625,
    0.9978515625,0.99794921875,0.998046875,0.9982421875,0.9984375,
    0.998828125,0.99892578125,0.9990234375,0.99921875,0.999609375,
    0.999658203125,0.999682617187,0.99970703125,0.999755859375,
    0.9998046875,0.99990234375,0.999926757812,0.999951171875,
    0.999975585938,0.999987792969,1.,1.003152676585,1.006305353169,
    1.012610706338,1.025221412677,1.037832119015,1.050442825353,
    1.063053531692,1.07566423803,1.088274944368,1.100885650707,
    1.113496357045,1.126107063384,1.138717769722,1.15132847606,
    1.163939182399,1.176549888737,1.189160595075,1.201771301414,
    1.214382007752,1.22699271409,1.239603420429,1.252214126767),(
    0.14331820901,0.487875259738,0.947284660708),.UNSPECIFIED.);
#4908 = CARTESIAN_POINT('',(236.03397246926,174.96447523149,
    5.618185971567));
#4909 = CARTESIAN_POINT('',(235.68943161289,175.14262220293,
    4.81210800804));
#4910 = CARTESIAN_POINT('',(234.88556276026,175.55904504501,
    2.931398679846));
#4911 = CARTESIAN_POINT('',(234.08155599498,175.97361498598,
    1.050339240969));
#4912 = CARTESIAN_POINT('',(233.62258309986,176.21621586976,
    -2.348908615464E-02));
#4913 = CARTESIAN_POINT('',(236.0339740367,174.94559623934,5.61859194501
    ));
#4914 = CARTESIAN_POINT('',(235.68943316935,175.12586196845,
    4.812460012883));
#4915 = CARTESIAN_POINT('',(234.88556546317,175.54722851212,
    2.931627515507));
#4916 = CARTESIAN_POINT('',(234.08155917661,175.96674227795,
    1.050443316866));
#4917 = CARTESIAN_POINT('',(233.6225903459,176.21216807088,
    -2.344740030735E-02));
#4918 = CARTESIAN_POINT('',(236.03397710685,174.90783983618,
    5.619403903626));
#4919 = CARTESIAN_POINT('',(235.68943518465,175.09234571736,
    4.813161468486));
#4920 = CARTESIAN_POINT('',(234.88556997504,175.52359779072,
    2.932083121913));
#4921 = CARTESIAN_POINT('',(234.08157116885,175.95302411496,
    1.050664641815));
#4922 = CARTESIAN_POINT('',(233.62260477594,176.20408711735,
    -2.336414123743E-02));
#4923 = CARTESIAN_POINT('',(236.03398172437,174.85120487333,
    5.62062183531));
#4924 = CARTESIAN_POINT('',(235.68943844339,175.04207038223,
    4.814214201004));
#4925 = CARTESIAN_POINT('',(234.8855769327,175.48815117029,
    2.932766973012));
#4926 = CARTESIAN_POINT('',(234.08158790971,175.93244075695,
    1.050993712391));
#4927 = CARTESIAN_POINT('',(233.62262641662,176.19196240357,
    -2.32392612635E-02));
#4928 = CARTESIAN_POINT('',(236.03398639529,174.79456870144,
    5.621839764083));
#4929 = CARTESIAN_POINT('',(235.68944257052,174.99179182904,
    4.81526895281));
#4930 = CARTESIAN_POINT('',(234.88558459423,175.45270277383,
    2.933452450388));
#4931 = CARTESIAN_POINT('',(234.08160028489,175.91183642631,
    1.05131256141));
#4932 = CARTESIAN_POINT('',(233.62264811538,176.17982641672,
    -2.311426193783E-02));
#4933 = CARTESIAN_POINT('',(236.03399099921,174.73793393214,
    5.623057688582));
#4934 = CARTESIAN_POINT('',(235.68944566252,174.9415170023,
    4.816321298473));
#4935 = CARTESIAN_POINT('',(234.88559141224,175.41725642183,
    2.934135984959));
#4936 = CARTESIAN_POINT('',(234.08161778415,175.89125655373,
    1.051643413105));
#4937 = CARTESIAN_POINT('',(233.62266970832,176.16770357977,
    -2.298947289606E-02));
#4938 = CARTESIAN_POINT('',(236.03399567384,174.68129791806,
    5.624275634284));
#4939 = CARTESIAN_POINT('',(235.68944975158,174.89123888791,
    4.81737595842));
#4940 = CARTESIAN_POINT('',(234.88559903706,175.38180830096,
    2.93482137618));
#4941 = CARTESIAN_POINT('',(234.08163057266,175.87065460949,
    1.051963217258));
#4942 = CARTESIAN_POINT('',(233.62269143721,176.15556886652,
    -2.286438801317E-02));
#4943 = CARTESIAN_POINT('',(236.03400027327,174.62466262759,
    5.625493515243));
#4944 = CARTESIAN_POINT('',(235.68945304133,174.84096263028,
    4.818428771035));
#4945 = CARTESIAN_POINT('',(234.88560601431,175.34636108127,
    2.935505294311));
#4946 = CARTESIAN_POINT('',(234.08164656121,175.85006651724,
    1.05229056325));
#4947 = CARTESIAN_POINT('',(233.62271291204,176.14344163277,
    -2.273986179462E-02));
#4948 = CARTESIAN_POINT('',(236.03400494837,174.56802792137,
    5.626711553935));
#4949 = CARTESIAN_POINT('',(235.68945657931,174.79068809391,
    4.819482133032));
#4950 = CARTESIAN_POINT('',(234.88561318002,175.31091510756,
    2.936189602704));
#4951 = CARTESIAN_POINT('',(234.08166326402,175.82948544622,
    1.052619464846));
#4952 = CARTESIAN_POINT('',(233.62273483946,176.13131809228,
    -2.261428937231E-02));
#4953 = CARTESIAN_POINT('',(236.03400951992,174.51139113092,
    5.627929286357));
#4954 = CARTESIAN_POINT('',(235.68946033218,174.74040769103,
    4.820536047971));
#4955 = CARTESIAN_POINT('',(234.88562053963,175.27546532795,
    2.936874449828));
#4956 = CARTESIAN_POINT('',(234.08167512051,175.80887419761,
    1.052937244217));
#4957 = CARTESIAN_POINT('',(233.62275592653,176.11917848593,
    -2.249065541941E-02));
#4958 = CARTESIAN_POINT('',(236.03401439514,174.45475842513,
    5.629147774296));
#4959 = CARTESIAN_POINT('',(235.68946432978,174.69013895136,
    4.821590399594));
#4960 = CARTESIAN_POINT('',(234.88562804287,175.24002339442,
    2.937559408755));
#4961 = CARTESIAN_POINT('',(234.0816950872,175.78831898155,
    1.053273456112));
#4962 = CARTESIAN_POINT('',(233.62277912812,176.10706861367,
    -2.236213770212E-02));
#4963 = CARTESIAN_POINT('',(236.0340169559,174.41699746451,
    5.629958627659));
#4964 = CARTESIAN_POINT('',(235.68946497032,174.65660941422,
    4.822288850765));
#4965 = CARTESIAN_POINT('',(234.88563150101,175.21638328175,
    2.938012918418));
#4966 = CARTESIAN_POINT('',(234.08170034627,175.77454341833,
    1.053479831968));
#4967 = CARTESIAN_POINT('',(233.62279032839,176.09895736889,
    -2.228625623533E-02));
#4968 = CARTESIAN_POINT('',(236.03401999268,174.39310591495,
    5.630474895161));
#4969 = CARTESIAN_POINT('',(235.689469738,174.63541862276,4.822740596401
    ));
#4970 = CARTESIAN_POINT('',(234.88563702593,175.20144306893,
    2.938306814422));
#4971 = CARTESIAN_POINT('',(234.08171879355,175.76596384886,
    1.053643657787));
#4972 = CARTESIAN_POINT('',(233.62280609678,176.09389686585,
    -2.221829345502E-02));
#4973 = CARTESIAN_POINT('',(236.03404808119,174.38257993009,
    5.630760908095));
#4974 = CARTESIAN_POINT('',(235.68953446953,174.62625978541,
    4.823078085283));
#4975 = CARTESIAN_POINT('',(234.88572040599,175.19484807658,2.938606134)
  );
#4976 = CARTESIAN_POINT('',(234.08195607561,175.76319889451,
    1.054228744286));
#4977 = CARTESIAN_POINT('',(233.62290955683,176.09134555557,
    -2.19657316071E-02));
#4978 = CARTESIAN_POINT('',(236.03408119762,174.35850235184,
    5.631328750065));
#4979 = CARTESIAN_POINT('',(235.68958849361,174.60411686285,
    4.823625709969));
#4980 = CARTESIAN_POINT('',(234.88582973716,175.17726514367,
    2.939118938372));
#4981 = CARTESIAN_POINT('',(234.08206104763,175.74969410258,
    1.054591054786));
#4982 = CARTESIAN_POINT('',(233.62294089164,176.07950284906,
    -2.186170228334E-02));
#4983 = CARTESIAN_POINT('',(236.03413753131,174.30902887327,
    5.632436148791));
#4984 = CARTESIAN_POINT('',(235.68967780411,174.55713766409,
    4.824673754469));
#4985 = CARTESIAN_POINT('',(234.8859706496,175.13587961614,
    2.939975332572));
#4986 = CARTESIAN_POINT('',(234.08220585414,175.71350527731,
    1.05515962644));
#4987 = CARTESIAN_POINT('',(233.62300376601,176.04553374444,
    -2.16549075761E-02));
#4988 = CARTESIAN_POINT('',(236.03420512921,174.21786506575,
    5.634316043005));
#4989 = CARTESIAN_POINT('',(235.68976131295,174.46688750975,
    4.826356953072));
#4990 = CARTESIAN_POINT('',(234.88607820429,175.04762783017,
    2.941176608473));
#4991 = CARTESIAN_POINT('',(234.08227338976,175.62665183968,
    1.055734943251));
#4992 = CARTESIAN_POINT('',(233.62304403656,175.95950044808,
    -2.145378907867E-02));
#4993 = CARTESIAN_POINT('',(236.03429775817,174.07769025944,
    5.637089550248));
#4994 = CARTESIAN_POINT('',(235.68986641407,174.32413958832,
    4.828814488232));
#4995 = CARTESIAN_POINT('',(234.88618992752,174.89864951132,
    2.942850201868));
#4996 = CARTESIAN_POINT('',(234.08237795404,175.47128290867,
    1.056593503972));
#4997 = CARTESIAN_POINT('',(233.62311677316,175.8002966581,
    -2.112591541315E-02));
#4998 = CARTESIAN_POINT('',(236.03440249815,173.90846320648,
    5.640354720854));
#4999 = CARTESIAN_POINT('',(235.68997349279,174.14884593959,
    4.831679174078));
#5000 = CARTESIAN_POINT('',(234.88629384799,174.70907984564,
    2.944763974002));
#5001 = CARTESIAN_POINT('',(234.08246742884,175.26727682932,
    1.057530147185));
#5002 = CARTESIAN_POINT('',(233.62318907198,175.58803278628,
    -2.077012173496E-02));
#5003 = CARTESIAN_POINT('',(236.03452324313,173.71193477522,
    5.644092566167));
#5004 = CARTESIAN_POINT('',(235.69009295366,173.94301314948,
    4.834950055707));
#5005 = CARTESIAN_POINT('',(234.8864041316,174.48142545719,
    2.946933389963));
#5006 = CARTESIAN_POINT('',(234.0825710987,175.01775276744,1.05860368486
    ));
#5007 = CARTESIAN_POINT('',(233.62327443955,175.32595021402,
    -2.035698939651E-02));
#5008 = CARTESIAN_POINT('',(236.03465917252,173.48981483286,
    5.648274045914));
#5009 = CARTESIAN_POINT('',(235.69022337679,173.70854718806,
    4.838600353742));
#5010 = CARTESIAN_POINT('',(234.88652092365,174.21807505223,
    2.949344239366));
#5011 = CARTESIAN_POINT('',(234.08267940452,174.72547818849,
    1.059786639981));
#5012 = CARTESIAN_POINT('',(233.62336706498,175.01711907997,
    -1.990151528864E-02));
#5013 = CARTESIAN_POINT('',(236.03481022181,173.24381915416,
    5.652871719424));
#5014 = CARTESIAN_POINT('',(235.69036622977,173.44737713201,
    4.842609662647));
#5015 = CARTESIAN_POINT('',(234.88664647851,173.92143233496,
    2.951986319139));
#5016 = CARTESIAN_POINT('',(234.08279750925,174.3933532015,
    1.061083975383));
#5017 = CARTESIAN_POINT('',(233.62346905204,174.66467948687,
    -1.940051992984E-02));
#5018 = CARTESIAN_POINT('',(236.03497535545,172.97565501117,
    5.657856070262));
#5019 = CARTESIAN_POINT('',(235.69052060944,173.16141165092,
    4.84695239339));
#5020 = CARTESIAN_POINT('',(234.88678040665,173.59387866069,
    2.954843823784));
#5021 = CARTESIAN_POINT('',(234.08292295199,174.02420923714,
    1.062483723337));
#5022 = CARTESIAN_POINT('',(233.62357871076,174.27173771317,
    -1.885954634317E-02));
#5023 = CARTESIAN_POINT('',(236.0351536418,172.68703045678,
    5.663197801722));
#5024 = CARTESIAN_POINT('',(235.69068608664,172.8525634913,
    4.851603996995));
#5025 = CARTESIAN_POINT('',(234.88692266869,173.23779801523,
    2.957901578529));
#5026 = CARTESIAN_POINT('',(234.08305637451,173.62090492949,
    1.063980773698));
#5027 = CARTESIAN_POINT('',(233.62369592684,173.84141441407,
    -1.828051943958E-02));
#5028 = CARTESIAN_POINT('',(236.03534392778,172.3796513888,
    5.668867128441));
#5029 = CARTESIAN_POINT('',(235.69086178005,172.52274048546,
    4.85653894225));
#5030 = CARTESIAN_POINT('',(234.88707270213,172.85556919866,
    2.961143298378));
#5031 = CARTESIAN_POINT('',(234.08319650914,173.18628331692,
    1.065565726173));
#5032 = CARTESIAN_POINT('',(233.62381983514,173.37682249339,
    -1.766709472659E-02));
#5033 = CARTESIAN_POINT('',(236.03554504918,172.05522382737,
    5.674834257631));
#5034 = CARTESIAN_POINT('',(235.69104669589,172.17385151606,
    4.861731424894));
#5035 = CARTESIAN_POINT('',(234.88722983301,172.4495714516,
    2.964552403979));
#5036 = CARTESIAN_POINT('',(234.08334351576,172.72319643973,
    1.067232439509));
#5037 = CARTESIAN_POINT('',(233.62394986145,172.88107980221,
    -1.702225814828E-02));
#5038 = CARTESIAN_POINT('',(236.03575581274,171.71545265999,
    5.681069272488));
#5039 = CARTESIAN_POINT('',(235.69124010666,171.80780273123,
    4.867156269853));
#5040 = CARTESIAN_POINT('',(234.88739356059,172.02218181656,
    2.968112730253));
#5041 = CARTESIAN_POINT('',(234.08349530458,172.23448458718,
    1.068969536062));
#5042 = CARTESIAN_POINT('',(233.62408532706,172.35729781465,
    -1.634924983678E-02));
#5043 = CARTESIAN_POINT('',(236.03593843668,171.42094531481,
    5.686463406465));
#5044 = CARTESIAN_POINT('',(235.69140699752,171.49005348012,
    4.871847864344));
#5045 = CARTESIAN_POINT('',(234.88753445663,171.65017955098,
    2.971190769011));
#5046 = CARTESIAN_POINT('',(234.08362782913,171.80825514274,
    1.070475147572));
#5047 = CARTESIAN_POINT('',(233.62420214345,171.90004961994,
    -1.576770659049E-02));
#5048 = CARTESIAN_POINT('',(236.03608818343,171.17937171936,
    5.690882712893));
#5049 = CARTESIAN_POINT('',(235.69154441083,171.22917846238,
    4.875693020207));
#5050 = CARTESIAN_POINT('',(234.88765025954,171.34425752377,
    2.973713296256));
#5051 = CARTESIAN_POINT('',(234.08373228851,171.45729112512,
    1.07169907042));
#5052 = CARTESIAN_POINT('',(233.62429773551,171.52333826543,
    -1.529141796081E-02));
#5053 = CARTESIAN_POINT('',(236.03620213771,170.99542131934,
    5.694245444145));
#5054 = CARTESIAN_POINT('',(235.69164888095,171.03042428797,
    4.878618634383));
#5055 = CARTESIAN_POINT('',(234.88773822426,171.11095389963,
    2.97563236906));
#5056 = CARTESIAN_POINT('',(234.08381178032,171.18944294983,
    1.072630429602));
#5057 = CARTESIAN_POINT('',(233.62437036787,171.23574295242,
    -1.492917624299E-02));
#5058 = CARTESIAN_POINT('',(236.03631757933,170.80891389298,
    5.697652679751));
#5059 = CARTESIAN_POINT('',(235.69175456616,170.82881076025,
    4.881582604436));
#5060 = CARTESIAN_POINT('',(234.88782715022,170.87408540955,
    2.97757639181));
#5061 = CARTESIAN_POINT('',(234.0838926378,170.91732676979,1.07357490401
    ));
#5062 = CARTESIAN_POINT('',(233.62444384345,170.9434760235,
    -1.45623372593E-02));
#5063 = CARTESIAN_POINT('',(236.03647331813,170.5571114105,
    5.702250014293));
#5064 = CARTESIAN_POINT('',(235.69189742814,170.55649606575,
    4.885582548012));
#5065 = CARTESIAN_POINT('',(234.88794727308,170.55390260998,
    2.980199810138));
#5066 = CARTESIAN_POINT('',(234.08399975143,170.54927822588,
    1.074844706782));
#5067 = CARTESIAN_POINT('',(233.62454289804,170.54807097988,
    -1.406746912559E-02));
#5068 = CARTESIAN_POINT('',(236.03659429145,170.36106376986,
    5.705826512484));
#5069 = CARTESIAN_POINT('',(235.69200713413,170.34436088595,
    4.888691175072));
#5070 = CARTESIAN_POINT('',(234.88803949179,170.30421626084,
    2.982237998965));
#5071 = CARTESIAN_POINT('',(234.08408905903,170.26206996786,
    1.075846687547));
#5072 = CARTESIAN_POINT('',(233.62461961417,170.23939221074,
    -1.368311589167E-02));
#5073 = CARTESIAN_POINT('',(236.03667770298,170.22580301029,
    5.708292936984));
#5074 = CARTESIAN_POINT('',(235.69208360009,170.19795407293,
    4.890836966469));
#5075 = CARTESIAN_POINT('',(234.88810372246,170.13179972933,
    2.983645126815));
#5076 = CARTESIAN_POINT('',(234.08414624396,170.06364528513,
    1.076527433557));
#5077 = CARTESIAN_POINT('',(233.62467257206,170.02610361854,
    -1.341789454574E-02));
#5078 = CARTESIAN_POINT('',(236.03668268507,170.21772442653,
    5.708440243551));
#5079 = CARTESIAN_POINT('',(235.69208817494,170.18920964167,
    4.89096514203));
#5080 = CARTESIAN_POINT('',(234.88810756498,170.12150158116,
    2.983729181999));
#5081 = CARTESIAN_POINT('',(234.08414961984,170.05179334321,
    1.07656799862));
#5082 = CARTESIAN_POINT('',(233.62467573594,170.01336383335,
    -1.340205206939E-02));
#5083 = CARTESIAN_POINT('',(236.03668579944,170.21267394333,
    5.708532333872));
#5084 = CARTESIAN_POINT('',(235.69209103272,170.18374284688,
    4.891045267417));
#5085 = CARTESIAN_POINT('',(234.88810996535,170.11506333165,
    2.983781725955));
#5086 = CARTESIAN_POINT('',(234.08415174042,170.04438363569,
    1.076593382135));
#5087 = CARTESIAN_POINT('',(233.62467771347,170.00539898846,
    -1.339214874419E-02));
#5088 = CARTESIAN_POINT('',(236.03668829144,170.20863273614,
    5.708606020335));
#5089 = CARTESIAN_POINT('',(235.69209332027,170.17936849113,
    4.89110938219));
#5090 = CARTESIAN_POINT('',(234.88811188671,170.1099115876,
    2.983823770867));
#5091 = CARTESIAN_POINT('',(234.08415343272,170.03845448156,
    1.07661368237));
#5092 = CARTESIAN_POINT('',(233.62467929589,169.9990256038,
    -1.33842243427E-02));
#5093 = CARTESIAN_POINT('',(236.0366907837,170.20459098403,
    5.708679716236));
#5094 = CARTESIAN_POINT('',(235.69209560783,170.17499352652,
    4.891173504625));
#5095 = CARTESIAN_POINT('',(234.88811380809,170.10475908395,
    2.983865820694));
#5096 = CARTESIAN_POINT('',(234.0841551263,170.03252442194,
    1.076633987719));
#5097 = CARTESIAN_POINT('',(233.62468087844,169.99265122572,
    -1.337629904354E-02));
#5098 = CARTESIAN_POINT('',(236.03669514589,170.19751648979,
    5.708808708793));
#5099 = CARTESIAN_POINT('',(235.69209961154,170.16733574187,
    4.891285739896));
#5100 = CARTESIAN_POINT('',(234.88811717087,170.09574021172,
    2.983939421515));
#5101 = CARTESIAN_POINT('',(234.08415809142,170.02214443649,
    1.076669530869));
#5102 = CARTESIAN_POINT('',(233.62468364833,169.98149345646,
    -1.336242731761E-02));
#5103 = CARTESIAN_POINT('',(236.0367038732,170.18336181149,5.70906679244
    ));
#5104 = CARTESIAN_POINT('',(235.69210762108,170.1520138107,
    4.891510294725));
#5105 = CARTESIAN_POINT('',(234.88812389818,170.077694535,2.984086677908
    ));
#5106 = CARTESIAN_POINT('',(234.08416402602,170.00137497451,
    1.076740649552));
#5107 = CARTESIAN_POINT('',(233.62468918977,169.95916752619,
    -1.333467395567E-02));
#5108 = CARTESIAN_POINT('',(236.03671634887,170.1631247201,
    5.709435762516));
#5109 = CARTESIAN_POINT('',(235.69211906609,170.13010731871,
    4.891831318708));
#5110 = CARTESIAN_POINT('',(234.88813351092,170.05189252184,
    2.984297193358));
#5111 = CARTESIAN_POINT('',(234.0841725314,169.97167747875,
    1.076842374714));
#5112 = CARTESIAN_POINT('',(233.62469711031,169.92724392558,
    -1.329499952744E-02));
#5113 = CARTESIAN_POINT('',(236.03673632778,170.13071151311,
    5.710026700813));
#5114 = CARTESIAN_POINT('',(235.69213739981,170.09501904891,
    4.89234547992));
#5115 = CARTESIAN_POINT('',(234.88814890888,170.01056209098,
    2.98463436093));
#5116 = CARTESIAN_POINT('',(234.08418612192,169.92410483282,
    1.077005225048));
#5117 = CARTESIAN_POINT('',(233.6247097946,169.87610423198,
    -1.323145812945E-02));
#5118 = CARTESIAN_POINT('',(236.036756331,170.098248386,5.710618503009)
  );
#5119 = CARTESIAN_POINT('',(235.69215573615,170.05987500122,
    4.892860343629));
#5120 = CARTESIAN_POINT('',(234.88816430913,169.96916207325,
    2.984971979351));
#5121 = CARTESIAN_POINT('',(234.08419982449,169.87644919847,
    1.077168532679));
#5122 = CARTESIAN_POINT('',(233.62472249065,169.82487351846,
    -1.316783652815E-02));
#5123 = CARTESIAN_POINT('',(236.0367738563,170.06980088116,
    5.711137061161));
#5124 = CARTESIAN_POINT('',(235.6921718162,170.02907664831,
    4.893311522453));
#5125 = CARTESIAN_POINT('',(234.88817781328,169.93287812125,
    2.985267839853));
#5126 = CARTESIAN_POINT('',(234.08421174931,169.83467963767,
    1.07731144036));
#5127 = CARTESIAN_POINT('',(233.6247336154,169.77996924694,
    -1.311208642811E-02));
#5128 = CARTESIAN_POINT('',(236.03678387677,170.05353330067,
    5.711433585276));
#5129 = CARTESIAN_POINT('',(235.69218101091,170.01146432029,
    4.893569518738));
#5130 = CARTESIAN_POINT('',(234.88818553492,169.91212789458,
    2.985437020451));
#5131 = CARTESIAN_POINT('',(234.08421856373,169.81079149449,
    1.07739314887));
#5132 = CARTESIAN_POINT('',(233.62473997613,169.75428797842,
    -1.308020797648E-02));
#5133 = CARTESIAN_POINT('',(236.03679891342,170.02912017099,
    5.711878574778));
#5134 = CARTESIAN_POINT('',(235.69219480867,169.98503267677,
    4.893956690566));
#5135 = CARTESIAN_POINT('',(234.88819712202,169.88098616065,
    2.985690907111));
#5136 = CARTESIAN_POINT('',(234.08422878715,169.77493963707,
    1.077515761844));
#5137 = CARTESIAN_POINT('',(233.62474952083,169.71574458506,
    -1.303236944433E-02));
#5138 = CARTESIAN_POINT('',(236.03682148887,169.9924567994,
    5.712546814014));
#5139 = CARTESIAN_POINT('',(235.69221550415,169.9453364169,
    4.894538055399));
#5140 = CARTESIAN_POINT('',(234.88821450197,169.83421267773,
    2.986072125691));
#5141 = CARTESIAN_POINT('',(234.08424423317,169.72108928552,
    1.077700111798));
#5142 = CARTESIAN_POINT('',(233.6247638471,169.65784988583,
    -1.296054372664E-02));
#5143 = CARTESIAN_POINT('',(236.03686168333,169.92715757343,
    5.713736866795));
#5144 = CARTESIAN_POINT('',(235.69225236792,169.8746311543,
    4.895573434543));
#5145 = CARTESIAN_POINT('',(234.88824545815,169.75089265309,
    2.986751054381));
#5146 = CARTESIAN_POINT('',(234.08427164272,169.62515479129,
    1.078028197809));
#5147 = CARTESIAN_POINT('',(233.62478935519,169.55470671242,
    -1.283263496161E-02));
#5148 = CARTESIAN_POINT('',(236.03691202733,169.84531717904,
    5.715228168538));
#5149 = CARTESIAN_POINT('',(235.69229848025,169.78600776235,
    4.896870757659));
#5150 = CARTESIAN_POINT('',(234.88828418124,169.64644101328,
    2.987601714237));
#5151 = CARTESIAN_POINT('',(234.08430626006,169.50487647688,
    1.078439985442));
#5152 = CARTESIAN_POINT('',(233.62482129192,169.42538299659,
    -1.267239765468E-02));
#5153 = CARTESIAN_POINT('',(236.03696249642,169.76321038439,
    5.716724064509));
#5154 = CARTESIAN_POINT('',(235.69234470987,169.69708643123,
    4.898172079572));
#5155 = CARTESIAN_POINT('',(234.88832300114,169.54161797017,
    2.988454982285));
#5156 = CARTESIAN_POINT('',(234.08434093671,169.38415325232,
    1.078852958605));
#5157 = CARTESIAN_POINT('',(233.62485330577,169.29557247118,
    -1.251169508399E-02));
#5158 = CARTESIAN_POINT('',(236.03700294025,169.69737837707,
    5.717923305568));
#5159 = CARTESIAN_POINT('',(235.69238179396,169.62578534575,
    4.899215422884));
#5160 = CARTESIAN_POINT('',(234.88835413946,169.45755517087,
    2.989139100577));
#5161 = CARTESIAN_POINT('',(234.08436853407,169.28732924566,
    1.079183577384));
#5162 = CARTESIAN_POINT('',(233.62487896611,169.19145585655,
    -1.238286033292E-02));
#5163 = CARTESIAN_POINT('',(236.03704342495,169.63145312762,
    5.71912415069));
#5164 = CARTESIAN_POINT('',(235.69241891607,169.55437998014,
    4.900260161033));
#5165 = CARTESIAN_POINT('',(234.88838530957,169.37336237791,
    2.989824128487));
#5166 = CARTESIAN_POINT('',(234.0843961548,169.19034953565,
    1.079514618435));
#5167 = CARTESIAN_POINT('',(233.62490465214,169.08716886799,
    -1.225386469099E-02));
#5168 = CARTESIAN_POINT('',(236.03709409787,169.54888013158,
    5.720628066697));
#5169 = CARTESIAN_POINT('',(235.69246532833,169.46493727737,
    4.901568439742));
#5170 = CARTESIAN_POINT('',(234.88842428251,169.26788938365,
    2.990681930794));
#5171 = CARTESIAN_POINT('',(234.08443098222,169.06884793371,
    1.079929782426));
#5172 = CARTESIAN_POINT('',(233.62493679278,168.95650655978,
    -1.209236137239E-02));
#5173 = CARTESIAN_POINT('',(236.0371448504,169.4661073199,5.722135409017
    ));
#5174 = CARTESIAN_POINT('',(235.69251181709,169.3752710986,
    4.902879702412));
#5175 = CARTESIAN_POINT('',(234.88846332058,169.16213781575,
    2.991541679837));
#5176 = CARTESIAN_POINT('',(234.08446584961,168.94701264606,
    1.080345831228));
#5177 = CARTESIAN_POINT('',(233.62496898525,168.82547914623,
    -1.193051772258E-02));
#5178 = CARTESIAN_POINT('',(236.03718041331,169.4080730609,
    5.723192144434));
#5179 = CARTESIAN_POINT('',(235.69254442409,169.31240035453,
    4.903799049818));
#5180 = CARTESIAN_POINT('',(234.88849070142,169.08798163759,
    2.992144469711));
#5181 = CARTESIAN_POINT('',(234.08449012968,168.86157163514,
    1.080637138755));
#5182 = CARTESIAN_POINT('',(233.62499154994,168.73358920479,
    -1.181705390123E-02));
#5183 = CARTESIAN_POINT('',(236.03720074411,169.37488563834,
    5.723796419971));
#5184 = CARTESIAN_POINT('',(235.69256307332,169.27644624609,
    4.904324781923));
#5185 = CARTESIAN_POINT('',(234.8885063616,169.04557183552,
    2.992489178766));
#5186 = CARTESIAN_POINT('',(234.08450397121,168.81270633721,
    1.080803623011));
#5187 = CARTESIAN_POINT('',(233.62500445177,168.68103493339,
    -1.175217150944E-02));
#5188 = CARTESIAN_POINT('',(236.03722108044,169.34168211485,
    5.724400970172));
#5189 = CARTESIAN_POINT('',(235.69258173061,169.24047412272,
    4.904850759762));
#5190 = CARTESIAN_POINT('',(234.88852202869,169.0031395845,
    2.992834049093));
#5191 = CARTESIAN_POINT('',(234.08451780314,168.76381410899,
    1.080970149007));
#5192 = CARTESIAN_POINT('',(233.62501735799,168.62845121898,
    -1.168726081528E-02));
#5193 = CARTESIAN_POINT('',(236.03724142275,169.30845530298,
    5.725005916735));
#5194 = CARTESIAN_POINT('',(235.69260037473,169.20447600502,
    4.905377035525));
#5195 = CARTESIAN_POINT('',(234.8885376859,168.9606748786,2.993179106983
    ));
#5196 = CARTESIAN_POINT('',(234.08453173238,168.71488332632,
    1.081136995781));
#5197 = CARTESIAN_POINT('',(233.6250302647,168.57582514727,
    -1.162232251839E-02));
#5198 = CARTESIAN_POINT('',(236.03726177281,169.27520681686,
    5.725611232212));
#5199 = CARTESIAN_POINT('',(235.69261904534,169.16845359475,
    4.905903679093));
#5200 = CARTESIAN_POINT('',(234.88855336503,168.91817994294,
    2.993524411574));
#5201 = CARTESIAN_POINT('',(234.08454557464,168.66591603002,
    1.081303725816));
#5202 = CARTESIAN_POINT('',(233.62504318077,168.52315929151,
    -1.155733789067E-02));
#5203 = CARTESIAN_POINT('',(236.03728212646,169.24194445696,
    5.726216783185));
#5204 = CARTESIAN_POINT('',(235.69263771643,169.13241567619,
    4.906430519929));
#5205 = CARTESIAN_POINT('',(234.888569045,168.87566566732,2.993869843758
    ));
#5206 = CARTESIAN_POINT('',(234.08455943486,168.61692562377,
    1.08147055357));
#5207 = CARTESIAN_POINT('',(233.62505609889,168.47046812154,
    -1.149233254199E-02));
#5208 = CARTESIAN_POINT('',(236.03730757425,169.20034153942,
    5.726974145043));
#5209 = CARTESIAN_POINT('',(235.69266105128,169.08734038008,
    4.907089415078));
#5210 = CARTESIAN_POINT('',(234.88858864267,168.82248802079,
    2.994301855009));
#5211 = CARTESIAN_POINT('',(234.08457681264,168.55564609931,
    1.081679311525));
#5212 = CARTESIAN_POINT('',(233.62507224904,168.40455864538,
    -1.141104126151E-02));
#5213 = CARTESIAN_POINT('',(236.03734830112,169.13372802532,
    5.728186749583));
#5214 = CARTESIAN_POINT('',(235.69269839214,169.01516529078,
    4.908144351997));
#5215 = CARTESIAN_POINT('',(234.888620005,168.73733569237,2.99499353083)
  );
#5216 = CARTESIAN_POINT('',(234.08460465349,168.45751740296,
    1.082013606677));
#5217 = CARTESIAN_POINT('',(233.62509809648,168.29901431125,
    -1.128090137948E-02));
#5218 = CARTESIAN_POINT('',(236.03741959434,169.01703778161,
    5.730310771814));
#5219 = CARTESIAN_POINT('',(235.69276376664,168.88872846395,
    4.909992214538));
#5220 = CARTESIAN_POINT('',(234.88867491682,168.58815656344,
    2.99620508961));
#5221 = CARTESIAN_POINT('',(234.08465337422,168.28559747779,
    1.082599094225));
#5222 = CARTESIAN_POINT('',(233.62514335048,168.11409871123,
    -1.105296989871E-02));
#5223 = CARTESIAN_POINT('',(236.03748577927,168.90850973234,
    5.732285950486));
#5224 = CARTESIAN_POINT('',(235.69282414233,168.77113042648,
    4.91170979666));
#5225 = CARTESIAN_POINT('',(234.88872565355,168.449392381,2.99733111138)
  );
#5226 = CARTESIAN_POINT('',(234.08470017505,168.1256743837,
    1.083147124128));
#5227 = CARTESIAN_POINT('',(233.625185303,167.94207888608,
    -1.084126458885E-02));
#5228 = CARTESIAN_POINT('',(236.03753668464,168.82497625685,
    5.733806125192));
#5229 = CARTESIAN_POINT('',(235.6928708526,168.68061331803,
    4.913032379953));
#5230 = CARTESIAN_POINT('',(234.88876490234,168.34258029704,
    2.998198269117));
#5231 = CARTESIAN_POINT('',(234.08473489887,168.00256820477,
    1.083565916469));
#5232 = CARTESIAN_POINT('',(233.62521764029,167.80966143112,
    -1.067818949581E-02));
#5233 = CARTESIAN_POINT('',(236.03755704436,168.79155896997,
    5.734414256049));
#5234 = CARTESIAN_POINT('',(235.69288953958,168.64440210239,
    4.913561478126));
#5235 = CARTESIAN_POINT('',(234.88878060475,168.29985002761,
    2.998545176275));
#5236 = CARTESIAN_POINT('',(234.08474876606,167.95331915786,
    1.08373339842));
#5237 = CARTESIAN_POINT('',(233.62523057559,167.75668729488,
    -1.06129526669E-02));
#5238 = CARTESIAN_POINT('',(236.03758248686,168.74978112615,
    5.735174514478));
#5239 = CARTESIAN_POINT('',(235.69291287761,168.59913114827,
    4.914222897132));
#5240 = CARTESIAN_POINT('',(234.88880021734,168.24642850933,
    2.998978835361));
#5241 = CARTESIAN_POINT('',(234.08476617047,167.89174769762,
    1.083942944173));
#5242 = CARTESIAN_POINT('',(233.62524673846,167.6904583989,
    -1.05314109602E-02));
#5243 = CARTESIAN_POINT('',(236.03760791964,168.70799771638,
    5.735934851908));
#5244 = CARTESIAN_POINT('',(235.69293620836,168.5538539643,
    4.914884386954));
#5245 = CARTESIAN_POINT('',(234.88881982566,168.19299923146,
    2.999412541137));
#5246 = CARTESIAN_POINT('',(234.08478357074,167.83016695567,
    1.084152507551));
#5247 = CARTESIAN_POINT('',(233.62526289761,167.62421935849,
    -1.044986726754E-02));
#5248 = CARTESIAN_POINT('',(236.03762825996,168.674569298,5.736543140844
    ));
#5249 = CARTESIAN_POINT('',(235.69295488069,168.51763028914,
    4.915413626554));
#5250 = CARTESIAN_POINT('',(234.88883551942,168.15025344272,
    2.999759541469));
#5251 = CARTESIAN_POINT('',(234.084797431,167.78089935673,1.084320027843
    ));
#5252 = CARTESIAN_POINT('',(233.62527582571,167.57122493705,
    -1.038462587598E-02));
#5253 = CARTESIAN_POINT('',(236.03767909746,168.59099686096,
    5.738063868773));
#5254 = CARTESIAN_POINT('',(235.69300154041,168.42706956972,
    4.916736706527));
#5255 = CARTESIAN_POINT('',(234.88887473855,168.04338703989,
    3.000627026707));
#5256 = CARTESIAN_POINT('',(234.0848321261,167.65772821955,
    1.084738943969));
#5257 = CARTESIAN_POINT('',(233.62530813758,167.43873647209,
    -1.022153528274E-02));
#5258 = CARTESIAN_POINT('',(236.03774507826,168.48235304886,
    5.740040688142));
#5259 = CARTESIAN_POINT('',(235.69306174973,168.30934201001,
    4.918455727784));
#5260 = CARTESIAN_POINT('',(234.88892537461,167.90446149886,
    3.001753993799));
#5261 = CARTESIAN_POINT('',(234.08487888201,167.49761207463,
    1.085287437818));
#5262 = CARTESIAN_POINT('',(233.62535000172,167.26650574033,
    -1.000981293862E-02));
#5263 = CARTESIAN_POINT('',(236.03782612407,168.34874340449,
    5.742471685563));
#5264 = CARTESIAN_POINT('',(235.69313615005,168.1645636308,
    4.920570772088));
#5265 = CARTESIAN_POINT('',(234.88898794915,167.73362339999,
    3.003140746167));
#5266 = CARTESIAN_POINT('',(234.08493434278,167.30071629699,
    1.085957273148));
#5267 = CARTESIAN_POINT('',(233.62540156144,167.05471906835,
    -9.74921307397E-03));
#5268 = CARTESIAN_POINT('',(236.03788678681,168.24861607453,
    5.744293445588));
#5269 = CARTESIAN_POINT('',(235.69319177629,168.05606937666,
    4.922155596688));
#5270 = CARTESIAN_POINT('',(234.8890347495,167.60560628063,3.00417983733
    ));
#5271 = CARTESIAN_POINT('',(234.08497622352,167.15317913433,
    1.086460038319));
#5272 = CARTESIAN_POINT('',(233.62544015266,166.89602594701,
    -9.554000987959E-03));
#5273 = CARTESIAN_POINT('',(236.03794731945,168.14859514904,
    5.746113258262));
#5274 = CARTESIAN_POINT('',(235.6932473236,167.94769400008,4.92373881634
    ));
#5275 = CARTESIAN_POINT('',(234.88908149553,167.47773748041,
    3.005217896145));
#5276 = CARTESIAN_POINT('',(234.0850179013,167.00581930619,
    1.086961946816));
#5277 = CARTESIAN_POINT('',(233.62547868651,166.73752716667,
    -9.359005160608E-03));
#5278 = CARTESIAN_POINT('',(236.03802783519,168.01541127458,
    5.748536459613));
#5279 = CARTESIAN_POINT('',(235.69332128046,167.80339163453,
    4.925847142072));
#5280 = CARTESIAN_POINT('',(234.88914375065,167.30749296341,
    3.006600282552));
#5281 = CARTESIAN_POINT('',(234.08507310933,166.80963500102,
    1.087629664314));
#5282 = CARTESIAN_POINT('',(233.62552998158,166.52651928109,
    -9.099351058435E-03));
#5283 = CARTESIAN_POINT('',(236.03812803547,167.84933110848,
    5.751558241229));
#5284 = CARTESIAN_POINT('',(235.69341301784,167.62346149639,
    4.928475499529));
#5285 = CARTESIAN_POINT('',(234.88922102679,167.09524480471,
    3.008323564489));
#5286 = CARTESIAN_POINT('',(234.08514344753,166.56507735153,
    1.088465954816));
#5287 = CARTESIAN_POINT('',(233.62559378035,166.263493436,
    -8.775864812824E-03));
#5288 = CARTESIAN_POINT('',(236.03824748832,167.65088660355,
    5.755169150608));
#5289 = CARTESIAN_POINT('',(235.69352256915,167.40849725229,
    4.931616701159));
#5290 = CARTESIAN_POINT('',(234.88931337091,166.84173428281,
    3.01038320722));
#5291 = CARTESIAN_POINT('',(234.08522682012,166.27302891657,
    1.089463916348));
#5292 = CARTESIAN_POINT('',(233.62566996217,165.94941841394,
    -8.389318536515E-03));
#5293 = CARTESIAN_POINT('',(236.03840552286,167.38771373636,
    5.759958429808));
#5294 = CARTESIAN_POINT('',(235.69366764129,167.12346565104,
    4.935783267433));
#5295 = CARTESIAN_POINT('',(234.88943575524,166.50569960708,
    3.013115300335));
#5296 = CARTESIAN_POINT('',(234.08533707818,165.88600191957,
    1.090787092526));
#5297 = CARTESIAN_POINT('',(233.62577089765,165.53324702949,
    -7.876713429248E-03));
#5298 = CARTESIAN_POINT('',(236.03860031733,167.06194385587,
    5.765888286769));
#5299 = CARTESIAN_POINT('',(235.69384555325,166.77075311256,
    4.94093976425));
#5300 = CARTESIAN_POINT('',(234.88958610672,166.09011315825,
    3.016496401521));
#5301 = CARTESIAN_POINT('',(234.08547842961,165.40757284961,
    1.092437301246));
#5302 = CARTESIAN_POINT('',(233.62589528235,165.01888623475,
    -7.243072138547E-03));
#5303 = CARTESIAN_POINT('',(236.03882886234,166.67783519764,
    5.772883817924));
#5304 = CARTESIAN_POINT('',(235.69405530572,166.35511660827,
    4.947025273188));
#5305 = CARTESIAN_POINT('',(234.88976372958,165.60091007951,
    3.020487444695));
#5306 = CARTESIAN_POINT('',(234.08564191221,164.84483112803,
    1.094377350838));
#5307 = CARTESIAN_POINT('',(233.62604190375,164.4141055614,
    -6.495343684955E-03));
#5308 = CARTESIAN_POINT('',(236.03901404601,166.364845562,5.778588414026
    ));
#5309 = CARTESIAN_POINT('',(235.69422505983,166.01669447516,
    4.951987118209));
#5310 = CARTESIAN_POINT('',(234.88990790101,165.20314090871,
    3.023741987781));
#5311 = CARTESIAN_POINT('',(234.08577765484,164.38774781802,
    1.095965898849));
#5312 = CARTESIAN_POINT('',(233.62616102122,163.92310747488,
    -5.886219831968E-03));
#5313 = CARTESIAN_POINT('',(236.03914057384,166.15022512827,
    5.782503134405));
#5314 = CARTESIAN_POINT('',(235.69434197162,165.78479772566,
    4.955394330501));
#5315 = CARTESIAN_POINT('',(234.89000739421,164.93093678235,
    3.025977478823));
#5316 = CARTESIAN_POINT('',(234.08586755698,164.07524889711,
    1.097048833771));
#5317 = CARTESIAN_POINT('',(233.62624288337,163.58757754317,
    -5.467737833325E-03));
#5318 = CARTESIAN_POINT('',(236.03921192293,166.02896930156,
    5.784715839401));
#5319 = CARTESIAN_POINT('',(235.69440808435,165.65383298516,
    4.957320609693));
#5320 = CARTESIAN_POINT('',(234.89006372505,164.77732150758,
    3.027241495367));
#5321 = CARTESIAN_POINT('',(234.08591784699,163.89898874173,
    1.097659830929));
#5322 = CARTESIAN_POINT('',(233.62628916188,163.39837582001,
    -5.231124182318E-03));
#5323 = CARTESIAN_POINT('',(236.03928261231,165.90867199454,
    5.786911740293));
#5324 = CARTESIAN_POINT('',(235.69447365555,165.52393998023,
    4.959232412963));
#5325 = CARTESIAN_POINT('',(234.89011964554,164.6250425042,
    3.028496115692));
#5326 = CARTESIAN_POINT('',(234.08596766644,163.72432925344,
    1.098266064019));
#5327 = CARTESIAN_POINT('',(233.62633507496,163.21092610387,
    -4.996300275127E-03));
#5328 = CARTESIAN_POINT('',(236.03936967631,165.76016448323,
    5.789623937426));
#5329 = CARTESIAN_POINT('',(235.69455427864,165.36365882425,
    4.96159334201));
#5330 = CARTESIAN_POINT('',(234.89018851888,164.43729277431,
    3.030045587319));
#5331 = CARTESIAN_POINT('',(234.08603027726,163.50912173045,
    1.09901752047));
#5332 = CARTESIAN_POINT('',(233.62639166311,162.98002379469,
    -4.706465490373E-03));
#5333 = CARTESIAN_POINT('',(236.03945494695,165.61431954173,
    5.792289521243));
#5334 = CARTESIAN_POINT('',(235.69463341408,165.20635477983,
    4.963914075241));
#5335 = CARTESIAN_POINT('',(234.89025626648,164.25325493521,
    3.031568975802));
#5336 = CARTESIAN_POINT('',(234.086091695,163.29836082267,1.099755997115
    ));
#5337 = CARTESIAN_POINT('',(233.62644724444,162.75398840251,
    -4.421594589468E-03));
#5338 = CARTESIAN_POINT('',(236.03950946208,165.52090474985,
    5.793997941253));
#5339 = CARTESIAN_POINT('',(235.69468418955,165.10565484993,
    4.965401901843));
#5340 = CARTESIAN_POINT('',(234.89029980633,164.13556026697,
    3.032545816689));
#5341 = CARTESIAN_POINT('',(234.08613059797,163.16367705429,
    1.100228320424));
#5342 = CARTESIAN_POINT('',(233.62648288676,162.60959516679,
    -4.238926191575E-03));
#5343 = CARTESIAN_POINT('',(236.03953444573,165.47806475596,
    5.794781645682));
#5344 = CARTESIAN_POINT('',(235.69470751944,165.05948479365,
    4.966084556884));
#5345 = CARTESIAN_POINT('',(234.89031982446,164.08162232511,
    3.032994065039));
#5346 = CARTESIAN_POINT('',(234.08614824763,163.10197322689,
    1.100444548402));
#5347 = CARTESIAN_POINT('',(233.62649924972,162.54345356786,
    -4.155092826608E-03));
#5348 = CARTESIAN_POINT('',(236.0395510533,165.44957853015,
    5.795302825965));
#5349 = CARTESIAN_POINT('',(235.69472303671,165.02878722958,
    4.966538558088));
#5350 = CARTESIAN_POINT('',(234.89033314293,164.04576653592,
    3.033292183996));
#5351 = CARTESIAN_POINT('',(234.08615996478,163.06096049103,
    1.100588302363));
#5352 = CARTESIAN_POINT('',(233.62651013226,162.49949397987,
    -4.099337608627E-03));
#5353 = CARTESIAN_POINT('',(236.0395965198,165.37154805583,5.79673071023
    ));
#5354 = CARTESIAN_POINT('',(235.69476550845,164.94471189232,
    4.967782361439));
#5355 = CARTESIAN_POINT('',(234.89036961609,163.94759064037,
    3.034108952813));
#5356 = CARTESIAN_POINT('',(234.08619219609,162.9486880202,
    1.100982472951));
#5357 = CARTESIAN_POINT('',(233.62653993354,162.37916593117,
    -3.946606061523E-03));
#5358 = CARTESIAN_POINT('',(236.03965348657,165.27355716859,
    5.798524917606));
#5359 = CARTESIAN_POINT('',(235.69481844109,164.83918465983,
    4.969344545046));
#5360 = CARTESIAN_POINT('',(234.89041517417,163.8244809497,
    3.035134835324));
#5361 = CARTESIAN_POINT('',(234.08623432818,162.80800634194,
    1.101481690464));
#5362 = CARTESIAN_POINT('',(233.6265772304,162.22843858187,
    -3.75499169133E-03));
#5363 = CARTESIAN_POINT('',(236.03970940119,165.17724328017,
    5.800289866449));
#5364 = CARTESIAN_POINT('',(235.69487083322,164.73553156694,
    4.970882307416));
#5365 = CARTESIAN_POINT('',(234.89046034374,163.70370881283,
    3.036145011096));
#5366 = CARTESIAN_POINT('',(234.08627430742,162.67012113007,
    1.101969433311));
#5367 = CARTESIAN_POINT('',(233.62661403228,162.08077377241,
    -3.566197088227E-03));
#5368 = CARTESIAN_POINT('',(236.03974103644,165.12269933921,
    5.801289813209));
#5369 = CARTESIAN_POINT('',(235.69490050847,164.67685198819,
    4.971753613472));
#5370 = CARTESIAN_POINT('',(234.89048595816,163.6353828441,
    3.036717451133));
#5371 = CARTESIAN_POINT('',(234.08629696215,162.59215227227,
    1.102245808536));
#5372 = CARTESIAN_POINT('',(233.62663488031,161.99729430997,
    -3.459225897981E-03));
#5373 = CARTESIAN_POINT('',(236.03976460406,165.08204098472,
    5.802035419132));
#5374 = CARTESIAN_POINT('',(235.69492264073,164.63312137065,
    4.972403356359));
#5375 = CARTESIAN_POINT('',(234.89050507668,163.58448632538,
    3.037144364017));
#5376 = CARTESIAN_POINT('',(234.08631382162,162.53409240892,
    1.102451824503));
#5377 = CARTESIAN_POINT('',(233.62665042733,161.93514092175,
    -3.379452539793E-03));
#5378 = CARTESIAN_POINT('',(236.03978800997,165.04163557573,
    5.802776612784));
#5379 = CARTESIAN_POINT('',(235.69494463215,164.58967360085,
    4.973049277708));
#5380 = CARTESIAN_POINT('',(234.89052408985,163.53394244059,
    3.037568800262));
#5381 = CARTESIAN_POINT('',(234.08633061231,162.47645510064,
    1.102656709329));
#5382 = CARTESIAN_POINT('',(233.62666587889,161.87344998676,
    -3.300152455227E-03));
#5383 = CARTESIAN_POINT('',(236.03981125374,165.0014864257,
    5.803513338203));
#5384 = CARTESIAN_POINT('',(235.69496649432,164.54651234858,
    4.973691358306));
#5385 = CARTESIAN_POINT('',(234.89054300713,163.48375579636,
    3.037990752093));
#5386 = CARTESIAN_POINT('',(234.08634728172,162.41924573165,
    1.102860327082));
#5387 = CARTESIAN_POINT('',(233.62668123851,161.81222745851,
    -3.22132107489E-03));
#5388 = CARTESIAN_POINT('',(236.03983048582,164.96824513871,
    5.804123503931));
#5389 = CARTESIAN_POINT('',(235.69498458907,164.51078656256,
    4.974223149106));
#5390 = CARTESIAN_POINT('',(234.89055867906,163.4422351955,3.03834025484
    ));
#5391 = CARTESIAN_POINT('',(234.08636113244,162.3719327086,
    1.103029083988));
#5392 = CARTESIAN_POINT('',(233.62669395519,161.76160424832,
    -3.156036312909E-03));
#5393 = CARTESIAN_POINT('',(236.03984579024,164.94178355004,
    5.804609346699));
#5394 = CARTESIAN_POINT('',(235.69499901379,164.48235285441,
    4.974646646741));
#5395 = CARTESIAN_POINT('',(234.89057117967,163.40920193656,
    3.038618610688));
#5396 = CARTESIAN_POINT('',(234.08637209267,162.33430162361,
    1.103163303075));
#5397 = CARTESIAN_POINT('',(233.62670408694,161.72134581888,
    -3.104036299132E-03));
#5398 = CARTESIAN_POINT('',(236.03988391116,164.87585008159,
    5.805820109982));
#5399 = CARTESIAN_POINT('',(235.69503494448,164.41151518176,
    4.975702039644));
#5400 = CARTESIAN_POINT('',(234.89060233319,163.32692620383,
    3.039312326962));
#5401 = CARTESIAN_POINT('',(234.08639947614,162.24059238799,
    1.103497964941));
#5402 = CARTESIAN_POINT('',(233.62672932973,161.62110297468,
    -2.974456842729E-03));
#5403 = CARTESIAN_POINT('',(236.03993261512,164.79143497503,
    5.807371451575));
#5404 = CARTESIAN_POINT('',(235.6950805581,164.32087916386,4.9770535675)
  );
#5405 = CARTESIAN_POINT('',(234.89064199819,163.22177824217,
    3.040200771275));
#5406 = CARTESIAN_POINT('',(234.08643628441,162.12094380282,
    1.103930883206));
#5407 = CARTESIAN_POINT('',(233.62676151383,161.49316430335,
    -2.808757719373E-03));
#5408 = CARTESIAN_POINT('',(236.03999121963,164.68977537618,
    5.809241907047));
#5409 = CARTESIAN_POINT('',(235.69513604254,164.21182585018,
    4.978684557153));
#5410 = CARTESIAN_POINT('',(234.89069036606,163.0954818999,3.04127344345
    ));
#5411 = CARTESIAN_POINT('',(234.08647883698,161.97741309749,
    1.10444867395));
#5412 = CARTESIAN_POINT('',(233.62680049678,161.33978489299,
    -2.608519123718E-03));
#5413 = CARTESIAN_POINT('',(236.04004888136,164.58964229308,
    5.81108580321));
#5414 = CARTESIAN_POINT('',(235.69519068417,164.10447957874,
    4.98029249163));
#5415 = CARTESIAN_POINT('',(234.89073811502,162.97131368448,
    3.042331204184));
#5416 = CARTESIAN_POINT('',(234.08652114707,161.83643294208,
    1.104960036814));
#5417 = CARTESIAN_POINT('',(233.62683890139,161.18919677821,
    -2.411147483424E-03));
#5418 = CARTESIAN_POINT('',(236.04011915307,164.4674048081,
    5.813339735536));
#5419 = CARTESIAN_POINT('',(235.69525727107,163.97357228618,
    4.982257945558));
#5420 = CARTESIAN_POINT('',(234.89079654106,162.82018667465,
    3.043624628491));
#5421 = CARTESIAN_POINT('',(234.08657403826,161.66510265295,
    1.105588005563));
#5422 = CARTESIAN_POINT('',(233.62688575647,161.00631817012,
    -2.170029119043E-03));
#5423 = CARTESIAN_POINT('',(236.04022770294,164.27835611149,
    5.81683263825));
#5424 = CARTESIAN_POINT('',(235.69536082999,163.77142280087,
    4.98530546304));
#5425 = CARTESIAN_POINT('',(234.89088791772,162.58748810594,
    3.045631550994));
#5426 = CARTESIAN_POINT('',(234.08665574719,161.40188150372,
    1.106560831221));
#5427 = CARTESIAN_POINT('',(233.6269584683,160.72565152727,
    -1.796020354845E-03));
#5428 = CARTESIAN_POINT('',(236.04035581605,164.05482477733,
    5.820977125721));
#5429 = CARTESIAN_POINT('',(235.69548335618,163.53302725599,
    4.988922124967));
#5430 = CARTESIAN_POINT('',(234.89099722664,162.31443069314,
    3.048015998327));
#5431 = CARTESIAN_POINT('',(234.08675743977,161.09421152481,
    1.107726736251));
#5432 = CARTESIAN_POINT('',(233.62704449586,160.39819020694,
    -1.352593128785E-03));
#5433 = CARTESIAN_POINT('',(236.04045593561,163.88051116743,
    5.824228888885));
#5434 = CARTESIAN_POINT('',(235.69558053508,163.34793167446,
    4.99176323991));
#5435 = CARTESIAN_POINT('',(234.89108560829,162.10420042576,
    3.049893799885));
#5436 = CARTESIAN_POINT('',(234.0868401861,160.85889988082,
    1.108648814925));
#5437 = CARTESIAN_POINT('',(233.62711213331,160.14853426846,
    -1.004167465481E-03));
#5438 = CARTESIAN_POINT('',(236.04050920306,163.78840962565,
    5.825954867528));
#5439 = CARTESIAN_POINT('',(235.6956336514,163.25042906458,
    4.993274785246));
#5440 = CARTESIAN_POINT('',(234.89113456941,161.99411780499,
    3.050895323468));
#5441 = CARTESIAN_POINT('',(234.08688208276,160.73626262443,
    1.10913350371));
#5442 = CARTESIAN_POINT('',(233.62714848037,160.01872282234,
    -8.181762841351E-04));
#5443 = CARTESIAN_POINT('',(236.04052032541,163.76920774899,
    5.826315008956));
#5444 = CARTESIAN_POINT('',(235.69564480915,163.23011216889,
    4.99359035108));
#5445 = CARTESIAN_POINT('',(234.89114487754,161.97120439462,
    3.051104513815));
#5446 = CARTESIAN_POINT('',(234.08689069355,160.7107577297,
    1.109234329812));
#5447 = CARTESIAN_POINT('',(233.62715608744,159.99173741475,
    -7.7931419291E-04));
#5448 = CARTESIAN_POINT('',(236.04053691089,163.74059375365,
    5.826851979352));
#5449 = CARTESIAN_POINT('',(235.69566145672,163.19984797888,
    4.994060884401));
#5450 = CARTESIAN_POINT('',(234.89116028935,161.93709747597,
    3.051416518366));
#5451 = CARTESIAN_POINT('',(234.0869036549,160.67281605183,
    1.109384949641));
#5452 = CARTESIAN_POINT('',(233.62716742746,159.95160478213,
    -7.213744183705E-04));
#5453 = CARTESIAN_POINT('',(236.04057232374,163.67962395036,
    5.827997795261));
#5454 = CARTESIAN_POINT('',(235.69569711998,163.13542404273,
    4.995065238313));
#5455 = CARTESIAN_POINT('',(234.89119347417,161.86463086136,3.0520829937
    ));
#5456 = CARTESIAN_POINT('',(234.08693170945,160.59232555695,
    1.109707280627));
#5457 = CARTESIAN_POINT('',(233.62719164303,159.86652962154,
    -5.9769305255E-04));
#5458 = CARTESIAN_POINT('',(236.04061436289,163.60767158461,
    5.829355153364));
#5459 = CARTESIAN_POINT('',(235.69573968663,163.0595853806,4.99625564163
    ));
#5460 = CARTESIAN_POINT('',(234.89123365031,161.77974446713,
    3.052874528548));
#5461 = CARTESIAN_POINT('',(234.08696686459,160.49842128597,
    1.110093609489));
#5462 = CARTESIAN_POINT('',(233.62722032667,159.76747061289,
    -4.511691790534E-04));
#5463 = CARTESIAN_POINT('',(236.04064736084,163.55180435645,
    5.830413829004));
#5464 = CARTESIAN_POINT('',(235.69577385548,163.00086539871,
    4.997186058663));
#5465 = CARTESIAN_POINT('',(234.89126638574,161.71438896358,
    3.053495025409));
#5466 = CARTESIAN_POINT('',(234.08699391062,160.42645476233,
    1.110393983375));
#5467 = CARTESIAN_POINT('',(233.6272429498,159.69172757538,
    -3.363148969591E-04));
#5468 = CARTESIAN_POINT('',(236.04066237293,163.52652663209,
    5.830893836389));
#5469 = CARTESIAN_POINT('',(235.69578954036,162.97433065535,
    4.99760828398));
#5470 = CARTESIAN_POINT('',(234.89128152278,161.68493153971,
    3.053777013608));
#5471 = CARTESIAN_POINT('',(234.08700620059,160.39408635522,
    1.110530219303));
#5472 = CARTESIAN_POINT('',(233.62725325364,159.65769665288,
    -2.841348210763E-04));
#5473 = CARTESIAN_POINT('',(236.04067232301,163.50981061098,
    5.83121153663));
#5474 = CARTESIAN_POINT('',(235.69579997161,162.95679259857,
    4.997887834601));
#5475 = CARTESIAN_POINT('',(234.89129162056,161.66548247266,
    3.053963826521));
#5476 = CARTESIAN_POINT('',(234.08701435711,160.37273422264,
    1.110620435988));
#5477 = CARTESIAN_POINT('',(233.62726008477,159.63525772571,
    -2.49573075227E-04));
#5478 = CARTESIAN_POINT('',(236.04069944583,163.46440401808,
    5.832075673267));
#5479 = CARTESIAN_POINT('',(235.69582851885,162.90919168835,
    4.998648516053));
#5480 = CARTESIAN_POINT('',(234.89131939503,161.61278129192,
    3.054472631701));
#5481 = CARTESIAN_POINT('',(234.08703680075,160.31495570656,
    1.110866405784));
#5482 = CARTESIAN_POINT('',(233.62727869797,159.57457971024,
    -1.55493271365E-04));
#5483 = CARTESIAN_POINT('',(236.04073292941,163.40901967716,
    5.833134710234));
#5484 = CARTESIAN_POINT('',(235.69586395204,162.85129901034,
    4.999581380897));
#5485 = CARTESIAN_POINT('',(234.8913545515,161.54905973996,
    3.055098627548));
#5486 = CARTESIAN_POINT('',(234.08706678478,160.24544289889,
    1.111173565112));
#5487 = CARTESIAN_POINT('',(233.62730151462,159.50175753604,
    -4.019143504497E-05));
#5488 = CARTESIAN_POINT('',(236.04076539627,163.35661377935,
    5.834143770394));
#5489 = CARTESIAN_POINT('',(235.69589951784,162.79673374856,
    5.000473505073));
#5490 = CARTESIAN_POINT('',(234.89139070719,161.48948669441,
    3.055700830032));
#5491 = CARTESIAN_POINT('',(234.08709517001,160.18090178827,
    1.111465570684));
#5492 = CARTESIAN_POINT('',(233.62732372809,159.43438160794,
    7.071736385988E-05));
#5493 = CARTESIAN_POINT('',(236.04078367617,163.32753180331,
    5.834705947815));
#5494 = CARTESIAN_POINT('',(235.69591982061,162.76651935218,
    5.000971342569));
#5495 = CARTESIAN_POINT('',(234.89141166334,161.45664863081,
    3.056038073295));
#5496 = CARTESIAN_POINT('',(234.0871114446,160.14546492807,
    1.111629255135));
#5497 = CARTESIAN_POINT('',(233.62733621501,159.39746252861,
    1.327492596102E-04));
#5498 = CARTESIAN_POINT('',(236.04080178655,163.29903035758,
    5.835258464375));
#5499 = CARTESIAN_POINT('',(235.69594014576,162.73695359037,
    5.001461241948));
#5500 = CARTESIAN_POINT('',(234.89143286673,161.42461899456,
    3.056370818214));
#5501 = CARTESIAN_POINT('',(234.08712772165,160.11099770672,
    1.111790727968));
#5502 = CARTESIAN_POINT('',(233.6273485759,159.36160568585,
    1.939077174655E-04));
#5503 = CARTESIAN_POINT('',(236.04082411923,163.26450034737,
    5.835930910758));
#5504 = CARTESIAN_POINT('',(235.69596553504,162.70122207803,
    5.002058489264));
#5505 = CARTESIAN_POINT('',(234.89145983256,161.38610925254,
    3.056778252504));
#5506 = CARTESIAN_POINT('',(234.08714851979,160.06974659047,
    1.111989444144));
#5507 = CARTESIAN_POINT('',(233.62736375922,159.31879246523,
    2.686394555056E-04));
#5508 = CARTESIAN_POINT('',(236.04084612605,163.23145444388,
    5.836578929461));
#5509 = CARTESIAN_POINT('',(235.69599113783,162.66714857442,
    5.002635839785));
#5510 = CARTESIAN_POINT('',(234.89148774783,161.34966545163,
    3.057174979183));
#5511 = CARTESIAN_POINT('',(234.08716971296,160.03097452804,
    1.112183436638));
#5512 = CARTESIAN_POINT('',(233.62737866807,159.27869576052,
    3.412552512758E-04));
#5513 = CARTESIAN_POINT('',(236.04086359697,163.20592115845,
    5.83708262212));
#5514 = CARTESIAN_POINT('',(235.69601191087,162.64089873496,
    5.003085998964));
#5515 = CARTESIAN_POINT('',(234.89151089669,161.3217674909,
    3.057486425949));
#5516 = CARTESIAN_POINT('',(234.087186829,160.00146529688,1.112335580422
    ));
#5517 = CARTESIAN_POINT('',(233.6273904907,159.24827192993,
    3.982076858615E-04));
#5518 = CARTESIAN_POINT('',(236.04087447104,163.19034202335,
    5.837391284016));
#5519 = CARTESIAN_POINT('',(235.69602500886,162.62491609394,
    5.003362417427));
#5520 = CARTESIAN_POINT('',(234.8915257311,161.3048587671,3.057678653636
    ));
#5521 = CARTESIAN_POINT('',(234.08719775746,159.98365536206,
    1.112429776132));
#5522 = CARTESIAN_POINT('',(233.62739783175,159.22995134645,
    4.33316057757E-04));
#5523 = CARTESIAN_POINT('',(236.04088152615,163.18040172926,5.8375889171
    ));
#5524 = CARTESIAN_POINT('',(235.69603360862,162.61473521997,
    5.003539739785));
#5525 = CARTESIAN_POINT('',(234.89153559282,161.29412697324,
    3.057802506075));
#5526 = CARTESIAN_POINT('',(234.0872049342,159.97238964811,
    1.112490471822));
#5527 = CARTESIAN_POINT('',(233.62740259237,159.21838373915,
    4.559268417754E-04));
#5528 = CARTESIAN_POINT('',(236.04088478071,163.17584982369,
    5.837679556029));
#5529 = CARTESIAN_POINT('',(235.69603759626,162.61007646128,
    5.003621132148));
#5530 = CARTESIAN_POINT('',(234.89154019001,161.289223788,3.057859465447
    ));
#5531 = CARTESIAN_POINT('',(234.08720826132,159.96725004847,
    1.11251838433));
#5532 = CARTESIAN_POINT('',(233.62740478826,159.21311060724,
    4.6632408614E-04));
#5533 = CARTESIAN_POINT('',(236.04088695005,163.17282480761,
    5.837739828353));
#5534 = CARTESIAN_POINT('',(235.69604025976,162.6069813262,
    5.003675274286));
#5535 = CARTESIAN_POINT('',(234.89154326728,161.2859683286,3.05789738487
    ));
#5536 = CARTESIAN_POINT('',(234.08721048371,159.96383965174,
    1.112536966638));
#5537 = CARTESIAN_POINT('',(233.62740625192,159.20961273866,
    4.732454951499E-04));
#5538 = CARTESIAN_POINT('',(236.04089291327,163.16454560733,
    5.837904941828));
#5539 = CARTESIAN_POINT('',(235.69604759612,162.59851393567,
    5.003823650559));
#5540 = CARTESIAN_POINT('',(234.89155177348,161.27707088043,
    3.058001424256));
#5541 = CARTESIAN_POINT('',(234.08721664619,159.95452723276,
    1.112588038032));
#5542 = CARTESIAN_POINT('',(233.62741027152,159.20006615668,
    4.922277745543E-04));
#5543 = CARTESIAN_POINT('',(236.04091567047,163.13343881321,
    5.838527312661));
#5544 = CARTESIAN_POINT('',(235.69607585898,162.56674743445,
    5.004383858619));
#5545 = CARTESIAN_POINT('',(234.89158492357,161.24380046564,
    3.058395893093));
#5546 = CARTESIAN_POINT('',(234.08724057816,159.91981338686,
    1.112782082735));
#5547 = CARTESIAN_POINT('',(233.6274255992,159.16453988002,
    5.64163399936E-04));
#5548 = CARTESIAN_POINT('',(236.04093948749,163.10298103837,
    5.839145424431));
#5549 = CARTESIAN_POINT('',(235.69610616842,162.5358480944,
    5.004943259015));
#5550 = CARTESIAN_POINT('',(234.89162232866,161.21190746052,
    3.058797120667));
#5551 = CARTESIAN_POINT('',(234.0872693125,159.88700758336,1.11298595397
    ));
#5552 = CARTESIAN_POINT('',(233.62744138827,159.13122746689,
    6.368161724022E-04));
#5553 = CARTESIAN_POINT('',(236.04096169707,163.07708185267,
    5.839680165032));
#5554 = CARTESIAN_POINT('',(235.69613607242,162.50975308128,
    5.005432966851));
#5555 = CARTESIAN_POINT('',(234.89166123748,161.18539540017,
    3.059158277347));
#5556 = CARTESIAN_POINT('',(234.08729709776,159.86016459605,
    1.113168622224));
#5557 = CARTESIAN_POINT('',(233.62745638633,159.10422019898,
    7.026489518904E-04));
#5558 = CARTESIAN_POINT('',(236.04096728457,163.07070682503,
    5.839812348942));
#5559 = CARTESIAN_POINT('',(235.69614366614,162.5033406097,
    5.005554315355));
#5560 = CARTESIAN_POINT('',(234.89167124703,161.17890566623,
    3.059248393342));
#5561 = CARTESIAN_POINT('',(234.08730426356,159.85362014405,
    1.113214440865));
#5562 = CARTESIAN_POINT('',(233.62746016884,159.09765125987,
    7.190895473537E-04));
#5563 = CARTESIAN_POINT('',(236.04097177843,163.06566685673,
    5.839917198545));
#5564 = CARTESIAN_POINT('',(235.69614982055,162.49827759618,
    5.005650765662));
#5565 = CARTESIAN_POINT('',(234.89167943773,161.1737970812,
    3.059320414058));
#5566 = CARTESIAN_POINT('',(234.087310122,159.84848462107,1.113251173096
    ));
#5567 = CARTESIAN_POINT('',(233.62746321929,159.09250616431,
    7.322422957352E-04));
#5568 = CARTESIAN_POINT('',(236.04097628923,163.06066699024,
    5.840021451707));
#5569 = CARTESIAN_POINT('',(235.69615602772,162.4932593021,
    5.005746796085));
#5570 = CARTESIAN_POINT('',(234.89168775424,161.16874404163,
    3.05939239616));
#5571 = CARTESIAN_POINT('',(234.08731608055,159.84341590734,
    1.113287995282));
#5572 = CARTESIAN_POINT('',(233.62746628656,159.08743458363,
    7.453965499344E-04));
#5573 = CARTESIAN_POINT('',(236.04098422995,163.05202266367,
    5.840202332709));
#5574 = CARTESIAN_POINT('',(235.69616703067,162.48459486877,
    5.005913750289));
#5575 = CARTESIAN_POINT('',(234.89170264797,161.16004723749,
    3.059518286671));
#5576 = CARTESIAN_POINT('',(234.08732679556,159.83472131547,
    1.113352728994));
#5577 = CARTESIAN_POINT('',(233.62747170047,159.07875264171,
    7.684255133484E-04));
#5578 = CARTESIAN_POINT('',(236.04099572381,163.03997585142,
    5.840456297256));
#5579 = CARTESIAN_POINT('',(235.69618317376,162.47255410461,
    5.006149163258));
#5580 = CARTESIAN_POINT('',(234.89172496601,161.14804154684,
    3.05969807729));
#5581 = CARTESIAN_POINT('',(234.08734304197,159.82280382958,
    1.113446328392));
#5582 = CARTESIAN_POINT('',(233.62747958503,159.06690411461,
    8.01394078731E-04));
#5583 = CARTESIAN_POINT('',(236.04100982324,163.02600622903,
    5.840754066499));
#5584 = CARTESIAN_POINT('',(235.69620339381,162.45864736153,
    5.006427083598));
#5585 = CARTESIAN_POINT('',(234.89175374242,161.13430724541,
    3.059914536418));
#5586 = CARTESIAN_POINT('',(234.08736418755,159.80931190863,
    1.113560809408));
#5587 = CARTESIAN_POINT('',(233.62748940182,159.05357791957,
    8.41341176459E-04));
#5588 = CARTESIAN_POINT('',(236.0410218865,163.01477285337,5.84099649173
    ));
#5589 = CARTESIAN_POINT('',(235.69622104502,162.44751288054,
    5.006655077617));
#5590 = CARTESIAN_POINT('',(234.89177965702,161.12342506615,
    3.060096182365));
#5591 = CARTESIAN_POINT('',(234.08738362779,159.7987462374,1.11365907911
    ));
#5592 = CARTESIAN_POINT('',(233.62749796822,159.04322099048,
    8.751677474383E-04));
#5593 = CARTESIAN_POINT('',(236.04103177091,163.0060323772,
    5.841187088342));
#5594 = CARTESIAN_POINT('',(235.69623576046,162.43887933837,
    5.006835569087));
#5595 = CARTESIAN_POINT('',(234.89180178396,161.11505846364,
    3.060242835431));
#5596 = CARTESIAN_POINT('',(234.08740044957,159.7907015596,
    1.113739857923));
#5597 = CARTESIAN_POINT('',(233.62750514851,159.03538681921,
    9.027809141515E-04));
#5598 = CARTESIAN_POINT('',(236.04103805512,163.00067248415,
    5.841304837434));
#5599 = CARTESIAN_POINT('',(235.69624521393,162.43359790134,
    5.006947602687));
#5600 = CARTESIAN_POINT('',(234.89181623706,161.10997092769,
    3.060335158242));
#5601 = CARTESIAN_POINT('',(234.08741161262,159.7858439563,
    1.113791535365));
#5602 = CARTESIAN_POINT('',(233.62750978911,159.03067918592,
    9.203099151325E-04));
#5603 = CARTESIAN_POINT('',(236.04104315363,162.99644648312,
    5.841398226631));
#5604 = CARTESIAN_POINT('',(235.69625295146,162.42944160957,
    5.007036814121));
#5605 = CARTESIAN_POINT('',(234.89182821311,161.10598597394,
    3.060409512654));
#5606 = CARTESIAN_POINT('',(234.08742095583,159.7820601249,
    1.113833650685));
#5607 = CARTESIAN_POINT('',(233.62751361213,159.02702656044,
    9.345405907268E-04));
#5608 = CARTESIAN_POINT('',(236.04104830147,162.9922618205,
    5.841491080193));
#5609 = CARTESIAN_POINT('',(235.69626080586,162.42533129663,
    5.007125749505));
#5610 = CARTESIAN_POINT('',(234.8918404735,161.10205779054,
    3.060484220281));
#5611 = CARTESIAN_POINT('',(234.08743060997,159.7783445388,
    1.113876367331));
#5612 = CARTESIAN_POINT('',(233.62751751248,159.02344973279,
    9.489186668028E-04));
#5613 = CARTESIAN_POINT('',(236.04105744636,162.98504732493,
    5.841652181866));
#5614 = CARTESIAN_POINT('',(235.69627487309,162.41825907907,
    5.007280697562));
#5615 = CARTESIAN_POINT('',(234.89186271046,161.09533258944,
    3.060615973749));
#5616 = CARTESIAN_POINT('',(234.08744837435,159.77202145178,
    1.113952831122));
#5617 = CARTESIAN_POINT('',(233.62752455966,159.01738949899,
    9.745121268696E-04));
#5618 = CARTESIAN_POINT('',(236.04106823686,162.97705127537,
    5.841833177598));
#5619 = CARTESIAN_POINT('',(235.69629172826,162.4104534576,
    5.007456306276));
#5620 = CARTESIAN_POINT('',(234.89189005033,161.08798799884,
    3.060769227541));
#5621 = CARTESIAN_POINT('',(234.0874710004,159.76520512497,
    1.114044940672));
#5622 = CARTESIAN_POINT('',(233.62753318884,159.01092024456,
    1.004916801308E-03));
#5623 = CARTESIAN_POINT('',(236.04107804245,162.97027380939,
    5.841988960687));
#5624 = CARTESIAN_POINT('',(235.69630734158,162.40386666148,
    5.007609109158));
#5625 = CARTESIAN_POINT('',(234.89191602195,161.08186059086,
    3.060906586878));
#5626 = CARTESIAN_POINT('',(234.08749331248,159.75959890453,
    1.114130866479));
#5627 = CARTESIAN_POINT('',(233.62754146844,159.0056606742,
    1.033076937504E-03));
#5628 = CARTESIAN_POINT('',(236.04108375959,162.96646373003,
    5.842077263156));
#5629 = CARTESIAN_POINT('',(235.69631652993,162.40017238575,
    5.007696227567));
#5630 = CARTESIAN_POINT('',(234.89193149911,161.07844472776,
    3.060986141624));
#5631 = CARTESIAN_POINT('',(234.08750692537,159.75649751815,
    1.114181843674));
#5632 = CARTESIAN_POINT('',(233.62754644626,159.00277004118,
    1.049706459362E-03));
#5633 = CARTESIAN_POINT('',(236.04109245506,162.96081144585,
    5.842209013413));
#5634 = CARTESIAN_POINT('',(235.69633059454,162.39470062744,
    5.007826745152));
#5635 = CARTESIAN_POINT('',(234.89195538093,161.07340645551,
    3.061106614376));
#5636 = CARTESIAN_POINT('',(234.08752827702,159.75194744404,
    1.114260357462));
#5637 = CARTESIAN_POINT('',(233.62755418579,158.9985489953,
    1.075252393276E-03));
#5638 = CARTESIAN_POINT('',(236.0411029604,162.95440065374,
    5.842360700243));
#5639 = CARTESIAN_POINT('',(235.6963478206,162.38852041635,
    5.007978538696));
#5640 = CARTESIAN_POINT('',(234.89198523631,161.06777806569,
    3.061250630769));
#5641 = CARTESIAN_POINT('',(234.08755622766,159.7469366719,1.11435870287
    ));
#5642 = CARTESIAN_POINT('',(233.6275640468,158.9939602633,
    1.106900110345E-03));
#5643 = CARTESIAN_POINT('',(236.04111557457,162.94732684719,
    5.842531536666));
#5644 = CARTESIAN_POINT('',(235.69636899308,162.38173669323,
    5.008152238282));
#5645 = CARTESIAN_POINT('',(234.89202266888,161.06168764383,
    3.061421466776));
#5646 = CARTESIAN_POINT('',(234.08759365172,159.74161336327,
    1.114483625547));
#5647 = CARTESIAN_POINT('',(233.62757706367,158.98917644154,
    1.147070273046E-03));
#5648 = CARTESIAN_POINT('',(236.04112291932,162.94344286101,
    5.84262673986));
#5649 = CARTESIAN_POINT('',(235.69638150824,162.37802574209,
    5.00825014753));
#5650 = CARTESIAN_POINT('',(234.89204505228,161.0583900466,
    3.061520138768));
#5651 = CARTESIAN_POINT('',(234.0876172716,159.73876908668,1.11455985451
    ));
#5652 = CARTESIAN_POINT('',(233.62758519061,158.98665829648,
    1.171532754217E-03));
#5653 = CARTESIAN_POINT('',(236.0411279311,162.94089320585,
    5.842689862786));
#5654 = CARTESIAN_POINT('',(235.69639014768,162.3755954375,
    5.008315610365));
#5655 = CARTESIAN_POINT('',(234.8920605759,161.05624505246,3.06158712134
    ));
#5656 = CARTESIAN_POINT('',(234.08763427165,159.73693463569,
    1.114613616154));
#5657 = CARTESIAN_POINT('',(233.62759103203,158.98505131386,
    1.188833012614E-03));
#5658 = CARTESIAN_POINT('',(236.04113130367,162.93920402068,
    5.842731854239));
#5659 = CARTESIAN_POINT('',(235.69639598749,162.37398688151,
    5.008359306177));
#5660 = CARTESIAN_POINT('',(234.89207108659,161.05482930103,
    3.061632100909));
#5661 = CARTESIAN_POINT('',(234.08764596453,159.73572807744,
    1.114650303816));
#5662 = CARTESIAN_POINT('',(233.6275950461,158.983999132,
    1.200647907739E-03));
#5663 = CARTESIAN_POINT('',(236.0411372899,162.93627574686,
    5.842805106363));
#5664 = CARTESIAN_POINT('',(235.69640642359,162.37120248104,
    5.008435930058));
#5665 = CARTESIAN_POINT('',(234.89208990991,161.05238913156,
    3.061711682501));
#5666 = CARTESIAN_POINT('',(234.0876674226,159.73365952066,
    1.114716857666));
#5667 = CARTESIAN_POINT('',(233.62760240348,158.98220802888,
    1.222107398261E-03));
#5668 = CARTESIAN_POINT('',(236.04114609436,162.93217200194,
    5.842909115545));
#5669 = CARTESIAN_POINT('',(235.69642199633,162.36731206262,
    5.008545950462));
#5670 = CARTESIAN_POINT('',(234.89211806504,161.04901001544,
    3.061827952915));
#5671 = CARTESIAN_POINT('',(234.08770120786,159.73082602205,
    1.114819363282));
#5672 = CARTESIAN_POINT('',(233.62761398337,158.97979250934,
    1.255291414941E-03));
#5673 = CARTESIAN_POINT('',(236.04115435349,162.92857420058,
    5.843002036146));
#5674 = CARTESIAN_POINT('',(235.69643694414,162.36391520207,
    5.008645969311));
#5675 = CARTESIAN_POINT('',(234.8921449887,161.04609709698,
    3.061935894282));
#5676 = CARTESIAN_POINT('',(234.08773623802,159.7284184813,
    1.114922693871));
#5677 = CARTESIAN_POINT('',(233.62762606549,158.97778933401,
    1.289110354127E-03));
#5678 = CARTESIAN_POINT('',(236.04116001456,162.92621554434,
    5.843063733269));
#5679 = CARTESIAN_POINT('',(235.69644737691,162.3616939805,
    5.008713258788));
#5680 = CARTESIAN_POINT('',(234.89216360721,161.04420871216,3.0620092693
    ));
#5681 = CARTESIAN_POINT('',(234.087761988,159.72687093108,1.114997373703
    ));
#5682 = CARTESIAN_POINT('',(233.62763504028,158.97652428202,
    1.313860884609E-03));
#5683 = CARTESIAN_POINT('',(236.04116287684,162.92504419517,
    5.84309453381));
#5684 = CARTESIAN_POINT('',(235.69645269129,162.36059202773,
    5.008747036729));
#5685 = CARTESIAN_POINT('',(234.8921730477,161.0432752496,3.062046234196
    ));
#5686 = CARTESIAN_POINT('',(234.08777537904,159.72610852086,
    1.115035963972));
#5687 = CARTESIAN_POINT('',(233.62763972891,158.9759057795,
    1.326719290977E-03));
#5688 = CARTESIAN_POINT('',(236.04116577163,162.92388082808,
    5.843125288171));
#5689 = CARTESIAN_POINT('',(235.69645810714,162.35949872509,
    5.008780956418));
#5690 = CARTESIAN_POINT('',(234.89218262004,161.04235252117,
    3.062083479033));
#5691 = CARTESIAN_POINT('',(234.08778931132,159.72535738092,
    1.115075867325));
#5692 = CARTESIAN_POINT('',(233.62764462897,158.97530127022,
    1.340085664199E-03));
#5693 = CARTESIAN_POINT('',(236.04117553246,162.92002955138,
    5.843227656629));
#5694 = CARTESIAN_POINT('',(235.69647652466,162.35588312629,
    5.008894560035));
#5695 = CARTESIAN_POINT('',(234.89221494634,161.03931265402,
    3.062208512583));
#5696 = CARTESIAN_POINT('',(234.08783771427,159.72289047968,
    1.115213654289));
#5697 = CARTESIAN_POINT('',(233.62766176493,158.9733325031,
    1.386572889353E-03));
#5698 = CARTESIAN_POINT('',(236.04118528808,162.91648469244,
    5.843324300552));
#5699 = CARTESIAN_POINT('',(235.69649555296,162.35257140071,
    5.009004716075));
#5700 = CARTESIAN_POINT('',(234.89224751625,161.03657799621,
    3.062331271559));
#5701 = CARTESIAN_POINT('',(234.08789230559,159.72070468038,
    1.115365483697));
#5702 = CARTESIAN_POINT('',(233.62768137607,158.97166076728,
    1.438755465479E-03));
#5703 = CARTESIAN_POINT('',(236.04119506972,162.91322841716,
    5.843415573948));
#5704 = CARTESIAN_POINT('',(235.6965158908,162.34954078184,
    5.009113400299));
#5705 = CARTESIAN_POINT('',(234.89227927508,161.03412836453,
    3.062449334975));
#5706 = CARTESIAN_POINT('',(234.08795697174,159.71875183276,
    1.115541333523));
#5707 = CARTESIAN_POINT('',(233.6277063282,158.97024109683,
    1.503674363993E-03));
#5708 = CARTESIAN_POINT('',(236.04119725776,162.91250746759,
    5.84343585014));
#5709 = CARTESIAN_POINT('',(235.69652047483,162.34887008642,
    5.00913767584));
#5710 = CARTESIAN_POINT('',(234.89228634892,161.03358772324,
    3.06247559933));
#5711 = CARTESIAN_POINT('',(234.08797170712,159.71832084243,
    1.115581315833));
#5712 = CARTESIAN_POINT('',(233.6277120606,158.96992981968,
    1.518556833412E-03));
#5713 = CARTESIAN_POINT('',(236.04119946743,162.91179052044,
    5.843456116597));
#5714 = CARTESIAN_POINT('',(235.69652515642,162.34820355228,
    5.009162138715));
#5715 = CARTESIAN_POINT('',(234.89229344459,161.03305267616,
    3.062501899578));
#5716 = CARTESIAN_POINT('',(234.08798700677,159.71789427488,
    1.115622696106));
#5717 = CARTESIAN_POINT('',(233.62771808139,158.96962483091,
    1.534140999624E-03));
#5718 = CARTESIAN_POINT('',(236.04120169944,162.91107757504,
    5.843476374983));
#5719 = CARTESIAN_POINT('',(235.6965299445,162.34754114425,
    5.009186811199));
#5720 = CARTESIAN_POINT('',(234.89230055248,161.03252326929,
    3.062528211881));
#5721 = CARTESIAN_POINT('',(234.08800291144,159.71747192757,
    1.115665578975));
#5722 = CARTESIAN_POINT('',(233.62772442628,158.96932597633,
    1.550514500055E-03));
#5723 = CARTESIAN_POINT('',(236.04120338475,162.91054486737,
    5.843491565062));
#5724 = CARTESIAN_POINT('',(235.69653359039,162.34704639513,
    5.00920542443));
#5725 = CARTESIAN_POINT('',(234.8923058865,161.03212904803,
    3.062547944663));
#5726 = CARTESIAN_POINT('',(234.08801515511,159.71715723192,
    1.115698524411));
#5727 = CARTESIAN_POINT('',(233.62772935645,158.96910486627,
    1.563212501142E-03));
#5728 = CARTESIAN_POINT('',(236.0412050815,162.91001416099,
    5.843506751833));
#5729 = CARTESIAN_POINT('',(235.6965372932,162.34655369473,
    5.009224151741));
#5730 = CARTESIAN_POINT('',(234.89231122121,161.03173767203,
    3.062567670091));
#5731 = CARTESIAN_POINT('',(234.08802772429,159.71684455228,
    1.115732279585));
#5732 = CARTESIAN_POINT('',(233.62773446619,158.96888675288,
    1.576348208482E-03));
#5733 = CARTESIAN_POINT('',(236.04121077604,162.9082518114,
    5.843557364698));
#5734 = CARTESIAN_POINT('',(235.69654983407,162.34491815454,
    5.009286978038));
#5735 = CARTESIAN_POINT('',(234.89232899145,161.03044263577,
    3.06263336047));
#5736 = CARTESIAN_POINT('',(234.08807075841,159.71580879442,
    1.115847628758));
#5737 = CARTESIAN_POINT('',(233.62775214951,158.96816948242,
    1.621721650597E-03));
#5738 = CARTESIAN_POINT('',(236.0412184072,162.90599979549,
    5.843623110473));
#5739 = CARTESIAN_POINT('',(235.6965673135,162.34283164468,
    5.009371044926));
#5740 = CARTESIAN_POINT('',(234.89235199472,161.0288150796,
    3.062718341682));
#5741 = CARTESIAN_POINT('',(234.08813352332,159.71449981683,
    1.116014569001));
#5742 = CARTESIAN_POINT('',(233.6277789597,158.96729422215,
    1.690028733107E-03));
#5743 = CARTESIAN_POINT('',(236.04122638074,162.90379981909,
    5.843688880479));
#5744 = CARTESIAN_POINT('',(235.69658698584,162.34079548716,
    5.009459892471));
#5745 = CARTESIAN_POINT('',(234.89237392431,161.02726655284,
    3.062800363246));
#5746 = CARTESIAN_POINT('',(234.08820864217,159.71322617991,
    1.116212564313));
#5747 = CARTESIAN_POINT('',(233.62781445202,158.9664800869,
    1.77959079476E-03));
#5748 = CARTESIAN_POINT('',(236.04122981794,162.90287823308,
    5.843716719333));
#5749 = CARTESIAN_POINT('',(235.69659576621,162.33994260877,
    5.009498509448));
#5750 = CARTESIAN_POINT('',(234.89238289061,161.02662590726,
    3.062834223081));
#5751 = CARTESIAN_POINT('',(234.08824299171,159.7126918556,
    1.116302823788));
#5752 = CARTESIAN_POINT('',(233.62783156639,158.96614402428,
    1.82263054404E-03));
#5753 = CARTESIAN_POINT('',(236.0412310749,162.90254411145,5.84372684424
    ));
#5754 = CARTESIAN_POINT('',(235.69659901097,162.33963339775,
    5.009512669359));
#5755 = CARTESIAN_POINT('',(234.89238611411,161.02639454139,
    3.062846435931));
#5756 = CARTESIAN_POINT('',(234.08825577252,159.71249800182,
    1.116336379814));
#5757 = CARTESIAN_POINT('',(233.62783803793,158.9660226513,
    1.838890459364E-03));
#5758 = CARTESIAN_POINT('',(236.04123233659,162.90221065693,
    5.843736970346));
#5759 = CARTESIAN_POINT('',(235.69660229098,162.3393248016,
    5.009526909249));
#5760 = CARTESIAN_POINT('',(234.89238931159,161.02616424605,
    3.062858578576));
#5761 = CARTESIAN_POINT('',(234.08826875119,159.71230442806,
    1.116370437058));
#5762 = CARTESIAN_POINT('',(233.62784468185,158.96590180391,
    1.855573639515E-03));
#5763 = CARTESIAN_POINT('',(236.04123392263,162.90179508967,
    5.843749630372));
#5764 = CARTESIAN_POINT('',(235.69660645825,162.33894020422,
    5.009544862178));
#5765 = CARTESIAN_POINT('',(234.89239325751,161.02587839412,
    3.062873619587));
#5766 = CARTESIAN_POINT('',(234.08828535255,159.71206295596,
    1.116413966942));
#5767 = CARTESIAN_POINT('',(233.62785332269,158.96575167658,
    1.877252666768E-03));
#5768 = CARTESIAN_POINT('',(236.04123647969,162.90113285004,
    5.843769892272));
#5769 = CARTESIAN_POINT('',(235.69661327533,162.33832727094,
    5.009573929256));
#5770 = CARTESIAN_POINT('',(234.89239945351,161.02542537753,
    3.062897368102));
#5771 = CARTESIAN_POINT('',(234.0883127505,159.71167751461,
    1.116485737269));
#5772 = CARTESIAN_POINT('',(233.62786792837,158.96551318709,
    1.91385665369E-03));
#5773 = CARTESIAN_POINT('',(236.04123874279,162.90055689247,
    5.843787629942));
#5774 = CARTESIAN_POINT('',(235.69661944296,162.33779410451,
    5.009599830261));
#5775 = CARTESIAN_POINT('',(234.89240470806,161.0250347534,
    3.062917697305));
#5776 = CARTESIAN_POINT('',(234.08833786414,159.71134127416,
    1.116551436845));
#5777 = CARTESIAN_POINT('',(233.62788181966,158.96530639228,
    1.948617556143E-03));
#5778 = CARTESIAN_POINT('',(236.04124070162,162.90006571495,
    5.843802841204));
#5779 = CARTESIAN_POINT('',(235.69662488519,162.33733930639,
    5.009622394433));
#5780 = CARTESIAN_POINT('',(234.89240907768,161.02470412765,
    3.06293475716));
#5781 = CARTESIAN_POINT('',(234.0883602605,159.71105352207,
    1.116609973456));
#5782 = CARTESIAN_POINT('',(233.62789467589,158.96512981545,
    1.980749429375E-03));
#5783 = CARTESIAN_POINT('',(236.04124201259,162.89973893013,
    5.84381298413));
#5784 = CARTESIAN_POINT('',(235.69662855529,162.33703669256,
    5.009637535452));
#5785 = CARTESIAN_POINT('',(234.89241195396,161.02448483419,
    3.062946030082));
#5786 = CARTESIAN_POINT('',(234.08837542792,159.71086179163,
    1.116649602454));
#5787 = CARTESIAN_POINT('',(233.62790351276,158.96501222364,
    2.002825790242E-03));
#5788 = CARTESIAN_POINT('',(236.04124432024,162.89916880703,
    5.843830739985));
#5789 = CARTESIAN_POINT('',(235.69663508969,162.33650864644,
    5.009664294629));
#5790 = CARTESIAN_POINT('',(234.89241688884,161.02410403126,
    3.062965488224));
#5791 = CARTESIAN_POINT('',(234.08840260116,159.71052649083,
    1.116720566173));
#5792 = CARTESIAN_POINT('',(233.62791970948,158.96480662357,
    2.043262917758E-03));
#5793 = CARTESIAN_POINT('',(236.0412464883,162.89864265764,
    5.843847239059));
#5794 = CARTESIAN_POINT('',(235.69664136984,162.33602113145,
    5.009689644745));
#5795 = CARTESIAN_POINT('',(234.89242127993,161.02375597078,3.0629830309
    ));
#5796 = CARTESIAN_POINT('',(234.0884290427,159.71021539361,
    1.116789562413));
#5797 = CARTESIAN_POINT('',(233.62793623988,158.96461549703,
    2.084485502394E-03));
#5798 = CARTESIAN_POINT('',(236.04124808705,162.89825994459,
    5.843859303502));
#5799 = CARTESIAN_POINT('',(235.69664608014,162.33566639042,
    5.00970845916));
#5800 = CARTESIAN_POINT('',(234.89242438194,161.02350467834,
    3.062995550386));
#5801 = CARTESIAN_POINT('',(234.08844906108,159.70998801855,
    1.116841777254));
#5802 = CARTESIAN_POINT('',(233.62794931983,158.96447492239,
    2.117077616417E-03));
#5803 = CARTESIAN_POINT('',(236.04124842413,162.8981794359,
    5.843861843649));
#5804 = CARTESIAN_POINT('',(235.69664707601,162.33559176148,
    5.009712430214));
#5805 = CARTESIAN_POINT('',(234.8924250313,161.02345188186,
    3.062998175622));
#5806 = CARTESIAN_POINT('',(234.08845329999,159.7099401485,
    1.116852833139));
#5807 = CARTESIAN_POINT('',(233.62795210978,158.96444529086,
    2.1240286849E-03));
#5808 = CARTESIAN_POINT('',(236.04124876155,162.89809896886,
    5.843864383976));
#5809 = CARTESIAN_POINT('',(235.6966480747,162.33551716809,
    5.009716408043));
#5810 = CARTESIAN_POINT('',(234.89242567818,161.0233991569,
    3.063000793859));
#5811 = CARTESIAN_POINT('',(234.08845755533,159.70989227703,
    1.116863931473));
#5812 = CARTESIAN_POINT('',(233.62795492415,158.96441563377,
    2.131040048908E-03));
#5813 = CARTESIAN_POINT('',(236.04124918393,162.89799846318,
    5.843867559705));
#5814 = CARTESIAN_POINT('',(235.6966493283,162.33542399312,
    5.009721392959));
#5815 = CARTESIAN_POINT('',(234.89242648213,161.0233333848,
    3.063004053517));
#5816 = CARTESIAN_POINT('',(234.0884629053,159.70983243521,
    1.116877883957));
#5817 = CARTESIAN_POINT('',(233.62795848851,158.96437851191,
    2.139918814684E-03));
#5818 = CARTESIAN_POINT('',(236.04124986114,162.89783782065,
    5.843872641652));
#5819 = CARTESIAN_POINT('',(235.69665134544,162.33527505506,
    5.009729396137));
#5820 = CARTESIAN_POINT('',(234.89242775871,161.02322843514,
    3.063009241218));
#5821 = CARTESIAN_POINT('',(234.08847153159,159.70973667942,
    1.116900379472));
#5822 = CARTESIAN_POINT('',(233.62796429344,158.96431899637,
    2.154376610019E-03));
#5823 = CARTESIAN_POINT('',(236.04125045539,162.89769747728,
    5.843877089197));
#5824 = CARTESIAN_POINT('',(235.696653125,162.33514492156,5.009736434107
    ));
#5825 = CARTESIAN_POINT('',(234.89242886282,161.02313697952,
    3.063013743738));
#5826 = CARTESIAN_POINT('',(234.08847916616,159.70965288415,
    1.116920287225));
#5827 = CARTESIAN_POINT('',(233.62796950944,158.96426674968,
    2.167364882423E-03));
#5828 = CARTESIAN_POINT('',(236.04125096615,162.89757733885,
    5.843880902304));
#5829 = CARTESIAN_POINT('',(235.69665466118,162.33503351076,
    5.009742492806));
#5830 = CARTESIAN_POINT('',(234.89242980055,161.02305885549,
    3.063017577846));
#5831 = CARTESIAN_POINT('',(234.08848577379,159.7095810438,
    1.116937516047));
#5832 = CARTESIAN_POINT('',(233.62797408459,158.96422181637,
    2.178755308812E-03));
#5833 = CARTESIAN_POINT('',(236.04125122168,162.89751730133,
    5.843882808735));
#5834 = CARTESIAN_POINT('',(235.69665543105,162.33497783344,
    5.009745526423));
#5835 = CARTESIAN_POINT('',(234.89243026746,161.0230198477,
    3.063019489307));
#5836 = CARTESIAN_POINT('',(234.08848908878,159.70954512737,
    1.116946159568));
#5837 = CARTESIAN_POINT('',(233.62797639219,158.96419932317,
    2.184500018331E-03));
#5838 = CARTESIAN_POINT('',(236.04125143506,162.89746729506,
    5.843884398147));
#5839 = CARTESIAN_POINT('',(235.69665607507,162.33493145475,
    5.009748060502));
#5840 = CARTESIAN_POINT('',(234.89243065553,161.02298738373,
    3.063021079083));
#5841 = CARTESIAN_POINT('',(234.08849186484,159.70951518144,
    1.116953397496));
#5842 = CARTESIAN_POINT('',(233.62797833511,158.96418054291,
    2.1893364852E-03));
#5843 = CARTESIAN_POINT('',(236.04125160552,162.89742730741,
    5.843885668753));
#5844 = CARTESIAN_POINT('',(235.69665659014,162.33489437043,
    5.009750087257));
#5845 = CARTESIAN_POINT('',(234.89243096442,161.02296144239,
    3.063022346529));
#5846 = CARTESIAN_POINT('',(234.08849408684,159.70949124603,
    1.116959191206));
#5847 = CARTESIAN_POINT('',(233.62797989661,158.96416551761,
    2.193223399961E-03));
#5848 = CARTESIAN_POINT('',(236.04125169138,162.89740731613,
    5.843886305603));
#5849 = CARTESIAN_POINT('',(235.69665684986,162.33487582468,
    5.009751106134));
#5850 = CARTESIAN_POINT('',(234.89243111966,161.02294847571,
    3.063022982254));
#5851 = CARTESIAN_POINT('',(234.0884952078,159.70947924342,
    1.116962113324));
#5852 = CARTESIAN_POINT('',(233.62798068653,158.96415797559,
    2.195189462842E-03));
#5853 = CARTESIAN_POINT('',(236.04126255661,162.89481731135,
    5.843968174242));
#5854 = CARTESIAN_POINT('',(235.69668970954,162.33247560123,
    5.009881133384));
#5855 = CARTESIAN_POINT('',(234.89245073523,161.02127034323,
    3.063104054004));
#5856 = CARTESIAN_POINT('',(234.08863709841,159.70793889241,
    1.117332300328));
#5857 = CARTESIAN_POINT('',(233.62808080949,158.96319065276,
    2.444459261971E-03));
#5858 = CARTESIAN_POINT('',(236.04125682944,162.88977753184,
    5.844061482428));
#5859 = CARTESIAN_POINT('',(235.6966713664,162.328059229,5.009928181267)
  );
#5860 = CARTESIAN_POINT('',(234.8924403411,161.01814858867,3.06313652993
    ));
#5861 = CARTESIAN_POINT('',(234.08855706552,159.70644608858,
    1.117156672879));
#5862 = CARTESIAN_POINT('',(233.62802582485,158.96234596805,
    2.315948427161E-03));
#5863 = CARTESIAN_POINT('',(236.0412608049,162.87963015973,
    5.844287451195));
#5864 = CARTESIAN_POINT('',(235.69668193609,162.31902033855,
    5.01014182488));
#5865 = CARTESIAN_POINT('',(234.89244744899,161.01178012914,
    3.063274251796));
#5866 = CARTESIAN_POINT('',(234.08860145996,159.70257185777,
    1.117320162636));
#5867 = CARTESIAN_POINT('',(233.62805931729,158.96004620488,
    2.411379204164E-03));
#5868 = CARTESIAN_POINT('',(236.04125991696,162.86190701039,
    5.84466280499));
#5869 = CARTESIAN_POINT('',(235.69667627344,162.30330788533,
    5.010454504196));
#5870 = CARTESIAN_POINT('',(234.89244562447,161.0006993825,
    3.063477980531));
#5871 = CARTESIAN_POINT('',(234.08857514442,159.69624610715,
    1.117344283692));
#5872 = CARTESIAN_POINT('',(233.62804471514,158.95633388971,
    2.398428276727E-03));
#5873 = CARTESIAN_POINT('',(236.04126362097,162.83656750174,
    5.845211361544));
#5874 = CARTESIAN_POINT('',(235.6966828629,162.28079836949,
    5.010938000521));
#5875 = CARTESIAN_POINT('',(234.89245167772,160.9848316617,
    3.063791292179));
#5876 = CARTESIAN_POINT('',(234.08860322665,159.68693265263,
    1.117543495012));
#5877 = CARTESIAN_POINT('',(233.62806895902,158.95084183348,
    2.490385177623E-03));
#5878 = CARTESIAN_POINT('',(236.04126512839,162.80617243344,
    5.845862311143));
#5879 = CARTESIAN_POINT('',(235.69668205073,162.25382454727,
    5.011496299584));
#5880 = CARTESIAN_POINT('',(234.8924537964,160.96581308647,
    3.064154005236));
#5881 = CARTESIAN_POINT('',(234.08859811027,159.67592079834,
    1.117685125609));
#5882 = CARTESIAN_POINT('',(233.62807130544,158.94436356794,
    2.53520357817E-03));
#5883 = CARTESIAN_POINT('',(236.04126793179,162.77577200929,
    5.846516462192));
#5884 = CARTESIAN_POINT('',(235.69668504252,162.22683439695,
    5.012064124523));
#5885 = CARTESIAN_POINT('',(234.89245815853,160.94678467355,
    3.064522474945));
#5886 = CARTESIAN_POINT('',(234.08861010217,159.66483722486,
    1.117869649763));
#5887 = CARTESIAN_POINT('',(233.62808536058,158.93783642814,
    2.60868325893E-03));
#5888 = CARTESIAN_POINT('',(236.04127013637,162.74537383968,
    5.847169201181));
#5889 = CARTESIAN_POINT('',(235.69668638419,162.19985115201,
    5.012627882663));
#5890 = CARTESIAN_POINT('',(234.89246154773,160.92776038061,
    3.064888513828));
#5891 = CARTESIAN_POINT('',(234.0886142319,159.65378489588,
    1.118034577526));
#5892 = CARTESIAN_POINT('',(233.62809422291,158.93133031873,
    2.669525307686E-03));
#5893 = CARTESIAN_POINT('',(236.04127265484,162.71497495901,
    5.847822536553));
#5894 = CARTESIAN_POINT('',(235.69668836225,162.17286565361,
    5.013193059431));
#5895 = CARTESIAN_POINT('',(234.89246530902,160.90873483813,
    3.065255334797));
#5896 = CARTESIAN_POINT('',(234.08862239282,159.64272022986,
    1.118209304373));
#5897 = CARTESIAN_POINT('',(233.6281053349,158.92481650069,
    2.735687147607E-03));
#5898 = CARTESIAN_POINT('',(236.04127492658,162.68457572316,
    5.848475682239));
#5899 = CARTESIAN_POINT('',(235.69669028526,162.1458792732,5.01375850831
    ));
#5900 = CARTESIAN_POINT('',(234.89246904381,160.88970851076,
    3.065622494158));
#5901 = CARTESIAN_POINT('',(234.08862756171,159.63165740596,
    1.118377251448));
#5902 = CARTESIAN_POINT('',(233.62811558787,158.91830230052,
    2.800190644886E-03));
#5903 = CARTESIAN_POINT('',(236.0412773464,162.65417688803,5.84912888445
    ));
#5904 = CARTESIAN_POINT('',(235.69669215058,162.11889396643,
    5.014323510412));
#5905 = CARTESIAN_POINT('',(234.89247273924,160.87068301707,
    3.065989253963));
#5906 = CARTESIAN_POINT('',(234.08863449051,159.62059508467,
    1.118549079191));
#5907 = CARTESIAN_POINT('',(233.62812616656,158.91178964974,
    2.865167495729E-03));
#5908 = CARTESIAN_POINT('',(236.04127974307,162.62377813913,
    5.849782032322));
#5909 = CARTESIAN_POINT('',(235.69669395276,162.09190892385,
    5.014888357033));
#5910 = CARTESIAN_POINT('',(234.8924763969,160.85165768089,
    3.066355920136));
#5911 = CARTESIAN_POINT('',(234.08864111618,159.60953396159,
    1.118720151753));
#5912 = CARTESIAN_POINT('',(233.62813654379,158.90527780465,
    2.929656222456E-03));
#5913 = CARTESIAN_POINT('',(236.04128204502,162.59337878697,
    5.850435249959));
#5914 = CARTESIAN_POINT('',(235.69669596097,162.0649221874,
    5.015454016187));
#5915 = CARTESIAN_POINT('',(234.89248018023,160.83263114079,
    3.06672320293));
#5916 = CARTESIAN_POINT('',(234.0886466843,159.59846953349,
    1.118889094942));
#5917 = CARTESIAN_POINT('',(233.62814705628,158.89876252279,
    2.994797959314E-03));
#5918 = CARTESIAN_POINT('',(236.04128448237,162.56298020491,
    5.851088395971));
#5919 = CARTESIAN_POINT('',(235.69669772019,162.03793760437,
    5.016018654949));
#5920 = CARTESIAN_POINT('',(234.89248380989,160.8136061434,
    3.067089699266));
#5921 = CARTESIAN_POINT('',(234.08865378294,159.58740903299,
    1.119061177347));
#5922 = CARTESIAN_POINT('',(233.62815746345,158.89225150182,
    3.059256048386E-03));
#5923 = CARTESIAN_POINT('',(236.04128687021,162.53258133862,
    5.851741568944));
#5924 = CARTESIAN_POINT('',(235.69669957206,162.0109522262,
    5.016583671393));
#5925 = CARTESIAN_POINT('',(234.89248749594,160.79458057686,
    3.06745648511));
#5926 = CARTESIAN_POINT('',(234.08866032329,159.57634707113,
    1.119232116517));
#5927 = CARTESIAN_POINT('',(233.62816790951,158.88573890311,
    3.123968511132E-03));
#5928 = CARTESIAN_POINT('',(236.04128925645,162.50218247247,
    5.852394739908));
#5929 = CARTESIAN_POINT('',(235.69670142253,161.98396684938,
    5.017148686059));
#5930 = CARTESIAN_POINT('',(234.89249118061,160.77555501,3.067823269803)
  );
#5931 = CARTESIAN_POINT('',(234.08866684484,159.56528514045,
    1.119403011751));
#5932 = CARTESIAN_POINT('',(233.62817834589,158.87922631841,
    3.188661288261E-03));
#5933 = CARTESIAN_POINT('',(236.04129169581,162.47178388887,
    5.853047888743));
#5934 = CARTESIAN_POINT('',(235.69670318509,161.95698226049,
    5.017713330647));
#5935 = CARTESIAN_POINT('',(234.89249481056,160.75653001054,
    3.068189766262));
#5936 = CARTESIAN_POINT('',(234.08867397044,159.55422458124,
    1.119575157873));
#5937 = CARTESIAN_POINT('',(233.62818875952,158.87271526684,
    3.253138760324E-03));
#5938 = CARTESIAN_POINT('',(236.0412939919,162.44138453681,
    5.853701099115));
#5939 = CARTESIAN_POINT('',(235.69670518861,161.92999552762,
    5.01827898441));
#5940 = CARTESIAN_POINT('',(234.89249858837,160.73750346852,
    3.068557044422));
#5941 = CARTESIAN_POINT('',(234.08867947074,159.54316026116,
    1.119743942876));
#5942 = CARTESIAN_POINT('',(233.62819923477,158.86620003211,
    3.318206719352E-03));
#5943 = CARTESIAN_POINT('',(236.04129639957,162.41098578461,
    5.854354261076));
#5944 = CARTESIAN_POINT('',(235.69670700416,161.90301046842,
    5.01884385071));
#5945 = CARTESIAN_POINT('',(234.89250224983,160.71847813058,
    3.068923711166));
#5946 = CARTESIAN_POINT('',(234.08868623777,159.53209887888,
    1.119915346956));
#5947 = CARTESIAN_POINT('',(233.62820965765,158.85968806361,
    3.382807038838E-03));
#5948 = CARTESIAN_POINT('',(236.04129878798,162.38058692973,
    5.855007431108));
#5949 = CARTESIAN_POINT('',(235.69670885193,161.87602512273,
    5.019408851908));
#5950 = CARTESIAN_POINT('',(234.89250593057,160.69945258651,
    3.069290481672));
#5951 = CARTESIAN_POINT('',(234.08869278727,159.5210369945,
    1.120086301081));
#5952 = CARTESIAN_POINT('',(233.6282200868,158.85317553633,
    3.447483284126E-03));
#5953 = CARTESIAN_POINT('',(236.04130120245,162.35018821534,
    5.855660589694));
#5954 = CARTESIAN_POINT('',(235.69671065574,161.84904016902,5.0199736688
    ));
#5955 = CARTESIAN_POINT('',(234.89250958366,160.68042732444,
    3.069657108419));
#5956 = CARTESIAN_POINT('',(234.08869963324,159.50997579816,
    1.120257868187));
#5957 = CARTESIAN_POINT('',(233.62823050207,158.84666377402,
    3.512047597517E-03));
#5958 = CARTESIAN_POINT('',(236.04130356178,162.31978920501,
    5.856313772003));
#5959 = CARTESIAN_POINT('',(235.69671255241,161.82205438958,
    5.020538874368));
#5960 = CARTESIAN_POINT('',(234.89251329338,160.66140146837,
    3.070024035633));
#5961 = CARTESIAN_POINT('',(234.08870585466,159.49891315161,
    1.120428144053));
#5962 = CARTESIAN_POINT('',(233.62824094021,158.84015039991,
    3.576838365375E-03));
#5963 = CARTESIAN_POINT('',(236.04130522312,162.29952367409,
    5.856749188379));
#5964 = CARTESIAN_POINT('',(235.69671366763,161.80406519799,
    5.020915053167));
#5965 = CARTESIAN_POINT('',(234.89251567423,160.64871851967,
    3.070268168739));
#5966 = CARTESIAN_POINT('',(234.08871100631,159.49154038661,
    1.120543736976));
#5967 = CARTESIAN_POINT('',(233.62824785727,158.83581074287,
    3.61966065841E-03));
#5968 = CARTESIAN_POINT('',(236.04130595724,162.28939038956,
    5.856966938427));
#5969 = CARTESIAN_POINT('',(235.69671438803,161.79506915391,
    5.021103824136));
#5970 = CARTESIAN_POINT('',(234.89251696482,160.64237600346,
    3.070390763532));
#5971 = CARTESIAN_POINT('',(234.08871248716,159.4878514601,
    1.120599269775));
#5972 = CARTESIAN_POINT('',(233.62825135941,158.83363808721,
    3.641474222039E-03));
#5973 = ADVANCED_FACE('',(#5974,#6044),#6050,.T.);
#5974 = FACE_BOUND('',#5975,.T.);
#5975 = EDGE_LOOP('',(#5976,#5986,#5995,#6003,#6012,#6020,#6029,#6037));
#5976 = ORIENTED_EDGE('',*,*,#5977,.T.);
#5977 = EDGE_CURVE('',#5978,#5980,#5982,.T.);
#5978 = VERTEX_POINT('',#5979);
#5979 = CARTESIAN_POINT('',(274.35760753241,176.20804119908,
    9.530110034461E-11));
#5980 = VERTEX_POINT('',#5981);
#5981 = CARTESIAN_POINT('',(274.35760753241,158.70804119908,
    9.530110034461E-11));
#5982 = LINE('',#5983,#5984);
#5983 = CARTESIAN_POINT('',(274.35760753241,158.70804119908,
    9.530110034461E-11));
#5984 = VECTOR('',#5985,1.);
#5985 = DIRECTION('',(-2.49280070124E-28,-1.,1.258543095968E-56));
#5986 = ORIENTED_EDGE('',*,*,#5987,.T.);
#5987 = EDGE_CURVE('',#5980,#5988,#5990,.T.);
#5988 = VERTEX_POINT('',#5989);
#5989 = CARTESIAN_POINT('',(274.10760753241,158.45804119908,
    9.530110034461E-11));
#5990 = CIRCLE('',#5991,0.25);
#5991 = AXIS2_PLACEMENT_3D('',#5992,#5993,#5994);
#5992 = CARTESIAN_POINT('',(274.10760753241,158.70804119908,
    9.530110034461E-11));
#5993 = DIRECTION('',(2.019483917366E-28,1.258542609795E-56,-1.));
#5994 = DIRECTION('',(7.105427357601E-15,-1.,1.434929627469E-42));
#5995 = ORIENTED_EDGE('',*,*,#5996,.T.);
#5996 = EDGE_CURVE('',#5988,#5997,#5999,.T.);
#5997 = VERTEX_POINT('',#5998);
#5998 = CARTESIAN_POINT('',(232.79510753241,158.45804119907,
    9.513057008803E-11));
#5999 = LINE('',#6000,#6001);
#6000 = CARTESIAN_POINT('',(256.60760753241,158.45804119908,
    9.530110034461E-11));
#6001 = VECTOR('',#6002,1.);
#6002 = DIRECTION('',(-1.,-2.49280070124E-28,2.019483917366E-28));
#6003 = ORIENTED_EDGE('',*,*,#6004,.F.);
#6004 = EDGE_CURVE('',#6005,#5997,#6007,.T.);
#6005 = VERTEX_POINT('',#6006);
#6006 = CARTESIAN_POINT('',(232.54510753241,158.70804119907,
    9.513057008803E-11));
#6007 = CIRCLE('',#6008,0.25);
#6008 = AXIS2_PLACEMENT_3D('',#6009,#6010,#6011);
#6009 = CARTESIAN_POINT('',(232.79510753241,158.70804119907,
    9.513057008803E-11));
#6010 = DIRECTION('',(-8.968310171679E-44,2.517085219589E-56,1.));
#6011 = DIRECTION('',(-7.105427357601E-15,-1.,2.453361543144E-56));
#6012 = ORIENTED_EDGE('',*,*,#6013,.F.);
#6013 = EDGE_CURVE('',#6014,#6005,#6016,.T.);
#6014 = VERTEX_POINT('',#6015);
#6015 = CARTESIAN_POINT('',(232.54510753241,176.20804119907,
    9.513057008803E-11));
#6016 = LINE('',#6017,#6018);
#6017 = CARTESIAN_POINT('',(232.54510753241,158.70804119907,
    9.513057008803E-11));
#6018 = VECTOR('',#6019,1.);
#6019 = DIRECTION('',(2.407412419274E-35,-1.,-2.517085219589E-56));
#6020 = ORIENTED_EDGE('',*,*,#6021,.F.);
#6021 = EDGE_CURVE('',#6022,#6014,#6024,.T.);
#6022 = VERTEX_POINT('',#6023);
#6023 = CARTESIAN_POINT('',(232.79510753241,176.45804119907,
    9.513057008803E-11));
#6024 = CIRCLE('',#6025,0.25);
#6025 = AXIS2_PLACEMENT_3D('',#6026,#6027,#6028);
#6026 = CARTESIAN_POINT('',(232.79510753241,176.20804119907,
    9.513057008803E-11));
#6027 = DIRECTION('',(-8.968310171679E-44,2.517085219589E-56,1.));
#6028 = DIRECTION('',(-1.,7.105427357601E-15,-8.968310171679E-44));
#6029 = ORIENTED_EDGE('',*,*,#6030,.T.);
#6030 = EDGE_CURVE('',#6022,#6031,#6033,.T.);
#6031 = VERTEX_POINT('',#6032);
#6032 = CARTESIAN_POINT('',(274.10760753241,176.45804119908,
    9.530110034461E-11));
#6033 = LINE('',#6034,#6035);
#6034 = CARTESIAN_POINT('',(274.10760753241,176.45804119908,
    9.530110034461E-11));
#6035 = VECTOR('',#6036,1.);
#6036 = DIRECTION('',(1.,2.49280070124E-28,-2.019483917366E-28));
#6037 = ORIENTED_EDGE('',*,*,#6038,.T.);
#6038 = EDGE_CURVE('',#6031,#5978,#6039,.T.);
#6039 = CIRCLE('',#6040,0.25);
#6040 = AXIS2_PLACEMENT_3D('',#6041,#6042,#6043);
#6041 = CARTESIAN_POINT('',(274.10760753241,176.20804119908,
    9.530110034461E-11));
#6042 = DIRECTION('',(2.019483917366E-28,1.274473528906E-56,-1.));
#6043 = DIRECTION('',(1.,7.105427357601E-15,2.019483917366E-28));
#6044 = FACE_BOUND('',#6045,.T.);
#6045 = EDGE_LOOP('',(#6046,#6047,#6048,#6049));
#6046 = ORIENTED_EDGE('',*,*,#4895,.T.);
#6047 = ORIENTED_EDGE('',*,*,#3530,.T.);
#6048 = ORIENTED_EDGE('',*,*,#171,.T.);
#6049 = ORIENTED_EDGE('',*,*,#2352,.T.);
#6050 = PLANE('',#6051);
#6051 = AXIS2_PLACEMENT_3D('',#6052,#6053,#6054);
#6052 = CARTESIAN_POINT('',(265.35760753241,167.45804119908,
    9.530110034461E-11));
#6053 = DIRECTION('',(2.019486885489E-28,4.452184261336E-34,-1.));
#6054 = DIRECTION('',(-1.,-2.492800460498E-28,-2.019486885489E-28));
#6055 = ADVANCED_FACE('',(#6056),#6100,.F.);
#6056 = FACE_BOUND('',#6057,.F.);
#6057 = EDGE_LOOP('',(#6058,#6072,#6081,#6093));
#6058 = ORIENTED_EDGE('',*,*,#6059,.F.);
#6059 = EDGE_CURVE('',#6060,#6062,#6064,.T.);
#6060 = VERTEX_POINT('',#6061);
#6061 = CARTESIAN_POINT('',(237.15641453098,161.9738130395,
    7.194228906222));
#6062 = VERTEX_POINT('',#6063);
#6063 = CARTESIAN_POINT('',(235.72513297249,163.49983177134,
    7.252156034832));
#6064 = B_SPLINE_CURVE_WITH_KNOTS('',3,(#6065,#6066,#6067,#6068,#6069,
    #6070,#6071),.UNSPECIFIED.,.F.,.F.,(4,1,1,1,4),(0.,0.659568459937,
    0.989352689906,1.648921149843,2.308489609781),.UNSPECIFIED.);
#6065 = CARTESIAN_POINT('',(237.15641453098,161.9738130395,
    7.194228906222));
#6066 = CARTESIAN_POINT('',(236.93725011052,161.97998707886,
    7.207473019548));
#6067 = CARTESIAN_POINT('',(236.6126690818,162.07369848303,
    7.225678574129));
#6068 = CARTESIAN_POINT('',(236.1611610774,162.39154520741,
    7.247639449848));
#6069 = CARTESIAN_POINT('',(235.82590229752,162.84178120936,
    7.259792989086));
#6070 = CARTESIAN_POINT('',(235.72513925402,163.28002792882,
    7.256951754463));
#6071 = CARTESIAN_POINT('',(235.72513297249,163.49983177134,
    7.252156034832));
#6072 = ORIENTED_EDGE('',*,*,#6073,.F.);
#6073 = EDGE_CURVE('',#6074,#6060,#6076,.T.);
#6074 = VERTEX_POINT('',#6075);
#6075 = CARTESIAN_POINT('',(237.14118531763,161.74174441457,
    7.050303962777));
#6076 = CIRCLE('',#6077,0.250000000001);
#6077 = AXIS2_PLACEMENT_3D('',#6078,#6079,#6080);
#6078 = CARTESIAN_POINT('',(237.14118531763,161.96836944665,
    6.944752577972));
#6079 = DIRECTION('',(-0.997785359581,2.808341713848E-02,
    6.029674856239E-02));
#6080 = DIRECTION('',(2.428612866368E-17,-0.906500128325,0.422205539218)
  );
#6081 = ORIENTED_EDGE('',*,*,#6082,.F.);
#6082 = EDGE_CURVE('',#6083,#6074,#6085,.T.);
#6083 = VERTEX_POINT('',#6084);
#6084 = CARTESIAN_POINT('',(235.47702957024,163.496440192,7.097033892549
    ));
#6085 = B_SPLINE_CURVE_WITH_KNOTS('',3,(#6086,#6087,#6088,#6089,#6090,
    #6091,#6092),.UNSPECIFIED.,.F.,.F.,(4,1,1,1,4),(-2.308489609781,
    -1.648921149843,-0.989352689906,-0.659568459937,0.),.UNSPECIFIED.);
#6086 = CARTESIAN_POINT('',(235.47702957024,163.496440192,7.09703389255)
  );
#6087 = CARTESIAN_POINT('',(235.4851924908,163.24077681533,
    7.122643205485));
#6088 = CARTESIAN_POINT('',(235.61621056031,162.74322706725,
    7.149663347482));
#6089 = CARTESIAN_POINT('',(236.00125787249,162.23790032399,
    7.144865517537));
#6090 = CARTESIAN_POINT('',(236.51378222274,161.87347806184,
    7.11558111309));
#6091 = CARTESIAN_POINT('',(236.88457573845,161.75670480252,
    7.082424795732));
#6092 = CARTESIAN_POINT('',(237.14118531763,161.74174441456,
    7.050303962779));
#6093 = ORIENTED_EDGE('',*,*,#6094,.F.);
#6094 = EDGE_CURVE('',#6062,#6083,#6095,.T.);
#6095 = CIRCLE('',#6096,0.250000000001);
#6096 = AXIS2_PLACEMENT_3D('',#6097,#6098,#6099);
#6097 = CARTESIAN_POINT('',(235.70856608693,163.49439003795,
    7.002764924644));
#6098 = DIRECTION('',(2.859782954608E-05,-0.999762068101,
    2.181298621891E-02));
#6099 = DIRECTION('',(6.626754223528E-02,2.176693355427E-02,
    0.99756444075));
#6100 = B_SPLINE_SURFACE_WITH_KNOTS('',3,3,(
    (#6101,#6102,#6103,#6104,#6105,#6106,#6107)
    ,(#6108,#6109,#6110,#6111,#6112,#6113,#6114)
    ,(#6115,#6116,#6117,#6118,#6119,#6120,#6121)
    ,(#6122,#6123,#6124,#6125,#6126,#6127,#6128)
    ,(#6129,#6130,#6131,#6132,#6133,#6134,#6135
  )),.UNSPECIFIED.,.F.,.F.,.F.,(4,1,4),(4,1,1,1,4),(0.,0.571428571429,1.
    ),(0.,0.659568459937,0.989352689906,1.648921149843,2.308489609781),
  .UNSPECIFIED.);
#6101 = CARTESIAN_POINT('',(237.15641453098,161.9738130395,
    7.194228906222));
#6102 = CARTESIAN_POINT('',(236.93725011052,161.97998707886,
    7.207473019548));
#6103 = CARTESIAN_POINT('',(236.6126690818,162.07369848303,
    7.225678574129));
#6104 = CARTESIAN_POINT('',(236.1611610774,162.39154520741,
    7.247639449848));
#6105 = CARTESIAN_POINT('',(235.82590229752,162.84178120936,
    7.259792989086));
#6106 = CARTESIAN_POINT('',(235.72513925402,163.28002792882,
    7.256951754463));
#6107 = CARTESIAN_POINT('',(235.72513297249,163.49983177134,
    7.252156034832));
#6108 = CARTESIAN_POINT('',(237.1549421432,161.91872633127,
    7.195520783978));
#6109 = CARTESIAN_POINT('',(236.92657777637,161.92866273917,
    7.209185166132));
#6110 = CARTESIAN_POINT('',(236.59176198174,162.0285832597,
    7.227854318265));
#6111 = CARTESIAN_POINT('',(236.12656437177,162.35726553166,
    7.250481507747));
#6112 = CARTESIAN_POINT('',(235.77965561488,162.81946497395,
    7.263192122534));
#6113 = CARTESIAN_POINT('',(235.66986806781,163.27098039842,
    7.260731474758));
#6114 = CARTESIAN_POINT('',(235.66572198913,163.49991614006,
    7.256100826005));
#6115 = CARTESIAN_POINT('',(237.15035488263,161.82192343655,
    7.164697474184));
#6116 = CARTESIAN_POINT('',(236.90622272667,161.83837312992,
    7.183606688436));
#6117 = CARTESIAN_POINT('',(236.55359588803,161.94920160872,
    7.206257874439));
#6118 = CARTESIAN_POINT('',(236.06450237607,162.29681426208,
    7.231141718967));
#6119 = CARTESIAN_POINT('',(235.69704459987,162.77992036696,
    7.242505443977));
#6120 = CARTESIAN_POINT('',(235.57115650265,163.25454678422,
    7.234373667226));
#6121 = CARTESIAN_POINT('',(235.55964463616,163.4992162222,
    7.224160323543));
#6122 = CARTESIAN_POINT('',(237.14393516441,161.75916021846,
    7.087696718217));
#6123 = CARTESIAN_POINT('',(236.88996913242,161.7756979724,
    7.116014305868));
#6124 = CARTESIAN_POINT('',(236.52380372354,161.89175724518,
    7.145978234499));
#6125 = CARTESIAN_POINT('',(236.0170603156,162.25231767581,
    7.173987437659));
#6126 = CARTESIAN_POINT('',(235.63593003653,162.75187736883,
    7.180885080504));
#6127 = CARTESIAN_POINT('',(235.50447171981,163.24372549689,
    7.15963886961));
#6128 = CARTESIAN_POINT('',(235.49387240177,163.4973428226,
    7.138382388211));
#6129 = CARTESIAN_POINT('',(237.14118531763,161.74174441456,
    7.050303962779));
#6130 = CARTESIAN_POINT('',(236.88457573845,161.75670480252,
    7.082424795732));
#6131 = CARTESIAN_POINT('',(236.51378222274,161.87347806184,
    7.11558111309));
#6132 = CARTESIAN_POINT('',(236.00125787249,162.23790032399,
    7.144865517537));
#6133 = CARTESIAN_POINT('',(235.61621056031,162.74322706725,
    7.149663347482));
#6134 = CARTESIAN_POINT('',(235.4851924908,163.24077681533,
    7.122643205485));
#6135 = CARTESIAN_POINT('',(235.47702957024,163.496440192,7.09703389255)
  );
#6136 = ADVANCED_FACE('',(#6137),#6165,.F.);
#6137 = FACE_BOUND('',#6138,.F.);
#6138 = EDGE_LOOP('',(#6139,#6148,#6157,#6164));
#6139 = ORIENTED_EDGE('',*,*,#6140,.F.);
#6140 = EDGE_CURVE('',#6141,#6060,#6143,.T.);
#6141 = VERTEX_POINT('',#6142);
#6142 = CARTESIAN_POINT('',(269.74630053384,161.97381303952,
    7.19422890622));
#6143 = B_SPLINE_CURVE_WITH_KNOTS('',3,(#6144,#6145,#6146,#6147),
  .UNSPECIFIED.,.F.,.F.,(4,4),(0.,32.644425207319),
  .PIECEWISE_BEZIER_KNOTS.);
#6144 = CARTESIAN_POINT('',(269.74630053384,161.9738130395,7.19422890622
    ));
#6145 = CARTESIAN_POINT('',(258.89906182167,161.66823753315,
    6.538729904753));
#6146 = CARTESIAN_POINT('',(248.00365324317,161.66823753315,
    6.538729904753));
#6147 = CARTESIAN_POINT('',(237.156414531,161.9738130395,7.194228906221)
  );
#6148 = ORIENTED_EDGE('',*,*,#6149,.F.);
#6149 = EDGE_CURVE('',#6150,#6141,#6152,.T.);
#6150 = VERTEX_POINT('',#6151);
#6151 = CARTESIAN_POINT('',(269.7615297472,161.74174441457,
    7.050303962775));
#6152 = CIRCLE('',#6153,0.250000000002);
#6153 = AXIS2_PLACEMENT_3D('',#6154,#6155,#6156);
#6154 = CARTESIAN_POINT('',(269.7615297472,161.96836944665,6.94475257797
    ));
#6155 = DIRECTION('',(-0.997785359581,-2.808341712946E-02,
    -6.02967485771E-02));
#6156 = DIRECTION('',(-1.455189094224E-11,-0.906500128325,0.422205539219
    ));
#6157 = ORIENTED_EDGE('',*,*,#6158,.F.);
#6158 = EDGE_CURVE('',#6074,#6150,#6159,.T.);
#6159 = B_SPLINE_CURVE_WITH_KNOTS('',3,(#6160,#6161,#6162,#6163),
  .UNSPECIFIED.,.F.,.F.,(4,4),(-32.64442520731,0.),
  .PIECEWISE_BEZIER_KNOTS.);
#6160 = CARTESIAN_POINT('',(237.14118531764,161.74174441457,
    7.050303962778));
#6161 = CARTESIAN_POINT('',(247.99856183223,161.43615541109,
    6.394186396477));
#6162 = CARTESIAN_POINT('',(258.9041532326,161.4361554111,6.394186396474
    ));
#6163 = CARTESIAN_POINT('',(269.7615297472,161.74174441458,
    7.050303962774));
#6164 = ORIENTED_EDGE('',*,*,#6073,.T.);
#6165 = B_SPLINE_SURFACE_WITH_KNOTS('',3,3,(
    (#6166,#6167,#6168,#6169)
    ,(#6170,#6171,#6172,#6173)
    ,(#6174,#6175,#6176,#6177)
    ,(#6178,#6179,#6180,#6181)
    ,(#6182,#6183,#6184,#6185
  )),.UNSPECIFIED.,.F.,.F.,.F.,(4,1,4),(4,4),(0.,0.571428571429,1.),(0.,
    32.644425207319),.UNSPECIFIED.);
#6166 = CARTESIAN_POINT('',(269.74630053384,161.9738130395,7.19422890622
    ));
#6167 = CARTESIAN_POINT('',(258.89906182167,161.66823753315,
    6.538729904753));
#6168 = CARTESIAN_POINT('',(248.00365324317,161.66823753315,
    6.538729904753));
#6169 = CARTESIAN_POINT('',(237.156414531,161.9738130395,7.194228906221)
  );
#6170 = CARTESIAN_POINT('',(269.74777292163,161.91872633127,
    7.195520783972));
#6171 = CARTESIAN_POINT('',(258.89956569573,161.61317398006,
    6.539901123767));
#6172 = CARTESIAN_POINT('',(248.00314936911,161.61317398006,
    6.539901123769));
#6173 = CARTESIAN_POINT('',(237.15494214321,161.91872633127,
    7.195520783975));
#6174 = CARTESIAN_POINT('',(269.75236018218,161.82192343654,
    7.164697474176));
#6175 = CARTESIAN_POINT('',(258.9010900054,161.51640903869,6.50885110515
    ));
#6176 = CARTESIAN_POINT('',(248.00162505942,161.51640903869,
    6.508851105154));
#6177 = CARTESIAN_POINT('',(237.15035488264,161.82192343654,
    7.164697474181));
#6178 = CARTESIAN_POINT('',(269.75877990042,161.75916021848,
    7.087696718211));
#6179 = CARTESIAN_POINT('',(258.90323386875,161.45360654501,
    6.431654521569));
#6180 = CARTESIAN_POINT('',(247.99948119609,161.453606545,6.431654521572
    ));
#6181 = CARTESIAN_POINT('',(237.14393516442,161.75916021847,
    7.087696718215));
#6182 = CARTESIAN_POINT('',(269.7615297472,161.74174441458,
    7.050303962774));
#6183 = CARTESIAN_POINT('',(258.9041532326,161.4361554111,6.394186396474
    ));
#6184 = CARTESIAN_POINT('',(247.99856183223,161.43615541109,
    6.394186396477));
#6185 = CARTESIAN_POINT('',(237.14118531764,161.74174441457,
    7.050303962778));
#6186 = ADVANCED_FACE('',(#6187),#6217,.F.);
#6187 = FACE_BOUND('',#6188,.F.);
#6188 = EDGE_LOOP('',(#6189,#6199,#6200,#6210));
#6189 = ORIENTED_EDGE('',*,*,#6190,.F.);
#6190 = EDGE_CURVE('',#6062,#6191,#6193,.T.);
#6191 = VERTEX_POINT('',#6192);
#6192 = CARTESIAN_POINT('',(235.72156622634,174.15736698814,
    7.019844749429));
#6193 = B_SPLINE_CURVE_WITH_KNOTS('',3,(#6194,#6195,#6196,#6197,#6198),
  .UNSPECIFIED.,.F.,.F.,(4,1,4),(4.838635808355E-12,6.091467126779,
    10.660067471859),.UNSPECIFIED.);
#6194 = CARTESIAN_POINT('',(235.72513297249,163.49983177134,
    7.252156034831));
#6195 = CARTESIAN_POINT('',(235.72507495911,165.52983769535,
    7.207865001742));
#6196 = CARTESIAN_POINT('',(235.72317407297,169.08235034006,
    7.130475178177));
#6197 = CARTESIAN_POINT('',(235.72161324345,172.63486254014,
    7.05306279075));
#6198 = CARTESIAN_POINT('',(235.72156622634,174.15736698813,
    7.019844749429));
#6199 = ORIENTED_EDGE('',*,*,#6094,.T.);
#6200 = ORIENTED_EDGE('',*,*,#6201,.F.);
#6201 = EDGE_CURVE('',#6202,#6083,#6204,.T.);
#6202 = VERTEX_POINT('',#6203);
#6203 = CARTESIAN_POINT('',(235.47528438709,174.15407008126,
    6.869084339015));
#6204 = B_SPLINE_CURVE_WITH_KNOTS('',3,(#6205,#6206,#6207,#6208,#6209),
  .UNSPECIFIED.,.F.,.F.,(4,1,4),(-10.66006747185,-6.091467126779,
    -4.838635808355E-12),.UNSPECIFIED.);
#6205 = CARTESIAN_POINT('',(235.47528438709,174.15407008125,
    6.869084339014));
#6206 = CARTESIAN_POINT('',(235.47518833035,172.63055238439,
    6.901991088453));
#6207 = CARTESIAN_POINT('',(235.47598971704,169.07917833409,
    6.977592141565));
#6208 = CARTESIAN_POINT('',(235.47728125288,165.52521576938,
    7.053530406314));
#6209 = CARTESIAN_POINT('',(235.47702957024,163.496440192,7.097033892551
    ));
#6210 = ORIENTED_EDGE('',*,*,#6211,.F.);
#6211 = EDGE_CURVE('',#6191,#6202,#6212,.T.);
#6212 = CIRCLE('',#6213,0.25);
#6213 = AXIS2_PLACEMENT_3D('',#6214,#6215,#6216);
#6214 = CARTESIAN_POINT('',(235.70499600732,174.15192525958,
    6.770453860598));
#6215 = DIRECTION('',(3.090291444357E-05,-0.999762071381,
    2.181283276009E-02));
#6216 = DIRECTION('',(6.628087611159E-02,2.176691424389E-02,
    0.997563555322));
#6217 = B_SPLINE_SURFACE_WITH_KNOTS('',3,3,(
    (#6218,#6219,#6220,#6221,#6222)
    ,(#6223,#6224,#6225,#6226,#6227)
    ,(#6228,#6229,#6230,#6231,#6232)
    ,(#6233,#6234,#6235,#6236,#6237)
    ,(#6238,#6239,#6240,#6241,#6242
  )),.UNSPECIFIED.,.F.,.F.,.F.,(4,1,4),(4,1,4),(0.,0.571428571429,1.),(
    4.838635808355E-12,6.091467126779,10.660067471859),.UNSPECIFIED.);
#6218 = CARTESIAN_POINT('',(235.72513297249,163.49983177134,
    7.252156034831));
#6219 = CARTESIAN_POINT('',(235.72507495911,165.52983769535,
    7.207865001742));
#6220 = CARTESIAN_POINT('',(235.72317407297,169.08235034006,
    7.130475178177));
#6221 = CARTESIAN_POINT('',(235.72161324345,172.63486254014,
    7.05306279075));
#6222 = CARTESIAN_POINT('',(235.72156622634,174.15736698813,
    7.019844749429));
#6223 = CARTESIAN_POINT('',(235.66572198913,163.49991614007,
    7.256100826004));
#6224 = CARTESIAN_POINT('',(235.66582117706,165.52960831595,
    7.211802817214));
#6225 = CARTESIAN_POINT('',(235.66422284412,169.08247715302,
    7.134391404596));
#6226 = CARTESIAN_POINT('',(235.66303104479,172.63469499893,
    7.056960233355));
#6227 = CARTESIAN_POINT('',(235.66305342601,174.15744996305,
    7.023730690872));
#6228 = CARTESIAN_POINT('',(235.55964463616,163.49921622221,
    7.224160323543));
#6229 = CARTESIAN_POINT('',(235.56002351788,165.5283682926,
    7.180073079301));
#6230 = CARTESIAN_POINT('',(235.55897564443,169.08186443911,
    7.103019702699));
#6231 = CARTESIAN_POINT('',(235.55844750022,172.63358169045,
    7.02605394464));
#6232 = CARTESIAN_POINT('',(235.55859349905,174.15677409208,
    6.992901039069));
#6233 = CARTESIAN_POINT('',(235.49387240177,163.4973428226,
    7.138382388212));
#6234 = CARTESIAN_POINT('',(235.49421661144,165.52618835082,
    7.094713776367));
#6235 = CARTESIAN_POINT('',(235.49310023263,169.08006052918,
    7.018456357253));
#6236 = CARTESIAN_POINT('',(235.49250544401,172.63149817012,6.942464799)
  );
#6237 = CARTESIAN_POINT('',(235.49264008179,174.15495211933,
    6.909486788648));
#6238 = CARTESIAN_POINT('',(235.47702957024,163.496440192,7.097033892551
    ));
#6239 = CARTESIAN_POINT('',(235.47728125288,165.52521576938,
    7.053530406314));
#6240 = CARTESIAN_POINT('',(235.47598971704,169.07917833409,
    6.977592141565));
#6241 = CARTESIAN_POINT('',(235.47518833035,172.63055238439,
    6.901991088453));
#6242 = CARTESIAN_POINT('',(235.47528438709,174.15407008125,
    6.869084339014));
#6243 = ADVANCED_FACE('',(#6244),#6278,.F.);
#6244 = FACE_BOUND('',#6245,.F.);
#6245 = EDGE_LOOP('',(#6246,#6258,#6267,#6277));
#6246 = ORIENTED_EDGE('',*,*,#6247,.F.);
#6247 = EDGE_CURVE('',#6248,#6141,#6250,.T.);
#6248 = VERTEX_POINT('',#6249);
#6249 = CARTESIAN_POINT('',(271.17758209234,163.49983177135,
    7.252156034829));
#6250 = B_SPLINE_CURVE_WITH_KNOTS('',3,(#6251,#6252,#6253,#6254,#6255,
    #6256,#6257),.UNSPECIFIED.,.F.,.F.,(4,1,1,1,4),(0.,0.659568459829,
    1.319136919658,1.648921149573,2.308489609402),.UNSPECIFIED.);
#6251 = CARTESIAN_POINT('',(271.17758209234,163.49983177135,
    7.252156034829));
#6252 = CARTESIAN_POINT('',(271.1775758108,163.28002792888,7.25695175446
    ));
#6253 = CARTESIAN_POINT('',(271.07681276737,162.84178120945,
    7.259792989086));
#6254 = CARTESIAN_POINT('',(270.74155398759,162.39154520755,
    7.247639449854));
#6255 = CARTESIAN_POINT('',(270.29004598332,162.07369848313,
    7.225678574144));
#6256 = CARTESIAN_POINT('',(269.96546495465,161.97998707895,
    7.207473019565));
#6257 = CARTESIAN_POINT('',(269.74630053422,161.97381303952,
    7.194228906243));
#6258 = ORIENTED_EDGE('',*,*,#6259,.F.);
#6259 = EDGE_CURVE('',#6260,#6248,#6262,.T.);
#6260 = VERTEX_POINT('',#6261);
#6261 = CARTESIAN_POINT('',(271.42568549458,163.49644019202,
    7.097033892548));
#6262 = CIRCLE('',#6263,0.249999999999);
#6263 = AXIS2_PLACEMENT_3D('',#6264,#6265,#6266);
#6264 = CARTESIAN_POINT('',(271.1941489779,163.49439003796,
    7.002764924642));
#6265 = DIRECTION('',(-2.859783921162E-05,-0.999762068102,
    2.181298620374E-02));
#6266 = DIRECTION('',(0.926146066736,8.200616197453E-03,0.377075871628)
  );
#6267 = ORIENTED_EDGE('',*,*,#6268,.F.);
#6268 = EDGE_CURVE('',#6150,#6260,#6269,.T.);
#6269 = B_SPLINE_CURVE_WITH_KNOTS('',3,(#6270,#6271,#6272,#6273,#6274,
    #6275,#6276),.UNSPECIFIED.,.F.,.F.,(4,1,1,1,4),(-2.308489609402,
    -1.648921149573,-1.319136919658,-0.659568459829,0.),.UNSPECIFIED.);
#6270 = CARTESIAN_POINT('',(269.76152974765,161.7417444146,7.05030396283
    ));
#6271 = CARTESIAN_POINT('',(270.01813932677,161.75670480262,
    7.082424795766));
#6272 = CARTESIAN_POINT('',(270.38893284241,161.87347806199,
    7.11558111309));
#6273 = CARTESIAN_POINT('',(270.90145719251,162.23790032415,
    7.144865517525));
#6274 = CARTESIAN_POINT('',(271.28650450456,162.74322706736,
    7.149663347459));
#6275 = CARTESIAN_POINT('',(271.41752257402,163.24077681538,
    7.122643205479));
#6276 = CARTESIAN_POINT('',(271.42568549458,163.49644019201,
    7.09703389255));
#6277 = ORIENTED_EDGE('',*,*,#6149,.T.);
#6278 = B_SPLINE_SURFACE_WITH_KNOTS('',3,3,(
    (#6279,#6280,#6281,#6282,#6283,#6284,#6285)
    ,(#6286,#6287,#6288,#6289,#6290,#6291,#6292)
    ,(#6293,#6294,#6295,#6296,#6297,#6298,#6299)
    ,(#6300,#6301,#6302,#6303,#6304,#6305,#6306)
    ,(#6307,#6308,#6309,#6310,#6311,#6312,#6313
  )),.UNSPECIFIED.,.F.,.F.,.F.,(4,1,4),(4,1,1,1,4),(0.,0.571428571429,1.
    ),(0.,0.659568459829,1.319136919658,1.648921149573,2.308489609402),
  .UNSPECIFIED.);
#6279 = CARTESIAN_POINT('',(271.17758209234,163.49983177135,
    7.252156034829));
#6280 = CARTESIAN_POINT('',(271.1775758108,163.28002792888,7.25695175446
    ));
#6281 = CARTESIAN_POINT('',(271.07681276737,162.84178120945,
    7.259792989086));
#6282 = CARTESIAN_POINT('',(270.74155398759,162.39154520755,
    7.247639449854));
#6283 = CARTESIAN_POINT('',(270.29004598332,162.07369848313,
    7.225678574144));
#6284 = CARTESIAN_POINT('',(269.96546495465,161.97998707895,
    7.207473019565));
#6285 = CARTESIAN_POINT('',(269.74630053422,161.97381303952,
    7.194228906243));
#6286 = CARTESIAN_POINT('',(271.23699307569,163.49991614007,
    7.256100826002));
#6287 = CARTESIAN_POINT('',(271.23284699701,163.27098039848,
    7.260731474755));
#6288 = CARTESIAN_POINT('',(271.12305945,162.81946497406,7.263192122564)
  );
#6289 = CARTESIAN_POINT('',(270.77615069322,162.35726553179,
    7.250481507776));
#6290 = CARTESIAN_POINT('',(270.31095308338,162.0285832598,
    7.227854318308));
#6291 = CARTESIAN_POINT('',(269.97613728881,161.92866273925,
    7.20918516615));
#6292 = CARTESIAN_POINT('',(269.74777292203,161.9187263313,7.195520784)
  );
#6293 = CARTESIAN_POINT('',(271.34307042866,163.49921622221,
    7.224160323543));
#6294 = CARTESIAN_POINT('',(271.33155856218,163.25454678428,
    7.234373667224));
#6295 = CARTESIAN_POINT('',(271.205670465,162.77992036708,7.242505443959
    ));
#6296 = CARTESIAN_POINT('',(270.83821268892,162.29681426224,
    7.231141718961));
#6297 = CARTESIAN_POINT('',(270.34911917709,161.94920160885,
    7.20625787444));
#6298 = CARTESIAN_POINT('',(269.99649233853,161.83837313003,
    7.18360668846));
#6299 = CARTESIAN_POINT('',(269.75236018262,161.82192343659,
    7.164697474216));
#6300 = CARTESIAN_POINT('',(271.40884266306,163.49734282261,
    7.138382388211));
#6301 = CARTESIAN_POINT('',(271.39824334502,163.24372549694,
    7.159638869605));
#6302 = CARTESIAN_POINT('',(271.26678502835,162.75187736895,
    7.180885080478));
#6303 = CARTESIAN_POINT('',(270.8856547494,162.25231767598,
    7.173987437645));
#6304 = CARTESIAN_POINT('',(270.3789113416,161.89175724532,
    7.145978234495));
#6305 = CARTESIAN_POINT('',(270.0127459328,161.77569797251,
    7.116014305899));
#6306 = CARTESIAN_POINT('',(269.75877990086,161.75916021851,
    7.087696718262));
#6307 = CARTESIAN_POINT('',(271.42568549458,163.49644019201,
    7.09703389255));
#6308 = CARTESIAN_POINT('',(271.41752257402,163.24077681538,
    7.122643205479));
#6309 = CARTESIAN_POINT('',(271.28650450456,162.74322706736,
    7.149663347459));
#6310 = CARTESIAN_POINT('',(270.90145719251,162.23790032415,
    7.144865517525));
#6311 = CARTESIAN_POINT('',(270.38893284241,161.87347806199,
    7.11558111309));
#6312 = CARTESIAN_POINT('',(270.01813932677,161.75670480262,
    7.082424795766));
#6313 = CARTESIAN_POINT('',(269.76152974765,161.7417444146,7.05030396283
    ));
#6314 = ADVANCED_FACE('',(#6315),#6347,.F.);
#6315 = FACE_BOUND('',#6316,.F.);
#6316 = EDGE_LOOP('',(#6317,#6328,#6329,#6340));
#6317 = ORIENTED_EDGE('',*,*,#6318,.F.);
#6318 = EDGE_CURVE('',#6191,#6319,#6321,.T.);
#6319 = VERTEX_POINT('',#6320);
#6320 = CARTESIAN_POINT('',(237.10243862776,175.63895840908,
    6.899354794844));
#6321 = B_SPLINE_CURVE_WITH_KNOTS('',3,(#6322,#6323,#6324,#6325,#6326,
    #6327),.UNSPECIFIED.,.F.,.F.,(4,1,1,4),(0.,0.962809838129,
    1.604683063549,2.246556288969),.UNSPECIFIED.);
#6322 = CARTESIAN_POINT('',(235.72156622634,174.15736698814,
    7.019844749428));
#6323 = CARTESIAN_POINT('',(235.72155631772,174.47822724085,
    7.012844212158));
#6324 = CARTESIAN_POINT('',(235.89532816115,175.01103034098,
    6.989581302827));
#6325 = CARTESIAN_POINT('',(236.46553714356,175.52164675852,
    6.941471921426));
#6326 = CARTESIAN_POINT('',(236.88908495441,175.63782780711,
    6.912446883561));
#6327 = CARTESIAN_POINT('',(237.10243862776,175.63895840907,
    6.899354794844));
#6328 = ORIENTED_EDGE('',*,*,#6211,.T.);
#6329 = ORIENTED_EDGE('',*,*,#6330,.F.);
#6330 = EDGE_CURVE('',#6331,#6202,#6333,.T.);
#6331 = VERTEX_POINT('',#6332);
#6332 = CARTESIAN_POINT('',(237.08715896866,175.8825900102,
    6.671365992001));
#6333 = B_SPLINE_CURVE_WITH_KNOTS('',3,(#6334,#6335,#6336,#6337,#6338,
    #6339),.UNSPECIFIED.,.F.,.F.,(4,1,1,4),(-2.246556288969,
    -1.604683063549,-0.962809838129,0.),.UNSPECIFIED.);
#6334 = CARTESIAN_POINT('',(237.08715896866,175.8825900102,
    6.671365992001));
#6335 = CARTESIAN_POINT('',(236.83212201326,175.87917458111,
    6.71096201318));
#6336 = CARTESIAN_POINT('',(236.33460148761,175.73049686663,
    6.780015962709));
#6337 = CARTESIAN_POINT('',(235.68456679499,175.13253161647,
    6.855578794386));
#6338 = CARTESIAN_POINT('',(235.48117124082,174.52553461601,
    6.874717014942));
#6339 = CARTESIAN_POINT('',(235.47528438709,174.15407008125,
    6.869084339013));
#6340 = ORIENTED_EDGE('',*,*,#6341,.F.);
#6341 = EDGE_CURVE('',#6319,#6331,#6342,.T.);
#6342 = CIRCLE('',#6343,0.25);
#6343 = AXIS2_PLACEMENT_3D('',#6344,#6345,#6346);
#6344 = CARTESIAN_POINT('',(237.08715896866,175.63351488351,
    6.649881549692));
#6345 = DIRECTION('',(-0.998108651524,-5.282985311094E-03,
    6.124712090542E-02));
#6346 = DIRECTION('',(6.11186364113E-02,2.177410230799E-02,
    0.997892980611));
#6347 = B_SPLINE_SURFACE_WITH_KNOTS('',3,3,(
    (#6348,#6349,#6350,#6351,#6352,#6353)
    ,(#6354,#6355,#6356,#6357,#6358,#6359)
    ,(#6360,#6361,#6362,#6363,#6364,#6365)
    ,(#6366,#6367,#6368,#6369,#6370,#6371)
    ,(#6372,#6373,#6374,#6375,#6376,#6377
    )),.UNSPECIFIED.,.F.,.F.,.F.,(4,1,4),(4,1,1,4),(0.,0.571428571429,1.
    ),(0.,0.962809838129,1.604683063549,2.246556288969),.UNSPECIFIED.);
#6348 = CARTESIAN_POINT('',(235.72156622634,174.15736698814,
    7.019844749428));
#6349 = CARTESIAN_POINT('',(235.72155631772,174.47822724085,
    7.012844212158));
#6350 = CARTESIAN_POINT('',(235.89532816115,175.01103034098,
    6.989581302827));
#6351 = CARTESIAN_POINT('',(236.46553714356,175.52164675852,
    6.941471921426));
#6352 = CARTESIAN_POINT('',(236.88908495441,175.63782780711,
    6.912446883561));
#6353 = CARTESIAN_POINT('',(237.10243862776,175.63895840907,
    6.899354794844));
#6354 = CARTESIAN_POINT('',(235.66305342601,174.15744996305,
    7.023730690872));
#6355 = CARTESIAN_POINT('',(235.66590391256,174.49083924316,
    7.016206562955));
#6356 = CARTESIAN_POINT('',(235.84719578869,175.04057869084,
    6.991830379871));
#6357 = CARTESIAN_POINT('',(236.43528275997,175.5738495773,
    6.942038006734));
#6358 = CARTESIAN_POINT('',(236.87655784587,175.70277142798,
    6.911640154132));
#6359 = CARTESIAN_POINT('',(237.10197840424,175.70861416753,
    6.897863088413));
#6360 = CARTESIAN_POINT('',(235.55858028453,174.15677457953,
    6.992923399635));
#6361 = CARTESIAN_POINT('',(235.56652531533,174.51202192992,
    6.98847141481));
#6362 = CARTESIAN_POINT('',(235.76123535363,175.09177393444,
    6.964697755011));
#6363 = CARTESIAN_POINT('',(236.38029127285,175.66427542571,
    6.906687919882));
#6364 = CARTESIAN_POINT('',(236.85207197596,175.81498308091,
    6.864216673595));
#6365 = CARTESIAN_POINT('',(237.09787685478,175.8283386139,
    6.841349582753));
#6366 = CARTESIAN_POINT('',(235.49264008179,174.15495211933,
    6.909486788647));
#6367 = CARTESIAN_POINT('',(235.50011587652,174.52324217937,
    6.912196815922));
#6368 = CARTESIAN_POINT('',(235.7020489567,175.12377213389,
    6.891580338287));
#6369 = CARTESIAN_POINT('',(236.34433260508,175.71744795519,
    6.820993454785));
#6370 = CARTESIAN_POINT('',(236.83611380498,175.86995721694,
    6.759065024422));
#6371 = CARTESIAN_POINT('',(237.09037131716,175.87810783091,
    6.723329145591));
#6372 = CARTESIAN_POINT('',(235.47528438709,174.15407008125,
    6.869084339013));
#6373 = CARTESIAN_POINT('',(235.48117124082,174.52553461601,
    6.874717014942));
#6374 = CARTESIAN_POINT('',(235.68456679499,175.13253161647,
    6.855578794386));
#6375 = CARTESIAN_POINT('',(236.33460148761,175.73049686663,
    6.780015962709));
#6376 = CARTESIAN_POINT('',(236.83212201326,175.87917458111,
    6.71096201318));
#6377 = CARTESIAN_POINT('',(237.08715896866,175.8825900102,
    6.671365992001));
#6378 = ADVANCED_FACE('',(#6379),#6409,.F.);
#6379 = FACE_BOUND('',#6380,.F.);
#6380 = EDGE_LOOP('',(#6381,#6391,#6392,#6402));
#6381 = ORIENTED_EDGE('',*,*,#6382,.F.);
#6382 = EDGE_CURVE('',#6260,#6383,#6385,.T.);
#6383 = VERTEX_POINT('',#6384);
#6384 = CARTESIAN_POINT('',(271.42743067774,174.15407008128,
    6.869084339013));
#6385 = B_SPLINE_CURVE_WITH_KNOTS('',3,(#6386,#6387,#6388,#6389,#6390),
  .UNSPECIFIED.,.F.,.F.,(4,1,4),(0.,4.568600345084,10.660067471863),
  .UNSPECIFIED.);
#6386 = CARTESIAN_POINT('',(271.42568549458,163.49644019201,
    7.097033892547));
#6387 = CARTESIAN_POINT('',(271.4254967326,165.01802187504,
    7.064406277869));
#6388 = CARTESIAN_POINT('',(271.42639383153,168.57169270072,
    6.988329556371));
#6389 = CARTESIAN_POINT('',(271.42755875338,172.12271315206,
    6.912960004933));
#6390 = CARTESIAN_POINT('',(271.42743067774,174.15407008126,
    6.869084339012));
#6391 = ORIENTED_EDGE('',*,*,#6259,.T.);
#6392 = ORIENTED_EDGE('',*,*,#6393,.F.);
#6393 = EDGE_CURVE('',#6394,#6248,#6396,.T.);
#6394 = VERTEX_POINT('',#6395);
#6395 = CARTESIAN_POINT('',(271.18114883848,174.15736698815,
    7.019844749427));
#6396 = B_SPLINE_CURVE_WITH_KNOTS('',3,(#6397,#6398,#6399,#6400,#6401),
  .UNSPECIFIED.,.F.,.F.,(4,1,4),(-10.66006747186,-4.568600345084,0.),
  .UNSPECIFIED.);
#6397 = CARTESIAN_POINT('',(271.18114883847,174.15736698814,
    7.01984474943));
#6398 = CARTESIAN_POINT('',(271.181086149,172.12736105743,7.064135471194
    ));
#6399 = CARTESIAN_POINT('',(271.17908136181,168.57484829636,
    7.141518376188));
#6400 = CARTESIAN_POINT('',(271.17762560237,165.02233621435,
    7.218937760011));
#6401 = CARTESIAN_POINT('',(271.17758209234,163.49983177134,
    7.252156034828));
#6402 = ORIENTED_EDGE('',*,*,#6403,.F.);
#6403 = EDGE_CURVE('',#6383,#6394,#6404,.T.);
#6404 = CIRCLE('',#6405,0.250000000001);
#6405 = AXIS2_PLACEMENT_3D('',#6406,#6407,#6408);
#6406 = CARTESIAN_POINT('',(271.19771905751,174.15192525959,
    6.770453860596));
#6407 = DIRECTION('',(-3.090292369799E-05,-0.999762071381,
    2.181283274494E-02));
#6408 = DIRECTION('',(0.918846480909,8.579286732099E-03,0.394521913663)
  );
#6409 = B_SPLINE_SURFACE_WITH_KNOTS('',3,3,(
    (#6410,#6411,#6412,#6413,#6414)
    ,(#6415,#6416,#6417,#6418,#6419)
    ,(#6420,#6421,#6422,#6423,#6424)
    ,(#6425,#6426,#6427,#6428,#6429)
    ,(#6430,#6431,#6432,#6433,#6434
  )),.UNSPECIFIED.,.F.,.F.,.F.,(4,1,4),(4,1,4),(0.,0.571428571429,1.),(
    0.,4.568600345084,10.660067471863),.UNSPECIFIED.);
#6410 = CARTESIAN_POINT('',(271.42568549458,163.49644019201,
    7.097033892547));
#6411 = CARTESIAN_POINT('',(271.4254967326,165.01802187504,
    7.064406277869));
#6412 = CARTESIAN_POINT('',(271.42639383153,168.57169270072,
    6.988329556371));
#6413 = CARTESIAN_POINT('',(271.42755875338,172.12271315206,
    6.912960004933));
#6414 = CARTESIAN_POINT('',(271.42743067774,174.15407008126,
    6.869084339012));
#6415 = CARTESIAN_POINT('',(271.40322838588,163.49764369948,
    7.152165220095));
#6416 = CARTESIAN_POINT('',(271.4029455127,165.01929459493,
    7.119370847034));
#6417 = CARTESIAN_POINT('',(271.4036245806,168.57286795898,
    7.042903075498));
#6418 = CARTESIAN_POINT('',(271.40448758888,172.12400161691,
    6.966957896182));
#6419 = CARTESIAN_POINT('',(271.40428975146,174.15524613204,
    6.922954271859));
#6420 = CARTESIAN_POINT('',(271.32807220384,163.4994212483,
    7.233537690976));
#6421 = CARTESIAN_POINT('',(271.32781543734,165.02134105726,
    7.200428127127));
#6422 = CARTESIAN_POINT('',(271.32855005931,168.57456499039,
    7.123222823062));
#6423 = CARTESIAN_POINT('',(271.32950443725,172.12613036435,
    7.046189851592));
#6424 = CARTESIAN_POINT('',(271.3293314517,174.15697208326,
    7.001954746299));
#6425 = CARTESIAN_POINT('',(271.22214032985,163.49989504789,
    7.255114628207));
#6426 = CARTESIAN_POINT('',(271.22209646903,165.02222350808,
    7.221893763964));
#6427 = CARTESIAN_POINT('',(271.22334167293,168.5749471374,
    7.144456163631));
#6428 = CARTESIAN_POINT('',(271.22503936703,172.12717338206,
    7.067060396665));
#6429 = CARTESIAN_POINT('',(271.22503343873,174.15742921933,
    7.022759205514));
#6430 = CARTESIAN_POINT('',(271.17758209234,163.49983177134,
    7.252156034828));
#6431 = CARTESIAN_POINT('',(271.17762560237,165.02233621435,
    7.218937760011));
#6432 = CARTESIAN_POINT('',(271.17908136181,168.57484829636,
    7.141518376188));
#6433 = CARTESIAN_POINT('',(271.181086149,172.12736105743,7.064135471194
    ));
#6434 = CARTESIAN_POINT('',(271.18114883847,174.15736698814,
    7.01984474943));
#6435 = ADVANCED_FACE('',(#6436),#6464,.F.);
#6436 = FACE_BOUND('',#6437,.F.);
#6437 = EDGE_LOOP('',(#6438,#6447,#6448,#6457));
#6438 = ORIENTED_EDGE('',*,*,#6439,.F.);
#6439 = EDGE_CURVE('',#6319,#6440,#6442,.T.);
#6440 = VERTEX_POINT('',#6441);
#6441 = CARTESIAN_POINT('',(269.80027643706,175.63895840909,
    6.899354794842));
#6442 = B_SPLINE_CURVE_WITH_KNOTS('',3,(#6443,#6444,#6445,#6446),
  .UNSPECIFIED.,.F.,.F.,(4,4),(0.,32.749030728853),
  .PIECEWISE_BEZIER_KNOTS.);
#6443 = CARTESIAN_POINT('',(237.10243862776,175.63895840909,
    6.899354794844));
#6444 = CARTESIAN_POINT('',(247.98796201107,175.69664288166,
    6.231382991827));
#6445 = CARTESIAN_POINT('',(258.91475305374,175.69664288166,
    6.231382991827));
#6446 = CARTESIAN_POINT('',(269.80027643705,175.63895840909,
    6.899354794842));
#6447 = ORIENTED_EDGE('',*,*,#6341,.T.);
#6448 = ORIENTED_EDGE('',*,*,#6449,.F.);
#6449 = EDGE_CURVE('',#6450,#6331,#6452,.T.);
#6450 = VERTEX_POINT('',#6451);
#6451 = CARTESIAN_POINT('',(269.81555609616,175.88259001021,6.671365992)
  );
#6452 = B_SPLINE_CURVE_WITH_KNOTS('',3,(#6453,#6454,#6455,#6456),
  .UNSPECIFIED.,.F.,.F.,(4,4),(-32.74903072885,0.),
  .PIECEWISE_BEZIER_KNOTS.);
#6453 = CARTESIAN_POINT('',(269.81555609616,175.8825900102,
    6.671365991999));
#6454 = CARTESIAN_POINT('',(258.91985912966,175.94026089298,
    6.002771377081));
#6455 = CARTESIAN_POINT('',(247.98285593515,175.94026089298,
    6.002771377081));
#6456 = CARTESIAN_POINT('',(237.08715896866,175.8825900102,
    6.671365992001));
#6457 = ORIENTED_EDGE('',*,*,#6458,.F.);
#6458 = EDGE_CURVE('',#6440,#6450,#6459,.T.);
#6459 = CIRCLE('',#6460,0.25);
#6460 = AXIS2_PLACEMENT_3D('',#6461,#6462,#6463);
#6461 = CARTESIAN_POINT('',(269.81555609617,175.63351488351,
    6.64988154969));
#6462 = DIRECTION('',(-0.998108651523,5.282985297894E-03,
    -6.124712091962E-02));
#6463 = DIRECTION('',(-6.111863642579E-02,2.177410230796E-02,
    0.99789298061));
#6464 = B_SPLINE_SURFACE_WITH_KNOTS('',3,3,(
    (#6465,#6466,#6467,#6468)
    ,(#6469,#6470,#6471,#6472)
    ,(#6473,#6474,#6475,#6476)
    ,(#6477,#6478,#6479,#6480)
    ,(#6481,#6482,#6483,#6484
  )),.UNSPECIFIED.,.F.,.F.,.F.,(4,1,4),(4,4),(0.,0.571428571429,1.),(0.,
    32.749030728853),.UNSPECIFIED.);
#6465 = CARTESIAN_POINT('',(237.10243862776,175.63895840909,
    6.899354794844));
#6466 = CARTESIAN_POINT('',(247.98796201107,175.69664288166,
    6.231382991827));
#6467 = CARTESIAN_POINT('',(258.91475305374,175.69664288166,
    6.231382991827));
#6468 = CARTESIAN_POINT('',(269.80027643705,175.63895840909,
    6.899354794842));
#6469 = CARTESIAN_POINT('',(237.10197840424,175.70861416755,
    6.897863088411));
#6470 = CARTESIAN_POINT('',(247.98778298843,175.76628682007,
    6.229854976407));
#6471 = CARTESIAN_POINT('',(258.91493207638,175.76628682007,
    6.229854976407));
#6472 = CARTESIAN_POINT('',(269.80073666057,175.70861416755,
    6.89786308841));
#6473 = CARTESIAN_POINT('',(237.09787685478,175.82833861391,
    6.841349582751));
#6474 = CARTESIAN_POINT('',(247.98644153074,175.8859895716,
    6.173161866679));
#6475 = CARTESIAN_POINT('',(258.91627353407,175.8859895716,
    6.173161866678));
#6476 = CARTESIAN_POINT('',(269.80483821003,175.82833861391,
    6.841349582749));
#6477 = CARTESIAN_POINT('',(237.09037131716,175.87810783091,
    6.72332914559));
#6478 = CARTESIAN_POINT('',(247.98393312066,175.93576810891,
    6.054856004633));
#6479 = CARTESIAN_POINT('',(258.91878194416,175.93576810891,
    6.054856004632));
#6480 = CARTESIAN_POINT('',(269.81234374765,175.87810783091,
    6.723329145588));
#6481 = CARTESIAN_POINT('',(237.08715896866,175.8825900102,
    6.671365992001));
#6482 = CARTESIAN_POINT('',(247.98285593515,175.94026089298,
    6.002771377081));
#6483 = CARTESIAN_POINT('',(258.91985912966,175.94026089298,
    6.002771377081));
#6484 = CARTESIAN_POINT('',(269.81555609616,175.8825900102,
    6.671365991999));
#6485 = ADVANCED_FACE('',(#6486),#6508,.F.);
#6486 = FACE_BOUND('',#6487,.F.);
#6487 = EDGE_LOOP('',(#6488,#6497,#6498,#6507));
#6488 = ORIENTED_EDGE('',*,*,#6489,.F.);
#6489 = EDGE_CURVE('',#6440,#6394,#6490,.T.);
#6490 = B_SPLINE_CURVE_WITH_KNOTS('',3,(#6491,#6492,#6493,#6494,#6495,
    #6496),.UNSPECIFIED.,.F.,.F.,(4,1,1,4),(6.47856242708E-13,
    0.641879664484,1.283759328968,2.246578825693),.UNSPECIFIED.);
#6491 = CARTESIAN_POINT('',(269.80027643706,175.6389584091,
    6.899354794843));
#6492 = CARTESIAN_POINT('',(270.01363225071,175.63782779579,
    6.912447014895));
#6493 = CARTESIAN_POINT('',(270.43718338376,175.52165019093,
    6.941472186679));
#6494 = CARTESIAN_POINT('',(271.00739507093,175.01101818581,
    6.989582106759));
#6495 = CARTESIAN_POINT('',(271.1811587472,174.4782304596,7.012844141929
    ));
#6496 = CARTESIAN_POINT('',(271.18114883848,174.15736698815,
    7.019844749426));
#6497 = ORIENTED_EDGE('',*,*,#6458,.T.);
#6498 = ORIENTED_EDGE('',*,*,#6499,.F.);
#6499 = EDGE_CURVE('',#6383,#6450,#6500,.T.);
#6500 = B_SPLINE_CURVE_WITH_KNOTS('',3,(#6501,#6502,#6503,#6504,#6505,
    #6506),.UNSPECIFIED.,.F.,.F.,(4,1,1,4),(-2.246578825693,
    -1.283759328968,-0.641879664484,-6.47856242708E-13),.UNSPECIFIED.);
#6501 = CARTESIAN_POINT('',(271.42743067773,174.15407008127,
    6.86908433901));
#6502 = CARTESIAN_POINT('',(271.42154376494,174.52553834241,
    6.874717071443));
#6503 = CARTESIAN_POINT('',(271.21815756764,175.13251768478,
    6.855579803472));
#6504 = CARTESIAN_POINT('',(270.56811987264,175.73050056456,
    6.780016893097));
#6505 = CARTESIAN_POINT('',(270.07059561001,175.87917454687,
    6.710962410393));
#6506 = CARTESIAN_POINT('',(269.81555609617,175.88259001021,6.671365992)
  );
#6507 = ORIENTED_EDGE('',*,*,#6403,.T.);
#6508 = B_SPLINE_SURFACE_WITH_KNOTS('',3,3,(
    (#6509,#6510,#6511,#6512,#6513,#6514)
    ,(#6515,#6516,#6517,#6518,#6519,#6520)
    ,(#6521,#6522,#6523,#6524,#6525,#6526)
    ,(#6527,#6528,#6529,#6530,#6531,#6532)
    ,(#6533,#6534,#6535,#6536,#6537,#6538
    )),.UNSPECIFIED.,.F.,.F.,.F.,(4,1,4),(4,1,1,4),(0.,0.571428571429,1.
    ),(6.47856242708E-13,0.641879664484,1.283759328968,2.246578825693),
  .UNSPECIFIED.);
#6509 = CARTESIAN_POINT('',(269.80027643706,175.6389584091,
    6.899354794843));
#6510 = CARTESIAN_POINT('',(270.01363225071,175.63782779579,
    6.912447014895));
#6511 = CARTESIAN_POINT('',(270.43718338376,175.52165019093,
    6.941472186679));
#6512 = CARTESIAN_POINT('',(271.00739507093,175.01101818581,
    6.989582106759));
#6513 = CARTESIAN_POINT('',(271.1811587472,174.4782304596,7.012844141929
    ));
#6514 = CARTESIAN_POINT('',(271.18114883848,174.15736698815,
    7.019844749426));
#6515 = CARTESIAN_POINT('',(269.80073666058,175.70861416756,
    6.89786308841));
#6516 = CARTESIAN_POINT('',(270.02615948029,175.70277136939,
    6.911640292336));
#6517 = CARTESIAN_POINT('',(270.46743794934,175.57385300884,
    6.94203828098));
#6518 = CARTESIAN_POINT('',(271.0555277058,175.04056611462,
    6.991831211416));
#6519 = CARTESIAN_POINT('',(271.23681112367,174.49084258759,
    7.016206487474));
#6520 = CARTESIAN_POINT('',(271.23966163881,174.15744996307,
    7.02373069087));
#6521 = CARTESIAN_POINT('',(269.80483821005,175.82833861393,
    6.841349582753));
#6522 = CARTESIAN_POINT('',(270.0506455547,175.81498294696,6.86421690299
    ));
#6523 = CARTESIAN_POINT('',(270.5224297453,175.6642788651,6.906688384095
    ));
#6524 = CARTESIAN_POINT('',(271.1414885974,175.09176062568,
    6.964698659578));
#6525 = CARTESIAN_POINT('',(271.33618966979,174.51202549364,
    6.98847137015));
#6526 = CARTESIAN_POINT('',(271.34413478029,174.15677457956,
    6.992923399635));
#6527 = CARTESIAN_POINT('',(269.81234374766,175.87810783092,
    6.723329145589));
#6528 = CARTESIAN_POINT('',(270.06660381047,175.86995713519,
    6.759065382911));
#6529 = CARTESIAN_POINT('',(270.55838866406,175.71745155341,
    6.820994255728));
#6530 = CARTESIAN_POINT('',(271.20067530986,175.12375834099,
    6.891581320676));
#6531 = CARTESIAN_POINT('',(271.4025991133,174.52324587392,
    6.912196843105));
#6532 = CARTESIAN_POINT('',(271.41007498303,174.15495211935,
    6.909486788645));
#6533 = CARTESIAN_POINT('',(269.81555609617,175.88259001021,6.671365992)
  );
#6534 = CARTESIAN_POINT('',(270.07059561001,175.87917454687,
    6.710962410393));
#6535 = CARTESIAN_POINT('',(270.56811987264,175.73050056456,
    6.780016893097));
#6536 = CARTESIAN_POINT('',(271.21815756764,175.13251768478,
    6.855579803472));
#6537 = CARTESIAN_POINT('',(271.42154376494,174.52553834241,
    6.874717071443));
#6538 = CARTESIAN_POINT('',(271.42743067773,174.15407008127,
    6.86908433901));
#6539 = ADVANCED_FACE('',(#6540),#6556,.T.);
#6540 = FACE_BOUND('',#6541,.T.);
#6541 = EDGE_LOOP('',(#6542,#6548,#6549,#6555));
#6542 = ORIENTED_EDGE('',*,*,#6543,.F.);
#6543 = EDGE_CURVE('',#6383,#5978,#6544,.T.);
#6544 = LINE('',#6545,#6546);
#6545 = CARTESIAN_POINT('',(271.35760753241,174.10512603081,
    7.032767658422));
#6546 = VECTOR('',#6547,1.);
#6547 = DIRECTION('',(0.378318717734,0.265190723321,-0.886875880874));
#6548 = ORIENTED_EDGE('',*,*,#6382,.F.);
#6549 = ORIENTED_EDGE('',*,*,#6550,.T.);
#6550 = EDGE_CURVE('',#6260,#5980,#6551,.T.);
#6551 = LINE('',#6552,#6553);
#6552 = CARTESIAN_POINT('',(271.35760753241,163.60762474647,
    7.261823951285));
#6553 = VECTOR('',#6554,1.);
#6554 = DIRECTION('',(0.323988428895,-0.529136125252,-0.784248977618));
#6555 = ORIENTED_EDGE('',*,*,#5977,.F.);
#6556 = B_SPLINE_SURFACE_WITH_KNOTS('',3,3,(
    (#6557,#6558,#6559,#6560)
    ,(#6561,#6562,#6563,#6564)
    ,(#6565,#6566,#6567,#6568)
    ,(#6569,#6570,#6571,#6572
    )),.UNSPECIFIED.,.F.,.F.,.F.,(4,4),(4,4),(0.,1.),(2.268347815914E-02
    ,1.),.PIECEWISE_BEZIER_KNOTS.);
#6557 = CARTESIAN_POINT('',(271.42565796689,174.1528274611,
    6.873240026846));
#6558 = CARTESIAN_POINT('',(272.40297448873,174.83789870709,
    4.582160017929));
#6559 = CARTESIAN_POINT('',(273.38029101057,175.52296995309,
    2.291080009012));
#6560 = CARTESIAN_POINT('',(274.35760753241,176.20804119908,
    9.530110034461E-11));
#6561 = CARTESIAN_POINT('',(271.42565796689,173.25455827374,
    6.892775540748));
#6562 = CARTESIAN_POINT('',(272.40297448873,174.19541935089,
    4.595183693864));
#6563 = CARTESIAN_POINT('',(273.38029101057,175.13628042803,
    2.29759184698));
#6564 = CARTESIAN_POINT('',(274.35760753241,176.07714150518,
    9.530110034461E-11));
#6565 = CARTESIAN_POINT('',(271.42565796689,164.39475433745,
    7.07756501239));
#6566 = CARTESIAN_POINT('',(272.40297448873,162.54281652263,
    4.718376674958));
#6567 = CARTESIAN_POINT('',(273.38029101057,160.69087870779,
    2.359188337527));
#6568 = CARTESIAN_POINT('',(274.35760753241,158.83894089298,
    9.530110034461E-11));
#6569 = CARTESIAN_POINT('',(271.42565796689,163.49648515009,
    7.097100526292));
#6570 = CARTESIAN_POINT('',(272.40297448873,161.90033716642,
    4.731400350893));
#6571 = CARTESIAN_POINT('',(273.38029101057,160.30418918275,
    2.365700175494));
#6572 = CARTESIAN_POINT('',(274.35760753241,158.70804119908,
    9.530110034461E-11));
#6573 = ADVANCED_FACE('',(#6574),#6585,.T.);
#6574 = FACE_BOUND('',#6575,.T.);
#6575 = EDGE_LOOP('',(#6576,#6577,#6583,#6584));
#6576 = ORIENTED_EDGE('',*,*,#6268,.F.);
#6577 = ORIENTED_EDGE('',*,*,#6578,.T.);
#6578 = EDGE_CURVE('',#6150,#5988,#6579,.T.);
#6579 = LINE('',#6580,#6581);
#6580 = CARTESIAN_POINT('',(269.60760753241,161.85804119908,
    7.300000000095));
#6581 = VECTOR('',#6582,1.);
#6582 = DIRECTION('',(0.487806669338,-0.368565039056,-0.791330819149));
#6583 = ORIENTED_EDGE('',*,*,#5987,.F.);
#6584 = ORIENTED_EDGE('',*,*,#6550,.F.);
#6585 = B_SPLINE_SURFACE_WITH_KNOTS('',3,3,(
    (#6586,#6587,#6588,#6589)
    ,(#6590,#6591,#6592,#6593)
    ,(#6594,#6595,#6596,#6597)
    ,(#6598,#6599,#6600,#6601)
    ,(#6602,#6603,#6604,#6605)
    ,(#6606,#6607,#6608,#6609)
    ,(#6610,#6611,#6612,#6613
    )),.UNSPECIFIED.,.F.,.F.,.F.,(4,1,1,1,4),(4,4),(-1.420327163522E-12,
    0.285714285714,0.428571428571,0.714285714287,1.000000000002),(
    1.852238625139E-02,1.),.UNSPECIFIED.);
#6586 = CARTESIAN_POINT('',(271.41317469117,163.51687276753,
    7.127317643171));
#6587 = CARTESIAN_POINT('',(272.39465230492,161.91392891138,
    4.751545095479));
#6588 = CARTESIAN_POINT('',(273.37612991866,160.31098505523,
    2.375772547787));
#6589 = CARTESIAN_POINT('',(274.35760753241,158.70804119908,
    9.530110034461E-11));
#6590 = CARTESIAN_POINT('',(271.41317469117,163.25929094068,
    7.132922983082));
#6591 = CARTESIAN_POINT('',(272.39450362058,161.72979854782,
    4.755280525139));
#6592 = CARTESIAN_POINT('',(273.37627860299,160.2001336794,
    2.377642458038));
#6593 = CARTESIAN_POINT('',(274.35760753241,158.67064128653,
    9.530110034461E-11));
#6594 = CARTESIAN_POINT('',(271.32457036139,162.87342209284,
    7.141320027546));
#6595 = CARTESIAN_POINT('',(272.33127637209,161.45382750297,
    4.760879816921));
#6596 = CARTESIAN_POINT('',(273.33803955956,160.0342091709,2.38044021072
    ));
#6597 = CARTESIAN_POINT('',(274.34474557025,158.61461458102,
    9.530243261224E-11));
#6598 = CARTESIAN_POINT('',(270.97978326984,162.32446440181,
    7.153266112767));
#6599 = CARTESIAN_POINT('',(272.08469110166,161.06132855039,
    4.768842812006));
#6600 = CARTESIAN_POINT('',(273.18978783073,159.79804384022,
    2.384423300856));
#6601 = CARTESIAN_POINT('',(274.29469566255,158.5349079888,
    9.530198852303E-11));
#6602 = CARTESIAN_POINT('',(270.4638368568,161.91262376097,7.16222833968
    ));
#6603 = CARTESIAN_POINT('',(271.71577905922,160.76681259657,
    4.774818214352));
#6604 = CARTESIAN_POINT('',(272.96785776077,159.62092144099,
    2.387410125423));
#6605 = CARTESIAN_POINT('',(274.2197999632,158.4751102766,
    9.530154443382E-11));
#6606 = CARTESIAN_POINT('',(269.94860124458,161.79506508582,
    7.16478658046));
#6607 = CARTESIAN_POINT('',(271.34746353443,160.68277619718,
    4.776523052841));
#6608 = CARTESIAN_POINT('',(272.74614515511,159.57033008772,
    2.388263527714));
#6609 = CARTESIAN_POINT('',(274.14500744496,158.45804119908,
    9.530110034461E-11));
#6610 = CARTESIAN_POINT('',(269.69095827054,161.79506508582,
    7.16478658046));
#6611 = CARTESIAN_POINT('',(271.16317469117,160.68272379024,
    4.776524387005));
#6612 = CARTESIAN_POINT('',(272.63539111179,159.57038249466,
    2.38826219355));
#6613 = CARTESIAN_POINT('',(274.10760753241,158.45804119908,
    9.530110034461E-11));
#6614 = ADVANCED_FACE('',(#6615),#6626,.T.);
#6615 = FACE_BOUND('',#6616,.T.);
#6616 = EDGE_LOOP('',(#6617,#6618,#6624,#6625));
#6617 = ORIENTED_EDGE('',*,*,#6158,.F.);
#6618 = ORIENTED_EDGE('',*,*,#6619,.T.);
#6619 = EDGE_CURVE('',#6074,#5997,#6620,.T.);
#6620 = LINE('',#6621,#6622);
#6621 = CARTESIAN_POINT('',(237.29510753241,161.85804119907,
    7.300000000095));
#6622 = VECTOR('',#6623,1.);
#6623 = DIRECTION('',(-0.487806669338,-0.368565039056,-0.791330819149));
#6624 = ORIENTED_EDGE('',*,*,#5996,.F.);
#6625 = ORIENTED_EDGE('',*,*,#6578,.F.);
#6626 = PLANE('',#6627);
#6627 = AXIS2_PLACEMENT_3D('',#6628,#6629,#6630);
#6628 = CARTESIAN_POINT('',(269.60760753241,161.85804119908,
    7.300000000095));
#6629 = DIRECTION('',(-3.112361233606E-28,-0.906500128324,0.42220553922)
  );
#6630 = DIRECTION('',(-7.781882676491E-29,0.42220553922,0.906500128324)
  );
#6631 = ADVANCED_FACE('',(#6632),#6643,.F.);
#6632 = FACE_BOUND('',#6633,.F.);
#6633 = EDGE_LOOP('',(#6634,#6635,#6636,#6642));
#6634 = ORIENTED_EDGE('',*,*,#6619,.T.);
#6635 = ORIENTED_EDGE('',*,*,#6004,.F.);
#6636 = ORIENTED_EDGE('',*,*,#6637,.F.);
#6637 = EDGE_CURVE('',#6083,#6005,#6638,.T.);
#6638 = LINE('',#6639,#6640);
#6639 = CARTESIAN_POINT('',(235.54510753241,163.60762474646,
    7.261823951284));
#6640 = VECTOR('',#6641,1.);
#6641 = DIRECTION('',(-0.323988428895,-0.529136125252,-0.784248977618));
#6642 = ORIENTED_EDGE('',*,*,#6082,.T.);
#6643 = B_SPLINE_SURFACE_WITH_KNOTS('',3,3,(
    (#6644,#6645,#6646,#6647)
    ,(#6648,#6649,#6650,#6651)
    ,(#6652,#6653,#6654,#6655)
    ,(#6656,#6657,#6658,#6659)
    ,(#6660,#6661,#6662,#6663)
    ,(#6664,#6665,#6666,#6667)
    ,(#6668,#6669,#6670,#6671
    )),.UNSPECIFIED.,.F.,.F.,.F.,(4,1,1,1,4),(4,4),(-7.700852783486E-13,
    0.285714285714,0.428571428572,0.714285714286,1.000000000001),(
    1.852238625175E-02,1.),.UNSPECIFIED.);
#6644 = CARTESIAN_POINT('',(235.48954037366,163.51687276753,
    7.127317643168));
#6645 = CARTESIAN_POINT('',(234.50806275991,161.91392891138,
    4.751545095477));
#6646 = CARTESIAN_POINT('',(233.52658514616,160.31098505522,
    2.375772547786));
#6647 = CARTESIAN_POINT('',(232.54510753241,158.70804119907,
    9.513057008803E-11));
#6648 = CARTESIAN_POINT('',(235.48954037366,163.25929094068,
    7.132922983079));
#6649 = CARTESIAN_POINT('',(234.50821144424,161.72979854782,
    4.755280525137));
#6650 = CARTESIAN_POINT('',(233.52643646183,160.20013367939,
    2.377642458037));
#6651 = CARTESIAN_POINT('',(232.54510753241,158.67064128653,
    9.513057008803E-11));
#6652 = CARTESIAN_POINT('',(235.57814470346,162.87342209285,
    7.141320027543));
#6653 = CARTESIAN_POINT('',(234.57143869277,161.45382750297,
    4.760879816919));
#6654 = CARTESIAN_POINT('',(233.56467550527,160.03420917088,
    2.380440210719));
#6655 = CARTESIAN_POINT('',(232.55796949458,158.614614581,
    9.513012599882E-11));
#6656 = CARTESIAN_POINT('',(235.922931795,162.32446440182,7.153266112763
    ));
#6657 = CARTESIAN_POINT('',(234.81802396318,161.0613285504,
    4.768842812003));
#6658 = CARTESIAN_POINT('',(233.7129272341,159.7980438402,2.384423300855
    ));
#6659 = CARTESIAN_POINT('',(232.60801940228,158.53490798878,
    9.513145826645E-11));
#6660 = CARTESIAN_POINT('',(236.43887820806,161.91262376099,
    7.162228339676));
#6661 = CARTESIAN_POINT('',(235.18693600563,160.7668125966,4.77481821435
    ));
#6662 = CARTESIAN_POINT('',(233.93485730406,159.62092144098,
    2.387410125422));
#6663 = CARTESIAN_POINT('',(232.68291510163,158.47511027658,
    9.513012599882E-11));
#6664 = CARTESIAN_POINT('',(236.95411382024,161.79506508582,
    7.164786580457));
#6665 = CARTESIAN_POINT('',(235.55525153039,160.68277619718,
    4.776523052839));
#6666 = CARTESIAN_POINT('',(234.15656990971,159.57033008771,
    2.388263527713));
#6667 = CARTESIAN_POINT('',(232.75770761987,158.45804119907,
    9.513057008803E-11));
#6668 = CARTESIAN_POINT('',(237.21175679428,161.79506508582,
    7.164786580457));
#6669 = CARTESIAN_POINT('',(235.73954037366,160.68272379024,
    4.776524387003));
#6670 = CARTESIAN_POINT('',(234.26732395304,159.57038249465,
    2.388262193549));
#6671 = CARTESIAN_POINT('',(232.79510753241,158.45804119907,
    9.513057008803E-11));
#6672 = ADVANCED_FACE('',(#6673),#6683,.T.);
#6673 = FACE_BOUND('',#6674,.T.);
#6674 = EDGE_LOOP('',(#6675,#6676,#6677,#6678,#6679,#6680,#6681,#6682));
#6675 = ORIENTED_EDGE('',*,*,#6059,.F.);
#6676 = ORIENTED_EDGE('',*,*,#6140,.F.);
#6677 = ORIENTED_EDGE('',*,*,#6247,.F.);
#6678 = ORIENTED_EDGE('',*,*,#6393,.F.);
#6679 = ORIENTED_EDGE('',*,*,#6489,.F.);
#6680 = ORIENTED_EDGE('',*,*,#6439,.F.);
#6681 = ORIENTED_EDGE('',*,*,#6318,.F.);
#6682 = ORIENTED_EDGE('',*,*,#6190,.F.);
#6683 = ( BOUNDED_SURFACE() B_SPLINE_SURFACE(1,2,(
    (#6684,#6685,#6686)
    ,(#6687,#6688,#6689
)),.UNSPECIFIED.,.F.,.F.,.F.) B_SPLINE_SURFACE_WITH_KNOTS((2,2),(3,3),(
    -3.155431651128E-12,0.181037918138),(-3.373483120857E-15,
    0.201679047216),.PIECEWISE_BEZIER_KNOTS.) 
GEOMETRIC_REPRESENTATION_ITEM() RATIONAL_B_SPLINE_SURFACE((
    (1.,0.994920002138,1.)
,(1.,0.994920002138,1.))) REPRESENTATION_ITEM('') SURFACE() );
#6684 = CARTESIAN_POINT('',(227.28566143135,188.86651131847,
    7.393644079506));
#6685 = CARTESIAN_POINT('',(254.2217169756,188.80875605532,
    4.746757844585));
#6686 = CARTESIAN_POINT('',(281.14215858294,188.86987766646,
    7.547921622206));
#6687 = CARTESIAN_POINT('',(227.28566143136,140.45132947323,
    8.450067106493));
#6688 = CARTESIAN_POINT('',(254.22171697562,140.39357421008,
    5.803180871572));
#6689 = CARTESIAN_POINT('',(281.14215858296,140.45469582122,
    8.604344649193));
#6690 = ADVANCED_FACE('',(#6691),#6707,.F.);
#6691 = FACE_BOUND('',#6692,.F.);
#6692 = EDGE_LOOP('',(#6693,#6699,#6700,#6706));
#6693 = ORIENTED_EDGE('',*,*,#6694,.T.);
#6694 = EDGE_CURVE('',#6202,#6014,#6695,.T.);
#6695 = LINE('',#6696,#6697);
#6696 = CARTESIAN_POINT('',(235.54510753241,174.1051260308,
    7.032767658421));
#6697 = VECTOR('',#6698,1.);
#6698 = DIRECTION('',(-0.378318717734,0.265190723321,-0.886875880874));
#6699 = ORIENTED_EDGE('',*,*,#6021,.F.);
#6700 = ORIENTED_EDGE('',*,*,#6701,.F.);
#6701 = EDGE_CURVE('',#6331,#6022,#6702,.T.);
#6702 = LINE('',#6703,#6704);
#6703 = CARTESIAN_POINT('',(237.29510753241,175.85470957819,
    6.994591609611));
#6704 = VECTOR('',#6705,1.);
#6705 = DIRECTION('',(-0.539635378254,7.235090832107E-02,-0.838784241985
    ));
#6706 = ORIENTED_EDGE('',*,*,#6330,.T.);
#6707 = B_SPLINE_SURFACE_WITH_KNOTS('',3,3,(
    (#6708,#6709,#6710,#6711)
    ,(#6712,#6713,#6714,#6715)
    ,(#6716,#6717,#6718,#6719)
    ,(#6720,#6721,#6722,#6723)
    ,(#6724,#6725,#6726,#6727)
    ,(#6728,#6729,#6730,#6731)
    ,(#6732,#6733,#6734,#6735
    )),.UNSPECIFIED.,.F.,.F.,.F.,(4,1,1,1,4),(4,4),(3.142593569731E-13,
    0.285714285715,0.428571428572,0.714285714287,1.000000000002),(
    2.181415240929E-02,1.),.UNSPECIFIED.);
#6708 = CARTESIAN_POINT('',(237.19694384657,175.86787074612,6.8420105222
    ));
#6709 = CARTESIAN_POINT('',(235.72966507518,176.06459423044,
    4.561340348165));
#6710 = CARTESIAN_POINT('',(234.2623863038,176.26131771475,2.28067017413
    ));
#6711 = CARTESIAN_POINT('',(232.79510753241,176.45804119907,
    9.513057008803E-11));
#6712 = CARTESIAN_POINT('',(236.94003954312,175.86787074612,6.8420105222
    ));
#6713 = CARTESIAN_POINT('',(235.54598621698,176.06444608592,
    4.561344119594));
#6714 = CARTESIAN_POINT('',(234.15176094601,176.26146585927,
    2.280666402701));
#6715 = CARTESIAN_POINT('',(232.75770761987,176.45804119907,
    9.513057008803E-11));
#6716 = CARTESIAN_POINT('',(236.55518565504,175.77954140587,
    6.84393175314));
#6717 = CARTESIAN_POINT('',(235.27069196455,176.00140169312,
    4.562621652229));
#6718 = CARTESIAN_POINT('',(233.98617460484,176.22331894964,
    2.281310101007));
#6719 = CARTESIAN_POINT('',(232.70168091435,176.44517923688,
    9.512968190961E-11));
#6720 = CARTESIAN_POINT('',(236.00767190006,175.43582438484,
    6.851407862139));
#6721 = CARTESIAN_POINT('',(234.87915550767,175.75552996245,
    4.567606838606));
#6722 = CARTESIAN_POINT('',(233.75049071452,176.07542375158,
    2.283801023628));
#6723 = CARTESIAN_POINT('',(232.62197432214,176.39512932919,
    9.513145826645E-11));
#6724 = CARTESIAN_POINT('',(235.59691453316,174.921479247,6.86259526363)
  );
#6725 = CARTESIAN_POINT('',(234.58536180714,175.38768537339,
    4.575064663235));
#6726 = CARTESIAN_POINT('',(233.57372933597,175.85402750344,
    2.28753060049));
#6727 = CARTESIAN_POINT('',(232.56217660995,176.32023362984,
    9.513057008803E-11));
#6728 = CARTESIAN_POINT('',(235.47966507518,174.40784270411,
    6.873767252636));
#6729 = CARTESIAN_POINT('',(234.50153147327,175.02043551102,
    4.582509974211));
#6730 = CARTESIAN_POINT('',(233.52324113432,175.63284830471,
    2.291257278521));
#6731 = CARTESIAN_POINT('',(232.54510753241,176.24544111162,
    9.513057008803E-11));
#6732 = CARTESIAN_POINT('',(235.47966507518,174.15099934279,
    6.879353792864));
#6733 = CARTESIAN_POINT('',(234.50147922759,174.83667996155,
    4.586235861941));
#6734 = CARTESIAN_POINT('',(233.52329338,175.52236058031,2.293117931018)
  );
#6735 = CARTESIAN_POINT('',(232.54510753241,176.20804119907,
    9.513057008803E-11));
#6736 = ADVANCED_FACE('',(#6737),#6748,.T.);
#6737 = FACE_BOUND('',#6738,.T.);
#6738 = EDGE_LOOP('',(#6739,#6740,#6741,#6742));
#6739 = ORIENTED_EDGE('',*,*,#6499,.F.);
#6740 = ORIENTED_EDGE('',*,*,#6543,.T.);
#6741 = ORIENTED_EDGE('',*,*,#6038,.F.);
#6742 = ORIENTED_EDGE('',*,*,#6743,.F.);
#6743 = EDGE_CURVE('',#6450,#6031,#6744,.T.);
#6744 = LINE('',#6745,#6746);
#6745 = CARTESIAN_POINT('',(269.60760753241,175.8547095782,
    6.994591609611));
#6746 = VECTOR('',#6747,1.);
#6747 = DIRECTION('',(0.539635378254,7.235090832107E-02,-0.838784241985)
  );
#6748 = B_SPLINE_SURFACE_WITH_KNOTS('',3,3,(
    (#6749,#6750,#6751,#6752)
    ,(#6753,#6754,#6755,#6756)
    ,(#6757,#6758,#6759,#6760)
    ,(#6761,#6762,#6763,#6764)
    ,(#6765,#6766,#6767,#6768)
    ,(#6769,#6770,#6771,#6772)
    ,(#6773,#6774,#6775,#6776
    )),.UNSPECIFIED.,.F.,.F.,.F.,(4,1,1,1,4),(4,4),(-3.132264922948E-12,
    0.285714285713,0.57142857143,0.714285714288,1.000000000004),(
    2.201056189464E-02,1.),.UNSPECIFIED.);
#6749 = CARTESIAN_POINT('',(269.70665506093,175.86798924618,
    6.840636718062));
#6750 = CARTESIAN_POINT('',(271.17363921809,176.06467323048,
    4.56042447874));
#6751 = CARTESIAN_POINT('',(272.64062337525,176.26135721478,
    2.280212239418));
#6752 = CARTESIAN_POINT('',(274.10760753241,176.45804119908,
    9.530110034461E-11));
#6753 = CARTESIAN_POINT('',(269.96351529019,175.86798924618,
    6.840636718062));
#6754 = CARTESIAN_POINT('',(271.35740601747,176.06462100979,
    4.560425808162));
#6755 = CARTESIAN_POINT('',(272.75111671768,176.26140943547,
    2.280210909995));
#6756 = CARTESIAN_POINT('',(274.14500744496,176.45804119908,
    9.530110034461E-11));
#6757 = CARTESIAN_POINT('',(270.47718556566,175.75078771141,
    6.843185866846));
#6758 = CARTESIAN_POINT('',(271.72467836014,175.98082261246,
    4.562124587649));
#6759 = CARTESIAN_POINT('',(272.9723071687,176.21093722049,
    2.281061279291));
#6760 = CARTESIAN_POINT('',(274.21979996318,176.44097212154,
    9.530110034461E-11));
#6761 = CARTESIAN_POINT('',(270.9915644826,175.34019823267,
    6.852116241965));
#6762 = CARTESIAN_POINT('',(272.09254546725,175.68714084831,
    4.56807875339));
#6763 = CARTESIAN_POINT('',(273.19371467788,176.03423179371,
    2.284037488671));
#6764 = CARTESIAN_POINT('',(274.29469566253,176.38117440935,
    9.53006562554E-11));
#6765 = CARTESIAN_POINT('',(271.33530407693,174.79290826205,
    6.864019870748));
#6766 = CARTESIAN_POINT('',(272.33843225015,175.29575356112,
    4.576013447956));
#6767 = CARTESIAN_POINT('',(273.34161739701,175.79862251807,
    2.288006422887));
#6768 = CARTESIAN_POINT('',(274.34474557023,176.30146781714,
    9.529976807698E-11));
#6769 = CARTESIAN_POINT('',(271.4236392181,174.40821167465,
    6.872387072079));
#6770 = CARTESIAN_POINT('',(272.40148050029,175.02056419944,
    4.58159283983));
#6771 = CARTESIAN_POINT('',(273.37976625021,175.63308858683,
    2.290794232344));
#6772 = CARTESIAN_POINT('',(274.35760753241,176.24544111162,
    9.530110034461E-11));
#6773 = CARTESIAN_POINT('',(271.4236392181,174.15141237527,
    6.877972490588));
#6774 = CARTESIAN_POINT('',(272.4016286562,174.83695531653,
    4.585314993757));
#6775 = CARTESIAN_POINT('',(273.37961809431,175.52249825781,
    2.292657496926));
#6776 = CARTESIAN_POINT('',(274.35760753241,176.20804119908,
    9.530110034461E-11));
#6777 = ADVANCED_FACE('',(#6778),#6792,.F.);
#6778 = FACE_BOUND('',#6779,.F.);
#6779 = EDGE_LOOP('',(#6780,#6781,#6782,#6783,#6784,#6785,#6786,#6787,
    #6788,#6789,#6790,#6791));
#6780 = ORIENTED_EDGE('',*,*,#4518,.T.);
#6781 = ORIENTED_EDGE('',*,*,#4552,.T.);
#6782 = ORIENTED_EDGE('',*,*,#4616,.T.);
#6783 = ORIENTED_EDGE('',*,*,#4682,.T.);
#6784 = ORIENTED_EDGE('',*,*,#4748,.T.);
#6785 = ORIENTED_EDGE('',*,*,#4812,.T.);
#6786 = ORIENTED_EDGE('',*,*,#4844,.T.);
#6787 = ORIENTED_EDGE('',*,*,#4780,.T.);
#6788 = ORIENTED_EDGE('',*,*,#4716,.T.);
#6789 = ORIENTED_EDGE('',*,*,#4648,.T.);
#6790 = ORIENTED_EDGE('',*,*,#4584,.T.);
#6791 = ORIENTED_EDGE('',*,*,#4477,.T.);
#6792 = B_SPLINE_SURFACE_WITH_KNOTS('',3,3,(
    (#6793,#6794,#6795,#6796)
    ,(#6797,#6798,#6799,#6800)
    ,(#6801,#6802,#6803,#6804)
    ,(#6805,#6806,#6807,#6808
    )),.UNSPECIFIED.,.F.,.F.,.F.,(4,4),(4,4),(7.237475563669E-02,
    8.733550413137E-02),(4.610466062548E-02,6.099099664382E-02),
  .PIECEWISE_BEZIER_KNOTS.);
#6793 = CARTESIAN_POINT('',(239.5013575324,169.46061991715,
    5.495821245341));
#6794 = CARTESIAN_POINT('',(240.83397747244,169.45910971103,
    5.426609478739));
#6795 = CARTESIAN_POINT('',(242.16738451796,169.45781561009,
    5.367301672284));
#6796 = CARTESIAN_POINT('',(243.50135753241,169.45673805833,
    5.317918174084));
#6797 = CARTESIAN_POINT('',(239.5013575324,168.12696310399,
    5.524921740554));
#6798 = CARTESIAN_POINT('',(240.83397747244,168.12545289786,
    5.455709973952));
#6799 = CARTESIAN_POINT('',(242.16738451796,168.12415879693,
    5.396402167497));
#6800 = CARTESIAN_POINT('',(243.50135753241,168.12308124516,
    5.347018669297));
#6801 = CARTESIAN_POINT('',(239.5013575324,166.79330629082,
    5.554022235767));
#6802 = CARTESIAN_POINT('',(240.83397747244,166.7917960847,
    5.484810469165));
#6803 = CARTESIAN_POINT('',(242.16738451796,166.79050198377,
    5.42550266271));
#6804 = CARTESIAN_POINT('',(243.50135753241,166.789424432,5.37611916451)
  );
#6805 = CARTESIAN_POINT('',(239.5013575324,165.45964947766,5.58312273098
    ));
#6806 = CARTESIAN_POINT('',(240.83397747244,165.45813927154,
    5.513910964378));
#6807 = CARTESIAN_POINT('',(242.16738451796,165.4568451706,
    5.454603157923));
#6808 = CARTESIAN_POINT('',(243.50135753241,165.45576761884,
    5.405219659723));
#6809 = ADVANCED_FACE('',(#6810),#6816,.T.);
#6810 = FACE_BOUND('',#6811,.T.);
#6811 = EDGE_LOOP('',(#6812,#6813,#6814,#6815));
#6812 = ORIENTED_EDGE('',*,*,#6449,.F.);
#6813 = ORIENTED_EDGE('',*,*,#6743,.T.);
#6814 = ORIENTED_EDGE('',*,*,#6030,.F.);
#6815 = ORIENTED_EDGE('',*,*,#6701,.F.);
#6816 = PLANE('',#6817);
#6817 = AXIS2_PLACEMENT_3D('',#6818,#6819,#6820);
#6818 = CARTESIAN_POINT('',(261.10760753241,175.8547095782,
    6.994591609611));
#6819 = DIRECTION('',(-6.675524960743E-18,0.996300506784,
    8.593776923612E-02));
#6820 = DIRECTION('',(2.226237311721E-28,8.593776923612E-02,
    -0.996300506784));
#6821 = ADVANCED_FACE('',(#6822),#6828,.F.);
#6822 = FACE_BOUND('',#6823,.F.);
#6823 = EDGE_LOOP('',(#6824,#6825,#6826,#6827));
#6824 = ORIENTED_EDGE('',*,*,#6694,.F.);
#6825 = ORIENTED_EDGE('',*,*,#6201,.T.);
#6826 = ORIENTED_EDGE('',*,*,#6637,.T.);
#6827 = ORIENTED_EDGE('',*,*,#6013,.F.);
#6828 = B_SPLINE_SURFACE_WITH_KNOTS('',3,3,(
    (#6829,#6830,#6831,#6832)
    ,(#6833,#6834,#6835,#6836)
    ,(#6837,#6838,#6839,#6840)
    ,(#6841,#6842,#6843,#6844
    )),.UNSPECIFIED.,.F.,.F.,.F.,(4,4),(4,4),(0.,1.),(2.268347815891E-02
    ,1.),.PIECEWISE_BEZIER_KNOTS.);
#6829 = CARTESIAN_POINT('',(235.47705709793,174.15282746109,
    6.873240026847));
#6830 = CARTESIAN_POINT('',(234.49974057609,174.83789870709,
    4.58216001793));
#6831 = CARTESIAN_POINT('',(233.52242405425,175.52296995308,
    2.291080009012));
#6832 = CARTESIAN_POINT('',(232.54510753241,176.20804119907,
    9.513057008803E-11));
#6833 = CARTESIAN_POINT('',(235.47705709793,173.25455827373,
    6.89277554075));
#6834 = CARTESIAN_POINT('',(234.49974057609,174.19541935088,
    4.595183693865));
#6835 = CARTESIAN_POINT('',(233.52242405425,175.13628042802,
    2.29759184698));
#6836 = CARTESIAN_POINT('',(232.54510753241,176.07714150517,
    9.513057008803E-11));
#6837 = CARTESIAN_POINT('',(235.47705709793,164.39475433744,
    7.077565012391));
#6838 = CARTESIAN_POINT('',(234.49974057609,162.54281652261,
    4.718376674959));
#6839 = CARTESIAN_POINT('',(233.52242405425,160.69087870779,
    2.359188337527));
#6840 = CARTESIAN_POINT('',(232.54510753241,158.83894089297,
    9.513057008803E-11));
#6841 = CARTESIAN_POINT('',(235.47705709793,163.49648515008,
    7.097100526294));
#6842 = CARTESIAN_POINT('',(234.49974057609,161.90033716641,
    4.731400350894));
#6843 = CARTESIAN_POINT('',(233.52242405425,160.30418918274,
    2.365700175495));
#6844 = CARTESIAN_POINT('',(232.54510753241,158.70804119907,
    9.513057008803E-11));
#6845 = ADVANCED_FACE('',(#6846),#6863,.F.);
#6846 = FACE_BOUND('',#6847,.T.);
#6847 = EDGE_LOOP('',(#6848,#6849,#6855,#6856,#6857));
#6848 = ORIENTED_EDGE('',*,*,#3560,.T.);
#6849 = ORIENTED_EDGE('',*,*,#6850,.T.);
#6850 = EDGE_CURVE('',#3553,#3450,#6851,.T.);
#6851 = LINE('',#6852,#6853);
#6852 = CARTESIAN_POINT('',(241.17635753241,167.45804119907,
    3.012933555441));
#6853 = VECTOR('',#6854,1.);
#6854 = DIRECTION('',(0.,1.,0.));
#6855 = ORIENTED_EDGE('',*,*,#3449,.T.);
#6856 = ORIENTED_EDGE('',*,*,#3424,.T.);
#6857 = ORIENTED_EDGE('',*,*,#6858,.T.);
#6858 = EDGE_CURVE('',#3417,#3561,#6859,.T.);
#6859 = LINE('',#6860,#6861);
#6860 = CARTESIAN_POINT('',(241.82635753242,167.45804119907,
    3.012933555441));
#6861 = VECTOR('',#6862,1.);
#6862 = DIRECTION('',(0.,-1.,0.));
#6863 = PLANE('',#6864);
#6864 = AXIS2_PLACEMENT_3D('',#6865,#6866,#6867);
#6865 = CARTESIAN_POINT('',(253.45135753241,167.78304119908,
    3.012933555441));
#6866 = DIRECTION('',(0.,0.,1.));
#6867 = DIRECTION('',(1.,0.,-0.));
#6868 = ADVANCED_FACE('',(#6869),#6875,.F.);
#6869 = FACE_BOUND('',#6870,.T.);
#6870 = EDGE_LOOP('',(#6871,#6872,#6873,#6874));
#6871 = ORIENTED_EDGE('',*,*,#3552,.T.);
#6872 = ORIENTED_EDGE('',*,*,#3363,.T.);
#6873 = ORIENTED_EDGE('',*,*,#3458,.T.);
#6874 = ORIENTED_EDGE('',*,*,#6850,.F.);
#6875 = PLANE('',#6876);
#6876 = AXIS2_PLACEMENT_3D('',#6877,#6878,#6879);
#6877 = CARTESIAN_POINT('',(241.17635753241,167.45804119907,
    4.512933555441));
#6878 = DIRECTION('',(1.,0.,0.));
#6879 = DIRECTION('',(0.,-1.,0.));
#6880 = ADVANCED_FACE('',(#6881),#6887,.T.);
#6881 = FACE_BOUND('',#6882,.T.);
#6882 = EDGE_LOOP('',(#6883,#6884,#6885,#6886));
#6883 = ORIENTED_EDGE('',*,*,#3568,.T.);
#6884 = ORIENTED_EDGE('',*,*,#6858,.F.);
#6885 = ORIENTED_EDGE('',*,*,#3416,.T.);
#6886 = ORIENTED_EDGE('',*,*,#3013,.T.);
#6887 = PLANE('',#6888);
#6888 = AXIS2_PLACEMENT_3D('',#6889,#6890,#6891);
#6889 = CARTESIAN_POINT('',(241.82635753242,167.45804119907,
    4.512933555441));
#6890 = DIRECTION('',(1.,0.,0.));
#6891 = DIRECTION('',(0.,-1.,0.));
#6892 = ADVANCED_FACE('',(#6893),#6904,.T.);
#6893 = FACE_BOUND('',#6894,.T.);
#6894 = EDGE_LOOP('',(#6895,#6896,#6902,#6903));
#6895 = ORIENTED_EDGE('',*,*,#3522,.T.);
#6896 = ORIENTED_EDGE('',*,*,#6897,.T.);
#6897 = EDGE_CURVE('',#3515,#2032,#6898,.T.);
#6898 = LINE('',#6899,#6900);
#6899 = CARTESIAN_POINT('',(265.72635753241,167.45804119907,
    3.012933555441));
#6900 = VECTOR('',#6901,1.);
#6901 = DIRECTION('',(0.,1.,0.));
#6902 = ORIENTED_EDGE('',*,*,#2031,.T.);
#6903 = ORIENTED_EDGE('',*,*,#2511,.T.);
#6904 = PLANE('',#6905);
#6905 = AXIS2_PLACEMENT_3D('',#6906,#6907,#6908);
#6906 = CARTESIAN_POINT('',(265.72635753241,167.45804119907,
    4.512933555441));
#6907 = DIRECTION('',(1.,0.,0.));
#6908 = DIRECTION('',(0.,-1.,0.));
#6909 = ADVANCED_FACE('',(#6910),#6922,.F.);
#6910 = FACE_BOUND('',#6911,.T.);
#6911 = EDGE_LOOP('',(#6912,#6913,#6919,#6920,#6921));
#6912 = ORIENTED_EDGE('',*,*,#3514,.T.);
#6913 = ORIENTED_EDGE('',*,*,#6914,.F.);
#6914 = EDGE_CURVE('',#2065,#3507,#6915,.T.);
#6915 = LINE('',#6916,#6917);
#6916 = CARTESIAN_POINT('',(265.07635753241,167.45804119907,
    3.012933555441));
#6917 = VECTOR('',#6918,1.);
#6918 = DIRECTION('',(0.,-1.,0.));
#6919 = ORIENTED_EDGE('',*,*,#2064,.T.);
#6920 = ORIENTED_EDGE('',*,*,#2039,.T.);
#6921 = ORIENTED_EDGE('',*,*,#6897,.F.);
#6922 = PLANE('',#6923);
#6923 = AXIS2_PLACEMENT_3D('',#6924,#6925,#6926);
#6924 = CARTESIAN_POINT('',(253.45135753241,167.78304119908,
    3.012933555441));
#6925 = DIRECTION('',(0.,0.,1.));
#6926 = DIRECTION('',(1.,0.,-0.));
#6927 = ADVANCED_FACE('',(#6928),#6934,.F.);
#6928 = FACE_BOUND('',#6929,.T.);
#6929 = EDGE_LOOP('',(#6930,#6931,#6932,#6933));
#6930 = ORIENTED_EDGE('',*,*,#3506,.T.);
#6931 = ORIENTED_EDGE('',*,*,#2804,.T.);
#6932 = ORIENTED_EDGE('',*,*,#2073,.T.);
#6933 = ORIENTED_EDGE('',*,*,#6914,.T.);
#6934 = PLANE('',#6935);
#6935 = AXIS2_PLACEMENT_3D('',#6936,#6937,#6938);
#6936 = CARTESIAN_POINT('',(265.07635753241,167.45804119907,
    4.512933555441));
#6937 = DIRECTION('',(1.,0.,0.));
#6938 = DIRECTION('',(0.,-1.,0.));
#6939 = ADVANCED_FACE('',(#6940),#6956,.F.);
#6940 = FACE_BOUND('',#6941,.T.);
#6941 = EDGE_LOOP('',(#6942,#6943,#6944,#6950,#6951));
#6942 = ORIENTED_EDGE('',*,*,#2606,.T.);
#6943 = ORIENTED_EDGE('',*,*,#2581,.T.);
#6944 = ORIENTED_EDGE('',*,*,#6945,.T.);
#6945 = EDGE_CURVE('',#2574,#3492,#6946,.T.);
#6946 = LINE('',#6947,#6948);
#6947 = CARTESIAN_POINT('',(253.77635753241,167.45804119907,
    3.012933555441));
#6948 = VECTOR('',#6949,1.);
#6949 = DIRECTION('',(-2.021099337273E-13,-1.,0.));
#6950 = ORIENTED_EDGE('',*,*,#3491,.T.);
#6951 = ORIENTED_EDGE('',*,*,#6952,.T.);
#6952 = EDGE_CURVE('',#3484,#2607,#6953,.T.);
#6953 = B_SPLINE_CURVE_WITH_KNOTS('',1,(#6954,#6955),.UNSPECIFIED.,.F.,
  .F.,(2,2),(2.5064279258,6.319631555192),.PIECEWISE_BEZIER_KNOTS.);
#6954 = CARTESIAN_POINT('',(253.12635753241,160.96446912487,
    3.012933555441));
#6955 = CARTESIAN_POINT('',(253.12635753241,164.77767275426,
    3.012933555441));
#6956 = PLANE('',#6957);
#6957 = AXIS2_PLACEMENT_3D('',#6958,#6959,#6960);
#6958 = CARTESIAN_POINT('',(253.45135753241,167.78304119908,
    3.012933555441));
#6959 = DIRECTION('',(0.,0.,1.));
#6960 = DIRECTION('',(1.,0.,-0.));
#6961 = ADVANCED_FACE('',(#6962),#6968,.F.);
#6962 = FACE_BOUND('',#6963,.F.);
#6963 = EDGE_LOOP('',(#6964,#6965,#6966,#6967));
#6964 = ORIENTED_EDGE('',*,*,#3035,.F.);
#6965 = ORIENTED_EDGE('',*,*,#3483,.F.);
#6966 = ORIENTED_EDGE('',*,*,#6952,.T.);
#6967 = ORIENTED_EDGE('',*,*,#2615,.F.);
#6968 = B_SPLINE_SURFACE_WITH_KNOTS('',1,1,(
    (#6969,#6970,#6971)
    ,(#6972,#6973,#6974)
    ,(#6975,#6976,#6977)
    ,(#6978,#6979,#6980
    )),.UNSPECIFIED.,.F.,.F.,.F.,(2,1,1,2),(2,1,2),(-66.20000000002,
    -3.4354741274E-12,18.000000000003,20.700000000005),(0.,3.,10.5),
  .UNSPECIFIED.);
#6969 = CARTESIAN_POINT('',(253.12635753239,92.258041199078,
    3.012933555441));
#6970 = CARTESIAN_POINT('',(253.12635753239,92.258041199078,
    6.012933555441));
#6971 = CARTESIAN_POINT('',(253.12635753239,92.258041199078,
    13.512933555441));
#6972 = CARTESIAN_POINT('',(253.12635753241,158.45804119907,
    3.012933555441));
#6973 = CARTESIAN_POINT('',(253.12635753241,158.45804119907,
    6.012933555441));
#6974 = CARTESIAN_POINT('',(253.12635753241,158.45804119907,
    13.512933555441));
#6975 = CARTESIAN_POINT('',(253.12635753241,176.45804119907,
    3.012933555441));
#6976 = CARTESIAN_POINT('',(253.12635753241,176.45804119907,
    6.012933555441));
#6977 = CARTESIAN_POINT('',(253.12635753241,176.45804119907,
    13.512933555441));
#6978 = CARTESIAN_POINT('',(253.12635753241,179.15804119907,
    3.012933555441));
#6979 = CARTESIAN_POINT('',(253.12635753241,179.15804119907,
    6.012933555441));
#6980 = CARTESIAN_POINT('',(253.12635753241,179.15804119907,
    13.512933555441));
#6981 = ADVANCED_FACE('',(#6982),#6988,.T.);
#6982 = FACE_BOUND('',#6983,.T.);
#6983 = EDGE_LOOP('',(#6984,#6985,#6986,#6987));
#6984 = ORIENTED_EDGE('',*,*,#2573,.T.);
#6985 = ORIENTED_EDGE('',*,*,#2782,.T.);
#6986 = ORIENTED_EDGE('',*,*,#3499,.T.);
#6987 = ORIENTED_EDGE('',*,*,#6945,.F.);
#6988 = PLANE('',#6989);
#6989 = AXIS2_PLACEMENT_3D('',#6990,#6991,#6992);
#6990 = CARTESIAN_POINT('',(253.77635753241,167.45804119907,
    4.512933555441));
#6991 = DIRECTION('',(1.,-2.021099337273E-13,0.));
#6992 = DIRECTION('',(0.,0.,-1.));
#6993 = ( GEOMETRIC_REPRESENTATION_CONTEXT(3) 
GLOBAL_UNCERTAINTY_ASSIGNED_CONTEXT((#6997)) 
GLOBAL_UNIT_ASSIGNED_CONTEXT((#6994,#6995,#6996)) REPRESENTATION_CONTEXT
('Context #1','3D Context with UNIT and UNCERTAINTY') );
#6994 = ( LENGTH_UNIT() NAMED_UNIT(*) SI_UNIT(.MILLI.,.METRE.) );
#6995 = ( NAMED_UNIT(*) PLANE_ANGLE_UNIT() SI_UNIT($,.RADIAN.) );
#6996 = ( NAMED_UNIT(*) SI_UNIT($,.STERADIAN.) SOLID_ANGLE_UNIT() );
#6997 = UNCERTAINTY_MEASURE_WITH_UNIT(LENGTH_MEASURE(1.E-03),#6994,
  'distance_accuracy_value','confusion accuracy');
#6998 = PRODUCT_RELATED_PRODUCT_CATEGORY('part',$,(#7));
#6999 = MECHANICAL_DESIGN_GEOMETRIC_PRESENTATION_REPRESENTATION('',(
    #7000),#6993);
#7000 = STYLED_ITEM('color',(#7001),#15);
#7001 = PRESENTATION_STYLE_ASSIGNMENT((#7002,#7008));
#7002 = SURFACE_STYLE_USAGE(.BOTH.,#7003);
#7003 = SURFACE_SIDE_STYLE('',(#7004));
#7004 = SURFACE_STYLE_FILL_AREA(#7005);
#7005 = FILL_AREA_STYLE('',(#7006));
#7006 = FILL_AREA_STYLE_COLOUR('',#7007);
#7007 = DRAUGHTING_PRE_DEFINED_COLOUR('white');
#7008 = CURVE_STYLE('',#7009,POSITIVE_LENGTH_MEASURE(0.1),#7010);
#7009 = DRAUGHTING_PRE_DEFINED_CURVE_FONT('continuous');
#7010 = COLOUR_RGB('',9.803921802644E-02,9.803921802644E-02,
  9.803921802644E-02);
ENDSEC;
END-ISO-10303-21;
