ISO-10303-21;
HEADER;
FILE_DESCRIPTION(('FreeCAD Model'),'2;1');
FILE_NAME('Open CASCADE Shape Model','2026-09-10T09:41:15',('Author'),(
    ''),'Open CASCADE STEP processor 7.8','FreeCAD','Unknown');
FILE_SCHEMA(('AUTOMOTIVE_DESIGN { 1 0 10303 214 1 1 1 1 }'));
ENDSEC;
DATA;
#1 = APPLICATION_PROTOCOL_DEFINITION('international standard',
  'automotive_design',2000,#2);
#2 = APPLICATION_CONTEXT(
  'core data for automotive mechanical design processes');
#3 = SHAPE_DEFINITION_REPRESENTATION(#4,#10);
#4 = PRODUCT_DEFINITION_SHAPE('','',#5);
#5 = PRODUCT_DEFINITION('design','',#6,#9);
#6 = PRODUCT_DEFINITION_FORMATION('','',#7);
#7 = PRODUCT('Product015','Product015','',(#8));
#8 = PRODUCT_CONTEXT('',#2,'mechanical');
#9 = PRODUCT_DEFINITION_CONTEXT('part definition',#2,'design');
#10 = ADVANCED_BREP_SHAPE_REPRESENTATION('',(#11,#15),#6684);
#11 = AXIS2_PLACEMENT_3D('',#12,#13,#14);
#12 = CARTESIAN_POINT('',(0.,0.,0.));
#13 = DIRECTION('',(0.,0.,1.));
#14 = DIRECTION('',(1.,0.,-0.));
#15 = MANIFOLD_SOLID_BREP('',#16);
#16 = CLOSED_SHELL('',(#17,#66,#109,#132,#275,#359,#530,#564,#589,#606,
    #763,#827,#861,#885,#903,#955,#1034,#1073,#1126,#1154,#1174,#1993,
    #2036,#2080,#2119,#2150,#2173,#2295,#2348,#4037,#4063,#4088,#4100,
    #4154,#4179,#4197,#4217,#4251,#4276,#4293,#4337,#4404,#4427,#4439,
    #4451,#4475,#4492,#4505,#4641,#4775,#4911,#4992,#5042,#5099,#5163,
    #5227,#5284,#5334,#5395,#5438,#5487,#5511,#5560,#5578,#5628,#5674,
    #5715,#5727,#5751,#5858,#5880,#5897,#5914,#5931,#5948,#5965,#5982,
    #5999,#6016,#6033,#6050,#6062,#6169,#6191,#6208,#6225,#6242,#6259,
    #6276,#6293,#6310,#6327,#6344,#6361,#6373,#6404,#6428,#6452,#6476,
    #6500,#6524,#6548,#6572,#6596,#6620,#6644,#6661));
#17 = ADVANCED_FACE('',(#18),#53,.F.);
#18 = FACE_BOUND('',#19,.F.);
#19 = EDGE_LOOP('',(#20,#33,#40,#47));
#20 = ORIENTED_EDGE('',*,*,#21,.F.);
#21 = EDGE_CURVE('',#22,#24,#26,.T.);
#22 = VERTEX_POINT('',#23);
#23 = CARTESIAN_POINT('',(384.37635753243,170.13840964392,5.118968528805
    ));
#24 = VERTEX_POINT('',#25);
#25 = CARTESIAN_POINT('',(384.37635753242,175.02197324538,5.012408791844
    ));
#26 = B_SPLINE_CURVE_WITH_KNOTS('',3,(#27,#28,#29,#30,#31,#32),
  .UNSPECIFIED.,.F.,.F.,(4,2,4),(2.3668373533,3.658265928621,
    7.251563387282),.UNSPECIFIED.);
#27 = CARTESIAN_POINT('',(384.37635753243,170.13840964392,5.118968528805
    ));
#28 = CARTESIAN_POINT('',(384.37635753243,170.56878339402,5.109577740162
    ));
#29 = CARTESIAN_POINT('',(384.37635753243,170.99915714412,5.100186951519
    ));
#30 = CARTESIAN_POINT('',(384.37635753243,172.62701167794,5.064667039199
    ));
#31 = CARTESIAN_POINT('',(384.37635753243,173.82449246166,5.038537915521
    ));
#32 = CARTESIAN_POINT('',(384.37635753243,175.02197324538,5.012408791844
    ));
#33 = ORIENTED_EDGE('',*,*,#34,.T.);
#34 = EDGE_CURVE('',#22,#35,#37,.T.);
#35 = VERTEX_POINT('',#36);
#36 = CARTESIAN_POINT('',(384.37635753243,170.13840964392,3.012933555441
    ));
#37 = B_SPLINE_CURVE_WITH_KNOTS('',1,(#38,#39),.UNSPECIFIED.,.F.,.F.,(2,
    2),(-2.106034973364,0.),.PIECEWISE_BEZIER_KNOTS.);
#38 = CARTESIAN_POINT('',(384.37635753243,170.13840964392,5.118968528805
    ));
#39 = CARTESIAN_POINT('',(384.37635753243,170.13840964392,3.012933555441
    ));
#40 = ORIENTED_EDGE('',*,*,#41,.T.);
#41 = EDGE_CURVE('',#35,#42,#44,.T.);
#42 = VERTEX_POINT('',#43);
#43 = CARTESIAN_POINT('',(384.37635753243,175.19444173284,3.012933555441
    ));
#44 = B_SPLINE_CURVE_WITH_KNOTS('',1,(#45,#46),.UNSPECIFIED.,.F.,.F.,(2,
    2),(11.680368444836,16.736400533752),.PIECEWISE_BEZIER_KNOTS.);
#45 = CARTESIAN_POINT('',(384.37635753243,170.13840964392,3.012933555441
    ));
#46 = CARTESIAN_POINT('',(384.37635753243,175.19444173284,3.012933555441
    ));
#47 = ORIENTED_EDGE('',*,*,#48,.T.);
#48 = EDGE_CURVE('',#42,#24,#49,.T.);
#49 = LINE('',#50,#51);
#50 = CARTESIAN_POINT('',(384.37635753242,174.85840907144,6.908653840375
    ));
#51 = VECTOR('',#52,1.);
#52 = DIRECTION('',(-2.22623856104E-28,-8.593776923612E-02,
    0.996300506784));
#53 = B_SPLINE_SURFACE_WITH_KNOTS('',1,1,(
    (#54,#55,#56)
    ,(#57,#58,#59)
    ,(#60,#61,#62)
    ,(#63,#64,#65
    )),.UNSPECIFIED.,.F.,.F.,.F.,(2,1,1,2),(2,1,2),(-66.20000000002,
    -3.4354741274E-12,18.000000000003,20.700000000005),(0.,3.,10.5),
  .UNSPECIFIED.);
#54 = CARTESIAN_POINT('',(384.37635753241,92.258041199093,3.012933555441
    ));
#55 = CARTESIAN_POINT('',(384.37635753241,92.258041199093,6.012933555441
    ));
#56 = CARTESIAN_POINT('',(384.37635753241,92.258041199093,
    13.512933555441));
#57 = CARTESIAN_POINT('',(384.37635753242,158.45804119909,3.012933555441
    ));
#58 = CARTESIAN_POINT('',(384.37635753242,158.45804119909,6.012933555441
    ));
#59 = CARTESIAN_POINT('',(384.37635753242,158.45804119909,
    13.512933555441));
#60 = CARTESIAN_POINT('',(384.37635753243,176.45804119909,3.012933555441
    ));
#61 = CARTESIAN_POINT('',(384.37635753243,176.45804119909,6.012933555441
    ));
#62 = CARTESIAN_POINT('',(384.37635753243,176.45804119909,
    13.512933555441));
#63 = CARTESIAN_POINT('',(384.37635753243,179.15804119908,3.012933555441
    ));
#64 = CARTESIAN_POINT('',(384.37635753243,179.15804119908,6.012933555441
    ));
#65 = CARTESIAN_POINT('',(384.37635753243,179.15804119908,
    13.512933555441));
#66 = ADVANCED_FACE('',(#67),#104,.T.);
#67 = FACE_BOUND('',#68,.T.);
#68 = EDGE_LOOP('',(#69,#79,#90,#98));
#69 = ORIENTED_EDGE('',*,*,#70,.F.);
#70 = EDGE_CURVE('',#71,#73,#75,.T.);
#71 = VERTEX_POINT('',#72);
#72 = CARTESIAN_POINT('',(385.02635753243,175.02197324538,5.012408791844
    ));
#73 = VERTEX_POINT('',#74);
#74 = CARTESIAN_POINT('',(385.02635753243,175.19444173284,3.012933555441
    ));
#75 = LINE('',#76,#77);
#76 = CARTESIAN_POINT('',(385.02635753243,174.93364269973,6.036449422477
    ));
#77 = VECTOR('',#78,1.);
#78 = DIRECTION('',(1.736887684499E-14,8.593776923612E-02,
    -0.996300506784));
#79 = ORIENTED_EDGE('',*,*,#80,.T.);
#80 = EDGE_CURVE('',#71,#81,#83,.T.);
#81 = VERTEX_POINT('',#82);
#82 = CARTESIAN_POINT('',(385.02635753243,170.13840964392,5.118968528805
    ));
#83 = B_SPLINE_CURVE_WITH_KNOTS('',3,(#84,#85,#86,#87,#88,#89),
  .UNSPECIFIED.,.F.,.F.,(4,2,4),(6.496846995152E-02,3.658265928617,
    4.94969450393),.UNSPECIFIED.);
#84 = CARTESIAN_POINT('',(385.02635753243,175.02197324538,5.012408791844
    ));
#85 = CARTESIAN_POINT('',(385.02635753243,173.82449246165,5.038537915521
    ));
#86 = CARTESIAN_POINT('',(385.02635753243,172.62701167793,5.064667039199
    ));
#87 = CARTESIAN_POINT('',(385.02635753243,170.99915714412,5.100186951519
    ));
#88 = CARTESIAN_POINT('',(385.02635753243,170.56878339402,5.109577740162
    ));
#89 = CARTESIAN_POINT('',(385.02635753243,170.13840964392,5.118968528805
    ));
#90 = ORIENTED_EDGE('',*,*,#91,.F.);
#91 = EDGE_CURVE('',#92,#81,#94,.T.);
#92 = VERTEX_POINT('',#93);
#93 = CARTESIAN_POINT('',(385.02635753243,170.13840964392,3.012933555441
    ));
#94 = LINE('',#95,#96);
#95 = CARTESIAN_POINT('',(385.02635753243,170.13840964392,
    9.55573398187E-11));
#96 = VECTOR('',#97,1.);
#97 = DIRECTION('',(0.,0.,1.));
#98 = ORIENTED_EDGE('',*,*,#99,.F.);
#99 = EDGE_CURVE('',#73,#92,#100,.T.);
#100 = LINE('',#101,#102);
#101 = CARTESIAN_POINT('',(385.02635753243,167.45804119909,
    3.012933555441));
#102 = VECTOR('',#103,1.);
#103 = DIRECTION('',(-2.021099337273E-13,-1.,0.));
#104 = PLANE('',#105);
#105 = AXIS2_PLACEMENT_3D('',#106,#107,#108);
#106 = CARTESIAN_POINT('',(385.02635753243,167.45804119909,
    4.512933555441));
#107 = DIRECTION('',(1.,-2.021099337273E-13,0.));
#108 = DIRECTION('',(0.,0.,-1.));
#109 = ADVANCED_FACE('',(#110),#127,.F.);
#110 = FACE_BOUND('',#111,.T.);
#111 = EDGE_LOOP('',(#112,#118,#119,#126));
#112 = ORIENTED_EDGE('',*,*,#113,.F.);
#113 = EDGE_CURVE('',#73,#42,#114,.T.);
#114 = LINE('',#115,#116);
#115 = CARTESIAN_POINT('',(390.91073253243,175.19444173284,
    3.012933555441));
#116 = VECTOR('',#117,1.);
#117 = DIRECTION('',(-1.,-6.700312722201E-18,0.));
#118 = ORIENTED_EDGE('',*,*,#99,.T.);
#119 = ORIENTED_EDGE('',*,*,#120,.F.);
#120 = EDGE_CURVE('',#35,#92,#121,.T.);
#121 = CIRCLE('',#122,2.7);
#122 = AXIS2_PLACEMENT_3D('',#123,#124,#125);
#123 = CARTESIAN_POINT('',(384.70135753242,167.4580411991,3.012933555441
    ));
#124 = DIRECTION('',(0.,0.,-1.));
#125 = DIRECTION('',(0.,1.,0.));
#126 = ORIENTED_EDGE('',*,*,#41,.T.);
#127 = PLANE('',#128);
#128 = AXIS2_PLACEMENT_3D('',#129,#130,#131);
#129 = CARTESIAN_POINT('',(384.70135753242,167.78304119909,
    3.012933555441));
#130 = DIRECTION('',(0.,0.,1.));
#131 = DIRECTION('',(1.,0.,-0.));
#132 = ADVANCED_FACE('',(#133),#270,.F.);
#133 = FACE_BOUND('',#134,.T.);
#134 = EDGE_LOOP('',(#135,#136,#137,#138,#149,#157,#165,#173,#184,#199,
    #207,#226,#237,#245,#253,#261));
#135 = ORIENTED_EDGE('',*,*,#70,.T.);
#136 = ORIENTED_EDGE('',*,*,#113,.T.);
#137 = ORIENTED_EDGE('',*,*,#48,.T.);
#138 = ORIENTED_EDGE('',*,*,#139,.T.);
#139 = EDGE_CURVE('',#24,#140,#142,.T.);
#140 = VERTEX_POINT('',#141);
#141 = CARTESIAN_POINT('',(373.07635753243,175.00839584886,
    5.169815333313));
#142 = B_SPLINE_CURVE_WITH_KNOTS('',3,(#143,#144,#145,#146,#147,#148),
  .UNSPECIFIED.,.F.,.F.,(4,2,4),(0.112829038795,5.769510193282,
    11.414307912601),.UNSPECIFIED.);
#143 = CARTESIAN_POINT('',(384.37635753242,175.02197324538,
    5.012408791844));
#144 = CARTESIAN_POINT('',(382.49079854468,175.02185003586,
    5.013837194228));
#145 = CARTESIAN_POINT('',(380.60526997581,175.02065458694,
    5.027696366612));
#146 = CARTESIAN_POINT('',(376.83847923719,175.01612413367,
    5.080219173913));
#147 = CARTESIAN_POINT('',(374.9572598032,175.01279368149,5.11883003414)
  );
#148 = CARTESIAN_POINT('',(373.07635753243,175.00839584886,
    5.169815333312));
#149 = ORIENTED_EDGE('',*,*,#150,.T.);
#150 = EDGE_CURVE('',#140,#151,#153,.T.);
#151 = VERTEX_POINT('',#152);
#152 = CARTESIAN_POINT('',(373.07635753243,175.19444173284,
    3.012933555441));
#153 = LINE('',#154,#155);
#154 = CARTESIAN_POINT('',(373.07635753243,174.93364269973,
    6.036449422477));
#155 = VECTOR('',#156,1.);
#156 = DIRECTION('',(0.,8.593776923612E-02,-0.996300506784));
#157 = ORIENTED_EDGE('',*,*,#158,.T.);
#158 = EDGE_CURVE('',#151,#159,#161,.T.);
#159 = VERTEX_POINT('',#160);
#160 = CARTESIAN_POINT('',(372.42635753243,175.19444173284,
    3.012933555441));
#161 = LINE('',#162,#163);
#162 = CARTESIAN_POINT('',(390.91073253243,175.19444173284,
    3.012933555441));
#163 = VECTOR('',#164,1.);
#164 = DIRECTION('',(-1.,-6.700312722201E-18,0.));
#165 = ORIENTED_EDGE('',*,*,#166,.T.);
#166 = EDGE_CURVE('',#159,#167,#169,.T.);
#167 = VERTEX_POINT('',#168);
#168 = CARTESIAN_POINT('',(372.42635753243,175.0068335292,5.187927740534
    ));
#169 = LINE('',#170,#171);
#170 = CARTESIAN_POINT('',(372.42635753243,174.93364269973,
    6.036449422477));
#171 = VECTOR('',#172,1.);
#172 = DIRECTION('',(0.,-8.593776923612E-02,0.996300506784));
#173 = ORIENTED_EDGE('',*,*,#174,.T.);
#174 = EDGE_CURVE('',#167,#175,#177,.T.);
#175 = VERTEX_POINT('',#176);
#176 = CARTESIAN_POINT('',(362.50802719106,174.97243596368,
    5.586708303011));
#177 = B_SPLINE_CURVE_WITH_KNOTS('',3,(#178,#179,#180,#181,#182,#183),
  .UNSPECIFIED.,.F.,.F.,(4,2,4),(8.62597466267E-02,5.118364764675,
    10.012917813204),.UNSPECIFIED.);
#178 = CARTESIAN_POINT('',(372.42635753243,175.0068335292,5.187927740534
    ));
#179 = CARTESIAN_POINT('',(370.7496815394,175.00269383352,5.235920386146
    ));
#180 = CARTESIAN_POINT('',(369.07330386979,174.9977060038,5.293745686079
    ));
#181 = CARTESIAN_POINT('',(365.7671304747,174.98619412921,5.427206056147
    ));
#182 = CARTESIAN_POINT('',(364.13734292529,174.97971590413,
    5.502309924758));
#183 = CARTESIAN_POINT('',(362.50802719107,174.97243596368,5.58670830301
    ));
#184 = ORIENTED_EDGE('',*,*,#185,.F.);
#185 = EDGE_CURVE('',#186,#175,#188,.T.);
#186 = VERTEX_POINT('',#187);
#187 = CARTESIAN_POINT('',(360.11949073862,175.45432796881,
    9.564260494699E-11));
#188 = B_SPLINE_CURVE_WITH_KNOTS('',3,(#189,#190,#191,#192,#193,#194,
    #195,#196,#197,#198),.UNSPECIFIED.,.F.,.F.,(4,2,2,2,4),(
    -3.313961874983,-2.96242515322,-2.882284806223,-2.808425449751,
    -0.423349661397),.UNSPECIFIED.);
#189 = CARTESIAN_POINT('',(360.11949073862,175.45432796882,
    9.483880347716E-11));
#190 = CARTESIAN_POINT('',(360.44867769254,175.38765599305,
    0.772946794516));
#191 = CARTESIAN_POINT('',(360.78821588318,175.3189583358,1.569377878683
    ));
#192 = CARTESIAN_POINT('',(361.17613623929,175.24061825858,
    2.477596224628));
#193 = CARTESIAN_POINT('',(361.25499433555,175.22469996591,
    2.662141427425));
#194 = CARTESIAN_POINT('',(361.38518001119,175.19844653074,
    2.966504817222));
#195 = CARTESIAN_POINT('',(361.46379197375,175.18262258635,
    3.149956214252));
#196 = CARTESIAN_POINT('',(361.799330799,175.11505522135,3.933283505537)
  );
#197 = CARTESIAN_POINT('',(362.17649445368,175.03914828915,
    4.813293723447));
#198 = CARTESIAN_POINT('',(362.50802719106,174.97243596368,
    5.586708303012));
#199 = ORIENTED_EDGE('',*,*,#200,.F.);
#200 = EDGE_CURVE('',#201,#186,#203,.T.);
#201 = VERTEX_POINT('',#202);
#202 = CARTESIAN_POINT('',(409.28322432624,175.45432796882,
    9.51878575961E-11));
#203 = LINE('',#204,#205);
#204 = CARTESIAN_POINT('',(399.24510753243,175.45432796881,
    9.564260494699E-11));
#205 = VECTOR('',#206,1.);
#206 = DIRECTION('',(-1.,-6.700312722433E-18,-2.968122840996E-34));
#207 = ORIENTED_EDGE('',*,*,#208,.T.);
#208 = EDGE_CURVE('',#201,#209,#211,.T.);
#209 = VERTEX_POINT('',#210);
#210 = CARTESIAN_POINT('',(406.89468787379,174.97243596368,5.58670830301
    ));
#211 = B_SPLINE_CURVE_WITH_KNOTS('',3,(#212,#213,#214,#215,#216,#217,
    #218,#219,#220,#221,#222,#223,#224,#225),.UNSPECIFIED.,.F.,.F.,(4,2,
    2,2,2,2,4),(8.783893734156E-02,4.178960839389,4.2267904813,
    4.257389096906,4.268054851262,4.280168494798,5.432595245506),
  .UNSPECIFIED.);
#212 = CARTESIAN_POINT('',(409.28322432624,175.45432796882,
    9.529355082805E-11));
#213 = CARTESIAN_POINT('',(408.75393058301,175.34712730608,
    1.242807156523));
#214 = CARTESIAN_POINT('',(408.30360369729,175.25610192374,
    2.298089779727));
#215 = CARTESIAN_POINT('',(408.03728379418,175.20243187989,
    2.920301554118));
#216 = CARTESIAN_POINT('',(408.03416341003,175.20180311947,
    2.927590948925));
#217 = CARTESIAN_POINT('',(408.02911824569,175.20078668132,
    2.939374799653));
#218 = CARTESIAN_POINT('',(408.02712839714,175.2003858333,2.944021942446
    ));
#219 = CARTESIAN_POINT('',(408.02447429693,175.19985125014,2.95021951396
    ));
#220 = CARTESIAN_POINT('',(408.02378680713,175.19971278435,
    2.951824786444));
#221 = CARTESIAN_POINT('',(408.0223215414,175.19941768525,2.955245952561
    ));
#222 = CARTESIAN_POINT('',(408.0193712381,175.19882350729,2.962134423229
    ));
#223 = CARTESIAN_POINT('',(407.66672472329,175.1278027744,3.785497570721
    ));
#224 = CARTESIAN_POINT('',(407.24913374817,175.04375896097,4.75984092009
    ));
#225 = CARTESIAN_POINT('',(406.89468787379,174.97243596368,
    5.586708303012));
#226 = ORIENTED_EDGE('',*,*,#227,.T.);
#227 = EDGE_CURVE('',#209,#228,#230,.T.);
#228 = VERTEX_POINT('',#229);
#229 = CARTESIAN_POINT('',(396.97635753243,175.0068335292,5.187927740534
    ));
#230 = B_SPLINE_CURVE_WITH_KNOTS('',3,(#231,#232,#233,#234,#235,#236),
  .UNSPECIFIED.,.F.,.F.,(4,2,4),(0.222635532347,5.116998015521,
    10.149293603309),.UNSPECIFIED.);
#231 = CARTESIAN_POINT('',(406.89468787379,174.97243596368,5.58670830301
    ));
#232 = CARTESIAN_POINT('',(405.26543557631,174.97971562069,
    5.502313210774));
#233 = CARTESIAN_POINT('',(403.63571149984,174.98619362475,
    5.427211904409));
#234 = CARTESIAN_POINT('',(400.32953816449,174.99770562601,
    5.293750065805));
#235 = CARTESIAN_POINT('',(398.65309702176,175.00269367674,
    5.235922203644));
#236 = CARTESIAN_POINT('',(396.97635753243,175.0068335292,5.187927740534
    ));
#237 = ORIENTED_EDGE('',*,*,#238,.T.);
#238 = EDGE_CURVE('',#228,#239,#241,.T.);
#239 = VERTEX_POINT('',#240);
#240 = CARTESIAN_POINT('',(396.97635753243,175.19444173284,
    3.012933555441));
#241 = LINE('',#242,#243);
#242 = CARTESIAN_POINT('',(396.97635753243,174.93364269973,
    6.036449422477));
#243 = VECTOR('',#244,1.);
#244 = DIRECTION('',(0.,8.593776923612E-02,-0.996300506784));
#245 = ORIENTED_EDGE('',*,*,#246,.T.);
#246 = EDGE_CURVE('',#239,#247,#249,.T.);
#247 = VERTEX_POINT('',#248);
#248 = CARTESIAN_POINT('',(396.32635753243,175.19444173284,
    3.012933555441));
#249 = LINE('',#250,#251);
#250 = CARTESIAN_POINT('',(390.91073253243,175.19444173284,
    3.012933555441));
#251 = VECTOR('',#252,1.);
#252 = DIRECTION('',(-1.,-6.700312722201E-18,0.));
#253 = ORIENTED_EDGE('',*,*,#254,.T.);
#254 = EDGE_CURVE('',#247,#255,#257,.T.);
#255 = VERTEX_POINT('',#256);
#256 = CARTESIAN_POINT('',(396.32635753243,175.00839584886,
    5.169815333313));
#257 = LINE('',#258,#259);
#258 = CARTESIAN_POINT('',(396.32635753243,174.93364269973,
    6.036449422477));
#259 = VECTOR('',#260,1.);
#260 = DIRECTION('',(0.,-8.593776923612E-02,0.996300506784));
#261 = ORIENTED_EDGE('',*,*,#262,.T.);
#262 = EDGE_CURVE('',#255,#71,#263,.T.);
#263 = B_SPLINE_CURVE_WITH_KNOTS('',3,(#264,#265,#266,#267,#268,#269),
  .UNSPECIFIED.,.F.,.F.,(4,2,4),(0.123941156697,5.768890092877,
    11.425420033013),.UNSPECIFIED.);
#264 = CARTESIAN_POINT('',(396.32635753243,175.00839584886,
    5.169815333313));
#265 = CARTESIAN_POINT('',(394.44540487523,175.0127937993,5.118828668324
    ));
#266 = CARTESIAN_POINT('',(392.56413503835,175.0161243121,5.080217105287
    ));
#267 = CARTESIAN_POINT('',(388.79734428108,175.02065465085,5.02769562565
    ));
#268 = CARTESIAN_POINT('',(386.91186611511,175.02185003915,
    5.013837156044));
#269 = CARTESIAN_POINT('',(385.02635753243,175.02197324538,
    5.012408791844));
#270 = PLANE('',#271);
#271 = AXIS2_PLACEMENT_3D('',#272,#273,#274);
#272 = CARTESIAN_POINT('',(397.12010753243,174.85840907144,
    6.908653840375));
#273 = DIRECTION('',(-6.675524960743E-18,0.996300506784,
    8.593776923612E-02));
#274 = DIRECTION('',(2.226237311721E-28,8.593776923612E-02,
    -0.996300506784));
#275 = ADVANCED_FACE('',(#276),#342,.F.);
#276 = FACE_BOUND('',#277,.F.);
#277 = EDGE_LOOP('',(#278,#279,#290,#311,#322,#341));
#278 = ORIENTED_EDGE('',*,*,#139,.T.);
#279 = ORIENTED_EDGE('',*,*,#280,.T.);
#280 = EDGE_CURVE('',#140,#281,#283,.T.);
#281 = VERTEX_POINT('',#282);
#282 = CARTESIAN_POINT('',(373.07635753243,170.13840964392,
    5.276078810427));
#283 = B_SPLINE_CURVE_WITH_KNOTS('',3,(#284,#285,#286,#287,#288,#289),
  .UNSPECIFIED.,.F.,.F.,(4,2,4),(8.197644103493E-02,3.658265928621,
    4.953121846668),.UNSPECIFIED.);
#284 = CARTESIAN_POINT('',(373.07635753243,175.00839584886,
    5.169815333313));
#285 = CARTESIAN_POINT('',(373.07635753243,173.81658303969,
    5.195820781345));
#286 = CARTESIAN_POINT('',(373.07635753243,172.62477023051,
    5.221826229378));
#287 = CARTESIAN_POINT('',(373.07635753243,171.00144149552,
    5.257247388416));
#288 = CARTESIAN_POINT('',(373.07635753243,170.56992556973,
    5.266663099422));
#289 = CARTESIAN_POINT('',(373.07635753243,170.13840964392,
    5.276078810427));
#290 = ORIENTED_EDGE('',*,*,#291,.T.);
#291 = EDGE_CURVE('',#281,#292,#294,.T.);
#292 = VERTEX_POINT('',#293);
#293 = CARTESIAN_POINT('',(375.43172597724,167.7830411991,5.27020641962)
  );
#294 = B_SPLINE_CURVE_WITH_KNOTS('',3,(#295,#296,#297,#298,#299,#300,
    #301,#302,#303,#304,#305,#306,#307,#308,#309,#310),.UNSPECIFIED.,.F.
  ,.F.,(4,3,3,3,3,4),(0.124613544723,0.734424202872,1.668096321495,
    2.651679232811,3.453754577516,3.724134015619),.UNSPECIFIED.);
#295 = CARTESIAN_POINT('',(373.07635753243,170.13840964392,
    5.276078810427));
#296 = CARTESIAN_POINT('',(373.27782795572,170.11398086379,
    5.271160902421));
#297 = CARTESIAN_POINT('',(373.47605238598,170.06689617103,
    5.266968669335));
#298 = CARTESIAN_POINT('',(373.66724283866,169.99795342567,
    5.263563337072));
#299 = CARTESIAN_POINT('',(373.95997172421,169.89239620389,5.25834948301
    ));
#300 = CARTESIAN_POINT('',(374.23227869383,169.73701673187,
    5.255051993774));
#301 = CARTESIAN_POINT('',(374.47210497159,169.53867291317,
    5.253670797436));
#302 = CARTESIAN_POINT('',(374.72475150968,169.32972633894,
    5.252215767251));
#303 = CARTESIAN_POINT('',(374.93723773882,169.07650103546,
    5.252904293763));
#304 = CARTESIAN_POINT('',(375.09914363145,168.79142058753,
    5.255506985592));
#305 = CARTESIAN_POINT('',(375.23117187548,168.55894806701,
    5.257629384144));
#306 = CARTESIAN_POINT('',(375.32768061187,168.3086116254,5.260992108195
    ));
#307 = CARTESIAN_POINT('',(375.3859451609,168.0487570493,5.265399140298)
  );
#308 = CARTESIAN_POINT('',(375.40558612872,167.96116012373,
    5.266884749937));
#309 = CARTESIAN_POINT('',(375.420881186,167.87248160199,5.268489451349)
  );
#310 = CARTESIAN_POINT('',(375.43172601136,167.78304121432,
    5.270207117514));
#311 = ORIENTED_EDGE('',*,*,#312,.T.);
#312 = EDGE_CURVE('',#292,#313,#315,.T.);
#313 = VERTEX_POINT('',#314);
#314 = CARTESIAN_POINT('',(382.02098911644,167.7830412143,5.178598094623
    ));
#315 = B_SPLINE_CURVE_WITH_KNOTS('',3,(#316,#317,#318,#319,#320,#321),
  .UNSPECIFIED.,.F.,.F.,(4,2,4),(2.480006381147,5.768704968366,
    9.069997093553),.UNSPECIFIED.);
#316 = CARTESIAN_POINT('',(375.43172597725,167.7830411991,5.27020641962)
  );
#317 = CARTESIAN_POINT('',(376.52769782692,167.7830411991,5.246565104615
    ));
#318 = CARTESIAN_POINT('',(377.62375913152,167.7830411991,5.227116568169
    ));
#319 = CARTESIAN_POINT('',(379.82020999216,167.7830411991,5.196547628998
    ));
#320 = CARTESIAN_POINT('',(380.92058585095,167.7830411991,5.185459600316
    ));
#321 = CARTESIAN_POINT('',(382.02098908758,167.7830411991,5.178597396953
    ));
#322 = ORIENTED_EDGE('',*,*,#323,.T.);
#323 = EDGE_CURVE('',#313,#22,#324,.T.);
#324 = B_SPLINE_CURVE_WITH_KNOTS('',3,(#325,#326,#327,#328,#329,#330,
    #331,#332,#333,#334,#335,#336,#337,#338,#339,#340),.UNSPECIFIED.,.F.
  ,.F.,(4,3,3,3,3,4),(1.080564242031E-02,0.81258603978,1.072676126151,
    2.141273682412,3.019802943065,3.610706440913),.UNSPECIFIED.);
#325 = CARTESIAN_POINT('',(382.02098911644,167.7830412143,5.178598094623
    ));
#326 = CARTESIAN_POINT('',(382.05314492656,168.04823937354,
    5.172610909927));
#327 = CARTESIAN_POINT('',(382.12442726975,168.30674920408,
    5.166524605686));
#328 = CARTESIAN_POINT('',(382.23212428601,168.55023367252,
    5.160593006723));
#329 = CARTESIAN_POINT('',(382.26706019409,168.62921776422,
    5.158668851317));
#330 = CARTESIAN_POINT('',(382.30582799772,168.70662075663,5.15676139787
    ));
#331 = CARTESIAN_POINT('',(382.34833513709,168.78215808647,5.15488044558
    ));
#332 = CARTESIAN_POINT('',(382.52297856886,169.09250827012,
    5.147152426999));
#333 = CARTESIAN_POINT('',(382.75731739162,169.36527731221,
    5.140020647015));
#334 = CARTESIAN_POINT('',(383.03783906988,169.58470673781,
    5.134146887808));
#335 = CARTESIAN_POINT('',(383.2684651846,169.76510689866,5.129317876828
    ));
#336 = CARTESIAN_POINT('',(383.52691861747,169.90680446128,
    5.125415210813));
#337 = CARTESIAN_POINT('',(383.80306496654,170.00422863692,
    5.122712232542));
#338 = CARTESIAN_POINT('',(383.98880248504,170.06975666105,
    5.120894194829));
#339 = CARTESIAN_POINT('',(384.18104950857,170.11472808966,
    5.119632938987));
#340 = CARTESIAN_POINT('',(384.37635753242,170.13840964392,
    5.118968528805));
#341 = ORIENTED_EDGE('',*,*,#21,.T.);
#342 = B_SPLINE_SURFACE_WITH_KNOTS('',3,3,(
    (#343,#344,#345,#346)
    ,(#347,#348,#349,#350)
    ,(#351,#352,#353,#354)
    ,(#355,#356,#357,#358
    )),.UNSPECIFIED.,.F.,.F.,.F.,(4,4),(4,4),(3.2178373185E-02,
    4.908007516519E-02),(4.156372761718E-02,6.78413026009E-02),
  .PIECEWISE_BEZIER_KNOTS.);
#343 = CARTESIAN_POINT('',(373.07635753243,175.0253997725,5.169444306378
    ));
#344 = CARTESIAN_POINT('',(376.84149771793,175.02317804245,
    5.067623859899));
#345 = CARTESIAN_POINT('',(380.60881480739,175.02203537519,
    5.015256160724));
#346 = CARTESIAN_POINT('',(384.37635753242,175.02197324538,
    5.012408791844));
#347 = CARTESIAN_POINT('',(373.07635753243,172.61169657119,
    5.222111497639));
#348 = CARTESIAN_POINT('',(376.84149771793,172.60947484114,5.12029105116
    ));
#349 = CARTESIAN_POINT('',(380.60881480739,172.60833217388,
    5.067923351985));
#350 = CARTESIAN_POINT('',(384.37635753242,172.60827004407,
    5.065075983105));
#351 = CARTESIAN_POINT('',(373.07635753243,170.19799336987,5.2747786889)
  );
#352 = CARTESIAN_POINT('',(376.84149771794,170.19577163982,
    5.172958242421));
#353 = CARTESIAN_POINT('',(380.60881480739,170.19462897256,
    5.120590543246));
#354 = CARTESIAN_POINT('',(384.37635753243,170.19456684275,
    5.117743174366));
#355 = CARTESIAN_POINT('',(373.07635753243,167.78429016856,
    5.327445880161));
#356 = CARTESIAN_POINT('',(376.84149771794,167.78206843851,
    5.225625433682));
#357 = CARTESIAN_POINT('',(380.60881480739,167.78092577125,
    5.173257734507));
#358 = CARTESIAN_POINT('',(384.37635753243,167.78086364144,
    5.170410365627));
#359 = ADVANCED_FACE('',(#360),#525,.T.);
#360 = FACE_BOUND('',#361,.T.);
#361 = EDGE_LOOP('',(#362,#363,#364,#365,#386,#393,#402,#410,#434,#442,
    #451,#459,#466,#467,#476,#485,#502,#510,#519,#524));
#362 = ORIENTED_EDGE('',*,*,#34,.T.);
#363 = ORIENTED_EDGE('',*,*,#120,.T.);
#364 = ORIENTED_EDGE('',*,*,#91,.T.);
#365 = ORIENTED_EDGE('',*,*,#366,.T.);
#366 = EDGE_CURVE('',#81,#367,#369,.T.);
#367 = VERTEX_POINT('',#368);
#368 = CARTESIAN_POINT('',(387.38172597725,167.7830411991,5.178597396952
    ));
#369 = B_SPLINE_CURVE_WITH_KNOTS('',3,(#370,#371,#372,#373,#374,#375,
    #376,#377,#378,#379,#380,#381,#382,#383,#384,#385),.UNSPECIFIED.,.F.
  ,.F.,(4,3,3,3,3,4),(0.113463144665,0.736241004111,1.67587314762,
    2.660568570573,3.461774078208,3.713062935254),.UNSPECIFIED.);
#370 = CARTESIAN_POINT('',(385.02635753243,170.13840964392,
    5.118968528805));
#371 = CARTESIAN_POINT('',(385.23218997767,170.11345196545,5.11966874187
    ));
#372 = CARTESIAN_POINT('',(385.43458789334,170.06485229251,
    5.121031911831));
#373 = CARTESIAN_POINT('',(385.62952027614,169.99349262363,
    5.123009963094));
#374 = CARTESIAN_POINT('',(385.92362952985,169.88582688511,5.12599439889
    ));
#375 = CARTESIAN_POINT('',(386.19675913806,169.72780922676,
    5.130339580375));
#376 = CARTESIAN_POINT('',(386.43667813931,169.52653398327,
    5.135700138397));
#377 = CARTESIAN_POINT('',(386.68810327843,169.31560589574,
    5.141317780348));
#378 = CARTESIAN_POINT('',(386.8989656916,169.06060323815,5.147952211507
    ));
#379 = CARTESIAN_POINT('',(387.05891475645,168.77406700207,
    5.155081845534));
#380 = CARTESIAN_POINT('',(387.18905862501,168.54092444333,5.16088293074
    ));
#381 = CARTESIAN_POINT('',(387.28366562254,168.29018428823,
    5.166928127524));
#382 = CARTESIAN_POINT('',(387.3400436815,168.03017117785,5.172947768941
    ));
#383 = CARTESIAN_POINT('',(387.35772600877,167.9486210678,5.174835759971
    ));
#384 = CARTESIAN_POINT('',(387.37164778948,167.86615879381,
    5.176721610278));
#385 = CARTESIAN_POINT('',(387.38172596274,167.78304121432,
    5.178598095021));
#386 = ORIENTED_EDGE('',*,*,#387,.T.);
#387 = EDGE_CURVE('',#367,#388,#390,.T.);
#388 = VERTEX_POINT('',#389);
#389 = CARTESIAN_POINT('',(387.38172597725,167.78304119909,
    3.012933555441));
#390 = B_SPLINE_CURVE_WITH_KNOTS('',1,(#391,#392),.UNSPECIFIED.,.F.,.F.,
  (2,2),(-2.165663841511,0.),.PIECEWISE_BEZIER_KNOTS.);
#391 = CARTESIAN_POINT('',(387.38172597725,167.7830411991,5.178597396952
    ));
#392 = CARTESIAN_POINT('',(387.38172597724,167.78304119909,
    3.012933555441));
#393 = ORIENTED_EDGE('',*,*,#394,.T.);
#394 = EDGE_CURVE('',#388,#395,#397,.T.);
#395 = VERTEX_POINT('',#396);
#396 = CARTESIAN_POINT('',(387.38172597724,167.13304119909,
    3.012933555441));
#397 = CIRCLE('',#398,2.7);
#398 = AXIS2_PLACEMENT_3D('',#399,#400,#401);
#399 = CARTESIAN_POINT('',(384.70135753242,167.4580411991,3.012933555441
    ));
#400 = DIRECTION('',(0.,0.,-1.));
#401 = DIRECTION('',(0.,1.,0.));
#402 = ORIENTED_EDGE('',*,*,#403,.T.);
#403 = EDGE_CURVE('',#395,#404,#406,.T.);
#404 = VERTEX_POINT('',#405);
#405 = CARTESIAN_POINT('',(387.3817259628,167.13304121432,5.19278114549)
  );
#406 = LINE('',#407,#408);
#407 = CARTESIAN_POINT('',(387.38172597724,167.13304119909,
    9.55573398187E-11));
#408 = VECTOR('',#409,1.);
#409 = DIRECTION('',(0.,0.,1.));
#410 = ORIENTED_EDGE('',*,*,#411,.T.);
#411 = EDGE_CURVE('',#404,#412,#414,.T.);
#412 = VERTEX_POINT('',#413);
#413 = CARTESIAN_POINT('',(385.02635753243,164.77767275428,
    5.235940223963));
#414 = B_SPLINE_CURVE_WITH_KNOTS('',3,(#415,#416,#417,#418,#419,#420,
    #421,#422,#423,#424,#425,#426,#427,#428,#429,#430,#431,#432,#433),
  .UNSPECIFIED.,.F.,.F.,(4,3,3,3,3,3,4),(4.076515479218E-02,
    0.84016930317,1.07170108881,2.109049043571,2.981004758271,
    3.393271840837,3.639458710911),.UNSPECIFIED.);
#415 = CARTESIAN_POINT('',(387.3817259628,167.13304121432,5.19278114549)
  );
#416 = CARTESIAN_POINT('',(387.3496811239,166.8687588236,5.198347959572)
  );
#417 = CARTESIAN_POINT('',(387.27876380313,166.61099641931,
    5.203529041831));
#418 = CARTESIAN_POINT('',(387.17156314257,166.36804939597,
    5.208214024941));
#419 = CARTESIAN_POINT('',(387.14051456669,166.29768453954,
    5.209570938722));
#420 = CARTESIAN_POINT('',(387.10642233251,166.22856249063,
    5.210886578329));
#421 = CARTESIAN_POINT('',(387.06934934345,166.16088481034,
    5.212159048828));
#422 = CARTESIAN_POINT('',(386.90324865357,165.85766379494,
    5.217860186858));
#423 = CARTESIAN_POINT('',(386.68043627015,165.58913842198,
    5.222584573578));
#424 = CARTESIAN_POINT('',(386.41303545873,165.36994191276,
    5.226302488779));
#425 = CARTESIAN_POINT('',(386.18826838366,165.18569356295,
    5.229427628605));
#426 = CARTESIAN_POINT('',(385.93521458706,165.03893573376,5.23180188432
    ));
#427 = CARTESIAN_POINT('',(385.6636560146,164.9353478724,5.233454149815)
  );
#428 = CARTESIAN_POINT('',(385.53526112192,164.88637076878,
    5.234235353107));
#429 = CARTESIAN_POINT('',(385.40331354498,164.84726695367,
    5.234851020362));
#430 = CARTESIAN_POINT('',(385.26896391602,164.81837777515,
    5.235303956163));
#431 = CARTESIAN_POINT('',(385.18873651964,164.80112649136,
    5.235574428514));
#432 = CARTESIAN_POINT('',(385.10778340818,164.78754580573,
    5.235786361166));
#433 = CARTESIAN_POINT('',(385.0263575323,164.77767275524,5.235940223942
    ));
#434 = ORIENTED_EDGE('',*,*,#435,.T.);
#435 = EDGE_CURVE('',#412,#436,#438,.T.);
#436 = VERTEX_POINT('',#437);
#437 = CARTESIAN_POINT('',(385.02635753243,164.77767275428,
    3.012933555441));
#438 = LINE('',#439,#440);
#439 = CARTESIAN_POINT('',(385.02635753243,164.77767275428,
    9.55573398187E-11));
#440 = VECTOR('',#441,1.);
#441 = DIRECTION('',(0.,0.,-1.));
#442 = ORIENTED_EDGE('',*,*,#443,.T.);
#443 = EDGE_CURVE('',#436,#444,#446,.T.);
#444 = VERTEX_POINT('',#445);
#445 = CARTESIAN_POINT('',(384.70135753242,164.7580411991,3.012933555441
    ));
#446 = CIRCLE('',#447,2.7);
#447 = AXIS2_PLACEMENT_3D('',#448,#449,#450);
#448 = CARTESIAN_POINT('',(384.70135753242,167.4580411991,3.012933555441
    ));
#449 = DIRECTION('',(0.,0.,-1.));
#450 = DIRECTION('',(0.,1.,0.));
#451 = ORIENTED_EDGE('',*,*,#452,.T.);
#452 = EDGE_CURVE('',#444,#453,#455,.T.);
#453 = VERTEX_POINT('',#454);
#454 = CARTESIAN_POINT('',(384.70135753242,164.7580411991,0.200000000096
    ));
#455 = LINE('',#456,#457);
#456 = CARTESIAN_POINT('',(384.70135753242,164.7580411991,
    9.55573398187E-11));
#457 = VECTOR('',#458,1.);
#458 = DIRECTION('',(0.,0.,-1.));
#459 = ORIENTED_EDGE('',*,*,#460,.F.);
#460 = EDGE_CURVE('',#453,#453,#461,.T.);
#461 = CIRCLE('',#462,2.7);
#462 = AXIS2_PLACEMENT_3D('',#463,#464,#465);
#463 = CARTESIAN_POINT('',(384.70135753242,167.4580411991,0.200000000096
    ));
#464 = DIRECTION('',(0.,-3.061616997868E-16,-1.));
#465 = DIRECTION('',(0.,1.,-3.061616997868E-16));
#466 = ORIENTED_EDGE('',*,*,#452,.F.);
#467 = ORIENTED_EDGE('',*,*,#468,.T.);
#468 = EDGE_CURVE('',#444,#469,#471,.T.);
#469 = VERTEX_POINT('',#470);
#470 = CARTESIAN_POINT('',(384.37635753243,164.77767275428,
    3.012933555441));
#471 = CIRCLE('',#472,2.7);
#472 = AXIS2_PLACEMENT_3D('',#473,#474,#475);
#473 = CARTESIAN_POINT('',(384.70135753242,167.4580411991,3.012933555441
    ));
#474 = DIRECTION('',(0.,0.,-1.));
#475 = DIRECTION('',(0.,1.,0.));
#476 = ORIENTED_EDGE('',*,*,#477,.F.);
#477 = EDGE_CURVE('',#478,#469,#480,.T.);
#478 = VERTEX_POINT('',#479);
#479 = CARTESIAN_POINT('',(384.37635753242,164.77767275427,
    5.235940223963));
#480 = B_SPLINE_CURVE_WITH_KNOTS('',3,(#481,#482,#483,#484),
  .UNSPECIFIED.,.F.,.F.,(4,4),(-2.223006668522,0.),
  .PIECEWISE_BEZIER_KNOTS.);
#481 = CARTESIAN_POINT('',(384.37635753242,164.77767275427,
    5.235940223963));
#482 = CARTESIAN_POINT('',(384.37635753242,164.77767275427,
    4.494938001123));
#483 = CARTESIAN_POINT('',(384.37635753242,164.77767275428,
    3.753935778282));
#484 = CARTESIAN_POINT('',(384.37635753242,164.77767275428,
    3.012933555441));
#485 = ORIENTED_EDGE('',*,*,#486,.T.);
#486 = EDGE_CURVE('',#478,#487,#489,.T.);
#487 = VERTEX_POINT('',#488);
#488 = CARTESIAN_POINT('',(382.0209890876,167.13304119909,5.192780447421
    ));
#489 = B_SPLINE_CURVE_WITH_KNOTS('',3,(#490,#491,#492,#493,#494,#495,
    #496,#497,#498,#499,#500,#501),.UNSPECIFIED.,.F.,.F.,(4,2,2,2,2,4),(
    0.11345471708,0.570715359036,1.400506213947,2.478685960028,
    3.134137645124,3.710425246985),.UNSPECIFIED.);
#490 = CARTESIAN_POINT('',(384.37635753243,164.77767275428,
    5.235940223963));
#491 = CARTESIAN_POINT('',(384.22518013491,164.79600331412,
    5.235654558385));
#492 = CARTESIAN_POINT('',(384.07575671131,164.8270993399,5.235169319892
    ));
#493 = CARTESIAN_POINT('',(383.66463838959,164.94971152537,
    5.233231992456));
#494 = CARTESIAN_POINT('',(383.41329968554,165.06902333549,
    5.231329128383));
#495 = CARTESIAN_POINT('',(382.88718587044,165.42630949749,
    5.225389805719));
#496 = CARTESIAN_POINT('',(382.63317481047,165.68554177496,
    5.220938737553));
#497 = CARTESIAN_POINT('',(382.31833673286,166.17004423916,
    5.212025205211));
#498 = CARTESIAN_POINT('',(382.22197673777,166.366991256,5.208283375725)
  );
#499 = CARTESIAN_POINT('',(382.08747198285,166.75484086987,
    5.200618750168));
#500 = CARTESIAN_POINT('',(382.04409753048,166.94245922649,
    5.196794854746));
#501 = CARTESIAN_POINT('',(382.02098908761,167.13304119909,
    5.192780447421));
#502 = ORIENTED_EDGE('',*,*,#503,.T.);
#503 = EDGE_CURVE('',#487,#504,#506,.T.);
#504 = VERTEX_POINT('',#505);
#505 = CARTESIAN_POINT('',(382.0209890876,167.1330411991,3.012933555441)
  );
#506 = LINE('',#507,#508);
#507 = CARTESIAN_POINT('',(382.0209890876,167.13304119909,
    9.55573398187E-11));
#508 = VECTOR('',#509,1.);
#509 = DIRECTION('',(0.,0.,-1.));
#510 = ORIENTED_EDGE('',*,*,#511,.T.);
#511 = EDGE_CURVE('',#504,#512,#514,.T.);
#512 = VERTEX_POINT('',#513);
#513 = CARTESIAN_POINT('',(382.0209890876,167.7830411991,3.012933555441)
  );
#514 = CIRCLE('',#515,2.7);
#515 = AXIS2_PLACEMENT_3D('',#516,#517,#518);
#516 = CARTESIAN_POINT('',(384.70135753242,167.4580411991,3.012933555441
    ));
#517 = DIRECTION('',(0.,0.,-1.));
#518 = DIRECTION('',(0.,1.,0.));
#519 = ORIENTED_EDGE('',*,*,#520,.T.);
#520 = EDGE_CURVE('',#512,#313,#521,.T.);
#521 = B_SPLINE_CURVE_WITH_KNOTS('',1,(#522,#523),.UNSPECIFIED.,.F.,.F.,
  (2,2),(0.,2.165663841511),.PIECEWISE_BEZIER_KNOTS.);
#522 = CARTESIAN_POINT('',(382.0209890876,167.7830411991,3.012933555441)
  );
#523 = CARTESIAN_POINT('',(382.0209890876,167.7830411991,5.178597396952)
  );
#524 = ORIENTED_EDGE('',*,*,#323,.T.);
#525 = CYLINDRICAL_SURFACE('',#526,2.7);
#526 = AXIS2_PLACEMENT_3D('',#527,#528,#529);
#527 = CARTESIAN_POINT('',(384.70135753242,167.4580411991,
    9.55573398187E-11));
#528 = DIRECTION('',(0.,0.,1.));
#529 = DIRECTION('',(0.,1.,0.));
#530 = ADVANCED_FACE('',(#531),#559,.F.);
#531 = FACE_BOUND('',#532,.T.);
#532 = EDGE_LOOP('',(#533,#534,#542,#550));
#533 = ORIENTED_EDGE('',*,*,#166,.F.);
#534 = ORIENTED_EDGE('',*,*,#535,.F.);
#535 = EDGE_CURVE('',#536,#159,#538,.T.);
#536 = VERTEX_POINT('',#537);
#537 = CARTESIAN_POINT('',(372.42635753243,170.13840964392,
    3.012933555441));
#538 = LINE('',#539,#540);
#539 = CARTESIAN_POINT('',(372.42635753243,167.45804119909,
    3.012933555441));
#540 = VECTOR('',#541,1.);
#541 = DIRECTION('',(0.,1.,0.));
#542 = ORIENTED_EDGE('',*,*,#543,.F.);
#543 = EDGE_CURVE('',#544,#536,#546,.T.);
#544 = VERTEX_POINT('',#545);
#545 = CARTESIAN_POINT('',(372.42635753243,170.13840964392,
    5.294157127712));
#546 = LINE('',#547,#548);
#547 = CARTESIAN_POINT('',(372.42635753243,170.13840964392,
    9.55573398187E-11));
#548 = VECTOR('',#549,1.);
#549 = DIRECTION('',(0.,0.,-1.));
#550 = ORIENTED_EDGE('',*,*,#551,.T.);
#551 = EDGE_CURVE('',#544,#167,#552,.T.);
#552 = B_SPLINE_CURVE_WITH_KNOTS('',3,(#553,#554,#555,#556,#557,#558),
  .UNSPECIFIED.,.F.,.F.,(4,2,4),(2.445146900975,3.689862314501,
    7.314729615065),.UNSPECIFIED.);
#553 = CARTESIAN_POINT('',(372.42635753243,170.13840964392,
    5.294157127712));
#554 = CARTESIAN_POINT('',(372.42635753243,170.55321604558,
    5.285106019821));
#555 = CARTESIAN_POINT('',(372.42635753243,170.96802244723,5.27605491193
    ));
#556 = CARTESIAN_POINT('',(372.42635753243,172.59083040899,
    5.240645116203));
#557 = CARTESIAN_POINT('',(372.42635753243,173.79883196909,
    5.214286428369));
#558 = CARTESIAN_POINT('',(372.42635753243,175.0068335292,5.187927740534
    ));
#559 = PLANE('',#560);
#560 = AXIS2_PLACEMENT_3D('',#561,#562,#563);
#561 = CARTESIAN_POINT('',(372.42635753243,167.45804119909,
    4.512933555441));
#562 = DIRECTION('',(1.,0.,0.));
#563 = DIRECTION('',(0.,-1.,0.));
#564 = ADVANCED_FACE('',(#565),#584,.F.);
#565 = FACE_BOUND('',#566,.T.);
#566 = EDGE_LOOP('',(#567,#568,#576,#583));
#567 = ORIENTED_EDGE('',*,*,#158,.F.);
#568 = ORIENTED_EDGE('',*,*,#569,.T.);
#569 = EDGE_CURVE('',#151,#570,#572,.T.);
#570 = VERTEX_POINT('',#571);
#571 = CARTESIAN_POINT('',(373.07635753243,170.13840964392,
    3.012933555441));
#572 = LINE('',#573,#574);
#573 = CARTESIAN_POINT('',(373.07635753243,167.45804119909,
    3.012933555441));
#574 = VECTOR('',#575,1.);
#575 = DIRECTION('',(0.,-1.,0.));
#576 = ORIENTED_EDGE('',*,*,#577,.F.);
#577 = EDGE_CURVE('',#536,#570,#578,.T.);
#578 = CIRCLE('',#579,2.7);
#579 = AXIS2_PLACEMENT_3D('',#580,#581,#582);
#580 = CARTESIAN_POINT('',(372.75135753242,167.4580411991,3.012933555441
    ));
#581 = DIRECTION('',(0.,0.,-1.));
#582 = DIRECTION('',(0.,1.,0.));
#583 = ORIENTED_EDGE('',*,*,#535,.T.);
#584 = PLANE('',#585);
#585 = AXIS2_PLACEMENT_3D('',#586,#587,#588);
#586 = CARTESIAN_POINT('',(384.70135753242,167.78304119909,
    3.012933555441));
#587 = DIRECTION('',(0.,0.,1.));
#588 = DIRECTION('',(1.,0.,-0.));
#589 = ADVANCED_FACE('',(#590),#601,.T.);
#590 = FACE_BOUND('',#591,.T.);
#591 = EDGE_LOOP('',(#592,#593,#594,#600));
#592 = ORIENTED_EDGE('',*,*,#150,.F.);
#593 = ORIENTED_EDGE('',*,*,#280,.T.);
#594 = ORIENTED_EDGE('',*,*,#595,.F.);
#595 = EDGE_CURVE('',#570,#281,#596,.T.);
#596 = LINE('',#597,#598);
#597 = CARTESIAN_POINT('',(373.07635753243,170.13840964392,
    9.55573398187E-11));
#598 = VECTOR('',#599,1.);
#599 = DIRECTION('',(0.,0.,1.));
#600 = ORIENTED_EDGE('',*,*,#569,.F.);
#601 = PLANE('',#602);
#602 = AXIS2_PLACEMENT_3D('',#603,#604,#605);
#603 = CARTESIAN_POINT('',(373.07635753243,167.45804119909,
    4.512933555441));
#604 = DIRECTION('',(1.,0.,0.));
#605 = DIRECTION('',(0.,-1.,0.));
#606 = ADVANCED_FACE('',(#607),#758,.T.);
#607 = FACE_BOUND('',#608,.T.);
#608 = EDGE_LOOP('',(#609,#610,#611,#612,#613,#620,#629,#637,#654,#662,
    #671,#679,#686,#687,#696,#704,#721,#729,#738,#745));
#609 = ORIENTED_EDGE('',*,*,#543,.T.);
#610 = ORIENTED_EDGE('',*,*,#577,.T.);
#611 = ORIENTED_EDGE('',*,*,#595,.T.);
#612 = ORIENTED_EDGE('',*,*,#291,.T.);
#613 = ORIENTED_EDGE('',*,*,#614,.T.);
#614 = EDGE_CURVE('',#292,#615,#617,.T.);
#615 = VERTEX_POINT('',#616);
#616 = CARTESIAN_POINT('',(375.43172597724,167.7830411991,3.012933555441
    ));
#617 = B_SPLINE_CURVE_WITH_KNOTS('',1,(#618,#619),.UNSPECIFIED.,.F.,.F.,
  (2,2),(-2.257272864179,0.),.PIECEWISE_BEZIER_KNOTS.);
#618 = CARTESIAN_POINT('',(375.43172597724,167.7830411991,5.27020641962)
  );
#619 = CARTESIAN_POINT('',(375.43172597724,167.7830411991,3.012933555441
    ));
#620 = ORIENTED_EDGE('',*,*,#621,.T.);
#621 = EDGE_CURVE('',#615,#622,#624,.T.);
#622 = VERTEX_POINT('',#623);
#623 = CARTESIAN_POINT('',(375.43172597724,167.1330411991,3.012933555441
    ));
#624 = CIRCLE('',#625,2.7);
#625 = AXIS2_PLACEMENT_3D('',#626,#627,#628);
#626 = CARTESIAN_POINT('',(372.75135753242,167.4580411991,3.012933555441
    ));
#627 = DIRECTION('',(0.,0.,-1.));
#628 = DIRECTION('',(0.,1.,0.));
#629 = ORIENTED_EDGE('',*,*,#630,.T.);
#630 = EDGE_CURVE('',#622,#631,#633,.T.);
#631 = VERTEX_POINT('',#632);
#632 = CARTESIAN_POINT('',(375.43172597724,167.1330411991,5.284389470088
    ));
#633 = LINE('',#634,#635);
#634 = CARTESIAN_POINT('',(375.43172597724,167.1330411991,
    9.55573398187E-11));
#635 = VECTOR('',#636,1.);
#636 = DIRECTION('',(0.,0.,1.));
#637 = ORIENTED_EDGE('',*,*,#638,.T.);
#638 = EDGE_CURVE('',#631,#639,#641,.T.);
#639 = VERTEX_POINT('',#640);
#640 = CARTESIAN_POINT('',(373.07635753243,164.77767275428,
    5.393050505585));
#641 = B_SPLINE_CURVE_WITH_KNOTS('',3,(#642,#643,#644,#645,#646,#647,
    #648,#649,#650,#651,#652,#653),.UNSPECIFIED.,.F.,.F.,(4,2,2,2,2,4),(
    4.277626601138E-02,1.07209172857,2.110350234208,2.990530725954,
    3.405552819928,3.642792322538),.UNSPECIFIED.);
#642 = CARTESIAN_POINT('',(375.43172597725,167.13304119909,
    5.284389470088));
#643 = CARTESIAN_POINT('',(375.39046953195,166.79278743262,
    5.292703780472));
#644 = CARTESIAN_POINT('',(375.28478281777,166.4633680533,5.302165124741
    ));
#645 = CARTESIAN_POINT('',(374.95422590953,165.8589658564,5.322723440039
    ));
#646 = CARTESIAN_POINT('',(374.73144546668,165.59017993845,
    5.333648263178));
#647 = CARTESIAN_POINT('',(374.23733616172,165.18474848133,
    5.354266569624));
#648 = CARTESIAN_POINT('',(373.98183939511,165.03690308153,
    5.363762712203));
#649 = CARTESIAN_POINT('',(373.57828642792,164.88407383374,
    5.377422638511));
#650 = CARTESIAN_POINT('',(373.44540239971,164.84510749705,
    5.381731553642));
#651 = CARTESIAN_POINT('',(373.23278499515,164.80013308324,
    5.388349678874));
#652 = CARTESIAN_POINT('',(373.15478950973,164.78718278737,
    5.390720955096));
#653 = CARTESIAN_POINT('',(373.07635753243,164.77767275428,
    5.393050505585));
#654 = ORIENTED_EDGE('',*,*,#655,.T.);
#655 = EDGE_CURVE('',#639,#656,#658,.T.);
#656 = VERTEX_POINT('',#657);
#657 = CARTESIAN_POINT('',(373.07635753243,164.77767275428,
    3.012933555441));
#658 = LINE('',#659,#660);
#659 = CARTESIAN_POINT('',(373.07635753243,164.77767275428,
    9.55573398187E-11));
#660 = VECTOR('',#661,1.);
#661 = DIRECTION('',(0.,0.,-1.));
#662 = ORIENTED_EDGE('',*,*,#663,.T.);
#663 = EDGE_CURVE('',#656,#664,#666,.T.);
#664 = VERTEX_POINT('',#665);
#665 = CARTESIAN_POINT('',(372.75135753242,164.7580411991,3.012933555441
    ));
#666 = CIRCLE('',#667,2.7);
#667 = AXIS2_PLACEMENT_3D('',#668,#669,#670);
#668 = CARTESIAN_POINT('',(372.75135753242,167.4580411991,3.012933555441
    ));
#669 = DIRECTION('',(0.,0.,-1.));
#670 = DIRECTION('',(0.,1.,0.));
#671 = ORIENTED_EDGE('',*,*,#672,.T.);
#672 = EDGE_CURVE('',#664,#673,#675,.T.);
#673 = VERTEX_POINT('',#674);
#674 = CARTESIAN_POINT('',(372.75135753242,164.7580411991,0.200000000096
    ));
#675 = LINE('',#676,#677);
#676 = CARTESIAN_POINT('',(372.75135753242,164.7580411991,
    9.55573398187E-11));
#677 = VECTOR('',#678,1.);
#678 = DIRECTION('',(0.,0.,-1.));
#679 = ORIENTED_EDGE('',*,*,#680,.F.);
#680 = EDGE_CURVE('',#673,#673,#681,.T.);
#681 = CIRCLE('',#682,2.7);
#682 = AXIS2_PLACEMENT_3D('',#683,#684,#685);
#683 = CARTESIAN_POINT('',(372.75135753242,167.4580411991,0.200000000096
    ));
#684 = DIRECTION('',(0.,-3.061616997868E-16,-1.));
#685 = DIRECTION('',(0.,1.,-3.061616997868E-16));
#686 = ORIENTED_EDGE('',*,*,#672,.F.);
#687 = ORIENTED_EDGE('',*,*,#688,.T.);
#688 = EDGE_CURVE('',#664,#689,#691,.T.);
#689 = VERTEX_POINT('',#690);
#690 = CARTESIAN_POINT('',(372.42635753243,164.77767275428,
    3.012933555441));
#691 = CIRCLE('',#692,2.7);
#692 = AXIS2_PLACEMENT_3D('',#693,#694,#695);
#693 = CARTESIAN_POINT('',(372.75135753242,167.4580411991,3.012933555441
    ));
#694 = DIRECTION('',(0.,0.,-1.));
#695 = DIRECTION('',(0.,1.,0.));
#696 = ORIENTED_EDGE('',*,*,#697,.T.);
#697 = EDGE_CURVE('',#689,#698,#700,.T.);
#698 = VERTEX_POINT('',#699);
#699 = CARTESIAN_POINT('',(372.42635753243,164.77767275428,5.41112882287
    ));
#700 = LINE('',#701,#702);
#701 = CARTESIAN_POINT('',(372.42635753243,164.77767275428,
    9.55573398187E-11));
#702 = VECTOR('',#703,1.);
#703 = DIRECTION('',(0.,0.,1.));
#704 = ORIENTED_EDGE('',*,*,#705,.T.);
#705 = EDGE_CURVE('',#698,#706,#708,.T.);
#706 = VERTEX_POINT('',#707);
#707 = CARTESIAN_POINT('',(370.0709890876,167.1330411991,5.433489410163)
  );
#708 = B_SPLINE_CURVE_WITH_KNOTS('',3,(#709,#710,#711,#712,#713,#714,
    #715,#716,#717,#718,#719,#720),.UNSPECIFIED.,.F.,.F.,(4,2,2,2,2,4),(
    8.667272247182E-02,0.630104287966,1.51492058029,2.470691163648,
    3.113705386277,3.683154307179),.UNSPECIFIED.);
#709 = CARTESIAN_POINT('',(372.42635753242,164.77767275428,5.41112882287
    ));
#710 = CARTESIAN_POINT('',(372.24673488887,164.79945235673,
    5.415785375328));
#711 = CARTESIAN_POINT('',(372.06967274356,164.83924303595,
    5.420089566138));
#712 = CARTESIAN_POINT('',(371.61810673973,164.98970341488,
    5.430263606997));
#713 = CARTESIAN_POINT('',(371.35548432428,165.12812423162,
    5.435347962137));
#714 = CARTESIAN_POINT('',(370.86656858715,165.49869073068,5.44271786166
    ));
#715 = CARTESIAN_POINT('',(370.64872558786,165.73454569638,
    5.444682880769));
#716 = CARTESIAN_POINT('',(370.36151243026,166.18345093105,
    5.444397783701));
#717 = CARTESIAN_POINT('',(370.26790952282,166.37710560355,
    5.443316843974));
#718 = CARTESIAN_POINT('',(370.13645202994,166.75925976182,5.43941638295
    ));
#719 = CARTESIAN_POINT('',(370.09382472606,166.94470912294,
    5.436821100744));
#720 = CARTESIAN_POINT('',(370.0709890876,167.1330411991,5.433489410163)
  );
#721 = ORIENTED_EDGE('',*,*,#722,.T.);
#722 = EDGE_CURVE('',#706,#723,#725,.T.);
#723 = VERTEX_POINT('',#724);
#724 = CARTESIAN_POINT('',(370.0709890876,167.1330411991,3.012933555441)
  );
#725 = LINE('',#726,#727);
#726 = CARTESIAN_POINT('',(370.0709890876,167.1330411991,
    9.55573398187E-11));
#727 = VECTOR('',#728,1.);
#728 = DIRECTION('',(0.,0.,-1.));
#729 = ORIENTED_EDGE('',*,*,#730,.T.);
#730 = EDGE_CURVE('',#723,#731,#733,.T.);
#731 = VERTEX_POINT('',#732);
#732 = CARTESIAN_POINT('',(370.0709890876,167.7830411991,3.012933555441)
  );
#733 = CIRCLE('',#734,2.7);
#734 = AXIS2_PLACEMENT_3D('',#735,#736,#737);
#735 = CARTESIAN_POINT('',(372.75135753242,167.4580411991,3.012933555441
    ));
#736 = DIRECTION('',(0.,0.,-1.));
#737 = DIRECTION('',(0.,1.,0.));
#738 = ORIENTED_EDGE('',*,*,#739,.T.);
#739 = EDGE_CURVE('',#731,#740,#742,.T.);
#740 = VERTEX_POINT('',#741);
#741 = CARTESIAN_POINT('',(370.07098908761,167.7830411991,5.419306359694
    ));
#742 = B_SPLINE_CURVE_WITH_KNOTS('',1,(#743,#744),.UNSPECIFIED.,.F.,.F.,
  (2,2),(0.,2.406372804253),.PIECEWISE_BEZIER_KNOTS.);
#743 = CARTESIAN_POINT('',(370.07098908761,167.7830411991,3.012933555441
    ));
#744 = CARTESIAN_POINT('',(370.07098908761,167.7830411991,5.419306359694
    ));
#745 = ORIENTED_EDGE('',*,*,#746,.T.);
#746 = EDGE_CURVE('',#740,#544,#747,.T.);
#747 = B_SPLINE_CURVE_WITH_KNOTS('',3,(#748,#749,#750,#751,#752,#753,
    #754,#755,#756,#757),.UNSPECIFIED.,.F.,.F.,(4,2,2,2,4),(
    8.816012249683E-02,1.079999892442,2.152359326569,3.037148605324,
    3.68986686049),.UNSPECIFIED.);
#748 = CARTESIAN_POINT('',(370.0709890876,167.7830411991,5.419306359694)
  );
#749 = CARTESIAN_POINT('',(370.11071252475,168.11065180663,
    5.410804980819));
#750 = CARTESIAN_POINT('',(370.21019456885,168.42843563846,
    5.400477548912));
#751 = CARTESIAN_POINT('',(370.53172839911,169.03628916885,
    5.376483506462));
#752 = CARTESIAN_POINT('',(370.75977791438,169.31578148229,
    5.362867464683));
#753 = CARTESIAN_POINT('',(371.26313329644,169.73005498475,
    5.337816283095));
#754 = CARTESIAN_POINT('',(371.51983822813,169.8788333619,5.326588848306
    ));
#755 = CARTESIAN_POINT('',(371.99884871091,170.06015745663,
    5.308243143165));
#756 = CARTESIAN_POINT('',(372.21067653378,170.11225789427,
    5.300889726403));
#757 = CARTESIAN_POINT('',(372.42635753242,170.13840964392,
    5.294157127712));
#758 = CYLINDRICAL_SURFACE('',#759,2.7);
#759 = AXIS2_PLACEMENT_3D('',#760,#761,#762);
#760 = CARTESIAN_POINT('',(372.75135753242,167.4580411991,
    9.55573398187E-11));
#761 = DIRECTION('',(0.,0.,1.));
#762 = DIRECTION('',(0.,1.,0.));
#763 = ADVANCED_FACE('',(#764),#810,.F.);
#764 = FACE_BOUND('',#765,.F.);
#765 = EDGE_LOOP('',(#766,#767,#778,#799,#808,#809));
#766 = ORIENTED_EDGE('',*,*,#366,.T.);
#767 = ORIENTED_EDGE('',*,*,#768,.T.);
#768 = EDGE_CURVE('',#367,#769,#771,.T.);
#769 = VERTEX_POINT('',#770);
#770 = CARTESIAN_POINT('',(393.97098906782,167.78304121432,
    5.270207117912));
#771 = B_SPLINE_CURVE_WITH_KNOTS('',3,(#772,#773,#774,#775,#776,#777),
  .UNSPECIFIED.,.F.,.F.,(4,2,4),(2.468213040542,5.769246818687,
    9.058203752877),.UNSPECIFIED.);
#772 = CARTESIAN_POINT('',(387.38172597726,167.78304119909,
    5.178597396953));
#773 = CARTESIAN_POINT('',(388.48204310088,167.78304119909,
    5.185459063308));
#774 = CARTESIAN_POINT('',(389.58233285124,167.78304119909,
    5.196545893619));
#775 = CARTESIAN_POINT('',(391.77878373024,167.78304119909,
    5.227113512621));
#776 = CARTESIAN_POINT('',(392.87493114326,167.78304119909,
    5.246563247458));
#777 = CARTESIAN_POINT('',(393.97098908759,167.78304119909,5.27020641962
    ));
#778 = ORIENTED_EDGE('',*,*,#779,.T.);
#779 = EDGE_CURVE('',#769,#780,#782,.T.);
#780 = VERTEX_POINT('',#781);
#781 = CARTESIAN_POINT('',(396.32635753243,170.13840964392,
    5.276078810427));
#782 = B_SPLINE_CURVE_WITH_KNOTS('',3,(#783,#784,#785,#786,#787,#788,
    #789,#790,#791,#792,#793,#794,#795,#796,#797,#798),.UNSPECIFIED.,.F.
  ,.F.,(4,3,3,3,3,4),(8.793122047643E-03,0.810315819403,1.071933701485,
    2.139645803881,3.024661404182,3.608516265128),.UNSPECIFIED.);
#783 = CARTESIAN_POINT('',(393.97098906782,167.78304121432,
    5.270207117912));
#784 = CARTESIAN_POINT('',(394.00313791915,168.04818201252,
    5.265115197042));
#785 = CARTESIAN_POINT('',(394.0743972628,168.30664461193,5.261011587705
    ));
#786 = CARTESIAN_POINT('',(394.18206258708,168.55009438883,5.25807481598
    ));
#787 = CARTESIAN_POINT('',(394.21720466627,168.62955666137,
    5.257116250488));
#788 = CARTESIAN_POINT('',(394.25622534068,168.70741951208,
    5.256282424211));
#789 = CARTESIAN_POINT('',(394.29903052613,168.7833931379,5.255580702703
    ));
#790 = CARTESIAN_POINT('',(394.4737265912,169.09345588708,5.252716844387
    ));
#791 = CARTESIAN_POINT('',(394.70801754026,169.3659436556,5.25210709662)
  );
#792 = CARTESIAN_POINT('',(394.98839812284,169.58514393651,
    5.254036330638));
#793 = CARTESIAN_POINT('',(395.22080270929,169.76683679899,
    5.255635452909));
#794 = CARTESIAN_POINT('',(395.48140489814,169.90920682207,
    5.258960382469));
#795 = CARTESIAN_POINT('',(395.75982211067,170.00660247979,
    5.264000596507));
#796 = CARTESIAN_POINT('',(395.94349711443,170.07085550364,5.26732568307
    ));
#797 = CARTESIAN_POINT('',(396.13345181501,170.11501936731,
    5.271369967265));
#798 = CARTESIAN_POINT('',(396.32635753243,170.13840964393,
    5.276078810427));
#799 = ORIENTED_EDGE('',*,*,#800,.T.);
#800 = EDGE_CURVE('',#780,#255,#801,.T.);
#801 = B_SPLINE_CURVE_WITH_KNOTS('',3,(#802,#803,#804,#805,#806,#807),
  .UNSPECIFIED.,.F.,.F.,(4,2,4),(2.363410010567,3.658265928617,
    7.234555416199),.UNSPECIFIED.);
#802 = CARTESIAN_POINT('',(396.32635753243,170.13840964392,
    5.276078810427));
#803 = CARTESIAN_POINT('',(396.32635753243,170.56992556973,
    5.266663099421));
#804 = CARTESIAN_POINT('',(396.32635753243,171.00144149553,
    5.257247388416));
#805 = CARTESIAN_POINT('',(396.32635753243,172.62477023051,
    5.221826229378));
#806 = CARTESIAN_POINT('',(396.32635753243,173.81658303969,
    5.195820781345));
#807 = CARTESIAN_POINT('',(396.32635753243,175.00839584886,
    5.169815333313));
#808 = ORIENTED_EDGE('',*,*,#262,.T.);
#809 = ORIENTED_EDGE('',*,*,#80,.T.);
#810 = B_SPLINE_SURFACE_WITH_KNOTS('',3,3,(
    (#811,#812,#813,#814)
    ,(#815,#816,#817,#818)
    ,(#819,#820,#821,#822)
    ,(#823,#824,#825,#826
    )),.UNSPECIFIED.,.F.,.F.,.F.,(4,4),(4,4),(3.2178373185E-02,
    4.908007516523E-02),(6.935248871563E-02,9.562756866336E-02),
  .PIECEWISE_BEZIER_KNOTS.);
#811 = CARTESIAN_POINT('',(385.02635753242,175.02197324538,
    5.012408791844));
#812 = CARTESIAN_POINT('',(388.79356198564,175.02203536962,
    5.015255905071));
#813 = CARTESIAN_POINT('',(392.56087926046,175.02317784297,
    5.067614717048));
#814 = CARTESIAN_POINT('',(396.32635753243,175.02539977252,
    5.169444306378));
#815 = CARTESIAN_POINT('',(385.02635753242,172.60827004406,
    5.065075983105));
#816 = CARTESIAN_POINT('',(388.79356198564,172.6083321683,5.067923096332
    ));
#817 = CARTESIAN_POINT('',(392.56087926046,172.60947464165,5.12028190831
    ));
#818 = CARTESIAN_POINT('',(396.32635753243,172.6116965712,5.222111497639
    ));
#819 = CARTESIAN_POINT('',(385.02635753243,170.19456684275,
    5.117743174366));
#820 = CARTESIAN_POINT('',(388.79356198564,170.19462896699,
    5.120590287593));
#821 = CARTESIAN_POINT('',(392.56087926046,170.19577144033,
    5.172949099571));
#822 = CARTESIAN_POINT('',(396.32635753243,170.19799336988,5.2747786889)
  );
#823 = CARTESIAN_POINT('',(385.02635753243,167.78086364144,
    5.170410365627));
#824 = CARTESIAN_POINT('',(388.79356198564,167.78092576567,
    5.173257478854));
#825 = CARTESIAN_POINT('',(392.56087926046,167.78206823901,
    5.225616290832));
#826 = CARTESIAN_POINT('',(396.32635753243,167.78429016856,
    5.327445880162));
#827 = ADVANCED_FACE('',(#828),#856,.T.);
#828 = FACE_BOUND('',#829,.T.);
#829 = EDGE_LOOP('',(#830,#831,#842,#850));
#830 = ORIENTED_EDGE('',*,*,#238,.F.);
#831 = ORIENTED_EDGE('',*,*,#832,.T.);
#832 = EDGE_CURVE('',#228,#833,#835,.T.);
#833 = VERTEX_POINT('',#834);
#834 = CARTESIAN_POINT('',(396.97635753243,170.13840964392,
    5.294157127712));
#835 = B_SPLINE_CURVE_WITH_KNOTS('',3,(#836,#837,#838,#839,#840,#841),
  .UNSPECIFIED.,.F.,.F.,(4,2,4),(6.499501392842E-02,3.689862314493,
    4.93457772802),.UNSPECIFIED.);
#836 = CARTESIAN_POINT('',(396.97635753243,175.0068335292,5.187927740534
    ));
#837 = CARTESIAN_POINT('',(396.97635753243,173.79883196909,
    5.214286428369));
#838 = CARTESIAN_POINT('',(396.97635753243,172.59083040899,
    5.240645116203));
#839 = CARTESIAN_POINT('',(396.97635753243,170.96802244723,
    5.276054911929));
#840 = CARTESIAN_POINT('',(396.97635753243,170.55321604558,
    5.285106019821));
#841 = CARTESIAN_POINT('',(396.97635753243,170.13840964392,
    5.294157127712));
#842 = ORIENTED_EDGE('',*,*,#843,.F.);
#843 = EDGE_CURVE('',#844,#833,#846,.T.);
#844 = VERTEX_POINT('',#845);
#845 = CARTESIAN_POINT('',(396.97635753243,170.13840964392,
    3.012933555441));
#846 = LINE('',#847,#848);
#847 = CARTESIAN_POINT('',(396.97635753243,170.13840964392,
    9.55573398187E-11));
#848 = VECTOR('',#849,1.);
#849 = DIRECTION('',(0.,0.,1.));
#850 = ORIENTED_EDGE('',*,*,#851,.T.);
#851 = EDGE_CURVE('',#844,#239,#852,.T.);
#852 = LINE('',#853,#854);
#853 = CARTESIAN_POINT('',(396.97635753243,167.45804119909,
    3.012933555441));
#854 = VECTOR('',#855,1.);
#855 = DIRECTION('',(0.,1.,0.));
#856 = PLANE('',#857);
#857 = AXIS2_PLACEMENT_3D('',#858,#859,#860);
#858 = CARTESIAN_POINT('',(396.97635753243,167.45804119909,
    4.512933555441));
#859 = DIRECTION('',(1.,0.,0.));
#860 = DIRECTION('',(0.,-1.,0.));
#861 = ADVANCED_FACE('',(#862),#880,.F.);
#862 = FACE_BOUND('',#863,.T.);
#863 = EDGE_LOOP('',(#864,#865,#873,#879));
#864 = ORIENTED_EDGE('',*,*,#254,.F.);
#865 = ORIENTED_EDGE('',*,*,#866,.T.);
#866 = EDGE_CURVE('',#247,#867,#869,.T.);
#867 = VERTEX_POINT('',#868);
#868 = CARTESIAN_POINT('',(396.32635753243,170.13840964392,
    3.012933555441));
#869 = LINE('',#870,#871);
#870 = CARTESIAN_POINT('',(396.32635753243,167.45804119909,
    3.012933555441));
#871 = VECTOR('',#872,1.);
#872 = DIRECTION('',(0.,-1.,0.));
#873 = ORIENTED_EDGE('',*,*,#874,.F.);
#874 = EDGE_CURVE('',#780,#867,#875,.T.);
#875 = LINE('',#876,#877);
#876 = CARTESIAN_POINT('',(396.32635753243,170.13840964392,
    9.55573398187E-11));
#877 = VECTOR('',#878,1.);
#878 = DIRECTION('',(0.,0.,-1.));
#879 = ORIENTED_EDGE('',*,*,#800,.T.);
#880 = PLANE('',#881);
#881 = AXIS2_PLACEMENT_3D('',#882,#883,#884);
#882 = CARTESIAN_POINT('',(396.32635753243,167.45804119909,
    4.512933555441));
#883 = DIRECTION('',(1.,0.,0.));
#884 = DIRECTION('',(0.,-1.,0.));
#885 = ADVANCED_FACE('',(#886),#898,.F.);
#886 = FACE_BOUND('',#887,.T.);
#887 = EDGE_LOOP('',(#888,#889,#890,#897));
#888 = ORIENTED_EDGE('',*,*,#246,.F.);
#889 = ORIENTED_EDGE('',*,*,#851,.F.);
#890 = ORIENTED_EDGE('',*,*,#891,.F.);
#891 = EDGE_CURVE('',#867,#844,#892,.T.);
#892 = CIRCLE('',#893,2.7);
#893 = AXIS2_PLACEMENT_3D('',#894,#895,#896);
#894 = CARTESIAN_POINT('',(396.65135753242,167.4580411991,3.012933555441
    ));
#895 = DIRECTION('',(0.,0.,-1.));
#896 = DIRECTION('',(0.,1.,0.));
#897 = ORIENTED_EDGE('',*,*,#866,.F.);
#898 = PLANE('',#899);
#899 = AXIS2_PLACEMENT_3D('',#900,#901,#902);
#900 = CARTESIAN_POINT('',(384.70135753242,167.78304119909,
    3.012933555441));
#901 = DIRECTION('',(0.,0.,1.));
#902 = DIRECTION('',(1.,0.,-0.));
#903 = ADVANCED_FACE('',(#904),#938,.F.);
#904 = FACE_BOUND('',#905,.F.);
#905 = EDGE_LOOP('',(#906,#907,#918,#927,#936,#937));
#906 = ORIENTED_EDGE('',*,*,#174,.T.);
#907 = ORIENTED_EDGE('',*,*,#908,.T.);
#908 = EDGE_CURVE('',#175,#909,#911,.T.);
#909 = VERTEX_POINT('',#910);
#910 = CARTESIAN_POINT('',(362.52155213776,167.7830411991,5.742882396459
    ));
#911 = B_SPLINE_CURVE_WITH_KNOTS('',3,(#912,#913,#914,#915,#916,#917),
  .UNSPECIFIED.,.F.,.F.,(4,2,4),(0.108083739358,0.922465471405,
    4.190791910401),.UNSPECIFIED.);
#912 = CARTESIAN_POINT('',(362.50802719106,174.97243596368,5.58670830301
    ));
#913 = CARTESIAN_POINT('',(362.50808735581,174.70103988386,
    5.592627075882));
#914 = CARTESIAN_POINT('',(362.50802311762,174.42964380209,
    5.598552280524));
#915 = CARTESIAN_POINT('',(362.51011921679,173.06906419103,
    5.628131861952));
#916 = CARTESIAN_POINT('',(362.5145179298,171.15507088467,5.669667910091
    ));
#917 = CARTESIAN_POINT('',(362.52155213776,167.7830411991,5.742882396459
    ));
#918 = ORIENTED_EDGE('',*,*,#919,.T.);
#919 = EDGE_CURVE('',#909,#920,#922,.T.);
#920 = VERTEX_POINT('',#921);
#921 = CARTESIAN_POINT('',(365.32635753242,167.78304119909,
    5.607140829818));
#922 = B_SPLINE_CURVE_WITH_KNOTS('',3,(#923,#924,#925,#926),
  .UNSPECIFIED.,.F.,.F.,(4,4),(0.236174077195,3.044276823826),
  .PIECEWISE_BEZIER_KNOTS.);
#923 = CARTESIAN_POINT('',(362.52155213776,167.7830411991,5.742882396459
    ));
#924 = CARTESIAN_POINT('',(363.45633860723,167.7830411991,5.694581227116
    ));
#925 = CARTESIAN_POINT('',(364.39127872497,167.7830411991,5.649333807161
    ));
#926 = CARTESIAN_POINT('',(365.32635753241,167.7830411991,5.607140829819
    ));
#927 = ORIENTED_EDGE('',*,*,#928,.T.);
#928 = EDGE_CURVE('',#920,#740,#929,.T.);
#929 = B_SPLINE_CURVE_WITH_KNOTS('',3,(#930,#931,#932,#933,#934,#935),
  .UNSPECIFIED.,.F.,.F.,(4,2,4),(3.044276823826,5.11699936382,
    7.792662667691),.UNSPECIFIED.);
#930 = CARTESIAN_POINT('',(365.32635753241,167.7830411991,5.607140829819
    ));
#931 = CARTESIAN_POINT('',(366.01655981335,167.7830411991,5.575997263127
    ));
#932 = CARTESIAN_POINT('',(366.70683765579,167.7830411991,5.546517830543
    ));
#933 = CARTESIAN_POINT('',(368.28834975067,167.7830411991,5.482796592783
    ));
#934 = CARTESIAN_POINT('',(369.17962208068,167.7830411991,5.44966429397)
  );
#935 = CARTESIAN_POINT('',(370.07098908761,167.7830411991,5.419306359694
    ));
#936 = ORIENTED_EDGE('',*,*,#746,.T.);
#937 = ORIENTED_EDGE('',*,*,#551,.T.);
#938 = B_SPLINE_SURFACE_WITH_KNOTS('',3,3,(
    (#939,#940,#941,#942)
    ,(#943,#944,#945,#946)
    ,(#947,#948,#949,#950)
    ,(#951,#952,#953,#954
    )),.UNSPECIFIED.,.F.,.F.,.F.,(4,4),(4,4),(3.222262954557E-02,
    4.910413753598E-02),(1.696061776832E-02,4.005152170856E-02),
  .PIECEWISE_BEZIER_KNOTS.);
#939 = CARTESIAN_POINT('',(362.50802719106,175.01551444168,
    5.585768327276));
#940 = CARTESIAN_POINT('',(365.81149053185,175.01178941199,
    5.415052633665));
#941 = CARTESIAN_POINT('',(369.11804018717,175.00889493789,
    5.282400763498));
#942 = CARTESIAN_POINT('',(372.42635753243,175.00683352919,
    5.187927740533));
#943 = CARTESIAN_POINT('',(362.50802719106,172.60469510957,
    5.638372592287));
#944 = CARTESIAN_POINT('',(365.81149053185,172.60097007989,
    5.467656898676));
#945 = CARTESIAN_POINT('',(369.11804018717,172.59807560578,
    5.335005028509));
#946 = CARTESIAN_POINT('',(372.42635753243,172.59601419708,
    5.240532005545));
#947 = CARTESIAN_POINT('',(362.50802719106,170.19387577746,
    5.690976857298));
#948 = CARTESIAN_POINT('',(365.81149053185,170.19015074777,
    5.520261163687));
#949 = CARTESIAN_POINT('',(369.11804018717,170.18725627366,5.38760929352
    ));
#950 = CARTESIAN_POINT('',(372.42635753244,170.18519486497,
    5.293136270556));
#951 = CARTESIAN_POINT('',(362.50802719106,167.78305644535,
    5.743581122309));
#952 = CARTESIAN_POINT('',(365.81149053185,167.77933141566,
    5.572865428698));
#953 = CARTESIAN_POINT('',(369.11804018717,167.77643694156,
    5.440213558531));
#954 = CARTESIAN_POINT('',(372.42635753244,167.77437553286,
    5.345740535567));
#955 = ADVANCED_FACE('',(#956),#1017,.F.);
#956 = FACE_BOUND('',#957,.F.);
#957 = EDGE_LOOP('',(#958,#979,#990,#999,#1015,#1016));
#958 = ORIENTED_EDGE('',*,*,#959,.T.);
#959 = EDGE_CURVE('',#833,#960,#962,.T.);
#960 = VERTEX_POINT('',#961);
#961 = CARTESIAN_POINT('',(399.33172597725,167.78304119909,
    5.419306359694));
#962 = B_SPLINE_CURVE_WITH_KNOTS('',3,(#963,#964,#965,#966,#967,#968,
    #969,#970,#971,#972,#973,#974,#975,#976,#977,#978),.UNSPECIFIED.,.F.
  ,.F.,(4,3,3,3,3,4),(8.678412469358E-02,0.826024005942,1.821982228082,
    2.829089125358,3.618861147166,3.688064651457),.UNSPECIFIED.);
#963 = CARTESIAN_POINT('',(396.97635753243,170.13840964392,
    5.294157127712));
#964 = CARTESIAN_POINT('',(397.22059450141,170.10879534674,5.30178111815
    ));
#965 = CARTESIAN_POINT('',(397.45975827054,170.045922266,5.310197833905)
  );
#966 = CARTESIAN_POINT('',(397.68716860771,169.95145159688,
    5.319132862989));
#967 = CARTESIAN_POINT('',(397.99355250218,169.82417377881,
    5.331170789856));
#968 = CARTESIAN_POINT('',(398.27385716603,169.64151303167,
    5.343962703371));
#969 = CARTESIAN_POINT('',(398.51401676171,169.41265127122,
    5.356678204628));
#970 = CARTESIAN_POINT('',(398.75686468432,169.18122765089,
    5.369536042169));
#971 = CARTESIAN_POINT('',(398.95448854277,168.90654171327,
    5.382086282528));
#972 = CARTESIAN_POINT('',(399.09672361441,168.60267413759,5.39348304326
    ));
#973 = CARTESIAN_POINT('',(399.20826418776,168.36438154754,5.40242036942
    ));
#974 = CARTESIAN_POINT('',(399.28426980023,168.11128874252,
    5.410529127672));
#975 = CARTESIAN_POINT('',(399.32253719158,167.85148576914,
    5.417500540805));
#976 = CARTESIAN_POINT('',(399.3258903587,167.82872062212,5.418111408505
    ));
#977 = CARTESIAN_POINT('',(399.32895376718,167.80590395462,
    5.418713577008));
#978 = CARTESIAN_POINT('',(399.33172593376,167.78304120997,
    5.419306858375));
#979 = ORIENTED_EDGE('',*,*,#980,.T.);
#980 = EDGE_CURVE('',#960,#981,#983,.T.);
#981 = VERTEX_POINT('',#982);
#982 = CARTESIAN_POINT('',(404.07635753243,167.78304119908,
    5.607140829818));
#983 = B_SPLINE_CURVE_WITH_KNOTS('',3,(#984,#985,#986,#987,#988,#989),
  .UNSPECIFIED.,.F.,.F.,(4,2,4),(2.442784447505,5.118228034737,
    7.19117029102),.UNSPECIFIED.);
#984 = CARTESIAN_POINT('',(399.33172597725,167.78304119909,
    5.419306359694));
#985 = CARTESIAN_POINT('',(400.22301978841,167.78304119909,
    5.449661801088));
#986 = CARTESIAN_POINT('',(401.11421893837,167.78304119909,
    5.482791151404));
#987 = CARTESIAN_POINT('',(402.69573106574,167.78304119909,
    5.546511580733));
#988 = CARTESIAN_POINT('',(403.3860820878,167.78304119908,5.575993961807
    ));
#989 = CARTESIAN_POINT('',(404.07635753244,167.78304119908,
    5.607140829818));
#990 = ORIENTED_EDGE('',*,*,#991,.T.);
#991 = EDGE_CURVE('',#981,#992,#994,.T.);
#992 = VERTEX_POINT('',#993);
#993 = CARTESIAN_POINT('',(406.88116292709,167.78304119908,
    5.742882396458));
#994 = B_SPLINE_CURVE_WITH_KNOTS('',3,(#995,#996,#997,#998),
  .UNSPECIFIED.,.F.,.F.,(4,4),(7.19117029102,9.999273038287),
  .PIECEWISE_BEZIER_KNOTS.);
#995 = CARTESIAN_POINT('',(404.07635753244,167.78304119908,
    5.607140829818));
#996 = CARTESIAN_POINT('',(405.01143633968,167.78304119908,
    5.649333807152));
#997 = CARTESIAN_POINT('',(405.94637645742,167.78304119908,
    5.694581227105));
#998 = CARTESIAN_POINT('',(406.88116292708,167.78304119908,
    5.742882396458));
#999 = ORIENTED_EDGE('',*,*,#1000,.T.);
#1000 = EDGE_CURVE('',#992,#209,#1001,.T.);
#1001 = B_SPLINE_CURVE_WITH_KNOTS('',3,(#1002,#1003,#1004,#1005,#1006,
    #1007,#1008,#1009,#1010,#1011,#1012,#1013,#1014),.UNSPECIFIED.,.F.,
  .F.,(4,3,3,3,4),(8.050497704949E-02,3.876524812071,5.629418875586,
    6.379994466763,7.148365705289),.UNSPECIFIED.);
#1002 = CARTESIAN_POINT('',(406.88116292708,167.78304119908,
    5.742882396487));
#1003 = CARTESIAN_POINT('',(406.8838048369,169.04946131371,
    5.715385520852));
#1004 = CARTESIAN_POINT('',(406.88656641727,170.3454771452,
    5.687249076291));
#1005 = CARTESIAN_POINT('',(406.88876863393,171.39149464249,
    5.664538722711));
#1006 = CARTESIAN_POINT('',(406.88978555499,171.87451579123,
    5.654051726937));
#1007 = CARTESIAN_POINT('',(406.89144789566,172.66744643786,
    5.63683584957));
#1008 = CARTESIAN_POINT('',(406.89257598497,173.23599446867,
    5.62448840675));
#1009 = CARTESIAN_POINT('',(406.89305902403,173.47944230914,
    5.619201327863));
#1010 = CARTESIAN_POINT('',(406.89386540105,173.89313286666,
    5.610216257171));
#1011 = CARTESIAN_POINT('',(406.89427383134,174.15824444912,
    5.604452618288));
#1012 = CARTESIAN_POINT('',(406.89469194524,174.42964164786,
    5.598552327426));
#1013 = CARTESIAN_POINT('',(406.89465614629,174.70103883536,
    5.592628569035));
#1014 = CARTESIAN_POINT('',(406.89468787379,174.97243596368,
    5.58670830301));
#1015 = ORIENTED_EDGE('',*,*,#227,.T.);
#1016 = ORIENTED_EDGE('',*,*,#832,.T.);
#1017 = B_SPLINE_SURFACE_WITH_KNOTS('',3,3,(
    (#1018,#1019,#1020,#1021)
    ,(#1022,#1023,#1024,#1025)
    ,(#1026,#1027,#1028,#1029)
    ,(#1030,#1031,#1032,#1033
    )),.UNSPECIFIED.,.F.,.F.,.F.,(4,4),(4,4),(3.222262954559E-02,
    4.910413753606E-02),(9.713948741547E-02,0.120224065975),
  .PIECEWISE_BEZIER_KNOTS.);
#1018 = CARTESIAN_POINT('',(396.97635753242,175.00683352919,
    5.187927740534));
#1019 = CARTESIAN_POINT('',(400.28441388164,175.00889477526,
    5.282393310438));
#1020 = CARTESIAN_POINT('',(403.59096389933,175.0117891181,
    5.415039164692));
#1021 = CARTESIAN_POINT('',(406.89468787379,175.01551444169,
    5.585768327276));
#1022 = CARTESIAN_POINT('',(396.97635753242,172.59601419707,
    5.240532005545));
#1023 = CARTESIAN_POINT('',(400.28441388164,172.59807544315,
    5.334997575449));
#1024 = CARTESIAN_POINT('',(403.59096389933,172.60096978599,
    5.467643429703));
#1025 = CARTESIAN_POINT('',(406.89468787379,172.60469510957,
    5.638372592287));
#1026 = CARTESIAN_POINT('',(396.97635753243,170.18519486495,
    5.293136270556));
#1027 = CARTESIAN_POINT('',(400.28441388164,170.18725611102,
    5.387601840461));
#1028 = CARTESIAN_POINT('',(403.59096389933,170.19015045386,
    5.520247694714));
#1029 = CARTESIAN_POINT('',(406.89468787379,170.19387577745,
    5.690976857298));
#1030 = CARTESIAN_POINT('',(396.97635753243,167.77437553284,
    5.345740535567));
#1031 = CARTESIAN_POINT('',(400.28441388164,167.77643677891,
    5.440206105472));
#1032 = CARTESIAN_POINT('',(403.59096389933,167.77933112175,
    5.572851959726));
#1033 = CARTESIAN_POINT('',(406.89468787379,167.78305644534,
    5.743581122309));
#1034 = ADVANCED_FACE('',(#1035),#1060,.F.);
#1035 = FACE_BOUND('',#1036,.F.);
#1036 = EDGE_LOOP('',(#1037,#1046,#1053,#1059));
#1037 = ORIENTED_EDGE('',*,*,#1038,.T.);
#1038 = EDGE_CURVE('',#909,#1039,#1041,.T.);
#1039 = VERTEX_POINT('',#1040);
#1040 = CARTESIAN_POINT('',(361.38074032385,167.78304119909,
    3.012933555441));
#1041 = B_SPLINE_CURVE_WITH_KNOTS('',3,(#1042,#1043,#1044,#1045),
  .UNSPECIFIED.,.F.,.F.,(4,4),(-2.880112496349,0.),
  .PIECEWISE_BEZIER_KNOTS.);
#1042 = CARTESIAN_POINT('',(362.52155213776,167.7830411991,
    5.742882396458));
#1043 = CARTESIAN_POINT('',(362.14419741253,167.7830411991,
    4.837478681941));
#1044 = CARTESIAN_POINT('',(361.75156441109,167.7830411991,
    3.898462490817));
#1045 = CARTESIAN_POINT('',(361.38074032385,167.7830411991,
    3.012933555439));
#1046 = ORIENTED_EDGE('',*,*,#1047,.T.);
#1047 = EDGE_CURVE('',#1039,#1048,#1050,.T.);
#1048 = VERTEX_POINT('',#1049);
#1049 = CARTESIAN_POINT('',(365.32635753242,167.78304119909,
    3.012933555441));
#1050 = B_SPLINE_CURVE_WITH_KNOTS('',1,(#1051,#1052),.UNSPECIFIED.,.F.,
  .F.,(2,2),(-14.32061720857,-10.37499999999),.PIECEWISE_BEZIER_KNOTS.);
#1051 = CARTESIAN_POINT('',(361.38074032385,167.78304119909,
    3.012933555441));
#1052 = CARTESIAN_POINT('',(365.32635753242,167.78304119909,
    3.012933555441));
#1053 = ORIENTED_EDGE('',*,*,#1054,.F.);
#1054 = EDGE_CURVE('',#920,#1048,#1055,.T.);
#1055 = LINE('',#1056,#1057);
#1056 = CARTESIAN_POINT('',(365.32635753242,167.78304119909,
    4.512933555441));
#1057 = VECTOR('',#1058,1.);
#1058 = DIRECTION('',(0.,0.,-1.));
#1059 = ORIENTED_EDGE('',*,*,#919,.F.);
#1060 = B_SPLINE_SURFACE_WITH_KNOTS('',1,1,(
    (#1061,#1062,#1063,#1064)
    ,(#1065,#1066,#1067,#1068)
    ,(#1069,#1070,#1071,#1072
    )),.UNSPECIFIED.,.F.,.F.,.F.,(2,1,2),(2,1,1,2),(-48.49999999999,
    2.025046796916E-13,18.),(-113.9999999999,0.,3.,39.650002000038),
  .UNSPECIFIED.);
#1061 = CARTESIAN_POINT('',(327.20135753242,167.78304119912,
    -110.9870664445));
#1062 = CARTESIAN_POINT('',(327.20135753242,167.78304119912,
    3.012933555441));
#1063 = CARTESIAN_POINT('',(327.20135753242,167.78304119912,
    6.012933555441));
#1064 = CARTESIAN_POINT('',(327.20135753242,167.78304119912,
    42.66293555548));
#1065 = CARTESIAN_POINT('',(375.70135753242,167.7830411991,
    -110.9870664445));
#1066 = CARTESIAN_POINT('',(375.70135753242,167.7830411991,
    3.012933555441));
#1067 = CARTESIAN_POINT('',(375.70135753242,167.7830411991,
    6.012933555441));
#1068 = CARTESIAN_POINT('',(375.70135753242,167.7830411991,
    42.66293555548));
#1069 = CARTESIAN_POINT('',(393.70135753242,167.78304119909,
    -110.9870664445));
#1070 = CARTESIAN_POINT('',(393.70135753242,167.78304119909,
    3.012933555441));
#1071 = CARTESIAN_POINT('',(393.70135753242,167.78304119909,
    6.012933555441));
#1072 = CARTESIAN_POINT('',(393.70135753242,167.78304119909,
    42.66293555548));
#1073 = ADVANCED_FACE('',(#1074),#1121,.F.);
#1074 = FACE_BOUND('',#1075,.T.);
#1075 = EDGE_LOOP('',(#1076,#1077,#1085,#1113,#1114));
#1076 = ORIENTED_EDGE('',*,*,#730,.F.);
#1077 = ORIENTED_EDGE('',*,*,#1078,.T.);
#1078 = EDGE_CURVE('',#723,#1079,#1081,.T.);
#1079 = VERTEX_POINT('',#1080);
#1080 = CARTESIAN_POINT('',(361.37876426112,167.1330411991,
    3.012933555441));
#1081 = LINE('',#1082,#1083);
#1082 = CARTESIAN_POINT('',(384.70135753242,167.1330411991,
    3.012933555441));
#1083 = VECTOR('',#1084,1.);
#1084 = DIRECTION('',(-1.,4.042198674546E-13,0.));
#1085 = ORIENTED_EDGE('',*,*,#1086,.F.);
#1086 = EDGE_CURVE('',#1039,#1079,#1087,.T.);
#1087 = B_SPLINE_CURVE_WITH_KNOTS('',3,(#1088,#1089,#1090,#1091,#1092,
    #1093,#1094,#1095,#1096,#1097,#1098,#1099,#1100,#1101,#1102,#1103,
    #1104,#1105,#1106,#1107,#1108,#1109,#1110,#1111,#1112),
  .UNSPECIFIED.,.F.,.F.,(4,3,3,3,3,3,3,3,4),(-0.701114133647,
    -0.525114206207,-0.460970932255,-0.396863191986,-0.332800334067,
    -0.300788639884,-0.284788231878,-0.268791641606,-5.021646759772E-02)
  ,.UNSPECIFIED.);
#1088 = CARTESIAN_POINT('',(361.38072664346,167.78306418329,
    3.012843276183));
#1089 = CARTESIAN_POINT('',(361.3805482797,167.72446581965,
    3.012843239751));
#1090 = CARTESIAN_POINT('',(361.38037007175,167.6658912369,
    3.012843194303));
#1091 = CARTESIAN_POINT('',(361.38019192689,167.60732331219,
    3.01284317925));
#1092 = CARTESIAN_POINT('',(361.38012700189,167.58597819861,
    3.012843173763));
#1093 = CARTESIAN_POINT('',(361.38006208526,167.56463397136,
    3.012843172282));
#1094 = CARTESIAN_POINT('',(361.37999717949,167.5432899352,
    3.012843170156));
#1095 = CARTESIAN_POINT('',(361.37993230967,167.52195772308,
    3.012843168031));
#1096 = CARTESIAN_POINT('',(361.37986745072,167.50062570181,
    3.012843165268));
#1097 = CARTESIAN_POINT('',(361.37980259791,167.47929305482,
    3.012843163916));
#1098 = CARTESIAN_POINT('',(361.3797377905,167.457975343,3.012843162565)
  );
#1099 = CARTESIAN_POINT('',(361.37967298923,167.43665700623,
    3.012843162624));
#1100 = CARTESIAN_POINT('',(361.37960819252,167.41533729384,
    3.012843163026));
#1101 = CARTESIAN_POINT('',(361.37957581413,167.40468400524,
    3.012843163227));
#1102 = CARTESIAN_POINT('',(361.37954343689,167.39403037331,
    3.012843163513));
#1103 = CARTESIAN_POINT('',(361.37951105981,167.3833762911,
    3.012843164538));
#1104 = CARTESIAN_POINT('',(361.37949487677,167.37805106023,
    3.01284316505));
#1105 = CARTESIAN_POINT('',(361.37947869378,167.37272571686,
    3.012843165746));
#1106 = CARTESIAN_POINT('',(361.37946251132,167.36740025897,
    3.012843166073));
#1107 = CARTESIAN_POINT('',(361.37944633273,167.36207607175,
    3.012843166399));
#1108 = CARTESIAN_POINT('',(361.37943015468,167.35675177005,
    3.012843166355));
#1109 = CARTESIAN_POINT('',(361.37941397692,167.35142733816,
    3.012843166163));
#1110 = CARTESIAN_POINT('',(361.37919292621,167.27867504484,
    3.012843163548));
#1111 = CARTESIAN_POINT('',(361.3789719288,167.20589831462,
    3.012843134455));
#1112 = CARTESIAN_POINT('',(361.37875086647,167.13306760461,
    3.012843082549));
#1113 = ORIENTED_EDGE('',*,*,#1047,.T.);
#1114 = ORIENTED_EDGE('',*,*,#1115,.T.);
#1115 = EDGE_CURVE('',#1048,#731,#1116,.T.);
#1116 = B_SPLINE_CURVE_WITH_KNOTS('',3,(#1117,#1118,#1119,#1120),
  .UNSPECIFIED.,.F.,.F.,(4,4),(-19.04999999999,-14.30536844483),
  .PIECEWISE_BEZIER_KNOTS.);
#1117 = CARTESIAN_POINT('',(365.32635753243,167.7830411991,
    3.012933555441));
#1118 = CARTESIAN_POINT('',(366.90790138415,167.7830411991,
    3.012933555441));
#1119 = CARTESIAN_POINT('',(368.48944523587,167.7830411991,
    3.012933555441));
#1120 = CARTESIAN_POINT('',(370.0709890876,167.7830411991,3.012933555441
    ));
#1121 = PLANE('',#1122);
#1122 = AXIS2_PLACEMENT_3D('',#1123,#1124,#1125);
#1123 = CARTESIAN_POINT('',(384.70135753242,167.78304119909,
    3.012933555441));
#1124 = DIRECTION('',(0.,0.,1.));
#1125 = DIRECTION('',(1.,0.,-0.));
#1126 = ADVANCED_FACE('',(#1127),#1149,.T.);
#1127 = FACE_BOUND('',#1128,.T.);
#1128 = EDGE_LOOP('',(#1129,#1130,#1141,#1148));
#1129 = ORIENTED_EDGE('',*,*,#722,.F.);
#1130 = ORIENTED_EDGE('',*,*,#1131,.T.);
#1131 = EDGE_CURVE('',#706,#1132,#1134,.T.);
#1132 = VERTEX_POINT('',#1133);
#1133 = CARTESIAN_POINT('',(362.52290272083,167.1330411991,
    5.756995663343));
#1134 = B_SPLINE_CURVE_WITH_KNOTS('',3,(#1135,#1136,#1137,#1138,#1139,
    #1140),.UNSPECIFIED.,.F.,.F.,(4,2,4),(2.442697162411,5.106566174357,
    9.997833199257),.UNSPECIFIED.);
#1135 = CARTESIAN_POINT('',(370.0709890876,167.1330411991,5.433489410163
    ));
#1136 = CARTESIAN_POINT('',(369.18355119832,167.1330411991,
    5.463713527622));
#1137 = CARTESIAN_POINT('',(368.29620714376,167.1330411991,
    5.496687605222));
#1138 = CARTESIAN_POINT('',(365.779867356,167.1330411991,5.598005141891)
  );
#1139 = CARTESIAN_POINT('',(364.15115201204,167.1330411991,
    5.672867848525));
#1140 = CARTESIAN_POINT('',(362.52290272083,167.1330411991,
    5.756995663343));
#1141 = ORIENTED_EDGE('',*,*,#1142,.T.);
#1142 = EDGE_CURVE('',#1132,#1079,#1143,.T.);
#1143 = B_SPLINE_CURVE_WITH_KNOTS('',3,(#1144,#1145,#1146,#1147),
  .UNSPECIFIED.,.F.,.F.,(4,4),(0.428126928708,3.345910357044),
  .PIECEWISE_BEZIER_KNOTS.);
#1144 = CARTESIAN_POINT('',(362.52290272082,167.1330411991,
    5.756995663344));
#1145 = CARTESIAN_POINT('',(362.14476881852,167.1330411991,
    4.847122032869));
#1146 = CARTESIAN_POINT('',(361.75126709464,167.1330411991,
    3.904035195872));
#1147 = CARTESIAN_POINT('',(361.37876426113,167.1330411991,
    3.012933555441));
#1148 = ORIENTED_EDGE('',*,*,#1078,.F.);
#1149 = PLANE('',#1150);
#1150 = AXIS2_PLACEMENT_3D('',#1151,#1152,#1153);
#1151 = CARTESIAN_POINT('',(384.70135753242,167.13304119909,
    4.512933555441));
#1152 = DIRECTION('',(-4.042198674546E-13,-1.,0.));
#1153 = DIRECTION('',(-0.,0.,-1.));
#1154 = ADVANCED_FACE('',(#1155),#1161,.F.);
#1155 = FACE_BOUND('',#1156,.F.);
#1156 = EDGE_LOOP('',(#1157,#1158,#1159,#1160));
#1157 = ORIENTED_EDGE('',*,*,#928,.F.);
#1158 = ORIENTED_EDGE('',*,*,#1054,.T.);
#1159 = ORIENTED_EDGE('',*,*,#1115,.T.);
#1160 = ORIENTED_EDGE('',*,*,#739,.T.);
#1161 = B_SPLINE_SURFACE_WITH_KNOTS('',1,1,(
    (#1162,#1163,#1164,#1165)
    ,(#1166,#1167,#1168,#1169)
    ,(#1170,#1171,#1172,#1173
    )),.UNSPECIFIED.,.F.,.F.,.F.,(2,1,2),(2,1,1,2),(-48.99999999999,
    2.025046796916E-13,18.),(-113.9999999999,0.,3.,39.650002000038),
  .UNSPECIFIED.);
#1162 = CARTESIAN_POINT('',(326.70135753242,167.78304119912,
    -110.9870664445));
#1163 = CARTESIAN_POINT('',(326.70135753242,167.78304119912,
    3.012933555441));
#1164 = CARTESIAN_POINT('',(326.70135753242,167.78304119912,
    6.012933555441));
#1165 = CARTESIAN_POINT('',(326.70135753242,167.78304119912,
    42.66293555548));
#1166 = CARTESIAN_POINT('',(375.70135753242,167.7830411991,
    -110.9870664445));
#1167 = CARTESIAN_POINT('',(375.70135753242,167.7830411991,
    3.012933555441));
#1168 = CARTESIAN_POINT('',(375.70135753242,167.7830411991,
    6.012933555441));
#1169 = CARTESIAN_POINT('',(375.70135753242,167.7830411991,
    42.66293555548));
#1170 = CARTESIAN_POINT('',(393.70135753242,167.78304119909,
    -110.9870664445));
#1171 = CARTESIAN_POINT('',(393.70135753242,167.78304119909,
    3.012933555441));
#1172 = CARTESIAN_POINT('',(393.70135753242,167.78304119909,
    6.012933555441));
#1173 = CARTESIAN_POINT('',(393.70135753242,167.78304119909,
    42.66293555548));
#1174 = ADVANCED_FACE('',(#1175),#1227,.T.);
#1175 = FACE_BOUND('',#1176,.T.);
#1176 = EDGE_LOOP('',(#1177,#1178,#1179,#1180,#1201,#1216,#1225,#1226));
#1177 = ORIENTED_EDGE('',*,*,#1038,.T.);
#1178 = ORIENTED_EDGE('',*,*,#1086,.T.);
#1179 = ORIENTED_EDGE('',*,*,#1142,.F.);
#1180 = ORIENTED_EDGE('',*,*,#1181,.T.);
#1181 = EDGE_CURVE('',#1132,#1182,#1184,.T.);
#1182 = VERTEX_POINT('',#1183);
#1183 = CARTESIAN_POINT('',(362.5309637519,162.29153464677,
    5.862221293585));
#1184 = B_SPLINE_CURVE_WITH_KNOTS('',3,(#1185,#1186,#1187,#1188,#1189,
    #1190,#1191,#1192,#1193,#1194,#1195,#1196,#1197,#1198,#1199,#1200),
  .UNSPECIFIED.,.F.,.F.,(4,3,3,3,3,4),(4.655977625356E-02,2.510143877689
    ,3.57414016024,3.728001973819,3.867482106925,4.424326891513),
  .UNSPECIFIED.);
#1185 = CARTESIAN_POINT('',(362.52290272082,167.1330411991,
    5.756995663344));
#1186 = CARTESIAN_POINT('',(362.52461281284,166.30646052059,
    5.774943361491));
#1187 = CARTESIAN_POINT('',(362.52659195883,165.3350361532,
    5.796037671808));
#1188 = CARTESIAN_POINT('',(362.52816214206,164.51662220532,
    5.81381441931));
#1189 = CARTESIAN_POINT('',(362.52884028782,164.16315775585,
    5.821492011176));
#1190 = CARTESIAN_POINT('',(362.52998740774,163.55399863641,
    5.834724659115));
#1191 = CARTESIAN_POINT('',(362.53052675369,163.18505643426,
    5.84274714948));
#1192 = CARTESIAN_POINT('',(362.53060474715,163.13170463477,
    5.843907261538));
#1193 = CARTESIAN_POINT('',(362.53068656993,163.072162986,5.845202238829
    ));
#1194 = CARTESIAN_POINT('',(362.53074692642,163.01861074145,
    5.846367635591));
#1195 = CARTESIAN_POINT('',(362.5308016413,162.97006410064,
    5.847424101076));
#1196 = CARTESIAN_POINT('',(362.53083647938,162.92151745341,
    5.848481593334));
#1197 = CARTESIAN_POINT('',(362.53084628936,162.87297083327,
    5.849540377679));
#1198 = CARTESIAN_POINT('',(362.53088545359,162.67915877109,
    5.853767349126));
#1199 = CARTESIAN_POINT('',(362.53092460777,162.48534670893,
    5.857994321098));
#1200 = CARTESIAN_POINT('',(362.5309637519,162.29153464677,
    5.862221293595));
#1201 = ORIENTED_EDGE('',*,*,#1202,.T.);
#1202 = EDGE_CURVE('',#1182,#1203,#1205,.T.);
#1203 = VERTEX_POINT('',#1204);
#1204 = CARTESIAN_POINT('',(360.11484190202,159.56118500322,
    9.564260494699E-11));
#1205 = B_SPLINE_CURVE_WITH_KNOTS('',3,(#1206,#1207,#1208,#1209,#1210,
    #1211,#1212,#1213,#1214,#1215),.UNSPECIFIED.,.F.,.F.,(4,2,2,2,4),(
    -26.02933927012,-3.923629538604,-3.303099947596,-1.83177146492,
    -7.262835943232E-02),.UNSPECIFIED.);
#1206 = CARTESIAN_POINT('',(362.5309637519,162.29153464677,
    5.862221293585));
#1207 = CARTESIAN_POINT('',(362.17146558666,161.8843105584,
    4.987887221519));
#1208 = CARTESIAN_POINT('',(361.74301257342,161.39905285315,
    3.946010383816));
#1209 = CARTESIAN_POINT('',(361.37697650637,160.98474780685,
    3.056473078518));
#1210 = CARTESIAN_POINT('',(361.2993481909,160.89686145338,
    2.867775907775));
#1211 = CARTESIAN_POINT('',(361.08912337333,160.65927816127,
    2.357670604142));
#1212 = CARTESIAN_POINT('',(360.90582998459,160.45245690213,
    1.913613194788));
#1213 = CARTESIAN_POINT('',(360.52958043822,160.02822616154,
    1.002764840001));
#1214 = CARTESIAN_POINT('',(360.32098081573,159.79324315454,
    0.49824250144));
#1215 = CARTESIAN_POINT('',(360.11484190202,159.56118500322,
    9.683098767255E-11));
#1216 = ORIENTED_EDGE('',*,*,#1217,.F.);
#1217 = EDGE_CURVE('',#186,#1203,#1218,.T.);
#1218 = B_SPLINE_CURVE_WITH_KNOTS('',3,(#1219,#1220,#1221,#1222,#1223,
    #1224),.UNSPECIFIED.,.F.,.F.,(4,2,4),(-2.676014295127,
    -2.565523325819,-0.387233347006),.UNSPECIFIED.);
#1219 = CARTESIAN_POINT('',(360.11949073862,175.45432796882,
    9.564260494699E-11));
#1220 = CARTESIAN_POINT('',(360.11905003296,174.2490545556,
    9.564260494699E-11));
#1221 = CARTESIAN_POINT('',(360.11831435819,171.69871039157,
    9.569944836585E-11));
#1222 = CARTESIAN_POINT('',(360.11678917094,166.46640678459,
    9.569944836585E-11));
#1223 = CARTESIAN_POINT('',(360.11547765736,161.43240135085,
    9.56430490362E-11));
#1224 = CARTESIAN_POINT('',(360.11484190202,159.56118500319,
    9.56430490362E-11));
#1225 = ORIENTED_EDGE('',*,*,#185,.T.);
#1226 = ORIENTED_EDGE('',*,*,#908,.T.);
#1227 = B_SPLINE_SURFACE_WITH_KNOTS('',3,3,(
    (#1228,#1229,#1230,#1231,#1232)
    ,(#1233,#1234,#1235,#1236,#1237)
    ,(#1238,#1239,#1240,#1241,#1242)
    ,(#1243,#1244,#1245,#1246,#1247)
    ,(#1248,#1249,#1250,#1251,#1252)
    ,(#1253,#1254,#1255,#1256,#1257)
    ,(#1258,#1259,#1260,#1261,#1262)
    ,(#1263,#1264,#1265,#1266,#1267)
    ,(#1268,#1269,#1270,#1271,#1272)
    ,(#1273,#1274,#1275,#1276,#1277)
    ,(#1278,#1279,#1280,#1281,#1282)
    ,(#1283,#1284,#1285,#1286,#1287)
    ,(#1288,#1289,#1290,#1291,#1292)
    ,(#1293,#1294,#1295,#1296,#1297)
    ,(#1298,#1299,#1300,#1301,#1302)
    ,(#1303,#1304,#1305,#1306,#1307)
    ,(#1308,#1309,#1310,#1311,#1312)
    ,(#1313,#1314,#1315,#1316,#1317)
    ,(#1318,#1319,#1320,#1321,#1322)
    ,(#1323,#1324,#1325,#1326,#1327)
    ,(#1328,#1329,#1330,#1331,#1332)
    ,(#1333,#1334,#1335,#1336,#1337)
    ,(#1338,#1339,#1340,#1341,#1342)
    ,(#1343,#1344,#1345,#1346,#1347)
    ,(#1348,#1349,#1350,#1351,#1352)
    ,(#1353,#1354,#1355,#1356,#1357)
    ,(#1358,#1359,#1360,#1361,#1362)
    ,(#1363,#1364,#1365,#1366,#1367)
    ,(#1368,#1369,#1370,#1371,#1372)
    ,(#1373,#1374,#1375,#1376,#1377)
    ,(#1378,#1379,#1380,#1381,#1382)
    ,(#1383,#1384,#1385,#1386,#1387)
    ,(#1388,#1389,#1390,#1391,#1392)
    ,(#1393,#1394,#1395,#1396,#1397)
    ,(#1398,#1399,#1400,#1401,#1402)
    ,(#1403,#1404,#1405,#1406,#1407)
    ,(#1408,#1409,#1410,#1411,#1412)
    ,(#1413,#1414,#1415,#1416,#1417)
    ,(#1418,#1419,#1420,#1421,#1422)
    ,(#1423,#1424,#1425,#1426,#1427)
    ,(#1428,#1429,#1430,#1431,#1432)
    ,(#1433,#1434,#1435,#1436,#1437)
    ,(#1438,#1439,#1440,#1441,#1442)
    ,(#1443,#1444,#1445,#1446,#1447)
    ,(#1448,#1449,#1450,#1451,#1452)
    ,(#1453,#1454,#1455,#1456,#1457)
    ,(#1458,#1459,#1460,#1461,#1462)
    ,(#1463,#1464,#1465,#1466,#1467)
    ,(#1468,#1469,#1470,#1471,#1472)
    ,(#1473,#1474,#1475,#1476,#1477)
    ,(#1478,#1479,#1480,#1481,#1482)
    ,(#1483,#1484,#1485,#1486,#1487)
    ,(#1488,#1489,#1490,#1491,#1492)
    ,(#1493,#1494,#1495,#1496,#1497)
    ,(#1498,#1499,#1500,#1501,#1502)
    ,(#1503,#1504,#1505,#1506,#1507)
    ,(#1508,#1509,#1510,#1511,#1512)
    ,(#1513,#1514,#1515,#1516,#1517)
    ,(#1518,#1519,#1520,#1521,#1522)
    ,(#1523,#1524,#1525,#1526,#1527)
    ,(#1528,#1529,#1530,#1531,#1532)
    ,(#1533,#1534,#1535,#1536,#1537)
    ,(#1538,#1539,#1540,#1541,#1542)
    ,(#1543,#1544,#1545,#1546,#1547)
    ,(#1548,#1549,#1550,#1551,#1552)
    ,(#1553,#1554,#1555,#1556,#1557)
    ,(#1558,#1559,#1560,#1561,#1562)
    ,(#1563,#1564,#1565,#1566,#1567)
    ,(#1568,#1569,#1570,#1571,#1572)
    ,(#1573,#1574,#1575,#1576,#1577)
    ,(#1578,#1579,#1580,#1581,#1582)
    ,(#1583,#1584,#1585,#1586,#1587)
    ,(#1588,#1589,#1590,#1591,#1592)
    ,(#1593,#1594,#1595,#1596,#1597)
    ,(#1598,#1599,#1600,#1601,#1602)
    ,(#1603,#1604,#1605,#1606,#1607)
    ,(#1608,#1609,#1610,#1611,#1612)
    ,(#1613,#1614,#1615,#1616,#1617)
    ,(#1618,#1619,#1620,#1621,#1622)
    ,(#1623,#1624,#1625,#1626,#1627)
    ,(#1628,#1629,#1630,#1631,#1632)
    ,(#1633,#1634,#1635,#1636,#1637)
    ,(#1638,#1639,#1640,#1641,#1642)
    ,(#1643,#1644,#1645,#1646,#1647)
    ,(#1648,#1649,#1650,#1651,#1652)
    ,(#1653,#1654,#1655,#1656,#1657)
    ,(#1658,#1659,#1660,#1661,#1662)
    ,(#1663,#1664,#1665,#1666,#1667)
    ,(#1668,#1669,#1670,#1671,#1672)
    ,(#1673,#1674,#1675,#1676,#1677)
    ,(#1678,#1679,#1680,#1681,#1682)
    ,(#1683,#1684,#1685,#1686,#1687)
    ,(#1688,#1689,#1690,#1691,#1692)
    ,(#1693,#1694,#1695,#1696,#1697)
    ,(#1698,#1699,#1700,#1701,#1702)
    ,(#1703,#1704,#1705,#1706,#1707)
    ,(#1708,#1709,#1710,#1711,#1712)
    ,(#1713,#1714,#1715,#1716,#1717)
    ,(#1718,#1719,#1720,#1721,#1722)
    ,(#1723,#1724,#1725,#1726,#1727)
    ,(#1728,#1729,#1730,#1731,#1732)
    ,(#1733,#1734,#1735,#1736,#1737)
    ,(#1738,#1739,#1740,#1741,#1742)
    ,(#1743,#1744,#1745,#1746,#1747)
    ,(#1748,#1749,#1750,#1751,#1752)
    ,(#1753,#1754,#1755,#1756,#1757)
    ,(#1758,#1759,#1760,#1761,#1762)
    ,(#1763,#1764,#1765,#1766,#1767)
    ,(#1768,#1769,#1770,#1771,#1772)
    ,(#1773,#1774,#1775,#1776,#1777)
    ,(#1778,#1779,#1780,#1781,#1782)
    ,(#1783,#1784,#1785,#1786,#1787)
    ,(#1788,#1789,#1790,#1791,#1792)
    ,(#1793,#1794,#1795,#1796,#1797)
    ,(#1798,#1799,#1800,#1801,#1802)
    ,(#1803,#1804,#1805,#1806,#1807)
    ,(#1808,#1809,#1810,#1811,#1812)
    ,(#1813,#1814,#1815,#1816,#1817)
    ,(#1818,#1819,#1820,#1821,#1822)
    ,(#1823,#1824,#1825,#1826,#1827)
    ,(#1828,#1829,#1830,#1831,#1832)
    ,(#1833,#1834,#1835,#1836,#1837)
    ,(#1838,#1839,#1840,#1841,#1842)
    ,(#1843,#1844,#1845,#1846,#1847)
    ,(#1848,#1849,#1850,#1851,#1852)
    ,(#1853,#1854,#1855,#1856,#1857)
    ,(#1858,#1859,#1860,#1861,#1862)
    ,(#1863,#1864,#1865,#1866,#1867)
    ,(#1868,#1869,#1870,#1871,#1872)
    ,(#1873,#1874,#1875,#1876,#1877)
    ,(#1878,#1879,#1880,#1881,#1882)
    ,(#1883,#1884,#1885,#1886,#1887)
    ,(#1888,#1889,#1890,#1891,#1892)
    ,(#1893,#1894,#1895,#1896,#1897)
    ,(#1898,#1899,#1900,#1901,#1902)
    ,(#1903,#1904,#1905,#1906,#1907)
    ,(#1908,#1909,#1910,#1911,#1912)
    ,(#1913,#1914,#1915,#1916,#1917)
    ,(#1918,#1919,#1920,#1921,#1922)
    ,(#1923,#1924,#1925,#1926,#1927)
    ,(#1928,#1929,#1930,#1931,#1932)
    ,(#1933,#1934,#1935,#1936,#1937)
    ,(#1938,#1939,#1940,#1941,#1942)
    ,(#1943,#1944,#1945,#1946,#1947)
    ,(#1948,#1949,#1950,#1951,#1952)
    ,(#1953,#1954,#1955,#1956,#1957)
    ,(#1958,#1959,#1960,#1961,#1962)
    ,(#1963,#1964,#1965,#1966,#1967)
    ,(#1968,#1969,#1970,#1971,#1972)
    ,(#1973,#1974,#1975,#1976,#1977)
    ,(#1978,#1979,#1980,#1981,#1982)
    ,(#1983,#1984,#1985,#1986,#1987)
    ,(#1988,#1989,#1990,#1991,#1992
    )),.UNSPECIFIED.,.F.,.F.,.F.,(4,1,1,1,1,2,1,1,1,1,1,1,1,1,1,1,1,1,1,
    1,1,1,1,1,1,1,1,1,1,1,1,1,1,1,1,1,1,1,1,1,1,1,1,1,1,1,1,1,1,1,1,1,1,
    1,1,1,1,1,1,1,1,1,1,1,1,1,1,1,1,1,1,1,1,1,1,1,1,1,1,1,1,1,1,1,1,1,1,
    1,1,1,1,1,1,1,1,1,1,1,1,1,1,1,1,1,1,1,1,1,1,1,1,1,1,1,1,1,1,1,1,1,1,
    1,1,1,1,1,1,1,1,1,1,1,1,1,1,1,2,1,1,1,1,1,1,1,1,1,1,1,4),(4,1,4),(
    -0.235366347218,-0.188293077775,-0.141219808331,-9.414653888731E-02,
    -4.707326944366E-02,0.,6.25E-03,1.25E-02,2.5E-02,5.E-02,0.1,0.15,0.2
    ,0.2125,0.225,0.25,0.275,0.3,0.325,0.35,0.3625,0.375,0.4,0.4015625,
    0.403125,0.4046875,0.405078125,0.40546875,0.40625,0.409375,0.4125,
    0.4140625,0.415625,0.4171875,0.41796875,0.41875,0.421875,0.425,
    0.43125,0.4375,0.44375,0.45,0.4625,0.46875,0.475,0.4875,0.49375,
    0.4953125,0.49609375,0.496875,0.5,0.503125,0.50625,0.5125,0.525,
    0.528125,0.53125,0.534375,0.5359375,0.53671875,0.5375,0.55,0.575,0.6
    ,0.625,0.65,0.675,0.7,0.725,0.75,0.7625,0.7640625,0.765625,0.76875,
    0.775,0.7875,0.79375,0.8,0.8125,0.825,0.8375,0.84375,0.85,0.8625,
    0.86875,0.871875,0.8734375,0.875,0.8875,0.9,0.9125,0.915625,0.91875,
    0.925,0.93125,0.934375,0.9375,0.940625,0.94375,0.95,0.95625,0.9625,
    0.9640625,0.965625,0.9671875,0.96875,0.975,0.9765625,0.978125,
    0.98125,0.9828125,0.984375,0.9859375,0.9875,0.9890625,0.990625,
    0.9921875,0.99296875,0.99375,0.99453125,0.9953125,0.996875,
    0.9970703125,0.997265625,0.99765625,0.9984375,0.998828125,
    0.9990234375,0.99921875,0.9994140625,0.999609375,0.9998046875,
    0.999853515625,0.99990234375,0.999951171875,0.999975585938,1.,
    1.006315209092,1.012630418184,1.025260836367,1.050521672735,
    1.075782509102,1.10104334547,1.126304181837,1.151565018205,
    1.176825854572,1.20208669094,1.227347527307,1.252608363674),(
    0.142579872676,0.487453353261,0.947284660708),.UNSPECIFIED.);
#1228 = CARTESIAN_POINT('',(362.52368729018,174.96434394947,
    5.623346093414));
#1229 = CARTESIAN_POINT('',(362.17882998628,175.14254044411,
    4.816530681165));
#1230 = CARTESIAN_POINT('',(361.37422280314,175.55907989879,
    2.934100747874));
#1231 = CARTESIAN_POINT('',(360.56947738036,175.97376117543,
    1.051319939561));
#1232 = CARTESIAN_POINT('',(360.11008271098,176.21643311102,
    -2.349132339344E-02));
#1233 = CARTESIAN_POINT('',(362.52369042842,174.92649112768,
    5.624160182323));
#1234 = CARTESIAN_POINT('',(362.17883310172,175.10893661698,
    4.817236538666));
#1235 = CARTESIAN_POINT('',(361.3742282171,175.5353902595,2.934559598305
    ));
#1236 = CARTESIAN_POINT('',(360.56948374961,175.95998597127,
    1.051528583433));
#1237 = CARTESIAN_POINT('',(360.11009722909,176.20832303052,
    -2.340780240741E-02));
#1238 = CARTESIAN_POINT('',(362.52369850649,174.85079601311,
    5.625787179404));
#1239 = CARTESIAN_POINT('',(362.17883692856,175.04174984349,
    4.818636648927));
#1240 = CARTESIAN_POINT('',(361.37423781185,175.48802449055,
    2.935468543185));
#1241 = CARTESIAN_POINT('',(360.56951006211,175.93253396113,
    1.05197104319));
#1242 = CARTESIAN_POINT('',(360.11012430055,176.19216259454,
    -2.325149126206E-02));
#1243 = CARTESIAN_POINT('',(362.52370877016,174.73724283195,
    5.628229200585));
#1244 = CARTESIAN_POINT('',(362.17884561433,174.94094976435,
    4.820750176711));
#1245 = CARTESIAN_POINT('',(361.37425378219,175.41696312569,
    2.936841984262));
#1246 = CARTESIAN_POINT('',(360.56953611016,175.89126080714,
    1.052610336817));
#1247 = CARTESIAN_POINT('',(360.11016770659,176.16786322829,
    -2.300377717875E-02));
#1248 = CARTESIAN_POINT('',(362.52371986,174.62369363577,5.630669813657)
  );
#1249 = CARTESIAN_POINT('',(362.17885189373,174.84015505895,
    4.822854432961));
#1250 = CARTESIAN_POINT('',(361.37426829266,175.34590475573,
    2.938208531496));
#1251 = CARTESIAN_POINT('',(360.56956695193,175.85001646522,
    1.053257180476));
#1252 = CARTESIAN_POINT('',(360.11020791994,176.14358399692,
    -2.276729374412E-02));
#1253 = CARTESIAN_POINT('',(362.5237303316,174.51014301023,
    5.633113034642));
#1254 = CARTESIAN_POINT('',(362.17886232059,174.7393639782,
    4.824972722757));
#1255 = CARTESIAN_POINT('',(361.37428547661,175.27484996162,
    2.939585365278));
#1256 = CARTESIAN_POINT('',(360.56959683736,175.80878029231,
    1.053905679777));
#1257 = CARTESIAN_POINT('',(360.11025454417,176.11930296464,
    -2.251120052559E-02));
#1258 = CARTESIAN_POINT('',(362.5237374571,174.43443963115,
    5.634737882756));
#1259 = CARTESIAN_POINT('',(362.17886324588,174.67215272288,
    4.826366328825));
#1260 = CARTESIAN_POINT('',(361.37429286015,175.22746681159,
    2.940489726238));
#1261 = CARTESIAN_POINT('',(360.5696113984,175.7812240769,1.054322062798
    ));
#1262 = CARTESIAN_POINT('',(360.11027531758,176.10308774729,
    -2.236941103665E-02));
#1263 = CARTESIAN_POINT('',(362.52374324247,174.39157936703,
    5.635663966169));
#1264 = CARTESIAN_POINT('',(362.17887188732,174.63413936468,
    4.82717601559));
#1265 = CARTESIAN_POINT('',(361.37430295483,175.20066856793,
    2.941016408128));
#1266 = CARTESIAN_POINT('',(360.5696444432,175.7658437593,1.054614670087
    ));
#1267 = CARTESIAN_POINT('',(360.11030334512,176.09402028512,
    -2.224922761443E-02));
#1268 = CARTESIAN_POINT('',(362.52377119396,174.38104536625,
    5.635949835134));
#1269 = CARTESIAN_POINT('',(362.17893651885,174.62497354538,
    4.82751341919));
#1270 = CARTESIAN_POINT('',(361.37438618336,175.19406840713,
    2.941315456167));
#1271 = CARTESIAN_POINT('',(360.56988150289,175.76307649406,
    1.055199221036));
#1272 = CARTESIAN_POINT('',(360.11040674797,176.09146824872,
    -2.199684162866E-02));
#1273 = CARTESIAN_POINT('',(362.52380423327,174.35695551098,
    5.636517798514));
#1274 = CARTESIAN_POINT('',(362.17899054657,174.6028205134,
    4.828061285213));
#1275 = CARTESIAN_POINT('',(361.37449556287,175.176479387,2.941828427475
    ));
#1276 = CARTESIAN_POINT('',(360.56998656994,175.74957231731,
    1.05556162903));
#1277 = CARTESIAN_POINT('',(360.11043820742,176.07962687242,
    -2.189267670962E-02));
#1278 = CARTESIAN_POINT('',(362.52386049552,174.30746598659,
    5.637625328495));
#1279 = CARTESIAN_POINT('',(362.17907962296,174.55582609494,
    4.829108962875));
#1280 = CARTESIAN_POINT('',(361.37463655571,175.13508588894,
    2.942684924849));
#1281 = CARTESIAN_POINT('',(360.57012919138,175.71336791419,
    1.05612479372));
#1282 = CARTESIAN_POINT('',(360.11050013564,176.04565110908,
    -2.168867844145E-02));
#1283 = CARTESIAN_POINT('',(362.52395606832,174.17983222744,
    5.640259429928));
#1284 = CARTESIAN_POINT('',(362.17919926795,174.42948140078,
    4.831471548066));
#1285 = CARTESIAN_POINT('',(361.3747891007,175.01153465742,
    2.944370104448));
#1286 = CARTESIAN_POINT('',(360.57022620644,175.59182766598,
    1.056933207265));
#1287 = CARTESIAN_POINT('',(360.11056050827,175.92523704995,
    -2.139991563559E-02));
#1288 = CARTESIAN_POINT('',(362.52412120719,173.92060828425,
    5.645313222384));
#1289 = CARTESIAN_POINT('',(362.17937253999,174.16288058884,
    4.835914702507));
#1290 = CARTESIAN_POINT('',(361.37496035702,174.72737961691,
    2.947347637605));
#1291 = CARTESIAN_POINT('',(360.57039768152,175.29008393954,
    1.05844858473));
#1292 = CARTESIAN_POINT('',(360.11068367694,175.61316462869,
    -2.083144805767E-02));
#1293 = CARTESIAN_POINT('',(362.52437952907,173.50038794506,
    5.653264756503));
#1294 = CARTESIAN_POINT('',(362.17962090887,173.72077376885,
    4.842856252168));
#1295 = CARTESIAN_POINT('',(361.37518646219,174.23405153759,
    2.951939200629));
#1296 = CARTESIAN_POINT('',(360.57059744871,174.74539087405,
    1.060679504805));
#1297 = CARTESIAN_POINT('',(360.11085556376,175.03910404157,
    -1.998091346807E-02));
#1298 = CARTESIAN_POINT('',(362.52462005629,173.11365902236,
    5.660478230968));
#1299 = CARTESIAN_POINT('',(362.1798443263,173.30915021662,
    4.849136462896));
#1300 = CARTESIAN_POINT('',(361.37538181265,173.76421544083,
    2.956072372056));
#1301 = CARTESIAN_POINT('',(360.57079002638,174.21743469036,
    1.062722769673));
#1302 = CARTESIAN_POINT('',(360.11101458981,174.47779521977,
    -1.920527838207E-02));
#1303 = CARTESIAN_POINT('',(362.52479548286,172.83027517137,
    5.665734731553));
#1304 = CARTESIAN_POINT('',(362.18000811487,173.00612796168,
    4.853716014053));
#1305 = CARTESIAN_POINT('',(361.37552300512,173.41533157003,
    2.959083681415));
#1306 = CARTESIAN_POINT('',(360.57091581522,173.8226717663,
    1.064182109377));
#1307 = CARTESIAN_POINT('',(360.11112952787,174.05680563059,
    -1.863766918596E-02));
#1308 = CARTESIAN_POINT('',(362.5249165807,172.63482151031,
    5.669353409013));
#1309 = CARTESIAN_POINT('',(362.180121015,172.79680759253,4.856868404716
    ));
#1310 = CARTESIAN_POINT('',(361.37561987729,173.17363196911,
    2.961155643487));
#1311 = CARTESIAN_POINT('',(360.57100203121,173.54858444059,
    1.065185862399));
#1312 = CARTESIAN_POINT('',(360.11120881072,173.76420394218,
    -1.824630819544E-02));
#1313 = CARTESIAN_POINT('',(362.52507598209,172.37879488949,
    5.674081352511));
#1314 = CARTESIAN_POINT('',(362.18026783314,172.52206178802,
    4.860982779799));
#1315 = CARTESIAN_POINT('',(361.37574549043,172.85517383532,
    2.963858186893));
#1316 = CARTESIAN_POINT('',(360.57111791862,173.18643135494,
    1.066502809422));
#1317 = CARTESIAN_POINT('',(360.11131150487,173.37705112898,
    -1.773875806625E-02));
#1318 = CARTESIAN_POINT('',(362.52527750767,172.05452373119,
    5.680053320619));
#1319 = CARTESIAN_POINT('',(362.1804540969,172.17330431391,
    4.866181768802));
#1320 = CARTESIAN_POINT('',(361.37590376391,172.4492568157,
    2.967271732535));
#1321 = CARTESIAN_POINT('',(360.57125894516,172.72335088562,
    1.068155660529));
#1322 = CARTESIAN_POINT('',(360.11144150489,172.88129592652,
    -1.709472748113E-02));
#1323 = CARTESIAN_POINT('',(362.52548907954,171.71492329245,
    5.686293153425));
#1324 = CARTESIAN_POINT('',(362.18064816299,171.80740267234,
    4.871610347627));
#1325 = CARTESIAN_POINT('',(361.37606823646,172.02195770867,
    2.970834370193));
#1326 = CARTESIAN_POINT('',(360.57140868793,172.23467343029,
    1.069886663027));
#1327 = CARTESIAN_POINT('',(360.11157650293,172.35751725374,
    -1.642492339939E-02));
#1328 = CARTESIAN_POINT('',(362.52570895255,171.36169426045,
    5.692771217196));
#1329 = CARTESIAN_POINT('',(362.18084969548,171.42625640588,
    4.877245970624));
#1330 = CARTESIAN_POINT('',(361.37623849549,171.57564896794,
    2.974531832428));
#1331 = CARTESIAN_POINT('',(360.57156258975,171.72321815081,
    1.071680564028));
#1332 = CARTESIAN_POINT('',(360.11171640265,171.80881310644,
    -1.572944045805E-02));
#1333 = CARTESIAN_POINT('',(362.52589831496,171.05740062025,
    5.698342989911));
#1334 = CARTESIAN_POINT('',(362.18102270038,171.09752149857,
    4.88209178133));
#1335 = CARTESIAN_POINT('',(361.37638440909,171.18986582625,
    2.977710279409));
#1336 = CARTESIAN_POINT('',(360.57169546065,171.28040832316,
    1.073224310518));
#1337 = CARTESIAN_POINT('',(360.11183625553,171.3333921782,
    -1.513255767939E-02));
#1338 = CARTESIAN_POINT('',(362.52605254639,170.80885383531,
    5.702889652021));
#1339 = CARTESIAN_POINT('',(362.18116404017,170.82881443706,
    4.886047200109));
#1340 = CARTESIAN_POINT('',(361.37650337175,170.87410919803,
    2.980304495948));
#1341 = CARTESIAN_POINT('',(360.57180173705,170.91760805318,
    1.074480017001));
#1342 = CARTESIAN_POINT('',(360.1119341115,170.94370161568,
    -1.464435079411E-02));
#1343 = CARTESIAN_POINT('',(362.5262084802,170.55718348211,
    5.707490765868));
#1344 = CARTESIAN_POINT('',(362.18130706872,170.556613082,4.89005033412)
  );
#1345 = CARTESIAN_POINT('',(361.37662364319,170.55399575905,
    2.982929849385));
#1346 = CARTESIAN_POINT('',(360.5719084539,170.54958466471,
    1.075749227786));
#1347 = CARTESIAN_POINT('',(360.1120330961,170.54829690568,
    -1.414998241628E-02));
#1348 = CARTESIAN_POINT('',(362.52633263157,170.35724161503,
    5.711142982072));
#1349 = CARTESIAN_POINT('',(362.18141987104,170.34023999323,
    4.893225084995));
#1350 = CARTESIAN_POINT('',(361.37671863235,170.2992701567,
    2.985011433585));
#1351 = CARTESIAN_POINT('',(360.57199638913,170.25653107614,
    1.076762741939));
#1352 = CARTESIAN_POINT('',(360.11211102324,170.23331795674,
    -1.376048660945E-02));
#1353 = CARTESIAN_POINT('',(362.52642238216,170.21192391102,
    5.713796352431));
#1354 = CARTESIAN_POINT('',(362.1815021646,170.18292865863,
    4.895533526422));
#1355 = CARTESIAN_POINT('',(361.37678775488,170.11397141588,
    2.986525132863));
#1356 = CARTESIAN_POINT('',(360.57205757372,170.04324597983,
    1.077494080167));
#1357 = CARTESIAN_POINT('',(360.11216792275,170.00403909277,
    -1.347558654189E-02));
#1358 = CARTESIAN_POINT('',(362.52643734763,170.18767805272,
    5.71423903956));
#1359 = CARTESIAN_POINT('',(362.18151590078,170.15668071348,
    4.895918702561));
#1360 = CARTESIAN_POINT('',(361.3767992893,170.08305169161,
    2.986777704268));
#1361 = CARTESIAN_POINT('',(360.57206773083,170.00765433633,
    1.077616002331));
#1362 = CARTESIAN_POINT('',(360.11217742116,169.96577781401,
    -1.342801768266E-02));
#1363 = CARTESIAN_POINT('',(362.52644858521,170.16947433969,
    5.714571388123));
#1364 = CARTESIAN_POINT('',(362.18152620751,170.13697316507,
    4.896207854104));
#1365 = CARTESIAN_POINT('',(361.37680794523,170.05983495136,
    2.986967306256));
#1366 = CARTESIAN_POINT('',(360.57207538031,169.98092846768,
    1.077707581102));
#1367 = CARTESIAN_POINT('',(360.11218454727,169.93704660346,
    -1.339232698657E-02));
#1368 = CARTESIAN_POINT('',(362.52645607909,170.15733059145,
    5.714793092535));
#1369 = CARTESIAN_POINT('',(362.18153308478,170.12382590764,
    4.896400753205));
#1370 = CARTESIAN_POINT('',(361.37681372002,170.04434605038,
    2.987093794418));
#1371 = CARTESIAN_POINT('',(360.57208046835,169.96309787447,
    1.077768644568));
#1372 = CARTESIAN_POINT('',(360.11218930253,169.91787790109,
    -1.336850769812E-02));
#1373 = CARTESIAN_POINT('',(362.52646107615,170.1492326541,
    5.714940931948));
#1374 = CARTESIAN_POINT('',(362.18153767052,170.11505871495,
    4.89652938393));
#1375 = CARTESIAN_POINT('',(361.37681757063,170.03401718002,
    2.987178140236));
#1376 = CARTESIAN_POINT('',(360.57208386149,169.95120729717,
    1.077809364172));
#1377 = CARTESIAN_POINT('',(360.1121924733,169.90509491777,
    -1.335262476444E-02));
#1378 = CARTESIAN_POINT('',(362.52647482332,170.12695468141,
    5.715347639787));
#1379 = CARTESIAN_POINT('',(362.18155028433,170.09093926985,
    4.896883243673));
#1380 = CARTESIAN_POINT('',(361.37682816258,170.00560072846,
    2.98741017238));
#1381 = CARTESIAN_POINT('',(360.57209320103,169.91849379599,
    1.077921393775));
#1382 = CARTESIAN_POINT('',(360.11220119471,169.86992592201,
    -1.330893602157E-02));
#1383 = CARTESIAN_POINT('',(362.52649734886,170.09045306338,
    5.716013968842));
#1384 = CARTESIAN_POINT('',(362.18157093884,170.05141882701,
    4.897462952308));
#1385 = CARTESIAN_POINT('',(361.37684550851,169.95903586816,
    2.987790291204));
#1386 = CARTESIAN_POINT('',(360.57210854338,169.86488474041,
    1.078105014845));
#1387 = CARTESIAN_POINT('',(360.11221547373,169.8122912951,
    -1.32373990865E-02));
#1388 = CARTESIAN_POINT('',(362.5265224168,170.04981529388,
    5.716755728429));
#1389 = CARTESIAN_POINT('',(362.18159392632,170.00741726842,
    4.898108289566));
#1390 = CARTESIAN_POINT('',(361.37686481222,169.90718496894,
    2.988213439024));
#1391 = CARTESIAN_POINT('',(360.57212560739,169.80518470373,
    1.078309397483));
#1392 = CARTESIAN_POINT('',(360.11223136503,169.74810574084,
    -1.315776433903E-02));
#1393 = CARTESIAN_POINT('',(362.5265424911,170.01725847661,
    5.717349944962));
#1394 = CARTESIAN_POINT('',(362.18161234144,169.97216387602,
    4.898625280461));
#1395 = CARTESIAN_POINT('',(361.37688027429,169.86563924849,
    2.988552429281));
#1396 = CARTESIAN_POINT('',(360.57213924936,169.75734667271,
    1.07847307703));
#1397 = CARTESIAN_POINT('',(360.11224409585,169.69667200621,
    -1.30939541632E-02));
#1398 = CARTESIAN_POINT('',(362.5265575581,169.99281798797,
    5.717796003442));
#1399 = CARTESIAN_POINT('',(362.18162616308,169.94569824383,
    4.899013367862));
#1400 = CARTESIAN_POINT('',(361.37689187923,169.83444805081,
    2.988806896369));
#1401 = CARTESIAN_POINT('',(360.57214948748,169.72142992282,
    1.078595942272));
#1402 = CARTESIAN_POINT('',(360.11225365091,169.65805487211,
    -1.304605573465E-02));
#1403 = CARTESIAN_POINT('',(362.52657012372,169.97243220108,
    5.71816804242));
#1404 = CARTESIAN_POINT('',(362.18163768874,169.9236226222,4.89933705181
    ));
#1405 = CARTESIAN_POINT('',(361.37690155647,169.80842928498,
    2.989019132989));
#1406 = CARTESIAN_POINT('',(360.57215802896,169.69146805144,
    1.078698424193));
#1407 = CARTESIAN_POINT('',(360.11226161844,169.6258397196,
    -1.300611070308E-02));
#1408 = CARTESIAN_POINT('',(362.52658018044,169.95611254301,
    5.71846586507));
#1409 = CARTESIAN_POINT('',(362.18164691559,169.90594978212,
    4.899596171789));
#1410 = CARTESIAN_POINT('',(361.37690930295,169.78759888935,
    2.98918903563));
#1411 = CARTESIAN_POINT('',(360.57216485731,169.66748008073,
    1.078780445986));
#1412 = CARTESIAN_POINT('',(360.11226799705,169.60004740514,
    -1.297412824352E-02));
#1413 = CARTESIAN_POINT('',(362.52659527101,169.93162213908,
    5.71891278781));
#1414 = CARTESIAN_POINT('',(362.18166076044,169.87942831201,
    4.899985014648));
#1415 = CARTESIAN_POINT('',(361.37692092649,169.75633806898,
    2.989443995655));
#1416 = CARTESIAN_POINT('',(360.57217510444,169.63147989034,
    1.078903531709));
#1417 = CARTESIAN_POINT('',(360.112277568,169.56133897437,
    -1.292613639789E-02));
#1418 = CARTESIAN_POINT('',(362.52661793444,169.89484602694,
    5.719583868131));
#1419 = CARTESIAN_POINT('',(362.18168153548,169.83960084572,
    4.900568838328));
#1420 = CARTESIAN_POINT('',(361.3769383715,169.70939034157,
    2.989826795505));
#1421 = CARTESIAN_POINT('',(360.57219054342,169.57741223005,
    1.079088450471));
#1422 = CARTESIAN_POINT('',(360.11229192727,169.50320242912,
    -1.285412564402E-02));
#1423 = CARTESIAN_POINT('',(362.52665826959,169.82935531112,
    5.720778822595));
#1424 = CARTESIAN_POINT('',(362.18171852733,169.76867229612,
    4.901608464089));
#1425 = CARTESIAN_POINT('',(361.37696942935,169.62577294324,
    2.990508452772));
#1426 = CARTESIAN_POINT('',(360.57221796547,169.48110621568,
    1.079417603279));
#1427 = CARTESIAN_POINT('',(360.11231749698,169.39964548537,
    -1.272586099201E-02));
#1428 = CARTESIAN_POINT('',(362.52670881018,169.74729243526,
    5.72227594556));
#1429 = CARTESIAN_POINT('',(362.18176481626,169.67978864761,
    4.902910813872));
#1430 = CARTESIAN_POINT('',(361.37700830435,169.52097296401,
    2.991362343922));
#1431 = CARTESIAN_POINT('',(360.57225250111,169.36039147154,
    1.079830330705));
#1432 = CARTESIAN_POINT('',(360.1123494837,169.26983514543,
    -1.256535455218E-02));
#1433 = CARTESIAN_POINT('',(362.52676957423,169.64852407284,
    5.724077554062));
#1434 = CARTESIAN_POINT('',(362.18182050332,169.57280053365,
    4.904478121226));
#1435 = CARTESIAN_POINT('',(361.37705506401,169.39480442777,
    2.992389948466));
#1436 = CARTESIAN_POINT('',(360.57229391624,169.21504373951,
    1.08032675363));
#1437 = CARTESIAN_POINT('',(360.11238796882,169.11352678198,
    -1.237213910999E-02));
#1438 = CARTESIAN_POINT('',(362.52683046475,169.54948958198,
    5.725883736263));
#1439 = CARTESIAN_POINT('',(362.18187627772,169.46551481656,
    4.906049326577));
#1440 = CARTESIAN_POINT('',(361.37710190309,169.26826469639,
    2.993420086375));
#1441 = CARTESIAN_POINT('',(360.57233549877,169.0692518496,
    1.080824572691));
#1442 = CARTESIAN_POINT('',(360.11242651019,168.95673208312,
    -1.217854732226E-02));
#1443 = CARTESIAN_POINT('',(362.52691175337,169.41712398885,
    5.728297483419));
#1444 = CARTESIAN_POINT('',(362.18195079426,169.32210953377,
    4.908149197703));
#1445 = CARTESIAN_POINT('',(361.37716447158,169.09909925604,
    2.994796834003));
#1446 = CARTESIAN_POINT('',(360.57239084877,168.87432768599,
    1.081489475423));
#1447 = CARTESIAN_POINT('',(360.11247801221,168.74708754284,
    -1.191972000564E-02));
#1448 = CARTESIAN_POINT('',(362.52699331367,169.28433311683,
    5.730718446495));
#1449 = CARTESIAN_POINT('',(362.18202530673,169.1782292509,
    4.910254670241));
#1450 = CARTESIAN_POINT('',(361.37722709414,168.92934067356,
    2.996177163978));
#1451 = CARTESIAN_POINT('',(360.57244712521,168.67869741144,
    1.082157809409));
#1452 = CARTESIAN_POINT('',(360.11252947642,168.53666795657,
    -1.166090934685E-02));
#1453 = CARTESIAN_POINT('',(362.52707484559,169.15122209057,
    5.733144911748));
#1454 = CARTESIAN_POINT('',(362.18210004441,169.03399015467,
    4.912365569589));
#1455 = CARTESIAN_POINT('',(361.37728986356,168.7591354947,
    2.997561101071));
#1456 = CARTESIAN_POINT('',(360.57250269329,168.48252807395,1.0828261835
    ));
#1457 = CARTESIAN_POINT('',(360.11258113919,168.32566067018,
    -1.140088466102E-02));
#1458 = CARTESIAN_POINT('',(362.52715641125,169.01793355342,
    5.735574370828));
#1459 = CARTESIAN_POINT('',(362.18217481439,168.88955249447,
    4.91447906541));
#1460 = CARTESIAN_POINT('',(361.37735266779,168.58868272078,
    2.998946731412));
#1461 = CARTESIAN_POINT('',(360.57255830784,168.28606228743,
    1.083495379774));
#1462 = CARTESIAN_POINT('',(360.11263282917,168.11432893972,
    -1.114059360413E-02));
#1463 = CARTESIAN_POINT('',(362.52723809375,168.88443256275,
    5.738007316804));
#1464 = CARTESIAN_POINT('',(362.18224947172,168.74487780321,
    4.916595002004));
#1465 = CARTESIAN_POINT('',(361.37741543736,168.41793365863,
    3.000333893335));
#1466 = CARTESIAN_POINT('',(360.5726146736,168.08924551652,
    1.084166822523));
#1467 = CARTESIAN_POINT('',(360.11268441391,167.90261115066,
    -1.088064739184E-02));
#1468 = CARTESIAN_POINT('',(362.52730432947,168.77587589804,
    5.739985517872));
#1469 = CARTESIAN_POINT('',(362.18231020618,168.6272316251,
    4.918315942066));
#1470 = CARTESIAN_POINT('',(361.37746647546,168.27907850592,
    3.001462151687));
#1471 = CARTESIAN_POINT('',(360.5726598772,167.92918333505,
    1.084711670803));
#1472 = CARTESIAN_POINT('',(360.11272641797,167.73042954136,
    -1.066881208985E-02));
#1473 = CARTESIAN_POINT('',(362.52733233161,168.72994038893,
    5.740822562901));
#1474 = CARTESIAN_POINT('',(362.18233590092,168.57744958817,
    4.919044176039));
#1475 = CARTESIAN_POINT('',(361.37748806717,168.22032136596,
    3.001939590687));
#1476 = CARTESIAN_POINT('',(360.57267894627,167.86145162546,
    1.084942118206));
#1477 = CARTESIAN_POINT('',(360.11274419314,167.65756929478,
    -1.057913971684E-02));
#1478 = CARTESIAN_POINT('',(362.52734251067,168.71323592977,
    5.741126952481));
#1479 = CARTESIAN_POINT('',(362.18234524577,168.55934630308,
    4.919309008301));
#1480 = CARTESIAN_POINT('',(361.37749591919,168.19895424289,3.0021132191
    ));
#1481 = CARTESIAN_POINT('',(360.57268586632,167.83682077768,
    1.08502589468));
#1482 = CARTESIAN_POINT('',(360.11275065866,167.63107345571,
    -1.054651918311E-02));
#1483 = CARTESIAN_POINT('',(362.52735777817,168.68817872207,
    5.741583542843));
#1484 = CARTESIAN_POINT('',(362.18235926102,168.53219079774,
    4.919706258862));
#1485 = CARTESIAN_POINT('',(361.37750769607,168.16690283464,
    3.002373662861));
#1486 = CARTESIAN_POINT('',(360.57269624977,167.79987366304,
    1.085151567989));
#1487 = CARTESIAN_POINT('',(360.11276035556,167.59132876484,
    -1.049759235814E-02));
#1488 = CARTESIAN_POINT('',(362.52738068077,168.65059138656,
    5.742268440087));
#1489 = CARTESIAN_POINT('',(362.18238026888,168.49145588078,
    4.920302101191));
#1490 = CARTESIAN_POINT('',(361.37752535346,168.11882360074,
    3.002764302302));
#1491 = CARTESIAN_POINT('',(360.5727118756,167.74445073604,
    1.085340176778));
#1492 = CARTESIAN_POINT('',(360.11277488835,167.53170912401,
    -1.042425401569E-02));
#1493 = CARTESIAN_POINT('',(362.52741119564,168.60047488389,
    5.743181618886));
#1494 = CARTESIAN_POINT('',(362.18240827451,168.43714255176,
    4.921096579582));
#1495 = CARTESIAN_POINT('',(361.37754889227,168.05471787469,
    3.003285173437));
#1496 = CARTESIAN_POINT('',(360.57273266234,167.67055321467,
    1.085591572753));
#1497 = CARTESIAN_POINT('',(360.11279426623,167.45221607662,
    -1.032644089786E-02));
#1498 = CARTESIAN_POINT('',(362.52745186432,168.53365732439,
    5.744399079482));
#1499 = CARTESIAN_POINT('',(362.18244558798,168.36472978091,
    4.922155754869));
#1500 = CARTESIAN_POINT('',(361.3775802607,167.96924977536,
    3.003979581216));
#1501 = CARTESIAN_POINT('',(360.57276041002,167.57203086655,
    1.085926810897));
#1502 = CARTESIAN_POINT('',(360.11282008447,167.34623365709,
    -1.019608603826E-02));
#1503 = CARTESIAN_POINT('',(362.52752296155,168.41674979576,
    5.746529153113));
#1504 = CARTESIAN_POINT('',(362.1825108322,168.23803334241,
    4.924008915001));
#1505 = CARTESIAN_POINT('',(361.37763511821,167.81971295849,
    3.005194540064));
#1506 = CARTESIAN_POINT('',(360.57280892219,167.39965554178,
    1.086513311587));
#1507 = CARTESIAN_POINT('',(360.11286523693,167.16080694107,
    -9.968028944401E-03));
#1508 = CARTESIAN_POINT('',(362.52759401472,168.29993599814,
    5.748657352755));
#1509 = CARTESIAN_POINT('',(362.18257577153,168.11144249683,
    4.925859733651));
#1510 = CARTESIAN_POINT('',(361.3776897992,167.67030695551,
    3.006407902404));
#1511 = CARTESIAN_POINT('',(360.57285821473,167.22744151888,
    1.087100851993));
#1512 = CARTESIAN_POINT('',(360.11291014105,166.9755546222,
    -9.741046100336E-03));
#1513 = CARTESIAN_POINT('',(362.52765463223,168.19994214776,
    5.750479169844));
#1514 = CARTESIAN_POINT('',(362.18263145071,168.00308319291,
    4.92744481404));
#1515 = CARTESIAN_POINT('',(361.37773664405,167.54242906923,
    3.007447132502));
#1516 = CARTESIAN_POINT('',(360.57289957138,167.08004642875,
    1.087602332954));
#1517 = CARTESIAN_POINT('',(360.11294870373,166.81700648507,
    -9.546006531624E-03));
#1518 = CARTESIAN_POINT('',(362.52768491136,168.14997517132,
    5.751389528496));
#1519 = CARTESIAN_POINT('',(362.18265925384,167.94893706535,
    4.928236848506));
#1520 = CARTESIAN_POINT('',(361.37776004188,167.47853190199,
    3.007966415606));
#1521 = CARTESIAN_POINT('',(360.57292026885,167.00639914973,
    1.087852988968));
#1522 = CARTESIAN_POINT('',(360.11296796002,166.73778734874,
    -9.448588606206E-03));
#1523 = CARTESIAN_POINT('',(362.52771010756,168.10836369627,
    5.752147661043));
#1524 = CARTESIAN_POINT('',(362.18268240405,167.90384620223,
    4.928896477337));
#1525 = CARTESIAN_POINT('',(361.37777952457,167.42532285559,
    3.008398894877));
#1526 = CARTESIAN_POINT('',(360.57293746478,166.9450724962,
    1.088061666002));
#1527 = CARTESIAN_POINT('',(360.11298399818,166.6718219342,
    -9.36743180662E-03));
#1528 = CARTESIAN_POINT('',(362.52772772764,168.07925166275,
    5.75267806405));
#1529 = CARTESIAN_POINT('',(362.18269859477,167.872300489,4.92935796775)
  );
#1530 = CARTESIAN_POINT('',(361.37779315194,167.38809883849,
    3.008701468046));
#1531 = CARTESIAN_POINT('',(360.57294949264,166.90217058424,
    1.088207659541));
#1532 = CARTESIAN_POINT('',(360.11299521606,166.62567542302,
    -9.310656099371E-03));
#1533 = CARTESIAN_POINT('',(362.52773778931,168.06262098325,
    5.752981066417));
#1534 = CARTESIAN_POINT('',(362.18270784483,167.85427968711,
    4.929621614127));
#1535 = CARTESIAN_POINT('',(361.37780093709,167.36683462082,
    3.008874327558));
#1536 = CARTESIAN_POINT('',(360.57295635047,166.87766311318,
    1.088291038223));
#1537 = CARTESIAN_POINT('',(360.11300162624,166.59931467449,
    -9.278210416833E-03));
#1538 = CARTESIAN_POINT('',(362.52778306485,167.98779765161,
    5.754344302614));
#1539 = CARTESIAN_POINT('',(362.18274943979,167.77320263301,
    4.930807708453));
#1540 = CARTESIAN_POINT('',(361.37783595251,167.2711661916,
    3.009651982955));
#1541 = CARTESIAN_POINT('',(360.57298729167,166.76740456611,
    1.088666327778));
#1542 = CARTESIAN_POINT('',(360.11303044589,166.48071853626,
    -9.132325013194E-03));
#1543 = CARTESIAN_POINT('',(362.52790608786,167.78445886002,
    5.758048986224));
#1544 = CARTESIAN_POINT('',(362.18286219561,167.55288171262,
    4.934030273897));
#1545 = CARTESIAN_POINT('',(361.37793096865,167.01121948515,
    3.01176479309));
#1546 = CARTESIAN_POINT('',(360.57307221596,166.46784082597,
    1.089687802959));
#1547 = CARTESIAN_POINT('',(360.11310853336,166.15851119613,
    -8.736806757986E-03));
#1548 = CARTESIAN_POINT('',(362.52810525078,167.45460694975,
    5.764059100001));
#1549 = CARTESIAN_POINT('',(362.18304420831,167.1955578299,
    4.939256731769));
#1550 = CARTESIAN_POINT('',(361.378084663,166.58978755765,3.015191421021
    ));
#1551 = CARTESIAN_POINT('',(360.57321180599,165.98232759467,
    1.091348636063));
#1552 = CARTESIAN_POINT('',(360.11323456123,165.63636181916,
    -8.097437910368E-03));
#1553 = CARTESIAN_POINT('',(362.52833987251,167.06389180499,
    5.771180580231));
#1554 = CARTESIAN_POINT('',(362.18325919335,166.77247989021,
    4.945450905671));
#1555 = CARTESIAN_POINT('',(361.37826647807,166.09119255001,
    3.019253003426));
#1556 = CARTESIAN_POINT('',(360.57337607659,165.40824371171,
    1.093315269137));
#1557 = CARTESIAN_POINT('',(360.11338369656,165.01912369501,
    -7.339398340569E-03));
#1558 = CARTESIAN_POINT('',(362.52856926025,166.67998774814,
    5.778181584063));
#1559 = CARTESIAN_POINT('',(362.18346965063,166.35701944369,
    4.951540746291));
#1560 = CARTESIAN_POINT('',(361.37844488535,165.60209760203,
    3.023246721408));
#1561 = CARTESIAN_POINT('',(360.573537585,164.84554507645,1.095249446398
    ));
#1562 = CARTESIAN_POINT('',(360.11352991376,164.4143469882,
    -6.594774723133E-03));
#1563 = CARTESIAN_POINT('',(362.52879239926,166.30459762423,
    5.785032471178));
#1564 = CARTESIAN_POINT('',(362.18367474641,165.95108085123,
    4.957500715469));
#1565 = CARTESIAN_POINT('',(361.37861923416,165.12487779224,
    3.027156001349));
#1566 = CARTESIAN_POINT('',(360.57369560928,164.29707693127,
    1.097142948114));
#1567 = CARTESIAN_POINT('',(360.11367264469,163.82514625314,
    -5.866566873782E-03));
#1568 = CARTESIAN_POINT('',(362.5290082077,165.93942366203,
    5.791703731226));
#1569 = CARTESIAN_POINT('',(362.18387380736,165.55656710367,
    4.963305971329));
#1570 = CARTESIAN_POINT('',(361.37878896664,164.66190721204,
    3.030964804528));
#1571 = CARTESIAN_POINT('',(360.5738488286,163.76568056589,
    1.098986511222));
#1572 = CARTESIAN_POINT('',(360.11381147243,163.25463304707,
    -5.157087759632E-03));
#1573 = CARTESIAN_POINT('',(362.52921606809,165.58617048,5.798165600165)
  );
#1574 = CARTESIAN_POINT('',(362.18406563426,165.17538668968,
    4.968928968958));
#1575 = CARTESIAN_POINT('',(361.37895329613,164.21556366072,
    3.034655113615));
#1576 = CARTESIAN_POINT('',(360.57399876329,163.25421530869,
    1.100775894149));
#1577 = CARTESIAN_POINT('',(360.11394537473,162.70593240419,
    -4.471581458157E-03));
#1578 = CARTESIAN_POINT('',(362.52941433181,165.24653644498,
    5.804389190022));
#1579 = CARTESIAN_POINT('',(362.18425047944,164.8094339722,
    4.974349190078));
#1580 = CARTESIAN_POINT('',(361.3791121603,163.78821517072,
    3.038214171006));
#1581 = CARTESIAN_POINT('',(360.57413997345,162.76549541485,
    1.102494581673));
#1582 = CARTESIAN_POINT('',(360.11407485812,162.18213589688,
    -3.807981035175E-03));
#1583 = CARTESIAN_POINT('',(362.52957169119,164.97628098258,
    5.809351872485));
#1584 = CARTESIAN_POINT('',(362.18439703591,164.51876073141,
    4.978670580407));
#1585 = CARTESIAN_POINT('',(361.37923908342,163.44990690271,
    3.041053133072));
#1586 = CARTESIAN_POINT('',(360.5742554945,162.37959024465,
    1.103871195567));
#1587 = CARTESIAN_POINT('',(360.11417742063,161.76901454796,
    -3.281528531402E-03));
#1588 = CARTESIAN_POINT('',(362.52966563864,164.81402120942,
    5.812337621237));
#1589 = CARTESIAN_POINT('',(362.18448544258,164.3445253509,
    4.981272722756));
#1590 = CARTESIAN_POINT('',(361.37931597361,163.24773888938,
    3.042763750892));
#1591 = CARTESIAN_POINT('',(360.57432384349,162.14950702275,
    1.104697815343));
#1592 = CARTESIAN_POINT('',(360.11423939864,161.52297505335,
    -2.963299701083E-03));
#1593 = CARTESIAN_POINT('',(362.52970251636,164.75016453068,
    5.813513696926));
#1594 = CARTESIAN_POINT('',(362.18452033973,164.2760019967,
    4.982298177437));
#1595 = CARTESIAN_POINT('',(361.37934637113,163.16833223259,
    3.043438079326));
#1596 = CARTESIAN_POINT('',(360.57435046495,162.05922238528,
    1.105022952271));
#1597 = CARTESIAN_POINT('',(360.11426388556,161.42647408891,
    -2.837576338997E-03));
#1598 = CARTESIAN_POINT('',(362.52971720419,164.72471549649,
    5.81398249837));
#1599 = CARTESIAN_POINT('',(362.18453425795,164.24869733653,
    4.982706986587));
#1600 = CARTESIAN_POINT('',(361.37935849864,163.13670016288,
    3.043706927246));
#1601 = CARTESIAN_POINT('',(360.57436104519,162.02326486408,
    1.105152507017));
#1602 = CARTESIAN_POINT('',(360.1142736541,161.38804490333,
    -2.78742264294E-03));
#1603 = CARTESIAN_POINT('',(362.5297427686,164.68042709524,
    5.814798580016));
#1604 = CARTESIAN_POINT('',(362.18455847194,164.20119095364,
    4.983418601228));
#1605 = CARTESIAN_POINT('',(361.37937962182,163.0816891208,
    3.044174947564));
#1606 = CARTESIAN_POINT('',(360.57437955803,161.96075314061,
    1.105378220648));
#1607 = CARTESIAN_POINT('',(360.11429064036,161.32124674179,
    -2.700200218701E-03));
#1608 = CARTESIAN_POINT('',(362.52979328414,164.59285126571,
    5.816413300889));
#1609 = CARTESIAN_POINT('',(362.18460639328,164.10729760988,
    4.984826790953));
#1610 = CARTESIAN_POINT('',(361.3794214999,162.9730631143,3.045101276739
    ));
#1611 = CARTESIAN_POINT('',(360.57441623858,161.83740277663,
    1.105824984348));
#1612 = CARTESIAN_POINT('',(360.11432424944,161.18948176324,
    -2.527606170913E-03));
#1613 = CARTESIAN_POINT('',(362.52984971215,164.49510640118,
    5.81821783484));
#1614 = CARTESIAN_POINT('',(362.18465983413,164.00261062966,
    4.986400237374));
#1615 = CARTESIAN_POINT('',(361.37946844111,162.85218536978,
    3.046136690668));
#1616 = CARTESIAN_POINT('',(360.57445812433,161.70034886767,1.1063260223
    ));
#1617 = CARTESIAN_POINT('',(360.11436163948,161.04318017044,
    -2.335501345356E-03));
#1618 = CARTESIAN_POINT('',(362.52990455341,164.39980827848,
    5.819979895891));
#1619 = CARTESIAN_POINT('',(362.18471225295,163.90065902424,
    4.987937841815));
#1620 = CARTESIAN_POINT('',(361.37951461807,162.7347199501,
    3.047149097317));
#1621 = CARTESIAN_POINT('',(360.57449838601,161.56738070296,
    1.106814302552));
#1622 = CARTESIAN_POINT('',(360.11439833823,160.90135260784,
    -2.147022498585E-03));
#1623 = CARTESIAN_POINT('',(362.52995841814,164.30617728724,
    5.821712976755));
#1624 = CARTESIAN_POINT('',(362.18476386528,163.80057183596,
    4.989450452063));
#1625 = CARTESIAN_POINT('',(361.37956023163,162.61957965926,
    3.048145416756));
#1626 = CARTESIAN_POINT('',(360.57453815702,161.43719939979,
    1.107294977198));
#1627 = CARTESIAN_POINT('',(360.11443443129,160.76257549205,
    -1.961660899789E-03));
#1628 = CARTESIAN_POINT('',(362.53002397847,164.19233133162,
    5.823823813682));
#1629 = CARTESIAN_POINT('',(362.18482675605,163.67903398298,
    4.991292889984));
#1630 = CARTESIAN_POINT('',(361.37961615005,162.4801072876,
    3.049359695243));
#1631 = CARTESIAN_POINT('',(360.57458746085,161.27981247774,
    1.107882190637));
#1632 = CARTESIAN_POINT('',(360.11447827355,160.59494785113,
    -1.736480466402E-03));
#1633 = CARTESIAN_POINT('',(362.53009953826,164.06103593224,
    5.826264631818));
#1634 = CARTESIAN_POINT('',(362.18489992627,163.53913700317,
    4.993425028135));
#1635 = CARTESIAN_POINT('',(361.37968169195,162.32015949737,
    3.050766380337));
#1636 = CARTESIAN_POINT('',(360.57464452189,161.09983806571,
    1.108561683481));
#1637 = CARTESIAN_POINT('',(360.11452913059,160.40352699927,
    -1.475454450734E-03));
#1638 = CARTESIAN_POINT('',(362.53015998604,163.95623392111,
    5.828218832247));
#1639 = CARTESIAN_POINT('',(362.18495887073,163.42771253113,
    4.995133072936));
#1640 = CARTESIAN_POINT('',(361.37973502269,162.1932999781,3.05189469206
    ));
#1641 = CARTESIAN_POINT('',(360.57469101191,160.9575680312,
    1.109107493677));
#1642 = CARTESIAN_POINT('',(360.11456985352,160.25244757231,
    -1.266605813526E-03));
#1643 = CARTESIAN_POINT('',(362.53020671199,163.87526436132,
    5.829732672127));
#1644 = CARTESIAN_POINT('',(362.18500499209,163.34178391822,
    4.996457620654));
#1645 = CARTESIAN_POINT('',(361.37977706154,162.09581746612,
    3.052770779323));
#1646 = CARTESIAN_POINT('',(360.57472686893,160.84855026995,
    1.109530268086));
#1647 = CARTESIAN_POINT('',(360.11460158878,160.13683791387,
    -1.104083888924E-03));
#1648 = CARTESIAN_POINT('',(362.53025239486,163.79624512922,
    5.831212903728));
#1649 = CARTESIAN_POINT('',(362.18505038588,163.25803603726,
    4.997753519138));
#1650 = CARTESIAN_POINT('',(361.37981869278,162.00105468463,
    3.053628727164));
#1651 = CARTESIAN_POINT('',(360.57476212631,160.7427922649,
    1.109944174135));
#1652 = CARTESIAN_POINT('',(360.1146326931,160.02479704725,
    -9.449489415019E-04));
#1653 = CARTESIAN_POINT('',(362.53029665866,163.72020526549,
    5.832641773175));
#1654 = CARTESIAN_POINT('',(362.18509453034,163.17762040588,
    4.999004858053));
#1655 = CARTESIAN_POINT('',(361.37985968063,161.91044669142,
    3.054458451656));
#1656 = CARTESIAN_POINT('',(360.57479740352,160.64201823867,
    1.110346188868));
#1657 = CARTESIAN_POINT('',(360.11466262901,159.91821103466,
    -7.919678982322E-04));
#1658 = CARTESIAN_POINT('',(362.53033395332,163.65636887789,
    5.833845834084));
#1659 = CARTESIAN_POINT('',(362.18513243513,163.1102731434,
    5.000061135149));
#1660 = CARTESIAN_POINT('',(361.37989526633,161.83492724649,3.0551603608
    ));
#1661 = CARTESIAN_POINT('',(360.57482697692,160.55834856056,
    1.11068495144));
#1662 = CARTESIAN_POINT('',(360.11468812872,159.82988478687,
    -6.620495126288E-04));
#1663 = CARTESIAN_POINT('',(362.53035227327,163.62513704261,
    5.834436122952));
#1664 = CARTESIAN_POINT('',(362.18515118756,163.07736688898,
    5.000579319498));
#1665 = CARTESIAN_POINT('',(361.37991299904,161.7981245057,
    3.055505125945));
#1666 = CARTESIAN_POINT('',(360.57484161786,160.51766102965,
    1.110851356465));
#1667 = CARTESIAN_POINT('',(360.11470066623,159.7869778686,
    -5.982694754834E-04));
#1668 = CARTESIAN_POINT('',(362.53036264229,163.60748799789,
    5.834770057108));
#1669 = CARTESIAN_POINT('',(362.18516185745,163.05878432071,
    5.000872608331));
#1670 = CARTESIAN_POINT('',(361.37992312305,161.77737002842,
    3.055700394326));
#1671 = CARTESIAN_POINT('',(360.57484990123,160.49474131425,
    1.110945517939));
#1672 = CARTESIAN_POINT('',(360.11470778051,159.76282137342,
    -5.621130899089E-04));
#1673 = CARTESIAN_POINT('',(362.5303884218,163.56369641819,
    5.835599233261));
#1674 = CARTESIAN_POINT('',(362.18518842944,163.01269806846,
    5.001600980889));
#1675 = CARTESIAN_POINT('',(361.37994840875,161.72594538151,
    3.056185557929));
#1676 = CARTESIAN_POINT('',(360.57487061081,160.43799568177,
    1.111179614741));
#1677 = CARTESIAN_POINT('',(360.11472544961,159.70303624354,
    -4.723606049133E-04));
#1678 = CARTESIAN_POINT('',(362.53043123018,163.49179411293,
    5.836965319706));
#1679 = CARTESIAN_POINT('',(362.18523272674,162.93719600961,
    5.002801507074));
#1680 = CARTESIAN_POINT('',(361.37999117839,161.64206969492,
    3.056986917862));
#1681 = CARTESIAN_POINT('',(360.57490629703,160.34578410092,
    1.111568361506));
#1682 = CARTESIAN_POINT('',(360.1147544788,159.60605990517,
    -3.252108178948E-04));
#1683 = CARTESIAN_POINT('',(362.53048879619,163.39687694361,
    5.838782186205));
#1684 = CARTESIAN_POINT('',(362.18529417152,162.83797311152,
    5.00440319658));
#1685 = CARTESIAN_POINT('',(361.38005207423,161.53284593347,
    3.058061883499));
#1686 = CARTESIAN_POINT('',(360.57495511137,160.22661886068,
    1.112088706653));
#1687 = CARTESIAN_POINT('',(360.11479377811,159.48121701397,
    -1.275238835157E-04));
#1688 = CARTESIAN_POINT('',(362.53053024529,163.33079238783,
    5.840058918539));
#1689 = CARTESIAN_POINT('',(362.18533964444,162.76926085953,
    5.005532277259));
#1690 = CARTESIAN_POINT('',(361.3800988321,161.45804051533,
    3.058825510734));
#1691 = CARTESIAN_POINT('',(360.57499227122,160.14577892637,
    1.112460320346));
#1692 = CARTESIAN_POINT('',(360.11482177292,159.39693100741,
    1.183957279505E-05));
#1693 = CARTESIAN_POINT('',(362.53055717288,163.28892726171,
    5.840873714007));
#1694 = CARTESIAN_POINT('',(362.18537019501,162.72590076591,
    5.00625568752));
#1695 = CARTESIAN_POINT('',(361.38013109099,161.41122273949,
    3.059318297976));
#1696 = CARTESIAN_POINT('',(360.57501674867,160.09554571187,
    1.112699374611));
#1697 = CARTESIAN_POINT('',(360.11484011627,159.34475154435,
    1.021703337512E-04));
#1698 = CARTESIAN_POINT('',(362.53057497846,163.26160601053,
    5.841407163884));
#1699 = CARTESIAN_POINT('',(362.18539062015,162.69765202078,
    5.006729988818));
#1700 = CARTESIAN_POINT('',(361.38015292689,161.38083106364,
    3.059642452028));
#1701 = CARTESIAN_POINT('',(360.57503318955,160.06304116333,
    1.112856785812));
#1702 = CARTESIAN_POINT('',(360.11485222819,159.31104375846,
    1.61532906966E-04));
#1703 = CARTESIAN_POINT('',(362.53059701157,163.22856681785,
    5.842055616157));
#1704 = CARTESIAN_POINT('',(362.18541627978,162.66358418009,
    5.007307776063));
#1705 = CARTESIAN_POINT('',(361.38018092058,161.3443906873,
    3.060039497773));
#1706 = CARTESIAN_POINT('',(360.57505418194,160.02427047928,
    1.113050256511));
#1707 = CARTESIAN_POINT('',(360.11486712643,159.27094711626,
    2.339842194758E-04));
#1708 = CARTESIAN_POINT('',(362.53061880642,163.19703232074,
    5.84267948928));
#1709 = CARTESIAN_POINT('',(362.18544232431,162.63119735901,
    5.00786577759));
#1710 = CARTESIAN_POINT('',(361.38021019686,161.31004509773,
    3.06042646111));
#1711 = CARTESIAN_POINT('',(360.57507580747,159.98801467358,
    1.113239493375));
#1712 = CARTESIAN_POINT('',(360.11488180814,159.23360728242,
    3.044378325709E-04));
#1713 = CARTESIAN_POINT('',(362.53063615086,163.17272039262,
    5.843163819673));
#1714 = CARTESIAN_POINT('',(362.18546354744,162.60631052639,
    5.008300578861));
#1715 = CARTESIAN_POINT('',(361.38023466086,161.28384271918,
    3.060730608127));
#1716 = CARTESIAN_POINT('',(360.57509357127,159.9605396682,
    1.113388574382));
#1717 = CARTESIAN_POINT('',(360.11489350213,159.20541305706,
    3.598414083208E-04));
#1718 = CARTESIAN_POINT('',(362.53064914483,163.15494755753,
    5.84351967728));
#1719 = CARTESIAN_POINT('',(362.18547968612,162.58816037577,
    5.008620872632));
#1720 = CARTESIAN_POINT('',(361.38025360739,161.26483234319,
    3.060956137878));
#1721 = CARTESIAN_POINT('',(360.57510725177,159.94070388063,
    1.113499481621));
#1722 = CARTESIAN_POINT('',(360.1149022481,159.18511251752,
    4.008803231224E-04));
#1723 = CARTESIAN_POINT('',(362.53066214757,163.13763904631,
    5.843868150512));
#1724 = CARTESIAN_POINT('',(362.18549608995,162.57052871473,
    5.008935424559));
#1725 = CARTESIAN_POINT('',(361.38027324294,161.24646761269,
    3.061179284542));
#1726 = CARTESIAN_POINT('',(360.57512136193,159.92164380813,
    1.11360964801));
#1727 = CARTESIAN_POINT('',(360.11491098827,159.16566310795,
    4.414476108923E-04));
#1728 = CARTESIAN_POINT('',(362.53067952805,163.11518435961,
    5.844322962197));
#1729 = CARTESIAN_POINT('',(362.18551839138,162.5477157243,
    5.009347319069));
#1730 = CARTESIAN_POINT('',(361.38030049328,161.2228476504,
    3.061473991608));
#1731 = CARTESIAN_POINT('',(360.57514084268,159.89727136482,
    1.113755783252));
#1732 = CARTESIAN_POINT('',(360.11492267495,159.14087322088,
    4.950198904163E-04));
#1733 = CARTESIAN_POINT('',(362.53070144717,163.08829292464,
    5.844873088193));
#1734 = CARTESIAN_POINT('',(362.18554716033,162.52051346315,
    5.009848091135));
#1735 = CARTESIAN_POINT('',(361.38033683435,161.19495773968,
    3.061837568368));
#1736 = CARTESIAN_POINT('',(360.57516693302,159.86877191355,
    1.113938027245));
#1737 = CARTESIAN_POINT('',(360.11493734899,159.11204444574,
    5.608828262442E-04));
#1738 = CARTESIAN_POINT('',(362.53072828365,163.05793105037,
    5.845504211865));
#1739 = CARTESIAN_POINT('',(362.18558377812,162.48999925806,
    5.010428029611));
#1740 = CARTESIAN_POINT('',(361.3803854029,161.16413671413,
    3.062269485976));
#1741 = CARTESIAN_POINT('',(360.57520173716,159.83775509855,
    1.114158005953));
#1742 = CARTESIAN_POINT('',(360.11495549962,159.08094870027,
    6.394416029756E-04));
#1743 = CARTESIAN_POINT('',(362.53074914536,163.03660930984,
    5.845956190011));
#1744 = CARTESIAN_POINT('',(362.18561333096,162.46873021358,
    5.010848162993));
#1745 = CARTESIAN_POINT('',(361.38042685345,161.14302839334,
    3.062593137807));
#1746 = CARTESIAN_POINT('',(360.5752320388,159.81690839767,
    1.114327561291));
#1747 = CARTESIAN_POINT('',(360.11496982911,159.06028704342,
    6.986064888981E-04));
#1748 = CARTESIAN_POINT('',(362.53076349347,163.02300618801,
    5.846248928859));
#1749 = CARTESIAN_POINT('',(362.18563427701,162.45523179085,
    5.011123017228));
#1750 = CARTESIAN_POINT('',(361.38045740195,161.12980033856,
    3.062810906418));
#1751 = CARTESIAN_POINT('',(360.57525471937,159.80402593008,
    1.114444407461));
#1752 = CARTESIAN_POINT('',(360.11498000127,159.04763406777,
    7.39036878258E-04));
#1753 = CARTESIAN_POINT('',(362.53077077172,163.01632729053,
    5.846393601206));
#1754 = CARTESIAN_POINT('',(362.18564501578,162.44861919053,5.0112594197
    ));
#1755 = CARTESIAN_POINT('',(361.38047331403,161.12335550817,
    3.062920312102));
#1756 = CARTESIAN_POINT('',(360.5752666631,159.79778828999,
    1.114503833638));
#1757 = CARTESIAN_POINT('',(360.11498522691,159.04153267511,
    7.594714118353E-04));
#1758 = CARTESIAN_POINT('',(362.53077816531,163.0097714314,
    5.846536594747));
#1759 = CARTESIAN_POINT('',(362.18565603886,162.44214358991,
    5.01139483552));
#1760 = CARTESIAN_POINT('',(361.38048991333,161.11708024164,
    3.063030357644));
#1761 = CARTESIAN_POINT('',(360.57527927917,159.79175471023,
    1.114564425277));
#1762 = CARTESIAN_POINT('',(360.11499060832,159.03565709377,
    7.801606409847E-04));
#1763 = CARTESIAN_POINT('',(362.53079320417,162.99690646743,
    5.846819283267));
#1764 = CARTESIAN_POINT('',(362.18567871674,162.42946699204,
    5.011663859851));
#1765 = CARTESIAN_POINT('',(361.38052462623,161.10486933086,
    3.063252097986));
#1766 = CARTESIAN_POINT('',(360.57530603826,159.78009594116,
    1.114688409309));
#1767 = CARTESIAN_POINT('',(360.11500175763,159.02435862856,
    8.222489011067E-04));
#1768 = CARTESIAN_POINT('',(362.53080897654,162.98466050982,
    5.847093786686));
#1769 = CARTESIAN_POINT('',(362.18570300785,162.41747945283,
    5.011928260712));
#1770 = CARTESIAN_POINT('',(361.38056336156,161.09350966263,
    3.063478376991));
#1771 = CARTESIAN_POINT('',(360.57533722417,159.76946216534,
    1.114820649676));
#1772 = CARTESIAN_POINT('',(360.11501387129,159.01419689832,
    8.659303096841E-04));
#1773 = CARTESIAN_POINT('',(362.53082572603,162.97303990383,
    5.847360873549));
#1774 = CARTESIAN_POINT('',(362.18572973463,162.40618595854,
    5.012190265738));
#1775 = CARTESIAN_POINT('',(361.38060788522,161.08300431297,
    3.063713944342));
#1776 = CARTESIAN_POINT('',(360.57537544777,159.75985103556,
    1.114967915544));
#1777 = CARTESIAN_POINT('',(360.11502805889,159.00518050016,
    9.141787389102E-04));
#1778 = CARTESIAN_POINT('',(362.53083719551,162.96546007319,
    5.847537014127));
#1779 = CARTESIAN_POINT('',(362.18574826066,162.39884248915,
    5.012364398429));
#1780 = CARTESIAN_POINT('',(361.38063926492,161.07622871218,
    3.063873824896));
#1781 = CARTESIAN_POINT('',(360.57540327081,159.75371598524,
    1.115071188313));
#1782 = CARTESIAN_POINT('',(360.11503818118,158.99947580741,
    9.477913735436E-04));
#1783 = CARTESIAN_POINT('',(362.5308491678,162.95813177956,
    5.847710366588));
#1784 = CARTESIAN_POINT('',(362.18576793868,162.39177788938,
    5.012537918151));
#1785 = CARTESIAN_POINT('',(361.38067340423,161.06979528734,
    3.064038487618));
#1786 = CARTESIAN_POINT('',(360.57543514531,159.74798895622,
    1.115183404791));
#1787 = CARTESIAN_POINT('',(360.11504945297,158.99423149247,
    9.839256609867E-04));
#1788 = CARTESIAN_POINT('',(362.53086173153,162.95105611175,
    5.847881186697));
#1789 = CARTESIAN_POINT('',(362.18578907186,162.38499255332,
    5.012711613494));
#1790 = CARTESIAN_POINT('',(361.38071082799,161.06370381639,
    3.06420935912));
#1791 = CARTESIAN_POINT('',(360.57547258906,159.74266520945,
    1.115308389639));
#1792 = CARTESIAN_POINT('',(360.11506246765,158.98944770735,
    1.024081802424E-03));
#1793 = CARTESIAN_POINT('',(362.53087148641,162.94587597819,
    5.848008103895));
#1794 = CARTESIAN_POINT('',(362.18580573573,162.38004330999,
    5.012842164625));
#1795 = CARTESIAN_POINT('',(361.3807406701,161.05930618039,
    3.064340952327));
#1796 = CARTESIAN_POINT('',(360.57550406739,159.73887243492,
    1.115410000651));
#1797 = CARTESIAN_POINT('',(360.11507330518,158.98609014898,
    1.056691013082E-03));
#1798 = CARTESIAN_POINT('',(362.53088160507,162.94082271454,
    5.848133903735));
#1799 = CARTESIAN_POINT('',(362.18582332545,162.37523378677,
    5.012973273564));
#1800 = CARTESIAN_POINT('',(361.38077241879,161.05507944359,
    3.064476349154));
#1801 = CARTESIAN_POINT('',(360.57553962409,159.73527734,1.115521186651)
  );
#1802 = CARTESIAN_POINT('',(360.11508548841,158.98296245042,
    1.092454419556E-03));
#1803 = CARTESIAN_POINT('',(362.53089212577,162.93589656758,
    5.848258675667));
#1804 = CARTESIAN_POINT('',(362.18584197961,162.37056384864,
    5.013105276477));
#1805 = CARTESIAN_POINT('',(361.3808061909,161.05102360533,
    3.064615875365));
#1806 = CARTESIAN_POINT('',(360.57558017085,159.73187672005,
    1.115644212067));
#1807 = CARTESIAN_POINT('',(360.11509938383,158.98006383232,
    1.132263944616E-03));
#1808 = CARTESIAN_POINT('',(362.53090309023,162.93109776049,
    5.848382520599));
#1809 = CARTESIAN_POINT('',(362.18586187592,162.36603318644,
    5.013238608517));
#1810 = CARTESIAN_POINT('',(361.38084207098,161.0471387829,3.06475978735
    ));
#1811 = CARTESIAN_POINT('',(360.57562687764,159.72866619665,
    1.115781994253));
#1812 = CARTESIAN_POINT('',(360.11511549405,158.97739291918,
    1.177347055963E-03));
#1813 = CARTESIAN_POINT('',(362.53091454506,162.92642649146,
    5.848505552966));
#1814 = CARTESIAN_POINT('',(362.18588325126,162.36164123392,
    5.013373852204));
#1815 = CARTESIAN_POINT('',(361.3808800751,161.04342536765,
    3.064908181908));
#1816 = CARTESIAN_POINT('',(360.5756813007,159.72563968847,
    1.115938425798));
#1817 = CARTESIAN_POINT('',(360.11513454133,158.9749473963,
    1.22946970537E-03));
#1818 = CARTESIAN_POINT('',(362.5309245442,162.9226401993,5.848607509384
    ));
#1819 = CARTESIAN_POINT('',(362.18590256134,162.35809611145,
    5.013488797199));
#1820 = CARTESIAN_POINT('',(361.38091342976,161.04047443882,
    3.065035418101));
#1821 = CARTESIAN_POINT('',(360.57573482096,159.72326401688,
    1.116088679613));
#1822 = CARTESIAN_POINT('',(360.11515373341,158.97309423579,
    1.280900405508E-03));
#1823 = CARTESIAN_POINT('',(362.5309328436,162.91967508549,
    5.848688807178));
#1824 = CARTESIAN_POINT('',(362.1859191391,162.35532813071,
    5.013582676872));
#1825 = CARTESIAN_POINT('',(361.38094095906,161.03820075991,
    3.065138982172));
#1826 = CARTESIAN_POINT('',(360.57578397218,159.72144530343,
    1.116224440355));
#1827 = CARTESIAN_POINT('',(360.11517190249,158.97171940791,
    1.328865161251E-03));
#1828 = CARTESIAN_POINT('',(362.53093922725,162.9174832283,
    5.848749666749));
#1829 = CARTESIAN_POINT('',(362.18593221485,162.35328593023,
    5.01365423912));
#1830 = CARTESIAN_POINT('',(361.38096194776,161.03653944138,
    3.065217346781));
#1831 = CARTESIAN_POINT('',(360.57582448752,159.72012018906,
    1.11633526113));
#1832 = CARTESIAN_POINT('',(360.11518724616,158.97074093344,
    1.369004042981E-03));
#1833 = CARTESIAN_POINT('',(362.53094577872,162.91532336242,
    5.848810433785));
#1834 = CARTESIAN_POINT('',(362.18594602122,162.35127719005,5.0137271733
    ));
#1835 = CARTESIAN_POINT('',(361.38098317892,161.03492254654,
    3.065296163396));
#1836 = CARTESIAN_POINT('',(360.57586918694,159.71883175323,
    1.11645642907));
#1837 = CARTESIAN_POINT('',(360.11520465917,158.96981370232,
    1.414171974926E-03));
#1838 = CARTESIAN_POINT('',(362.53095474934,162.91248620319,
    5.848891364951));
#1839 = CARTESIAN_POINT('',(362.18596555934,162.34864287317,
    5.01382664189));
#1840 = CARTESIAN_POINT('',(361.38101160734,161.03282686897,
    3.065401356593));
#1841 = CARTESIAN_POINT('',(360.57593525602,159.71715887476,
    1.116634056089));
#1842 = CARTESIAN_POINT('',(360.11523134927,158.96864278233,
    1.482856865242E-03));
#1843 = CARTESIAN_POINT('',(362.53096234384,162.91023303632,
    5.848957046437));
#1844 = CARTESIAN_POINT('',(362.18598301361,162.34655535295,
    5.013910668113));
#1845 = CARTESIAN_POINT('',(361.38103456317,161.03119884386,
    3.065486229137));
#1846 = CARTESIAN_POINT('',(360.57599803297,159.71584954598,
    1.116801028976));
#1847 = CARTESIAN_POINT('',(360.11525818448,158.96776742133,
    1.551215116789E-03));
#1848 = CARTESIAN_POINT('',(362.53096837924,162.90852982983,
    5.849007581341));
#1849 = CARTESIAN_POINT('',(362.18599769936,162.34497860584,
    5.01397805392));
#1850 = CARTESIAN_POINT('',(361.38105160056,161.02999208695,
    3.065549812085));
#1851 = CARTESIAN_POINT('',(360.57605343778,159.71486279248,
    1.116947360718));
#1852 = CARTESIAN_POINT('',(360.1152838126,158.96712941384,
    1.616010684375E-03));
#1853 = CARTESIAN_POINT('',(362.53097081102,162.90785121449,
    5.849027796814));
#1854 = CARTESIAN_POINT('',(362.18600369164,162.34435046326,
    5.014005267989));
#1855 = CARTESIAN_POINT('',(361.38105834928,161.02951348717,
    3.065575064339));
#1856 = CARTESIAN_POINT('',(360.57607626604,159.7144697647,
    1.117007571461));
#1857 = CARTESIAN_POINT('',(360.11529455677,158.96687714533,
    1.643136687247E-03));
#1858 = CARTESIAN_POINT('',(362.53097511369,162.90667063988,
    5.849063179343));
#1859 = CARTESIAN_POINT('',(362.18601449902,162.34325787793,
    5.014053602989));
#1860 = CARTESIAN_POINT('',(361.38106996747,161.02868679405,
    3.065618733014));
#1861 = CARTESIAN_POINT('',(360.57611802744,159.7137860887,1.11711750786
    ));
#1862 = CARTESIAN_POINT('',(360.11531474092,158.96644301011,
    1.693994058877E-03));
#1863 = CARTESIAN_POINT('',(362.53098014193,162.90533741773,
    5.84910363634));
#1864 = CARTESIAN_POINT('',(362.18602764551,162.3420241807,
    5.014110626154));
#1865 = CARTESIAN_POINT('',(361.3810827009,161.02776730946,
    3.065667168824));
#1866 = CARTESIAN_POINT('',(360.57617023087,159.71301270429,
    1.117254459034));
#1867 = CARTESIAN_POINT('',(360.11534143878,158.96596163303,
    1.76102061608E-03));
#1868 = CARTESIAN_POINT('',(362.53098464344,162.90418484519,
    5.849139068605));
#1869 = CARTESIAN_POINT('',(362.18603996114,162.34095727839,
    5.014162394926));
#1870 = CARTESIAN_POINT('',(361.38109317471,161.02698581449,
    3.065707748581));
#1871 = CARTESIAN_POINT('',(360.57622045452,159.71234007279,
    1.117385854238));
#1872 = CARTESIAN_POINT('',(360.11536921474,158.96554806832,
    1.83052513185E-03));
#1873 = CARTESIAN_POINT('',(362.53098724578,162.90353023128,
    5.849159326948));
#1874 = CARTESIAN_POINT('',(362.18604724675,162.34035114324,
    5.01419255632));
#1875 = CARTESIAN_POINT('',(361.38109894348,161.02654596181,
    3.065730349125));
#1876 = CARTESIAN_POINT('',(360.57625054837,159.71195644363,
    1.117464498836));
#1877 = CARTESIAN_POINT('',(360.11538661076,158.96531280945,
    1.873993570556E-03));
#1878 = CARTESIAN_POINT('',(362.5309892128,162.90304127014,
    5.849174526949));
#1879 = CARTESIAN_POINT('',(362.18605283858,162.33989828718,
    5.014215477058));
#1880 = CARTESIAN_POINT('',(361.3811031569,161.02621945714,
    3.065746990351));
#1881 = CARTESIAN_POINT('',(360.57627383874,159.71166898295,
    1.117525324804));
#1882 = CARTESIAN_POINT('',(360.11540049274,158.96513658534,
    1.908651464066E-03));
#1883 = CARTESIAN_POINT('',(362.53099119527,162.90255430828,
    5.849189733655));
#1884 = CARTESIAN_POINT('',(362.18605856111,162.33944716172,
    5.014238706612));
#1885 = CARTESIAN_POINT('',(361.38110725284,161.02589636183,
    3.065763308452));
#1886 = CARTESIAN_POINT('',(360.57629787103,159.71138168123,
    1.117588053976));
#1887 = CARTESIAN_POINT('',(360.11541529469,158.96496021741,
    1.945576807199E-03));
#1888 = CARTESIAN_POINT('',(362.53099319351,162.90206934502,
    5.849204947871));
#1889 = CARTESIAN_POINT('',(362.18606441712,162.33899775298,
    5.01426225364));
#1890 = CARTESIAN_POINT('',(361.38111122909,161.02557669199,
    3.065779294322));
#1891 = CARTESIAN_POINT('',(360.57632266678,159.71109443518,
    1.117652746715));
#1892 = CARTESIAN_POINT('',(360.11543111336,158.96478329067,
    1.985009688331E-03));
#1893 = CARTESIAN_POINT('',(362.53099470405,162.90170712213,
    5.849216364205));
#1894 = CARTESIAN_POINT('',(362.18606890996,162.33866197953,
    5.014280155115));
#1895 = CARTESIAN_POINT('',(361.38111412103,161.02533951634,
    3.065791030229));
#1896 = CARTESIAN_POINT('',(360.57634184819,159.71087898417,
    1.11770277429));
#1897 = CARTESIAN_POINT('',(360.11544382113,158.9646498282,
    2.016666839618E-03));
#1898 = CARTESIAN_POINT('',(362.53099571625,162.90146626396,
    5.849223978138));
#1899 = CARTESIAN_POINT('',(362.1860719479,162.33843866116,
    5.014292192448));
#1900 = CARTESIAN_POINT('',(361.38111601273,161.02518246953,
    3.065798750504));
#1901 = CARTESIAN_POINT('',(360.57635488632,159.71073530775,
    1.117736774382));
#1902 = CARTESIAN_POINT('',(360.11545268597,158.96456035486,
    2.03874233966E-03));
#1903 = CARTESIAN_POINT('',(362.53099622315,162.90134596066,
    5.849227785119));
#1904 = CARTESIAN_POINT('',(362.18607347464,162.33832711137,
    5.014298229829));
#1905 = CARTESIAN_POINT('',(361.381116951,161.02510416178,3.065802588961
    ));
#1906 = CARTESIAN_POINT('',(360.57636145256,159.71066347391,
    1.117753896883));
#1907 = CARTESIAN_POINT('',(360.11545719706,158.96451551817,
    2.049974501044E-03));
#1908 = CARTESIAN_POINT('',(362.53099664692,162.90124580999,
    5.849230959256));
#1909 = CARTESIAN_POINT('',(362.18607475541,162.33823423581,
    5.014303281584));
#1910 = CARTESIAN_POINT('',(361.38111772785,161.02503907967,
    3.065805772783));
#1911 = CARTESIAN_POINT('',(360.5763669724,159.71060357811,
    1.117768289488));
#1912 = CARTESIAN_POINT('',(360.11546102972,158.96447803759,
    2.059515885129E-03));
#1913 = CARTESIAN_POINT('',(362.5309969856,162.90116575522,
    5.849233496854));
#1914 = CARTESIAN_POINT('',(362.18607578174,162.33815999915,
    5.014307327023));
#1915 = CARTESIAN_POINT('',(361.38111834436,161.0249871269,
    3.065808305972));
#1916 = CARTESIAN_POINT('',(360.57637140302,159.71055570196,
    1.117779842792));
#1917 = CARTESIAN_POINT('',(360.11546413106,158.96444802028,
    2.067236298403E-03));
#1918 = CARTESIAN_POINT('',(362.53099715639,162.90112574356,
    5.84923476879));
#1919 = CARTESIAN_POINT('',(362.18607630009,162.33812288268,
    5.014309362471));
#1920 = CARTESIAN_POINT('',(361.38111865374,161.02496117646,
    3.065809574891));
#1921 = CARTESIAN_POINT('',(360.57637364255,159.71053169314,
    1.117785680906));
#1922 = CARTESIAN_POINT('',(360.11546570737,158.96443294195,
    2.071159489356E-03));
#1923 = CARTESIAN_POINT('',(362.53101875897,162.89593446921,
    5.849398536799));
#1924 = CARTESIAN_POINT('',(362.18614197026,162.33331223305,
    5.014569612438));
#1925 = CARTESIAN_POINT('',(361.38115771568,161.02159852958,
    3.06597152805));
#1926 = CARTESIAN_POINT('',(360.57665777037,159.70744573981,
    1.11852708868));
#1927 = CARTESIAN_POINT('',(360.11566621155,158.96249530378,
    2.570434183244E-03));
#1928 = CARTESIAN_POINT('',(362.53100712264,162.88583111812,
    5.849585791468));
#1929 = CARTESIAN_POINT('',(362.18610502663,162.324458816,5.014664084468
    ));
#1930 = CARTESIAN_POINT('',(361.38113675239,161.01534057846,
    3.066036894294));
#1931 = CARTESIAN_POINT('',(360.57649722829,159.70445403043,
    1.118175304785));
#1932 = CARTESIAN_POINT('',(360.11555578126,158.96080320729,
    2.312857261722E-03));
#1933 = CARTESIAN_POINT('',(362.53101466304,162.86548961465,
    5.850038642835));
#1934 = CARTESIAN_POINT('',(362.18612569031,162.3063401377,
    5.015091980691));
#1935 = CARTESIAN_POINT('',(361.38115049733,161.0025759114,
    3.066312620338));
#1936 = CARTESIAN_POINT('',(360.57658560918,159.69669186557,
    1.118502363744));
#1937 = CARTESIAN_POINT('',(360.11562226313,158.95619713339,
    2.503401392685E-03));
#1938 = CARTESIAN_POINT('',(362.53101188708,162.82996010409,
    5.850791262706));
#1939 = CARTESIAN_POINT('',(362.18611335141,162.2748418482,
    5.015718967253));
#1940 = CARTESIAN_POINT('',(361.38114585291,160.98036402039,
    3.066721166136));
#1941 = CARTESIAN_POINT('',(360.57653208663,159.68401337313,
    1.118551350177));
#1942 = CARTESIAN_POINT('',(360.11559207983,158.94875854281,
    2.477699722407E-03));
#1943 = CARTESIAN_POINT('',(362.53101366714,162.77915769788,
    5.85188981135));
#1944 = CARTESIAN_POINT('',(362.18611940585,162.22971903577,
    5.016683304647));
#1945 = CARTESIAN_POINT('',(361.3811514904,160.94855464877,
    3.067345886271));
#1946 = CARTESIAN_POINT('',(360.57658013861,159.66537111261,
    1.118942420405));
#1947 = CARTESIAN_POINT('',(360.11563125519,158.93776972613,
    2.651484676472E-03));
#1948 = CARTESIAN_POINT('',(362.5310152222,162.71822260877,
    5.853195957561));
#1949 = CARTESIAN_POINT('',(362.18611755255,162.17563819277,
    5.017806798501));
#1950 = CARTESIAN_POINT('',(361.38115490939,160.91042655021,
    3.06807577825));
#1951 = CARTESIAN_POINT('',(360.57657167471,159.64327459121,
    1.119235937882));
#1952 = CARTESIAN_POINT('',(360.11563801281,158.92476918728,
    2.751005118883E-03));
#1953 = CARTESIAN_POINT('',(362.53101574457,162.65727480122,
    5.854506735438));
#1954 = CARTESIAN_POINT('',(362.18611753928,162.12153104564,5.0189422199
    ));
#1955 = CARTESIAN_POINT('',(361.38115802774,160.87228054329,
    3.068812436278));
#1956 = CARTESIAN_POINT('',(360.57658934226,159.62107344233,1.1196015932
    ));
#1957 = CARTESIAN_POINT('',(360.11565890077,158.91169835213,
    2.892177309122E-03));
#1958 = CARTESIAN_POINT('',(362.53101616362,162.59633287657,
    5.85581496356));
#1959 = CARTESIAN_POINT('',(362.18611563212,162.06743791499,
    5.020070560795));
#1960 = CARTESIAN_POINT('',(361.38116046425,160.83414363942,
    3.069544942156));
#1961 = CARTESIAN_POINT('',(360.57659307935,159.59893000001,
    1.11993017945));
#1962 = CARTESIAN_POINT('',(360.11567132904,158.89866666073,
    3.010393645249E-03));
#1963 = CARTESIAN_POINT('',(362.53101786226,162.53538992781,
    5.857124518838));
#1964 = CARTESIAN_POINT('',(362.1861163239,162.01333832275,
    5.021203537443));
#1965 = CARTESIAN_POINT('',(361.38116479566,160.79600336884,
    3.070280382071));
#1966 = CARTESIAN_POINT('',(360.57660324306,159.57675626682,
    1.120273252382));
#1967 = CARTESIAN_POINT('',(360.11568937557,158.88561374293,
    3.140573908636E-03));
#1968 = CARTESIAN_POINT('',(362.53101963208,162.4744481446,
    5.858433632885));
#1969 = CARTESIAN_POINT('',(362.18611680572,161.95924121457,
    5.022335358937));
#1970 = CARTESIAN_POINT('',(361.38116911965,160.75786477199,
    3.071015157737));
#1971 = CARTESIAN_POINT('',(360.57661093914,159.55459249176,
    1.120609568224));
#1972 = CARTESIAN_POINT('',(360.11570604193,158.87256753052,
    3.266777427736E-03));
#1973 = CARTESIAN_POINT('',(362.53101991779,162.41350401706,
    5.859742694246));
#1974 = CARTESIAN_POINT('',(362.18611530262,161.90514337937,
    5.023465894642));
#1975 = CARTESIAN_POINT('',(361.3811715644,160.71972470045,
    3.071748910158));
#1976 = CARTESIAN_POINT('',(360.57661934394,159.53243018055,
    1.120950931371));
#1977 = CARTESIAN_POINT('',(360.11572104692,158.85952313132,
    3.392466840499E-03));
#1978 = CARTESIAN_POINT('',(362.5310208302,162.35256093528,
    5.861051753916));
#1979 = CARTESIAN_POINT('',(362.18611462278,161.85104597931,
    5.024596910756));
#1980 = CARTESIAN_POINT('',(361.38117479532,160.68158533586,
    3.072483053477));
#1981 = CARTESIAN_POINT('',(360.57662732139,159.51026777443,
    1.121289819558));
#1982 = CARTESIAN_POINT('',(360.11573666613,158.84647832049,
    3.518147211327E-03));
#1983 = CARTESIAN_POINT('',(362.53101978733,162.31193001283,
    5.861924230539));
#1984 = CARTESIAN_POINT('',(362.18611184235,161.8149811845,5.02534901916
    ));
#1985 = CARTESIAN_POINT('',(361.38117482206,160.656158072,3.072971070066
    ));
#1986 = CARTESIAN_POINT('',(360.57663248819,159.49549834565,
    1.121518844191));
#1987 = CARTESIAN_POINT('',(360.1157446727,158.8377864255,
    3.599824777591E-03));
#1988 = CARTESIAN_POINT('',(362.53102125681,162.29161712058,
    5.862360781565));
#1989 = CARTESIAN_POINT('',(362.18611328394,161.79694842046,
    5.025727467223));
#1990 = CARTESIAN_POINT('',(361.38117740658,160.6434455406,
    3.073216836448));
#1991 = CARTESIAN_POINT('',(360.57663545186,159.48810617088,
    1.121630147991));
#1992 = CARTESIAN_POINT('',(360.11575168787,158.83343432201,
    3.643520032779E-03));
#1993 = ADVANCED_FACE('',(#1994),#2019,.F.);
#1994 = FACE_BOUND('',#1995,.F.);
#1995 = EDGE_LOOP('',(#1996,#1997,#2008,#2017,#2018));
#1996 = ORIENTED_EDGE('',*,*,#1181,.T.);
#1997 = ORIENTED_EDGE('',*,*,#1998,.T.);
#1998 = EDGE_CURVE('',#1182,#1999,#2001,.T.);
#1999 = VERTEX_POINT('',#2000);
#2000 = CARTESIAN_POINT('',(372.42635753243,162.10856235451,
    5.469369019032));
#2001 = B_SPLINE_CURVE_WITH_KNOTS('',3,(#2002,#2003,#2004,#2005,#2006,
    #2007),.UNSPECIFIED.,.F.,.F.,(4,2,4),(0.222020094774,5.097456768764,
    10.127213269737),.UNSPECIFIED.);
#2002 = CARTESIAN_POINT('',(362.5309637519,162.29153464677,
    5.862221293585));
#2003 = CARTESIAN_POINT('',(364.15352833895,162.25289553801,
    5.779260854215));
#2004 = CARTESIAN_POINT('',(365.77663730865,162.21849654385,
    5.705404190263));
#2005 = CARTESIAN_POINT('',(369.07517803086,162.15723017822,
    5.573861699358));
#2006 = CARTESIAN_POINT('',(370.75058832185,162.13063662085,
    5.516763767353));
#2007 = CARTESIAN_POINT('',(372.42635753242,162.10856235451,
    5.469369019032));
#2008 = ORIENTED_EDGE('',*,*,#2009,.T.);
#2009 = EDGE_CURVE('',#1999,#698,#2010,.T.);
#2010 = B_SPLINE_CURVE_WITH_KNOTS('',3,(#2011,#2012,#2013,#2014,#2015,
    #2016),.UNSPECIFIED.,.F.,.F.,(4,2,4),(0.263788091236,2.663757822297,
    2.933533818195),.UNSPECIFIED.);
#2011 = CARTESIAN_POINT('',(372.42635753243,162.10856235451,
    5.469369019032));
#2012 = CARTESIAN_POINT('',(372.42635753243,162.90836188892,
    5.451917331092));
#2013 = CARTESIAN_POINT('',(372.42635753243,163.70816142334,
    5.434465643152));
#2014 = CARTESIAN_POINT('',(372.42635753243,164.59786488994,
    5.415052244431));
#2015 = CARTESIAN_POINT('',(372.42635753243,164.68776882211,
    5.413090533651));
#2016 = CARTESIAN_POINT('',(372.42635753243,164.77767275428,
    5.41112882287));
#2017 = ORIENTED_EDGE('',*,*,#705,.T.);
#2018 = ORIENTED_EDGE('',*,*,#1131,.T.);
#2019 = B_SPLINE_SURFACE_WITH_KNOTS('',3,3,(
    (#2020,#2021,#2022,#2023)
    ,(#2024,#2025,#2026,#2027)
    ,(#2028,#2029,#2030,#2031)
    ,(#2032,#2033,#2034,#2035
    )),.UNSPECIFIED.,.F.,.F.,.F.,(4,4),(4,4),(5.060485082118E-02,
    6.232889051639E-02),(1.699527724653E-02,4.005152170853E-02),
  .PIECEWISE_BEZIER_KNOTS.);
#2020 = CARTESIAN_POINT('',(362.52290272082,167.14009677146,
    5.756841710207));
#2021 = CARTESIAN_POINT('',(365.82141680513,167.13637982231,
    5.586496342434));
#2022 = CARTESIAN_POINT('',(369.123005976,167.13349094169,5.454100818518
    ));
#2023 = CARTESIAN_POINT('',(372.42635753242,167.13143262717,
    5.359769599689));
#2024 = CARTESIAN_POINT('',(362.52290272082,165.46580668057,
    5.793374849988));
#2025 = CARTESIAN_POINT('',(365.82141680513,165.46208973142,
    5.623029482215));
#2026 = CARTESIAN_POINT('',(369.123005976,165.45920085079,5.490633958299
    ));
#2027 = CARTESIAN_POINT('',(372.42635753242,165.45714253628,
    5.39630273947));
#2028 = CARTESIAN_POINT('',(362.52290272082,163.79151658969,
    5.829907989769));
#2029 = CARTESIAN_POINT('',(365.82141680513,163.78779964054,
    5.659562621996));
#2030 = CARTESIAN_POINT('',(369.123005976,163.78491075991,5.52716709808)
  );
#2031 = CARTESIAN_POINT('',(372.42635753243,163.78285244539,
    5.432835879251));
#2032 = CARTESIAN_POINT('',(362.52290272082,162.11722649879,
    5.86644112955));
#2033 = CARTESIAN_POINT('',(365.82141680513,162.11350954965,
    5.696095761777));
#2034 = CARTESIAN_POINT('',(369.123005976,162.11062066901,5.563700237861
    ));
#2035 = CARTESIAN_POINT('',(372.42635753243,162.1085623545,
    5.469369019032));
#2036 = ADVANCED_FACE('',(#2037),#2075,.T.);
#2037 = FACE_BOUND('',#2038,.T.);
#2038 = EDGE_LOOP('',(#2039,#2050,#2061,#2069));
#2039 = ORIENTED_EDGE('',*,*,#2040,.T.);
#2040 = EDGE_CURVE('',#2041,#2043,#2045,.T.);
#2041 = VERTEX_POINT('',#2042);
#2042 = CARTESIAN_POINT('',(408.02395080373,167.13304119908,
    3.012933555441));
#2043 = VERTEX_POINT('',#2044);
#2044 = CARTESIAN_POINT('',(406.87981234403,167.13304119908,
    5.756995663343));
#2045 = B_SPLINE_CURVE_WITH_KNOTS('',3,(#2046,#2047,#2048,#2049),
  .UNSPECIFIED.,.F.,.F.,(4,4),(5.413295339874E-02,2.94524343995),
  .PIECEWISE_BEZIER_KNOTS.);
#2046 = CARTESIAN_POINT('',(408.02395080373,167.13304119908,
    3.01293355544));
#2047 = CARTESIAN_POINT('',(407.6514446259,167.13304119908,
    3.904043196121));
#2048 = CARTESIAN_POINT('',(407.25794344499,167.13304119908,
    4.847128773518));
#2049 = CARTESIAN_POINT('',(406.87981234403,167.13304119908,
    5.756995663342));
#2050 = ORIENTED_EDGE('',*,*,#2051,.T.);
#2051 = EDGE_CURVE('',#2043,#2052,#2054,.T.);
#2052 = VERTEX_POINT('',#2053);
#2053 = CARTESIAN_POINT('',(399.33172597724,167.13304119908,
    5.433489410162));
#2054 = B_SPLINE_CURVE_WITH_KNOTS('',3,(#2055,#2056,#2057,#2058,#2059,
    #2060),.UNSPECIFIED.,.F.,.F.,(4,2,4),(0.21389183618,5.10533146436,
    7.769027873512),.UNSPECIFIED.);
#2055 = CARTESIAN_POINT('',(406.87981234403,167.13304119908,
    5.756995663343));
#2056 = CARTESIAN_POINT('',(405.25150559515,167.13304119908,
    5.672864879822));
#2057 = CARTESIAN_POINT('',(403.62273276109,167.13304119908,
    5.597999858416));
#2058 = CARTESIAN_POINT('',(401.10639293253,167.13304119908,
    5.496683332209));
#2059 = CARTESIAN_POINT('',(400.2191063661,167.13304119908,
    5.463711569288));
#2060 = CARTESIAN_POINT('',(399.33172597724,167.13304119908,
    5.433489410163));
#2061 = ORIENTED_EDGE('',*,*,#2062,.F.);
#2062 = EDGE_CURVE('',#2063,#2052,#2065,.T.);
#2063 = VERTEX_POINT('',#2064);
#2064 = CARTESIAN_POINT('',(399.33172597724,167.13304119909,
    3.012933555441));
#2065 = LINE('',#2066,#2067);
#2066 = CARTESIAN_POINT('',(399.33172597724,167.13304119908,
    9.55573398187E-11));
#2067 = VECTOR('',#2068,1.);
#2068 = DIRECTION('',(0.,0.,1.));
#2069 = ORIENTED_EDGE('',*,*,#2070,.T.);
#2070 = EDGE_CURVE('',#2063,#2041,#2071,.T.);
#2071 = LINE('',#2072,#2073);
#2072 = CARTESIAN_POINT('',(384.70135753242,167.13304119909,
    3.012933555441));
#2073 = VECTOR('',#2074,1.);
#2074 = DIRECTION('',(1.,-4.042198674546E-13,0.));
#2075 = PLANE('',#2076);
#2076 = AXIS2_PLACEMENT_3D('',#2077,#2078,#2079);
#2077 = CARTESIAN_POINT('',(384.70135753242,167.13304119909,
    4.512933555441));
#2078 = DIRECTION('',(-4.042198674546E-13,-1.,0.));
#2079 = DIRECTION('',(-0.,0.,-1.));
#2080 = ADVANCED_FACE('',(#2081),#2106,.F.);
#2081 = FACE_BOUND('',#2082,.F.);
#2082 = EDGE_LOOP('',(#2083,#2094,#2100,#2101));
#2083 = ORIENTED_EDGE('',*,*,#2084,.F.);
#2084 = EDGE_CURVE('',#2085,#2087,#2089,.T.);
#2085 = VERTEX_POINT('',#2086);
#2086 = CARTESIAN_POINT('',(404.07635753243,167.78304119909,
    3.012933555441));
#2087 = VERTEX_POINT('',#2088);
#2088 = CARTESIAN_POINT('',(399.33172597725,167.78304119909,
    3.012933555441));
#2089 = B_SPLINE_CURVE_WITH_KNOTS('',3,(#2090,#2091,#2092,#2093),
  .UNSPECIFIED.,.F.,.F.,(4,4),(38.624999999993,43.369631555178),
  .PIECEWISE_BEZIER_KNOTS.);
#2090 = CARTESIAN_POINT('',(404.07635753243,167.78304119909,
    3.012933555441));
#2091 = CARTESIAN_POINT('',(402.4948136807,167.78304119909,
    3.012933555441));
#2092 = CARTESIAN_POINT('',(400.91326982898,167.78304119909,
    3.012933555441));
#2093 = CARTESIAN_POINT('',(399.33172597725,167.78304119909,
    3.012933555441));
#2094 = ORIENTED_EDGE('',*,*,#2095,.T.);
#2095 = EDGE_CURVE('',#2085,#981,#2096,.T.);
#2096 = LINE('',#2097,#2098);
#2097 = CARTESIAN_POINT('',(404.07635753243,167.78304119908,
    4.512933555441));
#2098 = VECTOR('',#2099,1.);
#2099 = DIRECTION('',(0.,0.,1.));
#2100 = ORIENTED_EDGE('',*,*,#980,.F.);
#2101 = ORIENTED_EDGE('',*,*,#2102,.T.);
#2102 = EDGE_CURVE('',#960,#2087,#2103,.T.);
#2103 = B_SPLINE_CURVE_WITH_KNOTS('',1,(#2104,#2105),.UNSPECIFIED.,.F.,
  .F.,(2,2),(-2.406372804253,0.),.PIECEWISE_BEZIER_KNOTS.);
#2104 = CARTESIAN_POINT('',(399.33172597725,167.78304119909,
    5.419306359694));
#2105 = CARTESIAN_POINT('',(399.33172597724,167.78304119909,
    3.012933555441));
#2106 = B_SPLINE_SURFACE_WITH_KNOTS('',1,1,(
    (#2107,#2108,#2109,#2110)
    ,(#2111,#2112,#2113,#2114)
    ,(#2115,#2116,#2117,#2118
    )),.UNSPECIFIED.,.F.,.F.,.F.,(2,1,2),(2,1,1,2),(2.025046796916E-13,
    18.,66.999999999999),(-1.5,0.,3.,10.5),.UNSPECIFIED.);
#2107 = CARTESIAN_POINT('',(375.70135753242,167.7830411991,
    1.512933555441));
#2108 = CARTESIAN_POINT('',(375.70135753242,167.7830411991,
    3.012933555441));
#2109 = CARTESIAN_POINT('',(375.70135753242,167.7830411991,
    6.012933555441));
#2110 = CARTESIAN_POINT('',(375.70135753242,167.7830411991,
    13.512933555441));
#2111 = CARTESIAN_POINT('',(393.70135753242,167.78304119909,
    1.512933555441));
#2112 = CARTESIAN_POINT('',(393.70135753242,167.78304119909,
    3.012933555441));
#2113 = CARTESIAN_POINT('',(393.70135753242,167.78304119909,
    6.012933555441));
#2114 = CARTESIAN_POINT('',(393.70135753242,167.78304119909,
    13.512933555441));
#2115 = CARTESIAN_POINT('',(442.70135753242,167.78304119907,
    1.512933555441));
#2116 = CARTESIAN_POINT('',(442.70135753242,167.78304119907,
    3.012933555441));
#2117 = CARTESIAN_POINT('',(442.70135753242,167.78304119907,
    6.012933555441));
#2118 = CARTESIAN_POINT('',(442.70135753242,167.78304119907,
    13.512933555441));
#2119 = ADVANCED_FACE('',(#2120),#2145,.F.);
#2120 = FACE_BOUND('',#2121,.T.);
#2121 = EDGE_LOOP('',(#2122,#2131,#2132,#2139,#2140));
#2122 = ORIENTED_EDGE('',*,*,#2123,.F.);
#2123 = EDGE_CURVE('',#2041,#2124,#2126,.T.);
#2124 = VERTEX_POINT('',#2125);
#2125 = CARTESIAN_POINT('',(408.02197474101,167.78304119909,
    3.012933555441));
#2126 = B_SPLINE_CURVE_WITH_KNOTS('',3,(#2127,#2128,#2129,#2130),
  .UNSPECIFIED.,.F.,.F.,(4,4),(-0.701208520025,-5.089158787992E-02),
  .PIECEWISE_BEZIER_KNOTS.);
#2127 = CARTESIAN_POINT('',(408.02395080373,167.13304119908,
    3.012933555441));
#2128 = CARTESIAN_POINT('',(408.02329230645,167.34992660206,
    3.012933555441));
#2129 = CARTESIAN_POINT('',(408.02263454387,167.56632467127,
    3.012933555441));
#2130 = CARTESIAN_POINT('',(408.02197474101,167.78304119909,
    3.012933555441));
#2131 = ORIENTED_EDGE('',*,*,#2070,.F.);
#2132 = ORIENTED_EDGE('',*,*,#2133,.F.);
#2133 = EDGE_CURVE('',#2087,#2063,#2134,.T.);
#2134 = CIRCLE('',#2135,2.7);
#2135 = AXIS2_PLACEMENT_3D('',#2136,#2137,#2138);
#2136 = CARTESIAN_POINT('',(396.65135753242,167.4580411991,
    3.012933555441));
#2137 = DIRECTION('',(0.,0.,-1.));
#2138 = DIRECTION('',(0.,1.,0.));
#2139 = ORIENTED_EDGE('',*,*,#2084,.F.);
#2140 = ORIENTED_EDGE('',*,*,#2141,.T.);
#2141 = EDGE_CURVE('',#2085,#2124,#2142,.T.);
#2142 = B_SPLINE_CURVE_WITH_KNOTS('',1,(#2143,#2144),.UNSPECIFIED.,.F.,
  .F.,(2,2),(28.375000000007,32.320617208582),.PIECEWISE_BEZIER_KNOTS.);
#2143 = CARTESIAN_POINT('',(404.07635753243,167.78304119909,
    3.012933555441));
#2144 = CARTESIAN_POINT('',(408.02197474101,167.78304119909,
    3.012933555441));
#2145 = PLANE('',#2146);
#2146 = AXIS2_PLACEMENT_3D('',#2147,#2148,#2149);
#2147 = CARTESIAN_POINT('',(384.70135753242,167.78304119909,
    3.012933555441));
#2148 = DIRECTION('',(0.,0.,1.));
#2149 = DIRECTION('',(1.,0.,-0.));
#2150 = ADVANCED_FACE('',(#2151),#2163,.F.);
#2151 = FACE_BOUND('',#2152,.F.);
#2152 = EDGE_LOOP('',(#2153,#2154,#2155,#2156));
#2153 = ORIENTED_EDGE('',*,*,#991,.F.);
#2154 = ORIENTED_EDGE('',*,*,#2095,.F.);
#2155 = ORIENTED_EDGE('',*,*,#2141,.T.);
#2156 = ORIENTED_EDGE('',*,*,#2157,.T.);
#2157 = EDGE_CURVE('',#2124,#992,#2158,.T.);
#2158 = B_SPLINE_CURVE_WITH_KNOTS('',3,(#2159,#2160,#2161,#2162),
  .UNSPECIFIED.,.F.,.F.,(4,4),(-3.326483084964,-0.421963034715),
  .PIECEWISE_BEZIER_KNOTS.);
#2159 = CARTESIAN_POINT('',(408.021974741,167.78304119908,3.01293355544)
  );
#2160 = CARTESIAN_POINT('',(407.65115065376,167.78304119908,
    3.89846249081));
#2161 = CARTESIAN_POINT('',(407.25851765233,167.78304119908,
    4.837478681937));
#2162 = CARTESIAN_POINT('',(406.88116292709,167.78304119908,
    5.742882396458));
#2163 = B_SPLINE_SURFACE_WITH_KNOTS('',1,1,(
    (#2164,#2165,#2166)
    ,(#2167,#2168,#2169)
    ,(#2170,#2171,#2172
    )),.UNSPECIFIED.,.F.,.F.,.F.,(2,1,2),(2,1,2),(2.025046796916E-13,18.
    ,66.499999999999),(0.,3.,10.5),.UNSPECIFIED.);
#2164 = CARTESIAN_POINT('',(375.70135753242,167.7830411991,
    3.012933555441));
#2165 = CARTESIAN_POINT('',(375.70135753242,167.7830411991,
    6.012933555441));
#2166 = CARTESIAN_POINT('',(375.70135753242,167.7830411991,
    13.512933555441));
#2167 = CARTESIAN_POINT('',(393.70135753242,167.78304119909,
    3.012933555441));
#2168 = CARTESIAN_POINT('',(393.70135753242,167.78304119909,
    6.012933555441));
#2169 = CARTESIAN_POINT('',(393.70135753242,167.78304119909,
    13.512933555441));
#2170 = CARTESIAN_POINT('',(442.20135753242,167.78304119907,
    3.012933555441));
#2171 = CARTESIAN_POINT('',(442.20135753242,167.78304119907,
    6.012933555441));
#2172 = CARTESIAN_POINT('',(442.20135753242,167.78304119907,
    13.512933555441));
#2173 = ADVANCED_FACE('',(#2174),#2290,.T.);
#2174 = FACE_BOUND('',#2175,.T.);
#2175 = EDGE_LOOP('',(#2176,#2177,#2178,#2179,#2180,#2181,#2198,#2206,
    #2215,#2223,#2230,#2231,#2240,#2248,#2265,#2273,#2282,#2287,#2288,
    #2289));
#2176 = ORIENTED_EDGE('',*,*,#843,.T.);
#2177 = ORIENTED_EDGE('',*,*,#959,.T.);
#2178 = ORIENTED_EDGE('',*,*,#2102,.T.);
#2179 = ORIENTED_EDGE('',*,*,#2133,.T.);
#2180 = ORIENTED_EDGE('',*,*,#2062,.T.);
#2181 = ORIENTED_EDGE('',*,*,#2182,.T.);
#2182 = EDGE_CURVE('',#2052,#2183,#2185,.T.);
#2183 = VERTEX_POINT('',#2184);
#2184 = CARTESIAN_POINT('',(396.97635753243,164.77767275428,
    5.41112882287));
#2185 = B_SPLINE_CURVE_WITH_KNOTS('',3,(#2186,#2187,#2188,#2189,#2190,
    #2191,#2192,#2193,#2194,#2195,#2196,#2197),.UNSPECIFIED.,.F.,.F.,(4,
    2,2,2,2,4),(3.993243811621E-02,1.071055381974,2.119378967362,
    2.951130209091,3.360121544172,3.638574113939),.UNSPECIFIED.);
#2186 = CARTESIAN_POINT('',(399.33172597724,167.13304119909,
    5.433489410162));
#2187 = CARTESIAN_POINT('',(399.29038950418,166.79212742056,
    5.43952034896));
#2188 = CARTESIAN_POINT('',(399.18436876616,166.46205613111,
    5.443105224304));
#2189 = CARTESIAN_POINT('',(398.85129995361,165.85418346932,
    5.445268064119));
#2190 = CARTESIAN_POINT('',(398.62548724444,165.58323315344,
    5.443748982386));
#2191 = CARTESIAN_POINT('',(398.13920649596,165.18798320547,
    5.436919311923));
#2192 = CARTESIAN_POINT('',(397.89843578244,165.04730841163,
    5.432501775455));
#2193 = CARTESIAN_POINT('',(397.51368664655,164.89582204773,
    5.42421973548));
#2194 = CARTESIAN_POINT('',(397.38326568726,164.85556429658,
    5.421226789238));
#2195 = CARTESIAN_POINT('',(397.15989085014,164.80474058858,
    5.415811410195));
#2196 = CARTESIAN_POINT('',(397.06843165853,164.78883692502,
    5.413515760228));
#2197 = CARTESIAN_POINT('',(396.97635753243,164.77767275428,
    5.41112882287));
#2198 = ORIENTED_EDGE('',*,*,#2199,.T.);
#2199 = EDGE_CURVE('',#2183,#2200,#2202,.T.);
#2200 = VERTEX_POINT('',#2201);
#2201 = CARTESIAN_POINT('',(396.97635753243,164.77767275428,
    3.012933555441));
#2202 = LINE('',#2203,#2204);
#2203 = CARTESIAN_POINT('',(396.97635753243,164.77767275428,
    9.55573398187E-11));
#2204 = VECTOR('',#2205,1.);
#2205 = DIRECTION('',(0.,0.,-1.));
#2206 = ORIENTED_EDGE('',*,*,#2207,.T.);
#2207 = EDGE_CURVE('',#2200,#2208,#2210,.T.);
#2208 = VERTEX_POINT('',#2209);
#2209 = CARTESIAN_POINT('',(396.65135753242,164.7580411991,
    3.012933555441));
#2210 = CIRCLE('',#2211,2.7);
#2211 = AXIS2_PLACEMENT_3D('',#2212,#2213,#2214);
#2212 = CARTESIAN_POINT('',(396.65135753242,167.4580411991,
    3.012933555441));
#2213 = DIRECTION('',(0.,0.,-1.));
#2214 = DIRECTION('',(0.,1.,0.));
#2215 = ORIENTED_EDGE('',*,*,#2216,.T.);
#2216 = EDGE_CURVE('',#2208,#2217,#2219,.T.);
#2217 = VERTEX_POINT('',#2218);
#2218 = CARTESIAN_POINT('',(396.65135753242,164.7580411991,
    0.200000000096));
#2219 = LINE('',#2220,#2221);
#2220 = CARTESIAN_POINT('',(396.65135753242,164.7580411991,
    9.55573398187E-11));
#2221 = VECTOR('',#2222,1.);
#2222 = DIRECTION('',(0.,0.,-1.));
#2223 = ORIENTED_EDGE('',*,*,#2224,.F.);
#2224 = EDGE_CURVE('',#2217,#2217,#2225,.T.);
#2225 = CIRCLE('',#2226,2.7);
#2226 = AXIS2_PLACEMENT_3D('',#2227,#2228,#2229);
#2227 = CARTESIAN_POINT('',(396.65135753242,167.4580411991,
    0.200000000096));
#2228 = DIRECTION('',(0.,-3.061616997868E-16,-1.));
#2229 = DIRECTION('',(0.,1.,-3.061616997868E-16));
#2230 = ORIENTED_EDGE('',*,*,#2216,.F.);
#2231 = ORIENTED_EDGE('',*,*,#2232,.T.);
#2232 = EDGE_CURVE('',#2208,#2233,#2235,.T.);
#2233 = VERTEX_POINT('',#2234);
#2234 = CARTESIAN_POINT('',(396.32635753243,164.77767275428,
    3.012933555441));
#2235 = CIRCLE('',#2236,2.7);
#2236 = AXIS2_PLACEMENT_3D('',#2237,#2238,#2239);
#2237 = CARTESIAN_POINT('',(396.65135753242,167.4580411991,
    3.012933555441));
#2238 = DIRECTION('',(0.,0.,-1.));
#2239 = DIRECTION('',(0.,1.,0.));
#2240 = ORIENTED_EDGE('',*,*,#2241,.T.);
#2241 = EDGE_CURVE('',#2233,#2242,#2244,.T.);
#2242 = VERTEX_POINT('',#2243);
#2243 = CARTESIAN_POINT('',(396.32635753243,164.77767275428,
    5.393050505585));
#2244 = LINE('',#2245,#2246);
#2245 = CARTESIAN_POINT('',(396.32635753243,164.77767275428,
    9.55573398187E-11));
#2246 = VECTOR('',#2247,1.);
#2247 = DIRECTION('',(0.,0.,1.));
#2248 = ORIENTED_EDGE('',*,*,#2249,.T.);
#2249 = EDGE_CURVE('',#2242,#2250,#2252,.T.);
#2250 = VERTEX_POINT('',#2251);
#2251 = CARTESIAN_POINT('',(393.9709890876,167.13304119908,
    5.284389470088));
#2252 = B_SPLINE_CURVE_WITH_KNOTS('',3,(#2253,#2254,#2255,#2256,#2257,
    #2258,#2259,#2260,#2261,#2262,#2263,#2264),.UNSPECIFIED.,.F.,.F.,(4,
    2,2,2,2,4),(0.124615846879,0.568854891471,1.391822431032,
    2.470928945271,3.138379284521,3.722933913167),.UNSPECIFIED.);
#2253 = CARTESIAN_POINT('',(396.32635753242,164.77767275428,
    5.393050505585));
#2254 = CARTESIAN_POINT('',(396.179556925,164.79547261963,5.388690301514
    ));
#2255 = CARTESIAN_POINT('',(396.03439989436,164.82531073689,
    5.384187659758));
#2256 = CARTESIAN_POINT('',(395.62922666025,164.94399493062,
    5.37104520992));
#2257 = CARTESIAN_POINT('',(395.37936803473,165.060705737,5.362236908532
    ));
#2258 = CARTESIAN_POINT('',(394.85245846019,165.41275069248,
    5.341741078383));
#2259 = CARTESIAN_POINT('',(394.59639857659,165.67019108778,
    5.330209374605));
#2260 = CARTESIAN_POINT('',(394.27573695968,166.15578186835,
    5.312377720113));
#2261 = CARTESIAN_POINT('',(394.17658450164,166.35578946123,
    5.305826998199));
#2262 = CARTESIAN_POINT('',(394.03870852047,166.74951965236,
    5.294219236883));
#2263 = CARTESIAN_POINT('',(393.99442643943,166.93974661982,
    5.289112742204));
#2264 = CARTESIAN_POINT('',(393.9709890876,167.13304119908,
    5.284389470088));
#2265 = ORIENTED_EDGE('',*,*,#2266,.T.);
#2266 = EDGE_CURVE('',#2250,#2267,#2269,.T.);
#2267 = VERTEX_POINT('',#2268);
#2268 = CARTESIAN_POINT('',(393.9709890876,167.13304119909,
    3.012933555441));
#2269 = LINE('',#2270,#2271);
#2270 = CARTESIAN_POINT('',(393.9709890876,167.13304119908,
    9.55573398187E-11));
#2271 = VECTOR('',#2272,1.);
#2272 = DIRECTION('',(0.,0.,-1.));
#2273 = ORIENTED_EDGE('',*,*,#2274,.T.);
#2274 = EDGE_CURVE('',#2267,#2275,#2277,.T.);
#2275 = VERTEX_POINT('',#2276);
#2276 = CARTESIAN_POINT('',(393.9709890876,167.78304119909,
    3.012933555441));
#2277 = CIRCLE('',#2278,2.7);
#2278 = AXIS2_PLACEMENT_3D('',#2279,#2280,#2281);
#2279 = CARTESIAN_POINT('',(396.65135753242,167.4580411991,
    3.012933555441));
#2280 = DIRECTION('',(0.,0.,-1.));
#2281 = DIRECTION('',(0.,1.,0.));
#2282 = ORIENTED_EDGE('',*,*,#2283,.T.);
#2283 = EDGE_CURVE('',#2275,#769,#2284,.T.);
#2284 = B_SPLINE_CURVE_WITH_KNOTS('',1,(#2285,#2286),.UNSPECIFIED.,.F.,
  .F.,(2,2),(0.,2.257272864178),.PIECEWISE_BEZIER_KNOTS.);
#2285 = CARTESIAN_POINT('',(393.9709890876,167.78304119909,
    3.012933555441));
#2286 = CARTESIAN_POINT('',(393.9709890876,167.78304119909,5.27020641962
    ));
#2287 = ORIENTED_EDGE('',*,*,#779,.T.);
#2288 = ORIENTED_EDGE('',*,*,#874,.T.);
#2289 = ORIENTED_EDGE('',*,*,#891,.T.);
#2290 = CYLINDRICAL_SURFACE('',#2291,2.7);
#2291 = AXIS2_PLACEMENT_3D('',#2292,#2293,#2294);
#2292 = CARTESIAN_POINT('',(396.65135753242,167.4580411991,
    9.55573398187E-11));
#2293 = DIRECTION('',(0.,0.,1.));
#2294 = DIRECTION('',(0.,1.,0.));
#2295 = ADVANCED_FACE('',(#2296),#2331,.F.);
#2296 = FACE_BOUND('',#2297,.F.);
#2297 = EDGE_LOOP('',(#2298,#2299,#2310,#2321,#2330));
#2298 = ORIENTED_EDGE('',*,*,#2182,.T.);
#2299 = ORIENTED_EDGE('',*,*,#2300,.T.);
#2300 = EDGE_CURVE('',#2183,#2301,#2303,.T.);
#2301 = VERTEX_POINT('',#2302);
#2302 = CARTESIAN_POINT('',(396.97635753243,162.10856235451,
    5.469369019032));
#2303 = B_SPLINE_CURVE_WITH_KNOTS('',3,(#2304,#2305,#2306,#2307,#2308,
    #2309),.UNSPECIFIED.,.F.,.F.,(4,2,4),(2.393981817272,2.663757817734,
    5.063727544233),.UNSPECIFIED.);
#2304 = CARTESIAN_POINT('',(396.97635753243,164.77767275428,
    5.41112882287));
#2305 = CARTESIAN_POINT('',(396.97635753243,164.68776882059,
    5.413090533684));
#2306 = CARTESIAN_POINT('',(396.97635753243,164.59786488689,
    5.415052244497));
#2307 = CARTESIAN_POINT('',(396.97635753243,163.7081614203,
    5.434465643218));
#2308 = CARTESIAN_POINT('',(396.97635753243,162.9083618874,
    5.451917331125));
#2309 = CARTESIAN_POINT('',(396.97635753243,162.10856235451,
    5.469369019032));
#2310 = ORIENTED_EDGE('',*,*,#2311,.T.);
#2311 = EDGE_CURVE('',#2301,#2312,#2314,.T.);
#2312 = VERTEX_POINT('',#2313);
#2313 = CARTESIAN_POINT('',(406.87175131295,162.29153464677,
    5.862221293584));
#2314 = B_SPLINE_CURVE_WITH_KNOTS('',3,(#2315,#2316,#2317,#2318,#2319,
    #2320),.UNSPECIFIED.,.F.,.F.,(4,2,4),(8.616373407062E-02,
    5.103376186706,9.991356835683),.UNSPECIFIED.);
#2315 = CARTESIAN_POINT('',(396.97635753243,162.10856235451,
    5.469369019032));
#2316 = CARTESIAN_POINT('',(398.6479474438,162.13058156854,
    5.516645566808));
#2317 = CARTESIAN_POINT('',(400.31918028652,162.15709756069,
    5.573576961721));
#2318 = CARTESIAN_POINT('',(403.61772562912,162.21831956323,
    5.705024202457));
#2319 = CARTESIAN_POINT('',(405.24501203499,162.25279612359,
    5.779047405581));
#2320 = CARTESIAN_POINT('',(406.87175131294,162.29153464677,
    5.862221293584));
#2321 = ORIENTED_EDGE('',*,*,#2322,.T.);
#2322 = EDGE_CURVE('',#2312,#2043,#2323,.T.);
#2323 = B_SPLINE_CURVE_WITH_KNOTS('',3,(#2324,#2325,#2326,#2327,#2328,
    #2329),.UNSPECIFIED.,.F.,.F.,(4,2,4),(0.438146822778,0.665939460634,
    3.050514642618),.UNSPECIFIED.);
#2324 = CARTESIAN_POINT('',(406.87175131295,162.29153464677,
    5.862221293584));
#2325 = CARTESIAN_POINT('',(406.87176664503,162.36744747227,
    5.860565661721));
#2326 = CARTESIAN_POINT('',(406.87178197865,162.44336029779,
    5.858910029938));
#2327 = CARTESIAN_POINT('',(406.87195784509,163.3139425271,
    5.839922941413));
#2328 = CARTESIAN_POINT('',(406.87874013828,166.61478581447,
    5.768248637723));
#2329 = CARTESIAN_POINT('',(406.87981234403,167.13304119908,
    5.756995663343));
#2330 = ORIENTED_EDGE('',*,*,#2051,.T.);
#2331 = B_SPLINE_SURFACE_WITH_KNOTS('',3,3,(
    (#2332,#2333,#2334,#2335)
    ,(#2336,#2337,#2338,#2339)
    ,(#2340,#2341,#2342,#2343)
    ,(#2344,#2345,#2346,#2347
    )),.UNSPECIFIED.,.F.,.F.,.F.,(4,4),(4,4),(5.06048508214E-02,
    6.232889051641E-02),(9.713948741547E-02,0.12018941872),
  .PIECEWISE_BEZIER_KNOTS.);
#2332 = CARTESIAN_POINT('',(396.97635753242,167.13143262709,
    5.359769599691));
#2333 = CARTESIAN_POINT('',(400.27944887569,167.13349077947,
    5.454093387816));
#2334 = CARTESIAN_POINT('',(403.58103840716,167.13637952941,
    5.586482922853));
#2335 = CARTESIAN_POINT('',(406.87981234403,167.14009677138,
    5.756841710208));
#2336 = CARTESIAN_POINT('',(396.97635753242,165.45714253623,
    5.396302739471));
#2337 = CARTESIAN_POINT('',(400.27944887569,165.4592006886,
    5.490626527596));
#2338 = CARTESIAN_POINT('',(403.58103840716,165.46208943855,
    5.623016062633));
#2339 = CARTESIAN_POINT('',(406.87981234403,165.46580668052,
    5.793374849988));
#2340 = CARTESIAN_POINT('',(396.97635753243,163.78285244537,
    5.432835879252));
#2341 = CARTESIAN_POINT('',(400.27944887569,163.78491059775,
    5.527159667377));
#2342 = CARTESIAN_POINT('',(403.58103840716,163.78779934769,
    5.659549202413));
#2343 = CARTESIAN_POINT('',(406.87981234403,163.79151658966,
    5.829907989769));
#2344 = CARTESIAN_POINT('',(396.97635753243,162.1085623545,
    5.469369019032));
#2345 = CARTESIAN_POINT('',(400.27944887569,162.11062050688,
    5.563692807157));
#2346 = CARTESIAN_POINT('',(403.58103840716,162.11350925682,
    5.696082342194));
#2347 = CARTESIAN_POINT('',(406.87981234403,162.11722649879,
    5.866441129549));
#2348 = ADVANCED_FACE('',(#2349),#2381,.F.);
#2349 = FACE_BOUND('',#2350,.F.);
#2350 = EDGE_LOOP('',(#2351,#2352,#2365,#2376,#2377,#2378,#2379,#2380));
#2351 = ORIENTED_EDGE('',*,*,#2322,.F.);
#2352 = ORIENTED_EDGE('',*,*,#2353,.T.);
#2353 = EDGE_CURVE('',#2312,#2354,#2356,.T.);
#2354 = VERTEX_POINT('',#2355);
#2355 = CARTESIAN_POINT('',(409.28787316284,159.56118500322,
    9.564260494699E-11));
#2356 = B_SPLINE_CURVE_WITH_KNOTS('',3,(#2357,#2358,#2359,#2360,#2361,
    #2362,#2363,#2364),.UNSPECIFIED.,.F.,.F.,(4,2,2,4),(0.444444400085,
    3.169666776401,3.336741000354,3.741454401339),.UNSPECIFIED.);
#2357 = CARTESIAN_POINT('',(406.87175131295,162.29153464677,
    5.862221293584));
#2358 = CARTESIAN_POINT('',(407.20784678402,161.91082012569,
    5.044804821869));
#2359 = CARTESIAN_POINT('',(407.59329328638,161.47426818894,
    4.107502134139));
#2360 = CARTESIAN_POINT('',(407.9450634531,161.07606488018,
    3.252536206495));
#2361 = CARTESIAN_POINT('',(408.09939791579,160.90129077743,
    2.877285926933));
#2362 = CARTESIAN_POINT('',(408.54547260701,160.3974253334,
    1.795457179459));
#2363 = CARTESIAN_POINT('',(408.91924675781,159.97616129534,
    0.890978509642));
#2364 = CARTESIAN_POINT('',(409.28787316284,159.56118500322,
    9.501377462584E-11));
#2365 = ORIENTED_EDGE('',*,*,#2366,.F.);
#2366 = EDGE_CURVE('',#201,#2354,#2367,.T.);
#2367 = B_SPLINE_CURVE_WITH_KNOTS('',3,(#2368,#2369,#2370,#2371,#2372,
    #2373,#2374,#2375),.UNSPECIFIED.,.F.,.F.,(4,2,2,4),(0.460427759499,
    2.449559258311,20.275509139905,20.839115923378),.UNSPECIFIED.);
#2368 = CARTESIAN_POINT('',(409.28322432624,175.45432796882,
    9.564260494699E-11));
#2369 = CARTESIAN_POINT('',(409.28388169961,173.65649617112,
    9.564260494699E-11));
#2370 = CARTESIAN_POINT('',(409.2853078761,168.53346033902,
    9.564260494699E-11));
#2371 = CARTESIAN_POINT('',(409.28662910246,163.834234798,
    9.564260494699E-11));
#2372 = CARTESIAN_POINT('',(409.2872428187,161.48507133866,
    9.558576152813E-11));
#2373 = CARTESIAN_POINT('',(409.28783234933,159.68276731716,
    9.558576152813E-11));
#2374 = CARTESIAN_POINT('',(409.28785229473,159.62260601597,
    9.564260494699E-11));
#2375 = CARTESIAN_POINT('',(409.28787316284,159.56118500322,
    9.564260494699E-11));
#2376 = ORIENTED_EDGE('',*,*,#208,.T.);
#2377 = ORIENTED_EDGE('',*,*,#1000,.F.);
#2378 = ORIENTED_EDGE('',*,*,#2157,.F.);
#2379 = ORIENTED_EDGE('',*,*,#2123,.F.);
#2380 = ORIENTED_EDGE('',*,*,#2040,.T.);
#2381 = B_SPLINE_SURFACE_WITH_KNOTS('',3,3,(
    (#2382,#2383,#2384,#2385,#2386)
    ,(#2387,#2388,#2389,#2390,#2391)
    ,(#2392,#2393,#2394,#2395,#2396)
    ,(#2397,#2398,#2399,#2400,#2401)
    ,(#2402,#2403,#2404,#2405,#2406)
    ,(#2407,#2408,#2409,#2410,#2411)
    ,(#2412,#2413,#2414,#2415,#2416)
    ,(#2417,#2418,#2419,#2420,#2421)
    ,(#2422,#2423,#2424,#2425,#2426)
    ,(#2427,#2428,#2429,#2430,#2431)
    ,(#2432,#2433,#2434,#2435,#2436)
    ,(#2437,#2438,#2439,#2440,#2441)
    ,(#2442,#2443,#2444,#2445,#2446)
    ,(#2447,#2448,#2449,#2450,#2451)
    ,(#2452,#2453,#2454,#2455,#2456)
    ,(#2457,#2458,#2459,#2460,#2461)
    ,(#2462,#2463,#2464,#2465,#2466)
    ,(#2467,#2468,#2469,#2470,#2471)
    ,(#2472,#2473,#2474,#2475,#2476)
    ,(#2477,#2478,#2479,#2480,#2481)
    ,(#2482,#2483,#2484,#2485,#2486)
    ,(#2487,#2488,#2489,#2490,#2491)
    ,(#2492,#2493,#2494,#2495,#2496)
    ,(#2497,#2498,#2499,#2500,#2501)
    ,(#2502,#2503,#2504,#2505,#2506)
    ,(#2507,#2508,#2509,#2510,#2511)
    ,(#2512,#2513,#2514,#2515,#2516)
    ,(#2517,#2518,#2519,#2520,#2521)
    ,(#2522,#2523,#2524,#2525,#2526)
    ,(#2527,#2528,#2529,#2530,#2531)
    ,(#2532,#2533,#2534,#2535,#2536)
    ,(#2537,#2538,#2539,#2540,#2541)
    ,(#2542,#2543,#2544,#2545,#2546)
    ,(#2547,#2548,#2549,#2550,#2551)
    ,(#2552,#2553,#2554,#2555,#2556)
    ,(#2557,#2558,#2559,#2560,#2561)
    ,(#2562,#2563,#2564,#2565,#2566)
    ,(#2567,#2568,#2569,#2570,#2571)
    ,(#2572,#2573,#2574,#2575,#2576)
    ,(#2577,#2578,#2579,#2580,#2581)
    ,(#2582,#2583,#2584,#2585,#2586)
    ,(#2587,#2588,#2589,#2590,#2591)
    ,(#2592,#2593,#2594,#2595,#2596)
    ,(#2597,#2598,#2599,#2600,#2601)
    ,(#2602,#2603,#2604,#2605,#2606)
    ,(#2607,#2608,#2609,#2610,#2611)
    ,(#2612,#2613,#2614,#2615,#2616)
    ,(#2617,#2618,#2619,#2620,#2621)
    ,(#2622,#2623,#2624,#2625,#2626)
    ,(#2627,#2628,#2629,#2630,#2631)
    ,(#2632,#2633,#2634,#2635,#2636)
    ,(#2637,#2638,#2639,#2640,#2641)
    ,(#2642,#2643,#2644,#2645,#2646)
    ,(#2647,#2648,#2649,#2650,#2651)
    ,(#2652,#2653,#2654,#2655,#2656)
    ,(#2657,#2658,#2659,#2660,#2661)
    ,(#2662,#2663,#2664,#2665,#2666)
    ,(#2667,#2668,#2669,#2670,#2671)
    ,(#2672,#2673,#2674,#2675,#2676)
    ,(#2677,#2678,#2679,#2680,#2681)
    ,(#2682,#2683,#2684,#2685,#2686)
    ,(#2687,#2688,#2689,#2690,#2691)
    ,(#2692,#2693,#2694,#2695,#2696)
    ,(#2697,#2698,#2699,#2700,#2701)
    ,(#2702,#2703,#2704,#2705,#2706)
    ,(#2707,#2708,#2709,#2710,#2711)
    ,(#2712,#2713,#2714,#2715,#2716)
    ,(#2717,#2718,#2719,#2720,#2721)
    ,(#2722,#2723,#2724,#2725,#2726)
    ,(#2727,#2728,#2729,#2730,#2731)
    ,(#2732,#2733,#2734,#2735,#2736)
    ,(#2737,#2738,#2739,#2740,#2741)
    ,(#2742,#2743,#2744,#2745,#2746)
    ,(#2747,#2748,#2749,#2750,#2751)
    ,(#2752,#2753,#2754,#2755,#2756)
    ,(#2757,#2758,#2759,#2760,#2761)
    ,(#2762,#2763,#2764,#2765,#2766)
    ,(#2767,#2768,#2769,#2770,#2771)
    ,(#2772,#2773,#2774,#2775,#2776)
    ,(#2777,#2778,#2779,#2780,#2781)
    ,(#2782,#2783,#2784,#2785,#2786)
    ,(#2787,#2788,#2789,#2790,#2791)
    ,(#2792,#2793,#2794,#2795,#2796)
    ,(#2797,#2798,#2799,#2800,#2801)
    ,(#2802,#2803,#2804,#2805,#2806)
    ,(#2807,#2808,#2809,#2810,#2811)
    ,(#2812,#2813,#2814,#2815,#2816)
    ,(#2817,#2818,#2819,#2820,#2821)
    ,(#2822,#2823,#2824,#2825,#2826)
    ,(#2827,#2828,#2829,#2830,#2831)
    ,(#2832,#2833,#2834,#2835,#2836)
    ,(#2837,#2838,#2839,#2840,#2841)
    ,(#2842,#2843,#2844,#2845,#2846)
    ,(#2847,#2848,#2849,#2850,#2851)
    ,(#2852,#2853,#2854,#2855,#2856)
    ,(#2857,#2858,#2859,#2860,#2861)
    ,(#2862,#2863,#2864,#2865,#2866)
    ,(#2867,#2868,#2869,#2870,#2871)
    ,(#2872,#2873,#2874,#2875,#2876)
    ,(#2877,#2878,#2879,#2880,#2881)
    ,(#2882,#2883,#2884,#2885,#2886)
    ,(#2887,#2888,#2889,#2890,#2891)
    ,(#2892,#2893,#2894,#2895,#2896)
    ,(#2897,#2898,#2899,#2900,#2901)
    ,(#2902,#2903,#2904,#2905,#2906)
    ,(#2907,#2908,#2909,#2910,#2911)
    ,(#2912,#2913,#2914,#2915,#2916)
    ,(#2917,#2918,#2919,#2920,#2921)
    ,(#2922,#2923,#2924,#2925,#2926)
    ,(#2927,#2928,#2929,#2930,#2931)
    ,(#2932,#2933,#2934,#2935,#2936)
    ,(#2937,#2938,#2939,#2940,#2941)
    ,(#2942,#2943,#2944,#2945,#2946)
    ,(#2947,#2948,#2949,#2950,#2951)
    ,(#2952,#2953,#2954,#2955,#2956)
    ,(#2957,#2958,#2959,#2960,#2961)
    ,(#2962,#2963,#2964,#2965,#2966)
    ,(#2967,#2968,#2969,#2970,#2971)
    ,(#2972,#2973,#2974,#2975,#2976)
    ,(#2977,#2978,#2979,#2980,#2981)
    ,(#2982,#2983,#2984,#2985,#2986)
    ,(#2987,#2988,#2989,#2990,#2991)
    ,(#2992,#2993,#2994,#2995,#2996)
    ,(#2997,#2998,#2999,#3000,#3001)
    ,(#3002,#3003,#3004,#3005,#3006)
    ,(#3007,#3008,#3009,#3010,#3011)
    ,(#3012,#3013,#3014,#3015,#3016)
    ,(#3017,#3018,#3019,#3020,#3021)
    ,(#3022,#3023,#3024,#3025,#3026)
    ,(#3027,#3028,#3029,#3030,#3031)
    ,(#3032,#3033,#3034,#3035,#3036)
    ,(#3037,#3038,#3039,#3040,#3041)
    ,(#3042,#3043,#3044,#3045,#3046)
    ,(#3047,#3048,#3049,#3050,#3051)
    ,(#3052,#3053,#3054,#3055,#3056)
    ,(#3057,#3058,#3059,#3060,#3061)
    ,(#3062,#3063,#3064,#3065,#3066)
    ,(#3067,#3068,#3069,#3070,#3071)
    ,(#3072,#3073,#3074,#3075,#3076)
    ,(#3077,#3078,#3079,#3080,#3081)
    ,(#3082,#3083,#3084,#3085,#3086)
    ,(#3087,#3088,#3089,#3090,#3091)
    ,(#3092,#3093,#3094,#3095,#3096)
    ,(#3097,#3098,#3099,#3100,#3101)
    ,(#3102,#3103,#3104,#3105,#3106)
    ,(#3107,#3108,#3109,#3110,#3111)
    ,(#3112,#3113,#3114,#3115,#3116)
    ,(#3117,#3118,#3119,#3120,#3121)
    ,(#3122,#3123,#3124,#3125,#3126)
    ,(#3127,#3128,#3129,#3130,#3131)
    ,(#3132,#3133,#3134,#3135,#3136)
    ,(#3137,#3138,#3139,#3140,#3141)
    ,(#3142,#3143,#3144,#3145,#3146)
    ,(#3147,#3148,#3149,#3150,#3151)
    ,(#3152,#3153,#3154,#3155,#3156)
    ,(#3157,#3158,#3159,#3160,#3161)
    ,(#3162,#3163,#3164,#3165,#3166)
    ,(#3167,#3168,#3169,#3170,#3171)
    ,(#3172,#3173,#3174,#3175,#3176)
    ,(#3177,#3178,#3179,#3180,#3181)
    ,(#3182,#3183,#3184,#3185,#3186)
    ,(#3187,#3188,#3189,#3190,#3191)
    ,(#3192,#3193,#3194,#3195,#3196)
    ,(#3197,#3198,#3199,#3200,#3201)
    ,(#3202,#3203,#3204,#3205,#3206)
    ,(#3207,#3208,#3209,#3210,#3211)
    ,(#3212,#3213,#3214,#3215,#3216)
    ,(#3217,#3218,#3219,#3220,#3221)
    ,(#3222,#3223,#3224,#3225,#3226)
    ,(#3227,#3228,#3229,#3230,#3231)
    ,(#3232,#3233,#3234,#3235,#3236)
    ,(#3237,#3238,#3239,#3240,#3241)
    ,(#3242,#3243,#3244,#3245,#3246)
    ,(#3247,#3248,#3249,#3250,#3251)
    ,(#3252,#3253,#3254,#3255,#3256)
    ,(#3257,#3258,#3259,#3260,#3261)
    ,(#3262,#3263,#3264,#3265,#3266)
    ,(#3267,#3268,#3269,#3270,#3271)
    ,(#3272,#3273,#3274,#3275,#3276)
    ,(#3277,#3278,#3279,#3280,#3281)
    ,(#3282,#3283,#3284,#3285,#3286)
    ,(#3287,#3288,#3289,#3290,#3291)
    ,(#3292,#3293,#3294,#3295,#3296)
    ,(#3297,#3298,#3299,#3300,#3301)
    ,(#3302,#3303,#3304,#3305,#3306)
    ,(#3307,#3308,#3309,#3310,#3311)
    ,(#3312,#3313,#3314,#3315,#3316)
    ,(#3317,#3318,#3319,#3320,#3321)
    ,(#3322,#3323,#3324,#3325,#3326)
    ,(#3327,#3328,#3329,#3330,#3331)
    ,(#3332,#3333,#3334,#3335,#3336)
    ,(#3337,#3338,#3339,#3340,#3341)
    ,(#3342,#3343,#3344,#3345,#3346)
    ,(#3347,#3348,#3349,#3350,#3351)
    ,(#3352,#3353,#3354,#3355,#3356)
    ,(#3357,#3358,#3359,#3360,#3361)
    ,(#3362,#3363,#3364,#3365,#3366)
    ,(#3367,#3368,#3369,#3370,#3371)
    ,(#3372,#3373,#3374,#3375,#3376)
    ,(#3377,#3378,#3379,#3380,#3381)
    ,(#3382,#3383,#3384,#3385,#3386)
    ,(#3387,#3388,#3389,#3390,#3391)
    ,(#3392,#3393,#3394,#3395,#3396)
    ,(#3397,#3398,#3399,#3400,#3401)
    ,(#3402,#3403,#3404,#3405,#3406)
    ,(#3407,#3408,#3409,#3410,#3411)
    ,(#3412,#3413,#3414,#3415,#3416)
    ,(#3417,#3418,#3419,#3420,#3421)
    ,(#3422,#3423,#3424,#3425,#3426)
    ,(#3427,#3428,#3429,#3430,#3431)
    ,(#3432,#3433,#3434,#3435,#3436)
    ,(#3437,#3438,#3439,#3440,#3441)
    ,(#3442,#3443,#3444,#3445,#3446)
    ,(#3447,#3448,#3449,#3450,#3451)
    ,(#3452,#3453,#3454,#3455,#3456)
    ,(#3457,#3458,#3459,#3460,#3461)
    ,(#3462,#3463,#3464,#3465,#3466)
    ,(#3467,#3468,#3469,#3470,#3471)
    ,(#3472,#3473,#3474,#3475,#3476)
    ,(#3477,#3478,#3479,#3480,#3481)
    ,(#3482,#3483,#3484,#3485,#3486)
    ,(#3487,#3488,#3489,#3490,#3491)
    ,(#3492,#3493,#3494,#3495,#3496)
    ,(#3497,#3498,#3499,#3500,#3501)
    ,(#3502,#3503,#3504,#3505,#3506)
    ,(#3507,#3508,#3509,#3510,#3511)
    ,(#3512,#3513,#3514,#3515,#3516)
    ,(#3517,#3518,#3519,#3520,#3521)
    ,(#3522,#3523,#3524,#3525,#3526)
    ,(#3527,#3528,#3529,#3530,#3531)
    ,(#3532,#3533,#3534,#3535,#3536)
    ,(#3537,#3538,#3539,#3540,#3541)
    ,(#3542,#3543,#3544,#3545,#3546)
    ,(#3547,#3548,#3549,#3550,#3551)
    ,(#3552,#3553,#3554,#3555,#3556)
    ,(#3557,#3558,#3559,#3560,#3561)
    ,(#3562,#3563,#3564,#3565,#3566)
    ,(#3567,#3568,#3569,#3570,#3571)
    ,(#3572,#3573,#3574,#3575,#3576)
    ,(#3577,#3578,#3579,#3580,#3581)
    ,(#3582,#3583,#3584,#3585,#3586)
    ,(#3587,#3588,#3589,#3590,#3591)
    ,(#3592,#3593,#3594,#3595,#3596)
    ,(#3597,#3598,#3599,#3600,#3601)
    ,(#3602,#3603,#3604,#3605,#3606)
    ,(#3607,#3608,#3609,#3610,#3611)
    ,(#3612,#3613,#3614,#3615,#3616)
    ,(#3617,#3618,#3619,#3620,#3621)
    ,(#3622,#3623,#3624,#3625,#3626)
    ,(#3627,#3628,#3629,#3630,#3631)
    ,(#3632,#3633,#3634,#3635,#3636)
    ,(#3637,#3638,#3639,#3640,#3641)
    ,(#3642,#3643,#3644,#3645,#3646)
    ,(#3647,#3648,#3649,#3650,#3651)
    ,(#3652,#3653,#3654,#3655,#3656)
    ,(#3657,#3658,#3659,#3660,#3661)
    ,(#3662,#3663,#3664,#3665,#3666)
    ,(#3667,#3668,#3669,#3670,#3671)
    ,(#3672,#3673,#3674,#3675,#3676)
    ,(#3677,#3678,#3679,#3680,#3681)
    ,(#3682,#3683,#3684,#3685,#3686)
    ,(#3687,#3688,#3689,#3690,#3691)
    ,(#3692,#3693,#3694,#3695,#3696)
    ,(#3697,#3698,#3699,#3700,#3701)
    ,(#3702,#3703,#3704,#3705,#3706)
    ,(#3707,#3708,#3709,#3710,#3711)
    ,(#3712,#3713,#3714,#3715,#3716)
    ,(#3717,#3718,#3719,#3720,#3721)
    ,(#3722,#3723,#3724,#3725,#3726)
    ,(#3727,#3728,#3729,#3730,#3731)
    ,(#3732,#3733,#3734,#3735,#3736)
    ,(#3737,#3738,#3739,#3740,#3741)
    ,(#3742,#3743,#3744,#3745,#3746)
    ,(#3747,#3748,#3749,#3750,#3751)
    ,(#3752,#3753,#3754,#3755,#3756)
    ,(#3757,#3758,#3759,#3760,#3761)
    ,(#3762,#3763,#3764,#3765,#3766)
    ,(#3767,#3768,#3769,#3770,#3771)
    ,(#3772,#3773,#3774,#3775,#3776)
    ,(#3777,#3778,#3779,#3780,#3781)
    ,(#3782,#3783,#3784,#3785,#3786)
    ,(#3787,#3788,#3789,#3790,#3791)
    ,(#3792,#3793,#3794,#3795,#3796)
    ,(#3797,#3798,#3799,#3800,#3801)
    ,(#3802,#3803,#3804,#3805,#3806)
    ,(#3807,#3808,#3809,#3810,#3811)
    ,(#3812,#3813,#3814,#3815,#3816)
    ,(#3817,#3818,#3819,#3820,#3821)
    ,(#3822,#3823,#3824,#3825,#3826)
    ,(#3827,#3828,#3829,#3830,#3831)
    ,(#3832,#3833,#3834,#3835,#3836)
    ,(#3837,#3838,#3839,#3840,#3841)
    ,(#3842,#3843,#3844,#3845,#3846)
    ,(#3847,#3848,#3849,#3850,#3851)
    ,(#3852,#3853,#3854,#3855,#3856)
    ,(#3857,#3858,#3859,#3860,#3861)
    ,(#3862,#3863,#3864,#3865,#3866)
    ,(#3867,#3868,#3869,#3870,#3871)
    ,(#3872,#3873,#3874,#3875,#3876)
    ,(#3877,#3878,#3879,#3880,#3881)
    ,(#3882,#3883,#3884,#3885,#3886)
    ,(#3887,#3888,#3889,#3890,#3891)
    ,(#3892,#3893,#3894,#3895,#3896)
    ,(#3897,#3898,#3899,#3900,#3901)
    ,(#3902,#3903,#3904,#3905,#3906)
    ,(#3907,#3908,#3909,#3910,#3911)
    ,(#3912,#3913,#3914,#3915,#3916)
    ,(#3917,#3918,#3919,#3920,#3921)
    ,(#3922,#3923,#3924,#3925,#3926)
    ,(#3927,#3928,#3929,#3930,#3931)
    ,(#3932,#3933,#3934,#3935,#3936)
    ,(#3937,#3938,#3939,#3940,#3941)
    ,(#3942,#3943,#3944,#3945,#3946)
    ,(#3947,#3948,#3949,#3950,#3951)
    ,(#3952,#3953,#3954,#3955,#3956)
    ,(#3957,#3958,#3959,#3960,#3961)
    ,(#3962,#3963,#3964,#3965,#3966)
    ,(#3967,#3968,#3969,#3970,#3971)
    ,(#3972,#3973,#3974,#3975,#3976)
    ,(#3977,#3978,#3979,#3980,#3981)
    ,(#3982,#3983,#3984,#3985,#3986)
    ,(#3987,#3988,#3989,#3990,#3991)
    ,(#3992,#3993,#3994,#3995,#3996)
    ,(#3997,#3998,#3999,#4000,#4001)
    ,(#4002,#4003,#4004,#4005,#4006)
    ,(#4007,#4008,#4009,#4010,#4011)
    ,(#4012,#4013,#4014,#4015,#4016)
    ,(#4017,#4018,#4019,#4020,#4021)
    ,(#4022,#4023,#4024,#4025,#4026)
    ,(#4027,#4028,#4029,#4030,#4031)
    ,(#4032,#4033,#4034,#4035,#4036
    )),.UNSPECIFIED.,.F.,.F.,.F.,(4,1,1,1,1,1,1,1,1,1,1,1,1,1,1,1,1,1,1,
    1,2,1,1,1,1,1,1,1,1,1,1,1,1,1,1,1,1,1,1,1,1,1,1,1,1,1,1,1,1,1,1,1,1,
    1,1,1,1,1,1,1,1,1,1,1,1,1,1,1,1,1,1,1,1,1,1,1,1,1,1,1,1,1,1,1,1,1,1,
    1,1,1,1,1,1,1,1,1,1,1,1,1,1,1,1,1,1,1,1,1,1,1,1,1,1,1,1,1,1,1,1,1,1,
    1,1,1,1,1,1,1,1,1,1,1,1,1,1,1,1,1,1,1,1,1,1,1,1,1,1,1,1,1,1,1,1,1,1,
    1,1,1,1,1,1,1,1,1,1,1,1,1,1,1,1,1,1,1,1,1,1,1,1,1,1,1,1,1,1,1,1,1,1,
    1,1,1,1,1,1,1,1,1,1,1,1,1,1,1,1,1,1,1,1,1,1,1,1,1,1,1,1,1,1,1,1,1,1,
    1,1,1,1,1,1,1,1,1,1,1,1,1,1,1,1,1,1,1,1,1,1,1,1,1,1,1,1,1,1,1,1,1,1,
    1,1,1,1,1,1,1,1,1,1,1,1,1,1,1,1,1,1,1,1,1,1,1,1,1,1,1,1,1,2,1,1,1,1,
    1,1,1,1,1,1,1,1,1,1,1,1,1,1,1,1,1,1,1,1,1,1,1,1,1,1,1,1,1,1,1,1,1,1,
    1,4),(4,1,4),(-0.235366347215,-0.223598029854,-0.211829712494,
    -0.200061395133,-0.188293077772,-0.176524760411,-0.164756443051,
    -0.15298812569,-0.141219808329,-0.129451490968,-0.117683173608,
    -0.105914856247,-9.414653888608E-02,-8.237822152532E-02,
    -7.060990416456E-02,-5.88415868038E-02,-4.707326944304E-02,
    -3.530495208228E-02,-2.353663472152E-02,-1.176831736076E-02,0.,
    6.25E-03,1.25E-02,1.875E-02,2.5E-02,3.125E-02,3.75E-02,4.375E-02,
    5.E-02,5.625E-02,6.25E-02,6.875E-02,7.5E-02,8.125E-02,8.75E-02,
    9.375E-02,0.1,0.10625,0.1125,0.11875,0.125,0.13125,0.1375,0.14375,
    0.15,0.15625,0.1625,0.16875,0.175,0.18125,0.1875,0.19375,0.2,0.20625
    ,0.2125,0.21875,0.225,0.23125,0.2375,0.24375,0.25,0.25625,0.2625,
    0.26875,0.275,0.28125,0.2875,0.29375,0.3,0.30625,0.3125,0.31875,
    0.325,0.33125,0.3375,0.34375,0.35,0.35625,0.3625,0.36875,0.375,
    0.38125,0.3875,0.39375,0.4,0.4015625,0.403125,0.4046875,0.405078125,
    0.40546875,0.40625,0.4078125,0.409375,0.4125,0.4140625,0.415625,
    0.4171875,0.41796875,0.41875,0.4203125,0.421875,0.425,0.43125,0.4375
    ,0.44375,0.45,0.45625,0.4625,0.46875,0.475,0.48125,0.4875,0.49375,
    0.4953125,0.49609375,0.496875,0.4984375,0.5,0.50625,0.509375,0.5125,
    0.51875,0.525,0.528125,0.53125,0.5328125,0.534375,0.5359375,0.5375,
    0.54375,0.55,0.55625,0.5625,0.56875,0.575,0.58125,0.5875,0.59375,0.6
    ,0.60625,0.6125,0.61875,0.625,0.63125,0.6375,0.64375,0.65,0.65625,
    0.6625,0.66875,0.675,0.68125,0.6875,0.69375,0.7,0.70625,0.7125,
    0.71875,0.725,0.73125,0.7375,0.74375,0.75,0.75625,0.7625,0.7640625,
    0.765625,0.7671875,0.76875,0.771875,0.775,0.78125,0.7875,0.79375,0.8
    ,0.80625,0.8125,0.81875,0.825,0.828125,0.83125,0.8375,0.84375,0.85,
    0.853125,0.8546875,0.85625,0.859375,0.8625,0.86875,0.8703125,
    0.871875,0.875,0.878125,0.8796875,0.88046875,0.88125,0.8875,0.89375,
    0.9,0.903125,0.90625,0.9125,0.91875,0.921875,0.9234375,0.925,
    0.928125,0.93125,0.934375,0.93515625,0.9359375,0.93671875,0.9375,
    0.94375,0.946875,0.95,0.953125,0.95625,0.9578125,0.95859375,0.959375
    ,0.9625,0.965625,0.9671875,0.967578125,0.96796875,0.968359375,
    0.96875,0.971875,0.9734375,0.975,0.978125,0.9796875,0.98125,
    0.98203125,0.9828125,0.98359375,0.984375,0.98515625,0.985546875,
    0.9859375,0.9875,0.9890625,0.990625,0.991015625,0.99140625,
    0.991796875,0.9921875,0.99296875,0.993359375,0.99375,0.99453125,
    0.9953125,0.995703125,0.9958984375,0.99609375,0.996875,0.997265625,
    0.9974609375,0.99755859375,0.99765625,0.998046875,0.9984375,
    0.9986328125,0.99873046875,0.998828125,0.99921875,0.99931640625,
    0.999365234375,0.999389648438,0.9994140625,0.999609375,0.99970703125
    ,0.9998046875,0.999829101563,0.999853515625,0.99990234375,
    0.999926757812,0.999951171875,0.999963378906,0.999975585938,
    0.999987792969,0.999993896484,0.999996948242,0.999998474121,1.,
    1.006315209092,1.012630418184,1.018945627276,1.025260836368,
    1.03157604546,1.037891254552,1.044206463644,1.050521672735,
    1.056836881827,1.063152090919,1.069467300011,1.075782509103,
    1.082097718195,1.088412927287,1.094728136379,1.101043345471,
    1.107358554563,1.113673763655,1.119988972747,1.126304181839,
    1.132619390931,1.138934600023,1.145249809114,1.151565018206,
    1.157880227298,1.16419543639,1.170510645482,1.176825854574,
    1.183141063666,1.189456272758,1.19577148185,1.202086690942,
    1.208401900034,1.214717109126,1.221032318218,1.22734752731,
    1.233662736402,1.239977945494,1.246293154585,1.252608363677),(
    0.142547691084,0.602397388012,0.947284660708),.UNSPECIFIED.);
#2382 = CARTESIAN_POINT('',(406.87893123443,174.96429406468,
    5.623571955409));
#2383 = CARTESIAN_POINT('',(407.33875936293,175.20189887732,
    4.547775048248));
#2384 = CARTESIAN_POINT('',(408.14343929402,175.61794273785,
    2.66517415787));
#2385 = CARTESIAN_POINT('',(408.94807257282,176.03442188066,
    0.782649361549));
#2386 = CARTESIAN_POINT('',(409.29263235387,176.21643311102,
    -2.349132339384E-02));
#2387 = CARTESIAN_POINT('',(406.8789304499,174.95483056187,
    5.623775485149));
#2388 = CARTESIAN_POINT('',(407.3387584993,175.19385175853,4.54794270322
    ));
#2389 = CARTESIAN_POINT('',(408.14343804576,175.61237427336,
    2.665279612031));
#2390 = CARTESIAN_POINT('',(408.94807054765,176.03133211185,
    0.782693523514));
#2391 = CARTESIAN_POINT('',(409.29262872434,176.2144055909,
    -2.347044314733E-02));
#2392 = CARTESIAN_POINT('',(406.87896220912,174.93597057872,
    5.624182371889));
#2393 = CARTESIAN_POINT('',(407.3387905187,175.17782744393,4.54827675734
    ));
#2394 = CARTESIAN_POINT('',(408.14346870688,175.60130823793,
    2.665490597113));
#2395 = CARTESIAN_POINT('',(408.94809830643,176.02524077359,
    0.782784909717));
#2396 = CARTESIAN_POINT('',(409.2926553723,176.21042969526,
    -2.343036828547E-02));
#2397 = CARTESIAN_POINT('',(406.87898690741,174.90763447084,
    5.624792820729));
#2398 = CARTESIAN_POINT('',(407.33881531925,175.15374284239,
    4.548778702842));
#2399 = CARTESIAN_POINT('',(408.14349187582,175.58466038707,
    2.665807021269));
#2400 = CARTESIAN_POINT('',(408.94811805016,176.01604305645,
    0.782919880482));
#2401 = CARTESIAN_POINT('',(409.29267200784,176.20441137465,
    -2.33690994085E-02));
#2402 = CARTESIAN_POINT('',(406.87902115295,174.87931756208,
    5.625403219962));
#2403 = CARTESIAN_POINT('',(407.33884978685,175.12967827084,
    4.549280288526));
#2404 = CARTESIAN_POINT('',(408.14352454334,175.56803284423,
    2.666123466964));
#2405 = CARTESIAN_POINT('',(408.9481469062,176.00687060472,
    0.783055728051));
#2406 = CARTESIAN_POINT('',(409.29269835821,176.19841572565,
    -2.330831608991E-02));
#2407 = CARTESIAN_POINT('',(406.87905078801,174.85099138153,
    5.626013642946));
#2408 = CARTESIAN_POINT('',(407.33887958605,175.10560402624,
    4.549782047826));
#2409 = CARTESIAN_POINT('',(408.14355262428,175.55139549407,
    2.666439901523));
#2410 = CARTESIAN_POINT('',(408.94817136219,175.99768595153,
    0.783191151592));
#2411 = CARTESIAN_POINT('',(409.29272002016,176.19240912785,
    -2.324730272152E-02));
#2412 = CARTESIAN_POINT('',(406.87908394498,174.82267228329,
    5.626624047547));
#2413 = CARTESIAN_POINT('',(407.33891295134,175.08153717048,
    4.550283674331));
#2414 = CARTESIAN_POINT('',(408.14358420932,175.53476563532,
    2.666756343742));
#2415 = CARTESIAN_POINT('',(408.94819917975,175.98851061859,
    0.783326898471));
#2416 = CARTESIAN_POINT('',(409.29274526711,176.18641089341,
    -2.31864703269E-02));
#2417 = CARTESIAN_POINT('',(406.87909742515,174.79431361515,
    5.62723455396));
#2418 = CARTESIAN_POINT('',(407.33892639277,175.05742903232,
    4.550786042175));
#2419 = CARTESIAN_POINT('',(408.14359621866,175.51809392112,
    2.667072739988));
#2420 = CARTESIAN_POINT('',(408.94820821791,175.97928321259,
    0.783460836501));
#2421 = CARTESIAN_POINT('',(409.292750498,176.18036593198,
    -2.312464636819E-02));
#2422 = CARTESIAN_POINT('',(406.87913661443,174.76600664744,
    5.627844927041));
#2423 = CARTESIAN_POINT('',(407.33896586607,175.03337483213,
    4.55128744108));
#2424 = CARTESIAN_POINT('',(408.14363380556,175.50147689365,
    2.667389195309));
#2425 = CARTESIAN_POINT('',(408.9482417928,175.97012384342,
    0.783597138089));
#2426 = CARTESIAN_POINT('',(409.29278188587,176.17438202228,
    -2.306412477101E-02));
#2427 = CARTESIAN_POINT('',(406.87916415215,174.73767624821,
    5.628455360309));
#2428 = CARTESIAN_POINT('',(407.33899354154,175.00929618607,
    4.551789278789));
#2429 = CARTESIAN_POINT('',(408.14365980092,175.48483508081,
    2.667705623059));
#2430 = CARTESIAN_POINT('',(408.9482642478,175.96093363707,
    0.783732367994));
#2431 = CARTESIAN_POINT('',(409.29280142222,176.16837044202,
    -2.300301753033E-02));
#2432 = CARTESIAN_POINT('',(406.87919818208,174.70935890505,
    5.629065759909));
#2433 = CARTESIAN_POINT('',(407.33902779063,174.98523116185,
    4.552290871998));
#2434 = CARTESIAN_POINT('',(408.14369225532,175.46820707924,
    2.668022065775));
#2435 = CARTESIAN_POINT('',(408.9482928985,175.95176061664,
    0.783868196024));
#2436 = CARTESIAN_POINT('',(409.29282756512,176.1623742816,
    -2.294224069654E-02));
#2437 = CARTESIAN_POINT('',(406.87921152643,174.68099996235,
    5.62967626635));
#2438 = CARTESIAN_POINT('',(407.33904109452,174.96112273635,
    4.552793244144));
#2439 = CARTESIAN_POINT('',(408.1437041307,175.45153507331,
    2.668338459346));
#2440 = CARTESIAN_POINT('',(408.94830180845,175.94253284387,
    0.784002119052));
#2441 = CARTESIAN_POINT('',(409.29283266618,176.15632899314,
    -2.28804226379E-02));
#2442 = CARTESIAN_POINT('',(406.87925020942,174.65269197748,
    5.630286641865));
#2443 = CARTESIAN_POINT('',(407.33908005489,174.93706747759,
    4.553294662355));
#2444 = CARTESIAN_POINT('',(408.14374121433,175.43491697371,
    2.668654913185));
#2445 = CARTESIAN_POINT('',(408.94833489811,175.93337215125,
    0.784138379863));
#2446 = CARTESIAN_POINT('',(409.29286354612,176.15034389017,
    -2.281988494319E-02));
#2447 = CARTESIAN_POINT('',(406.87927953069,174.62436515996,
    5.630897064497));
#2448 = CARTESIAN_POINT('',(407.33910953702,174.91299256222,
    4.553796429687));
#2449 = CARTESIAN_POINT('',(408.14376898608,175.41827894058,
    2.668971340338));
#2450 = CARTESIAN_POINT('',(408.94835905929,175.92418662231,
    0.784273764907));
#2451 = CARTESIAN_POINT('',(409.29288490706,176.1443365209,
    -2.275888542755E-02));
#2452 = CARTESIAN_POINT('',(406.87930900029,174.59603865473,
    5.631507489086));
#2453 = CARTESIAN_POINT('',(407.33913916695,174.88891799307,
    4.554298199423));
#2454 = CARTESIAN_POINT('',(408.14379690197,175.40164126776,
    2.669287777774));
#2455 = CARTESIAN_POINT('',(408.94838334822,175.91500162558,
    0.784409197475));
#2456 = CARTESIAN_POINT('',(409.29290641389,176.13832958296,
    -2.269787721297E-02));
#2457 = CARTESIAN_POINT('',(406.87934751602,174.56773030897,
    5.632117860228));
#2458 = CARTESIAN_POINT('',(407.33917796204,174.8648623234,
    4.554799609476));
#2459 = CARTESIAN_POINT('',(408.14383382602,175.38502273586,
    2.669604212597));
#2460 = CARTESIAN_POINT('',(408.9484163011,175.90584025332,
    0.784545387812));
#2461 = CARTESIAN_POINT('',(409.29293714152,176.13234394829,
    -2.263737232863E-02));
#2462 = CARTESIAN_POINT('',(406.87936140801,174.53937251665,
    5.632728373244));
#2463 = CARTESIAN_POINT('',(407.33919181201,174.8407551701,
    4.555301988891));
#2464 = CARTESIAN_POINT('',(408.14384623441,175.36835205249,
    2.669920641908));
#2465 = CARTESIAN_POINT('',(408.94842568487,175.89661442214,
    0.784679481281));
#2466 = CARTESIAN_POINT('',(409.29294278499,176.12630023893,
    -2.257552918624E-02));
#2467 = CARTESIAN_POINT('',(406.87939442584,174.51105302319,
    5.633338754219));
#2468 = CARTESIAN_POINT('',(407.33922505524,174.81668773921,
    4.555803553915));
#2469 = CARTESIAN_POINT('',(408.14387771298,175.35172153655,
    2.670236996143));
#2470 = CARTESIAN_POINT('',(408.94845348113,175.88743760113,
    0.784814946029));
#2471 = CARTESIAN_POINT('',(409.29296796842,176.12030103861,
    -2.251487546532E-02));
#2472 = CARTESIAN_POINT('',(406.87942473762,174.48272845468,
    5.633949223094));
#2473 = CARTESIAN_POINT('',(407.33925549775,174.79261554153,
    4.556305429567));
#2474 = CARTESIAN_POINT('',(408.14390640382,175.33508642746,
    2.670553613607));
#2475 = CARTESIAN_POINT('',(408.94847833004,175.87825723697,
    0.784951050617));
#2476 = CARTESIAN_POINT('',(409.29299021948,176.11429746278,
    -2.245359219062E-02));
#2477 = CARTESIAN_POINT('',(406.87945830809,174.45440961573,
    5.634559508866));
#2478 = CARTESIAN_POINT('',(407.33928937608,174.7685481369,
    4.556806713576));
#2479 = CARTESIAN_POINT('',(408.14393855177,175.31845563984,
    2.670869632612));
#2480 = CARTESIAN_POINT('',(408.94850710716,175.8690773771,
    0.785085462139));
#2481 = CARTESIAN_POINT('',(409.29301619475,176.10829702346,
    -2.239358898753E-02));
#2482 = CARTESIAN_POINT('',(406.87948532887,174.42607948139,
    5.635170206857));
#2483 = CARTESIAN_POINT('',(407.33931631225,174.74447164692,
    4.557309311702));
#2484 = CARTESIAN_POINT('',(408.14396369401,175.30181686685,
    2.671187016183));
#2485 = CARTESIAN_POINT('',(408.94852776793,175.85989868355,
    0.785223815381));
#2486 = CARTESIAN_POINT('',(409.29303458138,176.10229151533,
    -2.233072309324E-02));
#2487 = CARTESIAN_POINT('',(406.87951342911,174.40720967105,
    5.635576613299));
#2488 = CARTESIAN_POINT('',(407.33934503469,174.72843353163,
    4.557642097748));
#2489 = CARTESIAN_POINT('',(408.1439913617,175.29073522708,
    2.671396173162));
#2490 = CARTESIAN_POINT('',(408.94855448616,175.85377333637,
    0.785308896303));
#2491 = CARTESIAN_POINT('',(409.29305875153,176.09829314273,
    -2.229383330448E-02));
#2492 = CARTESIAN_POINT('',(406.87952210986,174.39274625495,
    5.635889424809));
#2493 = CARTESIAN_POINT('',(407.33935270016,174.71614870991,
    4.557901921702));
#2494 = CARTESIAN_POINT('',(408.14399767571,175.28224996587,
    2.671562182936));
#2495 = CARTESIAN_POINT('',(408.94855469029,175.84912951571,
    0.785392345441));
#2496 = CARTESIAN_POINT('',(409.29306022365,176.09524672039,
    -2.225407238013E-02));
#2497 = CARTESIAN_POINT('',(406.87950097529,174.38223039279,
    5.636176248272));
#2498 = CARTESIAN_POINT('',(407.33929427326,174.70735296841,
    4.558230921996));
#2499 = CARTESIAN_POINT('',(408.14388745204,175.27631319007,
    2.671926667985));
#2500 = CARTESIAN_POINT('',(408.94834206769,175.84657943493,
    0.785930968776));
#2501 = CARTESIAN_POINT('',(409.29296136827,176.09273716018,
    -2.199549492706E-02));
#2502 = CARTESIAN_POINT('',(406.8794862624,174.36417071535,
    5.636599798879));
#2503 = CARTESIAN_POINT('',(407.33926146392,174.69120286066,
    4.558627167332));
#2504 = CARTESIAN_POINT('',(408.1438090915,175.26363084441,2.67230892211
    ));
#2505 = CARTESIAN_POINT('',(408.94829802487,175.836678091,0.786128128717
    ));
#2506 = CARTESIAN_POINT('',(409.29295365042,176.08381404409,
    -2.193334964667E-02));
#2507 = CARTESIAN_POINT('',(406.87947009387,174.3440429061,
    5.637062053877));
#2508 = CARTESIAN_POINT('',(407.33922346636,174.6726903265,
    4.559064684386));
#2509 = CARTESIAN_POINT('',(408.14373901849,175.24789231136,
    2.672691764762));
#2510 = CARTESIAN_POINT('',(408.94823134072,175.82342009907,
    0.786382503104));
#2511 = CARTESIAN_POINT('',(409.29292730876,176.07126561881,
    -2.182442263443E-02));
#2512 = CARTESIAN_POINT('',(406.87945753488,174.32181598012,
    5.637548679936));
#2513 = CARTESIAN_POINT('',(407.33919719717,174.65168435346,
    4.559502930196));
#2514 = CARTESIAN_POINT('',(408.14369410289,175.22898247641,
    2.673036906109));
#2515 = CARTESIAN_POINT('',(408.94820884416,175.8062479132,
    0.786542953641));
#2516 = CARTESIAN_POINT('',(409.29292128761,176.05477143953,
    -2.176125180041E-02));
#2517 = CARTESIAN_POINT('',(406.87944505755,174.29755418673,
    5.638068142002));
#2518 = CARTESIAN_POINT('',(407.33917205319,174.62831647926,
    4.559966122514));
#2519 = CARTESIAN_POINT('',(408.14365630173,175.20709939424,
    2.673383019919));
#2520 = CARTESIAN_POINT('',(408.94818307496,175.78563670058,
    0.786716804806));
#2521 = CARTESIAN_POINT('',(409.29291132152,176.03460864415,
    -2.168662503618E-02));
#2522 = CARTESIAN_POINT('',(406.87943335379,174.27127570322,
    5.638617915098));
#2523 = CARTESIAN_POINT('',(407.33915076064,174.60259112636,
    4.560447228075));
#2524 = CARTESIAN_POINT('',(408.14362712621,175.1822676767,2.67372649207
    ));
#2525 = CARTESIAN_POINT('',(408.94816748055,175.76151106468,
    0.786873701383));
#2526 = CARTESIAN_POINT('',(409.2929054069,176.01075026609,
    -2.161954145962E-02));
#2527 = CARTESIAN_POINT('',(406.87942150404,174.24301678957,
    5.639199806316));
#2528 = CARTESIAN_POINT('',(407.33913072226,174.57456368302,
    4.56095181286));
#2529 = CARTESIAN_POINT('',(408.14360186957,175.15456756664,
    2.674077349864));
#2530 = CARTESIAN_POINT('',(408.94815226078,175.7340055056,
    0.787035792869));
#2531 = CARTESIAN_POINT('',(409.29289864569,175.98329118168,
    -2.154847082994E-02));
#2532 = CARTESIAN_POINT('',(406.87940948518,174.21280401167,5.6398133142
    ));
#2533 = CARTESIAN_POINT('',(407.33911211127,174.54426318672,
    4.561478981322));
#2534 = CARTESIAN_POINT('',(408.14358006473,175.12404160041,
    2.674436415498));
#2535 = CARTESIAN_POINT('',(408.94813972249,175.70314501086,
    0.787197837513));
#2536 = CARTESIAN_POINT('',(409.29289252297,175.95226608094,
    -2.147696621959E-02));
#2537 = CARTESIAN_POINT('',(406.87939699376,174.18066716429,
    5.640458713882));
#2538 = CARTESIAN_POINT('',(407.33909412988,174.51172802202,
    4.562030160371));
#2539 = CARTESIAN_POINT('',(408.14356022628,175.09074139573,
    2.674806735983));
#2540 = CARTESIAN_POINT('',(408.94812762026,175.6689956341,
    0.787364864256));
#2541 = CARTESIAN_POINT('',(409.29288597388,175.91773375053,
    -2.140254318698E-02));
#2542 = CARTESIAN_POINT('',(406.87938393498,174.1466338341,
    5.641135756488));
#2543 = CARTESIAN_POINT('',(407.33907659914,174.47699071822,
    4.562605348053));
#2544 = CARTESIAN_POINT('',(408.14354186423,175.05470969371,
    2.675189189027));
#2545 = CARTESIAN_POINT('',(408.94811619994,175.63160087442,
    0.787536259861));
#2546 = CARTESIAN_POINT('',(409.29287923015,175.87974075504,
    -2.132578046011E-02));
#2547 = CARTESIAN_POINT('',(406.87937018047,174.11073204584,
    5.641844300332));
#2548 = CARTESIAN_POINT('',(407.33905919592,174.44008521999,
    4.563204900455));
#2549 = CARTESIAN_POINT('',(408.14352439032,175.01599009794,
    2.675584862916));
#2550 = CARTESIAN_POINT('',(408.9481048592,175.59101186746,
    0.787713320522));
#2551 = CARTESIAN_POINT('',(409.29287203446,175.83833828393,
    -2.124609810754E-02));
#2552 = CARTESIAN_POINT('',(406.87935566035,174.07298922888,
    5.642584063284));
#2553 = CARTESIAN_POINT('',(407.33904175745,174.40104396906,
    4.56382881004));
#2554 = CARTESIAN_POINT('',(408.14350748896,174.97462377062,
    2.675994248295));
#2555 = CARTESIAN_POINT('',(408.94809353491,175.54727485862,
    0.787896118787));
#2556 = CARTESIAN_POINT('',(409.29286440193,175.79357496085,
    -2.116355936875E-02));
#2557 = CARTESIAN_POINT('',(406.8793403109,174.03343278092,5.64335475701
    ));
#2558 = CARTESIAN_POINT('',(407.33902412022,174.35989943427,
    4.564477080728));
#2559 = CARTESIAN_POINT('',(408.14349087841,174.9306515614,
    2.676417758609));
#2560 = CARTESIAN_POINT('',(408.94808202519,175.50043733423,
    0.78808503726));
#2561 = CARTESIAN_POINT('',(409.29285626017,175.74550023854,
    -2.107801983787E-02));
#2562 = CARTESIAN_POINT('',(406.87932409013,173.99208988897,
    5.644156043802));
#2563 = CARTESIAN_POINT('',(407.33900617425,174.31668358911,
    4.565149597874));
#2564 = CARTESIAN_POINT('',(408.14347437037,174.88411347875,
    2.676855600879));
#2565 = CARTESIAN_POINT('',(408.94807025749,175.45054560422,
    0.78828016403));
#2566 = CARTESIAN_POINT('',(409.29284759833,175.69416299183,
    -2.098948003974E-02));
#2567 = CARTESIAN_POINT('',(406.87930696508,173.94898766142,
    5.644987567946));
#2568 = CARTESIAN_POINT('',(407.33898782609,174.27142826015,
    4.565846213272));
#2569 = CARTESIAN_POINT('',(408.1434578123,174.83504920544,
    2.677307901849));
#2570 = CARTESIAN_POINT('',(408.94805814736,175.39764607931,
    0.788481612233));
#2571 = CARTESIAN_POINT('',(409.29283839328,175.6396122125,
    -2.089791124659E-02));
#2572 = CARTESIAN_POINT('',(406.87928891335,173.90415310752,
    5.645848950592));
#2573 = CARTESIAN_POINT('',(407.33896900613,174.22416505582,
    4.566566726901));
#2574 = CARTESIAN_POINT('',(408.14344109211,174.78349805817,
    2.677774698202));
#2575 = CARTESIAN_POINT('',(408.94804564782,175.34178482796,
    0.788689409239));
#2576 = CARTESIAN_POINT('',(409.29282863801,175.5818967417,
    -2.08033225456E-02));
#2577 = CARTESIAN_POINT('',(406.87926991931,173.85761317499,
    5.646739798657));
#2578 = CARTESIAN_POINT('',(407.33894965841,174.17492546033,
    4.56731090967));
#2579 = CARTESIAN_POINT('',(408.14342412146,174.72949913729,
    2.678255973272));
#2580 = CARTESIAN_POINT('',(408.94803271815,175.2830078581,
    0.788903567195));
#2581 = CARTESIAN_POINT('',(409.2928183259,175.52106541736,
    -2.070572385043E-02));
#2582 = CARTESIAN_POINT('',(406.87924997345,173.80939475492,
    5.647659705849));
#2583 = CARTESIAN_POINT('',(407.33892974007,174.1237408386,
    4.568078504232));
#2584 = CARTESIAN_POINT('',(408.14340683294,174.67309135327,
    2.678751663568));
#2585 = CARTESIAN_POINT('',(408.94801933175,175.22136104849,
    0.789124065848));
#2586 = CARTESIAN_POINT('',(409.29280745574,175.45716702748,
    -2.060513764631E-02));
#2587 = CARTESIAN_POINT('',(406.87922907088,173.75952469603,
    5.648608256034));
#2588 = CARTESIAN_POINT('',(407.33890921767,174.07064246941,
    4.568869232954));
#2589 = CARTESIAN_POINT('',(408.14338917386,174.61431348208,
    2.679261672397));
#2590 = CARTESIAN_POINT('',(408.94800546829,175.15689021903,
    0.789350870169));
#2591 = CARTESIAN_POINT('',(409.29279602802,175.39025034404,
    -2.050159043943E-02));
#2592 = CARTESIAN_POINT('',(406.87920721062,173.70802981103,
    5.649585024694));
#2593 = CARTESIAN_POINT('',(407.33888806588,174.01566155784,
    4.56968280076));
#2594 = CARTESIAN_POINT('',(408.14337110366,174.55320418968,
    2.679785875905));
#2595 = CARTESIAN_POINT('',(408.94799111417,175.08964112753,
    0.789583929554));
#2596 = CARTESIAN_POINT('',(409.29278404561,175.32036411719,
    -2.039511423207E-02));
#2597 = CARTESIAN_POINT('',(406.87918439483,173.65493688378,
    5.650589580593));
#2598 = CARTESIAN_POINT('',(407.33886626569,173.95882925084,
    4.570518898839));
#2599 = CARTESIAN_POINT('',(408.14335259097,174.48980205767,
    2.680324129395));
#2600 = CARTESIAN_POINT('',(408.94797626012,175.01965949154,
    0.789823183294));
#2601 = CARTESIAN_POINT('',(409.2927715127,175.24755708458,
    -2.028574417287E-02));
#2602 = CARTESIAN_POINT('',(406.87916062829,173.600272674,5.651621486868
    ));
#2603 = CARTESIAN_POINT('',(407.33884380345,173.90017664688,
    4.571377206892));
#2604 = CARTESIAN_POINT('',(408.14333361195,174.42414559949,
    2.680876271307));
#2605 = CARTESIAN_POINT('',(408.94796090065,174.94699099363,
    0.790068561895));
#2606 = CARTESIAN_POINT('',(409.2927584348,175.17187797216,
    -2.017351836405E-02));
#2607 = CARTESIAN_POINT('',(406.87913591794,173.54406392142,
    5.652680301998));
#2608 = CARTESIAN_POINT('',(407.33882066982,173.83973480461,
    4.572257395213));
#2609 = CARTESIAN_POINT('',(408.14331414867,174.35627327411,
    2.681442126636));
#2610 = CARTESIAN_POINT('',(408.94794503309,174.87168129014,0.7903199893
    ));
#2611 = CARTESIAN_POINT('',(409.29274481827,175.09337549741,
    -2.005847702137E-02));
#2612 = CARTESIAN_POINT('',(406.87911027259,173.48633734899,
    5.653765580549));
#2613 = CARTESIAN_POINT('',(407.3387968591,173.77753474953,4.57315912623
    ));
#2614 = CARTESIAN_POINT('',(408.14329418807,174.28622349628,
    2.682021509412));
#2615 = CARTESIAN_POINT('',(408.94792865713,174.79377601582,
    0.790577384022));
#2616 = CARTESIAN_POINT('',(409.29273067028,175.01209837081,
    -1.994066214906E-02));
#2617 = CARTESIAN_POINT('',(406.87908370252,173.42711966547,
    5.654876873794));
#2618 = CARTESIAN_POINT('',(407.33877236862,173.7136074793,
    4.574082055797));
#2619 = CARTESIAN_POINT('',(408.14327372102,174.2140346445,2.68261422472
    ));
#2620 = CARTESIAN_POINT('',(408.94791177426,174.71332078819,
    0.790840660264));
#2621 = CARTESIAN_POINT('',(409.29271599857,174.92809529714,
    -1.982011714811E-02));
#2622 = CARTESIAN_POINT('',(406.87905621936,173.36643756768,
    5.656013730214));
#2623 = CARTESIAN_POINT('',(407.33874719829,173.64798396826,
    4.575025834226));
#2624 = CARTESIAN_POINT('',(408.14325274167,174.13974506749,
    2.683220070262));
#2625 = CARTESIAN_POINT('',(408.94789438754,174.6303612107,
    0.791109728692));
#2626 = CARTESIAN_POINT('',(409.29270081139,174.84141497672,
    -1.969688657666E-02));
#2627 = CARTESIAN_POINT('',(406.87902783581,173.30431774217,
    5.657175695915));
#2628 = CARTESIAN_POINT('',(407.3387213501,173.58069517083,4.57599010714
    ));
#2629 = CARTESIAN_POINT('',(408.14323124685,174.06339308918,
    2.683838837619));
#2630 = CARTESIAN_POINT('',(408.94787650124,174.54494287511,
    0.79138449707));
#2631 = CARTESIAN_POINT('',(409.29268511738,174.75210610598,
    -1.957101592889E-02));
#2632 = CARTESIAN_POINT('',(406.87899856557,173.24078686682,
    5.658362314972));
#2633 = CARTESIAN_POINT('',(407.33869482801,173.5117720247,
    4.576974516164));
#2634 = CARTESIAN_POINT('',(408.14320923568,173.98501701292,
    2.68447031326));
#2635 = CARTESIAN_POINT('',(408.94785812071,174.45711136382,
    0.791664870771));
#2636 = CARTESIAN_POINT('',(409.29266892557,174.66021737843,
    -1.944255148194E-02));
#2637 = CARTESIAN_POINT('',(406.878968423,173.17587161166,5.659573129715
    ));
#2638 = CARTESIAN_POINT('',(407.33866763731,173.44124545276,
    4.577978699521));
#2639 = CARTESIAN_POINT('',(408.14318670902,173.90465512432,
    2.685114279356));
#2640 = CARTESIAN_POINT('',(408.947839252,174.36691225073,0.791950753157
    ));
#2641 = CARTESIAN_POINT('',(409.29265224508,174.56579748458,
    -1.931154014568E-02));
#2642 = CARTESIAN_POINT('',(406.87893742352,173.10959864105,
    5.660807680973));
#2643 = CARTESIAN_POINT('',(407.33863978508,173.36914636632,
    4.579002292485));
#2644 = CARTESIAN_POINT('',(408.14316366974,173.82234569518,
    2.685770514448));
#2645 = CARTESIAN_POINT('',(408.94781990227,174.27439110414,
    0.792242045952));
#2646 = CARTESIAN_POINT('',(409.29263508569,174.46889511372,
    -1.91780293931E-02));
#2647 = CARTESIAN_POINT('',(406.87890558226,173.04199461174,
    5.662065508282));
#2648 = CARTESIAN_POINT('',(407.33861127861,173.295505664,4.580044927844
    ));
#2649 = CARTESIAN_POINT('',(408.14314012109,173.73812698279,
    2.686438794002));
#2650 = CARTESIAN_POINT('',(408.94780007837,174.17959348422,
    0.792538649395));
#2651 = CARTESIAN_POINT('',(409.2926174564,174.36955895114,
    -1.904206709213E-02));
#2652 = CARTESIAN_POINT('',(406.87887291696,172.9730861799,
    5.663346150041));
#2653 = CARTESIAN_POINT('',(407.33858212832,173.22035423963,
    4.581106236117));
#2654 = CARTESIAN_POINT('',(408.14311606965,173.65203723832,
    2.687118890848));
#2655 = CARTESIAN_POINT('',(408.94777978973,174.08256495189,
    0.792840462701));
#2656 = CARTESIAN_POINT('',(409.29259936857,174.26783768558,
    -1.890370161575E-02));
#2657 = CARTESIAN_POINT('',(406.87883944099,172.90289998763,5.6646491437
    ));
#2658 = CARTESIAN_POINT('',(407.33855234061,173.14372296875,
    4.582185846118));
#2659 = CARTESIAN_POINT('',(408.1430915181,173.5641146935,2.687810575573
    ));
#2660 = CARTESIAN_POINT('',(408.94775904154,173.98335105144,
    0.793147383701));
#2661 = CARTESIAN_POINT('',(409.29258082873,174.16377999303,
    -1.876298137729E-02));
#2662 = CARTESIAN_POINT('',(406.87880517904,172.83146269522,
    5.665974025795));
#2663 = CARTESIAN_POINT('',(407.3385219337,173.06564274274,
    4.583283384581));
#2664 = CARTESIAN_POINT('',(408.14306648091,173.47439759528,
    2.688513616816));
#2665 = CARTESIAN_POINT('',(408.94773784986,173.8819973518,0.79345931019
    ));
#2666 = CARTESIAN_POINT('',(409.29256185468,174.05743457409,
    -1.861995569032E-02));
#2667 = CARTESIAN_POINT('',(406.87877013156,172.75880091033,
    5.667320332268));
#2668 = CARTESIAN_POINT('',(407.3384909016,172.9861443954,4.584398477765
    ));
#2669 = CARTESIAN_POINT('',(408.14304094878,173.38292413192,
    2.689227781567));
#2670 = CARTESIAN_POINT('',(408.9477162075,173.77854935573,
    0.793776137358));
#2671 = CARTESIAN_POINT('',(409.29254243928,173.94885007072,
    -1.847467269225E-02));
#2672 = CARTESIAN_POINT('',(406.87873435435,172.68494134811,
    5.668687598085));
#2673 = CARTESIAN_POINT('',(407.33845929461,172.90525887018,
    4.585530748503));
#2674 = CARTESIAN_POINT('',(408.14301496789,173.28973260193,
    2.689952835316));
#2675 = CARTESIAN_POINT('',(408.94769416039,173.67305270487,
    0.794097763935));
#2676 = CARTESIAN_POINT('',(409.29252263159,173.83807525318,
    -1.832718386874E-02));
#2677 = CARTESIAN_POINT('',(406.87869778015,172.60991047368,
    5.670075358384));
#2678 = CARTESIAN_POINT('',(407.33842703866,172.82301684782,
    4.586679823373));
#2679 = CARTESIAN_POINT('',(408.14298846212,173.19486103827,
    2.690688542413));
#2680 = CARTESIAN_POINT('',(408.94767163623,173.56555272155,
    0.794424078738));
#2681 = CARTESIAN_POINT('',(409.292502355,173.72515860166,
    -1.817753381347E-02));
#2682 = CARTESIAN_POINT('',(406.8786606181,172.53373530411,
    5.671483146158));
#2683 = CARTESIAN_POINT('',(407.33839433987,172.73944958253,
    4.587845317117));
#2684 = CARTESIAN_POINT('',(408.14296163096,173.0983480526,
    2.691434665839));
#2685 = CARTESIAN_POINT('',(408.94764882831,173.45609543626,
    0.794754991084));
#2686 = CARTESIAN_POINT('',(409.29248181462,173.61014924391,
    -1.802578307424E-02));
#2687 = CARTESIAN_POINT('',(406.87862245893,172.45644161289,
    5.672910497674));
#2688 = CARTESIAN_POINT('',(407.3383607781,172.65458703066,
    4.589026867959));
#2689 = CARTESIAN_POINT('',(408.1429340581,173.00023094614,
    2.692190968228));
#2690 = CARTESIAN_POINT('',(408.94762533562,173.34472528711,
    0.795090362891));
#2691 = CARTESIAN_POINT('',(409.2924605847,173.49309485515,
    -1.787195690473E-02));
#2692 = CARTESIAN_POINT('',(406.87858427912,172.37805795247,
    5.674356940519));
#2693 = CARTESIAN_POINT('',(407.33832733716,172.5684620437,
    4.590224058852));
#2694 = CARTESIAN_POINT('',(408.14290670776,172.90054994289,
    2.692957210011));
#2695 = CARTESIAN_POINT('',(408.94760208886,173.23149027348,
    0.79543016096));
#2696 = CARTESIAN_POINT('',(409.29243965269,173.37404636235,
    -1.771615998606E-02));
#2697 = CARTESIAN_POINT('',(406.87854395164,172.29860664477,
    5.675822020558));
#2698 = CARTESIAN_POINT('',(407.33829185713,172.48110097765,
    4.591436594204));
#2699 = CARTESIAN_POINT('',(408.14287745304,172.79933870897,
    2.693733153929));
#2700 = CARTESIAN_POINT('',(408.94757703623,173.11643041297,
    0.795774116052));
#2701 = CARTESIAN_POINT('',(409.29241684064,173.25304740725,
    -1.755831940536E-02));
#2702 = CARTESIAN_POINT('',(406.87850630468,172.21812396882,
    5.677305241679));
#2703 = CARTESIAN_POINT('',(407.33825922388,172.39254473505,
    4.592663904167));
#2704 = CARTESIAN_POINT('',(408.14285109494,172.69664559653,
    2.694518555252));
#2705 = CARTESIAN_POINT('',(408.94755480992,172.99960360563,
    0.796122486901));
#2706 = CARTESIAN_POINT('',(409.29239706419,173.13015795597,
    -1.739876049612E-02));
#2707 = CARTESIAN_POINT('',(406.87846050153,172.13661476337,
    5.678806201428));
#2708 = CARTESIAN_POINT('',(407.33821845493,172.3028014469,
    4.593906034767));
#2709 = CARTESIAN_POINT('',(408.14281683174,172.59248587187,
    2.695313184069));
#2710 = CARTESIAN_POINT('',(408.9475249881,172.8810274716,0.796474342341
    ));
#2711 = CARTESIAN_POINT('',(409.29236926222,173.00540120631,
    -1.723691181269E-02));
#2712 = CARTESIAN_POINT('',(406.87841972193,172.05413206504,
    5.680324353048));
#2713 = CARTESIAN_POINT('',(407.33818289649,172.21192947999,
    4.595162086317));
#2714 = CARTESIAN_POINT('',(408.14278778329,172.48692551753,
    2.696116785854));
#2715 = CARTESIAN_POINT('',(408.94750022987,172.76078137071,
    0.796830572313));
#2716 = CARTESIAN_POINT('',(409.29234686829,172.87885672115,
    -1.707357796864E-02));
#2717 = CARTESIAN_POINT('',(406.87837785987,171.97069020509,
    5.681859265497));
#2718 = CARTESIAN_POINT('',(407.33814635837,172.11994685818,
    4.596431918165));
#2719 = CARTESIAN_POINT('',(408.14275785984,172.37998978929,
    2.696929125777));
#2720 = CARTESIAN_POINT('',(408.94747465824,172.63889509994,
    0.797190607861));
#2721 = CARTESIAN_POINT('',(409.29232364552,172.75055880656,
    -1.690845709174E-02));
#2722 = CARTESIAN_POINT('',(406.87833556909,171.88631707907,
    5.683410466833));
#2723 = CARTESIAN_POINT('',(407.33810949822,172.02688574212,
    4.597715122873));
#2724 = CARTESIAN_POINT('',(408.14272770503,172.27171821294,
    2.697749961052));
#2725 = CARTESIAN_POINT('',(408.94744889427,172.51541581565,
    0.797554388639));
#2726 = CARTESIAN_POINT('',(409.29230025192,172.62055762663,
    -1.674163619972E-02));
#2727 = CARTESIAN_POINT('',(406.87829266849,171.80103890647,
    5.684977490076));
#2728 = CARTESIAN_POINT('',(407.338072128,171.93277654508,4.59901132571)
  );
#2729 = CARTESIAN_POINT('',(408.14269713093,172.1621485511,
    2.698579049725));
#2730 = CARTESIAN_POINT('',(408.947422756,172.3903885348,0.797921792527)
  );
#2731 = CARTESIAN_POINT('',(409.29227649374,172.48890138861,
    -1.65731538257E-02));
#2732 = CARTESIAN_POINT('',(406.8782492634,171.71488248053,
    5.686559866381));
#2733 = CARTESIAN_POINT('',(407.33803434992,171.83765027762,
    4.600320140323));
#2734 = CARTESIAN_POINT('',(408.14266623506,172.05131916906,2.6994161491
    ));
#2735 = CARTESIAN_POINT('',(408.94739633706,172.26385900663,
    0.798292718259));
#2736 = CARTESIAN_POINT('',(409.29225246944,172.35563897042,
    -1.640306523246E-02));
#2737 = CARTESIAN_POINT('',(406.87820533469,171.62787434405,
    5.688157127579));
#2738 = CARTESIAN_POINT('',(407.33799614021,171.74153768878,
    4.601641185052));
#2739 = CARTESIAN_POINT('',(408.14263499102,171.93926816828,
    2.700261016405));
#2740 = CARTESIAN_POINT('',(408.94736961136,172.13587266131,
    0.798667055362));
#2741 = CARTESIAN_POINT('',(409.29222815048,172.22081895827,
    -1.623141842972E-02));
#2742 = CARTESIAN_POINT('',(406.87816091876,171.54004115051,
    5.689768805092));
#2743 = CARTESIAN_POINT('',(407.33795753141,171.64446964243,
    4.60297407582));
#2744 = CARTESIAN_POINT('',(408.14260342784,171.82603376614,
    2.701113408547));
#2745 = CARTESIAN_POINT('',(408.94734260626,172.00647507063,
    0.799044697342));
#2746 = CARTESIAN_POINT('',(409.29220356496,172.08449006825,
    -1.605826467894E-02));
#2747 = CARTESIAN_POINT('',(406.878116027,171.45140950262,5.69139443044)
  );
#2748 = CARTESIAN_POINT('',(407.33791853081,171.54647694906,
    4.604318429357));
#2749 = CARTESIAN_POINT('',(408.1425715497,171.71165412625,
    2.701973082267));
#2750 = CARTESIAN_POINT('',(408.94731532506,171.8757117419,0.7994255358)
  );
#2751 = CARTESIAN_POINT('',(409.29217871547,171.94670095773,
    -1.588365378496E-02));
#2752 = CARTESIAN_POINT('',(406.8780706825,171.36200602589,
    5.693033535033));
#2753 = CARTESIAN_POINT('',(407.33787915756,171.44759044257,
    4.605673861774));
#2754 = CARTESIAN_POINT('',(408.14253937247,171.59616743581,
    2.702839794104));
#2755 = CARTESIAN_POINT('',(408.94728778233,171.74362821189,
    0.799809463127));
#2756 = CARTESIAN_POINT('',(409.29215361647,171.80750031127,
    -1.570763623516E-02));
#2757 = CARTESIAN_POINT('',(406.87802490199,171.27185733264,
    5.694685650297));
#2758 = CARTESIAN_POINT('',(407.33783942446,171.34784094266,
    4.607039989291));
#2759 = CARTESIAN_POINT('',(408.14250690578,171.47961186785,
    2.703713300451));
#2760 = CARTESIAN_POINT('',(408.94725998654,171.61027000084,
    0.800196371206));
#2761 = CARTESIAN_POINT('',(409.292128276,171.66693679853,
    -1.5530262141E-02));
#2762 = CARTESIAN_POINT('',(406.87797870752,171.18099004539,
    5.69635030761));
#2763 = CARTESIAN_POINT('',(407.33779934975,171.24725927935,
    4.608416427802));
#2764 = CARTESIAN_POINT('',(408.14247416462,171.36202560579,
    2.704593357552));
#2765 = CARTESIAN_POINT('',(408.94723195134,171.47568264223,
    0.800586152252));
#2766 = CARTESIAN_POINT('',(409.29210270748,171.52505910151,
    -1.535158192448E-02));
#2767 = CARTESIAN_POINT('',(406.8779321131,171.08943077014,
    5.698027038402));
#2768 = CARTESIAN_POINT('',(407.33775894358,171.14587626513,
    4.609802793422));
#2769 = CARTESIAN_POINT('',(408.14244115605,171.24344681549,
    2.705479721553));
#2770 = CARTESIAN_POINT('',(408.94720368263,171.3399116489,
    0.800978697898));
#2771 = CARTESIAN_POINT('',(409.29207691617,171.38191588341,
    -1.517164551646E-02));
#2772 = CARTESIAN_POINT('',(406.87788514889,170.99720614493,
    5.69971537401));
#2773 = CARTESIAN_POINT('',(407.33771823251,171.04372274557,
    4.611198701534));
#2774 = CARTESIAN_POINT('',(408.14240790325,171.12391369613,
    2.706372148458));
#2775 = CARTESIAN_POINT('',(408.94717520193,171.20300257442,
    0.801373900851));
#2776 = CARTESIAN_POINT('',(409.29205092383,171.2375558451,
    -1.499050380904E-02));
#2777 = CARTESIAN_POINT('',(406.87783780963,170.90434273636,
    5.701414846015));
#2778 = CARTESIAN_POINT('',(407.33767720723,170.94082949155,
    4.612603768879));
#2779 = CARTESIAN_POINT('',(408.14237439417,171.00346437175,
    2.707270394273));
#2780 = CARTESIAN_POINT('',(408.94714649659,171.06500088228,
    0.801771651388));
#2781 = CARTESIAN_POINT('',(409.29202471603,171.09202760471,
    -1.480820554226E-02));
#2782 = CARTESIAN_POINT('',(406.87779016892,170.81086726901,
    5.703124985526));
#2783 = CARTESIAN_POINT('',(407.33763593842,170.83722743825,
    4.61401760898));
#2784 = CARTESIAN_POINT('',(408.14234069541,170.88213713198,
    2.708174214732));
#2785 = CARTESIAN_POINT('',(408.94711763007,170.92595223595,
    0.802171845152));
#2786 = CARTESIAN_POINT('',(409.29199835894,170.94537996452,
    -1.462480420276E-02));
#2787 = CARTESIAN_POINT('',(406.87774212372,170.71680611294,
    5.704845324812));
#2788 = CARTESIAN_POINT('',(407.3375943178,170.73294715134,
    4.615439842399));
#2789 = CARTESIAN_POINT('',(408.14230669758,170.75996989412,
    2.709083365959));
#2790 = CARTESIAN_POINT('',(408.94708849556,170.7859018507,
    0.802574365733));
#2791 = CARTESIAN_POINT('',(409.29197173834,170.7976613145,
    -1.444034259405E-02));
#2792 = CARTESIAN_POINT('',(406.87769396649,170.62218643102,
    5.706575393669));
#2793 = CARTESIAN_POINT('',(407.33755263783,170.62802002212,
    4.616870073822));
#2794 = CARTESIAN_POINT('',(408.1422726855,170.63700140757,
    2.709997603024));
#2795 = CARTESIAN_POINT('',(408.94705936755,170.64489594479,
    0.802979123704));
#2796 = CARTESIAN_POINT('',(409.2919451439,170.64892096781,
    -1.425488737623E-02));
#2797 = CARTESIAN_POINT('',(406.87764510367,170.52703360938,
    5.708314727589));
#2798 = CARTESIAN_POINT('',(407.33751029337,170.52247559087,
    4.618307943425));
#2799 = CARTESIAN_POINT('',(408.14223806104,170.51326855644,
    2.710916683215));
#2800 = CARTESIAN_POINT('',(408.94702966636,170.50297848932,
    0.803385969193));
#2801 = CARTESIAN_POINT('',(409.29191796062,170.49920616953,
    -1.40684517014E-02));
#2802 = CARTESIAN_POINT('',(406.87759692648,170.43137701367,
    5.710062849476));
#2803 = CARTESIAN_POINT('',(407.33746869019,170.41634754325,
    4.619753011832));
#2804 = CARTESIAN_POINT('',(408.14220420412,170.38881240223,
    2.711840358739));
#2805 = CARTESIAN_POINT('',(408.947000726,170.36019848917,0.803794887755
    ));
#2806 = CARTESIAN_POINT('',(409.29189160015,170.34856879781,
    -1.388116851637E-02));
#2807 = CARTESIAN_POINT('',(406.87754636924,170.3352370729,
    5.711819310699));
#2808 = CARTESIAN_POINT('',(407.3374247185,170.30966025506,
    4.621205018292));
#2809 = CARTESIAN_POINT('',(408.14216805305,170.26366462487,
    2.712768393137));
#2810 = CARTESIAN_POINT('',(408.94696958322,170.21659364544,
    0.80420556088));
#2811 = CARTESIAN_POINT('',(409.29186292332,170.19705032714,
    -1.369290168652E-02));
#2812 = CARTESIAN_POINT('',(406.87751206628,170.26280036784,
    5.713142525637));
#2813 = CARTESIAN_POINT('',(407.33739543175,170.22925972227,
    4.622298722553));
#2814 = CARTESIAN_POINT('',(408.14214459585,170.16932504042,
    2.713467491125));
#2815 = CARTESIAN_POINT('',(408.94694977549,170.10831918291,
    0.804515168066));
#2816 = CARTESIAN_POINT('',(409.29184518564,170.08279972827,
    -1.355132650976E-02));
#2817 = CARTESIAN_POINT('',(406.87748353165,170.21436492624,
    5.714027013805));
#2818 = CARTESIAN_POINT('',(407.33737017768,170.1754935598,
    4.623029984401));
#2819 = CARTESIAN_POINT('',(408.14212333134,170.10622932395,
    2.713934778484));
#2820 = CARTESIAN_POINT('',(408.94693113151,170.03589438348,
    0.804721717098));
#2821 = CARTESIAN_POINT('',(409.29182760514,170.00637622336,
    -1.345636904047E-02));
#2822 = CARTESIAN_POINT('',(406.87746910132,170.19012070503,
    5.714469713373));
#2823 = CARTESIAN_POINT('',(407.33735738765,170.14857982456,
    4.623395995589));
#2824 = CARTESIAN_POINT('',(408.14211254058,170.0746435717,
    2.714168660292));
#2825 = CARTESIAN_POINT('',(408.94692165707,169.99963679032,0.804825085)
  );
#2826 = CARTESIAN_POINT('',(409.2918186543,169.96811620776,
    -1.340883481464E-02));
#2827 = CARTESIAN_POINT('',(406.87745853585,170.17191873618,
    5.714802071746));
#2828 = CARTESIAN_POINT('',(407.33734805739,170.12837268598,
    4.623670769446));
#2829 = CARTESIAN_POINT('',(408.14210470682,170.0509270825,
    2.714344246357));
#2830 = CARTESIAN_POINT('',(408.94691480288,169.97241119461,
    0.804902705297));
#2831 = CARTESIAN_POINT('',(409.29181220823,169.93938645411,
    -1.337316612588E-02));
#2832 = CARTESIAN_POINT('',(406.87745112177,170.15977542787,
    5.715023783818));
#2833 = CARTESIAN_POINT('',(407.33734146252,170.11489131422,
    4.623854079942));
#2834 = CARTESIAN_POINT('',(408.14209911628,170.035103948,2.71446137665)
  );
#2835 = CARTESIAN_POINT('',(408.9469098775,169.95424630989,
    0.804954458835));
#2836 = CARTESIAN_POINT('',(409.29180753427,169.92021793244,
    -1.334935070339E-02));
#2837 = CARTESIAN_POINT('',(406.87744618066,170.15167778898,
    5.715171628353));
#2838 = CARTESIAN_POINT('',(407.33733706775,170.10590130047,
    4.623976316892));
#2839 = CARTESIAN_POINT('',(408.14209539118,170.02455217753,
    2.714539482598));
#2840 = CARTESIAN_POINT('',(408.94690659586,169.94213279234,
    0.804988969673));
#2841 = CARTESIAN_POINT('',(409.29180442043,169.90743507401,
    -1.333347020006E-02));
#2842 = CARTESIAN_POINT('',(406.87743759765,170.13750155068,
    5.715430451291));
#2843 = CARTESIAN_POINT('',(407.33732944212,170.09016254181,
    4.624190307462));
#2844 = CARTESIAN_POINT('',(408.14208893678,170.00607882527,
    2.71467621774));
#2845 = CARTESIAN_POINT('',(408.94690091562,169.92092489133,
    0.805049389846));
#2846 = CARTESIAN_POINT('',(409.29179903769,169.88505516207,
    -1.330567364291E-02));
#2847 = CARTESIAN_POINT('',(406.87742583698,170.1172352056,
    5.715800465413));
#2848 = CARTESIAN_POINT('',(407.33731905701,170.06766160219,
    4.624496210442));
#2849 = CARTESIAN_POINT('',(408.14208021766,169.97966702288,
    2.714871693545));
#2850 = CARTESIAN_POINT('',(408.94689328709,169.89060249924,
    0.805135799436));
#2851 = CARTESIAN_POINT('',(409.29179186301,169.85305652432,
    -1.326596790068E-02));
#2852 = CARTESIAN_POINT('',(406.87740631365,170.08477495431,
    5.716393059528));
#2853 = CARTESIAN_POINT('',(407.33730172781,170.03162077111,
    4.624986150014));
#2854 = CARTESIAN_POINT('',(408.14206556781,169.93735976381,
    2.715184753582));
#2855 = CARTESIAN_POINT('',(408.94688040545,169.84202897152,
    0.805274138562));
#2856 = CARTESIAN_POINT('',(409.29177966919,169.80179726726,
    -1.32023385816E-02));
#2857 = CARTESIAN_POINT('',(406.8773890361,170.0522710097,5.716986474794
    ));
#2858 = CARTESIAN_POINT('',(407.33728667789,169.99552881048,
    4.625476686527));
#2859 = CARTESIAN_POINT('',(408.14205316346,169.89498808235,
    2.71549824383));
#2860 = CARTESIAN_POINT('',(408.94686970017,169.79337865577,
    0.805412816342));
#2861 = CARTESIAN_POINT('',(409.29176977986,169.7504550751,
    -1.313876379634E-02));
#2862 = CARTESIAN_POINT('',(406.87736953851,170.01971608157,
    5.717580711058));
#2863 = CARTESIAN_POINT('',(407.33726938207,169.959378321,4.625967976149
    ));
#2864 = CARTESIAN_POINT('',(408.14203855272,169.85254497331,
    2.715812163025));
#2865 = CARTESIAN_POINT('',(408.9468568596,169.7446431263,0.805551534134
    ));
#2866 = CARTESIAN_POINT('',(409.29175763254,169.69902258407,
    -1.307497180246E-02));
#2867 = CARTESIAN_POINT('',(406.87735518642,169.99527757724,
    5.71802678245));
#2868 = CARTESIAN_POINT('',(407.33725668662,169.93223955363,
    4.626336758216));
#2869 = CARTESIAN_POINT('',(408.14202786806,169.82068042705,
    2.716047808745));
#2870 = CARTESIAN_POINT('',(408.94684749472,169.7080530676,
    0.805655681005));
#2871 = CARTESIAN_POINT('',(409.29174880377,169.66040704354,
    -1.302710495785E-02));
#2872 = CARTESIAN_POINT('',(406.8773432398,169.97489348687,
    5.718398832387));
#2873 = CARTESIAN_POINT('',(407.33724612209,169.90960228772,
    4.626644342536));
#2874 = CARTESIAN_POINT('',(408.14201898015,169.79409984272,
    2.716244349552));
#2875 = CARTESIAN_POINT('',(408.94683970684,169.67752939737,
    0.805742544969));
#2876 = CARTESIAN_POINT('',(409.2917414641,169.62819325411,
    -1.298718453377E-02));
#2877 = CARTESIAN_POINT('',(406.87733339192,169.95857462167,
    5.718696664917));
#2878 = CARTESIAN_POINT('',(407.33723737682,169.89147911632,
    4.626890578647));
#2879 = CARTESIAN_POINT('',(408.14201158163,169.77281896831,
    2.716401682955));
#2880 = CARTESIAN_POINT('',(408.94683319767,169.65309089243,
    0.805812061219));
#2881 = CARTESIAN_POINT('',(409.29173529774,169.60240140422,
    -1.295521116286E-02));
#2882 = CARTESIAN_POINT('',(406.87732352744,169.94224845204,
    5.718994623451));
#2883 = CARTESIAN_POINT('',(407.33722861528,169.87334748896,
    4.627136919029));
#2884 = CARTESIAN_POINT('',(408.14200416755,169.75152762737,
    2.716559082285));
#2885 = CARTESIAN_POINT('',(408.94682667368,169.62863990585,
    0.805881605226));
#2886 = CARTESIAN_POINT('',(409.29172911591,169.57659621429,
    -1.292322423179E-02));
#2887 = CARTESIAN_POINT('',(406.8773116095,169.9218280632,5.719367302663
    ));
#2888 = CARTESIAN_POINT('',(407.33721808244,169.8506681762,
    4.627445020171));
#2889 = CARTESIAN_POINT('',(408.14199531312,169.72489494487,
    2.716755952318));
#2890 = CARTESIAN_POINT('',(408.94681891956,169.59805410773,
    0.805968614954));
#2891 = CARTESIAN_POINT('',(409.29172181301,169.54431598419,
    -1.288324300639E-02));
#2892 = CARTESIAN_POINT('',(406.87729227425,169.8891266527,
    5.719964080124));
#2893 = CARTESIAN_POINT('',(407.33720096181,169.81434799605,
    4.627938395208));
#2894 = CARTESIAN_POINT('',(408.14198088403,169.68224155795,
    2.717071201159));
#2895 = CARTESIAN_POINT('',(408.94680626005,169.54906782208,
    0.806107925451));
#2896 = CARTESIAN_POINT('',(409.29170986169,169.49261530995,
    -1.281920785417E-02));
#2897 = CARTESIAN_POINT('',(406.87726007853,169.83182975849,
    5.721009687751));
#2898 = CARTESIAN_POINT('',(407.33717266855,169.75070688899,
    4.628802770351));
#2899 = CARTESIAN_POINT('',(408.1419572785,169.60749725807,
    2.717623538955));
#2900 = CARTESIAN_POINT('',(408.94678570327,169.463221544,0.806352109856
    ));
#2901 = CARTESIAN_POINT('',(409.2916906382,169.40200993011,
    -1.270712398015E-02));
#2902 = CARTESIAN_POINT('',(406.87722009589,169.74978964751,
    5.722506820921));
#2903 = CARTESIAN_POINT('',(407.33713835416,169.6595725649,
    4.630040186319));
#2904 = CARTESIAN_POINT('',(408.14192957445,169.50044616999,
    2.71841437495));
#2905 = CARTESIAN_POINT('',(408.9467621778,169.34025787163,
    0.806702107822));
#2906 = CARTESIAN_POINT('',(409.29166935794,169.27222279855,
    -1.254703951792E-02));
#2907 = CARTESIAN_POINT('',(406.87716923349,169.65104319356,
    5.724308449158));
#2908 = CARTESIAN_POINT('',(407.33709427302,169.54986653989,
    4.631529360584));
#2909 = CARTESIAN_POINT('',(408.14189348859,169.3715591212,
    2.719366031869));
#2910 = CARTESIAN_POINT('',(408.94673120268,169.19219375387,
    0.807123077081));
#2911 = CARTESIAN_POINT('',(409.29164092803,169.11593641191,
    -1.235425938018E-02));
#2912 = CARTESIAN_POINT('',(406.87711945419,169.55203294149,
    5.72611465196));
#2913 = CARTESIAN_POINT('',(407.33705130367,169.43985473205,
    4.633022265596));
#2914 = CARTESIAN_POINT('',(408.1418585101,169.24229278868,
    2.720320083539));
#2915 = CARTESIAN_POINT('',(408.94670130986,169.04367735667,
    0.807545156423));
#2916 = CARTESIAN_POINT('',(409.29161364953,168.9591660484,
    -1.216109794478E-02));
#2917 = CARTESIAN_POINT('',(406.87706905912,169.45278206282,
    5.727924973288));
#2918 = CARTESIAN_POINT('',(407.33700772116,169.32956437448,
    4.634518587098));
#2919 = CARTESIAN_POINT('',(408.14182293905,169.11268173711,
    2.721276292247));
#2920 = CARTESIAN_POINT('',(408.94667085015,168.89474989404,
    0.807968131004));
#2921 = CARTESIAN_POINT('',(409.29158577771,168.80195639092,
    -1.196749722917E-02));
#2922 = CARTESIAN_POINT('',(406.8770188748,169.35331878902,
    5.729738940386));
#2923 = CARTESIAN_POINT('',(407.3369643596,169.21902796918,
    4.636017908342));
#2924 = CARTESIAN_POINT('',(408.14178759345,168.98276583319,
    2.722234410822));
#2925 = CARTESIAN_POINT('',(408.94664061557,168.74545891685,
    0.808391943276));
#2926 = CARTESIAN_POINT('',(409.29155814886,168.64435799259,
    -1.177355775294E-02));
#2927 = CARTESIAN_POINT('',(406.87696845927,169.25366881012,
    5.731556089089));
#2928 = CARTESIAN_POINT('',(407.33692076772,169.10827537169,
    4.637519864211));
#2929 = CARTESIAN_POINT('',(408.14175202662,168.8525822808,
    2.723194197017));
#2930 = CARTESIAN_POINT('',(408.94661017182,168.59584879538,
    0.80881645723));
#2931 = CARTESIAN_POINT('',(409.29153030286,168.48641845897,
    -1.157930017699E-02));
#2932 = CARTESIAN_POINT('',(406.87691825826,169.15385959447,
    5.733375949367));
#2933 = CARTESIAN_POINT('',(407.33687739383,168.997338289,4.639024053511
    ));
#2934 = CARTESIAN_POINT('',(408.14171667705,168.72217014635,
    2.724155405035));
#2935 = CARTESIAN_POINT('',(408.94657994329,168.44596612156,0.8092415909
    ));
#2936 = CARTESIAN_POINT('',(409.29150268704,168.32818745706,
    -1.138480136943E-02));
#2937 = CARTESIAN_POINT('',(406.87686760077,169.05391637361,
    5.735198058898));
#2938 = CARTESIAN_POINT('',(407.3368335546,168.88624609931,
    4.640530120743));
#2939 = CARTESIAN_POINT('',(408.14168086965,168.59156615429,
    2.725117793955));
#2940 = CARTESIAN_POINT('',(408.94654927366,168.29585469881,
    0.809667195793));
#2941 = CARTESIAN_POINT('',(409.29147460704,168.16971206315,
    -1.119006686404E-02));
#2942 = CARTESIAN_POINT('',(406.87681792804,168.95386860967,
    5.737021941081));
#2943 = CARTESIAN_POINT('',(407.3367907072,168.77503258502,
    4.642037624141));
#2944 = CARTESIAN_POINT('',(408.1416460358,168.46081145764,
    2.726081113598));
#2945 = CARTESIAN_POINT('',(408.94651955123,168.14556360041,
    0.810093248324));
#2946 = CARTESIAN_POINT('',(409.29144752831,168.01104425235,
    -1.099523744953E-02));
#2947 = CARTESIAN_POINT('',(406.87676611235,168.85373661392,
    5.73884715062));
#2948 = CARTESIAN_POINT('',(407.33674567873,168.66372200188,
    4.643546308881));
#2949 = CARTESIAN_POINT('',(408.14160905049,168.3299376305,
    2.727045134133));
#2950 = CARTESIAN_POINT('',(408.94648774156,167.99513050333,
    0.810519455463));
#2951 = CARTESIAN_POINT('',(409.29141824453,167.85222540466,
    -1.080016100085E-02));
#2952 = CARTESIAN_POINT('',(406.87673113084,168.77860536544,
    5.740216665946));
#2953 = CARTESIAN_POINT('',(407.33671583005,168.58020078745,
    4.644678197045));
#2954 = CARTESIAN_POINT('',(408.14158516597,168.23173301521,
    2.727768468081));
#2955 = CARTESIAN_POINT('',(408.94646762586,167.88224697713,
    0.810839468874));
#2956 = CARTESIAN_POINT('',(409.29140023283,167.73304719113,
    -1.065405647595E-02));
#2957 = CARTESIAN_POINT('',(406.87670455089,168.73267373147,
    5.741053736299));
#2958 = CARTESIAN_POINT('',(407.3366923126,168.52914030465,
    4.645370213363));
#2959 = CARTESIAN_POINT('',(408.14156537432,168.17169718413,
    2.72821058711));
#2960 = CARTESIAN_POINT('',(408.94645028937,167.81323653446,
    0.811034744323));
#2961 = CARTESIAN_POINT('',(409.29138389759,167.66019001747,
    -1.056443308044E-02));
#2962 = CARTESIAN_POINT('',(406.87669457501,168.71597006786,
    5.741358135867));
#2963 = CARTESIAN_POINT('',(407.33668344568,168.51057147936,
    4.645621875639));
#2964 = CARTESIAN_POINT('',(408.14155786691,168.14986442074,
    2.728371363534));
#2965 = CARTESIAN_POINT('',(408.94644368379,167.78813998127,
    0.811105736477));
#2966 = CARTESIAN_POINT('',(409.29137763908,167.63369463492,
    -1.053182280334E-02));
#2967 = CARTESIAN_POINT('',(406.87668458824,168.69926603197,
    5.741662539783));
#2968 = CARTESIAN_POINT('',(407.33667456736,168.49200222503,
    4.645873542225));
#2969 = CARTESIAN_POINT('',(408.14155034804,168.12803113297,
    2.728532142371));
#2970 = CARTESIAN_POINT('',(408.94643706704,167.76304280449,
    0.811176728543));
#2971 = CARTESIAN_POINT('',(409.29137136872,167.60719859046,
    -1.049921190571E-02));
#2972 = CARTESIAN_POINT('',(406.87667261569,168.67838648286,
    5.742043046893));
#2973 = CARTESIAN_POINT('',(407.33666398653,168.46879111051,
    4.646188109878));
#2974 = CARTESIAN_POINT('',(408.14154145787,168.10073983958,
    2.728733116749));
#2975 = CARTESIAN_POINT('',(408.94642928976,167.73167170845,
    0.811265498551));
#2976 = CARTESIAN_POINT('',(409.29136405195,167.57407876228,
    -1.045848170765E-02));
#2977 = CARTESIAN_POINT('',(406.87664297232,168.62827288718,
    5.742956273996));
#2978 = CARTESIAN_POINT('',(407.3366376688,168.41308154498,
    4.646943114758));
#2979 = CARTESIAN_POINT('',(408.14151921085,168.0352376084,
    2.729215462261));
#2980 = CARTESIAN_POINT('',(408.94640973967,167.65637736774,
    0.811478492129));
#2981 = CARTESIAN_POINT('',(409.29134555727,167.4945875277,
    -1.036067330253E-02));
#2982 = CARTESIAN_POINT('',(406.87661874507,168.56982768647,
    5.744021602586));
#2983 = CARTESIAN_POINT('',(407.3366174534,168.34810854105,
    4.647823509172));
#2984 = CARTESIAN_POINT('',(408.14150357393,167.95883994709,
    2.729778134845));
#2985 = CARTESIAN_POINT('',(408.94639695179,167.5685596455,0.81172756206
    ));
#2986 = CARTESIAN_POINT('',(409.29133455867,167.40187168109,
    -1.024724720406E-02));
#2987 = CARTESIAN_POINT('',(406.87658013588,168.50302448484,
    5.745238920203));
#2988 = CARTESIAN_POINT('',(407.33658327138,168.27384617056,
    4.648829904388));
#2989 = CARTESIAN_POINT('',(408.14147479205,167.87152440002,
    2.730421100396));
#2990 = CARTESIAN_POINT('',(408.94637173765,167.46819201412,
    0.812011512603));
#2991 = CARTESIAN_POINT('',(409.29131079616,167.29590965432,
    -1.011695110694E-02));
#2992 = CARTESIAN_POINT('',(406.87654349136,168.43623843423,
    5.746455962401));
#2993 = CARTESIAN_POINT('',(407.33655107236,168.19960319396,
    4.649836009884));
#2994 = CARTESIAN_POINT('',(408.14144795627,167.78423195318,
    2.731063921725));
#2995 = CARTESIAN_POINT('',(408.94634841255,167.36785193443,
    0.812295506593));
#2996 = CARTESIAN_POINT('',(409.29128902643,167.1899764389,
    -9.986818214168E-03));
#2997 = CARTESIAN_POINT('',(406.87650254989,168.35279869681,
    5.747976594793));
#2998 = CARTESIAN_POINT('',(407.33651573703,168.10684791346,
    4.651092930362));
#2999 = CARTESIAN_POINT('',(408.14141923626,167.67517409328,
    2.731867095549));
#3000 = CARTESIAN_POINT('',(408.94632394105,167.2424956253,
    0.812650610724));
#3001 = CARTESIAN_POINT('',(409.29126675608,167.05763186702,
    -9.824551093422E-03));
#3002 = CARTESIAN_POINT('',(406.87646264312,168.26942729284,
    5.749495982966));
#3003 = CARTESIAN_POINT('',(407.33648142623,168.01417150697,
    4.65234880785));
#3004 = CARTESIAN_POINT('',(408.14139150774,167.56621352404,2.7326696229
    ));
#3005 = CARTESIAN_POINT('',(408.94630042923,167.1172553942,0.81300546399
    ));
#3006 = CARTESIAN_POINT('',(409.29124549297,166.92541113295,
    -9.662501852043E-03));
#3007 = CARTESIAN_POINT('',(406.87642526946,168.20277230726,
    5.750710556551));
#3008 = CARTESIAN_POINT('',(407.33644843998,167.94008044851,
    4.653352942979));
#3009 = CARTESIAN_POINT('',(408.14136386309,167.47910980338,
    2.733311166505));
#3010 = CARTESIAN_POINT('',(408.94627630895,167.0171405504,
    0.813288804522));
#3011 = CARTESIAN_POINT('',(409.29122287412,166.81971912556,
    -9.532619927193E-03));
#3012 = CARTESIAN_POINT('',(406.87640293046,168.16113985284,
    5.751469203152));
#3013 = CARTESIAN_POINT('',(407.33642884981,167.89380445865,
    4.653980116018));
#3014 = CARTESIAN_POINT('',(408.14134759027,167.42470780943,
    2.733711889763));
#3015 = CARTESIAN_POINT('',(408.94626220929,166.95461389072,
    0.813465838095));
#3016 = CARTESIAN_POINT('',(409.29120976511,166.75370953864,
    -9.451563059724E-03));
#3017 = CARTESIAN_POINT('',(406.8763835549,168.127847461,5.752075829035)
  );
#3018 = CARTESIAN_POINT('',(407.33641164864,167.85679973438,
    4.654481670933));
#3019 = CARTESIAN_POINT('',(408.14133306385,167.38120686719,
    2.734032319318));
#3020 = CARTESIAN_POINT('',(408.9462494628,166.90461723397,
    0.813607308796));
#3021 = CARTESIAN_POINT('',(409.29119772916,166.7009287655,
    -9.386653309797E-03));
#3022 = CARTESIAN_POINT('',(406.87636884136,168.10288650996,
    5.75253064148));
#3023 = CARTESIAN_POINT('',(407.3363985612,167.82905589415,
    4.654857715899));
#3024 = CARTESIAN_POINT('',(408.14132198378,167.34859327649,
    2.734272560191));
#3025 = CARTESIAN_POINT('',(408.9462397224,166.86713420037,0.81371336355
    ));
#3026 = CARTESIAN_POINT('',(409.29118851119,166.66135871275,
    -9.337977043787E-03));
#3027 = CARTESIAN_POINT('',(406.87635453632,168.0779354988,
    5.752985285536));
#3028 = CARTESIAN_POINT('',(407.33638588545,167.80132346774,
    4.655233609337));
#3029 = CARTESIAN_POINT('',(408.14131130728,167.31599363309,
    2.734512712856));
#3030 = CARTESIAN_POINT('',(408.94623037386,166.82966779791,
    0.813819400747));
#3031 = CARTESIAN_POINT('',(409.2911797061,166.62180631199,
    -9.289346394654E-03));
#3032 = CARTESIAN_POINT('',(406.8763257039,168.02805210618,
    5.753894229634));
#3033 = CARTESIAN_POINT('',(407.3363603039,167.74588023899,4.65598512409
    ));
#3034 = CARTESIAN_POINT('',(408.14128972445,167.25082125736,
    2.734992839675));
#3035 = CARTESIAN_POINT('',(408.94621145242,166.75476710344,
    0.814031379614));
#3036 = CARTESIAN_POINT('',(409.29116185808,166.54273593126,
    -9.192109485054E-03));
#3037 = CARTESIAN_POINT('',(406.87629187214,167.95332051096,
    5.755256228735));
#3038 = CARTESIAN_POINT('',(407.33633145738,167.66282144551,
    4.657110907645));
#3039 = CARTESIAN_POINT('',(408.14126671397,167.15318952328,
    2.735712276016));
#3040 = CARTESIAN_POINT('',(408.94619217207,166.64256714292,
    0.81434953068));
#3041 = CARTESIAN_POINT('',(409.29114468241,166.42428882369,
    -9.047028872426E-03));
#3042 = CARTESIAN_POINT('',(406.87624134428,167.85385335626,
    5.757068919705));
#3043 = CARTESIAN_POINT('',(407.33628746178,167.55228026993,
    4.658609449094));
#3044 = CARTESIAN_POINT('',(408.14123055614,167.02326921841,
    2.736669813441));
#3045 = CARTESIAN_POINT('',(408.94616112983,166.49327194582,
    0.814772639582));
#3046 = CARTESIAN_POINT('',(409.29111614398,166.2666871007,
    -8.853601215946E-03));
#3047 = CARTESIAN_POINT('',(406.87619341604,167.75460379955,
    5.758877781042));
#3048 = CARTESIAN_POINT('',(407.33624605602,167.44199045602,
    4.66010477465));
#3049 = CARTESIAN_POINT('',(408.14119691503,166.89365915912,
    2.737625353189));
#3050 = CARTESIAN_POINT('',(408.9461325251,166.34434679423,
    0.815194980211));
#3051 = CARTESIAN_POINT('',(409.29109016567,166.10948029314,
    -8.660765153447E-03));
#3052 = CARTESIAN_POINT('',(406.87614466596,167.65559156864,
    5.76068237203));
#3053 = CARTESIAN_POINT('',(407.33620376937,167.33197565367,
    4.661596644494));
#3054 = CARTESIAN_POINT('',(408.14116237183,166.76439031946,
    2.738578671554));
#3055 = CARTESIAN_POINT('',(408.94610303243,166.19582871349,
    0.815616260527));
#3056 = CARTESIAN_POINT('',(409.2910632389,165.95270913113,
    -8.468342184084E-03));
#3057 = CARTESIAN_POINT('',(406.87609664033,167.55684633478,
    5.762482216971));
#3058 = CARTESIAN_POINT('',(407.33616216584,167.22226986054,
    4.663084613739));
#3059 = CARTESIAN_POINT('',(408.1411284637,166.63550406539,
    2.739529517694));
#3060 = CARTESIAN_POINT('',(408.94607414578,166.04776700528,
    0.816036456226));
#3061 = CARTESIAN_POINT('',(409.29103693861,165.79642582288,
    -8.276482442409E-03));
#3062 = CARTESIAN_POINT('',(406.87604867295,167.45839334066,
    5.764276855986));
#3063 = CARTESIAN_POINT('',(407.33612056707,167.11290246554,
    4.664568329082));
#3064 = CARTESIAN_POINT('',(408.14109452055,166.50703713449,
    2.740477653058));
#3065 = CARTESIAN_POINT('',(408.9460452127,165.90020550386,
    0.816455423882));
#3066 = CARTESIAN_POINT('',(409.29101057572,165.64067746479,
    -8.085189631951E-03));
#3067 = CARTESIAN_POINT('',(406.876001085,167.36025980547,5.766065822382
    ));
#3068 = CARTESIAN_POINT('',(407.33607929549,167.00390491432,
    4.666047396609));
#3069 = CARTESIAN_POINT('',(408.1410608574,166.37902832992,
    2.741422833827));
#3070 = CARTESIAN_POINT('',(408.94601653874,165.75319048378,
    0.816873073359));
#3071 = CARTESIAN_POINT('',(409.29098447166,165.48551343489,
    -7.894532743728E-03));
#3072 = CARTESIAN_POINT('',(406.87595375675,167.26247206579,
    5.767848652757));
#3073 = CARTESIAN_POINT('',(407.33603822657,166.89530773393,
    4.667521440814));
#3074 = CARTESIAN_POINT('',(408.14102734938,166.25151553232,
    2.742364818763));
#3075 = CARTESIAN_POINT('',(408.94598800171,165.60676712999,
    0.817289290854));
#3076 = CARTESIAN_POINT('',(409.29095849672,165.33098209262,
    -7.704551545714E-03));
#3077 = CARTESIAN_POINT('',(406.87590676515,167.16505685199,
    5.769624882498));
#3078 = CARTESIAN_POINT('',(407.3359974352,166.78714186109,
    4.668990078265));
#3079 = CARTESIAN_POINT('',(408.14099406787,166.1245370338,2.74330336572
    ));
#3080 = CARTESIAN_POINT('',(408.9459596703,165.46098111375,
    0.817703973259));
#3081 = CARTESIAN_POINT('',(409.29093272254,165.17713225205,
    -7.51529877629E-03));
#3082 = CARTESIAN_POINT('',(406.8758600992,167.06804071836,
    5.771394047795));
#3083 = CARTESIAN_POINT('',(407.33595690707,166.67943804918,
    4.670452929375));
#3084 = CARTESIAN_POINT('',(408.14096099653,165.99813094238,
    2.744238233211));
#3085 = CARTESIAN_POINT('',(408.94593152793,165.31587788903,
    0.818117012824));
#3086 = CARTESIAN_POINT('',(409.29090713082,165.02401252427,
    -7.326821305412E-03));
#3087 = CARTESIAN_POINT('',(406.87581378702,166.97145029749,
    5.773155684751));
#3088 = CARTESIAN_POINT('',(407.33591666754,166.57222713293,
    4.671909613162));
#3089 = CARTESIAN_POINT('',(408.14092815803,165.87233544782,
    2.745169179729));
#3090 = CARTESIAN_POINT('',(408.94590359598,165.17150300661,
    0.818528304015));
#3091 = CARTESIAN_POINT('',(409.29088174334,164.8716716109,
    -7.139168543218E-03));
#3092 = CARTESIAN_POINT('',(406.87576783911,166.8753121868,
    5.774909329786));
#3093 = CARTESIAN_POINT('',(407.3358767241,166.46553991029,
    4.673359749603));
#3094 = CARTESIAN_POINT('',(408.1408955575,165.74718870296,
    2.746095964059));
#3095 = CARTESIAN_POINT('',(408.94587587885,165.02790197392,
    0.818937740452));
#3096 = CARTESIAN_POINT('',(409.29085656398,164.72015817312,
    -6.952388685887E-03));
#3097 = CARTESIAN_POINT('',(406.87572227366,166.77965299902,
    5.776654519465));
#3098 = CARTESIAN_POINT('',(407.33583709201,166.35940719504,
    4.674802958602));
#3099 = CARTESIAN_POINT('',(408.14086320773,165.62272887658,
    2.747018345163));
#3100 = CARTESIAN_POINT('',(408.94584838839,164.88512031745,
    0.819345216286));
#3101 = CARTESIAN_POINT('',(409.29083160452,164.56952089002,
    -6.766530386235E-03));
#3102 = CARTESIAN_POINT('',(406.87567710535,166.68449933987,
    5.778390790585));
#3103 = CARTESIAN_POINT('',(407.33579778298,166.25385979348,
    4.676238860466));
#3104 = CARTESIAN_POINT('',(408.14083111802,165.49899413002,
    2.747936082246));
#3105 = CARTESIAN_POINT('',(408.94582113312,164.74320355516,
    0.819750625598));
#3106 = CARTESIAN_POINT('',(409.29080687325,164.41980843284,
    -6.581642014069E-03));
#3107 = CARTESIAN_POINT('',(406.87563235009,166.58987781747,
    5.780117680146));
#3108 = CARTESIAN_POINT('',(407.33575880992,166.14892851426,
    4.677667075725));
#3109 = CARTESIAN_POINT('',(408.14079929886,165.37602262696,
    2.748848934749));
#3110 = CARTESIAN_POINT('',(408.9457941228,164.60219720812,
    0.820153862659));
#3111 = CARTESIAN_POINT('',(409.29078237976,164.27106947577,
    -6.397771965764E-03));
#3112 = CARTESIAN_POINT('',(406.87558802349,166.49581503939,
    5.781834725374));
#3113 = CARTESIAN_POINT('',(407.33572018546,166.04464416525,
    4.679087225209));
#3114 = CARTESIAN_POINT('',(408.1407677605,165.25385253039,
    2.749756662374));
#3115 = CARTESIAN_POINT('',(408.94576736694,164.46214679685,
    0.820554821855));
#3116 = CARTESIAN_POINT('',(409.29075813347,164.12335269264,
    -6.214968564795E-03));
#3117 = CARTESIAN_POINT('',(406.8755441402,166.40233761116,
    5.783541463729));
#3118 = CARTESIAN_POINT('',(407.33568192118,165.94103755203,
    4.680498930095));
#3119 = CARTESIAN_POINT('',(408.14073651217,165.13252200101,
    2.750659025105));
#3120 = CARTESIAN_POINT('',(408.94574087417,164.32309783955,
    0.820953397667));
#3121 = CARTESIAN_POINT('',(409.29073414286,163.97670675517,
    -6.033280011009E-03));
#3122 = CARTESIAN_POINT('',(406.8755007172,166.30947214295,
    5.785237432895));
#3123 = CARTESIAN_POINT('',(407.33564403102,165.83813948481,
    4.681901811788));
#3124 = CARTESIAN_POINT('',(408.14070556542,165.01206920419,
    2.751555783204));
#3125 = CARTESIAN_POINT('',(408.94571465544,164.1850958602,
    0.821349484829));
#3126 = CARTESIAN_POINT('',(409.29071041888,163.83118034071,
    -5.852754607051E-03));
#3127 = CARTESIAN_POINT('',(406.87545776562,166.21724523318,
    5.786922170847));
#3128 = CARTESIAN_POINT('',(407.33560652296,165.73598076129,
    4.683295492285));
#3129 = CARTESIAN_POINT('',(408.14067492597,164.89253229285,
    2.752446697296));
#3130 = CARTESIAN_POINT('',(408.94568871604,164.04818636867,
    0.821742977965));
#3131 = CARTESIAN_POINT('',(409.29068696662,163.68682211338,
    -5.673440190388E-03));
#3132 = CARTESIAN_POINT('',(406.87541530938,166.12568350568,
    5.788595215731));
#3133 = CARTESIAN_POINT('',(407.33556941789,165.63459220546,
    4.684679593418));
#3134 = CARTESIAN_POINT('',(408.14064461223,164.77394944623,
    2.753331528253));
#3135 = CARTESIAN_POINT('',(408.94566307377,163.91241490596,
    0.822133772447));
#3136 = CARTESIAN_POINT('',(409.29066380431,163.54368076685,
    -5.495385420926E-03));
#3137 = CARTESIAN_POINT('',(406.87537334333,166.03481352616,
    5.790256106179));
#3138 = CARTESIAN_POINT('',(407.33553270722,165.53400458052,
    4.686053738634));
#3139 = CARTESIAN_POINT('',(408.14061461362,164.65635878274,
    2.754210037527));
#3140 = CARTESIAN_POINT('',(408.94563771818,163.77782694248,
    0.822521762502));
#3141 = CARTESIAN_POINT('',(409.29064092053,163.40180492833,
    -5.318636876895E-03));
#3142 = CARTESIAN_POINT('',(406.87533192695,165.94466198934,
    5.791904380635));
#3143 = CARTESIAN_POINT('',(407.33549644778,165.43424878358,
    4.687417549093));
#3144 = CARTESIAN_POINT('',(408.14058498399,164.53979855504,
    2.755081986502));
#3145 = CARTESIAN_POINT('',(408.94561270178,163.64446810591,
    0.822906845494));
#3146 = CARTESIAN_POINT('',(409.29061837015,163.26124337358,
    -5.143245553707E-03));
#3147 = CARTESIAN_POINT('',(406.8752909746,165.85525529967,5.79353957893
    ));
#3148 = CARTESIAN_POINT('',(407.33546054928,165.33535540958,4.6887706525
    ));
#3149 = CARTESIAN_POINT('',(408.1405556323,164.42430671292,
    2.755947138039));
#3150 = CARTESIAN_POINT('',(408.94558793584,163.51238367078,
    0.823288912365));
#3151 = CARTESIAN_POINT('',(409.29059605948,163.12204454537,
    -4.969252293523E-03));
#3152 = CARTESIAN_POINT('',(406.87525072516,165.76662051036,
    5.795161238792));
#3153 = CARTESIAN_POINT('',(407.33542525029,165.23735572783,
    4.690112663441));
#3154 = CARTESIAN_POINT('',(408.1405267914,164.30992188218,
    2.756805253134));
#3155 = CARTESIAN_POINT('',(408.94556364764,163.38161970159,0.8236678691
    ));
#3156 = CARTESIAN_POINT('',(409.29057422743,162.98425763206,
    -4.796720407916E-03));
#3157 = CARTESIAN_POINT('',(406.87521069014,165.67878321995,
    5.796768903732));
#3158 = CARTESIAN_POINT('',(407.33539005204,165.14027949435,
    4.691443227537));
#3159 = CARTESIAN_POINT('',(408.14049796802,164.19668117185,
    2.757656098525));
#3160 = CARTESIAN_POINT('',(408.94553935636,163.25222049239,
    0.824043588702));
#3161 = CARTESIAN_POINT('',(409.29055236777,162.84793015156,
    -4.625662592947E-03));
#3162 = CARTESIAN_POINT('',(406.87517200976,165.59177228352,
    5.798362105451));
#3163 = CARTESIAN_POINT('',(407.33535610657,165.04415985178,
    4.692761922683));
#3164 = CARTESIAN_POINT('',(408.14047029458,164.08462508539,
    2.758499429791));
#3165 = CARTESIAN_POINT('',(408.94551616684,163.12423430149,
    0.82441601882));
#3166 = CARTESIAN_POINT('',(409.29053164312,162.71311336298,
    -4.456204610099E-03));
#3167 = CARTESIAN_POINT('',(406.87513217552,165.50560925992,
    5.799940403316));
#3168 = CARTESIAN_POINT('',(407.3353208674,164.94902235375,
    4.694068480411));
#3169 = CARTESIAN_POINT('',(408.14044126121,163.97378652002,
    2.759335029374));
#3170 = CARTESIAN_POINT('',(408.94549163185,162.99770050626,
    0.824784940736));
#3171 = CARTESIAN_POINT('',(409.29050947789,162.57985014502,
    -4.288218637693E-03));
#3172 = CARTESIAN_POINT('',(406.87509685485,165.42033205641,
    5.801503295995));
#3173 = CARTESIAN_POINT('',(407.33529007529,164.85490955691,
    4.695362290061));
#3174 = CARTESIAN_POINT('',(408.14041651939,163.86421541443,
    2.76016262155));
#3175 = CARTESIAN_POINT('',(408.94547126363,162.87267838419,
    0.825150509453));
#3176 = CARTESIAN_POINT('',(409.29049167332,162.44820215577,
    -4.12214477072E-03));
#3177 = CARTESIAN_POINT('',(406.87505330007,165.33594175689,
    5.80305042027));
#3178 = CARTESIAN_POINT('',(407.33525080485,164.76182571837,
    4.696643513986));
#3179 = CARTESIAN_POINT('',(408.14038333791,163.75592332149,
    2.760982063865));
#3180 = CARTESIAN_POINT('',(408.94544264702,162.74918239079,
    0.825512039333));
#3181 = CARTESIAN_POINT('',(409.29046516354,162.31818875653,
    -3.957143585886E-03));
#3182 = CARTESIAN_POINT('',(406.87501702952,165.25249596529,
    5.804581201996));
#3183 = CARTESIAN_POINT('',(407.33521878176,164.66983387945,
    4.697911129792));
#3184 = CARTESIAN_POINT('',(408.14035720168,163.64898070949,
    2.761793010771));
#3185 = CARTESIAN_POINT('',(408.94542088532,162.62729576999,
    0.825870133688));
#3186 = CARTESIAN_POINT('',(409.29044584318,162.18989422838,
    -3.794340271868E-03));
#3187 = CARTESIAN_POINT('',(406.87498072319,165.17000661877,
    5.806095238545));
#3188 = CARTESIAN_POINT('',(407.33518658195,164.57894958462,
    4.699165074135));
#3189 = CARTESIAN_POINT('',(408.14033079709,163.54341044576,
    2.762595283105));
#3190 = CARTESIAN_POINT('',(408.94539884612,162.50704620203,
    0.826224358632));
#3191 = CARTESIAN_POINT('',(409.29042620716,162.06335040502,
    -3.633271004726E-03));
#3192 = CARTESIAN_POINT('',(406.87494545978,165.08850244688,
    5.807592064842));
#3193 = CARTESIAN_POINT('',(407.3351552944,164.48920584243,
    4.700404932073));
#3194 = CARTESIAN_POINT('',(408.14030519453,163.43925289842,
    2.763388641245));
#3195 = CARTESIAN_POINT('',(408.94537757535,162.38848178739,
    0.826574659461));
#3196 = CARTESIAN_POINT('',(409.29040735619,161.93860840314,
    -3.474057271566E-03));
#3197 = CARTESIAN_POINT('',(406.8749103013,165.00800814703,
    5.809071231685));
#3198 = CARTESIAN_POINT('',(407.33512396369,164.40063146725,
    4.70163037458));
#3199 = CARTESIAN_POINT('',(408.14027945085,163.33654423394,
    2.764172861935));
#3200 = CARTESIAN_POINT('',(408.94535615418,162.27164573398,
    0.826920893456));
#3201 = CARTESIAN_POINT('',(409.29038832445,161.81571471366,
    -3.316678852183E-03));
#3202 = CARTESIAN_POINT('',(406.87487696289,164.92855371993,
    5.81053227046));
#3203 = CARTESIAN_POINT('',(407.33509432356,164.31326078785,
    4.702840962149));
#3204 = CARTESIAN_POINT('',(408.14025527148,163.23532614266,
    2.764947702944));
#3205 = CARTESIAN_POINT('',(408.94533624895,162.15658768314,
    0.827263034301));
#3206 = CARTESIAN_POINT('',(409.29037086539,161.69472191295,
    -3.161301833183E-03));
#3207 = CARTESIAN_POINT('',(406.87484181216,164.85015847531,
    5.811974753804));
#3208 = CARTESIAN_POINT('',(407.33506268699,164.22711701391,
    4.704036481651));
#3209 = CARTESIAN_POINT('',(408.14022902272,163.13562917643,
    2.765712964149));
#3210 = CARTESIAN_POINT('',(408.94531431567,162.04334430879,
    0.827600822832));
#3211 = CARTESIAN_POINT('',(409.29035125225,161.57567031299,
    -3.007716253408E-03));
#3212 = CARTESIAN_POINT('',(406.87482039775,164.79218896685,
    5.813042311421));
#3213 = CARTESIAN_POINT('',(407.33504385229,164.16346554605,
    4.704921281333));
#3214 = CARTESIAN_POINT('',(408.14021407617,163.06203901833,
    2.766279507461));
#3215 = CARTESIAN_POINT('',(408.94530248717,161.95982219247,
    0.827851100476));
#3216 = CARTESIAN_POINT('',(409.29034138864,161.48788846348,
    -2.894347866455E-03));
#3217 = CARTESIAN_POINT('',(406.87479981674,164.75387875702,
    5.813747977897));
#3218 = CARTESIAN_POINT('',(407.33502485176,164.12142193622,
    4.705506453199));
#3219 = CARTESIAN_POINT('',(408.14019773122,163.01346613482,
    2.766654112176));
#3220 = CARTESIAN_POINT('',(408.94528837357,161.90472237938,
    0.828016279503));
#3221 = CARTESIAN_POINT('',(409.29032825637,161.42999109689,
    -2.818953544169E-03));
#3222 = CARTESIAN_POINT('',(406.87478949924,164.7347937599,
    5.814099587004));
#3223 = CARTESIAN_POINT('',(407.33501531341,164.10048131761,
    4.705798042637));
#3224 = CARTESIAN_POINT('',(408.14018951446,162.9892803027,
    2.766840783487));
#3225 = CARTESIAN_POINT('',(408.94528127342,161.87729249511,
    0.828098586785));
#3226 = CARTESIAN_POINT('',(409.29032164351,161.40117077704,
    -2.781380741457E-03));
#3227 = CARTESIAN_POINT('',(406.87477934912,164.71577967427,
    5.814449963433));
#3228 = CARTESIAN_POINT('',(407.3350059339,164.07962276993,
    4.706088621745));
#3229 = CARTESIAN_POINT('',(408.14018144736,162.96519608047,
    2.767026818774));
#3230 = CARTESIAN_POINT('',(408.94527431927,161.84998381482,
    0.828180618725));
#3231 = CARTESIAN_POINT('',(409.2903151831,161.37248002638,
    -2.743946680463E-03));
#3232 = CARTESIAN_POINT('',(406.87476558453,164.69052175419,
    5.814915482483));
#3233 = CARTESIAN_POINT('',(407.33499317906,164.05192049738,
    4.706474725082));
#3234 = CARTESIAN_POINT('',(408.14017043701,162.93321911219,
    2.767274016699));
#3235 = CARTESIAN_POINT('',(408.94526479883,161.81373369401,
    0.828289606014));
#3236 = CARTESIAN_POINT('',(409.29030630676,161.33439842322,
    -2.694188440291E-03));
#3237 = CARTESIAN_POINT('',(406.87475070484,164.65913252149,
    5.815494249743));
#3238 = CARTESIAN_POINT('',(407.33497956586,164.01750420172,
    4.706954719801));
#3239 = CARTESIAN_POINT('',(408.14015895224,162.8935088746,
    2.767581391706));
#3240 = CARTESIAN_POINT('',(408.94525512247,161.76873222184,
    0.828425225194));
#3241 = CARTESIAN_POINT('',(409.29029754756,161.28712851414,
    -2.632475947492E-03));
#3242 = CARTESIAN_POINT('',(406.87472508847,164.6092913998,
    5.816413573169));
#3243 = CARTESIAN_POINT('',(407.33495589135,163.96288047618,
    4.707717316817));
#3244 = CARTESIAN_POINT('',(408.14013867451,162.83052149293,
    2.768069746953));
#3245 = CARTESIAN_POINT('',(408.9452377839,161.69738490986,
    0.828640599762));
#3246 = CARTESIAN_POINT('',(409.29028157563,161.21219771882,
    -2.534299700692E-03));
#3247 = CARTESIAN_POINT('',(406.87470214579,164.5477388186,5.81754992088
    ));
#3248 = CARTESIAN_POINT('',(407.33493538619,163.89546574759,
    4.708659810075));
#3249 = CARTESIAN_POINT('',(408.14012220877,162.75285449896,
    2.768673564638));
#3250 = CARTESIAN_POINT('',(408.94522478537,161.60947334521,
    0.828907284044));
#3251 = CARTESIAN_POINT('',(409.29027072218,161.11989248181,
    -2.413533862966E-03));
#3252 = CARTESIAN_POINT('',(406.87467125528,164.47506465598,
    5.818892734602));
#3253 = CARTESIAN_POINT('',(407.33490718563,163.81594553864,
    4.709773995007));
#3254 = CARTESIAN_POINT('',(408.14009879413,162.6613625629,
    2.769387467617));
#3255 = CARTESIAN_POINT('',(408.94520562588,161.50601782432,
    0.829222401038));
#3256 = CARTESIAN_POINT('',(409.29025394131,161.01130708197,
    -2.270518141908E-03));
#3257 = CARTESIAN_POINT('',(406.87464282756,164.40361763032,
    5.820214251918));
#3258 = CARTESIAN_POINT('',(407.3348812853,163.73784564158,4.71087077308
    ));
#3259 = CARTESIAN_POINT('',(408.1400775272,162.5716293005,2.770090431277
    ));
#3260 = CARTESIAN_POINT('',(408.94518857682,161.40466021723,
    0.829532764669));
#3261 = CARTESIAN_POINT('',(409.29023936962,160.90496455132,
    -2.129862043175E-03));
#3262 = CARTESIAN_POINT('',(406.87461451516,164.3334196132,5.82151404397
    ));
#3263 = CARTESIAN_POINT('',(407.33485529791,163.66119191942,
    4.711949892015));
#3264 = CARTESIAN_POINT('',(408.14005605354,162.48368792125,
    2.770782262486));
#3265 = CARTESIAN_POINT('',(408.94517134504,161.30544032373,
    0.829838182377));
#3266 = CARTESIAN_POINT('',(409.29022459904,160.80090815767,
    -1.99144248209E-03));
#3267 = CARTESIAN_POINT('',(406.87458702645,164.26449858268,
    5.822791660371));
#3268 = CARTESIAN_POINT('',(407.33482993325,163.58601658247,
    4.713010973992));
#3269 = CARTESIAN_POINT('',(408.14003506902,162.39757799056,
    2.771462747927));
#3270 = CARTESIAN_POINT('',(408.94515461622,161.20840533698,
    0.830138593356));
#3271 = CARTESIAN_POINT('',(409.29021035433,160.69918817255,
    -1.855352020783E-03));
#3272 = CARTESIAN_POINT('',(406.87456083676,164.1968820483,
    5.824046654383));
#3273 = CARTESIAN_POINT('',(407.33480566417,163.51235135054,
    4.714053654567));
#3274 = CARTESIAN_POINT('',(408.14001503603,162.31333858027,
    2.772131679893));
#3275 = CARTESIAN_POINT('',(408.94513884993,161.11360187248,
    0.830433926186));
#3276 = CARTESIAN_POINT('',(409.2901971223,160.59985432965,
    -1.721667241557E-03));
#3277 = CARTESIAN_POINT('',(406.87453398819,164.13059265548,
    5.825278600485));
#3278 = CARTESIAN_POINT('',(407.33478049609,163.44022288282,
    4.715077676793));
#3279 = CARTESIAN_POINT('',(408.13999398578,162.23100369698,
    2.772788876362));
#3280 = CARTESIAN_POINT('',(408.94512213078,161.02107068884,
    0.830724015519));
#3281 = CARTESIAN_POINT('',(409.29018289516,160.50295079928,
    -1.590288995907E-03));
#3282 = CARTESIAN_POINT('',(406.8745152233,164.07648788411,
    5.826285618324));
#3283 = CARTESIAN_POINT('',(407.33476297961,163.38143070218,
    4.715915024732));
#3284 = CARTESIAN_POINT('',(408.13997973614,162.16401877052,
    2.773326565248));
#3285 = CARTESIAN_POINT('',(408.9451114575,160.94590284491,
    0.830961483472));
#3286 = CARTESIAN_POINT('',(409.29017447406,160.42427317112,
    -1.48306127887E-03));
#3287 = CARTESIAN_POINT('',(406.87449444642,164.03388332977,
    5.82707931415));
#3288 = CARTESIAN_POINT('',(407.33474299556,163.33518476303,
    4.716575472043));
#3289 = CARTESIAN_POINT('',(408.13996238396,162.11140985482,
    2.773750704879));
#3290 = CARTESIAN_POINT('',(408.94509713355,160.88693708609,
    0.831148535075));
#3291 = CARTESIAN_POINT('',(409.29016166703,160.36258244009,
    -1.398082746646E-03));
#3292 = CARTESIAN_POINT('',(406.87447377353,163.99174392995,
    5.827864961795));
#3293 = CARTESIAN_POINT('',(407.33472303018,163.289477346,4.717229410972
    ));
#3294 = CARTESIAN_POINT('',(408.13994500232,162.05946817263,
    2.774170774283));
#3295 = CARTESIAN_POINT('',(408.94508280347,160.82876742637,
    0.831333784083));
#3296 = CARTESIAN_POINT('',(409.29014886108,160.30174309618,
    -1.313929291701E-03));
#3297 = CARTESIAN_POINT('',(406.87445688408,163.93996763808,
    5.828831728086));
#3298 = CARTESIAN_POINT('',(407.3347069813,163.23338058947,
    4.718034159398));
#3299 = CARTESIAN_POINT('',(408.13993195946,161.99582222583,
    2.774688099768));
#3300 = CARTESIAN_POINT('',(408.94507342492,160.75758331327,
    0.831562287104));
#3301 = CARTESIAN_POINT('',(409.29014183643,160.22732549388,
    -1.210926761023E-03));
#3302 = CARTESIAN_POINT('',(406.87443211449,163.87926175094,
    5.829967097066));
#3303 = CARTESIAN_POINT('',(407.33468287727,163.16771609151,
    4.718980060323));
#3304 = CARTESIAN_POINT('',(408.13991138177,161.921495841,2.775296463775
    ));
#3305 = CARTESIAN_POINT('',(408.94505744538,160.67460728324,
    0.83183078078));
#3306 = CARTESIAN_POINT('',(409.29012847767,160.14064050179,
    -1.089509155801E-03));
#3307 = CARTESIAN_POINT('',(406.87441645298,163.8299011274,
    5.830892191801));
#3308 = CARTESIAN_POINT('',(407.33466759081,163.1144157241,
    4.719751187918));
#3309 = CARTESIAN_POINT('',(408.13989882927,161.86131431184,
    2.775792873222));
#3310 = CARTESIAN_POINT('',(408.94504871,160.60755689261,0.83205005383)
  );
#3311 = CARTESIAN_POINT('',(409.29012219606,160.07064362486,
    -9.908078904055E-04));
#3312 = CARTESIAN_POINT('',(406.87440019387,163.79598899302,
    5.831528587947));
#3313 = CARTESIAN_POINT('',(407.33465138324,163.0778479766,
    4.720282194148));
#3314 = CARTESIAN_POINT('',(408.13988454301,161.82010991589,
    2.77613482098));
#3315 = CARTESIAN_POINT('',(408.94503727464,160.5617230463,
    0.832200862108));
#3316 = CARTESIAN_POINT('',(409.29011223533,160.02282533928,
    -9.22462919617E-04));
#3317 = CARTESIAN_POINT('',(406.87439020613,163.77679686314,
    5.831889019299));
#3318 = CARTESIAN_POINT('',(407.33464137459,163.05716787805,
    4.720583064417));
#3319 = CARTESIAN_POINT('',(408.13987562149,161.79683223861,
    2.776328622187));
#3320 = CARTESIAN_POINT('',(408.94503001638,160.53585177421,
    0.832286300486));
#3321 = CARTESIAN_POINT('',(409.2901057915,159.99584252019,
    -8.836825406995E-04));
#3322 = CARTESIAN_POINT('',(406.87437987552,163.75772968415,
    5.832247292098));
#3323 = CARTESIAN_POINT('',(407.33463099073,163.03663250889,
    4.720882215762));
#3324 = CARTESIAN_POINT('',(408.13986631554,161.77373406668,
    2.776521354782));
#3325 = CARTESIAN_POINT('',(408.94502239417,160.51019474014,
    0.832371250831));
#3326 = CARTESIAN_POINT('',(409.29009897125,159.96908893686,
    -8.450941182341E-04));
#3327 = CARTESIAN_POINT('',(406.87436999374,163.73413836999,
    5.832691040964));
#3328 = CARTESIAN_POINT('',(407.33462103145,163.01124349329,
    4.721252764773));
#3329 = CARTESIAN_POINT('',(408.13985763097,161.74520704078,
    2.776760229835));
#3330 = CARTESIAN_POINT('',(408.94501577239,160.47853573494,
    0.832476661449));
#3331 = CARTESIAN_POINT('',(409.29009350937,159.93608706833,
    -7.97486316594E-04));
#3332 = CARTESIAN_POINT('',(406.87435010807,163.69689330151,
    5.833392324525));
#3333 = CARTESIAN_POINT('',(407.33460084958,162.97120203118,
    4.721838814068));
#3334 = CARTESIAN_POINT('',(408.13983948915,161.70028569542,
    2.777138150883));
#3335 = CARTESIAN_POINT('',(408.94500107899,160.42874315712,
    0.832643252973));
#3336 = CARTESIAN_POINT('',(409.29008049376,159.88420701298,
    -7.218923821477E-04));
#3337 = CARTESIAN_POINT('',(406.87434477359,163.66500206194,
    5.833994284526));
#3338 = CARTESIAN_POINT('',(407.33459526431,162.93697112888,
    4.722341844554));
#3339 = CARTESIAN_POINT('',(408.13983542665,161.66197147748,
    2.777463038482));
#3340 = CARTESIAN_POINT('',(408.94499985111,160.38635749581,
    0.832786956522));
#3341 = CARTESIAN_POINT('',(409.29008135662,159.84007372571,
    -6.57779174952E-04));
#3342 = CARTESIAN_POINT('',(406.87433012969,163.63813637437,
    5.834501943082));
#3343 = CARTESIAN_POINT('',(407.3345801457,162.90817637617,
    4.722766757355));
#3344 = CARTESIAN_POINT('',(408.13982170024,161.62981229015,
    2.77773751558));
#3345 = CARTESIAN_POINT('',(408.94498884464,160.35084120679,
    0.832907944562));
#3346 = CARTESIAN_POINT('',(409.29007167897,159.80311898067,
    -6.029242740708E-04));
#3347 = CARTESIAN_POINT('',(406.87432074758,163.6203578361,
    5.834838134734));
#3348 = CARTESIAN_POINT('',(407.3345704194,162.88913248443,
    4.723048228949));
#3349 = CARTESIAN_POINT('',(408.13981287906,161.6085617416,
    2.777919405875));
#3350 = CARTESIAN_POINT('',(408.94498184764,160.32738911767,
    0.83298813502));
#3351 = CARTESIAN_POINT('',(409.29006559486,159.77872350894,
    -5.666043082129E-04));
#3352 = CARTESIAN_POINT('',(406.87431077729,163.59838513405,
    5.83525413702));
#3353 = CARTESIAN_POINT('',(407.33455998014,162.865617126,4.723396632903
    ));
#3354 = CARTESIAN_POINT('',(408.13980351184,161.58235640872,
    2.778144704747));
#3355 = CARTESIAN_POINT('',(408.9449747599,160.29850097221,
    0.833087532513));
#3356 = CARTESIAN_POINT('',(409.29005975062,159.74868537392,
    -5.217502468047E-04));
#3357 = CARTESIAN_POINT('',(406.87430085918,163.576744577,5.835664467952
    ));
#3358 = CARTESIAN_POINT('',(407.33454950645,162.84248620282,
    4.723740530467));
#3359 = CARTESIAN_POINT('',(408.13979406305,161.55662739892,
    2.77836726765));
#3360 = CARTESIAN_POINT('',(408.94496764374,160.27018135697,
    0.833185723103));
#3361 = CARTESIAN_POINT('',(409.29005390541,159.71925535115,
    -4.774588829459E-04));
#3362 = CARTESIAN_POINT('',(406.87429302731,163.56177018122,
    5.835948708901));
#3363 = CARTESIAN_POINT('',(407.33454122565,162.82649615272,
    4.723978920501));
#3364 = CARTESIAN_POINT('',(408.13978648731,161.53886732755,
    2.778521632307));
#3365 = CARTESIAN_POINT('',(408.94496175092,160.25065639433,
    0.833253789394));
#3366 = CARTESIAN_POINT('',(409.29004887371,159.69897416402,
    -4.466841112305E-04));
#3367 = CARTESIAN_POINT('',(406.87428815967,163.55326302709,
    5.836110276029));
#3368 = CARTESIAN_POINT('',(407.33453608212,162.81741653171,
    4.724114479656));
#3369 = CARTESIAN_POINT('',(408.13978174499,161.52879021968,
    2.778609433513));
#3370 = CARTESIAN_POINT('',(408.94495798789,160.23958465956,
    0.833292488955));
#3371 = CARTESIAN_POINT('',(409.29004558814,159.68747635889,
    -4.291539398849E-04));
#3372 = CARTESIAN_POINT('',(406.87427671616,163.53208080835,
    5.836512753406));
#3373 = CARTESIAN_POINT('',(407.33452393542,162.79481645917,
    4.724452211231));
#3374 = CARTESIAN_POINT('',(408.13977057784,161.50371973295,
    2.778828245312));
#3375 = CARTESIAN_POINT('',(408.9449492691,160.21205122634,
    0.833388961895));
#3376 = CARTESIAN_POINT('',(409.29003810582,159.65888771686,
    -3.855221399256E-04));
#3377 = CARTESIAN_POINT('',(406.87426887486,163.49673981208,
    5.837185878414));
#3378 = CARTESIAN_POINT('',(407.33451487755,162.7571676396,
    4.725017162735));
#3379 = CARTESIAN_POINT('',(408.13976291459,161.46204983568,
    2.779194879605));
#3380 = CARTESIAN_POINT('',(408.94494564156,160.16637729751,
    0.833551071335));
#3381 = CARTESIAN_POINT('',(409.29003720315,159.61149568453,
    -3.132755313988E-04));
#3382 = CARTESIAN_POINT('',(406.87424920321,163.4484762208,
    5.838108291453));
#3383 = CARTESIAN_POINT('',(407.33449287163,162.70590431885,
    4.725793110478));
#3384 = CARTESIAN_POINT('',(408.13974272772,161.40556528832,
    2.779699444781));
#3385 = CARTESIAN_POINT('',(408.94493169587,160.10469500277,
    0.833773852725));
#3386 = CARTESIAN_POINT('',(409.2900268755,159.54758536199,
    -2.13351786035E-04));
#3387 = CARTESIAN_POINT('',(406.8742395039,163.40966427448,
    5.838853342561));
#3388 = CARTESIAN_POINT('',(407.33448086254,162.66481232822,
    4.726421002852));
#3389 = CARTESIAN_POINT('',(408.13973187104,161.36050793199,
    2.780108998705));
#3390 = CARTESIAN_POINT('',(408.94492625275,160.05569608559,
    0.833954980012));
#3391 = CARTESIAN_POINT('',(409.29002496658,159.49689564658,
    -1.328254548549E-04));
#3392 = CARTESIAN_POINT('',(406.87422438342,163.37944983923,
    5.839435141219));
#3393 = CARTESIAN_POINT('',(407.33446348825,162.63290677275,
    4.726912521682));
#3394 = CARTESIAN_POINT('',(408.13971534312,161.32566506914,
    2.780430282271));
#3395 = CARTESIAN_POINT('',(408.94491446441,160.01793422459,
    0.834096815803));
#3396 = CARTESIAN_POINT('',(409.29001579623,159.45788359766,
    -6.920466239047E-05));
#3397 = CARTESIAN_POINT('',(406.87421009123,163.34980800743,
    5.840007351053));
#3398 = CARTESIAN_POINT('',(407.33444673897,162.60166353274,
    4.727396592832));
#3399 = CARTESIAN_POINT('',(408.13969929377,161.2916423568,
    2.780747315128));
#3400 = CARTESIAN_POINT('',(408.94490332147,159.98115177063,
    0.834236834691));
#3401 = CARTESIAN_POINT('',(409.29000742096,159.4199192148,
    -6.534814875447E-06));
#3402 = CARTESIAN_POINT('',(406.87419940852,163.31384884068,
    5.840704500655));
#3403 = CARTESIAN_POINT('',(407.33443265859,162.56387247398,
    4.727987469566));
#3404 = CARTESIAN_POINT('',(408.1396857085,161.25067510541,
    2.781135669477));
#3405 = CARTESIAN_POINT('',(408.94489609493,159.93703763397,
    0.834408696705));
#3406 = CARTESIAN_POINT('',(409.29000422939,159.37445614006,
    6.961401043704E-05));
#3407 = CARTESIAN_POINT('',(406.87418889503,163.27935035849,
    5.841377365271));
#3408 = CARTESIAN_POINT('',(407.33441810988,162.52777104045,
    4.728559835916));
#3409 = CARTESIAN_POINT('',(408.13967121223,161.2118008582,
    2.781513856347));
#3410 = CARTESIAN_POINT('',(408.94488855476,159.89542389397,
    0.834576202954));
#3411 = CARTESIAN_POINT('',(409.29000111577,159.33166869894,
    1.435851130851E-04));
#3412 = CARTESIAN_POINT('',(406.8741773803,163.25597132102,
    5.841835565672));
#3413 = CARTESIAN_POINT('',(407.33440332983,162.50339143133,
    4.728951019762));
#3414 = CARTESIAN_POINT('',(408.13965624428,161.18569506239,
    2.78177354218));
#3415 = CARTESIAN_POINT('',(408.94487892247,159.86761655082,
    0.834691172231));
#3416 = CARTESIAN_POINT('',(409.28999463824,159.30313380333,
    1.945753872974E-04));
#3417 = CARTESIAN_POINT('',(406.87416967056,163.24283359899,
    5.842093725783));
#3418 = CARTESIAN_POINT('',(407.33439362099,162.48971689867,
    4.729171860034));
#3419 = CARTESIAN_POINT('',(408.13964635276,161.17109592249,
    2.78192054063));
#3420 = CARTESIAN_POINT('',(408.94487222304,159.85210737043,
    0.83475624658));
#3421 = CARTESIAN_POINT('',(409.28998977027,159.28723597757,
    2.234908910745E-04));
#3422 = CARTESIAN_POINT('',(406.87416179702,163.2298454197,
    5.842349432419));
#3423 = CARTESIAN_POINT('',(407.33438366487,162.47621532679,
    4.729390885282));
#3424 = CARTESIAN_POINT('',(408.13963615135,161.15671107106,
    2.782066621938));
#3425 = CARTESIAN_POINT('',(408.9448653007,159.83685434704,
    0.834820936618));
#3426 = CARTESIAN_POINT('',(409.28998473044,159.27161239286,
    2.522178328079E-04));
#3427 = CARTESIAN_POINT('',(406.87415442766,163.21389716336,
    5.842664438145));
#3428 = CARTESIAN_POINT('',(407.33437356867,162.4596695968,
    4.729661156625));
#3429 = CARTESIAN_POINT('',(408.13962558272,161.13913898281,
    2.782247512377));
#3430 = CARTESIAN_POINT('',(408.94485894453,159.81827672014,
    0.834901192691));
#3431 = CARTESIAN_POINT('',(409.28998096324,159.25260533989,
    2.875721929398E-04));
#3432 = CARTESIAN_POINT('',(406.87414385164,163.19521032187,
    5.843035075015));
#3433 = CARTESIAN_POINT('',(407.33435942427,162.44033660674,
    4.729980157536));
#3434 = CARTESIAN_POINT('',(408.13961066239,161.11869956853,
    2.782462028425));
#3435 = CARTESIAN_POINT('',(408.94484940481,159.79675745074,
    0.83499641712));
#3436 = CARTESIAN_POINT('',(409.289974661,159.23062587859,
    3.295565049282E-04));
#3437 = CARTESIAN_POINT('',(406.87413757833,163.18154184996,
    5.843307496522));
#3438 = CARTESIAN_POINT('',(407.33435027698,162.4262371921,
    4.730215332063));
#3439 = CARTESIAN_POINT('',(408.13960070824,161.10386482314,
    2.78262108858));
#3440 = CARTESIAN_POINT('',(408.94484369242,159.78120960515,
    0.835067192236));
#3441 = CARTESIAN_POINT('',(409.2899716388,159.21477431644,
    3.605146392514E-04));
#3442 = CARTESIAN_POINT('',(406.87413147328,163.17256977802,
    5.843486816904));
#3443 = CARTESIAN_POINT('',(407.33434212956,162.41700011162,
    4.730370551675));
#3444 = CARTESIAN_POINT('',(408.13959195537,161.09417713496,
    2.782726450686));
#3445 = CARTESIAN_POINT('',(408.94483791728,159.77108638997,
    0.835114056873));
#3446 = CARTESIAN_POINT('',(409.28996765261,159.20446631669,
    3.811382099688E-04));
#3447 = CARTESIAN_POINT('',(406.87412844682,163.16811266128,
    5.843576015106));
#3448 = CARTESIAN_POINT('',(407.33433806188,162.41241498643,
    4.730447832566));
#3449 = CARTESIAN_POINT('',(408.13958756465,161.08937463878,
    2.782778995629));
#3450 = CARTESIAN_POINT('',(408.94483503763,159.76607424677,
    0.835137441192));
#3451 = CARTESIAN_POINT('',(409.28996568682,159.19936528749,
    3.914170038954E-04));
#3452 = CARTESIAN_POINT('',(406.87412536815,163.16368435855,
    5.843664751968));
#3453 = CARTESIAN_POINT('',(407.33433392048,162.4078631714,
    4.730524789075));
#3454 = CARTESIAN_POINT('',(408.13958308044,161.08461339765,
    2.782831408169));
#3455 = CARTESIAN_POINT('',(408.94483208881,159.76111146855,
    0.835160776796));
#3456 = CARTESIAN_POINT('',(409.28996366808,159.19431714565,
    4.016692136144E-04));
#3457 = CARTESIAN_POINT('',(406.87411543485,163.14902056922,
    5.843959000544));
#3458 = CARTESIAN_POINT('',(407.33432037831,162.39280272076,
    4.73078021366));
#3459 = CARTESIAN_POINT('',(408.13956831907,161.06888137633,
    2.783005684688));
#3460 = CARTESIAN_POINT('',(408.94482251862,159.74473489983,
    0.835238425286));
#3461 = CARTESIAN_POINT('',(409.28995727893,159.17766775558,
    4.357198601457E-04));
#3462 = CARTESIAN_POINT('',(406.87411484682,163.13054814025,
    5.84433242131));
#3463 = CARTESIAN_POINT('',(407.33431484827,162.37390360234,
    4.731105415109));
#3464 = CARTESIAN_POINT('',(408.13956059645,161.04926455643,
    2.783229652329));
#3465 = CARTESIAN_POINT('',(408.94482177282,159.7244429852,
    0.835338922787));
#3466 = CARTESIAN_POINT('',(409.28996164235,159.15708888863,
    4.784902433941E-04));
#3467 = CARTESIAN_POINT('',(406.87409940876,163.10872508925,
    5.844777444694));
#3468 = CARTESIAN_POINT('',(407.33429229459,162.35170015189,
    4.731496394115));
#3469 = CARTESIAN_POINT('',(408.13953460429,161.02643541845,
    2.783502557629));
#3470 = CARTESIAN_POINT('',(408.94480562303,159.70104420009,
    0.835461516544));
#3471 = CARTESIAN_POINT('',(409.28995194444,159.13345397208,
    5.315324506716E-04));
#3472 = CARTESIAN_POINT('',(406.87409043126,163.09283703,5.845103883458)
  );
#3473 = CARTESIAN_POINT('',(407.3342775597,162.33560028988,
    4.731784720643));
#3474 = CARTESIAN_POINT('',(408.13951668713,161.00999563438,
    2.783706150112));
#3475 = CARTESIAN_POINT('',(408.94479556884,159.68431196689,
    0.835553495934));
#3476 = CARTESIAN_POINT('',(409.28994736036,159.11660289592,
    5.708518535883E-04));
#3477 = CARTESIAN_POINT('',(406.87407982872,163.07742298003,
    5.845423075755));
#3478 = CARTESIAN_POINT('',(407.33426067352,162.32004791913,
    4.732068498665));
#3479 = CARTESIAN_POINT('',(408.1394959743,160.99423318499,
    2.783909145139));
#3480 = CARTESIAN_POINT('',(408.94478334131,159.668391786,0.835645687621
    ));
#3481 = CARTESIAN_POINT('',(409.28994112368,159.10062330483,
    6.101266595491E-04));
#3482 = CARTESIAN_POINT('',(406.87407202455,163.06498037466,
    5.845683064917));
#3483 = CARTESIAN_POINT('',(407.33424718205,162.3075517034,4.7323012651)
  );
#3484 = CARTESIAN_POINT('',(408.13947861453,160.98167041171,
    2.78407824275));
#3485 = CARTESIAN_POINT('',(408.94477357516,159.6558115715,
    0.835723098732));
#3486 = CARTESIAN_POINT('',(409.28993699127,159.08804359637,
    6.427472066446E-04));
#3487 = CARTESIAN_POINT('',(406.87406496589,163.05647895586,
    5.845861958732));
#3488 = CARTESIAN_POINT('',(407.33423584823,162.29904506631,
    4.732462454286));
#3489 = CARTESIAN_POINT('',(408.13946417693,160.97317426103,
    2.784196891557));
#3490 = CARTESIAN_POINT('',(408.94476479794,159.64736297417,
    0.835777749384));
#3491 = CARTESIAN_POINT('',(409.28993245579,159.07962224681,
    6.657587896441E-04));
#3492 = CARTESIAN_POINT('',(406.87406063203,163.0516810548,
    5.845963303569));
#3493 = CARTESIAN_POINT('',(407.33422898507,162.29425343941,
    4.732554074949));
#3494 = CARTESIAN_POINT('',(408.13945541248,160.9684049387,
    2.784264819482));
#3495 = CARTESIAN_POINT('',(408.94475936746,159.64263802596,
    0.835809155213));
#3496 = CARTESIAN_POINT('',(409.28992955274,159.07492060766,
    6.789603991404E-04));
#3497 = CARTESIAN_POINT('',(406.87405414445,163.04454498016,
    5.846114441444));
#3498 = CARTESIAN_POINT('',(407.3342186192,162.28713606253,
    4.732691014647));
#3499 = CARTESIAN_POINT('',(408.13944205583,160.96133733046,
    2.784366863321));
#3500 = CARTESIAN_POINT('',(408.94475110709,159.63565431136,
    0.835856471855));
#3501 = CARTESIAN_POINT('',(409.28992520781,159.06797960338,
    6.987983952187E-04));
#3502 = CARTESIAN_POINT('',(406.87404683682,163.03407389077,
    5.84633784345));
#3503 = CARTESIAN_POINT('',(407.3342052023,162.27672805307,
    4.732894514829));
#3504 = CARTESIAN_POINT('',(408.13942357362,160.95106514055,
    2.784520571171));
#3505 = CARTESIAN_POINT('',(408.94474058775,159.62557380713,
    0.835928376409));
#3506 = CARTESIAN_POINT('',(409.28992116102,159.05799212756,
    7.285351673092E-04));
#3507 = CARTESIAN_POINT('',(406.87403760729,163.02284540571,
    5.846580345615));
#3508 = CARTESIAN_POINT('',(407.33418851962,162.26563163421,
    4.733117763575));
#3509 = CARTESIAN_POINT('',(408.13940010129,160.94022825487,
    2.784693392784));
#3510 = CARTESIAN_POINT('',(408.94472668415,159.61506641231,
    0.836010463336));
#3511 = CARTESIAN_POINT('',(409.28991545313,159.04764123042,
    7.621874528949E-04));
#3512 = CARTESIAN_POINT('',(406.87403069542,163.01574536215,
    5.846735251995));
#3513 = CARTESIAN_POINT('',(407.33417639285,162.25864764841,
    4.733261671051));
#3514 = CARTESIAN_POINT('',(408.13938286777,160.93346572239,
    2.784807237243));
#3515 = CARTESIAN_POINT('',(408.94471604471,159.60857522408,
    0.836065343724));
#3516 = CARTESIAN_POINT('',(409.28991073909,159.04127838883,
    7.845472008676E-04));
#3517 = CARTESIAN_POINT('',(406.87402707576,163.01250619938,
    5.846806233969));
#3518 = CARTESIAN_POINT('',(407.334170287,162.25546784146,4.73332788905)
  );
#3519 = CARTESIAN_POINT('',(408.13937425949,160.93039823864,
    2.784860134129));
#3520 = CARTESIAN_POINT('',(408.94471055701,159.60564393926,
    0.836091016774));
#3521 = CARTESIAN_POINT('',(409.28990810489,159.03841156495,
    7.949999678281E-04));
#3522 = CARTESIAN_POINT('',(406.87402525456,163.01089432883,
    5.846841622078));
#3523 = CARTESIAN_POINT('',(407.33416720764,162.25388681276,
    4.733360955663));
#3524 = CARTESIAN_POINT('',(408.13936989793,160.9288753923,2.78488665554
    ));
#3525 = CARTESIAN_POINT('',(408.94470776971,159.60419140881,
    0.836103927303));
#3526 = CARTESIAN_POINT('',(409.2899067724,159.03699230713,
    8.002483377876E-04));
#3527 = CARTESIAN_POINT('',(406.87402341381,163.00929015877,
    5.846876907779));
#3528 = CARTESIAN_POINT('',(407.33416409333,162.25231464786,
    4.733393981263));
#3529 = CARTESIAN_POINT('',(408.13936546972,160.92736342877,
    2.784913253128));
#3530 = CARTESIAN_POINT('',(408.94470492989,159.60275197735,
    0.836116914658));
#3531 = CARTESIAN_POINT('',(409.28990541587,159.03558719535,
    8.055203819919E-04));
#3532 = CARTESIAN_POINT('',(406.87401734602,163.00396887907,
    5.84699418586));
#3533 = CARTESIAN_POINT('',(407.33415372996,162.24710393947,
    4.733503927991));
#3534 = CARTESIAN_POINT('',(408.13935061579,160.92236011274,
    2.785002176584));
#3535 = CARTESIAN_POINT('',(408.9446954148,159.59799786597,
    0.836160478693));
#3536 = CARTESIAN_POINT('',(409.28990094967,159.03095097828,
    8.231671819812E-04));
#3537 = CARTESIAN_POINT('',(406.87401234016,162.99720812056,
    5.847144638919));
#3538 = CARTESIAN_POINT('',(407.33414287579,162.24050986176,
    4.733645957255));
#3539 = CARTESIAN_POINT('',(408.13933322641,160.9160749318,
    2.785119349798));
#3540 = CARTESIAN_POINT('',(408.94468517909,159.59208089058,
    0.836218823973));
#3541 = CARTESIAN_POINT('',(409.28989801737,159.02520755612,
    8.463624972883E-04));
#3542 = CARTESIAN_POINT('',(406.87400240779,162.98912921431,
    5.847326711863));
#3543 = CARTESIAN_POINT('',(407.33412512208,162.23267302075,
    4.733819964477));
#3544 = CARTESIAN_POINT('',(408.13930613946,160.90868206727,
    2.785267235802));
#3545 = CARTESIAN_POINT('',(408.94466736599,159.58521171043,
    0.836294274009));
#3546 = CARTESIAN_POINT('',(409.289890294,159.01858742995,
    8.763587850371E-04));
#3547 = CARTESIAN_POINT('',(406.87399245336,162.98121712619,
    5.847506748176));
#3548 = CARTESIAN_POINT('',(407.33410693689,162.22502776535,
    4.733993456739));
#3549 = CARTESIAN_POINT('',(408.1392776126,160.9015229664,2.785417958381
    ));
#3550 = CARTESIAN_POINT('',(408.94464833923,159.57862404649,
    0.836372720653));
#3551 = CARTESIAN_POINT('',(409.28988233607,159.01227284113,
    9.073116676386E-04));
#3552 = CARTESIAN_POINT('',(406.87398466995,162.9735604011,
    5.847683789188));
#3553 = CARTESIAN_POINT('',(407.33409029577,162.21767513219,
    4.734166272356));
#3554 = CARTESIAN_POINT('',(408.13924891117,160.8947192067,
    2.785573551906));
#3555 = CARTESIAN_POINT('',(408.94462937623,159.57246401633,
    0.83645648998));
#3556 = CARTESIAN_POINT('',(409.28987621155,159.00642266742,
    9.398087485684E-04));
#3557 = CARTESIAN_POINT('',(406.87397356305,162.96614951462,
    5.847858073206));
#3558 = CARTESIAN_POINT('',(407.33406951762,162.21060494172,
    4.734339125083));
#3559 = CARTESIAN_POINT('',(408.13921399291,160.88825913511,
    2.785735694733));
#3560 = CARTESIAN_POINT('',(408.94460424948,159.56671777914,
    0.836547694699));
#3561 = CARTESIAN_POINT('',(409.2898660105,159.00102618287,
    9.751243600862E-04));
#3562 = CARTESIAN_POINT('',(406.87396695282,162.96162385959,
    5.847965886137));
#3563 = CARTESIAN_POINT('',(407.33405651919,162.20630753524,
    4.734447220502));
#3564 = CARTESIAN_POINT('',(408.13919115356,160.88436815561,
    2.785840159052));
#3565 = CARTESIAN_POINT('',(408.94458740904,159.56330231369,
    0.836608514015));
#3566 = CARTESIAN_POINT('',(409.28985961355,158.9978465354,
    9.984997713621E-04));
#3567 = CARTESIAN_POINT('',(406.87396094199,162.95806535871,
    5.848051506757));
#3568 = CARTESIAN_POINT('',(407.33404515936,162.20294069694,
    4.734533854754));
#3569 = CARTESIAN_POINT('',(408.1391712611,160.88134126024,
    2.785925883667));
#3570 = CARTESIAN_POINT('',(408.94457217138,159.56067289219,
    0.836659909174));
#3571 = CARTESIAN_POINT('',(409.28985347246,158.99541670122,
    1.01824142858E-03));
#3572 = CARTESIAN_POINT('',(406.87395642674,162.9554282435,
    5.848115413255));
#3573 = CARTESIAN_POINT('',(407.33403651231,162.20045187112,
    4.734598917369));
#3574 = CARTESIAN_POINT('',(408.13915585982,160.87911471473,
    2.785991325623));
#3575 = CARTESIAN_POINT('',(408.94456015083,159.5587529722,
    0.836699985352));
#3576 = CARTESIAN_POINT('',(409.28984869747,158.99365206764,
    1.033602166072E-03));
#3577 = CARTESIAN_POINT('',(406.87395180975,162.9528227419,
    5.848179020586));
#3578 = CARTESIAN_POINT('',(407.3340276361,162.19799917575,
    4.734664095219));
#3579 = CARTESIAN_POINT('',(408.13913985639,160.87693154757,
    2.786057993693));
#3580 = CARTESIAN_POINT('',(408.94454738454,159.55688479701,
    0.836741747797));
#3581 = CARTESIAN_POINT('',(409.2898436331,158.99194495101,
    1.04959005153E-03));
#3582 = CARTESIAN_POINT('',(406.87394709197,162.95024889709,
    5.84824233845));
#3583 = CARTESIAN_POINT('',(407.33401852483,162.19558263249,
    4.734729415059));
#3584 = CARTESIAN_POINT('',(408.13912322447,160.87479170009,
    2.786125969768));
#3585 = CARTESIAN_POINT('',(408.94453380282,159.55506814698,
    0.836785381142));
#3586 = CARTESIAN_POINT('',(409.28983825277,158.99029532309,
    1.066282199402E-03));
#3587 = CARTESIAN_POINT('',(406.87394313594,162.94813055965,
    5.848294870127));
#3588 = CARTESIAN_POINT('',(407.33401079019,162.19359910974,
    4.734783988282));
#3589 = CARTESIAN_POINT('',(408.13910887678,160.87304466181,
    2.786183776608));
#3590 = CARTESIAN_POINT('',(408.94452179698,159.55359713042,
    0.836823476356));
#3591 = CARTESIAN_POINT('',(409.28983354023,158.98896863349,
    1.08084848967E-03));
#3592 = CARTESIAN_POINT('',(406.87393980966,162.94645153696,
    5.848336762199));
#3593 = CARTESIAN_POINT('',(407.33400436424,162.19203015101,
    4.734827753296));
#3594 = CARTESIAN_POINT('',(408.13909694476,160.8716683929,
    2.786230764066));
#3595 = CARTESIAN_POINT('',(408.94451159011,159.55244553169,
    0.836855107495));
#3596 = CARTESIAN_POINT('',(409.2898294633,158.98793571266,
    1.092957879277E-03));
#3597 = CARTESIAN_POINT('',(406.87393478415,162.94394891016,
    5.848399468887));
#3598 = CARTESIAN_POINT('',(407.33399461171,162.18969483333,
    4.734893510908));
#3599 = CARTESIAN_POINT('',(408.13907871082,160.86962559158,
    2.786302008626));
#3600 = CARTESIAN_POINT('',(408.94449577363,159.55074354634,
    0.836903782415));
#3601 = CARTESIAN_POINT('',(409.28982315826,158.9864150184,
    1.111599867585E-03));
#3602 = CARTESIAN_POINT('',(406.87392784647,162.94025612754,
    5.848493040306));
#3603 = CARTESIAN_POINT('',(407.33398029485,162.18626134328,
    4.734992558856));
#3604 = CARTESIAN_POINT('',(408.13905080788,160.86664384746,
    2.78641181521));
#3605 = CARTESIAN_POINT('',(408.9444707843,159.54828728634,
    0.836981650575));
#3606 = CARTESIAN_POINT('',(409.28981370911,158.98424314515,
    1.141397800686E-03));
#3607 = CARTESIAN_POINT('',(406.87391749624,162.9354584436,5.84861688039
    ));
#3608 = CARTESIAN_POINT('',(407.3339593597,162.181826616,4.735125943024)
  );
#3609 = CARTESIAN_POINT('',(408.13900980904,160.86283854775,
    2.786565269283));
#3610 = CARTESIAN_POINT('',(408.94443139211,159.54520917272,
    0.837098451006));
#3611 = CARTESIAN_POINT('',(409.28979821837,158.9815735199,
    1.186459230423E-03));
#3612 = CARTESIAN_POINT('',(406.87390986284,162.93195682457,
    5.84870914619));
#3613 = CARTESIAN_POINT('',(407.33394314192,162.178609838,4.735227258371
    ));
#3614 = CARTESIAN_POINT('',(408.1389770035,160.86011387003,
    2.786686181313));
#3615 = CARTESIAN_POINT('',(408.94439718225,159.54304644191,
    0.837198501998));
#3616 = CARTESIAN_POINT('',(409.28978491266,158.97974149257,
    1.225485157967E-03));
#3617 = CARTESIAN_POINT('',(406.8739040742,162.92966126403,
    5.848770447384));
#3618 = CARTESIAN_POINT('',(407.33393128971,162.17650913322,
    4.735295556352));
#3619 = CARTESIAN_POINT('',(408.13895347673,160.85834962955,
    2.786769407523));
#3620 = CARTESIAN_POINT('',(408.94437108351,159.54166118228,
    0.837271930235));
#3621 = CARTESIAN_POINT('',(409.28977424789,158.97858820472,
    1.254554780935E-03));
#3622 = CARTESIAN_POINT('',(406.87390114381,162.92852146548,
    5.848801057518));
#3623 = CARTESIAN_POINT('',(407.33392525637,162.17546774487,
    4.735329864958));
#3624 = CARTESIAN_POINT('',(408.13894148568,160.85747816907,
    2.786811547707));
#3625 = CARTESIAN_POINT('',(408.94435743558,159.54097993482,
    0.83731010021));
#3626 = CARTESIAN_POINT('',(409.28976863952,158.97802531722,
    1.269752672719E-03));
#3627 = CARTESIAN_POINT('',(406.87389818963,162.92738967732,
    5.848831629278));
#3628 = CARTESIAN_POINT('',(407.33391912416,162.17443533382,
    4.735364344821));
#3629 = CARTESIAN_POINT('',(408.13892927848,160.8566173946,
    2.786854220564));
#3630 = CARTESIAN_POINT('',(408.94434316257,159.54030994026,
    0.837349825174));
#3631 = CARTESIAN_POINT('',(409.28976274623,158.97747613216,
    1.285667697332E-03));
#3632 = CARTESIAN_POINT('',(406.87389416471,162.92589120402,
    5.848872344051));
#3633 = CARTESIAN_POINT('',(407.33391075421,162.17307062081,
    4.735410568428));
#3634 = CARTESIAN_POINT('',(408.13891266091,160.85548384102,
    2.786911831247));
#3635 = CARTESIAN_POINT('',(408.94432318341,159.53943123519,
    0.837405021485));
#3636 = CARTESIAN_POINT('',(409.28975441649,158.97676189126,
    1.307940108938E-03));
#3637 = CARTESIAN_POINT('',(406.8738902472,162.92440907666,
    5.848912990188));
#3638 = CARTESIAN_POINT('',(407.33390232309,162.17172411595,
    4.735457187628));
#3639 = CARTESIAN_POINT('',(408.13889576996,160.85437201104,
    2.786970512488));
#3640 = CARTESIAN_POINT('',(408.94430191946,159.53857462363,
    0.837463809437));
#3641 = CARTESIAN_POINT('',(409.2897455659,158.97607497639,
    1.331914080232E-03));
#3642 = CARTESIAN_POINT('',(406.87388607018,162.92294257882,
    5.848953580858));
#3643 = CARTESIAN_POINT('',(407.33389343266,162.17039496704,
    4.735504292534));
#3644 = CARTESIAN_POINT('',(408.13887825285,160.85328121993,
    2.787030251612));
#3645 = CARTESIAN_POINT('',(408.94427878523,159.53773830241,
    0.837526755612));
#3646 = CARTESIAN_POINT('',(409.28973567572,158.97541399316,
    1.357975335555E-03));
#3647 = CARTESIAN_POINT('',(406.87388186379,162.92148679204,
    5.848994136893));
#3648 = CARTESIAN_POINT('',(407.33388437087,162.16907764651,
    4.73555174511));
#3649 = CARTESIAN_POINT('',(408.13886047066,160.85220479289,
    2.787090678893));
#3650 = CARTESIAN_POINT('',(408.94425445599,159.53691546707,
    0.837592705651));
#3651 = CARTESIAN_POINT('',(409.28972518043,158.97477038151,
    1.385566704054E-03));
#3652 = CARTESIAN_POINT('',(406.87387661222,162.91968727363,
    5.849044773225));
#3653 = CARTESIAN_POINT('',(407.33387276347,162.16745322232,
    4.735611769035));
#3654 = CARTESIAN_POINT('',(408.1388378258,160.85088640495,
    2.787167468758));
#3655 = CARTESIAN_POINT('',(408.94422169093,159.53591161855,
    0.837681220188));
#3656 = CARTESIAN_POINT('',(409.28971087206,158.97399809937,
    1.42321597709E-03));
#3657 = CARTESIAN_POINT('',(406.87387121348,162.91791442135,
    5.849095351694));
#3658 = CARTESIAN_POINT('',(407.33386055433,162.16585783917,
    4.735672936894));
#3659 = CARTESIAN_POINT('',(408.13881454626,160.84960423893,
    2.787245776045));
#3660 = CARTESIAN_POINT('',(408.94418508615,159.53493799187,
    0.837779237849));
#3661 = CARTESIAN_POINT('',(409.28969441929,158.97326680546,
    1.466088096349E-03));
#3662 = CARTESIAN_POINT('',(406.87386727591,162.91668727404,
    5.849130737705));
#3663 = CARTESIAN_POINT('',(407.33385156112,162.16475595474,
    4.735716490099));
#3664 = CARTESIAN_POINT('',(408.13879790166,160.84872586256,
    2.787301243304));
#3665 = CARTESIAN_POINT('',(408.94415700914,159.53427058957,
    0.837853754947));
#3666 = CARTESIAN_POINT('',(409.2896814054,158.97277504015,
    1.499564401493E-03));
#3667 = CARTESIAN_POINT('',(406.8738649823,162.91599000889,
    5.849150954493));
#3668 = CARTESIAN_POINT('',(407.33384628756,162.16413052717,
    4.735741610993));
#3669 = CARTESIAN_POINT('',(408.13878830556,160.84822946303,
    2.787333095048));
#3670 = CARTESIAN_POINT('',(408.94414020482,159.53389299597,
    0.837898179686));
#3671 = CARTESIAN_POINT('',(409.28967348961,158.97249956655,
    1.519816587551E-03));
#3672 = CARTESIAN_POINT('',(406.87386150919,162.91494809548,
    5.849181276628));
#3673 = CARTESIAN_POINT('',(407.33383824888,162.16319660914,
    4.735779538083));
#3674 = CARTESIAN_POINT('',(408.138773845,160.84749044973,2.787381010831
    ));
#3675 = CARTESIAN_POINT('',(408.94411421556,159.53333026632,
    0.837966745724));
#3676 = CARTESIAN_POINT('',(409.28966111688,158.97209178597,
    1.551393845908E-03));
#3677 = CARTESIAN_POINT('',(406.8738575948,162.91374461759,
    5.849216643963));
#3678 = CARTESIAN_POINT('',(407.33382871959,162.16211978696,
    4.735824526933));
#3679 = CARTESIAN_POINT('',(408.13875703276,160.84664512556,
    2.78743726869));
#3680 = CARTESIAN_POINT('',(408.94408175115,159.53268458242,
    0.83805260046));
#3681 = CARTESIAN_POINT('',(409.28964538941,158.97163208569,
    1.591903186546E-03));
#3682 = CARTESIAN_POINT('',(406.87385339355,162.91255475353,
    5.849252017322));
#3683 = CARTESIAN_POINT('',(407.33381846892,162.16105698198,
    4.735870643676));
#3684 = CARTESIAN_POINT('',(408.13873997896,160.84581971819,
    2.787493623333));
#3685 = CARTESIAN_POINT('',(408.94404572353,159.53204845763,
    0.838146885766));
#3686 = CARTESIAN_POINT('',(409.28962708719,158.9711882577,
    1.638240068767E-03));
#3687 = CARTESIAN_POINT('',(406.87385127403,162.91196333146,
    5.849269706701));
#3688 = CARTESIAN_POINT('',(407.33381320395,162.16052913825,
    4.735894016062));
#3689 = CARTESIAN_POINT('',(408.138731468,160.84541220713,2.787521766692
    ));
#3690 = CARTESIAN_POINT('',(408.94402678811,159.53173254501,
    0.838196351057));
#3691 = CARTESIAN_POINT('',(409.28961725051,158.97097002338,
    1.663100099582E-03));
#3692 = CARTESIAN_POINT('',(406.87385004589,162.91162635589,
    5.849279816024));
#3693 = CARTESIAN_POINT('',(407.33381014184,162.16022849787,
    4.735907467031));
#3694 = CARTESIAN_POINT('',(408.13872660109,160.845180819,2.78753783039)
  );
#3695 = CARTESIAN_POINT('',(408.94401568097,159.53155255704,
    0.838225311823));
#3696 = CARTESIAN_POINT('',(409.28961140686,158.97084627999,
    1.677827033887E-03));
#3697 = CARTESIAN_POINT('',(406.87384820032,162.91112189966,
    5.849294981122));
#3698 = CARTESIAN_POINT('',(407.33380550787,162.1597785455,
    4.735927741063));
#3699 = CARTESIAN_POINT('',(408.13871931283,160.8448352493,2.78756190252
    ));
#3700 = CARTESIAN_POINT('',(408.94399874001,159.53128311062,
    0.838269465653));
#3701 = CARTESIAN_POINT('',(409.28960242399,158.97066162052,
    1.700459219535E-03));
#3702 = CARTESIAN_POINT('',(406.87384544728,162.91036904806,
    5.849317733153));
#3703 = CARTESIAN_POINT('',(407.33379842851,162.15910743956,
    4.735958526767));
#3704 = CARTESIAN_POINT('',(408.13870846083,160.84432265521,
    2.787597905413));
#3705 = CARTESIAN_POINT('',(408.94397228135,159.53088090987,
    0.838338430989));
#3706 = CARTESIAN_POINT('',(409.28958813345,158.97038815186,
    1.736510724081E-03));
#3707 = CARTESIAN_POINT('',(406.8738423307,162.90953919275,
    5.849343025033));
#3708 = CARTESIAN_POINT('',(407.33379021817,162.15836825575,
    4.735993483365));
#3709 = CARTESIAN_POINT('',(408.13869651872,160.84376343007,
    2.787637578248));
#3710 = CARTESIAN_POINT('',(408.94394074883,159.53043648686,
    0.838420409187));
#3711 = CARTESIAN_POINT('',(409.28957045603,158.97008925466,
    1.780960980455E-03));
#3712 = CARTESIAN_POINT('',(406.87384010695,162.90896176072,
    5.849360737483));
#3713 = CARTESIAN_POINT('',(407.33378426055,162.15785413228,
    4.736018394747));
#3714 = CARTESIAN_POINT('',(408.13868824267,160.84337752407,
    2.787665088274));
#3715 = CARTESIAN_POINT('',(408.94391743364,159.53012616722,
    0.838480890301));
#3716 = CARTESIAN_POINT('',(409.2895569525,158.96988186534,
    1.814812146331E-03));
#3717 = CARTESIAN_POINT('',(406.87383882369,162.90863278916,
    5.849370861478));
#3718 = CARTESIAN_POINT('',(407.33378079288,162.15756127873,
    4.736032763404));
#3719 = CARTESIAN_POINT('',(408.13868354224,160.84315861613,
    2.787680719836));
#3720 = CARTESIAN_POINT('',(408.94390373806,159.52994898583,
    0.838516380464));
#3721 = CARTESIAN_POINT('',(409.2895488831,158.96976375349,
    1.835011725819E-03));
#3722 = CARTESIAN_POINT('',(406.87383688744,162.90814032385,
    5.849386050191));
#3723 = CARTESIAN_POINT('',(407.33377552789,162.15712292606,
    4.736054453648));
#3724 = CARTESIAN_POINT('',(408.13867652429,160.84283187901,
    2.787704071609));
#3725 = CARTESIAN_POINT('',(408.94388281444,159.52968332127,
    0.838570568338));
#3726 = CARTESIAN_POINT('',(409.28953641072,158.9695869145,
    1.866207835953E-03));
#3727 = CARTESIAN_POINT('',(406.87383498796,162.90765046874,
    5.849401245477));
#3728 = CARTESIAN_POINT('',(407.33377016685,162.15668701217,
    4.736076493537));
#3729 = CARTESIAN_POINT('',(408.13866966015,160.84250936989,
    2.787727165859));
#3730 = CARTESIAN_POINT('',(408.94386098264,159.52941798033,
    0.838627195973));
#3731 = CARTESIAN_POINT('',(409.28952304691,158.96941088324,
    1.899734406393E-03));
#3732 = CARTESIAN_POINT('',(406.87383317813,162.90720362399,
    5.849415182674));
#3733 = CARTESIAN_POINT('',(407.33376504767,162.15628938905,
    4.736097057805));
#3734 = CARTESIAN_POINT('',(408.13866343328,160.84221752409,
    2.787748031048));
#3735 = CARTESIAN_POINT('',(408.94383995063,159.52917442088,
    0.838681566563));
#3736 = CARTESIAN_POINT('',(409.28950969294,158.96924925307,
    1.933062484092E-03));
#3737 = CARTESIAN_POINT('',(406.87383260097,162.90706166558,
    5.849419618004));
#3738 = CARTESIAN_POINT('',(407.33376340431,162.15616306957,
    4.736103636101));
#3739 = CARTESIAN_POINT('',(408.13866146414,160.84212503954,
    2.787754639089));
#3740 = CARTESIAN_POINT('',(408.94383316425,159.5290968953,
    0.838699107332));
#3741 = CARTESIAN_POINT('',(409.28950533835,158.96919778733,
    1.943928236082E-03));
#3742 = CARTESIAN_POINT('',(406.87383227001,162.90698060762,
    5.849422152709));
#3743 = CARTESIAN_POINT('',(407.33376246025,162.15609094145,
    4.736107405317));
#3744 = CARTESIAN_POINT('',(408.13866034168,160.84207229728,
    2.787758406062));
#3745 = CARTESIAN_POINT('',(408.94382925828,159.52905258339,
    0.838709200266));
#3746 = CARTESIAN_POINT('',(409.28950281837,158.96916836286,
    1.95021362806E-03));
#3747 = CARTESIAN_POINT('',(406.87383144231,162.90677806784,
    5.849428489846));
#3748 = CARTESIAN_POINT('',(407.33376009338,162.15591071509,
    4.736116845377));
#3749 = CARTESIAN_POINT('',(408.13865754185,160.84194062215,
    2.787767808182));
#3750 = CARTESIAN_POINT('',(408.94381944796,159.52894178685,
    0.838734549432));
#3751 = CARTESIAN_POINT('',(409.28949646656,158.96909477619,
    1.966056250998E-03));
#3752 = CARTESIAN_POINT('',(406.87383037538,162.90651540283,
    5.849436730237));
#3753 = CARTESIAN_POINT('',(407.33375698797,162.15567699188,
    4.736129217147));
#3754 = CARTESIAN_POINT('',(408.13865395036,160.84177052493,
    2.787779940021));
#3755 = CARTESIAN_POINT('',(408.94380643817,159.52879767199,
    0.83876819089));
#3756 = CARTESIAN_POINT('',(409.28948791391,158.96899897555,
    1.987414048524E-03));
#3757 = CARTESIAN_POINT('',(406.87382903722,162.90619308812,
    5.849446876366));
#3758 = CARTESIAN_POINT('',(407.33375307596,162.15539017417,
    4.736144617121));
#3759 = CARTESIAN_POINT('',(408.138649575,160.84156289222,2.787794707437
    ));
#3760 = CARTESIAN_POINT('',(408.94378994573,159.52861998397,
    0.838810777585));
#3761 = CARTESIAN_POINT('',(409.28947680666,158.96888051305,
    2.015092411611E-03));
#3762 = CARTESIAN_POINT('',(406.87382828506,162.90601216795,
    5.849452585073));
#3763 = CARTESIAN_POINT('',(407.33375085133,162.15522917313,
    4.736153345526));
#3764 = CARTESIAN_POINT('',(408.13864714165,160.84144676837,
    2.78780294967));
#3765 = CARTESIAN_POINT('',(408.94378049451,159.52851992145,
    0.838835186349));
#3766 = CARTESIAN_POINT('',(409.28947033958,158.96881364256,
    2.031211599577E-03));
#3767 = CARTESIAN_POINT('',(406.87382777978,162.90589170547,
    5.849456391566));
#3768 = CARTESIAN_POINT('',(407.33374935387,162.15512196888,
    4.736159192678));
#3769 = CARTESIAN_POINT('',(408.13864552733,160.84136962502,
    2.78780841657));
#3770 = CARTESIAN_POINT('',(408.94377411548,159.52845314914,
    0.838851652182));
#3771 = CARTESIAN_POINT('',(409.28946592758,158.96876893313,
    2.042199930564E-03));
#3772 = CARTESIAN_POINT('',(406.87382744255,162.9058114387,
    5.849458929408));
#3773 = CARTESIAN_POINT('',(407.33374835236,162.15505053525,
    4.736163098313));
#3774 = CARTESIAN_POINT('',(408.13864445389,160.84131827025,
    2.787812053647));
#3775 = CARTESIAN_POINT('',(408.94376984246,159.5284086182,
    0.838862681269));
#3776 = CARTESIAN_POINT('',(409.28946295969,158.96873909223,
    2.049590961847E-03));
#3777 = CARTESIAN_POINT('',(406.87382710555,162.90573123585,
    5.849461467512));
#3778 = CARTESIAN_POINT('',(407.33374734687,162.15497915703,
    4.736167015261));
#3779 = CARTESIAN_POINT('',(408.13864338547,160.84126702853,
    2.787815679311));
#3780 = CARTESIAN_POINT('',(408.94376553957,159.52836406433,
    0.838873788566));
#3781 = CARTESIAN_POINT('',(409.28945995228,158.96870919899,
    2.057081444573E-03));
#3782 = CARTESIAN_POINT('',(406.87382676728,162.90565109392,
    5.849464005902));
#3783 = CARTESIAN_POINT('',(407.33374633581,162.15490783089,
    4.736170943711));
#3784 = CARTESIAN_POINT('',(408.1386423206,160.84121589709,
    2.787819293394));
#3785 = CARTESIAN_POINT('',(408.94376120499,159.52831948241,
    0.838884974998));
#3786 = CARTESIAN_POINT('',(409.28945690266,158.96867924508,
    2.064674359473E-03));
#3787 = CARTESIAN_POINT('',(406.87382655576,162.90560103146,
    5.849465592505));
#3788 = CARTESIAN_POINT('',(407.33374570202,162.15486327465,
    4.736173403764));
#3789 = CARTESIAN_POINT('',(408.138641657,160.84118398689,2.787821547298
    ));
#3790 = CARTESIAN_POINT('',(408.94375848307,159.5282916079,
    0.838891999589));
#3791 = CARTESIAN_POINT('',(409.28945497928,158.96866049866,
    2.069463108989E-03));
#3792 = CARTESIAN_POINT('',(406.87382638633,162.90556099692,
    5.849466861868));
#3793 = CARTESIAN_POINT('',(407.3337451937,162.15482764282,
    4.736175374732));
#3794 = CARTESIAN_POINT('',(408.13864112713,160.84115848656,
    2.787823347502));
#3795 = CARTESIAN_POINT('',(408.94375629759,159.52826930093,
    0.838897639373));
#3796 = CARTESIAN_POINT('',(409.28945342982,158.96864548519,
    2.073320517058E-03));
#3797 = CARTESIAN_POINT('',(406.87382625908,162.90553097862,
    5.849467813907));
#3798 = CARTESIAN_POINT('',(407.33374481175,162.15480092549,
    4.73617685435));
#3799 = CARTESIAN_POINT('',(408.13864073018,160.84113937522,
    2.787824696116));
#3800 = CARTESIAN_POINT('',(408.94375465453,159.52825256739,
    0.838901879004));
#3801 = CARTESIAN_POINT('',(409.2894522623,158.96863421698,
    2.076226655114E-03));
#3802 = CARTESIAN_POINT('',(406.87382615327,162.90550597039,
    5.849468607341));
#3803 = CARTESIAN_POINT('',(407.33374449321,162.154778667,4.736178088691
    ));
#3804 = CARTESIAN_POINT('',(408.1386404001,160.84112346119,
    2.787825818842));
#3805 = CARTESIAN_POINT('',(408.94375328216,159.52823861952,
    0.838905420892));
#3806 = CARTESIAN_POINT('',(409.28945128504,158.96862481987,
    2.078659900646E-03));
#3807 = CARTESIAN_POINT('',(406.87382607875,162.90548846725,
    5.849469162705));
#3808 = CARTESIAN_POINT('',(407.33374426958,162.15476308838,
    4.736178953198));
#3809 = CARTESIAN_POINT('',(408.13864016891,160.84111232694,
    2.787826603921));
#3810 = CARTESIAN_POINT('',(408.9437523196,159.52822885481,0.83890790392
    ));
#3811 = CARTESIAN_POINT('',(409.28945059832,158.96861823818,
    2.080368552415E-03));
#3812 = CARTESIAN_POINT('',(406.87382604196,162.90547971741,
    5.849469440456));
#3813 = CARTESIAN_POINT('',(407.33374415812,162.15475530044,
    4.736179385808));
#3814 = CARTESIAN_POINT('',(408.13864005379,160.84110676197,
    2.787826996502));
#3815 = CARTESIAN_POINT('',(408.94375183806,159.52822397156,
    0.838909147357));
#3816 = CARTESIAN_POINT('',(409.28945025463,158.96861494634,
    2.081224936796E-03));
#3817 = CARTESIAN_POINT('',(406.87382602021,162.90547471644,
    5.849469599074));
#3818 = CARTESIAN_POINT('',(407.33374409378,162.15475084944,
    4.736179632763));
#3819 = CARTESIAN_POINT('',(408.1386399874,160.84110358149,2.78782722048
    ));
#3820 = CARTESIAN_POINT('',(408.94375156251,159.52822118176,
    0.838909856977));
#3821 = CARTESIAN_POINT('',(409.28945005767,158.9686130651,
    2.081713845157E-03));
#3822 = CARTESIAN_POINT('',(406.87382601057,162.90547221828,
    5.849469678554));
#3823 = CARTESIAN_POINT('',(407.33374406269,162.15474862565,
    4.736179756774));
#3824 = CARTESIAN_POINT('',(408.13863995529,160.84110199299,
    2.787827332989));
#3825 = CARTESIAN_POINT('',(408.94375142514,159.5282197855,
    0.838910214044));
#3826 = CARTESIAN_POINT('',(409.2894499598,158.96861212423,
    2.081959972084E-03));
#3827 = CARTESIAN_POINT('',(406.87379700683,162.90028490571,
    5.84963294168));
#3828 = CARTESIAN_POINT('',(407.33367168434,162.15013366921,
    4.736432644913));
#3829 = CARTESIAN_POINT('',(408.13856549565,160.83780241686,
    2.788056249371));
#3830 = CARTESIAN_POINT('',(408.94346380584,159.52533931702,
    0.839633562476));
#3831 = CARTESIAN_POINT('',(409.2892423859,158.96666572617,
    2.580281916451E-03));
#3832 = CARTESIAN_POINT('',(406.87375797215,162.89008479471,
    5.849817939654));
#3833 = CARTESIAN_POINT('',(407.33365936386,162.14157005205,
    4.73651182422));
#3834 = CARTESIAN_POINT('',(408.13855374952,160.83190813202,
    2.788063298775));
#3835 = CARTESIAN_POINT('',(408.94358157506,159.52266802595,
    0.839251767972));
#3836 = CARTESIAN_POINT('',(409.28930962648,158.96491032219,
    2.302129284938E-03));
#3837 = CARTESIAN_POINT('',(406.873702095,162.87472562969,5.850162825817
    ));
#3838 = CARTESIAN_POINT('',(407.33358948773,162.12843104893,
    4.736833834315));
#3839 = CARTESIAN_POINT('',(408.13848252242,160.82275448248,
    2.788288541276));
#3840 = CARTESIAN_POINT('',(408.9434400064,159.51721221178,
    0.839549655897));
#3841 = CARTESIAN_POINT('',(409.28919241586,158.96128185006,
    2.492146272068E-03));
#3842 = CARTESIAN_POINT('',(406.87364400678,162.8593862076,
    5.850482455075));
#3843 = CARTESIAN_POINT('',(407.33353766799,162.11539972251,
    4.737079665362));
#3844 = CARTESIAN_POINT('',(408.13843017663,160.81371549407,
    2.788433331952));
#3845 = CARTESIAN_POINT('',(408.94341647933,159.51229710847,
    0.839521296989));
#3846 = CARTESIAN_POINT('',(409.28915572939,158.95802411122,
    2.454569504166E-03));
#3847 = CARTESIAN_POINT('',(406.87358687135,162.84403808593,
    5.850813169267));
#3848 = CARTESIAN_POINT('',(407.33347790584,162.10232110355,
    4.73735893057));
#3849 = CARTESIAN_POINT('',(408.13836952651,160.80462614767,
    2.788613431847));
#3850 = CARTESIAN_POINT('',(408.94334112765,159.50714465916,
    0.839636123889));
#3851 = CARTESIAN_POINT('',(409.28908368486,158.95460362761,
    2.516880013403E-03));
#3852 = CARTESIAN_POINT('',(406.87352961059,162.82869442852,
    5.851138942675));
#3853 = CARTESIAN_POINT('',(407.33342198241,162.08926414643,
    4.737623295257));
#3854 = CARTESIAN_POINT('',(408.13831287773,160.79555983033,
    2.788777792544));
#3855 = CARTESIAN_POINT('',(408.94328917903,159.50209857211,
    0.839687119884));
#3856 = CARTESIAN_POINT('',(409.28902769986,158.95125625668,
    2.534668632334E-03));
#3857 = CARTESIAN_POINT('',(406.87347185279,162.81334769545,
    5.85146692028));
#3858 = CARTESIAN_POINT('',(407.33336379451,162.07619644844,
    4.737894304807));
#3859 = CARTESIAN_POINT('',(408.13825389009,160.78648216056,
    2.788949176656));
#3860 = CARTESIAN_POINT('',(408.94322622918,159.49700397401,
    0.839766610006));
#3861 = CARTESIAN_POINT('',(409.28896399833,158.94787520584,
    2.572317686822E-03));
#3862 = CARTESIAN_POINT('',(406.87341567501,162.79800499466,
    5.851793917002));
#3863 = CARTESIAN_POINT('',(407.33330797027,162.06313617589,
    4.738162364544));
#3864 = CARTESIAN_POINT('',(408.13819730445,160.77741219232,
    2.789117430482));
#3865 = CARTESIAN_POINT('',(408.94316955319,159.49193356555,
    0.839833375579));
#3866 = CARTESIAN_POINT('',(409.28890508919,158.9445117513,
    2.601130775574E-03));
#3867 = CARTESIAN_POINT('',(406.87335586565,162.78265476408,
    5.852121344589));
#3868 = CARTESIAN_POINT('',(407.33324817613,162.05006692123,
    4.738431705188));
#3869 = CARTESIAN_POINT('',(408.13813672134,160.76833311212,
    2.78928706938));
#3870 = CARTESIAN_POINT('',(408.94310714237,159.48684690307,
    0.839905825852));
#3871 = CARTESIAN_POINT('',(409.28884113994,158.94113492565,
    2.633818541879E-03));
#3872 = CARTESIAN_POINT('',(406.87330434472,162.76732094938,
    5.85244859572));
#3873 = CARTESIAN_POINT('',(407.33319679495,162.03701458827,
    4.738700556346));
#3874 = CARTESIAN_POINT('',(408.13808458795,160.75927102664,
    2.789456117396));
#3875 = CARTESIAN_POINT('',(408.94305397775,159.48177992467,
    0.839975726625));
#3876 = CARTESIAN_POINT('',(409.28878605196,158.93777663526,
    2.664932593548E-03));
#3877 = CARTESIAN_POINT('',(406.87323428163,162.75195074544,
    5.852775890038));
#3878 = CARTESIAN_POINT('',(407.33312687487,162.02392595769,
    4.738969442817));
#3879 = CARTESIAN_POINT('',(408.13801384543,160.75017257745,
    2.789625367084));
#3880 = CARTESIAN_POINT('',(408.94298180301,159.47667649362,
    0.840046788226));
#3881 = CARTESIAN_POINT('',(409.2887122932,158.9343820971,
    2.696397759002E-03));
#3882 = CARTESIAN_POINT('',(406.8732062827,162.73666294058,
    5.853103245922));
#3883 = CARTESIAN_POINT('',(407.33309888335,162.01091896268,
    4.739238730798));
#3884 = CARTESIAN_POINT('',(408.13798518594,160.7411558696,
    2.789794667258));
#3885 = CARTESIAN_POINT('',(408.94295199452,159.47165231305,
    0.840117277199));
#3886 = CARTESIAN_POINT('',(409.28868036907,158.93106741896,
    2.728502442273E-03));
#3887 = CARTESIAN_POINT('',(406.87314692941,162.72131372703,
    5.853430544152));
#3888 = CARTESIAN_POINT('',(407.33303964784,161.99785116881,
    4.739507684324));
#3889 = CARTESIAN_POINT('',(408.13792516797,160.73207828729,
    2.789963892175));
#3890 = CARTESIAN_POINT('',(408.94289066278,159.46656931207,
    0.840188040559));
#3891 = CARTESIAN_POINT('',(409.28861730088,158.92769338729,
    2.760023619436E-03));
#3892 = CARTESIAN_POINT('',(406.87309032894,162.70596991092,
    5.853757841139));
#3893 = CARTESIAN_POINT('',(407.33298316045,161.98478874062,
    4.739776648352));
#3894 = CARTESIAN_POINT('',(408.1378679085,160.72300607906,
    2.790133103547));
#3895 = CARTESIAN_POINT('',(408.94283212878,159.4614916105,
    0.840258698331));
#3896 = CARTESIAN_POINT('',(409.28855698813,158.92432465966,
    2.791538699527E-03));
#3897 = CARTESIAN_POINT('',(406.87303297895,162.69062462387,
    5.854085139774));
#3898 = CARTESIAN_POINT('',(407.33292592369,161.97172484544,
    4.740045613657));
#3899 = CARTESIAN_POINT('',(408.13780989695,160.71393240118,
    2.790302322692));
#3900 = CARTESIAN_POINT('',(408.9427728269,159.45641243677,
    0.840329401649));
#3901 = CARTESIAN_POINT('',(409.28849592136,158.9209544677,
    2.823066640987E-03));
#3902 = CARTESIAN_POINT('',(406.87297596324,162.67527999278,
    5.85441243762));
#3903 = CARTESIAN_POINT('',(407.33286902109,161.95866160448,
    4.740314578435));
#3904 = CARTESIAN_POINT('',(408.13775222095,160.70485937869,2.7904715381
    ));
#3905 = CARTESIAN_POINT('',(408.94271386786,159.45133391964,
    0.840400083838));
#3906 = CARTESIAN_POINT('',(409.28843519163,158.9175849288,
    2.85458766859E-03));
#3907 = CARTESIAN_POINT('',(406.87291884896,162.65993516799,
    5.854739735882));
#3908 = CARTESIAN_POINT('',(407.33281201974,161.94559816952,
    4.740583544108));
#3909 = CARTESIAN_POINT('',(408.13769444593,160.69578616182,
    2.790640755113));
#3910 = CARTESIAN_POINT('',(408.94265480693,159.44625520388,
    0.84047077456));
#3911 = CARTESIAN_POINT('',(409.28837436242,158.91421519385,
    2.886111784714E-03));
#3912 = CARTESIAN_POINT('',(406.8728617519,162.64459037716,
    5.855067033845));
#3913 = CARTESIAN_POINT('',(407.33275503573,161.93253476922,
    4.740852509107));
#3914 = CARTESIAN_POINT('',(408.13763668846,160.68671297971,
    2.790809971052));
#3915 = CARTESIAN_POINT('',(408.94259576495,159.44117652675,
    0.840541460819));
#3916 = CARTESIAN_POINT('',(409.2883135518,158.91084549583,
    2.917632768476E-03));
#3917 = CARTESIAN_POINT('',(406.87280478883,162.62924584851,
    5.855394332214));
#3918 = CARTESIAN_POINT('',(407.33269818505,161.91947162779,
    4.741121476156));
#3919 = CARTESIAN_POINT('',(408.13757906491,160.67764005677,
    2.790979187761));
#3920 = CARTESIAN_POINT('',(408.94253685696,159.43609809671,
    0.840612147945));
#3921 = CARTESIAN_POINT('',(409.28825287413,158.90747604848,
    2.949157212789E-03));
#3922 = CARTESIAN_POINT('',(406.87274752523,162.61390073141,5.8557216298
    ));
#3923 = CARTESIAN_POINT('',(407.33264103503,161.90640790445,
    4.741390439436));
#3924 = CARTESIAN_POINT('',(408.13752114104,160.66856655123,
    2.791148402953));
#3925 = CARTESIAN_POINT('',(408.94247764797,159.43101910709,
    0.840682834696));
#3926 = CARTESIAN_POINT('',(409.2881918991,158.9041060351,
    2.980673513972E-03));
#3927 = CARTESIAN_POINT('',(406.87269104825,162.59855715452,
    5.856048929177));
#3928 = CARTESIAN_POINT('',(407.33258466852,161.89334570469,
    4.741659412284));
#3929 = CARTESIAN_POINT('',(408.13746400367,160.65949457108,
    2.791317621075));
#3930 = CARTESIAN_POINT('',(408.94241922824,159.42594158488,
    0.84075351904));
#3931 = CARTESIAN_POINT('',(409.28813170468,158.90073750508,
    3.01220708167E-03));
#3932 = CARTESIAN_POINT('',(406.87263185162,162.58320825224,
    5.856376222282));
#3933 = CARTESIAN_POINT('',(407.3325255929,161.88027823674,4.74192835242
    ));
#3934 = CARTESIAN_POINT('',(408.13740414741,160.65041731653,
    2.791486828559));
#3935 = CARTESIAN_POINT('',(408.94235808033,159.42085898734,
    0.840824210685));
#3936 = CARTESIAN_POINT('',(409.28806881338,158.89736384513,
    3.043678151357E-03));
#3937 = CARTESIAN_POINT('',(406.87260396411,162.56792065647,
    5.856703587012));
#3938 = CARTESIAN_POINT('',(407.33249770487,161.86727141719,
    4.742197668964));
#3939 = CARTESIAN_POINT('',(408.13737559267,160.64140078193,
    2.791656156026));
#3940 = CARTESIAN_POINT('',(408.94232834265,159.4158348204,
    0.840894811515));
#3941 = CARTESIAN_POINT('',(409.28803697594,158.89404924322,
    3.07585759405E-03));
#3942 = CARTESIAN_POINT('',(406.87253417901,162.55255102073,
    5.857030855816));
#3943 = CARTESIAN_POINT('',(407.33242808179,161.85418343833,4.7424664819
    ));
#3944 = CARTESIAN_POINT('',(408.1373051507,160.63230299228,2.79182532253
    ));
#3945 = CARTESIAN_POINT('',(408.94225657261,159.41073246194,
    0.840965532704));
#3946 = CARTESIAN_POINT('',(409.28796358368,158.89065561015,
    3.107087288381E-03));
#3947 = CARTESIAN_POINT('',(406.8724829425,162.53721770505,
    5.857358167036));
#3948 = CARTESIAN_POINT('',(407.33237693529,161.84113138965,
    4.742735517817));
#3949 = CARTESIAN_POINT('',(408.13725325284,160.62324117519,
    2.791994560056));
#3950 = CARTESIAN_POINT('',(408.94220341109,159.40566471979,
    0.841036200024));
#3951 = CARTESIAN_POINT('',(409.28790858899,158.8872969651,
    3.138736305305E-03));
#3952 = CARTESIAN_POINT('',(406.87242339784,162.52186812109,
    5.857685459205));
#3953 = CARTESIAN_POINT('',(407.33231751286,161.82806324732,
    4.743004453883));
#3954 = CARTESIAN_POINT('',(408.13719304896,160.61416324548,
    2.792163765533));
#3955 = CARTESIAN_POINT('',(408.94214191485,159.40058147251,
    0.841106890901));
#3956 = CARTESIAN_POINT('',(409.28784535453,158.88392264841,
    3.170196355505E-03));
#3957 = CARTESIAN_POINT('',(406.87236769469,162.50652605917,
    5.858012760131));
#3958 = CARTESIAN_POINT('',(407.332261917,161.81500254628,4.74327343614)
  );
#3959 = CARTESIAN_POINT('',(408.13713668573,160.60509276583,
    2.792332985592));
#3960 = CARTESIAN_POINT('',(408.94208427266,159.3955053944,
    0.841177570331));
#3961 = CARTESIAN_POINT('',(409.28778593071,158.88055557787,
    3.201742621198E-03));
#3962 = CARTESIAN_POINT('',(406.87231002922,162.49118015477,
    5.85834005653));
#3963 = CARTESIAN_POINT('',(407.33220436641,161.801938044,4.743542394823
    ));
#3964 = CARTESIAN_POINT('',(408.13707836073,160.59601848048,
    2.792502197959));
#3965 = CARTESIAN_POINT('',(408.942024662,159.39042565409,0.841248255052
    ));
#3966 = CARTESIAN_POINT('',(409.28772456111,158.87718480578,
    3.233243649754E-03));
#3967 = CARTESIAN_POINT('',(406.87225387989,162.47583721909,
    5.858667356363));
#3968 = CARTESIAN_POINT('',(407.33214832606,161.78887647858,
    4.743811371739));
#3969 = CARTESIAN_POINT('',(408.13702155158,160.58694713543,
    2.792671415987));
#3970 = CARTESIAN_POINT('',(408.94196657252,159.38534874321,
    0.841318935064));
#3971 = CARTESIAN_POINT('',(409.28766469577,158.87381689352,
    3.264778225547E-03));
#3972 = CARTESIAN_POINT('',(406.87219468757,162.46048832486,
    5.858994649196));
#3973 = CARTESIAN_POINT('',(407.3320892545,161.77580901858,
    4.744080312094));
#3974 = CARTESIAN_POINT('',(408.13696170027,160.57786988886,
    2.792840622175));
#3975 = CARTESIAN_POINT('',(408.94190543043,159.38026615331,
    0.841389623466));
#3976 = CARTESIAN_POINT('',(409.28760181281,158.87044324124,
    3.296243088948E-03));
#3977 = CARTESIAN_POINT('',(406.87216687727,162.4452008799,
    5.859322013816));
#3978 = CARTESIAN_POINT('',(407.33206144321,161.7628023482,
    4.744349629555));
#3979 = CARTESIAN_POINT('',(408.13693322332,160.56885350363,
    2.793009948737));
#3980 = CARTESIAN_POINT('',(408.94187577123,159.37524213013,
    0.841460221936));
#3981 = CARTESIAN_POINT('',(409.28757005603,158.86712878459,
    3.328417928892E-03));
#3982 = CARTESIAN_POINT('',(406.87209719984,162.42983145461,
    5.859649282581));
#3983 = CARTESIAN_POINT('',(407.33199192714,161.74971457752,
    4.744618443947));
#3984 = CARTESIAN_POINT('',(408.13686288964,160.55975592242,
    2.793179114329));
#3985 = CARTESIAN_POINT('',(408.94180411073,159.37013997228,
    0.841530939515));
#3986 = CARTESIAN_POINT('',(409.28749677463,158.86373535422,
    3.359643732133E-03));
#3987 = CARTESIAN_POINT('',(406.87204598279,162.41449817667,
    5.85997659356));
#3988 = CARTESIAN_POINT('',(407.33194079984,161.73666256615,
    4.744887480162));
#3989 = CARTESIAN_POINT('',(408.13681101186,160.5506941427,
    2.793348350676));
#3990 = CARTESIAN_POINT('',(408.94175096997,159.36507226611,
    0.84160160415));
#3991 = CARTESIAN_POINT('',(409.28744180332,158.86037674548,
    3.391286851356E-03));
#3992 = CARTESIAN_POINT('',(406.87198663793,162.39914898357,
    5.860303885902));
#3993 = CARTESIAN_POINT('',(407.33188157623,161.72359481047,
    4.745156418714));
#3994 = CARTESIAN_POINT('',(408.13675100835,160.54161660012,
    2.793517555654));
#3995 = CARTESIAN_POINT('',(408.94168967547,159.35998939137,
    0.841672291691));
#3996 = CARTESIAN_POINT('',(409.2873787711,158.85700280527,
    3.422745092716E-03));
#3997 = CARTESIAN_POINT('',(406.87193071132,162.38380648371,
    5.860631186031));
#3998 = CARTESIAN_POINT('',(407.33182575759,161.71053367618,
    4.745425398339));
#3999 = CARTESIAN_POINT('',(408.13669442233,160.53254568672,
    2.793686773611));
#4000 = CARTESIAN_POINT('',(408.9416318103,159.35491289589,
    0.841742969215));
#4001 = CARTESIAN_POINT('',(409.28731912972,158.85363531282,
    3.454279962106E-03));
#4002 = CARTESIAN_POINT('',(406.87187375363,162.36846196484,
    5.860958483764));
#4003 = CARTESIAN_POINT('',(407.33176891185,161.69747054454,
    4.74569436557));
#4004 = CARTESIAN_POINT('',(408.13663680555,160.52347277364,
    2.793855987461));
#4005 = CARTESIAN_POINT('',(408.94157291086,159.34983447611,
    0.841813649439));
#4006 = CARTESIAN_POINT('',(409.28725846618,158.85026587541,
    3.485790686865E-03));
#4007 = CARTESIAN_POINT('',(406.87181616819,162.35311621672,
    5.861285780025));
#4008 = CARTESIAN_POINT('',(407.33171144078,161.68440619686,
    4.745963325256));
#4009 = CARTESIAN_POINT('',(408.13657856125,160.51439864307,
    2.794025198752));
#4010 = CARTESIAN_POINT('',(408.94151338178,159.34475488474,
    0.841884331198));
#4011 = CARTESIAN_POINT('',(409.28719718054,158.84689525383,
    3.517286402454E-03));
#4012 = CARTESIAN_POINT('',(406.8717613175,162.33777582348,
    5.861613082509));
#4013 = CARTESIAN_POINT('',(407.33165669383,161.67134714659,
    4.74623231779));
#4014 = CARTESIAN_POINT('',(408.13652305109,160.50532981616,
    2.794194420407));
#4015 = CARTESIAN_POINT('',(408.94145659633,159.33968039706,
    0.841955004981));
#4016 = CARTESIAN_POINT('',(409.28713860782,158.84352979074,
    3.548843265742E-03));
#4017 = CARTESIAN_POINT('',(406.87169975696,162.3224222916,
    5.861940369602));
#4018 = CARTESIAN_POINT('',(407.33159526304,161.65827509868,
    4.746501229704));
#4019 = CARTESIAN_POINT('',(408.13646083281,160.49624797629,
    2.794363616135));
#4020 = CARTESIAN_POINT('',(408.94139307964,159.33459338706,
    0.842025697592));
#4021 = CARTESIAN_POINT('',(409.28707338056,158.84015167085,
    3.580247366608E-03));
#4022 = CARTESIAN_POINT('',(406.87165362091,162.30709896246,
    5.862267691959));
#4023 = CARTESIAN_POINT('',(407.33154919691,161.64523292933,
    4.746770326915));
#4024 = CARTESIAN_POINT('',(408.13641403528,160.48719605022,
    2.794532870994));
#4025 = CARTESIAN_POINT('',(408.94134503692,159.329535163,0.842096346247
    ));
#4026 = CARTESIAN_POINT('',(409.28702345231,158.83680264603,
    3.612000024244E-03));
#4027 = CARTESIAN_POINT('',(406.87159762098,162.29683398205,
    5.862485849069));
#4028 = CARTESIAN_POINT('',(407.33149334145,161.63648925267,
    4.746949421787));
#4029 = CARTESIAN_POINT('',(408.13635760065,160.48111247807,
    2.794645610472));
#4030 = CARTESIAN_POINT('',(408.94128768512,159.3261159046,0.84214351685
    ));
#4031 = CARTESIAN_POINT('',(409.28696513078,158.8345223479,
    3.632596218554E-03));
#4032 = CARTESIAN_POINT('',(406.87159725362,162.29175559941,
    5.86259499086));
#4033 = CARTESIAN_POINT('',(407.33149293919,161.6321709411,
    4.747039301195));
#4034 = CARTESIAN_POINT('',(408.13635700913,160.4781242819,
    2.794702086373));
#4035 = CARTESIAN_POINT('',(408.94128673031,159.3244578448,
    0.842167023723));
#4036 = CARTESIAN_POINT('',(409.28696337698,158.83343432203,
    3.643520032351E-03));
#4037 = ADVANCED_FACE('',(#4038),#4050,.F.);
#4038 = FACE_BOUND('',#4039,.F.);
#4039 = EDGE_LOOP('',(#4040,#4047,#4048,#4049));
#4040 = ORIENTED_EDGE('',*,*,#4041,.F.);
#4041 = EDGE_CURVE('',#2275,#388,#4042,.T.);
#4042 = B_SPLINE_CURVE_WITH_KNOTS('',3,(#4043,#4044,#4045,#4046),
  .UNSPECIFIED.,.F.,.F.,(4,4),(48.730368444824,55.319631555177),
  .PIECEWISE_BEZIER_KNOTS.);
#4043 = CARTESIAN_POINT('',(393.9709890876,167.78304119909,
    3.012933555441));
#4044 = CARTESIAN_POINT('',(391.77456805082,167.78304119909,
    3.012933555441));
#4045 = CARTESIAN_POINT('',(389.57814701403,167.78304119909,
    3.012933555441));
#4046 = CARTESIAN_POINT('',(387.38172597725,167.78304119909,
    3.012933555441));
#4047 = ORIENTED_EDGE('',*,*,#2283,.T.);
#4048 = ORIENTED_EDGE('',*,*,#768,.F.);
#4049 = ORIENTED_EDGE('',*,*,#387,.T.);
#4050 = B_SPLINE_SURFACE_WITH_KNOTS('',1,1,(
    (#4051,#4052,#4053,#4054)
    ,(#4055,#4056,#4057,#4058)
    ,(#4059,#4060,#4061,#4062
    )),.UNSPECIFIED.,.F.,.F.,.F.,(2,1,2),(2,1,1,2),(2.025046796916E-13,
    18.,66.999999999999),(-1.5,0.,3.,10.5),.UNSPECIFIED.);
#4051 = CARTESIAN_POINT('',(375.70135753242,167.7830411991,
    1.512933555441));
#4052 = CARTESIAN_POINT('',(375.70135753242,167.7830411991,
    3.012933555441));
#4053 = CARTESIAN_POINT('',(375.70135753242,167.7830411991,
    6.012933555441));
#4054 = CARTESIAN_POINT('',(375.70135753242,167.7830411991,
    13.512933555441));
#4055 = CARTESIAN_POINT('',(393.70135753242,167.78304119909,
    1.512933555441));
#4056 = CARTESIAN_POINT('',(393.70135753242,167.78304119909,
    3.012933555441));
#4057 = CARTESIAN_POINT('',(393.70135753242,167.78304119909,
    6.012933555441));
#4058 = CARTESIAN_POINT('',(393.70135753242,167.78304119909,
    13.512933555441));
#4059 = CARTESIAN_POINT('',(442.70135753242,167.78304119907,
    1.512933555441));
#4060 = CARTESIAN_POINT('',(442.70135753242,167.78304119907,
    3.012933555441));
#4061 = CARTESIAN_POINT('',(442.70135753242,167.78304119907,
    6.012933555441));
#4062 = CARTESIAN_POINT('',(442.70135753242,167.78304119907,
    13.512933555441));
#4063 = ADVANCED_FACE('',(#4064),#4083,.T.);
#4064 = FACE_BOUND('',#4065,.T.);
#4065 = EDGE_LOOP('',(#4066,#4067,#4073,#4074));
#4066 = ORIENTED_EDGE('',*,*,#403,.F.);
#4067 = ORIENTED_EDGE('',*,*,#4068,.T.);
#4068 = EDGE_CURVE('',#395,#2267,#4069,.T.);
#4069 = LINE('',#4070,#4071);
#4070 = CARTESIAN_POINT('',(384.70135753242,167.13304119909,
    3.012933555441));
#4071 = VECTOR('',#4072,1.);
#4072 = DIRECTION('',(1.,-4.042198674546E-13,0.));
#4073 = ORIENTED_EDGE('',*,*,#2266,.F.);
#4074 = ORIENTED_EDGE('',*,*,#4075,.T.);
#4075 = EDGE_CURVE('',#2250,#404,#4076,.T.);
#4076 = B_SPLINE_CURVE_WITH_KNOTS('',3,(#4077,#4078,#4079,#4080,#4081,
    #4082),.UNSPECIFIED.,.F.,.F.,(4,2,4),(2.480016775603,5.768966148998,
    9.070007487999),.UNSPECIFIED.);
#4077 = CARTESIAN_POINT('',(393.97098908759,167.13304119908,
    5.284389470088));
#4078 = CARTESIAN_POINT('',(392.87493366292,167.13304119909,
    5.260746352278));
#4079 = CARTESIAN_POINT('',(391.77878876996,167.13304119909,
    5.241296652513));
#4080 = CARTESIAN_POINT('',(389.5823378915,167.13304119909,
    5.210728994875));
#4081 = CARTESIAN_POINT('',(388.48204562108,167.13304119909,
    5.199642129492));
#4082 = CARTESIAN_POINT('',(387.38172597726,167.13304119909,
    5.192780447421));
#4083 = PLANE('',#4084);
#4084 = AXIS2_PLACEMENT_3D('',#4085,#4086,#4087);
#4085 = CARTESIAN_POINT('',(384.70135753242,167.13304119909,
    4.512933555441));
#4086 = DIRECTION('',(-4.042198674546E-13,-1.,0.));
#4087 = DIRECTION('',(-0.,0.,-1.));
#4088 = ADVANCED_FACE('',(#4089),#4095,.F.);
#4089 = FACE_BOUND('',#4090,.T.);
#4090 = EDGE_LOOP('',(#4091,#4092,#4093,#4094));
#4091 = ORIENTED_EDGE('',*,*,#394,.F.);
#4092 = ORIENTED_EDGE('',*,*,#4041,.F.);
#4093 = ORIENTED_EDGE('',*,*,#2274,.F.);
#4094 = ORIENTED_EDGE('',*,*,#4068,.F.);
#4095 = PLANE('',#4096);
#4096 = AXIS2_PLACEMENT_3D('',#4097,#4098,#4099);
#4097 = CARTESIAN_POINT('',(384.70135753242,167.78304119909,
    3.012933555441));
#4098 = DIRECTION('',(0.,0.,1.));
#4099 = DIRECTION('',(1.,0.,-0.));
#4100 = ADVANCED_FACE('',(#4101),#4137,.F.);
#4101 = FACE_BOUND('',#4102,.F.);
#4102 = EDGE_LOOP('',(#4103,#4104,#4115,#4126,#4135,#4136));
#4103 = ORIENTED_EDGE('',*,*,#411,.T.);
#4104 = ORIENTED_EDGE('',*,*,#4105,.T.);
#4105 = EDGE_CURVE('',#412,#4106,#4108,.T.);
#4106 = VERTEX_POINT('',#4107);
#4107 = CARTESIAN_POINT('',(385.02635753243,162.02778855067,
    5.295942910796));
#4108 = B_SPLINE_CURVE_WITH_KNOTS('',3,(#4109,#4110,#4111,#4112,#4113,
    #4114),.UNSPECIFIED.,.F.,.F.,(4,2,4),(2.396239017064,2.705229067258,
    5.146777774414),.UNSPECIFIED.);
#4109 = CARTESIAN_POINT('',(385.02635753243,164.77767275428,
    5.235940223963));
#4110 = CARTESIAN_POINT('',(385.02635753243,164.6747005813,
    5.238187084773));
#4111 = CARTESIAN_POINT('',(385.02635753243,164.57172840832,
    5.240433945582));
#4112 = CARTESIAN_POINT('',(385.02635753243,163.65510034046,
    5.260434841193));
#4113 = CARTESIAN_POINT('',(385.02635753243,162.84144444557,
    5.278188875995));
#4114 = CARTESIAN_POINT('',(385.02635753243,162.02778855067,
    5.295942910796));
#4115 = ORIENTED_EDGE('',*,*,#4116,.T.);
#4116 = EDGE_CURVE('',#4106,#4117,#4119,.T.);
#4117 = VERTEX_POINT('',#4118);
#4118 = CARTESIAN_POINT('',(396.32635753243,162.1002270264,
    5.451472579254));
#4119 = B_SPLINE_CURVE_WITH_KNOTS('',3,(#4120,#4121,#4122,#4123,#4124,
    #4125),.UNSPECIFIED.,.F.,.F.,(4,2,4),(0.112818792382,5.769168844431,
    11.414586021186),.UNSPECIFIED.);
#4120 = CARTESIAN_POINT('',(385.02635753243,162.02778855067,
    5.295942910796));
#4121 = CARTESIAN_POINT('',(386.91180546479,162.0284458626,5.29735419817
    ));
#4122 = CARTESIAN_POINT('',(388.79720677775,162.03482313422,
    5.311046575475));
#4123 = CARTESIAN_POINT('',(392.56402755103,162.05899277507,
    5.362940216126));
#4124 = CARTESIAN_POINT('',(394.44537422547,162.07676258557,
    5.401093044552));
#4125 = CARTESIAN_POINT('',(396.32635753242,162.1002270264,
    5.451472579254));
#4126 = ORIENTED_EDGE('',*,*,#4127,.T.);
#4127 = EDGE_CURVE('',#4117,#2242,#4128,.T.);
#4128 = B_SPLINE_CURVE_WITH_KNOTS('',3,(#4129,#4130,#4131,#4132,#4133,
    #4134),.UNSPECIFIED.,.F.,.F.,(4,2,4),(0.332708735582,2.705229067258,
    3.010791774713),.UNSPECIFIED.);
#4129 = CARTESIAN_POINT('',(396.32635753243,162.1002270264,
    5.451472579254));
#4130 = CARTESIAN_POINT('',(396.32635753243,162.89087893842,
    5.434220493145));
#4131 = CARTESIAN_POINT('',(396.32635753243,163.68153085045,
    5.416968407035));
#4132 = CARTESIAN_POINT('',(396.32635753243,164.57401275974,
    5.397494382479));
#4133 = CARTESIAN_POINT('',(396.32635753243,164.67584275701,
    5.395272444032));
#4134 = CARTESIAN_POINT('',(396.32635753243,164.77767275428,
    5.393050505585));
#4135 = ORIENTED_EDGE('',*,*,#2249,.T.);
#4136 = ORIENTED_EDGE('',*,*,#4075,.T.);
#4137 = B_SPLINE_SURFACE_WITH_KNOTS('',3,3,(
    (#4138,#4139,#4140,#4141)
    ,(#4142,#4143,#4144,#4145)
    ,(#4146,#4147,#4148,#4149)
    ,(#4150,#4151,#4152,#4153
    )),.UNSPECIFIED.,.F.,.F.,.F.,(4,4),(4,4),(5.059259712412E-02,
    6.250850892363E-02),(6.935248871534E-02,9.562756866335E-02),
  .PIECEWISE_BEZIER_KNOTS.);
#4138 = CARTESIAN_POINT('',(385.0263575323,167.13286160616,5.18454982035
    ));
#4139 = CARTESIAN_POINT('',(388.79356198556,167.1329237304,
    5.187396933576));
#4140 = CARTESIAN_POINT('',(392.56087926042,167.13406620374,
    5.239755745553));
#4141 = CARTESIAN_POINT('',(396.32635753242,167.13628813329,
    5.341585334884));
#4142 = CARTESIAN_POINT('',(385.0263575323,165.43117058766,
    5.221680850499));
#4143 = CARTESIAN_POINT('',(388.79356198556,165.4312327119,
    5.224527963725));
#4144 = CARTESIAN_POINT('',(392.56087926042,165.43237518524,
    5.276886775702));
#4145 = CARTESIAN_POINT('',(396.32635753242,165.43459711479,
    5.378716365033));
#4146 = CARTESIAN_POINT('',(385.0263575323,163.72947956917,
    5.258811880648));
#4147 = CARTESIAN_POINT('',(388.79356198556,163.7295416934,
    5.261658993873));
#4148 = CARTESIAN_POINT('',(392.56087926042,163.73068416674,
    5.314017805851));
#4149 = CARTESIAN_POINT('',(396.32635753243,163.73290609629,
    5.415847395182));
#4150 = CARTESIAN_POINT('',(385.0263575323,162.02778855067,
    5.295942910796));
#4151 = CARTESIAN_POINT('',(388.79356198556,162.0278506749,
    5.298790024022));
#4152 = CARTESIAN_POINT('',(392.56087926042,162.02899314824,5.351148836)
  );
#4153 = CARTESIAN_POINT('',(396.32635753243,162.03121507779,
    5.452978425331));
#4154 = ADVANCED_FACE('',(#4155),#4174,.T.);
#4155 = FACE_BOUND('',#4156,.T.);
#4156 = EDGE_LOOP('',(#4157,#4158,#4164,#4165));
#4157 = ORIENTED_EDGE('',*,*,#630,.F.);
#4158 = ORIENTED_EDGE('',*,*,#4159,.F.);
#4159 = EDGE_CURVE('',#504,#622,#4160,.T.);
#4160 = LINE('',#4161,#4162);
#4161 = CARTESIAN_POINT('',(384.70135753242,167.1330411991,
    3.012933555441));
#4162 = VECTOR('',#4163,1.);
#4163 = DIRECTION('',(-1.,4.042198674546E-13,0.));
#4164 = ORIENTED_EDGE('',*,*,#503,.F.);
#4165 = ORIENTED_EDGE('',*,*,#4166,.T.);
#4166 = EDGE_CURVE('',#487,#631,#4167,.T.);
#4167 = B_SPLINE_CURVE_WITH_KNOTS('',3,(#4168,#4169,#4170,#4171,#4172,
    #4173),.UNSPECIFIED.,.F.,.F.,(4,2,4),(2.468223309701,5.769511106863,
    9.058214022042),.UNSPECIFIED.);
#4168 = CARTESIAN_POINT('',(382.02098908759,167.13304119909,
    5.192780447421));
#4169 = CARTESIAN_POINT('',(380.92058729357,167.13304119909,
    5.199642641788));
#4170 = CARTESIAN_POINT('',(379.82021287733,167.13304119909,
    5.210730650394));
#4171 = CARTESIAN_POINT('',(377.62376201638,167.13304119909,
    5.241299567449));
#4172 = CARTESIAN_POINT('',(376.52769926924,167.13304119909,
    5.260748123971));
#4173 = CARTESIAN_POINT('',(375.43172597726,167.1330411991,
    5.284389470088));
#4174 = PLANE('',#4175);
#4175 = AXIS2_PLACEMENT_3D('',#4176,#4177,#4178);
#4176 = CARTESIAN_POINT('',(384.70135753242,167.13304119909,
    4.512933555441));
#4177 = DIRECTION('',(-4.042198674546E-13,-1.,0.));
#4178 = DIRECTION('',(-0.,0.,-1.));
#4179 = ADVANCED_FACE('',(#4180),#4192,.F.);
#4180 = FACE_BOUND('',#4181,.T.);
#4181 = EDGE_LOOP('',(#4182,#4183,#4190,#4191));
#4182 = ORIENTED_EDGE('',*,*,#621,.F.);
#4183 = ORIENTED_EDGE('',*,*,#4184,.T.);
#4184 = EDGE_CURVE('',#615,#512,#4185,.T.);
#4185 = B_SPLINE_CURVE_WITH_KNOTS('',3,(#4186,#4187,#4188,#4189),
  .UNSPECIFIED.,.F.,.F.,(4,4),(-8.944631555189,-2.355368444827),
  .PIECEWISE_BEZIER_KNOTS.);
#4186 = CARTESIAN_POINT('',(375.43172597724,167.7830411991,
    3.012933555441));
#4187 = CARTESIAN_POINT('',(377.62814701403,167.7830411991,
    3.012933555441));
#4188 = CARTESIAN_POINT('',(379.82456805081,167.7830411991,
    3.012933555441));
#4189 = CARTESIAN_POINT('',(382.0209890876,167.7830411991,3.012933555441
    ));
#4190 = ORIENTED_EDGE('',*,*,#511,.F.);
#4191 = ORIENTED_EDGE('',*,*,#4159,.T.);
#4192 = PLANE('',#4193);
#4193 = AXIS2_PLACEMENT_3D('',#4194,#4195,#4196);
#4194 = CARTESIAN_POINT('',(384.70135753242,167.78304119909,
    3.012933555441));
#4195 = DIRECTION('',(0.,0.,1.));
#4196 = DIRECTION('',(1.,0.,-0.));
#4197 = ADVANCED_FACE('',(#4198),#4204,.F.);
#4198 = FACE_BOUND('',#4199,.F.);
#4199 = EDGE_LOOP('',(#4200,#4201,#4202,#4203));
#4200 = ORIENTED_EDGE('',*,*,#4184,.T.);
#4201 = ORIENTED_EDGE('',*,*,#520,.T.);
#4202 = ORIENTED_EDGE('',*,*,#312,.F.);
#4203 = ORIENTED_EDGE('',*,*,#614,.T.);
#4204 = B_SPLINE_SURFACE_WITH_KNOTS('',1,1,(
    (#4205,#4206,#4207,#4208)
    ,(#4209,#4210,#4211,#4212)
    ,(#4213,#4214,#4215,#4216
    )),.UNSPECIFIED.,.F.,.F.,.F.,(2,1,2),(2,1,1,2),(-48.99999999999,
    2.025046796916E-13,18.),(-113.9999999999,0.,3.,39.650002000038),
  .UNSPECIFIED.);
#4205 = CARTESIAN_POINT('',(326.70135753242,167.78304119912,
    -110.9870664445));
#4206 = CARTESIAN_POINT('',(326.70135753242,167.78304119912,
    3.012933555441));
#4207 = CARTESIAN_POINT('',(326.70135753242,167.78304119912,
    6.012933555441));
#4208 = CARTESIAN_POINT('',(326.70135753242,167.78304119912,
    42.66293555548));
#4209 = CARTESIAN_POINT('',(375.70135753242,167.7830411991,
    -110.9870664445));
#4210 = CARTESIAN_POINT('',(375.70135753242,167.7830411991,
    3.012933555441));
#4211 = CARTESIAN_POINT('',(375.70135753242,167.7830411991,
    6.012933555441));
#4212 = CARTESIAN_POINT('',(375.70135753242,167.7830411991,
    42.66293555548));
#4213 = CARTESIAN_POINT('',(393.70135753242,167.78304119909,
    -110.9870664445));
#4214 = CARTESIAN_POINT('',(393.70135753242,167.78304119909,
    3.012933555441));
#4215 = CARTESIAN_POINT('',(393.70135753242,167.78304119909,
    6.012933555441));
#4216 = CARTESIAN_POINT('',(393.70135753242,167.78304119909,
    42.66293555548));
#4217 = ADVANCED_FACE('',(#4218),#4246,.T.);
#4218 = FACE_BOUND('',#4219,.T.);
#4219 = EDGE_LOOP('',(#4220,#4230,#4236,#4237));
#4220 = ORIENTED_EDGE('',*,*,#4221,.F.);
#4221 = EDGE_CURVE('',#4222,#4224,#4226,.T.);
#4222 = VERTEX_POINT('',#4223);
#4223 = CARTESIAN_POINT('',(373.07635753243,160.96446912489,
    3.012933555441));
#4224 = VERTEX_POINT('',#4225);
#4225 = CARTESIAN_POINT('',(373.07635753243,162.1002270264,
    5.451472579254));
#4226 = LINE('',#4227,#4228);
#4227 = CARTESIAN_POINT('',(373.07635753243,162.7303162761,6.80431126245
    ));
#4228 = VECTOR('',#4229,1.);
#4229 = DIRECTION('',(0.,0.42220553922,0.906500128324));
#4230 = ORIENTED_EDGE('',*,*,#4231,.F.);
#4231 = EDGE_CURVE('',#656,#4222,#4232,.T.);
#4232 = LINE('',#4233,#4234);
#4233 = CARTESIAN_POINT('',(373.07635753243,167.45804119909,
    3.012933555441));
#4234 = VECTOR('',#4235,1.);
#4235 = DIRECTION('',(0.,-1.,0.));
#4236 = ORIENTED_EDGE('',*,*,#655,.F.);
#4237 = ORIENTED_EDGE('',*,*,#4238,.T.);
#4238 = EDGE_CURVE('',#639,#4224,#4239,.T.);
#4239 = B_SPLINE_CURVE_WITH_KNOTS('',3,(#4240,#4241,#4242,#4243,#4244,
    #4245),.UNSPECIFIED.,.F.,.F.,(4,2,4),(2.399666370323,2.705229072522,
    5.077749409455),.UNSPECIFIED.);
#4240 = CARTESIAN_POINT('',(373.07635753243,164.77767275428,
    5.393050505585));
#4241 = CARTESIAN_POINT('',(373.07635753243,164.67584275877,
    5.395272443994));
#4242 = CARTESIAN_POINT('',(373.07635753243,164.57401276325,
    5.397494382403));
#4243 = CARTESIAN_POINT('',(373.07635753243,163.68153085395,
    5.416968406959));
#4244 = CARTESIAN_POINT('',(373.07635753243,162.89087894017,
    5.434220493107));
#4245 = CARTESIAN_POINT('',(373.07635753243,162.1002270264,
    5.451472579254));
#4246 = PLANE('',#4247);
#4247 = AXIS2_PLACEMENT_3D('',#4248,#4249,#4250);
#4248 = CARTESIAN_POINT('',(373.07635753243,167.45804119909,
    4.512933555441));
#4249 = DIRECTION('',(1.,0.,0.));
#4250 = DIRECTION('',(0.,-1.,0.));
#4251 = ADVANCED_FACE('',(#4252),#4271,.F.);
#4252 = FACE_BOUND('',#4253,.T.);
#4253 = EDGE_LOOP('',(#4254,#4262,#4268,#4269,#4270));
#4254 = ORIENTED_EDGE('',*,*,#4255,.F.);
#4255 = EDGE_CURVE('',#4256,#4222,#4258,.T.);
#4256 = VERTEX_POINT('',#4257);
#4257 = CARTESIAN_POINT('',(372.42635753243,160.96446912489,
    3.012933555441));
#4258 = LINE('',#4259,#4260);
#4259 = CARTESIAN_POINT('',(395.16073253243,160.96446912489,
    3.012933555441));
#4260 = VECTOR('',#4261,1.);
#4261 = DIRECTION('',(1.,-3.433382011053E-28,0.));
#4262 = ORIENTED_EDGE('',*,*,#4263,.T.);
#4263 = EDGE_CURVE('',#4256,#689,#4264,.T.);
#4264 = LINE('',#4265,#4266);
#4265 = CARTESIAN_POINT('',(372.42635753243,167.45804119909,
    3.012933555441));
#4266 = VECTOR('',#4267,1.);
#4267 = DIRECTION('',(0.,1.,0.));
#4268 = ORIENTED_EDGE('',*,*,#688,.F.);
#4269 = ORIENTED_EDGE('',*,*,#663,.F.);
#4270 = ORIENTED_EDGE('',*,*,#4231,.T.);
#4271 = PLANE('',#4272);
#4272 = AXIS2_PLACEMENT_3D('',#4273,#4274,#4275);
#4273 = CARTESIAN_POINT('',(384.70135753242,167.78304119909,
    3.012933555441));
#4274 = DIRECTION('',(0.,0.,1.));
#4275 = DIRECTION('',(1.,0.,-0.));
#4276 = ADVANCED_FACE('',(#4277),#4288,.F.);
#4277 = FACE_BOUND('',#4278,.T.);
#4278 = EDGE_LOOP('',(#4279,#4285,#4286,#4287));
#4279 = ORIENTED_EDGE('',*,*,#4280,.F.);
#4280 = EDGE_CURVE('',#1999,#4256,#4281,.T.);
#4281 = LINE('',#4282,#4283);
#4282 = CARTESIAN_POINT('',(372.42635753243,162.7303162761,6.80431126245
    ));
#4283 = VECTOR('',#4284,1.);
#4284 = DIRECTION('',(0.,-0.42220553922,-0.906500128324));
#4285 = ORIENTED_EDGE('',*,*,#2009,.T.);
#4286 = ORIENTED_EDGE('',*,*,#697,.F.);
#4287 = ORIENTED_EDGE('',*,*,#4263,.F.);
#4288 = PLANE('',#4289);
#4289 = AXIS2_PLACEMENT_3D('',#4290,#4291,#4292);
#4290 = CARTESIAN_POINT('',(372.42635753243,167.45804119909,
    4.512933555441));
#4291 = DIRECTION('',(1.,0.,0.));
#4292 = DIRECTION('',(0.,-1.,0.));
#4293 = ADVANCED_FACE('',(#4294),#4320,.F.);
#4294 = FACE_BOUND('',#4295,.F.);
#4295 = EDGE_LOOP('',(#4296,#4297,#4298,#4309,#4318,#4319));
#4296 = ORIENTED_EDGE('',*,*,#638,.T.);
#4297 = ORIENTED_EDGE('',*,*,#4238,.T.);
#4298 = ORIENTED_EDGE('',*,*,#4299,.T.);
#4299 = EDGE_CURVE('',#4224,#4300,#4302,.T.);
#4300 = VERTEX_POINT('',#4301);
#4301 = CARTESIAN_POINT('',(384.37635753242,162.02778855067,
    5.295942910797));
#4302 = B_SPLINE_CURVE_WITH_KNOTS('',3,(#4303,#4304,#4305,#4306,#4307,
    #4308),.UNSPECIFIED.,.F.,.F.,(4,2,4),(0.123939216344,5.766002563868,
    11.425706486473),.UNSPECIFIED.);
#4303 = CARTESIAN_POINT('',(373.07635753243,162.1002270264,
    5.451472579254));
#4304 = CARTESIAN_POINT('',(374.95622337909,162.0767765254,5.40112297418
    ));
#4305 = CARTESIAN_POINT('',(376.83645218287,162.0590138903,5.36298555177
    ));
#4306 = CARTESIAN_POINT('',(380.60327246829,162.03483069883,
    5.311062817151));
#4307 = CARTESIAN_POINT('',(382.4897916523,162.02844625234,
    5.297355034971));
#4308 = CARTESIAN_POINT('',(384.37635753241,162.02778855067,
    5.295942910796));
#4309 = ORIENTED_EDGE('',*,*,#4310,.T.);
#4310 = EDGE_CURVE('',#4300,#478,#4311,.T.);
#4311 = B_SPLINE_CURVE_WITH_KNOTS('',3,(#4312,#4313,#4314,#4315,#4316,
    #4317),.UNSPECIFIED.,.F.,.F.,(4,2,4),(0.263680360102,2.705229072522,
    3.01421911744),.UNSPECIFIED.);
#4312 = CARTESIAN_POINT('',(384.37635753242,162.02778855067,
    5.295942910797));
#4313 = CARTESIAN_POINT('',(384.37635753242,162.84144444732,
    5.278188875957));
#4314 = CARTESIAN_POINT('',(384.37635753242,163.65510034397,
    5.260434841117));
#4315 = CARTESIAN_POINT('',(384.37635753242,164.57172841183,
    5.240433945506));
#4316 = CARTESIAN_POINT('',(384.37635753242,164.67470058305,
    5.238187084734));
#4317 = CARTESIAN_POINT('',(384.37635753242,164.77767275427,
    5.235940223963));
#4318 = ORIENTED_EDGE('',*,*,#486,.T.);
#4319 = ORIENTED_EDGE('',*,*,#4166,.T.);
#4320 = B_SPLINE_SURFACE_WITH_KNOTS('',3,3,(
    (#4321,#4322,#4323,#4324)
    ,(#4325,#4326,#4327,#4328)
    ,(#4329,#4330,#4331,#4332)
    ,(#4333,#4334,#4335,#4336
    )),.UNSPECIFIED.,.F.,.F.,.F.,(4,4),(4,4),(5.059259712392E-02,
    6.250850892363E-02),(4.156372761718E-02,6.784130260089E-02),
  .PIECEWISE_BEZIER_KNOTS.);
#4321 = CARTESIAN_POINT('',(373.07635753243,167.13628813337,
    5.341585334883));
#4322 = CARTESIAN_POINT('',(376.84149771793,167.13406640332,
    5.239764888403));
#4323 = CARTESIAN_POINT('',(380.60881480739,167.13292373607,
    5.187397189228));
#4324 = CARTESIAN_POINT('',(384.37635753243,167.13286160626,
    5.184549820348));
#4325 = CARTESIAN_POINT('',(373.07635753243,165.43459711485,
    5.378716365032));
#4326 = CARTESIAN_POINT('',(376.84149771793,165.4323753848,
    5.276895918553));
#4327 = CARTESIAN_POINT('',(380.60881480739,165.43123271754,
    5.224528219378));
#4328 = CARTESIAN_POINT('',(384.37635753243,165.43117058773,
    5.221680850498));
#4329 = CARTESIAN_POINT('',(373.07635753243,163.73290609632,
    5.415847395182));
#4330 = CARTESIAN_POINT('',(376.84149771794,163.73068436627,
    5.314026948702));
#4331 = CARTESIAN_POINT('',(380.6088148074,163.729541699,5.261659249527)
  );
#4332 = CARTESIAN_POINT('',(384.37635753243,163.7294795692,
    5.258811880647));
#4333 = CARTESIAN_POINT('',(373.07635753243,162.03121507779,
    5.452978425331));
#4334 = CARTESIAN_POINT('',(376.84149771794,162.02899334774,
    5.351157978852));
#4335 = CARTESIAN_POINT('',(380.6088148074,162.02785068048,
    5.298790279677));
#4336 = CARTESIAN_POINT('',(384.37635753243,162.02778855067,
    5.295942910797));
#4337 = ADVANCED_FACE('',(#4338),#4399,.F.);
#4338 = FACE_BOUND('',#4339,.T.);
#4339 = EDGE_LOOP('',(#4340,#4341,#4342,#4343,#4344,#4352,#4360,#4366,
    #4367,#4375,#4383,#4389,#4390,#4391,#4397,#4398));
#4340 = ORIENTED_EDGE('',*,*,#4280,.T.);
#4341 = ORIENTED_EDGE('',*,*,#4255,.T.);
#4342 = ORIENTED_EDGE('',*,*,#4221,.T.);
#4343 = ORIENTED_EDGE('',*,*,#4299,.T.);
#4344 = ORIENTED_EDGE('',*,*,#4345,.T.);
#4345 = EDGE_CURVE('',#4300,#4346,#4348,.T.);
#4346 = VERTEX_POINT('',#4347);
#4347 = CARTESIAN_POINT('',(384.37635753243,160.96446912489,
    3.012933555441));
#4348 = LINE('',#4349,#4350);
#4349 = CARTESIAN_POINT('',(384.37635753242,162.76454132742,
    6.877794460876));
#4350 = VECTOR('',#4351,1.);
#4351 = DIRECTION('',(7.781882676491E-29,-0.42220553922,-0.906500128324)
  );
#4352 = ORIENTED_EDGE('',*,*,#4353,.T.);
#4353 = EDGE_CURVE('',#4346,#4354,#4356,.T.);
#4354 = VERTEX_POINT('',#4355);
#4355 = CARTESIAN_POINT('',(385.02635753243,160.96446912489,
    3.012933555441));
#4356 = LINE('',#4357,#4358);
#4357 = CARTESIAN_POINT('',(395.16073253243,160.96446912489,
    3.012933555441));
#4358 = VECTOR('',#4359,1.);
#4359 = DIRECTION('',(1.,-3.433382011053E-28,0.));
#4360 = ORIENTED_EDGE('',*,*,#4361,.T.);
#4361 = EDGE_CURVE('',#4354,#4106,#4362,.T.);
#4362 = LINE('',#4363,#4364);
#4363 = CARTESIAN_POINT('',(385.02635753243,162.7303162761,
    6.804311262451));
#4364 = VECTOR('',#4365,1.);
#4365 = DIRECTION('',(8.533193355102E-14,0.42220553922,0.906500128324));
#4366 = ORIENTED_EDGE('',*,*,#4116,.T.);
#4367 = ORIENTED_EDGE('',*,*,#4368,.T.);
#4368 = EDGE_CURVE('',#4117,#4369,#4371,.T.);
#4369 = VERTEX_POINT('',#4370);
#4370 = CARTESIAN_POINT('',(396.32635753243,160.96446912489,
    3.012933555441));
#4371 = LINE('',#4372,#4373);
#4372 = CARTESIAN_POINT('',(396.32635753243,162.7303162761,6.80431126245
    ));
#4373 = VECTOR('',#4374,1.);
#4374 = DIRECTION('',(0.,-0.42220553922,-0.906500128324));
#4375 = ORIENTED_EDGE('',*,*,#4376,.T.);
#4376 = EDGE_CURVE('',#4369,#4377,#4379,.T.);
#4377 = VERTEX_POINT('',#4378);
#4378 = CARTESIAN_POINT('',(396.97635753243,160.96446912489,
    3.012933555441));
#4379 = LINE('',#4380,#4381);
#4380 = CARTESIAN_POINT('',(395.16073253243,160.96446912489,
    3.012933555441));
#4381 = VECTOR('',#4382,1.);
#4382 = DIRECTION('',(1.,-3.433382011053E-28,0.));
#4383 = ORIENTED_EDGE('',*,*,#4384,.T.);
#4384 = EDGE_CURVE('',#4377,#2301,#4385,.T.);
#4385 = LINE('',#4386,#4387);
#4386 = CARTESIAN_POINT('',(396.97635753243,162.7303162761,6.80431126245
    ));
#4387 = VECTOR('',#4388,1.);
#4388 = DIRECTION('',(0.,0.42220553922,0.906500128324));
#4389 = ORIENTED_EDGE('',*,*,#2311,.T.);
#4390 = ORIENTED_EDGE('',*,*,#2353,.T.);
#4391 = ORIENTED_EDGE('',*,*,#4392,.F.);
#4392 = EDGE_CURVE('',#1203,#2354,#4393,.T.);
#4393 = LINE('',#4394,#4395);
#4394 = CARTESIAN_POINT('',(403.49510753243,159.56118500322,
    9.564260494699E-11));
#4395 = VECTOR('',#4396,1.);
#4396 = DIRECTION('',(1.,1.382413378143E-34,2.968122840996E-34));
#4397 = ORIENTED_EDGE('',*,*,#1202,.F.);
#4398 = ORIENTED_EDGE('',*,*,#1998,.T.);
#4399 = PLANE('',#4400);
#4400 = AXIS2_PLACEMENT_3D('',#4401,#4402,#4403);
#4401 = CARTESIAN_POINT('',(405.62010753243,162.76454132742,
    6.877794460876));
#4402 = DIRECTION('',(-3.112361233606E-28,-0.906500128324,0.42220553922)
  );
#4403 = DIRECTION('',(-7.781882676491E-29,0.42220553922,0.906500128324)
  );
#4404 = ADVANCED_FACE('',(#4405),#4422,.F.);
#4405 = FACE_BOUND('',#4406,.T.);
#4406 = EDGE_LOOP('',(#4407,#4408,#4414,#4415,#4421));
#4407 = ORIENTED_EDGE('',*,*,#2207,.F.);
#4408 = ORIENTED_EDGE('',*,*,#4409,.F.);
#4409 = EDGE_CURVE('',#4377,#2200,#4410,.T.);
#4410 = LINE('',#4411,#4412);
#4411 = CARTESIAN_POINT('',(396.97635753243,167.45804119909,
    3.012933555441));
#4412 = VECTOR('',#4413,1.);
#4413 = DIRECTION('',(0.,1.,0.));
#4414 = ORIENTED_EDGE('',*,*,#4376,.F.);
#4415 = ORIENTED_EDGE('',*,*,#4416,.F.);
#4416 = EDGE_CURVE('',#2233,#4369,#4417,.T.);
#4417 = LINE('',#4418,#4419);
#4418 = CARTESIAN_POINT('',(396.32635753243,167.45804119909,
    3.012933555441));
#4419 = VECTOR('',#4420,1.);
#4420 = DIRECTION('',(0.,-1.,0.));
#4421 = ORIENTED_EDGE('',*,*,#2232,.F.);
#4422 = PLANE('',#4423);
#4423 = AXIS2_PLACEMENT_3D('',#4424,#4425,#4426);
#4424 = CARTESIAN_POINT('',(384.70135753242,167.78304119909,
    3.012933555441));
#4425 = DIRECTION('',(0.,0.,1.));
#4426 = DIRECTION('',(1.,0.,-0.));
#4427 = ADVANCED_FACE('',(#4428),#4434,.F.);
#4428 = FACE_BOUND('',#4429,.T.);
#4429 = EDGE_LOOP('',(#4430,#4431,#4432,#4433));
#4430 = ORIENTED_EDGE('',*,*,#2241,.F.);
#4431 = ORIENTED_EDGE('',*,*,#4416,.T.);
#4432 = ORIENTED_EDGE('',*,*,#4368,.F.);
#4433 = ORIENTED_EDGE('',*,*,#4127,.T.);
#4434 = PLANE('',#4435);
#4435 = AXIS2_PLACEMENT_3D('',#4436,#4437,#4438);
#4436 = CARTESIAN_POINT('',(396.32635753243,167.45804119909,
    4.512933555441));
#4437 = DIRECTION('',(1.,0.,0.));
#4438 = DIRECTION('',(0.,-1.,0.));
#4439 = ADVANCED_FACE('',(#4440),#4446,.T.);
#4440 = FACE_BOUND('',#4441,.T.);
#4441 = EDGE_LOOP('',(#4442,#4443,#4444,#4445));
#4442 = ORIENTED_EDGE('',*,*,#2199,.F.);
#4443 = ORIENTED_EDGE('',*,*,#2300,.T.);
#4444 = ORIENTED_EDGE('',*,*,#4384,.F.);
#4445 = ORIENTED_EDGE('',*,*,#4409,.T.);
#4446 = PLANE('',#4447);
#4447 = AXIS2_PLACEMENT_3D('',#4448,#4449,#4450);
#4448 = CARTESIAN_POINT('',(396.97635753243,167.45804119909,
    4.512933555441));
#4449 = DIRECTION('',(1.,0.,0.));
#4450 = DIRECTION('',(0.,-1.,0.));
#4451 = ADVANCED_FACE('',(#4452),#4462,.F.);
#4452 = FACE_BOUND('',#4453,.F.);
#4453 = EDGE_LOOP('',(#4454,#4459,#4460,#4461));
#4454 = ORIENTED_EDGE('',*,*,#4455,.T.);
#4455 = EDGE_CURVE('',#4346,#469,#4456,.T.);
#4456 = B_SPLINE_CURVE_WITH_KNOTS('',1,(#4457,#4458),.UNSPECIFIED.,.F.,
  .F.,(2,2),(2.5064279258,6.319631555192),.PIECEWISE_BEZIER_KNOTS.);
#4457 = CARTESIAN_POINT('',(384.37635753243,160.96446912489,
    3.012933555441));
#4458 = CARTESIAN_POINT('',(384.37635753243,164.77767275428,
    3.012933555441));
#4459 = ORIENTED_EDGE('',*,*,#477,.F.);
#4460 = ORIENTED_EDGE('',*,*,#4310,.F.);
#4461 = ORIENTED_EDGE('',*,*,#4345,.T.);
#4462 = B_SPLINE_SURFACE_WITH_KNOTS('',1,1,(
    (#4463,#4464,#4465)
    ,(#4466,#4467,#4468)
    ,(#4469,#4470,#4471)
    ,(#4472,#4473,#4474
    )),.UNSPECIFIED.,.F.,.F.,.F.,(2,1,1,2),(2,1,2),(-66.20000000002,
    -3.4354741274E-12,18.000000000003,20.700000000005),(0.,3.,10.5),
  .UNSPECIFIED.);
#4463 = CARTESIAN_POINT('',(384.37635753241,92.258041199093,
    3.012933555441));
#4464 = CARTESIAN_POINT('',(384.37635753241,92.258041199093,
    6.012933555441));
#4465 = CARTESIAN_POINT('',(384.37635753241,92.258041199093,
    13.512933555441));
#4466 = CARTESIAN_POINT('',(384.37635753242,158.45804119909,
    3.012933555441));
#4467 = CARTESIAN_POINT('',(384.37635753242,158.45804119909,
    6.012933555441));
#4468 = CARTESIAN_POINT('',(384.37635753242,158.45804119909,
    13.512933555441));
#4469 = CARTESIAN_POINT('',(384.37635753243,176.45804119909,
    3.012933555441));
#4470 = CARTESIAN_POINT('',(384.37635753243,176.45804119909,
    6.012933555441));
#4471 = CARTESIAN_POINT('',(384.37635753243,176.45804119909,
    13.512933555441));
#4472 = CARTESIAN_POINT('',(384.37635753243,179.15804119908,
    3.012933555441));
#4473 = CARTESIAN_POINT('',(384.37635753243,179.15804119908,
    6.012933555441));
#4474 = CARTESIAN_POINT('',(384.37635753243,179.15804119908,
    13.512933555441));
#4475 = ADVANCED_FACE('',(#4476),#4487,.T.);
#4476 = FACE_BOUND('',#4477,.T.);
#4477 = EDGE_LOOP('',(#4478,#4479,#4485,#4486));
#4478 = ORIENTED_EDGE('',*,*,#4361,.F.);
#4479 = ORIENTED_EDGE('',*,*,#4480,.F.);
#4480 = EDGE_CURVE('',#436,#4354,#4481,.T.);
#4481 = LINE('',#4482,#4483);
#4482 = CARTESIAN_POINT('',(385.02635753243,167.45804119909,
    3.012933555441));
#4483 = VECTOR('',#4484,1.);
#4484 = DIRECTION('',(-2.021099337273E-13,-1.,0.));
#4485 = ORIENTED_EDGE('',*,*,#435,.F.);
#4486 = ORIENTED_EDGE('',*,*,#4105,.T.);
#4487 = PLANE('',#4488);
#4488 = AXIS2_PLACEMENT_3D('',#4489,#4490,#4491);
#4489 = CARTESIAN_POINT('',(385.02635753243,167.45804119909,
    4.512933555441));
#4490 = DIRECTION('',(1.,-2.021099337273E-13,0.));
#4491 = DIRECTION('',(0.,0.,-1.));
#4492 = ADVANCED_FACE('',(#4493),#4500,.F.);
#4493 = FACE_BOUND('',#4494,.T.);
#4494 = EDGE_LOOP('',(#4495,#4496,#4497,#4498,#4499));
#4495 = ORIENTED_EDGE('',*,*,#4353,.F.);
#4496 = ORIENTED_EDGE('',*,*,#4455,.T.);
#4497 = ORIENTED_EDGE('',*,*,#468,.F.);
#4498 = ORIENTED_EDGE('',*,*,#443,.F.);
#4499 = ORIENTED_EDGE('',*,*,#4480,.T.);
#4500 = PLANE('',#4501);
#4501 = AXIS2_PLACEMENT_3D('',#4502,#4503,#4504);
#4502 = CARTESIAN_POINT('',(384.70135753242,167.78304119909,
    3.012933555441));
#4503 = DIRECTION('',(0.,0.,1.));
#4504 = DIRECTION('',(1.,0.,-0.));
#4505 = ADVANCED_FACE('',(#4506),#4624,.F.);
#4506 = FACE_BOUND('',#4507,.F.);
#4507 = EDGE_LOOP('',(#4508,#4519,#4528,#4539,#4548,#4557,#4568,#4577,
    #4586,#4597,#4606,#4615));
#4508 = ORIENTED_EDGE('',*,*,#4509,.T.);
#4509 = EDGE_CURVE('',#4510,#4512,#4514,.T.);
#4510 = VERTEX_POINT('',#4511);
#4511 = CARTESIAN_POINT('',(396.15135753242,169.4580411991,
    5.286225399345));
#4512 = VERTEX_POINT('',#4513);
#4513 = CARTESIAN_POINT('',(396.15135753242,167.9580411991,5.31895551581
    ));
#4514 = B_SPLINE_CURVE_WITH_KNOTS('',3,(#4515,#4516,#4517,#4518),
  .UNSPECIFIED.,.F.,.F.,(4,4),(3.12844632402E-02,1.531641507588),
  .PIECEWISE_BEZIER_KNOTS.);
#4515 = CARTESIAN_POINT('',(396.15135753242,169.4580411991,
    5.286225399345));
#4516 = CARTESIAN_POINT('',(396.15135753242,168.9580411991,
    5.297135438166));
#4517 = CARTESIAN_POINT('',(396.15135753242,168.4580411991,
    5.308045476988));
#4518 = CARTESIAN_POINT('',(396.15135753242,167.9580411991,5.31895551581
    ));
#4519 = ORIENTED_EDGE('',*,*,#4520,.T.);
#4520 = EDGE_CURVE('',#4512,#4521,#4523,.T.);
#4521 = VERTEX_POINT('',#4522);
#4522 = CARTESIAN_POINT('',(394.65135753242,167.9580411991,
    5.281603071094));
#4523 = B_SPLINE_CURVE_WITH_KNOTS('',3,(#4524,#4525,#4526,#4527),
  .UNSPECIFIED.,.F.,.F.,(4,4),(2.554145317393,4.054611886608),
  .PIECEWISE_BEZIER_KNOTS.);
#4524 = CARTESIAN_POINT('',(396.15135753242,167.9580411991,5.31895551581
    ));
#4525 = CARTESIAN_POINT('',(395.6513797674,167.9580411991,5.305631993908
    ));
#4526 = CARTESIAN_POINT('',(395.15137900616,167.9580411991,
    5.293181159584));
#4527 = CARTESIAN_POINT('',(394.65135753249,167.9580411991,
    5.281603071096));
#4528 = ORIENTED_EDGE('',*,*,#4529,.T.);
#4529 = EDGE_CURVE('',#4521,#4530,#4532,.T.);
#4530 = VERTEX_POINT('',#4531);
#4531 = CARTESIAN_POINT('',(394.65135753242,166.9580411991,
    5.303423148738));
#4532 = B_SPLINE_CURVE_WITH_KNOTS('',3,(#4533,#4534,#4535,#4536,#4537,
    #4538),.UNSPECIFIED.,.F.,.F.,(4,2,4),(1.530826668299,2.020787505537,
    2.531064697865),.UNSPECIFIED.);
#4533 = CARTESIAN_POINT('',(394.65135753242,167.9580411991,
    5.281603071094));
#4534 = CARTESIAN_POINT('',(394.65135753242,167.79475978582,
    5.28516588421));
#4535 = CARTESIAN_POINT('',(394.65135753242,167.63147837255,
    5.288728697325));
#4536 = CARTESIAN_POINT('',(394.65135753242,167.29814503922,
    5.296002056539));
#4537 = CARTESIAN_POINT('',(394.65135753242,167.12809311916,
    5.299712602639));
#4538 = CARTESIAN_POINT('',(394.65135753242,166.9580411991,
    5.303423148738));
#4539 = ORIENTED_EDGE('',*,*,#4540,.T.);
#4540 = EDGE_CURVE('',#4530,#4541,#4543,.T.);
#4541 = VERTEX_POINT('',#4542);
#4542 = CARTESIAN_POINT('',(396.15135753242,166.9580411991,
    5.340775593453));
#4543 = B_SPLINE_CURVE_WITH_KNOTS('',3,(#4544,#4545,#4546,#4547),
  .UNSPECIFIED.,.F.,.F.,(4,4),(3.078623836398E-02,1.531252807615),
  .PIECEWISE_BEZIER_KNOTS.);
#4544 = CARTESIAN_POINT('',(394.65135753242,166.9580411991,
    5.303423148738));
#4545 = CARTESIAN_POINT('',(395.1513790061,166.9580411991,5.315001237226
    ));
#4546 = CARTESIAN_POINT('',(395.65137976736,166.9580411991,
    5.327452071551));
#4547 = CARTESIAN_POINT('',(396.15135753239,166.9580411991,
    5.340775593453));
#4548 = ORIENTED_EDGE('',*,*,#4549,.T.);
#4549 = EDGE_CURVE('',#4541,#4550,#4552,.T.);
#4550 = VERTEX_POINT('',#4551);
#4551 = CARTESIAN_POINT('',(396.15135753242,165.4580411991,
    5.373505709919));
#4552 = B_SPLINE_CURVE_WITH_KNOTS('',3,(#4553,#4554,#4555,#4556),
  .UNSPECIFIED.,.F.,.F.,(4,4),(2.531879537153,4.032236581501),
  .PIECEWISE_BEZIER_KNOTS.);
#4553 = CARTESIAN_POINT('',(396.15135753242,166.9580411991,
    5.340775593453));
#4554 = CARTESIAN_POINT('',(396.15135753242,166.4580411991,
    5.351685632275));
#4555 = CARTESIAN_POINT('',(396.15135753242,165.9580411991,
    5.362595671097));
#4556 = CARTESIAN_POINT('',(396.15135753242,165.4580411991,
    5.373505709919));
#4557 = ORIENTED_EDGE('',*,*,#4558,.T.);
#4558 = EDGE_CURVE('',#4550,#4559,#4561,.T.);
#4559 = VERTEX_POINT('',#4560);
#4560 = CARTESIAN_POINT('',(397.15135753242,165.4580411991,5.40131851662
    ));
#4561 = B_SPLINE_CURVE_WITH_KNOTS('',3,(#4562,#4563,#4564,#4565,#4566,
    #4567),.UNSPECIFIED.,.F.,.F.,(4,2,4),(1.531252807615,2.042749353199,
    2.531640024615),.UNSPECIFIED.);
#4562 = CARTESIAN_POINT('',(396.15135753239,165.4580411991,
    5.373505709918));
#4563 = CARTESIAN_POINT('',(396.32179578469,165.4580411991,
    5.378047587469));
#4564 = CARTESIAN_POINT('',(396.49223136465,165.4580411991,
    5.382690877537));
#4565 = CARTESIAN_POINT('',(396.8255646259,165.4580411991,5.391970583421
    ));
#4566 = CARTESIAN_POINT('',(396.98846243576,165.4580411991,
    5.396598230488));
#4567 = CARTESIAN_POINT('',(397.15135753242,165.4580411991,5.40131851662
    ));
#4568 = ORIENTED_EDGE('',*,*,#4569,.T.);
#4569 = EDGE_CURVE('',#4559,#4570,#4572,.T.);
#4570 = VERTEX_POINT('',#4571);
#4571 = CARTESIAN_POINT('',(397.15135753242,166.9580411991,
    5.368588400155));
#4572 = B_SPLINE_CURVE_WITH_KNOTS('',3,(#4573,#4574,#4575,#4576),
  .UNSPECIFIED.,.F.,.F.,(4,4),(8.731696391779E-03,1.509088740739),
  .PIECEWISE_BEZIER_KNOTS.);
#4573 = CARTESIAN_POINT('',(397.15135753242,165.4580411991,5.40131851662
    ));
#4574 = CARTESIAN_POINT('',(397.15135753242,165.9580411991,
    5.390408477799));
#4575 = CARTESIAN_POINT('',(397.15135753242,166.4580411991,
    5.379498438977));
#4576 = CARTESIAN_POINT('',(397.15135753242,166.9580411991,
    5.368588400155));
#4577 = ORIENTED_EDGE('',*,*,#4578,.T.);
#4578 = EDGE_CURVE('',#4570,#4579,#4581,.T.);
#4579 = VERTEX_POINT('',#4580);
#4580 = CARTESIAN_POINT('',(398.65135753242,166.9580411991,
    5.414675505849));
#4581 = B_SPLINE_CURVE_WITH_KNOTS('',3,(#4582,#4583,#4584,#4585),
  .UNSPECIFIED.,.F.,.F.,(4,4),(2.531640024616,4.032349448401),
  .PIECEWISE_BEZIER_KNOTS.);
#4582 = CARTESIAN_POINT('',(397.15135753242,166.9580411991,
    5.368588400155));
#4583 = CARTESIAN_POINT('',(397.65138385926,166.9580411991,
    5.383077892993));
#4584 = CARTESIAN_POINT('',(398.15138462077,166.9580411991,
    5.398440284613));
#4585 = CARTESIAN_POINT('',(398.65135753235,166.9580411991,
    5.414675505847));
#4586 = ORIENTED_EDGE('',*,*,#4587,.T.);
#4587 = EDGE_CURVE('',#4579,#4588,#4590,.T.);
#4588 = VERTEX_POINT('',#4589);
#4589 = CARTESIAN_POINT('',(398.65135753242,167.9580411991,
    5.392855428206));
#4590 = B_SPLINE_CURVE_WITH_KNOTS('',3,(#4591,#4592,#4593,#4594,#4595,
    #4596),.UNSPECIFIED.,.F.,.F.,(4,2,4),(1.508083355826,2.020787505537,
    2.508321385391),.UNSPECIFIED.);
#4591 = CARTESIAN_POINT('',(398.65135753242,166.9580411991,
    5.414675505849));
#4592 = CARTESIAN_POINT('',(398.65135753242,167.12890191244,
    5.410947311818));
#4593 = CARTESIAN_POINT('',(398.65135753242,167.29976262577,
    5.407219117787));
#4594 = CARTESIAN_POINT('',(398.65135753242,167.63309595911,
    5.399945758572));
#4595 = CARTESIAN_POINT('',(398.65135753242,167.7955685791,
    5.396400593389));
#4596 = CARTESIAN_POINT('',(398.65135753242,167.9580411991,
    5.392855428206));
#4597 = ORIENTED_EDGE('',*,*,#4598,.T.);
#4598 = EDGE_CURVE('',#4588,#4599,#4601,.T.);
#4599 = VERTEX_POINT('',#4600);
#4600 = CARTESIAN_POINT('',(397.15135753242,167.9580411991,
    5.346768322512));
#4601 = B_SPLINE_CURVE_WITH_KNOTS('',3,(#4602,#4603,#4604,#4605),
  .UNSPECIFIED.,.F.,.F.,(4,4),(5.304867656286E-02,1.553758100392),
  .PIECEWISE_BEZIER_KNOTS.);
#4602 = CARTESIAN_POINT('',(398.65135753242,167.9580411991,
    5.392855428206));
#4603 = CARTESIAN_POINT('',(398.15138462082,167.9580411991,
    5.376620206971));
#4604 = CARTESIAN_POINT('',(397.6513838593,167.9580411991,5.361257815351
    ));
#4605 = CARTESIAN_POINT('',(397.15135753245,167.9580411991,
    5.346768322512));
#4606 = ORIENTED_EDGE('',*,*,#4607,.T.);
#4607 = EDGE_CURVE('',#4599,#4608,#4610,.T.);
#4608 = VERTEX_POINT('',#4609);
#4609 = CARTESIAN_POINT('',(397.15135753242,169.4580411991,
    5.314038206046));
#4610 = B_SPLINE_CURVE_WITH_KNOTS('',3,(#4611,#4612,#4613,#4614),
  .UNSPECIFIED.,.F.,.F.,(4,4),(2.509326770305,4.009683814652),
  .PIECEWISE_BEZIER_KNOTS.);
#4611 = CARTESIAN_POINT('',(397.15135753242,167.9580411991,
    5.346768322512));
#4612 = CARTESIAN_POINT('',(397.15135753242,168.4580411991,5.33585828369
    ));
#4613 = CARTESIAN_POINT('',(397.15135753242,168.9580411991,
    5.324948244868));
#4614 = CARTESIAN_POINT('',(397.15135753242,169.4580411991,
    5.314038206046));
#4615 = ORIENTED_EDGE('',*,*,#4616,.T.);
#4616 = EDGE_CURVE('',#4608,#4510,#4617,.T.);
#4617 = B_SPLINE_CURVE_WITH_KNOTS('',3,(#4618,#4619,#4620,#4621,#4622,
    #4623),.UNSPECIFIED.,.F.,.F.,(4,2,4),(1.553758100391,2.042647205441,
    2.554145317392),.UNSPECIFIED.);
#4618 = CARTESIAN_POINT('',(397.15135753245,169.4580411991,
    5.314038206047));
#4619 = CARTESIAN_POINT('',(396.98846295769,169.4580411991,
    5.309317935038));
#4620 = CARTESIAN_POINT('',(396.82556566975,169.4580411991,
    5.304690302501));
#4621 = CARTESIAN_POINT('',(396.49223240854,169.4580411991,
    5.295410595402));
#4622 = CARTESIAN_POINT('',(396.32179630665,169.4580411991,
    5.290767290805));
#4623 = CARTESIAN_POINT('',(396.15135753242,169.4580411991,
    5.286225399345));
#4624 = B_SPLINE_SURFACE_WITH_KNOTS('',3,3,(
    (#4625,#4626,#4627,#4628)
    ,(#4629,#4630,#4631,#4632)
    ,(#4633,#4634,#4635,#4636)
    ,(#4637,#4638,#4639,#4640
    )),.UNSPECIFIED.,.F.,.F.,.F.,(4,4),(4,4),(4.517308095541E-02,
    5.451102279061E-02),(9.173184931099E-02,0.101036013865),
  .PIECEWISE_BEZIER_KNOTS.);
#4625 = CARTESIAN_POINT('',(394.65135753243,169.45722655372,
    5.248890730254));
#4626 = CARTESIAN_POINT('',(395.98491403261,169.45790000967,
    5.27975477956));
#4627 = CARTESIAN_POINT('',(397.31827622263,169.45870883368,
    5.316822658715));
#4628 = CARTESIAN_POINT('',(398.65135753242,169.45965293356,
    5.360090143569));
#4629 = CARTESIAN_POINT('',(394.65135753243,168.12369102412,
    5.277988579051));
#4630 = CARTESIAN_POINT('',(395.98491403261,168.12436448007,
    5.308852628356));
#4631 = CARTESIAN_POINT('',(397.31827622263,168.12517330408,
    5.345920507512));
#4632 = CARTESIAN_POINT('',(398.65135753242,168.12611740396,
    5.389187992366));
#4633 = CARTESIAN_POINT('',(394.65135753243,166.79015549453,
    5.307086427847));
#4634 = CARTESIAN_POINT('',(395.98491403261,166.79082895048,
    5.337950477152));
#4635 = CARTESIAN_POINT('',(397.31827622263,166.79163777448,
    5.375018356308));
#4636 = CARTESIAN_POINT('',(398.65135753242,166.79258187436,
    5.418285841162));
#4637 = CARTESIAN_POINT('',(394.65135753243,165.45661996493,
    5.336184276643));
#4638 = CARTESIAN_POINT('',(395.98491403261,165.45729342088,
    5.367048325948));
#4639 = CARTESIAN_POINT('',(397.31827622263,165.45810224488,
    5.404116205104));
#4640 = CARTESIAN_POINT('',(398.65135753242,165.45904634476,
    5.447383689958));
#4641 = ADVANCED_FACE('',(#4642),#4758,.F.);
#4642 = FACE_BOUND('',#4643,.F.);
#4643 = EDGE_LOOP('',(#4644,#4655,#4664,#4675,#4684,#4693,#4704,#4713,
    #4722,#4733,#4742,#4751));
#4644 = ORIENTED_EDGE('',*,*,#4645,.T.);
#4645 = EDGE_CURVE('',#4646,#4648,#4650,.T.);
#4646 = VERTEX_POINT('',#4647);
#4647 = CARTESIAN_POINT('',(384.20135753242,169.4580411991,
    5.133982167613));
#4648 = VERTEX_POINT('',#4649);
#4649 = CARTESIAN_POINT('',(384.20135753242,167.9580411991,
    5.166712284078));
#4650 = B_SPLINE_CURVE_WITH_KNOTS('',3,(#4651,#4652,#4653,#4654),
  .UNSPECIFIED.,.F.,.F.,(4,4),(3.129003559775E-02,1.531647079945),
  .PIECEWISE_BEZIER_KNOTS.);
#4651 = CARTESIAN_POINT('',(384.20135753242,169.4580411991,
    5.133982167613));
#4652 = CARTESIAN_POINT('',(384.20135753242,168.9580411991,
    5.144892206435));
#4653 = CARTESIAN_POINT('',(384.20135753242,168.4580411991,
    5.155802245256));
#4654 = CARTESIAN_POINT('',(384.20135753242,167.9580411991,
    5.166712284078));
#4655 = ORIENTED_EDGE('',*,*,#4656,.T.);
#4656 = EDGE_CURVE('',#4648,#4657,#4659,.T.);
#4657 = VERTEX_POINT('',#4658);
#4658 = CARTESIAN_POINT('',(382.70135753242,167.9580411991,
    5.171074554223));
#4659 = B_SPLINE_CURVE_WITH_KNOTS('',3,(#4660,#4661,#4662,#4663),
  .UNSPECIFIED.,.F.,.F.,(4,4),(2.541908857095,4.041916775558),
  .PIECEWISE_BEZIER_KNOTS.);
#4660 = CARTESIAN_POINT('',(384.20135753267,167.95804119965,
    5.166712306191));
#4661 = CARTESIAN_POINT('',(383.7013554919,167.95804119949,
    5.167293935738));
#4662 = CARTESIAN_POINT('',(383.20135473075,167.9580411991,
    5.168748011382));
#4663 = CARTESIAN_POINT('',(382.70135753242,167.9580411991,
    5.171074554223));
#4664 = ORIENTED_EDGE('',*,*,#4665,.T.);
#4665 = EDGE_CURVE('',#4657,#4666,#4668,.T.);
#4666 = VERTEX_POINT('',#4667);
#4667 = CARTESIAN_POINT('',(382.70135753242,166.9580411991,
    5.192894631866));
#4668 = B_SPLINE_CURVE_WITH_KNOTS('',3,(#4669,#4670,#4671,#4672,#4673,
    #4674),.UNSPECIFIED.,.F.,.F.,(4,2,4),(1.531742242367,2.020485095412,
    2.531980271932),.UNSPECIFIED.);
#4669 = CARTESIAN_POINT('',(382.70135753242,167.9580411991,
    5.171074554223));
#4670 = CARTESIAN_POINT('',(382.70135753242,167.79516568395,
    5.17462851061));
#4671 = CARTESIAN_POINT('',(382.70135753242,167.63229016878,
    5.178182466997));
#4672 = CARTESIAN_POINT('',(382.70135753242,167.29895683545,
    5.185455826211));
#4673 = CARTESIAN_POINT('',(382.70135753242,167.12849901727,
    5.189175229039));
#4674 = CARTESIAN_POINT('',(382.70135753242,166.9580411991,
    5.192894631866));
#4675 = ORIENTED_EDGE('',*,*,#4676,.T.);
#4676 = EDGE_CURVE('',#4666,#4677,#4679,.T.);
#4677 = VERTEX_POINT('',#4678);
#4678 = CARTESIAN_POINT('',(384.20135753242,166.9580411991,
    5.188532361722));
#4679 = B_SPLINE_CURVE_WITH_KNOTS('',3,(#4680,#4681,#4682,#4683),
  .UNSPECIFIED.,.F.,.F.,(4,4),(4.189913890897E-02,1.541907058659),
  .PIECEWISE_BEZIER_KNOTS.);
#4680 = CARTESIAN_POINT('',(382.70135753242,166.9580411991,
    5.192894631866));
#4681 = CARTESIAN_POINT('',(383.20135473115,166.9580411991,
    5.190568089023));
#4682 = CARTESIAN_POINT('',(383.70135549195,166.9580411991,
    5.189113997164));
#4683 = CARTESIAN_POINT('',(384.20135753239,166.9580411991,
    5.188532361722));
#4684 = ORIENTED_EDGE('',*,*,#4685,.T.);
#4685 = EDGE_CURVE('',#4677,#4686,#4688,.T.);
#4686 = VERTEX_POINT('',#4687);
#4687 = CARTESIAN_POINT('',(384.20135753242,165.4580411991,
    5.221262478187));
#4688 = B_SPLINE_CURVE_WITH_KNOTS('',3,(#4689,#4690,#4691,#4692),
  .UNSPECIFIED.,.F.,.F.,(4,4),(2.531885109511,4.032242153858),
  .PIECEWISE_BEZIER_KNOTS.);
#4689 = CARTESIAN_POINT('',(384.20135753242,166.9580411991,
    5.188532361722));
#4690 = CARTESIAN_POINT('',(384.20135753242,166.4580411991,
    5.199442400543));
#4691 = CARTESIAN_POINT('',(384.20135753242,165.9580411991,
    5.210352439365));
#4692 = CARTESIAN_POINT('',(384.20135753242,165.4580411991,
    5.221262478187));
#4693 = ORIENTED_EDGE('',*,*,#4694,.T.);
#4694 = EDGE_CURVE('',#4686,#4695,#4697,.T.);
#4695 = VERTEX_POINT('',#4696);
#4696 = CARTESIAN_POINT('',(385.20135753242,165.4580411991,
    5.221262478187));
#4697 = B_SPLINE_CURVE_WITH_KNOTS('',3,(#4698,#4699,#4700,#4701,#4702,
    #4703),.UNSPECIFIED.,.F.,.F.,(4,2,4),(1.541907058658,2.041891383357,
    2.541907573633),.UNSPECIFIED.);
#4698 = CARTESIAN_POINT('',(384.20135753239,165.4580411991,
    5.221262478187));
#4699 = CARTESIAN_POINT('',(384.36801877414,165.4580411991,
    5.221068606808));
#4700 = CARTESIAN_POINT('',(384.53468015806,165.4580411991,
    5.220971667929));
#4701 = CARTESIAN_POINT('',(384.86801366306,165.4580411991,
    5.220971655573));
#4702 = CARTESIAN_POINT('',(385.03468566883,165.4580411991,
    5.221068594452));
#4703 = CARTESIAN_POINT('',(385.20135753242,165.4580411991,
    5.221262478187));
#4704 = ORIENTED_EDGE('',*,*,#4705,.T.);
#4705 = EDGE_CURVE('',#4695,#4706,#4708,.T.);
#4706 = VERTEX_POINT('',#4707);
#4707 = CARTESIAN_POINT('',(385.20135753242,166.9580411991,
    5.188532361722));
#4708 = B_SPLINE_CURVE_WITH_KNOTS('',3,(#4709,#4710,#4711,#4712),
  .UNSPECIFIED.,.F.,.F.,(4,4),(8.728036965419E-03,1.509085081313),
  .PIECEWISE_BEZIER_KNOTS.);
#4709 = CARTESIAN_POINT('',(385.20135753242,165.4580411991,
    5.221262478187));
#4710 = CARTESIAN_POINT('',(385.20135753242,165.9580411991,
    5.210352439365));
#4711 = CARTESIAN_POINT('',(385.20135753242,166.4580411991,
    5.199442400543));
#4712 = CARTESIAN_POINT('',(385.20135753242,166.9580411991,
    5.188532361722));
#4713 = ORIENTED_EDGE('',*,*,#4714,.T.);
#4714 = EDGE_CURVE('',#4706,#4715,#4717,.T.);
#4715 = VERTEX_POINT('',#4716);
#4716 = CARTESIAN_POINT('',(386.70135753242,166.9580411991,
    5.192894631866));
#4717 = B_SPLINE_CURVE_WITH_KNOTS('',3,(#4718,#4719,#4720,#4721),
  .UNSPECIFIED.,.F.,.F.,(4,4),(2.541907573633,4.04191549337),
  .PIECEWISE_BEZIER_KNOTS.);
#4718 = CARTESIAN_POINT('',(385.20135753242,166.9580411991,
    5.188532361722));
#4719 = CARTESIAN_POINT('',(385.70135957284,166.9580411991,
    5.189113997164));
#4720 = CARTESIAN_POINT('',(386.20136033363,166.9580411991,
    5.190568089023));
#4721 = CARTESIAN_POINT('',(386.70135753235,166.9580411991,
    5.192894631866));
#4722 = ORIENTED_EDGE('',*,*,#4723,.T.);
#4723 = EDGE_CURVE('',#4715,#4724,#4726,.T.);
#4724 = VERTEX_POINT('',#4725);
#4725 = CARTESIAN_POINT('',(386.70135753242,167.9580411991,
    5.171074554223));
#4726 = B_SPLINE_CURVE_WITH_KNOTS('',3,(#4727,#4728,#4729,#4730,#4731,
    #4732),.UNSPECIFIED.,.F.,.F.,(4,2,4),(1.508989918891,2.020485095412,
    2.509227948456),.UNSPECIFIED.);
#4727 = CARTESIAN_POINT('',(386.70135753242,166.9580411991,
    5.192894631866));
#4728 = CARTESIAN_POINT('',(386.70135753242,167.12849901727,
    5.189175229039));
#4729 = CARTESIAN_POINT('',(386.70135753242,167.29895683545,
    5.185455826211));
#4730 = CARTESIAN_POINT('',(386.70135753242,167.63229016878,
    5.178182466997));
#4731 = CARTESIAN_POINT('',(386.70135753242,167.79516568395,
    5.17462851061));
#4732 = CARTESIAN_POINT('',(386.70135753242,167.9580411991,
    5.171074554223));
#4733 = ORIENTED_EDGE('',*,*,#4734,.T.);
#4734 = EDGE_CURVE('',#4724,#4735,#4737,.T.);
#4735 = VERTEX_POINT('',#4736);
#4736 = CARTESIAN_POINT('',(385.20135753242,167.9580411991,
    5.166712284078));
#4737 = B_SPLINE_CURVE_WITH_KNOTS('',3,(#4738,#4739,#4740,#4741),
  .UNSPECIFIED.,.F.,.F.,(4,4),(4.190042513919E-02,1.541908343629),
  .PIECEWISE_BEZIER_KNOTS.);
#4738 = CARTESIAN_POINT('',(386.70135753242,167.9580411991,
    5.171074554223));
#4739 = CARTESIAN_POINT('',(386.20136033408,167.9580411991,
    5.168748011382));
#4740 = CARTESIAN_POINT('',(385.70135957329,167.9580411995,
    5.167293935737));
#4741 = CARTESIAN_POINT('',(385.20135753264,167.95804119965,
    5.166712306191));
#4742 = ORIENTED_EDGE('',*,*,#4743,.T.);
#4743 = EDGE_CURVE('',#4735,#4744,#4746,.T.);
#4744 = VERTEX_POINT('',#4745);
#4745 = CARTESIAN_POINT('',(385.20135753242,169.4580411991,
    5.133982167613));
#4746 = B_SPLINE_CURVE_WITH_KNOTS('',3,(#4747,#4748,#4749,#4750),
  .UNSPECIFIED.,.F.,.F.,(4,4),(2.509323110878,4.009680155226),
  .PIECEWISE_BEZIER_KNOTS.);
#4747 = CARTESIAN_POINT('',(385.20135753242,167.9580411991,
    5.166712284078));
#4748 = CARTESIAN_POINT('',(385.20135753242,168.4580411991,
    5.155802245256));
#4749 = CARTESIAN_POINT('',(385.20135753242,168.9580411991,
    5.144892206435));
#4750 = CARTESIAN_POINT('',(385.20135753242,169.4580411991,
    5.133982167613));
#4751 = ORIENTED_EDGE('',*,*,#4752,.T.);
#4752 = EDGE_CURVE('',#4744,#4646,#4753,.T.);
#4753 = B_SPLINE_CURVE_WITH_KNOTS('',3,(#4754,#4755,#4756,#4757),
  .UNSPECIFIED.,.F.,.F.,(4,4),(1.541908343629,2.541908857095),
  .PIECEWISE_BEZIER_KNOTS.);
#4754 = CARTESIAN_POINT('',(385.20135753264,169.45804119965,
    5.133982189726));
#4755 = CARTESIAN_POINT('',(384.86802442738,169.45804119975,
    5.133594438543));
#4756 = CARTESIAN_POINT('',(384.53469063801,169.45804119975,
    5.133594438543));
#4757 = CARTESIAN_POINT('',(384.20135753267,169.45804119965,
    5.133982189726));
#4758 = B_SPLINE_SURFACE_WITH_KNOTS('',3,3,(
    (#4759,#4760,#4761,#4762)
    ,(#4763,#4764,#4765,#4766)
    ,(#4767,#4768,#4769,#4770)
    ,(#4771,#4772,#4773,#4774
    )),.UNSPECIFIED.,.F.,.F.,.F.,(4,4),(4,4),(4.516531595096E-02,
    5.450185673314E-02),(6.394703177049E-02,7.324668761534E-02),
  .PIECEWISE_BEZIER_KNOTS.);
#4759 = CARTESIAN_POINT('',(382.70135753242,169.4581426817,
    5.138342223399));
#4760 = CARTESIAN_POINT('',(384.03465525349,169.45800737473,
    5.132141192509));
#4761 = CARTESIAN_POINT('',(385.36801744087,169.45800737043,
    5.132140995448));
#4762 = CARTESIAN_POINT('',(386.70135753242,169.4581426817,
    5.138342223399));
#4763 = CARTESIAN_POINT('',(382.70135753242,168.12480723409,
    5.167435706391));
#4764 = CARTESIAN_POINT('',(384.03465525349,168.12467192712,5.1612346755
    ));
#4765 = CARTESIAN_POINT('',(385.36801744087,168.12467192282,
    5.16123447844));
#4766 = CARTESIAN_POINT('',(386.70135753242,168.12480723409,
    5.167435706391));
#4767 = CARTESIAN_POINT('',(382.70135753242,166.79147178649,
    5.196529189383));
#4768 = CARTESIAN_POINT('',(384.03465525349,166.79133647951,
    5.190328158492));
#4769 = CARTESIAN_POINT('',(385.36801744087,166.79133647522,
    5.190327961431));
#4770 = CARTESIAN_POINT('',(386.70135753242,166.79147178649,
    5.196529189383));
#4771 = CARTESIAN_POINT('',(382.70135753242,165.45813633887,
    5.225622672374));
#4772 = CARTESIAN_POINT('',(384.03465525349,165.4580010319,
    5.219421641484));
#4773 = CARTESIAN_POINT('',(385.36801744087,165.45800102761,
    5.219421444423));
#4774 = CARTESIAN_POINT('',(386.70135753242,165.45813633888,
    5.225622672374));
#4775 = ADVANCED_FACE('',(#4776),#4894,.F.);
#4776 = FACE_BOUND('',#4777,.F.);
#4777 = EDGE_LOOP('',(#4778,#4791,#4800,#4809,#4820,#4829,#4838,#4849,
    #4858,#4867,#4878,#4887));
#4778 = ORIENTED_EDGE('',*,*,#4779,.T.);
#4779 = EDGE_CURVE('',#4780,#4782,#4784,.T.);
#4780 = VERTEX_POINT('',#4781);
#4781 = CARTESIAN_POINT('',(372.25135753242,165.4580411991,
    5.401318516621));
#4782 = VERTEX_POINT('',#4783);
#4783 = CARTESIAN_POINT('',(373.25135753242,165.4580411991,
    5.373505709919));
#4784 = B_SPLINE_CURVE_WITH_KNOTS('',3,(#4785,#4786,#4787,#4788,#4789,
    #4790),.UNSPECIFIED.,.F.,.F.,(4,2,4),(1.553756812971,2.04261404962,
    2.554144029972),.UNSPECIFIED.);
#4785 = CARTESIAN_POINT('',(372.25135753239,165.4580411991,
    5.401318516622));
#4786 = CARTESIAN_POINT('',(372.41424148883,165.4580411991,
    5.396598553305));
#4787 = CARTESIAN_POINT('',(372.57712815808,165.4580411991,
    5.391971216383));
#4788 = CARTESIAN_POINT('',(372.9104614186,165.4580411991,5.38269148457)
  );
#4789 = CARTESIAN_POINT('',(373.08090813918,165.4580411991,
    5.378047884357));
#4790 = CARTESIAN_POINT('',(373.25135753242,165.4580411991,
    5.373505709919));
#4791 = ORIENTED_EDGE('',*,*,#4792,.T.);
#4792 = EDGE_CURVE('',#4782,#4793,#4795,.T.);
#4793 = VERTEX_POINT('',#4794);
#4794 = CARTESIAN_POINT('',(373.25135753242,166.9580411991,
    5.340775593454));
#4795 = B_SPLINE_CURVE_WITH_KNOTS('',3,(#4796,#4797,#4798,#4799),
  .UNSPECIFIED.,.F.,.F.,(4,4),(9.338429572719E-03,1.50969547392),
  .PIECEWISE_BEZIER_KNOTS.);
#4796 = CARTESIAN_POINT('',(373.25135753242,165.4580411991,
    5.373505709919));
#4797 = CARTESIAN_POINT('',(373.25135753242,165.9580411991,
    5.362595671097));
#4798 = CARTESIAN_POINT('',(373.25135753242,166.4580411991,
    5.351685632276));
#4799 = CARTESIAN_POINT('',(373.25135753242,166.9580411991,
    5.340775593454));
#4800 = ORIENTED_EDGE('',*,*,#4801,.T.);
#4801 = EDGE_CURVE('',#4793,#4802,#4804,.T.);
#4802 = VERTEX_POINT('',#4803);
#4803 = CARTESIAN_POINT('',(374.75135753242,166.9580411991,
    5.303423148738));
#4804 = B_SPLINE_CURVE_WITH_KNOTS('',3,(#4805,#4806,#4807,#4808),
  .UNSPECIFIED.,.F.,.F.,(4,4),(2.554144029973,4.054610599216),
  .PIECEWISE_BEZIER_KNOTS.);
#4805 = CARTESIAN_POINT('',(373.25135753242,166.9580411991,
    5.340775593454));
#4806 = CARTESIAN_POINT('',(373.75133529744,166.9580411991,
    5.327452071552));
#4807 = CARTESIAN_POINT('',(374.25133605868,166.9580411991,
    5.315001237228));
#4808 = CARTESIAN_POINT('',(374.75135753236,166.9580411991,5.30342314874
    ));
#4809 = ORIENTED_EDGE('',*,*,#4810,.T.);
#4810 = EDGE_CURVE('',#4802,#4811,#4813,.T.);
#4811 = VERTEX_POINT('',#4812);
#4812 = CARTESIAN_POINT('',(374.75135753242,167.9580411991,
    5.281603071095));
#4813 = B_SPLINE_CURVE_WITH_KNOTS('',3,(#4814,#4815,#4816,#4817,#4818,
    #4819),.UNSPECIFIED.,.F.,.F.,(4,2,4),(1.510510313208,2.020787505537,
    2.510748342773),.UNSPECIFIED.);
#4814 = CARTESIAN_POINT('',(374.75135753242,166.9580411991,
    5.303423148738));
#4815 = CARTESIAN_POINT('',(374.75135753242,167.12809311916,
    5.299712602639));
#4816 = CARTESIAN_POINT('',(374.75135753242,167.29814503922,
    5.29600205654));
#4817 = CARTESIAN_POINT('',(374.75135753242,167.63147837256,
    5.288728697325));
#4818 = CARTESIAN_POINT('',(374.75135753242,167.79475978582,
    5.28516588421));
#4819 = CARTESIAN_POINT('',(374.75135753242,167.9580411991,
    5.281603071095));
#4820 = ORIENTED_EDGE('',*,*,#4821,.T.);
#4821 = EDGE_CURVE('',#4811,#4822,#4824,.T.);
#4822 = VERTEX_POINT('',#4823);
#4823 = CARTESIAN_POINT('',(373.25135753242,167.9580411991,5.31895551581
    ));
#4824 = B_SPLINE_CURVE_WITH_KNOTS('',3,(#4825,#4826,#4827,#4828),
  .UNSPECIFIED.,.F.,.F.,(4,4),(3.078752592635E-02,1.531254095204),
  .PIECEWISE_BEZIER_KNOTS.);
#4825 = CARTESIAN_POINT('',(374.75135753242,167.9580411991,
    5.281603071095));
#4826 = CARTESIAN_POINT('',(374.25133605874,167.9580411991,
    5.293181159583));
#4827 = CARTESIAN_POINT('',(373.75133529748,167.9580411991,
    5.305631993908));
#4828 = CARTESIAN_POINT('',(373.25135753245,167.9580411991,5.31895551581
    ));
#4829 = ORIENTED_EDGE('',*,*,#4830,.T.);
#4830 = EDGE_CURVE('',#4822,#4831,#4833,.T.);
#4831 = VERTEX_POINT('',#4832);
#4832 = CARTESIAN_POINT('',(373.25135753242,169.4580411991,
    5.286225399345));
#4833 = B_SPLINE_CURVE_WITH_KNOTS('',3,(#4834,#4835,#4836,#4837),
  .UNSPECIFIED.,.F.,.F.,(4,4),(2.509933503486,4.010290547833),
  .PIECEWISE_BEZIER_KNOTS.);
#4834 = CARTESIAN_POINT('',(373.25135753242,167.9580411991,5.31895551581
    ));
#4835 = CARTESIAN_POINT('',(373.25135753242,168.4580411991,
    5.308045476989));
#4836 = CARTESIAN_POINT('',(373.25135753242,168.9580411991,
    5.297135438167));
#4837 = CARTESIAN_POINT('',(373.25135753242,169.4580411991,
    5.286225399345));
#4838 = ORIENTED_EDGE('',*,*,#4839,.T.);
#4839 = EDGE_CURVE('',#4831,#4840,#4842,.T.);
#4840 = VERTEX_POINT('',#4841);
#4841 = CARTESIAN_POINT('',(372.25135753242,169.4580411991,
    5.314038206047));
#4842 = B_SPLINE_CURVE_WITH_KNOTS('',3,(#4843,#4844,#4845,#4846,#4847,
    #4848),.UNSPECIFIED.,.F.,.F.,(4,2,4),(1.531254095204,2.042782509208,
    2.531641312205),.UNSPECIFIED.);
#4843 = CARTESIAN_POINT('',(373.25135753245,169.4580411991,
    5.286225399344));
#4844 = CARTESIAN_POINT('',(373.08090866113,169.4580411991,
    5.290767559874));
#4845 = CARTESIAN_POINT('',(372.91046246248,169.4580411991,
    5.295411145557));
#4846 = CARTESIAN_POINT('',(372.57712920192,169.4580411991,
    5.304690876155));
#4847 = CARTESIAN_POINT('',(372.41424201075,169.4580411991,
    5.309318227607));
#4848 = CARTESIAN_POINT('',(372.25135753242,169.4580411991,
    5.314038206047));
#4849 = ORIENTED_EDGE('',*,*,#4850,.T.);
#4850 = EDGE_CURVE('',#4840,#4851,#4853,.T.);
#4851 = VERTEX_POINT('',#4852);
#4852 = CARTESIAN_POINT('',(372.25135753242,167.9580411991,
    5.346768322512));
#4853 = B_SPLINE_CURVE_WITH_KNOTS('',3,(#4854,#4855,#4856,#4857),
  .UNSPECIFIED.,.F.,.F.,(4,4),(3.189119642114E-02,1.532248240769),
  .PIECEWISE_BEZIER_KNOTS.);
#4854 = CARTESIAN_POINT('',(372.25135753242,169.4580411991,
    5.314038206047));
#4855 = CARTESIAN_POINT('',(372.25135753242,168.9580411991,
    5.324948244869));
#4856 = CARTESIAN_POINT('',(372.25135753242,168.4580411991,5.33585828369
    ));
#4857 = CARTESIAN_POINT('',(372.25135753242,167.9580411991,
    5.346768322512));
#4858 = ORIENTED_EDGE('',*,*,#4859,.T.);
#4859 = EDGE_CURVE('',#4851,#4860,#4862,.T.);
#4860 = VERTEX_POINT('',#4861);
#4861 = CARTESIAN_POINT('',(370.75135753242,167.9580411991,
    5.392855428206));
#4862 = B_SPLINE_CURVE_WITH_KNOTS('',3,(#4863,#4864,#4865,#4866),
  .UNSPECIFIED.,.F.,.F.,(4,4),(2.531641312206,4.032350735964),
  .PIECEWISE_BEZIER_KNOTS.);
#4863 = CARTESIAN_POINT('',(372.25135753242,167.9580411991,
    5.346768322512));
#4864 = CARTESIAN_POINT('',(371.75133120558,167.9580411991,
    5.361257815351));
#4865 = CARTESIAN_POINT('',(371.25133044407,167.9580411991,5.37662020697
    ));
#4866 = CARTESIAN_POINT('',(370.75135753249,167.9580411991,
    5.392855428204));
#4867 = ORIENTED_EDGE('',*,*,#4868,.T.);
#4868 = EDGE_CURVE('',#4860,#4869,#4871,.T.);
#4869 = VERTEX_POINT('',#4870);
#4870 = CARTESIAN_POINT('',(370.75135753242,166.9580411991,5.41467550585
    ));
#4871 = B_SPLINE_CURVE_WITH_KNOTS('',3,(#4872,#4873,#4874,#4875,#4876,
    #4877),.UNSPECIFIED.,.F.,.F.,(4,2,4),(1.533253625682,2.020787505537,
    2.533491655247),.UNSPECIFIED.);
#4872 = CARTESIAN_POINT('',(370.75135753242,167.9580411991,
    5.392855428206));
#4873 = CARTESIAN_POINT('',(370.75135753242,167.7955685791,
    5.396400593389));
#4874 = CARTESIAN_POINT('',(370.75135753242,167.63309595911,
    5.399945758573));
#4875 = CARTESIAN_POINT('',(370.75135753242,167.29976262577,
    5.407219117787));
#4876 = CARTESIAN_POINT('',(370.75135753242,167.12890191244,
    5.410947311818));
#4877 = CARTESIAN_POINT('',(370.75135753242,166.9580411991,5.41467550585
    ));
#4878 = ORIENTED_EDGE('',*,*,#4879,.T.);
#4879 = EDGE_CURVE('',#4869,#4880,#4882,.T.);
#4880 = VERTEX_POINT('',#4881);
#4881 = CARTESIAN_POINT('',(372.25135753242,166.9580411991,
    5.368588400156));
#4882 = B_SPLINE_CURVE_WITH_KNOTS('',3,(#4883,#4884,#4885,#4886),
  .UNSPECIFIED.,.F.,.F.,(4,4),(5.304738917056E-02,1.553756812972),
  .PIECEWISE_BEZIER_KNOTS.);
#4883 = CARTESIAN_POINT('',(370.75135753242,166.9580411991,5.41467550585
    ));
#4884 = CARTESIAN_POINT('',(371.25133044401,166.9580411991,
    5.398440284615));
#4885 = CARTESIAN_POINT('',(371.75133120554,166.9580411991,
    5.383077892995));
#4886 = CARTESIAN_POINT('',(372.25135753239,166.9580411991,
    5.368588400156));
#4887 = ORIENTED_EDGE('',*,*,#4888,.T.);
#4888 = EDGE_CURVE('',#4880,#4780,#4889,.T.);
#4889 = B_SPLINE_CURVE_WITH_KNOTS('',3,(#4890,#4891,#4892,#4893),
  .UNSPECIFIED.,.F.,.F.,(4,4),(2.532486270334,4.032843314682),
  .PIECEWISE_BEZIER_KNOTS.);
#4890 = CARTESIAN_POINT('',(372.25135753242,166.9580411991,
    5.368588400156));
#4891 = CARTESIAN_POINT('',(372.25135753242,166.4580411991,
    5.379498438977));
#4892 = CARTESIAN_POINT('',(372.25135753242,165.9580411991,
    5.390408477799));
#4893 = CARTESIAN_POINT('',(372.25135753242,165.4580411991,
    5.401318516621));
#4894 = B_SPLINE_SURFACE_WITH_KNOTS('',3,3,(
    (#4895,#4896,#4897,#4898)
    ,(#4899,#4900,#4901,#4902)
    ,(#4903,#4904,#4905,#4906)
    ,(#4907,#4908,#4909,#4910
    )),.UNSPECIFIED.,.F.,.F.,.F.,(4,4),(4,4),(4.517308095539E-02,
    5.451102279059E-02),(3.615418316294E-02,4.546011487084E-02),
  .PIECEWISE_BEZIER_KNOTS.);
#4895 = CARTESIAN_POINT('',(370.75135753242,169.45965293356,
    5.36009014357));
#4896 = CARTESIAN_POINT('',(372.0843964554,169.45870886369,
    5.316824034454));
#4897 = CARTESIAN_POINT('',(373.41775862897,169.45790003109,
    5.279755760948));
#4898 = CARTESIAN_POINT('',(374.75135753242,169.45722655372,
    5.248890730255));
#4899 = CARTESIAN_POINT('',(370.75135753242,168.12611740396,
    5.389187992366));
#4900 = CARTESIAN_POINT('',(372.0843964554,168.12517333409,5.34592188325
    ));
#4901 = CARTESIAN_POINT('',(373.41775862897,168.12436450149,
    5.308853609745));
#4902 = CARTESIAN_POINT('',(374.75135753242,168.12369102412,
    5.277988579051));
#4903 = CARTESIAN_POINT('',(370.75135753242,166.79258187436,
    5.418285841162));
#4904 = CARTESIAN_POINT('',(372.0843964554,166.79163780449,
    5.375019732047));
#4905 = CARTESIAN_POINT('',(373.41775862897,166.79082897189,
    5.337951458541));
#4906 = CARTESIAN_POINT('',(374.75135753242,166.79015549453,
    5.307086427847));
#4907 = CARTESIAN_POINT('',(370.75135753242,165.45904634476,
    5.447383689959));
#4908 = CARTESIAN_POINT('',(372.0843964554,165.45810227489,
    5.404117580843));
#4909 = CARTESIAN_POINT('',(373.41775862897,165.45729344229,
    5.367049307337));
#4910 = CARTESIAN_POINT('',(374.75135753242,165.45661996493,
    5.336184276643));
#4911 = ADVANCED_FACE('',(#4912),#4956,.F.);
#4912 = FACE_BOUND('',#4913,.F.);
#4913 = EDGE_LOOP('',(#4914,#4928,#4937,#4949));
#4914 = ORIENTED_EDGE('',*,*,#4915,.F.);
#4915 = EDGE_CURVE('',#4916,#4918,#4920,.T.);
#4916 = VERTEX_POINT('',#4917);
#4917 = CARTESIAN_POINT('',(363.65334262744,161.98316887023,
    7.214471318349));
#4918 = VERTEX_POINT('',#4919);
#4919 = CARTESIAN_POINT('',(362.21018189398,163.50146046404,
    7.25476845857));
#4920 = B_SPLINE_CURVE_WITH_KNOTS('',3,(#4921,#4922,#4923,#4924,#4925,
    #4926,#4927),.UNSPECIFIED.,.F.,.F.,(4,1,1,1,4),(0.,0.660801146087,
    0.991201719131,1.652002865218,2.312804011305),.UNSPECIFIED.);
#4921 = CARTESIAN_POINT('',(363.65334262744,161.98316887023,
    7.214471318349));
#4922 = CARTESIAN_POINT('',(363.43352091277,161.9881569979,
    7.225175112235));
#4923 = CARTESIAN_POINT('',(363.10730567181,162.07909629889,
    7.23951028757));
#4924 = CARTESIAN_POINT('',(362.65160357483,162.39332989351,
    7.255912066089));
#4925 = CARTESIAN_POINT('',(362.31206776356,162.84213445521,
    7.263780982411));
#4926 = CARTESIAN_POINT('',(362.21018812995,163.28124582588,
    7.259573231249));
#4927 = CARTESIAN_POINT('',(362.21018189398,163.50146046404,
    7.254768458571));
#4928 = ORIENTED_EDGE('',*,*,#4929,.F.);
#4929 = EDGE_CURVE('',#4930,#4916,#4932,.T.);
#4930 = VERTEX_POINT('',#4931);
#4931 = CARTESIAN_POINT('',(363.64106334165,161.75109669939,
    7.070383868395));
#4932 = CIRCLE('',#4933,0.250000000001);
#4933 = AXIS2_PLACEMENT_3D('',#4934,#4935,#4936);
#4934 = CARTESIAN_POINT('',(363.64106334165,161.97772173147,
    6.96483248359));
#4935 = DIRECTION('',(-0.998560423081,2.26464433758E-02,
    4.862324607184E-02));
#4936 = DIRECTION('',(6.245004513517E-17,-0.906500128325,0.422205539218)
  );
#4937 = ORIENTED_EDGE('',*,*,#4938,.F.);
#4938 = EDGE_CURVE('',#4939,#4930,#4941,.T.);
#4939 = VERTEX_POINT('',#4940);
#4940 = CARTESIAN_POINT('',(361.96552413741,163.49806451365,
    7.099441349742));
#4941 = B_SPLINE_CURVE_WITH_KNOTS('',3,(#4942,#4943,#4944,#4945,#4946,
    #4947,#4948),.UNSPECIFIED.,.F.,.F.,(4,1,1,1,4),(-2.312804011305,
    -1.652002865218,-0.991201719131,-0.660801146087,0.),.UNSPECIFIED.);
#4942 = CARTESIAN_POINT('',(361.96552413741,163.49806451363,
    7.099441349743));
#4943 = CARTESIAN_POINT('',(361.9736993304,163.24193610101,
    7.125091208519));
#4944 = CARTESIAN_POINT('',(362.10592184787,162.74333454694,
    7.153540906919));
#4945 = CARTESIAN_POINT('',(362.49533196419,162.2393654466,
    7.152951881177));
#4946 = CARTESIAN_POINT('',(363.01195668356,161.87863686781,
    7.129131848058));
#4947 = CARTESIAN_POINT('',(363.38414382812,161.76480715754,
    7.099821028536));
#4948 = CARTESIAN_POINT('',(363.64106334165,161.75109669939,
    7.070383868394));
#4949 = ORIENTED_EDGE('',*,*,#4950,.F.);
#4950 = EDGE_CURVE('',#4918,#4939,#4951,.T.);
#4951 = CIRCLE('',#4952,0.25);
#4952 = AXIS2_PLACEMENT_3D('',#4953,#4954,#4955);
#4953 = CARTESIAN_POINT('',(362.19706067686,163.49601425954,
    7.005172439936));
#4954 = DIRECTION('',(2.832749056492E-05,-0.999762059156,
    2.181339657858E-02));
#4955 = DIRECTION('',(5.248486845811E-02,2.17848180182E-02,
    0.998384074536));
#4956 = B_SPLINE_SURFACE_WITH_KNOTS('',3,3,(
    (#4957,#4958,#4959,#4960,#4961,#4962,#4963)
    ,(#4964,#4965,#4966,#4967,#4968,#4969,#4970)
    ,(#4971,#4972,#4973,#4974,#4975,#4976,#4977)
    ,(#4978,#4979,#4980,#4981,#4982,#4983,#4984)
    ,(#4985,#4986,#4987,#4988,#4989,#4990,#4991
  )),.UNSPECIFIED.,.F.,.F.,.F.,(4,1,4),(4,1,1,1,4),(0.,0.571428571429,1.
    ),(0.,0.660801146087,0.991201719131,1.652002865218,2.312804011305),
  .UNSPECIFIED.);
#4957 = CARTESIAN_POINT('',(363.65334262744,161.98316887023,
    7.214471318349));
#4958 = CARTESIAN_POINT('',(363.43352091277,161.9881569979,
    7.225175112235));
#4959 = CARTESIAN_POINT('',(363.10730567181,162.07909629889,
    7.23951028757));
#4960 = CARTESIAN_POINT('',(362.65160357483,162.39332989351,
    7.255912066089));
#4961 = CARTESIAN_POINT('',(362.31206776356,162.84213445521,
    7.263780982411));
#4962 = CARTESIAN_POINT('',(362.21018812995,163.28124582588,
    7.259573231249));
#4963 = CARTESIAN_POINT('',(362.21018189398,163.50146046404,
    7.254768458571));
#4964 = CARTESIAN_POINT('',(363.65215481497,161.92808816863,
    7.215731609896));
#4965 = CARTESIAN_POINT('',(363.42324303005,161.93685477363,
    7.226739122036));
#4966 = CARTESIAN_POINT('',(363.08687993156,162.03400879723,
    7.241401823439));
#4967 = CARTESIAN_POINT('',(362.61757231007,162.35909163509,
    7.258268838471));
#4968 = CARTESIAN_POINT('',(362.26642859408,162.81986693516,
    7.26651640087));
#4969 = CARTESIAN_POINT('',(362.15553418067,163.27222629572,
    7.262556602426));
#4970 = CARTESIAN_POINT('',(362.15137866188,163.50152621385,
    7.257858299076));
#4971 = CARTESIAN_POINT('',(363.64845584408,161.83129533451,
    7.184848593688));
#4972 = CARTESIAN_POINT('',(363.4039294451,161.84660273922,
    7.200988105402));
#4973 = CARTESIAN_POINT('',(363.04988978282,161.95467513479,
    7.219537619375));
#4974 = CARTESIAN_POINT('',(362.55684387128,162.29871533152,
    7.238540634195));
#4975 = CARTESIAN_POINT('',(362.18527410409,162.78041392424,
    7.24533106374));
#4976 = CARTESIAN_POINT('',(362.05838712565,163.25585328444,
    7.235598903519));
#4977 = CARTESIAN_POINT('',(362.04692284602,163.50081255793,
    7.225285327905));
#4978 = CARTESIAN_POINT('',(363.64328026852,161.76852173058,
    7.107796435356));
#4979 = CARTESIAN_POINT('',(363.38898748151,161.78385682356,
    7.133392462232));
#4980 = CARTESIAN_POINT('',(363.02143700937,161.89705138188,
    7.159415200513));
#4981 = CARTESIAN_POINT('',(362.51067920658,162.25397269245,
    7.18180579509));
#4982 = CARTESIAN_POINT('',(362.12531272916,162.7521566809,
    7.184363872721));
#4983 = CARTESIAN_POINT('',(361.99275567345,163.24495386754,
    7.161637744193));
#4984 = CARTESIAN_POINT('',(361.98218097759,163.4989571896,
    7.140333271893));
#4985 = CARTESIAN_POINT('',(363.64106334165,161.75109669939,
    7.070383868394));
#4986 = CARTESIAN_POINT('',(363.38414382812,161.76480715754,
    7.099821028536));
#4987 = CARTESIAN_POINT('',(363.01195668356,161.87863686781,
    7.129131848058));
#4988 = CARTESIAN_POINT('',(362.49533196419,162.2393654466,
    7.152951881177));
#4989 = CARTESIAN_POINT('',(362.10592184787,162.74333454694,
    7.153540906919));
#4990 = CARTESIAN_POINT('',(361.9736993304,163.24193610101,
    7.125091208519));
#4991 = CARTESIAN_POINT('',(361.96552413741,163.49806451363,
    7.099441349743));
#4992 = ADVANCED_FACE('',(#4993),#5021,.F.);
#4993 = FACE_BOUND('',#4994,.F.);
#4994 = EDGE_LOOP('',(#4995,#5004,#5013,#5020));
#4995 = ORIENTED_EDGE('',*,*,#4996,.F.);
#4996 = EDGE_CURVE('',#4997,#4916,#4999,.T.);
#4997 = VERTEX_POINT('',#4998);
#4998 = CARTESIAN_POINT('',(405.74937243742,161.98316887024,
    7.214471318349));
#4999 = B_SPLINE_CURVE_WITH_KNOTS('',3,(#5000,#5001,#5002,#5003),
  .UNSPECIFIED.,.F.,.F.,(4,4),(0.,42.140800323838),
  .PIECEWISE_BEZIER_KNOTS.);
#5000 = CARTESIAN_POINT('',(405.74937243742,161.98316887024,
    7.214471318349));
#5001 = CARTESIAN_POINT('',(391.73083896575,161.66506456099,
    6.531865902918));
#5002 = CARTESIAN_POINT('',(377.67187609911,161.66506456099,
    6.531865902918));
#5003 = CARTESIAN_POINT('',(363.65334262743,161.98316887024,
    7.214471318349));
#5004 = ORIENTED_EDGE('',*,*,#5005,.F.);
#5005 = EDGE_CURVE('',#5006,#4997,#5008,.T.);
#5006 = VERTEX_POINT('',#5007);
#5007 = CARTESIAN_POINT('',(405.7616517232,161.7510966994,7.070383868394
    ));
#5008 = CIRCLE('',#5009,0.250000000001);
#5009 = AXIS2_PLACEMENT_3D('',#5010,#5011,#5012);
#5010 = CARTESIAN_POINT('',(405.76165172321,161.97772173148,
    6.96483248359));
#5011 = DIRECTION('',(-0.998560423081,-2.264644335966E-02,
    -4.862324607192E-02));
#5012 = DIRECTION('',(-1.455196380062E-11,-0.906500128326,0.422205539215
    ));
#5013 = ORIENTED_EDGE('',*,*,#5014,.F.);
#5014 = EDGE_CURVE('',#4930,#5006,#5015,.T.);
#5015 = B_SPLINE_CURVE_WITH_KNOTS('',3,(#5016,#5017,#5018,#5019),
  .UNSPECIFIED.,.F.,.F.,(4,4),(-42.14080032383,0.),
  .PIECEWISE_BEZIER_KNOTS.);
#5016 = CARTESIAN_POINT('',(363.64106334165,161.7510966994,
    7.070383868394));
#5017 = CARTESIAN_POINT('',(377.66777514177,161.43298361662,
    6.38737636712));
#5018 = CARTESIAN_POINT('',(391.7349399231,161.43298361662,6.38737636712
    ));
#5019 = CARTESIAN_POINT('',(405.76165172321,161.7510966994,
    7.070383868394));
#5020 = ORIENTED_EDGE('',*,*,#4929,.T.);
#5021 = B_SPLINE_SURFACE_WITH_KNOTS('',3,3,(
    (#5022,#5023,#5024,#5025)
    ,(#5026,#5027,#5028,#5029)
    ,(#5030,#5031,#5032,#5033)
    ,(#5034,#5035,#5036,#5037)
    ,(#5038,#5039,#5040,#5041
  )),.UNSPECIFIED.,.F.,.F.,.F.,(4,1,4),(4,4),(0.,0.571428571429,1.),(0.,
    42.140800323838),.UNSPECIFIED.);
#5022 = CARTESIAN_POINT('',(405.74937243742,161.98316887024,
    7.214471318349));
#5023 = CARTESIAN_POINT('',(391.73083896575,161.66506456099,
    6.531865902918));
#5024 = CARTESIAN_POINT('',(377.67187609911,161.66506456099,
    6.531865902918));
#5025 = CARTESIAN_POINT('',(363.65334262743,161.98316887024,
    7.214471318349));
#5026 = CARTESIAN_POINT('',(405.75056024989,161.92808816864,
    7.215731609894));
#5027 = CARTESIAN_POINT('',(391.7312441823,161.60999890519,
    6.533047730747));
#5028 = CARTESIAN_POINT('',(377.67147088257,161.60999890519,
    6.533047730747));
#5029 = CARTESIAN_POINT('',(363.65215481496,161.92808816864,
    7.215731609894));
#5030 = CARTESIAN_POINT('',(405.75425922077,161.83129533453,
    7.184848593685));
#5031 = CARTESIAN_POINT('',(391.73247170475,161.51323073404,
    6.502017339232));
#5032 = CARTESIAN_POINT('',(377.67024336011,161.51323073404,
    6.502017339232));
#5033 = CARTESIAN_POINT('',(363.64845584407,161.83129533453,
    7.184848593685));
#5034 = CARTESIAN_POINT('',(405.75943479634,161.76852173059,
    7.107796435355));
#5035 = CARTESIAN_POINT('',(391.73419914047,161.45043160803,
    6.424837915409));
#5036 = CARTESIAN_POINT('',(377.66851592439,161.45043160803,
    6.424837915409));
#5037 = CARTESIAN_POINT('',(363.64328026852,161.76852173059,
    7.107796435355));
#5038 = CARTESIAN_POINT('',(405.76165172321,161.7510966994,
    7.070383868394));
#5039 = CARTESIAN_POINT('',(391.7349399231,161.43298361662,6.38737636712
    ));
#5040 = CARTESIAN_POINT('',(377.66777514177,161.43298361662,
    6.38737636712));
#5041 = CARTESIAN_POINT('',(363.64106334165,161.7510966994,
    7.070383868394));
#5042 = ADVANCED_FACE('',(#5043),#5073,.F.);
#5043 = FACE_BOUND('',#5044,.F.);
#5044 = EDGE_LOOP('',(#5045,#5055,#5056,#5066));
#5045 = ORIENTED_EDGE('',*,*,#5046,.F.);
#5046 = EDGE_CURVE('',#4918,#5047,#5049,.T.);
#5047 = VERTEX_POINT('',#5048);
#5048 = CARTESIAN_POINT('',(362.20664625381,174.15665146797,
    7.022457246166));
#5049 = B_SPLINE_CURVE_WITH_KNOTS('',3,(#5050,#5051,#5052,#5053,#5054),
  .UNSPECIFIED.,.F.,.F.,(4,1,4),(0.,4.567595915687,10.65772380327),
  .UNSPECIFIED.);
#5050 = CARTESIAN_POINT('',(362.21018189398,163.50146046406,
    7.25476845857));
#5051 = CARTESIAN_POINT('',(362.2101387896,165.02363016334,
    7.221556863535));
#5052 = CARTESIAN_POINT('',(362.20869585519,168.57536075849,
    7.144133681285));
#5053 = CARTESIAN_POINT('',(362.20670837038,172.12709186368,
    7.066739128342));
#5054 = CARTESIAN_POINT('',(362.20664625381,174.15665146798,
    7.022457246166));
#5055 = ORIENTED_EDGE('',*,*,#4950,.T.);
#5056 = ORIENTED_EDGE('',*,*,#5057,.F.);
#5057 = EDGE_CURVE('',#5058,#4939,#5060,.T.);
#5058 = VERTEX_POINT('',#5059);
#5059 = CARTESIAN_POINT('',(361.96381136663,174.15335019768,
    6.871491841811));
#5060 = B_SPLINE_CURVE_WITH_KNOTS('',3,(#5061,#5062,#5063,#5064,#5065),
  .UNSPECIFIED.,.F.,.F.,(4,1,4),(-10.65772380327,-4.567595915687,0.),
  .UNSPECIFIED.);
#5061 = CARTESIAN_POINT('',(361.96381136662,174.15335019768,
    6.871491841811));
#5062 = CARTESIAN_POINT('',(361.96368515354,172.12246047551,
    6.915363941971));
#5063 = CARTESIAN_POINT('',(361.96482885059,168.57219771311,
    6.990738246938));
#5064 = CARTESIAN_POINT('',(361.96571007789,165.01932562266,
    7.066812142262));
#5065 = CARTESIAN_POINT('',(361.96552413741,163.49806451365,
    7.099441349743));
#5066 = ORIENTED_EDGE('',*,*,#5067,.F.);
#5067 = EDGE_CURVE('',#5047,#5058,#5068,.T.);
#5068 = CIRCLE('',#5069,0.25);
#5069 = AXIS2_PLACEMENT_3D('',#5070,#5071,#5072);
#5070 = CARTESIAN_POINT('',(362.19352297403,174.15120526582,
    6.772861335923));
#5071 = DIRECTION('',(3.061649789213E-05,-0.999762061718,
    2.181327604975E-02));
#5072 = DIRECTION('',(5.249311913214E-02,2.178480855947E-02,
    0.998383640972));
#5073 = B_SPLINE_SURFACE_WITH_KNOTS('',3,3,(
    (#5074,#5075,#5076,#5077,#5078)
    ,(#5079,#5080,#5081,#5082,#5083)
    ,(#5084,#5085,#5086,#5087,#5088)
    ,(#5089,#5090,#5091,#5092,#5093)
    ,(#5094,#5095,#5096,#5097,#5098
  )),.UNSPECIFIED.,.F.,.F.,.F.,(4,1,4),(4,1,4),(0.,0.571428571429,1.),(
    0.,4.567595915687,10.65772380327),.UNSPECIFIED.);
#5074 = CARTESIAN_POINT('',(362.21018189398,163.50146046406,
    7.25476845857));
#5075 = CARTESIAN_POINT('',(362.2101387896,165.02363016334,
    7.221556863535));
#5076 = CARTESIAN_POINT('',(362.20869585519,168.57536075849,
    7.144133681285));
#5077 = CARTESIAN_POINT('',(362.20670837038,172.12709186368,
    7.066739128342));
#5078 = CARTESIAN_POINT('',(362.20664625381,174.15665146798,
    7.022457246166));
#5079 = CARTESIAN_POINT('',(362.15137866188,163.50152621387,
    7.257858299076));
#5080 = CARTESIAN_POINT('',(362.15145190599,165.02346574509,
    7.22464318801));
#5081 = CARTESIAN_POINT('',(362.15029101226,168.57547308207,
    7.147199908773));
#5082 = CARTESIAN_POINT('',(362.14871287833,172.12682969344,
    7.069795959551));
#5083 = CARTESIAN_POINT('',(362.14874217613,174.15671609,7.02550032274)
  );
#5084 = CARTESIAN_POINT('',(362.04692284603,163.50081255795,
    7.225285327904));
#5085 = CARTESIAN_POINT('',(362.04720102843,165.0223557149,
    7.192226751412));
#5086 = CARTESIAN_POINT('',(362.04654341925,168.57485217338,
    7.115125688821));
#5087 = CARTESIAN_POINT('',(362.04569908118,172.1255694382,
    7.038238706468));
#5088 = CARTESIAN_POINT('',(362.04588960943,174.15602662529,
    6.994044631432));
#5089 = CARTESIAN_POINT('',(361.98218097759,163.49895718962,
    7.140333271893));
#5090 = CARTESIAN_POINT('',(361.98243420613,165.02027187815,
    7.107582346133));
#5091 = CARTESIAN_POINT('',(361.98171481685,168.57306896868,
    7.031214584771));
#5092 = CARTESIAN_POINT('',(361.98079629984,172.12341899655,
    6.955406607366));
#5093 = CARTESIAN_POINT('',(361.98097240319,174.15422235548,
    6.911441130732));
#5094 = CARTESIAN_POINT('',(361.96552413741,163.49806451365,
    7.099441349743));
#5095 = CARTESIAN_POINT('',(361.96571007789,165.01932562266,
    7.066812142262));
#5096 = CARTESIAN_POINT('',(361.96482885059,168.57219771311,
    6.990738246938));
#5097 = CARTESIAN_POINT('',(361.96368515354,172.12246047551,
    6.915363941971));
#5098 = CARTESIAN_POINT('',(361.96381136662,174.15335019768,
    6.871491841811));
#5099 = ADVANCED_FACE('',(#5100),#5132,.F.);
#5100 = FACE_BOUND('',#5101,.F.);
#5101 = EDGE_LOOP('',(#5102,#5113,#5122,#5131));
#5102 = ORIENTED_EDGE('',*,*,#5103,.F.);
#5103 = EDGE_CURVE('',#5104,#4997,#5106,.T.);
#5104 = VERTEX_POINT('',#5105);
#5105 = CARTESIAN_POINT('',(407.19253317088,163.50146046405,
    7.25476845857));
#5106 = B_SPLINE_CURVE_WITH_KNOTS('',3,(#5107,#5108,#5109,#5110,#5111,
    #5112),.UNSPECIFIED.,.F.,.F.,(4,1,1,4),(0.,0.991201719131,
    1.652002865218,2.312804011305),.UNSPECIFIED.);
#5107 = CARTESIAN_POINT('',(407.19253317087,163.50146046406,
    7.254768458569));
#5108 = CARTESIAN_POINT('',(407.19252381691,163.17113850679,
    7.261975617588));
#5109 = CARTESIAN_POINT('',(407.00030131038,162.62509794793,
    7.263723913109));
#5110 = CARTESIAN_POINT('',(406.40431249683,162.1097309606,7.24428476935
    ));
#5111 = CARTESIAN_POINT('',(405.96919415209,161.98815699791,
    7.225175112235));
#5112 = CARTESIAN_POINT('',(405.74937243742,161.98316887024,
    7.214471318349));
#5113 = ORIENTED_EDGE('',*,*,#5114,.F.);
#5114 = EDGE_CURVE('',#5115,#5104,#5117,.T.);
#5115 = VERTEX_POINT('',#5116);
#5116 = CARTESIAN_POINT('',(407.43719092744,163.49806451365,
    7.099441349742));
#5117 = CIRCLE('',#5118,0.25);
#5118 = AXIS2_PLACEMENT_3D('',#5119,#5120,#5121);
#5119 = CARTESIAN_POINT('',(407.20565438799,163.49601425955,
    7.005172439936));
#5120 = DIRECTION('',(-2.832749060687E-05,-0.999762059156,
    2.181339657858E-02));
#5121 = DIRECTION('',(0.926146157813,8.201016418748E-03,0.377075639226)
  );
#5122 = ORIENTED_EDGE('',*,*,#5123,.F.);
#5123 = EDGE_CURVE('',#5006,#5115,#5124,.T.);
#5124 = B_SPLINE_CURVE_WITH_KNOTS('',3,(#5125,#5126,#5127,#5128,#5129,
    #5130),.UNSPECIFIED.,.F.,.F.,(4,1,1,4),(-2.312804011305,
    -1.652002865218,-0.991201719131,0.),.UNSPECIFIED.);
#5125 = CARTESIAN_POINT('',(405.7616517232,161.7510966994,7.070383868394
    ));
#5126 = CARTESIAN_POINT('',(406.01857123674,161.76480715755,
    7.099821028537));
#5127 = CARTESIAN_POINT('',(406.51534160852,161.91698555765,
    7.139006021543));
#5128 = CARTESIAN_POINT('',(407.18894582819,162.50093973082,7.1608201701
    ));
#5129 = CARTESIAN_POINT('',(407.42492813795,163.11387189469,
    7.137916137907));
#5130 = CARTESIAN_POINT('',(407.43719092744,163.49806451365,
    7.099441349741));
#5131 = ORIENTED_EDGE('',*,*,#5005,.T.);
#5132 = B_SPLINE_SURFACE_WITH_KNOTS('',3,3,(
    (#5133,#5134,#5135,#5136,#5137,#5138)
    ,(#5139,#5140,#5141,#5142,#5143,#5144)
    ,(#5145,#5146,#5147,#5148,#5149,#5150)
    ,(#5151,#5152,#5153,#5154,#5155,#5156)
    ,(#5157,#5158,#5159,#5160,#5161,#5162
    )),.UNSPECIFIED.,.F.,.F.,.F.,(4,1,4),(4,1,1,4),(0.,0.571428571429,1.
    ),(0.,0.991201719131,1.652002865218,2.312804011305),.UNSPECIFIED.);
#5133 = CARTESIAN_POINT('',(407.19253317087,163.50146046406,
    7.254768458569));
#5134 = CARTESIAN_POINT('',(407.19252381691,163.17113850679,
    7.261975617588));
#5135 = CARTESIAN_POINT('',(407.00030131038,162.62509794793,
    7.263723913109));
#5136 = CARTESIAN_POINT('',(406.40431249683,162.1097309606,7.24428476935
    ));
#5137 = CARTESIAN_POINT('',(405.96919415209,161.98815699791,
    7.225175112235));
#5138 = CARTESIAN_POINT('',(405.74937243742,161.98316887024,
    7.214471318349));
#5139 = CARTESIAN_POINT('',(407.25133640296,163.50152621387,
    7.257858299076));
#5140 = CARTESIAN_POINT('',(407.24510312478,163.15757633664,
    7.264905754101));
#5141 = CARTESIAN_POINT('',(407.04160133001,162.59752363689,
    7.266335691374));
#5142 = CARTESIAN_POINT('',(406.42818510594,162.06663859338,
    7.24629159903));
#5143 = CARTESIAN_POINT('',(405.97947203481,161.93685477363,
    7.226739122036));
#5144 = CARTESIAN_POINT('',(405.75056024989,161.92808816864,
    7.215731609895));
#5145 = CARTESIAN_POINT('',(407.35579221883,163.50081255795,
    7.225285327907));
#5146 = CARTESIAN_POINT('',(407.33859579938,163.1333736477,
    7.240755691329));
#5147 = CARTESIAN_POINT('',(407.11503131035,162.5487647125,
    7.246749916495));
#5148 = CARTESIAN_POINT('',(406.47116755843,161.99080991901,
    7.225809357599));
#5149 = CARTESIAN_POINT('',(405.99878561976,161.84660273923,
    7.200988105403));
#5150 = CARTESIAN_POINT('',(405.75425922077,161.83129533452,
    7.184848593689));
#5151 = CARTESIAN_POINT('',(407.42053408726,163.49895718962,
    7.140333271891));
#5152 = CARTESIAN_POINT('',(407.40467204347,163.1179522065,
    7.172289980344));
#5153 = CARTESIAN_POINT('',(407.17054927466,162.51268145727,
    7.189783999003));
#5154 = CARTESIAN_POINT('',(406.50426816205,161.93505811395,
    7.168226448943));
#5155 = CARTESIAN_POINT('',(406.01372758336,161.78385682356,
    7.133392462232));
#5156 = CARTESIAN_POINT('',(405.75943479634,161.76852173059,
    7.107796435356));
#5157 = CARTESIAN_POINT('',(407.43719092744,163.49806451365,
    7.099441349741));
#5158 = CARTESIAN_POINT('',(407.42492813795,163.11387189469,
    7.137916137907));
#5159 = CARTESIAN_POINT('',(407.18894582819,162.50093973082,7.1608201701
    ));
#5160 = CARTESIAN_POINT('',(406.51534160852,161.91698555765,
    7.139006021543));
#5161 = CARTESIAN_POINT('',(406.01857123674,161.76480715755,
    7.099821028537));
#5162 = CARTESIAN_POINT('',(405.7616517232,161.7510966994,7.070383868394
    ));
#5163 = ADVANCED_FACE('',(#5164),#5196,.F.);
#5164 = FACE_BOUND('',#5165,.F.);
#5165 = EDGE_LOOP('',(#5166,#5177,#5178,#5189));
#5166 = ORIENTED_EDGE('',*,*,#5167,.F.);
#5167 = EDGE_CURVE('',#5047,#5168,#5170,.T.);
#5168 = VERTEX_POINT('',#5169);
#5169 = CARTESIAN_POINT('',(363.5996210721,175.63726575839,
    6.919183711294));
#5170 = B_SPLINE_CURVE_WITH_KNOTS('',3,(#5171,#5172,#5173,#5174,#5175,
    #5176),.UNSPECIFIED.,.F.,.F.,(4,1,1,4),(0.,0.966145858377,
    1.610243097294,2.254340336212),.UNSPECIFIED.);
#5171 = CARTESIAN_POINT('',(362.20664625381,174.15665146805,
    7.022457246164));
#5172 = CARTESIAN_POINT('',(362.20663639957,174.47862345981,
    7.015432310422));
#5173 = CARTESIAN_POINT('',(362.38309444082,175.01321185087,
    6.994431364277));
#5174 = CARTESIAN_POINT('',(362.9595394614,175.52181756437,
    6.953611916723));
#5175 = CARTESIAN_POINT('',(363.38531052995,175.63635176444,
    6.929772176127));
#5176 = CARTESIAN_POINT('',(363.5996210721,175.63726575838,
    6.919183711294));
#5177 = ORIENTED_EDGE('',*,*,#5067,.T.);
#5178 = ORIENTED_EDGE('',*,*,#5179,.F.);
#5179 = EDGE_CURVE('',#5180,#5058,#5182,.T.);
#5180 = VERTEX_POINT('',#5181);
#5181 = CARTESIAN_POINT('',(363.58731044548,175.88089377999,
    6.691030861681));
#5182 = B_SPLINE_CURVE_WITH_KNOTS('',3,(#5183,#5184,#5185,#5186,#5187,
    #5188),.UNSPECIFIED.,.F.,.F.,(4,1,1,4),(-2.254340336212,
    -1.610243097294,-0.966145858377,0.),.UNSPECIFIED.);
#5183 = CARTESIAN_POINT('',(363.58731044548,175.88089377999,
    6.691030861681));
#5184 = CARTESIAN_POINT('',(363.33165854384,175.87770956474,
    6.72794635635));
#5185 = CARTESIAN_POINT('',(362.83229030057,175.73100972021,
    6.791738260622));
#5186 = CARTESIAN_POINT('',(362.17592731371,175.135156184,6.860231270729
    ));
#5187 = CARTESIAN_POINT('',(361.96971666006,174.52608404454,
    6.87713944281));
#5188 = CARTESIAN_POINT('',(361.96381136663,174.15335019776,
    6.871491841812));
#5189 = ORIENTED_EDGE('',*,*,#5190,.F.);
#5190 = EDGE_CURVE('',#5168,#5180,#5191,.T.);
#5191 = CIRCLE('',#5192,0.25);
#5192 = AXIS2_PLACEMENT_3D('',#5193,#5194,#5195);
#5193 = CARTESIAN_POINT('',(363.58731044548,175.6318186533,
    6.669546419372));
#5194 = DIRECTION('',(-0.998772654266,-4.256466644683E-03,
    4.934640394919E-02));
#5195 = DIRECTION('',(4.924250648763E-02,2.178842037392E-02,
    0.998549167689));
#5196 = B_SPLINE_SURFACE_WITH_KNOTS('',3,3,(
    (#5197,#5198,#5199,#5200,#5201,#5202)
    ,(#5203,#5204,#5205,#5206,#5207,#5208)
    ,(#5209,#5210,#5211,#5212,#5213,#5214)
    ,(#5215,#5216,#5217,#5218,#5219,#5220)
    ,(#5221,#5222,#5223,#5224,#5225,#5226
    )),.UNSPECIFIED.,.F.,.F.,.F.,(4,1,4),(4,1,1,4),(0.,0.571428571429,1.
    ),(0.,0.966145858377,1.610243097294,2.254340336212),.UNSPECIFIED.);
#5197 = CARTESIAN_POINT('',(362.20664625381,174.15665146805,
    7.022457246164));
#5198 = CARTESIAN_POINT('',(362.20663639957,174.47862345981,
    7.015432310422));
#5199 = CARTESIAN_POINT('',(362.38309444082,175.01321185087,
    6.994431364277));
#5200 = CARTESIAN_POINT('',(362.9595394614,175.52181756437,
    6.953611916723));
#5201 = CARTESIAN_POINT('',(363.38531052995,175.63635176444,
    6.929772176127));
#5202 = CARTESIAN_POINT('',(363.5996210721,175.63726575838,
    6.919183711294));
#5203 = CARTESIAN_POINT('',(362.14874217613,174.15671609008,
    7.025500322738));
#5204 = CARTESIAN_POINT('',(362.1516038651,174.49117718039,
    7.017993519171));
#5205 = CARTESIAN_POINT('',(362.33554857592,175.04268271056,
    6.995995609131));
#5206 = CARTESIAN_POINT('',(362.92972400139,175.57394644412,
    6.953773837242));
#5207 = CARTESIAN_POINT('',(363.37302223297,175.7012364882,
    6.928803071297));
#5208 = CARTESIAN_POINT('',(363.59925004723,175.70691845296,
    6.917682180832));
#5209 = CARTESIAN_POINT('',(362.04587682503,174.15602708931,
    6.994065913656));
#5210 = CARTESIAN_POINT('',(362.05380246236,174.51228273791,
    6.989662342302));
#5211 = CARTESIAN_POINT('',(362.251059748,175.09377010417,6.968354037196
    ));
#5212 = CARTESIAN_POINT('',(362.87598157432,175.66426433998,
    6.918055095787));
#5213 = CARTESIAN_POINT('',(363.349520054,175.81335515572,6.881189994328
    ));
#5214 = CARTESIAN_POINT('',(363.59594535556,175.82663712088,
    6.861121683519));
#5215 = CARTESIAN_POINT('',(361.98097240319,174.15422235556,
    6.911441130733));
#5216 = CARTESIAN_POINT('',(361.98844373119,174.52366956276,
    6.914170545835));
#5217 = CARTESIAN_POINT('',(362.19306754391,175.1261318568,
    6.895865121766));
#5218 = CARTESIAN_POINT('',(362.84146480962,175.71774100449,
    6.832578870836));
#5219 = CARTESIAN_POINT('',(363.33503715046,175.86841858306,
    6.776035940542));
#5220 = CARTESIAN_POINT('',(363.58989848791,175.87640883673,
    6.743026058678));
#5221 = CARTESIAN_POINT('',(361.96381136663,174.15335019776,
    6.871491841812));
#5222 = CARTESIAN_POINT('',(361.96971666006,174.52608404454,
    6.87713944281));
#5223 = CARTESIAN_POINT('',(362.17592731371,175.135156184,6.860231270729
    ));
#5224 = CARTESIAN_POINT('',(362.83229030057,175.73100972021,
    6.791738260622));
#5225 = CARTESIAN_POINT('',(363.33165854384,175.87770956474,
    6.72794635635));
#5226 = CARTESIAN_POINT('',(363.58731044548,175.88089377999,
    6.691030861681));
#5227 = ADVANCED_FACE('',(#5228),#5258,.F.);
#5228 = FACE_BOUND('',#5229,.F.);
#5229 = EDGE_LOOP('',(#5230,#5240,#5241,#5251));
#5230 = ORIENTED_EDGE('',*,*,#5231,.F.);
#5231 = EDGE_CURVE('',#5115,#5232,#5234,.T.);
#5232 = VERTEX_POINT('',#5233);
#5233 = CARTESIAN_POINT('',(407.43890369823,174.15335019768,
    6.87149184181));
#5234 = B_SPLINE_CURVE_WITH_KNOTS('',3,(#5235,#5236,#5237,#5238,#5239),
  .UNSPECIFIED.,.F.,.F.,(4,1,4),(0.,4.567595915692,10.657723803281),
  .UNSPECIFIED.);
#5235 = CARTESIAN_POINT('',(407.43719092744,163.49806451365,
    7.099441349742));
#5236 = CARTESIAN_POINT('',(407.43700498697,165.01932562261,
    7.066812142262));
#5237 = CARTESIAN_POINT('',(407.43788621455,168.57219771575,
    6.99073824654));
#5238 = CARTESIAN_POINT('',(407.43902991131,172.12246047564,
    6.915363941967));
#5239 = CARTESIAN_POINT('',(407.43890369823,174.15335019768,
    6.871491841809));
#5240 = ORIENTED_EDGE('',*,*,#5114,.T.);
#5241 = ORIENTED_EDGE('',*,*,#5242,.F.);
#5242 = EDGE_CURVE('',#5243,#5104,#5245,.T.);
#5243 = VERTEX_POINT('',#5244);
#5244 = CARTESIAN_POINT('',(407.19606881104,174.15665146798,
    7.022457246165));
#5245 = B_SPLINE_CURVE_WITH_KNOTS('',3,(#5246,#5247,#5248,#5249,#5250),
  .UNSPECIFIED.,.F.,.F.,(4,1,4),(-10.65772380328,-4.567595915692,0.),
  .UNSPECIFIED.);
#5246 = CARTESIAN_POINT('',(407.19606881104,174.15665146798,
    7.022457246166));
#5247 = CARTESIAN_POINT('',(407.19600669447,172.12709186381,
    7.06673912834));
#5248 = CARTESIAN_POINT('',(407.19401920981,168.57536075857,
    7.144133681292));
#5249 = CARTESIAN_POINT('',(407.19257627525,165.02363016329,
    7.221556863538));
#5250 = CARTESIAN_POINT('',(407.19253317087,163.50146046406,
    7.254768458573));
#5251 = ORIENTED_EDGE('',*,*,#5252,.F.);
#5252 = EDGE_CURVE('',#5232,#5243,#5253,.T.);
#5253 = CIRCLE('',#5254,0.250000000001);
#5254 = AXIS2_PLACEMENT_3D('',#5255,#5256,#5257);
#5255 = CARTESIAN_POINT('',(407.20919209082,174.15120526583,
    6.772861335922));
#5256 = DIRECTION('',(-3.061649786046E-05,-0.999762061718,
    2.181327604976E-02));
#5257 = DIRECTION('',(0.918846429614,8.579727393198E-03,0.394522023547)
  );
#5258 = B_SPLINE_SURFACE_WITH_KNOTS('',3,3,(
    (#5259,#5260,#5261,#5262,#5263)
    ,(#5264,#5265,#5266,#5267,#5268)
    ,(#5269,#5270,#5271,#5272,#5273)
    ,(#5274,#5275,#5276,#5277,#5278)
    ,(#5279,#5280,#5281,#5282,#5283
  )),.UNSPECIFIED.,.F.,.F.,.F.,(4,1,4),(4,1,4),(0.,0.571428571429,1.),(
    0.,4.567595915692,10.657723803281),.UNSPECIFIED.);
#5259 = CARTESIAN_POINT('',(407.43719092744,163.49806451365,
    7.099441349742));
#5260 = CARTESIAN_POINT('',(407.43700498697,165.01932562261,
    7.066812142262));
#5261 = CARTESIAN_POINT('',(407.43788621455,168.57219771575,
    6.99073824654));
#5262 = CARTESIAN_POINT('',(407.43902991131,172.12246047564,
    6.915363941967));
#5263 = CARTESIAN_POINT('',(407.43890369823,174.15335019768,
    6.871491841809));
#5264 = CARTESIAN_POINT('',(407.4149818072,163.49925474827,7.15396391261
    ));
#5265 = CARTESIAN_POINT('',(407.41470463073,165.02058660369,
    7.121170863111));
#5266 = CARTESIAN_POINT('',(407.41537040715,168.57335948879,
    7.044705513885));
#5267 = CARTESIAN_POINT('',(407.41621617501,172.12373764654,
    6.968755371508));
#5268 = CARTESIAN_POINT('',(407.41602231613,174.15451307474,
    6.924757560372));
#5269 = CARTESIAN_POINT('',(407.34107356094,163.50101685898,
    7.234629836779));
#5270 = CARTESIAN_POINT('',(407.34082197186,165.02261464623,
    7.201528017911));
#5271 = CARTESIAN_POINT('',(407.34154363703,168.5750419398,
    7.124326663828));
#5272 = CARTESIAN_POINT('',(407.34248134653,172.12584657826,
    7.047292126742));
#5273 = CARTESIAN_POINT('',(407.34231189288,174.15622393299,
    7.003067411733));
#5274 = CARTESIAN_POINT('',(407.23663559494,163.50150977641,
    7.257085838952));
#5275 = CARTESIAN_POINT('',(407.23659245174,165.02350731916,
    7.223872874436));
#5276 = CARTESIAN_POINT('',(407.2378236346,168.57544493916,
    7.146434321368));
#5277 = CARTESIAN_POINT('',(407.23950256282,172.12689580683,
    7.069030771292));
#5278 = CARTESIAN_POINT('',(407.2394968693,174.1566999345,7.024739553596
    ));
#5279 = CARTESIAN_POINT('',(407.19253317087,163.50146046406,
    7.254768458573));
#5280 = CARTESIAN_POINT('',(407.19257627525,165.02363016329,
    7.221556863538));
#5281 = CARTESIAN_POINT('',(407.19401920981,168.57536075857,
    7.144133681292));
#5282 = CARTESIAN_POINT('',(407.19600669447,172.12709186381,
    7.06673912834));
#5283 = CARTESIAN_POINT('',(407.19606881104,174.15665146798,
    7.022457246166));
#5284 = ADVANCED_FACE('',(#5285),#5313,.F.);
#5285 = FACE_BOUND('',#5286,.F.);
#5286 = EDGE_LOOP('',(#5287,#5296,#5297,#5306));
#5287 = ORIENTED_EDGE('',*,*,#5288,.F.);
#5288 = EDGE_CURVE('',#5168,#5289,#5291,.T.);
#5289 = VERTEX_POINT('',#5290);
#5290 = CARTESIAN_POINT('',(405.80309399276,175.6372657584,
    6.919183711294));
#5291 = B_SPLINE_CURVE_WITH_KNOTS('',3,(#5292,#5293,#5294,#5295),
  .UNSPECIFIED.,.F.,.F.,(4,4),(3.5992281204E-12,42.245370330978),
  .PIECEWISE_BEZIER_KNOTS.);
#5292 = CARTESIAN_POINT('',(363.5996210721,175.6372657584,6.919183711294
    ));
#5293 = CARTESIAN_POINT('',(377.65592759241,175.69721324799,
    6.224702209021));
#5294 = CARTESIAN_POINT('',(391.74678747246,175.69721324799,
    6.224702209022));
#5295 = CARTESIAN_POINT('',(405.80309399276,175.6372657584,
    6.919183711294));
#5296 = ORIENTED_EDGE('',*,*,#5190,.T.);
#5297 = ORIENTED_EDGE('',*,*,#5298,.F.);
#5298 = EDGE_CURVE('',#5299,#5180,#5301,.T.);
#5299 = VERTEX_POINT('',#5300);
#5300 = CARTESIAN_POINT('',(405.81540461937,175.88089378,6.691030861681)
  );
#5301 = B_SPLINE_CURVE_WITH_KNOTS('',3,(#5302,#5303,#5304,#5305),
  .UNSPECIFIED.,.F.,.F.,(4,4),(-42.24537033097,-3.5992281204E-12),
  .PIECEWISE_BEZIER_KNOTS.);
#5302 = CARTESIAN_POINT('',(405.81540461938,175.88089377999,
    6.691030861681));
#5303 = CARTESIAN_POINT('',(391.75089773408,175.94083244989,
    5.996145158621));
#5304 = CARTESIAN_POINT('',(377.65181733079,175.94083244989,
    5.99614515862));
#5305 = CARTESIAN_POINT('',(363.58731044548,175.88089377999,
    6.691030861681));
#5306 = ORIENTED_EDGE('',*,*,#5307,.F.);
#5307 = EDGE_CURVE('',#5289,#5299,#5308,.T.);
#5308 = CIRCLE('',#5309,0.25);
#5309 = AXIS2_PLACEMENT_3D('',#5310,#5311,#5312);
#5310 = CARTESIAN_POINT('',(405.81540461937,175.6318186533,
    6.669546419372));
#5311 = DIRECTION('',(-0.998772654267,4.256466642132E-03,
    -4.934640392E-02));
#5312 = DIRECTION('',(-4.924250645858E-02,2.178842035939E-02,
    0.998549167691));
#5313 = B_SPLINE_SURFACE_WITH_KNOTS('',3,3,(
    (#5314,#5315,#5316,#5317)
    ,(#5318,#5319,#5320,#5321)
    ,(#5322,#5323,#5324,#5325)
    ,(#5326,#5327,#5328,#5329)
    ,(#5330,#5331,#5332,#5333
  )),.UNSPECIFIED.,.F.,.F.,.F.,(4,1,4),(4,4),(0.,0.571428571429,1.),(
    3.5992281204E-12,42.245370330978),.UNSPECIFIED.);
#5314 = CARTESIAN_POINT('',(363.5996210721,175.6372657584,6.919183711294
    ));
#5315 = CARTESIAN_POINT('',(377.65592759241,175.69721324799,
    6.224702209021));
#5316 = CARTESIAN_POINT('',(391.74678747246,175.69721324799,
    6.224702209022));
#5317 = CARTESIAN_POINT('',(405.80309399276,175.6372657584,
    6.919183711294));
#5318 = CARTESIAN_POINT('',(363.59925004723,175.70691845298,
    6.917682180829));
#5319 = CARTESIAN_POINT('',(377.65578369804,175.76685827185,
    6.223177099875));
#5320 = CARTESIAN_POINT('',(391.74693136683,175.76685827185,
    6.223177099876));
#5321 = CARTESIAN_POINT('',(405.80346501763,175.70691845298,
    6.91768218083));
#5322 = CARTESIAN_POINT('',(363.59594535556,175.82663712089,
    6.861121683516));
#5323 = CARTESIAN_POINT('',(377.65470400005,175.88656286089,
    6.166500033864));
#5324 = CARTESIAN_POINT('',(391.74801106482,175.88656286089,
    6.166500033865));
#5325 = CARTESIAN_POINT('',(405.80676970929,175.82663712089,
    6.861121683516));
#5326 = CARTESIAN_POINT('',(363.58989848791,175.87640883673,
    6.743026058677));
#5327 = CARTESIAN_POINT('',(377.65268454557,175.93634062477,
    6.048219185113));
#5328 = CARTESIAN_POINT('',(391.75003051929,175.93634062477,
    6.048219185114));
#5329 = CARTESIAN_POINT('',(405.81281657695,175.87640883673,
    6.743026058677));
#5330 = CARTESIAN_POINT('',(363.58731044548,175.88089377999,
    6.691030861681));
#5331 = CARTESIAN_POINT('',(377.65181733079,175.94083244989,
    5.99614515862));
#5332 = CARTESIAN_POINT('',(391.75089773408,175.94083244989,
    5.996145158621));
#5333 = CARTESIAN_POINT('',(405.81540461938,175.88089377999,
    6.691030861681));
#5334 = ADVANCED_FACE('',(#5335),#5359,.F.);
#5335 = FACE_BOUND('',#5336,.F.);
#5336 = EDGE_LOOP('',(#5337,#5347,#5348,#5358));
#5337 = ORIENTED_EDGE('',*,*,#5338,.F.);
#5338 = EDGE_CURVE('',#5289,#5243,#5339,.T.);
#5339 = B_SPLINE_CURVE_WITH_KNOTS('',3,(#5340,#5341,#5342,#5343,#5344,
    #5345,#5346),.UNSPECIFIED.,.F.,.F.,(4,1,1,1,4),(0.,0.322051975611,
    0.966155926834,1.610259878056,2.254363829278),.UNSPECIFIED.);
#5340 = CARTESIAN_POINT('',(405.80309399285,175.63726575839,
    6.919183711299));
#5341 = CARTESIAN_POINT('',(405.91025038062,175.63680875665,
    6.924477998888));
#5342 = CARTESIAN_POINT('',(406.23176884988,175.5940703764,
    6.941385927984));
#5343 = CARTESIAN_POINT('',(406.71482583973,175.33102822787,
    6.971704736871));
#5344 = CARTESIAN_POINT('',(407.10312146742,174.79991831327,
    7.003519435666));
#5345 = CARTESIAN_POINT('',(407.1960753806,174.37130169946,
    7.017773906863));
#5346 = CARTESIAN_POINT('',(407.19606881104,174.15665146806,
    7.022457246164));
#5347 = ORIENTED_EDGE('',*,*,#5307,.T.);
#5348 = ORIENTED_EDGE('',*,*,#5349,.F.);
#5349 = EDGE_CURVE('',#5232,#5299,#5350,.T.);
#5350 = B_SPLINE_CURVE_WITH_KNOTS('',3,(#5351,#5352,#5353,#5354,#5355,
    #5356,#5357),.UNSPECIFIED.,.F.,.F.,(4,1,1,1,4),(-2.254363829278,
    -1.610259878056,-0.966155926834,-0.322051975611,0.),.UNSPECIFIED.);
#5351 = CARTESIAN_POINT('',(407.43890369823,174.15335019777,
    6.871491841811));
#5352 = CARTESIAN_POINT('',(407.43496679491,174.40184201852,
    6.87525694838));
#5353 = CARTESIAN_POINT('',(407.32282838369,174.89269415311,
    6.868391425975));
#5354 = CARTESIAN_POINT('',(406.88069817086,175.50429581202,
    6.825266333337));
#5355 = CARTESIAN_POINT('',(406.32441855158,175.82220943768,
    6.76172540891));
#5356 = CARTESIAN_POINT('',(405.94323190242,175.87930165577,
    6.709488801385));
#5357 = CARTESIAN_POINT('',(405.81540461949,175.88089377999,
    6.691030861698));
#5358 = ORIENTED_EDGE('',*,*,#5252,.T.);
#5359 = B_SPLINE_SURFACE_WITH_KNOTS('',3,3,(
    (#5360,#5361,#5362,#5363,#5364,#5365,#5366)
    ,(#5367,#5368,#5369,#5370,#5371,#5372,#5373)
    ,(#5374,#5375,#5376,#5377,#5378,#5379,#5380)
    ,(#5381,#5382,#5383,#5384,#5385,#5386,#5387)
    ,(#5388,#5389,#5390,#5391,#5392,#5393,#5394
  )),.UNSPECIFIED.,.F.,.F.,.F.,(4,1,4),(4,1,1,1,4),(0.,0.571428571429,1.
    ),(0.,0.322051975611,0.966155926834,1.610259878056,2.254363829278),
  .UNSPECIFIED.);
#5360 = CARTESIAN_POINT('',(405.80309399285,175.63726575839,
    6.919183711299));
#5361 = CARTESIAN_POINT('',(405.91025038062,175.63680875665,
    6.924477998888));
#5362 = CARTESIAN_POINT('',(406.23176884988,175.5940703764,
    6.941385927984));
#5363 = CARTESIAN_POINT('',(406.71482583973,175.33102822787,
    6.971704736871));
#5364 = CARTESIAN_POINT('',(407.10312146742,174.79991831327,
    7.003519435666));
#5365 = CARTESIAN_POINT('',(407.1960753806,174.37130169946,
    7.017773906863));
#5366 = CARTESIAN_POINT('',(407.19606881104,174.15665146806,
    7.022457246164));
#5367 = CARTESIAN_POINT('',(405.80346501773,175.70691845297,
    6.917682180837));
#5368 = CARTESIAN_POINT('',(405.91658010365,175.70407744097,
    6.923242684017));
#5369 = CARTESIAN_POINT('',(406.25366361104,175.6526974815,
    6.941000052941));
#5370 = CARTESIAN_POINT('',(406.753125031,175.37334435927,6.972518656972
    ));
#5371 = CARTESIAN_POINT('',(407.15369662005,174.82279265816,
    7.005484753651));
#5372 = CARTESIAN_POINT('',(407.2520650762,174.37969247396,
    7.020495734873));
#5373 = CARTESIAN_POINT('',(407.25397288873,174.15671609008,
    7.025500322738));
#5374 = CARTESIAN_POINT('',(405.80676970941,175.8266371209,
    6.861121683533));
#5375 = CARTESIAN_POINT('',(405.92998364421,175.8199960691,
    6.871155943506));
#5376 = CARTESIAN_POINT('',(406.29370092217,175.75421159413,
    6.900131074019));
#5377 = CARTESIAN_POINT('',(406.82158247338,175.44668066274,
    6.941194062952));
#5378 = CARTESIAN_POINT('',(407.24357559822,174.86217978113,
    6.977723298641));
#5379 = CARTESIAN_POINT('',(407.35155442653,174.39353333017,
    6.991130168829));
#5380 = CARTESIAN_POINT('',(407.35683823982,174.15602708934,
    6.994065913659));
#5381 = CARTESIAN_POINT('',(405.81281657706,175.87640883673,
    6.743026058693));
#5382 = CARTESIAN_POINT('',(405.94024857378,175.87241366826,
    6.759531171627));
#5383 = CARTESIAN_POINT('',(406.31837837594,175.81004245489,
    6.805913885218));
#5384 = CARTESIAN_POINT('',(406.86756580102,175.49213526486,
    6.863116303486));
#5385 = CARTESIAN_POINT('',(407.30484643928,174.88629914161,
    6.904409047992));
#5386 = CARTESIAN_POINT('',(407.41676172442,174.40052306043,
    6.913260759763));
#5387 = CARTESIAN_POINT('',(407.42174266166,174.15422235557,
    6.911441130732));
#5388 = CARTESIAN_POINT('',(405.81540461949,175.88089377999,
    6.691030861698));
#5389 = CARTESIAN_POINT('',(405.94323190242,175.87930165577,
    6.709488801385));
#5390 = CARTESIAN_POINT('',(406.32441855158,175.82220943768,
    6.76172540891));
#5391 = CARTESIAN_POINT('',(406.88069817086,175.50429581202,
    6.825266333337));
#5392 = CARTESIAN_POINT('',(407.32282838369,174.89269415311,
    6.868391425975));
#5393 = CARTESIAN_POINT('',(407.43496679491,174.40184201852,
    6.87525694838));
#5394 = CARTESIAN_POINT('',(407.43890369823,174.15335019777,
    6.871491841811));
#5395 = ADVANCED_FACE('',(#5396),#5421,.T.);
#5396 = FACE_BOUND('',#5397,.T.);
#5397 = EDGE_LOOP('',(#5398,#5406,#5407,#5415));
#5398 = ORIENTED_EDGE('',*,*,#5399,.F.);
#5399 = EDGE_CURVE('',#5232,#5400,#5402,.T.);
#5400 = VERTEX_POINT('',#5401);
#5401 = CARTESIAN_POINT('',(410.37010753243,176.20804119909,
    9.564260494699E-11));
#5402 = LINE('',#5403,#5404);
#5403 = CARTESIAN_POINT('',(407.37010753243,174.10512603083,
    7.032767658422));
#5404 = VECTOR('',#5405,1.);
#5405 = DIRECTION('',(0.378318717734,0.265190723321,-0.886875880874));
#5406 = ORIENTED_EDGE('',*,*,#5231,.F.);
#5407 = ORIENTED_EDGE('',*,*,#5408,.T.);
#5408 = EDGE_CURVE('',#5115,#5409,#5411,.T.);
#5409 = VERTEX_POINT('',#5410);
#5410 = CARTESIAN_POINT('',(410.37010753243,158.70804119909,
    9.564260494699E-11));
#5411 = LINE('',#5412,#5413);
#5412 = CARTESIAN_POINT('',(407.37010753243,163.60762474648,
    7.261823951285));
#5413 = VECTOR('',#5414,1.);
#5414 = DIRECTION('',(0.323988428895,-0.529136125252,-0.784248977618));
#5415 = ORIENTED_EDGE('',*,*,#5416,.F.);
#5416 = EDGE_CURVE('',#5400,#5409,#5417,.T.);
#5417 = LINE('',#5418,#5419);
#5418 = CARTESIAN_POINT('',(410.37010753243,158.70804119909,
    9.564260494699E-11));
#5419 = VECTOR('',#5420,1.);
#5420 = DIRECTION('',(-2.49280070124E-28,-1.,1.258543095968E-56));
#5421 = B_SPLINE_SURFACE_WITH_KNOTS('',3,3,(
    (#5422,#5423,#5424,#5425)
    ,(#5426,#5427,#5428,#5429)
    ,(#5430,#5431,#5432,#5433)
    ,(#5434,#5435,#5436,#5437
    )),.UNSPECIFIED.,.F.,.F.,.F.,(4,4),(4,4),(0.,1.),(2.23520929176E-02,
    1.),.PIECEWISE_BEZIER_KNOTS.);
#5422 = CARTESIAN_POINT('',(407.43716381118,174.15213058606,
    6.875570582255));
#5423 = CARTESIAN_POINT('',(408.41481171826,174.83743412374,
    4.583713721535));
#5424 = CARTESIAN_POINT('',(409.39245962535,175.52273766142,
    2.291856860815));
#5425 = CARTESIAN_POINT('',(410.37010753243,176.20804119909,
    9.564260494699E-11));
#5426 = CARTESIAN_POINT('',(407.43716381118,173.2536012016,
    6.895112720195));
#5427 = CARTESIAN_POINT('',(408.41481171826,174.1947813028,
    4.596741813495));
#5428 = CARTESIAN_POINT('',(409.39245962535,175.135961404,2.298370906795
    ));
#5429 = CARTESIAN_POINT('',(410.37010753243,176.0771415052,
    9.564260494699E-11));
#5430 = CARTESIAN_POINT('',(407.43716381118,164.39663818423,
    7.079964849637));
#5431 = CARTESIAN_POINT('',(408.41481171826,162.54407242048,
    4.719976566457));
#5432 = CARTESIAN_POINT('',(409.39245962535,160.69150665674,
    2.359988283276));
#5433 = CARTESIAN_POINT('',(410.37010753243,158.83894089299,
    9.564260494699E-11));
#5434 = CARTESIAN_POINT('',(407.43716381118,163.49810879977,
    7.099506987577));
#5435 = CARTESIAN_POINT('',(408.41481171826,161.90141959954,
    4.733004658416));
#5436 = CARTESIAN_POINT('',(409.39245962535,160.30473039932,
    2.366502329256));
#5437 = CARTESIAN_POINT('',(410.37010753243,158.70804119909,
    9.564260494699E-11));
#5438 = ADVANCED_FACE('',(#5439),#5458,.T.);
#5439 = FACE_BOUND('',#5440,.T.);
#5440 = EDGE_LOOP('',(#5441,#5442,#5450,#5457));
#5441 = ORIENTED_EDGE('',*,*,#5123,.F.);
#5442 = ORIENTED_EDGE('',*,*,#5443,.T.);
#5443 = EDGE_CURVE('',#5006,#5444,#5446,.T.);
#5444 = VERTEX_POINT('',#5445);
#5445 = CARTESIAN_POINT('',(410.12010753243,158.45804119909,
    9.564260494699E-11));
#5446 = LINE('',#5447,#5448);
#5447 = CARTESIAN_POINT('',(405.62010753243,161.85804119909,
    7.300000000095));
#5448 = VECTOR('',#5449,1.);
#5449 = DIRECTION('',(0.487806669338,-0.368565039056,-0.791330819149));
#5450 = ORIENTED_EDGE('',*,*,#5451,.F.);
#5451 = EDGE_CURVE('',#5409,#5444,#5452,.T.);
#5452 = CIRCLE('',#5453,0.25);
#5453 = AXIS2_PLACEMENT_3D('',#5454,#5455,#5456);
#5454 = CARTESIAN_POINT('',(410.12010753243,158.70804119909,
    9.564260494699E-11));
#5455 = DIRECTION('',(2.019483917366E-28,1.258542609795E-56,-1.));
#5456 = DIRECTION('',(7.105427357601E-15,-1.,1.434929627469E-42));
#5457 = ORIENTED_EDGE('',*,*,#5408,.F.);
#5458 = B_SPLINE_SURFACE_WITH_KNOTS('',3,3,(
    (#5459,#5460,#5461,#5462)
    ,(#5463,#5464,#5465,#5466)
    ,(#5467,#5468,#5469,#5470)
    ,(#5471,#5472,#5473,#5474)
    ,(#5475,#5476,#5477,#5478)
    ,(#5479,#5480,#5481,#5482)
    ,(#5483,#5484,#5485,#5486
    )),.UNSPECIFIED.,.F.,.F.,.F.,(4,1,1,1,4),(4,4),(-2.696806991733E-12,
    0.285714285714,0.57142857143,0.714285714288,1.000000000004),(
    1.784023143338E-02,1.),.UNSPECIFIED.);
#5459 = CARTESIAN_POINT('',(407.42362822673,163.52021504208,
    7.132271331367));
#5460 = CARTESIAN_POINT('',(408.4057879953,161.91615709442,
    4.754847554277));
#5461 = CARTESIAN_POINT('',(409.38794776386,160.31209914675,
    2.377423777186));
#5462 = CARTESIAN_POINT('',(410.37010753243,158.70804119909,
    9.564260494699E-11));
#5463 = CARTESIAN_POINT('',(407.42362822673,163.26248018255,
    7.137880567148));
#5464 = CARTESIAN_POINT('',(408.40573553737,161.73180696903,
    4.758588578582));
#5465 = CARTESIAN_POINT('',(409.38800022179,160.20131450006,
    2.379291988662));
#5466 = CARTESIAN_POINT('',(410.37010753243,158.67064128655,
    9.564260494699E-11));
#5467 = CARTESIAN_POINT('',(407.30597178198,162.74706081719,
    7.149097942833));
#5468 = CARTESIAN_POINT('',(408.32163398332,161.36336898621,
    4.766064136451));
#5469 = CARTESIAN_POINT('',(409.33737625359,159.97954059927,
    2.383033806478));
#5470 = CARTESIAN_POINT('',(410.35303845493,158.59584876829,
    9.564260494699E-11));
#5471 = CARTESIAN_POINT('',(406.89378862673,162.23093039765,
    7.16033079361));
#5472 = CARTESIAN_POINT('',(408.02688966423,160.99433428007,
    4.773552258803));
#5473 = CARTESIAN_POINT('',(409.16013970524,159.75754918652,
    2.386778534902));
#5474 = CARTESIAN_POINT('',(410.29324074274,158.52095306894,
    9.564260494699E-11));
#5475 = CARTESIAN_POINT('',(406.34437438552,161.88602034162,
    7.167837274615));
#5476 = CARTESIAN_POINT('',(407.63408638543,160.74766701501,
    4.778557697709));
#5477 = CARTESIAN_POINT('',(408.9238221506,159.60925648785,
    2.389279577001));
#5478 = CARTESIAN_POINT('',(410.21353415051,158.47090316124,
    9.564216085778E-11));
#5479 = CARTESIAN_POINT('',(405.9581846231,161.79738441222,
    7.169766310632));
#5480 = CARTESIAN_POINT('',(407.35790134927,160.6844187542,
    4.779840420369));
#5481 = CARTESIAN_POINT('',(408.75779071881,159.57100685711,
    2.389925890358));
#5482 = CARTESIAN_POINT('',(410.15750744497,158.45804119909,
    9.564260494699E-11));
#5483 = CARTESIAN_POINT('',(405.70038857387,161.79738441222,
    7.169766310632));
#5484 = CARTESIAN_POINT('',(407.17362822672,160.68427000784,
    4.77984420712));
#5485 = CARTESIAN_POINT('',(408.64686787958,159.57115560347,
    2.389922103608));
#5486 = CARTESIAN_POINT('',(410.12010753243,158.45804119909,
    9.564260494699E-11));
#5487 = ADVANCED_FACE('',(#5488),#5506,.T.);
#5488 = FACE_BOUND('',#5489,.T.);
#5489 = EDGE_LOOP('',(#5490,#5491,#5499,#5505));
#5490 = ORIENTED_EDGE('',*,*,#5014,.F.);
#5491 = ORIENTED_EDGE('',*,*,#5492,.T.);
#5492 = EDGE_CURVE('',#4930,#5493,#5495,.T.);
#5493 = VERTEX_POINT('',#5494);
#5494 = CARTESIAN_POINT('',(359.28260753242,158.45804119909,
    9.547207469041E-11));
#5495 = LINE('',#5496,#5497);
#5496 = CARTESIAN_POINT('',(363.78260753242,161.85804119909,
    7.300000000095));
#5497 = VECTOR('',#5498,1.);
#5498 = DIRECTION('',(-0.487806669338,-0.368565039056,-0.791330819149));
#5499 = ORIENTED_EDGE('',*,*,#5500,.F.);
#5500 = EDGE_CURVE('',#5444,#5493,#5501,.T.);
#5501 = LINE('',#5502,#5503);
#5502 = CARTESIAN_POINT('',(392.62010753243,158.45804119909,
    9.564260494699E-11));
#5503 = VECTOR('',#5504,1.);
#5504 = DIRECTION('',(-1.,-2.49280070124E-28,2.019483917366E-28));
#5505 = ORIENTED_EDGE('',*,*,#5443,.F.);
#5506 = PLANE('',#5507);
#5507 = AXIS2_PLACEMENT_3D('',#5508,#5509,#5510);
#5508 = CARTESIAN_POINT('',(405.62010753243,161.85804119909,
    7.300000000095));
#5509 = DIRECTION('',(-3.112361233606E-28,-0.906500128324,0.42220553922)
  );
#5510 = DIRECTION('',(-7.781882676491E-29,0.42220553922,0.906500128324)
  );
#5511 = ADVANCED_FACE('',(#5512),#5531,.F.);
#5512 = FACE_BOUND('',#5513,.F.);
#5513 = EDGE_LOOP('',(#5514,#5515,#5524,#5530));
#5514 = ORIENTED_EDGE('',*,*,#5492,.T.);
#5515 = ORIENTED_EDGE('',*,*,#5516,.F.);
#5516 = EDGE_CURVE('',#5517,#5493,#5519,.T.);
#5517 = VERTEX_POINT('',#5518);
#5518 = CARTESIAN_POINT('',(359.03260753242,158.70804119909,
    9.547207469041E-11));
#5519 = CIRCLE('',#5520,0.25);
#5520 = AXIS2_PLACEMENT_3D('',#5521,#5522,#5523);
#5521 = CARTESIAN_POINT('',(359.28260753242,158.70804119909,
    9.547207469041E-11));
#5522 = DIRECTION('',(-8.968310171679E-44,2.517085219589E-56,1.));
#5523 = DIRECTION('',(-7.105427357601E-15,-1.,2.453361543144E-56));
#5524 = ORIENTED_EDGE('',*,*,#5525,.F.);
#5525 = EDGE_CURVE('',#4939,#5517,#5526,.T.);
#5526 = LINE('',#5527,#5528);
#5527 = CARTESIAN_POINT('',(362.03260753242,163.60762474648,
    7.261823951285));
#5528 = VECTOR('',#5529,1.);
#5529 = DIRECTION('',(-0.323988428895,-0.529136125252,-0.784248977618));
#5530 = ORIENTED_EDGE('',*,*,#4938,.T.);
#5531 = B_SPLINE_SURFACE_WITH_KNOTS('',3,3,(
    (#5532,#5533,#5534,#5535)
    ,(#5536,#5537,#5538,#5539)
    ,(#5540,#5541,#5542,#5543)
    ,(#5544,#5545,#5546,#5547)
    ,(#5548,#5549,#5550,#5551)
    ,(#5552,#5553,#5554,#5555)
    ,(#5556,#5557,#5558,#5559
    )),.UNSPECIFIED.,.F.,.F.,.F.,(4,1,1,1,4),(4,4),(-2.309271736787E-12,
    0.285714285713,0.571428571428,0.714285714286,1.000000000001),(
    1.784023143328E-02,1.),.UNSPECIFIED.);
#5532 = CARTESIAN_POINT('',(361.97908683812,163.52021504207,
    7.132271331368));
#5533 = CARTESIAN_POINT('',(360.99692706956,161.91615709441,
    4.754847554277));
#5534 = CARTESIAN_POINT('',(360.01476730099,160.31209914675,
    2.377423777186));
#5535 = CARTESIAN_POINT('',(359.03260753242,158.70804119909,
    9.547207469041E-11));
#5536 = CARTESIAN_POINT('',(361.97908683812,163.26248018254,
    7.137880567149));
#5537 = CARTESIAN_POINT('',(360.99697952748,161.73180696903,
    4.758588578582));
#5538 = CARTESIAN_POINT('',(360.01471484306,160.20131450006,
    2.379291988662));
#5539 = CARTESIAN_POINT('',(359.03260753242,158.67064128654,
    9.547207469041E-11));
#5540 = CARTESIAN_POINT('',(362.09674328291,162.74706081723,
    7.149097942833));
#5541 = CARTESIAN_POINT('',(361.08108108157,161.36336898624,
    4.76606413645));
#5542 = CARTESIAN_POINT('',(360.06533881127,159.97954059928,
    2.383033806478));
#5543 = CARTESIAN_POINT('',(359.04967660993,158.5958487683,
    9.547340695804E-11));
#5544 = CARTESIAN_POINT('',(362.50892643815,162.23093039768,
    7.16033079361));
#5545 = CARTESIAN_POINT('',(361.37582540066,160.99433428009,
    4.773552258803));
#5546 = CARTESIAN_POINT('',(360.24257535962,159.75754918652,
    2.386778534903));
#5547 = CARTESIAN_POINT('',(359.10947432213,158.52095306894,
    9.547340695804E-11));
#5548 = CARTESIAN_POINT('',(363.05834067935,161.88602034167,
    7.167837274615));
#5549 = CARTESIAN_POINT('',(361.76862867944,160.74766701505,
    4.778557697709));
#5550 = CARTESIAN_POINT('',(360.47889291426,159.60925648787,
    2.389279577002));
#5551 = CARTESIAN_POINT('',(359.18918091435,158.47090316125,
    9.547296286883E-11));
#5552 = CARTESIAN_POINT('',(363.44453044175,161.79738441221,
    7.169766310632));
#5553 = CARTESIAN_POINT('',(362.04481371558,160.6844187542,4.77984042037
    ));
#5554 = CARTESIAN_POINT('',(360.64492434604,159.5710068571,
    2.389925890358));
#5555 = CARTESIAN_POINT('',(359.24520761988,158.45804119909,
    9.547207469041E-11));
#5556 = CARTESIAN_POINT('',(363.70232649098,161.79738441221,
    7.169766310632));
#5557 = CARTESIAN_POINT('',(362.22908683812,160.68427000784,
    4.77984420712));
#5558 = CARTESIAN_POINT('',(360.75584718527,159.57115560346,
    2.389922103608));
#5559 = CARTESIAN_POINT('',(359.28260753242,158.45804119909,
    9.547207469041E-11));
#5560 = ADVANCED_FACE('',(#5561),#5571,.T.);
#5561 = FACE_BOUND('',#5562,.T.);
#5562 = EDGE_LOOP('',(#5563,#5564,#5565,#5566,#5567,#5568,#5569,#5570));
#5563 = ORIENTED_EDGE('',*,*,#4915,.F.);
#5564 = ORIENTED_EDGE('',*,*,#4996,.F.);
#5565 = ORIENTED_EDGE('',*,*,#5103,.F.);
#5566 = ORIENTED_EDGE('',*,*,#5242,.F.);
#5567 = ORIENTED_EDGE('',*,*,#5338,.F.);
#5568 = ORIENTED_EDGE('',*,*,#5288,.F.);
#5569 = ORIENTED_EDGE('',*,*,#5167,.F.);
#5570 = ORIENTED_EDGE('',*,*,#5046,.F.);
#5571 = ( BOUNDED_SURFACE() B_SPLINE_SURFACE(1,2,(
    (#5572,#5573,#5574)
    ,(#5575,#5576,#5577
)),.UNSPECIFIED.,.F.,.F.,.F.) B_SPLINE_SURFACE_WITH_KNOTS((2,2),(3,3),(
    4.82514089183E-12,0.113007400752),(-4.277914278325E-15,
    0.150849544852),.PIECEWISE_BEZIER_KNOTS.) 
GEOMETRIC_REPRESENTATION_ITEM() RATIONAL_B_SPLINE_SURFACE((
    (1.,0.997156900077,1.)
,(1.,0.997156900077,1.))) REPRESENTATION_ITEM('') SURFACE() );
#5572 = CARTESIAN_POINT('',(355.33016665207,188.86051060619,
    7.118635328143));
#5573 = CARTESIAN_POINT('',(387.63698570799,188.81209190448,
    4.89963764587));
#5574 = CARTESIAN_POINT('',(419.9104670856,188.87013447349,
    7.559690920919));
#5575 = CARTESIAN_POINT('',(355.33016665209,140.44532876096,
    8.175058355131));
#5576 = CARTESIAN_POINT('',(387.63698570801,140.39691005925,
    5.956060672857));
#5577 = CARTESIAN_POINT('',(419.91046708561,140.45495262826,
    8.616113947907));
#5578 = ADVANCED_FACE('',(#5579,#5617),#5623,.T.);
#5579 = FACE_BOUND('',#5580,.T.);
#5580 = EDGE_LOOP('',(#5581,#5589,#5598,#5606,#5613,#5614,#5615,#5616));
#5581 = ORIENTED_EDGE('',*,*,#5582,.F.);
#5582 = EDGE_CURVE('',#5583,#5517,#5585,.T.);
#5583 = VERTEX_POINT('',#5584);
#5584 = CARTESIAN_POINT('',(359.03260753242,176.20804119909,
    9.547207469041E-11));
#5585 = LINE('',#5586,#5587);
#5586 = CARTESIAN_POINT('',(359.03260753242,158.70804119909,
    9.547207469041E-11));
#5587 = VECTOR('',#5588,1.);
#5588 = DIRECTION('',(2.407412419274E-35,-1.,-2.517085219589E-56));
#5589 = ORIENTED_EDGE('',*,*,#5590,.F.);
#5590 = EDGE_CURVE('',#5591,#5583,#5593,.T.);
#5591 = VERTEX_POINT('',#5592);
#5592 = CARTESIAN_POINT('',(359.28260753242,176.45804119909,
    9.547207469041E-11));
#5593 = CIRCLE('',#5594,0.25);
#5594 = AXIS2_PLACEMENT_3D('',#5595,#5596,#5597);
#5595 = CARTESIAN_POINT('',(359.28260753242,176.20804119909,
    9.547207469041E-11));
#5596 = DIRECTION('',(-8.968310171679E-44,2.517085219589E-56,1.));
#5597 = DIRECTION('',(-1.,7.105427357601E-15,-8.968310171679E-44));
#5598 = ORIENTED_EDGE('',*,*,#5599,.T.);
#5599 = EDGE_CURVE('',#5591,#5600,#5602,.T.);
#5600 = VERTEX_POINT('',#5601);
#5601 = CARTESIAN_POINT('',(410.12010753243,176.45804119909,
    9.564260494699E-11));
#5602 = LINE('',#5603,#5604);
#5603 = CARTESIAN_POINT('',(410.12010753243,176.45804119909,
    9.564260494699E-11));
#5604 = VECTOR('',#5605,1.);
#5605 = DIRECTION('',(1.,2.49280070124E-28,-2.019483917366E-28));
#5606 = ORIENTED_EDGE('',*,*,#5607,.T.);
#5607 = EDGE_CURVE('',#5600,#5400,#5608,.T.);
#5608 = CIRCLE('',#5609,0.25);
#5609 = AXIS2_PLACEMENT_3D('',#5610,#5611,#5612);
#5610 = CARTESIAN_POINT('',(410.12010753243,176.20804119909,
    9.564260494699E-11));
#5611 = DIRECTION('',(2.019483917366E-28,1.274473528906E-56,-1.));
#5612 = DIRECTION('',(1.,7.105427357601E-15,2.019483917366E-28));
#5613 = ORIENTED_EDGE('',*,*,#5416,.T.);
#5614 = ORIENTED_EDGE('',*,*,#5451,.T.);
#5615 = ORIENTED_EDGE('',*,*,#5500,.T.);
#5616 = ORIENTED_EDGE('',*,*,#5516,.F.);
#5617 = FACE_BOUND('',#5618,.T.);
#5618 = EDGE_LOOP('',(#5619,#5620,#5621,#5622));
#5619 = ORIENTED_EDGE('',*,*,#2366,.F.);
#5620 = ORIENTED_EDGE('',*,*,#200,.T.);
#5621 = ORIENTED_EDGE('',*,*,#1217,.T.);
#5622 = ORIENTED_EDGE('',*,*,#4392,.T.);
#5623 = PLANE('',#5624);
#5624 = AXIS2_PLACEMENT_3D('',#5625,#5626,#5627);
#5625 = CARTESIAN_POINT('',(401.37010753243,167.45804119909,
    9.564260494699E-11));
#5626 = DIRECTION('',(2.019486885489E-28,4.452184261336E-34,-1.));
#5627 = DIRECTION('',(-1.,-2.492800460498E-28,-2.019486885489E-28));
#5628 = ADVANCED_FACE('',(#5629),#5645,.F.);
#5629 = FACE_BOUND('',#5630,.F.);
#5630 = EDGE_LOOP('',(#5631,#5637,#5638,#5644));
#5631 = ORIENTED_EDGE('',*,*,#5632,.T.);
#5632 = EDGE_CURVE('',#5058,#5583,#5633,.T.);
#5633 = LINE('',#5634,#5635);
#5634 = CARTESIAN_POINT('',(362.03260753242,174.10512603082,
    7.032767658422));
#5635 = VECTOR('',#5636,1.);
#5636 = DIRECTION('',(-0.378318717734,0.265190723321,-0.886875880874));
#5637 = ORIENTED_EDGE('',*,*,#5590,.F.);
#5638 = ORIENTED_EDGE('',*,*,#5639,.F.);
#5639 = EDGE_CURVE('',#5180,#5591,#5640,.T.);
#5640 = LINE('',#5641,#5642);
#5641 = CARTESIAN_POINT('',(363.78260753242,175.85470957821,
    6.994591609611));
#5642 = VECTOR('',#5643,1.);
#5643 = DIRECTION('',(-0.539635378254,7.235090832107E-02,-0.838784241985
    ));
#5644 = ORIENTED_EDGE('',*,*,#5179,.T.);
#5645 = B_SPLINE_SURFACE_WITH_KNOTS('',3,3,(
    (#5646,#5647,#5648,#5649)
    ,(#5650,#5651,#5652,#5653)
    ,(#5654,#5655,#5656,#5657)
    ,(#5658,#5659,#5660,#5661)
    ,(#5662,#5663,#5664,#5665)
    ,(#5666,#5667,#5668,#5669)
    ,(#5670,#5671,#5672,#5673
    )),.UNSPECIFIED.,.F.,.F.,.F.,(4,1,1,1,4),(4,4),(-2.921542850739E-12,
    0.285714285714,0.571428571431,0.714285714289,1.000000000006),(
    2.139879786872E-02,1.),.UNSPECIFIED.);
#5646 = CARTESIAN_POINT('',(363.68631294202,175.86762014961,
    6.844915757585));
#5647 = CARTESIAN_POINT('',(362.21841113882,176.0644271661,
    4.563277171755));
#5648 = CARTESIAN_POINT('',(360.75050933562,176.26123418259,
    2.281638585925));
#5649 = CARTESIAN_POINT('',(359.28260753242,176.45804119909,
    9.547207469041E-11));
#5650 = CARTESIAN_POINT('',(363.42931543323,175.86762014961,
    6.844915757585));
#5651 = CARTESIAN_POINT('',(362.03455278222,176.06437491274,
    4.563278502009));
#5652 = CARTESIAN_POINT('',(360.63997027089,176.26128643595,
    2.281637255672));
#5653 = CARTESIAN_POINT('',(359.24520761988,176.45804119909,
    9.547207469041E-11));
#5654 = CARTESIAN_POINT('',(362.91537062544,175.75035597882,
    6.847466500942));
#5655 = CARTESIAN_POINT('',(361.66709748387,175.98053477414,
    4.564978344136));
#5656 = CARTESIAN_POINT('',(360.41868824321,176.21079332626,
    2.282488156901));
#5657 = CARTESIAN_POINT('',(359.17041510164,176.44097212158,
    9.547296286883E-11));
#5658 = CARTESIAN_POINT('',(362.40071679755,175.33954706847,
    6.856402462301));
#5659 = CARTESIAN_POINT('',(361.29904711368,175.68670670793,
    4.570936234401));
#5660 = CARTESIAN_POINT('',(360.19718908615,176.0340147699,
    2.285466227995));
#5661 = CARTESIAN_POINT('',(359.09551940228,176.38117440936,
    9.54716306012E-11));
#5662 = CARTESIAN_POINT('',(362.05679349082,174.79196460932,
    6.868313537188));
#5663 = CARTESIAN_POINT('',(361.05303782848,175.29512445438,
    4.578875892375));
#5664 = CARTESIAN_POINT('',(360.04922515693,175.7983079721,
    2.289437644909));
#5665 = CARTESIAN_POINT('',(359.04546949459,176.30146781716,
    9.547251877962E-11));
#5666 = CARTESIAN_POINT('',(361.96841113882,174.40706242822,
    6.876685972475));
#5667 = CARTESIAN_POINT('',(360.98995818527,175.01979799933,
    4.58445877434));
#5668 = CARTESIAN_POINT('',(360.01106048597,175.63270554052,
    2.292227198231));
#5669 = CARTESIAN_POINT('',(359.03260753242,176.24544111163,
    9.547207469041E-11));
#5670 = CARTESIAN_POINT('',(361.96841113882,174.15012588743,
    6.882274884844));
#5671 = CARTESIAN_POINT('',(360.98980993669,174.83609765798,
    4.588183256594));
#5672 = CARTESIAN_POINT('',(360.01120873455,175.52206942853,
    2.294091628345));
#5673 = CARTESIAN_POINT('',(359.03260753242,176.20804119909,
    9.547207469041E-11));
#5674 = ADVANCED_FACE('',(#5675),#5686,.T.);
#5675 = FACE_BOUND('',#5676,.T.);
#5676 = EDGE_LOOP('',(#5677,#5678,#5679,#5680));
#5677 = ORIENTED_EDGE('',*,*,#5349,.F.);
#5678 = ORIENTED_EDGE('',*,*,#5399,.T.);
#5679 = ORIENTED_EDGE('',*,*,#5607,.F.);
#5680 = ORIENTED_EDGE('',*,*,#5681,.F.);
#5681 = EDGE_CURVE('',#5299,#5600,#5682,.T.);
#5682 = LINE('',#5683,#5684);
#5683 = CARTESIAN_POINT('',(405.62010753243,175.85470957822,
    6.994591609611));
#5684 = VECTOR('',#5685,1.);
#5685 = DIRECTION('',(0.539635378254,7.235090832107E-02,-0.838784241985)
  );
#5686 = B_SPLINE_SURFACE_WITH_KNOTS('',3,3,(
    (#5687,#5688,#5689,#5690)
    ,(#5691,#5692,#5693,#5694)
    ,(#5695,#5696,#5697,#5698)
    ,(#5699,#5700,#5701,#5702)
    ,(#5703,#5704,#5705,#5706)
    ,(#5707,#5708,#5709,#5710)
    ,(#5711,#5712,#5713,#5714
    )),.UNSPECIFIED.,.F.,.F.,.F.,(4,1,1,1,4),(4,4),(-1.362128738341E-12,
    0.285714285715,0.571428571431,0.714285714289,1.000000000004),(
    2.156790799271E-02,1.),.UNSPECIFIED.);
#5687 = CARTESIAN_POINT('',(405.71716311839,175.8677221791,
    6.843732901331));
#5688 = CARTESIAN_POINT('',(407.18481125641,176.06449518576,
    4.562488600919));
#5689 = CARTESIAN_POINT('',(408.65245939442,176.26126819243,
    2.281244300507));
#5690 = CARTESIAN_POINT('',(410.12010753243,176.45804119909,
    9.564260494699E-11));
#5691 = CARTESIAN_POINT('',(405.97412267896,175.8677221791,
    6.843732901331));
#5692 = CARTESIAN_POINT('',(407.36864430382,176.06444294144,
    4.562489930943));
#5693 = CARTESIAN_POINT('',(408.76298582012,176.26132043675,
    2.281242970484));
#5694 = CARTESIAN_POINT('',(410.15750744497,176.45804119909,
    9.564260494699E-11));
#5695 = CARTESIAN_POINT('',(406.48799159775,175.75047532285,
    6.846283203898));
#5696 = CARTESIAN_POINT('',(407.73604902772,175.98061434143,
    4.564189479323));
#5697 = CARTESIAN_POINT('',(408.98424253325,176.21083310301,
    2.28209372467));
#5698 = CARTESIAN_POINT('',(410.23229996322,176.44097212159,
    9.564393721462E-11));
#5699 = CARTESIAN_POINT('',(407.0025694319,175.33972707003,
    6.855217621052));
#5700 = CARTESIAN_POINT('',(408.10404873843,175.68682671753,
    4.570146340017));
#5701 = CARTESIAN_POINT('',(409.20571635605,176.03407476189,
    2.28507128113));
#5702 = CARTESIAN_POINT('',(410.30719566257,176.38117440939,
    9.56430490362E-11));
#5703 = CARTESIAN_POINT('',(407.34644195495,174.79222546357,
    6.86712663761));
#5704 = CARTESIAN_POINT('',(408.35002416027,175.29529835859,
    4.578084625955));
#5705 = CARTESIAN_POINT('',(409.35366336494,175.79839492215,
    2.289042011751));
#5706 = CARTESIAN_POINT('',(410.35724557026,176.30146781716,
    9.564260494699E-11));
#5707 = CARTESIAN_POINT('',(407.43481125641,174.40738011478,
    6.875497626074));
#5708 = CARTESIAN_POINT('',(408.41309512545,175.02000980027,
    4.583666543154));
#5709 = CARTESIAN_POINT('',(409.39182366339,175.63281142614,
    2.291831083016));
#5710 = CARTESIAN_POINT('',(410.37010753243,176.24544111164,
    9.564260494699E-11));
#5711 = CARTESIAN_POINT('',(407.43481125641,174.15048151167,
    6.881085572633));
#5712 = CARTESIAN_POINT('',(408.41324334841,174.83633474081,
    4.587390381787));
#5713 = CARTESIAN_POINT('',(409.39167544042,175.52218796996,
    2.293695190942));
#5714 = CARTESIAN_POINT('',(410.37010753243,176.20804119909,
    9.564260494699E-11));
#5715 = ADVANCED_FACE('',(#5716),#5722,.T.);
#5716 = FACE_BOUND('',#5717,.T.);
#5717 = EDGE_LOOP('',(#5718,#5719,#5720,#5721));
#5718 = ORIENTED_EDGE('',*,*,#5298,.F.);
#5719 = ORIENTED_EDGE('',*,*,#5681,.T.);
#5720 = ORIENTED_EDGE('',*,*,#5599,.F.);
#5721 = ORIENTED_EDGE('',*,*,#5639,.F.);
#5722 = PLANE('',#5723);
#5723 = AXIS2_PLACEMENT_3D('',#5724,#5725,#5726);
#5724 = CARTESIAN_POINT('',(397.12010753243,175.85470957822,
    6.994591609611));
#5725 = DIRECTION('',(-6.675524960743E-18,0.996300506784,
    8.593776923612E-02));
#5726 = DIRECTION('',(2.226237311721E-28,8.593776923612E-02,
    -0.996300506784));
#5727 = ADVANCED_FACE('',(#5728),#5734,.F.);
#5728 = FACE_BOUND('',#5729,.F.);
#5729 = EDGE_LOOP('',(#5730,#5731,#5732,#5733));
#5730 = ORIENTED_EDGE('',*,*,#5632,.F.);
#5731 = ORIENTED_EDGE('',*,*,#5057,.T.);
#5732 = ORIENTED_EDGE('',*,*,#5525,.T.);
#5733 = ORIENTED_EDGE('',*,*,#5582,.F.);
#5734 = B_SPLINE_SURFACE_WITH_KNOTS('',3,3,(
    (#5735,#5736,#5737,#5738)
    ,(#5739,#5740,#5741,#5742)
    ,(#5743,#5744,#5745,#5746)
    ,(#5747,#5748,#5749,#5750
    )),.UNSPECIFIED.,.F.,.F.,.F.,(4,4),(4,4),(0.,1.),(2.23520929175E-02,
    1.),.PIECEWISE_BEZIER_KNOTS.);
#5735 = CARTESIAN_POINT('',(361.96555125367,174.15213058606,
    6.875570582256));
#5736 = CARTESIAN_POINT('',(360.98790334659,174.83743412374,
    4.583713721536));
#5737 = CARTESIAN_POINT('',(360.0102554395,175.52273766141,
    2.291856860816));
#5738 = CARTESIAN_POINT('',(359.03260753242,176.20804119909,
    9.547207469041E-11));
#5739 = CARTESIAN_POINT('',(361.96555125367,173.2536012016,
    6.895112720195));
#5740 = CARTESIAN_POINT('',(360.98790334659,174.1947813028,
    4.596741813495));
#5741 = CARTESIAN_POINT('',(360.0102554395,175.13596140399,
    2.298370906795));
#5742 = CARTESIAN_POINT('',(359.03260753242,176.07714150519,
    9.547207469041E-11));
#5743 = CARTESIAN_POINT('',(361.96555125367,164.39663818423,
    7.079964849638));
#5744 = CARTESIAN_POINT('',(360.98790334659,162.54407242048,
    4.719976566457));
#5745 = CARTESIAN_POINT('',(360.0102554395,160.69150665673,
    2.359988283276));
#5746 = CARTESIAN_POINT('',(359.03260753242,158.83894089298,
    9.547207469041E-11));
#5747 = CARTESIAN_POINT('',(361.96555125367,163.49810879977,
    7.099506987577));
#5748 = CARTESIAN_POINT('',(360.98790334659,161.90141959954,
    4.733004658417));
#5749 = CARTESIAN_POINT('',(360.0102554395,160.30473039931,
    2.366502329256));
#5750 = CARTESIAN_POINT('',(359.03260753242,158.70804119909,
    9.547207469041E-11));
#5751 = ADVANCED_FACE('',(#5752,#5755),#5853,.T.);
#5752 = FACE_BOUND('',#5753,.T.);
#5753 = EDGE_LOOP('',(#5754));
#5754 = ORIENTED_EDGE('',*,*,#2224,.T.);
#5755 = FACE_BOUND('',#5756,.T.);
#5756 = EDGE_LOOP('',(#5757,#5767,#5775,#5783,#5791,#5799,#5807,#5815,
    #5823,#5831,#5839,#5847));
#5757 = ORIENTED_EDGE('',*,*,#5758,.T.);
#5758 = EDGE_CURVE('',#5759,#5761,#5763,.T.);
#5759 = VERTEX_POINT('',#5760);
#5760 = CARTESIAN_POINT('',(396.15135753242,169.4580411991,
    0.200000000096));
#5761 = VERTEX_POINT('',#5762);
#5762 = CARTESIAN_POINT('',(396.15135753242,167.9580411991,
    0.200000000096));
#5763 = LINE('',#5764,#5765);
#5764 = CARTESIAN_POINT('',(396.15135753242,163.2120274446,
    0.200000000096));
#5765 = VECTOR('',#5766,1.);
#5766 = DIRECTION('',(0.,-1.,3.061616997868E-16));
#5767 = ORIENTED_EDGE('',*,*,#5768,.T.);
#5768 = EDGE_CURVE('',#5761,#5769,#5771,.T.);
#5769 = VERTEX_POINT('',#5770);
#5770 = CARTESIAN_POINT('',(394.65135753242,167.9580411991,
    0.200000000096));
#5771 = LINE('',#5772,#5773);
#5772 = CARTESIAN_POINT('',(391.15135753242,167.9580411991,
    0.200000000096));
#5773 = VECTOR('',#5774,1.);
#5774 = DIRECTION('',(-1.,0.,0.));
#5775 = ORIENTED_EDGE('',*,*,#5776,.T.);
#5776 = EDGE_CURVE('',#5769,#5777,#5779,.T.);
#5777 = VERTEX_POINT('',#5778);
#5778 = CARTESIAN_POINT('',(394.65135753242,166.9580411991,
    0.200000000096));
#5779 = LINE('',#5780,#5781);
#5780 = CARTESIAN_POINT('',(394.65135753242,162.7120274446,
    0.200000000096));
#5781 = VECTOR('',#5782,1.);
#5782 = DIRECTION('',(0.,-1.,3.061616997868E-16));
#5783 = ORIENTED_EDGE('',*,*,#5784,.T.);
#5784 = EDGE_CURVE('',#5777,#5785,#5787,.T.);
#5785 = VERTEX_POINT('',#5786);
#5786 = CARTESIAN_POINT('',(396.15135753242,166.9580411991,
    0.200000000096));
#5787 = LINE('',#5788,#5789);
#5788 = CARTESIAN_POINT('',(391.90135753242,166.9580411991,
    0.200000000096));
#5789 = VECTOR('',#5790,1.);
#5790 = DIRECTION('',(1.,0.,0.));
#5791 = ORIENTED_EDGE('',*,*,#5792,.T.);
#5792 = EDGE_CURVE('',#5785,#5793,#5795,.T.);
#5793 = VERTEX_POINT('',#5794);
#5794 = CARTESIAN_POINT('',(396.15135753242,165.4580411991,
    0.200000000096));
#5795 = LINE('',#5796,#5797);
#5796 = CARTESIAN_POINT('',(396.15135753242,163.2120274446,
    0.200000000096));
#5797 = VECTOR('',#5798,1.);
#5798 = DIRECTION('',(0.,-1.,3.061616997868E-16));
#5799 = ORIENTED_EDGE('',*,*,#5800,.T.);
#5800 = EDGE_CURVE('',#5793,#5801,#5803,.T.);
#5801 = VERTEX_POINT('',#5802);
#5802 = CARTESIAN_POINT('',(397.15135753242,165.4580411991,
    0.200000000096));
#5803 = LINE('',#5804,#5805);
#5804 = CARTESIAN_POINT('',(392.40135753242,165.4580411991,
    0.200000000096));
#5805 = VECTOR('',#5806,1.);
#5806 = DIRECTION('',(1.,0.,0.));
#5807 = ORIENTED_EDGE('',*,*,#5808,.T.);
#5808 = EDGE_CURVE('',#5801,#5809,#5811,.T.);
#5809 = VERTEX_POINT('',#5810);
#5810 = CARTESIAN_POINT('',(397.15135753242,166.9580411991,
    0.200000000096));
#5811 = LINE('',#5812,#5813);
#5812 = CARTESIAN_POINT('',(397.15135753242,162.7120274446,
    0.200000000096));
#5813 = VECTOR('',#5814,1.);
#5814 = DIRECTION('',(0.,1.,-3.061616997868E-16));
#5815 = ORIENTED_EDGE('',*,*,#5816,.T.);
#5816 = EDGE_CURVE('',#5809,#5817,#5819,.T.);
#5817 = VERTEX_POINT('',#5818);
#5818 = CARTESIAN_POINT('',(398.65135753242,166.9580411991,
    0.200000000096));
#5819 = LINE('',#5820,#5821);
#5820 = CARTESIAN_POINT('',(391.90135753242,166.9580411991,
    0.200000000096));
#5821 = VECTOR('',#5822,1.);
#5822 = DIRECTION('',(1.,0.,0.));
#5823 = ORIENTED_EDGE('',*,*,#5824,.T.);
#5824 = EDGE_CURVE('',#5817,#5825,#5827,.T.);
#5825 = VERTEX_POINT('',#5826);
#5826 = CARTESIAN_POINT('',(398.65135753242,167.9580411991,
    0.200000000096));
#5827 = LINE('',#5828,#5829);
#5828 = CARTESIAN_POINT('',(398.65135753242,163.2120274446,
    0.200000000096));
#5829 = VECTOR('',#5830,1.);
#5830 = DIRECTION('',(0.,1.,-3.061616997868E-16));
#5831 = ORIENTED_EDGE('',*,*,#5832,.T.);
#5832 = EDGE_CURVE('',#5825,#5833,#5835,.T.);
#5833 = VERTEX_POINT('',#5834);
#5834 = CARTESIAN_POINT('',(397.15135753242,167.9580411991,
    0.200000000096));
#5835 = LINE('',#5836,#5837);
#5836 = CARTESIAN_POINT('',(392.40135753242,167.9580411991,
    0.200000000096));
#5837 = VECTOR('',#5838,1.);
#5838 = DIRECTION('',(-1.,0.,0.));
#5839 = ORIENTED_EDGE('',*,*,#5840,.T.);
#5840 = EDGE_CURVE('',#5833,#5841,#5843,.T.);
#5841 = VERTEX_POINT('',#5842);
#5842 = CARTESIAN_POINT('',(397.15135753242,169.4580411991,
    0.200000000096));
#5843 = LINE('',#5844,#5845);
#5844 = CARTESIAN_POINT('',(397.15135753242,163.9620274446,
    0.200000000096));
#5845 = VECTOR('',#5846,1.);
#5846 = DIRECTION('',(0.,1.,-3.061616997868E-16));
#5847 = ORIENTED_EDGE('',*,*,#5848,.T.);
#5848 = EDGE_CURVE('',#5841,#5759,#5849,.T.);
#5849 = LINE('',#5850,#5851);
#5850 = CARTESIAN_POINT('',(391.90135753242,169.4580411991,
    0.200000000096));
#5851 = VECTOR('',#5852,1.);
#5852 = DIRECTION('',(-1.,0.,0.));
#5853 = PLANE('',#5854);
#5854 = AXIS2_PLACEMENT_3D('',#5855,#5856,#5857);
#5855 = CARTESIAN_POINT('',(387.65135753242,158.4660136901,
    0.200000000096));
#5856 = DIRECTION('',(0.,-3.061616997868E-16,-1.));
#5857 = DIRECTION('',(0.,1.,-3.061616997868E-16));
#5858 = ADVANCED_FACE('',(#5859),#5875,.T.);
#5859 = FACE_BOUND('',#5860,.T.);
#5860 = EDGE_LOOP('',(#5861,#5862,#5868,#5869));
#5861 = ORIENTED_EDGE('',*,*,#4616,.T.);
#5862 = ORIENTED_EDGE('',*,*,#5863,.F.);
#5863 = EDGE_CURVE('',#5759,#4510,#5864,.T.);
#5864 = LINE('',#5865,#5866);
#5865 = CARTESIAN_POINT('',(396.15135753242,169.4580411991,
    9.555378710502E-11));
#5866 = VECTOR('',#5867,1.);
#5867 = DIRECTION('',(0.,0.,1.));
#5868 = ORIENTED_EDGE('',*,*,#5848,.F.);
#5869 = ORIENTED_EDGE('',*,*,#5870,.T.);
#5870 = EDGE_CURVE('',#5841,#4608,#5871,.T.);
#5871 = LINE('',#5872,#5873);
#5872 = CARTESIAN_POINT('',(397.15135753242,169.4580411991,
    9.555378710502E-11));
#5873 = VECTOR('',#5874,1.);
#5874 = DIRECTION('',(0.,0.,1.));
#5875 = PLANE('',#5876);
#5876 = AXIS2_PLACEMENT_3D('',#5877,#5878,#5879);
#5877 = CARTESIAN_POINT('',(396.15135753242,169.4580411991,
    9.555378710502E-11));
#5878 = DIRECTION('',(0.,-1.,0.));
#5879 = DIRECTION('',(1.,0.,0.));
#5880 = ADVANCED_FACE('',(#5881),#5892,.T.);
#5881 = FACE_BOUND('',#5882,.T.);
#5882 = EDGE_LOOP('',(#5883,#5884,#5885,#5886));
#5883 = ORIENTED_EDGE('',*,*,#4607,.T.);
#5884 = ORIENTED_EDGE('',*,*,#5870,.F.);
#5885 = ORIENTED_EDGE('',*,*,#5840,.F.);
#5886 = ORIENTED_EDGE('',*,*,#5887,.T.);
#5887 = EDGE_CURVE('',#5833,#4599,#5888,.T.);
#5888 = LINE('',#5889,#5890);
#5889 = CARTESIAN_POINT('',(397.15135753242,167.9580411991,
    9.555378710502E-11));
#5890 = VECTOR('',#5891,1.);
#5891 = DIRECTION('',(0.,0.,1.));
#5892 = PLANE('',#5893);
#5893 = AXIS2_PLACEMENT_3D('',#5894,#5895,#5896);
#5894 = CARTESIAN_POINT('',(397.15135753242,169.4580411991,
    9.555378710502E-11));
#5895 = DIRECTION('',(-1.,0.,0.));
#5896 = DIRECTION('',(0.,-1.,3.061616997868E-16));
#5897 = ADVANCED_FACE('',(#5898),#5909,.T.);
#5898 = FACE_BOUND('',#5899,.T.);
#5899 = EDGE_LOOP('',(#5900,#5901,#5907,#5908));
#5900 = ORIENTED_EDGE('',*,*,#4509,.T.);
#5901 = ORIENTED_EDGE('',*,*,#5902,.F.);
#5902 = EDGE_CURVE('',#5761,#4512,#5903,.T.);
#5903 = LINE('',#5904,#5905);
#5904 = CARTESIAN_POINT('',(396.15135753242,167.9580411991,
    9.555378710502E-11));
#5905 = VECTOR('',#5906,1.);
#5906 = DIRECTION('',(0.,0.,1.));
#5907 = ORIENTED_EDGE('',*,*,#5758,.F.);
#5908 = ORIENTED_EDGE('',*,*,#5863,.T.);
#5909 = PLANE('',#5910);
#5910 = AXIS2_PLACEMENT_3D('',#5911,#5912,#5913);
#5911 = CARTESIAN_POINT('',(396.15135753242,167.9580411991,
    9.555378710502E-11));
#5912 = DIRECTION('',(1.,0.,0.));
#5913 = DIRECTION('',(0.,1.,-3.061616997868E-16));
#5914 = ADVANCED_FACE('',(#5915),#5926,.T.);
#5915 = FACE_BOUND('',#5916,.T.);
#5916 = EDGE_LOOP('',(#5917,#5918,#5919,#5920));
#5917 = ORIENTED_EDGE('',*,*,#4598,.T.);
#5918 = ORIENTED_EDGE('',*,*,#5887,.F.);
#5919 = ORIENTED_EDGE('',*,*,#5832,.F.);
#5920 = ORIENTED_EDGE('',*,*,#5921,.T.);
#5921 = EDGE_CURVE('',#5825,#4588,#5922,.T.);
#5922 = LINE('',#5923,#5924);
#5923 = CARTESIAN_POINT('',(398.65135753242,167.9580411991,
    9.555378710502E-11));
#5924 = VECTOR('',#5925,1.);
#5925 = DIRECTION('',(0.,0.,1.));
#5926 = PLANE('',#5927);
#5927 = AXIS2_PLACEMENT_3D('',#5928,#5929,#5930);
#5928 = CARTESIAN_POINT('',(397.15135753242,167.9580411991,
    9.555378710502E-11));
#5929 = DIRECTION('',(0.,-1.,0.));
#5930 = DIRECTION('',(1.,0.,0.));
#5931 = ADVANCED_FACE('',(#5932),#5943,.T.);
#5932 = FACE_BOUND('',#5933,.T.);
#5933 = EDGE_LOOP('',(#5934,#5935,#5941,#5942));
#5934 = ORIENTED_EDGE('',*,*,#4520,.T.);
#5935 = ORIENTED_EDGE('',*,*,#5936,.F.);
#5936 = EDGE_CURVE('',#5769,#4521,#5937,.T.);
#5937 = LINE('',#5938,#5939);
#5938 = CARTESIAN_POINT('',(394.65135753242,167.9580411991,
    9.555378710502E-11));
#5939 = VECTOR('',#5940,1.);
#5940 = DIRECTION('',(0.,0.,1.));
#5941 = ORIENTED_EDGE('',*,*,#5768,.F.);
#5942 = ORIENTED_EDGE('',*,*,#5902,.T.);
#5943 = PLANE('',#5944);
#5944 = AXIS2_PLACEMENT_3D('',#5945,#5946,#5947);
#5945 = CARTESIAN_POINT('',(394.65135753242,167.9580411991,
    9.555378710502E-11));
#5946 = DIRECTION('',(0.,-1.,0.));
#5947 = DIRECTION('',(1.,0.,0.));
#5948 = ADVANCED_FACE('',(#5949),#5960,.T.);
#5949 = FACE_BOUND('',#5950,.T.);
#5950 = EDGE_LOOP('',(#5951,#5952,#5953,#5954));
#5951 = ORIENTED_EDGE('',*,*,#4587,.T.);
#5952 = ORIENTED_EDGE('',*,*,#5921,.F.);
#5953 = ORIENTED_EDGE('',*,*,#5824,.F.);
#5954 = ORIENTED_EDGE('',*,*,#5955,.T.);
#5955 = EDGE_CURVE('',#5817,#4579,#5956,.T.);
#5956 = LINE('',#5957,#5958);
#5957 = CARTESIAN_POINT('',(398.65135753242,166.9580411991,
    9.555467528344E-11));
#5958 = VECTOR('',#5959,1.);
#5959 = DIRECTION('',(0.,0.,1.));
#5960 = PLANE('',#5961);
#5961 = AXIS2_PLACEMENT_3D('',#5962,#5963,#5964);
#5962 = CARTESIAN_POINT('',(398.65135753242,167.9580411991,
    9.555378710502E-11));
#5963 = DIRECTION('',(-1.,0.,0.));
#5964 = DIRECTION('',(0.,-1.,3.061616997868E-16));
#5965 = ADVANCED_FACE('',(#5966),#5977,.T.);
#5966 = FACE_BOUND('',#5967,.T.);
#5967 = EDGE_LOOP('',(#5968,#5969,#5975,#5976));
#5968 = ORIENTED_EDGE('',*,*,#4529,.T.);
#5969 = ORIENTED_EDGE('',*,*,#5970,.F.);
#5970 = EDGE_CURVE('',#5777,#4530,#5971,.T.);
#5971 = LINE('',#5972,#5973);
#5972 = CARTESIAN_POINT('',(394.65135753242,166.9580411991,
    9.555467528344E-11));
#5973 = VECTOR('',#5974,1.);
#5974 = DIRECTION('',(0.,0.,1.));
#5975 = ORIENTED_EDGE('',*,*,#5776,.F.);
#5976 = ORIENTED_EDGE('',*,*,#5936,.T.);
#5977 = PLANE('',#5978);
#5978 = AXIS2_PLACEMENT_3D('',#5979,#5980,#5981);
#5979 = CARTESIAN_POINT('',(394.65135753242,166.9580411991,
    9.555467528344E-11));
#5980 = DIRECTION('',(1.,0.,0.));
#5981 = DIRECTION('',(0.,1.,-3.061616997868E-16));
#5982 = ADVANCED_FACE('',(#5983),#5994,.T.);
#5983 = FACE_BOUND('',#5984,.T.);
#5984 = EDGE_LOOP('',(#5985,#5986,#5987,#5988));
#5985 = ORIENTED_EDGE('',*,*,#4578,.T.);
#5986 = ORIENTED_EDGE('',*,*,#5955,.F.);
#5987 = ORIENTED_EDGE('',*,*,#5816,.F.);
#5988 = ORIENTED_EDGE('',*,*,#5989,.T.);
#5989 = EDGE_CURVE('',#5809,#4570,#5990,.T.);
#5990 = LINE('',#5991,#5992);
#5991 = CARTESIAN_POINT('',(397.15135753242,166.9580411991,
    9.555467528344E-11));
#5992 = VECTOR('',#5993,1.);
#5993 = DIRECTION('',(0.,0.,1.));
#5994 = PLANE('',#5995);
#5995 = AXIS2_PLACEMENT_3D('',#5996,#5997,#5998);
#5996 = CARTESIAN_POINT('',(396.15135753242,166.9580411991,
    9.555467528344E-11));
#5997 = DIRECTION('',(0.,1.,0.));
#5998 = DIRECTION('',(-1.,0.,0.));
#5999 = ADVANCED_FACE('',(#6000),#6011,.T.);
#6000 = FACE_BOUND('',#6001,.T.);
#6001 = EDGE_LOOP('',(#6002,#6003,#6009,#6010));
#6002 = ORIENTED_EDGE('',*,*,#4540,.T.);
#6003 = ORIENTED_EDGE('',*,*,#6004,.F.);
#6004 = EDGE_CURVE('',#5785,#4541,#6005,.T.);
#6005 = LINE('',#6006,#6007);
#6006 = CARTESIAN_POINT('',(396.15135753242,166.9580411991,
    9.555467528344E-11));
#6007 = VECTOR('',#6008,1.);
#6008 = DIRECTION('',(0.,0.,1.));
#6009 = ORIENTED_EDGE('',*,*,#5784,.F.);
#6010 = ORIENTED_EDGE('',*,*,#5970,.T.);
#6011 = PLANE('',#6012);
#6012 = AXIS2_PLACEMENT_3D('',#6013,#6014,#6015);
#6013 = CARTESIAN_POINT('',(396.15135753242,166.9580411991,
    9.555467528344E-11));
#6014 = DIRECTION('',(0.,1.,0.));
#6015 = DIRECTION('',(-1.,0.,0.));
#6016 = ADVANCED_FACE('',(#6017),#6028,.T.);
#6017 = FACE_BOUND('',#6018,.T.);
#6018 = EDGE_LOOP('',(#6019,#6020,#6021,#6022));
#6019 = ORIENTED_EDGE('',*,*,#4569,.T.);
#6020 = ORIENTED_EDGE('',*,*,#5989,.F.);
#6021 = ORIENTED_EDGE('',*,*,#5808,.F.);
#6022 = ORIENTED_EDGE('',*,*,#6023,.T.);
#6023 = EDGE_CURVE('',#5801,#4559,#6024,.T.);
#6024 = LINE('',#6025,#6026);
#6025 = CARTESIAN_POINT('',(397.15135753242,165.4580411991,
    9.555467528344E-11));
#6026 = VECTOR('',#6027,1.);
#6027 = DIRECTION('',(0.,0.,1.));
#6028 = PLANE('',#6029);
#6029 = AXIS2_PLACEMENT_3D('',#6030,#6031,#6032);
#6030 = CARTESIAN_POINT('',(397.15135753242,166.9580411991,
    9.555467528344E-11));
#6031 = DIRECTION('',(-1.,0.,0.));
#6032 = DIRECTION('',(0.,-1.,3.061616997868E-16));
#6033 = ADVANCED_FACE('',(#6034),#6045,.T.);
#6034 = FACE_BOUND('',#6035,.T.);
#6035 = EDGE_LOOP('',(#6036,#6037,#6038,#6039));
#6036 = ORIENTED_EDGE('',*,*,#4558,.T.);
#6037 = ORIENTED_EDGE('',*,*,#6023,.F.);
#6038 = ORIENTED_EDGE('',*,*,#5800,.F.);
#6039 = ORIENTED_EDGE('',*,*,#6040,.T.);
#6040 = EDGE_CURVE('',#5793,#4550,#6041,.T.);
#6041 = LINE('',#6042,#6043);
#6042 = CARTESIAN_POINT('',(396.15135753242,165.4580411991,
    9.555467528344E-11));
#6043 = VECTOR('',#6044,1.);
#6044 = DIRECTION('',(0.,0.,1.));
#6045 = PLANE('',#6046);
#6046 = AXIS2_PLACEMENT_3D('',#6047,#6048,#6049);
#6047 = CARTESIAN_POINT('',(397.15135753242,165.4580411991,
    9.555556346186E-11));
#6048 = DIRECTION('',(0.,1.,0.));
#6049 = DIRECTION('',(-1.,0.,0.));
#6050 = ADVANCED_FACE('',(#6051),#6057,.T.);
#6051 = FACE_BOUND('',#6052,.T.);
#6052 = EDGE_LOOP('',(#6053,#6054,#6055,#6056));
#6053 = ORIENTED_EDGE('',*,*,#4549,.T.);
#6054 = ORIENTED_EDGE('',*,*,#6040,.F.);
#6055 = ORIENTED_EDGE('',*,*,#5792,.F.);
#6056 = ORIENTED_EDGE('',*,*,#6004,.T.);
#6057 = PLANE('',#6058);
#6058 = AXIS2_PLACEMENT_3D('',#6059,#6060,#6061);
#6059 = CARTESIAN_POINT('',(396.15135753242,167.9580411991,
    9.555378710502E-11));
#6060 = DIRECTION('',(1.,0.,0.));
#6061 = DIRECTION('',(0.,1.,-3.061616997868E-16));
#6062 = ADVANCED_FACE('',(#6063,#6066),#6164,.T.);
#6063 = FACE_BOUND('',#6064,.T.);
#6064 = EDGE_LOOP('',(#6065));
#6065 = ORIENTED_EDGE('',*,*,#460,.T.);
#6066 = FACE_BOUND('',#6067,.T.);
#6067 = EDGE_LOOP('',(#6068,#6078,#6086,#6094,#6102,#6110,#6118,#6126,
    #6134,#6142,#6150,#6158));
#6068 = ORIENTED_EDGE('',*,*,#6069,.T.);
#6069 = EDGE_CURVE('',#6070,#6072,#6074,.T.);
#6070 = VERTEX_POINT('',#6071);
#6071 = CARTESIAN_POINT('',(384.20135753242,169.4580411991,
    0.200000000096));
#6072 = VERTEX_POINT('',#6073);
#6073 = CARTESIAN_POINT('',(384.20135753242,167.9580411991,
    0.200000000096));
#6074 = LINE('',#6075,#6076);
#6075 = CARTESIAN_POINT('',(384.20135753242,163.2120274446,
    0.200000000096));
#6076 = VECTOR('',#6077,1.);
#6077 = DIRECTION('',(0.,-1.,3.061616997868E-16));
#6078 = ORIENTED_EDGE('',*,*,#6079,.T.);
#6079 = EDGE_CURVE('',#6072,#6080,#6082,.T.);
#6080 = VERTEX_POINT('',#6081);
#6081 = CARTESIAN_POINT('',(382.70135753242,167.9580411991,
    0.200000000096));
#6082 = LINE('',#6083,#6084);
#6083 = CARTESIAN_POINT('',(379.20135753242,167.9580411991,
    0.200000000096));
#6084 = VECTOR('',#6085,1.);
#6085 = DIRECTION('',(-1.,0.,0.));
#6086 = ORIENTED_EDGE('',*,*,#6087,.T.);
#6087 = EDGE_CURVE('',#6080,#6088,#6090,.T.);
#6088 = VERTEX_POINT('',#6089);
#6089 = CARTESIAN_POINT('',(382.70135753242,166.9580411991,
    0.200000000096));
#6090 = LINE('',#6091,#6092);
#6091 = CARTESIAN_POINT('',(382.70135753242,162.7120274446,
    0.200000000096));
#6092 = VECTOR('',#6093,1.);
#6093 = DIRECTION('',(0.,-1.,3.061616997868E-16));
#6094 = ORIENTED_EDGE('',*,*,#6095,.T.);
#6095 = EDGE_CURVE('',#6088,#6096,#6098,.T.);
#6096 = VERTEX_POINT('',#6097);
#6097 = CARTESIAN_POINT('',(384.20135753242,166.9580411991,
    0.200000000096));
#6098 = LINE('',#6099,#6100);
#6099 = CARTESIAN_POINT('',(379.95135753242,166.9580411991,
    0.200000000096));
#6100 = VECTOR('',#6101,1.);
#6101 = DIRECTION('',(1.,0.,0.));
#6102 = ORIENTED_EDGE('',*,*,#6103,.T.);
#6103 = EDGE_CURVE('',#6096,#6104,#6106,.T.);
#6104 = VERTEX_POINT('',#6105);
#6105 = CARTESIAN_POINT('',(384.20135753242,165.4580411991,
    0.200000000096));
#6106 = LINE('',#6107,#6108);
#6107 = CARTESIAN_POINT('',(384.20135753242,163.2120274446,
    0.200000000096));
#6108 = VECTOR('',#6109,1.);
#6109 = DIRECTION('',(0.,-1.,3.061616997868E-16));
#6110 = ORIENTED_EDGE('',*,*,#6111,.T.);
#6111 = EDGE_CURVE('',#6104,#6112,#6114,.T.);
#6112 = VERTEX_POINT('',#6113);
#6113 = CARTESIAN_POINT('',(385.20135753242,165.4580411991,
    0.200000000096));
#6114 = LINE('',#6115,#6116);
#6115 = CARTESIAN_POINT('',(380.45135753242,165.4580411991,
    0.200000000096));
#6116 = VECTOR('',#6117,1.);
#6117 = DIRECTION('',(1.,0.,0.));
#6118 = ORIENTED_EDGE('',*,*,#6119,.T.);
#6119 = EDGE_CURVE('',#6112,#6120,#6122,.T.);
#6120 = VERTEX_POINT('',#6121);
#6121 = CARTESIAN_POINT('',(385.20135753242,166.9580411991,
    0.200000000096));
#6122 = LINE('',#6123,#6124);
#6123 = CARTESIAN_POINT('',(385.20135753242,162.7120274446,
    0.200000000096));
#6124 = VECTOR('',#6125,1.);
#6125 = DIRECTION('',(0.,1.,-3.061616997868E-16));
#6126 = ORIENTED_EDGE('',*,*,#6127,.T.);
#6127 = EDGE_CURVE('',#6120,#6128,#6130,.T.);
#6128 = VERTEX_POINT('',#6129);
#6129 = CARTESIAN_POINT('',(386.70135753242,166.9580411991,
    0.200000000096));
#6130 = LINE('',#6131,#6132);
#6131 = CARTESIAN_POINT('',(379.95135753242,166.9580411991,
    0.200000000096));
#6132 = VECTOR('',#6133,1.);
#6133 = DIRECTION('',(1.,0.,0.));
#6134 = ORIENTED_EDGE('',*,*,#6135,.T.);
#6135 = EDGE_CURVE('',#6128,#6136,#6138,.T.);
#6136 = VERTEX_POINT('',#6137);
#6137 = CARTESIAN_POINT('',(386.70135753242,167.9580411991,
    0.200000000096));
#6138 = LINE('',#6139,#6140);
#6139 = CARTESIAN_POINT('',(386.70135753242,163.2120274446,
    0.200000000096));
#6140 = VECTOR('',#6141,1.);
#6141 = DIRECTION('',(0.,1.,-3.061616997868E-16));
#6142 = ORIENTED_EDGE('',*,*,#6143,.T.);
#6143 = EDGE_CURVE('',#6136,#6144,#6146,.T.);
#6144 = VERTEX_POINT('',#6145);
#6145 = CARTESIAN_POINT('',(385.20135753242,167.9580411991,
    0.200000000096));
#6146 = LINE('',#6147,#6148);
#6147 = CARTESIAN_POINT('',(380.45135753242,167.9580411991,
    0.200000000096));
#6148 = VECTOR('',#6149,1.);
#6149 = DIRECTION('',(-1.,0.,0.));
#6150 = ORIENTED_EDGE('',*,*,#6151,.T.);
#6151 = EDGE_CURVE('',#6144,#6152,#6154,.T.);
#6152 = VERTEX_POINT('',#6153);
#6153 = CARTESIAN_POINT('',(385.20135753242,169.4580411991,
    0.200000000096));
#6154 = LINE('',#6155,#6156);
#6155 = CARTESIAN_POINT('',(385.20135753242,163.9620274446,
    0.200000000096));
#6156 = VECTOR('',#6157,1.);
#6157 = DIRECTION('',(0.,1.,-3.061616997868E-16));
#6158 = ORIENTED_EDGE('',*,*,#6159,.T.);
#6159 = EDGE_CURVE('',#6152,#6070,#6160,.T.);
#6160 = LINE('',#6161,#6162);
#6161 = CARTESIAN_POINT('',(379.95135753242,169.4580411991,
    0.200000000096));
#6162 = VECTOR('',#6163,1.);
#6163 = DIRECTION('',(-1.,0.,0.));
#6164 = PLANE('',#6165);
#6165 = AXIS2_PLACEMENT_3D('',#6166,#6167,#6168);
#6166 = CARTESIAN_POINT('',(375.70135753242,158.4660136901,
    0.200000000096));
#6167 = DIRECTION('',(0.,-3.061616997868E-16,-1.));
#6168 = DIRECTION('',(0.,1.,-3.061616997868E-16));
#6169 = ADVANCED_FACE('',(#6170),#6186,.T.);
#6170 = FACE_BOUND('',#6171,.T.);
#6171 = EDGE_LOOP('',(#6172,#6173,#6179,#6180));
#6172 = ORIENTED_EDGE('',*,*,#4752,.T.);
#6173 = ORIENTED_EDGE('',*,*,#6174,.F.);
#6174 = EDGE_CURVE('',#6070,#4646,#6175,.T.);
#6175 = LINE('',#6176,#6177);
#6176 = CARTESIAN_POINT('',(384.20135753242,169.4580411991,
    9.555378710502E-11));
#6177 = VECTOR('',#6178,1.);
#6178 = DIRECTION('',(0.,0.,1.));
#6179 = ORIENTED_EDGE('',*,*,#6159,.F.);
#6180 = ORIENTED_EDGE('',*,*,#6181,.T.);
#6181 = EDGE_CURVE('',#6152,#4744,#6182,.T.);
#6182 = LINE('',#6183,#6184);
#6183 = CARTESIAN_POINT('',(385.20135753242,169.4580411991,
    9.555378710502E-11));
#6184 = VECTOR('',#6185,1.);
#6185 = DIRECTION('',(0.,0.,1.));
#6186 = PLANE('',#6187);
#6187 = AXIS2_PLACEMENT_3D('',#6188,#6189,#6190);
#6188 = CARTESIAN_POINT('',(384.20135753242,169.4580411991,
    9.555378710502E-11));
#6189 = DIRECTION('',(0.,-1.,0.));
#6190 = DIRECTION('',(1.,0.,0.));
#6191 = ADVANCED_FACE('',(#6192),#6203,.T.);
#6192 = FACE_BOUND('',#6193,.T.);
#6193 = EDGE_LOOP('',(#6194,#6195,#6196,#6197));
#6194 = ORIENTED_EDGE('',*,*,#4743,.T.);
#6195 = ORIENTED_EDGE('',*,*,#6181,.F.);
#6196 = ORIENTED_EDGE('',*,*,#6151,.F.);
#6197 = ORIENTED_EDGE('',*,*,#6198,.T.);
#6198 = EDGE_CURVE('',#6144,#4735,#6199,.T.);
#6199 = LINE('',#6200,#6201);
#6200 = CARTESIAN_POINT('',(385.20135753242,167.9580411991,
    9.555378710502E-11));
#6201 = VECTOR('',#6202,1.);
#6202 = DIRECTION('',(0.,0.,1.));
#6203 = PLANE('',#6204);
#6204 = AXIS2_PLACEMENT_3D('',#6205,#6206,#6207);
#6205 = CARTESIAN_POINT('',(385.20135753242,169.4580411991,
    9.555378710502E-11));
#6206 = DIRECTION('',(-1.,0.,0.));
#6207 = DIRECTION('',(0.,-1.,3.061616997868E-16));
#6208 = ADVANCED_FACE('',(#6209),#6220,.T.);
#6209 = FACE_BOUND('',#6210,.T.);
#6210 = EDGE_LOOP('',(#6211,#6212,#6218,#6219));
#6211 = ORIENTED_EDGE('',*,*,#4645,.T.);
#6212 = ORIENTED_EDGE('',*,*,#6213,.F.);
#6213 = EDGE_CURVE('',#6072,#4648,#6214,.T.);
#6214 = LINE('',#6215,#6216);
#6215 = CARTESIAN_POINT('',(384.20135753242,167.9580411991,
    9.555378710502E-11));
#6216 = VECTOR('',#6217,1.);
#6217 = DIRECTION('',(0.,0.,1.));
#6218 = ORIENTED_EDGE('',*,*,#6069,.F.);
#6219 = ORIENTED_EDGE('',*,*,#6174,.T.);
#6220 = PLANE('',#6221);
#6221 = AXIS2_PLACEMENT_3D('',#6222,#6223,#6224);
#6222 = CARTESIAN_POINT('',(384.20135753242,167.9580411991,
    9.555378710502E-11));
#6223 = DIRECTION('',(1.,0.,0.));
#6224 = DIRECTION('',(0.,1.,-3.061616997868E-16));
#6225 = ADVANCED_FACE('',(#6226),#6237,.T.);
#6226 = FACE_BOUND('',#6227,.T.);
#6227 = EDGE_LOOP('',(#6228,#6229,#6230,#6231));
#6228 = ORIENTED_EDGE('',*,*,#4734,.T.);
#6229 = ORIENTED_EDGE('',*,*,#6198,.F.);
#6230 = ORIENTED_EDGE('',*,*,#6143,.F.);
#6231 = ORIENTED_EDGE('',*,*,#6232,.T.);
#6232 = EDGE_CURVE('',#6136,#4724,#6233,.T.);
#6233 = LINE('',#6234,#6235);
#6234 = CARTESIAN_POINT('',(386.70135753242,167.9580411991,
    9.555378710502E-11));
#6235 = VECTOR('',#6236,1.);
#6236 = DIRECTION('',(0.,0.,1.));
#6237 = PLANE('',#6238);
#6238 = AXIS2_PLACEMENT_3D('',#6239,#6240,#6241);
#6239 = CARTESIAN_POINT('',(385.20135753242,167.9580411991,
    9.555378710502E-11));
#6240 = DIRECTION('',(0.,-1.,0.));
#6241 = DIRECTION('',(1.,0.,0.));
#6242 = ADVANCED_FACE('',(#6243),#6254,.T.);
#6243 = FACE_BOUND('',#6244,.T.);
#6244 = EDGE_LOOP('',(#6245,#6246,#6252,#6253));
#6245 = ORIENTED_EDGE('',*,*,#4656,.T.);
#6246 = ORIENTED_EDGE('',*,*,#6247,.F.);
#6247 = EDGE_CURVE('',#6080,#4657,#6248,.T.);
#6248 = LINE('',#6249,#6250);
#6249 = CARTESIAN_POINT('',(382.70135753242,167.9580411991,
    9.555378710502E-11));
#6250 = VECTOR('',#6251,1.);
#6251 = DIRECTION('',(0.,0.,1.));
#6252 = ORIENTED_EDGE('',*,*,#6079,.F.);
#6253 = ORIENTED_EDGE('',*,*,#6213,.T.);
#6254 = PLANE('',#6255);
#6255 = AXIS2_PLACEMENT_3D('',#6256,#6257,#6258);
#6256 = CARTESIAN_POINT('',(382.70135753242,167.9580411991,
    9.555378710502E-11));
#6257 = DIRECTION('',(0.,-1.,0.));
#6258 = DIRECTION('',(1.,0.,0.));
#6259 = ADVANCED_FACE('',(#6260),#6271,.T.);
#6260 = FACE_BOUND('',#6261,.T.);
#6261 = EDGE_LOOP('',(#6262,#6263,#6264,#6265));
#6262 = ORIENTED_EDGE('',*,*,#4723,.T.);
#6263 = ORIENTED_EDGE('',*,*,#6232,.F.);
#6264 = ORIENTED_EDGE('',*,*,#6135,.F.);
#6265 = ORIENTED_EDGE('',*,*,#6266,.T.);
#6266 = EDGE_CURVE('',#6128,#4715,#6267,.T.);
#6267 = LINE('',#6268,#6269);
#6268 = CARTESIAN_POINT('',(386.70135753242,166.9580411991,
    9.555467528344E-11));
#6269 = VECTOR('',#6270,1.);
#6270 = DIRECTION('',(0.,0.,1.));
#6271 = PLANE('',#6272);
#6272 = AXIS2_PLACEMENT_3D('',#6273,#6274,#6275);
#6273 = CARTESIAN_POINT('',(386.70135753242,167.9580411991,
    9.555378710502E-11));
#6274 = DIRECTION('',(-1.,0.,0.));
#6275 = DIRECTION('',(0.,-1.,3.061616997868E-16));
#6276 = ADVANCED_FACE('',(#6277),#6288,.T.);
#6277 = FACE_BOUND('',#6278,.T.);
#6278 = EDGE_LOOP('',(#6279,#6280,#6286,#6287));
#6279 = ORIENTED_EDGE('',*,*,#4665,.T.);
#6280 = ORIENTED_EDGE('',*,*,#6281,.F.);
#6281 = EDGE_CURVE('',#6088,#4666,#6282,.T.);
#6282 = LINE('',#6283,#6284);
#6283 = CARTESIAN_POINT('',(382.70135753242,166.9580411991,
    9.555467528344E-11));
#6284 = VECTOR('',#6285,1.);
#6285 = DIRECTION('',(0.,0.,1.));
#6286 = ORIENTED_EDGE('',*,*,#6087,.F.);
#6287 = ORIENTED_EDGE('',*,*,#6247,.T.);
#6288 = PLANE('',#6289);
#6289 = AXIS2_PLACEMENT_3D('',#6290,#6291,#6292);
#6290 = CARTESIAN_POINT('',(382.70135753242,166.9580411991,
    9.555467528344E-11));
#6291 = DIRECTION('',(1.,0.,0.));
#6292 = DIRECTION('',(0.,1.,-3.061616997868E-16));
#6293 = ADVANCED_FACE('',(#6294),#6305,.T.);
#6294 = FACE_BOUND('',#6295,.T.);
#6295 = EDGE_LOOP('',(#6296,#6297,#6298,#6299));
#6296 = ORIENTED_EDGE('',*,*,#4714,.T.);
#6297 = ORIENTED_EDGE('',*,*,#6266,.F.);
#6298 = ORIENTED_EDGE('',*,*,#6127,.F.);
#6299 = ORIENTED_EDGE('',*,*,#6300,.T.);
#6300 = EDGE_CURVE('',#6120,#4706,#6301,.T.);
#6301 = LINE('',#6302,#6303);
#6302 = CARTESIAN_POINT('',(385.20135753242,166.9580411991,
    9.555467528344E-11));
#6303 = VECTOR('',#6304,1.);
#6304 = DIRECTION('',(0.,0.,1.));
#6305 = PLANE('',#6306);
#6306 = AXIS2_PLACEMENT_3D('',#6307,#6308,#6309);
#6307 = CARTESIAN_POINT('',(384.20135753242,166.9580411991,
    9.555467528344E-11));
#6308 = DIRECTION('',(0.,1.,0.));
#6309 = DIRECTION('',(-1.,0.,0.));
#6310 = ADVANCED_FACE('',(#6311),#6322,.T.);
#6311 = FACE_BOUND('',#6312,.T.);
#6312 = EDGE_LOOP('',(#6313,#6314,#6320,#6321));
#6313 = ORIENTED_EDGE('',*,*,#4676,.T.);
#6314 = ORIENTED_EDGE('',*,*,#6315,.F.);
#6315 = EDGE_CURVE('',#6096,#4677,#6316,.T.);
#6316 = LINE('',#6317,#6318);
#6317 = CARTESIAN_POINT('',(384.20135753242,166.9580411991,
    9.555467528344E-11));
#6318 = VECTOR('',#6319,1.);
#6319 = DIRECTION('',(0.,0.,1.));
#6320 = ORIENTED_EDGE('',*,*,#6095,.F.);
#6321 = ORIENTED_EDGE('',*,*,#6281,.T.);
#6322 = PLANE('',#6323);
#6323 = AXIS2_PLACEMENT_3D('',#6324,#6325,#6326);
#6324 = CARTESIAN_POINT('',(384.20135753242,166.9580411991,
    9.555467528344E-11));
#6325 = DIRECTION('',(0.,1.,0.));
#6326 = DIRECTION('',(-1.,0.,0.));
#6327 = ADVANCED_FACE('',(#6328),#6339,.T.);
#6328 = FACE_BOUND('',#6329,.T.);
#6329 = EDGE_LOOP('',(#6330,#6331,#6332,#6333));
#6330 = ORIENTED_EDGE('',*,*,#4705,.T.);
#6331 = ORIENTED_EDGE('',*,*,#6300,.F.);
#6332 = ORIENTED_EDGE('',*,*,#6119,.F.);
#6333 = ORIENTED_EDGE('',*,*,#6334,.T.);
#6334 = EDGE_CURVE('',#6112,#4695,#6335,.T.);
#6335 = LINE('',#6336,#6337);
#6336 = CARTESIAN_POINT('',(385.20135753242,165.4580411991,
    9.555467528344E-11));
#6337 = VECTOR('',#6338,1.);
#6338 = DIRECTION('',(0.,0.,1.));
#6339 = PLANE('',#6340);
#6340 = AXIS2_PLACEMENT_3D('',#6341,#6342,#6343);
#6341 = CARTESIAN_POINT('',(385.20135753242,166.9580411991,
    9.555467528344E-11));
#6342 = DIRECTION('',(-1.,0.,0.));
#6343 = DIRECTION('',(0.,-1.,3.061616997868E-16));
#6344 = ADVANCED_FACE('',(#6345),#6356,.T.);
#6345 = FACE_BOUND('',#6346,.T.);
#6346 = EDGE_LOOP('',(#6347,#6348,#6349,#6350));
#6347 = ORIENTED_EDGE('',*,*,#4694,.T.);
#6348 = ORIENTED_EDGE('',*,*,#6334,.F.);
#6349 = ORIENTED_EDGE('',*,*,#6111,.F.);
#6350 = ORIENTED_EDGE('',*,*,#6351,.T.);
#6351 = EDGE_CURVE('',#6104,#4686,#6352,.T.);
#6352 = LINE('',#6353,#6354);
#6353 = CARTESIAN_POINT('',(384.20135753242,165.4580411991,
    9.555467528344E-11));
#6354 = VECTOR('',#6355,1.);
#6355 = DIRECTION('',(0.,0.,1.));
#6356 = PLANE('',#6357);
#6357 = AXIS2_PLACEMENT_3D('',#6358,#6359,#6360);
#6358 = CARTESIAN_POINT('',(385.20135753242,165.4580411991,
    9.555556346186E-11));
#6359 = DIRECTION('',(0.,1.,0.));
#6360 = DIRECTION('',(-1.,0.,0.));
#6361 = ADVANCED_FACE('',(#6362),#6368,.T.);
#6362 = FACE_BOUND('',#6363,.T.);
#6363 = EDGE_LOOP('',(#6364,#6365,#6366,#6367));
#6364 = ORIENTED_EDGE('',*,*,#4685,.T.);
#6365 = ORIENTED_EDGE('',*,*,#6351,.F.);
#6366 = ORIENTED_EDGE('',*,*,#6103,.F.);
#6367 = ORIENTED_EDGE('',*,*,#6315,.T.);
#6368 = PLANE('',#6369);
#6369 = AXIS2_PLACEMENT_3D('',#6370,#6371,#6372);
#6370 = CARTESIAN_POINT('',(384.20135753242,167.9580411991,
    9.555378710502E-11));
#6371 = DIRECTION('',(1.,0.,0.));
#6372 = DIRECTION('',(0.,1.,-3.061616997868E-16));
#6373 = ADVANCED_FACE('',(#6374),#6399,.T.);
#6374 = FACE_BOUND('',#6375,.T.);
#6375 = EDGE_LOOP('',(#6376,#6377,#6385,#6393));
#6376 = ORIENTED_EDGE('',*,*,#4888,.T.);
#6377 = ORIENTED_EDGE('',*,*,#6378,.F.);
#6378 = EDGE_CURVE('',#6379,#4780,#6381,.T.);
#6379 = VERTEX_POINT('',#6380);
#6380 = CARTESIAN_POINT('',(372.25135753242,165.4580411991,
    0.200000000096));
#6381 = LINE('',#6382,#6383);
#6382 = CARTESIAN_POINT('',(372.25135753242,165.4580411991,
    9.555467528344E-11));
#6383 = VECTOR('',#6384,1.);
#6384 = DIRECTION('',(0.,0.,1.));
#6385 = ORIENTED_EDGE('',*,*,#6386,.F.);
#6386 = EDGE_CURVE('',#6387,#6379,#6389,.T.);
#6387 = VERTEX_POINT('',#6388);
#6388 = CARTESIAN_POINT('',(372.25135753242,166.9580411991,
    0.200000000096));
#6389 = LINE('',#6390,#6391);
#6390 = CARTESIAN_POINT('',(372.25135753242,163.2120274446,
    0.200000000096));
#6391 = VECTOR('',#6392,1.);
#6392 = DIRECTION('',(0.,-1.,3.061616997868E-16));
#6393 = ORIENTED_EDGE('',*,*,#6394,.T.);
#6394 = EDGE_CURVE('',#6387,#4880,#6395,.T.);
#6395 = LINE('',#6396,#6397);
#6396 = CARTESIAN_POINT('',(372.25135753242,166.9580411991,
    9.555467528344E-11));
#6397 = VECTOR('',#6398,1.);
#6398 = DIRECTION('',(0.,0.,1.));
#6399 = PLANE('',#6400);
#6400 = AXIS2_PLACEMENT_3D('',#6401,#6402,#6403);
#6401 = CARTESIAN_POINT('',(372.25135753242,167.9580411991,
    9.555378710502E-11));
#6402 = DIRECTION('',(1.,0.,0.));
#6403 = DIRECTION('',(0.,1.,-3.061616997868E-16));
#6404 = ADVANCED_FACE('',(#6405),#6423,.T.);
#6405 = FACE_BOUND('',#6406,.T.);
#6406 = EDGE_LOOP('',(#6407,#6408,#6416,#6422));
#6407 = ORIENTED_EDGE('',*,*,#4779,.T.);
#6408 = ORIENTED_EDGE('',*,*,#6409,.F.);
#6409 = EDGE_CURVE('',#6410,#4782,#6412,.T.);
#6410 = VERTEX_POINT('',#6411);
#6411 = CARTESIAN_POINT('',(373.25135753242,165.4580411991,
    0.200000000096));
#6412 = LINE('',#6413,#6414);
#6413 = CARTESIAN_POINT('',(373.25135753242,165.4580411991,
    9.555467528344E-11));
#6414 = VECTOR('',#6415,1.);
#6415 = DIRECTION('',(0.,0.,1.));
#6416 = ORIENTED_EDGE('',*,*,#6417,.F.);
#6417 = EDGE_CURVE('',#6379,#6410,#6418,.T.);
#6418 = LINE('',#6419,#6420);
#6419 = CARTESIAN_POINT('',(368.50135753242,165.4580411991,
    0.200000000096));
#6420 = VECTOR('',#6421,1.);
#6421 = DIRECTION('',(1.,0.,0.));
#6422 = ORIENTED_EDGE('',*,*,#6378,.T.);
#6423 = PLANE('',#6424);
#6424 = AXIS2_PLACEMENT_3D('',#6425,#6426,#6427);
#6425 = CARTESIAN_POINT('',(373.25135753242,165.4580411991,
    9.555556346186E-11));
#6426 = DIRECTION('',(0.,1.,0.));
#6427 = DIRECTION('',(-1.,0.,0.));
#6428 = ADVANCED_FACE('',(#6429),#6447,.T.);
#6429 = FACE_BOUND('',#6430,.T.);
#6430 = EDGE_LOOP('',(#6431,#6432,#6440,#6446));
#6431 = ORIENTED_EDGE('',*,*,#4792,.T.);
#6432 = ORIENTED_EDGE('',*,*,#6433,.F.);
#6433 = EDGE_CURVE('',#6434,#4793,#6436,.T.);
#6434 = VERTEX_POINT('',#6435);
#6435 = CARTESIAN_POINT('',(373.25135753242,166.9580411991,
    0.200000000096));
#6436 = LINE('',#6437,#6438);
#6437 = CARTESIAN_POINT('',(373.25135753242,166.9580411991,
    9.555467528344E-11));
#6438 = VECTOR('',#6439,1.);
#6439 = DIRECTION('',(0.,0.,1.));
#6440 = ORIENTED_EDGE('',*,*,#6441,.F.);
#6441 = EDGE_CURVE('',#6410,#6434,#6442,.T.);
#6442 = LINE('',#6443,#6444);
#6443 = CARTESIAN_POINT('',(373.25135753242,162.7120274446,
    0.200000000096));
#6444 = VECTOR('',#6445,1.);
#6445 = DIRECTION('',(0.,1.,-3.061616997868E-16));
#6446 = ORIENTED_EDGE('',*,*,#6409,.T.);
#6447 = PLANE('',#6448);
#6448 = AXIS2_PLACEMENT_3D('',#6449,#6450,#6451);
#6449 = CARTESIAN_POINT('',(373.25135753242,166.9580411991,
    9.555467528344E-11));
#6450 = DIRECTION('',(-1.,0.,0.));
#6451 = DIRECTION('',(0.,-1.,3.061616997868E-16));
#6452 = ADVANCED_FACE('',(#6453),#6471,.T.);
#6453 = FACE_BOUND('',#6454,.T.);
#6454 = EDGE_LOOP('',(#6455,#6456,#6457,#6465));
#6455 = ORIENTED_EDGE('',*,*,#4879,.T.);
#6456 = ORIENTED_EDGE('',*,*,#6394,.F.);
#6457 = ORIENTED_EDGE('',*,*,#6458,.F.);
#6458 = EDGE_CURVE('',#6459,#6387,#6461,.T.);
#6459 = VERTEX_POINT('',#6460);
#6460 = CARTESIAN_POINT('',(370.75135753242,166.9580411991,
    0.200000000096));
#6461 = LINE('',#6462,#6463);
#6462 = CARTESIAN_POINT('',(368.00135753242,166.9580411991,
    0.200000000096));
#6463 = VECTOR('',#6464,1.);
#6464 = DIRECTION('',(1.,0.,0.));
#6465 = ORIENTED_EDGE('',*,*,#6466,.T.);
#6466 = EDGE_CURVE('',#6459,#4869,#6467,.T.);
#6467 = LINE('',#6468,#6469);
#6468 = CARTESIAN_POINT('',(370.75135753242,166.9580411991,
    9.555467528344E-11));
#6469 = VECTOR('',#6470,1.);
#6470 = DIRECTION('',(0.,0.,1.));
#6471 = PLANE('',#6472);
#6472 = AXIS2_PLACEMENT_3D('',#6473,#6474,#6475);
#6473 = CARTESIAN_POINT('',(372.25135753242,166.9580411991,
    9.555467528344E-11));
#6474 = DIRECTION('',(0.,1.,0.));
#6475 = DIRECTION('',(-1.,0.,0.));
#6476 = ADVANCED_FACE('',(#6477),#6495,.T.);
#6477 = FACE_BOUND('',#6478,.T.);
#6478 = EDGE_LOOP('',(#6479,#6480,#6488,#6494));
#6479 = ORIENTED_EDGE('',*,*,#4801,.T.);
#6480 = ORIENTED_EDGE('',*,*,#6481,.F.);
#6481 = EDGE_CURVE('',#6482,#4802,#6484,.T.);
#6482 = VERTEX_POINT('',#6483);
#6483 = CARTESIAN_POINT('',(374.75135753242,166.9580411991,
    0.200000000096));
#6484 = LINE('',#6485,#6486);
#6485 = CARTESIAN_POINT('',(374.75135753242,166.9580411991,
    9.555467528344E-11));
#6486 = VECTOR('',#6487,1.);
#6487 = DIRECTION('',(0.,0.,1.));
#6488 = ORIENTED_EDGE('',*,*,#6489,.F.);
#6489 = EDGE_CURVE('',#6434,#6482,#6490,.T.);
#6490 = LINE('',#6491,#6492);
#6491 = CARTESIAN_POINT('',(368.00135753242,166.9580411991,
    0.200000000096));
#6492 = VECTOR('',#6493,1.);
#6493 = DIRECTION('',(1.,0.,0.));
#6494 = ORIENTED_EDGE('',*,*,#6433,.T.);
#6495 = PLANE('',#6496);
#6496 = AXIS2_PLACEMENT_3D('',#6497,#6498,#6499);
#6497 = CARTESIAN_POINT('',(372.25135753242,166.9580411991,
    9.555467528344E-11));
#6498 = DIRECTION('',(0.,1.,0.));
#6499 = DIRECTION('',(-1.,0.,0.));
#6500 = ADVANCED_FACE('',(#6501),#6519,.T.);
#6501 = FACE_BOUND('',#6502,.T.);
#6502 = EDGE_LOOP('',(#6503,#6504,#6505,#6513));
#6503 = ORIENTED_EDGE('',*,*,#4868,.T.);
#6504 = ORIENTED_EDGE('',*,*,#6466,.F.);
#6505 = ORIENTED_EDGE('',*,*,#6506,.F.);
#6506 = EDGE_CURVE('',#6507,#6459,#6509,.T.);
#6507 = VERTEX_POINT('',#6508);
#6508 = CARTESIAN_POINT('',(370.75135753242,167.9580411991,
    0.200000000096));
#6509 = LINE('',#6510,#6511);
#6510 = CARTESIAN_POINT('',(370.75135753242,162.7120274446,
    0.200000000096));
#6511 = VECTOR('',#6512,1.);
#6512 = DIRECTION('',(0.,-1.,3.061616997868E-16));
#6513 = ORIENTED_EDGE('',*,*,#6514,.T.);
#6514 = EDGE_CURVE('',#6507,#4860,#6515,.T.);
#6515 = LINE('',#6516,#6517);
#6516 = CARTESIAN_POINT('',(370.75135753242,167.9580411991,
    9.555378710502E-11));
#6517 = VECTOR('',#6518,1.);
#6518 = DIRECTION('',(0.,0.,1.));
#6519 = PLANE('',#6520);
#6520 = AXIS2_PLACEMENT_3D('',#6521,#6522,#6523);
#6521 = CARTESIAN_POINT('',(370.75135753242,166.9580411991,
    9.555467528344E-11));
#6522 = DIRECTION('',(1.,0.,0.));
#6523 = DIRECTION('',(0.,1.,-3.061616997868E-16));
#6524 = ADVANCED_FACE('',(#6525),#6543,.T.);
#6525 = FACE_BOUND('',#6526,.T.);
#6526 = EDGE_LOOP('',(#6527,#6528,#6536,#6542));
#6527 = ORIENTED_EDGE('',*,*,#4810,.T.);
#6528 = ORIENTED_EDGE('',*,*,#6529,.F.);
#6529 = EDGE_CURVE('',#6530,#4811,#6532,.T.);
#6530 = VERTEX_POINT('',#6531);
#6531 = CARTESIAN_POINT('',(374.75135753242,167.9580411991,
    0.200000000096));
#6532 = LINE('',#6533,#6534);
#6533 = CARTESIAN_POINT('',(374.75135753242,167.9580411991,
    9.555378710502E-11));
#6534 = VECTOR('',#6535,1.);
#6535 = DIRECTION('',(0.,0.,1.));
#6536 = ORIENTED_EDGE('',*,*,#6537,.F.);
#6537 = EDGE_CURVE('',#6482,#6530,#6538,.T.);
#6538 = LINE('',#6539,#6540);
#6539 = CARTESIAN_POINT('',(374.75135753242,163.2120274446,
    0.200000000096));
#6540 = VECTOR('',#6541,1.);
#6541 = DIRECTION('',(0.,1.,-3.061616997868E-16));
#6542 = ORIENTED_EDGE('',*,*,#6481,.T.);
#6543 = PLANE('',#6544);
#6544 = AXIS2_PLACEMENT_3D('',#6545,#6546,#6547);
#6545 = CARTESIAN_POINT('',(374.75135753242,167.9580411991,
    9.555378710502E-11));
#6546 = DIRECTION('',(-1.,0.,0.));
#6547 = DIRECTION('',(0.,-1.,3.061616997868E-16));
#6548 = ADVANCED_FACE('',(#6549),#6567,.T.);
#6549 = FACE_BOUND('',#6550,.T.);
#6550 = EDGE_LOOP('',(#6551,#6552,#6553,#6561));
#6551 = ORIENTED_EDGE('',*,*,#4859,.T.);
#6552 = ORIENTED_EDGE('',*,*,#6514,.F.);
#6553 = ORIENTED_EDGE('',*,*,#6554,.F.);
#6554 = EDGE_CURVE('',#6555,#6507,#6557,.T.);
#6555 = VERTEX_POINT('',#6556);
#6556 = CARTESIAN_POINT('',(372.25135753242,167.9580411991,
    0.200000000096));
#6557 = LINE('',#6558,#6559);
#6558 = CARTESIAN_POINT('',(367.25135753242,167.9580411991,
    0.200000000096));
#6559 = VECTOR('',#6560,1.);
#6560 = DIRECTION('',(-1.,0.,0.));
#6561 = ORIENTED_EDGE('',*,*,#6562,.T.);
#6562 = EDGE_CURVE('',#6555,#4851,#6563,.T.);
#6563 = LINE('',#6564,#6565);
#6564 = CARTESIAN_POINT('',(372.25135753242,167.9580411991,
    9.555378710502E-11));
#6565 = VECTOR('',#6566,1.);
#6566 = DIRECTION('',(0.,0.,1.));
#6567 = PLANE('',#6568);
#6568 = AXIS2_PLACEMENT_3D('',#6569,#6570,#6571);
#6569 = CARTESIAN_POINT('',(370.75135753242,167.9580411991,
    9.555378710502E-11));
#6570 = DIRECTION('',(0.,-1.,0.));
#6571 = DIRECTION('',(1.,0.,0.));
#6572 = ADVANCED_FACE('',(#6573),#6591,.T.);
#6573 = FACE_BOUND('',#6574,.T.);
#6574 = EDGE_LOOP('',(#6575,#6576,#6584,#6590));
#6575 = ORIENTED_EDGE('',*,*,#4821,.T.);
#6576 = ORIENTED_EDGE('',*,*,#6577,.F.);
#6577 = EDGE_CURVE('',#6578,#4822,#6580,.T.);
#6578 = VERTEX_POINT('',#6579);
#6579 = CARTESIAN_POINT('',(373.25135753242,167.9580411991,
    0.200000000096));
#6580 = LINE('',#6581,#6582);
#6581 = CARTESIAN_POINT('',(373.25135753242,167.9580411991,
    9.555378710502E-11));
#6582 = VECTOR('',#6583,1.);
#6583 = DIRECTION('',(0.,0.,1.));
#6584 = ORIENTED_EDGE('',*,*,#6585,.F.);
#6585 = EDGE_CURVE('',#6530,#6578,#6586,.T.);
#6586 = LINE('',#6587,#6588);
#6587 = CARTESIAN_POINT('',(368.50135753242,167.9580411991,
    0.200000000096));
#6588 = VECTOR('',#6589,1.);
#6589 = DIRECTION('',(-1.,0.,0.));
#6590 = ORIENTED_EDGE('',*,*,#6529,.T.);
#6591 = PLANE('',#6592);
#6592 = AXIS2_PLACEMENT_3D('',#6593,#6594,#6595);
#6593 = CARTESIAN_POINT('',(373.25135753242,167.9580411991,
    9.555378710502E-11));
#6594 = DIRECTION('',(0.,-1.,0.));
#6595 = DIRECTION('',(1.,0.,0.));
#6596 = ADVANCED_FACE('',(#6597),#6615,.T.);
#6597 = FACE_BOUND('',#6598,.T.);
#6598 = EDGE_LOOP('',(#6599,#6600,#6601,#6609));
#6599 = ORIENTED_EDGE('',*,*,#4850,.T.);
#6600 = ORIENTED_EDGE('',*,*,#6562,.F.);
#6601 = ORIENTED_EDGE('',*,*,#6602,.F.);
#6602 = EDGE_CURVE('',#6603,#6555,#6605,.T.);
#6603 = VERTEX_POINT('',#6604);
#6604 = CARTESIAN_POINT('',(372.25135753242,169.4580411991,
    0.200000000096));
#6605 = LINE('',#6606,#6607);
#6606 = CARTESIAN_POINT('',(372.25135753242,163.2120274446,
    0.200000000096));
#6607 = VECTOR('',#6608,1.);
#6608 = DIRECTION('',(0.,-1.,3.061616997868E-16));
#6609 = ORIENTED_EDGE('',*,*,#6610,.T.);
#6610 = EDGE_CURVE('',#6603,#4840,#6611,.T.);
#6611 = LINE('',#6612,#6613);
#6612 = CARTESIAN_POINT('',(372.25135753242,169.4580411991,
    9.555378710502E-11));
#6613 = VECTOR('',#6614,1.);
#6614 = DIRECTION('',(0.,0.,1.));
#6615 = PLANE('',#6616);
#6616 = AXIS2_PLACEMENT_3D('',#6617,#6618,#6619);
#6617 = CARTESIAN_POINT('',(372.25135753242,167.9580411991,
    9.555378710502E-11));
#6618 = DIRECTION('',(1.,0.,0.));
#6619 = DIRECTION('',(0.,1.,-3.061616997868E-16));
#6620 = ADVANCED_FACE('',(#6621),#6639,.T.);
#6621 = FACE_BOUND('',#6622,.T.);
#6622 = EDGE_LOOP('',(#6623,#6624,#6632,#6638));
#6623 = ORIENTED_EDGE('',*,*,#4830,.T.);
#6624 = ORIENTED_EDGE('',*,*,#6625,.F.);
#6625 = EDGE_CURVE('',#6626,#4831,#6628,.T.);
#6626 = VERTEX_POINT('',#6627);
#6627 = CARTESIAN_POINT('',(373.25135753242,169.4580411991,
    0.200000000096));
#6628 = LINE('',#6629,#6630);
#6629 = CARTESIAN_POINT('',(373.25135753242,169.4580411991,
    9.555378710502E-11));
#6630 = VECTOR('',#6631,1.);
#6631 = DIRECTION('',(0.,0.,1.));
#6632 = ORIENTED_EDGE('',*,*,#6633,.F.);
#6633 = EDGE_CURVE('',#6578,#6626,#6634,.T.);
#6634 = LINE('',#6635,#6636);
#6635 = CARTESIAN_POINT('',(373.25135753242,163.9620274446,
    0.200000000096));
#6636 = VECTOR('',#6637,1.);
#6637 = DIRECTION('',(0.,1.,-3.061616997868E-16));
#6638 = ORIENTED_EDGE('',*,*,#6577,.T.);
#6639 = PLANE('',#6640);
#6640 = AXIS2_PLACEMENT_3D('',#6641,#6642,#6643);
#6641 = CARTESIAN_POINT('',(373.25135753242,169.4580411991,
    9.555378710502E-11));
#6642 = DIRECTION('',(-1.,0.,0.));
#6643 = DIRECTION('',(0.,-1.,3.061616997868E-16));
#6644 = ADVANCED_FACE('',(#6645),#6656,.T.);
#6645 = FACE_BOUND('',#6646,.T.);
#6646 = EDGE_LOOP('',(#6647,#6648,#6649,#6655));
#6647 = ORIENTED_EDGE('',*,*,#4839,.T.);
#6648 = ORIENTED_EDGE('',*,*,#6610,.F.);
#6649 = ORIENTED_EDGE('',*,*,#6650,.F.);
#6650 = EDGE_CURVE('',#6626,#6603,#6651,.T.);
#6651 = LINE('',#6652,#6653);
#6652 = CARTESIAN_POINT('',(368.00135753242,169.4580411991,
    0.200000000096));
#6653 = VECTOR('',#6654,1.);
#6654 = DIRECTION('',(-1.,0.,0.));
#6655 = ORIENTED_EDGE('',*,*,#6625,.T.);
#6656 = PLANE('',#6657);
#6657 = AXIS2_PLACEMENT_3D('',#6658,#6659,#6660);
#6658 = CARTESIAN_POINT('',(372.25135753242,169.4580411991,
    9.555378710502E-11));
#6659 = DIRECTION('',(0.,-1.,0.));
#6660 = DIRECTION('',(1.,0.,0.));
#6661 = ADVANCED_FACE('',(#6662,#6665),#6679,.T.);
#6662 = FACE_BOUND('',#6663,.T.);
#6663 = EDGE_LOOP('',(#6664));
#6664 = ORIENTED_EDGE('',*,*,#680,.T.);
#6665 = FACE_BOUND('',#6666,.T.);
#6666 = EDGE_LOOP('',(#6667,#6668,#6669,#6670,#6671,#6672,#6673,#6674,
    #6675,#6676,#6677,#6678));
#6667 = ORIENTED_EDGE('',*,*,#6602,.T.);
#6668 = ORIENTED_EDGE('',*,*,#6554,.T.);
#6669 = ORIENTED_EDGE('',*,*,#6506,.T.);
#6670 = ORIENTED_EDGE('',*,*,#6458,.T.);
#6671 = ORIENTED_EDGE('',*,*,#6386,.T.);
#6672 = ORIENTED_EDGE('',*,*,#6417,.T.);
#6673 = ORIENTED_EDGE('',*,*,#6441,.T.);
#6674 = ORIENTED_EDGE('',*,*,#6489,.T.);
#6675 = ORIENTED_EDGE('',*,*,#6537,.T.);
#6676 = ORIENTED_EDGE('',*,*,#6585,.T.);
#6677 = ORIENTED_EDGE('',*,*,#6633,.T.);
#6678 = ORIENTED_EDGE('',*,*,#6650,.T.);
#6679 = PLANE('',#6680);
#6680 = AXIS2_PLACEMENT_3D('',#6681,#6682,#6683);
#6681 = CARTESIAN_POINT('',(363.75135753242,158.4660136901,
    0.200000000096));
#6682 = DIRECTION('',(0.,-3.061616997868E-16,-1.));
#6683 = DIRECTION('',(0.,1.,-3.061616997868E-16));
#6684 = ( GEOMETRIC_REPRESENTATION_CONTEXT(3) 
GLOBAL_UNCERTAINTY_ASSIGNED_CONTEXT((#6688)) 
GLOBAL_UNIT_ASSIGNED_CONTEXT((#6685,#6686,#6687)) REPRESENTATION_CONTEXT
('Context #1','3D Context with UNIT and UNCERTAINTY') );
#6685 = ( LENGTH_UNIT() NAMED_UNIT(*) SI_UNIT(.MILLI.,.METRE.) );
#6686 = ( NAMED_UNIT(*) PLANE_ANGLE_UNIT() SI_UNIT($,.RADIAN.) );
#6687 = ( NAMED_UNIT(*) SI_UNIT($,.STERADIAN.) SOLID_ANGLE_UNIT() );
#6688 = UNCERTAINTY_MEASURE_WITH_UNIT(LENGTH_MEASURE(1.E-03),#6685,
  'distance_accuracy_value','confusion accuracy');
#6689 = PRODUCT_RELATED_PRODUCT_CATEGORY('part',$,(#7));
#6690 = MECHANICAL_DESIGN_GEOMETRIC_PRESENTATION_REPRESENTATION('',(
    #6691),#6684);
#6691 = STYLED_ITEM('color',(#6692),#15);
#6692 = PRESENTATION_STYLE_ASSIGNMENT((#6693,#6699));
#6693 = SURFACE_STYLE_USAGE(.BOTH.,#6694);
#6694 = SURFACE_SIDE_STYLE('',(#6695));
#6695 = SURFACE_STYLE_FILL_AREA(#6696);
#6696 = FILL_AREA_STYLE('',(#6697));
#6697 = FILL_AREA_STYLE_COLOUR('',#6698);
#6698 = DRAUGHTING_PRE_DEFINED_COLOUR('white');
#6699 = CURVE_STYLE('',#6700,POSITIVE_LENGTH_MEASURE(0.1),#6701);
#6700 = DRAUGHTING_PRE_DEFINED_CURVE_FONT('continuous');
#6701 = COLOUR_RGB('',9.803921802644E-02,9.803921802644E-02,
  9.803921802644E-02);
ENDSEC;
END-ISO-10303-21;
