ISO-10303-21;
HEADER;
FILE_DESCRIPTION(('FreeCAD Model'),'2;1');
FILE_NAME('Open CASCADE Shape Model','2026-09-10T09:38:07',('Author'),(
    ''),'Open CASCADE STEP processor 7.8','FreeCAD','Unknown');
FILE_SCHEMA(('AUTOMOTIVE_DESIGN { 1 0 10303 214 1 1 1 1 }'));
ENDSEC;
DATA;
#1 = APPLICATION_PROTOCOL_DEFINITION('international standard',
  'automotive_design',2000,#2);
#2 = APPLICATION_CONTEXT(
  'core data for automotive mechanical design processes');
#3 = SHAPE_DEFINITION_REPRESENTATION(#4,#10);
#4 = PRODUCT_DEFINITION_SHAPE('','',#5);
#5 = PRODUCT_DEFINITION('design','',#6,#9);
#6 = PRODUCT_DEFINITION_FORMATION('','',#7);
#7 = PRODUCT('Product043','Product043','',(#8));
#8 = PRODUCT_CONTEXT('',#2,'mechanical');
#9 = PRODUCT_DEFINITION_CONTEXT('part definition',#2,'design');
#10 = ADVANCED_BREP_SHAPE_REPRESENTATION('',(#11,#15),#4401);
#11 = AXIS2_PLACEMENT_3D('',#12,#13,#14);
#12 = CARTESIAN_POINT('',(0.,0.,0.));
#13 = DIRECTION('',(0.,0.,1.));
#14 = DIRECTION('',(1.,0.,-0.));
#15 = MANIFOLD_SOLID_BREP('',#16);
#16 = CLOSED_SHELL('',(#17,#97,#182,#362,#469,#557,#647,#830,#937,#1047,
    #1286,#1355,#1405,#1471,#1524,#1610,#1717,#1751,#1776,#1801,#1826,
    #1851,#1878,#1905,#1930,#1955,#1980,#2007,#2025,#2057,#2098,#2132,
    #2164,#2196,#2228,#2262,#2296,#2328,#2360,#2392,#2424,#2449,#2472,
    #2504,#2648,#2730,#2832,#2903,#2974,#3024,#3074,#3138,#3202,#3291,
    #3337,#3354,#3395,#3424,#3442,#3471,#3512,#3553,#3565,#3672,#3694,
    #3711,#3728,#3745,#3762,#3779,#3796,#3813,#3830,#3847,#3864,#3876,
    #3893,#3910,#3922,#3952,#3969,#3981,#4007,#4024,#4036,#4062,#4079,
    #4091,#4115,#4127,#4151,#4174,#4186,#4198,#4215,#4233,#4245,#4268,
    #4280,#4300,#4317,#4335,#4355,#4372,#4389));
#17 = ADVANCED_FACE('',(#18),#80,.F.);
#18 = FACE_BOUND('',#19,.F.);
#19 = EDGE_LOOP('',(#20,#34,#45,#56,#73));
#20 = ORIENTED_EDGE('',*,*,#21,.T.);
#21 = EDGE_CURVE('',#22,#24,#26,.T.);
#22 = VERTEX_POINT('',#23);
#23 = CARTESIAN_POINT('',(209.68107749644,93.683041199081,5.867484243439
    ));
#24 = VERTEX_POINT('',#25);
#25 = CARTESIAN_POINT('',(209.75389453121,100.68695973223,4.758407011104
    ));
#26 = B_SPLINE_CURVE_WITH_KNOTS('',3,(#27,#28,#29,#30,#31,#32,#33),
  .UNSPECIFIED.,.F.,.F.,(4,3,4),(-7.274699364642,-4.131105046668,
    -0.192335564697),.UNSPECIFIED.);
#27 = CARTESIAN_POINT('',(209.68107749644,93.683041199081,5.867484243433
    ));
#28 = CARTESIAN_POINT('',(209.69040591504,94.719051604916,5.703322613182
    ));
#29 = CARTESIAN_POINT('',(209.70030998583,95.7567768191,5.538931237777)
  );
#30 = CARTESIAN_POINT('',(209.71084649304,96.791460294517,5.375071442439
    ));
#31 = CARTESIAN_POINT('',(209.72404821973,98.087867936294,5.169763156472
    ));
#32 = CARTESIAN_POINT('',(209.73834718918,99.389775381023,4.963662141161
    ));
#33 = CARTESIAN_POINT('',(209.75389453122,100.68695973222,4.758407011105
    ));
#34 = ORIENTED_EDGE('',*,*,#35,.T.);
#35 = EDGE_CURVE('',#24,#36,#38,.T.);
#36 = VERTEX_POINT('',#37);
#37 = CARTESIAN_POINT('',(207.24510753242,100.70205688111,4.585845809828
    ));
#38 = B_SPLINE_CURVE_WITH_KNOTS('',3,(#39,#40,#41,#42,#43,#44),
  .UNSPECIFIED.,.F.,.F.,(4,2,4),(0.251672565263,1.401334562725,
    2.766444880958),.UNSPECIFIED.);
#39 = CARTESIAN_POINT('',(209.75389453122,100.68695973224,4.758407011104
    ));
#40 = CARTESIAN_POINT('',(209.37175987484,100.68947314289,4.729678595969
    ));
#41 = CARTESIAN_POINT('',(208.98953994953,100.6918893058,4.702061727482)
  );
#42 = CARTESIAN_POINT('',(208.15330521262,100.69696159331,4.644085215902
    ));
#43 = CARTESIAN_POINT('',(207.69925458108,100.69957786134,4.614181135538
    ));
#44 = CARTESIAN_POINT('',(207.24510753242,100.70205688111,4.585845809827
    ));
#45 = ORIENTED_EDGE('',*,*,#46,.T.);
#46 = EDGE_CURVE('',#36,#47,#49,.T.);
#47 = VERTEX_POINT('',#48);
#48 = CARTESIAN_POINT('',(207.24510753242,96.038409643916,5.327924332575
    ));
#49 = B_SPLINE_CURVE_WITH_KNOTS('',3,(#50,#51,#52,#53,#54,#55),
  .UNSPECIFIED.,.F.,.F.,(4,2,4),(0.150332180967,4.129194827723,
    4.872650053254),.UNSPECIFIED.);
#50 = CARTESIAN_POINT('',(207.24510753241,100.7020568811,4.585845809827)
  );
#51 = CARTESIAN_POINT('',(207.24510753241,99.392247285374,4.794262424646
    ));
#52 = CARTESIAN_POINT('',(207.24510753241,98.082437689642,5.002679039464
    ));
#53 = CARTESIAN_POINT('',(207.24510753241,96.527888610581,5.250038547046
    ));
#54 = CARTESIAN_POINT('',(207.24510753241,96.283149127244,5.28898143981)
  );
#55 = CARTESIAN_POINT('',(207.24510753241,96.038409643916,5.327924332574
    ));
#56 = ORIENTED_EDGE('',*,*,#57,.T.);
#57 = EDGE_CURVE('',#47,#58,#60,.T.);
#58 = VERTEX_POINT('',#59);
#59 = CARTESIAN_POINT('',(209.60047597723,93.683041199089,5.861554959015
    ));
#60 = B_SPLINE_CURVE_WITH_KNOTS('',3,(#61,#62,#63,#64,#65,#66,#67,#68,
    #69,#70,#71,#72),.UNSPECIFIED.,.F.,.F.,(4,2,2,2,2,4),(
    3.682665958314E-02,1.073109367565,2.146291334853,3.105629348688,
    3.620082514536,3.675258508821),.UNSPECIFIED.);
#61 = CARTESIAN_POINT('',(207.24510753242,96.038409643916,5.327924332574
    ));
#62 = CARTESIAN_POINT('',(207.58669009534,95.996992079417,5.355530152968
    ));
#63 = CARTESIAN_POINT('',(207.91632943644,95.890785271455,5.393614770749
    ));
#64 = CARTESIAN_POINT('',(208.52773077043,95.556062301206,5.487474507192
    ));
#65 = CARTESIAN_POINT('',(208.80141339164,95.326606425391,5.542894565712
    ));
#66 = CARTESIAN_POINT('',(209.22071582469,94.806052582149,5.65526667975)
  );
#67 = CARTESIAN_POINT('',(209.37393801168,94.527683463944,5.710639889984
    ));
#68 = CARTESIAN_POINT('',(209.53019939879,94.069370937119,5.794931697127
    ));
#69 = CARTESIAN_POINT('',(209.5696302063,93.904537321803,5.824048669379)
  );
#70 = CARTESIAN_POINT('',(209.59592611002,93.719045701102,5.855492187433
    ));
#71 = CARTESIAN_POINT('',(209.59829186608,93.701054191712,5.858528508888
    ));
#72 = CARTESIAN_POINT('',(209.60047597723,93.683041199096,5.861554959014
    ));
#73 = ORIENTED_EDGE('',*,*,#74,.T.);
#74 = EDGE_CURVE('',#58,#22,#75,.T.);
#75 = B_SPLINE_CURVE_WITH_KNOTS('',3,(#76,#77,#78,#79),.UNSPECIFIED.,.F.
  ,.F.,(4,4),(0.,8.081930654787E-02),.PIECEWISE_BEZIER_KNOTS.);
#76 = CARTESIAN_POINT('',(209.60047597723,93.683041199081,5.861554959016
    ));
#77 = CARTESIAN_POINT('',(209.62734354635,93.683041199081,5.863525967682
    ));
#78 = CARTESIAN_POINT('',(209.65421072049,93.683041199081,5.865502395881
    ));
#79 = CARTESIAN_POINT('',(209.68107749644,93.683041199081,5.867484243437
    ));
#80 = B_SPLINE_SURFACE_WITH_KNOTS('',3,3,(
    (#81,#82,#83,#84)
    ,(#85,#86,#87,#88)
    ,(#89,#90,#91,#92)
    ,(#93,#94,#95,#96
    )),.UNSPECIFIED.,.F.,.F.,.F.,(4,4),(4,4),(4.433965892048E-02,
    7.980097983726E-02),(0.154994679079,0.167412486621),
  .PIECEWISE_BEZIER_KNOTS.);
#81 = CARTESIAN_POINT('',(207.24510753241,100.70205688111,4.585845809826
    ));
#82 = CARTESIAN_POINT('',(208.08182959887,100.71004583083,4.63605295389)
  );
#83 = CARTESIAN_POINT('',(208.91812387471,100.71884871482,4.691375327909
    ));
#84 = CARTESIAN_POINT('',(209.75389453122,100.72846393233,4.751802871913
    ));
#85 = CARTESIAN_POINT('',(207.24510753241,98.353861190408,4.959490191713
    ));
#86 = CARTESIAN_POINT('',(208.08182959887,98.361850140129,5.009697335777
    ));
#87 = CARTESIAN_POINT('',(208.91812387471,98.370653024118,5.065019709796
    ));
#88 = CARTESIAN_POINT('',(209.75389453122,98.380268241628,5.1254472538)
  );
#89 = CARTESIAN_POINT('',(207.24510753241,96.005665499702,5.3331345736)
  );
#90 = CARTESIAN_POINT('',(208.08182959887,96.013654449423,5.383341717664
    ));
#91 = CARTESIAN_POINT('',(208.91812387471,96.022457333413,5.438664091683
    ));
#92 = CARTESIAN_POINT('',(209.75389453122,96.032072550923,5.499091635687
    ));
#93 = CARTESIAN_POINT('',(207.24510753241,93.657469808997,5.706778955487
    ));
#94 = CARTESIAN_POINT('',(208.08182959887,93.665458758718,5.756986099551
    ));
#95 = CARTESIAN_POINT('',(208.91812387471,93.674261642707,5.81230847357)
  );
#96 = CARTESIAN_POINT('',(209.75389453122,93.683876860217,5.872736017574
    ));
#97 = ADVANCED_FACE('',(#98),#165,.F.);
#98 = FACE_BOUND('',#99,.F.);
#99 = EDGE_LOOP('',(#100,#129,#138,#149,#158));
#100 = ORIENTED_EDGE('',*,*,#101,.T.);
#101 = EDGE_CURVE('',#102,#104,#106,.T.);
#102 = VERTEX_POINT('',#103);
#103 = CARTESIAN_POINT('',(209.60047597723,93.03304119908,5.964982816068
    ));
#104 = VERTEX_POINT('',#105);
#105 = CARTESIAN_POINT('',(207.24510753242,90.677672754267,
    6.180923607516));
#106 = B_SPLINE_CURVE_WITH_KNOTS('',3,(#107,#108,#109,#110,#111,#112,
    #113,#114,#115,#116,#117,#118,#119,#120,#121,#122,#123,#124,#125,
    #126,#127,#128),.UNSPECIFIED.,.F.,.F.,(4,3,3,3,3,3,3,4),(
    1.085372766839,1.115067000255,1.74292039235,2.490894546654,
    2.703867802096,3.651889993509,4.212706259606,4.69498889362),
  .UNSPECIFIED.);
#107 = CARTESIAN_POINT('',(209.60047597723,93.033041199081,
    5.964982816064));
#108 = CARTESIAN_POINT('',(209.59929789482,93.023325221512,
    5.966442395986));
#109 = CARTESIAN_POINT('',(209.59806676953,93.01361386918,5.967897359162
    ));
#110 = CARTESIAN_POINT('',(209.59678259223,93.003907574441,
    5.969347639084));
#111 = CARTESIAN_POINT('',(209.56963001151,92.798678162223,
    6.000012285482));
#112 = CARTESIAN_POINT('',(209.51891978793,92.596914822595,
    6.028399322478));
#113 = CARTESIAN_POINT('',(209.4454264238,92.40265410644,6.053975894619)
  );
#114 = CARTESIAN_POINT('',(209.35787232667,92.1712274761,6.084445770482)
  );
#115 = CARTESIAN_POINT('',(209.23888132177,91.952828280311,
    6.110613881898));
#116 = CARTESIAN_POINT('',(209.09172415002,91.753645812088,
    6.131888884174));
#117 = CARTESIAN_POINT('',(209.04982358199,91.696931902336,
    6.137946588799));
#118 = CARTESIAN_POINT('',(209.00563946701,91.641776005933,
    6.143607927071));
#119 = CARTESIAN_POINT('',(208.95924725417,91.588321109561,
    6.148859949644));
#120 = CARTESIAN_POINT('',(208.75273847356,91.350373730231,
    6.172238631343));
#121 = CARTESIAN_POINT('',(208.50590673342,91.150101465629,
    6.187119345636));
#122 = CARTESIAN_POINT('',(208.22970355254,90.996906246517,
    6.193137033671));
#123 = CARTESIAN_POINT('',(208.06631155815,90.906281394541,
    6.196696884236));
#124 = CARTESIAN_POINT('',(207.89394426955,90.8328565788,6.197126394952)
  );
#125 = CARTESIAN_POINT('',(207.71537711563,90.777819059406,
    6.194476232396));
#126 = CARTESIAN_POINT('',(207.56181552547,90.730488692031,
    6.192197184054));
#127 = CARTESIAN_POINT('',(207.40443040166,90.696990966492,
    6.187651850541));
#128 = CARTESIAN_POINT('',(207.24510753242,90.677672754264,
    6.180923607517));
#129 = ORIENTED_EDGE('',*,*,#130,.T.);
#130 = EDGE_CURVE('',#104,#131,#133,.T.);
#131 = VERTEX_POINT('',#132);
#132 = CARTESIAN_POINT('',(207.24510753241,88.665326471135,6.50112770553
    ));
#133 = B_SPLINE_CURVE_WITH_KNOTS('',3,(#134,#135,#136,#137),
  .UNSPECIFIED.,.F.,.F.,(4,4),(3.4344188948,5.472081336862),
  .PIECEWISE_BEZIER_KNOTS.);
#134 = CARTESIAN_POINT('',(207.24510753241,90.677672754275,
    6.180923607516));
#135 = CARTESIAN_POINT('',(207.24510753241,90.006890659883,
    6.287658306856));
#136 = CARTESIAN_POINT('',(207.24510753241,89.336108565483,
    6.394393006197));
#137 = CARTESIAN_POINT('',(207.24510753241,88.665326471091,
    6.501127705537));
#138 = ORIENTED_EDGE('',*,*,#139,.T.);
#139 = EDGE_CURVE('',#131,#140,#142,.T.);
#140 = VERTEX_POINT('',#141);
#141 = CARTESIAN_POINT('',(209.64042181969,88.733484472519,
    6.652061784151));
#142 = B_SPLINE_CURVE_WITH_KNOTS('',3,(#143,#144,#145,#146,#147,#148),
  .UNSPECIFIED.,.F.,.F.,(4,2,4),(5.340918403831E-02,1.340858547181,
    2.454452736068),.UNSPECIFIED.);
#143 = CARTESIAN_POINT('',(207.24510753241,88.665326471135,
    6.501127705528));
#144 = CARTESIAN_POINT('',(207.6734088757,88.676428094848,6.525711955519
    ));
#145 = CARTESIAN_POINT('',(208.1016232969,88.688109338858,6.551579759254
    ));
#146 = CARTESIAN_POINT('',(208.90004047187,88.710974669099,
    6.602214424026));
#147 = CARTESIAN_POINT('',(209.2702712585,88.722012961291,6.626658428059
    ));
#148 = CARTESIAN_POINT('',(209.64042181969,88.733484472526,6.65206178415
    ));
#149 = ORIENTED_EDGE('',*,*,#150,.T.);
#150 = EDGE_CURVE('',#140,#151,#153,.T.);
#151 = VERTEX_POINT('',#152);
#152 = CARTESIAN_POINT('',(209.67529744481,93.033041199073,
    5.970485814779));
#153 = B_SPLINE_CURVE_WITH_KNOTS('',3,(#154,#155,#156,#157),
  .UNSPECIFIED.,.F.,.F.,(4,4),(-5.416841012894,-1.074094568013),
  .PIECEWISE_BEZIER_KNOTS.);
#154 = CARTESIAN_POINT('',(209.64042181958,88.733484472526,
    6.652061784142));
#155 = CARTESIAN_POINT('',(209.65113025805,90.163316509374,
    6.425334949922));
#156 = CARTESIAN_POINT('',(209.66271638455,91.600418461472,
    6.197516744476));
#157 = CARTESIAN_POINT('',(209.67529744481,93.03304119908,5.970485814778
    ));
#158 = ORIENTED_EDGE('',*,*,#159,.T.);
#159 = EDGE_CURVE('',#151,#102,#160,.T.);
#160 = B_SPLINE_CURVE_WITH_KNOTS('',3,(#161,#162,#163,#164),
  .UNSPECIFIED.,.F.,.F.,(4,4),(0.192262253412,0.267285708411),
  .PIECEWISE_BEZIER_KNOTS.);
#161 = CARTESIAN_POINT('',(209.67529744481,93.033041199073,
    5.970485814779));
#162 = CARTESIAN_POINT('',(209.65035730416,93.033041199073,
    5.968646812337));
#163 = CARTESIAN_POINT('',(209.62541681411,93.033041199073,
    5.966812479385));
#164 = CARTESIAN_POINT('',(209.60047597723,93.033041199073,
    5.964982816068));
#165 = B_SPLINE_SURFACE_WITH_KNOTS('',3,3,(
    (#166,#167,#168,#169)
    ,(#170,#171,#172,#173)
    ,(#174,#175,#176,#177)
    ,(#178,#179,#180,#181
    )),.UNSPECIFIED.,.F.,.F.,.F.,(4,4),(4,4),(8.306834355446E-02,
    0.10493062834),(0.154994679079,0.167023231391),
  .PIECEWISE_BEZIER_KNOTS.);
#166 = CARTESIAN_POINT('',(207.24510753241,93.008389977593,
    5.810060395514));
#167 = CARTESIAN_POINT('',(208.0556012619,93.016128501426,5.858693719613
    ));
#168 = CARTESIAN_POINT('',(208.86569359993,93.024630731292,
    5.912126610568));
#169 = CARTESIAN_POINT('',(209.67529744995,93.03389521224,5.970349924771
    ));
#170 = CARTESIAN_POINT('',(207.24510753241,91.560702142095,
    6.040416165522));
#171 = CARTESIAN_POINT('',(208.0556012619,91.568440665927,6.089049489621
    ));
#172 = CARTESIAN_POINT('',(208.86569359993,91.576942895794,
    6.142482380576));
#173 = CARTESIAN_POINT('',(209.67529744995,91.586207376742,
    6.200705694779));
#174 = CARTESIAN_POINT('',(207.24510753241,90.113014306589,
    6.270771935529));
#175 = CARTESIAN_POINT('',(208.0556012619,90.120752830422,6.319405259629
    ));
#176 = CARTESIAN_POINT('',(208.86569359993,90.129255060288,
    6.372838150583));
#177 = CARTESIAN_POINT('',(209.67529744995,90.138519541237,
    6.431061464786));
#178 = CARTESIAN_POINT('',(207.24510753241,88.665326471091,
    6.501127705537));
#179 = CARTESIAN_POINT('',(208.0556012619,88.673064994924,6.549761029636
    ));
#180 = CARTESIAN_POINT('',(208.86569359993,88.68156722479,6.603193920591
    ));
#181 = CARTESIAN_POINT('',(209.67529744995,88.690831705739,
    6.661417234794));
#182 = ADVANCED_FACE('',(#183),#357,.T.);
#183 = FACE_BOUND('',#184,.T.);
#184 = EDGE_LOOP('',(#185,#186,#198,#207,#213,#214,#222,#231,#239,#246,
    #247,#256,#264,#291,#299,#308,#317,#334,#342,#351));
#185 = ORIENTED_EDGE('',*,*,#57,.T.);
#186 = ORIENTED_EDGE('',*,*,#187,.F.);
#187 = EDGE_CURVE('',#188,#58,#190,.T.);
#188 = VERTEX_POINT('',#189);
#189 = CARTESIAN_POINT('',(209.60047597723,93.683041199081,
    2.391726506848));
#190 = B_SPLINE_CURVE_WITH_KNOTS('',3,(#191,#192,#193,#194,#195,#196,
    #197),.UNSPECIFIED.,.F.,.F.,(4,3,4),(-4.212323559263,-3.812323559263
    ,-0.742495107096),.UNSPECIFIED.);
#191 = CARTESIAN_POINT('',(209.60047597723,93.683041199081,
    2.391726506848));
#192 = CARTESIAN_POINT('',(209.60047597723,93.683041199081,
    2.525059840182));
#193 = CARTESIAN_POINT('',(209.60047597723,93.683041199081,
    2.658393173515));
#194 = CARTESIAN_POINT('',(209.60047597723,93.683041199081,
    2.791726506848));
#195 = CARTESIAN_POINT('',(209.60047597723,93.683041199081,
    3.815002657571));
#196 = CARTESIAN_POINT('',(209.60047597723,93.683041199089,
    4.838278808293));
#197 = CARTESIAN_POINT('',(209.60047597723,93.683041199089,
    5.861554959015));
#198 = ORIENTED_EDGE('',*,*,#199,.F.);
#199 = EDGE_CURVE('',#200,#188,#202,.T.);
#200 = VERTEX_POINT('',#201);
#201 = CARTESIAN_POINT('',(209.60047597723,93.03304119908,2.391726506848
    ));
#202 = CIRCLE('',#203,2.7);
#203 = AXIS2_PLACEMENT_3D('',#204,#205,#206);
#204 = CARTESIAN_POINT('',(206.92010753241,93.358041199092,
    2.391726506848));
#205 = DIRECTION('',(0.,-0.,1.));
#206 = DIRECTION('',(0.,1.,0.));
#207 = ORIENTED_EDGE('',*,*,#208,.F.);
#208 = EDGE_CURVE('',#102,#200,#209,.T.);
#209 = LINE('',#210,#211);
#210 = CARTESIAN_POINT('',(209.60047597723,93.03304119908,
    2.566835632933E-12));
#211 = VECTOR('',#212,1.);
#212 = DIRECTION('',(0.,0.,-1.));
#213 = ORIENTED_EDGE('',*,*,#101,.T.);
#214 = ORIENTED_EDGE('',*,*,#215,.F.);
#215 = EDGE_CURVE('',#216,#104,#218,.T.);
#216 = VERTEX_POINT('',#217);
#217 = CARTESIAN_POINT('',(207.24510753241,90.677672754267,
    2.391726506848));
#218 = LINE('',#219,#220);
#219 = CARTESIAN_POINT('',(207.24510753241,90.677672754267,
    2.566835632933E-12));
#220 = VECTOR('',#221,1.);
#221 = DIRECTION('',(0.,0.,1.));
#222 = ORIENTED_EDGE('',*,*,#223,.F.);
#223 = EDGE_CURVE('',#224,#216,#226,.T.);
#224 = VERTEX_POINT('',#225);
#225 = CARTESIAN_POINT('',(206.92010753241,90.658041199094,
    2.391726506848));
#226 = CIRCLE('',#227,2.7);
#227 = AXIS2_PLACEMENT_3D('',#228,#229,#230);
#228 = CARTESIAN_POINT('',(206.92010753241,93.358041199092,
    2.391726506848));
#229 = DIRECTION('',(0.,-0.,1.));
#230 = DIRECTION('',(0.,1.,0.));
#231 = ORIENTED_EDGE('',*,*,#232,.T.);
#232 = EDGE_CURVE('',#224,#233,#235,.T.);
#233 = VERTEX_POINT('',#234);
#234 = CARTESIAN_POINT('',(206.92010753241,90.658041199094,
    0.200000000003));
#235 = LINE('',#236,#237);
#236 = CARTESIAN_POINT('',(206.92010753241,90.658041199094,
    2.566835632933E-12));
#237 = VECTOR('',#238,1.);
#238 = DIRECTION('',(0.,0.,-1.));
#239 = ORIENTED_EDGE('',*,*,#240,.F.);
#240 = EDGE_CURVE('',#233,#233,#241,.T.);
#241 = CIRCLE('',#242,2.7);
#242 = AXIS2_PLACEMENT_3D('',#243,#244,#245);
#243 = CARTESIAN_POINT('',(206.92010753241,93.358041199092,
    0.200000000003));
#244 = DIRECTION('',(0.,-3.061616997868E-16,-1.));
#245 = DIRECTION('',(0.,1.,-3.061616997868E-16));
#246 = ORIENTED_EDGE('',*,*,#232,.F.);
#247 = ORIENTED_EDGE('',*,*,#248,.F.);
#248 = EDGE_CURVE('',#249,#224,#251,.T.);
#249 = VERTEX_POINT('',#250);
#250 = CARTESIAN_POINT('',(206.59510753241,90.677672754267,
    2.391726506848));
#251 = CIRCLE('',#252,2.7);
#252 = AXIS2_PLACEMENT_3D('',#253,#254,#255);
#253 = CARTESIAN_POINT('',(206.92010753241,93.358041199092,
    2.391726506848));
#254 = DIRECTION('',(0.,-0.,1.));
#255 = DIRECTION('',(0.,1.,0.));
#256 = ORIENTED_EDGE('',*,*,#257,.F.);
#257 = EDGE_CURVE('',#258,#249,#260,.T.);
#258 = VERTEX_POINT('',#259);
#259 = CARTESIAN_POINT('',(206.59510753241,90.677672754267,
    6.141993252075));
#260 = LINE('',#261,#262);
#261 = CARTESIAN_POINT('',(206.59510753241,90.677672754267,
    2.566835632933E-12));
#262 = VECTOR('',#263,1.);
#263 = DIRECTION('',(0.,0.,-1.));
#264 = ORIENTED_EDGE('',*,*,#265,.T.);
#265 = EDGE_CURVE('',#258,#266,#268,.T.);
#266 = VERTEX_POINT('',#267);
#267 = CARTESIAN_POINT('',(204.23973908759,93.03304119908,5.643886331769
    ));
#268 = B_SPLINE_CURVE_WITH_KNOTS('',3,(#269,#270,#271,#272,#273,#274,
    #275,#276,#277,#278,#279,#280,#281,#282,#283,#284,#285,#286,#287,
    #288,#289,#290),.UNSPECIFIED.,.F.,.F.,(4,3,3,3,3,3,3,4),(
    0.137161941406,0.520574462185,1.22320866961,1.321689311555,
    2.422326521371,3.145759277638,3.186782275167,3.76895773101),
  .UNSPECIFIED.);
#269 = CARTESIAN_POINT('',(206.59510753241,90.677672754267,
    6.141993252075));
#270 = CARTESIAN_POINT('',(206.46872479074,90.692996874247,
    6.132191547647));
#271 = CARTESIAN_POINT('',(206.34362394664,90.717235796665,
    6.121166764206));
#272 = CARTESIAN_POINT('',(206.22073993253,90.750190558708,
    6.108994266068));
#273 = CARTESIAN_POINT('',(205.99554511231,90.810582805552,6.0866871861)
  );
#274 = CARTESIAN_POINT('',(205.77961819228,90.899753450153,6.06070962972
    ));
#275 = CARTESIAN_POINT('',(205.57817041922,91.01513598705,6.031640501287
    ));
#276 = CARTESIAN_POINT('',(205.54993566235,91.031307910055,
    6.027566195768));
#277 = CARTESIAN_POINT('',(205.52198534676,91.047994742107,
    6.023431075487));
#278 = CARTESIAN_POINT('',(205.49433382465,91.065189404639,
    6.019236658795));
#279 = CARTESIAN_POINT('',(205.18529548424,91.257360018261,
    5.972359110139));
#280 = CARTESIAN_POINT('',(204.91893195839,91.509612850003,
    5.918893040679));
#281 = CARTESIAN_POINT('',(204.71060068518,91.806242394602,
    5.861523790383));
#282 = CARTESIAN_POINT('',(204.57366758329,92.001212660123,
    5.823815820404));
#283 = CARTESIAN_POINT('',(204.46325363942,92.213291420813,
    5.784816840758));
#284 = CARTESIAN_POINT('',(204.38209969252,92.436891783943,5.74540965902
    ));
#285 = CARTESIAN_POINT('',(204.3774977746,92.449571272209,5.743175034302
    ));
#286 = CARTESIAN_POINT('',(204.3729899433,92.462287811282,5.740939111109
    ));
#287 = CARTESIAN_POINT('',(204.36857669801,92.475040383289,
    5.738702055773));
#288 = CARTESIAN_POINT('',(204.30594638765,92.656017756954,5.70695501687
    ));
#289 = CARTESIAN_POINT('',(204.26277284945,92.843074899879,
    5.675183712908));
#290 = CARTESIAN_POINT('',(204.23973908264,93.033041188937,5.64388626811
    ));
#291 = ORIENTED_EDGE('',*,*,#292,.F.);
#292 = EDGE_CURVE('',#293,#266,#295,.T.);
#293 = VERTEX_POINT('',#294);
#294 = CARTESIAN_POINT('',(204.23973908759,93.03304119908,2.791726506848
    ));
#295 = LINE('',#296,#297);
#296 = CARTESIAN_POINT('',(204.23973908759,93.03304119908,
    2.566835632933E-12));
#297 = VECTOR('',#298,1.);
#298 = DIRECTION('',(0.,0.,1.));
#299 = ORIENTED_EDGE('',*,*,#300,.F.);
#300 = EDGE_CURVE('',#301,#293,#303,.T.);
#301 = VERTEX_POINT('',#302);
#302 = CARTESIAN_POINT('',(204.23973908759,93.683041199081,
    2.791726506848));
#303 = CIRCLE('',#304,2.7);
#304 = AXIS2_PLACEMENT_3D('',#305,#306,#307);
#305 = CARTESIAN_POINT('',(206.92010753241,93.358041199092,
    2.791726506848));
#306 = DIRECTION('',(0.,-0.,1.));
#307 = DIRECTION('',(0.,1.,0.));
#308 = ORIENTED_EDGE('',*,*,#309,.F.);
#309 = EDGE_CURVE('',#310,#301,#312,.T.);
#310 = VERTEX_POINT('',#311);
#311 = CARTESIAN_POINT('',(204.23973908759,93.683041199096,
    5.540458474715));
#312 = B_SPLINE_CURVE_WITH_KNOTS('',3,(#313,#314,#315,#316),
  .UNSPECIFIED.,.F.,.F.,(4,4),(-2.748731967867,0.),
  .PIECEWISE_BEZIER_KNOTS.);
#313 = CARTESIAN_POINT('',(204.23973908758,93.683041199089,
    5.540458474715));
#314 = CARTESIAN_POINT('',(204.23973908758,93.683041199089,
    4.624214485426));
#315 = CARTESIAN_POINT('',(204.23973908758,93.683041199081,
    3.707970496137));
#316 = CARTESIAN_POINT('',(204.23973908758,93.683041199081,
    2.791726506848));
#317 = ORIENTED_EDGE('',*,*,#318,.T.);
#318 = EDGE_CURVE('',#310,#319,#321,.T.);
#319 = VERTEX_POINT('',#320);
#320 = CARTESIAN_POINT('',(206.59510753241,96.038409643916,
    5.288993977134));
#321 = B_SPLINE_CURVE_WITH_KNOTS('',3,(#322,#323,#324,#325,#326,#327,
    #328,#329,#330,#331,#332,#333),.UNSPECIFIED.,.F.,.F.,(4,2,2,2,2,4),(
    6.412248132283E-02,1.087590603666,2.153500138622,2.989953741976,
    3.419173200366,3.678689818785),.UNSPECIFIED.);
#322 = CARTESIAN_POINT('',(204.23973908758,93.683041199089,
    5.540458474715));
#323 = CARTESIAN_POINT('',(204.28029326994,94.017503201212,
    5.489122927358));
#324 = CARTESIAN_POINT('',(204.38320866023,94.342368870464,
    5.442198084203));
#325 = CARTESIAN_POINT('',(204.71168437204,94.950943852091,5.36112219017
    ));
#326 = CARTESIAN_POINT('',(204.93890434199,95.226329025252,
    5.328406444785));
#327 = CARTESIAN_POINT('',(205.42919034887,95.626201544037,
    5.289947787407));
#328 = CARTESIAN_POINT('',(205.6708362598,95.767809192359,5.280175566075
    ));
#329 = CARTESIAN_POINT('',(206.06314405547,95.922424701661,
    5.277121460349));
#330 = CARTESIAN_POINT('',(206.20012548303,95.964200583672,
    5.278131980659));
#331 = CARTESIAN_POINT('',(206.42417893943,96.013512423495,
    5.283052351278));
#332 = CARTESIAN_POINT('',(206.50939484897,96.028016810735,
    5.285653874822));
#333 = CARTESIAN_POINT('',(206.59510753241,96.038409643916,
    5.288993977135));
#334 = ORIENTED_EDGE('',*,*,#335,.F.);
#335 = EDGE_CURVE('',#336,#319,#338,.T.);
#336 = VERTEX_POINT('',#337);
#337 = CARTESIAN_POINT('',(206.59510753241,96.038409643916,
    2.391726506848));
#338 = LINE('',#339,#340);
#339 = CARTESIAN_POINT('',(206.59510753241,96.038409643916,
    2.566835632933E-12));
#340 = VECTOR('',#341,1.);
#341 = DIRECTION('',(0.,0.,1.));
#342 = ORIENTED_EDGE('',*,*,#343,.F.);
#343 = EDGE_CURVE('',#344,#336,#346,.T.);
#344 = VERTEX_POINT('',#345);
#345 = CARTESIAN_POINT('',(207.24510753241,96.038409643916,
    2.391726506848));
#346 = CIRCLE('',#347,2.7);
#347 = AXIS2_PLACEMENT_3D('',#348,#349,#350);
#348 = CARTESIAN_POINT('',(206.92010753241,93.358041199092,
    2.391726506848));
#349 = DIRECTION('',(0.,-0.,1.));
#350 = DIRECTION('',(0.,1.,0.));
#351 = ORIENTED_EDGE('',*,*,#352,.F.);
#352 = EDGE_CURVE('',#47,#344,#353,.T.);
#353 = LINE('',#354,#355);
#354 = CARTESIAN_POINT('',(207.24510753241,96.038409643916,
    2.566835632933E-12));
#355 = VECTOR('',#356,1.);
#356 = DIRECTION('',(0.,0.,-1.));
#357 = CYLINDRICAL_SURFACE('',#358,2.7);
#358 = AXIS2_PLACEMENT_3D('',#359,#360,#361);
#359 = CARTESIAN_POINT('',(206.92010753241,93.358041199092,
    2.566835632933E-12));
#360 = DIRECTION('',(0.,0.,1.));
#361 = DIRECTION('',(0.,1.,0.));
#362 = ADVANCED_FACE('',(#363),#452,.F.);
#363 = FACE_BOUND('',#364,.F.);
#364 = EDGE_LOOP('',(#365,#380,#389,#402,#403,#421,#442,#451));
#365 = ORIENTED_EDGE('',*,*,#366,.T.);
#366 = EDGE_CURVE('',#22,#367,#369,.T.);
#367 = VERTEX_POINT('',#368);
#368 = CARTESIAN_POINT('',(211.11732335687,93.683041199081,
    2.391726506848));
#369 = B_SPLINE_CURVE_WITH_KNOTS('',3,(#370,#371,#372,#373,#374,#375,
    #376,#377,#378,#379),.UNSPECIFIED.,.F.,.F.,(4,3,3,4),(0.435161842703
    ,2.929745792317,3.756186659749,4.190108292407),.UNSPECIFIED.);
#370 = CARTESIAN_POINT('',(209.68090762717,93.683053083158,
    5.867570453573));
#371 = CARTESIAN_POINT('',(209.99337323668,93.683053763017,5.09598565347
    ));
#372 = CARTESIAN_POINT('',(210.3106816917,93.683068886569,4.323876519102
    ));
#373 = CARTESIAN_POINT('',(210.63054165701,93.683071589929,
    3.554896002734));
#374 = CARTESIAN_POINT('',(210.73650936646,93.683072485536,
    3.300137318391));
#375 = CARTESIAN_POINT('',(210.84275703501,93.683072156579,
    3.045721640516));
#376 = CARTESIAN_POINT('',(210.94920111618,93.683071182371,2.79178136887
    ));
#377 = CARTESIAN_POINT('',(211.00508943355,93.683070670865,2.658450381)
  );
#378 = CARTESIAN_POINT('',(211.0610909495,93.683069872813,2.525109588122
    ));
#379 = CARTESIAN_POINT('',(211.11719456692,93.683068815892,
    2.391777408884));
#380 = ORIENTED_EDGE('',*,*,#381,.F.);
#381 = EDGE_CURVE('',#382,#367,#384,.T.);
#382 = VERTEX_POINT('',#383);
#383 = CARTESIAN_POINT('',(211.13219778984,93.033041199073,
    2.391726506849));
#384 = B_SPLINE_CURVE_WITH_KNOTS('',3,(#385,#386,#387,#388),
  .UNSPECIFIED.,.F.,.F.,(4,4),(-8.238543680666,-7.589912063255),
  .PIECEWISE_BEZIER_KNOTS.);
#385 = CARTESIAN_POINT('',(211.13207532012,93.033067261014,
    2.391775103605));
#386 = CARTESIAN_POINT('',(211.12717762831,93.250055810626,
    2.391776287808));
#387 = CARTESIAN_POINT('',(211.1222177023,93.466747290127,2.391777006284
    ));
#388 = CARTESIAN_POINT('',(211.11719456691,93.683068815888,
    2.391777408884));
#389 = ORIENTED_EDGE('',*,*,#390,.T.);
#390 = EDGE_CURVE('',#382,#151,#391,.T.);
#391 = B_SPLINE_CURVE_WITH_KNOTS('',3,(#392,#393,#394,#395,#396,#397,
    #398,#399,#400,#401),.UNSPECIFIED.,.F.,.F.,(4,3,3,4),(
    -0.378697844162,5.410545192611E-02,2.3699615691,3.477371593193),
  .UNSPECIFIED.);
#392 = CARTESIAN_POINT('',(211.13207532012,93.033067261024,
    2.391775103607));
#393 = CARTESIAN_POINT('',(211.07670442931,93.033068297282,
    2.525100866413));
#394 = CARTESIAN_POINT('',(211.02143931314,93.03306909572,2.658440835085
    ));
#395 = CARTESIAN_POINT('',(210.96629024685,93.033069628341,
    2.791778482772));
#396 = CARTESIAN_POINT('',(210.67119706321,93.033072478303,
    3.505245339042));
#397 = CARTESIAN_POINT('',(210.37793779597,93.03306636447,4.222245940143
    ));
#398 = CARTESIAN_POINT('',(210.08819732363,93.033058850158,
    4.940214796802));
#399 = CARTESIAN_POINT('',(209.94964747976,93.033055256919,
    5.283537468256));
#400 = CARTESIAN_POINT('',(209.81190215602,93.033052341734,
    5.627081545718));
#401 = CARTESIAN_POINT('',(209.67514500845,93.033051965048,
    5.970563914951));
#402 = ORIENTED_EDGE('',*,*,#150,.F.);
#403 = ORIENTED_EDGE('',*,*,#404,.T.);
#404 = EDGE_CURVE('',#140,#405,#407,.T.);
#405 = VERTEX_POINT('',#406);
#406 = CARTESIAN_POINT('',(212.15917522439,85.729582104003,
    2.565059276094E-12));
#407 = B_SPLINE_CURVE_WITH_KNOTS('',3,(#408,#409,#410,#411,#412,#413,
    #414,#415,#416,#417,#418,#419,#420),.UNSPECIFIED.,.F.,.F.,(4,3,3,3,4
    ),(0.655948283181,3.791043139073,4.258768232911,7.910181296465,
    8.355893167772),.UNSPECIFIED.);
#408 = CARTESIAN_POINT('',(209.64042099666,88.733484533871,
    6.652062229849));
#409 = CARTESIAN_POINT('',(209.98361699043,88.326073958009,
    5.749862408544));
#410 = CARTESIAN_POINT('',(210.32782495385,87.916538206198,
    4.842926438568));
#411 = CARTESIAN_POINT('',(210.66942992782,87.509376449729,
    3.941268515147));
#412 = CARTESIAN_POINT('',(210.72039400574,87.448631949322,
    3.806750085489));
#413 = CARTESIAN_POINT('',(210.77130014968,87.387940258726,
    3.672349041488));
#414 = CARTESIAN_POINT('',(210.82213635932,87.327316262672,
    3.538098534416));
#415 = CARTESIAN_POINT('',(211.21900195933,86.854039857206,
    2.490038334582));
#416 = CARTESIAN_POINT('',(211.61786069173,86.377431810472,1.43463647547
    ));
#417 = CARTESIAN_POINT('',(212.01417017443,85.903148831792,
    0.384357386147));
#418 = CARTESIAN_POINT('',(212.06254592324,85.845255202592,
    0.256154454802));
#419 = CARTESIAN_POINT('',(212.11088369235,85.787396205711,
    0.128027788337));
#420 = CARTESIAN_POINT('',(212.15917522439,85.729582103995,
    4.096722960867E-12));
#421 = ORIENTED_EDGE('',*,*,#422,.F.);
#422 = EDGE_CURVE('',#423,#405,#425,.T.);
#423 = VERTEX_POINT('',#424);
#424 = CARTESIAN_POINT('',(212.09988476829,101.10326640214,
    2.565059276094E-12));
#425 = B_SPLINE_CURVE_WITH_KNOTS('',3,(#426,#427,#428,#429,#430,#431,
    #432,#433,#434,#435,#436,#437,#438,#439,#440,#441),.UNSPECIFIED.,.F.
  ,.F.,(4,3,3,3,3,4),(0.243038326921,3.544292555724,7.041702193904,
    7.806809133591,11.710741852193,15.519585573692),.UNSPECIFIED.);
#426 = CARTESIAN_POINT('',(212.09988429648,101.10326751398,
    -1.913835730449E-07));
#427 = CARTESIAN_POINT('',(212.10615537284,100.00095172456,
    -4.524836384275E-07));
#428 = CARTESIAN_POINT('',(212.11185232664,98.886060886003,
    1.677261041557E-05));
#429 = CARTESIAN_POINT('',(212.1170708721,97.770541561853,
    2.632789222096E-05));
#430 = CARTESIAN_POINT('',(212.12259949544,96.588739808502,
    3.645093406066E-05));
#431 = CARTESIAN_POINT('',(212.12759054664,95.406236427006,
    4.038228213869E-05));
#432 = CARTESIAN_POINT('',(212.13212790119,94.237223351347,
    4.110382936906E-05));
#433 = CARTESIAN_POINT('',(212.13312051052,93.981485502681,
    4.126167784847E-05));
#434 = CARTESIAN_POINT('',(212.13409132163,93.726393096824,
    4.130282336671E-05));
#435 = CARTESIAN_POINT('',(212.13504108739,93.47209437019,
    4.127288881986E-05));
#436 = CARTESIAN_POINT('',(212.13988723558,92.174543573423,
    4.112014878992E-05));
#437 = CARTESIAN_POINT('',(212.14431524831,90.86328277879,
    3.751044718786E-05));
#438 = CARTESIAN_POINT('',(212.14836791209,89.552385017608,
    2.640079642442E-05));
#439 = CARTESIAN_POINT('',(212.15232186421,88.27341709805,
    1.556174600821E-05));
#440 = CARTESIAN_POINT('',(212.155917389,86.994797308541,
    9.721649204475E-12));
#441 = CARTESIAN_POINT('',(212.15917522438,85.729582103998,
    9.74419328007E-12));
#442 = ORIENTED_EDGE('',*,*,#443,.F.);
#443 = EDGE_CURVE('',#24,#423,#444,.T.);
#444 = B_SPLINE_CURVE_WITH_KNOTS('',3,(#445,#446,#447,#448,#449,#450),
  .UNSPECIFIED.,.F.,.F.,(4,2,4),(-5.689715629189,-3.146114739136,
    -0.386228497972),.UNSPECIFIED.);
#445 = CARTESIAN_POINT('',(209.75389453122,100.68695973223,
    4.758407011108));
#446 = CARTESIAN_POINT('',(210.12714930112,100.75360839954,
    3.996609257893));
#447 = CARTESIAN_POINT('',(210.50303184062,100.82048933159,3.23215670648
    ));
#448 = CARTESIAN_POINT('',(211.28268621368,100.95883979781,
    1.650803641435));
#449 = CARTESIAN_POINT('',(211.69195316508,101.03125234728,
    0.823124413573));
#450 = CARTESIAN_POINT('',(212.09988476829,101.10326640214,
    2.564615186884E-12));
#451 = ORIENTED_EDGE('',*,*,#21,.F.);
#452 = B_SPLINE_SURFACE_WITH_KNOTS('',3,3,(
    (#453,#454,#455,#456)
    ,(#457,#458,#459,#460)
    ,(#461,#462,#463,#464)
    ,(#465,#466,#467,#468
    )),.UNSPECIFIED.,.F.,.F.,.F.,(4,4),(4,4),(6.597123961968E-02,
    0.931825699096),(5.530734825178E-02,0.893048289361),
  .PIECEWISE_BEZIER_KNOTS.);
#453 = CARTESIAN_POINT('',(212.15917522439,85.729582103995,
    4.096722960867E-12));
#454 = CARTESIAN_POINT('',(211.31931675615,86.658736194731,
    2.227108019728));
#455 = CARTESIAN_POINT('',(210.47940680938,87.585541343644,
    4.455195391643));
#456 = CARTESIAN_POINT('',(209.63971635607,88.508477850221,
    6.685010480956));
#457 = CARTESIAN_POINT('',(212.1708615481,90.857868727158,
    -6.619441913543E-02));
#458 = CARTESIAN_POINT('',(211.33133807458,91.449522329793,
    1.982307317025));
#459 = CARTESIAN_POINT('',(210.49170692029,92.038513745276,
    4.031713264794));
#460 = CARTESIAN_POINT('',(209.65252726667,92.622914578176,6.08267132936
    ));
#461 = CARTESIAN_POINT('',(212.1858570653,95.986114891974,
    -0.138297229529));
#462 = CARTESIAN_POINT('',(211.34686476316,96.240058921198,
    1.731061386733));
#463 = CARTESIAN_POINT('',(210.5077958838,96.490927586056,3.601104459777
    ));
#464 = CARTESIAN_POINT('',(209.66934024478,96.736267165448,
    5.472456512967));
#465 = CARTESIAN_POINT('',(212.20937033785,101.11428971301,
    -0.220818829064));
#466 = CARTESIAN_POINT('',(211.37197897322,101.03015182808,
    1.468049222047));
#467 = CARTESIAN_POINT('',(210.53497536971,100.94233817749,
    3.156968822671));
#468 = CARTESIAN_POINT('',(209.69936036859,100.84742598396,
    4.846305215684));
#469 = ADVANCED_FACE('',(#470),#540,.F.);
#470 = FACE_BOUND('',#471,.F.);
#471 = EDGE_LOOP('',(#472,#483,#494,#503,#533));
#472 = ORIENTED_EDGE('',*,*,#473,.T.);
#473 = EDGE_CURVE('',#474,#476,#478,.T.);
#474 = VERTEX_POINT('',#475);
#475 = CARTESIAN_POINT('',(180.26475003062,93.033041199087,
    5.970064900624));
#476 = VERTEX_POINT('',#477);
#477 = CARTESIAN_POINT('',(180.2996432746,88.733306441623,6.651667539465
    ));
#478 = B_SPLINE_CURVE_WITH_KNOTS('',3,(#479,#480,#481,#482),
  .UNSPECIFIED.,.F.,.F.,(4,4),(-4.548740558205,-0.20756117168),
  .PIECEWISE_BEZIER_KNOTS.);
#479 = CARTESIAN_POINT('',(180.26475003062,93.033041199102,
    5.970064900621));
#480 = CARTESIAN_POINT('',(180.27733762079,91.600356927222,
    6.197105007323));
#481 = CARTESIAN_POINT('',(180.28892958947,90.163193132627,
    6.424932503375));
#482 = CARTESIAN_POINT('',(180.29964327472,88.733306441623,
    6.651667539458));
#483 = ORIENTED_EDGE('',*,*,#484,.T.);
#484 = EDGE_CURVE('',#476,#485,#487,.T.);
#485 = VERTEX_POINT('',#486);
#486 = CARTESIAN_POINT('',(182.69510753241,88.665144422783,
    6.500724564305));
#487 = B_SPLINE_CURVE_WITH_KNOTS('',3,(#488,#489,#490,#491,#492,#493),
  .UNSPECIFIED.,.F.,.F.,(4,2,4),(0.227289456395,1.34066281003,
    2.628483238851),.UNSPECIFIED.);
#488 = CARTESIAN_POINT('',(180.2996432746,88.733306441623,6.651667539467
    ));
#489 = CARTESIAN_POINT('',(180.66972015741,88.721835631397,
    6.626265735752));
#490 = CARTESIAN_POINT('',(181.03987740718,88.710798639862,
    6.601824611972));
#491 = CARTESIAN_POINT('',(181.8383444457,88.687931289671,6.551185474059
    ));
#492 = CARTESIAN_POINT('',(182.26668246445,88.676247465439,
    6.525311956513));
#493 = CARTESIAN_POINT('',(182.69510753241,88.665144422797,
    6.500724564302));
#494 = ORIENTED_EDGE('',*,*,#495,.T.);
#495 = EDGE_CURVE('',#485,#496,#498,.T.);
#496 = VERTEX_POINT('',#497);
#497 = CARTESIAN_POINT('',(182.69510753241,90.677672754275,
    6.180491498795));
#498 = B_SPLINE_CURVE_WITH_KNOTS('',3,(#499,#500,#501,#502),
  .UNSPECIFIED.,.F.,.F.,(4,4),(0.164013052653,2.201859833309),
  .PIECEWISE_BEZIER_KNOTS.);
#499 = CARTESIAN_POINT('',(182.69510753241,88.665144422775,
    6.500724564304));
#500 = CARTESIAN_POINT('',(182.69510753241,89.335987199949,
    6.393980209133));
#501 = CARTESIAN_POINT('',(182.69510753241,90.00682997713,6.287235853961
    ));
#502 = CARTESIAN_POINT('',(182.69510753241,90.677672754304,6.18049149879
    ));
#503 = ORIENTED_EDGE('',*,*,#504,.T.);
#504 = EDGE_CURVE('',#496,#505,#507,.T.);
#505 = VERTEX_POINT('',#506);
#506 = CARTESIAN_POINT('',(180.33973908759,93.03304119908,5.964548841624
    ));
#507 = B_SPLINE_CURVE_WITH_KNOTS('',3,(#508,#509,#510,#511,#512,#513,
    #514,#515,#516,#517,#518,#519,#520,#521,#522,#523,#524,#525,#526,
    #527,#528,#529,#530,#531,#532),.UNSPECIFIED.,.F.,.F.,(4,3,3,3,3,3,3,
    3,4),(5.370618727366E-02,0.712795612593,1.059197057962,
    2.025181222098,2.11139618941,2.849785638346,3.021333843336,
    3.645559096979,3.66535464921),.UNSPECIFIED.);
#508 = CARTESIAN_POINT('',(182.69510753241,90.677672754269,
    6.180491498796));
#509 = CARTESIAN_POINT('',(182.47741895571,90.704067980924,
    6.189682374111));
#510 = CARTESIAN_POINT('',(182.26404777197,90.756850800296,6.19477089514
    ));
#511 = CARTESIAN_POINT('',(182.05966636864,90.834640545298,
    6.195618328714));
#512 = CARTESIAN_POINT('',(181.95224845113,90.875524951978,
    6.196063719284));
#513 = CARTESIAN_POINT('',(181.84731367492,90.923316871724,6.19533666594
    ));
#514 = CARTESIAN_POINT('',(181.74553971447,90.977814975047,
    6.193411468225));
#515 = CARTESIAN_POINT('',(181.46173017984,91.129789814915,
    6.188042811398));
#516 = CARTESIAN_POINT('',(181.20796256328,91.330983977985,
    6.173464768911));
#517 = CARTESIAN_POINT('',(180.99576856526,91.571409811968,
    6.150075362856));
#518 = CARTESIAN_POINT('',(180.97683005748,91.59286803684,6.147987837042
    ));
#519 = CARTESIAN_POINT('',(180.9582227076,91.614638765761,6.145830093017
    ));
#520 = CARTESIAN_POINT('',(180.93995471123,91.636714896314,
    6.143602403005));
#521 = CARTESIAN_POINT('',(180.78349816787,91.825786265032,
    6.124523316715));
#522 = CARTESIAN_POINT('',(180.65401363508,92.034735448127,
    6.100564949137));
#523 = CARTESIAN_POINT('',(180.55456022683,92.257552008446,
    6.072299561912));
#524 = CARTESIAN_POINT('',(180.53145446105,92.309318432004,
    6.065732734003));
#525 = CARTESIAN_POINT('',(180.50996967874,92.361833396184,
    6.058933642895));
#526 = CARTESIAN_POINT('',(180.49014428555,92.415021597193,
    6.051909891427));
#527 = CARTESIAN_POINT('',(180.41800414804,92.608561472869,
    6.026352042877));
#528 = CARTESIAN_POINT('',(180.36842995688,92.809414881305,
    5.998027522946));
#529 = CARTESIAN_POINT('',(180.34216687846,93.013608543927,
    5.967462851273));
#530 = CARTESIAN_POINT('',(180.34133401863,93.020083972948,
    5.966493578478));
#531 = CARTESIAN_POINT('',(180.3405247562,93.026561567416,5.965522235326
    ));
#532 = CARTESIAN_POINT('',(180.33973908759,93.033041199088,
    5.964548841618));
#533 = ORIENTED_EDGE('',*,*,#534,.T.);
#534 = EDGE_CURVE('',#505,#474,#535,.T.);
#535 = B_SPLINE_CURVE_WITH_KNOTS('',3,(#536,#537,#538,#539),
  .UNSPECIFIED.,.F.,.F.,(4,4),(2.360727931055,2.435919480352),
  .PIECEWISE_BEZIER_KNOTS.);
#536 = CARTESIAN_POINT('',(180.33973908758,93.033041199087,
    5.964548841623));
#537 = CARTESIAN_POINT('',(180.31474238526,93.033041199087,
    5.966382829075));
#538 = CARTESIAN_POINT('',(180.28974603207,93.033041199087,
    5.968221515441));
#539 = CARTESIAN_POINT('',(180.26475003061,93.033041199087,
    5.970064900624));
#540 = B_SPLINE_SURFACE_WITH_KNOTS('',3,3,(
    (#541,#542,#543,#544)
    ,(#545,#546,#547,#548)
    ,(#549,#550,#551,#552)
    ,(#553,#554,#555,#556
    )),.UNSPECIFIED.,.F.,.F.,.F.,(4,4),(4,4),(8.306800453181E-02,
    0.104931207177),(2.166449739776E-02,3.370734926589E-02),
  .PIECEWISE_BEZIER_KNOTS.);
#541 = CARTESIAN_POINT('',(180.26475002547,93.033897239082,
    5.969928688108));
#542 = CARTESIAN_POINT('',(181.07432590674,93.024631752473,
    5.911699053755));
#543 = CARTESIAN_POINT('',(181.88447430996,93.016128876647,
    5.858262103132));
#544 = CARTESIAN_POINT('',(182.69510753242,93.008390267154,5.80962824072
    ));
#545 = CARTESIAN_POINT('',(180.26475002547,91.586148624294,
    6.200294129303));
#546 = CARTESIAN_POINT('',(181.07432590674,91.576883137685,6.14206449495
    ));
#547 = CARTESIAN_POINT('',(181.88447430996,91.568380261859,
    6.088627544328));
#548 = CARTESIAN_POINT('',(182.69510753242,91.560641652366,
    6.039993681915));
#549 = CARTESIAN_POINT('',(180.26475002547,90.138400009499,
    6.430659570498));
#550 = CARTESIAN_POINT('',(181.07432590674,90.129134522889,
    6.372429936145));
#551 = CARTESIAN_POINT('',(181.88447430996,90.120631647056,
    6.318992985523));
#552 = CARTESIAN_POINT('',(182.69510753242,90.112893037563,6.27035912311
    ));
#553 = CARTESIAN_POINT('',(180.26475002547,88.690651394711,
    6.661025011693));
#554 = CARTESIAN_POINT('',(181.07432590674,88.681385908101,6.60279537734
    ));
#555 = CARTESIAN_POINT('',(181.88447430996,88.672883032268,
    6.549358426718));
#556 = CARTESIAN_POINT('',(182.69510753242,88.665144422775,
    6.500724564305));
#557 = ADVANCED_FACE('',(#558),#630,.F.);
#558 = FACE_BOUND('',#559,.F.);
#559 = EDGE_LOOP('',(#560,#589,#600,#611,#623));
#560 = ORIENTED_EDGE('',*,*,#561,.T.);
#561 = EDGE_CURVE('',#562,#564,#566,.T.);
#562 = VERTEX_POINT('',#563);
#563 = CARTESIAN_POINT('',(180.33973908759,93.683041199096,5.86112098457
    ));
#564 = VERTEX_POINT('',#565);
#565 = CARTESIAN_POINT('',(182.69510753241,96.038409643923,
    5.327492223854));
#566 = B_SPLINE_CURVE_WITH_KNOTS('',3,(#567,#568,#569,#570,#571,#572,
    #573,#574,#575,#576,#577,#578,#579,#580,#581,#582,#583,#584,#585,
    #586,#587,#588),.UNSPECIFIED.,.F.,.F.,(4,3,3,3,3,3,3,4),(
    0.985051604137,1.259535991533,1.953232644674,2.760584659345,
    3.638292778004,3.719520561221,4.383882875296,4.62270471519),
  .UNSPECIFIED.);
#567 = CARTESIAN_POINT('',(180.33973908759,93.683041199108,
    5.861120984549));
#568 = CARTESIAN_POINT('',(180.35059536942,93.772576041251,
    5.846077703703));
#569 = CARTESIAN_POINT('',(180.36593067155,93.861507587318,
    5.830802542511));
#570 = CARTESIAN_POINT('',(180.38568639248,93.94950147464,5.815356089065
    ));
#571 = CARTESIAN_POINT('',(180.43561446883,94.171885944507,
    5.776318702884));
#572 = CARTESIAN_POINT('',(180.51348722702,94.386995879554,
    5.736408985755));
#573 = CARTESIAN_POINT('',(180.61740411235,94.589713345065,
    5.696673751632));
#574 = CARTESIAN_POINT('',(180.73834675543,94.825644069899,
    5.650428290914));
#575 = CARTESIAN_POINT('',(180.89349556588,95.042699238579,
    5.604830778972));
#576 = CARTESIAN_POINT('',(181.07802030314,95.233753648744,
    5.561578190518));
#577 = CARTESIAN_POINT('',(181.2786253144,95.441457356494,5.514556386708
    ));
#578 = CARTESIAN_POINT('',(181.51157251492,95.615966930541,5.47087129815
    ));
#579 = CARTESIAN_POINT('',(181.76821017707,95.750269024726,
    5.432518112427));
#580 = CARTESIAN_POINT('',(181.79196079295,95.762698055699,
    5.428968704384));
#581 = CARTESIAN_POINT('',(181.81591430267,95.77478271806,5.425464923606
    ));
#582 = CARTESIAN_POINT('',(181.84006384441,95.786517448554,
    5.422008324127));
#583 = CARTESIAN_POINT('',(182.03758302558,95.882495847795,
    5.393736785644));
#584 = CARTESIAN_POINT('',(182.24611871976,95.954040469877,
    5.368926674687));
#585 = CARTESIAN_POINT('',(182.46105227943,95.999529629216,
    5.348214150126));
#586 = CARTESIAN_POINT('',(182.53831558453,96.015881858261,
    5.340768509216));
#587 = CARTESIAN_POINT('',(182.61640558188,96.028867061483,
    5.333851903064));
#588 = CARTESIAN_POINT('',(182.69510753241,96.038409643914,
    5.327492223855));
#589 = ORIENTED_EDGE('',*,*,#590,.T.);
#590 = EDGE_CURVE('',#564,#591,#593,.T.);
#591 = VERTEX_POINT('',#592);
#592 = CARTESIAN_POINT('',(182.69510753241,100.70209521944,
    4.585407600719));
#593 = B_SPLINE_CURVE_WITH_KNOTS('',3,(#594,#595,#596,#597,#598,#599),
  .UNSPECIFIED.,.F.,.F.,(4,2,4),(3.387648471238,4.130168628864,
    8.110005164209),.UNSPECIFIED.);
#594 = CARTESIAN_POINT('',(182.69510753241,96.038409643923,
    5.327492223854));
#595 = CARTESIAN_POINT('',(182.69510753241,96.282841310414,
    5.288598310837));
#596 = CARTESIAN_POINT('',(182.69510753241,96.527272976906,
    5.249704397821));
#597 = CARTESIAN_POINT('',(182.69510753241,98.08183483543,5.002342856774
    ));
#598 = CARTESIAN_POINT('',(182.69510753241,99.39196502744,4.793875228746
    ));
#599 = CARTESIAN_POINT('',(182.69510753241,100.70209521948,
    4.585407600714));
#600 = ORIENTED_EDGE('',*,*,#601,.T.);
#601 = EDGE_CURVE('',#591,#602,#604,.T.);
#602 = VERTEX_POINT('',#603);
#603 = CARTESIAN_POINT('',(180.18611327579,100.68699674033,
    4.757984006639));
#604 = B_SPLINE_CURVE_WITH_KNOTS('',3,(#605,#606,#607,#608,#609,#610),
  .UNSPECIFIED.,.F.,.F.,(4,2,4),(3.652680951821E-02,1.40172701031,
    2.551506932053),.UNSPECIFIED.);
#605 = CARTESIAN_POINT('',(182.69510753241,100.70209521944,4.58540760072
    ));
#606 = CARTESIAN_POINT('',(182.24093029683,100.69961643406,
    4.613740247232));
#607 = CARTESIAN_POINT('',(181.78684957352,100.69700018658,4.6436440926)
  );
#608 = CARTESIAN_POINT('',(180.9505458027,100.69192740767,4.70162622096)
  );
#609 = CARTESIAN_POINT('',(180.56828680185,100.6895107953,4.729248226729
    ));
#610 = CARTESIAN_POINT('',(180.18611327579,100.68699674033,
    4.757984006637));
#611 = ORIENTED_EDGE('',*,*,#612,.T.);
#612 = EDGE_CURVE('',#602,#613,#615,.T.);
#613 = VERTEX_POINT('',#614);
#614 = CARTESIAN_POINT('',(180.25896721827,93.683041199089,5.8670635941)
  );
#615 = B_SPLINE_CURVE_WITH_KNOTS('',3,(#616,#617,#618,#619,#620,#621,
    #622),.UNSPECIFIED.,.F.,.F.,(4,3,4),(-8.055510456487,-4.117369327034
    ,-0.976000585334),.UNSPECIFIED.);
#616 = CARTESIAN_POINT('',(180.18611327579,100.68699674034,
    4.757984006637));
#617 = CARTESIAN_POINT('',(180.20167263936,99.389491380338,
    4.963289146007));
#618 = CARTESIAN_POINT('',(180.21598217199,98.08725494337,5.169441569422
    ));
#619 = CARTESIAN_POINT('',(180.22919321171,96.790527230325,
    5.374799952523));
#620 = CARTESIAN_POINT('',(180.23973136813,95.756155995179,
    5.538609827362));
#621 = CARTESIAN_POINT('',(180.249637116,94.718742277022,5.702951407295)
  );
#622 = CARTESIAN_POINT('',(180.25896721828,93.683041199089,
    5.867063594095));
#623 = ORIENTED_EDGE('',*,*,#624,.T.);
#624 = EDGE_CURVE('',#613,#562,#625,.T.);
#625 = B_SPLINE_CURVE_WITH_KNOTS('',3,(#626,#627,#628,#629),
  .UNSPECIFIED.,.F.,.F.,(4,4),(0.324685401048,0.405675575236),
  .PIECEWISE_BEZIER_KNOTS.);
#626 = CARTESIAN_POINT('',(180.25896721827,93.683041199089,
    5.867063594099));
#627 = CARTESIAN_POINT('',(180.2858907751,93.683041199089,5.865077272188
    ));
#628 = CARTESIAN_POINT('',(180.31281473262,93.683041199089,
    5.863096402309));
#629 = CARTESIAN_POINT('',(180.33973908759,93.683041199089,5.86112098457
    ));
#630 = B_SPLINE_SURFACE_WITH_KNOTS('',3,3,(
    (#631,#632,#633,#634)
    ,(#635,#636,#637,#638)
    ,(#639,#640,#641,#642)
    ,(#643,#644,#645,#646
    )),.UNSPECIFIED.,.F.,.F.,.F.,(4,4),(4,4),(4.433912836622E-02,
    7.980065122429E-02),(2.127456794193E-02,3.370734926587E-02),
  .PIECEWISE_BEZIER_KNOTS.);
#631 = CARTESIAN_POINT('',(180.18611327579,100.72850459747,
    4.751379285539));
#632 = CARTESIAN_POINT('',(181.02186363801,100.71888812671,
    4.690943865433));
#633 = CARTESIAN_POINT('',(181.85822722374,100.71008439353,
    4.635616154546));
#634 = CARTESIAN_POINT('',(182.69510753242,100.70209521948,
    4.585407600714));
#635 = CARTESIAN_POINT('',(180.18611327579,98.380295534516,
    5.125025795215));
#636 = CARTESIAN_POINT('',(181.02186363801,98.370679063759,
    5.064590375109));
#637 = CARTESIAN_POINT('',(181.85822722374,98.361875330578,
    5.009262664223));
#638 = CARTESIAN_POINT('',(182.69510753242,98.353886156532,4.95905411039
    ));
#639 = CARTESIAN_POINT('',(180.18611327579,96.032086471561,
    5.498672304892));
#640 = CARTESIAN_POINT('',(181.02186363801,96.022470000804,
    5.438236884786));
#641 = CARTESIAN_POINT('',(181.85822722374,96.013666267616,
    5.382909173899));
#642 = CARTESIAN_POINT('',(182.69510753242,96.00567709357,5.332700620067
    ));
#643 = CARTESIAN_POINT('',(180.18611327579,93.683877408606,
    5.872318814568));
#644 = CARTESIAN_POINT('',(181.02186363801,93.674260937849,
    5.811883394462));
#645 = CARTESIAN_POINT('',(181.85822722374,93.665457204661,
    5.756555683576));
#646 = CARTESIAN_POINT('',(182.69510753242,93.657468030615,
    5.706347129743));
#647 = ADVANCED_FACE('',(#648),#825,.T.);
#648 = FACE_BOUND('',#649,.T.);
#649 = EDGE_LOOP('',(#650,#651,#659,#668,#678,#679,#687,#696,#704,#721,
    #730,#739,#747,#777,#785,#794,#802,#809,#810,#819));
#650 = ORIENTED_EDGE('',*,*,#504,.T.);
#651 = ORIENTED_EDGE('',*,*,#652,.F.);
#652 = EDGE_CURVE('',#653,#505,#655,.T.);
#653 = VERTEX_POINT('',#654);
#654 = CARTESIAN_POINT('',(180.33973908759,93.03304119908,2.391726506848
    ));
#655 = LINE('',#656,#657);
#656 = CARTESIAN_POINT('',(180.33973908759,93.03304119908,
    2.566835632933E-12));
#657 = VECTOR('',#658,1.);
#658 = DIRECTION('',(0.,0.,1.));
#659 = ORIENTED_EDGE('',*,*,#660,.F.);
#660 = EDGE_CURVE('',#661,#653,#663,.T.);
#661 = VERTEX_POINT('',#662);
#662 = CARTESIAN_POINT('',(180.33973908758,93.683041199089,
    2.391726506848));
#663 = CIRCLE('',#664,2.7);
#664 = AXIS2_PLACEMENT_3D('',#665,#666,#667);
#665 = CARTESIAN_POINT('',(183.02010753241,93.358041199092,
    2.391726506848));
#666 = DIRECTION('',(0.,-0.,1.));
#667 = DIRECTION('',(0.,1.,0.));
#668 = ORIENTED_EDGE('',*,*,#669,.F.);
#669 = EDGE_CURVE('',#562,#661,#670,.T.);
#670 = B_SPLINE_CURVE_WITH_KNOTS('',3,(#671,#672,#673,#674,#675,#676,
    #677),.UNSPECIFIED.,.F.,.F.,(4,3,4),(-3.069394477722,0.,0.4),
  .UNSPECIFIED.);
#671 = CARTESIAN_POINT('',(180.33973908759,93.683041199096,5.86112098457
    ));
#672 = CARTESIAN_POINT('',(180.33973908759,93.683041199096,
    4.837989491996));
#673 = CARTESIAN_POINT('',(180.33973908758,93.683041199089,
    3.814857999422));
#674 = CARTESIAN_POINT('',(180.33973908758,93.683041199089,
    2.791726506848));
#675 = CARTESIAN_POINT('',(180.33973908758,93.683041199089,
    2.658393173515));
#676 = CARTESIAN_POINT('',(180.33973908758,93.683041199089,
    2.525059840182));
#677 = CARTESIAN_POINT('',(180.33973908758,93.683041199089,
    2.391726506848));
#678 = ORIENTED_EDGE('',*,*,#561,.T.);
#679 = ORIENTED_EDGE('',*,*,#680,.F.);
#680 = EDGE_CURVE('',#681,#564,#683,.T.);
#681 = VERTEX_POINT('',#682);
#682 = CARTESIAN_POINT('',(182.69510753241,96.038409643916,
    2.391726506848));
#683 = LINE('',#684,#685);
#684 = CARTESIAN_POINT('',(182.69510753241,96.038409643916,
    2.566835632933E-12));
#685 = VECTOR('',#686,1.);
#686 = DIRECTION('',(0.,0.,1.));
#687 = ORIENTED_EDGE('',*,*,#688,.F.);
#688 = EDGE_CURVE('',#689,#681,#691,.T.);
#689 = VERTEX_POINT('',#690);
#690 = CARTESIAN_POINT('',(183.34510753241,96.038409643916,
    2.391726506848));
#691 = CIRCLE('',#692,2.7);
#692 = AXIS2_PLACEMENT_3D('',#693,#694,#695);
#693 = CARTESIAN_POINT('',(183.02010753241,93.358041199092,
    2.391726506848));
#694 = DIRECTION('',(0.,-0.,1.));
#695 = DIRECTION('',(0.,1.,0.));
#696 = ORIENTED_EDGE('',*,*,#697,.F.);
#697 = EDGE_CURVE('',#698,#689,#700,.T.);
#698 = VERTEX_POINT('',#699);
#699 = CARTESIAN_POINT('',(183.34510753241,96.038409643923,
    5.288569780594));
#700 = LINE('',#701,#702);
#701 = CARTESIAN_POINT('',(183.34510753241,96.038409643916,
    2.566835632933E-12));
#702 = VECTOR('',#703,1.);
#703 = DIRECTION('',(0.,0.,-1.));
#704 = ORIENTED_EDGE('',*,*,#705,.T.);
#705 = EDGE_CURVE('',#698,#706,#708,.T.);
#706 = VERTEX_POINT('',#707);
#707 = CARTESIAN_POINT('',(185.70047597723,93.683041199081,
    5.540084966961));
#708 = B_SPLINE_CURVE_WITH_KNOTS('',3,(#709,#710,#711,#712,#713,#714,
    #715,#716,#717,#718,#719,#720),.UNSPECIFIED.,.F.,.F.,(4,2,2,2,2,4),(
    0.136904551055,0.724075763095,1.635176183614,2.707211827538,
    3.268598878141,3.748705157221),.UNSPECIFIED.);
#709 = CARTESIAN_POINT('',(183.34510753241,96.038409643916,
    5.288569780595));
#710 = CARTESIAN_POINT('',(183.53896090707,96.014904537042,
    5.281018376894));
#711 = CARTESIAN_POINT('',(183.72991299991,95.970412197181,
    5.277261702245));
#712 = CARTESIAN_POINT('',(184.20112382974,95.804963770781,
    5.277488418989));
#713 = CARTESIAN_POINT('',(184.46838701195,95.656824296042,
    5.286886206665));
#714 = CARTESIAN_POINT('',(184.9839866697,95.244952965557,5.325911221522
    ));
#715 = CARTESIAN_POINT('',(185.21513287111,94.969845940192,
    5.358379525323));
#716 = CARTESIAN_POINT('',(185.47572952339,94.495796379459,
    5.421300535632));
#717 = CARTESIAN_POINT('',(185.54810163915,94.324282879948,
    5.445175978714));
#718 = CARTESIAN_POINT('',(185.64860943495,93.995317385023,
    5.492805057193));
#719 = CARTESIAN_POINT('',(185.68143572689,93.840071618164,
    5.515982316839));
#720 = CARTESIAN_POINT('',(185.70047597723,93.683041199074,
    5.540084966963));
#721 = ORIENTED_EDGE('',*,*,#722,.F.);
#722 = EDGE_CURVE('',#723,#706,#725,.T.);
#723 = VERTEX_POINT('',#724);
#724 = CARTESIAN_POINT('',(185.70047597723,93.683041199096,
    2.791726506848));
#725 = B_SPLINE_CURVE_WITH_KNOTS('',3,(#726,#727,#728,#729),
  .UNSPECIFIED.,.F.,.F.,(4,4),(-3.811439364445,-1.063080904332),
  .PIECEWISE_BEZIER_KNOTS.);
#726 = CARTESIAN_POINT('',(185.70047597723,93.683041199089,
    2.791726506848));
#727 = CARTESIAN_POINT('',(185.70047597723,93.683041199089,
    3.707845993553));
#728 = CARTESIAN_POINT('',(185.70047597723,93.683041199096,
    4.623965480257));
#729 = CARTESIAN_POINT('',(185.70047597723,93.683041199096,
    5.540084966961));
#730 = ORIENTED_EDGE('',*,*,#731,.F.);
#731 = EDGE_CURVE('',#732,#723,#734,.T.);
#732 = VERTEX_POINT('',#733);
#733 = CARTESIAN_POINT('',(185.70047597723,93.033041199087,
    2.791726506848));
#734 = CIRCLE('',#735,2.7);
#735 = AXIS2_PLACEMENT_3D('',#736,#737,#738);
#736 = CARTESIAN_POINT('',(183.02010753241,93.358041199092,
    2.791726506848));
#737 = DIRECTION('',(0.,-0.,1.));
#738 = DIRECTION('',(0.,1.,0.));
#739 = ORIENTED_EDGE('',*,*,#740,.F.);
#740 = EDGE_CURVE('',#741,#732,#743,.T.);
#741 = VERTEX_POINT('',#742);
#742 = CARTESIAN_POINT('',(185.70047597723,93.033041199073,
    5.643512824015));
#743 = LINE('',#744,#745);
#744 = CARTESIAN_POINT('',(185.70047597723,93.03304119908,
    2.566835632933E-12));
#745 = VECTOR('',#746,1.);
#746 = DIRECTION('',(0.,0.,-1.));
#747 = ORIENTED_EDGE('',*,*,#748,.T.);
#748 = EDGE_CURVE('',#741,#749,#751,.T.);
#749 = VERTEX_POINT('',#750);
#750 = CARTESIAN_POINT('',(183.34510753241,90.677672754275,
    6.141569055535));
#751 = B_SPLINE_CURVE_WITH_KNOTS('',3,(#752,#753,#754,#755,#756,#757,
    #758,#759,#760,#761,#762,#763,#764,#765,#766,#767,#768,#769,#770,
    #771,#772,#773,#774,#775,#776),.UNSPECIFIED.,.F.,.F.,(4,3,3,3,3,3,3,
    3,4),(0.128766301,0.795043813594,1.100336312099,1.986860288792,
    2.13926764811,2.918659468975,3.105943261237,3.537867805286,
    3.76323192268),.UNSPECIFIED.);
#752 = CARTESIAN_POINT('',(185.70047598353,93.033041188858,
    5.643512759745));
#753 = CARTESIAN_POINT('',(185.67414250584,92.815862323976,
    5.679292817669));
#754 = CARTESIAN_POINT('',(185.62153548499,92.602903809079,
    5.715621695883));
#755 = CARTESIAN_POINT('',(185.54397203919,92.398820009642,
    5.751757432835));
#756 = CARTESIAN_POINT('',(185.50843198612,92.305307543955,
    5.768315052161));
#757 = CARTESIAN_POINT('',(185.46765231865,92.213658469748,
    5.784832868157));
#758 = CARTESIAN_POINT('',(185.42176004209,92.124321105862,
    5.801243027088));
#759 = CARTESIAN_POINT('',(185.28849570005,91.864898695181,
    5.848895686675));
#760 = CARTESIAN_POINT('',(185.11405774848,91.628742229547,
    5.894943448619));
#761 = CARTESIAN_POINT('',(184.90521438749,91.425071008391,
    5.937880686432));
#762 = CARTESIAN_POINT('',(184.86931094213,91.39005673489,5.94526227024)
  );
#763 = CARTESIAN_POINT('',(184.83239066069,91.356002582001,
    5.952552044078));
#764 = CARTESIAN_POINT('',(184.79448794957,91.322955411136,
    5.959742473896));
#765 = CARTESIAN_POINT('',(184.60065831321,91.153956389105,
    5.996513416017));
#766 = CARTESIAN_POINT('',(184.38358349686,91.013433235311,
    6.030224580091));
#767 = CARTESIAN_POINT('',(184.14981222456,90.905742235326,
    6.060032403833));
#768 = CARTESIAN_POINT('',(184.09363820627,90.87986464933,6.067195068516
    ));
#769 = CARTESIAN_POINT('',(184.03650009667,90.855882807964,
    6.074132122075));
#770 = CARTESIAN_POINT('',(183.97848873152,90.833857076711,
    6.080831369957));
#771 = CARTESIAN_POINT('',(183.84469961857,90.78306008134,6.096281556822
    ));
#772 = CARTESIAN_POINT('',(183.70695458805,90.742931388264,
    6.110387631625));
#773 = CARTESIAN_POINT('',(183.56654033702,90.713913518572,6.12302760228
    ));
#774 = CARTESIAN_POINT('',(183.49327676871,90.698772942295,
    6.129622725971));
#775 = CARTESIAN_POINT('',(183.41940206415,90.686681111237,
    6.135808155289));
#776 = CARTESIAN_POINT('',(183.34510753242,90.677672754268,
    6.141569055535));
#777 = ORIENTED_EDGE('',*,*,#778,.F.);
#778 = EDGE_CURVE('',#779,#749,#781,.T.);
#779 = VERTEX_POINT('',#780);
#780 = CARTESIAN_POINT('',(183.34510753241,90.677672754267,
    2.391726506848));
#781 = LINE('',#782,#783);
#782 = CARTESIAN_POINT('',(183.34510753241,90.677672754267,
    2.566835632933E-12));
#783 = VECTOR('',#784,1.);
#784 = DIRECTION('',(0.,0.,1.));
#785 = ORIENTED_EDGE('',*,*,#786,.F.);
#786 = EDGE_CURVE('',#787,#779,#789,.T.);
#787 = VERTEX_POINT('',#788);
#788 = CARTESIAN_POINT('',(183.02010753241,90.658041199094,
    2.391726506848));
#789 = CIRCLE('',#790,2.7);
#790 = AXIS2_PLACEMENT_3D('',#791,#792,#793);
#791 = CARTESIAN_POINT('',(183.02010753241,93.358041199092,
    2.391726506848));
#792 = DIRECTION('',(0.,-0.,1.));
#793 = DIRECTION('',(0.,1.,0.));
#794 = ORIENTED_EDGE('',*,*,#795,.T.);
#795 = EDGE_CURVE('',#787,#796,#798,.T.);
#796 = VERTEX_POINT('',#797);
#797 = CARTESIAN_POINT('',(183.02010753241,90.658041199094,
    0.200000000003));
#798 = LINE('',#799,#800);
#799 = CARTESIAN_POINT('',(183.02010753241,90.658041199094,
    2.566835632933E-12));
#800 = VECTOR('',#801,1.);
#801 = DIRECTION('',(0.,0.,-1.));
#802 = ORIENTED_EDGE('',*,*,#803,.F.);
#803 = EDGE_CURVE('',#796,#796,#804,.T.);
#804 = CIRCLE('',#805,2.7);
#805 = AXIS2_PLACEMENT_3D('',#806,#807,#808);
#806 = CARTESIAN_POINT('',(183.02010753241,93.358041199092,
    0.200000000003));
#807 = DIRECTION('',(0.,-3.061616997868E-16,-1.));
#808 = DIRECTION('',(0.,1.,-3.061616997868E-16));
#809 = ORIENTED_EDGE('',*,*,#795,.F.);
#810 = ORIENTED_EDGE('',*,*,#811,.F.);
#811 = EDGE_CURVE('',#812,#787,#814,.T.);
#812 = VERTEX_POINT('',#813);
#813 = CARTESIAN_POINT('',(182.69510753241,90.677672754267,
    2.391726506848));
#814 = CIRCLE('',#815,2.7);
#815 = AXIS2_PLACEMENT_3D('',#816,#817,#818);
#816 = CARTESIAN_POINT('',(183.02010753241,93.358041199092,
    2.391726506848));
#817 = DIRECTION('',(0.,-0.,1.));
#818 = DIRECTION('',(0.,1.,0.));
#819 = ORIENTED_EDGE('',*,*,#820,.F.);
#820 = EDGE_CURVE('',#496,#812,#821,.T.);
#821 = LINE('',#822,#823);
#822 = CARTESIAN_POINT('',(182.69510753241,90.677672754267,
    2.566835632933E-12));
#823 = VECTOR('',#824,1.);
#824 = DIRECTION('',(0.,0.,-1.));
#825 = CYLINDRICAL_SURFACE('',#826,2.7);
#826 = AXIS2_PLACEMENT_3D('',#827,#828,#829);
#827 = CARTESIAN_POINT('',(183.02010753241,93.358041199092,
    2.566835632933E-12));
#828 = DIRECTION('',(0.,0.,1.));
#829 = DIRECTION('',(0.,1.,0.));
#830 = ADVANCED_FACE('',(#831),#920,.F.);
#831 = FACE_BOUND('',#832,.F.);
#832 = EDGE_LOOP('',(#833,#848,#857,#870,#871,#882,#903,#919));
#833 = ORIENTED_EDGE('',*,*,#834,.T.);
#834 = EDGE_CURVE('',#474,#835,#837,.T.);
#835 = VERTEX_POINT('',#836);
#836 = CARTESIAN_POINT('',(178.80801727498,93.033041199087,
    2.391726506849));
#837 = B_SPLINE_CURVE_WITH_KNOTS('',3,(#838,#839,#840,#841,#842,#843,
    #844,#845,#846,#847),.UNSPECIFIED.,.F.,.F.,(4,3,3,4),(0.433665901882
    ,2.971727039249,3.858274943513,4.29130500281),.UNSPECIFIED.);
#838 = CARTESIAN_POINT('',(180.26490246272,93.03305196402,5.970142998463
    ));
#839 = CARTESIAN_POINT('',(179.95163285781,93.033052827258,
    5.183332447148));
#840 = CARTESIAN_POINT('',(179.6331776032,93.033067518079,4.396202530951
    ));
#841 = CARTESIAN_POINT('',(179.31174718952,93.033070214508,
    3.612138117905));
#842 = CARTESIAN_POINT('',(179.19947114723,93.033071156374,
    3.338263445636));
#843 = CARTESIAN_POINT('',(179.08683219456,93.033070712318,
    3.064762333677));
#844 = CARTESIAN_POINT('',(178.97392481572,93.033069622463,
    2.791778485147));
#845 = CARTESIAN_POINT('',(178.91877574963,93.033069090128,2.65844083746
    ));
#846 = CARTESIAN_POINT('',(178.86351063364,93.033068292003,
    2.525100868688));
#847 = CARTESIAN_POINT('',(178.80813974296,93.033067256081,2.39177510569
    ));
#848 = ORIENTED_EDGE('',*,*,#849,.F.);
#849 = EDGE_CURVE('',#850,#835,#852,.T.);
#850 = VERTEX_POINT('',#851);
#851 = CARTESIAN_POINT('',(178.82289170796,93.683041199089,
    2.391726506848));
#852 = B_SPLINE_CURVE_WITH_KNOTS('',3,(#853,#854,#855,#856),
  .UNSPECIFIED.,.F.,.F.,(4,4),(-7.27414645206,-6.626578465479),
  .PIECEWISE_BEZIER_KNOTS.);
#853 = CARTESIAN_POINT('',(178.823020496,93.683068810584,2.391777411018)
  );
#854 = CARTESIAN_POINT('',(178.81799766945,93.466762018681,
    2.391776929174));
#855 = CARTESIAN_POINT('',(178.81303774841,93.250070732764,
    2.391776234048));
#856 = CARTESIAN_POINT('',(178.80813974296,93.033067256074,
    2.391775105687));
#857 = ORIENTED_EDGE('',*,*,#858,.T.);
#858 = EDGE_CURVE('',#850,#613,#859,.T.);
#859 = B_SPLINE_CURVE_WITH_KNOTS('',3,(#860,#861,#862,#863,#864,#865,
    #866,#867,#868,#869),.UNSPECIFIED.,.F.,.F.,(4,3,3,4),(
    -0.433622933714,0.,2.297892493193,3.318911262935),.UNSPECIFIED.);
#860 = CARTESIAN_POINT('',(178.823020496,93.68306881057,2.391777411018)
  );
#861 = CARTESIAN_POINT('',(178.87913466419,93.683069867336,2.52513466507
    ));
#862 = CARTESIAN_POINT('',(178.93513612954,93.683070664956,
    2.658475434156));
#863 = CARTESIAN_POINT('',(178.99101394618,93.683071176068,
    2.791781371289));
#864 = CARTESIAN_POINT('',(179.28712654865,93.683073884597,
    3.498207827132));
#865 = CARTESIAN_POINT('',(179.58171855815,93.683067021366,
    4.208313219995));
#866 = CARTESIAN_POINT('',(179.87299348231,93.683059429728,
    4.919247086315));
#867 = CARTESIAN_POINT('',(180.00241518746,93.683056056548,5.23513515493
    ));
#868 = CARTESIAN_POINT('',(180.1311820964,93.683053360507,5.551186742019
    ));
#869 = CARTESIAN_POINT('',(180.25913708105,93.683053081892,
    5.867149800783));
#870 = ORIENTED_EDGE('',*,*,#612,.F.);
#871 = ORIENTED_EDGE('',*,*,#872,.T.);
#872 = EDGE_CURVE('',#602,#873,#875,.T.);
#873 = VERTEX_POINT('',#874);
#874 = CARTESIAN_POINT('',(177.84033029653,101.10326640214,
    2.568611989773E-12));
#875 = B_SPLINE_CURVE_WITH_KNOTS('',3,(#876,#877,#878,#879,#880,#881),
  .UNSPECIFIED.,.F.,.F.,(4,2,4),(0.615521048284,3.159656647258,
    5.923429032703),.UNSPECIFIED.);
#876 = CARTESIAN_POINT('',(180.18611327579,100.68699674033,
    4.757984006642));
#877 = CARTESIAN_POINT('',(179.81312431285,100.7535978573,3.996729756276
    ));
#878 = CARTESIAN_POINT('',(179.43751283213,100.82043065074,
    3.232827431606));
#879 = CARTESIAN_POINT('',(178.65792858092,100.95876907315,
    1.651612027979));
#880 = CARTESIAN_POINT('',(178.248460455,101.03121729541,0.823525058392)
  );
#881 = CARTESIAN_POINT('',(177.84033029653,101.10326640215,
    3.935074488481E-12));
#882 = ORIENTED_EDGE('',*,*,#883,.F.);
#883 = EDGE_CURVE('',#884,#873,#886,.T.);
#884 = VERTEX_POINT('',#885);
#885 = CARTESIAN_POINT('',(177.78103984044,85.729582104003,
    2.568611989773E-12));
#886 = B_SPLINE_CURVE_WITH_KNOTS('',3,(#887,#888,#889,#890,#891,#892,
    #893,#894,#895,#896,#897,#898,#899,#900,#901,#902),.UNSPECIFIED.,.F.
  ,.F.,(4,3,3,3,3,4),(0.237540929235,4.490222645909,7.883691199383,
    11.325380943725,14.644208653984,15.440287678219),.UNSPECIFIED.);
#887 = CARTESIAN_POINT('',(177.78103984044,85.729582104003,
    2.581213021102E-12));
#888 = CARTESIAN_POINT('',(177.78469491997,87.149071320659,
    2.581360565638E-12));
#889 = CARTESIAN_POINT('',(177.78877446472,88.58534703504,
    1.922670675629E-05));
#890 = CARTESIAN_POINT('',(177.79330881781,90.019987723149,
    3.009084338296E-05));
#891 = CARTESIAN_POINT('',(177.79692704876,91.164773151494,
    3.875998639892E-05));
#892 = CARTESIAN_POINT('',(177.80083463069,92.308515063429,
    4.103812712838E-05));
#893 = CARTESIAN_POINT('',(177.80506108803,93.441845644822,
    4.12680478338E-05));
#894 = CARTESIAN_POINT('',(177.80934760333,94.591280854686,
    4.150123571268E-05));
#895 = CARTESIAN_POINT('',(177.81406203026,95.756997816793,
    4.028329597892E-05));
#896 = CARTESIAN_POINT('',(177.8192804439,96.925286582114,
    3.280542279126E-05));
#897 = CARTESIAN_POINT('',(177.82431256972,98.051869573595,
    2.559449601035E-05));
#898 = CARTESIAN_POINT('',(177.82981265637,99.180840788985,
    1.030493483138E-05));
#899 = CARTESIAN_POINT('',(177.83587199271,100.29988428671,
    2.746102927505E-06));
#900 = CARTESIAN_POINT('',(177.83732543079,100.56830649284,
    9.32984546039E-07));
#901 = CARTESIAN_POINT('',(177.83881117905,100.83615751542,
    -2.546224651738E-07));
#902 = CARTESIAN_POINT('',(177.84033076826,101.10326751381,
    -1.913528334232E-07));
#903 = ORIENTED_EDGE('',*,*,#904,.T.);
#904 = EDGE_CURVE('',#884,#476,#905,.T.);
#905 = B_SPLINE_CURVE_WITH_KNOTS('',3,(#906,#907,#908,#909,#910,#911,
    #912,#913,#914,#915,#916,#917,#918),.UNSPECIFIED.,.F.,.F.,(4,3,3,3,4
    ),(0.190016691583,3.83837003638,4.279657112645,7.412279835184,
    7.882729494716),.UNSPECIFIED.);
#906 = CARTESIAN_POINT('',(177.78103984044,85.729582104007,
    4.172384659995E-12));
#907 = CARTESIAN_POINT('',(178.17667587791,86.203233304255,
    1.048887966934));
#908 = CARTESIAN_POINT('',(178.57541268625,86.679896172325,
    2.104409253371));
#909 = CARTESIAN_POINT('',(178.97270836187,87.153914754195,
    3.154106009974));
#910 = CARTESIAN_POINT('',(179.02076331449,87.211249736397,
    3.281072224293));
#911 = CARTESIAN_POINT('',(179.06879717947,87.268546030159,
    3.407953163397));
#912 = CARTESIAN_POINT('',(179.11680191725,87.325793641539,
    3.534726734744));
#913 = CARTESIAN_POINT('',(179.45757947555,87.732184804722,
    4.434670992301));
#914 = CARTESIAN_POINT('',(179.80150143801,88.141622454713,
    5.341389050971));
#915 = CARTESIAN_POINT('',(180.14495235375,88.549608813129,
    6.244872343639));
#916 = CARTESIAN_POINT('',(180.19653097674,88.610879211901,
    6.380555266568));
#917 = CARTESIAN_POINT('',(180.24809897367,88.672116853546,
    6.516165143371));
#918 = CARTESIAN_POINT('',(180.29964409747,88.733306502963,
    6.651667985075));
#919 = ORIENTED_EDGE('',*,*,#473,.F.);
#920 = B_SPLINE_SURFACE_WITH_KNOTS('',3,3,(
    (#921,#922,#923,#924)
    ,(#925,#926,#927,#928)
    ,(#929,#930,#931,#932)
    ,(#933,#934,#935,#936
    )),.UNSPECIFIED.,.F.,.F.,.F.,(4,4),(4,4),(6.817430090406E-02,
    0.93402876038),(5.53073482516E-02,0.892998396465),
  .PIECEWISE_BEZIER_KNOTS.);
#921 = CARTESIAN_POINT('',(177.73084472697,101.11428971301,
    -0.220818829065));
#922 = CARTESIAN_POINT('',(178.56818621952,101.03015683903,
    1.467948639021));
#923 = CARTESIAN_POINT('',(179.4051399831,100.94234860659,3.156767656273
    ));
#924 = CARTESIAN_POINT('',(180.24070539737,100.84744294178,
    4.846003382936));
#925 = CARTESIAN_POINT('',(177.75435799952,95.986114891974,
    -0.13829722953));
#926 = CARTESIAN_POINT('',(178.59330033424,96.240043797181,
    1.730950054326));
#927 = CARTESIAN_POINT('',(179.43231923393,96.49089768553,3.600881722617
    ));
#928 = CARTESIAN_POINT('',(180.27072500151,96.736223328888,
    5.472122154079));
#929 = CARTESIAN_POINT('',(177.76935351673,90.857868727166,
    -6.619441913682E-02));
#930 = CARTESIAN_POINT('',(178.60882699118,91.449487093007,
    1.982185315485));
#931 = CARTESIAN_POINT('',(179.4484081309,92.038443574995,4.031469162037
    ));
#932 = CARTESIAN_POINT('',(180.28753785329,92.622810161905,
    6.082304880879));
#933 = CARTESIAN_POINT('',(177.78103984044,85.729582104003,
    2.570388346612E-12));
#934 = CARTESIAN_POINT('',(178.62084828966,86.658680857603,
    2.226975381028));
#935 = CARTESIAN_POINT('',(179.46070820752,87.585430938991,
    4.454930003336));
#936 = CARTESIAN_POINT('',(180.30034868175,88.508312949649,
    6.684612081207));
#937 = ADVANCED_FACE('',(#938),#1042,.F.);
#938 = FACE_BOUND('',#939,.T.);
#939 = EDGE_LOOP('',(#940,#950,#958,#964,#965,#966,#972,#973,#974,#982,
    #990,#998,#1009,#1017,#1025,#1033));
#940 = ORIENTED_EDGE('',*,*,#941,.F.);
#941 = EDGE_CURVE('',#942,#944,#946,.T.);
#942 = VERTEX_POINT('',#943);
#943 = CARTESIAN_POINT('',(206.59510753241,86.809625127025,
    2.391726506848));
#944 = VERTEX_POINT('',#945);
#945 = CARTESIAN_POINT('',(206.59510753241,88.648925026966,
    6.464807144279));
#946 = LINE('',#947,#948);
#947 = CARTESIAN_POINT('',(206.59510753241,87.064365283928,2.95584179913
    ));
#948 = VECTOR('',#949,1.);
#949 = DIRECTION('',(0.,0.411557753063,0.911383682043));
#950 = ORIENTED_EDGE('',*,*,#951,.T.);
#951 = EDGE_CURVE('',#942,#952,#954,.T.);
#952 = VERTEX_POINT('',#953);
#953 = CARTESIAN_POINT('',(207.24510753241,86.809625127025,
    2.391726506848));
#954 = LINE('',#955,#956);
#955 = CARTESIAN_POINT('',(195.23260753241,86.809625127033,
    2.391726506848));
#956 = VECTOR('',#957,1.);
#957 = DIRECTION('',(1.,4.456431613376E-17,0.));
#958 = ORIENTED_EDGE('',*,*,#959,.F.);
#959 = EDGE_CURVE('',#131,#952,#960,.T.);
#960 = LINE('',#961,#962);
#961 = CARTESIAN_POINT('',(207.24510753241,87.064365283928,2.95584179913
    ));
#962 = VECTOR('',#963,1.);
#963 = DIRECTION('',(0.,-0.411557753063,-0.911383682043));
#964 = ORIENTED_EDGE('',*,*,#139,.T.);
#965 = ORIENTED_EDGE('',*,*,#404,.T.);
#966 = ORIENTED_EDGE('',*,*,#967,.T.);
#967 = EDGE_CURVE('',#405,#884,#968,.T.);
#968 = LINE('',#969,#970);
#969 = CARTESIAN_POINT('',(199.99510753241,85.729582104003,
    2.566835632933E-12));
#970 = VECTOR('',#971,1.);
#971 = DIRECTION('',(-1.,9.232497659334E-19,1.007310030931E-16));
#972 = ORIENTED_EDGE('',*,*,#904,.T.);
#973 = ORIENTED_EDGE('',*,*,#484,.T.);
#974 = ORIENTED_EDGE('',*,*,#975,.F.);
#975 = EDGE_CURVE('',#976,#485,#978,.T.);
#976 = VERTEX_POINT('',#977);
#977 = CARTESIAN_POINT('',(182.69510753241,86.809625127025,
    2.391726506848));
#978 = LINE('',#979,#980);
#979 = CARTESIAN_POINT('',(182.69510753241,87.064365283928,2.95584179913
    ));
#980 = VECTOR('',#981,1.);
#981 = DIRECTION('',(0.,0.411557753063,0.911383682043));
#982 = ORIENTED_EDGE('',*,*,#983,.T.);
#983 = EDGE_CURVE('',#976,#984,#986,.T.);
#984 = VERTEX_POINT('',#985);
#985 = CARTESIAN_POINT('',(183.34510753241,86.809625127025,
    2.391726506848));
#986 = LINE('',#987,#988);
#987 = CARTESIAN_POINT('',(195.23260753241,86.809625127033,
    2.391726506848));
#988 = VECTOR('',#989,1.);
#989 = DIRECTION('',(1.,4.456431613376E-17,0.));
#990 = ORIENTED_EDGE('',*,*,#991,.F.);
#991 = EDGE_CURVE('',#992,#984,#994,.T.);
#992 = VERTEX_POINT('',#993);
#993 = CARTESIAN_POINT('',(183.34510753241,88.648746312043,
    6.464411384819));
#994 = LINE('',#995,#996);
#995 = CARTESIAN_POINT('',(183.34510753241,87.064365283928,2.95584179913
    ));
#996 = VECTOR('',#997,1.);
#997 = DIRECTION('',(0.,-0.411557753063,-0.911383682043));
#998 = ORIENTED_EDGE('',*,*,#999,.T.);
#999 = EDGE_CURVE('',#992,#1000,#1002,.T.);
#1000 = VERTEX_POINT('',#1001);
#1001 = CARTESIAN_POINT('',(194.64510753241,88.506293176491,
    6.148952710477));
#1002 = B_SPLINE_CURVE_WITH_KNOTS('',3,(#1003,#1004,#1005,#1006,#1007,
    #1008),.UNSPECIFIED.,.F.,.F.,(4,2,4),(0.136270750703,5.769549644533,
    11.442815538854),.UNSPECIFIED.);
#1003 = CARTESIAN_POINT('',(183.34510753241,88.648746312043,
    6.464411384819));
#1004 = CARTESIAN_POINT('',(185.21954552346,88.60274774849,
    6.362548791026));
#1005 = CARTESIAN_POINT('',(187.09574600114,88.567859397997,
    6.285289468145));
#1006 = CARTESIAN_POINT('',(190.86281577198,88.52019588968,
    6.179739898509));
#1007 = CARTESIAN_POINT('',(192.75401432901,88.507575406853,
    6.151792175474));
#1008 = CARTESIAN_POINT('',(194.64510753241,88.506293176484,
    6.148952710478));
#1009 = ORIENTED_EDGE('',*,*,#1010,.F.);
#1010 = EDGE_CURVE('',#1011,#1000,#1013,.T.);
#1011 = VERTEX_POINT('',#1012);
#1012 = CARTESIAN_POINT('',(194.64510753241,86.809625127033,
    2.391726506848));
#1013 = LINE('',#1014,#1015);
#1014 = CARTESIAN_POINT('',(194.64510753241,85.497270801629,
    -0.514447191327));
#1015 = VECTOR('',#1016,1.);
#1016 = DIRECTION('',(0.,0.411557753063,0.911383682043));
#1017 = ORIENTED_EDGE('',*,*,#1018,.T.);
#1018 = EDGE_CURVE('',#1011,#1019,#1021,.T.);
#1019 = VERTEX_POINT('',#1020);
#1020 = CARTESIAN_POINT('',(195.29510753241,86.809625127025,
    2.391726506848));
#1021 = LINE('',#1022,#1023);
#1022 = CARTESIAN_POINT('',(195.23260753241,86.809625127033,
    2.391726506848));
#1023 = VECTOR('',#1024,1.);
#1024 = DIRECTION('',(1.,4.456431613376E-17,0.));
#1025 = ORIENTED_EDGE('',*,*,#1026,.F.);
#1026 = EDGE_CURVE('',#1027,#1019,#1029,.T.);
#1027 = VERTEX_POINT('',#1028);
#1028 = CARTESIAN_POINT('',(195.29510753241,88.506299024259,
    6.148965660229));
#1029 = LINE('',#1030,#1031);
#1030 = CARTESIAN_POINT('',(195.29510753241,87.064365283928,
    2.95584179913));
#1031 = VECTOR('',#1032,1.);
#1032 = DIRECTION('',(-8.317991019661E-14,-0.411557753063,
    -0.911383682043));
#1033 = ORIENTED_EDGE('',*,*,#1034,.T.);
#1034 = EDGE_CURVE('',#1027,#944,#1035,.T.);
#1035 = B_SPLINE_CURVE_WITH_KNOTS('',3,(#1036,#1037,#1038,#1039,#1040,
    #1041),.UNSPECIFIED.,.F.,.F.,(4,2,4),(0.112640102146,5.777831951291,
    11.419204129127),.UNSPECIFIED.);
#1036 = CARTESIAN_POINT('',(195.29510753242,88.506299024266,
    6.148965660229));
#1037 = CARTESIAN_POINT('',(197.18350814794,88.50761358055,
    6.151876710102));
#1038 = CARTESIAN_POINT('',(199.07201103476,88.520237503282,
    6.179832050747));
#1039 = CARTESIAN_POINT('',(202.83908602461,88.567900497168,
    6.285380481161));
#1040 = CARTESIAN_POINT('',(204.71797850971,88.602849048853,
    6.362773118009));
#1041 = CARTESIAN_POINT('',(206.59510753241,88.648925026966,
    6.464807144279));
#1042 = PLANE('',#1043);
#1043 = AXIS2_PLACEMENT_3D('',#1044,#1045,#1046);
#1044 = CARTESIAN_POINT('',(195.49510753241,85.497270801629,
    -0.514447191327));
#1045 = DIRECTION('',(4.061519052569E-17,-0.911383682043,0.411557753063)
  );
#1046 = DIRECTION('',(0.,-0.411557753063,-0.911383682043));
#1047 = ADVANCED_FACE('',(#1048),#1281,.T.);
#1048 = FACE_BOUND('',#1049,.T.);
#1049 = EDGE_LOOP('',(#1050,#1060,#1069,#1078,#1093,#1105,#1114,#1122,
    #1149,#1158,#1167,#1175,#1205,#1213,#1222,#1230,#1237,#1238,#1247,
    #1259));
#1050 = ORIENTED_EDGE('',*,*,#1051,.F.);
#1051 = EDGE_CURVE('',#1052,#1054,#1056,.T.);
#1052 = VERTEX_POINT('',#1053);
#1053 = CARTESIAN_POINT('',(192.28973908759,93.033041199087,
    2.791726506848));
#1054 = VERTEX_POINT('',#1055);
#1055 = CARTESIAN_POINT('',(192.28973908759,93.03304119908,
    5.446357604549));
#1056 = LINE('',#1057,#1058);
#1057 = CARTESIAN_POINT('',(192.28973908759,93.03304119908,
    2.566835632933E-12));
#1058 = VECTOR('',#1059,1.);
#1059 = DIRECTION('',(0.,0.,1.));
#1060 = ORIENTED_EDGE('',*,*,#1061,.F.);
#1061 = EDGE_CURVE('',#1062,#1052,#1064,.T.);
#1062 = VERTEX_POINT('',#1063);
#1063 = CARTESIAN_POINT('',(192.28973908758,93.683041199089,
    2.791726506848));
#1064 = CIRCLE('',#1065,2.7);
#1065 = AXIS2_PLACEMENT_3D('',#1066,#1067,#1068);
#1066 = CARTESIAN_POINT('',(194.97010753241,93.358041199092,
    2.791726506848));
#1067 = DIRECTION('',(0.,-0.,1.));
#1068 = DIRECTION('',(0.,1.,0.));
#1069 = ORIENTED_EDGE('',*,*,#1070,.F.);
#1070 = EDGE_CURVE('',#1071,#1062,#1073,.T.);
#1071 = VERTEX_POINT('',#1072);
#1072 = CARTESIAN_POINT('',(192.28973908759,93.683041199081,
    5.342929747497));
#1073 = B_SPLINE_CURVE_WITH_KNOTS('',3,(#1074,#1075,#1076,#1077),
  .UNSPECIFIED.,.F.,.F.,(4,4),(-2.551203240649,0.),
  .PIECEWISE_BEZIER_KNOTS.);
#1074 = CARTESIAN_POINT('',(192.28973908759,93.683041199089,
    5.342929747497));
#1075 = CARTESIAN_POINT('',(192.28973908759,93.683041199089,
    4.492528667281));
#1076 = CARTESIAN_POINT('',(192.28973908758,93.683041199089,
    3.642127587065));
#1077 = CARTESIAN_POINT('',(192.28973908758,93.683041199089,
    2.791726506848));
#1078 = ORIENTED_EDGE('',*,*,#1079,.T.);
#1079 = EDGE_CURVE('',#1071,#1080,#1082,.T.);
#1080 = VERTEX_POINT('',#1081);
#1081 = CARTESIAN_POINT('',(194.64510753241,96.038409643908,
    4.950443994654));
#1082 = B_SPLINE_CURVE_WITH_KNOTS('',3,(#1083,#1084,#1085,#1086,#1087,
    #1088,#1089,#1090,#1091,#1092),.UNSPECIFIED.,.F.,.F.,(4,2,2,2,4),(
    9.526650610691E-02,1.097061751491,2.177534040119,3.104582949099,
    3.720424937939),.UNSPECIFIED.);
#1083 = CARTESIAN_POINT('',(192.28973908758,93.683041199081,
    5.342929747498));
#1084 = CARTESIAN_POINT('',(192.32937514422,94.009931154462,
    5.29038326706));
#1085 = CARTESIAN_POINT('',(192.42854887478,94.327386522833,
    5.238527738841));
#1086 = CARTESIAN_POINT('',(192.74938065881,94.934537533569,
    5.138084491329));
#1087 = CARTESIAN_POINT('',(192.97697694649,95.214266404008,5.0910524411
    ));
#1088 = CARTESIAN_POINT('',(193.49030331708,95.63718872083,
    5.019348179095));
#1089 = CARTESIAN_POINT('',(193.75941329731,95.791002350001,
    4.992993501123));
#1090 = CARTESIAN_POINT('',(194.24183552862,95.966024874106,
    4.962925790556));
#1091 = CARTESIAN_POINT('',(194.44172994027,96.013749706741,
    4.954695190867));
#1092 = CARTESIAN_POINT('',(194.64510753241,96.038409643916,
    4.950443994653));
#1093 = ORIENTED_EDGE('',*,*,#1094,.F.);
#1094 = EDGE_CURVE('',#1095,#1080,#1097,.T.);
#1095 = VERTEX_POINT('',#1096);
#1096 = CARTESIAN_POINT('',(194.64510753241,96.038409643916,
    2.391726506848));
#1097 = B_SPLINE_CURVE_WITH_KNOTS('',3,(#1098,#1099,#1100,#1101,#1102,
    #1103,#1104),.UNSPECIFIED.,.F.,.F.,(4,3,4),(-3.819723012589,
    -3.419723012589,-1.261005524783),.UNSPECIFIED.);
#1098 = CARTESIAN_POINT('',(194.64510753241,96.038409643916,
    2.391726506848));
#1099 = CARTESIAN_POINT('',(194.64510753241,96.038409643916,
    2.525059840182));
#1100 = CARTESIAN_POINT('',(194.64510753241,96.038409643916,
    2.658393173515));
#1101 = CARTESIAN_POINT('',(194.64510753241,96.038409643916,
    2.791726506848));
#1102 = CARTESIAN_POINT('',(194.64510753241,96.038409643916,
    3.511299002784));
#1103 = CARTESIAN_POINT('',(194.64510753241,96.038409643908,
    4.230871498719));
#1104 = CARTESIAN_POINT('',(194.64510753241,96.038409643908,
    4.950443994654));
#1105 = ORIENTED_EDGE('',*,*,#1106,.F.);
#1106 = EDGE_CURVE('',#1107,#1095,#1109,.T.);
#1107 = VERTEX_POINT('',#1108);
#1108 = CARTESIAN_POINT('',(195.29510753241,96.038409643916,
    2.391726506848));
#1109 = CIRCLE('',#1110,2.7);
#1110 = AXIS2_PLACEMENT_3D('',#1111,#1112,#1113);
#1111 = CARTESIAN_POINT('',(194.97010753241,93.358041199092,
    2.391726506848));
#1112 = DIRECTION('',(0.,-0.,1.));
#1113 = DIRECTION('',(0.,1.,0.));
#1114 = ORIENTED_EDGE('',*,*,#1115,.F.);
#1115 = EDGE_CURVE('',#1116,#1107,#1118,.T.);
#1116 = VERTEX_POINT('',#1117);
#1117 = CARTESIAN_POINT('',(195.29510753241,96.038409643916,
    4.950457874901));
#1118 = LINE('',#1119,#1120);
#1119 = CARTESIAN_POINT('',(195.29510753241,96.038409643916,
    2.566835632933E-12));
#1120 = VECTOR('',#1121,1.);
#1121 = DIRECTION('',(0.,0.,-1.));
#1122 = ORIENTED_EDGE('',*,*,#1123,.T.);
#1123 = EDGE_CURVE('',#1116,#1124,#1126,.T.);
#1124 = VERTEX_POINT('',#1125);
#1125 = CARTESIAN_POINT('',(197.65047597723,93.683041199081,
    5.343047363924));
#1126 = B_SPLINE_CURVE_WITH_KNOTS('',3,(#1127,#1128,#1129,#1130,#1131,
    #1132,#1133,#1134,#1135,#1136,#1137,#1138,#1139,#1140,#1141,#1142,
    #1143,#1144,#1145,#1146,#1147,#1148),.UNSPECIFIED.,.F.,.F.,(4,3,3,3,
    3,3,3,4),(0.113308197695,0.733307330768,1.496112449368,
    1.674771244861,2.599123386028,2.664799116213,3.256313433289,
    3.733945904488),.UNSPECIFIED.);
#1127 = CARTESIAN_POINT('',(195.29510753241,96.038409643912,
    4.950457874902));
#1128 = CARTESIAN_POINT('',(195.49995250939,96.013571881903,
    4.954748521378));
#1129 = CARTESIAN_POINT('',(195.70125830134,95.965335682762,
    4.963076106304));
#1130 = CARTESIAN_POINT('',(195.89508869668,95.894655052223,
    4.975226521686));
#1131 = CARTESIAN_POINT('',(196.13356454615,95.807694370027,
    4.990175573533));
#1132 = CARTESIAN_POINT('',(196.35789709453,95.687796648254,
    5.010732513545));
#1133 = CARTESIAN_POINT('',(196.56179790876,95.538986352682,
    5.036043567114));
#1134 = CARTESIAN_POINT('',(196.60955410884,95.504133062484,
    5.041971742257));
#1135 = CARTESIAN_POINT('',(196.6561895199,95.467693716772,
    5.048160477492));
#1136 = CARTESIAN_POINT('',(196.70162336293,95.429719963063,
    5.054598436258));
#1137 = CARTESIAN_POINT('',(196.9366908275,95.233249811941,
    5.087907409114));
#1138 = CARTESIAN_POINT('',(197.13599420156,94.998727866286,
    5.127371971249));
#1139 = CARTESIAN_POINT('',(197.2916341968,94.736632476376,
    5.170891921414));
#1140 = CARTESIAN_POINT('',(197.30269250443,94.718010454158,
    5.173984037911));
#1141 = CARTESIAN_POINT('',(197.31353039241,94.699249240002,
    5.177096650619));
#1142 = CARTESIAN_POINT('',(197.32414502784,94.680352594345,
    5.180229019466));
#1143 = CARTESIAN_POINT('',(197.41974668786,94.510158271126,
    5.208440978642));
#1144 = CARTESIAN_POINT('',(197.49652893399,94.330241856547,
    5.238043734707));
#1145 = CARTESIAN_POINT('',(197.55324362697,94.143794259664,5.2684471048
    ));
#1146 = CARTESIAN_POINT('',(197.59903927078,93.993242660283,
    5.292997037706));
#1147 = CARTESIAN_POINT('',(197.63155732375,93.839068655286,5.3179655593
    ));
#1148 = CARTESIAN_POINT('',(197.65047597122,93.683041188966,
    5.343047300411));
#1149 = ORIENTED_EDGE('',*,*,#1150,.F.);
#1150 = EDGE_CURVE('',#1151,#1124,#1153,.T.);
#1151 = VERTEX_POINT('',#1152);
#1152 = CARTESIAN_POINT('',(197.65047597723,93.683041199081,
    2.791726506848));
#1153 = B_SPLINE_CURVE_WITH_KNOTS('',3,(#1154,#1155,#1156,#1157),
  .UNSPECIFIED.,.F.,.F.,(4,4),(-3.419723012589,-0.868402155514),
  .PIECEWISE_BEZIER_KNOTS.);
#1154 = CARTESIAN_POINT('',(197.65047597723,93.683041199081,
    2.791726506848));
#1155 = CARTESIAN_POINT('',(197.65047597723,93.683041199081,
    3.64216679254));
#1156 = CARTESIAN_POINT('',(197.65047597723,93.683041199081,
    4.492607078232));
#1157 = CARTESIAN_POINT('',(197.65047597723,93.683041199081,
    5.343047363924));
#1158 = ORIENTED_EDGE('',*,*,#1159,.F.);
#1159 = EDGE_CURVE('',#1160,#1151,#1162,.T.);
#1160 = VERTEX_POINT('',#1161);
#1161 = CARTESIAN_POINT('',(197.65047597723,93.03304119908,
    2.791726506848));
#1162 = CIRCLE('',#1163,2.7);
#1163 = AXIS2_PLACEMENT_3D('',#1164,#1165,#1166);
#1164 = CARTESIAN_POINT('',(194.97010753241,93.358041199092,
    2.791726506848));
#1165 = DIRECTION('',(0.,-0.,1.));
#1166 = DIRECTION('',(0.,1.,0.));
#1167 = ORIENTED_EDGE('',*,*,#1168,.F.);
#1168 = EDGE_CURVE('',#1169,#1160,#1171,.T.);
#1169 = VERTEX_POINT('',#1170);
#1170 = CARTESIAN_POINT('',(197.65047597723,93.033041199073,
    5.446475220976));
#1171 = LINE('',#1172,#1173);
#1172 = CARTESIAN_POINT('',(197.65047597723,93.03304119908,
    2.566835632933E-12));
#1173 = VECTOR('',#1174,1.);
#1174 = DIRECTION('',(0.,0.,-1.));
#1175 = ORIENTED_EDGE('',*,*,#1176,.T.);
#1176 = EDGE_CURVE('',#1169,#1177,#1179,.T.);
#1177 = VERTEX_POINT('',#1178);
#1178 = CARTESIAN_POINT('',(195.29510753241,90.677672754267,
    5.803457149842));
#1179 = B_SPLINE_CURVE_WITH_KNOTS('',3,(#1180,#1181,#1182,#1183,#1184,
    #1185,#1186,#1187,#1188,#1189,#1190,#1191,#1192,#1193,#1194,#1195,
    #1196,#1197,#1198,#1199,#1200,#1201,#1202,#1203,#1204),
  .UNSPECIFIED.,.F.,.F.,(4,3,3,3,3,3,3,3,4),(9.764419474447E-02,
    0.761076692844,1.092721454947,1.979898923174,2.118973592986,
    2.889688564127,3.055028100603,3.476066697594,3.717959066127),
  .UNSPECIFIED.);
#1180 = CARTESIAN_POINT('',(197.65047597122,93.033041188961,
    5.446475157462));
#1181 = CARTESIAN_POINT('',(197.62421589808,92.816468057227,
    5.480582710464));
#1182 = CARTESIAN_POINT('',(197.57181246739,92.603950725422,
    5.513693477144));
#1183 = CARTESIAN_POINT('',(197.49447267925,92.400136180372,
    5.545143699078));
#1184 = CARTESIAN_POINT('',(197.45581111879,92.298250869508,
    5.560865421184));
#1185 = CARTESIAN_POINT('',(197.4109181472,92.198540453313,
    5.576173038401));
#1186 = CARTESIAN_POINT('',(197.35994451251,92.101586183721,
    5.590988373417));
#1187 = CARTESIAN_POINT('',(197.22358577874,91.842225407999,
    5.630620633022));
#1188 = CARTESIAN_POINT('',(197.04580476696,91.606581135138,
    5.666116023379));
#1189 = CARTESIAN_POINT('',(196.83342240279,91.404055541269,
    5.696352361482));
#1190 = CARTESIAN_POINT('',(196.80012916866,91.372307462554,
    5.701092234719));
#1191 = CARTESIAN_POINT('',(196.76598564648,91.34137325683,
    5.705702973084));
#1192 = CARTESIAN_POINT('',(196.73101811737,91.311289157273,
    5.710180340381));
#1193 = CARTESIAN_POINT('',(196.53723733594,91.144571048553,
    5.734992723622));
#1194 = CARTESIAN_POINT('',(196.32070890537,91.006172608029,
    5.755383598363));
#1195 = CARTESIAN_POINT('',(196.08791026297,90.900294505623,
    5.770920340487));
#1196 = CARTESIAN_POINT('',(196.0379685581,90.877580743688,5.77425339854
    ));
#1197 = CARTESIAN_POINT('',(195.9872780718,90.856363604505,
    5.777362874348));
#1198 = CARTESIAN_POINT('',(195.93590276669,90.836684506846,
    5.780244154691));
#1199 = CARTESIAN_POINT('',(195.80507509629,90.786571510009,
    5.787581360654));
#1200 = CARTESIAN_POINT('',(195.67048531096,90.746694122481,
    5.793401072115));
#1201 = CARTESIAN_POINT('',(195.53334695127,90.717442524962,
    5.797665043579));
#1202 = CARTESIAN_POINT('',(195.4545591089,90.700637086573,
    5.800114752854));
#1203 = CARTESIAN_POINT('',(195.37506616098,90.687367896081,
    5.802046577389));
#1204 = CARTESIAN_POINT('',(195.29510753241,90.677672754268,
    5.803457149842));
#1205 = ORIENTED_EDGE('',*,*,#1206,.F.);
#1206 = EDGE_CURVE('',#1207,#1177,#1209,.T.);
#1207 = VERTEX_POINT('',#1208);
#1208 = CARTESIAN_POINT('',(195.29510753241,90.677672754267,
    2.391726506848));
#1209 = LINE('',#1210,#1211);
#1210 = CARTESIAN_POINT('',(195.29510753241,90.677672754267,
    2.566835632933E-12));
#1211 = VECTOR('',#1212,1.);
#1212 = DIRECTION('',(0.,0.,1.));
#1213 = ORIENTED_EDGE('',*,*,#1214,.F.);
#1214 = EDGE_CURVE('',#1215,#1207,#1217,.T.);
#1215 = VERTEX_POINT('',#1216);
#1216 = CARTESIAN_POINT('',(194.97010753241,90.658041199094,
    2.391726506848));
#1217 = CIRCLE('',#1218,2.7);
#1218 = AXIS2_PLACEMENT_3D('',#1219,#1220,#1221);
#1219 = CARTESIAN_POINT('',(194.97010753241,93.358041199092,
    2.391726506848));
#1220 = DIRECTION('',(0.,-0.,1.));
#1221 = DIRECTION('',(0.,1.,0.));
#1222 = ORIENTED_EDGE('',*,*,#1223,.T.);
#1223 = EDGE_CURVE('',#1215,#1224,#1226,.T.);
#1224 = VERTEX_POINT('',#1225);
#1225 = CARTESIAN_POINT('',(194.97010753241,90.658041199094,
    0.200000000003));
#1226 = LINE('',#1227,#1228);
#1227 = CARTESIAN_POINT('',(194.97010753241,90.658041199094,
    2.566835632933E-12));
#1228 = VECTOR('',#1229,1.);
#1229 = DIRECTION('',(0.,0.,-1.));
#1230 = ORIENTED_EDGE('',*,*,#1231,.F.);
#1231 = EDGE_CURVE('',#1224,#1224,#1232,.T.);
#1232 = CIRCLE('',#1233,2.7);
#1233 = AXIS2_PLACEMENT_3D('',#1234,#1235,#1236);
#1234 = CARTESIAN_POINT('',(194.97010753241,93.358041199092,
    0.200000000003));
#1235 = DIRECTION('',(0.,-3.061616997868E-16,-1.));
#1236 = DIRECTION('',(0.,1.,-3.061616997868E-16));
#1237 = ORIENTED_EDGE('',*,*,#1223,.F.);
#1238 = ORIENTED_EDGE('',*,*,#1239,.F.);
#1239 = EDGE_CURVE('',#1240,#1215,#1242,.T.);
#1240 = VERTEX_POINT('',#1241);
#1241 = CARTESIAN_POINT('',(194.6451075324,90.677672754267,
    2.391726506848));
#1242 = CIRCLE('',#1243,2.7);
#1243 = AXIS2_PLACEMENT_3D('',#1244,#1245,#1246);
#1244 = CARTESIAN_POINT('',(194.97010753241,93.358041199092,
    2.391726506848));
#1245 = DIRECTION('',(0.,-0.,1.));
#1246 = DIRECTION('',(0.,1.,0.));
#1247 = ORIENTED_EDGE('',*,*,#1248,.F.);
#1248 = EDGE_CURVE('',#1249,#1240,#1251,.T.);
#1249 = VERTEX_POINT('',#1250);
#1250 = CARTESIAN_POINT('',(194.64510753241,90.677672754275,
    5.803443269593));
#1251 = B_SPLINE_CURVE_WITH_KNOTS('',3,(#1252,#1253,#1254,#1255,#1256,
    #1257,#1258),.UNSPECIFIED.,.F.,.F.,(4,3,4),(-3.011716762745,0.,0.4),
  .UNSPECIFIED.);
#1252 = CARTESIAN_POINT('',(194.64510753241,90.677672754275,
    5.803443269593));
#1253 = CARTESIAN_POINT('',(194.64510753241,90.677672754275,
    4.799537682011));
#1254 = CARTESIAN_POINT('',(194.64510753241,90.677672754267,
    3.79563209443));
#1255 = CARTESIAN_POINT('',(194.64510753241,90.677672754267,
    2.791726506848));
#1256 = CARTESIAN_POINT('',(194.64510753241,90.677672754267,
    2.658393173515));
#1257 = CARTESIAN_POINT('',(194.64510753241,90.677672754267,
    2.525059840182));
#1258 = CARTESIAN_POINT('',(194.64510753241,90.677672754267,
    2.391726506848));
#1259 = ORIENTED_EDGE('',*,*,#1260,.T.);
#1260 = EDGE_CURVE('',#1249,#1054,#1261,.T.);
#1261 = B_SPLINE_CURVE_WITH_KNOTS('',3,(#1262,#1263,#1264,#1265,#1266,
    #1267,#1268,#1269,#1270,#1271,#1272,#1273,#1274,#1275,#1276,#1277,
    #1278,#1279,#1280),.UNSPECIFIED.,.F.,.F.,(4,3,3,3,3,3,4),(
    0.113345438776,0.515983674696,1.214732429689,1.306304620057,
    2.392011688494,3.136148757473,3.730510021128),.UNSPECIFIED.);
#1262 = CARTESIAN_POINT('',(194.64510753241,90.677672754272,
    5.803443269594));
#1263 = CARTESIAN_POINT('',(194.51200304403,90.69381192839,
    5.801089423855));
#1264 = CARTESIAN_POINT('',(194.38026790707,90.71984573578,
    5.797292965636));
#1265 = CARTESIAN_POINT('',(194.25099980178,90.755564672098,
    5.792072968688));
#1266 = CARTESIAN_POINT('',(194.02666460645,90.817552233055,
    5.783014051698));
#1267 = CARTESIAN_POINT('',(193.81163795317,90.908187412295,
    5.769746626728));
#1268 = CARTESIAN_POINT('',(193.61114561211,91.024969721631,
    5.752526562782));
#1269 = CARTESIAN_POINT('',(193.58487075624,91.040274238148,
    5.750269844666));
#1270 = CARTESIAN_POINT('',(193.55884551776,91.056027808168,
    5.747945169988));
#1271 = CARTESIAN_POINT('',(193.53308165608,91.072224793968,
    5.745553053416));
#1272 = CARTESIAN_POINT('',(193.22761766511,91.264261065028,
    5.717191409338));
#1273 = CARTESIAN_POINT('',(192.96443623742,91.515124424357,
    5.679869438774));
#1274 = CARTESIAN_POINT('',(192.75838245673,91.809405609711,
    5.635324344053));
#1275 = CARTESIAN_POINT('',(192.61715443965,92.011104157221,
    5.604793405104));
#1276 = CARTESIAN_POINT('',(192.50438634831,92.23087532454,5.57121675685
    ));
#1277 = CARTESIAN_POINT('',(192.42294961315,92.462504200053,
    5.535398350877));
#1278 = CARTESIAN_POINT('',(192.3579040147,92.647512093533,
    5.506789276027));
#1279 = CARTESIAN_POINT('',(192.31328790616,92.838827637286,
    5.476944789508));
#1280 = CARTESIAN_POINT('',(192.28973909493,93.033041188896,
    5.446357540565));
#1281 = CYLINDRICAL_SURFACE('',#1282,2.7);
#1282 = AXIS2_PLACEMENT_3D('',#1283,#1284,#1285);
#1283 = CARTESIAN_POINT('',(194.97010753241,93.358041199092,
    2.566835632933E-12));
#1284 = DIRECTION('',(0.,0.,1.));
#1285 = DIRECTION('',(0.,1.,0.));
#1286 = ADVANCED_FACE('',(#1287),#1338,.F.);
#1287 = FACE_BOUND('',#1288,.F.);
#1288 = EDGE_LOOP('',(#1289,#1302,#1311,#1312,#1328,#1329));
#1289 = ORIENTED_EDGE('',*,*,#1290,.T.);
#1290 = EDGE_CURVE('',#1291,#1293,#1295,.T.);
#1291 = VERTEX_POINT('',#1292);
#1292 = CARTESIAN_POINT('',(206.59510753241,100.7055109303,
    4.546365846839));
#1293 = VERTEX_POINT('',#1294);
#1294 = CARTESIAN_POINT('',(195.29510753241,100.73554714085,
    4.203050389389));
#1295 = B_SPLINE_CURVE_WITH_KNOTS('',3,(#1296,#1297,#1298,#1299,#1300,
    #1301),.UNSPECIFIED.,.F.,.F.,(4,2,4),(0.136327441743,5.774996470284,
    11.442804654323),.UNSPECIFIED.);
#1296 = CARTESIAN_POINT('',(206.59510753242,100.7055109303,
    4.546365846839));
#1297 = CARTESIAN_POINT('',(204.71884072501,100.71520980757,
    4.435507172388));
#1298 = CARTESIAN_POINT('',(202.84082576857,100.72256739472,
    4.351409566537));
#1299 = CARTESIAN_POINT('',(199.07376111381,100.73260931987,
    4.23662983693));
#1300 = CARTESIAN_POINT('',(197.18438068945,100.73527017499,
    4.206216123623));
#1301 = CARTESIAN_POINT('',(195.29510753242,100.73554714085,
    4.203050389389));
#1302 = ORIENTED_EDGE('',*,*,#1303,.T.);
#1303 = EDGE_CURVE('',#1293,#1116,#1304,.T.);
#1304 = B_SPLINE_CURVE_WITH_KNOTS('',3,(#1305,#1306,#1307,#1308,#1309,
    #1310),.UNSPECIFIED.,.F.,.F.,(4,2,4),(0.150054195179,3.694409045686,
    4.906283648705),.UNSPECIFIED.);
#1305 = CARTESIAN_POINT('',(195.29510753241,100.73554714085,
    4.203050389389));
#1306 = CARTESIAN_POINT('',(195.29510753241,99.568774018466,
    4.388707072025));
#1307 = CARTESIAN_POINT('',(195.29510753241,98.40200089608,4.57436375466
    ));
#1308 = CARTESIAN_POINT('',(195.29510753241,96.836288397106,
    4.823499583164));
#1309 = CARTESIAN_POINT('',(195.29510753241,96.437349020504,
    4.886978729033));
#1310 = CARTESIAN_POINT('',(195.29510753241,96.038409643908,
    4.950457874902));
#1311 = ORIENTED_EDGE('',*,*,#1123,.T.);
#1312 = ORIENTED_EDGE('',*,*,#1313,.T.);
#1313 = EDGE_CURVE('',#1124,#310,#1314,.T.);
#1314 = B_SPLINE_CURVE_WITH_KNOTS('',3,(#1315,#1316,#1317,#1318,#1319,
    #1320,#1321,#1322,#1323,#1324,#1325,#1326,#1327),.UNSPECIFIED.,.F.,
  .F.,(4,3,3,3,4),(2.468018966019,4.76017880306,5.759140668215,
    6.740115732451,9.060315884036),.UNSPECIFIED.);
#1315 = CARTESIAN_POINT('',(197.65047597121,93.68304118897,
    5.343047300411));
#1316 = CARTESIAN_POINT('',(198.41449514698,93.683041184145,
    5.353332614217));
#1317 = CARTESIAN_POINT('',(199.17845948601,93.683041179475,
    5.368004175802));
#1318 = CARTESIAN_POINT('',(199.94229616179,93.683041177311,
    5.387054002183));
#1319 = CARTESIAN_POINT('',(200.27518905083,93.683041176368,
    5.395356237386));
#1320 = CARTESIAN_POINT('',(200.60805769204,93.683041175869,
    5.404490063898));
#1321 = CARTESIAN_POINT('',(200.9408960573,93.683041175862,
    5.414454819982));
#1322 = CARTESIAN_POINT('',(201.26774150368,93.683041175855,
    5.42424015572));
#1323 = CARTESIAN_POINT('',(201.59456749236,93.683041176289,
    5.434827057432));
#1324 = CARTESIAN_POINT('',(201.92136949678,93.683041177156,
    5.446215088305));
#1325 = CARTESIAN_POINT('',(202.69432090791,93.683041179207,
    5.473150034892));
#1326 = CARTESIAN_POINT('',(203.46713596687,93.683041183912,
    5.504566563113));
#1327 = CARTESIAN_POINT('',(204.23973908263,93.683041188951,
    5.540458411058));
#1328 = ORIENTED_EDGE('',*,*,#318,.T.);
#1329 = ORIENTED_EDGE('',*,*,#1330,.T.);
#1330 = EDGE_CURVE('',#319,#1291,#1331,.T.);
#1331 = B_SPLINE_CURVE_WITH_KNOTS('',3,(#1332,#1333,#1334,#1335,#1336,
    #1337),.UNSPECIFIED.,.F.,.F.,(4,2,4),(2.429335912344,3.694409045686,
    7.15515128723),.UNSPECIFIED.);
#1332 = CARTESIAN_POINT('',(206.59510753241,96.038409643937,
    5.288993977131));
#1333 = CARTESIAN_POINT('',(206.59510753241,96.454861549035,
    5.222728241578));
#1334 = CARTESIAN_POINT('',(206.59510753241,96.871313454132,
    5.156462506026));
#1335 = CARTESIAN_POINT('',(206.59510753241,98.427013882931,
    4.908919795926));
#1336 = CARTESIAN_POINT('',(206.59510753241,99.566262406661,
    4.727642821376));
#1337 = CARTESIAN_POINT('',(206.59510753241,100.70551093036,
    4.546365846832));
#1338 = B_SPLINE_SURFACE_WITH_KNOTS('',3,3,(
    (#1339,#1340,#1341,#1342)
    ,(#1343,#1344,#1345,#1346)
    ,(#1347,#1348,#1349,#1350)
    ,(#1351,#1352,#1353,#1354
    )),.UNSPECIFIED.,.F.,.F.,.F.,(4,4),(4,4),(4.387619600034E-02,
    7.954550598129E-02),(9.597048492848E-02,0.151779542477),
  .PIECEWISE_BEZIER_KNOTS.);
#1339 = CARTESIAN_POINT('',(195.29510753241,100.73554714085,
    4.203050389389));
#1340 = CARTESIAN_POINT('',(199.0641142501,100.73651359969,
    4.209124171284));
#1341 = CARTESIAN_POINT('',(202.83368071164,100.75407489684,
    4.319489439145));
#1342 = CARTESIAN_POINT('',(206.59510753242,100.78808472638,
    4.533226722567));
#1343 = CARTESIAN_POINT('',(195.29510753241,98.373578725063,
    4.578886284263));
#1344 = CARTESIAN_POINT('',(199.0641142501,98.374545183906,
    4.584960066158));
#1345 = CARTESIAN_POINT('',(202.83368071164,98.392106481057,
    4.695325334019));
#1346 = CARTESIAN_POINT('',(206.59510753242,98.426116310591,
    4.909062617441));
#1347 = CARTESIAN_POINT('',(195.29510753241,96.011610309266,
    4.954722179137));
#1348 = CARTESIAN_POINT('',(199.0641142501,96.012576768109,
    4.960795961032));
#1349 = CARTESIAN_POINT('',(202.83368071164,96.03013806526,
    5.071161228893));
#1350 = CARTESIAN_POINT('',(206.59510753242,96.064147894795,
    5.284898512315));
#1351 = CARTESIAN_POINT('',(195.29510753241,93.649641893477,
    5.330558074011));
#1352 = CARTESIAN_POINT('',(199.0641142501,93.65060835232,5.336631855906
    ));
#1353 = CARTESIAN_POINT('',(202.83368071164,93.668169649471,
    5.446997123767));
#1354 = CARTESIAN_POINT('',(206.59510753242,93.702179479005,
    5.660734407189));
#1355 = ADVANCED_FACE('',(#1356),#1388,.F.);
#1356 = FACE_BOUND('',#1357,.F.);
#1357 = EDGE_LOOP('',(#1358,#1359,#1372,#1373,#1380,#1381));
#1358 = ORIENTED_EDGE('',*,*,#265,.T.);
#1359 = ORIENTED_EDGE('',*,*,#1360,.T.);
#1360 = EDGE_CURVE('',#266,#1169,#1361,.T.);
#1361 = B_SPLINE_CURVE_WITH_KNOTS('',3,(#1362,#1363,#1364,#1365,#1366,
    #1367,#1368,#1369,#1370,#1371),.UNSPECIFIED.,.F.,.F.,(4,3,3,4),(
    2.494853996228,4.872783745105,5.913372166415,9.087149957784),
  .UNSPECIFIED.);
#1362 = CARTESIAN_POINT('',(204.23973908264,93.033041188932,
    5.643886268111));
#1363 = CARTESIAN_POINT('',(203.44791250692,93.033041183769,
    5.607101380146));
#1364 = CARTESIAN_POINT('',(202.65586332231,93.033041178973,
    5.57501728775));
#1365 = CARTESIAN_POINT('',(201.863672903,93.033041176994,5.54764073127)
  );
#1366 = CARTESIAN_POINT('',(201.51700825566,93.033041176128,
    5.535660676896));
#1367 = CARTESIAN_POINT('',(201.17031908349,93.033041175746,
    5.524582169948));
#1368 = CARTESIAN_POINT('',(200.82360400739,93.033041175872,
    5.514405536677));
#1369 = CARTESIAN_POINT('',(199.7661286541,93.033041176255,
    5.483366970415));
#1370 = CARTESIAN_POINT('',(198.70835486832,93.033041182281,
    5.460716444554));
#1371 = CARTESIAN_POINT('',(197.65047597122,93.033041188964,
    5.446475157462));
#1372 = ORIENTED_EDGE('',*,*,#1176,.T.);
#1373 = ORIENTED_EDGE('',*,*,#1374,.T.);
#1374 = EDGE_CURVE('',#1177,#1027,#1375,.T.);
#1375 = B_SPLINE_CURVE_WITH_KNOTS('',3,(#1376,#1377,#1378,#1379),
  .UNSPECIFIED.,.F.,.F.,(4,4),(2.479262125089,4.677952645815),
  .PIECEWISE_BEZIER_KNOTS.);
#1376 = CARTESIAN_POINT('',(195.29510753241,90.67767275426,
    5.803457149842));
#1377 = CARTESIAN_POINT('',(195.29510753241,89.953881510941,
    5.918626653302));
#1378 = CARTESIAN_POINT('',(195.29510753241,89.230090267614,
    6.033796156764));
#1379 = CARTESIAN_POINT('',(195.29510753241,88.50629902431,
    6.148965660224));
#1380 = ORIENTED_EDGE('',*,*,#1034,.T.);
#1381 = ORIENTED_EDGE('',*,*,#1382,.T.);
#1382 = EDGE_CURVE('',#944,#258,#1383,.T.);
#1383 = B_SPLINE_CURVE_WITH_KNOTS('',3,(#1384,#1385,#1386,#1387),
  .UNSPECIFIED.,.F.,.F.,(4,4),(0.254931631336,2.309201854517),
  .PIECEWISE_BEZIER_KNOTS.);
#1384 = CARTESIAN_POINT('',(206.59510753241,88.648925026959,
    6.464807144279));
#1385 = CARTESIAN_POINT('',(206.59510753241,89.325174269376,
    6.357202513547));
#1386 = CARTESIAN_POINT('',(206.59510753241,90.001423511807,
    6.249597882816));
#1387 = CARTESIAN_POINT('',(206.59510753241,90.677672754224,
    6.141993252082));
#1388 = B_SPLINE_SURFACE_WITH_KNOTS('',3,3,(
    (#1389,#1390,#1391,#1392)
    ,(#1393,#1394,#1395,#1396)
    ,(#1397,#1398,#1399,#1400)
    ,(#1401,#1402,#1403,#1404
    )),.UNSPECIFIED.,.F.,.F.,.F.,(4,4),(4,4),(8.266328331969E-02,
    0.105436268662),(9.597048492848E-02,0.151779542477),
  .PIECEWISE_BEZIER_KNOTS.);
#1389 = CARTESIAN_POINT('',(195.29510753241,93.030278221617,
    5.429111085265));
#1390 = CARTESIAN_POINT('',(199.0641142501,93.03124468046,5.43518486716)
  );
#1391 = CARTESIAN_POINT('',(202.83368071164,93.048805977611,
    5.545550135021));
#1392 = CARTESIAN_POINT('',(206.59510753242,93.082815807145,
    5.759287418443));
#1393 = CARTESIAN_POINT('',(195.29510753241,91.522285155828,
    5.669062610253));
#1394 = CARTESIAN_POINT('',(199.0641142501,91.523251614672,
    5.675136392148));
#1395 = CARTESIAN_POINT('',(202.83368071164,91.540812911822,
    5.785501660009));
#1396 = CARTESIAN_POINT('',(206.59510753242,91.574822741357,
    5.999238943432));
#1397 = CARTESIAN_POINT('',(195.29510753241,90.014292090047,
    5.909014135242));
#1398 = CARTESIAN_POINT('',(199.0641142501,90.01525854889,5.915087917137
    ));
#1399 = CARTESIAN_POINT('',(202.83368071164,90.032819846041,
    6.025453184997));
#1400 = CARTESIAN_POINT('',(206.59510753242,90.066829675576,
    6.23919046842));
#1401 = CARTESIAN_POINT('',(195.29510753241,88.506299024259,
    6.14896566023));
#1402 = CARTESIAN_POINT('',(199.0641142501,88.507265483102,
    6.155039442125));
#1403 = CARTESIAN_POINT('',(202.83368071164,88.524826780253,
    6.265404709986));
#1404 = CARTESIAN_POINT('',(206.59510753242,88.558836609787,
    6.479141993408));
#1405 = ADVANCED_FACE('',(#1406),#1454,.F.);
#1406 = FACE_BOUND('',#1407,.F.);
#1407 = EDGE_LOOP('',(#1408,#1409,#1420,#1431,#1440,#1441));
#1408 = ORIENTED_EDGE('',*,*,#1079,.T.);
#1409 = ORIENTED_EDGE('',*,*,#1410,.T.);
#1410 = EDGE_CURVE('',#1080,#1411,#1413,.T.);
#1411 = VERTEX_POINT('',#1412);
#1412 = CARTESIAN_POINT('',(194.64510753241,100.73554837236,
    4.203036313183));
#1413 = B_SPLINE_CURVE_WITH_KNOTS('',3,(#1414,#1415,#1416,#1417,#1418,
    #1419),.UNSPECIFIED.,.F.,.F.,(4,2,4),(2.482477849171,3.694381367315,
    7.238708549682),.UNSPECIFIED.);
#1414 = CARTESIAN_POINT('',(194.64510753241,96.038409643879,
    4.950443994659));
#1415 = CARTESIAN_POINT('',(194.64510753241,96.437358539108,
    4.886963334187));
#1416 = CARTESIAN_POINT('',(194.64510753241,96.836307434336,
    4.823482673717));
#1417 = CARTESIAN_POINT('',(194.64510753241,98.402020343812,
    4.574346779894));
#1418 = CARTESIAN_POINT('',(194.64510753241,99.568784358067,
    4.388691546541));
#1419 = CARTESIAN_POINT('',(194.64510753241,100.73554837232,
    4.20303631319));
#1420 = ORIENTED_EDGE('',*,*,#1421,.T.);
#1421 = EDGE_CURVE('',#1411,#1422,#1424,.T.);
#1422 = VERTEX_POINT('',#1423);
#1423 = CARTESIAN_POINT('',(183.34510753241,100.70554856665,
    4.545935661612));
#1424 = B_SPLINE_CURVE_WITH_KNOTS('',3,(#1425,#1426,#1427,#1428,#1429,
    #1430),.UNSPECIFIED.,.F.,.F.,(4,2,4),(0.112710464824,5.779380905301,
    11.419175990763),.UNSPECIFIED.);
#1425 = CARTESIAN_POINT('',(194.64510753242,100.73554837236,
    4.203036313184));
#1426 = CARTESIAN_POINT('',(192.75621364974,100.73527865611,
    4.206119184034));
#1427 = CARTESIAN_POINT('',(190.8672100205,100.73262671952,
    4.236430957802));
#1428 = CARTESIAN_POINT('',(187.10014515294,100.72260008969,
    4.351035861181));
#1429 = CARTESIAN_POINT('',(185.22174974646,100.7152469892,
    4.435082184514));
#1430 = CARTESIAN_POINT('',(183.34510753241,100.70554856664,
    4.545935661613));
#1431 = ORIENTED_EDGE('',*,*,#1432,.T.);
#1432 = EDGE_CURVE('',#1422,#698,#1433,.T.);
#1433 = B_SPLINE_CURVE_WITH_KNOTS('',3,(#1434,#1435,#1436,#1437,#1438,
    #1439),.UNSPECIFIED.,.F.,.F.,(4,2,4),(0.233565452815,3.694381367315,
    4.959418937493),.UNSPECIFIED.);
#1434 = CARTESIAN_POINT('',(183.34510753241,100.70554856664,
    4.545935661612));
#1435 = CARTESIAN_POINT('',(183.34510753241,99.566275790392,
    4.727216495219));
#1436 = CARTESIAN_POINT('',(183.34510753241,98.427003014149,
    4.908497328826));
#1437 = CARTESIAN_POINT('',(183.34510753241,96.871290039911,
    5.156042035153));
#1438 = CARTESIAN_POINT('',(183.34510753241,96.454849841917,
    5.222305907872));
#1439 = CARTESIAN_POINT('',(183.34510753241,96.038409643923,
    5.288569780593));
#1440 = ORIENTED_EDGE('',*,*,#705,.T.);
#1441 = ORIENTED_EDGE('',*,*,#1442,.T.);
#1442 = EDGE_CURVE('',#706,#1071,#1443,.T.);
#1443 = B_SPLINE_CURVE_WITH_KNOTS('',3,(#1444,#1445,#1446,#1447,#1448,
    #1449,#1450,#1451,#1452,#1453),.UNSPECIFIED.,.F.,.F.,(4,3,3,4),(
    2.494790714037,4.845231004243,5.872740309385,9.087075203585),
  .UNSPECIFIED.);
#1444 = CARTESIAN_POINT('',(185.70047598354,93.683041188861,
    5.540084902692));
#1445 = CARTESIAN_POINT('',(186.48315052198,93.683041183499,
    5.503747068278));
#1446 = CARTESIAN_POINT('',(187.26604271678,93.683041178729,
    5.472006487188));
#1447 = CARTESIAN_POINT('',(188.04907345794,93.683041176803,
    5.444868117024));
#1448 = CARTESIAN_POINT('',(188.39138012113,93.683041175961,
    5.433004413025));
#1449 = CARTESIAN_POINT('',(188.73371136258,93.683041175594,
    5.42202027185));
#1450 = CARTESIAN_POINT('',(189.0760665999,93.683041175677,
    5.411915930083));
#1451 = CARTESIAN_POINT('',(190.14704900366,93.683041175936,
    5.38030673865));
#1452 = CARTESIAN_POINT('',(191.21834035541,93.683041181998,
    5.357305291057));
#1453 = CARTESIAN_POINT('',(192.28973909494,93.683041188905,
    5.342929683511));
#1454 = B_SPLINE_SURFACE_WITH_KNOTS('',3,3,(
    (#1455,#1456,#1457,#1458)
    ,(#1459,#1460,#1461,#1462)
    ,(#1463,#1464,#1465,#1466)
    ,(#1467,#1468,#1469,#1470
    )),.UNSPECIFIED.,.F.,.F.,.F.,(4,4),(4,4),(4.387617895784E-02,
    7.954521419556E-02),(3.692566581805E-02,9.276218322693E-02),
  .PIECEWISE_BEZIER_KNOTS.);
#1455 = CARTESIAN_POINT('',(183.34510753241,100.7880222807,4.53281246237
    ));
#1456 = CARTESIAN_POINT('',(187.10476973203,100.7540368,4.319228201005)
  );
#1457 = CARTESIAN_POINT('',(190.87435032618,100.73649016023,
    4.208955048557));
#1458 = CARTESIAN_POINT('',(194.64510753268,100.73554837235,
    4.203036313183));
#1459 = CARTESIAN_POINT('',(183.34510753241,98.426072057991,
    4.908645462364));
#1460 = CARTESIAN_POINT('',(187.10476973203,98.392086577296,
    4.695061200999));
#1461 = CARTESIAN_POINT('',(190.87435032618,98.374539937526,
    4.584788048552));
#1462 = CARTESIAN_POINT('',(194.64510753268,98.37359814965,
    4.578869313177));
#1463 = CARTESIAN_POINT('',(183.34510753241,96.06412183529,
    5.284478462358));
#1464 = CARTESIAN_POINT('',(187.10476973203,96.030136354595,
    5.070894200993));
#1465 = CARTESIAN_POINT('',(190.87435032618,96.012589714825,
    4.960621048546));
#1466 = CARTESIAN_POINT('',(194.64510753268,96.011647926949,
    4.954702313171));
#1467 = CARTESIAN_POINT('',(183.34510753241,93.702171612582,
    5.660311462352));
#1468 = CARTESIAN_POINT('',(187.10476973203,93.668186131887,
    5.446727200987));
#1469 = CARTESIAN_POINT('',(190.87435032618,93.650639492116,
    5.33645404854));
#1470 = CARTESIAN_POINT('',(194.64510753268,93.649697704241,
    5.330535313165));
#1471 = ADVANCED_FACE('',(#1472),#1507,.F.);
#1472 = FACE_BOUND('',#1473,.F.);
#1473 = EDGE_LOOP('',(#1474,#1475,#1482,#1483,#1490,#1491));
#1474 = ORIENTED_EDGE('',*,*,#748,.T.);
#1475 = ORIENTED_EDGE('',*,*,#1476,.T.);
#1476 = EDGE_CURVE('',#749,#992,#1477,.T.);
#1477 = B_SPLINE_CURVE_WITH_KNOTS('',3,(#1478,#1479,#1480,#1481),
  .UNSPECIFIED.,.F.,.F.,(4,4),(2.532407307469,4.586858493934),
  .PIECEWISE_BEZIER_KNOTS.);
#1478 = CARTESIAN_POINT('',(183.34510753241,90.677672754275,
    6.141569055535));
#1479 = CARTESIAN_POINT('',(183.34510753241,90.001363940195,
    6.249183165296));
#1480 = CARTESIAN_POINT('',(183.34510753241,89.325055126115,
    6.356797275058));
#1481 = CARTESIAN_POINT('',(183.34510753241,88.648746312043,
    6.464411384819));
#1482 = ORIENTED_EDGE('',*,*,#999,.T.);
#1483 = ORIENTED_EDGE('',*,*,#1484,.T.);
#1484 = EDGE_CURVE('',#1000,#1249,#1485,.T.);
#1485 = B_SPLINE_CURVE_WITH_KNOTS('',3,(#1486,#1487,#1488,#1489),
  .UNSPECIFIED.,.F.,.F.,(4,4),(0.163709852912,2.36240629507),
  .PIECEWISE_BEZIER_KNOTS.);
#1486 = CARTESIAN_POINT('',(194.64510753241,88.506293176484,
    6.148952710477));
#1487 = CARTESIAN_POINT('',(194.64510753241,89.230086369098,
    6.033782896847));
#1488 = CARTESIAN_POINT('',(194.64510753241,89.953879561719,
    5.918613083215));
#1489 = CARTESIAN_POINT('',(194.64510753241,90.677672754318,
    5.803443269586));
#1490 = ORIENTED_EDGE('',*,*,#1260,.T.);
#1491 = ORIENTED_EDGE('',*,*,#1492,.T.);
#1492 = EDGE_CURVE('',#1054,#741,#1493,.T.);
#1493 = B_SPLINE_CURVE_WITH_KNOTS('',3,(#1494,#1495,#1496,#1497,#1498,
    #1499,#1500,#1501,#1502,#1503,#1504,#1505,#1506),.UNSPECIFIED.,.F.,
  .F.,(4,3,3,3,4),(2.468088003377,4.768483459056,5.760086474644,
    6.735523819167,9.060376328923),.UNSPECIFIED.);
#1494 = CARTESIAN_POINT('',(192.28973909493,93.033041188901,
    5.446357540564));
#1495 = CARTESIAN_POINT('',(191.52297414918,93.03304118396,
    5.456645691495));
#1496 = CARTESIAN_POINT('',(190.75626421675,93.033041179222,
    5.471351819811));
#1497 = CARTESIAN_POINT('',(189.98968316388,93.03304117708,
    5.490469295805));
#1498 = CARTESIAN_POINT('',(189.65924255123,93.033041176157,
    5.498710029719));
#1499 = CARTESIAN_POINT('',(189.32882588677,93.033041175679,
    5.507770438918));
#1500 = CARTESIAN_POINT('',(188.99843909135,93.033041175672,
    5.517649991347));
#1501 = CARTESIAN_POINT('',(188.67343844762,93.033041175664,
    5.527368481746));
#1502 = CARTESIAN_POINT('',(188.34845696406,93.03304117605,
    5.537879914246));
#1503 = CARTESIAN_POINT('',(188.02349910157,93.033041176872,
    5.549183971221));
#1504 = CARTESIAN_POINT('',(187.24899615024,93.03304117883,
    5.576126004327));
#1505 = CARTESIAN_POINT('',(186.47462959254,93.033041183563,
    5.607570533092));
#1506 = CARTESIAN_POINT('',(185.70047598353,93.033041188867,
    5.643512759743));
#1507 = B_SPLINE_SURFACE_WITH_KNOTS('',3,3,(
    (#1508,#1509,#1510,#1511)
    ,(#1512,#1513,#1514,#1515)
    ,(#1516,#1517,#1518,#1519)
    ,(#1520,#1521,#1522,#1523
    )),.UNSPECIFIED.,.F.,.F.,.F.,(4,4),(4,4),(8.266319143724E-02,
    0.105436287256),(3.692566581806E-02,9.276218322691E-02),
  .PIECEWISE_BEZIER_KNOTS.);
#1508 = CARTESIAN_POINT('',(183.34510753241,93.082768228844,
    5.758870792553));
#1509 = CARTESIAN_POINT('',(187.10476973203,93.048782748148,
    5.545286531188));
#1510 = CARTESIAN_POINT('',(190.87435032617,93.031236108378,
    5.435013378741));
#1511 = CARTESIAN_POINT('',(194.64510753268,93.030294320502,
    5.429094643366));
#1512 = CARTESIAN_POINT('',(183.34510753241,91.574767847502,
    5.99882348159));
#1513 = CARTESIAN_POINT('',(187.10476973203,91.540782366806,
    5.785239220226));
#1514 = CARTESIAN_POINT('',(190.87435032617,91.523235727036,
    5.674966067778));
#1515 = CARTESIAN_POINT('',(194.64510753268,91.522293939161,
    5.669047332404));
#1516 = CARTESIAN_POINT('',(183.34510753241,90.06676746616,
    6.238776170628));
#1517 = CARTESIAN_POINT('',(187.10476973203,90.032781985465,
    6.025191909263));
#1518 = CARTESIAN_POINT('',(190.87435032617,90.015235345701,
    5.914918756816));
#1519 = CARTESIAN_POINT('',(194.64510753268,90.014293557826,
    5.909000021441));
#1520 = CARTESIAN_POINT('',(183.34510753241,88.558767084825,
    6.478728859665));
#1521 = CARTESIAN_POINT('',(187.10476973203,88.52478160413,6.2651445983)
  );
#1522 = CARTESIAN_POINT('',(190.87435032617,88.50723496436,
    6.154871445853));
#1523 = CARTESIAN_POINT('',(194.64510753268,88.506293176484,
    6.148952710478));
#1524 = ADVANCED_FACE('',(#1525),#1605,.F.);
#1525 = FACE_BOUND('',#1526,.T.);
#1526 = EDGE_LOOP('',(#1527,#1535,#1543,#1549,#1550,#1558,#1566,#1572,
    #1573,#1581,#1589,#1595,#1596,#1597,#1603,#1604));
#1527 = ORIENTED_EDGE('',*,*,#1528,.F.);
#1528 = EDGE_CURVE('',#1529,#36,#1531,.T.);
#1529 = VERTEX_POINT('',#1530);
#1530 = CARTESIAN_POINT('',(207.24510753241,100.89401744654,
    2.391726506848));
#1531 = LINE('',#1532,#1533);
#1532 = CARTESIAN_POINT('',(207.24510753241,100.892302649,2.411326732466
    ));
#1533 = VECTOR('',#1534,1.);
#1534 = DIRECTION('',(0.,-8.715574274715E-02,0.996194698092));
#1535 = ORIENTED_EDGE('',*,*,#1536,.T.);
#1536 = EDGE_CURVE('',#1529,#1537,#1539,.T.);
#1537 = VERTEX_POINT('',#1538);
#1538 = CARTESIAN_POINT('',(206.59510753241,100.89401744654,
    2.391726506848));
#1539 = LINE('',#1540,#1541);
#1540 = CARTESIAN_POINT('',(204.23260753241,100.89401744654,
    2.391726506848));
#1541 = VECTOR('',#1542,1.);
#1542 = DIRECTION('',(-1.,8.633949212408E-18,0.));
#1543 = ORIENTED_EDGE('',*,*,#1544,.F.);
#1544 = EDGE_CURVE('',#1291,#1537,#1545,.T.);
#1545 = LINE('',#1546,#1547);
#1546 = CARTESIAN_POINT('',(206.59510753241,100.892302649,2.411326732466
    ));
#1547 = VECTOR('',#1548,1.);
#1548 = DIRECTION('',(0.,8.715574274715E-02,-0.996194698092));
#1549 = ORIENTED_EDGE('',*,*,#1290,.T.);
#1550 = ORIENTED_EDGE('',*,*,#1551,.F.);
#1551 = EDGE_CURVE('',#1552,#1293,#1554,.T.);
#1552 = VERTEX_POINT('',#1553);
#1553 = CARTESIAN_POINT('',(195.29510753241,100.89401744654,
    2.391726506848));
#1554 = LINE('',#1555,#1556);
#1555 = CARTESIAN_POINT('',(195.29510753241,100.892302649,2.411326732466
    ));
#1556 = VECTOR('',#1557,1.);
#1557 = DIRECTION('',(-1.761504139058E-14,-8.715574274715E-02,
    0.996194698092));
#1558 = ORIENTED_EDGE('',*,*,#1559,.T.);
#1559 = EDGE_CURVE('',#1552,#1560,#1562,.T.);
#1560 = VERTEX_POINT('',#1561);
#1561 = CARTESIAN_POINT('',(194.64510753241,100.89401744654,
    2.391726506848));
#1562 = LINE('',#1563,#1564);
#1563 = CARTESIAN_POINT('',(204.23260753241,100.89401744654,
    2.391726506848));
#1564 = VECTOR('',#1565,1.);
#1565 = DIRECTION('',(-1.,8.633949212408E-18,0.));
#1566 = ORIENTED_EDGE('',*,*,#1567,.F.);
#1567 = EDGE_CURVE('',#1411,#1560,#1568,.T.);
#1568 = LINE('',#1569,#1570);
#1569 = CARTESIAN_POINT('',(194.64510753241,101.11279782646,
    -0.108944678431));
#1570 = VECTOR('',#1571,1.);
#1571 = DIRECTION('',(0.,8.715574274715E-02,-0.996194698092));
#1572 = ORIENTED_EDGE('',*,*,#1421,.T.);
#1573 = ORIENTED_EDGE('',*,*,#1574,.F.);
#1574 = EDGE_CURVE('',#1575,#1422,#1577,.T.);
#1575 = VERTEX_POINT('',#1576);
#1576 = CARTESIAN_POINT('',(183.34510753241,100.89401744654,
    2.391726506848));
#1577 = LINE('',#1578,#1579);
#1578 = CARTESIAN_POINT('',(183.34510753241,100.892302649,2.411326732466
    ));
#1579 = VECTOR('',#1580,1.);
#1580 = DIRECTION('',(0.,-8.715574274715E-02,0.996194698092));
#1581 = ORIENTED_EDGE('',*,*,#1582,.T.);
#1582 = EDGE_CURVE('',#1575,#1583,#1585,.T.);
#1583 = VERTEX_POINT('',#1584);
#1584 = CARTESIAN_POINT('',(182.69510753241,100.89401744654,
    2.391726506848));
#1585 = LINE('',#1586,#1587);
#1586 = CARTESIAN_POINT('',(204.23260753241,100.89401744654,
    2.391726506848));
#1587 = VECTOR('',#1588,1.);
#1588 = DIRECTION('',(-1.,8.633949212408E-18,0.));
#1589 = ORIENTED_EDGE('',*,*,#1590,.F.);
#1590 = EDGE_CURVE('',#591,#1583,#1591,.T.);
#1591 = LINE('',#1592,#1593);
#1592 = CARTESIAN_POINT('',(182.69510753241,100.892302649,2.411326732466
    ));
#1593 = VECTOR('',#1594,1.);
#1594 = DIRECTION('',(0.,8.715574274715E-02,-0.996194698092));
#1595 = ORIENTED_EDGE('',*,*,#601,.T.);
#1596 = ORIENTED_EDGE('',*,*,#872,.T.);
#1597 = ORIENTED_EDGE('',*,*,#1598,.T.);
#1598 = EDGE_CURVE('',#873,#423,#1599,.T.);
#1599 = LINE('',#1600,#1601);
#1600 = CARTESIAN_POINT('',(208.99510753241,101.10326640214,
    2.565059276094E-12));
#1601 = VECTOR('',#1602,1.);
#1602 = DIRECTION('',(1.,1.788716237788E-19,-1.007310030931E-16));
#1603 = ORIENTED_EDGE('',*,*,#443,.F.);
#1604 = ORIENTED_EDGE('',*,*,#35,.T.);
#1605 = PLANE('',#1606);
#1606 = AXIS2_PLACEMENT_3D('',#1607,#1608,#1609);
#1607 = CARTESIAN_POINT('',(213.49510753241,101.11279782646,
    -0.108944678431));
#1608 = DIRECTION('',(8.601094428995E-18,0.996194698092,
    8.715574274715E-02));
#1609 = DIRECTION('',(0.,-8.715574274715E-02,0.996194698092));
#1610 = ADVANCED_FACE('',(#1611,#1614),#1712,.T.);
#1611 = FACE_BOUND('',#1612,.T.);
#1612 = EDGE_LOOP('',(#1613));
#1613 = ORIENTED_EDGE('',*,*,#240,.T.);
#1614 = FACE_BOUND('',#1615,.T.);
#1615 = EDGE_LOOP('',(#1616,#1626,#1634,#1642,#1650,#1658,#1666,#1674,
    #1682,#1690,#1698,#1706));
#1616 = ORIENTED_EDGE('',*,*,#1617,.T.);
#1617 = EDGE_CURVE('',#1618,#1620,#1622,.T.);
#1618 = VERTEX_POINT('',#1619);
#1619 = CARTESIAN_POINT('',(206.42010753241,95.358041199092,
    0.200000000003));
#1620 = VERTEX_POINT('',#1621);
#1621 = CARTESIAN_POINT('',(206.42010753241,93.858041199092,
    0.200000000003));
#1622 = LINE('',#1623,#1624);
#1623 = CARTESIAN_POINT('',(206.42010753241,89.112027444593,
    0.200000000003));
#1624 = VECTOR('',#1625,1.);
#1625 = DIRECTION('',(0.,-1.,3.061616997868E-16));
#1626 = ORIENTED_EDGE('',*,*,#1627,.T.);
#1627 = EDGE_CURVE('',#1620,#1628,#1630,.T.);
#1628 = VERTEX_POINT('',#1629);
#1629 = CARTESIAN_POINT('',(204.92010753241,93.858041199092,
    0.200000000003));
#1630 = LINE('',#1631,#1632);
#1631 = CARTESIAN_POINT('',(201.42010753241,93.858041199092,
    0.200000000003));
#1632 = VECTOR('',#1633,1.);
#1633 = DIRECTION('',(-1.,0.,0.));
#1634 = ORIENTED_EDGE('',*,*,#1635,.T.);
#1635 = EDGE_CURVE('',#1628,#1636,#1638,.T.);
#1636 = VERTEX_POINT('',#1637);
#1637 = CARTESIAN_POINT('',(204.92010753241,92.858041199092,
    0.200000000003));
#1638 = LINE('',#1639,#1640);
#1639 = CARTESIAN_POINT('',(204.92010753241,88.612027444593,
    0.200000000003));
#1640 = VECTOR('',#1641,1.);
#1641 = DIRECTION('',(0.,-1.,3.061616997868E-16));
#1642 = ORIENTED_EDGE('',*,*,#1643,.T.);
#1643 = EDGE_CURVE('',#1636,#1644,#1646,.T.);
#1644 = VERTEX_POINT('',#1645);
#1645 = CARTESIAN_POINT('',(206.42010753241,92.858041199092,
    0.200000000003));
#1646 = LINE('',#1647,#1648);
#1647 = CARTESIAN_POINT('',(202.17010753241,92.858041199092,
    0.200000000003));
#1648 = VECTOR('',#1649,1.);
#1649 = DIRECTION('',(1.,0.,0.));
#1650 = ORIENTED_EDGE('',*,*,#1651,.T.);
#1651 = EDGE_CURVE('',#1644,#1652,#1654,.T.);
#1652 = VERTEX_POINT('',#1653);
#1653 = CARTESIAN_POINT('',(206.42010753241,91.358041199092,
    0.200000000003));
#1654 = LINE('',#1655,#1656);
#1655 = CARTESIAN_POINT('',(206.42010753241,89.112027444593,
    0.200000000003));
#1656 = VECTOR('',#1657,1.);
#1657 = DIRECTION('',(0.,-1.,3.061616997868E-16));
#1658 = ORIENTED_EDGE('',*,*,#1659,.T.);
#1659 = EDGE_CURVE('',#1652,#1660,#1662,.T.);
#1660 = VERTEX_POINT('',#1661);
#1661 = CARTESIAN_POINT('',(207.42010753241,91.358041199092,
    0.200000000003));
#1662 = LINE('',#1663,#1664);
#1663 = CARTESIAN_POINT('',(202.67010753241,91.358041199092,
    0.200000000003));
#1664 = VECTOR('',#1665,1.);
#1665 = DIRECTION('',(1.,0.,0.));
#1666 = ORIENTED_EDGE('',*,*,#1667,.T.);
#1667 = EDGE_CURVE('',#1660,#1668,#1670,.T.);
#1668 = VERTEX_POINT('',#1669);
#1669 = CARTESIAN_POINT('',(207.42010753241,92.858041199092,
    0.200000000003));
#1670 = LINE('',#1671,#1672);
#1671 = CARTESIAN_POINT('',(207.42010753241,88.612027444593,
    0.200000000003));
#1672 = VECTOR('',#1673,1.);
#1673 = DIRECTION('',(0.,1.,-3.061616997868E-16));
#1674 = ORIENTED_EDGE('',*,*,#1675,.T.);
#1675 = EDGE_CURVE('',#1668,#1676,#1678,.T.);
#1676 = VERTEX_POINT('',#1677);
#1677 = CARTESIAN_POINT('',(208.92010753241,92.858041199092,
    0.200000000003));
#1678 = LINE('',#1679,#1680);
#1679 = CARTESIAN_POINT('',(202.17010753241,92.858041199092,
    0.200000000003));
#1680 = VECTOR('',#1681,1.);
#1681 = DIRECTION('',(1.,0.,0.));
#1682 = ORIENTED_EDGE('',*,*,#1683,.T.);
#1683 = EDGE_CURVE('',#1676,#1684,#1686,.T.);
#1684 = VERTEX_POINT('',#1685);
#1685 = CARTESIAN_POINT('',(208.92010753241,93.858041199092,
    0.200000000003));
#1686 = LINE('',#1687,#1688);
#1687 = CARTESIAN_POINT('',(208.92010753241,89.112027444593,
    0.200000000003));
#1688 = VECTOR('',#1689,1.);
#1689 = DIRECTION('',(0.,1.,-3.061616997868E-16));
#1690 = ORIENTED_EDGE('',*,*,#1691,.T.);
#1691 = EDGE_CURVE('',#1684,#1692,#1694,.T.);
#1692 = VERTEX_POINT('',#1693);
#1693 = CARTESIAN_POINT('',(207.42010753241,93.858041199092,
    0.200000000003));
#1694 = LINE('',#1695,#1696);
#1695 = CARTESIAN_POINT('',(202.67010753241,93.858041199092,
    0.200000000003));
#1696 = VECTOR('',#1697,1.);
#1697 = DIRECTION('',(-1.,0.,0.));
#1698 = ORIENTED_EDGE('',*,*,#1699,.T.);
#1699 = EDGE_CURVE('',#1692,#1700,#1702,.T.);
#1700 = VERTEX_POINT('',#1701);
#1701 = CARTESIAN_POINT('',(207.42010753241,95.358041199092,
    0.200000000003));
#1702 = LINE('',#1703,#1704);
#1703 = CARTESIAN_POINT('',(207.42010753241,89.862027444593,
    0.200000000003));
#1704 = VECTOR('',#1705,1.);
#1705 = DIRECTION('',(0.,1.,-3.061616997868E-16));
#1706 = ORIENTED_EDGE('',*,*,#1707,.T.);
#1707 = EDGE_CURVE('',#1700,#1618,#1708,.T.);
#1708 = LINE('',#1709,#1710);
#1709 = CARTESIAN_POINT('',(202.17010753241,95.358041199092,
    0.200000000003));
#1710 = VECTOR('',#1711,1.);
#1711 = DIRECTION('',(-1.,0.,0.));
#1712 = PLANE('',#1713);
#1713 = AXIS2_PLACEMENT_3D('',#1714,#1715,#1716);
#1714 = CARTESIAN_POINT('',(197.92010753241,84.366013690094,
    0.200000000003));
#1715 = DIRECTION('',(0.,-3.061616997868E-16,-1.));
#1716 = DIRECTION('',(0.,1.,-3.061616997868E-16));
#1717 = ADVANCED_FACE('',(#1718),#1746,.T.);
#1718 = FACE_BOUND('',#1719,.T.);
#1719 = EDGE_LOOP('',(#1720,#1733,#1739,#1740));
#1720 = ORIENTED_EDGE('',*,*,#1721,.T.);
#1721 = EDGE_CURVE('',#1722,#1724,#1726,.T.);
#1722 = VERTEX_POINT('',#1723);
#1723 = CARTESIAN_POINT('',(207.42010753241,95.358041199092,
    5.447027941975));
#1724 = VERTEX_POINT('',#1725);
#1725 = CARTESIAN_POINT('',(206.42010753241,95.358041199092,
    5.387134986092));
#1726 = B_SPLINE_CURVE_WITH_KNOTS('',3,(#1727,#1728,#1729,#1730,#1731,
    #1732),.UNSPECIFIED.,.F.,.F.,(4,2,4),(1.571103905604,2.051904884321,
    2.572894419262),.UNSPECIFIED.);
#1727 = CARTESIAN_POINT('',(207.42010753241,95.358041199092,
    5.447027941975));
#1728 = CARTESIAN_POINT('',(207.26015097293,95.358041199092,
    5.437046288494));
#1729 = CARTESIAN_POINT('',(207.10018267985,95.358041199084,
    5.427256570275));
#1730 = CARTESIAN_POINT('',(206.76685183357,95.358041199084,
    5.40725884612));
#1731 = CARTESIAN_POINT('',(206.59348628272,95.358041199092,
    5.397084210755));
#1732 = CARTESIAN_POINT('',(206.4201075324,95.358041199092,
    5.387134986092));
#1733 = ORIENTED_EDGE('',*,*,#1734,.F.);
#1734 = EDGE_CURVE('',#1618,#1724,#1735,.T.);
#1735 = LINE('',#1736,#1737);
#1736 = CARTESIAN_POINT('',(206.42010753241,95.358041199092,
    2.563282919255E-12));
#1737 = VECTOR('',#1738,1.);
#1738 = DIRECTION('',(0.,0.,1.));
#1739 = ORIENTED_EDGE('',*,*,#1707,.F.);
#1740 = ORIENTED_EDGE('',*,*,#1741,.T.);
#1741 = EDGE_CURVE('',#1700,#1722,#1742,.T.);
#1742 = LINE('',#1743,#1744);
#1743 = CARTESIAN_POINT('',(207.42010753241,95.358041199092,
    2.563282919255E-12));
#1744 = VECTOR('',#1745,1.);
#1745 = DIRECTION('',(0.,0.,1.));
#1746 = PLANE('',#1747);
#1747 = AXIS2_PLACEMENT_3D('',#1748,#1749,#1750);
#1748 = CARTESIAN_POINT('',(206.42010753241,95.358041199092,
    2.563282919255E-12));
#1749 = DIRECTION('',(0.,-1.,0.));
#1750 = DIRECTION('',(1.,0.,0.));
#1751 = ADVANCED_FACE('',(#1752),#1771,.T.);
#1752 = FACE_BOUND('',#1753,.T.);
#1753 = EDGE_LOOP('',(#1754,#1763,#1764,#1765));
#1754 = ORIENTED_EDGE('',*,*,#1755,.T.);
#1755 = EDGE_CURVE('',#1756,#1722,#1758,.T.);
#1756 = VERTEX_POINT('',#1757);
#1757 = CARTESIAN_POINT('',(207.42010753241,93.858041199092,
    5.685707612093));
#1758 = B_SPLINE_CURVE_WITH_KNOTS('',3,(#1759,#1760,#1761,#1762),
  .UNSPECIFIED.,.F.,.F.,(4,4),(2.595219947311,4.114090575419),
  .PIECEWISE_BEZIER_KNOTS.);
#1759 = CARTESIAN_POINT('',(207.42010753241,93.858041199092,
    5.685707612093));
#1760 = CARTESIAN_POINT('',(207.42010753241,94.358041199099,
    5.606147722054));
#1761 = CARTESIAN_POINT('',(207.42010753241,94.858041199092,
    5.526587832015));
#1762 = CARTESIAN_POINT('',(207.42010753241,95.358041199092,
    5.447027941975));
#1763 = ORIENTED_EDGE('',*,*,#1741,.F.);
#1764 = ORIENTED_EDGE('',*,*,#1699,.F.);
#1765 = ORIENTED_EDGE('',*,*,#1766,.T.);
#1766 = EDGE_CURVE('',#1692,#1756,#1767,.T.);
#1767 = LINE('',#1768,#1769);
#1768 = CARTESIAN_POINT('',(207.42010753241,93.858041199092,
    2.563282919255E-12));
#1769 = VECTOR('',#1770,1.);
#1770 = DIRECTION('',(0.,0.,1.));
#1771 = PLANE('',#1772);
#1772 = AXIS2_PLACEMENT_3D('',#1773,#1774,#1775);
#1773 = CARTESIAN_POINT('',(207.42010753241,95.358041199092,
    2.563282919255E-12));
#1774 = DIRECTION('',(-1.,0.,0.));
#1775 = DIRECTION('',(0.,-1.,3.061616997868E-16));
#1776 = ADVANCED_FACE('',(#1777),#1796,.T.);
#1777 = FACE_BOUND('',#1778,.T.);
#1778 = EDGE_LOOP('',(#1779,#1788,#1794,#1795));
#1779 = ORIENTED_EDGE('',*,*,#1780,.T.);
#1780 = EDGE_CURVE('',#1724,#1781,#1783,.T.);
#1781 = VERTEX_POINT('',#1782);
#1782 = CARTESIAN_POINT('',(206.42010753241,93.858041199084,
    5.625814656211));
#1783 = B_SPLINE_CURVE_WITH_KNOTS('',3,(#1784,#1785,#1786,#1787),
  .UNSPECIFIED.,.F.,.F.,(4,4),(9.562586616116E-02,1.614496494276),
  .PIECEWISE_BEZIER_KNOTS.);
#1784 = CARTESIAN_POINT('',(206.42010753241,95.358041199092,
    5.387134986092));
#1785 = CARTESIAN_POINT('',(206.42010753241,94.858041199092,
    5.466694876131));
#1786 = CARTESIAN_POINT('',(206.42010753241,94.358041199084,
    5.546254766172));
#1787 = CARTESIAN_POINT('',(206.42010753241,93.858041199084,
    5.625814656211));
#1788 = ORIENTED_EDGE('',*,*,#1789,.F.);
#1789 = EDGE_CURVE('',#1620,#1781,#1790,.T.);
#1790 = LINE('',#1791,#1792);
#1791 = CARTESIAN_POINT('',(206.42010753241,93.858041199092,
    2.563282919255E-12));
#1792 = VECTOR('',#1793,1.);
#1793 = DIRECTION('',(0.,0.,1.));
#1794 = ORIENTED_EDGE('',*,*,#1617,.F.);
#1795 = ORIENTED_EDGE('',*,*,#1734,.T.);
#1796 = PLANE('',#1797);
#1797 = AXIS2_PLACEMENT_3D('',#1798,#1799,#1800);
#1798 = CARTESIAN_POINT('',(206.42010753241,93.858041199092,
    2.563282919255E-12));
#1799 = DIRECTION('',(1.,0.,0.));
#1800 = DIRECTION('',(0.,1.,-3.061616997868E-16));
#1801 = ADVANCED_FACE('',(#1802),#1821,.T.);
#1802 = FACE_BOUND('',#1803,.T.);
#1803 = EDGE_LOOP('',(#1804,#1813,#1814,#1815));
#1804 = ORIENTED_EDGE('',*,*,#1805,.T.);
#1805 = EDGE_CURVE('',#1806,#1756,#1808,.T.);
#1806 = VERTEX_POINT('',#1807);
#1807 = CARTESIAN_POINT('',(208.9201075324,93.858041199099,
    5.784961382876));
#1808 = B_SPLINE_CURVE_WITH_KNOTS('',3,(#1809,#1810,#1811,#1812),
  .UNSPECIFIED.,.F.,.F.,(4,4),(6.782735897482E-02,1.5711039056),
  .PIECEWISE_BEZIER_KNOTS.);
#1809 = CARTESIAN_POINT('',(208.92010753241,93.858041199092,
    5.784961382876));
#1810 = CARTESIAN_POINT('',(208.42023598529,93.858041199092,
    5.750001360431));
#1811 = CARTESIAN_POINT('',(207.92022911077,93.858041199092,
    5.716916337199));
#1812 = CARTESIAN_POINT('',(207.42010753241,93.858041199092,
    5.685707612094));
#1813 = ORIENTED_EDGE('',*,*,#1766,.F.);
#1814 = ORIENTED_EDGE('',*,*,#1691,.F.);
#1815 = ORIENTED_EDGE('',*,*,#1816,.T.);
#1816 = EDGE_CURVE('',#1684,#1806,#1817,.T.);
#1817 = LINE('',#1818,#1819);
#1818 = CARTESIAN_POINT('',(208.92010753241,93.858041199092,
    2.563282919255E-12));
#1819 = VECTOR('',#1820,1.);
#1820 = DIRECTION('',(0.,0.,1.));
#1821 = PLANE('',#1822);
#1822 = AXIS2_PLACEMENT_3D('',#1823,#1824,#1825);
#1823 = CARTESIAN_POINT('',(207.42010753241,93.858041199092,
    2.563282919255E-12));
#1824 = DIRECTION('',(0.,-1.,0.));
#1825 = DIRECTION('',(1.,0.,0.));
#1826 = ADVANCED_FACE('',(#1827),#1846,.T.);
#1827 = FACE_BOUND('',#1828,.T.);
#1828 = EDGE_LOOP('',(#1829,#1838,#1844,#1845));
#1829 = ORIENTED_EDGE('',*,*,#1830,.T.);
#1830 = EDGE_CURVE('',#1781,#1831,#1833,.T.);
#1831 = VERTEX_POINT('',#1832);
#1832 = CARTESIAN_POINT('',(204.92010753241,93.858041199092,
    5.545379026565));
#1833 = B_SPLINE_CURVE_WITH_KNOTS('',3,(#1834,#1835,#1836,#1837),
  .UNSPECIFIED.,.F.,.F.,(4,4),(2.572894419262,4.07504601633),
  .PIECEWISE_BEZIER_KNOTS.);
#1834 = CARTESIAN_POINT('',(206.42010753241,93.858041199092,
    5.62581465621));
#1835 = CARTESIAN_POINT('',(205.92021041508,93.858041199092,
    5.597128391486));
#1836 = CARTESIAN_POINT('',(205.42020356768,93.858041199092,
    5.570316016615));
#1837 = CARTESIAN_POINT('',(204.92010753241,93.858041199092,
    5.545379026565));
#1838 = ORIENTED_EDGE('',*,*,#1839,.F.);
#1839 = EDGE_CURVE('',#1628,#1831,#1840,.T.);
#1840 = LINE('',#1841,#1842);
#1841 = CARTESIAN_POINT('',(204.92010753241,93.858041199092,
    2.563282919255E-12));
#1842 = VECTOR('',#1843,1.);
#1843 = DIRECTION('',(0.,0.,1.));
#1844 = ORIENTED_EDGE('',*,*,#1627,.F.);
#1845 = ORIENTED_EDGE('',*,*,#1789,.T.);
#1846 = PLANE('',#1847);
#1847 = AXIS2_PLACEMENT_3D('',#1848,#1849,#1850);
#1848 = CARTESIAN_POINT('',(204.92010753241,93.858041199092,
    2.563282919255E-12));
#1849 = DIRECTION('',(0.,-1.,0.));
#1850 = DIRECTION('',(1.,0.,0.));
#1851 = ADVANCED_FACE('',(#1852),#1873,.T.);
#1852 = FACE_BOUND('',#1853,.T.);
#1853 = EDGE_LOOP('',(#1854,#1865,#1866,#1867));
#1854 = ORIENTED_EDGE('',*,*,#1855,.T.);
#1855 = EDGE_CURVE('',#1856,#1806,#1858,.T.);
#1856 = VERTEX_POINT('',#1857);
#1857 = CARTESIAN_POINT('',(208.92010753241,92.858041199099,
    5.944081162954));
#1858 = B_SPLINE_CURVE_WITH_KNOTS('',3,(#1859,#1860,#1861,#1862,#1863,
    #1864),.UNSPECIFIED.,.F.,.F.,(4,2,4),(1.567042507453,2.109564095896,
    2.579622926191),.UNSPECIFIED.);
#1859 = CARTESIAN_POINT('',(208.92010753241,92.858041199092,
    5.944081162954));
#1860 = CARTESIAN_POINT('',(208.92010753241,93.036634944474,
    5.915663365466));
#1861 = CARTESIAN_POINT('',(208.92010753241,93.215228689856,
    5.887245567978));
#1862 = CARTESIAN_POINT('',(208.92010753241,93.548562023192,
    5.834205641285));
#1863 = CARTESIAN_POINT('',(208.92010753241,93.703301611145,
    5.80958351208));
#1864 = CARTESIAN_POINT('',(208.92010753241,93.858041199099,
    5.784961382876));
#1865 = ORIENTED_EDGE('',*,*,#1816,.F.);
#1866 = ORIENTED_EDGE('',*,*,#1683,.F.);
#1867 = ORIENTED_EDGE('',*,*,#1868,.T.);
#1868 = EDGE_CURVE('',#1676,#1856,#1869,.T.);
#1869 = LINE('',#1870,#1871);
#1870 = CARTESIAN_POINT('',(208.92010753241,92.858041199092,
    2.564171097674E-12));
#1871 = VECTOR('',#1872,1.);
#1872 = DIRECTION('',(0.,0.,1.));
#1873 = PLANE('',#1874);
#1874 = AXIS2_PLACEMENT_3D('',#1875,#1876,#1877);
#1875 = CARTESIAN_POINT('',(208.92010753241,93.858041199092,
    2.563282919255E-12));
#1876 = DIRECTION('',(-1.,0.,0.));
#1877 = DIRECTION('',(0.,-1.,3.061616997868E-16));
#1878 = ADVANCED_FACE('',(#1879),#1900,.T.);
#1879 = FACE_BOUND('',#1880,.T.);
#1880 = EDGE_LOOP('',(#1881,#1892,#1898,#1899));
#1881 = ORIENTED_EDGE('',*,*,#1882,.T.);
#1882 = EDGE_CURVE('',#1831,#1883,#1885,.T.);
#1883 = VERTEX_POINT('',#1884);
#1884 = CARTESIAN_POINT('',(204.92010753241,92.858041199092,
    5.704498806644));
#1885 = B_SPLINE_CURVE_WITH_KNOTS('',3,(#1886,#1887,#1888,#1889,#1890,
    #1891),.UNSPECIFIED.,.F.,.F.,(4,2,4),(1.601856609617,2.109564095896,
    2.614437028355),.UNSPECIFIED.);
#1886 = CARTESIAN_POINT('',(204.92010753241,93.858041199084,
    5.545379026565));
#1887 = CARTESIAN_POINT('',(204.92010753241,93.690907976255,
    5.571973228226));
#1888 = CARTESIAN_POINT('',(204.92010753241,93.523774753427,
    5.598567429887));
#1889 = CARTESIAN_POINT('',(204.92010753241,93.190441420098,
    5.65160735658));
#1890 = CARTESIAN_POINT('',(204.92010753241,93.024241309598,
    5.678053081613));
#1891 = CARTESIAN_POINT('',(204.92010753241,92.858041199099,
    5.704498806644));
#1892 = ORIENTED_EDGE('',*,*,#1893,.F.);
#1893 = EDGE_CURVE('',#1636,#1883,#1894,.T.);
#1894 = LINE('',#1895,#1896);
#1895 = CARTESIAN_POINT('',(204.92010753241,92.858041199092,
    2.564171097674E-12));
#1896 = VECTOR('',#1897,1.);
#1897 = DIRECTION('',(0.,0.,1.));
#1898 = ORIENTED_EDGE('',*,*,#1635,.F.);
#1899 = ORIENTED_EDGE('',*,*,#1839,.T.);
#1900 = PLANE('',#1901);
#1901 = AXIS2_PLACEMENT_3D('',#1902,#1903,#1904);
#1902 = CARTESIAN_POINT('',(204.92010753241,92.858041199092,
    2.564171097674E-12));
#1903 = DIRECTION('',(1.,0.,0.));
#1904 = DIRECTION('',(0.,1.,-3.061616997868E-16));
#1905 = ADVANCED_FACE('',(#1906),#1925,.T.);
#1906 = FACE_BOUND('',#1907,.T.);
#1907 = EDGE_LOOP('',(#1908,#1917,#1918,#1919));
#1908 = ORIENTED_EDGE('',*,*,#1909,.T.);
#1909 = EDGE_CURVE('',#1910,#1856,#1912,.T.);
#1910 = VERTEX_POINT('',#1911);
#1911 = CARTESIAN_POINT('',(207.42010753241,92.858041199092,
    5.844827392172));
#1912 = B_SPLINE_CURVE_WITH_KNOTS('',3,(#1913,#1914,#1915,#1916),
  .UNSPECIFIED.,.F.,.F.,(4,4),(2.533548674195,4.03682525259),
  .PIECEWISE_BEZIER_KNOTS.);
#1913 = CARTESIAN_POINT('',(207.42010753241,92.858041199092,
    5.844827392171));
#1914 = CARTESIAN_POINT('',(207.92022911156,92.858041199092,
    5.876036117323));
#1915 = CARTESIAN_POINT('',(208.42023598606,92.858041199092,
    5.909121140561));
#1916 = CARTESIAN_POINT('',(208.9201075324,92.858041199092,
    5.944081162955));
#1917 = ORIENTED_EDGE('',*,*,#1868,.F.);
#1918 = ORIENTED_EDGE('',*,*,#1675,.F.);
#1919 = ORIENTED_EDGE('',*,*,#1920,.T.);
#1920 = EDGE_CURVE('',#1668,#1910,#1921,.T.);
#1921 = LINE('',#1922,#1923);
#1922 = CARTESIAN_POINT('',(207.42010753241,92.858041199092,
    2.564171097674E-12));
#1923 = VECTOR('',#1924,1.);
#1924 = DIRECTION('',(0.,0.,1.));
#1925 = PLANE('',#1926);
#1926 = AXIS2_PLACEMENT_3D('',#1927,#1928,#1929);
#1927 = CARTESIAN_POINT('',(206.42010753241,92.858041199092,
    2.564171097674E-12));
#1928 = DIRECTION('',(0.,1.,0.));
#1929 = DIRECTION('',(-1.,0.,0.));
#1930 = ADVANCED_FACE('',(#1931),#1950,.T.);
#1931 = FACE_BOUND('',#1932,.T.);
#1932 = EDGE_LOOP('',(#1933,#1942,#1948,#1949));
#1933 = ORIENTED_EDGE('',*,*,#1934,.T.);
#1934 = EDGE_CURVE('',#1883,#1935,#1937,.T.);
#1935 = VERTEX_POINT('',#1936);
#1936 = CARTESIAN_POINT('',(206.42010753241,92.858041199084,
    5.784934436289));
#1937 = B_SPLINE_CURVE_WITH_KNOTS('',3,(#1938,#1939,#1940,#1941),
  .UNSPECIFIED.,.F.,.F.,(4,4),(2.96065039998E-02,1.531758137661),
  .PIECEWISE_BEZIER_KNOTS.);
#1938 = CARTESIAN_POINT('',(204.92010753241,92.858041199092,
    5.704498806644));
#1939 = CARTESIAN_POINT('',(205.42020356842,92.858041199092,
    5.729435796733));
#1940 = CARTESIAN_POINT('',(205.92021041581,92.858041199092,
    5.756248171611));
#1941 = CARTESIAN_POINT('',(206.4201075324,92.858041199092,5.78493443629
    ));
#1942 = ORIENTED_EDGE('',*,*,#1943,.F.);
#1943 = EDGE_CURVE('',#1644,#1935,#1944,.T.);
#1944 = LINE('',#1945,#1946);
#1945 = CARTESIAN_POINT('',(206.42010753241,92.858041199092,
    2.564171097674E-12));
#1946 = VECTOR('',#1947,1.);
#1947 = DIRECTION('',(0.,0.,1.));
#1948 = ORIENTED_EDGE('',*,*,#1643,.F.);
#1949 = ORIENTED_EDGE('',*,*,#1893,.T.);
#1950 = PLANE('',#1951);
#1951 = AXIS2_PLACEMENT_3D('',#1952,#1953,#1954);
#1952 = CARTESIAN_POINT('',(206.42010753241,92.858041199092,
    2.564171097674E-12));
#1953 = DIRECTION('',(0.,1.,0.));
#1954 = DIRECTION('',(-1.,0.,0.));
#1955 = ADVANCED_FACE('',(#1956),#1975,.T.);
#1956 = FACE_BOUND('',#1957,.T.);
#1957 = EDGE_LOOP('',(#1958,#1967,#1968,#1969));
#1958 = ORIENTED_EDGE('',*,*,#1959,.T.);
#1959 = EDGE_CURVE('',#1960,#1910,#1962,.T.);
#1960 = VERTEX_POINT('',#1961);
#1961 = CARTESIAN_POINT('',(207.42010753241,91.358041199092,
    6.08350706229));
#1962 = B_SPLINE_CURVE_WITH_KNOTS('',3,(#1963,#1964,#1965,#1966),
  .UNSPECIFIED.,.F.,.F.,(4,4),(6.37689004652E-02,1.582639528573),
  .PIECEWISE_BEZIER_KNOTS.);
#1963 = CARTESIAN_POINT('',(207.42010753241,91.358041199092,
    6.08350706229));
#1964 = CARTESIAN_POINT('',(207.42010753241,91.858041199092,
    6.003947172251));
#1965 = CARTESIAN_POINT('',(207.42010753241,92.358041199092,
    5.92438728221));
#1966 = CARTESIAN_POINT('',(207.42010753241,92.858041199092,
    5.844827392172));
#1967 = ORIENTED_EDGE('',*,*,#1920,.F.);
#1968 = ORIENTED_EDGE('',*,*,#1667,.F.);
#1969 = ORIENTED_EDGE('',*,*,#1970,.T.);
#1970 = EDGE_CURVE('',#1660,#1960,#1971,.T.);
#1971 = LINE('',#1972,#1973);
#1972 = CARTESIAN_POINT('',(207.42010753241,91.358041199092,
    2.564171097674E-12));
#1973 = VECTOR('',#1974,1.);
#1974 = DIRECTION('',(0.,0.,1.));
#1975 = PLANE('',#1976);
#1976 = AXIS2_PLACEMENT_3D('',#1977,#1978,#1979);
#1977 = CARTESIAN_POINT('',(207.42010753241,92.858041199092,
    2.564171097674E-12));
#1978 = DIRECTION('',(-1.,0.,0.));
#1979 = DIRECTION('',(0.,-1.,3.061616997868E-16));
#1980 = ADVANCED_FACE('',(#1981),#2002,.T.);
#1981 = FACE_BOUND('',#1982,.T.);
#1982 = EDGE_LOOP('',(#1983,#1994,#1995,#1996));
#1983 = ORIENTED_EDGE('',*,*,#1984,.T.);
#1984 = EDGE_CURVE('',#1985,#1960,#1987,.T.);
#1985 = VERTEX_POINT('',#1986);
#1986 = CARTESIAN_POINT('',(206.42010753241,91.358041199084,
    6.023614106408));
#1987 = B_SPLINE_CURVE_WITH_KNOTS('',3,(#1988,#1989,#1990,#1991,#1992,
    #1993),.UNSPECIFIED.,.F.,.F.,(4,2,4),(1.53175813766,2.052397474826,
    2.533548674193),.UNSPECIFIED.);
#1988 = CARTESIAN_POINT('',(206.42010753239,91.358041199084,
    6.023614106409));
#1989 = CARTESIAN_POINT('',(206.59336973682,91.358041199084,
    6.033556643163));
#1990 = CARTESIAN_POINT('',(206.76661875945,91.358041199092,
    6.043724287672));
#1991 = CARTESIAN_POINT('',(207.09994964074,91.358041199092,
    6.063721429196));
#1992 = CARTESIAN_POINT('',(207.26003446196,91.358041199092,
    6.07351813826));
#1993 = CARTESIAN_POINT('',(207.42010753241,91.358041199092,
    6.08350706229));
#1994 = ORIENTED_EDGE('',*,*,#1970,.F.);
#1995 = ORIENTED_EDGE('',*,*,#1659,.F.);
#1996 = ORIENTED_EDGE('',*,*,#1997,.T.);
#1997 = EDGE_CURVE('',#1652,#1985,#1998,.T.);
#1998 = LINE('',#1999,#2000);
#1999 = CARTESIAN_POINT('',(206.42010753241,91.358041199092,
    2.564171097674E-12));
#2000 = VECTOR('',#2001,1.);
#2001 = DIRECTION('',(0.,0.,1.));
#2002 = PLANE('',#2003);
#2003 = AXIS2_PLACEMENT_3D('',#2004,#2005,#2006);
#2004 = CARTESIAN_POINT('',(207.42010753241,91.358041199092,
    2.565059276094E-12));
#2005 = DIRECTION('',(0.,1.,0.));
#2006 = DIRECTION('',(-1.,0.,0.));
#2007 = ADVANCED_FACE('',(#2008),#2020,.T.);
#2008 = FACE_BOUND('',#2009,.T.);
#2009 = EDGE_LOOP('',(#2010,#2017,#2018,#2019));
#2010 = ORIENTED_EDGE('',*,*,#2011,.T.);
#2011 = EDGE_CURVE('',#1935,#1985,#2012,.T.);
#2012 = B_SPLINE_CURVE_WITH_KNOTS('',3,(#2013,#2014,#2015,#2016),
  .UNSPECIFIED.,.F.,.F.,(4,4),(2.627076913014,4.145947541122),
  .PIECEWISE_BEZIER_KNOTS.);
#2013 = CARTESIAN_POINT('',(206.42010753241,92.858041199084,
    5.78493443629));
#2014 = CARTESIAN_POINT('',(206.42010753241,92.358041199077,
    5.864494326329));
#2015 = CARTESIAN_POINT('',(206.42010753241,91.85804119907,5.94405421637
    ));
#2016 = CARTESIAN_POINT('',(206.42010753241,91.358041199077,
    6.023614106408));
#2017 = ORIENTED_EDGE('',*,*,#1997,.F.);
#2018 = ORIENTED_EDGE('',*,*,#1651,.F.);
#2019 = ORIENTED_EDGE('',*,*,#1943,.T.);
#2020 = PLANE('',#2021);
#2021 = AXIS2_PLACEMENT_3D('',#2022,#2023,#2024);
#2022 = CARTESIAN_POINT('',(206.42010753241,93.858041199092,
    2.563282919255E-12));
#2023 = DIRECTION('',(1.,0.,0.));
#2024 = DIRECTION('',(0.,1.,-3.061616997868E-16));
#2025 = ADVANCED_FACE('',(#2026),#2040,.F.);
#2026 = FACE_BOUND('',#2027,.F.);
#2027 = EDGE_LOOP('',(#2028,#2029,#2030,#2031,#2032,#2033,#2034,#2035,
    #2036,#2037,#2038,#2039));
#2028 = ORIENTED_EDGE('',*,*,#1780,.T.);
#2029 = ORIENTED_EDGE('',*,*,#1830,.T.);
#2030 = ORIENTED_EDGE('',*,*,#1882,.T.);
#2031 = ORIENTED_EDGE('',*,*,#1934,.T.);
#2032 = ORIENTED_EDGE('',*,*,#2011,.T.);
#2033 = ORIENTED_EDGE('',*,*,#1984,.T.);
#2034 = ORIENTED_EDGE('',*,*,#1959,.T.);
#2035 = ORIENTED_EDGE('',*,*,#1909,.T.);
#2036 = ORIENTED_EDGE('',*,*,#1855,.T.);
#2037 = ORIENTED_EDGE('',*,*,#1805,.T.);
#2038 = ORIENTED_EDGE('',*,*,#1755,.T.);
#2039 = ORIENTED_EDGE('',*,*,#1721,.T.);
#2040 = B_SPLINE_SURFACE_WITH_KNOTS('',3,3,(
    (#2041,#2042,#2043,#2044)
    ,(#2045,#2046,#2047,#2048)
    ,(#2049,#2050,#2051,#2052)
    ,(#2053,#2054,#2055,#2056
    )),.UNSPECIFIED.,.F.,.F.,.F.,(4,4),(4,4),(7.120225873174E-02,
    9.138440549472E-02),(0.143497955585,0.163283884318),
  .PIECEWISE_BEZIER_KNOTS.);
#2041 = CARTESIAN_POINT('',(204.92010753241,95.34555835386,
    5.308685624035));
#2042 = CARTESIAN_POINT('',(206.25443089945,95.355883990363,
    5.373577848622));
#2043 = CARTESIAN_POINT('',(207.58789344666,95.368279786751,
    5.451480145735));
#2044 = CARTESIAN_POINT('',(208.92010753241,95.382739258501,
    5.542351762977));
#2045 = CARTESIAN_POINT('',(204.92010753241,94.009126748017,
    5.521338327247));
#2046 = CARTESIAN_POINT('',(206.25443089945,94.01945238452,
    5.586230551833));
#2047 = CARTESIAN_POINT('',(207.58789344666,94.031848180908,
    5.664132848947));
#2048 = CARTESIAN_POINT('',(208.92010753241,94.046307652658,
    5.755004466189));
#2049 = CARTESIAN_POINT('',(204.92010753241,92.672695142181,
    5.733991030458));
#2050 = CARTESIAN_POINT('',(206.25443089945,92.683020778684,
    5.798883255045));
#2051 = CARTESIAN_POINT('',(207.58789344666,92.695416575072,
    5.876785552158));
#2052 = CARTESIAN_POINT('',(208.92010753241,92.709876046822,5.9676571694
    ));
#2053 = CARTESIAN_POINT('',(204.92010753241,91.336263536337,
    5.94664373367));
#2054 = CARTESIAN_POINT('',(206.25443089945,91.346589172841,
    6.011535958257));
#2055 = CARTESIAN_POINT('',(207.58789344666,91.358984969229,
    6.08943825537));
#2056 = CARTESIAN_POINT('',(208.92010753241,91.373444440978,
    6.180309872612));
#2057 = ADVANCED_FACE('',(#2058),#2093,.T.);
#2058 = FACE_BOUND('',#2059,.T.);
#2059 = EDGE_LOOP('',(#2060,#2071,#2079,#2087));
#2060 = ORIENTED_EDGE('',*,*,#2061,.T.);
#2061 = EDGE_CURVE('',#2062,#2064,#2066,.T.);
#2062 = VERTEX_POINT('',#2063);
#2063 = CARTESIAN_POINT('',(182.52010753241,92.858041199084,
    5.84439365987));
#2064 = VERTEX_POINT('',#2065);
#2065 = CARTESIAN_POINT('',(182.52010753241,91.358041199092,
    6.083073329988));
#2066 = B_SPLINE_CURVE_WITH_KNOTS('',3,(#2067,#2068,#2069,#2070),
  .UNSPECIFIED.,.F.,.F.,(4,4),(2.636486670987,4.155357299129),
  .PIECEWISE_BEZIER_KNOTS.);
#2067 = CARTESIAN_POINT('',(182.52010753241,92.858041199084,
    5.844393659871));
#2068 = CARTESIAN_POINT('',(182.52010753241,92.35804119907,
    5.923953549912));
#2069 = CARTESIAN_POINT('',(182.52010753241,91.858041199048,
    6.003513439953));
#2070 = CARTESIAN_POINT('',(182.52010753241,91.358041199041,
    6.083073329994));
#2071 = ORIENTED_EDGE('',*,*,#2072,.F.);
#2072 = EDGE_CURVE('',#2073,#2064,#2075,.T.);
#2073 = VERTEX_POINT('',#2074);
#2074 = CARTESIAN_POINT('',(182.52010753241,91.358041199092,
    0.200000000003));
#2075 = LINE('',#2076,#2077);
#2076 = CARTESIAN_POINT('',(182.52010753241,91.358041199092,
    2.564171097674E-12));
#2077 = VECTOR('',#2078,1.);
#2078 = DIRECTION('',(0.,0.,1.));
#2079 = ORIENTED_EDGE('',*,*,#2080,.F.);
#2080 = EDGE_CURVE('',#2081,#2073,#2083,.T.);
#2081 = VERTEX_POINT('',#2082);
#2082 = CARTESIAN_POINT('',(182.52010753241,92.858041199092,
    0.200000000003));
#2083 = LINE('',#2084,#2085);
#2084 = CARTESIAN_POINT('',(182.52010753241,89.112027444593,
    0.200000000003));
#2085 = VECTOR('',#2086,1.);
#2086 = DIRECTION('',(0.,-1.,3.061616997868E-16));
#2087 = ORIENTED_EDGE('',*,*,#2088,.T.);
#2088 = EDGE_CURVE('',#2081,#2062,#2089,.T.);
#2089 = LINE('',#2090,#2091);
#2090 = CARTESIAN_POINT('',(182.52010753241,92.858041199092,
    2.564171097674E-12));
#2091 = VECTOR('',#2092,1.);
#2092 = DIRECTION('',(0.,0.,1.));
#2093 = PLANE('',#2094);
#2094 = AXIS2_PLACEMENT_3D('',#2095,#2096,#2097);
#2095 = CARTESIAN_POINT('',(182.52010753241,93.858041199092,
    2.563282919255E-12));
#2096 = DIRECTION('',(1.,0.,0.));
#2097 = DIRECTION('',(0.,1.,-3.061616997868E-16));
#2098 = ADVANCED_FACE('',(#2099),#2127,.T.);
#2099 = FACE_BOUND('',#2100,.T.);
#2100 = EDGE_LOOP('',(#2101,#2112,#2120,#2126));
#2101 = ORIENTED_EDGE('',*,*,#2102,.T.);
#2102 = EDGE_CURVE('',#2064,#2103,#2105,.T.);
#2103 = VERTEX_POINT('',#2104);
#2104 = CARTESIAN_POINT('',(183.52010753241,91.358041199099,
    6.02319252848));
#2105 = B_SPLINE_CURVE_WITH_KNOTS('',3,(#2106,#2107,#2108,#2109,#2110,
    #2111),.UNSPECIFIED.,.F.,.F.,(4,2,4),(1.571098059362,2.051716922649,
    2.572887796077),.UNSPECIFIED.);
#2106 = CARTESIAN_POINT('',(182.5201075324,91.358041199092,
    6.083073329987));
#2107 = CARTESIAN_POINT('',(182.68000360468,91.358041199092,
    6.07309683339));
#2108 = CARTESIAN_POINT('',(182.83991141289,91.358041199092,
    6.063312405177));
#2109 = CARTESIAN_POINT('',(183.17324222587,91.358041199092,
    6.043318394804));
#2110 = CARTESIAN_POINT('',(183.34666826597,91.358041199092,
    6.033142531033));
#2111 = CARTESIAN_POINT('',(183.52010753241,91.358041199092,
    6.023192528481));
#2112 = ORIENTED_EDGE('',*,*,#2113,.F.);
#2113 = EDGE_CURVE('',#2114,#2103,#2116,.T.);
#2114 = VERTEX_POINT('',#2115);
#2115 = CARTESIAN_POINT('',(183.52010753241,91.358041199092,
    0.200000000003));
#2116 = LINE('',#2117,#2118);
#2117 = CARTESIAN_POINT('',(183.52010753241,91.358041199092,
    2.564171097674E-12));
#2118 = VECTOR('',#2119,1.);
#2119 = DIRECTION('',(0.,0.,1.));
#2120 = ORIENTED_EDGE('',*,*,#2121,.F.);
#2121 = EDGE_CURVE('',#2073,#2114,#2122,.T.);
#2122 = LINE('',#2123,#2124);
#2123 = CARTESIAN_POINT('',(178.77010753241,91.358041199092,
    0.200000000003));
#2124 = VECTOR('',#2125,1.);
#2125 = DIRECTION('',(1.,0.,0.));
#2126 = ORIENTED_EDGE('',*,*,#2072,.T.);
#2127 = PLANE('',#2128);
#2128 = AXIS2_PLACEMENT_3D('',#2129,#2130,#2131);
#2129 = CARTESIAN_POINT('',(183.52010753241,91.358041199092,
    2.565059276094E-12));
#2130 = DIRECTION('',(0.,1.,0.));
#2131 = DIRECTION('',(-1.,0.,0.));
#2132 = ADVANCED_FACE('',(#2133),#2159,.T.);
#2133 = FACE_BOUND('',#2134,.T.);
#2134 = EDGE_LOOP('',(#2135,#2144,#2152,#2158));
#2135 = ORIENTED_EDGE('',*,*,#2136,.T.);
#2136 = EDGE_CURVE('',#2103,#2137,#2139,.T.);
#2137 = VERTEX_POINT('',#2138);
#2138 = CARTESIAN_POINT('',(183.52010753241,92.858041199092,
    5.784512858362));
#2139 = B_SPLINE_CURVE_WITH_KNOTS('',3,(#2140,#2141,#2142,#2143),
  .UNSPECIFIED.,.F.,.F.,(4,4),(7.317870757453E-02,1.592049335704),
  .PIECEWISE_BEZIER_KNOTS.);
#2140 = CARTESIAN_POINT('',(183.52010753241,91.358041199092,
    6.023192528479));
#2141 = CARTESIAN_POINT('',(183.52010753241,91.858041199099,
    5.943632638439));
#2142 = CARTESIAN_POINT('',(183.52010753241,92.358041199113,
    5.864072748397));
#2143 = CARTESIAN_POINT('',(183.52010753241,92.858041199121,
    5.784512858358));
#2144 = ORIENTED_EDGE('',*,*,#2145,.F.);
#2145 = EDGE_CURVE('',#2146,#2137,#2148,.T.);
#2146 = VERTEX_POINT('',#2147);
#2147 = CARTESIAN_POINT('',(183.52010753241,92.858041199092,
    0.200000000003));
#2148 = LINE('',#2149,#2150);
#2149 = CARTESIAN_POINT('',(183.52010753241,92.858041199092,
    2.564171097674E-12));
#2150 = VECTOR('',#2151,1.);
#2151 = DIRECTION('',(0.,0.,1.));
#2152 = ORIENTED_EDGE('',*,*,#2153,.F.);
#2153 = EDGE_CURVE('',#2114,#2146,#2154,.T.);
#2154 = LINE('',#2155,#2156);
#2155 = CARTESIAN_POINT('',(183.52010753241,88.612027444593,
    0.200000000003));
#2156 = VECTOR('',#2157,1.);
#2157 = DIRECTION('',(0.,1.,-3.061616997868E-16));
#2158 = ORIENTED_EDGE('',*,*,#2113,.T.);
#2159 = PLANE('',#2160);
#2160 = AXIS2_PLACEMENT_3D('',#2161,#2162,#2163);
#2161 = CARTESIAN_POINT('',(183.52010753241,92.858041199092,
    2.564171097674E-12));
#2162 = DIRECTION('',(-1.,0.,0.));
#2163 = DIRECTION('',(0.,-1.,3.061616997868E-16));
#2164 = ADVANCED_FACE('',(#2165),#2191,.T.);
#2165 = FACE_BOUND('',#2166,.T.);
#2166 = EDGE_LOOP('',(#2167,#2176,#2177,#2185));
#2167 = ORIENTED_EDGE('',*,*,#2168,.T.);
#2168 = EDGE_CURVE('',#2169,#2062,#2171,.T.);
#2169 = VERTEX_POINT('',#2170);
#2170 = CARTESIAN_POINT('',(181.02010753241,92.858041199099,
    5.94364307301));
#2171 = B_SPLINE_CURVE_WITH_KNOTS('',3,(#2172,#2173,#2174,#2175),
  .UNSPECIFIED.,.F.,.F.,(4,4),(6.782193036013E-02,1.571098059361),
  .PIECEWISE_BEZIER_KNOTS.);
#2172 = CARTESIAN_POINT('',(181.0201075324,92.858041199099,5.94364307301
    ));
#2173 = CARTESIAN_POINT('',(181.51997883941,92.858041199099,
    5.908681506136));
#2174 = CARTESIAN_POINT('',(182.0199857791,92.858041199092,
    5.875598072203));
#2175 = CARTESIAN_POINT('',(182.5201075324,92.858041199092,
    5.844393659869));
#2176 = ORIENTED_EDGE('',*,*,#2088,.F.);
#2177 = ORIENTED_EDGE('',*,*,#2178,.F.);
#2178 = EDGE_CURVE('',#2179,#2081,#2181,.T.);
#2179 = VERTEX_POINT('',#2180);
#2180 = CARTESIAN_POINT('',(181.02010753241,92.858041199092,
    0.200000000003));
#2181 = LINE('',#2182,#2183);
#2182 = CARTESIAN_POINT('',(178.27010753241,92.858041199092,
    0.200000000003));
#2183 = VECTOR('',#2184,1.);
#2184 = DIRECTION('',(1.,0.,0.));
#2185 = ORIENTED_EDGE('',*,*,#2186,.T.);
#2186 = EDGE_CURVE('',#2179,#2169,#2187,.T.);
#2187 = LINE('',#2188,#2189);
#2188 = CARTESIAN_POINT('',(181.02010753241,92.858041199092,
    2.564171097674E-12));
#2189 = VECTOR('',#2190,1.);
#2190 = DIRECTION('',(0.,0.,1.));
#2191 = PLANE('',#2192);
#2192 = AXIS2_PLACEMENT_3D('',#2193,#2194,#2195);
#2193 = CARTESIAN_POINT('',(182.52010753241,92.858041199092,
    2.564171097674E-12));
#2194 = DIRECTION('',(0.,1.,0.));
#2195 = DIRECTION('',(-1.,0.,0.));
#2196 = ADVANCED_FACE('',(#2197),#2223,.T.);
#2197 = FACE_BOUND('',#2198,.T.);
#2198 = EDGE_LOOP('',(#2199,#2208,#2216,#2222));
#2199 = ORIENTED_EDGE('',*,*,#2200,.T.);
#2200 = EDGE_CURVE('',#2137,#2201,#2203,.T.);
#2201 = VERTEX_POINT('',#2202);
#2202 = CARTESIAN_POINT('',(185.0201075324,92.858041199084,
    5.704107442146));
#2203 = B_SPLINE_CURVE_WITH_KNOTS('',3,(#2204,#2205,#2206,#2207),
  .UNSPECIFIED.,.F.,.F.,(4,4),(2.57288779608,4.075037648687),
  .PIECEWISE_BEZIER_KNOTS.);
#2204 = CARTESIAN_POINT('',(183.52010753241,92.858041199092,
    5.784512858363));
#2205 = CARTESIAN_POINT('',(184.02000455619,92.858041199092,
    5.755834366091));
#2206 = CARTESIAN_POINT('',(184.52001145666,92.858041199092,
    5.729032198173));
#2207 = CARTESIAN_POINT('',(185.02010753241,92.858041199092,
    5.704107442145));
#2208 = ORIENTED_EDGE('',*,*,#2209,.F.);
#2209 = EDGE_CURVE('',#2210,#2201,#2212,.T.);
#2210 = VERTEX_POINT('',#2211);
#2211 = CARTESIAN_POINT('',(185.02010753241,92.858041199092,
    0.200000000003));
#2212 = LINE('',#2213,#2214);
#2213 = CARTESIAN_POINT('',(185.02010753241,92.858041199092,
    2.564171097674E-12));
#2214 = VECTOR('',#2215,1.);
#2215 = DIRECTION('',(0.,0.,1.));
#2216 = ORIENTED_EDGE('',*,*,#2217,.F.);
#2217 = EDGE_CURVE('',#2146,#2210,#2218,.T.);
#2218 = LINE('',#2219,#2220);
#2219 = CARTESIAN_POINT('',(178.27010753241,92.858041199092,
    0.200000000003));
#2220 = VECTOR('',#2221,1.);
#2221 = DIRECTION('',(1.,0.,0.));
#2222 = ORIENTED_EDGE('',*,*,#2145,.T.);
#2223 = PLANE('',#2224);
#2224 = AXIS2_PLACEMENT_3D('',#2225,#2226,#2227);
#2225 = CARTESIAN_POINT('',(182.52010753241,92.858041199092,
    2.564171097674E-12));
#2226 = DIRECTION('',(0.,1.,0.));
#2227 = DIRECTION('',(-1.,0.,0.));
#2228 = ADVANCED_FACE('',(#2229),#2257,.T.);
#2229 = FACE_BOUND('',#2230,.T.);
#2230 = EDGE_LOOP('',(#2231,#2242,#2243,#2251));
#2231 = ORIENTED_EDGE('',*,*,#2232,.T.);
#2232 = EDGE_CURVE('',#2233,#2169,#2235,.T.);
#2233 = VERTEX_POINT('',#2234);
#2234 = CARTESIAN_POINT('',(181.02010753241,93.858041199092,
    5.784523292931));
#2235 = B_SPLINE_CURVE_WITH_KNOTS('',3,(#2236,#2237,#2238,#2239,#2240,
    #2241),.UNSPECIFIED.,.F.,.F.,(4,2,4),(1.639502588592,2.109563083204,
    2.652083007323),.UNSPECIFIED.);
#2236 = CARTESIAN_POINT('',(181.02010753241,93.858041199092,
    5.784523292932));
#2237 = CARTESIAN_POINT('',(181.02010753241,93.703301063259,
    5.809145509315));
#2238 = CARTESIAN_POINT('',(181.0201075324,93.548560927426,
    5.833767725698));
#2239 = CARTESIAN_POINT('',(181.0201075324,93.215227594097,
    5.886807652391));
#2240 = CARTESIAN_POINT('',(181.02010753241,93.036634396602,
    5.915225362701));
#2241 = CARTESIAN_POINT('',(181.02010753241,92.858041199106,
    5.94364307301));
#2242 = ORIENTED_EDGE('',*,*,#2186,.F.);
#2243 = ORIENTED_EDGE('',*,*,#2244,.F.);
#2244 = EDGE_CURVE('',#2245,#2179,#2247,.T.);
#2245 = VERTEX_POINT('',#2246);
#2246 = CARTESIAN_POINT('',(181.02010753241,93.858041199092,
    0.200000000003));
#2247 = LINE('',#2248,#2249);
#2248 = CARTESIAN_POINT('',(181.02010753241,88.612027444593,
    0.200000000003));
#2249 = VECTOR('',#2250,1.);
#2250 = DIRECTION('',(0.,-1.,3.061616997868E-16));
#2251 = ORIENTED_EDGE('',*,*,#2252,.T.);
#2252 = EDGE_CURVE('',#2245,#2233,#2253,.T.);
#2253 = LINE('',#2254,#2255);
#2254 = CARTESIAN_POINT('',(181.02010753241,93.858041199092,
    2.563282919255E-12));
#2255 = VECTOR('',#2256,1.);
#2256 = DIRECTION('',(0.,0.,1.));
#2257 = PLANE('',#2258);
#2258 = AXIS2_PLACEMENT_3D('',#2259,#2260,#2261);
#2259 = CARTESIAN_POINT('',(181.02010753241,92.858041199092,
    2.564171097674E-12));
#2260 = DIRECTION('',(1.,0.,0.));
#2261 = DIRECTION('',(0.,1.,-3.061616997868E-16));
#2262 = ADVANCED_FACE('',(#2263),#2291,.T.);
#2263 = FACE_BOUND('',#2264,.T.);
#2264 = EDGE_LOOP('',(#2265,#2276,#2284,#2290));
#2265 = ORIENTED_EDGE('',*,*,#2266,.T.);
#2266 = EDGE_CURVE('',#2201,#2267,#2269,.T.);
#2267 = VERTEX_POINT('',#2268);
#2268 = CARTESIAN_POINT('',(185.0201075324,93.858041199084,
    5.544987662068));
#2269 = B_SPLINE_CURVE_WITH_KNOTS('',3,(#2270,#2271,#2272,#2273,#2274,
    #2275),.UNSPECIFIED.,.F.,.F.,(4,2,4),(1.604684472531,2.109563083212,
    2.617264891239),.UNSPECIFIED.);
#2270 = CARTESIAN_POINT('',(185.02010753241,92.858041199113,
    5.704107442142));
#2271 = CARTESIAN_POINT('',(185.02010753241,93.024243178843,
    5.677661419679));
#2272 = CARTESIAN_POINT('',(185.02010753241,93.190445158572,
    5.651215397216));
#2273 = CARTESIAN_POINT('',(185.02010753241,93.523778491894,
    5.598175470525));
#2274 = CARTESIAN_POINT('',(185.02010753241,93.690909845485,
    5.571581566295));
#2275 = CARTESIAN_POINT('',(185.02010753241,93.858041199077,
    5.544987662068));
#2276 = ORIENTED_EDGE('',*,*,#2277,.F.);
#2277 = EDGE_CURVE('',#2278,#2267,#2280,.T.);
#2278 = VERTEX_POINT('',#2279);
#2279 = CARTESIAN_POINT('',(185.02010753241,93.858041199092,
    0.200000000003));
#2280 = LINE('',#2281,#2282);
#2281 = CARTESIAN_POINT('',(185.02010753241,93.858041199092,
    2.563282919255E-12));
#2282 = VECTOR('',#2283,1.);
#2283 = DIRECTION('',(0.,0.,1.));
#2284 = ORIENTED_EDGE('',*,*,#2285,.F.);
#2285 = EDGE_CURVE('',#2210,#2278,#2286,.T.);
#2286 = LINE('',#2287,#2288);
#2287 = CARTESIAN_POINT('',(185.02010753241,89.112027444593,
    0.200000000003));
#2288 = VECTOR('',#2289,1.);
#2289 = DIRECTION('',(0.,1.,-3.061616997868E-16));
#2290 = ORIENTED_EDGE('',*,*,#2209,.T.);
#2291 = PLANE('',#2292);
#2292 = AXIS2_PLACEMENT_3D('',#2293,#2294,#2295);
#2293 = CARTESIAN_POINT('',(185.02010753241,93.858041199092,
    2.563282919255E-12));
#2294 = DIRECTION('',(-1.,0.,0.));
#2295 = DIRECTION('',(0.,-1.,3.061616997868E-16));
#2296 = ADVANCED_FACE('',(#2297),#2323,.T.);
#2297 = FACE_BOUND('',#2298,.T.);
#2298 = EDGE_LOOP('',(#2299,#2308,#2309,#2317));
#2299 = ORIENTED_EDGE('',*,*,#2300,.T.);
#2300 = EDGE_CURVE('',#2301,#2233,#2303,.T.);
#2301 = VERTEX_POINT('',#2302);
#2302 = CARTESIAN_POINT('',(182.52010753241,93.858041199084,
    5.685273879791));
#2303 = B_SPLINE_CURVE_WITH_KNOTS('',3,(#2304,#2305,#2306,#2307),
  .UNSPECIFIED.,.F.,.F.,(4,4),(2.533531839222,4.036808029747),
  .PIECEWISE_BEZIER_KNOTS.);
#2304 = CARTESIAN_POINT('',(182.52010753241,93.858041199092,
    5.68527387979));
#2305 = CARTESIAN_POINT('',(182.01998577831,93.858041199092,
    5.716478292174));
#2306 = CARTESIAN_POINT('',(181.51997883864,93.858041199099,
    5.749561726112));
#2307 = CARTESIAN_POINT('',(181.02010753241,93.858041199099,
    5.78452329293));
#2308 = ORIENTED_EDGE('',*,*,#2252,.F.);
#2309 = ORIENTED_EDGE('',*,*,#2310,.F.);
#2310 = EDGE_CURVE('',#2311,#2245,#2313,.T.);
#2311 = VERTEX_POINT('',#2312);
#2312 = CARTESIAN_POINT('',(182.52010753241,93.858041199092,
    0.200000000003));
#2313 = LINE('',#2314,#2315);
#2314 = CARTESIAN_POINT('',(177.52010753241,93.858041199092,
    0.200000000003));
#2315 = VECTOR('',#2316,1.);
#2316 = DIRECTION('',(-1.,0.,0.));
#2317 = ORIENTED_EDGE('',*,*,#2318,.T.);
#2318 = EDGE_CURVE('',#2311,#2301,#2319,.T.);
#2319 = LINE('',#2320,#2321);
#2320 = CARTESIAN_POINT('',(182.52010753241,93.858041199092,
    2.563282919255E-12));
#2321 = VECTOR('',#2322,1.);
#2322 = DIRECTION('',(0.,0.,1.));
#2323 = PLANE('',#2324);
#2324 = AXIS2_PLACEMENT_3D('',#2325,#2326,#2327);
#2325 = CARTESIAN_POINT('',(181.02010753241,93.858041199092,
    2.563282919255E-12));
#2326 = DIRECTION('',(0.,-1.,0.));
#2327 = DIRECTION('',(1.,0.,0.));
#2328 = ADVANCED_FACE('',(#2329),#2355,.T.);
#2329 = FACE_BOUND('',#2330,.T.);
#2330 = EDGE_LOOP('',(#2331,#2340,#2348,#2354));
#2331 = ORIENTED_EDGE('',*,*,#2332,.T.);
#2332 = EDGE_CURVE('',#2267,#2333,#2335,.T.);
#2333 = VERTEX_POINT('',#2334);
#2334 = CARTESIAN_POINT('',(183.52010753241,93.858041199099,
    5.625393078283));
#2335 = B_SPLINE_CURVE_WITH_KNOTS('',3,(#2336,#2337,#2338,#2339),
  .UNSPECIFIED.,.F.,.F.,(4,4),(2.959214045354E-02,1.531742059744),
  .PIECEWISE_BEZIER_KNOTS.);
#2336 = CARTESIAN_POINT('',(185.02010753241,93.858041199092,
    5.544987662066));
#2337 = CARTESIAN_POINT('',(184.52001145603,93.858041199092,
    5.569912418126));
#2338 = CARTESIAN_POINT('',(184.02000455551,93.858041199092,
    5.59671458605));
#2339 = CARTESIAN_POINT('',(183.52010753241,93.858041199092,
    5.625393078284));
#2340 = ORIENTED_EDGE('',*,*,#2341,.F.);
#2341 = EDGE_CURVE('',#2342,#2333,#2344,.T.);
#2342 = VERTEX_POINT('',#2343);
#2343 = CARTESIAN_POINT('',(183.52010753241,93.858041199092,
    0.200000000003));
#2344 = LINE('',#2345,#2346);
#2345 = CARTESIAN_POINT('',(183.52010753241,93.858041199092,
    2.563282919255E-12));
#2346 = VECTOR('',#2347,1.);
#2347 = DIRECTION('',(0.,0.,1.));
#2348 = ORIENTED_EDGE('',*,*,#2349,.F.);
#2349 = EDGE_CURVE('',#2278,#2342,#2350,.T.);
#2350 = LINE('',#2351,#2352);
#2351 = CARTESIAN_POINT('',(178.77010753241,93.858041199092,
    0.200000000003));
#2352 = VECTOR('',#2353,1.);
#2353 = DIRECTION('',(-1.,0.,0.));
#2354 = ORIENTED_EDGE('',*,*,#2277,.T.);
#2355 = PLANE('',#2356);
#2356 = AXIS2_PLACEMENT_3D('',#2357,#2358,#2359);
#2357 = CARTESIAN_POINT('',(183.52010753241,93.858041199092,
    2.563282919255E-12));
#2358 = DIRECTION('',(0.,-1.,0.));
#2359 = DIRECTION('',(1.,0.,0.));
#2360 = ADVANCED_FACE('',(#2361),#2387,.T.);
#2361 = FACE_BOUND('',#2362,.T.);
#2362 = EDGE_LOOP('',(#2363,#2372,#2373,#2381));
#2363 = ORIENTED_EDGE('',*,*,#2364,.T.);
#2364 = EDGE_CURVE('',#2365,#2301,#2367,.T.);
#2365 = VERTEX_POINT('',#2366);
#2366 = CARTESIAN_POINT('',(182.52010753241,95.358041199084,
    5.446594209672));
#2367 = B_SPLINE_CURVE_WITH_KNOTS('',3,(#2368,#2369,#2370,#2371),
  .UNSPECIFIED.,.F.,.F.,(4,4),(0.105035624136,1.623906252244),
  .PIECEWISE_BEZIER_KNOTS.);
#2368 = CARTESIAN_POINT('',(182.52010753241,95.358041199084,
    5.446594209673));
#2369 = CARTESIAN_POINT('',(182.52010753241,94.858041199084,
    5.526154099712));
#2370 = CARTESIAN_POINT('',(182.52010753241,94.358041199084,
    5.605713989752));
#2371 = CARTESIAN_POINT('',(182.52010753241,93.858041199084,
    5.685273879791));
#2372 = ORIENTED_EDGE('',*,*,#2318,.F.);
#2373 = ORIENTED_EDGE('',*,*,#2374,.F.);
#2374 = EDGE_CURVE('',#2375,#2311,#2377,.T.);
#2375 = VERTEX_POINT('',#2376);
#2376 = CARTESIAN_POINT('',(182.52010753241,95.358041199092,
    0.200000000003));
#2377 = LINE('',#2378,#2379);
#2378 = CARTESIAN_POINT('',(182.52010753241,89.112027444593,
    0.200000000003));
#2379 = VECTOR('',#2380,1.);
#2380 = DIRECTION('',(0.,-1.,3.061616997868E-16));
#2381 = ORIENTED_EDGE('',*,*,#2382,.T.);
#2382 = EDGE_CURVE('',#2375,#2365,#2383,.T.);
#2383 = LINE('',#2384,#2385);
#2384 = CARTESIAN_POINT('',(182.52010753241,95.358041199092,
    2.563282919255E-12));
#2385 = VECTOR('',#2386,1.);
#2386 = DIRECTION('',(0.,0.,1.));
#2387 = PLANE('',#2388);
#2388 = AXIS2_PLACEMENT_3D('',#2389,#2390,#2391);
#2389 = CARTESIAN_POINT('',(182.52010753241,93.858041199092,
    2.563282919255E-12));
#2390 = DIRECTION('',(1.,0.,0.));
#2391 = DIRECTION('',(0.,1.,-3.061616997868E-16));
#2392 = ADVANCED_FACE('',(#2393),#2419,.T.);
#2393 = FACE_BOUND('',#2394,.T.);
#2394 = EDGE_LOOP('',(#2395,#2404,#2412,#2418));
#2395 = ORIENTED_EDGE('',*,*,#2396,.T.);
#2396 = EDGE_CURVE('',#2333,#2397,#2399,.T.);
#2397 = VERTEX_POINT('',#2398);
#2398 = CARTESIAN_POINT('',(183.52010753241,95.358041199099,
    5.386713408164));
#2399 = B_SPLINE_CURVE_WITH_KNOTS('',3,(#2400,#2401,#2402,#2403),
  .UNSPECIFIED.,.F.,.F.,(4,4),(2.60462975442,4.123500382528),
  .PIECEWISE_BEZIER_KNOTS.);
#2400 = CARTESIAN_POINT('',(183.52010753241,93.858041199092,
    5.625393078283));
#2401 = CARTESIAN_POINT('',(183.52010753241,94.358041199099,
    5.545833188243));
#2402 = CARTESIAN_POINT('',(183.52010753241,94.858041199099,
    5.466273298204));
#2403 = CARTESIAN_POINT('',(183.52010753241,95.358041199099,
    5.386713408164));
#2404 = ORIENTED_EDGE('',*,*,#2405,.F.);
#2405 = EDGE_CURVE('',#2406,#2397,#2408,.T.);
#2406 = VERTEX_POINT('',#2407);
#2407 = CARTESIAN_POINT('',(183.52010753241,95.358041199092,
    0.200000000003));
#2408 = LINE('',#2409,#2410);
#2409 = CARTESIAN_POINT('',(183.52010753241,95.358041199092,
    2.563282919255E-12));
#2410 = VECTOR('',#2411,1.);
#2411 = DIRECTION('',(0.,0.,1.));
#2412 = ORIENTED_EDGE('',*,*,#2413,.F.);
#2413 = EDGE_CURVE('',#2342,#2406,#2414,.T.);
#2414 = LINE('',#2415,#2416);
#2415 = CARTESIAN_POINT('',(183.52010753241,89.862027444593,
    0.200000000003));
#2416 = VECTOR('',#2417,1.);
#2417 = DIRECTION('',(0.,1.,-3.061616997868E-16));
#2418 = ORIENTED_EDGE('',*,*,#2341,.T.);
#2419 = PLANE('',#2420);
#2420 = AXIS2_PLACEMENT_3D('',#2421,#2422,#2423);
#2421 = CARTESIAN_POINT('',(183.52010753241,95.358041199092,
    2.563282919255E-12));
#2422 = DIRECTION('',(-1.,0.,0.));
#2423 = DIRECTION('',(0.,-1.,3.061616997868E-16));
#2424 = ADVANCED_FACE('',(#2425),#2444,.T.);
#2425 = FACE_BOUND('',#2426,.T.);
#2426 = EDGE_LOOP('',(#2427,#2436,#2437,#2443));
#2427 = ORIENTED_EDGE('',*,*,#2428,.T.);
#2428 = EDGE_CURVE('',#2397,#2365,#2429,.T.);
#2429 = B_SPLINE_CURVE_WITH_KNOTS('',3,(#2430,#2431,#2432,#2433,#2434,
    #2435),.UNSPECIFIED.,.F.,.F.,(4,2,4),(1.531742059743,2.052562882286,
    2.533531839221),.UNSPECIFIED.);
#2430 = CARTESIAN_POINT('',(183.52010753241,95.358041199092,
    5.386713408165));
#2431 = CARTESIAN_POINT('',(183.34678476654,95.358041199092,
    5.396656727219));
#2432 = CARTESIAN_POINT('',(183.17347520932,95.358041199092,
    5.406825604164));
#2433 = CARTESIAN_POINT('',(182.84014436132,95.358041199092,
    5.42681903133));
#2434 = CARTESIAN_POINT('',(182.68012007031,95.358041199092,
    5.436610446362));
#2435 = CARTESIAN_POINT('',(182.52010753241,95.358041199092,
    5.446594209672));
#2436 = ORIENTED_EDGE('',*,*,#2382,.F.);
#2437 = ORIENTED_EDGE('',*,*,#2438,.F.);
#2438 = EDGE_CURVE('',#2406,#2375,#2439,.T.);
#2439 = LINE('',#2440,#2441);
#2440 = CARTESIAN_POINT('',(178.27010753241,95.358041199092,
    0.200000000003));
#2441 = VECTOR('',#2442,1.);
#2442 = DIRECTION('',(-1.,0.,0.));
#2443 = ORIENTED_EDGE('',*,*,#2405,.T.);
#2444 = PLANE('',#2445);
#2445 = AXIS2_PLACEMENT_3D('',#2446,#2447,#2448);
#2446 = CARTESIAN_POINT('',(182.52010753241,95.358041199092,
    2.563282919255E-12));
#2447 = DIRECTION('',(0.,-1.,0.));
#2448 = DIRECTION('',(1.,0.,0.));
#2449 = ADVANCED_FACE('',(#2450,#2453),#2467,.T.);
#2450 = FACE_BOUND('',#2451,.T.);
#2451 = EDGE_LOOP('',(#2452));
#2452 = ORIENTED_EDGE('',*,*,#803,.T.);
#2453 = FACE_BOUND('',#2454,.T.);
#2454 = EDGE_LOOP('',(#2455,#2456,#2457,#2458,#2459,#2460,#2461,#2462,
    #2463,#2464,#2465,#2466));
#2455 = ORIENTED_EDGE('',*,*,#2374,.T.);
#2456 = ORIENTED_EDGE('',*,*,#2310,.T.);
#2457 = ORIENTED_EDGE('',*,*,#2244,.T.);
#2458 = ORIENTED_EDGE('',*,*,#2178,.T.);
#2459 = ORIENTED_EDGE('',*,*,#2080,.T.);
#2460 = ORIENTED_EDGE('',*,*,#2121,.T.);
#2461 = ORIENTED_EDGE('',*,*,#2153,.T.);
#2462 = ORIENTED_EDGE('',*,*,#2217,.T.);
#2463 = ORIENTED_EDGE('',*,*,#2285,.T.);
#2464 = ORIENTED_EDGE('',*,*,#2349,.T.);
#2465 = ORIENTED_EDGE('',*,*,#2413,.T.);
#2466 = ORIENTED_EDGE('',*,*,#2438,.T.);
#2467 = PLANE('',#2468);
#2468 = AXIS2_PLACEMENT_3D('',#2469,#2470,#2471);
#2469 = CARTESIAN_POINT('',(174.02010753241,84.366013690094,
    0.200000000003));
#2470 = DIRECTION('',(0.,-3.061616997868E-16,-1.));
#2471 = DIRECTION('',(0.,1.,-3.061616997868E-16));
#2472 = ADVANCED_FACE('',(#2473),#2487,.F.);
#2473 = FACE_BOUND('',#2474,.F.);
#2474 = EDGE_LOOP('',(#2475,#2476,#2477,#2478,#2479,#2480,#2481,#2482,
    #2483,#2484,#2485,#2486));
#2475 = ORIENTED_EDGE('',*,*,#2102,.T.);
#2476 = ORIENTED_EDGE('',*,*,#2136,.T.);
#2477 = ORIENTED_EDGE('',*,*,#2200,.T.);
#2478 = ORIENTED_EDGE('',*,*,#2266,.T.);
#2479 = ORIENTED_EDGE('',*,*,#2332,.T.);
#2480 = ORIENTED_EDGE('',*,*,#2396,.T.);
#2481 = ORIENTED_EDGE('',*,*,#2428,.T.);
#2482 = ORIENTED_EDGE('',*,*,#2364,.T.);
#2483 = ORIENTED_EDGE('',*,*,#2300,.T.);
#2484 = ORIENTED_EDGE('',*,*,#2232,.T.);
#2485 = ORIENTED_EDGE('',*,*,#2168,.T.);
#2486 = ORIENTED_EDGE('',*,*,#2061,.T.);
#2487 = B_SPLINE_SURFACE_WITH_KNOTS('',3,3,(
    (#2488,#2489,#2490,#2491)
    ,(#2492,#2493,#2494,#2495)
    ,(#2496,#2497,#2498,#2499)
    ,(#2500,#2501,#2502,#2503
    )),.UNSPECIFIED.,.F.,.F.,.F.,(4,4),(4,4),(7.120192939331E-02,
    9.13840666615E-02),(2.540912906411E-02,4.521463301075E-02),
  .PIECEWISE_BEZIER_KNOTS.);
#2488 = CARTESIAN_POINT('',(181.0201075324,95.382736695996,
    5.541914080777));
#2489 = CARTESIAN_POINT('',(182.35209617991,95.368279025475,
    5.451053783498));
#2490 = CARTESIAN_POINT('',(183.68555954904,95.355885349971,
    5.373164815248));
#2491 = CARTESIAN_POINT('',(185.02010753241,95.345563042698,
    5.308293513449));
#2492 = CARTESIAN_POINT('',(181.0201075324,94.04630571889,5.754566683945
    ));
#2493 = CARTESIAN_POINT('',(182.35209617991,94.031848048369,
    5.663706386666));
#2494 = CARTESIAN_POINT('',(183.68555954904,94.019454372865,
    5.585817418416));
#2495 = CARTESIAN_POINT('',(185.02010753241,94.009132065592,
    5.520946116617));
#2496 = CARTESIAN_POINT('',(181.0201075324,92.709874741777,
    5.967219287113));
#2497 = CARTESIAN_POINT('',(182.35209617991,92.695417071256,
    5.876358989834));
#2498 = CARTESIAN_POINT('',(183.68555954904,92.683023395752,
    5.798470021585));
#2499 = CARTESIAN_POINT('',(185.02010753241,92.672701088479,
    5.733598719785));
#2500 = CARTESIAN_POINT('',(181.0201075324,91.373443764671,
    6.179871890281));
#2501 = CARTESIAN_POINT('',(182.35209617991,91.35898609415,
    6.089011593002));
#2502 = CARTESIAN_POINT('',(183.68555954904,91.346592418646,
    6.011122624753));
#2503 = CARTESIAN_POINT('',(185.02010753241,91.336270111373,
    5.946251322953));
#2504 = ADVANCED_FACE('',(#2505),#2623,.F.);
#2505 = FACE_BOUND('',#2506,.F.);
#2506 = EDGE_LOOP('',(#2507,#2518,#2527,#2538,#2547,#2556,#2567,#2576,
    #2585,#2596,#2605,#2614));
#2507 = ORIENTED_EDGE('',*,*,#2508,.T.);
#2508 = EDGE_CURVE('',#2509,#2511,#2513,.T.);
#2509 = VERTEX_POINT('',#2510);
#2510 = CARTESIAN_POINT('',(194.47010753241,95.358041199092,
    5.059062531581));
#2511 = VERTEX_POINT('',#2512);
#2512 = CARTESIAN_POINT('',(194.47010753241,93.858041199092,
    5.297742201699));
#2513 = B_SPLINE_CURVE_WITH_KNOTS('',3,(#2514,#2515,#2516,#2517),
  .UNSPECIFIED.,.F.,.F.,(4,4),(9.556875923303E-02,1.61443938731),
  .PIECEWISE_BEZIER_KNOTS.);
#2514 = CARTESIAN_POINT('',(194.47010753241,95.358041199099,
    5.059062531581));
#2515 = CARTESIAN_POINT('',(194.47010753241,94.858041199106,
    5.138622421618));
#2516 = CARTESIAN_POINT('',(194.47010753241,94.358041199113,
    5.218182311656));
#2517 = CARTESIAN_POINT('',(194.47010753241,93.858041199121,
    5.297742201694));
#2518 = ORIENTED_EDGE('',*,*,#2519,.T.);
#2519 = EDGE_CURVE('',#2511,#2520,#2522,.T.);
#2520 = VERTEX_POINT('',#2521);
#2521 = CARTESIAN_POINT('',(192.97010753241,93.858041199092,
    5.307114626621));
#2522 = B_SPLINE_CURVE_WITH_KNOTS('',3,(#2523,#2524,#2525,#2526),
  .UNSPECIFIED.,.F.,.F.,(4,4),(2.543821448502,4.043570162711),
  .PIECEWISE_BEZIER_KNOTS.);
#2523 = CARTESIAN_POINT('',(194.47010753241,93.858041199092,
    5.297742201699));
#2524 = CARTESIAN_POINT('',(193.97009823457,93.858041199092,
    5.298985865053));
#2525 = CARTESIAN_POINT('',(193.47009141604,93.858041199092,5.3021106869
    ));
#2526 = CARTESIAN_POINT('',(192.97010753241,93.858041199092,
    5.307114626621));
#2527 = ORIENTED_EDGE('',*,*,#2528,.T.);
#2528 = EDGE_CURVE('',#2520,#2529,#2531,.T.);
#2529 = VERTEX_POINT('',#2530);
#2530 = CARTESIAN_POINT('',(192.97010753241,92.858041199084,
    5.466234406701));
#2531 = B_SPLINE_CURVE_WITH_KNOTS('',3,(#2532,#2533,#2534,#2535,#2536,
    #2537),.UNSPECIFIED.,.F.,.F.,(4,2,4),(1.615912196943,2.104770955327,
    2.628492615715),.UNSPECIFIED.);
#2532 = CARTESIAN_POINT('',(192.97010753241,93.858041199113,
    5.307114626617));
#2533 = CARTESIAN_POINT('',(192.97010753241,93.697112825976,
    5.332721513959));
#2534 = CARTESIAN_POINT('',(192.97010753241,93.536184452838,
    5.358328401302));
#2535 = CARTESIAN_POINT('',(192.97010753241,93.202851119495,
    5.411368327997));
#2536 = CARTESIAN_POINT('',(192.97010753241,93.03044615929,
    5.438801367348));
#2537 = CARTESIAN_POINT('',(192.97010753241,92.858041199084,
    5.466234406701));
#2538 = ORIENTED_EDGE('',*,*,#2539,.T.);
#2539 = EDGE_CURVE('',#2529,#2540,#2542,.T.);
#2540 = VERTEX_POINT('',#2541);
#2541 = CARTESIAN_POINT('',(194.47010753241,92.858041199092,
    5.456861981778));
#2542 = B_SPLINE_CURVE_WITH_KNOTS('',3,(#2543,#2544,#2545,#2546),
  .UNSPECIFIED.,.F.,.F.,(4,4),(4.403739736715E-02,1.544063422927),
  .PIECEWISE_BEZIER_KNOTS.);
#2543 = CARTESIAN_POINT('',(192.97010753241,92.858041199092,5.4662344067
    ));
#2544 = CARTESIAN_POINT('',(193.47009141587,92.858041199092,
    5.46123046698));
#2545 = CARTESIAN_POINT('',(193.97009823445,92.858041199092,
    5.458105645133));
#2546 = CARTESIAN_POINT('',(194.4701075324,92.858041199092,
    5.456861981778));
#2547 = ORIENTED_EDGE('',*,*,#2548,.T.);
#2548 = EDGE_CURVE('',#2540,#2549,#2551,.T.);
#2549 = VERTEX_POINT('',#2550);
#2550 = CARTESIAN_POINT('',(194.47010753241,91.358041199092,
    5.695541651896));
#2551 = B_SPLINE_CURVE_WITH_KNOTS('',3,(#2552,#2553,#2554,#2555),
  .UNSPECIFIED.,.F.,.F.,(4,4),(2.627019806075,4.145890434139),
  .PIECEWISE_BEZIER_KNOTS.);
#2552 = CARTESIAN_POINT('',(194.47010753241,92.858041199092,
    5.456861981777));
#2553 = CARTESIAN_POINT('',(194.47010753241,92.358041199113,
    5.536421871814));
#2554 = CARTESIAN_POINT('',(194.47010753241,91.858041199121,
    5.615981761851));
#2555 = CARTESIAN_POINT('',(194.47010753241,91.358041199128,
    5.695541651889));
#2556 = ORIENTED_EDGE('',*,*,#2557,.T.);
#2557 = EDGE_CURVE('',#2549,#2558,#2560,.T.);
#2558 = VERTEX_POINT('',#2559);
#2559 = CARTESIAN_POINT('',(195.47010753241,91.358041199092,
    5.695563066588));
#2560 = B_SPLINE_CURVE_WITH_KNOTS('',3,(#2561,#2562,#2563,#2564,#2565,
    #2566),.UNSPECIFIED.,.F.,.F.,(4,2,4),(1.54406342293,2.043985545689,
    2.544075792065),.UNSPECIFIED.);
#2561 = CARTESIAN_POINT('',(194.47010753242,91.358041199092,
    5.695541651896));
#2562 = CARTESIAN_POINT('',(194.63674844756,91.358041199092,
    5.695127169204));
#2563 = CARTESIAN_POINT('',(194.80338963808,91.358041199099,
    5.694921631765));
#2564 = CARTESIAN_POINT('',(195.13672709667,91.358041199099,
    5.694928599642));
#2565 = CARTESIAN_POINT('',(195.30341958749,91.358041199092,
    5.695141269657));
#2566 = CARTESIAN_POINT('',(195.47010753241,91.358041199092,
    5.695563066588));
#2567 = ORIENTED_EDGE('',*,*,#2568,.T.);
#2568 = EDGE_CURVE('',#2558,#2569,#2571,.T.);
#2569 = VERTEX_POINT('',#2570);
#2570 = CARTESIAN_POINT('',(195.47010753241,92.858041199092,
    5.45688339647));
#2571 = B_SPLINE_CURVE_WITH_KNOTS('',3,(#2572,#2573,#2574,#2575),
  .UNSPECIFIED.,.F.,.F.,(4,4),(6.364811129948E-02,1.582518739378),
  .PIECEWISE_BEZIER_KNOTS.);
#2572 = CARTESIAN_POINT('',(195.47010753241,91.358041199099,
    5.695563066588));
#2573 = CARTESIAN_POINT('',(195.47010753241,91.858041199084,
    5.61600317655));
#2574 = CARTESIAN_POINT('',(195.47010753241,92.35804119907,
    5.536443286512));
#2575 = CARTESIAN_POINT('',(195.47010753241,92.858041199055,
    5.456883396474));
#2576 = ORIENTED_EDGE('',*,*,#2577,.T.);
#2577 = EDGE_CURVE('',#2569,#2578,#2580,.T.);
#2578 = VERTEX_POINT('',#2579);
#2579 = CARTESIAN_POINT('',(196.97010753241,92.858041199092,
    5.466321742073));
#2580 = B_SPLINE_CURVE_WITH_KNOTS('',3,(#2581,#2582,#2583,#2584),
  .UNSPECIFIED.,.F.,.F.,(4,4),(2.544075792066,4.044285490925),
  .PIECEWISE_BEZIER_KNOTS.);
#2581 = CARTESIAN_POINT('',(195.47010753241,92.858041199084,
    5.45688339643));
#2582 = CARTESIAN_POINT('',(195.97015123932,92.858041196705,
    5.458148736577));
#2583 = CARTESIAN_POINT('',(196.47015354792,92.858041199259,
    5.461295877563));
#2584 = CARTESIAN_POINT('',(196.97010753241,92.858041199092,
    5.466321742074));
#2585 = ORIENTED_EDGE('',*,*,#2586,.T.);
#2586 = EDGE_CURVE('',#2578,#2587,#2589,.T.);
#2587 = VERTEX_POINT('',#2588);
#2588 = CARTESIAN_POINT('',(196.97010753241,93.858041199092,
    5.307201961995));
#2589 = B_SPLINE_CURVE_WITH_KNOTS('',3,(#2590,#2591,#2592,#2593,#2594,
    #2595),.UNSPECIFIED.,.F.,.F.,(4,2,4),(1.581035570786,2.104770955327,
    2.59361598955),.UNSPECIFIED.);
#2590 = CARTESIAN_POINT('',(196.97010753241,92.85804119907,
    5.466321742078));
#2591 = CARTESIAN_POINT('',(196.97010753241,93.030450677157,
    5.438887983842));
#2592 = CARTESIAN_POINT('',(196.97010753241,93.20286015523,
    5.411454225605));
#2593 = CARTESIAN_POINT('',(196.97010753241,93.536193488573,
    5.358414298911));
#2594 = CARTESIAN_POINT('',(196.97010753241,93.697117343829,
    5.332808130453));
#2595 = CARTESIAN_POINT('',(196.97010753241,93.858041199084,
    5.307201961995));
#2596 = ORIENTED_EDGE('',*,*,#2597,.T.);
#2597 = EDGE_CURVE('',#2587,#2598,#2600,.T.);
#2598 = VERTEX_POINT('',#2599);
#2599 = CARTESIAN_POINT('',(195.47010753241,93.858041199092,
    5.297763616391));
#2600 = B_SPLINE_CURVE_WITH_KNOTS('',3,(#2601,#2602,#2603,#2604),
  .UNSPECIFIED.,.F.,.F.,(4,4),(4.406160388262E-02,1.543993953034),
  .PIECEWISE_BEZIER_KNOTS.);
#2601 = CARTESIAN_POINT('',(196.9701075324,93.858041199092,
    5.307201961995));
#2602 = CARTESIAN_POINT('',(196.47015360071,93.858041199092,
    5.302176098042));
#2603 = CARTESIAN_POINT('',(195.97015102078,93.858041199092,
    5.299028955698));
#2604 = CARTESIAN_POINT('',(195.47010753241,93.858041199092,
    5.297763616391));
#2605 = ORIENTED_EDGE('',*,*,#2606,.T.);
#2606 = EDGE_CURVE('',#2598,#2607,#2609,.T.);
#2607 = VERTEX_POINT('',#2608);
#2608 = CARTESIAN_POINT('',(195.47010753241,95.358041199092,
    5.059083946273));
#2609 = B_SPLINE_CURVE_WITH_KNOTS('',3,(#2610,#2611,#2612,#2613),
  .UNSPECIFIED.,.F.,.F.,(4,4),(2.595099158142,4.113969786207),
  .PIECEWISE_BEZIER_KNOTS.);
#2610 = CARTESIAN_POINT('',(195.47010753241,93.858041199084,
    5.297763616392));
#2611 = CARTESIAN_POINT('',(195.47010753241,94.35804119907,
    5.218203726354));
#2612 = CARTESIAN_POINT('',(195.47010753241,94.858041199062,
    5.138643836318));
#2613 = CARTESIAN_POINT('',(195.47010753241,95.358041199055,
    5.05908394628));
#2614 = ORIENTED_EDGE('',*,*,#2615,.T.);
#2615 = EDGE_CURVE('',#2607,#2509,#2616,.T.);
#2616 = B_SPLINE_CURVE_WITH_KNOTS('',3,(#2617,#2618,#2619,#2620,#2621,
    #2622),.UNSPECIFIED.,.F.,.F.,(4,2,4),(1.543993953036,2.043985492898,
    2.543821448504),.UNSPECIFIED.);
#2617 = CARTESIAN_POINT('',(195.47010753241,95.358041199092,
    5.059083946273));
#2618 = CARTESIAN_POINT('',(195.30342167228,95.358041199092,
    5.058662154617));
#2619 = CARTESIAN_POINT('',(195.13673126646,95.358041199099,
    5.058449484647));
#2620 = CARTESIAN_POINT('',(194.80339380809,95.358041199092,
    5.058442506308));
#2621 = CARTESIAN_POINT('',(194.63675053256,95.358041199092,
    5.058648043703));
#2622 = CARTESIAN_POINT('',(194.47010753241,95.358041199092,
    5.05906253158));
#2623 = B_SPLINE_SURFACE_WITH_KNOTS('',3,3,(
    (#2624,#2625,#2626,#2627,#2628,#2629)
    ,(#2630,#2631,#2632,#2633,#2634,#2635)
    ,(#2636,#2637,#2638,#2639,#2640,#2641)
    ,(#2642,#2643,#2644,#2645,#2646,#2647
    )),.UNSPECIFIED.,.F.,.F.,.F.,(4,4),(4,2,4),(7.094548283437E-02,
    9.108134207297E-02),(8.449398774985E-02,9.539358616602E-02,
    0.104237887984),.UNSPECIFIED.);
#2624 = CARTESIAN_POINT('',(192.97010753241,95.359591932393,
    5.068188204161));
#2625 = CARTESIAN_POINT('',(193.70607485242,95.358448844265,
    5.061004382463));
#2626 = CARTESIAN_POINT('',(194.44213633306,95.357937551729,
    5.05779112689));
#2627 = CARTESIAN_POINT('',(195.77551569871,95.35815808097,
    5.059177059111));
#2628 = CARTESIAN_POINT('',(196.37282076943,95.358673673036,
    5.062417335517));
#2629 = CARTESIAN_POINT('',(196.9701075333,95.35960548601,5.068273382894
    ));
#2630 = CARTESIAN_POINT('',(192.97010753241,94.026225417263,
    5.280353190813));
#2631 = CARTESIAN_POINT('',(193.70607485242,94.025082329135,
    5.273169369115));
#2632 = CARTESIAN_POINT('',(194.44213633306,94.0245710366,5.269956113542
    ));
#2633 = CARTESIAN_POINT('',(195.77551569871,94.02479156584,
    5.271342045763));
#2634 = CARTESIAN_POINT('',(196.37282076943,94.025307157906,
    5.274582322169));
#2635 = CARTESIAN_POINT('',(196.9701075333,94.02623897088,5.280438369546
    ));
#2636 = CARTESIAN_POINT('',(192.97010753241,92.692858902134,
    5.492518177465));
#2637 = CARTESIAN_POINT('',(193.70607485242,92.691715814006,
    5.485334355767));
#2638 = CARTESIAN_POINT('',(194.44213633306,92.691204521485,
    5.482121100194));
#2639 = CARTESIAN_POINT('',(195.77551569871,92.691425050711,
    5.483507032415));
#2640 = CARTESIAN_POINT('',(196.37282076943,92.691940642777,
    5.486747308821));
#2641 = CARTESIAN_POINT('',(196.9701075333,92.692872455751,
    5.492603356198));
#2642 = CARTESIAN_POINT('',(192.97010753241,91.359492387004,
    5.704683164117));
#2643 = CARTESIAN_POINT('',(193.70607485242,91.358349298876,
    5.697499342419));
#2644 = CARTESIAN_POINT('',(194.44213633306,91.357838006355,
    5.694286086846));
#2645 = CARTESIAN_POINT('',(195.77551569871,91.358058535581,
    5.695672019067));
#2646 = CARTESIAN_POINT('',(196.37282076943,91.358574127647,
    5.698912295473));
#2647 = CARTESIAN_POINT('',(196.9701075333,91.359505940622,5.70476834285
    ));
#2648 = ADVANCED_FACE('',(#2649,#2719),#2725,.F.);
#2649 = FACE_BOUND('',#2650,.T.);
#2650 = EDGE_LOOP('',(#2651,#2661,#2670,#2678,#2687,#2695,#2704,#2712));
#2651 = ORIENTED_EDGE('',*,*,#2652,.T.);
#2652 = EDGE_CURVE('',#2653,#2655,#2657,.T.);
#2653 = VERTEX_POINT('',#2654);
#2654 = CARTESIAN_POINT('',(213.49510753241,102.10804119907,
    2.565947454514E-12));
#2655 = VERTEX_POINT('',#2656);
#2656 = CARTESIAN_POINT('',(213.49510753241,84.608041199077,
    2.565947454514E-12));
#2657 = LINE('',#2658,#2659);
#2658 = CARTESIAN_POINT('',(213.49510753241,84.608041199077,
    2.565947454514E-12));
#2659 = VECTOR('',#2660,1.);
#2660 = DIRECTION('',(-1.54074395551E-33,-1.,0.));
#2661 = ORIENTED_EDGE('',*,*,#2662,.T.);
#2662 = EDGE_CURVE('',#2655,#2663,#2665,.T.);
#2663 = VERTEX_POINT('',#2664);
#2664 = CARTESIAN_POINT('',(213.24510753241,84.358041199077,
    2.565947454514E-12));
#2665 = CIRCLE('',#2666,0.25);
#2666 = AXIS2_PLACEMENT_3D('',#2667,#2668,#2669);
#2667 = CARTESIAN_POINT('',(213.24510753241,84.608041199077,
    2.565947454514E-12));
#2668 = DIRECTION('',(0.,0.,-1.));
#2669 = DIRECTION('',(7.105427357601E-15,-1.,0.));
#2670 = ORIENTED_EDGE('',*,*,#2671,.T.);
#2671 = EDGE_CURVE('',#2663,#2672,#2674,.T.);
#2672 = VERTEX_POINT('',#2673);
#2673 = CARTESIAN_POINT('',(176.69510753241,84.358041199077,
    2.567723811353E-12));
#2674 = LINE('',#2675,#2676);
#2675 = CARTESIAN_POINT('',(176.69510753241,84.358041199077,
    2.567723811353E-12));
#2676 = VECTOR('',#2677,1.);
#2677 = DIRECTION('',(-1.,-1.54074395551E-33,1.015061051086E-16));
#2678 = ORIENTED_EDGE('',*,*,#2679,.T.);
#2679 = EDGE_CURVE('',#2672,#2680,#2682,.T.);
#2680 = VERTEX_POINT('',#2681);
#2681 = CARTESIAN_POINT('',(176.44510753241,84.608041199077,
    2.567723811353E-12));
#2682 = CIRCLE('',#2683,0.25);
#2683 = AXIS2_PLACEMENT_3D('',#2684,#2685,#2686);
#2684 = CARTESIAN_POINT('',(176.69510753241,84.608041199077,
    2.567723811353E-12));
#2685 = DIRECTION('',(0.,0.,-1.));
#2686 = DIRECTION('',(-1.,-7.105427357601E-15,-0.));
#2687 = ORIENTED_EDGE('',*,*,#2688,.T.);
#2688 = EDGE_CURVE('',#2680,#2689,#2691,.T.);
#2689 = VERTEX_POINT('',#2690);
#2690 = CARTESIAN_POINT('',(176.44510753241,102.10804119907,
    2.567723811353E-12));
#2691 = LINE('',#2692,#2693);
#2692 = CARTESIAN_POINT('',(176.44510753241,102.10804119907,
    2.567723811353E-12));
#2693 = VECTOR('',#2694,1.);
#2694 = DIRECTION('',(1.54074395551E-33,1.,0.));
#2695 = ORIENTED_EDGE('',*,*,#2696,.T.);
#2696 = EDGE_CURVE('',#2689,#2697,#2699,.T.);
#2697 = VERTEX_POINT('',#2698);
#2698 = CARTESIAN_POINT('',(176.69510753241,102.35804119907,
    2.567723811353E-12));
#2699 = CIRCLE('',#2700,0.25);
#2700 = AXIS2_PLACEMENT_3D('',#2701,#2702,#2703);
#2701 = CARTESIAN_POINT('',(176.69510753241,102.10804119907,
    2.567723811353E-12));
#2702 = DIRECTION('',(0.,0.,-1.));
#2703 = DIRECTION('',(-7.105427357601E-15,1.,0.));
#2704 = ORIENTED_EDGE('',*,*,#2705,.T.);
#2705 = EDGE_CURVE('',#2697,#2706,#2708,.T.);
#2706 = VERTEX_POINT('',#2707);
#2707 = CARTESIAN_POINT('',(213.24510753241,102.35804119907,
    2.565947454514E-12));
#2708 = LINE('',#2709,#2710);
#2709 = CARTESIAN_POINT('',(194.19510753241,102.35804119907,
    2.565947454514E-12));
#2710 = VECTOR('',#2711,1.);
#2711 = DIRECTION('',(1.,1.54074395551E-33,-1.015061051086E-16));
#2712 = ORIENTED_EDGE('',*,*,#2713,.T.);
#2713 = EDGE_CURVE('',#2706,#2653,#2714,.T.);
#2714 = CIRCLE('',#2715,0.25);
#2715 = AXIS2_PLACEMENT_3D('',#2716,#2717,#2718);
#2716 = CARTESIAN_POINT('',(213.24510753241,102.10804119907,
    2.565947454514E-12));
#2717 = DIRECTION('',(0.,0.,-1.));
#2718 = DIRECTION('',(1.,7.105427357601E-15,0.));
#2719 = FACE_BOUND('',#2720,.T.);
#2720 = EDGE_LOOP('',(#2721,#2722,#2723,#2724));
#2721 = ORIENTED_EDGE('',*,*,#422,.F.);
#2722 = ORIENTED_EDGE('',*,*,#1598,.F.);
#2723 = ORIENTED_EDGE('',*,*,#883,.F.);
#2724 = ORIENTED_EDGE('',*,*,#967,.F.);
#2725 = PLANE('',#2726);
#2726 = AXIS2_PLACEMENT_3D('',#2727,#2728,#2729);
#2727 = CARTESIAN_POINT('',(204.49510753241,93.358041199077,
    2.565947454514E-12));
#2728 = DIRECTION('',(1.007310030931E-16,4.511556728623E-51,1.));
#2729 = DIRECTION('',(1.,0.,-1.007310030931E-16));
#2730 = ADVANCED_FACE('',(#2731),#2781,.F.);
#2731 = FACE_BOUND('',#2732,.F.);
#2732 = EDGE_LOOP('',(#2733,#2750,#2759,#2774));
#2733 = ORIENTED_EDGE('',*,*,#2734,.F.);
#2734 = EDGE_CURVE('',#2735,#2737,#2739,.T.);
#2735 = VERTEX_POINT('',#2736);
#2736 = CARTESIAN_POINT('',(210.33025221812,100.18540149967,
    6.150721976214));
#2737 = VERTEX_POINT('',#2738);
#2738 = CARTESIAN_POINT('',(210.30384709549,89.661273799153,
    7.823272995944));
#2739 = B_SPLINE_CURVE_WITH_KNOTS('',3,(#2740,#2741,#2742,#2743,#2744,
    #2745,#2746,#2747,#2748,#2749),.UNSPECIFIED.,.F.,.F.,(4,1,1,1,1,1,1,
    4),(0.,0.761159909046,1.522319818092,4.566959454277,7.611599090461,
    9.133918908553,9.895078817599,10.656238726645),.UNSPECIFIED.);
#2740 = CARTESIAN_POINT('',(210.33025221811,100.18540149967,
    6.150721976214));
#2741 = CARTESIAN_POINT('',(210.33017858045,99.934832901316,
    6.190586686106));
#2742 = CARTESIAN_POINT('',(210.32857568442,99.433680247792,6.2702056904
    ));
#2743 = CARTESIAN_POINT('',(210.32406080505,97.930226420045,
    6.509084884897));
#2744 = CARTESIAN_POINT('',(210.31704389906,95.67504300092,
    6.867385351497));
#2745 = CARTESIAN_POINT('',(210.3106797181,93.169297138033,7.26560612845
    ));
#2746 = CARTESIAN_POINT('',(210.30671567963,91.41527977003,
    7.544398035368));
#2747 = CARTESIAN_POINT('',(210.30483749175,90.412988061755,
    7.703737059442));
#2748 = CARTESIAN_POINT('',(210.303889182,89.911842024107,7.783405893131
    ));
#2749 = CARTESIAN_POINT('',(210.30384709548,89.66127379916,
    7.823272995943));
#2750 = ORIENTED_EDGE('',*,*,#2751,.F.);
#2751 = EDGE_CURVE('',#2752,#2735,#2754,.T.);
#2752 = VERTEX_POINT('',#2753);
#2753 = CARTESIAN_POINT('',(210.571287863,100.16424601357,6.018195486202
    ));
#2754 = CIRCLE('',#2755,0.25);
#2755 = AXIS2_PLACEMENT_3D('',#2756,#2757,#2758);
#2756 = CARTESIAN_POINT('',(210.34934218425,100.14623048697,
    5.904548856322));
#2757 = DIRECTION('',(-2.905927419491E-04,-0.987579337079,0.157120872356
    ));
#2758 = DIRECTION('',(0.887782715019,7.206210642812E-02,0.454586519521)
  );
#2759 = ORIENTED_EDGE('',*,*,#2760,.F.);
#2760 = EDGE_CURVE('',#2761,#2752,#2763,.T.);
#2761 = VERTEX_POINT('',#2762);
#2762 = CARTESIAN_POINT('',(210.55875269944,89.635092743818,
    7.65899218934));
#2763 = B_SPLINE_CURVE_WITH_KNOTS('',3,(#2764,#2765,#2766,#2767,#2768,
    #2769,#2770,#2771,#2772,#2773),.UNSPECIFIED.,.F.,.F.,(4,1,1,1,1,1,1,
    4),(-10.65623872664,-9.895078817599,-9.133918908553,-7.611599090461,
    -4.566959454277,-1.522319818092,-0.761159909046,0.),.UNSPECIFIED.);
#2764 = CARTESIAN_POINT('',(210.55875269944,89.635092743818,
    7.65899218934));
#2765 = CARTESIAN_POINT('',(210.5586474955,89.884820236693,
    7.619682781304));
#2766 = CARTESIAN_POINT('',(210.55925603556,90.386456783017,
    7.54091158941));
#2767 = CARTESIAN_POINT('',(210.56029358295,91.388831467957,
    7.383919677961));
#2768 = CARTESIAN_POINT('',(210.56255060862,93.143567648694,
    7.109636581563));
#2769 = CARTESIAN_POINT('',(210.56585014248,95.650417165067,
    6.718955963601));
#2770 = CARTESIAN_POINT('',(210.56914377096,97.906450361537,
    6.368802938256));
#2771 = CARTESIAN_POINT('',(210.5708547094,99.411235611966,
    6.135432697985));
#2772 = CARTESIAN_POINT('',(210.57158480507,99.912032050284,
    6.057597115299));
#2773 = CARTESIAN_POINT('',(210.571287863,100.16424601357,6.018195486203
    ));
#2774 = ORIENTED_EDGE('',*,*,#2775,.F.);
#2775 = EDGE_CURVE('',#2737,#2761,#2776,.T.);
#2776 = CIRCLE('',#2777,0.25);
#2777 = AXIS2_PLACEMENT_3D('',#2778,#2779,#2780);
#2778 = CARTESIAN_POINT('',(210.32290424468,89.622102391862,
    7.577097396188));
#2779 = DIRECTION('',(1.660839730345E-04,0.987577863459,-0.157130315414)
  );
#2780 = DIRECTION('',(-7.622859677647E-02,0.156685629176,0.984702399024)
  );
#2781 = B_SPLINE_SURFACE_WITH_KNOTS('',3,3,(
    (#2782,#2783,#2784,#2785,#2786,#2787,#2788,#2789,#2790,#2791)
    ,(#2792,#2793,#2794,#2795,#2796,#2797,#2798,#2799,#2800,#2801)
    ,(#2802,#2803,#2804,#2805,#2806,#2807,#2808,#2809,#2810,#2811)
    ,(#2812,#2813,#2814,#2815,#2816,#2817,#2818,#2819,#2820,#2821)
    ,(#2822,#2823,#2824,#2825,#2826,#2827,#2828,#2829,#2830,#2831
  )),.UNSPECIFIED.,.F.,.F.,.F.,(4,1,4),(4,1,1,1,1,1,1,4),(0.,
    0.571428571429,1.),(0.,0.761159909046,1.522319818092,4.566959454277,
    7.611599090461,9.133918908553,9.895078817599,10.656238726645),
  .UNSPECIFIED.);
#2782 = CARTESIAN_POINT('',(210.33025221811,100.18540149967,
    6.150721976214));
#2783 = CARTESIAN_POINT('',(210.33017858045,99.934832901316,
    6.190586686106));
#2784 = CARTESIAN_POINT('',(210.32857568442,99.433680247792,6.2702056904
    ));
#2785 = CARTESIAN_POINT('',(210.32406080505,97.930226420045,
    6.509084884897));
#2786 = CARTESIAN_POINT('',(210.31704389906,95.67504300092,
    6.867385351497));
#2787 = CARTESIAN_POINT('',(210.3106797181,93.169297138033,7.26560612845
    ));
#2788 = CARTESIAN_POINT('',(210.30671567963,91.41527977003,
    7.544398035368));
#2789 = CARTESIAN_POINT('',(210.30483749175,90.412988061755,
    7.703737059442));
#2790 = CARTESIAN_POINT('',(210.303889182,89.911842024107,7.783405893131
    ));
#2791 = CARTESIAN_POINT('',(210.30384709548,89.66127379916,
    7.823272995943));
#2792 = CARTESIAN_POINT('',(210.38575348012,100.18605341076,
    6.154922195941));
#2793 = CARTESIAN_POINT('',(210.38583366314,99.935115733126,
    6.194860320791));
#2794 = CARTESIAN_POINT('',(210.38459449123,99.434117842487,
    6.274483485031));
#2795 = CARTESIAN_POINT('',(210.38127931967,97.930570016928,
    6.513478616089));
#2796 = CARTESIAN_POINT('',(210.37596444631,95.675505785788,
    6.871880098832));
#2797 = CARTESIAN_POINT('',(210.3711571399,93.169799122901,
    7.270206967744));
#2798 = CARTESIAN_POINT('',(210.36811743029,91.415787680919,
    7.549064427777));
#2799 = CARTESIAN_POINT('',(210.36671206721,90.413575256614,
    7.708433924465));
#2800 = CARTESIAN_POINT('',(210.36595709827,89.912342630487,
    7.788128985904));
#2801 = CARTESIAN_POINT('',(210.36600004753,89.662010234315,
    7.827967250288));
#2802 = CARTESIAN_POINT('',(210.48512775921,100.18189038716,
    6.128939405882));
#2803 = CARTESIAN_POINT('',(210.48548488382,99.930278838037,
    6.168806281808));
#2804 = CARTESIAN_POINT('',(210.48490558188,99.429477449201,
    6.247978753434));
#2805 = CARTESIAN_POINT('',(210.48376098502,97.92552064699,
    6.485632120578));
#2806 = CARTESIAN_POINT('',(210.4815454337,95.670314098235,
    6.842008814946));
#2807 = CARTESIAN_POINT('',(210.4795668265,93.164340653151,
    7.238414375151));
#2808 = CARTESIAN_POINT('',(210.47820500016,91.410136477119,
    7.516107416898));
#2809 = CARTESIAN_POINT('',(210.477648892,90.407952888607,7.674846400407
    ));
#2810 = CARTESIAN_POINT('',(210.47724593549,89.906527468745,
    7.754318647708));
#2811 = CARTESIAN_POINT('',(210.47744081269,89.65658404748,
    7.793980979324));
#2812 = CARTESIAN_POINT('',(210.55207288954,100.17007490081,
    6.054797274202));
#2813 = CARTESIAN_POINT('',(210.55243711672,99.917995089607,
    6.094343608495));
#2814 = CARTESIAN_POINT('',(210.55186811721,99.417214612702,
    6.172571595352));
#2815 = CARTESIAN_POINT('',(210.55071538355,97.912659291505,
    6.407203091518));
#2816 = CARTESIAN_POINT('',(210.54831059766,95.656874818742,
    6.759158748317));
#2817 = CARTESIAN_POINT('',(210.54594641953,93.150275684966,
    7.151463275008));
#2818 = CARTESIAN_POINT('',(210.54428443466,91.395686326199,
    7.426701871926));
#2819 = CARTESIAN_POINT('',(210.54356144931,90.393373403531,
    7.584178302469));
#2820 = CARTESIAN_POINT('',(210.54308361902,89.891784314997,
    7.663145736368));
#2821 = CARTESIAN_POINT('',(210.54324666331,89.642025419511,
    7.702548276673));
#2822 = CARTESIAN_POINT('',(210.571287863,100.16424601357,6.018195486203
    ));
#2823 = CARTESIAN_POINT('',(210.57158480507,99.912032050284,
    6.057597115299));
#2824 = CARTESIAN_POINT('',(210.5708547094,99.411235611966,
    6.135432697985));
#2825 = CARTESIAN_POINT('',(210.56914377096,97.906450361537,
    6.368802938256));
#2826 = CARTESIAN_POINT('',(210.56585014248,95.650417165067,
    6.718955963601));
#2827 = CARTESIAN_POINT('',(210.56255060862,93.143567648694,
    7.109636581563));
#2828 = CARTESIAN_POINT('',(210.56029358295,91.388831467957,
    7.383919677961));
#2829 = CARTESIAN_POINT('',(210.55925603556,90.386456783017,
    7.54091158941));
#2830 = CARTESIAN_POINT('',(210.5586474955,89.884820236693,
    7.619682781304));
#2831 = CARTESIAN_POINT('',(210.55875269944,89.635092743818,
    7.65899218934));
#2832 = ADVANCED_FACE('',(#2833),#2867,.F.);
#2833 = FACE_BOUND('',#2834,.F.);
#2834 = EDGE_LOOP('',(#2835,#2847,#2856,#2866));
#2835 = ORIENTED_EDGE('',*,*,#2836,.F.);
#2836 = EDGE_CURVE('',#2837,#2735,#2839,.T.);
#2837 = VERTEX_POINT('',#2838);
#2838 = CARTESIAN_POINT('',(208.96377758796,101.65907796455,
    5.815003723658));
#2839 = B_SPLINE_CURVE_WITH_KNOTS('',3,(#2840,#2841,#2842,#2843,#2844,
    #2845,#2846),.UNSPECIFIED.,.F.,.F.,(4,1,1,1,4),(0.,0.321349286887,
    0.964047860661,1.606746434435,2.249445008209),.UNSPECIFIED.);
#2840 = CARTESIAN_POINT('',(208.96377758796,101.65907796455,
    5.815003723658));
#2841 = CARTESIAN_POINT('',(209.07048571813,101.65840714854,
    5.822645441055));
#2842 = CARTESIAN_POINT('',(209.39002376551,101.61234004807,
    5.852799048817));
#2843 = CARTESIAN_POINT('',(209.8626664022,101.34352761531,
    5.930540780692));
#2844 = CARTESIAN_POINT('',(210.23874257218,100.81809912472,
    6.042921907414));
#2845 = CARTESIAN_POINT('',(210.33031439535,100.39697344255,
    6.117061516844));
#2846 = CARTESIAN_POINT('',(210.33025221811,100.18540149967,
    6.150721976214));
#2847 = ORIENTED_EDGE('',*,*,#2848,.F.);
#2848 = EDGE_CURVE('',#2849,#2837,#2851,.T.);
#2849 = VERTEX_POINT('',#2850);
#2850 = CARTESIAN_POINT('',(208.98116926576,101.86893610223,
    5.590496838501));
#2851 = CIRCLE('',#2852,0.25);
#2852 = AXIS2_PLACEMENT_3D('',#2853,#2854,#2855);
#2853 = CARTESIAN_POINT('',(208.98116926576,101.61988742771,
    5.568707902814));
#2854 = DIRECTION('',(0.997426358412,-6.248926687191E-03,
    7.142555886965E-02));
#2855 = DIRECTION('',(1.207983366114E-13,0.996194698092,
    8.715574274727E-02));
#2856 = ORIENTED_EDGE('',*,*,#2857,.F.);
#2857 = EDGE_CURVE('',#2752,#2849,#2858,.T.);
#2858 = B_SPLINE_CURVE_WITH_KNOTS('',3,(#2859,#2860,#2861,#2862,#2863,
    #2864,#2865),.UNSPECIFIED.,.F.,.F.,(4,1,1,1,4),(-2.249445008209,
    -1.606746434435,-0.964047860661,-0.321349286887,0.),.UNSPECIFIED.);
#2859 = CARTESIAN_POINT('',(210.571287863,100.16424601357,6.018195486203
    ));
#2860 = CARTESIAN_POINT('',(210.56447600081,100.41040396605,
    5.992477154136));
#2861 = CARTESIAN_POINT('',(210.44975720821,100.88969303578,
    5.922810357343));
#2862 = CARTESIAN_POINT('',(210.02295064429,101.48485720808,
    5.796061177265));
#2863 = CARTESIAN_POINT('',(209.4864457393,101.80422381143,
    5.684440317272));
#2864 = CARTESIAN_POINT('',(209.10922011573,101.86686216929,
    5.614202000477));
#2865 = CARTESIAN_POINT('',(208.98116926576,101.86893610223,
    5.590496838501));
#2866 = ORIENTED_EDGE('',*,*,#2751,.T.);
#2867 = B_SPLINE_SURFACE_WITH_KNOTS('',3,3,(
    (#2868,#2869,#2870,#2871,#2872,#2873,#2874)
    ,(#2875,#2876,#2877,#2878,#2879,#2880,#2881)
    ,(#2882,#2883,#2884,#2885,#2886,#2887,#2888)
    ,(#2889,#2890,#2891,#2892,#2893,#2894,#2895)
    ,(#2896,#2897,#2898,#2899,#2900,#2901,#2902
  )),.UNSPECIFIED.,.F.,.F.,.F.,(4,1,4),(4,1,1,1,4),(0.,0.571428571429,1.
    ),(0.,0.321349286887,0.964047860661,1.606746434435,2.249445008209),
  .UNSPECIFIED.);
#2868 = CARTESIAN_POINT('',(208.96377758796,101.65907796455,
    5.815003723658));
#2869 = CARTESIAN_POINT('',(209.07048571813,101.65840714854,
    5.822645441055));
#2870 = CARTESIAN_POINT('',(209.39002376551,101.61234004807,
    5.852799048817));
#2871 = CARTESIAN_POINT('',(209.8626664022,101.34352761531,
    5.930540780692));
#2872 = CARTESIAN_POINT('',(210.23874257218,100.81809912472,
    6.042921907414));
#2873 = CARTESIAN_POINT('',(210.33031439535,100.39697344255,
    6.117061516844));
#2874 = CARTESIAN_POINT('',(210.33025221811,100.18540149967,
    6.150721976214));
#2875 = CARTESIAN_POINT('',(208.96487359617,101.7214548337,
    5.805155722344));
#2876 = CARTESIAN_POINT('',(209.0773532252,101.71796907572,
    5.813581450429));
#2877 = CARTESIAN_POINT('',(209.41091130506,101.66285108,5.846091427926)
  );
#2878 = CARTESIAN_POINT('',(209.89735055329,101.38017850478,
    5.927116462475));
#2879 = CARTESIAN_POINT('',(210.28498677378,100.83900827205,
    6.043001755385));
#2880 = CARTESIAN_POINT('',(210.38296255731,100.4054563875,
    6.119742870094));
#2881 = CARTESIAN_POINT('',(210.38575348012,100.18605341076,
    6.154922195941));
#2882 = CARTESIAN_POINT('',(208.96984187567,101.82309182496,
    5.744667979655));
#2883 = CARTESIAN_POINT('',(209.09205801684,101.81557276288,
    5.758612188575));
#2884 = CARTESIAN_POINT('',(209.44951652875,101.74636848246,
    5.804111479651));
#2885 = CARTESIAN_POINT('',(209.95984249129,101.44029260033,
    5.895799708487));
#2886 = CARTESIAN_POINT('',(210.36775086588,100.87153124554,
    6.017522555778));
#2887 = CARTESIAN_POINT('',(210.47719981958,100.41550694468,
    6.094808571181));
#2888 = CARTESIAN_POINT('',(210.48512775921,100.18189038716,
    6.128939405883));
#2889 = CARTESIAN_POINT('',(208.97777296714,101.86481822592,
    5.637564380083));
#2890 = CARTESIAN_POINT('',(209.10490312203,101.86016762498,
    5.658901650073));
#2891 = CARTESIAN_POINT('',(209.4777519366,101.79310509634,
    5.722629766993));
#2892 = CARTESIAN_POINT('',(210.00732626421,101.4756172525,
    5.828581292121));
#2893 = CARTESIAN_POINT('',(210.42962652682,100.88688309579,
    5.954182249917));
#2894 = CARTESIAN_POINT('',(210.54401302498,100.41345686896,
    6.026440472533));
#2895 = CARTESIAN_POINT('',(210.55207288954,100.17007490081,
    6.054797274202));
#2896 = CARTESIAN_POINT('',(208.98116926576,101.86893610223,
    5.590496838501));
#2897 = CARTESIAN_POINT('',(209.10922011573,101.86686216929,
    5.614202000477));
#2898 = CARTESIAN_POINT('',(209.4864457393,101.80422381143,
    5.684440317272));
#2899 = CARTESIAN_POINT('',(210.02295064429,101.48485720808,
    5.796061177265));
#2900 = CARTESIAN_POINT('',(210.44975720821,100.88969303578,
    5.922810357343));
#2901 = CARTESIAN_POINT('',(210.56447600081,100.41040396605,
    5.992477154136));
#2902 = CARTESIAN_POINT('',(210.571287863,100.16424601357,6.018195486203
    ));
#2903 = ADVANCED_FACE('',(#2904),#2938,.F.);
#2904 = FACE_BOUND('',#2905,.F.);
#2905 = EDGE_LOOP('',(#2906,#2918,#2919,#2931));
#2906 = ORIENTED_EDGE('',*,*,#2907,.F.);
#2907 = EDGE_CURVE('',#2737,#2908,#2910,.T.);
#2908 = VERTEX_POINT('',#2909);
#2909 = CARTESIAN_POINT('',(208.88613177914,88.154145784858,
    7.958438046006));
#2910 = B_SPLINE_CURVE_WITH_KNOTS('',3,(#2911,#2912,#2913,#2914,#2915,
    #2916,#2917),.UNSPECIFIED.,.F.,.F.,(4,1,1,1,4),(0.,0.654813069108,
    1.309626138216,1.964439207324,2.291845741878),.UNSPECIFIED.);
#2911 = CARTESIAN_POINT('',(210.30384709549,89.66127379916,
    7.823272995943));
#2912 = CARTESIAN_POINT('',(210.30381088917,89.445714169109,
    7.857569994037));
#2913 = CARTESIAN_POINT('',(210.20650219919,89.01443055243,
    7.918628994436));
#2914 = CARTESIAN_POINT('',(209.80949724619,88.478612988772,
    7.973594074331));
#2915 = CARTESIAN_POINT('',(209.320449444,88.207729901522,7.980676667013
    ));
#2916 = CARTESIAN_POINT('',(208.9948513077,88.157364617349,
    7.965560071827));
#2917 = CARTESIAN_POINT('',(208.88613177914,88.154145784858,
    7.958438046006));
#2918 = ORIENTED_EDGE('',*,*,#2775,.T.);
#2919 = ORIENTED_EDGE('',*,*,#2920,.F.);
#2920 = EDGE_CURVE('',#2921,#2761,#2923,.T.);
#2921 = VERTEX_POINT('',#2922);
#2922 = CARTESIAN_POINT('',(208.90342695682,87.88710827296,
    7.815025036063));
#2923 = B_SPLINE_CURVE_WITH_KNOTS('',3,(#2924,#2925,#2926,#2927,#2928,
    #2929,#2930),.UNSPECIFIED.,.F.,.F.,(4,1,1,1,4),(-2.291845741878,
    -1.964439207324,-1.309626138216,-0.654813069108,0.),.UNSPECIFIED.);
#2924 = CARTESIAN_POINT('',(208.90342695682,87.88710827296,
    7.815025036063));
#2925 = CARTESIAN_POINT('',(209.03179080813,87.894393938448,
    7.831158948221));
#2926 = CARTESIAN_POINT('',(209.41310384198,87.963798623787,
    7.867106054661));
#2927 = CARTESIAN_POINT('',(209.97428582109,88.284961530473,
    7.87001468106));
#2928 = CARTESIAN_POINT('',(210.43197079775,88.894837686792,
    7.80110747719));
#2929 = CARTESIAN_POINT('',(210.55369066584,89.38645371022,
    7.713010047972));
#2930 = CARTESIAN_POINT('',(210.55875269944,89.635092743818,
    7.65899218934));
#2931 = ORIENTED_EDGE('',*,*,#2932,.F.);
#2932 = EDGE_CURVE('',#2908,#2921,#2933,.T.);
#2933 = CIRCLE('',#2934,0.25);
#2934 = AXIS2_PLACEMENT_3D('',#2935,#2936,#2937);
#2935 = CARTESIAN_POINT('',(208.90342695682,88.114954193472,
    7.712135597798));
#2936 = DIRECTION('',(0.997426468768,2.95073976492E-02,6.53433461444E-02
    ));
#2937 = DIRECTION('',(-6.918071072434E-02,0.156766365567,0.985209792831)
  );
#2938 = B_SPLINE_SURFACE_WITH_KNOTS('',3,3,(
    (#2939,#2940,#2941,#2942,#2943,#2944,#2945)
    ,(#2946,#2947,#2948,#2949,#2950,#2951,#2952)
    ,(#2953,#2954,#2955,#2956,#2957,#2958,#2959)
    ,(#2960,#2961,#2962,#2963,#2964,#2965,#2966)
    ,(#2967,#2968,#2969,#2970,#2971,#2972,#2973
  )),.UNSPECIFIED.,.F.,.F.,.F.,(4,1,4),(4,1,1,1,4),(0.,0.571428571429,1.
    ),(0.,0.654813069108,1.309626138216,1.964439207324,2.291845741878),
  .UNSPECIFIED.);
#2939 = CARTESIAN_POINT('',(210.30384709549,89.66127379916,
    7.823272995943));
#2940 = CARTESIAN_POINT('',(210.30381088917,89.445714169109,
    7.857569994037));
#2941 = CARTESIAN_POINT('',(210.20650219919,89.01443055243,
    7.918628994436));
#2942 = CARTESIAN_POINT('',(209.80949724619,88.478612988772,
    7.973594074331));
#2943 = CARTESIAN_POINT('',(209.320449444,88.207729901522,7.980676667013
    ));
#2944 = CARTESIAN_POINT('',(208.9948513077,88.157364617349,
    7.965560071827));
#2945 = CARTESIAN_POINT('',(208.88613177914,88.154145784858,
    7.958438046006));
#2946 = CARTESIAN_POINT('',(210.36600004753,89.662010234315,
    7.827967250288));
#2947 = CARTESIAN_POINT('',(210.36306323912,89.437267839916,
    7.863428643126));
#2948 = CARTESIAN_POINT('',(210.25805688395,88.991055172854,
    7.92616224777));
#2949 = CARTESIAN_POINT('',(209.84625713744,88.437847325833,
    7.982651947501));
#2950 = CARTESIAN_POINT('',(209.34060319883,88.154383156951,
    7.990483702056));
#2951 = CARTESIAN_POINT('',(209.00119534899,88.097766932398,
    7.975449406722));
#2952 = CARTESIAN_POINT('',(208.88730183926,88.092794717399,
    7.968282375132));
#2953 = CARTESIAN_POINT('',(210.47744081269,89.65658404748,
    7.793980979322));
#2954 = CARTESIAN_POINT('',(210.46932137163,89.4165988768,7.835756659115
    ));
#2955 = CARTESIAN_POINT('',(210.35055024182,88.945067252673,
    7.906625797954));
#2956 = CARTESIAN_POINT('',(209.9127471694,88.361750998207,
    7.967604387178));
#2957 = CARTESIAN_POINT('',(209.37818582836,88.055851720972,
    7.973544440814));
#2958 = CARTESIAN_POINT('',(209.0150077463,87.98763176064,7.95314919029)
  );
#2959 = CARTESIAN_POINT('',(208.89228161533,87.979336845303,
    7.943503816803));
#2960 = CARTESIAN_POINT('',(210.54324666331,89.642025419511,
    7.702548276673));
#2961 = CARTESIAN_POINT('',(210.53621213843,89.394676399985,
    7.753354810509));
#2962 = CARTESIAN_POINT('',(210.41360292056,88.907418276009,
    7.836608382665));
#2963 = CARTESIAN_POINT('',(209.95993780696,88.303681350997,
    7.903288619196));
#2964 = CARTESIAN_POINT('',(209.40507918536,87.985184457226,
    7.903157355611));
#2965 = CARTESIAN_POINT('',(209.02749590976,87.914448833639,
    7.871719506176));
#2966 = CARTESIAN_POINT('',(208.9000851554,87.906241674849,
    7.857395444917));
#2967 = CARTESIAN_POINT('',(210.55875269944,89.635092743818,
    7.65899218934));
#2968 = CARTESIAN_POINT('',(210.55369066584,89.38645371022,
    7.713010047972));
#2969 = CARTESIAN_POINT('',(210.43197079775,88.894837686792,
    7.80110747719));
#2970 = CARTESIAN_POINT('',(209.97428582109,88.284961530473,
    7.87001468106));
#2971 = CARTESIAN_POINT('',(209.41310384198,87.963798623787,
    7.867106054661));
#2972 = CARTESIAN_POINT('',(209.03179080813,87.894393938448,
    7.831158948221));
#2973 = CARTESIAN_POINT('',(208.90342695682,87.88710827296,
    7.815025036063));
#2974 = ADVANCED_FACE('',(#2975),#3003,.F.);
#2975 = FACE_BOUND('',#2976,.F.);
#2976 = EDGE_LOOP('',(#2977,#2986,#2995,#3002));
#2977 = ORIENTED_EDGE('',*,*,#2978,.F.);
#2978 = EDGE_CURVE('',#2979,#2837,#2981,.T.);
#2979 = VERTEX_POINT('',#2980);
#2980 = CARTESIAN_POINT('',(180.97643747687,101.65907796455,
    5.815003723658));
#2981 = B_SPLINE_CURVE_WITH_KNOTS('',3,(#2982,#2983,#2984,#2985),
  .UNSPECIFIED.,.F.,.F.,(4,4),(0.,28.04616310081),
  .PIECEWISE_BEZIER_KNOTS.);
#2982 = CARTESIAN_POINT('',(180.97643747687,101.65907796455,
    5.815003723658));
#2983 = CARTESIAN_POINT('',(190.28952372026,101.71762427598,
    5.148063228586));
#2984 = CARTESIAN_POINT('',(199.65069134456,101.71762427598,
    5.148063228586));
#2985 = CARTESIAN_POINT('',(208.96377758796,101.65907796455,
    5.815003723658));
#2986 = ORIENTED_EDGE('',*,*,#2987,.F.);
#2987 = EDGE_CURVE('',#2988,#2979,#2990,.T.);
#2988 = VERTEX_POINT('',#2989);
#2989 = CARTESIAN_POINT('',(180.95904579906,101.86893610223,
    5.590496838501));
#2990 = CIRCLE('',#2991,0.25);
#2991 = AXIS2_PLACEMENT_3D('',#2992,#2993,#2994);
#2992 = CARTESIAN_POINT('',(180.95904579906,101.61988742771,
    5.568707902815));
#2993 = DIRECTION('',(0.997426358412,6.24892668308E-03,
    -7.142555886906E-02));
#2994 = DIRECTION('',(3.723243935383E-12,0.996194698092,
    8.715574274436E-02));
#2995 = ORIENTED_EDGE('',*,*,#2996,.F.);
#2996 = EDGE_CURVE('',#2849,#2988,#2997,.T.);
#2997 = B_SPLINE_CURVE_WITH_KNOTS('',3,(#2998,#2999,#3000,#3001),
  .UNSPECIFIED.,.F.,.F.,(4,4),(-28.04616310081,0.),
  .PIECEWISE_BEZIER_KNOTS.);
#2998 = CARTESIAN_POINT('',(208.98116926576,101.86893610224,
    5.590496838501));
#2999 = CARTESIAN_POINT('',(199.65650848941,101.92735557459,
    4.92275921396));
#3000 = CARTESIAN_POINT('',(190.28370657542,101.92735557459,
    4.92275921396));
#3001 = CARTESIAN_POINT('',(180.95904579906,101.86893610224,
    5.590496838502));
#3002 = ORIENTED_EDGE('',*,*,#2848,.T.);
#3003 = B_SPLINE_SURFACE_WITH_KNOTS('',3,3,(
    (#3004,#3005,#3006,#3007)
    ,(#3008,#3009,#3010,#3011)
    ,(#3012,#3013,#3014,#3015)
    ,(#3016,#3017,#3018,#3019)
    ,(#3020,#3021,#3022,#3023
  )),.UNSPECIFIED.,.F.,.F.,.F.,(4,1,4),(4,4),(0.,0.571428571429,1.),(0.,
    28.04616310081),.UNSPECIFIED.);
#3004 = CARTESIAN_POINT('',(180.97643747687,101.65907796455,
    5.815003723658));
#3005 = CARTESIAN_POINT('',(190.28952372026,101.71762427598,
    5.148063228586));
#3006 = CARTESIAN_POINT('',(199.65069134456,101.71762427598,
    5.148063228586));
#3007 = CARTESIAN_POINT('',(208.96377758796,101.65907796455,
    5.815003723658));
#3008 = CARTESIAN_POINT('',(180.97534146866,101.72145483371,
    5.805155722347));
#3009 = CARTESIAN_POINT('',(190.28913638373,101.77995938237,
    5.138118961242));
#3010 = CARTESIAN_POINT('',(199.6510786811,101.77995938237,
    5.138118961241));
#3011 = CARTESIAN_POINT('',(208.96487359617,101.72145483371,
    5.805155722346));
#3012 = CARTESIAN_POINT('',(180.97037318915,101.82309182497,
    5.744667979657));
#3013 = CARTESIAN_POINT('',(190.287494625,101.88151276743,5.077377799863
    ));
#3014 = CARTESIAN_POINT('',(199.65272043981,101.88151276743,
    5.077377799862));
#3015 = CARTESIAN_POINT('',(208.96984187567,101.82309182497,
    5.744667979656));
#3016 = CARTESIAN_POINT('',(180.96244209768,101.86481822593,
    5.637564380085));
#3017 = CARTESIAN_POINT('',(190.28484380432,101.92322579051,
    4.96995985642));
#3018 = CARTESIAN_POINT('',(199.6553712605,101.92322579051,4.96995985642
    ));
#3019 = CARTESIAN_POINT('',(208.97777296714,101.86481822593,
    5.637564380084));
#3020 = CARTESIAN_POINT('',(180.95904579906,101.86893610224,
    5.590496838502));
#3021 = CARTESIAN_POINT('',(190.28370657542,101.92735557459,
    4.92275921396));
#3022 = CARTESIAN_POINT('',(199.65650848941,101.92735557459,
    4.92275921396));
#3023 = CARTESIAN_POINT('',(208.98116926576,101.86893610224,
    5.590496838501));
#3024 = ADVANCED_FACE('',(#3025),#3053,.F.);
#3025 = FACE_BOUND('',#3026,.F.);
#3026 = EDGE_LOOP('',(#3027,#3036,#3037,#3046));
#3027 = ORIENTED_EDGE('',*,*,#3028,.F.);
#3028 = EDGE_CURVE('',#2908,#3029,#3031,.T.);
#3029 = VERTEX_POINT('',#3030);
#3030 = CARTESIAN_POINT('',(181.05408328569,88.154145784858,
    7.958438046006));
#3031 = B_SPLINE_CURVE_WITH_KNOTS('',3,(#3032,#3033,#3034,#3035),
  .UNSPECIFIED.,.F.,.F.,(4,4),(0.,27.89054407062),
  .PIECEWISE_BEZIER_KNOTS.);
#3032 = CARTESIAN_POINT('',(208.88613177914,88.154145784858,
    7.958438046006));
#3033 = CARTESIAN_POINT('',(199.62471979527,87.879945425382,
    7.351739174444));
#3034 = CARTESIAN_POINT('',(190.31549526956,87.879945425382,
    7.351739174444));
#3035 = CARTESIAN_POINT('',(181.05408328569,88.154145784858,
    7.958438046006));
#3036 = ORIENTED_EDGE('',*,*,#2932,.T.);
#3037 = ORIENTED_EDGE('',*,*,#3038,.F.);
#3038 = EDGE_CURVE('',#3039,#2921,#3041,.T.);
#3039 = VERTEX_POINT('',#3040);
#3040 = CARTESIAN_POINT('',(181.036788108,87.88710827296,7.815025036064)
  );
#3041 = B_SPLINE_CURVE_WITH_KNOTS('',3,(#3042,#3043,#3044,#3045),
  .UNSPECIFIED.,.F.,.F.,(4,4),(-27.89054407062,0.),
  .PIECEWISE_BEZIER_KNOTS.);
#3042 = CARTESIAN_POINT('',(181.036788108,87.88710827296,7.815025036063)
  );
#3043 = CARTESIAN_POINT('',(190.3097104028,87.612782481447,
    7.207537877609));
#3044 = CARTESIAN_POINT('',(199.63050466204,87.612782481447,
    7.207537877609));
#3045 = CARTESIAN_POINT('',(208.90342695682,87.88710827296,
    7.815025036064));
#3046 = ORIENTED_EDGE('',*,*,#3047,.F.);
#3047 = EDGE_CURVE('',#3029,#3039,#3048,.T.);
#3048 = CIRCLE('',#3049,0.25);
#3049 = AXIS2_PLACEMENT_3D('',#3050,#3051,#3052);
#3050 = CARTESIAN_POINT('',(181.036788108,88.114954193472,7.712135597798
    ));
#3051 = DIRECTION('',(0.997426468768,-2.950739764987E-02,
    -6.534334614429E-02));
#3052 = DIRECTION('',(6.918071072434E-02,0.156766365567,0.985209792831)
  );
#3053 = B_SPLINE_SURFACE_WITH_KNOTS('',3,3,(
    (#3054,#3055,#3056,#3057)
    ,(#3058,#3059,#3060,#3061)
    ,(#3062,#3063,#3064,#3065)
    ,(#3066,#3067,#3068,#3069)
    ,(#3070,#3071,#3072,#3073
  )),.UNSPECIFIED.,.F.,.F.,.F.,(4,1,4),(4,4),(0.,0.571428571429,1.),(0.,
    27.89054407062),.UNSPECIFIED.);
#3054 = CARTESIAN_POINT('',(208.88613177914,88.154145784858,
    7.958438046006));
#3055 = CARTESIAN_POINT('',(199.62471979527,87.879945425382,
    7.351739174444));
#3056 = CARTESIAN_POINT('',(190.31549526956,87.879945425382,
    7.351739174444));
#3057 = CARTESIAN_POINT('',(181.05408328569,88.154145784858,
    7.958438046006));
#3058 = CARTESIAN_POINT('',(208.88730183927,88.092794717399,
    7.968282375133));
#3059 = CARTESIAN_POINT('',(199.62513076815,87.818604182765,
    7.361472552151));
#3060 = CARTESIAN_POINT('',(190.31508429668,87.818604182765,
    7.361472552151));
#3061 = CARTESIAN_POINT('',(181.05291322556,88.092794717399,
    7.968282375133));
#3062 = CARTESIAN_POINT('',(208.89228161534,87.979336845303,
    7.943503816802));
#3063 = CARTESIAN_POINT('',(199.62677796784,87.70514867414,
    7.336425578771));
#3064 = CARTESIAN_POINT('',(190.31343709698,87.70514867414,
    7.336425578771));
#3065 = CARTESIAN_POINT('',(181.04793344949,87.979336845303,
    7.943503816802));
#3066 = CARTESIAN_POINT('',(208.9000851554,87.906241674849,
    7.857395444918));
#3067 = CARTESIAN_POINT('',(199.62938589938,87.631969117851,
    7.250025529312));
#3068 = CARTESIAN_POINT('',(190.31082916545,87.631969117851,
    7.250025529311));
#3069 = CARTESIAN_POINT('',(181.04012990943,87.906241674849,
    7.857395444918));
#3070 = CARTESIAN_POINT('',(208.90342695682,87.88710827296,
    7.815025036064));
#3071 = CARTESIAN_POINT('',(199.63050466204,87.612782481447,
    7.207537877609));
#3072 = CARTESIAN_POINT('',(190.3097104028,87.612782481447,
    7.207537877609));
#3073 = CARTESIAN_POINT('',(181.036788108,87.88710827296,7.815025036063)
  );
#3074 = ADVANCED_FACE('',(#3075),#3107,.F.);
#3075 = FACE_BOUND('',#3076,.F.);
#3076 = EDGE_LOOP('',(#3077,#3088,#3097,#3106));
#3077 = ORIENTED_EDGE('',*,*,#3078,.F.);
#3078 = EDGE_CURVE('',#3079,#2979,#3081,.T.);
#3079 = VERTEX_POINT('',#3080);
#3080 = CARTESIAN_POINT('',(179.6099628467,100.18540149967,
    6.150721976214));
#3081 = B_SPLINE_CURVE_WITH_KNOTS('',3,(#3082,#3083,#3084,#3085,#3086,
    #3087),.UNSPECIFIED.,.F.,.F.,(4,1,1,4),(0.,0.964054559889,
    1.606757599815,2.249460639741),.UNSPECIFIED.);
#3082 = CARTESIAN_POINT('',(179.6099628467,100.18540149967,
    6.150721976214));
#3083 = CARTESIAN_POINT('',(179.6098695802,100.50276161932,
    6.100230936299));
#3084 = CARTESIAN_POINT('',(179.78242406833,101.02715170555,
    6.003293769432));
#3085 = CARTESIAN_POINT('',(180.34187280133,101.53642219584,
    5.880071188283));
#3086 = CARTESIAN_POINT('',(180.76301973348,101.65773632319,
    5.830287264659));
#3087 = CARTESIAN_POINT('',(180.97643747687,101.65907796455,
    5.815003723659));
#3088 = ORIENTED_EDGE('',*,*,#3089,.F.);
#3089 = EDGE_CURVE('',#3090,#3079,#3092,.T.);
#3090 = VERTEX_POINT('',#3091);
#3091 = CARTESIAN_POINT('',(179.36892720182,100.16424601357,
    6.018195486202));
#3092 = CIRCLE('',#3093,0.25);
#3093 = AXIS2_PLACEMENT_3D('',#3094,#3095,#3096);
#3094 = CARTESIAN_POINT('',(179.59087288058,100.14623048697,
    5.904548856322));
#3095 = DIRECTION('',(-2.905927422957E-04,0.987579337079,-0.157120872356
    ));
#3096 = DIRECTION('',(-0.887782715019,7.206210642778E-02,0.454586519521)
  );
#3097 = ORIENTED_EDGE('',*,*,#3098,.F.);
#3098 = EDGE_CURVE('',#2988,#3090,#3099,.T.);
#3099 = B_SPLINE_CURVE_WITH_KNOTS('',3,(#3100,#3101,#3102,#3103,#3104,
    #3105),.UNSPECIFIED.,.F.,.F.,(4,1,1,4),(-2.249460639741,
    -1.606757599815,-0.964054559889,0.),.UNSPECIFIED.);
#3100 = CARTESIAN_POINT('',(180.95904579906,101.86893610223,
    5.590496838503));
#3101 = CARTESIAN_POINT('',(180.70294231946,101.86478820753,
    5.637907491911));
#3102 = CARTESIAN_POINT('',(180.2150576439,101.7098078994,5.729921384403
    ));
#3103 = CARTESIAN_POINT('',(179.58491409795,101.12449185485,
    5.882467526305));
#3104 = CARTESIAN_POINT('',(179.3791450661,100.53348550812,
    5.979617720027));
#3105 = CARTESIAN_POINT('',(179.36892720182,100.16424601357,
    6.018195486203));
#3106 = ORIENTED_EDGE('',*,*,#2987,.T.);
#3107 = B_SPLINE_SURFACE_WITH_KNOTS('',3,3,(
    (#3108,#3109,#3110,#3111,#3112,#3113)
    ,(#3114,#3115,#3116,#3117,#3118,#3119)
    ,(#3120,#3121,#3122,#3123,#3124,#3125)
    ,(#3126,#3127,#3128,#3129,#3130,#3131)
    ,(#3132,#3133,#3134,#3135,#3136,#3137
    )),.UNSPECIFIED.,.F.,.F.,.F.,(4,1,4),(4,1,1,4),(0.,0.571428571429,1.
    ),(0.,0.964054559889,1.606757599815,2.249460639741),.UNSPECIFIED.);
#3108 = CARTESIAN_POINT('',(179.6099628467,100.18540149967,
    6.150721976214));
#3109 = CARTESIAN_POINT('',(179.6098695802,100.50276161932,
    6.100230936299));
#3110 = CARTESIAN_POINT('',(179.78242406833,101.02715170555,
    6.003293769432));
#3111 = CARTESIAN_POINT('',(180.34187280133,101.53642219584,
    5.880071188283));
#3112 = CARTESIAN_POINT('',(180.76301973348,101.65773632319,
    5.830287264659));
#3113 = CARTESIAN_POINT('',(180.97643747687,101.65907796455,
    5.815003723659));
#3114 = CARTESIAN_POINT('',(179.5544615847,100.18605341076,6.15492219594
    ));
#3115 = CARTESIAN_POINT('',(179.558647998,100.51516016282,6.102152840478
    ));
#3116 = CARTESIAN_POINT('',(179.73937272347,101.05343936248,
    6.002192873222));
#3117 = CARTESIAN_POINT('',(180.31438550887,101.58118322472,
    5.874778717491));
#3118 = CARTESIAN_POINT('',(180.75038064733,101.7144832693,
    5.822007295616));
#3119 = CARTESIAN_POINT('',(180.97534146866,101.7214548337,
    5.805155722346));
#3120 = CARTESIAN_POINT('',(179.45508730561,100.18189038717,
    6.128939405881));
#3121 = CARTESIAN_POINT('',(179.46697929769,100.53231765857,
    6.077742798064));
#3122 = CARTESIAN_POINT('',(179.66232918487,101.09566516957,
    5.975860320625));
#3123 = CARTESIAN_POINT('',(180.26439029535,101.65515967574,
    5.838401643458));
#3124 = CARTESIAN_POINT('',(180.72593920823,101.8080535963,
    5.772556591294));
#3125 = CARTESIAN_POINT('',(180.97037318916,101.82309182497,
    5.744667979655));
#3126 = CARTESIAN_POINT('',(179.38814217528,100.17007490081,
    6.054797274202));
#3127 = CARTESIAN_POINT('',(179.40023205614,100.53515038992,
    6.01226177612));
#3128 = CARTESIAN_POINT('',(179.60408884506,101.11887951719,
    5.913332410622));
#3129 = CARTESIAN_POINT('',(180.22702977057,101.69860377342,
    5.76493939253));
#3130 = CARTESIAN_POINT('',(180.70818002102,101.85551695939,
    5.680239216613));
#3131 = CARTESIAN_POINT('',(180.96244209769,101.86481822592,
    5.637564380086));
#3132 = CARTESIAN_POINT('',(179.36892720182,100.16424601357,
    6.018195486203));
#3133 = CARTESIAN_POINT('',(179.3791450661,100.53348550812,
    5.979617720027));
#3134 = CARTESIAN_POINT('',(179.58491409795,101.12449185485,
    5.882467526305));
#3135 = CARTESIAN_POINT('',(180.2150576439,101.7098078994,5.729921384403
    ));
#3136 = CARTESIAN_POINT('',(180.70294231946,101.86478820753,
    5.637907491911));
#3137 = CARTESIAN_POINT('',(180.95904579906,101.86893610223,
    5.590496838503));
#3138 = ADVANCED_FACE('',(#3139),#3171,.F.);
#3139 = FACE_BOUND('',#3140,.F.);
#3140 = EDGE_LOOP('',(#3141,#3152,#3153,#3164));
#3141 = ORIENTED_EDGE('',*,*,#3142,.F.);
#3142 = EDGE_CURVE('',#3029,#3143,#3145,.T.);
#3143 = VERTEX_POINT('',#3144);
#3144 = CARTESIAN_POINT('',(179.63636796933,89.661273799153,
    7.823272995944));
#3145 = B_SPLINE_CURVE_WITH_KNOTS('',3,(#3146,#3147,#3148,#3149,#3150,
    #3151),.UNSPECIFIED.,.F.,.F.,(4,1,1,4),(0.,0.654813137339,
    1.309626274678,2.291845980686),.UNSPECIFIED.);
#3146 = CARTESIAN_POINT('',(181.05408328569,88.154145784865,
    7.958438046006));
#3147 = CARTESIAN_POINT('',(180.8366442059,88.160583450517,
    7.972682099134));
#3148 = CARTESIAN_POINT('',(180.40600868401,88.284065616302,
    7.984036270212));
#3149 = CARTESIAN_POINT('',(179.82040298707,88.800039503018,
    7.94593651705));
#3150 = CARTESIAN_POINT('',(179.63642227882,89.337934320392,
    7.874718498444));
#3151 = CARTESIAN_POINT('',(179.63636796933,89.661273799153,
    7.823272995944));
#3152 = ORIENTED_EDGE('',*,*,#3047,.T.);
#3153 = ORIENTED_EDGE('',*,*,#3154,.F.);
#3154 = EDGE_CURVE('',#3155,#3039,#3157,.T.);
#3155 = VERTEX_POINT('',#3156);
#3156 = CARTESIAN_POINT('',(179.38146236538,89.635092743818,
    7.658992189341));
#3157 = B_SPLINE_CURVE_WITH_KNOTS('',3,(#3158,#3159,#3160,#3161,#3162,
    #3163),.UNSPECIFIED.,.F.,.F.,(4,1,1,4),(-2.291845980686,
    -1.309626274678,-0.654813137339,0.),.UNSPECIFIED.);
#3158 = CARTESIAN_POINT('',(179.38146236538,89.635092743818,
    7.658992189341));
#3159 = CARTESIAN_POINT('',(179.38905541658,89.262134154575,
    7.740018985729));
#3160 = CARTESIAN_POINT('',(179.61074239512,88.652793272355,
    7.837986423658));
#3161 = CARTESIAN_POINT('',(180.28045409505,88.058198761151,
    7.878342978056));
#3162 = CARTESIAN_POINT('',(180.78006037863,87.901679605449,
    7.847292863743));
#3163 = CARTESIAN_POINT('',(181.036788108,87.88710827296,7.815025036064)
  );
#3164 = ORIENTED_EDGE('',*,*,#3165,.F.);
#3165 = EDGE_CURVE('',#3143,#3155,#3166,.T.);
#3166 = CIRCLE('',#3167,0.25);
#3167 = AXIS2_PLACEMENT_3D('',#3168,#3169,#3170);
#3168 = CARTESIAN_POINT('',(179.61731082014,89.622102391862,
    7.577097396188));
#3169 = DIRECTION('',(1.660839731477E-04,-0.987577863459,0.157130315414)
  );
#3170 = DIRECTION('',(7.62285967765E-02,0.156685629176,0.984702399024));
#3171 = B_SPLINE_SURFACE_WITH_KNOTS('',3,3,(
    (#3172,#3173,#3174,#3175,#3176,#3177)
    ,(#3178,#3179,#3180,#3181,#3182,#3183)
    ,(#3184,#3185,#3186,#3187,#3188,#3189)
    ,(#3190,#3191,#3192,#3193,#3194,#3195)
    ,(#3196,#3197,#3198,#3199,#3200,#3201
    )),.UNSPECIFIED.,.F.,.F.,.F.,(4,1,4),(4,1,1,4),(0.,0.571428571429,1.
    ),(0.,0.654813137339,1.309626274678,2.291845980686),.UNSPECIFIED.);
#3172 = CARTESIAN_POINT('',(181.05408328569,88.154145784865,
    7.958438046006));
#3173 = CARTESIAN_POINT('',(180.8366442059,88.160583450517,
    7.972682099134));
#3174 = CARTESIAN_POINT('',(180.40600868401,88.284065616302,
    7.984036270212));
#3175 = CARTESIAN_POINT('',(179.82040298707,88.800039503018,
    7.94593651705));
#3176 = CARTESIAN_POINT('',(179.63642227882,89.337934320392,
    7.874718498444));
#3177 = CARTESIAN_POINT('',(179.63636796933,89.661273799153,
    7.823272995944));
#3178 = CARTESIAN_POINT('',(181.05291322556,88.092794717399,
    7.968282375134));
#3179 = CARTESIAN_POINT('',(180.82512618235,88.102739148431,
    7.982616439808));
#3180 = CARTESIAN_POINT('',(180.37825956589,88.235458986725,
    7.993634512624));
#3181 = CARTESIAN_POINT('',(179.77301394817,88.770255038966,
    7.954117841655));
#3182 = CARTESIAN_POINT('',(179.57862023037,89.324896607592,
    7.881159345086));
#3183 = CARTESIAN_POINT('',(179.57421501729,89.662010234308,
    7.827967250289));
#3184 = CARTESIAN_POINT('',(181.04793344948,87.979336845303,
    7.943503816805));
#3185 = CARTESIAN_POINT('',(180.80248116196,87.9959266777,7.962794565789
    ));
#3186 = CARTESIAN_POINT('',(180.32747513298,88.14554509455,
    7.978512117858));
#3187 = CARTESIAN_POINT('',(179.68797062653,88.713245269355,
    7.937381260204));
#3188 = CARTESIAN_POINT('',(179.47495341499,89.296606253942,
    7.856644505536));
#3189 = CARTESIAN_POINT('',(179.46277425213,89.656584047458,
    7.793980979322));
#3190 = CARTESIAN_POINT('',(181.04012990943,87.906241674849,
    7.857395444919));
#3191 = CARTESIAN_POINT('',(180.78530837414,87.922655994131,
    7.886043570423));
#3192 = CARTESIAN_POINT('',(180.29135388178,88.07903726853,
    7.912495570789));
#3193 = CARTESIAN_POINT('',(179.62855676412,88.667857485343,
    7.871703561094));
#3194 = CARTESIAN_POINT('',(179.40752018992,89.271001851572,
    7.778758085366));
#3195 = CARTESIAN_POINT('',(179.39696840151,89.642025419504,
    7.702548276674));
#3196 = CARTESIAN_POINT('',(181.036788108,87.88710827296,7.815025036064)
  );
#3197 = CARTESIAN_POINT('',(180.78006037863,87.901679605449,
    7.847292863743));
#3198 = CARTESIAN_POINT('',(180.28045409505,88.058198761151,
    7.878342978056));
#3199 = CARTESIAN_POINT('',(179.61074239512,88.652793272355,
    7.837986423658));
#3200 = CARTESIAN_POINT('',(179.38905541658,89.262134154575,
    7.740018985729));
#3201 = CARTESIAN_POINT('',(179.38146236538,89.635092743818,
    7.658992189341));
#3202 = ADVANCED_FACE('',(#3203),#3235,.F.);
#3203 = FACE_BOUND('',#3204,.F.);
#3204 = EDGE_LOOP('',(#3205,#3219,#3220,#3234));
#3205 = ORIENTED_EDGE('',*,*,#3206,.F.);
#3206 = EDGE_CURVE('',#3143,#3079,#3207,.T.);
#3207 = B_SPLINE_CURVE_WITH_KNOTS('',3,(#3208,#3209,#3210,#3211,#3212,
    #3213,#3214,#3215,#3216,#3217,#3218),.UNSPECIFIED.,.F.,.F.,(4,1,1,1,
    1,1,1,1,4),(0.,0.761159900266,1.522319800531,4.566959401594,
    6.089279202125,7.611599002656,9.133918803187,9.895078703453,
    10.656238603718),.UNSPECIFIED.);
#3208 = CARTESIAN_POINT('',(179.63636796934,89.66127379916,
    7.823272995943));
#3209 = CARTESIAN_POINT('',(179.63632588283,89.911842021211,
    7.783405893592));
#3210 = CARTESIAN_POINT('',(179.63538750883,90.412988032738,
    7.703736294274));
#3211 = CARTESIAN_POINT('',(179.63252292018,91.916426015392,
    7.464731355649));
#3212 = CARTESIAN_POINT('',(179.62831069805,93.670445915013,
    7.185958286437));
#3213 = CARTESIAN_POINT('',(179.62293389115,95.675045238437,
    6.867403428311));
#3214 = CARTESIAN_POINT('',(179.618583595,97.178497718043,6.62851150769)
  );
#3215 = CARTESIAN_POINT('',(179.6146132487,98.431378101857,
    6.429461218367));
#3216 = CARTESIAN_POINT('',(179.61165545287,99.433680065034,
    6.270204473085));
#3217 = CARTESIAN_POINT('',(179.61003648437,99.934832904204,
    6.190586685646));
#3218 = CARTESIAN_POINT('',(179.6099628467,100.18540149967,
    6.150721976214));
#3219 = ORIENTED_EDGE('',*,*,#3165,.T.);
#3220 = ORIENTED_EDGE('',*,*,#3221,.F.);
#3221 = EDGE_CURVE('',#3090,#3155,#3222,.T.);
#3222 = B_SPLINE_CURVE_WITH_KNOTS('',3,(#3223,#3224,#3225,#3226,#3227,
    #3228,#3229,#3230,#3231,#3232,#3233),.UNSPECIFIED.,.F.,.F.,(4,1,1,1,
    1,1,1,1,4),(-10.65623860371,-9.895078703453,-9.133918803187,
    -7.611599002656,-6.089279202125,-4.566959401594,-1.522319800531,
    -0.761159900266,0.),.UNSPECIFIED.);
#3223 = CARTESIAN_POINT('',(179.36892720182,100.16424601357,
    6.018195486203));
#3224 = CARTESIAN_POINT('',(179.36863025976,99.912032053195,
    6.057597114844));
#3225 = CARTESIAN_POINT('',(179.36937540036,99.41127440433,
    6.135423494996));
#3226 = CARTESIAN_POINT('',(179.37046884963,98.407942888087,
    6.291039309177));
#3227 = CARTESIAN_POINT('',(179.37224843039,97.154672284545,
    6.485455358958));
#3228 = CARTESIAN_POINT('',(179.37428706908,95.650328076932,
    6.719207824795));
#3229 = CARTESIAN_POINT('',(179.37699628698,93.644947603032,
    7.031414107056));
#3230 = CARTESIAN_POINT('',(179.37936648963,91.890057731165,7.3054229578
    ));
#3231 = CARTESIAN_POINT('',(179.38096812076,90.386453646483,
    7.540909543015));
#3232 = CARTESIAN_POINT('',(179.38156756932,89.884820233812,
    7.619682781758));
#3233 = CARTESIAN_POINT('',(179.38146236539,89.635092743818,
    7.658992189339));
#3234 = ORIENTED_EDGE('',*,*,#3089,.T.);
#3235 = B_SPLINE_SURFACE_WITH_KNOTS('',3,3,(
    (#3236,#3237,#3238,#3239,#3240,#3241,#3242,#3243,#3244,#3245,#3246)
    ,(#3247,#3248,#3249,#3250,#3251,#3252,#3253,#3254,#3255,#3256,#3257)
    ,(#3258,#3259,#3260,#3261,#3262,#3263,#3264,#3265,#3266,#3267,#3268)
    ,(#3269,#3270,#3271,#3272,#3273,#3274,#3275,#3276,#3277,#3278,#3279)
    ,(#3280,#3281,#3282,#3283,#3284,#3285,#3286,#3287,#3288,#3289,#3290
    )),.UNSPECIFIED.,.F.,.F.,.F.,(4,1,4),(4,1,1,1,1,1,1,1,4),(0.,
    0.571428571429,1.),(0.,0.761159900266,1.522319800531,4.566959401594,
    6.089279202125,7.611599002656,9.133918803187,9.895078703453,
    10.656238603718),.UNSPECIFIED.);
#3236 = CARTESIAN_POINT('',(179.63636796934,89.66127379916,
    7.823272995943));
#3237 = CARTESIAN_POINT('',(179.63632588283,89.911842021211,
    7.783405893592));
#3238 = CARTESIAN_POINT('',(179.63538750883,90.412988032738,
    7.703736294274));
#3239 = CARTESIAN_POINT('',(179.63252292018,91.916426015392,
    7.464731355649));
#3240 = CARTESIAN_POINT('',(179.62831069805,93.670445915013,
    7.185958286437));
#3241 = CARTESIAN_POINT('',(179.62293389115,95.675045238437,
    6.867403428311));
#3242 = CARTESIAN_POINT('',(179.618583595,97.178497718043,6.62851150769)
  );
#3243 = CARTESIAN_POINT('',(179.6146132487,98.431378101857,
    6.429461218367));
#3244 = CARTESIAN_POINT('',(179.61165545287,99.433680065034,
    6.270204473085));
#3245 = CARTESIAN_POINT('',(179.61003648437,99.934832904204,
    6.190586685646));
#3246 = CARTESIAN_POINT('',(179.6099628467,100.18540149967,
    6.150721976214));
#3247 = CARTESIAN_POINT('',(179.57421501729,89.662010234315,
    7.827967250289));
#3248 = CARTESIAN_POINT('',(179.57425796655,89.912342627591,
    7.788128986364));
#3249 = CARTESIAN_POINT('',(179.57351261442,90.413574285798,
    7.708433163694));
#3250 = CARTESIAN_POINT('',(179.57135651288,91.916905505146,
    7.469385865936));
#3251 = CARTESIAN_POINT('',(179.56811920659,93.670950046573,
    7.190561359955));
#3252 = CARTESIAN_POINT('',(179.56405995997,95.675479342375,
    6.871908475062));
#3253 = CARTESIAN_POINT('',(179.56079373675,97.178938402256,
    6.632928640573));
#3254 = CARTESIAN_POINT('',(179.55779552436,98.43172804093,
    6.433822295633));
#3255 = CARTESIAN_POINT('',(179.55563705904,99.4341267247,6.274478292843
    ));
#3256 = CARTESIAN_POINT('',(179.55438140167,99.935115736022,
    6.19486032033));
#3257 = CARTESIAN_POINT('',(179.5544615847,100.18605341076,6.15492219594
    ));
#3258 = CARTESIAN_POINT('',(179.46277425213,89.656584047472,
    7.793980979322));
#3259 = CARTESIAN_POINT('',(179.46296912933,89.90652746585,
    7.754318648164));
#3260 = CARTESIAN_POINT('',(179.46257505291,90.407950302913,
    7.674845662755));
#3261 = CARTESIAN_POINT('',(179.46169645834,91.91125703686,7.43673573078
    ));
#3262 = CARTESIAN_POINT('',(179.46025100814,93.665548311736,
    7.15910617824));
#3263 = CARTESIAN_POINT('',(179.45857308628,95.670241547858,
    6.842079426087));
#3264 = CARTESIAN_POINT('',(179.45727032968,97.173941192588,
    6.604388112016));
#3265 = CARTESIAN_POINT('',(179.4560409888,98.42677084286,6.40642922497)
  );
#3266 = CARTESIAN_POINT('',(179.45532432462,99.42950321301,
    6.247973583969));
#3267 = CARTESIAN_POINT('',(179.454730181,99.930278840933,6.168806281346
    ));
#3268 = CARTESIAN_POINT('',(179.45508730561,100.18189038716,
    6.12893940588));
#3269 = CARTESIAN_POINT('',(179.39696840152,89.642025419511,
    7.702548276673));
#3270 = CARTESIAN_POINT('',(179.3971314458,89.891784312116,
    7.663145736822));
#3271 = CARTESIAN_POINT('',(179.39666257306,90.393370233069,
    7.584176674842));
#3272 = CARTESIAN_POINT('',(179.39553182925,91.896880354034,
    7.347961994349));
#3273 = CARTESIAN_POINT('',(179.39377791853,93.651607400687,
    7.072933748764));
#3274 = CARTESIAN_POINT('',(179.39183162734,95.656786671367,
    6.759352795711));
#3275 = CARTESIAN_POINT('',(179.39037909019,97.160948240948,
    6.524464004829));
#3276 = CARTESIAN_POINT('',(179.38908336094,98.414082126619,
    6.329015985604));
#3277 = CARTESIAN_POINT('',(179.38836253724,99.417250674043,
    6.172563537687));
#3278 = CARTESIAN_POINT('',(179.3877779481,99.91799509251,6.094343608039
    ));
#3279 = CARTESIAN_POINT('',(179.38814217528,100.17007490081,
    6.054797274202));
#3280 = CARTESIAN_POINT('',(179.38146236539,89.635092743818,
    7.658992189339));
#3281 = CARTESIAN_POINT('',(179.38156756932,89.884820233812,
    7.619682781758));
#3282 = CARTESIAN_POINT('',(179.38096812076,90.386453646483,
    7.540909543015));
#3283 = CARTESIAN_POINT('',(179.37936648963,91.890057731165,7.3054229578
    ));
#3284 = CARTESIAN_POINT('',(179.37699628698,93.644947603032,
    7.031414107056));
#3285 = CARTESIAN_POINT('',(179.37428706908,95.650328076932,
    6.719207824795));
#3286 = CARTESIAN_POINT('',(179.37224843039,97.154672284545,
    6.485455358958));
#3287 = CARTESIAN_POINT('',(179.37046884963,98.407942888087,
    6.291039309177));
#3288 = CARTESIAN_POINT('',(179.36937540036,99.41127440433,
    6.135423494996));
#3289 = CARTESIAN_POINT('',(179.36863025976,99.912032053195,
    6.057597114844));
#3290 = CARTESIAN_POINT('',(179.36892720182,100.16424601357,
    6.018195486203));
#3291 = ADVANCED_FACE('',(#3292),#3308,.T.);
#3292 = FACE_BOUND('',#3293,.T.);
#3293 = EDGE_LOOP('',(#3294,#3295,#3301,#3302));
#3294 = ORIENTED_EDGE('',*,*,#3098,.F.);
#3295 = ORIENTED_EDGE('',*,*,#3296,.T.);
#3296 = EDGE_CURVE('',#2988,#2697,#3297,.T.);
#3297 = LINE('',#3298,#3299);
#3298 = CARTESIAN_POINT('',(181.19510753241,101.84185808427,5.9));
#3299 = VECTOR('',#3300,1.);
#3300 = DIRECTION('',(-0.604987123112,6.93964750271E-02,-0.793205339192)
  );
#3301 = ORIENTED_EDGE('',*,*,#2696,.F.);
#3302 = ORIENTED_EDGE('',*,*,#3303,.F.);
#3303 = EDGE_CURVE('',#3090,#2689,#3304,.T.);
#3304 = LINE('',#3305,#3306);
#3305 = CARTESIAN_POINT('',(179.44510753241,100.113600291,6.174999999999
    ));
#3306 = VECTOR('',#3307,1.);
#3307 = DIRECTION('',(-0.419638213192,0.278981206326,-0.863755322152));
#3308 = B_SPLINE_SURFACE_WITH_KNOTS('',3,3,(
    (#3309,#3310,#3311,#3312)
    ,(#3313,#3314,#3315,#3316)
    ,(#3317,#3318,#3319,#3320)
    ,(#3321,#3322,#3323,#3324)
    ,(#3325,#3326,#3327,#3328)
    ,(#3329,#3330,#3331,#3332)
    ,(#3333,#3334,#3335,#3336
    )),.UNSPECIFIED.,.F.,.F.,.F.,(4,1,1,1,4),(4,4),(0.,0.285714285714,
    0.571428571429,0.714285714286,1.),(2.290160347127E-02,1.),
  .UNSPECIFIED.);
#3309 = CARTESIAN_POINT('',(179.376402722,100.15927618583,6.033582598564
    ));
#3310 = CARTESIAN_POINT('',(178.39930432547,100.80886452358,
    4.022388399044));
#3311 = CARTESIAN_POINT('',(177.42220592894,101.45845286132,
    2.011194199523));
#3312 = CARTESIAN_POINT('',(176.44510753241,102.10804119907,
    2.567723811353E-12));
#3313 = CARTESIAN_POINT('',(179.376402722,100.41275832967,5.993384864531
    ));
#3314 = CARTESIAN_POINT('',(178.39935651307,100.99037834231,
    3.995578918057));
#3315 = CARTESIAN_POINT('',(177.42215374134,101.56782109897,
    1.997805946476));
#3316 = CARTESIAN_POINT('',(176.44510753241,102.14544111162,
    2.567723811353E-12));
#3317 = CARTESIAN_POINT('',(179.49354080735,100.91967309636,
    5.912997249608));
#3318 = CARTESIAN_POINT('',(178.48311262642,101.35314863473,
    3.942006470695));
#3319 = CARTESIAN_POINT('',(177.47260479061,101.78675809179,
    1.970990778915));
#3320 = CARTESIAN_POINT('',(176.46217660967,102.22023363016,
    2.569500168192E-12));
#3321 = CARTESIAN_POINT('',(179.90390801227,101.4272871824,
    5.832498735142));
#3322 = CARTESIAN_POINT('',(178.7766461937,101.71650612235,
    3.888343982224));
#3323 = CARTESIAN_POINT('',(177.64923614051,102.0059103895,
    1.944154752921));
#3324 = CARTESIAN_POINT('',(176.52197432194,102.29512932945,
    2.568611989773E-12));
#3325 = CARTESIAN_POINT('',(180.45090170528,101.7665061015,5.77870468211
    ));
#3326 = CARTESIAN_POINT('',(179.16783598886,101.95937844836,
    3.852473266527));
#3327 = CARTESIAN_POINT('',(177.8847466306,102.15230689031,
    1.926231415585));
#3328 = CARTESIAN_POINT('',(176.60168091417,102.34517923717,
    2.568611989773E-12));
#3329 = CARTESIAN_POINT('',(180.83539003679,101.85367950529,
    5.764880539519));
#3330 = CARTESIAN_POINT('',(179.44288648238,102.02165419449,
    3.843280830183));
#3331 = CARTESIAN_POINT('',(178.05021117428,102.19006650987,
    1.921599709339));
#3332 = CARTESIAN_POINT('',(176.65770761987,102.35804119907,
    2.567723811353E-12));
#3333 = CARTESIAN_POINT('',(181.09205031679,101.85367950529,
    5.764880539519));
#3334 = CARTESIAN_POINT('',(179.626402722,102.02180006988,3.843253693014
    ));
#3335 = CARTESIAN_POINT('',(178.1607551272,102.18992063448,
    1.921626846508));
#3336 = CARTESIAN_POINT('',(176.69510753241,102.35804119907,
    2.567723811353E-12));
#3337 = ADVANCED_FACE('',(#3338),#3349,.T.);
#3338 = FACE_BOUND('',#3339,.T.);
#3339 = EDGE_LOOP('',(#3340,#3341,#3347,#3348));
#3340 = ORIENTED_EDGE('',*,*,#2996,.F.);
#3341 = ORIENTED_EDGE('',*,*,#3342,.T.);
#3342 = EDGE_CURVE('',#2849,#2706,#3343,.T.);
#3343 = LINE('',#3344,#3345);
#3344 = CARTESIAN_POINT('',(208.74510753241,101.84185808427,5.9));
#3345 = VECTOR('',#3346,1.);
#3346 = DIRECTION('',(0.604987123112,6.93964750271E-02,-0.793205339192)
  );
#3347 = ORIENTED_EDGE('',*,*,#2705,.F.);
#3348 = ORIENTED_EDGE('',*,*,#3296,.F.);
#3349 = PLANE('',#3350);
#3350 = AXIS2_PLACEMENT_3D('',#3351,#3352,#3353);
#3351 = CARTESIAN_POINT('',(200.24510753241,101.84185808427,5.9));
#3352 = DIRECTION('',(7.651222648233E-18,0.996194698092,
    8.715574274718E-02));
#3353 = DIRECTION('',(0.,-8.715574274718E-02,0.996194698092));
#3354 = ADVANCED_FACE('',(#3355),#3366,.T.);
#3355 = FACE_BOUND('',#3356,.T.);
#3356 = EDGE_LOOP('',(#3357,#3358,#3364,#3365));
#3357 = ORIENTED_EDGE('',*,*,#2857,.F.);
#3358 = ORIENTED_EDGE('',*,*,#3359,.T.);
#3359 = EDGE_CURVE('',#2752,#2653,#3360,.T.);
#3360 = LINE('',#3361,#3362);
#3361 = CARTESIAN_POINT('',(210.49510753241,100.113600291,6.174999999999
    ));
#3362 = VECTOR('',#3363,1.);
#3363 = DIRECTION('',(0.419638213192,0.278981206326,-0.863755322152));
#3364 = ORIENTED_EDGE('',*,*,#2713,.F.);
#3365 = ORIENTED_EDGE('',*,*,#3342,.F.);
#3366 = B_SPLINE_SURFACE_WITH_KNOTS('',3,3,(
    (#3367,#3368,#3369,#3370)
    ,(#3371,#3372,#3373,#3374)
    ,(#3375,#3376,#3377,#3378)
    ,(#3379,#3380,#3381,#3382)
    ,(#3383,#3384,#3385,#3386)
    ,(#3387,#3388,#3389,#3390)
    ,(#3391,#3392,#3393,#3394
    )),.UNSPECIFIED.,.F.,.F.,.F.,(4,1,1,1,4),(4,4),(0.,0.285714285714,
    0.571428571429,0.714285714286,1.),(2.267197411428E-02,1.),
  .UNSPECIFIED.);
#3367 = CARTESIAN_POINT('',(208.84713141593,101.85356097449,
    5.766235352725));
#3368 = CARTESIAN_POINT('',(210.31312345476,102.02172104935,
    3.844156901818));
#3369 = CARTESIAN_POINT('',(211.77911549358,102.18988112421,
    1.92207845091));
#3370 = CARTESIAN_POINT('',(213.24510753241,102.35804119907,
    2.565947454514E-12));
#3371 = CARTESIAN_POINT('',(209.10384322463,101.85356097449,
    5.766235352725));
#3372 = CARTESIAN_POINT('',(210.49679126652,102.02166960611,
    3.844166471793));
#3373 = CARTESIAN_POINT('',(211.88955940308,102.18993256745,
    1.922068880935));
#3374 = CARTESIAN_POINT('',(213.28250744496,102.35804119907,
    2.565947454514E-12));
#3375 = CARTESIAN_POINT('',(209.61721669013,101.7378501934,
    5.784585649055));
#3376 = CARTESIAN_POINT('',(210.86386580783,101.93886466331,
    3.856395301644));
#3377 = CARTESIAN_POINT('',(212.1106508458,102.13995765192,
    1.928190347414));
#3378 = CARTESIAN_POINT('',(213.3572999635,102.34097212183,
    2.566391543724E-12));
#3379 = CARTESIAN_POINT('',(210.13129838511,101.33248323105,
    5.848871827151));
#3380 = CARTESIAN_POINT('',(211.23153477861,101.64866491712,
    3.899256945678));
#3381 = CARTESIAN_POINT('',(212.33195926929,101.96499272349,
    1.949614881475));
#3382 = CARTESIAN_POINT('',(213.43219566279,102.28117440956,
    2.566391543724E-12));
#3383 = CARTESIAN_POINT('',(210.47483935784,100.79215454716,
    5.934561262231));
#3384 = CARTESIAN_POINT('',(211.47728911757,101.26191786901,
    3.956375619939));
#3385 = CARTESIAN_POINT('',(212.47979581079,101.73170449547,
    1.978185642295));
#3386 = CARTESIAN_POINT('',(213.48224557051,102.20146781732,
    2.566391543724E-12));
#3387 = CARTESIAN_POINT('',(210.56312345475,100.41235112929,
    5.994793378881));
#3388 = CARTESIAN_POINT('',(211.54030342493,100.98999135542,
    3.99653941778));
#3389 = CARTESIAN_POINT('',(212.51792756223,101.56780088548,
    1.998253961104));
#3390 = CARTESIAN_POINT('',(213.49510753241,102.14544111162,
    2.565947454514E-12));
#3391 = CARTESIAN_POINT('',(210.56312345475,100.15881820364,
    6.035000559844));
#3392 = CARTESIAN_POINT('',(211.54045148064,100.80855920212,
    4.023333706563));
#3393 = CARTESIAN_POINT('',(212.51777950653,101.45830020059,
    2.011666853283));
#3394 = CARTESIAN_POINT('',(213.49510753241,102.10804119907,
    2.565947454514E-12));
#3395 = ADVANCED_FACE('',(#3396),#3407,.T.);
#3396 = FACE_BOUND('',#3397,.T.);
#3397 = EDGE_LOOP('',(#3398,#3399,#3400,#3401));
#3398 = ORIENTED_EDGE('',*,*,#2652,.F.);
#3399 = ORIENTED_EDGE('',*,*,#3359,.F.);
#3400 = ORIENTED_EDGE('',*,*,#2760,.F.);
#3401 = ORIENTED_EDGE('',*,*,#3402,.T.);
#3402 = EDGE_CURVE('',#2761,#2655,#3403,.T.);
#3403 = LINE('',#3404,#3405);
#3404 = CARTESIAN_POINT('',(210.49510753241,89.744053531394,
    7.824999999996));
#3405 = VECTOR('',#3406,1.);
#3406 = DIRECTION('',(0.305219238612,-0.522536591191,-0.796113514046));
#3407 = B_SPLINE_SURFACE_WITH_KNOTS('',3,3,(
    (#3408,#3409,#3410,#3411)
    ,(#3412,#3413,#3414,#3415)
    ,(#3416,#3417,#3418,#3419)
    ,(#3420,#3421,#3422,#3423
    )),.UNSPECIFIED.,.F.,.F.,.F.,(4,4),(4,4),(0.,1.),(2.116835503499E-02
    ,1.),.PIECEWISE_BEZIER_KNOTS.);
#3408 = CARTESIAN_POINT('',(210.55861259752,100.15581932424,
    6.044285407658));
#3409 = CARTESIAN_POINT('',(211.53744424249,100.80655994918,
    4.029523605106));
#3410 = CARTESIAN_POINT('',(212.51627588745,101.45730057413,
    2.014761802555));
#3411 = CARTESIAN_POINT('',(213.49510753241,102.10804119907,
    2.565947454514E-12));
#3412 = CARTESIAN_POINT('',(210.55861259752,99.267290262302,
    6.185227046634));
#3413 = CARTESIAN_POINT('',(211.53744424249,100.17057400992,
    4.123484697757));
#3414 = CARTESIAN_POINT('',(212.51627588745,101.07385775755,
    2.06174234888));
#3415 = CARTESIAN_POINT('',(213.49510753241,101.97714150518,
    2.565947454514E-12));
#3416 = CARTESIAN_POINT('',(210.55861259752,90.523861660826,
    7.518415982872));
#3417 = CARTESIAN_POINT('',(211.53744424249,88.595554738211,
    5.012277321915));
#3418 = CARTESIAN_POINT('',(212.51627588745,86.667247815589,
    2.506138660959));
#3419 = CARTESIAN_POINT('',(213.49510753241,84.738940892974,
    2.565947454514E-12));
#3420 = CARTESIAN_POINT('',(210.55861259752,89.635332598882,
    7.659357621847));
#3421 = CARTESIAN_POINT('',(211.53744424249,87.95956879895,
    5.106238414566));
#3422 = CARTESIAN_POINT('',(212.51627588745,86.28380499901,
    2.553119207284));
#3423 = CARTESIAN_POINT('',(213.49510753241,84.608041199077,
    2.565947454514E-12));
#3424 = ADVANCED_FACE('',(#3425),#3435,.T.);
#3425 = FACE_BOUND('',#3426,.T.);
#3426 = EDGE_LOOP('',(#3427,#3428,#3429,#3430,#3431,#3432,#3433,#3434));
#3427 = ORIENTED_EDGE('',*,*,#2734,.F.);
#3428 = ORIENTED_EDGE('',*,*,#2836,.F.);
#3429 = ORIENTED_EDGE('',*,*,#2978,.F.);
#3430 = ORIENTED_EDGE('',*,*,#3078,.F.);
#3431 = ORIENTED_EDGE('',*,*,#3206,.F.);
#3432 = ORIENTED_EDGE('',*,*,#3142,.F.);
#3433 = ORIENTED_EDGE('',*,*,#3028,.F.);
#3434 = ORIENTED_EDGE('',*,*,#2907,.F.);
#3435 = ( BOUNDED_SURFACE() B_SPLINE_SURFACE(1,2,(
    (#3436,#3437,#3438)
    ,(#3439,#3440,#3441
)),.UNSPECIFIED.,.F.,.F.,.F.) B_SPLINE_SURFACE_WITH_KNOTS((2,2),(3,3),(
    -1.078373805636E-12,0.166108024806),(-1.766160024889E-17,
    0.222585034387),.PIECEWISE_BEZIER_KNOTS.) 
GEOMETRIC_REPRESENTATION_ITEM() RATIONAL_B_SPLINE_SURFACE((
    (1.,0.993813377403,1.)
,(1.,0.993813377403,1.))) REPRESENTATION_ITEM('') SURFACE() );
#3436 = CARTESIAN_POINT('',(176.01941953443,109.78876841667,
    4.933853507049));
#3437 = CARTESIAN_POINT('',(198.39933819104,109.45596800655,
    2.84234477099));
#3438 = CARTESIAN_POINT('',(220.69465792692,109.90772685152,
    5.681456569307));
#3439 = CARTESIAN_POINT('',(176.01941953443,76.790492721317,
    10.184531878673));
#3440 = CARTESIAN_POINT('',(198.39933819104,76.457692311204,
    8.093023142615));
#3441 = CARTESIAN_POINT('',(220.69465792692,76.909451156171,
    10.932134940931));
#3442 = ADVANCED_FACE('',(#3443),#3454,.T.);
#3443 = FACE_BOUND('',#3444,.T.);
#3444 = EDGE_LOOP('',(#3445,#3446,#3452,#3453));
#3445 = ORIENTED_EDGE('',*,*,#2688,.F.);
#3446 = ORIENTED_EDGE('',*,*,#3447,.F.);
#3447 = EDGE_CURVE('',#3155,#2680,#3448,.T.);
#3448 = LINE('',#3449,#3450);
#3449 = CARTESIAN_POINT('',(179.44510753241,89.744053531394,
    7.824999999996));
#3450 = VECTOR('',#3451,1.);
#3451 = DIRECTION('',(-0.305219238612,-0.522536591191,-0.796113514046));
#3452 = ORIENTED_EDGE('',*,*,#3221,.F.);
#3453 = ORIENTED_EDGE('',*,*,#3303,.T.);
#3454 = B_SPLINE_SURFACE_WITH_KNOTS('',3,3,(
    (#3455,#3456,#3457,#3458)
    ,(#3459,#3460,#3461,#3462)
    ,(#3463,#3464,#3465,#3466)
    ,(#3467,#3468,#3469,#3470
    )),.UNSPECIFIED.,.F.,.F.,.F.,(4,4),(4,4),(0.,1.),(2.118379564179E-02
    ,1.),.PIECEWISE_BEZIER_KNOTS.);
#3455 = CARTESIAN_POINT('',(179.38155614549,89.635253295732,
    7.659236799099));
#3456 = CARTESIAN_POINT('',(178.40273994113,87.959515930183,
    5.106157866067));
#3457 = CARTESIAN_POINT('',(177.42392373677,86.283778564626,
    2.553078933035));
#3458 = CARTESIAN_POINT('',(176.44510753241,84.608041199077,
    2.567723811353E-12));
#3459 = CARTESIAN_POINT('',(179.38155614549,90.523770406428,
    7.518297383411));
#3460 = CARTESIAN_POINT('',(178.40273994113,88.595493901943,
    5.012198255608));
#3461 = CARTESIAN_POINT('',(177.42392373677,86.667217397458,
    2.506099127805));
#3462 = CARTESIAN_POINT('',(176.44510753241,84.738940892974,
    2.567723811353E-12));
#3463 = CARTESIAN_POINT('',(179.38155614549,99.267333008931,
    6.185129477599));
#3464 = CARTESIAN_POINT('',(178.40273994113,100.17060250767,
    4.123419651734));
#3465 = CARTESIAN_POINT('',(177.42392373677,101.07387200643,
    2.061709825868));
#3466 = CARTESIAN_POINT('',(176.44510753241,101.97714150518,
    2.567723811353E-12));
#3467 = CARTESIAN_POINT('',(179.38155614549,100.15585011962,
    6.044190061911));
#3468 = CARTESIAN_POINT('',(178.40273994113,100.80658047944,
    4.029460041275));
#3469 = CARTESIAN_POINT('',(177.42392373677,101.45731083925,
    2.014730020639));
#3470 = CARTESIAN_POINT('',(176.44510753241,102.10804119907,
    2.567723811353E-12));
#3471 = ADVANCED_FACE('',(#3472),#3483,.T.);
#3472 = FACE_BOUND('',#3473,.T.);
#3473 = EDGE_LOOP('',(#3474,#3475,#3476,#3477));
#3474 = ORIENTED_EDGE('',*,*,#3154,.F.);
#3475 = ORIENTED_EDGE('',*,*,#3447,.T.);
#3476 = ORIENTED_EDGE('',*,*,#2679,.F.);
#3477 = ORIENTED_EDGE('',*,*,#3478,.F.);
#3478 = EDGE_CURVE('',#3039,#2672,#3479,.T.);
#3479 = LINE('',#3480,#3481);
#3480 = CARTESIAN_POINT('',(181.19510753241,88.015795738123,
    8.099999999995));
#3481 = VECTOR('',#3482,1.);
#3482 = DIRECTION('',(-0.451721702092,-0.367174912492,-0.813099063765));
#3483 = B_SPLINE_SURFACE_WITH_KNOTS('',3,3,(
    (#3484,#3485,#3486,#3487)
    ,(#3488,#3489,#3490,#3491)
    ,(#3492,#3493,#3494,#3495)
    ,(#3496,#3497,#3498,#3499)
    ,(#3500,#3501,#3502,#3503)
    ,(#3504,#3505,#3506,#3507)
    ,(#3508,#3509,#3510,#3511
    )),.UNSPECIFIED.,.F.,.F.,.F.,(4,1,1,1,4),(4,4),(0.,0.285714285714,
    0.571428571429,0.714285714286,1.),(1.903797333855E-02,1.),
  .UNSPECIFIED.);
#3484 = CARTESIAN_POINT('',(181.10943665239,87.946159504725,
    7.945792415953));
#3485 = CARTESIAN_POINT('',(179.63799361239,86.750120069504,
    5.29719494397));
#3486 = CARTESIAN_POINT('',(178.1665505724,85.554080634298,
    2.648597471986));
#3487 = CARTESIAN_POINT('',(176.69510753241,84.358041199077,
    2.567723811353E-12));
#3488 = CARTESIAN_POINT('',(180.85190937581,87.946159504725,
    7.945792415953));
#3489 = CARTESIAN_POINT('',(179.45378193241,86.750171704029,
    5.297185338411));
#3490 = CARTESIAN_POINT('',(178.05583506327,85.554028999773,
    2.648607077545));
#3491 = CARTESIAN_POINT('',(176.65770761987,84.358041199077,
    2.567723811353E-12));
#3492 = CARTESIAN_POINT('',(180.33690513381,88.062237065395,
    7.927373887692));
#3493 = CARTESIAN_POINT('',(179.08562059818,86.833221072564,
    5.284911038089));
#3494 = CARTESIAN_POINT('',(177.83419963696,85.604126269143,
    2.642462849606));
#3495 = CARTESIAN_POINT('',(176.58291510132,84.375110276313,
    2.567279722143E-12));
#3496 = CARTESIAN_POINT('',(179.82119041267,88.468888958603,
    7.862848674166));
#3497 = CARTESIAN_POINT('',(178.71686300796,87.124277523122,
    5.241890021513));
#3498 = CARTESIAN_POINT('',(177.61234680673,85.779519424068,
    2.620958652656));
#3499 = CARTESIAN_POINT('',(176.50801940201,84.434907988587,
    2.567723811353E-12));
#3500 = CARTESIAN_POINT('',(179.4765581515,89.010930374556,
    7.776840619885));
#3501 = CARTESIAN_POINT('',(178.47038098081,87.512166240383,
    5.18455896277));
#3502 = CARTESIAN_POINT('',(177.46414666499,86.01337871499,
    2.592281657118));
#3503 = CARTESIAN_POINT('',(176.4579694943,84.514614580818,
    2.566835632933E-12));
#3504 = CARTESIAN_POINT('',(179.38799361239,89.391937692075,
    7.716384542027));
#3505 = CARTESIAN_POINT('',(178.40718019196,87.784895534714,
    5.14424582379));
#3506 = CARTESIAN_POINT('',(177.42592095285,86.177683443893,
    2.572138718239));
#3507 = CARTESIAN_POINT('',(176.44510753241,84.570641286533,
    2.567723811353E-12));
#3508 = CARTESIAN_POINT('',(179.38799361239,89.646274265542,
    7.676027858622));
#3509 = CARTESIAN_POINT('',(178.40703158573,87.966863243389,
    5.117351905749));
#3510 = CARTESIAN_POINT('',(177.42606955907,86.28745222123,
    2.558675952876));
#3511 = CARTESIAN_POINT('',(176.44510753241,84.608041199077,
    2.567723811353E-12));
#3512 = ADVANCED_FACE('',(#3513),#3524,.T.);
#3513 = FACE_BOUND('',#3514,.T.);
#3514 = EDGE_LOOP('',(#3515,#3516,#3522,#3523));
#3515 = ORIENTED_EDGE('',*,*,#2920,.F.);
#3516 = ORIENTED_EDGE('',*,*,#3517,.T.);
#3517 = EDGE_CURVE('',#2921,#2663,#3518,.T.);
#3518 = LINE('',#3519,#3520);
#3519 = CARTESIAN_POINT('',(208.74510753241,88.015795738123,
    8.099999999995));
#3520 = VECTOR('',#3521,1.);
#3521 = DIRECTION('',(0.451721702092,-0.367174912492,-0.813099063765));
#3522 = ORIENTED_EDGE('',*,*,#2662,.F.);
#3523 = ORIENTED_EDGE('',*,*,#3402,.F.);
#3524 = B_SPLINE_SURFACE_WITH_KNOTS('',3,3,(
    (#3525,#3526,#3527,#3528)
    ,(#3529,#3530,#3531,#3532)
    ,(#3533,#3534,#3535,#3536)
    ,(#3537,#3538,#3539,#3540)
    ,(#3541,#3542,#3543,#3544)
    ,(#3545,#3546,#3547,#3548)
    ,(#3549,#3550,#3551,#3552
    )),.UNSPECIFIED.,.F.,.F.,.F.,(4,1,1,1,4),(4,4),(0.,0.285714285714,
    0.571428571429,0.714285714286,1.),(1.907618482993E-02,1.),
  .UNSPECIFIED.);
#3525 = CARTESIAN_POINT('',(210.5523360869,89.646078010854,
    7.675728853702));
#3526 = CARTESIAN_POINT('',(211.53325990207,87.966732406931,
    5.117152569135));
#3527 = CARTESIAN_POINT('',(212.51418371724,86.287386803,2.558576284569)
  );
#3528 = CARTESIAN_POINT('',(213.49510753241,84.608041199077,
    2.565947454514E-12));
#3529 = CARTESIAN_POINT('',(210.5523360869,89.391749887735,7.71608396509
    ));
#3530 = CARTESIAN_POINT('',(211.53320751016,87.784654370691,
    5.144067011392));
#3531 = CARTESIAN_POINT('',(212.51423610916,86.177736803576,
    2.572016953701));
#3532 = CARTESIAN_POINT('',(213.49510753241,84.570641286533,
    2.565947454514E-12));
#3533 = CARTESIAN_POINT('',(210.43480622348,88.883143327614,
    7.796786303999));
#3534 = CARTESIAN_POINT('',(211.44919031184,87.420756622021,
    5.197849199207));
#3535 = CARTESIAN_POINT('',(212.46365436682,85.958235473561,
    2.598937104795));
#3536 = CARTESIAN_POINT('',(213.47803845517,84.495848767969,
    2.564615186884E-12));
#3537 = CARTESIAN_POINT('',(210.02306651082,88.373835114377,
    7.877599976606));
#3538 = CARTESIAN_POINT('',(211.15474164988,87.056269783367,
    5.251721780624));
#3539 = CARTESIAN_POINT('',(212.28656560383,85.738518399681,
    2.625878195984));
#3540 = CARTESIAN_POINT('',(213.41824074289,84.420953068671,
    2.564171097674E-12));
#3541 = CARTESIAN_POINT('',(209.4742433513,88.0334840754,7.931604637674)
  );
#3542 = CARTESIAN_POINT('',(210.76233237298,86.812642542121,
    5.287732933052));
#3543 = CARTESIAN_POINT('',(212.05044512898,85.59174469424,
    2.643871704625));
#3544 = CARTESIAN_POINT('',(213.33853415066,84.370903160962,
    2.565503365304E-12));
#3545 = CARTESIAN_POINT('',(209.08846906608,87.946019736475,
    7.945482902873));
#3546 = CARTESIAN_POINT('',(210.48642438366,86.750173337175,
    5.296961358503));
#3547 = CARTESIAN_POINT('',(211.88455212737,85.553887598377,
    2.648521544373));
#3548 = CARTESIAN_POINT('',(213.28250744496,84.358041199077,
    2.565947454514E-12));
#3549 = CARTESIAN_POINT('',(208.83095036415,87.946019736475,
    7.945482902873));
#3550 = CARTESIAN_POINT('',(210.3023360869,86.750026890673,
    5.296988601916));
#3551 = CARTESIAN_POINT('',(211.77372180966,85.554034044879,
    2.648494300959));
#3552 = CARTESIAN_POINT('',(213.24510753241,84.358041199077,
    2.565947454514E-12));
#3553 = ADVANCED_FACE('',(#3554),#3560,.T.);
#3554 = FACE_BOUND('',#3555,.T.);
#3555 = EDGE_LOOP('',(#3556,#3557,#3558,#3559));
#3556 = ORIENTED_EDGE('',*,*,#2671,.F.);
#3557 = ORIENTED_EDGE('',*,*,#3517,.F.);
#3558 = ORIENTED_EDGE('',*,*,#3038,.F.);
#3559 = ORIENTED_EDGE('',*,*,#3478,.T.);
#3560 = PLANE('',#3561);
#3561 = AXIS2_PLACEMENT_3D('',#3562,#3563,#3564);
#3562 = CARTESIAN_POINT('',(208.74510753241,88.015795738123,
    8.099999999995));
#3563 = DIRECTION('',(8.99279624979E-17,-0.911383682043,0.411557753063)
  );
#3564 = DIRECTION('',(0.,-0.411557753063,-0.911383682043));
#3565 = ADVANCED_FACE('',(#3566,#3569),#3667,.T.);
#3566 = FACE_BOUND('',#3567,.T.);
#3567 = EDGE_LOOP('',(#3568));
#3568 = ORIENTED_EDGE('',*,*,#1231,.T.);
#3569 = FACE_BOUND('',#3570,.T.);
#3570 = EDGE_LOOP('',(#3571,#3581,#3589,#3597,#3605,#3613,#3621,#3629,
    #3637,#3645,#3653,#3661));
#3571 = ORIENTED_EDGE('',*,*,#3572,.T.);
#3572 = EDGE_CURVE('',#3573,#3575,#3577,.T.);
#3573 = VERTEX_POINT('',#3574);
#3574 = CARTESIAN_POINT('',(194.47010753241,95.358041199092,
    0.200000000003));
#3575 = VERTEX_POINT('',#3576);
#3576 = CARTESIAN_POINT('',(194.47010753241,93.858041199092,
    0.200000000003));
#3577 = LINE('',#3578,#3579);
#3578 = CARTESIAN_POINT('',(194.47010753241,89.112027444593,
    0.200000000003));
#3579 = VECTOR('',#3580,1.);
#3580 = DIRECTION('',(0.,-1.,3.061616997868E-16));
#3581 = ORIENTED_EDGE('',*,*,#3582,.T.);
#3582 = EDGE_CURVE('',#3575,#3583,#3585,.T.);
#3583 = VERTEX_POINT('',#3584);
#3584 = CARTESIAN_POINT('',(192.97010753241,93.858041199092,
    0.200000000003));
#3585 = LINE('',#3586,#3587);
#3586 = CARTESIAN_POINT('',(189.47010753241,93.858041199092,
    0.200000000003));
#3587 = VECTOR('',#3588,1.);
#3588 = DIRECTION('',(-1.,0.,0.));
#3589 = ORIENTED_EDGE('',*,*,#3590,.T.);
#3590 = EDGE_CURVE('',#3583,#3591,#3593,.T.);
#3591 = VERTEX_POINT('',#3592);
#3592 = CARTESIAN_POINT('',(192.97010753241,92.858041199092,
    0.200000000003));
#3593 = LINE('',#3594,#3595);
#3594 = CARTESIAN_POINT('',(192.97010753241,88.612027444593,
    0.200000000003));
#3595 = VECTOR('',#3596,1.);
#3596 = DIRECTION('',(0.,-1.,3.061616997868E-16));
#3597 = ORIENTED_EDGE('',*,*,#3598,.T.);
#3598 = EDGE_CURVE('',#3591,#3599,#3601,.T.);
#3599 = VERTEX_POINT('',#3600);
#3600 = CARTESIAN_POINT('',(194.47010753241,92.858041199092,
    0.200000000003));
#3601 = LINE('',#3602,#3603);
#3602 = CARTESIAN_POINT('',(190.22010753241,92.858041199092,
    0.200000000003));
#3603 = VECTOR('',#3604,1.);
#3604 = DIRECTION('',(1.,0.,0.));
#3605 = ORIENTED_EDGE('',*,*,#3606,.T.);
#3606 = EDGE_CURVE('',#3599,#3607,#3609,.T.);
#3607 = VERTEX_POINT('',#3608);
#3608 = CARTESIAN_POINT('',(194.47010753241,91.358041199092,
    0.200000000003));
#3609 = LINE('',#3610,#3611);
#3610 = CARTESIAN_POINT('',(194.47010753241,89.112027444593,
    0.200000000003));
#3611 = VECTOR('',#3612,1.);
#3612 = DIRECTION('',(0.,-1.,3.061616997868E-16));
#3613 = ORIENTED_EDGE('',*,*,#3614,.T.);
#3614 = EDGE_CURVE('',#3607,#3615,#3617,.T.);
#3615 = VERTEX_POINT('',#3616);
#3616 = CARTESIAN_POINT('',(195.47010753241,91.358041199092,
    0.200000000003));
#3617 = LINE('',#3618,#3619);
#3618 = CARTESIAN_POINT('',(190.72010753241,91.358041199092,
    0.200000000003));
#3619 = VECTOR('',#3620,1.);
#3620 = DIRECTION('',(1.,0.,0.));
#3621 = ORIENTED_EDGE('',*,*,#3622,.T.);
#3622 = EDGE_CURVE('',#3615,#3623,#3625,.T.);
#3623 = VERTEX_POINT('',#3624);
#3624 = CARTESIAN_POINT('',(195.47010753241,92.858041199092,
    0.200000000003));
#3625 = LINE('',#3626,#3627);
#3626 = CARTESIAN_POINT('',(195.47010753241,88.612027444593,
    0.200000000003));
#3627 = VECTOR('',#3628,1.);
#3628 = DIRECTION('',(0.,1.,-3.061616997868E-16));
#3629 = ORIENTED_EDGE('',*,*,#3630,.T.);
#3630 = EDGE_CURVE('',#3623,#3631,#3633,.T.);
#3631 = VERTEX_POINT('',#3632);
#3632 = CARTESIAN_POINT('',(196.97010753241,92.858041199092,
    0.200000000003));
#3633 = LINE('',#3634,#3635);
#3634 = CARTESIAN_POINT('',(190.22010753241,92.858041199092,
    0.200000000003));
#3635 = VECTOR('',#3636,1.);
#3636 = DIRECTION('',(1.,0.,0.));
#3637 = ORIENTED_EDGE('',*,*,#3638,.T.);
#3638 = EDGE_CURVE('',#3631,#3639,#3641,.T.);
#3639 = VERTEX_POINT('',#3640);
#3640 = CARTESIAN_POINT('',(196.97010753241,93.858041199092,
    0.200000000003));
#3641 = LINE('',#3642,#3643);
#3642 = CARTESIAN_POINT('',(196.97010753241,89.112027444593,
    0.200000000003));
#3643 = VECTOR('',#3644,1.);
#3644 = DIRECTION('',(0.,1.,-3.061616997868E-16));
#3645 = ORIENTED_EDGE('',*,*,#3646,.T.);
#3646 = EDGE_CURVE('',#3639,#3647,#3649,.T.);
#3647 = VERTEX_POINT('',#3648);
#3648 = CARTESIAN_POINT('',(195.47010753241,93.858041199092,
    0.200000000003));
#3649 = LINE('',#3650,#3651);
#3650 = CARTESIAN_POINT('',(190.72010753241,93.858041199092,
    0.200000000003));
#3651 = VECTOR('',#3652,1.);
#3652 = DIRECTION('',(-1.,0.,0.));
#3653 = ORIENTED_EDGE('',*,*,#3654,.T.);
#3654 = EDGE_CURVE('',#3647,#3655,#3657,.T.);
#3655 = VERTEX_POINT('',#3656);
#3656 = CARTESIAN_POINT('',(195.47010753241,95.358041199092,
    0.200000000003));
#3657 = LINE('',#3658,#3659);
#3658 = CARTESIAN_POINT('',(195.47010753241,89.862027444593,
    0.200000000003));
#3659 = VECTOR('',#3660,1.);
#3660 = DIRECTION('',(0.,1.,-3.061616997868E-16));
#3661 = ORIENTED_EDGE('',*,*,#3662,.T.);
#3662 = EDGE_CURVE('',#3655,#3573,#3663,.T.);
#3663 = LINE('',#3664,#3665);
#3664 = CARTESIAN_POINT('',(190.22010753241,95.358041199092,
    0.200000000003));
#3665 = VECTOR('',#3666,1.);
#3666 = DIRECTION('',(-1.,0.,0.));
#3667 = PLANE('',#3668);
#3668 = AXIS2_PLACEMENT_3D('',#3669,#3670,#3671);
#3669 = CARTESIAN_POINT('',(185.97010753241,84.366013690094,
    0.200000000003));
#3670 = DIRECTION('',(0.,-3.061616997868E-16,-1.));
#3671 = DIRECTION('',(0.,1.,-3.061616997868E-16));
#3672 = ADVANCED_FACE('',(#3673),#3689,.T.);
#3673 = FACE_BOUND('',#3674,.T.);
#3674 = EDGE_LOOP('',(#3675,#3676,#3682,#3683));
#3675 = ORIENTED_EDGE('',*,*,#2615,.T.);
#3676 = ORIENTED_EDGE('',*,*,#3677,.F.);
#3677 = EDGE_CURVE('',#3573,#2509,#3678,.T.);
#3678 = LINE('',#3679,#3680);
#3679 = CARTESIAN_POINT('',(194.47010753241,95.358041199092,
    2.563282919255E-12));
#3680 = VECTOR('',#3681,1.);
#3681 = DIRECTION('',(0.,0.,1.));
#3682 = ORIENTED_EDGE('',*,*,#3662,.F.);
#3683 = ORIENTED_EDGE('',*,*,#3684,.T.);
#3684 = EDGE_CURVE('',#3655,#2607,#3685,.T.);
#3685 = LINE('',#3686,#3687);
#3686 = CARTESIAN_POINT('',(195.47010753241,95.358041199092,
    2.563282919255E-12));
#3687 = VECTOR('',#3688,1.);
#3688 = DIRECTION('',(0.,0.,1.));
#3689 = PLANE('',#3690);
#3690 = AXIS2_PLACEMENT_3D('',#3691,#3692,#3693);
#3691 = CARTESIAN_POINT('',(194.47010753241,95.358041199092,
    2.563282919255E-12));
#3692 = DIRECTION('',(0.,-1.,0.));
#3693 = DIRECTION('',(1.,0.,0.));
#3694 = ADVANCED_FACE('',(#3695),#3706,.T.);
#3695 = FACE_BOUND('',#3696,.T.);
#3696 = EDGE_LOOP('',(#3697,#3698,#3699,#3700));
#3697 = ORIENTED_EDGE('',*,*,#2606,.T.);
#3698 = ORIENTED_EDGE('',*,*,#3684,.F.);
#3699 = ORIENTED_EDGE('',*,*,#3654,.F.);
#3700 = ORIENTED_EDGE('',*,*,#3701,.T.);
#3701 = EDGE_CURVE('',#3647,#2598,#3702,.T.);
#3702 = LINE('',#3703,#3704);
#3703 = CARTESIAN_POINT('',(195.47010753241,93.858041199092,
    2.563282919255E-12));
#3704 = VECTOR('',#3705,1.);
#3705 = DIRECTION('',(0.,0.,1.));
#3706 = PLANE('',#3707);
#3707 = AXIS2_PLACEMENT_3D('',#3708,#3709,#3710);
#3708 = CARTESIAN_POINT('',(195.47010753241,95.358041199092,
    2.563282919255E-12));
#3709 = DIRECTION('',(-1.,0.,0.));
#3710 = DIRECTION('',(0.,-1.,3.061616997868E-16));
#3711 = ADVANCED_FACE('',(#3712),#3723,.T.);
#3712 = FACE_BOUND('',#3713,.T.);
#3713 = EDGE_LOOP('',(#3714,#3715,#3721,#3722));
#3714 = ORIENTED_EDGE('',*,*,#2508,.T.);
#3715 = ORIENTED_EDGE('',*,*,#3716,.F.);
#3716 = EDGE_CURVE('',#3575,#2511,#3717,.T.);
#3717 = LINE('',#3718,#3719);
#3718 = CARTESIAN_POINT('',(194.47010753241,93.858041199092,
    2.563282919255E-12));
#3719 = VECTOR('',#3720,1.);
#3720 = DIRECTION('',(0.,0.,1.));
#3721 = ORIENTED_EDGE('',*,*,#3572,.F.);
#3722 = ORIENTED_EDGE('',*,*,#3677,.T.);
#3723 = PLANE('',#3724);
#3724 = AXIS2_PLACEMENT_3D('',#3725,#3726,#3727);
#3725 = CARTESIAN_POINT('',(194.47010753241,93.858041199092,
    2.563282919255E-12));
#3726 = DIRECTION('',(1.,0.,0.));
#3727 = DIRECTION('',(0.,1.,-3.061616997868E-16));
#3728 = ADVANCED_FACE('',(#3729),#3740,.T.);
#3729 = FACE_BOUND('',#3730,.T.);
#3730 = EDGE_LOOP('',(#3731,#3732,#3733,#3734));
#3731 = ORIENTED_EDGE('',*,*,#2597,.T.);
#3732 = ORIENTED_EDGE('',*,*,#3701,.F.);
#3733 = ORIENTED_EDGE('',*,*,#3646,.F.);
#3734 = ORIENTED_EDGE('',*,*,#3735,.T.);
#3735 = EDGE_CURVE('',#3639,#2587,#3736,.T.);
#3736 = LINE('',#3737,#3738);
#3737 = CARTESIAN_POINT('',(196.97010753241,93.858041199092,
    2.563282919255E-12));
#3738 = VECTOR('',#3739,1.);
#3739 = DIRECTION('',(0.,0.,1.));
#3740 = PLANE('',#3741);
#3741 = AXIS2_PLACEMENT_3D('',#3742,#3743,#3744);
#3742 = CARTESIAN_POINT('',(195.47010753241,93.858041199092,
    2.563282919255E-12));
#3743 = DIRECTION('',(0.,-1.,0.));
#3744 = DIRECTION('',(1.,0.,0.));
#3745 = ADVANCED_FACE('',(#3746),#3757,.T.);
#3746 = FACE_BOUND('',#3747,.T.);
#3747 = EDGE_LOOP('',(#3748,#3749,#3755,#3756));
#3748 = ORIENTED_EDGE('',*,*,#2519,.T.);
#3749 = ORIENTED_EDGE('',*,*,#3750,.F.);
#3750 = EDGE_CURVE('',#3583,#2520,#3751,.T.);
#3751 = LINE('',#3752,#3753);
#3752 = CARTESIAN_POINT('',(192.97010753241,93.858041199092,
    2.563282919255E-12));
#3753 = VECTOR('',#3754,1.);
#3754 = DIRECTION('',(0.,0.,1.));
#3755 = ORIENTED_EDGE('',*,*,#3582,.F.);
#3756 = ORIENTED_EDGE('',*,*,#3716,.T.);
#3757 = PLANE('',#3758);
#3758 = AXIS2_PLACEMENT_3D('',#3759,#3760,#3761);
#3759 = CARTESIAN_POINT('',(192.97010753241,93.858041199092,
    2.563282919255E-12));
#3760 = DIRECTION('',(0.,-1.,0.));
#3761 = DIRECTION('',(1.,0.,0.));
#3762 = ADVANCED_FACE('',(#3763),#3774,.T.);
#3763 = FACE_BOUND('',#3764,.T.);
#3764 = EDGE_LOOP('',(#3765,#3766,#3767,#3768));
#3765 = ORIENTED_EDGE('',*,*,#2586,.T.);
#3766 = ORIENTED_EDGE('',*,*,#3735,.F.);
#3767 = ORIENTED_EDGE('',*,*,#3638,.F.);
#3768 = ORIENTED_EDGE('',*,*,#3769,.T.);
#3769 = EDGE_CURVE('',#3631,#2578,#3770,.T.);
#3770 = LINE('',#3771,#3772);
#3771 = CARTESIAN_POINT('',(196.97010753241,92.858041199092,
    2.564171097674E-12));
#3772 = VECTOR('',#3773,1.);
#3773 = DIRECTION('',(0.,0.,1.));
#3774 = PLANE('',#3775);
#3775 = AXIS2_PLACEMENT_3D('',#3776,#3777,#3778);
#3776 = CARTESIAN_POINT('',(196.97010753241,93.858041199092,
    2.563282919255E-12));
#3777 = DIRECTION('',(-1.,0.,0.));
#3778 = DIRECTION('',(0.,-1.,3.061616997868E-16));
#3779 = ADVANCED_FACE('',(#3780),#3791,.T.);
#3780 = FACE_BOUND('',#3781,.T.);
#3781 = EDGE_LOOP('',(#3782,#3783,#3789,#3790));
#3782 = ORIENTED_EDGE('',*,*,#2528,.T.);
#3783 = ORIENTED_EDGE('',*,*,#3784,.F.);
#3784 = EDGE_CURVE('',#3591,#2529,#3785,.T.);
#3785 = LINE('',#3786,#3787);
#3786 = CARTESIAN_POINT('',(192.97010753241,92.858041199092,
    2.564171097674E-12));
#3787 = VECTOR('',#3788,1.);
#3788 = DIRECTION('',(0.,0.,1.));
#3789 = ORIENTED_EDGE('',*,*,#3590,.F.);
#3790 = ORIENTED_EDGE('',*,*,#3750,.T.);
#3791 = PLANE('',#3792);
#3792 = AXIS2_PLACEMENT_3D('',#3793,#3794,#3795);
#3793 = CARTESIAN_POINT('',(192.97010753241,92.858041199092,
    2.564171097674E-12));
#3794 = DIRECTION('',(1.,0.,0.));
#3795 = DIRECTION('',(0.,1.,-3.061616997868E-16));
#3796 = ADVANCED_FACE('',(#3797),#3808,.T.);
#3797 = FACE_BOUND('',#3798,.T.);
#3798 = EDGE_LOOP('',(#3799,#3800,#3801,#3802));
#3799 = ORIENTED_EDGE('',*,*,#2577,.T.);
#3800 = ORIENTED_EDGE('',*,*,#3769,.F.);
#3801 = ORIENTED_EDGE('',*,*,#3630,.F.);
#3802 = ORIENTED_EDGE('',*,*,#3803,.T.);
#3803 = EDGE_CURVE('',#3623,#2569,#3804,.T.);
#3804 = LINE('',#3805,#3806);
#3805 = CARTESIAN_POINT('',(195.47010753241,92.858041199092,
    2.564171097674E-12));
#3806 = VECTOR('',#3807,1.);
#3807 = DIRECTION('',(0.,0.,1.));
#3808 = PLANE('',#3809);
#3809 = AXIS2_PLACEMENT_3D('',#3810,#3811,#3812);
#3810 = CARTESIAN_POINT('',(194.47010753241,92.858041199092,
    2.564171097674E-12));
#3811 = DIRECTION('',(0.,1.,0.));
#3812 = DIRECTION('',(-1.,0.,0.));
#3813 = ADVANCED_FACE('',(#3814),#3825,.T.);
#3814 = FACE_BOUND('',#3815,.T.);
#3815 = EDGE_LOOP('',(#3816,#3817,#3823,#3824));
#3816 = ORIENTED_EDGE('',*,*,#2539,.T.);
#3817 = ORIENTED_EDGE('',*,*,#3818,.F.);
#3818 = EDGE_CURVE('',#3599,#2540,#3819,.T.);
#3819 = LINE('',#3820,#3821);
#3820 = CARTESIAN_POINT('',(194.47010753241,92.858041199092,
    2.564171097674E-12));
#3821 = VECTOR('',#3822,1.);
#3822 = DIRECTION('',(0.,0.,1.));
#3823 = ORIENTED_EDGE('',*,*,#3598,.F.);
#3824 = ORIENTED_EDGE('',*,*,#3784,.T.);
#3825 = PLANE('',#3826);
#3826 = AXIS2_PLACEMENT_3D('',#3827,#3828,#3829);
#3827 = CARTESIAN_POINT('',(194.47010753241,92.858041199092,
    2.564171097674E-12));
#3828 = DIRECTION('',(0.,1.,0.));
#3829 = DIRECTION('',(-1.,0.,0.));
#3830 = ADVANCED_FACE('',(#3831),#3842,.T.);
#3831 = FACE_BOUND('',#3832,.T.);
#3832 = EDGE_LOOP('',(#3833,#3834,#3835,#3836));
#3833 = ORIENTED_EDGE('',*,*,#2568,.T.);
#3834 = ORIENTED_EDGE('',*,*,#3803,.F.);
#3835 = ORIENTED_EDGE('',*,*,#3622,.F.);
#3836 = ORIENTED_EDGE('',*,*,#3837,.T.);
#3837 = EDGE_CURVE('',#3615,#2558,#3838,.T.);
#3838 = LINE('',#3839,#3840);
#3839 = CARTESIAN_POINT('',(195.47010753241,91.358041199092,
    2.564171097674E-12));
#3840 = VECTOR('',#3841,1.);
#3841 = DIRECTION('',(0.,0.,1.));
#3842 = PLANE('',#3843);
#3843 = AXIS2_PLACEMENT_3D('',#3844,#3845,#3846);
#3844 = CARTESIAN_POINT('',(195.47010753241,92.858041199092,
    2.564171097674E-12));
#3845 = DIRECTION('',(-1.,0.,0.));
#3846 = DIRECTION('',(0.,-1.,3.061616997868E-16));
#3847 = ADVANCED_FACE('',(#3848),#3859,.T.);
#3848 = FACE_BOUND('',#3849,.T.);
#3849 = EDGE_LOOP('',(#3850,#3851,#3852,#3853));
#3850 = ORIENTED_EDGE('',*,*,#2557,.T.);
#3851 = ORIENTED_EDGE('',*,*,#3837,.F.);
#3852 = ORIENTED_EDGE('',*,*,#3614,.F.);
#3853 = ORIENTED_EDGE('',*,*,#3854,.T.);
#3854 = EDGE_CURVE('',#3607,#2549,#3855,.T.);
#3855 = LINE('',#3856,#3857);
#3856 = CARTESIAN_POINT('',(194.47010753241,91.358041199092,
    2.564171097674E-12));
#3857 = VECTOR('',#3858,1.);
#3858 = DIRECTION('',(0.,0.,1.));
#3859 = PLANE('',#3860);
#3860 = AXIS2_PLACEMENT_3D('',#3861,#3862,#3863);
#3861 = CARTESIAN_POINT('',(195.47010753241,91.358041199092,
    2.565059276094E-12));
#3862 = DIRECTION('',(0.,1.,0.));
#3863 = DIRECTION('',(-1.,0.,0.));
#3864 = ADVANCED_FACE('',(#3865),#3871,.T.);
#3865 = FACE_BOUND('',#3866,.T.);
#3866 = EDGE_LOOP('',(#3867,#3868,#3869,#3870));
#3867 = ORIENTED_EDGE('',*,*,#2548,.T.);
#3868 = ORIENTED_EDGE('',*,*,#3854,.F.);
#3869 = ORIENTED_EDGE('',*,*,#3606,.F.);
#3870 = ORIENTED_EDGE('',*,*,#3818,.T.);
#3871 = PLANE('',#3872);
#3872 = AXIS2_PLACEMENT_3D('',#3873,#3874,#3875);
#3873 = CARTESIAN_POINT('',(194.47010753241,93.858041199092,
    2.563282919255E-12));
#3874 = DIRECTION('',(1.,0.,0.));
#3875 = DIRECTION('',(0.,1.,-3.061616997868E-16));
#3876 = ADVANCED_FACE('',(#3877),#3888,.T.);
#3877 = FACE_BOUND('',#3878,.T.);
#3878 = EDGE_LOOP('',(#3879,#3880,#3881,#3882));
#3879 = ORIENTED_EDGE('',*,*,#1574,.T.);
#3880 = ORIENTED_EDGE('',*,*,#1432,.T.);
#3881 = ORIENTED_EDGE('',*,*,#697,.T.);
#3882 = ORIENTED_EDGE('',*,*,#3883,.F.);
#3883 = EDGE_CURVE('',#1575,#689,#3884,.T.);
#3884 = LINE('',#3885,#3886);
#3885 = CARTESIAN_POINT('',(183.34510753241,93.520541199075,
    2.391726506848));
#3886 = VECTOR('',#3887,1.);
#3887 = DIRECTION('',(0.,-1.,0.));
#3888 = PLANE('',#3889);
#3889 = AXIS2_PLACEMENT_3D('',#3890,#3891,#3892);
#3890 = CARTESIAN_POINT('',(183.34510753241,93.358041199077,
    4.291726506848));
#3891 = DIRECTION('',(1.,0.,0.));
#3892 = DIRECTION('',(0.,-1.,0.));
#3893 = ADVANCED_FACE('',(#3894),#3905,.F.);
#3894 = FACE_BOUND('',#3895,.T.);
#3895 = EDGE_LOOP('',(#3896,#3897,#3903,#3904));
#3896 = ORIENTED_EDGE('',*,*,#1590,.T.);
#3897 = ORIENTED_EDGE('',*,*,#3898,.T.);
#3898 = EDGE_CURVE('',#1583,#681,#3899,.T.);
#3899 = LINE('',#3900,#3901);
#3900 = CARTESIAN_POINT('',(182.69510753241,93.520541199075,
    2.391726506848));
#3901 = VECTOR('',#3902,1.);
#3902 = DIRECTION('',(0.,-1.,0.));
#3903 = ORIENTED_EDGE('',*,*,#680,.T.);
#3904 = ORIENTED_EDGE('',*,*,#590,.T.);
#3905 = PLANE('',#3906);
#3906 = AXIS2_PLACEMENT_3D('',#3907,#3908,#3909);
#3907 = CARTESIAN_POINT('',(182.69510753241,93.358041199077,
    4.291726506848));
#3908 = DIRECTION('',(1.,0.,0.));
#3909 = DIRECTION('',(0.,-1.,0.));
#3910 = ADVANCED_FACE('',(#3911),#3917,.F.);
#3911 = FACE_BOUND('',#3912,.T.);
#3912 = EDGE_LOOP('',(#3913,#3914,#3915,#3916));
#3913 = ORIENTED_EDGE('',*,*,#1582,.F.);
#3914 = ORIENTED_EDGE('',*,*,#3883,.T.);
#3915 = ORIENTED_EDGE('',*,*,#688,.T.);
#3916 = ORIENTED_EDGE('',*,*,#3898,.F.);
#3917 = PLANE('',#3918);
#3918 = AXIS2_PLACEMENT_3D('',#3919,#3920,#3921);
#3919 = CARTESIAN_POINT('',(194.97010753241,93.683041199081,
    2.391726506848));
#3920 = DIRECTION('',(0.,0.,1.));
#3921 = DIRECTION('',(1.,0.,-0.));
#3922 = ADVANCED_FACE('',(#3923),#3935,.F.);
#3923 = FACE_BOUND('',#3924,.F.);
#3924 = EDGE_LOOP('',(#3925,#3926,#3927,#3934));
#3925 = ORIENTED_EDGE('',*,*,#1410,.F.);
#3926 = ORIENTED_EDGE('',*,*,#1094,.F.);
#3927 = ORIENTED_EDGE('',*,*,#3928,.T.);
#3928 = EDGE_CURVE('',#1095,#1560,#3929,.T.);
#3929 = B_SPLINE_CURVE_WITH_KNOTS('',3,(#3930,#3931,#3932,#3933),
  .UNSPECIFIED.,.F.,.F.,(4,4),(-9.019631555185,-4.164023752567),
  .PIECEWISE_BEZIER_KNOTS.);
#3930 = CARTESIAN_POINT('',(194.64510753241,96.038409643887,
    2.391726506848));
#3931 = CARTESIAN_POINT('',(194.64510753241,97.656945578092,
    2.391726506848));
#3932 = CARTESIAN_POINT('',(194.64510753241,99.275481512297,
    2.391726506848));
#3933 = CARTESIAN_POINT('',(194.64510753241,100.8940174465,
    2.391726506848));
#3934 = ORIENTED_EDGE('',*,*,#1567,.F.);
#3935 = B_SPLINE_SURFACE_WITH_KNOTS('',1,1,(
    (#3936,#3937,#3938,#3939)
    ,(#3940,#3941,#3942,#3943)
    ,(#3944,#3945,#3946,#3947)
    ,(#3948,#3949,#3950,#3951
    )),.UNSPECIFIED.,.F.,.F.,.F.,(2,1,1,2),(2,1,1,2),(-66.20000000002,
    -3.4354741274E-12,18.000000000003,20.700000000005),(-1.,0.,3.,10.5),
  .UNSPECIFIED.);
#3936 = CARTESIAN_POINT('',(194.64510753239,18.15804119908,
    1.791726506848));
#3937 = CARTESIAN_POINT('',(194.64510753239,18.15804119908,
    2.791726506848));
#3938 = CARTESIAN_POINT('',(194.64510753239,18.15804119908,
    5.791726506848));
#3939 = CARTESIAN_POINT('',(194.64510753239,18.15804119908,
    13.291726506848));
#3940 = CARTESIAN_POINT('',(194.64510753241,84.358041199077,
    1.791726506848));
#3941 = CARTESIAN_POINT('',(194.64510753241,84.358041199077,
    2.791726506848));
#3942 = CARTESIAN_POINT('',(194.64510753241,84.358041199077,
    5.791726506848));
#3943 = CARTESIAN_POINT('',(194.64510753241,84.358041199077,
    13.291726506848));
#3944 = CARTESIAN_POINT('',(194.64510753241,102.35804119907,
    1.791726506848));
#3945 = CARTESIAN_POINT('',(194.64510753241,102.35804119907,
    2.791726506848));
#3946 = CARTESIAN_POINT('',(194.64510753241,102.35804119907,
    5.791726506848));
#3947 = CARTESIAN_POINT('',(194.64510753241,102.35804119907,
    13.291726506848));
#3948 = CARTESIAN_POINT('',(194.64510753241,105.05804119907,
    1.791726506848));
#3949 = CARTESIAN_POINT('',(194.64510753241,105.05804119907,
    2.791726506848));
#3950 = CARTESIAN_POINT('',(194.64510753241,105.05804119907,
    5.791726506848));
#3951 = CARTESIAN_POINT('',(194.64510753241,105.05804119907,
    13.291726506848));
#3952 = ADVANCED_FACE('',(#3953),#3964,.T.);
#3953 = FACE_BOUND('',#3954,.T.);
#3954 = EDGE_LOOP('',(#3955,#3956,#3957,#3958));
#3955 = ORIENTED_EDGE('',*,*,#1551,.T.);
#3956 = ORIENTED_EDGE('',*,*,#1303,.T.);
#3957 = ORIENTED_EDGE('',*,*,#1115,.T.);
#3958 = ORIENTED_EDGE('',*,*,#3959,.T.);
#3959 = EDGE_CURVE('',#1107,#1552,#3960,.T.);
#3960 = LINE('',#3961,#3962);
#3961 = CARTESIAN_POINT('',(195.29510753241,93.520541199075,
    2.391726506848));
#3962 = VECTOR('',#3963,1.);
#3963 = DIRECTION('',(2.021099337273E-13,1.,0.));
#3964 = PLANE('',#3965);
#3965 = AXIS2_PLACEMENT_3D('',#3966,#3967,#3968);
#3966 = CARTESIAN_POINT('',(195.29510753241,93.358041199077,
    4.291726506848));
#3967 = DIRECTION('',(1.,-2.021099337273E-13,0.));
#3968 = DIRECTION('',(0.,0.,-1.));
#3969 = ADVANCED_FACE('',(#3970),#3976,.F.);
#3970 = FACE_BOUND('',#3971,.T.);
#3971 = EDGE_LOOP('',(#3972,#3973,#3974,#3975));
#3972 = ORIENTED_EDGE('',*,*,#1559,.F.);
#3973 = ORIENTED_EDGE('',*,*,#3959,.F.);
#3974 = ORIENTED_EDGE('',*,*,#1106,.T.);
#3975 = ORIENTED_EDGE('',*,*,#3928,.T.);
#3976 = PLANE('',#3977);
#3977 = AXIS2_PLACEMENT_3D('',#3978,#3979,#3980);
#3978 = CARTESIAN_POINT('',(194.97010753241,93.683041199081,
    2.391726506848));
#3979 = DIRECTION('',(0.,0.,1.));
#3980 = DIRECTION('',(1.,0.,-0.));
#3981 = ADVANCED_FACE('',(#3982),#3994,.F.);
#3982 = FACE_BOUND('',#3983,.F.);
#3983 = EDGE_LOOP('',(#3984,#3991,#3992,#3993));
#3984 = ORIENTED_EDGE('',*,*,#3985,.F.);
#3985 = EDGE_CURVE('',#301,#1151,#3986,.T.);
#3986 = B_SPLINE_CURVE_WITH_KNOTS('',3,(#3987,#3988,#3989,#3990),
  .UNSPECIFIED.,.F.,.F.,(4,4),(48.730368444824,55.319631555177),
  .PIECEWISE_BEZIER_KNOTS.);
#3987 = CARTESIAN_POINT('',(204.23973908759,93.683041199081,
    2.791726506848));
#3988 = CARTESIAN_POINT('',(202.0433180508,93.683041199081,
    2.791726506848));
#3989 = CARTESIAN_POINT('',(199.84689701402,93.683041199081,
    2.791726506848));
#3990 = CARTESIAN_POINT('',(197.65047597723,93.683041199081,
    2.791726506848));
#3991 = ORIENTED_EDGE('',*,*,#309,.F.);
#3992 = ORIENTED_EDGE('',*,*,#1313,.F.);
#3993 = ORIENTED_EDGE('',*,*,#1150,.F.);
#3994 = B_SPLINE_SURFACE_WITH_KNOTS('',1,1,(
    (#3995,#3996,#3997,#3998)
    ,(#3999,#4000,#4001,#4002)
    ,(#4003,#4004,#4005,#4006
    )),.UNSPECIFIED.,.F.,.F.,.F.,(2,1,2),(2,1,1,2),(2.025046796916E-13,
    18.,66.999999999999),(-1.5,0.,3.,10.5),.UNSPECIFIED.);
#3995 = CARTESIAN_POINT('',(185.97010753241,93.683041199089,
    1.291726506848));
#3996 = CARTESIAN_POINT('',(185.97010753241,93.683041199089,
    2.791726506848));
#3997 = CARTESIAN_POINT('',(185.97010753241,93.683041199089,
    5.791726506848));
#3998 = CARTESIAN_POINT('',(185.97010753241,93.683041199089,
    13.291726506848));
#3999 = CARTESIAN_POINT('',(203.97010753241,93.683041199081,
    1.291726506848));
#4000 = CARTESIAN_POINT('',(203.97010753241,93.683041199081,
    2.791726506848));
#4001 = CARTESIAN_POINT('',(203.97010753241,93.683041199081,
    5.791726506848));
#4002 = CARTESIAN_POINT('',(203.97010753241,93.683041199081,
    13.291726506848));
#4003 = CARTESIAN_POINT('',(252.97010753241,93.68304119906,
    1.291726506848));
#4004 = CARTESIAN_POINT('',(252.97010753241,93.68304119906,
    2.791726506848));
#4005 = CARTESIAN_POINT('',(252.97010753241,93.68304119906,
    5.791726506848));
#4006 = CARTESIAN_POINT('',(252.97010753241,93.68304119906,
    13.291726506848));
#4007 = ADVANCED_FACE('',(#4008),#4019,.F.);
#4008 = FACE_BOUND('',#4009,.T.);
#4009 = EDGE_LOOP('',(#4010,#4011,#4012,#4013));
#4010 = ORIENTED_EDGE('',*,*,#1159,.T.);
#4011 = ORIENTED_EDGE('',*,*,#3985,.F.);
#4012 = ORIENTED_EDGE('',*,*,#300,.T.);
#4013 = ORIENTED_EDGE('',*,*,#4014,.F.);
#4014 = EDGE_CURVE('',#1160,#293,#4015,.T.);
#4015 = LINE('',#4016,#4017);
#4016 = CARTESIAN_POINT('',(194.97010753241,93.03304119908,
    2.791726506848));
#4017 = VECTOR('',#4018,1.);
#4018 = DIRECTION('',(1.,-4.042198674546E-13,0.));
#4019 = PLANE('',#4020);
#4020 = AXIS2_PLACEMENT_3D('',#4021,#4022,#4023);
#4021 = CARTESIAN_POINT('',(194.97010753241,93.683041199081,
    2.791726506848));
#4022 = DIRECTION('',(0.,0.,1.));
#4023 = DIRECTION('',(1.,0.,-0.));
#4024 = ADVANCED_FACE('',(#4025),#4031,.T.);
#4025 = FACE_BOUND('',#4026,.T.);
#4026 = EDGE_LOOP('',(#4027,#4028,#4029,#4030));
#4027 = ORIENTED_EDGE('',*,*,#1168,.T.);
#4028 = ORIENTED_EDGE('',*,*,#4014,.T.);
#4029 = ORIENTED_EDGE('',*,*,#292,.T.);
#4030 = ORIENTED_EDGE('',*,*,#1360,.T.);
#4031 = PLANE('',#4032);
#4032 = AXIS2_PLACEMENT_3D('',#4033,#4034,#4035);
#4033 = CARTESIAN_POINT('',(194.97010753241,93.03304119908,
    4.291726506848));
#4034 = DIRECTION('',(-4.042198674546E-13,-1.,0.));
#4035 = DIRECTION('',(-0.,0.,-1.));
#4036 = ADVANCED_FACE('',(#4037),#4049,.F.);
#4037 = FACE_BOUND('',#4038,.F.);
#4038 = EDGE_LOOP('',(#4039,#4040,#4047,#4048));
#4039 = ORIENTED_EDGE('',*,*,#858,.F.);
#4040 = ORIENTED_EDGE('',*,*,#4041,.T.);
#4041 = EDGE_CURVE('',#850,#661,#4042,.T.);
#4042 = B_SPLINE_CURVE_WITH_KNOTS('',3,(#4043,#4044,#4045,#4046),
  .UNSPECIFIED.,.F.,.F.,(4,4),(-25.14721582445,-23.63036844483),
  .PIECEWISE_BEZIER_KNOTS.);
#4043 = CARTESIAN_POINT('',(178.82289170795,93.683041199081,
    2.391726506848));
#4044 = CARTESIAN_POINT('',(179.32850750116,93.683041199081,
    2.391726506848));
#4045 = CARTESIAN_POINT('',(179.83412329437,93.683041199096,
    2.391726506848));
#4046 = CARTESIAN_POINT('',(180.33973908758,93.683041199096,
    2.391726506848));
#4047 = ORIENTED_EDGE('',*,*,#669,.F.);
#4048 = ORIENTED_EDGE('',*,*,#624,.F.);
#4049 = B_SPLINE_SURFACE_WITH_KNOTS('',1,1,(
    (#4050,#4051,#4052,#4053)
    ,(#4054,#4055,#4056,#4057)
    ,(#4058,#4059,#4060,#4061
    )),.UNSPECIFIED.,.F.,.F.,.F.,(2,1,2),(2,1,1,2),(-48.99999999999,
    2.025046796916E-13,18.),(-113.9999999999,0.,3.,39.650002000038),
  .UNSPECIFIED.);
#4050 = CARTESIAN_POINT('',(136.97010753241,93.68304119911,
    -111.2082734931));
#4051 = CARTESIAN_POINT('',(136.97010753241,93.68304119911,
    2.791726506848));
#4052 = CARTESIAN_POINT('',(136.97010753241,93.68304119911,
    5.791726506848));
#4053 = CARTESIAN_POINT('',(136.97010753241,93.68304119911,
    42.441728506887));
#4054 = CARTESIAN_POINT('',(185.97010753241,93.683041199089,
    -111.2082734931));
#4055 = CARTESIAN_POINT('',(185.97010753241,93.683041199089,
    2.791726506848));
#4056 = CARTESIAN_POINT('',(185.97010753241,93.683041199089,
    5.791726506848));
#4057 = CARTESIAN_POINT('',(185.97010753241,93.683041199089,
    42.441728506887));
#4058 = CARTESIAN_POINT('',(203.97010753241,93.683041199081,
    -111.2082734931));
#4059 = CARTESIAN_POINT('',(203.97010753241,93.683041199081,
    2.791726506848));
#4060 = CARTESIAN_POINT('',(203.97010753241,93.683041199081,
    5.791726506848));
#4061 = CARTESIAN_POINT('',(203.97010753241,93.683041199081,
    42.441728506887));
#4062 = ADVANCED_FACE('',(#4063),#4074,.T.);
#4063 = FACE_BOUND('',#4064,.T.);
#4064 = EDGE_LOOP('',(#4065,#4066,#4067,#4073));
#4065 = ORIENTED_EDGE('',*,*,#534,.T.);
#4066 = ORIENTED_EDGE('',*,*,#834,.T.);
#4067 = ORIENTED_EDGE('',*,*,#4068,.T.);
#4068 = EDGE_CURVE('',#835,#653,#4069,.T.);
#4069 = LINE('',#4070,#4071);
#4070 = CARTESIAN_POINT('',(194.97010753241,93.03304119908,
    2.391726506848));
#4071 = VECTOR('',#4072,1.);
#4072 = DIRECTION('',(1.,-4.042198674546E-13,0.));
#4073 = ORIENTED_EDGE('',*,*,#652,.T.);
#4074 = PLANE('',#4075);
#4075 = AXIS2_PLACEMENT_3D('',#4076,#4077,#4078);
#4076 = CARTESIAN_POINT('',(194.97010753241,93.03304119908,
    4.291726506848));
#4077 = DIRECTION('',(-4.042198674546E-13,-1.,0.));
#4078 = DIRECTION('',(-0.,0.,-1.));
#4079 = ADVANCED_FACE('',(#4080),#4086,.F.);
#4080 = FACE_BOUND('',#4081,.T.);
#4081 = EDGE_LOOP('',(#4082,#4083,#4084,#4085));
#4082 = ORIENTED_EDGE('',*,*,#849,.F.);
#4083 = ORIENTED_EDGE('',*,*,#4041,.T.);
#4084 = ORIENTED_EDGE('',*,*,#660,.T.);
#4085 = ORIENTED_EDGE('',*,*,#4068,.F.);
#4086 = PLANE('',#4087);
#4087 = AXIS2_PLACEMENT_3D('',#4088,#4089,#4090);
#4088 = CARTESIAN_POINT('',(194.97010753241,93.683041199081,
    2.391726506848));
#4089 = DIRECTION('',(0.,0.,1.));
#4090 = DIRECTION('',(1.,0.,-0.));
#4091 = ADVANCED_FACE('',(#4092),#4110,.F.);
#4092 = FACE_BOUND('',#4093,.T.);
#4093 = EDGE_LOOP('',(#4094,#4095,#4102,#4103,#4104));
#4094 = ORIENTED_EDGE('',*,*,#1018,.F.);
#4095 = ORIENTED_EDGE('',*,*,#4096,.T.);
#4096 = EDGE_CURVE('',#1011,#1240,#4097,.T.);
#4097 = B_SPLINE_CURVE_WITH_KNOTS('',3,(#4098,#4099,#4100,#4101),
  .UNSPECIFIED.,.F.,.F.,(4,4),(-18.24841607205,-14.38036844482),
  .PIECEWISE_BEZIER_KNOTS.);
#4098 = CARTESIAN_POINT('',(194.6451075324,86.809625127025,
    2.391726506848));
#4099 = CARTESIAN_POINT('',(194.6451075324,88.098974336099,
    2.391726506848));
#4100 = CARTESIAN_POINT('',(194.64510753241,89.388323545179,
    2.391726506848));
#4101 = CARTESIAN_POINT('',(194.64510753241,90.677672754253,
    2.391726506848));
#4102 = ORIENTED_EDGE('',*,*,#1239,.T.);
#4103 = ORIENTED_EDGE('',*,*,#1214,.T.);
#4104 = ORIENTED_EDGE('',*,*,#4105,.F.);
#4105 = EDGE_CURVE('',#1019,#1207,#4106,.T.);
#4106 = LINE('',#4107,#4108);
#4107 = CARTESIAN_POINT('',(195.29510753241,93.520541199075,
    2.391726506848));
#4108 = VECTOR('',#4109,1.);
#4109 = DIRECTION('',(2.021099337273E-13,1.,0.));
#4110 = PLANE('',#4111);
#4111 = AXIS2_PLACEMENT_3D('',#4112,#4113,#4114);
#4112 = CARTESIAN_POINT('',(194.97010753241,93.683041199081,
    2.391726506848));
#4113 = DIRECTION('',(0.,0.,1.));
#4114 = DIRECTION('',(1.,0.,-0.));
#4115 = ADVANCED_FACE('',(#4116),#4122,.T.);
#4116 = FACE_BOUND('',#4117,.T.);
#4117 = EDGE_LOOP('',(#4118,#4119,#4120,#4121));
#4118 = ORIENTED_EDGE('',*,*,#1026,.T.);
#4119 = ORIENTED_EDGE('',*,*,#4105,.T.);
#4120 = ORIENTED_EDGE('',*,*,#1206,.T.);
#4121 = ORIENTED_EDGE('',*,*,#1374,.T.);
#4122 = PLANE('',#4123);
#4123 = AXIS2_PLACEMENT_3D('',#4124,#4125,#4126);
#4124 = CARTESIAN_POINT('',(195.29510753241,93.358041199077,
    4.291726506848));
#4125 = DIRECTION('',(1.,-2.021099337273E-13,0.));
#4126 = DIRECTION('',(0.,0.,-1.));
#4127 = ADVANCED_FACE('',(#4128),#4134,.F.);
#4128 = FACE_BOUND('',#4129,.F.);
#4129 = EDGE_LOOP('',(#4130,#4131,#4132,#4133));
#4130 = ORIENTED_EDGE('',*,*,#4096,.T.);
#4131 = ORIENTED_EDGE('',*,*,#1248,.F.);
#4132 = ORIENTED_EDGE('',*,*,#1484,.F.);
#4133 = ORIENTED_EDGE('',*,*,#1010,.F.);
#4134 = B_SPLINE_SURFACE_WITH_KNOTS('',1,1,(
    (#4135,#4136,#4137,#4138)
    ,(#4139,#4140,#4141,#4142)
    ,(#4143,#4144,#4145,#4146)
    ,(#4147,#4148,#4149,#4150
    )),.UNSPECIFIED.,.F.,.F.,.F.,(2,1,1,2),(2,1,1,2),(-66.20000000002,
    -3.4354741274E-12,18.000000000003,20.700000000005),(-1.,0.,3.,10.5),
  .UNSPECIFIED.);
#4135 = CARTESIAN_POINT('',(194.64510753239,18.15804119908,
    1.791726506848));
#4136 = CARTESIAN_POINT('',(194.64510753239,18.15804119908,
    2.791726506848));
#4137 = CARTESIAN_POINT('',(194.64510753239,18.15804119908,
    5.791726506848));
#4138 = CARTESIAN_POINT('',(194.64510753239,18.15804119908,
    13.291726506848));
#4139 = CARTESIAN_POINT('',(194.64510753241,84.358041199077,
    1.791726506848));
#4140 = CARTESIAN_POINT('',(194.64510753241,84.358041199077,
    2.791726506848));
#4141 = CARTESIAN_POINT('',(194.64510753241,84.358041199077,
    5.791726506848));
#4142 = CARTESIAN_POINT('',(194.64510753241,84.358041199077,
    13.291726506848));
#4143 = CARTESIAN_POINT('',(194.64510753241,102.35804119907,
    1.791726506848));
#4144 = CARTESIAN_POINT('',(194.64510753241,102.35804119907,
    2.791726506848));
#4145 = CARTESIAN_POINT('',(194.64510753241,102.35804119907,
    5.791726506848));
#4146 = CARTESIAN_POINT('',(194.64510753241,102.35804119907,
    13.291726506848));
#4147 = CARTESIAN_POINT('',(194.64510753241,105.05804119907,
    1.791726506848));
#4148 = CARTESIAN_POINT('',(194.64510753241,105.05804119907,
    2.791726506848));
#4149 = CARTESIAN_POINT('',(194.64510753241,105.05804119907,
    5.791726506848));
#4150 = CARTESIAN_POINT('',(194.64510753241,105.05804119907,
    13.291726506848));
#4151 = ADVANCED_FACE('',(#4152),#4169,.F.);
#4152 = FACE_BOUND('',#4153,.T.);
#4153 = EDGE_LOOP('',(#4154,#4155,#4161,#4162,#4163));
#4154 = ORIENTED_EDGE('',*,*,#983,.F.);
#4155 = ORIENTED_EDGE('',*,*,#4156,.F.);
#4156 = EDGE_CURVE('',#812,#976,#4157,.T.);
#4157 = LINE('',#4158,#4159);
#4158 = CARTESIAN_POINT('',(182.69510753241,93.520541199075,
    2.391726506848));
#4159 = VECTOR('',#4160,1.);
#4160 = DIRECTION('',(0.,-1.,0.));
#4161 = ORIENTED_EDGE('',*,*,#811,.T.);
#4162 = ORIENTED_EDGE('',*,*,#786,.T.);
#4163 = ORIENTED_EDGE('',*,*,#4164,.T.);
#4164 = EDGE_CURVE('',#779,#984,#4165,.T.);
#4165 = LINE('',#4166,#4167);
#4166 = CARTESIAN_POINT('',(183.34510753241,93.520541199075,
    2.391726506848));
#4167 = VECTOR('',#4168,1.);
#4168 = DIRECTION('',(0.,-1.,0.));
#4169 = PLANE('',#4170);
#4170 = AXIS2_PLACEMENT_3D('',#4171,#4172,#4173);
#4171 = CARTESIAN_POINT('',(194.97010753241,93.683041199081,
    2.391726506848));
#4172 = DIRECTION('',(0.,0.,1.));
#4173 = DIRECTION('',(1.,0.,-0.));
#4174 = ADVANCED_FACE('',(#4175),#4181,.T.);
#4175 = FACE_BOUND('',#4176,.T.);
#4176 = EDGE_LOOP('',(#4177,#4178,#4179,#4180));
#4177 = ORIENTED_EDGE('',*,*,#991,.T.);
#4178 = ORIENTED_EDGE('',*,*,#4164,.F.);
#4179 = ORIENTED_EDGE('',*,*,#778,.T.);
#4180 = ORIENTED_EDGE('',*,*,#1476,.T.);
#4181 = PLANE('',#4182);
#4182 = AXIS2_PLACEMENT_3D('',#4183,#4184,#4185);
#4183 = CARTESIAN_POINT('',(183.34510753241,93.358041199077,
    4.291726506848));
#4184 = DIRECTION('',(1.,0.,0.));
#4185 = DIRECTION('',(0.,-1.,0.));
#4186 = ADVANCED_FACE('',(#4187),#4193,.F.);
#4187 = FACE_BOUND('',#4188,.T.);
#4188 = EDGE_LOOP('',(#4189,#4190,#4191,#4192));
#4189 = ORIENTED_EDGE('',*,*,#975,.T.);
#4190 = ORIENTED_EDGE('',*,*,#495,.T.);
#4191 = ORIENTED_EDGE('',*,*,#820,.T.);
#4192 = ORIENTED_EDGE('',*,*,#4156,.T.);
#4193 = PLANE('',#4194);
#4194 = AXIS2_PLACEMENT_3D('',#4195,#4196,#4197);
#4195 = CARTESIAN_POINT('',(182.69510753241,93.358041199077,
    4.291726506848));
#4196 = DIRECTION('',(1.,0.,0.));
#4197 = DIRECTION('',(0.,-1.,0.));
#4198 = ADVANCED_FACE('',(#4199),#4210,.T.);
#4199 = FACE_BOUND('',#4200,.T.);
#4200 = EDGE_LOOP('',(#4201,#4202,#4208,#4209));
#4201 = ORIENTED_EDGE('',*,*,#959,.T.);
#4202 = ORIENTED_EDGE('',*,*,#4203,.T.);
#4203 = EDGE_CURVE('',#952,#216,#4204,.T.);
#4204 = LINE('',#4205,#4206);
#4205 = CARTESIAN_POINT('',(207.24510753241,93.520541199075,
    2.391726506848));
#4206 = VECTOR('',#4207,1.);
#4207 = DIRECTION('',(0.,1.,0.));
#4208 = ORIENTED_EDGE('',*,*,#215,.T.);
#4209 = ORIENTED_EDGE('',*,*,#130,.T.);
#4210 = PLANE('',#4211);
#4211 = AXIS2_PLACEMENT_3D('',#4212,#4213,#4214);
#4212 = CARTESIAN_POINT('',(207.24510753241,93.358041199077,
    4.291726506848));
#4213 = DIRECTION('',(1.,0.,0.));
#4214 = DIRECTION('',(0.,-1.,0.));
#4215 = ADVANCED_FACE('',(#4216),#4228,.F.);
#4216 = FACE_BOUND('',#4217,.T.);
#4217 = EDGE_LOOP('',(#4218,#4219,#4225,#4226,#4227));
#4218 = ORIENTED_EDGE('',*,*,#951,.F.);
#4219 = ORIENTED_EDGE('',*,*,#4220,.T.);
#4220 = EDGE_CURVE('',#942,#249,#4221,.T.);
#4221 = LINE('',#4222,#4223);
#4222 = CARTESIAN_POINT('',(206.59510753241,93.520541199075,
    2.391726506848));
#4223 = VECTOR('',#4224,1.);
#4224 = DIRECTION('',(0.,1.,0.));
#4225 = ORIENTED_EDGE('',*,*,#248,.T.);
#4226 = ORIENTED_EDGE('',*,*,#223,.T.);
#4227 = ORIENTED_EDGE('',*,*,#4203,.F.);
#4228 = PLANE('',#4229);
#4229 = AXIS2_PLACEMENT_3D('',#4230,#4231,#4232);
#4230 = CARTESIAN_POINT('',(194.97010753241,93.683041199081,
    2.391726506848));
#4231 = DIRECTION('',(0.,0.,1.));
#4232 = DIRECTION('',(1.,0.,-0.));
#4233 = ADVANCED_FACE('',(#4234),#4240,.F.);
#4234 = FACE_BOUND('',#4235,.T.);
#4235 = EDGE_LOOP('',(#4236,#4237,#4238,#4239));
#4236 = ORIENTED_EDGE('',*,*,#941,.T.);
#4237 = ORIENTED_EDGE('',*,*,#1382,.T.);
#4238 = ORIENTED_EDGE('',*,*,#257,.T.);
#4239 = ORIENTED_EDGE('',*,*,#4220,.F.);
#4240 = PLANE('',#4241);
#4241 = AXIS2_PLACEMENT_3D('',#4242,#4243,#4244);
#4242 = CARTESIAN_POINT('',(206.59510753241,93.358041199077,
    4.291726506848));
#4243 = DIRECTION('',(1.,0.,0.));
#4244 = DIRECTION('',(0.,-1.,0.));
#4245 = ADVANCED_FACE('',(#4246),#4263,.F.);
#4246 = FACE_BOUND('',#4247,.T.);
#4247 = EDGE_LOOP('',(#4248,#4249,#4255,#4256));
#4248 = ORIENTED_EDGE('',*,*,#1061,.T.);
#4249 = ORIENTED_EDGE('',*,*,#4250,.T.);
#4250 = EDGE_CURVE('',#1052,#732,#4251,.T.);
#4251 = LINE('',#4252,#4253);
#4252 = CARTESIAN_POINT('',(194.97010753241,93.033041199087,
    2.791726506848));
#4253 = VECTOR('',#4254,1.);
#4254 = DIRECTION('',(-1.,4.042198674546E-13,0.));
#4255 = ORIENTED_EDGE('',*,*,#731,.T.);
#4256 = ORIENTED_EDGE('',*,*,#4257,.T.);
#4257 = EDGE_CURVE('',#723,#1062,#4258,.T.);
#4258 = B_SPLINE_CURVE_WITH_KNOTS('',3,(#4259,#4260,#4261,#4262),
  .UNSPECIFIED.,.F.,.F.,(4,4),(-8.944631555189,-2.355368444827),
  .PIECEWISE_BEZIER_KNOTS.);
#4259 = CARTESIAN_POINT('',(185.70047597723,93.683041199096,
    2.791726506848));
#4260 = CARTESIAN_POINT('',(187.89689701401,93.683041199096,
    2.791726506848));
#4261 = CARTESIAN_POINT('',(190.0933180508,93.683041199096,
    2.791726506848));
#4262 = CARTESIAN_POINT('',(192.28973908759,93.683041199089,
    2.791726506848));
#4263 = PLANE('',#4264);
#4264 = AXIS2_PLACEMENT_3D('',#4265,#4266,#4267);
#4265 = CARTESIAN_POINT('',(194.97010753241,93.683041199081,
    2.791726506848));
#4266 = DIRECTION('',(0.,0.,1.));
#4267 = DIRECTION('',(1.,0.,-0.));
#4268 = ADVANCED_FACE('',(#4269),#4275,.T.);
#4269 = FACE_BOUND('',#4270,.T.);
#4270 = EDGE_LOOP('',(#4271,#4272,#4273,#4274));
#4271 = ORIENTED_EDGE('',*,*,#1051,.T.);
#4272 = ORIENTED_EDGE('',*,*,#1492,.T.);
#4273 = ORIENTED_EDGE('',*,*,#740,.T.);
#4274 = ORIENTED_EDGE('',*,*,#4250,.F.);
#4275 = PLANE('',#4276);
#4276 = AXIS2_PLACEMENT_3D('',#4277,#4278,#4279);
#4277 = CARTESIAN_POINT('',(194.97010753241,93.03304119908,
    4.291726506848));
#4278 = DIRECTION('',(-4.042198674546E-13,-1.,0.));
#4279 = DIRECTION('',(-0.,0.,-1.));
#4280 = ADVANCED_FACE('',(#4281),#4287,.F.);
#4281 = FACE_BOUND('',#4282,.F.);
#4282 = EDGE_LOOP('',(#4283,#4284,#4285,#4286));
#4283 = ORIENTED_EDGE('',*,*,#1442,.F.);
#4284 = ORIENTED_EDGE('',*,*,#722,.F.);
#4285 = ORIENTED_EDGE('',*,*,#4257,.T.);
#4286 = ORIENTED_EDGE('',*,*,#1070,.F.);
#4287 = B_SPLINE_SURFACE_WITH_KNOTS('',1,1,(
    (#4288,#4289,#4290,#4291)
    ,(#4292,#4293,#4294,#4295)
    ,(#4296,#4297,#4298,#4299
    )),.UNSPECIFIED.,.F.,.F.,.F.,(2,1,2),(2,1,1,2),(-48.99999999999,
    2.025046796916E-13,18.),(-113.9999999999,0.,3.,39.650002000038),
  .UNSPECIFIED.);
#4288 = CARTESIAN_POINT('',(136.97010753241,93.68304119911,
    -111.2082734931));
#4289 = CARTESIAN_POINT('',(136.97010753241,93.68304119911,
    2.791726506848));
#4290 = CARTESIAN_POINT('',(136.97010753241,93.68304119911,
    5.791726506848));
#4291 = CARTESIAN_POINT('',(136.97010753241,93.68304119911,
    42.441728506887));
#4292 = CARTESIAN_POINT('',(185.97010753241,93.683041199089,
    -111.2082734931));
#4293 = CARTESIAN_POINT('',(185.97010753241,93.683041199089,
    2.791726506848));
#4294 = CARTESIAN_POINT('',(185.97010753241,93.683041199089,
    5.791726506848));
#4295 = CARTESIAN_POINT('',(185.97010753241,93.683041199089,
    42.441728506887));
#4296 = CARTESIAN_POINT('',(203.97010753241,93.683041199081,
    -111.2082734931));
#4297 = CARTESIAN_POINT('',(203.97010753241,93.683041199081,
    2.791726506848));
#4298 = CARTESIAN_POINT('',(203.97010753241,93.683041199081,
    5.791726506848));
#4299 = CARTESIAN_POINT('',(203.97010753241,93.683041199081,
    42.441728506887));
#4300 = ADVANCED_FACE('',(#4301),#4312,.T.);
#4301 = FACE_BOUND('',#4302,.T.);
#4302 = EDGE_LOOP('',(#4303,#4304,#4305,#4311));
#4303 = ORIENTED_EDGE('',*,*,#159,.T.);
#4304 = ORIENTED_EDGE('',*,*,#208,.T.);
#4305 = ORIENTED_EDGE('',*,*,#4306,.T.);
#4306 = EDGE_CURVE('',#200,#382,#4307,.T.);
#4307 = LINE('',#4308,#4309);
#4308 = CARTESIAN_POINT('',(194.97010753241,93.03304119908,
    2.391726506848));
#4309 = VECTOR('',#4310,1.);
#4310 = DIRECTION('',(1.,-4.042198674546E-13,0.));
#4311 = ORIENTED_EDGE('',*,*,#390,.T.);
#4312 = PLANE('',#4313);
#4313 = AXIS2_PLACEMENT_3D('',#4314,#4315,#4316);
#4314 = CARTESIAN_POINT('',(194.97010753241,93.03304119908,
    4.291726506848));
#4315 = DIRECTION('',(-4.042198674546E-13,-1.,0.));
#4316 = DIRECTION('',(-0.,0.,-1.));
#4317 = ADVANCED_FACE('',(#4318),#4330,.F.);
#4318 = FACE_BOUND('',#4319,.T.);
#4319 = EDGE_LOOP('',(#4320,#4321,#4322,#4323));
#4320 = ORIENTED_EDGE('',*,*,#381,.F.);
#4321 = ORIENTED_EDGE('',*,*,#4306,.F.);
#4322 = ORIENTED_EDGE('',*,*,#199,.T.);
#4323 = ORIENTED_EDGE('',*,*,#4324,.T.);
#4324 = EDGE_CURVE('',#188,#367,#4325,.T.);
#4325 = B_SPLINE_CURVE_WITH_KNOTS('',3,(#4326,#4327,#4328,#4329),
  .UNSPECIFIED.,.F.,.F.,(4,4),(-43.36963155518,-41.85278417555),
  .PIECEWISE_BEZIER_KNOTS.);
#4326 = CARTESIAN_POINT('',(209.60047597722,93.683041199074,
    2.391726506848));
#4327 = CARTESIAN_POINT('',(210.10609177043,93.683041199074,
    2.391726506848));
#4328 = CARTESIAN_POINT('',(210.61170756363,93.683041199074,
    2.391726506848));
#4329 = CARTESIAN_POINT('',(211.11732335685,93.683041199074,
    2.391726506848));
#4330 = PLANE('',#4331);
#4331 = AXIS2_PLACEMENT_3D('',#4332,#4333,#4334);
#4332 = CARTESIAN_POINT('',(194.97010753241,93.683041199081,
    2.391726506848));
#4333 = DIRECTION('',(0.,0.,1.));
#4334 = DIRECTION('',(1.,0.,-0.));
#4335 = ADVANCED_FACE('',(#4336),#4342,.F.);
#4336 = FACE_BOUND('',#4337,.F.);
#4337 = EDGE_LOOP('',(#4338,#4339,#4340,#4341));
#4338 = ORIENTED_EDGE('',*,*,#187,.F.);
#4339 = ORIENTED_EDGE('',*,*,#4324,.T.);
#4340 = ORIENTED_EDGE('',*,*,#366,.F.);
#4341 = ORIENTED_EDGE('',*,*,#74,.F.);
#4342 = B_SPLINE_SURFACE_WITH_KNOTS('',1,1,(
    (#4343,#4344,#4345,#4346)
    ,(#4347,#4348,#4349,#4350)
    ,(#4351,#4352,#4353,#4354
    )),.UNSPECIFIED.,.F.,.F.,.F.,(2,1,2),(2,1,1,2),(2.025046796916E-13,
    18.,66.999999999999),(-1.5,0.,3.,10.5),.UNSPECIFIED.);
#4343 = CARTESIAN_POINT('',(185.97010753241,93.683041199089,
    1.291726506848));
#4344 = CARTESIAN_POINT('',(185.97010753241,93.683041199089,
    2.791726506848));
#4345 = CARTESIAN_POINT('',(185.97010753241,93.683041199089,
    5.791726506848));
#4346 = CARTESIAN_POINT('',(185.97010753241,93.683041199089,
    13.291726506848));
#4347 = CARTESIAN_POINT('',(203.97010753241,93.683041199081,
    1.291726506848));
#4348 = CARTESIAN_POINT('',(203.97010753241,93.683041199081,
    2.791726506848));
#4349 = CARTESIAN_POINT('',(203.97010753241,93.683041199081,
    5.791726506848));
#4350 = CARTESIAN_POINT('',(203.97010753241,93.683041199081,
    13.291726506848));
#4351 = CARTESIAN_POINT('',(252.97010753241,93.68304119906,
    1.291726506848));
#4352 = CARTESIAN_POINT('',(252.97010753241,93.68304119906,
    2.791726506848));
#4353 = CARTESIAN_POINT('',(252.97010753241,93.68304119906,
    5.791726506848));
#4354 = CARTESIAN_POINT('',(252.97010753241,93.68304119906,
    13.291726506848));
#4355 = ADVANCED_FACE('',(#4356),#4367,.F.);
#4356 = FACE_BOUND('',#4357,.T.);
#4357 = EDGE_LOOP('',(#4358,#4359,#4365,#4366));
#4358 = ORIENTED_EDGE('',*,*,#1544,.T.);
#4359 = ORIENTED_EDGE('',*,*,#4360,.F.);
#4360 = EDGE_CURVE('',#336,#1537,#4361,.T.);
#4361 = LINE('',#4362,#4363);
#4362 = CARTESIAN_POINT('',(206.59510753241,93.520541199075,
    2.391726506848));
#4363 = VECTOR('',#4364,1.);
#4364 = DIRECTION('',(0.,1.,0.));
#4365 = ORIENTED_EDGE('',*,*,#335,.T.);
#4366 = ORIENTED_EDGE('',*,*,#1330,.T.);
#4367 = PLANE('',#4368);
#4368 = AXIS2_PLACEMENT_3D('',#4369,#4370,#4371);
#4369 = CARTESIAN_POINT('',(206.59510753241,93.358041199077,
    4.291726506848));
#4370 = DIRECTION('',(1.,0.,0.));
#4371 = DIRECTION('',(0.,-1.,0.));
#4372 = ADVANCED_FACE('',(#4373),#4384,.F.);
#4373 = FACE_BOUND('',#4374,.T.);
#4374 = EDGE_LOOP('',(#4375,#4376,#4382,#4383));
#4375 = ORIENTED_EDGE('',*,*,#1536,.F.);
#4376 = ORIENTED_EDGE('',*,*,#4377,.F.);
#4377 = EDGE_CURVE('',#344,#1529,#4378,.T.);
#4378 = LINE('',#4379,#4380);
#4379 = CARTESIAN_POINT('',(207.24510753241,93.520541199075,
    2.391726506848));
#4380 = VECTOR('',#4381,1.);
#4381 = DIRECTION('',(0.,1.,0.));
#4382 = ORIENTED_EDGE('',*,*,#343,.T.);
#4383 = ORIENTED_EDGE('',*,*,#4360,.T.);
#4384 = PLANE('',#4385);
#4385 = AXIS2_PLACEMENT_3D('',#4386,#4387,#4388);
#4386 = CARTESIAN_POINT('',(194.97010753241,93.683041199081,
    2.391726506848));
#4387 = DIRECTION('',(0.,0.,1.));
#4388 = DIRECTION('',(1.,0.,-0.));
#4389 = ADVANCED_FACE('',(#4390),#4396,.T.);
#4390 = FACE_BOUND('',#4391,.T.);
#4391 = EDGE_LOOP('',(#4392,#4393,#4394,#4395));
#4392 = ORIENTED_EDGE('',*,*,#1528,.T.);
#4393 = ORIENTED_EDGE('',*,*,#46,.T.);
#4394 = ORIENTED_EDGE('',*,*,#352,.T.);
#4395 = ORIENTED_EDGE('',*,*,#4377,.T.);
#4396 = PLANE('',#4397);
#4397 = AXIS2_PLACEMENT_3D('',#4398,#4399,#4400);
#4398 = CARTESIAN_POINT('',(207.24510753241,93.358041199077,
    4.291726506848));
#4399 = DIRECTION('',(1.,0.,0.));
#4400 = DIRECTION('',(0.,-1.,0.));
#4401 = ( GEOMETRIC_REPRESENTATION_CONTEXT(3) 
GLOBAL_UNCERTAINTY_ASSIGNED_CONTEXT((#4405)) 
GLOBAL_UNIT_ASSIGNED_CONTEXT((#4402,#4403,#4404)) REPRESENTATION_CONTEXT
('Context #1','3D Context with UNIT and UNCERTAINTY') );
#4402 = ( LENGTH_UNIT() NAMED_UNIT(*) SI_UNIT(.MILLI.,.METRE.) );
#4403 = ( NAMED_UNIT(*) PLANE_ANGLE_UNIT() SI_UNIT($,.RADIAN.) );
#4404 = ( NAMED_UNIT(*) SI_UNIT($,.STERADIAN.) SOLID_ANGLE_UNIT() );
#4405 = UNCERTAINTY_MEASURE_WITH_UNIT(LENGTH_MEASURE(5.E-04),#4402,
  'distance_accuracy_value','confusion accuracy');
#4406 = PRODUCT_RELATED_PRODUCT_CATEGORY('part',$,(#7));
#4407 = MECHANICAL_DESIGN_GEOMETRIC_PRESENTATION_REPRESENTATION('',(
    #4408),#4401);
#4408 = STYLED_ITEM('color',(#4409),#15);
#4409 = PRESENTATION_STYLE_ASSIGNMENT((#4410,#4416));
#4410 = SURFACE_STYLE_USAGE(.BOTH.,#4411);
#4411 = SURFACE_SIDE_STYLE('',(#4412));
#4412 = SURFACE_STYLE_FILL_AREA(#4413);
#4413 = FILL_AREA_STYLE('',(#4414));
#4414 = FILL_AREA_STYLE_COLOUR('',#4415);
#4415 = DRAUGHTING_PRE_DEFINED_COLOUR('white');
#4416 = CURVE_STYLE('',#4417,POSITIVE_LENGTH_MEASURE(0.1),#4418);
#4417 = DRAUGHTING_PRE_DEFINED_CURVE_FONT('continuous');
#4418 = COLOUR_RGB('',9.803921802644E-02,9.803921802644E-02,
  9.803921802644E-02);
ENDSEC;
END-ISO-10303-21;
