ISO-10303-21;
HEADER;
FILE_DESCRIPTION(('FreeCAD Model'),'2;1');
FILE_NAME('Open CASCADE Shape Model','2026-09-10T09:38:17',('Author'),(
    ''),'Open CASCADE STEP processor 7.8','FreeCAD','Unknown');
FILE_SCHEMA(('AUTOMOTIVE_DESIGN { 1 0 10303 214 1 1 1 1 }'));
ENDSEC;
DATA;
#1 = APPLICATION_PROTOCOL_DEFINITION('international standard',
  'automotive_design',2000,#2);
#2 = APPLICATION_CONTEXT(
  'core data for automotive mechanical design processes');
#3 = SHAPE_DEFINITION_REPRESENTATION(#4,#10);
#4 = PRODUCT_DEFINITION_SHAPE('','',#5);
#5 = PRODUCT_DEFINITION('design','',#6,#9);
#6 = PRODUCT_DEFINITION_FORMATION('','',#7);
#7 = PRODUCT('Product042','Product042','',(#8));
#8 = PRODUCT_CONTEXT('',#2,'mechanical');
#9 = PRODUCT_DEFINITION_CONTEXT('part definition',#2,'design');
#10 = ADVANCED_BREP_SHAPE_REPRESENTATION('',(#11,#15),#4322);
#11 = AXIS2_PLACEMENT_3D('',#12,#13,#14);
#12 = CARTESIAN_POINT('',(0.,0.,0.));
#13 = DIRECTION('',(0.,0.,1.));
#14 = DIRECTION('',(1.,0.,-0.));
#15 = MANIFOLD_SOLID_BREP('',#16);
#16 = CLOSED_SHELL('',(#17,#77,#141,#205,#318,#438,#509,#580,#620,#676,
    #712,#761,#785,#825,#866,#898,#930,#1010,#1062,#1177,#1223,#1247,
    #1265,#1335,#1502,#1526,#1551,#1576,#1626,#1672,#1705,#1732,#1892,
    #1917,#1935,#1955,#1989,#2014,#2041,#2091,#2157,#2193,#2239,#2263,
    #2368,#2392,#2417,#2442,#2571,#2601,#2625,#2637,#2661,#2684,#2702,
    #2714,#2744,#2782,#2820,#2952,#3084,#3216,#3265,#3301,#3350,#3367,
    #3389,#3420,#3451,#3475,#3499,#3574,#3591,#3603,#3620,#3637,#3654,
    #3671,#3688,#3700,#3731,#3755,#3779,#3803,#3827,#3851,#3882,#3906,
    #3953,#3970,#3987,#3999,#4011,#4042,#4066,#4090,#4114,#4138,#4162,
    #4193,#4217,#4264,#4281,#4298,#4310));
#17 = ADVANCED_FACE('',(#18),#56,.F.);
#18 = FACE_BOUND('',#19,.F.);
#19 = EDGE_LOOP('',(#20,#31,#40,#49));
#20 = ORIENTED_EDGE('',*,*,#21,.F.);
#21 = EDGE_CURVE('',#22,#24,#26,.T.);
#22 = VERTEX_POINT('',#23);
#23 = CARTESIAN_POINT('',(208.49168544466,51.398949194037,8.703269387674
    ));
#24 = VERTEX_POINT('',#25);
#25 = CARTESIAN_POINT('',(181.4485296202,51.398949194088,8.703269387772)
  );
#26 = B_SPLINE_CURVE_WITH_KNOTS('',3,(#27,#28,#29,#30),.UNSPECIFIED.,.F.
  ,.F.,(4,4),(0.,27.043155824467),.PIECEWISE_BEZIER_KNOTS.);
#27 = CARTESIAN_POINT('',(208.49168544466,51.398949194037,8.703269387674
    ));
#28 = CARTESIAN_POINT('',(199.47730016984,51.398949194052,8.703269387707
    ));
#29 = CARTESIAN_POINT('',(190.46291489501,51.398949194067,8.703269387739
    ));
#30 = CARTESIAN_POINT('',(181.44852962019,51.398949194081,8.703269387772
    ));
#31 = ORIENTED_EDGE('',*,*,#32,.F.);
#32 = EDGE_CURVE('',#33,#22,#35,.T.);
#33 = VERTEX_POINT('',#34);
#34 = CARTESIAN_POINT('',(208.49168544466,51.171785914077,8.556159757937
    ));
#35 = CIRCLE('',#36,0.25);
#36 = AXIS2_PLACEMENT_3D('',#37,#38,#39);
#37 = CARTESIAN_POINT('',(208.49168544466,51.399631834582,8.453270319672
    ));
#38 = DIRECTION('',(-1.,1.591997451932E-12,3.613917618351E-12));
#39 = DIRECTION('',(3.641531520771E-14,-0.911383682044,0.41155775306));
#40 = ORIENTED_EDGE('',*,*,#41,.F.);
#41 = EDGE_CURVE('',#42,#33,#44,.T.);
#42 = VERTEX_POINT('',#43);
#43 = CARTESIAN_POINT('',(181.44852962019,51.171785914121,8.556159758035
    ));
#44 = B_SPLINE_CURVE_WITH_KNOTS('',3,(#45,#46,#47,#48),.UNSPECIFIED.,.F.
  ,.F.,(4,4),(-27.04315582446,0.),.PIECEWISE_BEZIER_KNOTS.);
#45 = CARTESIAN_POINT('',(181.44852962019,51.171785914114,8.556159758038
    ));
#46 = CARTESIAN_POINT('',(190.46291489501,51.171785914099,8.556159758005
    ));
#47 = CARTESIAN_POINT('',(199.47730016984,51.171785914085,8.556159757972
    ));
#48 = CARTESIAN_POINT('',(208.49168544466,51.17178591407,8.55615975794)
  );
#49 = ORIENTED_EDGE('',*,*,#50,.F.);
#50 = EDGE_CURVE('',#24,#42,#51,.T.);
#51 = CIRCLE('',#52,0.25);
#52 = AXIS2_PLACEMENT_3D('',#53,#54,#55);
#53 = CARTESIAN_POINT('',(181.44852962019,51.399631834625,8.45327031977)
  );
#54 = DIRECTION('',(1.,-1.585167260917E-12,-3.613898967995E-12));
#55 = DIRECTION('',(3.609557097661E-12,-2.73056216502E-03,0.999996272008
    ));
#56 = B_SPLINE_SURFACE_WITH_KNOTS('',3,3,(
    (#57,#58,#59,#60)
    ,(#61,#62,#63,#64)
    ,(#65,#66,#67,#68)
    ,(#69,#70,#71,#72)
    ,(#73,#74,#75,#76
    )),.UNSPECIFIED.,.F.,.F.,.F.,(4,1,4),(4,4),(0.,0.571428571429,1.),(
    0.,27.043155824467),.UNSPECIFIED.);
#57 = CARTESIAN_POINT('',(208.49168544466,51.398949194037,8.703269387674
    ));
#58 = CARTESIAN_POINT('',(199.47730016984,51.398949194052,8.703269387707
    ));
#59 = CARTESIAN_POINT('',(190.46291489501,51.398949194067,8.703269387739
    ));
#60 = CARTESIAN_POINT('',(181.44852962019,51.398949194081,8.703269387772
    ));
#61 = CARTESIAN_POINT('',(208.49168544466,51.344477819024,8.703120649643
    ));
#62 = CARTESIAN_POINT('',(199.47730016984,51.344477819039,8.703120649676
    ));
#63 = CARTESIAN_POINT('',(190.46291489501,51.344477819053,8.703120649708
    ));
#64 = CARTESIAN_POINT('',(181.44852962019,51.344477819068,8.703120649741
    ));
#65 = CARTESIAN_POINT('',(208.49168544466,51.249543580503,8.670519838397
    ));
#66 = CARTESIAN_POINT('',(199.47730016984,51.249543580518,8.67051983843)
  );
#67 = CARTESIAN_POINT('',(190.46291489501,51.249543580532,8.670519838462
    ));
#68 = CARTESIAN_POINT('',(181.44852962019,51.249543580547,8.670519838495
    ));
#69 = CARTESIAN_POINT('',(208.49168544466,51.188599564281,8.593393138487
    ));
#70 = CARTESIAN_POINT('',(199.47730016984,51.188599564295,8.59339313852)
  );
#71 = CARTESIAN_POINT('',(190.46291489501,51.18859956431,8.593393138552)
  );
#72 = CARTESIAN_POINT('',(181.44852962019,51.188599564324,8.593393138585
    ));
#73 = CARTESIAN_POINT('',(208.49168544466,51.17178591407,8.55615975794)
  );
#74 = CARTESIAN_POINT('',(199.47730016984,51.171785914085,8.556159757972
    ));
#75 = CARTESIAN_POINT('',(190.46291489501,51.171785914099,8.556159758005
    ));
#76 = CARTESIAN_POINT('',(181.44852962019,51.171785914114,8.556159758038
    ));
#77 = ADVANCED_FACE('',(#78),#110,.F.);
#78 = FACE_BOUND('',#79,.F.);
#79 = EDGE_LOOP('',(#80,#91,#100,#109));
#80 = ORIENTED_EDGE('',*,*,#81,.F.);
#81 = EDGE_CURVE('',#82,#22,#84,.T.);
#82 = VERTEX_POINT('',#83);
#83 = CARTESIAN_POINT('',(209.99898608643,53.136169290949,8.671829586354
    ));
#84 = B_SPLINE_CURVE_WITH_KNOTS('',3,(#85,#86,#87,#88,#89,#90),
  .UNSPECIFIED.,.F.,.F.,(4,1,1,4),(0.,1.098759513323,1.831265855538,
    2.563772197753),.UNSPECIFIED.);
#85 = CARTESIAN_POINT('',(209.99898608643,53.136169290949,8.671829586354
    ));
#86 = CARTESIAN_POINT('',(210.01445311467,52.768305590231,8.686171730548
    ));
#87 = CARTESIAN_POINT('',(209.85715450894,52.144234904474,8.701187831164
    ));
#88 = CARTESIAN_POINT('',(209.22426394478,51.528630510402,8.703875505866
    ));
#89 = CARTESIAN_POINT('',(208.7358542254,51.398949194037,8.703269387673)
  );
#90 = CARTESIAN_POINT('',(208.49168544466,51.398949194037,8.703269387674
    ));
#91 = ORIENTED_EDGE('',*,*,#92,.F.);
#92 = EDGE_CURVE('',#93,#82,#95,.T.);
#93 = VERTEX_POINT('',#94);
#94 = CARTESIAN_POINT('',(210.23486130743,53.139596138368,8.50380890347)
  );
#95 = CIRCLE('',#96,0.25);
#96 = AXIS2_PLACEMENT_3D('',#97,#98,#99);
#97 = CARTESIAN_POINT('',(209.99898608643,53.126429775824,8.422019374703
    ));
#98 = DIRECTION('',(4.223042817505E-02,-0.998349421392,
    3.892330591403E-02));
#99 = DIRECTION('',(0.943500883997,5.266545017524E-02,0.327158115068));
#100 = ORIENTED_EDGE('',*,*,#101,.F.);
#101 = EDGE_CURVE('',#33,#93,#102,.T.);
#102 = B_SPLINE_CURVE_WITH_KNOTS('',3,(#103,#104,#105,#106,#107,#108),
  .UNSPECIFIED.,.F.,.F.,(4,1,1,4),(-2.563772197753,-1.831265855538,
    -1.098759513323,0.),.UNSPECIFIED.);
#103 = CARTESIAN_POINT('',(208.49168544466,51.171785914077,
    8.556159757937));
#104 = CARTESIAN_POINT('',(208.77432694225,51.179802923369,8.57391321148
    ));
#105 = CARTESIAN_POINT('',(209.33293406782,51.342297327646,8.59489078512
    ));
#106 = CARTESIAN_POINT('',(210.05102811893,52.036120182405,
    8.588748617105));
#107 = CARTESIAN_POINT('',(210.24326942014,52.727222465764,
    8.545943830587));
#108 = CARTESIAN_POINT('',(210.23486130743,53.139596138368,8.50380890347
    ));
#109 = ORIENTED_EDGE('',*,*,#32,.T.);
#110 = B_SPLINE_SURFACE_WITH_KNOTS('',3,3,(
    (#111,#112,#113,#114,#115,#116)
    ,(#117,#118,#119,#120,#121,#122)
    ,(#123,#124,#125,#126,#127,#128)
    ,(#129,#130,#131,#132,#133,#134)
    ,(#135,#136,#137,#138,#139,#140
  )),.UNSPECIFIED.,.F.,.F.,.F.,(4,1,4),(4,1,1,4),(0.,0.571428571429,1.),
  (0.,1.098759513323,1.831265855538,2.563772197753),.UNSPECIFIED.);
#111 = CARTESIAN_POINT('',(209.99898608643,53.136169290949,
    8.671829586354));
#112 = CARTESIAN_POINT('',(210.01445311467,52.768305590231,
    8.686171730548));
#113 = CARTESIAN_POINT('',(209.85715450894,52.144234904474,
    8.701187831164));
#114 = CARTESIAN_POINT('',(209.22426394478,51.528630510402,
    8.703875505866));
#115 = CARTESIAN_POINT('',(208.7358542254,51.398949194037,8.703269387673
    ));
#116 = CARTESIAN_POINT('',(208.49168544466,51.398949194037,
    8.703269387674));
#117 = CARTESIAN_POINT('',(210.05777134348,53.138652147871,
    8.671732785577));
#118 = CARTESIAN_POINT('',(210.06845803256,52.758919266176,
    8.686450248598));
#119 = CARTESIAN_POINT('',(209.9008050715,52.119962709839,8.701547617952
    ));
#120 = CARTESIAN_POINT('',(209.24870891134,51.486917635906,
    8.703795657534));
#121 = CARTESIAN_POINT('',(208.74507457129,51.348210986515,
    8.703068722537));
#122 = CARTESIAN_POINT('',(208.49168544466,51.344477819032,
    8.703120649642));
#123 = CARTESIAN_POINT('',(210.16020186013,53.141499732323,8.63363735022
    ));
#124 = CARTESIAN_POINT('',(210.16284192184,52.741785231017,8.65633833066
    ));
#125 = CARTESIAN_POINT('',(209.97708832279,52.077176132865,
    8.678144486847));
#126 = CARTESIAN_POINT('',(209.29147452082,51.413999897835,
    8.680947736964));
#127 = CARTESIAN_POINT('',(208.76112586512,51.259627223641,
    8.675123201059));
#128 = CARTESIAN_POINT('',(208.49168544467,51.249543580518,
    8.670519838395));
#129 = CARTESIAN_POINT('',(210.22035774287,53.140607036141,
    8.545473425819));
#130 = CARTESIAN_POINT('',(210.22533028304,52.730370963487,
    8.582227300244));
#131 = CARTESIAN_POINT('',(210.03292674853,52.046068780102,
    8.618554701677));
#132 = CARTESIAN_POINT('',(209.3227782735,51.360019203108,8.623620157411
    ));
#133 = CARTESIAN_POINT('',(208.77147578772,51.198388279117,8.6073064869)
  );
#134 = CARTESIAN_POINT('',(208.49168544466,51.188599564288,
    8.593393138484));
#135 = CARTESIAN_POINT('',(210.23486130743,53.139596138368,8.50380890347
    ));
#136 = CARTESIAN_POINT('',(210.24326942014,52.727222465764,
    8.545943830587));
#137 = CARTESIAN_POINT('',(210.05102811893,52.036120182405,
    8.588748617105));
#138 = CARTESIAN_POINT('',(209.33293406782,51.342297327646,8.59489078512
    ));
#139 = CARTESIAN_POINT('',(208.77432694225,51.179802923369,8.57391321148
    ));
#140 = CARTESIAN_POINT('',(208.49168544466,51.171785914077,
    8.556159757937));
#141 = ADVANCED_FACE('',(#142),#174,.F.);
#142 = FACE_BOUND('',#143,.F.);
#143 = EDGE_LOOP('',(#144,#155,#164,#173));
#144 = ORIENTED_EDGE('',*,*,#145,.F.);
#145 = EDGE_CURVE('',#146,#42,#148,.T.);
#146 = VERTEX_POINT('',#147);
#147 = CARTESIAN_POINT('',(179.7053537574,53.139596138419,8.503808903548
    ));
#148 = B_SPLINE_CURVE_WITH_KNOTS('',3,(#149,#150,#151,#152,#153,#154),
  .UNSPECIFIED.,.F.,.F.,(4,1,1,4),(0.,1.098759513327,1.831265855545,
    2.563772197764),.UNSPECIFIED.);
#149 = CARTESIAN_POINT('',(179.7053537574,53.139596138419,8.503808903548
    ));
#150 = CARTESIAN_POINT('',(179.69694564469,52.727222465823,
    8.545943830672));
#151 = CARTESIAN_POINT('',(179.88918694587,52.036120182493,
    8.588748617188));
#152 = CARTESIAN_POINT('',(180.60728099699,51.342297327741,
    8.594890785215));
#153 = CARTESIAN_POINT('',(181.16588812259,51.17980292342,8.573913211581
    ));
#154 = CARTESIAN_POINT('',(181.44852962018,51.171785914121,
    8.556159758036));
#155 = ORIENTED_EDGE('',*,*,#156,.F.);
#156 = EDGE_CURVE('',#157,#146,#159,.T.);
#157 = VERTEX_POINT('',#158);
#158 = CARTESIAN_POINT('',(179.9412289784,53.136169291007,8.671829586432
    ));
#159 = CIRCLE('',#160,0.25);
#160 = AXIS2_PLACEMENT_3D('',#161,#162,#163);
#161 = CARTESIAN_POINT('',(179.9412289784,53.126429775875,8.422019374781
    ));
#162 = DIRECTION('',(-4.223042816884E-02,-0.998349421391,
    3.892330593174E-02));
#163 = DIRECTION('',(2.685852191694E-12,3.895806051305E-02,
    0.999240846604));
#164 = ORIENTED_EDGE('',*,*,#165,.F.);
#165 = EDGE_CURVE('',#24,#157,#166,.T.);
#166 = B_SPLINE_CURVE_WITH_KNOTS('',3,(#167,#168,#169,#170,#171,#172),
  .UNSPECIFIED.,.F.,.F.,(4,1,1,4),(-2.563772197764,-1.831265855545,
    -1.098759513327,0.),.UNSPECIFIED.);
#167 = CARTESIAN_POINT('',(181.44852962018,51.398949194088,
    8.703269387773));
#168 = CARTESIAN_POINT('',(181.20436083944,51.398949194088,
    8.703269387774));
#169 = CARTESIAN_POINT('',(180.71595112004,51.528630510504,
    8.703875505965));
#170 = CARTESIAN_POINT('',(180.08306055589,52.144234904568,
    8.701187831248));
#171 = CARTESIAN_POINT('',(179.92576195017,52.768305590296,
    8.686171730632));
#172 = CARTESIAN_POINT('',(179.9412289784,53.136169291007,8.671829586432
    ));
#173 = ORIENTED_EDGE('',*,*,#50,.T.);
#174 = B_SPLINE_SURFACE_WITH_KNOTS('',3,3,(
    (#175,#176,#177,#178,#179,#180)
    ,(#181,#182,#183,#184,#185,#186)
    ,(#187,#188,#189,#190,#191,#192)
    ,(#193,#194,#195,#196,#197,#198)
    ,(#199,#200,#201,#202,#203,#204
  )),.UNSPECIFIED.,.F.,.F.,.F.,(4,1,4),(4,1,1,4),(0.,0.571428571429,1.),
  (0.,1.098759513327,1.831265855545,2.563772197764),.UNSPECIFIED.);
#175 = CARTESIAN_POINT('',(179.7053537574,53.139596138419,8.503808903548
    ));
#176 = CARTESIAN_POINT('',(179.69694564469,52.727222465823,
    8.545943830672));
#177 = CARTESIAN_POINT('',(179.88918694587,52.036120182493,
    8.588748617188));
#178 = CARTESIAN_POINT('',(180.60728099699,51.342297327741,
    8.594890785215));
#179 = CARTESIAN_POINT('',(181.16588812259,51.17980292342,8.573913211581
    ));
#180 = CARTESIAN_POINT('',(181.44852962018,51.171785914121,
    8.556159758036));
#181 = CARTESIAN_POINT('',(179.72469184348,53.140944002116,
    8.559361600013));
#182 = CARTESIAN_POINT('',(179.72093514812,52.731379635603,
    8.594256358399));
#183 = CARTESIAN_POINT('',(179.91333838168,52.049416445501,8.62840462087
    ));
#184 = CARTESIAN_POINT('',(180.62085537759,51.365946655344,
    8.633103944649));
#185 = CARTESIAN_POINT('',(181.16967005554,51.204621771358,
    8.618397499926));
#186 = CARTESIAN_POINT('',(181.44852962018,51.194204114399,
    8.605804265433));
#187 = CARTESIAN_POINT('',(179.79419866151,53.141293642926,8.6437420579)
  );
#188 = CARTESIAN_POINT('',(179.79057605389,52.744271212308,8.66437042775
    ));
#189 = CARTESIAN_POINT('',(179.97387931301,52.083233770376,
    8.684388428396));
#190 = CARTESIAN_POINT('',(180.65476427033,51.424284805646,
    8.686948401212));
#191 = CARTESIAN_POINT('',(181.18133664853,51.272054948327,
    8.682437511906));
#192 = CARTESIAN_POINT('',(181.44852962018,51.262787011161,
    8.679096207758));
#193 = CARTESIAN_POINT('',(179.89714003562,53.138031433693,
    8.671756985849));
#194 = CARTESIAN_POINT('',(179.88521055055,52.761293873286,
    8.686434744227));
#195 = CARTESIAN_POINT('',(180.05031152556,52.126009884007,
    8.701526625124));
#196 = CARTESIAN_POINT('',(180.69759491211,51.497332622712,
    8.703890288236));
#197 = CARTESIAN_POINT('',(181.19745869407,51.36086970428,8.703151375331
    ));
#198 = CARTESIAN_POINT('',(181.44852962018,51.358095662828,8.70315783425
    ));
#199 = CARTESIAN_POINT('',(179.9412289784,53.136169291007,8.671829586432
    ));
#200 = CARTESIAN_POINT('',(179.92576195017,52.768305590296,
    8.686171730632));
#201 = CARTESIAN_POINT('',(180.08306055589,52.144234904568,
    8.701187831248));
#202 = CARTESIAN_POINT('',(180.71595112004,51.528630510504,
    8.703875505965));
#203 = CARTESIAN_POINT('',(181.20436083944,51.398949194088,
    8.703269387774));
#204 = CARTESIAN_POINT('',(181.44852962018,51.398949194088,
    8.703269387773));
#205 = ADVANCED_FACE('',(#206),#252,.F.);
#206 = FACE_BOUND('',#207,.F.);
#207 = EDGE_LOOP('',(#208,#226,#235,#251));
#208 = ORIENTED_EDGE('',*,*,#209,.F.);
#209 = EDGE_CURVE('',#210,#82,#212,.T.);
#210 = VERTEX_POINT('',#211);
#211 = CARTESIAN_POINT('',(209.86861954479,62.844103516589,
    7.134706818172));
#212 = B_SPLINE_CURVE_WITH_KNOTS('',3,(#213,#214,#215,#216,#217,#218,
    #219,#220,#221,#222,#223,#224,#225),.UNSPECIFIED.,.F.,.F.,(4,1,1,1,2
    ,1,1,2,4),(0.,0.272956511038,0.545913022076,1.091826044151,
    2.729565110378,6.841036547337,8.211527026323,9.582017505309,
    9.796998077906),.UNSPECIFIED.);
#213 = CARTESIAN_POINT('',(209.86861954479,62.844103516589,
    7.134706818172));
#214 = CARTESIAN_POINT('',(209.86322563842,62.756168498119,
    7.159528878296));
#215 = CARTESIAN_POINT('',(209.85447362396,62.580027012729,
    7.208627344122));
#216 = CARTESIAN_POINT('',(209.83989106776,62.226989633033,
    7.304544580217));
#217 = CARTESIAN_POINT('',(209.81514049868,61.430273403348,
    7.512604440559));
#218 = CARTESIAN_POINT('',(209.80707369646,60.716967853288,
    7.678983021326));
#219 = CARTESIAN_POINT('',(209.80474490149,58.830977824684,8.07950060685
    ));
#220 = CARTESIAN_POINT('',(209.8447295905,57.013986859791,8.371739330681
    ));
#221 = CARTESIAN_POINT('',(209.92863298071,54.727474280437,
    8.586798723429));
#222 = CARTESIAN_POINT('',(209.9689583773,53.81074255074,8.642573425711)
  );
#223 = CARTESIAN_POINT('',(209.99272266247,53.28010378738,8.666030437098
    ));
#224 = CARTESIAN_POINT('',(209.99595984589,53.208144594057,
    8.669023437844));
#225 = CARTESIAN_POINT('',(209.99898608643,53.136169290949,
    8.671829586354));
#226 = ORIENTED_EDGE('',*,*,#227,.F.);
#227 = EDGE_CURVE('',#228,#210,#230,.T.);
#228 = VERTEX_POINT('',#229);
#229 = CARTESIAN_POINT('',(210.09048616091,62.794602485817,7.00784565633
    ));
#230 = CIRCLE('',#231,0.25);
#231 = AXIS2_PLACEMENT_3D('',#232,#233,#234);
#232 = CARTESIAN_POINT('',(209.86861954479,62.776188103213,6.89410861239
    ));
#233 = DIRECTION('',(-5.928314014072E-02,-0.960700174305,0.271183857163)
  );
#234 = DIRECTION('',(0.887466464482,7.365753043591E-02,0.454948175763));
#235 = ORIENTED_EDGE('',*,*,#236,.F.);
#236 = EDGE_CURVE('',#93,#228,#237,.T.);
#237 = B_SPLINE_CURVE_WITH_KNOTS('',3,(#238,#239,#240,#241,#242,#243,
    #244,#245,#246,#247,#248,#249,#250),.UNSPECIFIED.,.F.,.F.,(4,2,1,1,2
    ,1,1,1,4),(-9.796998077906,-9.582017505309,-8.211527026323,
    -6.841036547337,-2.729565110378,-1.091826044151,-0.545913022076,
    -0.272956511038,0.),.UNSPECIFIED.);
#238 = CARTESIAN_POINT('',(210.23486130743,53.139596138368,8.50380890347
    ));
#239 = CARTESIAN_POINT('',(210.23195136932,53.211933477287,
    8.500556196924));
#240 = CARTESIAN_POINT('',(210.22869292307,53.283536753057,
    8.497624355839));
#241 = CARTESIAN_POINT('',(210.20486475122,53.812396583839,
    8.474250474814));
#242 = CARTESIAN_POINT('',(210.16376695027,54.724203527185,8.42091714521
    ));
#243 = CARTESIAN_POINT('',(210.07755200268,56.999686450013,
    8.213020406248));
#244 = CARTESIAN_POINT('',(210.03431341875,58.807800791939,
    7.930312961455));
#245 = CARTESIAN_POINT('',(210.03232907398,60.684103493433,
    7.541296733751));
#246 = CARTESIAN_POINT('',(210.03864417983,61.393479222374,
    7.379485788296));
#247 = CARTESIAN_POINT('',(210.06174861051,62.185187976807,
    7.175981268051));
#248 = CARTESIAN_POINT('',(210.07594998033,62.535051957806,
    7.081573481695));
#249 = CARTESIAN_POINT('',(210.084666536,62.709389066098,7.032994305362)
  );
#250 = CARTESIAN_POINT('',(210.0904861609,62.794602485825,7.007845656332
    ));
#251 = ORIENTED_EDGE('',*,*,#92,.T.);
#252 = B_SPLINE_SURFACE_WITH_KNOTS('',3,3,(
    (#253,#254,#255,#256,#257,#258,#259,#260,#261,#262,#263,#264,#265)
    ,(#266,#267,#268,#269,#270,#271,#272,#273,#274,#275,#276,#277,#278)
    ,(#279,#280,#281,#282,#283,#284,#285,#286,#287,#288,#289,#290,#291)
    ,(#292,#293,#294,#295,#296,#297,#298,#299,#300,#301,#302,#303,#304)
    ,(#305,#306,#307,#308,#309,#310,#311,#312,#313,#314,#315,#316,#317
  )),.UNSPECIFIED.,.F.,.F.,.F.,(4,1,4),(4,1,1,1,2,1,1,2,4),(0.,
    0.571428571429,1.),(0.,0.272956511038,0.545913022076,1.091826044151,
    2.729565110378,6.841036547337,8.211527026323,9.582017505309,
    9.796998077906),.UNSPECIFIED.);
#253 = CARTESIAN_POINT('',(209.86861954479,62.844103516589,
    7.134706818172));
#254 = CARTESIAN_POINT('',(209.86322563842,62.756168498119,
    7.159528878296));
#255 = CARTESIAN_POINT('',(209.85447362396,62.580027012729,
    7.208627344122));
#256 = CARTESIAN_POINT('',(209.83989106776,62.226989633033,
    7.304544580217));
#257 = CARTESIAN_POINT('',(209.81514049868,61.430273403348,
    7.512604440559));
#258 = CARTESIAN_POINT('',(209.80707369646,60.716967853288,
    7.678983021326));
#259 = CARTESIAN_POINT('',(209.80474490149,58.830977824684,8.07950060685
    ));
#260 = CARTESIAN_POINT('',(209.8447295905,57.013986859791,8.371739330681
    ));
#261 = CARTESIAN_POINT('',(209.92863298071,54.727474280437,
    8.586798723429));
#262 = CARTESIAN_POINT('',(209.9689583773,53.81074255074,8.642573425711)
  );
#263 = CARTESIAN_POINT('',(209.99272266247,53.28010378738,8.666030437098
    ));
#264 = CARTESIAN_POINT('',(209.99595984589,53.208144594057,
    8.669023437844));
#265 = CARTESIAN_POINT('',(209.99898608643,53.136169290949,
    8.671829586354));
#266 = CARTESIAN_POINT('',(209.920681264,62.841127971151,7.135546747123)
  );
#267 = CARTESIAN_POINT('',(209.9151222511,62.753624962686,7.160240142608
    ));
#268 = CARTESIAN_POINT('',(209.90634600766,62.577837855584,7.209228934)
  );
#269 = CARTESIAN_POINT('',(209.89191851436,62.225271663112,
    7.304999432484));
#270 = CARTESIAN_POINT('',(209.86782206851,61.429332350221,
    7.512825340033));
#271 = CARTESIAN_POINT('',(209.86050668158,60.716547929602,
    7.679072804633));
#272 = CARTESIAN_POINT('',(209.86012308379,58.831769076605,
    8.079331854017));
#273 = CARTESIAN_POINT('',(209.90173909833,57.015582156651,
    8.371506620607));
#274 = CARTESIAN_POINT('',(209.98698253407,54.729828938383,
    8.586610791904));
#275 = CARTESIAN_POINT('',(210.02772737645,53.813374135214,
    8.642427472477));
#276 = CARTESIAN_POINT('',(210.05157614222,53.28274627788,8.665918227658
    ));
#277 = CARTESIAN_POINT('',(210.05480645693,53.2107635996,8.668916977386)
  );
#278 = CARTESIAN_POINT('',(210.05777134347,53.138652147871,
    8.671732785577));
#279 = CARTESIAN_POINT('',(210.01154629615,62.827904455451,
    7.108564796663));
#280 = CARTESIAN_POINT('',(210.00565446606,62.74152029476,7.133292134935
    ));
#281 = CARTESIAN_POINT('',(209.99687748621,62.566278147293,
    7.182049830996));
#282 = CARTESIAN_POINT('',(209.98269801348,62.214858334679,
    7.277368351015));
#283 = CARTESIAN_POINT('',(209.95974874962,61.420538292143,
    7.483905885048));
#284 = CARTESIAN_POINT('',(209.95373244082,60.709059629313,
    7.648917694928));
#285 = CARTESIAN_POINT('',(209.95669194334,58.827327098697,
    8.046120636443));
#286 = CARTESIAN_POINT('',(210.0011622532,57.013828615505,8.335692605143
    ));
#287 = CARTESIAN_POINT('',(210.08866821984,54.73107671507,8.549012876475
    ));
#288 = CARTESIAN_POINT('',(210.13017721367,53.816098512601,
    8.604109729315));
#289 = CARTESIAN_POINT('',(210.15411895671,53.285716794082,
    8.627716593359));
#290 = CARTESIAN_POINT('',(210.15735702088,53.21386131928,8.630660771555
    ));
#291 = CARTESIAN_POINT('',(210.16020186013,53.141499732323,8.63363735022
    ));
#292 = CARTESIAN_POINT('',(210.07260886471,62.805071142866,
    7.041023952735));
#293 = CARTESIAN_POINT('',(210.06670753663,62.719589617067,
    7.066044090657));
#294 = CARTESIAN_POINT('',(210.05796943239,62.544974151162,
    7.114659924201));
#295 = CARTESIAN_POINT('',(210.04381259387,62.194688365627,
    7.209334972037));
#296 = CARTESIAN_POINT('',(210.02094272388,61.402203478712,
    7.413732323542));
#297 = CARTESIAN_POINT('',(210.01493946664,60.692213733768,
    7.576487687772));
#298 = CARTESIAN_POINT('',(210.01780338114,58.814277942598,
    7.967918740712));
#299 = CARTESIAN_POINT('',(210.06194412973,57.004538766109,
    8.252595897935));
#300 = CARTESIAN_POINT('',(210.14898587682,54.726797123039,
    8.462073553381));
#301 = CARTESIAN_POINT('',(210.19035623513,53.814049402463,
    8.515888015936));
#302 = CARTESIAN_POINT('',(210.21423839409,53.284658808341,
    8.539362738424));
#303 = CARTESIAN_POINT('',(210.21749133237,53.212988370382,
    8.542288150351));
#304 = CARTESIAN_POINT('',(210.22035774287,53.140607036141,
    8.545473425819));
#305 = CARTESIAN_POINT('',(210.0904861609,62.794602485825,7.007845656332
    ));
#306 = CARTESIAN_POINT('',(210.084666536,62.709389066098,7.032994305362)
  );
#307 = CARTESIAN_POINT('',(210.07594998033,62.535051957806,
    7.081573481695));
#308 = CARTESIAN_POINT('',(210.06174861051,62.185187976807,
    7.175981268051));
#309 = CARTESIAN_POINT('',(210.03864417983,61.393479222374,
    7.379485788296));
#310 = CARTESIAN_POINT('',(210.03232907398,60.684103493433,
    7.541296733751));
#311 = CARTESIAN_POINT('',(210.03431341875,58.807800791939,
    7.930312961455));
#312 = CARTESIAN_POINT('',(210.07755200268,56.999686450013,
    8.213020406248));
#313 = CARTESIAN_POINT('',(210.16376695027,54.724203527185,8.42091714521
    ));
#314 = CARTESIAN_POINT('',(210.20486475122,53.812396583839,
    8.474250474814));
#315 = CARTESIAN_POINT('',(210.22869292307,53.283536753057,
    8.497624355839));
#316 = CARTESIAN_POINT('',(210.23195136932,53.211933477287,
    8.500556196924));
#317 = CARTESIAN_POINT('',(210.23486130743,53.139596138368,8.50380890347
    ));
#318 = ADVANCED_FACE('',(#319),#367,.F.);
#319 = FACE_BOUND('',#320,.F.);
#320 = EDGE_LOOP('',(#321,#340,#349,#366));
#321 = ORIENTED_EDGE('',*,*,#322,.F.);
#322 = EDGE_CURVE('',#323,#146,#325,.T.);
#323 = VERTEX_POINT('',#324);
#324 = CARTESIAN_POINT('',(179.84972890385,62.794602485847,7.00784565624
    ));
#325 = B_SPLINE_CURVE_WITH_KNOTS('',3,(#326,#327,#328,#329,#330,#331,
    #332,#333,#334,#335,#336,#337,#338,#339),.UNSPECIFIED.,.F.,.F.,(4,1,
    1,1,2,1,1,1,2,4),(0.,0.27295651111,0.545913022219,1.637739066658,
    2.729565111096,5.470546069072,6.84103654806,8.211527027047,
    9.582017506035,9.796998077909),.UNSPECIFIED.);
#326 = CARTESIAN_POINT('',(179.84972890385,62.794602485854,7.00784565624
    ));
#327 = CARTESIAN_POINT('',(179.85554852876,62.709389066105,
    7.032994305278));
#328 = CARTESIAN_POINT('',(179.86429626986,62.535080934889,
    7.081585305112));
#329 = CARTESIAN_POINT('',(179.88545163139,62.010144235726,
    7.223137604125));
#330 = CARTESIAN_POINT('',(179.90356582126,61.21631844245,7.421057049206
    ));
#331 = CARTESIAN_POINT('',(179.90782358399,60.506019591194,
    7.578276830255));
#332 = CARTESIAN_POINT('',(179.90660379132,59.25520200641,7.837597079804
    ));
#333 = CARTESIAN_POINT('',(179.88390759741,57.903573552168,
    8.071673785368));
#334 = CARTESIAN_POINT('',(179.82830918169,56.089557244137,
    8.296187128865));
#335 = CARTESIAN_POINT('',(179.77632651455,54.724152235984,
    8.420919834805));
#336 = CARTESIAN_POINT('',(179.735362151,53.812402439835,8.474251423687)
  );
#337 = CARTESIAN_POINT('',(179.71152073174,53.283536116316,
    8.497624328707));
#338 = CARTESIAN_POINT('',(179.70826369549,53.21193347709,8.500556197012
    ));
#339 = CARTESIAN_POINT('',(179.7053537574,53.139596138419,8.503808903548
    ));
#340 = ORIENTED_EDGE('',*,*,#341,.F.);
#341 = EDGE_CURVE('',#342,#323,#344,.T.);
#342 = VERTEX_POINT('',#343);
#343 = CARTESIAN_POINT('',(180.07159551997,62.844103516625,
    7.134706818081));
#344 = CIRCLE('',#345,0.25);
#345 = AXIS2_PLACEMENT_3D('',#346,#347,#348);
#346 = CARTESIAN_POINT('',(180.07159551997,62.776188103242,6.8941086123)
  );
#347 = DIRECTION('',(5.928314014985E-02,-0.960700174299,0.27118385718));
#348 = DIRECTION('',(-2.643222446475E-12,0.27166165353,0.962392823124));
#349 = ORIENTED_EDGE('',*,*,#350,.F.);
#350 = EDGE_CURVE('',#157,#342,#351,.T.);
#351 = B_SPLINE_CURVE_WITH_KNOTS('',3,(#352,#353,#354,#355,#356,#357,
    #358,#359,#360,#361,#362,#363,#364,#365),.UNSPECIFIED.,.F.,.F.,(4,2,
    1,1,1,2,1,1,1,4),(-9.796998077909,-9.582017506035,-8.211527027047,
    -6.84103654806,-5.470546069072,-2.729565111096,-1.637739066658,
    -0.545913022219,-0.27295651111,0.),.UNSPECIFIED.);
#352 = CARTESIAN_POINT('',(179.9412289784,53.136169291007,8.671829586432
    ));
#353 = CARTESIAN_POINT('',(179.94425521893,53.208144593875,8.66902343793
    ));
#354 = CARTESIAN_POINT('',(179.9474910337,53.280103658355,8.666030359787
    ));
#355 = CARTESIAN_POINT('',(179.97126776981,53.81074354978,8.642573985601
    ));
#356 = CARTESIAN_POINT('',(180.01146119729,54.727462630501,8.58679141543
    ));
#357 = CARTESIAN_POINT('',(180.06204920649,56.099393261058,
    8.457769666167));
#358 = CARTESIAN_POINT('',(180.11510664289,57.922446806027,8.22559713029
    ));
#359 = CARTESIAN_POINT('',(180.13512845002,59.280576806443,
    7.984036703702));
#360 = CARTESIAN_POINT('',(180.13346015877,60.537895545691,
    7.717012885373));
#361 = CARTESIAN_POINT('',(180.12755681048,61.252182888107,
    7.555391438075));
#362 = CARTESIAN_POINT('',(180.10753420409,62.050469505499,
    7.352503704216));
#363 = CARTESIAN_POINT('',(180.08576398049,62.580027546319,
    7.208627352292));
#364 = CARTESIAN_POINT('',(180.07698942634,62.756168498134,
    7.159528878213));
#365 = CARTESIAN_POINT('',(180.07159551997,62.844103516625,
    7.134706818081));
#366 = ORIENTED_EDGE('',*,*,#156,.T.);
#367 = B_SPLINE_SURFACE_WITH_KNOTS('',3,3,(
    (#368,#369,#370,#371,#372,#373,#374,#375,#376,#377,#378,#379,#380
      ,#381)
    ,(#382,#383,#384,#385,#386,#387,#388,#389,#390,#391,#392,#393,#394
      ,#395)
    ,(#396,#397,#398,#399,#400,#401,#402,#403,#404,#405,#406,#407,#408
      ,#409)
    ,(#410,#411,#412,#413,#414,#415,#416,#417,#418,#419,#420,#421,#422
      ,#423)
    ,(#424,#425,#426,#427,#428,#429,#430,#431,#432,#433,#434,#435,#436
      ,#437
    )),.UNSPECIFIED.,.F.,.F.,.F.,(4,1,4),(4,1,1,1,2,1,1,1,2,4),(0.,
    0.571428571429,1.),(0.,0.27295651111,0.545913022219,1.637739066658,
    2.729565111096,5.470546069072,6.84103654806,8.211527027047,
    9.582017506035,9.796998077909),.UNSPECIFIED.);
#368 = CARTESIAN_POINT('',(179.84972890385,62.794602485854,7.00784565624
    ));
#369 = CARTESIAN_POINT('',(179.85554852876,62.709389066105,
    7.032994305278));
#370 = CARTESIAN_POINT('',(179.86429626986,62.535080934889,
    7.081585305112));
#371 = CARTESIAN_POINT('',(179.88545163139,62.010144235726,
    7.223137604125));
#372 = CARTESIAN_POINT('',(179.90356582126,61.21631844245,7.421057049206
    ));
#373 = CARTESIAN_POINT('',(179.90782358399,60.506019591194,
    7.578276830255));
#374 = CARTESIAN_POINT('',(179.90660379132,59.25520200641,7.837597079804
    ));
#375 = CARTESIAN_POINT('',(179.88390759741,57.903573552168,
    8.071673785368));
#376 = CARTESIAN_POINT('',(179.82830918169,56.089557244137,
    8.296187128865));
#377 = CARTESIAN_POINT('',(179.77632651455,54.724152235984,
    8.420919834805));
#378 = CARTESIAN_POINT('',(179.735362151,53.812402439835,8.474251423687)
  );
#379 = CARTESIAN_POINT('',(179.71152073174,53.283536116316,
    8.497624328707));
#380 = CARTESIAN_POINT('',(179.70826369549,53.21193347709,8.500556197012
    ));
#381 = CARTESIAN_POINT('',(179.7053537574,53.139596138419,8.503808903548
    ));
#382 = CARTESIAN_POINT('',(179.87356529878,62.808560695252,
    7.052083384778));
#383 = CARTESIAN_POINT('',(179.87949116208,62.72299442059,7.077067311967
    ));
#384 = CARTESIAN_POINT('',(179.88827460286,62.548303244002,
    7.125690069306));
#385 = CARTESIAN_POINT('',(179.9093259435,62.022548257759,7.267813750554
    ));
#386 = CARTESIAN_POINT('',(179.92705669514,61.227760858906,
    7.467061422962));
#387 = CARTESIAN_POINT('',(179.93090023645,60.516624452925,
    7.625499035946));
#388 = CARTESIAN_POINT('',(179.92889752493,59.264353393803,
    7.886968702418));
#389 = CARTESIAN_POINT('',(179.90531766067,57.911131668399,
    8.123132521073));
#390 = CARTESIAN_POINT('',(179.84868026675,56.094819266611,8.34979406696
    ));
#391 = CARTESIAN_POINT('',(179.79603335152,54.727612972521,
    8.475797989159));
#392 = CARTESIAN_POINT('',(179.75470754853,53.814604705091,
    8.529766474509));
#393 = CARTESIAN_POINT('',(179.73079328554,53.285032510161,
    8.553275863028));
#394 = CARTESIAN_POINT('',(179.727543871,53.21333973419,8.556198503499)
  );
#395 = CARTESIAN_POINT('',(179.72469184348,53.140944002116,
    8.559361600013));
#396 = CARTESIAN_POINT('',(179.9414008595,62.83074513352,7.115844881662)
  );
#397 = CARTESIAN_POINT('',(179.94722550621,62.744105960614,
    7.140527046416));
#398 = CARTESIAN_POINT('',(179.95606395876,62.568860609659,
    7.189320936546));
#399 = CARTESIAN_POINT('',(179.97720559253,62.041319573,7.332436833826)
  );
#400 = CARTESIAN_POINT('',(179.99529765093,61.244926715976,
    7.534081072593));
#401 = CARTESIAN_POINT('',(179.99939093781,60.532227607357,7.69468718789
    ));
#402 = CARTESIAN_POINT('',(179.99780759408,59.277410754003,
    7.960004285477));
#403 = CARTESIAN_POINT('',(179.97455453352,57.921541089221,
    8.200004092103));
#404 = CARTESIAN_POINT('',(179.91811932911,56.101298002861,
    8.430685652001));
#405 = CARTESIAN_POINT('',(179.86551755778,54.731230630219,
    8.558959714054));
#406 = CARTESIAN_POINT('',(179.82425507059,53.815915969943,8.61429630557
    ));
#407 = CARTESIAN_POINT('',(179.8002916651,53.2855167628,8.637844318667)
  );
#408 = CARTESIAN_POINT('',(179.79706343125,53.213603163102,
    8.640817873091));
#409 = CARTESIAN_POINT('',(179.7941986615,53.141293642926,8.643742057901
    ));
#410 = CARTESIAN_POINT('',(180.03254923056,62.841871857541,
    7.135336764794));
#411 = CARTESIAN_POINT('',(180.03806310404,62.75425651158,7.160063565664
    ));
#412 = CARTESIAN_POINT('',(180.04686580664,62.578392483942,
    7.209076595891));
#413 = CARTESIAN_POINT('',(180.06844012747,62.04934107895,7.352794609438
    ));
#414 = CARTESIAN_POINT('',(180.08788989574,61.251567617444,
    7.555533968959));
#415 = CARTESIAN_POINT('',(180.09324964091,60.537668163386,7.71706124401
    ));
#416 = CARTESIAN_POINT('',(180.09394369623,59.280957918352,
    7.983955612583));
#417 = CARTESIAN_POINT('',(180.07295863079,57.923336717955,
    8.225447659619));
#418 = CARTESIAN_POINT('',(180.01889207443,56.100820266874,
    8.457607894696));
#419 = CARTESIAN_POINT('',(179.96769735357,54.72922628183,8.586651034796
    ));
#420 = CARTESIAN_POINT('',(179.92719197452,53.812718587244,
    8.642464195965));
#421 = CARTESIAN_POINT('',(179.90335071963,53.282085236489,
    8.665946272318));
#422 = CARTESIAN_POINT('',(179.90012043094,53.2101090898,8.668943534526)
  );
#423 = CARTESIAN_POINT('',(179.89714003562,53.138031433693,
    8.671756985849));
#424 = CARTESIAN_POINT('',(180.07159551997,62.844103516625,
    7.134706818081));
#425 = CARTESIAN_POINT('',(180.07698942634,62.756168498134,
    7.159528878213));
#426 = CARTESIAN_POINT('',(180.08576398049,62.580027546319,
    7.208627352292));
#427 = CARTESIAN_POINT('',(180.10753420409,62.050469505499,
    7.352503704216));
#428 = CARTESIAN_POINT('',(180.12755681048,61.252182888107,
    7.555391438075));
#429 = CARTESIAN_POINT('',(180.13346015877,60.537895545691,
    7.717012885373));
#430 = CARTESIAN_POINT('',(180.13512845002,59.280576806443,
    7.984036703702));
#431 = CARTESIAN_POINT('',(180.11510664289,57.922446806027,8.22559713029
    ));
#432 = CARTESIAN_POINT('',(180.06204920649,56.099393261058,
    8.457769666167));
#433 = CARTESIAN_POINT('',(180.01146119729,54.727462630501,8.58679141543
    ));
#434 = CARTESIAN_POINT('',(179.97126776981,53.81074354978,8.642573985601
    ));
#435 = CARTESIAN_POINT('',(179.9474910337,53.280103658355,8.666030359787
    ));
#436 = CARTESIAN_POINT('',(179.94425521893,53.208144593875,8.66902343793
    ));
#437 = CARTESIAN_POINT('',(179.9412289784,53.136169291007,8.671829586432
    ));
#438 = ADVANCED_FACE('',(#439),#473,.F.);
#439 = FACE_BOUND('',#440,.F.);
#440 = EDGE_LOOP('',(#441,#453,#462,#472));
#441 = ORIENTED_EDGE('',*,*,#442,.F.);
#442 = EDGE_CURVE('',#443,#210,#445,.T.);
#443 = VERTEX_POINT('',#444);
#444 = CARTESIAN_POINT('',(208.37234870849,64.57832104175,6.604371051373
    ));
#445 = B_SPLINE_CURVE_WITH_KNOTS('',3,(#446,#447,#448,#449,#450,#451,
    #452),.UNSPECIFIED.,.F.,.F.,(4,1,1,1,4),(0.,0.750691999888,
    1.126037999833,1.876729999721,2.62742199961),.UNSPECIFIED.);
#446 = CARTESIAN_POINT('',(208.37234870849,64.57832104175,6.604371051373
    ));
#447 = CARTESIAN_POINT('',(208.62257937511,64.57832104175,6.604371051374
    ));
#448 = CARTESIAN_POINT('',(208.99673896604,64.478655851453,
    6.637483988869));
#449 = CARTESIAN_POINT('',(209.49220774513,64.103524743594,
    6.758484717873));
#450 = CARTESIAN_POINT('',(209.81947928535,63.574209477229,
    6.923686907038));
#451 = CARTESIAN_POINT('',(209.88345400446,63.085944660532,
    7.066440551559));
#452 = CARTESIAN_POINT('',(209.86861954479,62.844103516596,
    7.134706818171));
#453 = ORIENTED_EDGE('',*,*,#454,.F.);
#454 = EDGE_CURVE('',#455,#443,#457,.T.);
#455 = VERTEX_POINT('',#456);
#456 = CARTESIAN_POINT('',(208.37234870849,64.749099904111,
    6.388728235805));
#457 = CIRCLE('',#458,0.250000000001);
#458 = AXIS2_PLACEMENT_3D('',#459,#460,#461);
#459 = CARTESIAN_POINT('',(208.37234870849,64.500051229588,
    6.366939300117));
#460 = DIRECTION('',(1.,-2.802874004793E-13,3.886476848555E-12));
#461 = DIRECTION('',(-5.950795411976E-14,0.996194698091,
    8.715574275068E-02));
#462 = ORIENTED_EDGE('',*,*,#463,.F.);
#463 = EDGE_CURVE('',#228,#455,#464,.T.);
#464 = B_SPLINE_CURVE_WITH_KNOTS('',3,(#465,#466,#467,#468,#469,#470,
    #471),.UNSPECIFIED.,.F.,.F.,(4,1,1,1,4),(-2.62742199961,
    -1.876729999721,-1.126037999833,-0.750691999888,0.),.UNSPECIFIED.);
#465 = CARTESIAN_POINT('',(210.09048616091,62.794602485832,
    7.007845656329));
#466 = CARTESIAN_POINT('',(210.09884826009,63.067334408814,
    6.947377576703));
#467 = CARTESIAN_POINT('',(210.01316813323,63.609333890585,
    6.810464689893));
#468 = CARTESIAN_POINT('',(209.64364969931,64.195982906334,
    6.634874024056));
#469 = CARTESIAN_POINT('',(209.08856942266,64.622376539744,
    6.485385949472));
#470 = CARTESIAN_POINT('',(208.66324816738,64.746406744998,
    6.419511185287));
#471 = CARTESIAN_POINT('',(208.37234870849,64.749099904111,
    6.388728235805));
#472 = ORIENTED_EDGE('',*,*,#227,.T.);
#473 = B_SPLINE_SURFACE_WITH_KNOTS('',3,3,(
    (#474,#475,#476,#477,#478,#479,#480)
    ,(#481,#482,#483,#484,#485,#486,#487)
    ,(#488,#489,#490,#491,#492,#493,#494)
    ,(#495,#496,#497,#498,#499,#500,#501)
    ,(#502,#503,#504,#505,#506,#507,#508
    )),.UNSPECIFIED.,.F.,.F.,.F.,(4,1,4),(4,1,1,1,4),(0.,0.571428571429,
    1.),(0.,0.750691999888,1.126037999833,1.876729999721,2.62742199961),
  .UNSPECIFIED.);
#474 = CARTESIAN_POINT('',(208.37234870849,64.57832104175,6.604371051373
    ));
#475 = CARTESIAN_POINT('',(208.62257937511,64.57832104175,6.604371051374
    ));
#476 = CARTESIAN_POINT('',(208.99673896604,64.478655851453,
    6.637483988869));
#477 = CARTESIAN_POINT('',(209.49220774513,64.103524743594,
    6.758484717873));
#478 = CARTESIAN_POINT('',(209.81947928535,63.574209477229,
    6.923686907038));
#479 = CARTESIAN_POINT('',(209.88345400446,63.085944660532,
    7.066440551559));
#480 = CARTESIAN_POINT('',(209.86861954479,62.844103516596,
    7.134706818171));
#481 = CARTESIAN_POINT('',(208.37234870849,64.631012633647,
    6.587001171487));
#482 = CARTESIAN_POINT('',(208.632414929,64.625353539836,6.588757291292)
  );
#483 = CARTESIAN_POINT('',(209.01710945275,64.517094069335,
    6.624814925738));
#484 = CARTESIAN_POINT('',(209.52517329642,64.129425582942,
    6.750173104886));
#485 = CARTESIAN_POINT('',(209.86200639001,63.588385494484,
    6.919378695715));
#486 = CARTESIAN_POINT('',(209.93250519015,63.089472466643,
    7.065412063237));
#487 = CARTESIAN_POINT('',(209.920681264,62.841127971158,7.135546747122)
  );
#488 = CARTESIAN_POINT('',(208.37234870849,64.712390224689,6.52480119475
    ));
#489 = CARTESIAN_POINT('',(208.6495303806,64.699512662271,6.53685067234)
  );
#490 = CARTESIAN_POINT('',(209.05272259934,64.577955534674,
    6.583076760564));
#491 = CARTESIAN_POINT('',(209.58281829172,64.169284004936,
    6.718220205053));
#492 = CARTESIAN_POINT('',(209.93637961203,63.607295437898,
    6.892413657347));
#493 = CARTESIAN_POINT('',(210.01822880036,63.088517820222,
    7.039186504469));
#494 = CARTESIAN_POINT('',(210.01154629615,62.827904455451,
    7.108564796662));
#495 = CARTESIAN_POINT('',(208.37234870849,64.745473302886,
    6.430180477506));
#496 = CARTESIAN_POINT('',(208.66035047049,64.738019386095,
    6.456136460479));
#497 = CARTESIAN_POINT('',(209.07958236761,64.61311865555,6.516322513172
    ));
#498 = CARTESIAN_POINT('',(209.62795059716,64.190752234535,
    6.661819130089));
#499 = CARTESIAN_POINT('',(209.99361172017,63.610798949369,6.83735397899
    ));
#500 = CARTESIAN_POINT('',(210.07951630731,63.074957054196,
    6.977684636697));
#501 = CARTESIAN_POINT('',(210.07260886471,62.805071142881,
    7.041023952733));
#502 = CARTESIAN_POINT('',(208.37234870849,64.749099904111,
    6.388728235805));
#503 = CARTESIAN_POINT('',(208.66324816738,64.746406744998,
    6.419511185287));
#504 = CARTESIAN_POINT('',(209.08856942266,64.622376539744,
    6.485385949472));
#505 = CARTESIAN_POINT('',(209.64364969931,64.195982906334,
    6.634874024056));
#506 = CARTESIAN_POINT('',(210.01316813323,63.609333890585,
    6.810464689893));
#507 = CARTESIAN_POINT('',(210.09884826009,63.067334408814,
    6.947377576703));
#508 = CARTESIAN_POINT('',(210.09048616091,62.794602485832,
    7.007845656329));
#509 = ADVANCED_FACE('',(#510),#544,.F.);
#510 = FACE_BOUND('',#511,.F.);
#511 = EDGE_LOOP('',(#512,#524,#533,#543));
#512 = ORIENTED_EDGE('',*,*,#513,.F.);
#513 = EDGE_CURVE('',#514,#323,#516,.T.);
#514 = VERTEX_POINT('',#515);
#515 = CARTESIAN_POINT('',(181.56786635625,64.749099904118,6.3887282357)
  );
#516 = B_SPLINE_CURVE_WITH_KNOTS('',3,(#517,#518,#519,#520,#521,#522,
    #523),.UNSPECIFIED.,.F.,.F.,(4,1,1,1,4),(0.,0.375345999922,
    1.126037999767,1.876729999611,2.627421999456),.UNSPECIFIED.);
#517 = CARTESIAN_POINT('',(181.56786635625,64.749099904118,
    6.388728235698));
#518 = CARTESIAN_POINT('',(181.42241662681,64.747753324569,
    6.404119710437));
#519 = CARTESIAN_POINT('',(180.9890373773,64.685291328708,6.459582823437
    ));
#520 = CARTESIAN_POINT('',(180.36914131606,64.314052209353,
    6.599418838947));
#521 = CARTESIAN_POINT('',(179.92733410199,63.609120891626,6.810619155)
  );
#522 = CARTESIAN_POINT('',(179.84136680468,63.067334408974,
    6.947377576576));
#523 = CARTESIAN_POINT('',(179.84972890385,62.794602485999,
    7.007845656207));
#524 = ORIENTED_EDGE('',*,*,#525,.F.);
#525 = EDGE_CURVE('',#526,#514,#528,.T.);
#526 = VERTEX_POINT('',#527);
#527 = CARTESIAN_POINT('',(181.56786635625,64.578321041758,
    6.604371051267));
#528 = CIRCLE('',#529,0.25);
#529 = AXIS2_PLACEMENT_3D('',#530,#531,#532);
#530 = CARTESIAN_POINT('',(181.56786635625,64.500051229596,
    6.366939300012));
#531 = DIRECTION('',(-1.,-1.171905301748E-12,-3.399342120967E-12));
#532 = DIRECTION('',(-3.595346242946E-12,0.313079248656,0.949727005018)
  );
#533 = ORIENTED_EDGE('',*,*,#534,.F.);
#534 = EDGE_CURVE('',#342,#526,#535,.T.);
#535 = B_SPLINE_CURVE_WITH_KNOTS('',3,(#536,#537,#538,#539,#540,#541,
    #542),.UNSPECIFIED.,.F.,.F.,(4,1,1,1,4),(-2.627421999456,
    -1.876729999611,-1.126037999767,-0.375345999922,0.),.UNSPECIFIED.);
#536 = CARTESIAN_POINT('',(180.07159551996,62.844103516763,
    7.134706818043));
#537 = CARTESIAN_POINT('',(180.05676106029,63.085944660685,
    7.066440551428));
#538 = CARTESIAN_POINT('',(180.121018622,63.573854292677,6.923819665895)
  );
#539 = CARTESIAN_POINT('',(180.51250570667,64.210769264413,
    6.724925166379));
#540 = CARTESIAN_POINT('',(181.0663851032,64.531338869085,6.619845107905
    ));
#541 = CARTESIAN_POINT('',(181.44275102294,64.578321041758,
    6.604371051266));
#542 = CARTESIAN_POINT('',(181.56786635625,64.578321041758,
    6.604371051267));
#543 = ORIENTED_EDGE('',*,*,#341,.T.);
#544 = B_SPLINE_SURFACE_WITH_KNOTS('',3,3,(
    (#545,#546,#547,#548,#549,#550,#551)
    ,(#552,#553,#554,#555,#556,#557,#558)
    ,(#559,#560,#561,#562,#563,#564,#565)
    ,(#566,#567,#568,#569,#570,#571,#572)
    ,(#573,#574,#575,#576,#577,#578,#579
    )),.UNSPECIFIED.,.F.,.F.,.F.,(4,1,4),(4,1,1,1,4),(0.,0.571428571429,
    1.),(0.,0.375345999922,1.126037999767,1.876729999611,2.627421999456)
  ,.UNSPECIFIED.);
#545 = CARTESIAN_POINT('',(181.56786635625,64.749099904118,
    6.388728235698));
#546 = CARTESIAN_POINT('',(181.42241662681,64.747753324569,
    6.404119710437));
#547 = CARTESIAN_POINT('',(180.9890373773,64.685291328708,6.459582823437
    ));
#548 = CARTESIAN_POINT('',(180.36914131606,64.314052209353,
    6.599418838947));
#549 = CARTESIAN_POINT('',(179.92733410199,63.609120891626,6.810619155)
  );
#550 = CARTESIAN_POINT('',(179.84136680468,63.067334408974,
    6.947377576576));
#551 = CARTESIAN_POINT('',(179.84972890385,62.794602485999,
    7.007845656207));
#552 = CARTESIAN_POINT('',(181.56786635625,64.744264435816,
    6.443997891299));
#553 = CARTESIAN_POINT('',(181.42433720452,64.73970273052,6.456150033914
    ));
#554 = CARTESIAN_POINT('',(180.99847367248,64.672033386967,
    6.502632728825));
#555 = CARTESIAN_POINT('',(180.38931282316,64.305343706954,
    6.635147590863));
#556 = CARTESIAN_POINT('',(179.95340165794,63.610974700736,
    6.846410205458));
#557 = CARTESIAN_POINT('',(179.86717162973,63.077502797831,
    6.987751135018));
#558 = CARTESIAN_POINT('',(179.87356529877,62.80856069539,7.052083384742
    ));
#559 = CARTESIAN_POINT('',(181.56786635625,64.702363722536,
    6.537461679247));
#560 = CARTESIAN_POINT('',(181.43047193695,64.696215766067,
    6.542313645828));
#561 = CARTESIAN_POINT('',(181.02259868754,64.629319369349,
    6.570686472592));
#562 = CARTESIAN_POINT('',(180.43491692742,64.277238617746,
    6.689605382841));
#563 = CARTESIAN_POINT('',(180.01460036963,63.605013571861,
    6.898710133586));
#564 = CARTESIAN_POINT('',(179.93405153571,63.089516987624,
    7.045849773342));
#565 = CARTESIAN_POINT('',(179.9414008595,62.830745133666,7.115844881623
    ));
#566 = CARTESIAN_POINT('',(181.56786635625,64.617839735678,
    6.591343641353));
#567 = CARTESIAN_POINT('',(181.43907019908,64.615746829659,
    6.592020973216));
#568 = CARTESIAN_POINT('',(181.05325278349,64.562238721694,
    6.609683183947));
#569 = CARTESIAN_POINT('',(180.4892297865,64.231944224259,6.718185000735
    ));
#570 = CARTESIAN_POINT('',(180.08909525233,63.584524731705,
    6.920641338635));
#571 = CARTESIAN_POINT('',(180.01995326515,63.08858839274,7.065697510518
    ));
#572 = CARTESIAN_POINT('',(180.03254923055,62.841871857687,
    7.135336764756));
#573 = CARTESIAN_POINT('',(181.56786635625,64.578321041758,
    6.604371051267));
#574 = CARTESIAN_POINT('',(181.44275102294,64.578321041758,
    6.604371051266));
#575 = CARTESIAN_POINT('',(181.0663851032,64.531338869085,6.619845107905
    ));
#576 = CARTESIAN_POINT('',(180.51250570667,64.210769264413,
    6.724925166379));
#577 = CARTESIAN_POINT('',(180.121018622,63.573854292677,6.923819665895)
  );
#578 = CARTESIAN_POINT('',(180.05676106029,63.085944660685,
    7.066440551428));
#579 = CARTESIAN_POINT('',(180.07159551996,62.844103516763,
    7.134706818043));
#580 = ADVANCED_FACE('',(#581),#599,.F.);
#581 = FACE_BOUND('',#582,.F.);
#582 = EDGE_LOOP('',(#583,#590,#591,#598));
#583 = ORIENTED_EDGE('',*,*,#584,.F.);
#584 = EDGE_CURVE('',#526,#443,#585,.T.);
#585 = B_SPLINE_CURVE_WITH_KNOTS('',3,(#586,#587,#588,#589),
  .UNSPECIFIED.,.F.,.F.,(4,4),(0.,26.804482352246),
  .PIECEWISE_BEZIER_KNOTS.);
#586 = CARTESIAN_POINT('',(181.56786635624,64.578321041758,
    6.604371051267));
#587 = CARTESIAN_POINT('',(190.502693807,64.57832104175,6.604371051302)
  );
#588 = CARTESIAN_POINT('',(199.43752125774,64.57832104175,6.604371051338
    ));
#589 = CARTESIAN_POINT('',(208.37234870849,64.578321041743,
    6.604371051373));
#590 = ORIENTED_EDGE('',*,*,#525,.T.);
#591 = ORIENTED_EDGE('',*,*,#592,.F.);
#592 = EDGE_CURVE('',#455,#514,#593,.T.);
#593 = B_SPLINE_CURVE_WITH_KNOTS('',3,(#594,#595,#596,#597),
  .UNSPECIFIED.,.F.,.F.,(4,4),(-26.80448235224,0.),
  .PIECEWISE_BEZIER_KNOTS.);
#594 = CARTESIAN_POINT('',(208.37234870849,64.749099904104,
    6.388728235804));
#595 = CARTESIAN_POINT('',(199.43752125774,64.749099904104,
    6.388728235769));
#596 = CARTESIAN_POINT('',(190.50269380699,64.749099904118,
    6.388728235734));
#597 = CARTESIAN_POINT('',(181.56786635624,64.749099904118,6.3887282357)
  );
#598 = ORIENTED_EDGE('',*,*,#454,.T.);
#599 = B_SPLINE_SURFACE_WITH_KNOTS('',3,3,(
    (#600,#601,#602,#603)
    ,(#604,#605,#606,#607)
    ,(#608,#609,#610,#611)
    ,(#612,#613,#614,#615)
    ,(#616,#617,#618,#619
    )),.UNSPECIFIED.,.F.,.F.,.F.,(4,1,4),(4,4),(0.,0.571428571429,1.),(
    0.,26.804482352246),.UNSPECIFIED.);
#600 = CARTESIAN_POINT('',(181.56786635624,64.578321041758,
    6.604371051267));
#601 = CARTESIAN_POINT('',(190.502693807,64.57832104175,6.604371051302)
  );
#602 = CARTESIAN_POINT('',(199.43752125774,64.57832104175,6.604371051338
    ));
#603 = CARTESIAN_POINT('',(208.37234870849,64.578321041743,
    6.604371051373));
#604 = CARTESIAN_POINT('',(181.56786635624,64.631012633654,
    6.587001171381));
#605 = CARTESIAN_POINT('',(190.502693807,64.631012633647,6.587001171417)
  );
#606 = CARTESIAN_POINT('',(199.43752125774,64.631012633647,
    6.587001171452));
#607 = CARTESIAN_POINT('',(208.37234870849,64.631012633639,
    6.587001171487));
#608 = CARTESIAN_POINT('',(181.56786635624,64.712390224704,
    6.524801194643));
#609 = CARTESIAN_POINT('',(190.50269380699,64.712390224704,
    6.524801194679));
#610 = CARTESIAN_POINT('',(199.43752125774,64.712390224682,
    6.524801194713));
#611 = CARTESIAN_POINT('',(208.37234870849,64.712390224682,
    6.524801194749));
#612 = CARTESIAN_POINT('',(181.56786635624,64.745473302894,
    6.430180477401));
#613 = CARTESIAN_POINT('',(190.50269380699,64.745473302894,
    6.430180477436));
#614 = CARTESIAN_POINT('',(199.43752125774,64.745473302879,6.43018047747
    ));
#615 = CARTESIAN_POINT('',(208.37234870849,64.745473302879,
    6.430180477505));
#616 = CARTESIAN_POINT('',(181.56786635624,64.749099904118,6.3887282357)
  );
#617 = CARTESIAN_POINT('',(190.50269380699,64.749099904118,
    6.388728235734));
#618 = CARTESIAN_POINT('',(199.43752125774,64.749099904104,
    6.388728235769));
#619 = CARTESIAN_POINT('',(208.37234870849,64.749099904104,
    6.388728235804));
#620 = ADVANCED_FACE('',(#621),#647,.F.);
#621 = FACE_BOUND('',#622,.F.);
#622 = EDGE_LOOP('',(#623,#631,#640,#646));
#623 = ORIENTED_EDGE('',*,*,#624,.T.);
#624 = EDGE_CURVE('',#455,#625,#627,.T.);
#625 = VERTEX_POINT('',#626);
#626 = CARTESIAN_POINT('',(213.2451075324,65.30804119911,
    3.420375094265E-12));
#627 = LINE('',#628,#629);
#628 = CARTESIAN_POINT('',(208.7451075324,64.791858084289,5.900000000008
    ));
#629 = VECTOR('',#630,1.);
#630 = DIRECTION('',(0.604987123112,6.939647502999E-02,-0.793205339192)
  );
#631 = ORIENTED_EDGE('',*,*,#632,.F.);
#632 = EDGE_CURVE('',#633,#625,#635,.T.);
#633 = VERTEX_POINT('',#634);
#634 = CARTESIAN_POINT('',(213.4951075324,65.05804119911,
    3.420375094265E-12));
#635 = CIRCLE('',#636,0.25);
#636 = AXIS2_PLACEMENT_3D('',#637,#638,#639);
#637 = CARTESIAN_POINT('',(213.2451075324,65.05804119911,
    3.420375094265E-12));
#638 = DIRECTION('',(1.54074395551E-33,0.,1.));
#639 = DIRECTION('',(7.105427357601E-15,1.,-1.094764425254E-47));
#640 = ORIENTED_EDGE('',*,*,#641,.F.);
#641 = EDGE_CURVE('',#228,#633,#642,.T.);
#642 = LINE('',#643,#644);
#643 = CARTESIAN_POINT('',(210.4951075324,63.063600291018,6.175000000007
    ));
#644 = VECTOR('',#645,1.);
#645 = DIRECTION('',(0.41963821319,0.278981206329,-0.863755322152));
#646 = ORIENTED_EDGE('',*,*,#463,.T.);
#647 = B_SPLINE_SURFACE_WITH_KNOTS('',3,3,(
    (#648,#649,#650,#651)
    ,(#652,#653,#654,#655)
    ,(#656,#657,#658,#659)
    ,(#660,#661,#662,#663)
    ,(#664,#665,#666,#667)
    ,(#668,#669,#670,#671)
    ,(#672,#673,#674,#675
  )),.UNSPECIFIED.,.F.,.F.,.F.,(4,1,1,1,4),(4,4),(0.,0.285714285714,
    0.571428571429,0.857142857143,1.),(-0.134873790498,1.),
  .UNSPECIFIED.);
#648 = CARTESIAN_POINT('',(210.09048616091,62.794602485817,
    7.007845656332));
#649 = CARTESIAN_POINT('',(211.22535995141,63.549082056917,
    4.671897104222));
#650 = CARTESIAN_POINT('',(212.3602337419,64.30356162801,2.335948552113)
  );
#651 = CARTESIAN_POINT('',(213.4951075324,65.05804119911,
    3.420375094265E-12));
#652 = CARTESIAN_POINT('',(210.09048616091,63.08297616084,6.961157057769
    ));
#653 = CARTESIAN_POINT('',(211.22528041067,63.753815030504,
    4.640768168526));
#654 = CARTESIAN_POINT('',(212.36031328264,64.42460224199,2.320388889246
    ));
#655 = CARTESIAN_POINT('',(213.4951075324,65.095441111654,
    3.420375094265E-12));
#656 = CARTESIAN_POINT('',(209.95707011926,63.659505662647,
    6.867815130952));
#657 = CARTESIAN_POINT('',(211.13068135859,64.163054114899,
    4.578547244418));
#658 = CARTESIAN_POINT('',(212.30441191677,64.666664231183,
    2.289267886537));
#659 = CARTESIAN_POINT('',(213.4780231561,65.170212683435,
    3.418598737426E-12));
#660 = CARTESIAN_POINT('',(209.39698085131,64.353324648931,
    6.755483670314));
#661 = CARTESIAN_POINT('',(210.7333909616,64.655644386374,4.503650321128
    ));
#662 = CARTESIAN_POINT('',(212.06989171682,64.957876088214,
    2.251833349189));
#663 = CARTESIAN_POINT('',(213.40630182711,65.260195825656,
    3.421263272685E-12));
#664 = CARTESIAN_POINT('',(208.72237712596,64.673936950669,
    6.703575537404));
#665 = CARTESIAN_POINT('',(210.25488290786,64.883186167877,4.46905607838
    ));
#666 = CARTESIAN_POINT('',(211.78741075183,65.092527630164,
    2.234519459027));
#667 = CARTESIAN_POINT('',(213.31991653374,65.301776847373,
    3.419042826636E-12));
#668 = CARTESIAN_POINT('',(208.28420797297,64.722238511,6.695755363945)
  );
#669 = CARTESIAN_POINT('',(209.94408091825,64.91755920893,4.463827024561
    ));
#670 = CARTESIAN_POINT('',(211.60393454339,65.11272050118,2.231928339387
    ));
#671 = CARTESIAN_POINT('',(213.26380748867,65.30804119911,
    3.420375094265E-12));
#672 = CARTESIAN_POINT('',(208.13817547516,64.722238511,6.695755363945)
  );
#673 = CARTESIAN_POINT('',(209.8404861609,64.917506073703,4.463836909298
    ));
#674 = CARTESIAN_POINT('',(211.54279684666,65.112773636407,
    2.231918454651));
#675 = CARTESIAN_POINT('',(213.2451075324,65.30804119911,
    3.420375094265E-12));
#676 = ADVANCED_FACE('',(#677),#695,.F.);
#677 = FACE_BOUND('',#678,.F.);
#678 = EDGE_LOOP('',(#679,#680,#688,#694));
#679 = ORIENTED_EDGE('',*,*,#641,.T.);
#680 = ORIENTED_EDGE('',*,*,#681,.F.);
#681 = EDGE_CURVE('',#682,#633,#684,.T.);
#682 = VERTEX_POINT('',#683);
#683 = CARTESIAN_POINT('',(213.4951075324,47.55804119911,
    3.420375094265E-12));
#684 = LINE('',#685,#686);
#685 = CARTESIAN_POINT('',(213.4951075324,65.05804119911,
    3.420375094265E-12));
#686 = VECTOR('',#687,1.);
#687 = DIRECTION('',(-2.311115933265E-33,1.,0.));
#688 = ORIENTED_EDGE('',*,*,#689,.F.);
#689 = EDGE_CURVE('',#93,#682,#690,.T.);
#690 = LINE('',#691,#692);
#691 = CARTESIAN_POINT('',(210.4951075324,52.694053531406,7.825000000004
    ));
#692 = VECTOR('',#693,1.);
#693 = DIRECTION('',(0.305219238612,-0.522536591189,-0.796113514048));
#694 = ORIENTED_EDGE('',*,*,#236,.T.);
#695 = B_SPLINE_SURFACE_WITH_KNOTS('',3,3,(
    (#696,#697,#698,#699)
    ,(#700,#701,#702,#703)
    ,(#704,#705,#706,#707)
    ,(#708,#709,#710,#711
    )),.UNSPECIFIED.,.F.,.F.,.F.,(4,4),(4,4),(-1.529355054818E-12,1.),(
    -0.154144085562,1.),.PIECEWISE_BEZIER_KNOTS.);
#696 = CARTESIAN_POINT('',(210.03267527571,53.485739455791,
    9.031177469528));
#697 = CARTESIAN_POINT('',(211.18681936127,51.509840036895,
    6.020784979687));
#698 = CARTESIAN_POINT('',(212.34096344684,49.533940618006,
    3.010392489845));
#699 = CARTESIAN_POINT('',(213.4951075324,47.55804119911,
    3.420375094265E-12));
#700 = CARTESIAN_POINT('',(210.03267527571,54.509962795957,
    8.864992651265));
#701 = CARTESIAN_POINT('',(211.18681936127,52.236288828288,
    5.909995100844));
#702 = CARTESIAN_POINT('',(212.34096344684,49.962614860626,
    2.954997550424));
#703 = CARTESIAN_POINT('',(213.4951075324,47.688940892957,
    3.420375094265E-12));
#704 = CARTESIAN_POINT('',(210.03267527571,61.731945680855,
    7.293024546622));
#705 = CARTESIAN_POINT('',(211.18681936127,62.797010955641,
    4.862016364416));
#706 = CARTESIAN_POINT('',(212.34096344684,63.862076230427,2.43100818221
    ));
#707 = CARTESIAN_POINT('',(213.4951075324,64.927141505213,
    3.420375094265E-12));
#708 = CARTESIAN_POINT('',(210.03267527571,62.756169021035,
    7.126839728354));
#709 = CARTESIAN_POINT('',(211.18681936127,63.523459747063,
    4.751226485571));
#710 = CARTESIAN_POINT('',(212.34096344684,64.290750473083,
    2.375613242787));
#711 = CARTESIAN_POINT('',(213.4951075324,65.05804119911,
    3.420375094265E-12));
#712 = ADVANCED_FACE('',(#713),#732,.F.);
#713 = FACE_BOUND('',#714,.F.);
#714 = EDGE_LOOP('',(#715,#716,#725,#731));
#715 = ORIENTED_EDGE('',*,*,#689,.T.);
#716 = ORIENTED_EDGE('',*,*,#717,.F.);
#717 = EDGE_CURVE('',#718,#682,#720,.T.);
#718 = VERTEX_POINT('',#719);
#719 = CARTESIAN_POINT('',(213.2451075324,47.30804119911,
    3.420375094265E-12));
#720 = CIRCLE('',#721,0.25);
#721 = AXIS2_PLACEMENT_3D('',#722,#723,#724);
#722 = CARTESIAN_POINT('',(213.2451075324,47.55804119911,
    3.420375094265E-12));
#723 = DIRECTION('',(1.54074395551E-33,0.,1.));
#724 = DIRECTION('',(1.,-7.105427357601E-15,-1.54074395551E-33));
#725 = ORIENTED_EDGE('',*,*,#726,.F.);
#726 = EDGE_CURVE('',#33,#718,#727,.T.);
#727 = LINE('',#728,#729);
#728 = CARTESIAN_POINT('',(208.7451075324,50.965795738135,8.100000000004
    ));
#729 = VECTOR('',#730,1.);
#730 = DIRECTION('',(0.451721702092,-0.36717491249,-0.813099063766));
#731 = ORIENTED_EDGE('',*,*,#101,.T.);
#732 = B_SPLINE_SURFACE_WITH_KNOTS('',3,3,(
    (#733,#734,#735,#736)
    ,(#737,#738,#739,#740)
    ,(#741,#742,#743,#744)
    ,(#745,#746,#747,#748)
    ,(#749,#750,#751,#752)
    ,(#753,#754,#755,#756)
    ,(#757,#758,#759,#760
  )),.UNSPECIFIED.,.F.,.F.,.F.,(4,1,1,1,4),(4,4),(0.,0.285714285714,
    0.571428571429,0.857142857143,1.),(-8.674874165701E-02,1.),
  .UNSPECIFIED.);
#733 = CARTESIAN_POINT('',(208.35473819494,51.283101341687,
    8.802664807425));
#734 = CARTESIAN_POINT('',(209.98486130743,49.958081294164,
    5.868443204951));
#735 = CARTESIAN_POINT('',(211.61498441992,48.633061246634,
    2.934221602477));
#736 = CARTESIAN_POINT('',(213.2451075324,47.30804119911,
    3.420375094265E-12));
#737 = CARTESIAN_POINT('',(208.63600395485,51.283101341687,
    8.802664807425));
#738 = CARTESIAN_POINT('',(210.18485518327,49.958156357883,
    5.868429240862));
#739 = CARTESIAN_POINT('',(211.73365621653,48.632986182915,
    2.934235566566));
#740 = CARTESIAN_POINT('',(213.28250744495,47.30804119911,
    3.420375094265E-12));
#741 = CARTESIAN_POINT('',(209.19832299606,51.409969565306,
    8.782241740403));
#742 = CARTESIAN_POINT('',(210.5846216971,50.048392436569,5.854820844395
    ));
#743 = CARTESIAN_POINT('',(211.9709803157,48.686702704239,2.927420896011
    ));
#744 = CARTESIAN_POINT('',(213.35727901674,47.325125575502,
    3.418598737426E-12));
#745 = CARTESIAN_POINT('',(209.87504053764,51.942570661333,8.69650437002
    ));
#746 = CARTESIAN_POINT('',(211.0658095922,50.427357923487,5.797664275478
    ));
#747 = CARTESIAN_POINT('',(212.25649310438,48.912059642309,
    2.898840094545));
#748 = CARTESIAN_POINT('',(213.44726215895,47.396846904463,
    3.420819183475E-12));
#749 = CARTESIAN_POINT('',(210.18775029755,52.584066051764,
    8.593237350293));
#750 = CARTESIAN_POINT('',(211.28808471443,50.883795040623,
    5.728823609116));
#751 = CARTESIAN_POINT('',(212.3885087638,49.183503208951,2.864413741181
    ));
#752 = CARTESIAN_POINT('',(213.48884318067,47.48323219781,
    3.419486915845E-12));
#753 = CARTESIAN_POINT('',(210.23486130743,53.000730652304,
    8.526163272812));
#754 = CARTESIAN_POINT('',(211.32166167946,51.180261438254,
    5.684109979151));
#755 = CARTESIAN_POINT('',(212.40830716037,49.359810456888,
    2.842053293664));
#756 = CARTESIAN_POINT('',(213.4951075324,47.539341242838,
    3.420375094265E-12));
#757 = CARTESIAN_POINT('',(210.23486130743,53.139596138368,8.50380890347
    ));
#758 = CARTESIAN_POINT('',(211.32161004909,51.279077825282,
    5.669205935648));
#759 = CARTESIAN_POINT('',(212.40835879074,49.418559512196,
    2.834602967826));
#760 = CARTESIAN_POINT('',(213.4951075324,47.55804119911,
    3.420375094265E-12));
#761 = ADVANCED_FACE('',(#762),#780,.F.);
#762 = FACE_BOUND('',#763,.T.);
#763 = EDGE_LOOP('',(#764,#765,#773,#779));
#764 = ORIENTED_EDGE('',*,*,#41,.F.);
#765 = ORIENTED_EDGE('',*,*,#766,.T.);
#766 = EDGE_CURVE('',#42,#767,#769,.T.);
#767 = VERTEX_POINT('',#768);
#768 = CARTESIAN_POINT('',(176.6951075324,47.30804119911,
    3.420375094265E-12));
#769 = LINE('',#770,#771);
#770 = CARTESIAN_POINT('',(181.1951075324,50.965795738135,8.100000000004
    ));
#771 = VECTOR('',#772,1.);
#772 = DIRECTION('',(-0.451721702092,-0.36717491249,-0.813099063766));
#773 = ORIENTED_EDGE('',*,*,#774,.F.);
#774 = EDGE_CURVE('',#718,#767,#775,.T.);
#775 = LINE('',#776,#777);
#776 = CARTESIAN_POINT('',(176.6951075324,47.30804119911,
    3.420375094265E-12));
#777 = VECTOR('',#778,1.);
#778 = DIRECTION('',(-1.,-3.08148791102E-33,1.015061051086E-16));
#779 = ORIENTED_EDGE('',*,*,#726,.F.);
#780 = PLANE('',#781);
#781 = AXIS2_PLACEMENT_3D('',#782,#783,#784);
#782 = CARTESIAN_POINT('',(200.2451075324,50.965795738135,8.100000000004
    ));
#783 = DIRECTION('',(4.496398124896E-17,0.911383682044,-0.41155775306));
#784 = DIRECTION('',(-6.162975822039E-33,-0.41155775306,-0.911383682044)
  );
#785 = ADVANCED_FACE('',(#786),#796,.T.);
#786 = FACE_BOUND('',#787,.T.);
#787 = EDGE_LOOP('',(#788,#789,#790,#791,#792,#793,#794,#795));
#788 = ORIENTED_EDGE('',*,*,#21,.F.);
#789 = ORIENTED_EDGE('',*,*,#81,.F.);
#790 = ORIENTED_EDGE('',*,*,#209,.F.);
#791 = ORIENTED_EDGE('',*,*,#442,.F.);
#792 = ORIENTED_EDGE('',*,*,#584,.F.);
#793 = ORIENTED_EDGE('',*,*,#534,.F.);
#794 = ORIENTED_EDGE('',*,*,#350,.F.);
#795 = ORIENTED_EDGE('',*,*,#165,.F.);
#796 = B_SPLINE_SURFACE_WITH_KNOTS('',3,3,(
    (#797,#798,#799,#800,#801,#802,#803)
    ,(#804,#805,#806,#807,#808,#809,#810)
    ,(#811,#812,#813,#814,#815,#816,#817)
    ,(#818,#819,#820,#821,#822,#823,#824
    )),.UNSPECIFIED.,.F.,.F.,.F.,(4,4),(4,1,1,1,4),(-1.337422357899E-12,
    4.862236628849),(-0.574482017917,-0.492413158214,-0.328275438809,
    -0.164137719405,4.391948717189E-14),.UNSPECIFIED.);
#797 = CARTESIAN_POINT('',(275.78839892559,69.857303853838,
    4.453880405606));
#798 = CARTESIAN_POINT('',(275.78839892562,68.84593375925,4.948939790515
    ));
#799 = CARTESIAN_POINT('',(275.78839892568,65.734125108123,
    6.320241256371));
#800 = CARTESIAN_POINT('',(275.78839892581,60.223402531592,
    7.979280330897));
#801 = CARTESIAN_POINT('',(275.78839892597,53.34850678363,8.852921357464
    ));
#802 = CARTESIAN_POINT('',(275.78839892607,48.779436933837,
    8.675062525648));
#803 = CARTESIAN_POINT('',(275.78839892611,46.543368795457,
    8.407084295602));
#804 = CARTESIAN_POINT('',(209.12173225892,69.857303852354,
    4.453880405842));
#805 = CARTESIAN_POINT('',(209.12173225895,68.845933757766,
    4.948939790751));
#806 = CARTESIAN_POINT('',(209.12173225902,65.734125106639,
    6.320241256607));
#807 = CARTESIAN_POINT('',(209.12173225914,60.223402530115,
    7.979280331134));
#808 = CARTESIAN_POINT('',(209.1217322593,53.348506782153,8.852921357701
    ));
#809 = CARTESIAN_POINT('',(209.1217322594,48.779436932353,8.675062525884
    ));
#810 = CARTESIAN_POINT('',(209.12173225946,46.543368793973,
    8.407084295838));
#811 = CARTESIAN_POINT('',(142.45506559225,69.857303850862,
    4.453880406079));
#812 = CARTESIAN_POINT('',(142.45506559227,68.845933756275,
    4.948939790987));
#813 = CARTESIAN_POINT('',(142.45506559235,65.734125105162,
    6.320241256844));
#814 = CARTESIAN_POINT('',(142.45506559248,60.223402528616,7.97928033137
    ));
#815 = CARTESIAN_POINT('',(142.45506559262,53.348506780661,
    8.852921357937));
#816 = CARTESIAN_POINT('',(142.45506559274,48.779436930861,
    8.675062526121));
#817 = CARTESIAN_POINT('',(142.45506559278,46.543368792482,
    8.407084296075));
#818 = CARTESIAN_POINT('',(75.788398925593,69.857303849378,
    4.453880406315));
#819 = CARTESIAN_POINT('',(75.788398925623,68.84593375479,4.948939791224
    ));
#820 = CARTESIAN_POINT('',(75.788398925681,65.73412510367,6.32024125708)
  );
#821 = CARTESIAN_POINT('',(75.788398925812,60.223402527139,
    7.979280331607));
#822 = CARTESIAN_POINT('',(75.788398925972,53.348506779177,
    8.852921358174));
#823 = CARTESIAN_POINT('',(75.788398926074,48.779436929377,
    8.675062526357));
#824 = CARTESIAN_POINT('',(75.788398926117,46.543368790997,
    8.407084296311));
#825 = ADVANCED_FACE('',(#826),#861,.F.);
#826 = FACE_BOUND('',#827,.F.);
#827 = EDGE_LOOP('',(#828,#839,#847,#855));
#828 = ORIENTED_EDGE('',*,*,#829,.F.);
#829 = EDGE_CURVE('',#830,#832,#834,.T.);
#830 = VERTEX_POINT('',#831);
#831 = CARTESIAN_POINT('',(206.5951075324,58.988409643949,6.756728192021
    ));
#832 = VERTEX_POINT('',#833);
#833 = CARTESIAN_POINT('',(206.5951075324,63.561765929277,5.61787611192)
  );
#834 = B_SPLINE_CURVE_WITH_KNOTS('',3,(#835,#836,#837,#838),
  .UNSPECIFIED.,.F.,.F.,(4,4),(0.304964960206,0.420848107873),
  .PIECEWISE_BEZIER_KNOTS.);
#835 = CARTESIAN_POINT('',(206.59510753251,58.988346135149,
    6.756498859547));
#836 = CARTESIAN_POINT('',(206.59510753248,60.535692217993,
    6.465469671915));
#837 = CARTESIAN_POINT('',(206.59510753244,62.065318041416,
    6.084551245694));
#838 = CARTESIAN_POINT('',(206.5951075324,63.561765929539,5.617876111841
    ));
#839 = ORIENTED_EDGE('',*,*,#840,.T.);
#840 = EDGE_CURVE('',#830,#841,#843,.T.);
#841 = VERTEX_POINT('',#842);
#842 = CARTESIAN_POINT('',(206.5951075324,58.988409643949,4.170941870655
    ));
#843 = LINE('',#844,#845);
#844 = CARTESIAN_POINT('',(206.5951075324,58.988409643949,
    3.420375094265E-12));
#845 = VECTOR('',#846,1.);
#846 = DIRECTION('',(0.,0.,-1.));
#847 = ORIENTED_EDGE('',*,*,#848,.T.);
#848 = EDGE_CURVE('',#841,#849,#851,.T.);
#849 = VERTEX_POINT('',#850);
#850 = CARTESIAN_POINT('',(206.5951075324,63.688356272258,4.170941870655
    ));
#851 = LINE('',#852,#853);
#852 = CARTESIAN_POINT('',(206.5951075324,56.470541199116,4.170941870655
    ));
#853 = VECTOR('',#854,1.);
#854 = DIRECTION('',(0.,1.,0.));
#855 = ORIENTED_EDGE('',*,*,#856,.T.);
#856 = EDGE_CURVE('',#849,#832,#857,.T.);
#857 = LINE('',#858,#859);
#858 = CARTESIAN_POINT('',(206.5951075324,63.506971715215,6.244176844566
    ));
#859 = VECTOR('',#860,1.);
#860 = DIRECTION('',(0.,-8.715574274948E-02,0.996194698092));
#861 = PLANE('',#862);
#862 = AXIS2_PLACEMENT_3D('',#863,#864,#865);
#863 = CARTESIAN_POINT('',(206.5951075324,56.30804119911,6.070941870655)
  );
#864 = DIRECTION('',(1.,0.,0.));
#865 = DIRECTION('',(0.,-1.,0.));
#866 = ADVANCED_FACE('',(#867),#893,.F.);
#867 = FACE_BOUND('',#868,.T.);
#868 = EDGE_LOOP('',(#869,#877,#885,#892));
#869 = ORIENTED_EDGE('',*,*,#870,.F.);
#870 = EDGE_CURVE('',#871,#849,#873,.T.);
#871 = VERTEX_POINT('',#872);
#872 = CARTESIAN_POINT('',(207.2451075324,63.688356272258,4.170941870655
    ));
#873 = LINE('',#874,#875);
#874 = CARTESIAN_POINT('',(202.7326075324,63.688356272258,4.170941870655
    ));
#875 = VECTOR('',#876,1.);
#876 = DIRECTION('',(-1.,-4.214792822518E-18,0.));
#877 = ORIENTED_EDGE('',*,*,#878,.F.);
#878 = EDGE_CURVE('',#879,#871,#881,.T.);
#879 = VERTEX_POINT('',#880);
#880 = CARTESIAN_POINT('',(207.2451075324,58.988409643949,4.170941870655
    ));
#881 = LINE('',#882,#883);
#882 = CARTESIAN_POINT('',(207.2451075324,56.470541199116,4.170941870655
    ));
#883 = VECTOR('',#884,1.);
#884 = DIRECTION('',(0.,1.,0.));
#885 = ORIENTED_EDGE('',*,*,#886,.F.);
#886 = EDGE_CURVE('',#841,#879,#887,.T.);
#887 = CIRCLE('',#888,2.7);
#888 = AXIS2_PLACEMENT_3D('',#889,#890,#891);
#889 = CARTESIAN_POINT('',(206.92010753239,56.308041199125,
    4.170941870655));
#890 = DIRECTION('',(0.,0.,-1.));
#891 = DIRECTION('',(0.,1.,0.));
#892 = ORIENTED_EDGE('',*,*,#848,.T.);
#893 = PLANE('',#894);
#894 = AXIS2_PLACEMENT_3D('',#895,#896,#897);
#895 = CARTESIAN_POINT('',(194.9701075324,56.633041199115,4.170941870655
    ));
#896 = DIRECTION('',(0.,0.,1.));
#897 = DIRECTION('',(1.,0.,-0.));
#898 = ADVANCED_FACE('',(#899),#925,.T.);
#899 = FACE_BOUND('',#900,.T.);
#900 = EDGE_LOOP('',(#901,#909,#918,#924));
#901 = ORIENTED_EDGE('',*,*,#902,.F.);
#902 = EDGE_CURVE('',#903,#871,#905,.T.);
#903 = VERTEX_POINT('',#904);
#904 = CARTESIAN_POINT('',(207.2451075324,63.561765929277,5.617876111923
    ));
#905 = LINE('',#906,#907);
#906 = CARTESIAN_POINT('',(207.2451075324,63.506971715215,6.244176844566
    ));
#907 = VECTOR('',#908,1.);
#908 = DIRECTION('',(0.,8.715574274948E-02,-0.996194698092));
#909 = ORIENTED_EDGE('',*,*,#910,.T.);
#910 = EDGE_CURVE('',#903,#911,#913,.T.);
#911 = VERTEX_POINT('',#912);
#912 = CARTESIAN_POINT('',(207.2451075324,58.988409643949,6.756728192022
    ));
#913 = B_SPLINE_CURVE_WITH_KNOTS('',3,(#914,#915,#916,#917),
  .UNSPECIFIED.,.F.,.F.,(4,4),(-0.420848107866,-0.304964960205),
  .PIECEWISE_BEZIER_KNOTS.);
#914 = CARTESIAN_POINT('',(207.24510753187,63.561765929277,
    5.617876111923));
#915 = CARTESIAN_POINT('',(207.24510753191,62.065318041241,
    6.084551245739));
#916 = CARTESIAN_POINT('',(207.24510753194,60.535748371847,
    6.465678965745));
#917 = CARTESIAN_POINT('',(207.24510753198,58.988392092528,
    6.756671377109));
#918 = ORIENTED_EDGE('',*,*,#919,.F.);
#919 = EDGE_CURVE('',#879,#911,#920,.T.);
#920 = LINE('',#921,#922);
#921 = CARTESIAN_POINT('',(207.2451075324,58.988409643949,
    3.420375094265E-12));
#922 = VECTOR('',#923,1.);
#923 = DIRECTION('',(0.,0.,1.));
#924 = ORIENTED_EDGE('',*,*,#878,.T.);
#925 = PLANE('',#926);
#926 = AXIS2_PLACEMENT_3D('',#927,#928,#929);
#927 = CARTESIAN_POINT('',(207.2451075324,56.30804119911,6.070941870655)
  );
#928 = DIRECTION('',(1.,0.,0.));
#929 = DIRECTION('',(0.,-1.,0.));
#930 = ADVANCED_FACE('',(#931),#993,.F.);
#931 = FACE_BOUND('',#932,.F.);
#932 = EDGE_LOOP('',(#933,#944,#953,#968,#979,#992));
#933 = ORIENTED_EDGE('',*,*,#934,.T.);
#934 = EDGE_CURVE('',#832,#935,#937,.T.);
#935 = VERTEX_POINT('',#936);
#936 = CARTESIAN_POINT('',(195.2951075324,63.561765929284,5.617876111881
    ));
#937 = B_SPLINE_CURVE_WITH_KNOTS('',3,(#938,#939,#940,#941,#942,#943),
  .UNSPECIFIED.,.F.,.F.,(4,2,4),(0.,5.650000000255,11.30000000051),
  .UNSPECIFIED.);
#938 = CARTESIAN_POINT('',(206.5951075324,63.561765929277,5.61787611192)
  );
#939 = CARTESIAN_POINT('',(204.71177419899,63.561765929277,
    5.617876111914));
#940 = CARTESIAN_POINT('',(202.82844086557,63.561765929277,
    5.617876111907));
#941 = CARTESIAN_POINT('',(199.06177419873,63.561765929277,
    5.617876111894));
#942 = CARTESIAN_POINT('',(197.17844086531,63.561765929284,
    5.617876111887));
#943 = CARTESIAN_POINT('',(195.29510753189,63.561765929284,
    5.617876111881));
#944 = ORIENTED_EDGE('',*,*,#945,.T.);
#945 = EDGE_CURVE('',#935,#946,#948,.T.);
#946 = VERTEX_POINT('',#947);
#947 = CARTESIAN_POINT('',(195.2951075324,58.988409643949,6.756728192014
    ));
#948 = B_SPLINE_CURVE_WITH_KNOTS('',3,(#949,#950,#951,#952),
  .UNSPECIFIED.,.F.,.F.,(4,4),(-0.420848107873,-0.304964960212),
  .PIECEWISE_BEZIER_KNOTS.);
#949 = CARTESIAN_POINT('',(195.29510753189,63.561765929284,
    5.617876111881));
#950 = CARTESIAN_POINT('',(195.29510753193,62.065318041248,
    6.084551245709));
#951 = CARTESIAN_POINT('',(195.29510753196,60.535692217913,
    6.465469671914));
#952 = CARTESIAN_POINT('',(195.295107532,58.988346135149,6.75649885954)
  );
#953 = ORIENTED_EDGE('',*,*,#954,.T.);
#954 = EDGE_CURVE('',#946,#955,#957,.T.);
#955 = VERTEX_POINT('',#956);
#956 = CARTESIAN_POINT('',(197.65047597721,56.633041199115,
    7.128041213489));
#957 = B_SPLINE_CURVE_WITH_KNOTS('',3,(#958,#959,#960,#961,#962,#963,
    #964,#965,#966,#967),.UNSPECIFIED.,.F.,.F.,(4,2,2,2,4),(0.,
    0.768355528894,1.77217771329,2.705804428066,3.61882925009),
  .UNSPECIFIED.);
#958 = CARTESIAN_POINT('',(195.295107532,58.988409644,6.756728192003));
#959 = CARTESIAN_POINT('',(195.54929875339,58.957588453348,
    6.762521994902));
#960 = CARTESIAN_POINT('',(195.79747986376,58.890814285864,
    6.775081533018));
#961 = CARTESIAN_POINT('',(196.33918071409,58.659004643792,6.81746405181
    ));
#962 = CARTESIAN_POINT('',(196.61832955371,58.472255108318,
    6.850992377608));
#963 = CARTESIAN_POINT('',(197.07734472236,58.024170863006,
    6.926542761202));
#964 = CARTESIAN_POINT('',(197.25959739099,57.77208166643,6.967212262317
    ));
#965 = CARTESIAN_POINT('',(197.52785106181,57.223995443463,
    7.049150334156));
#966 = CARTESIAN_POINT('',(197.61414884163,56.932641531188,
    7.089815158728));
#967 = CARTESIAN_POINT('',(197.65047597722,56.633041199122,
    7.128041213489));
#968 = ORIENTED_EDGE('',*,*,#969,.T.);
#969 = EDGE_CURVE('',#955,#970,#972,.T.);
#970 = VERTEX_POINT('',#971);
#971 = CARTESIAN_POINT('',(204.23973908757,56.633041199115,
    7.128041213484));
#972 = B_SPLINE_CURVE_WITH_KNOTS('',3,(#973,#974,#975,#976,#977,#978),
  .UNSPECIFIED.,.F.,.F.,(4,2,4),(2.355368445163,5.650000000255,
    8.944631555523),.UNSPECIFIED.);
#973 = CARTESIAN_POINT('',(197.65047597721,56.633041199115,
    7.128041213489));
#974 = CARTESIAN_POINT('',(198.74868649558,56.633041199115,
    7.128041213488));
#975 = CARTESIAN_POINT('',(199.84689701394,56.633041199115,
    7.128041213487));
#976 = CARTESIAN_POINT('',(202.04331805073,56.633041199115,
    7.128041213486));
#977 = CARTESIAN_POINT('',(203.14152856915,56.633041199115,
    7.128041213485));
#978 = CARTESIAN_POINT('',(204.23973908757,56.633041199115,
    7.128041213484));
#979 = ORIENTED_EDGE('',*,*,#980,.T.);
#980 = EDGE_CURVE('',#970,#830,#981,.T.);
#981 = B_SPLINE_CURVE_WITH_KNOTS('',3,(#982,#983,#984,#985,#986,#987,
    #988,#989,#990,#991),.UNSPECIFIED.,.F.,.F.,(4,2,2,2,4),(
    5.086451700824E-02,1.100827039807,2.182809742531,3.001333422719,
    3.67131607515),.UNSPECIFIED.);
#982 = CARTESIAN_POINT('',(204.23973908757,56.633041199115,
    7.128041213484));
#983 = CARTESIAN_POINT('',(204.28149887633,56.977446183933,
    7.084098525844));
#984 = CARTESIAN_POINT('',(204.38924951725,57.310579972473,
    7.036949205702));
#985 = CARTESIAN_POINT('',(204.72997556883,57.927022124117,
    6.942914657506));
#986 = CARTESIAN_POINT('',(204.96357397923,58.202903408041,6.89702766063
    ));
#987 = CARTESIAN_POINT('',(205.45739325261,58.593653204298,
    6.829277077751));
#988 = CARTESIAN_POINT('',(205.69458639905,58.72923368722,6.80469992243)
  );
#989 = CARTESIAN_POINT('',(206.15637434125,58.907337406665,
    6.771966216582));
#990 = CARTESIAN_POINT('',(206.37352778279,58.961542659024,
    6.761778678773));
#991 = CARTESIAN_POINT('',(206.59510753251,58.988409643964,
    6.756728192017));
#992 = ORIENTED_EDGE('',*,*,#829,.T.);
#993 = B_SPLINE_SURFACE_WITH_KNOTS('',3,3,(
    (#994,#995,#996,#997)
    ,(#998,#999,#1000,#1001)
    ,(#1002,#1003,#1004,#1005)
    ,(#1006,#1007,#1008,#1009
    )),.UNSPECIFIED.,.F.,.F.,.F.,(4,4),(4,4),(1.682170779415,
    1.956887148958),(-0.420848107873,-0.246456117088),
  .PIECEWISE_BEZIER_KNOTS.);
#994 = CARTESIAN_POINT('',(206.5951075324,63.561765929539,5.617876111841
    ));
#995 = CARTESIAN_POINT('',(206.59510753245,61.309768710198,
    6.320173273082));
#996 = CARTESIAN_POINT('',(206.59510753251,58.982633105137,
    6.828256402693));
#997 = CARTESIAN_POINT('',(206.59510753256,56.633041199173,
    7.128041213476));
#998 = CARTESIAN_POINT('',(202.82844086557,63.561765929451,
    5.617876111854));
#999 = CARTESIAN_POINT('',(202.82844086562,61.309768710111,
    6.320173273096));
#1000 = CARTESIAN_POINT('',(202.82844086567,58.98263310505,
    6.828256402707));
#1001 = CARTESIAN_POINT('',(202.82844086573,56.633041199086,
    7.128041213489));
#1002 = CARTESIAN_POINT('',(199.06177419873,63.561765929371,
    5.617876111867));
#1003 = CARTESIAN_POINT('',(199.06177419878,61.309768710031,
    6.320173273109));
#1004 = CARTESIAN_POINT('',(199.06177419884,58.98263310497,6.82825640272
    ));
#1005 = CARTESIAN_POINT('',(199.06177419889,56.633041199006,
    7.128041213503));
#1006 = CARTESIAN_POINT('',(195.29510753189,63.561765929284,
    5.617876111881));
#1007 = CARTESIAN_POINT('',(195.29510753194,61.309768709943,
    6.320173273123));
#1008 = CARTESIAN_POINT('',(195.295107532,58.982633104883,6.828256402733
    ));
#1009 = CARTESIAN_POINT('',(195.29510753206,56.633041198918,
    7.128041213516));
#1010 = ADVANCED_FACE('',(#1011),#1045,.F.);
#1011 = FACE_BOUND('',#1012,.F.);
#1012 = EDGE_LOOP('',(#1013,#1026,#1035,#1044));
#1013 = ORIENTED_EDGE('',*,*,#1014,.T.);
#1014 = EDGE_CURVE('',#911,#1015,#1017,.T.);
#1015 = VERTEX_POINT('',#1016);
#1016 = CARTESIAN_POINT('',(209.16120813342,57.813852640196,
    6.959667847655));
#1017 = B_SPLINE_CURVE_WITH_KNOTS('',3,(#1018,#1019,#1020,#1021,#1022,
    #1023,#1024,#1025),.UNSPECIFIED.,.F.,.F.,(4,2,2,4),(0.,
    1.060674622208,1.727768326303,2.333601628689),.UNSPECIFIED.);
#1018 = CARTESIAN_POINT('',(207.24510753198,58.988409644007,
    6.756728192011));
#1019 = CARTESIAN_POINT('',(207.59600521876,58.945862602282,
    6.764726233891));
#1020 = CARTESIAN_POINT('',(207.93442035241,58.834942670794,
    6.785656099276));
#1021 = CARTESIAN_POINT('',(208.43475323679,58.554131542609,
    6.836067552348));
#1022 = CARTESIAN_POINT('',(208.61357167633,58.422509110533,
    6.859247665962));
#1023 = CARTESIAN_POINT('',(208.91998958145,58.133066325361,
    6.908279071219));
#1024 = CARTESIAN_POINT('',(209.04974132164,57.979748802267,
    6.933513409132));
#1025 = CARTESIAN_POINT('',(209.16120813342,57.813852640196,
    6.959667847656));
#1026 = ORIENTED_EDGE('',*,*,#1027,.T.);
#1027 = EDGE_CURVE('',#1015,#1028,#1030,.T.);
#1028 = VERTEX_POINT('',#1029);
#1029 = CARTESIAN_POINT('',(209.33336658043,63.561765929277,
    5.61787611193));
#1030 = B_SPLINE_CURVE_WITH_KNOTS('',3,(#1031,#1032,#1033,#1034),
  .UNSPECIFIED.,.F.,.F.,(4,4),(-6.150842173468,-0.243889628632),
  .PIECEWISE_BEZIER_KNOTS.);
#1031 = CARTESIAN_POINT('',(209.16120813342,57.813852640196,
    6.959667847656));
#1032 = CARTESIAN_POINT('',(209.14985410231,59.761625308005,
    6.652590819088));
#1033 = CARTESIAN_POINT('',(209.19430381651,61.686695443808,
    6.202626691426));
#1034 = CARTESIAN_POINT('',(209.33336658044,63.561765929277,
    5.617876111929));
#1035 = ORIENTED_EDGE('',*,*,#1036,.T.);
#1036 = EDGE_CURVE('',#1028,#903,#1037,.T.);
#1037 = B_SPLINE_CURVE_WITH_KNOTS('',3,(#1038,#1039,#1040,#1041,#1042,
    #1043),.UNSPECIFIED.,.F.,.F.,(4,2,4),(0.314359197667,1.201309123115,
    2.40261824623),.UNSPECIFIED.);
#1038 = CARTESIAN_POINT('',(209.33336658043,63.561765929277,
    5.61787611193));
#1039 = CARTESIAN_POINT('',(209.03771660528,63.561765929277,
    5.617876111929));
#1040 = CARTESIAN_POINT('',(208.74206663014,63.561765929277,
    5.617876111928));
#1041 = CARTESIAN_POINT('',(208.04598028061,63.561765929277,
    5.617876111925));
#1042 = CARTESIAN_POINT('',(207.64554390624,63.561765929277,
    5.617876111924));
#1043 = CARTESIAN_POINT('',(207.24510753187,63.561765929277,
    5.617876111923));
#1044 = ORIENTED_EDGE('',*,*,#910,.T.);
#1045 = B_SPLINE_SURFACE_WITH_KNOTS('',3,3,(
    (#1046,#1047,#1048,#1049)
    ,(#1050,#1051,#1052,#1053)
    ,(#1054,#1055,#1056,#1057)
    ,(#1058,#1059,#1060,#1061
    )),.UNSPECIFIED.,.F.,.F.,.F.,(4,4),(4,4),(1.615600462202,
    1.666368510384),(-0.420848107866,-0.275722795804),
  .PIECEWISE_BEZIER_KNOTS.);
#1046 = CARTESIAN_POINT('',(209.33336658043,63.56176592932,
    5.617876111915));
#1047 = CARTESIAN_POINT('',(209.33336658048,61.687701657509,
    6.202312898402));
#1048 = CARTESIAN_POINT('',(209.33336658052,59.761690507556,
    6.652580540021));
#1049 = CARTESIAN_POINT('',(209.33336658057,57.813852640211,
    6.959667847655));
#1050 = CARTESIAN_POINT('',(208.63728023091,63.561765929306,
    5.617876111918));
#1051 = CARTESIAN_POINT('',(208.63728023096,61.687701657495,
    6.202312898404));
#1052 = CARTESIAN_POINT('',(208.637280231,59.761690507541,6.652580540024
    ));
#1053 = CARTESIAN_POINT('',(208.63728023105,57.813852640196,
    6.959667847657));
#1054 = CARTESIAN_POINT('',(207.94119388139,63.561765929291,
    5.61787611192));
#1055 = CARTESIAN_POINT('',(207.94119388144,61.68770165748,
    6.202312898407));
#1056 = CARTESIAN_POINT('',(207.94119388148,59.761690507519,
    6.652580540026));
#1057 = CARTESIAN_POINT('',(207.94119388152,57.813852640174,
    6.95966784766));
#1058 = CARTESIAN_POINT('',(207.24510753187,63.561765929277,
    5.617876111923));
#1059 = CARTESIAN_POINT('',(207.24510753191,61.687701657465,
    6.202312898409));
#1060 = CARTESIAN_POINT('',(207.24510753196,59.761690507505,
    6.652580540029));
#1061 = CARTESIAN_POINT('',(207.245107532,57.81385264016,6.959667847662)
  );
#1062 = ADVANCED_FACE('',(#1063),#1172,.T.);
#1063 = FACE_BOUND('',#1064,.T.);
#1064 = EDGE_LOOP('',(#1065,#1066,#1067,#1068,#1069,#1077,#1085,#1097,
    #1108,#1116,#1124,#1132,#1143,#1154,#1162,#1171));
#1065 = ORIENTED_EDGE('',*,*,#902,.T.);
#1066 = ORIENTED_EDGE('',*,*,#870,.T.);
#1067 = ORIENTED_EDGE('',*,*,#856,.T.);
#1068 = ORIENTED_EDGE('',*,*,#934,.T.);
#1069 = ORIENTED_EDGE('',*,*,#1070,.T.);
#1070 = EDGE_CURVE('',#935,#1071,#1073,.T.);
#1071 = VERTEX_POINT('',#1072);
#1072 = CARTESIAN_POINT('',(195.2951075324,63.688356272258,
    4.170941870655));
#1073 = LINE('',#1074,#1075);
#1074 = CARTESIAN_POINT('',(195.2951075324,63.506971715215,
    6.244176844565));
#1075 = VECTOR('',#1076,1.);
#1076 = DIRECTION('',(1.761504139105E-14,8.715574274948E-02,
    -0.996194698092));
#1077 = ORIENTED_EDGE('',*,*,#1078,.T.);
#1078 = EDGE_CURVE('',#1071,#1079,#1081,.T.);
#1079 = VERTEX_POINT('',#1080);
#1080 = CARTESIAN_POINT('',(194.6451075324,63.688356272258,
    4.170941870655));
#1081 = LINE('',#1082,#1083);
#1082 = CARTESIAN_POINT('',(202.7326075324,63.688356272258,
    4.170941870655));
#1083 = VECTOR('',#1084,1.);
#1084 = DIRECTION('',(-1.,-4.214792822518E-18,0.));
#1085 = ORIENTED_EDGE('',*,*,#1086,.T.);
#1086 = EDGE_CURVE('',#1079,#1087,#1089,.T.);
#1087 = VERTEX_POINT('',#1088);
#1088 = CARTESIAN_POINT('',(194.6451075324,63.561765929284,
    5.617876111879));
#1089 = B_SPLINE_CURVE_WITH_KNOTS('',3,(#1090,#1091,#1092,#1093,#1094,
    #1095,#1096),.UNSPECIFIED.,.F.,.F.,(4,3,4),(-0.401527935017,0.,
    1.050933359945),.UNSPECIFIED.);
#1090 = CARTESIAN_POINT('',(194.6451075324,63.688356272258,
    4.170941870655));
#1091 = CARTESIAN_POINT('',(194.6451075324,63.676691117122,
    4.304275203988));
#1092 = CARTESIAN_POINT('',(194.6451075324,63.665025961985,
    4.437608537321));
#1093 = CARTESIAN_POINT('',(194.6451075324,63.653360806849,
    4.570941870655));
#1094 = CARTESIAN_POINT('',(194.6451075324,63.622829180989,
    4.919919951063));
#1095 = CARTESIAN_POINT('',(194.6451075324,63.592297555137,
    5.268898031471));
#1096 = CARTESIAN_POINT('',(194.6451075324,63.561765929284,
    5.617876111879));
#1097 = ORIENTED_EDGE('',*,*,#1098,.T.);
#1098 = EDGE_CURVE('',#1087,#1099,#1101,.T.);
#1099 = VERTEX_POINT('',#1100);
#1100 = CARTESIAN_POINT('',(183.3451075324,63.561765929284,
    5.617876111839));
#1101 = B_SPLINE_CURVE_WITH_KNOTS('',3,(#1102,#1103,#1104,#1105,#1106,
    #1107),.UNSPECIFIED.,.F.,.F.,(4,2,4),(0.,5.650000000274,
    11.300000000549),.UNSPECIFIED.);
#1102 = CARTESIAN_POINT('',(194.6451075325,63.561765929284,
    5.617876111879));
#1103 = CARTESIAN_POINT('',(192.76177419908,63.561765929284,
    5.617876111872));
#1104 = CARTESIAN_POINT('',(190.87844086565,63.561765929284,
    5.617876111865));
#1105 = CARTESIAN_POINT('',(187.1117741988,63.561765929284,
    5.617876111852));
#1106 = CARTESIAN_POINT('',(185.22844086538,63.561765929284,
    5.617876111846));
#1107 = CARTESIAN_POINT('',(183.34510753195,63.561765929284,
    5.617876111839));
#1108 = ORIENTED_EDGE('',*,*,#1109,.T.);
#1109 = EDGE_CURVE('',#1099,#1110,#1112,.T.);
#1110 = VERTEX_POINT('',#1111);
#1111 = CARTESIAN_POINT('',(183.3451075324,63.688356272258,
    4.170941870655));
#1112 = LINE('',#1113,#1114);
#1113 = CARTESIAN_POINT('',(183.3451075324,63.506971715215,
    6.244176844566));
#1114 = VECTOR('',#1115,1.);
#1115 = DIRECTION('',(0.,8.715574274948E-02,-0.996194698092));
#1116 = ORIENTED_EDGE('',*,*,#1117,.T.);
#1117 = EDGE_CURVE('',#1110,#1118,#1120,.T.);
#1118 = VERTEX_POINT('',#1119);
#1119 = CARTESIAN_POINT('',(182.6951075324,63.688356272258,
    4.170941870655));
#1120 = LINE('',#1121,#1122);
#1121 = CARTESIAN_POINT('',(202.7326075324,63.688356272258,
    4.170941870655));
#1122 = VECTOR('',#1123,1.);
#1123 = DIRECTION('',(-1.,-4.214792822518E-18,0.));
#1124 = ORIENTED_EDGE('',*,*,#1125,.T.);
#1125 = EDGE_CURVE('',#1118,#1126,#1128,.T.);
#1126 = VERTEX_POINT('',#1127);
#1127 = CARTESIAN_POINT('',(182.6951075324,63.561765929284,
    5.617876111837));
#1128 = LINE('',#1129,#1130);
#1129 = CARTESIAN_POINT('',(182.6951075324,63.506971715215,
    6.244176844566));
#1130 = VECTOR('',#1131,1.);
#1131 = DIRECTION('',(0.,-8.715574274948E-02,0.996194698092));
#1132 = ORIENTED_EDGE('',*,*,#1133,.T.);
#1133 = EDGE_CURVE('',#1126,#1134,#1136,.T.);
#1134 = VERTEX_POINT('',#1135);
#1135 = CARTESIAN_POINT('',(180.60684848432,63.561765929284,
    5.617876111829));
#1136 = B_SPLINE_CURVE_WITH_KNOTS('',3,(#1137,#1138,#1139,#1140,#1141,
    #1142),.UNSPECIFIED.,.F.,.F.,(4,2,4),(0.,1.201309122899,
    2.088259048138),.UNSPECIFIED.);
#1137 = CARTESIAN_POINT('',(182.69510753245,63.561765929284,
    5.617876111837));
#1138 = CARTESIAN_POINT('',(182.29467115815,63.561765929284,
    5.617876111835));
#1139 = CARTESIAN_POINT('',(181.89423478386,63.561765929284,
    5.617876111834));
#1140 = CARTESIAN_POINT('',(181.19814843448,63.561765929284,
    5.617876111831));
#1141 = CARTESIAN_POINT('',(180.9024984594,63.561765929284,5.61787611183
    ));
#1142 = CARTESIAN_POINT('',(180.60684848432,63.561765929284,
    5.617876111829));
#1143 = ORIENTED_EDGE('',*,*,#1144,.T.);
#1144 = EDGE_CURVE('',#1134,#1145,#1147,.T.);
#1145 = VERTEX_POINT('',#1146);
#1146 = CARTESIAN_POINT('',(177.84033029651,64.053266402174,
    3.416822380586E-12));
#1147 = B_SPLINE_CURVE_WITH_KNOTS('',3,(#1148,#1149,#1150,#1151,#1152,
    #1153),.UNSPECIFIED.,.F.,.F.,(4,2,4),(0.86873730006,3.769110808945,
    7.128275242466),.UNSPECIFIED.);
#1148 = CARTESIAN_POINT('',(180.60684848432,63.561765929284,
    5.61787611183));
#1149 = CARTESIAN_POINT('',(180.18180472507,63.637876250512,
    4.747931159438));
#1150 = CARTESIAN_POINT('',(179.75299511972,63.714317770595,
    3.874200586804));
#1151 = CARTESIAN_POINT('',(178.83502885898,63.877427084743,
    2.009852595106));
#1152 = CARTESIAN_POINT('',(178.33625657297,63.965718240186,
    1.000680070536));
#1153 = CARTESIAN_POINT('',(177.84033029652,64.053266402174,
    -5.742961661781E-12));
#1154 = ORIENTED_EDGE('',*,*,#1155,.T.);
#1155 = EDGE_CURVE('',#1145,#1156,#1158,.T.);
#1156 = VERTEX_POINT('',#1157);
#1157 = CARTESIAN_POINT('',(212.0998847683,64.053266402174,
    3.420375094265E-12));
#1158 = LINE('',#1159,#1160);
#1159 = CARTESIAN_POINT('',(207.4951075324,64.053266402174,
    3.419486915845E-12));
#1160 = VECTOR('',#1161,1.);
#1161 = DIRECTION('',(1.,-4.598028013906E-18,1.007310030931E-16));
#1162 = ORIENTED_EDGE('',*,*,#1163,.F.);
#1163 = EDGE_CURVE('',#1028,#1156,#1164,.T.);
#1164 = B_SPLINE_CURVE_WITH_KNOTS('',3,(#1165,#1166,#1167,#1168,#1169,
    #1170),.UNSPECIFIED.,.F.,.F.,(4,2,4),(-6.647326495121,-3.76937669314
    ,-0.398545948953),.UNSPECIFIED.);
#1165 = CARTESIAN_POINT('',(209.33336658043,63.561765929277,
    5.617876111929));
#1166 = CARTESIAN_POINT('',(209.75591947168,63.637430224044,
    4.753029265303));
#1167 = CARTESIAN_POINT('',(210.18212798497,63.713409998163,
    3.884576473193));
#1168 = CARTESIAN_POINT('',(211.10001815848,63.876512258234,
    2.020309109951));
#1169 = CARTESIAN_POINT('',(211.60140236697,63.965266995627,
    1.005837819449));
#1170 = CARTESIAN_POINT('',(212.09988476829,64.053266402174,
    -1.20468079956E-11));
#1171 = ORIENTED_EDGE('',*,*,#1036,.T.);
#1172 = PLANE('',#1173);
#1173 = AXIS2_PLACEMENT_3D('',#1174,#1175,#1176);
#1174 = CARTESIAN_POINT('',(210.4951075324,63.546614711675,
    5.791055321572));
#1175 = DIRECTION('',(4.198754263347E-18,-0.996194698092,
    -8.715574274948E-02));
#1176 = DIRECTION('',(9.629649721936E-35,-8.715574274948E-02,
    0.996194698092));
#1177 = ADVANCED_FACE('',(#1178),#1206,.F.);
#1178 = FACE_BOUND('',#1179,.F.);
#1179 = EDGE_LOOP('',(#1180,#1189,#1198,#1205));
#1180 = ORIENTED_EDGE('',*,*,#1181,.F.);
#1181 = EDGE_CURVE('',#1182,#1087,#1184,.T.);
#1182 = VERTEX_POINT('',#1183);
#1183 = CARTESIAN_POINT('',(194.6451075324,58.988409643942,
    6.756728192015));
#1184 = B_SPLINE_CURVE_WITH_KNOTS('',3,(#1185,#1186,#1187,#1188),
  .UNSPECIFIED.,.F.,.F.,(4,4),(0.304964960212,0.42084810788),
  .PIECEWISE_BEZIER_KNOTS.);
#1185 = CARTESIAN_POINT('',(194.6451075326,58.988346135135,
    6.756498859541));
#1186 = CARTESIAN_POINT('',(194.64510753256,60.535692217985,
    6.465469671897));
#1187 = CARTESIAN_POINT('',(194.64510753253,62.065318041416,
    6.084551245664));
#1188 = CARTESIAN_POINT('',(194.64510753249,63.561765929531,
    5.617876111799));
#1189 = ORIENTED_EDGE('',*,*,#1190,.F.);
#1190 = EDGE_CURVE('',#1191,#1182,#1193,.T.);
#1191 = VERTEX_POINT('',#1192);
#1192 = CARTESIAN_POINT('',(194.6451075324,58.988409643949,
    4.170941870655));
#1193 = B_SPLINE_CURVE_WITH_KNOTS('',3,(#1194,#1195,#1196,#1197),
  .UNSPECIFIED.,.F.,.F.,(4,4),(-10.9,-8.31421367864),
  .PIECEWISE_BEZIER_KNOTS.);
#1194 = CARTESIAN_POINT('',(194.6451075324,58.988409643949,
    4.170941870655));
#1195 = CARTESIAN_POINT('',(194.6451075324,58.988409643949,
    5.032870644441));
#1196 = CARTESIAN_POINT('',(194.6451075324,58.988409643949,
    5.894799418228));
#1197 = CARTESIAN_POINT('',(194.6451075324,58.988409643949,
    6.756728192015));
#1198 = ORIENTED_EDGE('',*,*,#1199,.T.);
#1199 = EDGE_CURVE('',#1191,#1079,#1200,.T.);
#1200 = B_SPLINE_CURVE_WITH_KNOTS('',3,(#1201,#1202,#1203,#1204),
  .UNSPECIFIED.,.F.,.F.,(4,4),(-9.019631555159,-4.319684926851),
  .PIECEWISE_BEZIER_KNOTS.);
#1201 = CARTESIAN_POINT('',(194.6451075324,58.988409643949,
    4.170941870655));
#1202 = CARTESIAN_POINT('',(194.6451075324,60.555058520054,
    4.170941870655));
#1203 = CARTESIAN_POINT('',(194.6451075324,62.12170739616,4.170941870655
    ));
#1204 = CARTESIAN_POINT('',(194.6451075324,63.688356272258,
    4.170941870655));
#1205 = ORIENTED_EDGE('',*,*,#1086,.T.);
#1206 = B_SPLINE_SURFACE_WITH_KNOTS('',1,1,(
    (#1207,#1208,#1209,#1210)
    ,(#1211,#1212,#1213,#1214)
    ,(#1215,#1216,#1217,#1218)
    ,(#1219,#1220,#1221,#1222
    )),.UNSPECIFIED.,.F.,.F.,.F.,(2,1,1,2),(2,1,1,2),(-66.20000000002,
    -3.4354741274E-12,18.000000000003,20.700000000005),(-1.,0.,3.,10.5),
  .UNSPECIFIED.);
#1207 = CARTESIAN_POINT('',(194.64510753238,-18.89195880088,
    3.570941870655));
#1208 = CARTESIAN_POINT('',(194.64510753238,-18.89195880088,
    4.570941870655));
#1209 = CARTESIAN_POINT('',(194.64510753238,-18.89195880088,
    7.570941870655));
#1210 = CARTESIAN_POINT('',(194.64510753238,-18.89195880088,
    15.070941870655));
#1211 = CARTESIAN_POINT('',(194.6451075324,47.30804119911,3.570941870655
    ));
#1212 = CARTESIAN_POINT('',(194.6451075324,47.30804119911,4.570941870655
    ));
#1213 = CARTESIAN_POINT('',(194.6451075324,47.30804119911,7.570941870655
    ));
#1214 = CARTESIAN_POINT('',(194.6451075324,47.30804119911,
    15.070941870655));
#1215 = CARTESIAN_POINT('',(194.6451075324,65.30804119911,3.570941870655
    ));
#1216 = CARTESIAN_POINT('',(194.6451075324,65.30804119911,4.570941870655
    ));
#1217 = CARTESIAN_POINT('',(194.6451075324,65.30804119911,7.570941870655
    ));
#1218 = CARTESIAN_POINT('',(194.6451075324,65.30804119911,
    15.070941870655));
#1219 = CARTESIAN_POINT('',(194.6451075324,68.008041199107,
    3.570941870655));
#1220 = CARTESIAN_POINT('',(194.6451075324,68.008041199107,
    4.570941870655));
#1221 = CARTESIAN_POINT('',(194.6451075324,68.008041199107,
    7.570941870655));
#1222 = CARTESIAN_POINT('',(194.6451075324,68.008041199107,
    15.070941870655));
#1223 = ADVANCED_FACE('',(#1224),#1242,.T.);
#1224 = FACE_BOUND('',#1225,.T.);
#1225 = EDGE_LOOP('',(#1226,#1227,#1228,#1236));
#1226 = ORIENTED_EDGE('',*,*,#1070,.F.);
#1227 = ORIENTED_EDGE('',*,*,#945,.T.);
#1228 = ORIENTED_EDGE('',*,*,#1229,.F.);
#1229 = EDGE_CURVE('',#1230,#946,#1232,.T.);
#1230 = VERTEX_POINT('',#1231);
#1231 = CARTESIAN_POINT('',(195.2951075324,58.988409643949,
    4.170941870655));
#1232 = LINE('',#1233,#1234);
#1233 = CARTESIAN_POINT('',(195.2951075324,58.988409643949,
    3.420375094265E-12));
#1234 = VECTOR('',#1235,1.);
#1235 = DIRECTION('',(0.,0.,1.));
#1236 = ORIENTED_EDGE('',*,*,#1237,.T.);
#1237 = EDGE_CURVE('',#1230,#1071,#1238,.T.);
#1238 = LINE('',#1239,#1240);
#1239 = CARTESIAN_POINT('',(195.2951075324,56.470541199109,
    4.170941870655));
#1240 = VECTOR('',#1241,1.);
#1241 = DIRECTION('',(2.021099337273E-13,1.,0.));
#1242 = PLANE('',#1243);
#1243 = AXIS2_PLACEMENT_3D('',#1244,#1245,#1246);
#1244 = CARTESIAN_POINT('',(195.2951075324,56.30804119911,6.070941870655
    ));
#1245 = DIRECTION('',(1.,-2.021099337273E-13,0.));
#1246 = DIRECTION('',(0.,0.,-1.));
#1247 = ADVANCED_FACE('',(#1248),#1260,.F.);
#1248 = FACE_BOUND('',#1249,.T.);
#1249 = EDGE_LOOP('',(#1250,#1251,#1252,#1259));
#1250 = ORIENTED_EDGE('',*,*,#1078,.F.);
#1251 = ORIENTED_EDGE('',*,*,#1237,.F.);
#1252 = ORIENTED_EDGE('',*,*,#1253,.F.);
#1253 = EDGE_CURVE('',#1191,#1230,#1254,.T.);
#1254 = CIRCLE('',#1255,2.7);
#1255 = AXIS2_PLACEMENT_3D('',#1256,#1257,#1258);
#1256 = CARTESIAN_POINT('',(194.97010753239,56.308041199125,
    4.170941870655));
#1257 = DIRECTION('',(0.,0.,-1.));
#1258 = DIRECTION('',(0.,1.,0.));
#1259 = ORIENTED_EDGE('',*,*,#1199,.T.);
#1260 = PLANE('',#1261);
#1261 = AXIS2_PLACEMENT_3D('',#1262,#1263,#1264);
#1262 = CARTESIAN_POINT('',(194.9701075324,56.633041199115,
    4.170941870655));
#1263 = DIRECTION('',(0.,0.,1.));
#1264 = DIRECTION('',(1.,0.,-0.));
#1265 = ADVANCED_FACE('',(#1266),#1318,.F.);
#1266 = FACE_BOUND('',#1267,.F.);
#1267 = EDGE_LOOP('',(#1268,#1269,#1278,#1293,#1304,#1317));
#1268 = ORIENTED_EDGE('',*,*,#1098,.T.);
#1269 = ORIENTED_EDGE('',*,*,#1270,.T.);
#1270 = EDGE_CURVE('',#1099,#1271,#1273,.T.);
#1271 = VERTEX_POINT('',#1272);
#1272 = CARTESIAN_POINT('',(183.3451075324,58.988409643949,
    6.756728192006));
#1273 = B_SPLINE_CURVE_WITH_KNOTS('',3,(#1274,#1275,#1276,#1277),
  .UNSPECIFIED.,.F.,.F.,(4,4),(-0.42084810788,-0.304964960219),
  .PIECEWISE_BEZIER_KNOTS.);
#1274 = CARTESIAN_POINT('',(183.34510753195,63.561765929277,
    5.617876111839));
#1275 = CARTESIAN_POINT('',(183.34510753198,62.065318041241,
    6.084551245678));
#1276 = CARTESIAN_POINT('',(183.34510753202,60.535692217905,
    6.465469671895));
#1277 = CARTESIAN_POINT('',(183.34510753205,58.988346135142,
    6.756498859532));
#1278 = ORIENTED_EDGE('',*,*,#1279,.T.);
#1279 = EDGE_CURVE('',#1271,#1280,#1282,.T.);
#1280 = VERTEX_POINT('',#1281);
#1281 = CARTESIAN_POINT('',(185.70047597721,56.633041199122,
    7.128041213496));
#1282 = B_SPLINE_CURVE_WITH_KNOTS('',3,(#1283,#1284,#1285,#1286,#1287,
    #1288,#1289,#1290,#1291,#1292),.UNSPECIFIED.,.F.,.F.,(4,2,2,2,4),(0.
    ,0.768355528925,1.772177713358,2.705804428215,3.618829250029),
  .UNSPECIFIED.);
#1283 = CARTESIAN_POINT('',(183.34510753205,58.988409643993,
    6.756728191998));
#1284 = CARTESIAN_POINT('',(183.59929875345,58.957588453333,
    6.762521994898));
#1285 = CARTESIAN_POINT('',(183.84747986383,58.890814285842,
    6.775081533015));
#1286 = CARTESIAN_POINT('',(184.38918071418,58.659004643749,
    6.817464051813));
#1287 = CARTESIAN_POINT('',(184.66832955381,58.472255108252,
    6.850992377616));
#1288 = CARTESIAN_POINT('',(185.12734472245,58.024170862889,
    6.92654276122));
#1289 = CARTESIAN_POINT('',(185.3095973911,57.772081666277,
    6.967212262342));
#1290 = CARTESIAN_POINT('',(185.57785106184,57.223995443332,
    7.049150334179));
#1291 = CARTESIAN_POINT('',(185.66414884163,56.932641531108,
    7.089815158744));
#1292 = CARTESIAN_POINT('',(185.70047597721,56.633041199115,
    7.128041213497));
#1293 = ORIENTED_EDGE('',*,*,#1294,.T.);
#1294 = EDGE_CURVE('',#1280,#1295,#1297,.T.);
#1295 = VERTEX_POINT('',#1296);
#1296 = CARTESIAN_POINT('',(192.28973908757,56.633041199122,
    7.128041213492));
#1297 = B_SPLINE_CURVE_WITH_KNOTS('',3,(#1298,#1299,#1300,#1301,#1302,
    #1303),.UNSPECIFIED.,.F.,.F.,(4,2,4),(2.355368445097,5.650000000274,
    8.944631555464),.UNSPECIFIED.);
#1298 = CARTESIAN_POINT('',(185.70047597721,56.633041199122,
    7.128041213496));
#1299 = CARTESIAN_POINT('',(186.7986864956,56.633041199122,
    7.128041213496));
#1300 = CARTESIAN_POINT('',(187.89689701399,56.633041199122,
    7.128041213495));
#1301 = CARTESIAN_POINT('',(190.09331805078,56.633041199122,
    7.128041213493));
#1302 = CARTESIAN_POINT('',(191.19152856918,56.633041199122,
    7.128041213493));
#1303 = CARTESIAN_POINT('',(192.28973908757,56.633041199122,
    7.128041213492));
#1304 = ORIENTED_EDGE('',*,*,#1305,.T.);
#1305 = EDGE_CURVE('',#1295,#1182,#1306,.T.);
#1306 = B_SPLINE_CURVE_WITH_KNOTS('',3,(#1307,#1308,#1309,#1310,#1311,
    #1312,#1313,#1314,#1315,#1316),.UNSPECIFIED.,.F.,.F.,(4,2,2,2,4),(
    5.086451728326E-02,1.100827039793,2.182809742523,3.001333422942,
    3.671316075522),.UNSPECIFIED.);
#1307 = CARTESIAN_POINT('',(192.28973908757,56.633041199122,
    7.128041213491));
#1308 = CARTESIAN_POINT('',(192.33149887632,56.977446183839,
    7.084098525861));
#1309 = CARTESIAN_POINT('',(192.43924951719,57.310579972298,
    7.036949205731));
#1310 = CARTESIAN_POINT('',(192.77997556866,57.927022123891,
    6.942914657542));
#1311 = CARTESIAN_POINT('',(193.01357397903,58.202903407844,
    6.897027660662));
#1312 = CARTESIAN_POINT('',(193.50739325243,58.593653204196,
    6.829277077764));
#1313 = CARTESIAN_POINT('',(193.74458639894,58.729233687169,
    6.804699922433));
#1314 = CARTESIAN_POINT('',(194.20637434125,58.907337406665,
    6.771966216574));
#1315 = CARTESIAN_POINT('',(194.42352778284,58.961542659046,
    6.761778678763));
#1316 = CARTESIAN_POINT('',(194.6451075326,58.988409643978,
    6.756728192007));
#1317 = ORIENTED_EDGE('',*,*,#1181,.T.);
#1318 = B_SPLINE_SURFACE_WITH_KNOTS('',3,3,(
    (#1319,#1320,#1321,#1322)
    ,(#1323,#1324,#1325,#1326)
    ,(#1327,#1328,#1329,#1330)
    ,(#1331,#1332,#1333,#1334
    )),.UNSPECIFIED.,.F.,.F.,.F.,(4,4),(4,4),(1.972689417987,
    2.24740578753),(-0.42084810788,-0.246456117095),
  .PIECEWISE_BEZIER_KNOTS.);
#1319 = CARTESIAN_POINT('',(194.64510753249,63.561765929531,
    5.617876111799));
#1320 = CARTESIAN_POINT('',(194.64510753254,61.309768710198,
    6.320173273057));
#1321 = CARTESIAN_POINT('',(194.6451075326,58.982633105137,
    6.828256402685));
#1322 = CARTESIAN_POINT('',(194.64510753266,56.633041199173,
    7.128041213484));
#1323 = CARTESIAN_POINT('',(190.87844086565,63.561765929444,
    5.617876111812));
#1324 = CARTESIAN_POINT('',(190.8784408657,61.309768710111,6.32017327307
    ));
#1325 = CARTESIAN_POINT('',(190.87844086575,58.98263310505,
    6.828256402698));
#1326 = CARTESIAN_POINT('',(190.87844086581,56.633041199086,
    7.128041213497));
#1327 = CARTESIAN_POINT('',(187.1117741988,63.561765929364,
    5.617876111826));
#1328 = CARTESIAN_POINT('',(187.11177419885,61.309768710031,
    6.320173273084));
#1329 = CARTESIAN_POINT('',(187.1117741989,58.98263310497,6.828256402711
    ));
#1330 = CARTESIAN_POINT('',(187.11177419896,56.633041199006,
    7.12804121351));
#1331 = CARTESIAN_POINT('',(183.34510753195,63.561765929277,
    5.617876111839));
#1332 = CARTESIAN_POINT('',(183.345107532,61.309768709943,6.320173273097
    ));
#1333 = CARTESIAN_POINT('',(183.34510753205,58.982633104883,
    6.828256402725));
#1334 = CARTESIAN_POINT('',(183.34510753211,56.633041198918,
    7.128041213524));
#1335 = ADVANCED_FACE('',(#1336),#1497,.T.);
#1336 = FACE_BOUND('',#1337,.T.);
#1337 = EDGE_LOOP('',(#1338,#1339,#1340,#1341,#1342,#1351,#1360,#1368,
    #1385,#1393,#1402,#1410,#1417,#1418,#1427,#1439,#1472,#1480,#1489,
    #1496));
#1338 = ORIENTED_EDGE('',*,*,#1190,.F.);
#1339 = ORIENTED_EDGE('',*,*,#1253,.T.);
#1340 = ORIENTED_EDGE('',*,*,#1229,.T.);
#1341 = ORIENTED_EDGE('',*,*,#954,.T.);
#1342 = ORIENTED_EDGE('',*,*,#1343,.F.);
#1343 = EDGE_CURVE('',#1344,#955,#1346,.T.);
#1344 = VERTEX_POINT('',#1345);
#1345 = CARTESIAN_POINT('',(197.65047597722,56.633041199115,
    4.170941870655));
#1346 = B_SPLINE_CURVE_WITH_KNOTS('',3,(#1347,#1348,#1349,#1350),
  .UNSPECIFIED.,.F.,.F.,(4,4),(-10.9,-7.942900657166),
  .PIECEWISE_BEZIER_KNOTS.);
#1347 = CARTESIAN_POINT('',(197.65047597722,56.633041199115,
    4.170941870655));
#1348 = CARTESIAN_POINT('',(197.65047597722,56.633041199115,
    5.156641651599));
#1349 = CARTESIAN_POINT('',(197.65047597722,56.633041199115,
    6.142341432544));
#1350 = CARTESIAN_POINT('',(197.65047597722,56.633041199115,
    7.128041213489));
#1351 = ORIENTED_EDGE('',*,*,#1352,.T.);
#1352 = EDGE_CURVE('',#1344,#1353,#1355,.T.);
#1353 = VERTEX_POINT('',#1354);
#1354 = CARTESIAN_POINT('',(197.65047597721,55.983041199113,
    4.170941870655));
#1355 = CIRCLE('',#1356,2.7);
#1356 = AXIS2_PLACEMENT_3D('',#1357,#1358,#1359);
#1357 = CARTESIAN_POINT('',(194.97010753239,56.308041199125,
    4.170941870655));
#1358 = DIRECTION('',(0.,0.,-1.));
#1359 = DIRECTION('',(0.,1.,0.));
#1360 = ORIENTED_EDGE('',*,*,#1361,.T.);
#1361 = EDGE_CURVE('',#1353,#1362,#1364,.T.);
#1362 = VERTEX_POINT('',#1363);
#1363 = CARTESIAN_POINT('',(197.65047597721,55.983041199113,
    7.205639346354));
#1364 = LINE('',#1365,#1366);
#1365 = CARTESIAN_POINT('',(197.65047597721,55.983041199113,
    3.420375094265E-12));
#1366 = VECTOR('',#1367,1.);
#1367 = DIRECTION('',(0.,0.,1.));
#1368 = ORIENTED_EDGE('',*,*,#1369,.T.);
#1369 = EDGE_CURVE('',#1362,#1370,#1372,.T.);
#1370 = VERTEX_POINT('',#1371);
#1371 = CARTESIAN_POINT('',(195.2951075324,53.627672754308,
    7.398129011412));
#1372 = B_SPLINE_CURVE_WITH_KNOTS('',3,(#1373,#1374,#1375,#1376,#1377,
    #1378,#1379,#1380,#1381,#1382,#1383,#1384),.UNSPECIFIED.,.F.,.F.,(4,
    2,2,2,2,4),(6.648133954517E-02,1.076441647726,2.079161179956,
    3.030879009385,3.445459672819,3.672860595445),.UNSPECIFIED.);
#1373 = CARTESIAN_POINT('',(197.65047597721,55.983041199113,
    7.205639346354));
#1374 = CARTESIAN_POINT('',(197.61024467224,55.651242059626,
    7.242531812305));
#1375 = CARTESIAN_POINT('',(197.50867820901,55.329114468346,
    7.27407275196));
#1376 = CARTESIAN_POINT('',(197.19289737924,54.739527694073,
    7.325590130556));
#1377 = CARTESIAN_POINT('',(196.98241113023,54.477171904357,
    7.34524434454));
#1378 = CARTESIAN_POINT('',(196.48875795606,54.053246285512,
    7.37411189033));
#1379 = CARTESIAN_POINT('',(196.21379139063,53.890645074069,
    7.383645094594));
#1380 = CARTESIAN_POINT('',(195.78745777009,53.731023639695,
    7.39261017865));
#1381 = CARTESIAN_POINT('',(195.65455678193,53.692584202465,
    7.394685268883));
#1382 = CARTESIAN_POINT('',(195.44509883247,53.649070434505,
    7.397005068105));
#1383 = CARTESIAN_POINT('',(195.37030388506,53.636790461489,
    7.397651255015));
#1384 = CARTESIAN_POINT('',(195.2951075324,53.627672754308,
    7.398129011412));
#1385 = ORIENTED_EDGE('',*,*,#1386,.T.);
#1386 = EDGE_CURVE('',#1370,#1387,#1389,.T.);
#1387 = VERTEX_POINT('',#1388);
#1388 = CARTESIAN_POINT('',(195.2951075324,53.627672754308,
    4.170941870655));
#1389 = LINE('',#1390,#1391);
#1390 = CARTESIAN_POINT('',(195.2951075324,53.627672754308,
    3.420375094265E-12));
#1391 = VECTOR('',#1392,1.);
#1392 = DIRECTION('',(0.,0.,-1.));
#1393 = ORIENTED_EDGE('',*,*,#1394,.T.);
#1394 = EDGE_CURVE('',#1387,#1395,#1397,.T.);
#1395 = VERTEX_POINT('',#1396);
#1396 = CARTESIAN_POINT('',(194.97010753239,53.608041199128,
    4.170941870655));
#1397 = CIRCLE('',#1398,2.7);
#1398 = AXIS2_PLACEMENT_3D('',#1399,#1400,#1401);
#1399 = CARTESIAN_POINT('',(194.97010753239,56.308041199125,
    4.170941870655));
#1400 = DIRECTION('',(0.,0.,-1.));
#1401 = DIRECTION('',(0.,1.,0.));
#1402 = ORIENTED_EDGE('',*,*,#1403,.T.);
#1403 = EDGE_CURVE('',#1395,#1404,#1406,.T.);
#1404 = VERTEX_POINT('',#1405);
#1405 = CARTESIAN_POINT('',(194.97010753239,53.608041199128,
    0.200000000003));
#1406 = LINE('',#1407,#1408);
#1407 = CARTESIAN_POINT('',(194.97010753239,53.608041199128,
    3.420375094265E-12));
#1408 = VECTOR('',#1409,1.);
#1409 = DIRECTION('',(0.,0.,-1.));
#1410 = ORIENTED_EDGE('',*,*,#1411,.F.);
#1411 = EDGE_CURVE('',#1404,#1404,#1412,.T.);
#1412 = CIRCLE('',#1413,2.7);
#1413 = AXIS2_PLACEMENT_3D('',#1414,#1415,#1416);
#1414 = CARTESIAN_POINT('',(194.97010753239,56.308041199125,
    0.200000000003));
#1415 = DIRECTION('',(0.,-3.061616997868E-16,-1.));
#1416 = DIRECTION('',(0.,1.,-3.061616997868E-16));
#1417 = ORIENTED_EDGE('',*,*,#1403,.F.);
#1418 = ORIENTED_EDGE('',*,*,#1419,.T.);
#1419 = EDGE_CURVE('',#1395,#1420,#1422,.T.);
#1420 = VERTEX_POINT('',#1421);
#1421 = CARTESIAN_POINT('',(194.6451075324,53.627672754308,
    4.170941870655));
#1422 = CIRCLE('',#1423,2.7);
#1423 = AXIS2_PLACEMENT_3D('',#1424,#1425,#1426);
#1424 = CARTESIAN_POINT('',(194.97010753239,56.308041199125,
    4.170941870655));
#1425 = DIRECTION('',(0.,0.,-1.));
#1426 = DIRECTION('',(0.,1.,0.));
#1427 = ORIENTED_EDGE('',*,*,#1428,.F.);
#1428 = EDGE_CURVE('',#1429,#1420,#1431,.T.);
#1429 = VERTEX_POINT('',#1430);
#1430 = CARTESIAN_POINT('',(194.6451075324,53.627674453572,7.39811238273
    ));
#1431 = B_SPLINE_CURVE_WITH_KNOTS('',3,(#1432,#1433,#1434,#1435,#1436,
    #1437,#1438),.UNSPECIFIED.,.F.,.F.,(4,3,4),(-2.827187140759,0.,0.4),
  .UNSPECIFIED.);
#1432 = CARTESIAN_POINT('',(194.6451075324,53.627672754301,
    7.398129011414));
#1433 = CARTESIAN_POINT('',(194.6451075324,53.627672754301,
    6.455733297828));
#1434 = CARTESIAN_POINT('',(194.6451075324,53.627672754301,
    5.513337584241));
#1435 = CARTESIAN_POINT('',(194.6451075324,53.627672754301,
    4.570941870655));
#1436 = CARTESIAN_POINT('',(194.6451075324,53.627672754301,
    4.437608537321));
#1437 = CARTESIAN_POINT('',(194.6451075324,53.627672754301,
    4.304275203988));
#1438 = CARTESIAN_POINT('',(194.6451075324,53.627672754301,
    4.170941870655));
#1439 = ORIENTED_EDGE('',*,*,#1440,.T.);
#1440 = EDGE_CURVE('',#1429,#1441,#1443,.T.);
#1441 = VERTEX_POINT('',#1442);
#1442 = CARTESIAN_POINT('',(192.28973908757,55.983041199113,
    7.205639346359));
#1443 = B_SPLINE_CURVE_WITH_KNOTS('',3,(#1444,#1445,#1446,#1447,#1448,
    #1449,#1450,#1451,#1452,#1453,#1454,#1455,#1456,#1457,#1458,#1459,
    #1460,#1461,#1462,#1463,#1464,#1465,#1466,#1467,#1468,#1469,#1470,
    #1471),.UNSPECIFIED.,.F.,.F.,(4,3,3,3,3,3,3,3,3,4),(0.113616892751,
    0.47110412997,0.928831265025,1.226447527314,1.826857216228,
    2.108952941923,2.620875694153,2.990909440496,3.426979314178,
    3.716824598725),.UNSPECIFIED.);
#1444 = CARTESIAN_POINT('',(194.6451075324,53.627675453918,
    7.398102593597));
#1445 = CARTESIAN_POINT('',(194.5268962893,53.642008884509,
    7.397351383078));
#1446 = CARTESIAN_POINT('',(194.40972406142,53.664151448862,
    7.396185433527));
#1447 = CARTESIAN_POINT('',(194.29436462644,53.693972116151,
    7.394573551305));
#1448 = CARTESIAN_POINT('',(194.14665825603,53.732154537291,
    7.392509695214));
#1449 = CARTESIAN_POINT('',(194.00264038928,53.782739530896,
    7.389725996029));
#1450 = CARTESIAN_POINT('',(193.86382466508,53.84509117126,
    7.386122151703));
#1451 = CARTESIAN_POINT('',(193.77356605068,53.885632491037,
    7.383778915753));
#1452 = CARTESIAN_POINT('',(193.68550672499,53.931148332446,
    7.381087731367));
#1453 = CARTESIAN_POINT('',(193.60006276365,53.981463383444,
    7.378009393246));
#1454 = CARTESIAN_POINT('',(193.42768850608,54.082968737638,
    7.371799167974));
#1455 = CARTESIAN_POINT('',(193.26744445479,54.203128400253,
    7.364069129626));
#1456 = CARTESIAN_POINT('',(193.12212650636,54.339549984662,
    7.354509575057));
#1457 = CARTESIAN_POINT('',(193.05385050603,54.40364612862,7.35001812608
    ));
#1458 = CARTESIAN_POINT('',(192.9888694195,54.471331881651,
    7.345122012863));
#1459 = CARTESIAN_POINT('',(192.92747322644,54.542357990972,
    7.339786681788));
#1460 = CARTESIAN_POINT('',(192.81605676293,54.671249987736,
    7.330104587663));
#1461 = CARTESIAN_POINT('',(192.7173433206,54.810100520149,
    7.319050906811));
#1462 = CARTESIAN_POINT('',(192.63246613139,54.956954867259,
    7.306501987039));
#1463 = CARTESIAN_POINT('',(192.57111424936,55.063105773799,
    7.29743123608));
#1464 = CARTESIAN_POINT('',(192.51699160161,55.173438379559,
    7.287579822622));
#1465 = CARTESIAN_POINT('',(192.47052617411,55.28721240937,
    7.276918354105));
#1466 = CARTESIAN_POINT('',(192.41576853427,55.421290533312,
    7.264354241717));
#1467 = CARTESIAN_POINT('',(192.37199945041,55.559278244759,
    7.250744564054));
#1468 = CARTESIAN_POINT('',(192.3395053761,55.699817761803,
    7.236120314412));
#1469 = CARTESIAN_POINT('',(192.31790733693,55.793231039734,
    7.22639992313));
#1470 = CARTESIAN_POINT('',(192.30129053503,55.88777167332,7.21623228443
    ));
#1471 = CARTESIAN_POINT('',(192.28973908757,55.983041199114,
    7.205639346359));
#1472 = ORIENTED_EDGE('',*,*,#1473,.T.);
#1473 = EDGE_CURVE('',#1441,#1474,#1476,.T.);
#1474 = VERTEX_POINT('',#1475);
#1475 = CARTESIAN_POINT('',(192.28973908757,55.983041199113,
    4.170941870655));
#1476 = LINE('',#1477,#1478);
#1477 = CARTESIAN_POINT('',(192.28973908757,55.983041199113,
    3.420375094265E-12));
#1478 = VECTOR('',#1479,1.);
#1479 = DIRECTION('',(0.,0.,-1.));
#1480 = ORIENTED_EDGE('',*,*,#1481,.T.);
#1481 = EDGE_CURVE('',#1474,#1482,#1484,.T.);
#1482 = VERTEX_POINT('',#1483);
#1483 = CARTESIAN_POINT('',(192.28973908757,56.633041199122,
    4.170941870655));
#1484 = CIRCLE('',#1485,2.7);
#1485 = AXIS2_PLACEMENT_3D('',#1486,#1487,#1488);
#1486 = CARTESIAN_POINT('',(194.97010753239,56.308041199125,
    4.170941870655));
#1487 = DIRECTION('',(0.,0.,-1.));
#1488 = DIRECTION('',(0.,1.,0.));
#1489 = ORIENTED_EDGE('',*,*,#1490,.F.);
#1490 = EDGE_CURVE('',#1295,#1482,#1491,.T.);
#1491 = B_SPLINE_CURVE_WITH_KNOTS('',3,(#1492,#1493,#1494,#1495),
  .UNSPECIFIED.,.F.,.F.,(4,4),(-116.5570993428,-113.5999999999),
  .PIECEWISE_BEZIER_KNOTS.);
#1492 = CARTESIAN_POINT('',(192.28973908757,56.633041199122,
    7.128041213492));
#1493 = CARTESIAN_POINT('',(192.28973908757,56.633041199122,
    6.142341432546));
#1494 = CARTESIAN_POINT('',(192.28973908757,56.633041199122,
    5.156641651601));
#1495 = CARTESIAN_POINT('',(192.28973908757,56.633041199122,
    4.170941870655));
#1496 = ORIENTED_EDGE('',*,*,#1305,.T.);
#1497 = CYLINDRICAL_SURFACE('',#1498,2.7);
#1498 = AXIS2_PLACEMENT_3D('',#1499,#1500,#1501);
#1499 = CARTESIAN_POINT('',(194.97010753239,56.308041199125,
    3.420375094265E-12));
#1500 = DIRECTION('',(0.,0.,1.));
#1501 = DIRECTION('',(0.,1.,0.));
#1502 = ADVANCED_FACE('',(#1503),#1521,.T.);
#1503 = FACE_BOUND('',#1504,.T.);
#1504 = EDGE_LOOP('',(#1505,#1506,#1507,#1515));
#1505 = ORIENTED_EDGE('',*,*,#1109,.F.);
#1506 = ORIENTED_EDGE('',*,*,#1270,.T.);
#1507 = ORIENTED_EDGE('',*,*,#1508,.F.);
#1508 = EDGE_CURVE('',#1509,#1271,#1511,.T.);
#1509 = VERTEX_POINT('',#1510);
#1510 = CARTESIAN_POINT('',(183.3451075324,58.988409643949,
    4.170941870655));
#1511 = LINE('',#1512,#1513);
#1512 = CARTESIAN_POINT('',(183.3451075324,58.988409643949,
    3.420375094265E-12));
#1513 = VECTOR('',#1514,1.);
#1514 = DIRECTION('',(0.,0.,1.));
#1515 = ORIENTED_EDGE('',*,*,#1516,.F.);
#1516 = EDGE_CURVE('',#1110,#1509,#1517,.T.);
#1517 = LINE('',#1518,#1519);
#1518 = CARTESIAN_POINT('',(183.3451075324,56.470541199116,
    4.170941870655));
#1519 = VECTOR('',#1520,1.);
#1520 = DIRECTION('',(0.,-1.,0.));
#1521 = PLANE('',#1522);
#1522 = AXIS2_PLACEMENT_3D('',#1523,#1524,#1525);
#1523 = CARTESIAN_POINT('',(183.3451075324,56.30804119911,6.070941870655
    ));
#1524 = DIRECTION('',(1.,0.,0.));
#1525 = DIRECTION('',(0.,-1.,0.));
#1526 = ADVANCED_FACE('',(#1527),#1546,.F.);
#1527 = FACE_BOUND('',#1528,.T.);
#1528 = EDGE_LOOP('',(#1529,#1530,#1531,#1540));
#1529 = ORIENTED_EDGE('',*,*,#1117,.F.);
#1530 = ORIENTED_EDGE('',*,*,#1516,.T.);
#1531 = ORIENTED_EDGE('',*,*,#1532,.F.);
#1532 = EDGE_CURVE('',#1533,#1509,#1535,.T.);
#1533 = VERTEX_POINT('',#1534);
#1534 = CARTESIAN_POINT('',(182.6951075324,58.988409643949,
    4.170941870655));
#1535 = CIRCLE('',#1536,2.7);
#1536 = AXIS2_PLACEMENT_3D('',#1537,#1538,#1539);
#1537 = CARTESIAN_POINT('',(183.02010753239,56.308041199125,
    4.170941870655));
#1538 = DIRECTION('',(0.,0.,-1.));
#1539 = DIRECTION('',(0.,1.,0.));
#1540 = ORIENTED_EDGE('',*,*,#1541,.F.);
#1541 = EDGE_CURVE('',#1118,#1533,#1542,.T.);
#1542 = LINE('',#1543,#1544);
#1543 = CARTESIAN_POINT('',(182.6951075324,56.470541199116,
    4.170941870655));
#1544 = VECTOR('',#1545,1.);
#1545 = DIRECTION('',(0.,-1.,0.));
#1546 = PLANE('',#1547);
#1547 = AXIS2_PLACEMENT_3D('',#1548,#1549,#1550);
#1548 = CARTESIAN_POINT('',(194.9701075324,56.633041199115,
    4.170941870655));
#1549 = DIRECTION('',(0.,0.,1.));
#1550 = DIRECTION('',(1.,0.,-0.));
#1551 = ADVANCED_FACE('',(#1552),#1571,.F.);
#1552 = FACE_BOUND('',#1553,.F.);
#1553 = EDGE_LOOP('',(#1554,#1563,#1569,#1570));
#1554 = ORIENTED_EDGE('',*,*,#1555,.F.);
#1555 = EDGE_CURVE('',#1556,#1126,#1558,.T.);
#1556 = VERTEX_POINT('',#1557);
#1557 = CARTESIAN_POINT('',(182.6951075325,58.988398215137,
    6.756691196242));
#1558 = B_SPLINE_CURVE_WITH_KNOTS('',3,(#1559,#1560,#1561,#1562),
  .UNSPECIFIED.,.F.,.F.,(4,4),(0.304964960219,0.420848107881),
  .PIECEWISE_BEZIER_KNOTS.);
#1559 = CARTESIAN_POINT('',(182.69510753256,58.988392092528,
    6.756671377093));
#1560 = CARTESIAN_POINT('',(182.69510753253,60.535748371869,
    6.465678965703));
#1561 = CARTESIAN_POINT('',(182.69510753249,62.065318041277,
    6.084551245668));
#1562 = CARTESIAN_POINT('',(182.69510753246,63.561765929335,
    5.617876111822));
#1563 = ORIENTED_EDGE('',*,*,#1564,.T.);
#1564 = EDGE_CURVE('',#1556,#1533,#1565,.T.);
#1565 = LINE('',#1566,#1567);
#1566 = CARTESIAN_POINT('',(182.6951075324,58.988409643949,
    3.420375094265E-12));
#1567 = VECTOR('',#1568,1.);
#1568 = DIRECTION('',(0.,0.,-1.));
#1569 = ORIENTED_EDGE('',*,*,#1541,.F.);
#1570 = ORIENTED_EDGE('',*,*,#1125,.T.);
#1571 = PLANE('',#1572);
#1572 = AXIS2_PLACEMENT_3D('',#1573,#1574,#1575);
#1573 = CARTESIAN_POINT('',(182.6951075324,56.30804119911,6.070941870655
    ));
#1574 = DIRECTION('',(1.,0.,0.));
#1575 = DIRECTION('',(0.,-1.,0.));
#1576 = ADVANCED_FACE('',(#1577),#1609,.F.);
#1577 = FACE_BOUND('',#1578,.F.);
#1578 = EDGE_LOOP('',(#1579,#1580,#1589,#1608));
#1579 = ORIENTED_EDGE('',*,*,#1133,.T.);
#1580 = ORIENTED_EDGE('',*,*,#1581,.T.);
#1581 = EDGE_CURVE('',#1134,#1582,#1584,.T.);
#1582 = VERTEX_POINT('',#1583);
#1583 = CARTESIAN_POINT('',(180.77900693138,57.813852640225,
    6.959667847653));
#1584 = B_SPLINE_CURVE_WITH_KNOTS('',3,(#1585,#1586,#1587,#1588),
  .UNSPECIFIED.,.F.,.F.,(4,4),(-6.103798543576,-0.188127991607),
  .PIECEWISE_BEZIER_KNOTS.);
#1585 = CARTESIAN_POINT('',(180.60684848432,63.561765929284,
    5.617876111831));
#1586 = CARTESIAN_POINT('',(180.74591125955,61.686695291668,
    6.202626738811));
#1587 = CARTESIAN_POINT('',(180.79036096194,59.761625215382,
    6.652590833654));
#1588 = CARTESIAN_POINT('',(180.77900693138,57.813852640218,
    6.95966784765));
#1589 = ORIENTED_EDGE('',*,*,#1590,.T.);
#1590 = EDGE_CURVE('',#1582,#1556,#1591,.T.);
#1591 = B_SPLINE_CURVE_WITH_KNOTS('',3,(#1592,#1593,#1594,#1595,#1596,
    #1597,#1598,#1599,#1600,#1601,#1602,#1603,#1604,#1605,#1606,#1607),
  .UNSPECIFIED.,.F.,.F.,(4,3,3,3,3,4),(0.220429959922,0.846707855872,
    1.389232687077,1.751689597636,2.186904387683,2.553742408526),
  .UNSPECIFIED.);
#1592 = CARTESIAN_POINT('',(180.77900693138,57.813852640222,
    6.959667847653));
#1593 = CARTESIAN_POINT('',(180.89420782753,57.985307503172,
    6.932637049488));
#1594 = CARTESIAN_POINT('',(181.02892831375,58.143306348819,
    6.906586303564));
#1595 = CARTESIAN_POINT('',(181.18072705348,58.284569758851,
    6.882599353144));
#1596 = CARTESIAN_POINT('',(181.31222544228,58.40694172879,
    6.861820225874));
#1597 = CARTESIAN_POINT('',(181.45553796631,58.51582111911,
    6.842754509993));
#1598 = CARTESIAN_POINT('',(181.60850185136,58.609634227772,
    6.826035249125));
#1599 = CARTESIAN_POINT('',(181.71069591515,58.672310086238,
    6.814865232026));
#1600 = CARTESIAN_POINT('',(181.81719784397,58.728261268913,
    6.804742039049));
#1601 = CARTESIAN_POINT('',(181.92736269463,58.777017833227,
    6.795840930821));
#1602 = CARTESIAN_POINT('',(182.0596415144,58.835561558794,
    6.785153056384));
#1603 = CARTESIAN_POINT('',(182.19630816658,58.883335282777,
    6.776301960294));
#1604 = CARTESIAN_POINT('',(182.33603855737,58.919930504565,
    6.769485130091));
#1605 = CARTESIAN_POINT('',(182.45381585076,58.950776236465,
    6.763739294799));
#1606 = CARTESIAN_POINT('',(182.57376981671,58.973679993507,
    6.759438102009));
#1607 = CARTESIAN_POINT('',(182.69510753256,58.988392092552,
    6.756671377089));
#1608 = ORIENTED_EDGE('',*,*,#1555,.T.);
#1609 = B_SPLINE_SURFACE_WITH_KNOTS('',3,3,(
    (#1610,#1611,#1612,#1613)
    ,(#1614,#1615,#1616,#1617)
    ,(#1618,#1619,#1620,#1621)
    ,(#1622,#1623,#1624,#1625
    )),.UNSPECIFIED.,.F.,.F.,.F.,(4,4),(4,4),(2.263208056562,
    2.313976104734),(-0.420848107881,-0.27572279582),
  .PIECEWISE_BEZIER_KNOTS.);
#1610 = CARTESIAN_POINT('',(182.69510753246,63.561765929335,
    5.617876111822));
#1611 = CARTESIAN_POINT('',(182.6951075325,61.687701657538,
    6.202312898334));
#1612 = CARTESIAN_POINT('',(182.69510753254,59.761690507599,
    6.652580539982));
#1613 = CARTESIAN_POINT('',(182.69510753258,57.813852640269,
    6.959667847646));
#1614 = CARTESIAN_POINT('',(181.99902118308,63.56176592932,
    5.617876111824));
#1615 = CARTESIAN_POINT('',(181.99902118312,61.687701657524,
    6.202312898337));
#1616 = CARTESIAN_POINT('',(181.99902118316,59.761690507585,
    6.652580539985));
#1617 = CARTESIAN_POINT('',(181.9990211832,57.813852640255,
    6.959667847648));
#1618 = CARTESIAN_POINT('',(181.3029348337,63.561765929306,
    5.617876111827));
#1619 = CARTESIAN_POINT('',(181.30293483374,61.687701657509,
    6.202312898339));
#1620 = CARTESIAN_POINT('',(181.30293483378,59.761690507563,
    6.652580539987));
#1621 = CARTESIAN_POINT('',(181.30293483383,57.813852640233,
    6.959667847651));
#1622 = CARTESIAN_POINT('',(180.60684848432,63.561765929291,
    5.617876111829));
#1623 = CARTESIAN_POINT('',(180.60684848436,61.687701657495,
    6.202312898342));
#1624 = CARTESIAN_POINT('',(180.6068484844,59.761690507548,
    6.652580539989));
#1625 = CARTESIAN_POINT('',(180.60684848445,57.813852640218,
    6.959667847653));
#1626 = ADVANCED_FACE('',(#1627),#1659,.F.);
#1627 = FACE_BOUND('',#1628,.F.);
#1628 = EDGE_LOOP('',(#1629,#1640,#1652));
#1629 = ORIENTED_EDGE('',*,*,#1630,.T.);
#1630 = EDGE_CURVE('',#1631,#1633,#1635,.T.);
#1631 = VERTEX_POINT('',#1632);
#1632 = CARTESIAN_POINT('',(209.60047597722,56.633041199115,
    4.170941870655));
#1633 = VERTEX_POINT('',#1634);
#1634 = CARTESIAN_POINT('',(210.37526477585,56.633041199115,
    4.170941870655));
#1635 = B_SPLINE_CURVE_WITH_KNOTS('',3,(#1636,#1637,#1638,#1639),
  .UNSPECIFIED.,.F.,.F.,(4,4),(-43.36963155517,-42.59484275654),
  .PIECEWISE_BEZIER_KNOTS.);
#1636 = CARTESIAN_POINT('',(209.60047597722,56.633041199115,
    4.170941870655));
#1637 = CARTESIAN_POINT('',(209.85873891009,56.633041199115,
    4.170941870655));
#1638 = CARTESIAN_POINT('',(210.11700184297,56.633041199115,
    4.170941870655));
#1639 = CARTESIAN_POINT('',(210.37526477585,56.633041199115,
    4.170941870655));
#1640 = ORIENTED_EDGE('',*,*,#1641,.T.);
#1641 = EDGE_CURVE('',#1633,#1642,#1644,.T.);
#1642 = VERTEX_POINT('',#1643);
#1643 = CARTESIAN_POINT('',(209.60047597722,56.633041199115,
    6.066771285884));
#1644 = B_SPLINE_CURVE_WITH_KNOTS('',3,(#1645,#1646,#1647,#1648,#1649,
    #1650,#1651),.UNSPECIFIED.,.F.,.F.,(4,3,4),(-2.04741944723,
    -1.614874140915,0.),.UNSPECIFIED.);
#1645 = CARTESIAN_POINT('',(210.37508334325,56.633103880005,
    4.171001819081));
#1646 = CARTESIAN_POINT('',(210.31998989565,56.633102908418,
    4.304329417203));
#1647 = CARTESIAN_POINT('',(210.26501218506,56.633101528932,
    4.437670919484));
#1648 = CARTESIAN_POINT('',(210.21016151218,56.633099807346,
    4.571008210985));
#1649 = CARTESIAN_POINT('',(210.00538080609,56.633093379933,
    5.068812581811));
#1650 = CARTESIAN_POINT('',(209.80188363068,56.633081731197,
    5.567743214363));
#1651 = CARTESIAN_POINT('',(209.60027861651,56.633071914868,
    6.066862013617));
#1652 = ORIENTED_EDGE('',*,*,#1653,.F.);
#1653 = EDGE_CURVE('',#1631,#1642,#1654,.T.);
#1654 = B_SPLINE_CURVE_WITH_KNOTS('',3,(#1655,#1656,#1657,#1658),
  .UNSPECIFIED.,.F.,.F.,(4,4),(-10.9,-9.004170584771),
  .PIECEWISE_BEZIER_KNOTS.);
#1655 = CARTESIAN_POINT('',(209.60047597722,56.633041199115,
    4.170941870655));
#1656 = CARTESIAN_POINT('',(209.60047597722,56.633041199115,
    4.802885009065));
#1657 = CARTESIAN_POINT('',(209.60047597722,56.633041199115,
    5.434828147474));
#1658 = CARTESIAN_POINT('',(209.60047597722,56.633041199115,
    6.066771285884));
#1659 = B_SPLINE_SURFACE_WITH_KNOTS('',1,1,(
    (#1660,#1661,#1662,#1663)
    ,(#1664,#1665,#1666,#1667)
    ,(#1668,#1669,#1670,#1671
    )),.UNSPECIFIED.,.F.,.F.,.F.,(2,1,2),(2,1,1,2),(2.025046796916E-13,
    18.,66.999999999999),(-1.5,0.,3.,10.5),.UNSPECIFIED.);
#1660 = CARTESIAN_POINT('',(185.9701075324,56.633041199122,
    3.070941870655));
#1661 = CARTESIAN_POINT('',(185.9701075324,56.633041199122,
    4.570941870655));
#1662 = CARTESIAN_POINT('',(185.9701075324,56.633041199122,
    7.570941870655));
#1663 = CARTESIAN_POINT('',(185.9701075324,56.633041199122,
    15.070941870655));
#1664 = CARTESIAN_POINT('',(203.9701075324,56.633041199115,
    3.070941870655));
#1665 = CARTESIAN_POINT('',(203.9701075324,56.633041199115,
    4.570941870655));
#1666 = CARTESIAN_POINT('',(203.9701075324,56.633041199115,
    7.570941870655));
#1667 = CARTESIAN_POINT('',(203.9701075324,56.633041199115,
    15.070941870655));
#1668 = CARTESIAN_POINT('',(252.9701075324,56.633041199093,
    3.070941870655));
#1669 = CARTESIAN_POINT('',(252.9701075324,56.633041199093,
    4.570941870655));
#1670 = CARTESIAN_POINT('',(252.9701075324,56.633041199093,
    7.570941870655));
#1671 = CARTESIAN_POINT('',(252.9701075324,56.633041199093,
    15.070941870655));
#1672 = ADVANCED_FACE('',(#1673),#1700,.F.);
#1673 = FACE_BOUND('',#1674,.T.);
#1674 = EDGE_LOOP('',(#1675,#1684,#1685,#1694));
#1675 = ORIENTED_EDGE('',*,*,#1676,.F.);
#1676 = EDGE_CURVE('',#1631,#1677,#1679,.T.);
#1677 = VERTEX_POINT('',#1678);
#1678 = CARTESIAN_POINT('',(209.60047597721,55.983041199106,
    4.170941870655));
#1679 = CIRCLE('',#1680,2.7);
#1680 = AXIS2_PLACEMENT_3D('',#1681,#1682,#1683);
#1681 = CARTESIAN_POINT('',(206.92010753239,56.308041199125,
    4.170941870655));
#1682 = DIRECTION('',(0.,0.,-1.));
#1683 = DIRECTION('',(0.,1.,0.));
#1684 = ORIENTED_EDGE('',*,*,#1630,.T.);
#1685 = ORIENTED_EDGE('',*,*,#1686,.F.);
#1686 = EDGE_CURVE('',#1687,#1633,#1689,.T.);
#1687 = VERTEX_POINT('',#1688);
#1688 = CARTESIAN_POINT('',(210.40023363366,55.983041199106,
    4.170941870655));
#1689 = B_SPLINE_CURVE_WITH_KNOTS('',3,(#1690,#1691,#1692,#1693),
  .UNSPECIFIED.,.F.,.F.,(4,4),(-8.225431394093,-7.579122787295),
  .PIECEWISE_BEZIER_KNOTS.);
#1690 = CARTESIAN_POINT('',(210.40006500712,55.983101053192,
    4.170996460507));
#1691 = CARTESIAN_POINT('',(210.3918511204,56.200111890081,
    4.170999105487));
#1692 = CARTESIAN_POINT('',(210.38352454746,56.416811443494,
    4.171000664398));
#1693 = CARTESIAN_POINT('',(210.37508334325,56.633103880005,
    4.171001819081));
#1694 = ORIENTED_EDGE('',*,*,#1695,.F.);
#1695 = EDGE_CURVE('',#1677,#1687,#1696,.T.);
#1696 = LINE('',#1697,#1698);
#1697 = CARTESIAN_POINT('',(194.9701075324,55.983041199113,
    4.170941870655));
#1698 = VECTOR('',#1699,1.);
#1699 = DIRECTION('',(1.,-4.042198674546E-13,0.));
#1700 = PLANE('',#1701);
#1701 = AXIS2_PLACEMENT_3D('',#1702,#1703,#1704);
#1702 = CARTESIAN_POINT('',(194.9701075324,56.633041199115,
    4.170941870655));
#1703 = DIRECTION('',(0.,0.,1.));
#1704 = DIRECTION('',(1.,0.,-0.));
#1705 = ADVANCED_FACE('',(#1706),#1727,.T.);
#1706 = FACE_BOUND('',#1707,.T.);
#1707 = EDGE_LOOP('',(#1708,#1716,#1717));
#1708 = ORIENTED_EDGE('',*,*,#1709,.F.);
#1709 = EDGE_CURVE('',#1677,#1710,#1712,.T.);
#1710 = VERTEX_POINT('',#1711);
#1711 = CARTESIAN_POINT('',(209.60047597721,55.983041199106,
    6.158649571048));
#1712 = LINE('',#1713,#1714);
#1713 = CARTESIAN_POINT('',(209.60047597721,55.983041199106,
    3.420375094265E-12));
#1714 = VECTOR('',#1715,1.);
#1715 = DIRECTION('',(0.,0.,1.));
#1716 = ORIENTED_EDGE('',*,*,#1695,.T.);
#1717 = ORIENTED_EDGE('',*,*,#1718,.F.);
#1718 = EDGE_CURVE('',#1710,#1687,#1719,.T.);
#1719 = B_SPLINE_CURVE_WITH_KNOTS('',3,(#1720,#1721,#1722,#1723,#1724,
    #1725,#1726),.UNSPECIFIED.,.F.,.F.,(4,3,4),(-1.764042191307,
    -5.395365670611E-02,0.377666306271),.UNSPECIFIED.);
#1720 = CARTESIAN_POINT('',(209.60029859252,55.983069800975,
    6.158731194332));
#1721 = CARTESIAN_POINT('',(209.81070977731,55.983079747268,
    5.628880396544));
#1722 = CARTESIAN_POINT('',(210.02333402421,55.983091464244,
    5.09931464582));
#1723 = CARTESIAN_POINT('',(210.23751238884,55.983097514691,
    4.571001876621));
#1724 = CARTESIAN_POINT('',(210.29157020862,55.983099041798,
    4.43765770568));
#1725 = CARTESIAN_POINT('',(210.3457578638,55.983100239791,
    4.304317250328));
#1726 = CARTESIAN_POINT('',(210.40006500712,55.9831010532,4.170996460508
    ));
#1727 = PLANE('',#1728);
#1728 = AXIS2_PLACEMENT_3D('',#1729,#1730,#1731);
#1729 = CARTESIAN_POINT('',(194.9701075324,55.983041199113,
    6.070941870655));
#1730 = DIRECTION('',(-4.042198674546E-13,-1.,0.));
#1731 = DIRECTION('',(-0.,0.,-1.));
#1732 = ADVANCED_FACE('',(#1733),#1887,.T.);
#1733 = FACE_BOUND('',#1734,.T.);
#1734 = EDGE_LOOP('',(#1735,#1736,#1737,#1748,#1749,#1750,#1751,#1764,
    #1777,#1785,#1794,#1802,#1809,#1810,#1819,#1827,#1860,#1868,#1877,
    #1884,#1885,#1886));
#1735 = ORIENTED_EDGE('',*,*,#919,.T.);
#1736 = ORIENTED_EDGE('',*,*,#1014,.T.);
#1737 = ORIENTED_EDGE('',*,*,#1738,.T.);
#1738 = EDGE_CURVE('',#1015,#1642,#1739,.T.);
#1739 = B_SPLINE_CURVE_WITH_KNOTS('',3,(#1740,#1741,#1742,#1743,#1744,
    #1745,#1746,#1747),.UNSPECIFIED.,.F.,.F.,(4,2,2,4),(0.569624079153,
    1.432804309985,2.312041748454,2.640654721499),.UNSPECIFIED.);
#1740 = CARTESIAN_POINT('',(209.16120813342,57.813852640203,
    6.959667847657));
#1741 = CARTESIAN_POINT('',(209.25214502792,57.678511173573,
    6.762047168851));
#1742 = CARTESIAN_POINT('',(209.33050703394,57.535377073058,
    6.594531346234));
#1743 = CARTESIAN_POINT('',(209.46145903076,57.234810977985,
    6.321527809875));
#1744 = CARTESIAN_POINT('',(209.5214391623,57.058944872493,6.20068985515
    ));
#1745 = CARTESIAN_POINT('',(209.57828456969,56.787407080374,
    6.099735089705));
#1746 = CARTESIAN_POINT('',(209.59099369074,56.711244342106,
    6.07918522383));
#1747 = CARTESIAN_POINT('',(209.60047597722,56.633041199115,
    6.066771285885));
#1748 = ORIENTED_EDGE('',*,*,#1653,.F.);
#1749 = ORIENTED_EDGE('',*,*,#1676,.T.);
#1750 = ORIENTED_EDGE('',*,*,#1709,.T.);
#1751 = ORIENTED_EDGE('',*,*,#1752,.T.);
#1752 = EDGE_CURVE('',#1710,#1753,#1755,.T.);
#1753 = VERTEX_POINT('',#1754);
#1754 = CARTESIAN_POINT('',(209.21756147256,54.889695193102,
    7.312211272907));
#1755 = B_SPLINE_CURVE_WITH_KNOTS('',3,(#1756,#1757,#1758,#1759,#1760,
    #1761,#1762,#1763),.UNSPECIFIED.,.F.,.F.,(4,2,2,4),(3.555699686414,
    3.648808233456,4.704491659977,5.798374859244),.UNSPECIFIED.);
#1756 = CARTESIAN_POINT('',(209.60047597721,55.983041199106,
    6.158649571053));
#1757 = CARTESIAN_POINT('',(209.59798027974,55.962458464521,
    6.167841548638));
#1758 = CARTESIAN_POINT('',(209.59527054827,55.942094558421,
    6.177552301708));
#1759 = CARTESIAN_POINT('',(209.55936771191,55.693597604601,
    6.303358995555));
#1760 = CARTESIAN_POINT('',(209.50116900048,55.496128835323,
    6.480186627956));
#1761 = CARTESIAN_POINT('',(209.37137102086,55.161447441911,
    6.865466149681));
#1762 = CARTESIAN_POINT('',(209.29456753176,55.014430535084,
    7.088815261911));
#1763 = CARTESIAN_POINT('',(209.21756147256,54.889695193102,
    7.312211272907));
#1764 = ORIENTED_EDGE('',*,*,#1765,.T.);
#1765 = EDGE_CURVE('',#1753,#1766,#1768,.T.);
#1766 = VERTEX_POINT('',#1767);
#1767 = CARTESIAN_POINT('',(207.2451075324,53.627672754308,
    7.398129011384));
#1768 = B_SPLINE_CURVE_WITH_KNOTS('',3,(#1769,#1770,#1771,#1772,#1773,
    #1774,#1775,#1776),.UNSPECIFIED.,.F.,.F.,(4,2,2,4),(0.355029650724,
    1.014816189448,1.900536149445,2.785624953055),.UNSPECIFIED.);
#1769 = CARTESIAN_POINT('',(209.21756147256,54.889695193102,
    7.312211272907));
#1770 = CARTESIAN_POINT('',(209.10280353716,54.703808907434,
    7.32778732892));
#1771 = CARTESIAN_POINT('',(208.96560200483,54.532036768753,
    7.340879066695));
#1772 = CARTESIAN_POINT('',(208.59791504591,54.172181761132,
    7.366446774901));
#1773 = CARTESIAN_POINT('',(208.35472842001,54.001756145306,
    7.37699372403));
#1774 = CARTESIAN_POINT('',(207.82284972085,53.746397135263,
    7.391935364979));
#1775 = CARTESIAN_POINT('',(207.53786065624,53.663169652289,
    7.39626901854));
#1776 = CARTESIAN_POINT('',(207.2451075324,53.627672754301,
    7.398129011384));
#1777 = ORIENTED_EDGE('',*,*,#1778,.T.);
#1778 = EDGE_CURVE('',#1766,#1779,#1781,.T.);
#1779 = VERTEX_POINT('',#1780);
#1780 = CARTESIAN_POINT('',(207.2451075324,53.627672754308,
    4.170941870655));
#1781 = LINE('',#1782,#1783);
#1782 = CARTESIAN_POINT('',(207.2451075324,53.627672754308,
    3.420375094265E-12));
#1783 = VECTOR('',#1784,1.);
#1784 = DIRECTION('',(0.,0.,-1.));
#1785 = ORIENTED_EDGE('',*,*,#1786,.T.);
#1786 = EDGE_CURVE('',#1779,#1787,#1789,.T.);
#1787 = VERTEX_POINT('',#1788);
#1788 = CARTESIAN_POINT('',(206.92010753239,53.608041199128,
    4.170941870655));
#1789 = CIRCLE('',#1790,2.7);
#1790 = AXIS2_PLACEMENT_3D('',#1791,#1792,#1793);
#1791 = CARTESIAN_POINT('',(206.92010753239,56.308041199125,
    4.170941870655));
#1792 = DIRECTION('',(0.,0.,-1.));
#1793 = DIRECTION('',(0.,1.,0.));
#1794 = ORIENTED_EDGE('',*,*,#1795,.T.);
#1795 = EDGE_CURVE('',#1787,#1796,#1798,.T.);
#1796 = VERTEX_POINT('',#1797);
#1797 = CARTESIAN_POINT('',(206.92010753239,53.608041199128,
    0.200000000003));
#1798 = LINE('',#1799,#1800);
#1799 = CARTESIAN_POINT('',(206.92010753239,53.608041199128,
    3.420375094265E-12));
#1800 = VECTOR('',#1801,1.);
#1801 = DIRECTION('',(0.,0.,-1.));
#1802 = ORIENTED_EDGE('',*,*,#1803,.F.);
#1803 = EDGE_CURVE('',#1796,#1796,#1804,.T.);
#1804 = CIRCLE('',#1805,2.7);
#1805 = AXIS2_PLACEMENT_3D('',#1806,#1807,#1808);
#1806 = CARTESIAN_POINT('',(206.92010753239,56.308041199125,
    0.200000000003));
#1807 = DIRECTION('',(0.,-3.061616997868E-16,-1.));
#1808 = DIRECTION('',(0.,1.,-3.061616997868E-16));
#1809 = ORIENTED_EDGE('',*,*,#1795,.F.);
#1810 = ORIENTED_EDGE('',*,*,#1811,.T.);
#1811 = EDGE_CURVE('',#1787,#1812,#1814,.T.);
#1812 = VERTEX_POINT('',#1813);
#1813 = CARTESIAN_POINT('',(206.5951075324,53.627672754308,
    4.170941870655));
#1814 = CIRCLE('',#1815,2.7);
#1815 = AXIS2_PLACEMENT_3D('',#1816,#1817,#1818);
#1816 = CARTESIAN_POINT('',(206.92010753239,56.308041199125,
    4.170941870655));
#1817 = DIRECTION('',(0.,0.,-1.));
#1818 = DIRECTION('',(0.,1.,0.));
#1819 = ORIENTED_EDGE('',*,*,#1820,.T.);
#1820 = EDGE_CURVE('',#1812,#1821,#1823,.T.);
#1821 = VERTEX_POINT('',#1822);
#1822 = CARTESIAN_POINT('',(206.5951075324,53.627674453572,
    7.398112382701));
#1823 = LINE('',#1824,#1825);
#1824 = CARTESIAN_POINT('',(206.5951075324,53.627672754308,
    3.420375094265E-12));
#1825 = VECTOR('',#1826,1.);
#1826 = DIRECTION('',(0.,0.,1.));
#1827 = ORIENTED_EDGE('',*,*,#1828,.T.);
#1828 = EDGE_CURVE('',#1821,#1829,#1831,.T.);
#1829 = VERTEX_POINT('',#1830);
#1830 = CARTESIAN_POINT('',(204.23973908757,55.983041199106,
    7.205639346347));
#1831 = B_SPLINE_CURVE_WITH_KNOTS('',3,(#1832,#1833,#1834,#1835,#1836,
    #1837,#1838,#1839,#1840,#1841,#1842,#1843,#1844,#1845,#1846,#1847,
    #1848,#1849,#1850,#1851,#1852,#1853,#1854,#1855,#1856,#1857,#1858,
    #1859),.UNSPECIFIED.,.F.,.F.,(4,3,3,3,3,3,3,3,3,4),(0.113616893101,
    0.47110412983,0.928831264825,1.226447526744,1.826857215088,
    2.108952940757,2.620875693181,2.990909440198,3.426979313892,
    3.716824599073),.UNSPECIFIED.);
#1832 = CARTESIAN_POINT('',(206.5951075324,53.627675453915,
    7.398102593568));
#1833 = CARTESIAN_POINT('',(206.47689628947,53.642008884487,
    7.397351383051));
#1834 = CARTESIAN_POINT('',(206.35972406174,53.664151448798,
    7.396185433502));
#1835 = CARTESIAN_POINT('',(206.24436462692,53.693972116026,
    7.394573551283));
#1836 = CARTESIAN_POINT('',(206.09665825652,53.732154537134,
    7.392509695195));
#1837 = CARTESIAN_POINT('',(205.95264038978,53.782739530704,
    7.389725996012));
#1838 = CARTESIAN_POINT('',(205.81382466558,53.845091171033,
    7.386122151689));
#1839 = CARTESIAN_POINT('',(205.72356605128,53.885632490741,
    7.383778915744));
#1840 = CARTESIAN_POINT('',(205.6355067257,53.931148332069,
    7.381087731363));
#1841 = CARTESIAN_POINT('',(205.55006276444,53.981463382976,
    7.378009393249));
#1842 = CARTESIAN_POINT('',(205.377688507,54.082968737016,7.371799167988
    ));
#1843 = CARTESIAN_POINT('',(205.21744445581,54.203128399446,
    7.364069129655));
#1844 = CARTESIAN_POINT('',(205.07212650744,54.339549983647,
    7.354509575105));
#1845 = CARTESIAN_POINT('',(205.00385050708,54.403646127562,
    7.350018126132));
#1846 = CARTESIAN_POINT('',(204.93886942052,54.471331880551,
    7.345122012921));
#1847 = CARTESIAN_POINT('',(204.87747322743,54.542357989831,
    7.339786681851));
#1848 = CARTESIAN_POINT('',(204.76605676381,54.671249986583,
    7.330104587732));
#1849 = CARTESIAN_POINT('',(204.66734332136,54.810100518998,
    7.319050906885));
#1850 = CARTESIAN_POINT('',(204.58246613205,54.956954866122,
    7.306501987117));
#1851 = CARTESIAN_POINT('',(204.52111424985,55.063105772826,
    7.297431236147));
#1852 = CARTESIAN_POINT('',(204.46699160197,55.173438378768,
    7.287579822677));
#1853 = CARTESIAN_POINT('',(204.42052617436,55.287212408776,
    7.276918354143));
#1854 = CARTESIAN_POINT('',(204.36576853448,55.421290532709,
    7.26435424176));
#1855 = CARTESIAN_POINT('',(204.32199945059,55.559278244151,
    7.250744564099));
#1856 = CARTESIAN_POINT('',(204.28950537625,55.699817761191,
    7.236120314462));
#1857 = CARTESIAN_POINT('',(204.26790733701,55.793231039321,
    7.226399923161));
#1858 = CARTESIAN_POINT('',(204.25129053506,55.887771673111,
    7.216232284441));
#1859 = CARTESIAN_POINT('',(204.23973908758,55.983041199114,
    7.205639346347));
#1860 = ORIENTED_EDGE('',*,*,#1861,.T.);
#1861 = EDGE_CURVE('',#1829,#1862,#1864,.T.);
#1862 = VERTEX_POINT('',#1863);
#1863 = CARTESIAN_POINT('',(204.23973908757,55.983041199106,
    4.170941870655));
#1864 = LINE('',#1865,#1866);
#1865 = CARTESIAN_POINT('',(204.23973908757,55.983041199106,
    3.420375094265E-12));
#1866 = VECTOR('',#1867,1.);
#1867 = DIRECTION('',(0.,0.,-1.));
#1868 = ORIENTED_EDGE('',*,*,#1869,.T.);
#1869 = EDGE_CURVE('',#1862,#1870,#1872,.T.);
#1870 = VERTEX_POINT('',#1871);
#1871 = CARTESIAN_POINT('',(204.23973908757,56.633041199115,
    4.170941870655));
#1872 = CIRCLE('',#1873,2.7);
#1873 = AXIS2_PLACEMENT_3D('',#1874,#1875,#1876);
#1874 = CARTESIAN_POINT('',(206.92010753239,56.308041199125,
    4.170941870655));
#1875 = DIRECTION('',(0.,0.,-1.));
#1876 = DIRECTION('',(0.,1.,0.));
#1877 = ORIENTED_EDGE('',*,*,#1878,.F.);
#1878 = EDGE_CURVE('',#970,#1870,#1879,.T.);
#1879 = B_SPLINE_CURVE_WITH_KNOTS('',3,(#1880,#1881,#1882,#1883),
  .UNSPECIFIED.,.F.,.F.,(4,4),(-4.05709934283,-1.1),
  .PIECEWISE_BEZIER_KNOTS.);
#1880 = CARTESIAN_POINT('',(204.23973908757,56.633041199115,
    7.128041213484));
#1881 = CARTESIAN_POINT('',(204.23973908757,56.633041199115,
    6.142341432541));
#1882 = CARTESIAN_POINT('',(204.23973908757,56.633041199115,
    5.156641651598));
#1883 = CARTESIAN_POINT('',(204.23973908757,56.633041199115,
    4.170941870655));
#1884 = ORIENTED_EDGE('',*,*,#980,.T.);
#1885 = ORIENTED_EDGE('',*,*,#840,.T.);
#1886 = ORIENTED_EDGE('',*,*,#886,.T.);
#1887 = CYLINDRICAL_SURFACE('',#1888,2.7);
#1888 = AXIS2_PLACEMENT_3D('',#1889,#1890,#1891);
#1889 = CARTESIAN_POINT('',(206.92010753239,56.308041199125,
    3.420375094265E-12));
#1890 = DIRECTION('',(0.,0.,1.));
#1891 = DIRECTION('',(0.,1.,0.));
#1892 = ADVANCED_FACE('',(#1893),#1912,.T.);
#1893 = FACE_BOUND('',#1894,.T.);
#1894 = EDGE_LOOP('',(#1895,#1896,#1902,#1903));
#1895 = ORIENTED_EDGE('',*,*,#1361,.F.);
#1896 = ORIENTED_EDGE('',*,*,#1897,.T.);
#1897 = EDGE_CURVE('',#1353,#1862,#1898,.T.);
#1898 = LINE('',#1899,#1900);
#1899 = CARTESIAN_POINT('',(194.9701075324,55.983041199113,
    4.170941870655));
#1900 = VECTOR('',#1901,1.);
#1901 = DIRECTION('',(1.,-4.042198674546E-13,0.));
#1902 = ORIENTED_EDGE('',*,*,#1861,.F.);
#1903 = ORIENTED_EDGE('',*,*,#1904,.T.);
#1904 = EDGE_CURVE('',#1829,#1362,#1905,.T.);
#1905 = B_SPLINE_CURVE_WITH_KNOTS('',3,(#1906,#1907,#1908,#1909,#1910,
    #1911),.UNSPECIFIED.,.F.,.F.,(4,2,4),(2.468368445378,5.76300000053,
    9.057631555738),.UNSPECIFIED.);
#1906 = CARTESIAN_POINT('',(204.23973908757,55.983041199106,
    7.205639346347));
#1907 = CARTESIAN_POINT('',(203.14152856919,55.983041199113,
    7.205639346348));
#1908 = CARTESIAN_POINT('',(202.0433180508,55.983041199113,
    7.205639346349));
#1909 = CARTESIAN_POINT('',(199.84689701402,55.983041199113,
    7.205639346351));
#1910 = CARTESIAN_POINT('',(198.74868649561,55.983041199113,
    7.205639346352));
#1911 = CARTESIAN_POINT('',(197.65047597721,55.983041199113,
    7.205639346354));
#1912 = PLANE('',#1913);
#1913 = AXIS2_PLACEMENT_3D('',#1914,#1915,#1916);
#1914 = CARTESIAN_POINT('',(194.9701075324,55.983041199113,
    6.070941870655));
#1915 = DIRECTION('',(-4.042198674546E-13,-1.,0.));
#1916 = DIRECTION('',(-0.,0.,-1.));
#1917 = ADVANCED_FACE('',(#1918),#1930,.F.);
#1918 = FACE_BOUND('',#1919,.T.);
#1919 = EDGE_LOOP('',(#1920,#1921,#1928,#1929));
#1920 = ORIENTED_EDGE('',*,*,#1352,.F.);
#1921 = ORIENTED_EDGE('',*,*,#1922,.T.);
#1922 = EDGE_CURVE('',#1344,#1870,#1923,.T.);
#1923 = B_SPLINE_CURVE_WITH_KNOTS('',3,(#1924,#1925,#1926,#1927),
  .UNSPECIFIED.,.F.,.F.,(4,4),(-55.31963155518,-48.73036844482),
  .PIECEWISE_BEZIER_KNOTS.);
#1924 = CARTESIAN_POINT('',(197.65047597722,56.633041199115,
    4.170941870655));
#1925 = CARTESIAN_POINT('',(199.846897014,56.633041199115,4.170941870655
    ));
#1926 = CARTESIAN_POINT('',(202.04331805079,56.633041199115,
    4.170941870655));
#1927 = CARTESIAN_POINT('',(204.23973908757,56.633041199115,
    4.170941870655));
#1928 = ORIENTED_EDGE('',*,*,#1869,.F.);
#1929 = ORIENTED_EDGE('',*,*,#1897,.F.);
#1930 = PLANE('',#1931);
#1931 = AXIS2_PLACEMENT_3D('',#1932,#1933,#1934);
#1932 = CARTESIAN_POINT('',(194.9701075324,56.633041199115,
    4.170941870655));
#1933 = DIRECTION('',(0.,0.,1.));
#1934 = DIRECTION('',(1.,0.,-0.));
#1935 = ADVANCED_FACE('',(#1936),#1942,.F.);
#1936 = FACE_BOUND('',#1937,.F.);
#1937 = EDGE_LOOP('',(#1938,#1939,#1940,#1941));
#1938 = ORIENTED_EDGE('',*,*,#1922,.T.);
#1939 = ORIENTED_EDGE('',*,*,#1878,.F.);
#1940 = ORIENTED_EDGE('',*,*,#969,.F.);
#1941 = ORIENTED_EDGE('',*,*,#1343,.F.);
#1942 = B_SPLINE_SURFACE_WITH_KNOTS('',1,1,(
    (#1943,#1944,#1945,#1946)
    ,(#1947,#1948,#1949,#1950)
    ,(#1951,#1952,#1953,#1954
    )),.UNSPECIFIED.,.F.,.F.,.F.,(2,1,2),(2,1,1,2),(2.025046796916E-13,
    18.,66.999999999999),(-1.5,0.,3.,10.5),.UNSPECIFIED.);
#1943 = CARTESIAN_POINT('',(185.9701075324,56.633041199122,
    3.070941870655));
#1944 = CARTESIAN_POINT('',(185.9701075324,56.633041199122,
    4.570941870655));
#1945 = CARTESIAN_POINT('',(185.9701075324,56.633041199122,
    7.570941870655));
#1946 = CARTESIAN_POINT('',(185.9701075324,56.633041199122,
    15.070941870655));
#1947 = CARTESIAN_POINT('',(203.9701075324,56.633041199115,
    3.070941870655));
#1948 = CARTESIAN_POINT('',(203.9701075324,56.633041199115,
    4.570941870655));
#1949 = CARTESIAN_POINT('',(203.9701075324,56.633041199115,
    7.570941870655));
#1950 = CARTESIAN_POINT('',(203.9701075324,56.633041199115,
    15.070941870655));
#1951 = CARTESIAN_POINT('',(252.9701075324,56.633041199093,
    3.070941870655));
#1952 = CARTESIAN_POINT('',(252.9701075324,56.633041199093,
    4.570941870655));
#1953 = CARTESIAN_POINT('',(252.9701075324,56.633041199093,
    7.570941870655));
#1954 = CARTESIAN_POINT('',(252.9701075324,56.633041199093,
    15.070941870655));
#1955 = ADVANCED_FACE('',(#1956),#1976,.F.);
#1956 = FACE_BOUND('',#1957,.F.);
#1957 = EDGE_LOOP('',(#1958,#1967,#1968,#1969));
#1958 = ORIENTED_EDGE('',*,*,#1959,.T.);
#1959 = EDGE_CURVE('',#1960,#1482,#1962,.T.);
#1960 = VERTEX_POINT('',#1961);
#1961 = CARTESIAN_POINT('',(185.70047597722,56.633041199122,
    4.170941870655));
#1962 = B_SPLINE_CURVE_WITH_KNOTS('',3,(#1963,#1964,#1965,#1966),
  .UNSPECIFIED.,.F.,.F.,(4,4),(-18.26963155518,-11.68036844482),
  .PIECEWISE_BEZIER_KNOTS.);
#1963 = CARTESIAN_POINT('',(185.70047597722,56.633041199122,
    4.170941870655));
#1964 = CARTESIAN_POINT('',(187.896897014,56.633041199122,4.170941870655
    ));
#1965 = CARTESIAN_POINT('',(190.09331805078,56.633041199122,
    4.170941870655));
#1966 = CARTESIAN_POINT('',(192.28973908757,56.633041199122,
    4.170941870655));
#1967 = ORIENTED_EDGE('',*,*,#1490,.F.);
#1968 = ORIENTED_EDGE('',*,*,#1294,.F.);
#1969 = ORIENTED_EDGE('',*,*,#1970,.F.);
#1970 = EDGE_CURVE('',#1960,#1280,#1971,.T.);
#1971 = B_SPLINE_CURVE_WITH_KNOTS('',3,(#1972,#1973,#1974,#1975),
  .UNSPECIFIED.,.F.,.F.,(4,4),(-40.05000200003,-37.09290265719),
  .PIECEWISE_BEZIER_KNOTS.);
#1972 = CARTESIAN_POINT('',(185.70047597722,56.633041199122,
    4.170941870655));
#1973 = CARTESIAN_POINT('',(185.70047597722,56.633041199122,
    5.156641651602));
#1974 = CARTESIAN_POINT('',(185.70047597722,56.633041199122,
    6.142341432549));
#1975 = CARTESIAN_POINT('',(185.70047597722,56.633041199122,
    7.128041213496));
#1976 = B_SPLINE_SURFACE_WITH_KNOTS('',1,1,(
    (#1977,#1978,#1979,#1980)
    ,(#1981,#1982,#1983,#1984)
    ,(#1985,#1986,#1987,#1988
    )),.UNSPECIFIED.,.F.,.F.,.F.,(2,1,2),(2,1,1,2),(-48.99999999999,
    2.025046796916E-13,18.),(-113.9999999999,0.,3.,39.650002000038),
  .UNSPECIFIED.);
#1977 = CARTESIAN_POINT('',(136.9701075324,56.633041199144,
    -109.4290581293));
#1978 = CARTESIAN_POINT('',(136.9701075324,56.633041199144,
    4.570941870655));
#1979 = CARTESIAN_POINT('',(136.9701075324,56.633041199144,
    7.570941870655));
#1980 = CARTESIAN_POINT('',(136.9701075324,56.633041199144,
    44.220943870693));
#1981 = CARTESIAN_POINT('',(185.9701075324,56.633041199122,
    -109.4290581293));
#1982 = CARTESIAN_POINT('',(185.9701075324,56.633041199122,
    4.570941870655));
#1983 = CARTESIAN_POINT('',(185.9701075324,56.633041199122,
    7.570941870655));
#1984 = CARTESIAN_POINT('',(185.9701075324,56.633041199122,
    44.220943870693));
#1985 = CARTESIAN_POINT('',(203.9701075324,56.633041199115,
    -109.4290581293));
#1986 = CARTESIAN_POINT('',(203.9701075324,56.633041199115,
    4.570941870655));
#1987 = CARTESIAN_POINT('',(203.9701075324,56.633041199115,
    7.570941870655));
#1988 = CARTESIAN_POINT('',(203.9701075324,56.633041199115,
    44.220943870693));
#1989 = ADVANCED_FACE('',(#1990),#2009,.F.);
#1990 = FACE_BOUND('',#1991,.T.);
#1991 = EDGE_LOOP('',(#1992,#2001,#2002,#2003));
#1992 = ORIENTED_EDGE('',*,*,#1993,.F.);
#1993 = EDGE_CURVE('',#1960,#1994,#1996,.T.);
#1994 = VERTEX_POINT('',#1995);
#1995 = CARTESIAN_POINT('',(185.70047597721,55.983041199121,
    4.170941870655));
#1996 = CIRCLE('',#1997,2.7);
#1997 = AXIS2_PLACEMENT_3D('',#1998,#1999,#2000);
#1998 = CARTESIAN_POINT('',(183.02010753239,56.308041199125,
    4.170941870655));
#1999 = DIRECTION('',(0.,0.,-1.));
#2000 = DIRECTION('',(0.,1.,0.));
#2001 = ORIENTED_EDGE('',*,*,#1959,.T.);
#2002 = ORIENTED_EDGE('',*,*,#1481,.F.);
#2003 = ORIENTED_EDGE('',*,*,#2004,.F.);
#2004 = EDGE_CURVE('',#1994,#1474,#2005,.T.);
#2005 = LINE('',#2006,#2007);
#2006 = CARTESIAN_POINT('',(194.9701075324,55.983041199113,
    4.170941870655));
#2007 = VECTOR('',#2008,1.);
#2008 = DIRECTION('',(1.,-4.042198674546E-13,0.));
#2009 = PLANE('',#2010);
#2010 = AXIS2_PLACEMENT_3D('',#2011,#2012,#2013);
#2011 = CARTESIAN_POINT('',(194.9701075324,56.633041199115,
    4.170941870655));
#2012 = DIRECTION('',(0.,0.,1.));
#2013 = DIRECTION('',(1.,0.,-0.));
#2014 = ADVANCED_FACE('',(#2015),#2036,.T.);
#2015 = FACE_BOUND('',#2016,.T.);
#2016 = EDGE_LOOP('',(#2017,#2025,#2026,#2027));
#2017 = ORIENTED_EDGE('',*,*,#2018,.F.);
#2018 = EDGE_CURVE('',#1994,#2019,#2021,.T.);
#2019 = VERTEX_POINT('',#2020);
#2020 = CARTESIAN_POINT('',(185.70047597721,55.983041199121,
    7.205639346366));
#2021 = LINE('',#2022,#2023);
#2022 = CARTESIAN_POINT('',(185.70047597721,55.983041199121,
    3.420375094265E-12));
#2023 = VECTOR('',#2024,1.);
#2024 = DIRECTION('',(0.,0.,1.));
#2025 = ORIENTED_EDGE('',*,*,#2004,.T.);
#2026 = ORIENTED_EDGE('',*,*,#1473,.F.);
#2027 = ORIENTED_EDGE('',*,*,#2028,.T.);
#2028 = EDGE_CURVE('',#1441,#2019,#2029,.T.);
#2029 = B_SPLINE_CURVE_WITH_KNOTS('',3,(#2030,#2031,#2032,#2033,#2034,
    #2035),.UNSPECIFIED.,.F.,.F.,(4,2,4),(2.46836844503,5.763000000217,
    9.057631555388),.UNSPECIFIED.);
#2030 = CARTESIAN_POINT('',(192.28973908757,55.983041199113,
    7.205639346359));
#2031 = CARTESIAN_POINT('',(191.19152856917,55.983041199113,
    7.20563934636));
#2032 = CARTESIAN_POINT('',(190.09331805078,55.983041199113,
    7.205639346361));
#2033 = CARTESIAN_POINT('',(187.89689701399,55.983041199113,
    7.205639346364));
#2034 = CARTESIAN_POINT('',(186.7986864956,55.983041199113,
    7.205639346365));
#2035 = CARTESIAN_POINT('',(185.70047597721,55.983041199121,
    7.205639346366));
#2036 = PLANE('',#2037);
#2037 = AXIS2_PLACEMENT_3D('',#2038,#2039,#2040);
#2038 = CARTESIAN_POINT('',(194.9701075324,55.983041199113,
    6.070941870655));
#2039 = DIRECTION('',(-4.042198674546E-13,-1.,0.));
#2040 = DIRECTION('',(-0.,0.,-1.));
#2041 = ADVANCED_FACE('',(#2042),#2074,.F.);
#2042 = FACE_BOUND('',#2043,.F.);
#2043 = EDGE_LOOP('',(#2044,#2045,#2054,#2065,#2072,#2073));
#2044 = ORIENTED_EDGE('',*,*,#1369,.T.);
#2045 = ORIENTED_EDGE('',*,*,#2046,.T.);
#2046 = EDGE_CURVE('',#1370,#2047,#2049,.T.);
#2047 = VERTEX_POINT('',#2048);
#2048 = CARTESIAN_POINT('',(195.2951075324,52.043841026723,7.45006177509
    ));
#2049 = B_SPLINE_CURVE_WITH_KNOTS('',3,(#2050,#2051,#2052,#2053),
  .UNSPECIFIED.,.F.,.F.,(4,4),(2.429741681118,4.014637959723),
  .PIECEWISE_BEZIER_KNOTS.);
#2050 = CARTESIAN_POINT('',(195.2951075324,53.627675453914,
    7.398102593595));
#2051 = CARTESIAN_POINT('',(195.29510753241,53.09947160264,
    7.425785588733));
#2052 = CARTESIAN_POINT('',(195.29510753242,52.571323184886,
    7.443096345665));
#2053 = CARTESIAN_POINT('',(195.29510753243,52.043841026723,
    7.45006177509));
#2054 = ORIENTED_EDGE('',*,*,#2055,.T.);
#2055 = EDGE_CURVE('',#2047,#2056,#2058,.T.);
#2056 = VERTEX_POINT('',#2057);
#2057 = CARTESIAN_POINT('',(206.5951075324,52.043841026709,
    7.450061775053));
#2058 = B_SPLINE_CURVE_WITH_KNOTS('',3,(#2059,#2060,#2061,#2062,#2063,
    #2064),.UNSPECIFIED.,.F.,.F.,(4,2,4),(0.113000000421,5.76300000053,
    11.413000000421),.UNSPECIFIED.);
#2059 = CARTESIAN_POINT('',(195.2951075324,52.043841026723,7.45006177509
    ));
#2060 = CARTESIAN_POINT('',(197.17844086577,52.043841026723,
    7.450061775084));
#2061 = CARTESIAN_POINT('',(199.06177419914,52.043841026723,
    7.450061775078));
#2062 = CARTESIAN_POINT('',(202.82844086581,52.043841026716,
    7.450061775065));
#2063 = CARTESIAN_POINT('',(204.7117741991,52.043841026709,
    7.450061775059));
#2064 = CARTESIAN_POINT('',(206.5951075324,52.043841026709,
    7.450061775053));
#2065 = ORIENTED_EDGE('',*,*,#2066,.T.);
#2066 = EDGE_CURVE('',#2056,#1821,#2067,.T.);
#2067 = B_SPLINE_CURVE_WITH_KNOTS('',3,(#2068,#2069,#2070,#2071),
  .UNSPECIFIED.,.F.,.F.,(4,4),(0.258096685335,1.842992963955),
  .PIECEWISE_BEZIER_KNOTS.);
#2068 = CARTESIAN_POINT('',(206.5951075324,52.043841026709,
    7.450061775053));
#2069 = CARTESIAN_POINT('',(206.59510753239,52.571323184871,
    7.443096345632));
#2070 = CARTESIAN_POINT('',(206.59510753237,53.099471602632,
    7.425785588703));
#2071 = CARTESIAN_POINT('',(206.59510753236,53.627675453914,
    7.398102593568));
#2072 = ORIENTED_EDGE('',*,*,#1828,.T.);
#2073 = ORIENTED_EDGE('',*,*,#1904,.T.);
#2074 = B_SPLINE_SURFACE_WITH_KNOTS('',3,3,(
    (#2075,#2076,#2077,#2078)
    ,(#2079,#2080,#2081,#2082)
    ,(#2083,#2084,#2085,#2086)
    ,(#2087,#2088,#2089,#2090
    )),.UNSPECIFIED.,.F.,.F.,.F.,(4,4),(4,4),(1.682170779421,
    1.956887148952),(-0.230387484887,-0.133236973625),
  .PIECEWISE_BEZIER_KNOTS.);
#2075 = CARTESIAN_POINT('',(206.59510753235,55.983041199317,
    7.205639346322));
#2076 = CARTESIAN_POINT('',(206.59510753238,54.672119423747,
    7.351399630828));
#2077 = CARTESIAN_POINT('',(206.5951075324,53.355919038935,7.43273571644
    ));
#2078 = CARTESIAN_POINT('',(206.59510753243,52.043841026709,
    7.450061775053));
#2079 = CARTESIAN_POINT('',(202.82844086567,55.98304119923,
    7.205639346335));
#2080 = CARTESIAN_POINT('',(202.8284408657,54.67211942366,7.351399630841
    ));
#2081 = CARTESIAN_POINT('',(202.82844086573,53.355919038848,
    7.432735716453));
#2082 = CARTESIAN_POINT('',(202.82844086576,52.043841026622,
    7.450061775067));
#2083 = CARTESIAN_POINT('',(199.06177419899,55.98304119915,
    7.205639346349));
#2084 = CARTESIAN_POINT('',(199.06177419902,54.67211942358,
    7.351399630854));
#2085 = CARTESIAN_POINT('',(199.06177419905,53.355919038768,
    7.432735716467));
#2086 = CARTESIAN_POINT('',(199.06177419907,52.043841026542,
    7.45006177508));
#2087 = CARTESIAN_POINT('',(195.29510753231,55.983041199062,
    7.205639346362));
#2088 = CARTESIAN_POINT('',(195.29510753234,54.672119423492,
    7.351399630868));
#2089 = CARTESIAN_POINT('',(195.29510753237,53.35591903868,7.43273571648
    ));
#2090 = CARTESIAN_POINT('',(195.2951075324,52.043841026454,
    7.450061775093));
#2091 = ADVANCED_FACE('',(#2092),#2140,.F.);
#2092 = FACE_BOUND('',#2093,.F.);
#2093 = EDGE_LOOP('',(#2094,#2111,#2120,#2131,#2138,#2139));
#2094 = ORIENTED_EDGE('',*,*,#2095,.T.);
#2095 = EDGE_CURVE('',#2019,#2096,#2098,.T.);
#2096 = VERTEX_POINT('',#2097);
#2097 = CARTESIAN_POINT('',(183.3451075324,53.627672754308,
    7.398129011441));
#2098 = B_SPLINE_CURVE_WITH_KNOTS('',3,(#2099,#2100,#2101,#2102,#2103,
    #2104,#2105,#2106,#2107,#2108,#2109,#2110),.UNSPECIFIED.,.F.,.F.,(4,
    2,2,2,2,4),(6.648133955295E-02,1.076441647727,2.079161179962,
    3.030879009185,3.445459672577,3.672860595453),.UNSPECIFIED.);
#2099 = CARTESIAN_POINT('',(185.70047597721,55.983041199121,
    7.205639346366));
#2100 = CARTESIAN_POINT('',(185.66024467224,55.651242059634,
    7.24253181232));
#2101 = CARTESIAN_POINT('',(185.55867820901,55.329114468354,
    7.274072751976));
#2102 = CARTESIAN_POINT('',(185.24289737925,54.739527694081,
    7.325590130576));
#2103 = CARTESIAN_POINT('',(185.03241113023,54.477171904364,
    7.345244344563));
#2104 = CARTESIAN_POINT('',(184.53875795612,54.053246285563,
    7.374111890352));
#2105 = CARTESIAN_POINT('',(184.26379139075,53.890645074142,
    7.383645094617));
#2106 = CARTESIAN_POINT('',(183.83745777031,53.731023639761,
    7.392610178673));
#2107 = CARTESIAN_POINT('',(183.70455678216,53.692584202523,
    7.394685268908));
#2108 = CARTESIAN_POINT('',(183.49509883264,53.649070434534,
    7.397005068132));
#2109 = CARTESIAN_POINT('',(183.42030388515,53.636790461496,
    7.397651255043));
#2110 = CARTESIAN_POINT('',(183.34510753241,53.627672754308,
    7.398129011441));
#2111 = ORIENTED_EDGE('',*,*,#2112,.T.);
#2112 = EDGE_CURVE('',#2096,#2113,#2115,.T.);
#2113 = VERTEX_POINT('',#2114);
#2114 = CARTESIAN_POINT('',(183.3451075324,52.043841026745,
    7.450061775128));
#2115 = B_SPLINE_CURVE_WITH_KNOTS('',3,(#2116,#2117,#2118,#2119),
  .UNSPECIFIED.,.F.,.F.,(4,4),(2.429741681131,4.01463795972),
  .PIECEWISE_BEZIER_KNOTS.);
#2116 = CARTESIAN_POINT('',(183.3451075324,53.627675453921,
    7.398102593623));
#2117 = CARTESIAN_POINT('',(183.34510753241,53.099471602654,
    7.425785588764));
#2118 = CARTESIAN_POINT('',(183.34510753243,52.5713231849,7.4430963457)
  );
#2119 = CARTESIAN_POINT('',(183.34510753244,52.043841026745,
    7.450061775128));
#2120 = ORIENTED_EDGE('',*,*,#2121,.T.);
#2121 = EDGE_CURVE('',#2113,#2122,#2124,.T.);
#2122 = VERTEX_POINT('',#2123);
#2123 = CARTESIAN_POINT('',(194.6451075324,52.043841026723,
    7.450061775092));
#2124 = B_SPLINE_CURVE_WITH_KNOTS('',3,(#2125,#2126,#2127,#2128,#2129,
    #2130),.UNSPECIFIED.,.F.,.F.,(4,2,4),(0.113000000147,5.763000000217,
    11.41300000014),.UNSPECIFIED.);
#2125 = CARTESIAN_POINT('',(183.3451075324,52.043841026745,
    7.450061775128));
#2126 = CARTESIAN_POINT('',(185.22844086576,52.043841026738,
    7.450061775122));
#2127 = CARTESIAN_POINT('',(187.11177419912,52.043841026738,
    7.450061775116));
#2128 = CARTESIAN_POINT('',(190.87844086578,52.043841026731,
    7.450061775104));
#2129 = CARTESIAN_POINT('',(192.76177419909,52.043841026731,
    7.450061775098));
#2130 = CARTESIAN_POINT('',(194.6451075324,52.043841026723,
    7.450061775092));
#2131 = ORIENTED_EDGE('',*,*,#2132,.T.);
#2132 = EDGE_CURVE('',#2122,#1429,#2133,.T.);
#2133 = B_SPLINE_CURVE_WITH_KNOTS('',3,(#2134,#2135,#2136,#2137),
  .UNSPECIFIED.,.F.,.F.,(4,4),(0.25809668533,1.842992963929),
  .PIECEWISE_BEZIER_KNOTS.);
#2134 = CARTESIAN_POINT('',(194.64510753239,52.043841026731,
    7.450061775092));
#2135 = CARTESIAN_POINT('',(194.64510753238,52.571323184893,
    7.443096345667));
#2136 = CARTESIAN_POINT('',(194.64510753237,53.09947160264,
    7.425785588735));
#2137 = CARTESIAN_POINT('',(194.64510753236,53.627675453914,
    7.398102593597));
#2138 = ORIENTED_EDGE('',*,*,#1440,.T.);
#2139 = ORIENTED_EDGE('',*,*,#2028,.T.);
#2140 = B_SPLINE_SURFACE_WITH_KNOTS('',3,3,(
    (#2141,#2142,#2143,#2144)
    ,(#2145,#2146,#2147,#2148)
    ,(#2149,#2150,#2151,#2152)
    ,(#2153,#2154,#2155,#2156
    )),.UNSPECIFIED.,.F.,.F.,.F.,(4,4),(4,4),(1.972689417995,
    2.247405787526),(-0.230387484894,-0.133236973632),
  .PIECEWISE_BEZIER_KNOTS.);
#2141 = CARTESIAN_POINT('',(194.64510753235,55.983041199317,
    7.205639346334));
#2142 = CARTESIAN_POINT('',(194.64510753238,54.672119423754,
    7.351399630848));
#2143 = CARTESIAN_POINT('',(194.6451075324,53.355919038957,7.43273571647
    ));
#2144 = CARTESIAN_POINT('',(194.64510753243,52.043841026731,
    7.450061775092));
#2145 = CARTESIAN_POINT('',(190.87844086567,55.98304119923,
    7.205639346347));
#2146 = CARTESIAN_POINT('',(190.8784408657,54.672119423667,
    7.351399630862));
#2147 = CARTESIAN_POINT('',(190.87844086573,53.35591903887,
    7.432735716483));
#2148 = CARTESIAN_POINT('',(190.87844086575,52.043841026643,
    7.450061775105));
#2149 = CARTESIAN_POINT('',(187.111774199,55.98304119915,7.205639346361)
  );
#2150 = CARTESIAN_POINT('',(187.11177419903,54.672119423587,
    7.351399630875));
#2151 = CARTESIAN_POINT('',(187.11177419905,53.35591903879,
    7.432735716496));
#2152 = CARTESIAN_POINT('',(187.11177419908,52.043841026563,
    7.450061775119));
#2153 = CARTESIAN_POINT('',(183.34510753232,55.983041199062,
    7.205639346374));
#2154 = CARTESIAN_POINT('',(183.34510753235,54.6721194235,7.351399630888
    ));
#2155 = CARTESIAN_POINT('',(183.34510753237,53.355919038702,
    7.43273571651));
#2156 = CARTESIAN_POINT('',(183.3451075324,52.043841026476,
    7.450061775132));
#2157 = ADVANCED_FACE('',(#2158),#2188,.T.);
#2158 = FACE_BOUND('',#2159,.T.);
#2159 = EDGE_LOOP('',(#2160,#2170,#2182));
#2160 = ORIENTED_EDGE('',*,*,#2161,.F.);
#2161 = EDGE_CURVE('',#2162,#2164,#2166,.T.);
#2162 = VERTEX_POINT('',#2163);
#2163 = CARTESIAN_POINT('',(180.33973908757,55.983041199121,
    6.158649570997));
#2164 = VERTEX_POINT('',#2165);
#2165 = CARTESIAN_POINT('',(180.33973908757,55.983041199121,
    4.170941870655));
#2166 = LINE('',#2167,#2168);
#2167 = CARTESIAN_POINT('',(180.33973908757,55.983041199121,
    3.420375094265E-12));
#2168 = VECTOR('',#2169,1.);
#2169 = DIRECTION('',(0.,0.,-1.));
#2170 = ORIENTED_EDGE('',*,*,#2171,.F.);
#2171 = EDGE_CURVE('',#2172,#2162,#2174,.T.);
#2172 = VERTEX_POINT('',#2173);
#2173 = CARTESIAN_POINT('',(179.53998143114,55.983041199121,
    4.170941870655));
#2174 = B_SPLINE_CURVE_WITH_KNOTS('',3,(#2175,#2176,#2177,#2178,#2179,
    #2180,#2181),.UNSPECIFIED.,.F.,.F.,(4,3,4),(-2.195621636392,
    -1.763977838612,-5.379487002657E-02),.UNSPECIFIED.);
#2175 = CARTESIAN_POINT('',(179.54015005767,55.9831010532,4.170996460513
    ));
#2176 = CARTESIAN_POINT('',(179.59445720098,55.983100239791,
    4.304317250333));
#2177 = CARTESIAN_POINT('',(179.64864485617,55.983099041798,
    4.437657705686));
#2178 = CARTESIAN_POINT('',(179.70270267595,55.983097514691,
    4.571001876627));
#2179 = CARTESIAN_POINT('',(179.91688104057,55.983091464244,
    5.099314645805));
#2180 = CARTESIAN_POINT('',(180.12950528747,55.983079747268,
    5.628880396514));
#2181 = CARTESIAN_POINT('',(180.33991647225,55.983069800975,
    6.158731194283));
#2182 = ORIENTED_EDGE('',*,*,#2183,.T.);
#2183 = EDGE_CURVE('',#2172,#2164,#2184,.T.);
#2184 = LINE('',#2185,#2186);
#2185 = CARTESIAN_POINT('',(194.9701075324,55.983041199113,
    4.170941870655));
#2186 = VECTOR('',#2187,1.);
#2187 = DIRECTION('',(1.,-4.042198674546E-13,0.));
#2188 = PLANE('',#2189);
#2189 = AXIS2_PLACEMENT_3D('',#2190,#2191,#2192);
#2190 = CARTESIAN_POINT('',(194.9701075324,55.983041199113,
    6.070941870655));
#2191 = DIRECTION('',(-4.042198674546E-13,-1.,0.));
#2192 = DIRECTION('',(-0.,0.,-1.));
#2193 = ADVANCED_FACE('',(#2194),#2226,.F.);
#2194 = FACE_BOUND('',#2195,.F.);
#2195 = EDGE_LOOP('',(#2196,#2210,#2219));
#2196 = ORIENTED_EDGE('',*,*,#2197,.T.);
#2197 = EDGE_CURVE('',#2198,#2200,#2202,.T.);
#2198 = VERTEX_POINT('',#2199);
#2199 = CARTESIAN_POINT('',(180.33973908757,56.633041199122,
    6.066771285851));
#2200 = VERTEX_POINT('',#2201);
#2201 = CARTESIAN_POINT('',(179.56495028895,56.633041199122,
    4.170941870655));
#2202 = B_SPLINE_CURVE_WITH_KNOTS('',3,(#2203,#2204,#2205,#2206,#2207,
    #2208,#2209),.UNSPECIFIED.,.F.,.F.,(4,3,4),(-1.61480629707,0.,
    0.432378550127),.UNSPECIFIED.);
#2203 = CARTESIAN_POINT('',(180.33993644827,56.633071914876,
    6.066862013585));
#2204 = CARTESIAN_POINT('',(180.1383314341,56.633081731205,
    5.567743214344));
#2205 = CARTESIAN_POINT('',(179.9348342587,56.633093379933,
    5.068812581804));
#2206 = CARTESIAN_POINT('',(179.73005355261,56.633099807346,
    4.57100821099));
#2207 = CARTESIAN_POINT('',(179.67522172234,56.633101528343,
    4.43771672427));
#2208 = CARTESIAN_POINT('',(179.62024409518,56.633102908083,
    4.304375218729));
#2209 = CARTESIAN_POINT('',(179.56513172155,56.633103880005,
    4.171001819086));
#2210 = ORIENTED_EDGE('',*,*,#2211,.T.);
#2211 = EDGE_CURVE('',#2200,#2212,#2214,.T.);
#2212 = VERTEX_POINT('',#2213);
#2213 = CARTESIAN_POINT('',(180.33973908757,56.633041199122,
    4.170941870655));
#2214 = B_SPLINE_CURVE_WITH_KNOTS('',3,(#2215,#2216,#2217,#2218),
  .UNSPECIFIED.,.F.,.F.,(4,4),(-24.40515724344,-23.63036844482),
  .PIECEWISE_BEZIER_KNOTS.);
#2215 = CARTESIAN_POINT('',(179.56495028895,56.633041199122,
    4.170941870655));
#2216 = CARTESIAN_POINT('',(179.82321322182,56.633041199122,
    4.170941870655));
#2217 = CARTESIAN_POINT('',(180.0814761547,56.633041199122,
    4.170941870655));
#2218 = CARTESIAN_POINT('',(180.33973908757,56.633041199122,
    4.170941870655));
#2219 = ORIENTED_EDGE('',*,*,#2220,.F.);
#2220 = EDGE_CURVE('',#2198,#2212,#2221,.T.);
#2221 = B_SPLINE_CURVE_WITH_KNOTS('',3,(#2222,#2223,#2224,#2225),
  .UNSPECIFIED.,.F.,.F.,(4,4),(-115.4958294151,-113.5999999999),
  .PIECEWISE_BEZIER_KNOTS.);
#2222 = CARTESIAN_POINT('',(180.33973908757,56.633041199122,
    6.066771285851));
#2223 = CARTESIAN_POINT('',(180.33973908757,56.633041199122,
    5.434828147452));
#2224 = CARTESIAN_POINT('',(180.33973908757,56.633041199122,
    4.802885009053));
#2225 = CARTESIAN_POINT('',(180.33973908757,56.633041199122,
    4.170941870655));
#2226 = B_SPLINE_SURFACE_WITH_KNOTS('',1,1,(
    (#2227,#2228,#2229,#2230)
    ,(#2231,#2232,#2233,#2234)
    ,(#2235,#2236,#2237,#2238
    )),.UNSPECIFIED.,.F.,.F.,.F.,(2,1,2),(2,1,1,2),(-48.99999999999,
    2.025046796916E-13,18.),(-113.9999999999,0.,3.,39.650002000038),
  .UNSPECIFIED.);
#2227 = CARTESIAN_POINT('',(136.9701075324,56.633041199144,
    -109.4290581293));
#2228 = CARTESIAN_POINT('',(136.9701075324,56.633041199144,
    4.570941870655));
#2229 = CARTESIAN_POINT('',(136.9701075324,56.633041199144,
    7.570941870655));
#2230 = CARTESIAN_POINT('',(136.9701075324,56.633041199144,
    44.220943870693));
#2231 = CARTESIAN_POINT('',(185.9701075324,56.633041199122,
    -109.4290581293));
#2232 = CARTESIAN_POINT('',(185.9701075324,56.633041199122,
    4.570941870655));
#2233 = CARTESIAN_POINT('',(185.9701075324,56.633041199122,
    7.570941870655));
#2234 = CARTESIAN_POINT('',(185.9701075324,56.633041199122,
    44.220943870693));
#2235 = CARTESIAN_POINT('',(203.9701075324,56.633041199115,
    -109.4290581293));
#2236 = CARTESIAN_POINT('',(203.9701075324,56.633041199115,
    4.570941870655));
#2237 = CARTESIAN_POINT('',(203.9701075324,56.633041199115,
    7.570941870655));
#2238 = CARTESIAN_POINT('',(203.9701075324,56.633041199115,
    44.220943870693));
#2239 = ADVANCED_FACE('',(#2240),#2258,.F.);
#2240 = FACE_BOUND('',#2241,.T.);
#2241 = EDGE_LOOP('',(#2242,#2249,#2250,#2257));
#2242 = ORIENTED_EDGE('',*,*,#2243,.F.);
#2243 = EDGE_CURVE('',#2164,#2212,#2244,.T.);
#2244 = CIRCLE('',#2245,2.7);
#2245 = AXIS2_PLACEMENT_3D('',#2246,#2247,#2248);
#2246 = CARTESIAN_POINT('',(183.02010753239,56.308041199125,
    4.170941870655));
#2247 = DIRECTION('',(0.,0.,-1.));
#2248 = DIRECTION('',(0.,1.,0.));
#2249 = ORIENTED_EDGE('',*,*,#2183,.F.);
#2250 = ORIENTED_EDGE('',*,*,#2251,.F.);
#2251 = EDGE_CURVE('',#2200,#2172,#2252,.T.);
#2252 = B_SPLINE_CURVE_WITH_KNOTS('',3,(#2253,#2254,#2255,#2256),
  .UNSPECIFIED.,.F.,.F.,(4,4),(-6.678712417806,-6.032503007342),
  .PIECEWISE_BEZIER_KNOTS.);
#2253 = CARTESIAN_POINT('',(179.56495028895,56.633041199122,
    4.170941870655));
#2254 = CARTESIAN_POINT('',(179.55651373925,56.416782432498,
    4.170941870655));
#2255 = CARTESIAN_POINT('',(179.5481913655,56.200084481956,
    4.170941870655));
#2256 = CARTESIAN_POINT('',(179.53998143114,55.983041199128,
    4.170941870655));
#2257 = ORIENTED_EDGE('',*,*,#2211,.T.);
#2258 = PLANE('',#2259);
#2259 = AXIS2_PLACEMENT_3D('',#2260,#2261,#2262);
#2260 = CARTESIAN_POINT('',(194.9701075324,56.633041199115,
    4.170941870655));
#2261 = DIRECTION('',(0.,0.,1.));
#2262 = DIRECTION('',(1.,0.,-0.));
#2263 = ADVANCED_FACE('',(#2264),#2363,.T.);
#2264 = FACE_BOUND('',#2265,.T.);
#2265 = EDGE_LOOP('',(#2266,#2267,#2268,#2269,#2270,#2271,#2272,#2280,
    #2289,#2297,#2304,#2305,#2314,#2322,#2335,#2346,#2347,#2348,#2349,
    #2360,#2361,#2362));
#2266 = ORIENTED_EDGE('',*,*,#1508,.T.);
#2267 = ORIENTED_EDGE('',*,*,#1279,.T.);
#2268 = ORIENTED_EDGE('',*,*,#1970,.F.);
#2269 = ORIENTED_EDGE('',*,*,#1993,.T.);
#2270 = ORIENTED_EDGE('',*,*,#2018,.T.);
#2271 = ORIENTED_EDGE('',*,*,#2095,.T.);
#2272 = ORIENTED_EDGE('',*,*,#2273,.T.);
#2273 = EDGE_CURVE('',#2096,#2274,#2276,.T.);
#2274 = VERTEX_POINT('',#2275);
#2275 = CARTESIAN_POINT('',(183.3451075324,53.627672754308,
    4.170941870655));
#2276 = LINE('',#2277,#2278);
#2277 = CARTESIAN_POINT('',(183.3451075324,53.627672754308,
    3.420375094265E-12));
#2278 = VECTOR('',#2279,1.);
#2279 = DIRECTION('',(0.,0.,-1.));
#2280 = ORIENTED_EDGE('',*,*,#2281,.T.);
#2281 = EDGE_CURVE('',#2274,#2282,#2284,.T.);
#2282 = VERTEX_POINT('',#2283);
#2283 = CARTESIAN_POINT('',(183.02010753239,53.608041199128,
    4.170941870655));
#2284 = CIRCLE('',#2285,2.7);
#2285 = AXIS2_PLACEMENT_3D('',#2286,#2287,#2288);
#2286 = CARTESIAN_POINT('',(183.02010753239,56.308041199125,
    4.170941870655));
#2287 = DIRECTION('',(0.,0.,-1.));
#2288 = DIRECTION('',(0.,1.,0.));
#2289 = ORIENTED_EDGE('',*,*,#2290,.T.);
#2290 = EDGE_CURVE('',#2282,#2291,#2293,.T.);
#2291 = VERTEX_POINT('',#2292);
#2292 = CARTESIAN_POINT('',(183.02010753239,53.608041199128,
    0.200000000003));
#2293 = LINE('',#2294,#2295);
#2294 = CARTESIAN_POINT('',(183.02010753239,53.608041199128,
    3.420375094265E-12));
#2295 = VECTOR('',#2296,1.);
#2296 = DIRECTION('',(0.,0.,-1.));
#2297 = ORIENTED_EDGE('',*,*,#2298,.F.);
#2298 = EDGE_CURVE('',#2291,#2291,#2299,.T.);
#2299 = CIRCLE('',#2300,2.7);
#2300 = AXIS2_PLACEMENT_3D('',#2301,#2302,#2303);
#2301 = CARTESIAN_POINT('',(183.02010753239,56.308041199125,
    0.200000000003));
#2302 = DIRECTION('',(0.,-3.061616997868E-16,-1.));
#2303 = DIRECTION('',(0.,1.,-3.061616997868E-16));
#2304 = ORIENTED_EDGE('',*,*,#2290,.F.);
#2305 = ORIENTED_EDGE('',*,*,#2306,.T.);
#2306 = EDGE_CURVE('',#2282,#2307,#2309,.T.);
#2307 = VERTEX_POINT('',#2308);
#2308 = CARTESIAN_POINT('',(182.6951075324,53.627672754301,
    4.170941870655));
#2309 = CIRCLE('',#2310,2.7);
#2310 = AXIS2_PLACEMENT_3D('',#2311,#2312,#2313);
#2311 = CARTESIAN_POINT('',(183.02010753239,56.308041199125,
    4.170941870655));
#2312 = DIRECTION('',(0.,0.,-1.));
#2313 = DIRECTION('',(0.,1.,0.));
#2314 = ORIENTED_EDGE('',*,*,#2315,.T.);
#2315 = EDGE_CURVE('',#2307,#2316,#2318,.T.);
#2316 = VERTEX_POINT('',#2317);
#2317 = CARTESIAN_POINT('',(182.6951075324,53.627672754301,
    7.398129011442));
#2318 = LINE('',#2319,#2320);
#2319 = CARTESIAN_POINT('',(182.6951075324,53.627672754301,
    3.420375094265E-12));
#2320 = VECTOR('',#2321,1.);
#2321 = DIRECTION('',(0.,0.,1.));
#2322 = ORIENTED_EDGE('',*,*,#2323,.T.);
#2323 = EDGE_CURVE('',#2316,#2324,#2326,.T.);
#2324 = VERTEX_POINT('',#2325);
#2325 = CARTESIAN_POINT('',(180.72265359226,54.889695193058,
    7.312211272959));
#2326 = B_SPLINE_CURVE_WITH_KNOTS('',3,(#2327,#2328,#2329,#2330,#2331,
    #2332,#2333,#2334),.UNSPECIFIED.,.F.,.F.,(4,2,2,4),(
    1.953903068419E-02,1.070867795754,2.01882519851,2.450274842511),
  .UNSPECIFIED.);
#2327 = CARTESIAN_POINT('',(182.6951075324,53.627672754301,
    7.398129011442));
#2328 = CARTESIAN_POINT('',(182.34734305247,53.66983988852,
    7.395919506604));
#2329 = CARTESIAN_POINT('',(182.01106338638,53.779299610302,
    7.390260125556));
#2330 = CARTESIAN_POINT('',(181.42926625224,54.103730703246,
    7.370665663989));
#2331 = CARTESIAN_POINT('',(181.18269011516,54.304686254487,
    7.357674615368));
#2332 = CARTESIAN_POINT('',(180.88266160644,54.652159793805,
    7.331558461793));
#2333 = CARTESIAN_POINT('',(180.79781158758,54.767953367169,
    7.322412442413));
#2334 = CARTESIAN_POINT('',(180.72265359224,54.889695193051,
    7.312211272959));
#2335 = ORIENTED_EDGE('',*,*,#2336,.T.);
#2336 = EDGE_CURVE('',#2324,#2162,#2337,.T.);
#2337 = B_SPLINE_CURVE_WITH_KNOTS('',3,(#2338,#2339,#2340,#2341,#2342,
    #2343,#2344,#2345),.UNSPECIFIED.,.F.,.F.,(4,2,2,4),(0.78460774392,
    1.342176034944,1.999572329012,2.107067405153),.UNSPECIFIED.);
#2338 = CARTESIAN_POINT('',(180.72265359226,54.889695193058,
    7.312211272959));
#2339 = CARTESIAN_POINT('',(180.65591508064,54.997799037832,
    7.118601608578));
#2340 = CARTESIAN_POINT('',(180.58982433869,55.121865328867,
    6.926413511609));
#2341 = CARTESIAN_POINT('',(180.46106018757,55.42846603223,
    6.546522702467));
#2342 = CARTESIAN_POINT('',(180.39581062267,55.62991276112,
    6.350482486862));
#2343 = CARTESIAN_POINT('',(180.35031140782,55.903433799569,
    6.196558559959));
#2344 = CARTESIAN_POINT('',(180.34461915622,55.942793869857,
    6.176623497013));
#2345 = CARTESIAN_POINT('',(180.33973908757,55.983041199128,
    6.158649571006));
#2346 = ORIENTED_EDGE('',*,*,#2161,.T.);
#2347 = ORIENTED_EDGE('',*,*,#2243,.T.);
#2348 = ORIENTED_EDGE('',*,*,#2220,.F.);
#2349 = ORIENTED_EDGE('',*,*,#2350,.T.);
#2350 = EDGE_CURVE('',#2198,#1582,#2351,.T.);
#2351 = B_SPLINE_CURVE_WITH_KNOTS('',3,(#2352,#2353,#2354,#2355,#2356,
    #2357,#2358,#2359),.UNSPECIFIED.,.F.,.F.,(4,2,2,4),(2.646642795317,
    2.796732973133,3.274313140578,3.851743547097),.UNSPECIFIED.);
#2352 = CARTESIAN_POINT('',(180.33973908757,56.633041199122,
    6.06677128585));
#2353 = CARTESIAN_POINT('',(180.3470748948,56.693541710585,
    6.076375114625));
#2354 = CARTESIAN_POINT('',(180.35635929075,56.752966261709,
    6.090871774307));
#2355 = CARTESIAN_POINT('',(180.40255045437,56.996491310994,
    6.169890449154));
#2356 = CARTESIAN_POINT('',(180.45433382722,57.163382212828,
    6.272385197547));
#2357 = CARTESIAN_POINT('',(180.58339332345,57.486464888723,
    6.538345357136));
#2358 = CARTESIAN_POINT('',(180.67262699098,57.655527273673,
    6.728486915546));
#2359 = CARTESIAN_POINT('',(180.77900693138,57.813852640218,
    6.959667847659));
#2360 = ORIENTED_EDGE('',*,*,#1590,.T.);
#2361 = ORIENTED_EDGE('',*,*,#1564,.T.);
#2362 = ORIENTED_EDGE('',*,*,#1532,.T.);
#2363 = CYLINDRICAL_SURFACE('',#2364,2.7);
#2364 = AXIS2_PLACEMENT_3D('',#2365,#2366,#2367);
#2365 = CARTESIAN_POINT('',(183.02010753239,56.308041199125,
    3.420375094265E-12));
#2366 = DIRECTION('',(0.,0.,1.));
#2367 = DIRECTION('',(0.,1.,0.));
#2368 = ADVANCED_FACE('',(#2369),#2387,.F.);
#2369 = FACE_BOUND('',#2370,.T.);
#2370 = EDGE_LOOP('',(#2371,#2372,#2380,#2386));
#2371 = ORIENTED_EDGE('',*,*,#1820,.F.);
#2372 = ORIENTED_EDGE('',*,*,#2373,.F.);
#2373 = EDGE_CURVE('',#2374,#1812,#2376,.T.);
#2374 = VERTEX_POINT('',#2375);
#2375 = CARTESIAN_POINT('',(206.5951075324,50.563073654572,
    4.170941870655));
#2376 = LINE('',#2377,#2378);
#2377 = CARTESIAN_POINT('',(206.5951075324,56.470541199116,
    4.170941870655));
#2378 = VECTOR('',#2379,1.);
#2379 = DIRECTION('',(0.,1.,0.));
#2380 = ORIENTED_EDGE('',*,*,#2381,.F.);
#2381 = EDGE_CURVE('',#2056,#2374,#2382,.T.);
#2382 = LINE('',#2383,#2384);
#2383 = CARTESIAN_POINT('',(206.5951075324,52.176922848157,
    7.744767923936));
#2384 = VECTOR('',#2385,1.);
#2385 = DIRECTION('',(0.,-0.411557753061,-0.911383682044));
#2386 = ORIENTED_EDGE('',*,*,#2066,.T.);
#2387 = PLANE('',#2388);
#2388 = AXIS2_PLACEMENT_3D('',#2389,#2390,#2391);
#2389 = CARTESIAN_POINT('',(206.5951075324,56.30804119911,6.070941870655
    ));
#2390 = DIRECTION('',(1.,0.,0.));
#2391 = DIRECTION('',(0.,-1.,0.));
#2392 = ADVANCED_FACE('',(#2393),#2412,.F.);
#2393 = FACE_BOUND('',#2394,.T.);
#2394 = EDGE_LOOP('',(#2395,#2396,#2404,#2410,#2411));
#2395 = ORIENTED_EDGE('',*,*,#1786,.F.);
#2396 = ORIENTED_EDGE('',*,*,#2397,.F.);
#2397 = EDGE_CURVE('',#2398,#1779,#2400,.T.);
#2398 = VERTEX_POINT('',#2399);
#2399 = CARTESIAN_POINT('',(207.2451075324,50.563073654572,
    4.170941870655));
#2400 = LINE('',#2401,#2402);
#2401 = CARTESIAN_POINT('',(207.2451075324,56.470541199116,
    4.170941870655));
#2402 = VECTOR('',#2403,1.);
#2403 = DIRECTION('',(0.,1.,0.));
#2404 = ORIENTED_EDGE('',*,*,#2405,.F.);
#2405 = EDGE_CURVE('',#2374,#2398,#2406,.T.);
#2406 = LINE('',#2407,#2408);
#2407 = CARTESIAN_POINT('',(196.7326075324,50.563073654572,
    4.170941870655));
#2408 = VECTOR('',#2409,1.);
#2409 = DIRECTION('',(1.,-2.655288753721E-17,0.));
#2410 = ORIENTED_EDGE('',*,*,#2373,.T.);
#2411 = ORIENTED_EDGE('',*,*,#1811,.F.);
#2412 = PLANE('',#2413);
#2413 = AXIS2_PLACEMENT_3D('',#2414,#2415,#2416);
#2414 = CARTESIAN_POINT('',(194.9701075324,56.633041199115,
    4.170941870655));
#2415 = DIRECTION('',(0.,0.,1.));
#2416 = DIRECTION('',(1.,0.,-0.));
#2417 = ADVANCED_FACE('',(#2418),#2437,.T.);
#2418 = FACE_BOUND('',#2419,.T.);
#2419 = EDGE_LOOP('',(#2420,#2421,#2430,#2436));
#2420 = ORIENTED_EDGE('',*,*,#1778,.F.);
#2421 = ORIENTED_EDGE('',*,*,#2422,.T.);
#2422 = EDGE_CURVE('',#1766,#2423,#2425,.T.);
#2423 = VERTEX_POINT('',#2424);
#2424 = CARTESIAN_POINT('',(207.2451075324,52.043841026709,
    7.450061775051));
#2425 = B_SPLINE_CURVE_WITH_KNOTS('',3,(#2426,#2427,#2428,#2429),
  .UNSPECIFIED.,.F.,.F.,(4,4),(1.577963144856,3.162807836107),
  .PIECEWISE_BEZIER_KNOTS.);
#2426 = CARTESIAN_POINT('',(207.2451075324,53.627673732844,
    7.398121466293));
#2427 = CARTESIAN_POINT('',(207.24510753241,53.099470515321,
    7.425797386863));
#2428 = CARTESIAN_POINT('',(207.24510753242,52.571323184886,
    7.44309634563));
#2429 = CARTESIAN_POINT('',(207.24510753243,52.043841026716,
    7.450061775051));
#2430 = ORIENTED_EDGE('',*,*,#2431,.F.);
#2431 = EDGE_CURVE('',#2398,#2423,#2432,.T.);
#2432 = LINE('',#2433,#2434);
#2433 = CARTESIAN_POINT('',(207.2451075324,52.176922848157,
    7.744767923936));
#2434 = VECTOR('',#2435,1.);
#2435 = DIRECTION('',(0.,0.411557753061,0.911383682044));
#2436 = ORIENTED_EDGE('',*,*,#2397,.T.);
#2437 = PLANE('',#2438);
#2438 = AXIS2_PLACEMENT_3D('',#2439,#2440,#2441);
#2439 = CARTESIAN_POINT('',(207.2451075324,56.30804119911,6.070941870655
    ));
#2440 = DIRECTION('',(1.,0.,0.));
#2441 = DIRECTION('',(0.,-1.,0.));
#2442 = ADVANCED_FACE('',(#2443),#2566,.T.);
#2443 = FACE_BOUND('',#2444,.T.);
#2444 = EDGE_LOOP('',(#2445,#2446,#2447,#2448,#2459,#2477,#2485,#2503,
    #2514,#2522,#2530,#2536,#2537,#2551,#2559,#2565));
#2445 = ORIENTED_EDGE('',*,*,#2381,.T.);
#2446 = ORIENTED_EDGE('',*,*,#2405,.T.);
#2447 = ORIENTED_EDGE('',*,*,#2431,.T.);
#2448 = ORIENTED_EDGE('',*,*,#2449,.T.);
#2449 = EDGE_CURVE('',#2423,#2450,#2452,.T.);
#2450 = VERTEX_POINT('',#2451);
#2451 = CARTESIAN_POINT('',(209.33665295397,52.043841026702,
    7.450061775044));
#2452 = B_SPLINE_CURVE_WITH_KNOTS('',3,(#2453,#2454,#2455,#2456,#2457,
    #2458),.UNSPECIFIED.,.F.,.F.,(4,2,4),(1.94014725668E-02,
    1.169590297233,2.110946894133),.UNSPECIFIED.);
#2453 = CARTESIAN_POINT('',(207.2451075324,52.043841026709,
    7.450061775051));
#2454 = CARTESIAN_POINT('',(207.62850380729,52.043841026709,
    7.45006177505));
#2455 = CARTESIAN_POINT('',(208.01190008218,52.043841026709,
    7.450061775049));
#2456 = CARTESIAN_POINT('',(208.70908188937,52.043841026709,
    7.450061775046));
#2457 = CARTESIAN_POINT('',(209.02286742167,52.043841026709,
    7.450061775045));
#2458 = CARTESIAN_POINT('',(209.33665295397,52.043841026702,
    7.450061775044));
#2459 = ORIENTED_EDGE('',*,*,#2460,.F.);
#2460 = EDGE_CURVE('',#2461,#2450,#2463,.T.);
#2461 = VERTEX_POINT('',#2462);
#2462 = CARTESIAN_POINT('',(212.15917522438,48.679582104021,
    3.418598737426E-12));
#2463 = B_SPLINE_CURVE_WITH_KNOTS('',3,(#2464,#2465,#2466,#2467,#2468,
    #2469,#2470,#2471,#2472,#2473,#2474,#2475,#2476),.UNSPECIFIED.,.F.,
  .F.,(4,3,3,3,4),(-10.01938500333,-6.389803473898,-5.088400849744,
    -2.137930077836,-1.405345252763),.UNSPECIFIED.);
#2464 = CARTESIAN_POINT('',(212.15917522438,48.679582104022,
    1.856450772463E-12));
#2465 = CARTESIAN_POINT('',(211.76611266179,49.150152367864,
    1.042065315332));
#2466 = CARTESIAN_POINT('',(211.36934132502,49.624474964323,
    2.092382556229));
#2467 = CARTESIAN_POINT('',(210.9734617391,50.096817339828,
    3.138347490465));
#2468 = CARTESIAN_POINT('',(210.83151735026,50.266177802458,
    3.513382876541));
#2469 = CARTESIAN_POINT('',(210.68968764231,50.435283467332,
    3.887858200654));
#2470 = CARTESIAN_POINT('',(210.54818474493,50.603870448073,
    4.261190918551));
#2471 = CARTESIAN_POINT('',(210.22737690644,50.986081879009,
    5.107590988681));
#2472 = CARTESIAN_POINT('',(209.90303081852,51.371843811473,
    5.961889075008));
#2473 = CARTESIAN_POINT('',(209.57843323865,51.757063609271,
    6.814976207067));
#2474 = CARTESIAN_POINT('',(209.49783753726,51.852711456683,
    7.026792807103));
#2475 = CARTESIAN_POINT('',(209.41722633634,51.948325757587,
    7.238534515927));
#2476 = CARTESIAN_POINT('',(209.3366499508,52.043843766898,
    7.450061470946));
#2477 = ORIENTED_EDGE('',*,*,#2478,.T.);
#2478 = EDGE_CURVE('',#2461,#2479,#2481,.T.);
#2479 = VERTEX_POINT('',#2480);
#2480 = CARTESIAN_POINT('',(177.78103984044,48.679582104021,
    3.416822380586E-12));
#2481 = LINE('',#2482,#2483);
#2482 = CARTESIAN_POINT('',(201.4951075324,48.679582104021,
    3.418598737426E-12));
#2483 = VECTOR('',#2484,1.);
#2484 = DIRECTION('',(-1.,-1.893467836216E-17,-1.007310030931E-16));
#2485 = ORIENTED_EDGE('',*,*,#2486,.F.);
#2486 = EDGE_CURVE('',#2487,#2479,#2489,.T.);
#2487 = VERTEX_POINT('',#2488);
#2488 = CARTESIAN_POINT('',(180.60356211087,52.043841026745,
    7.450061775137));
#2489 = B_SPLINE_CURVE_WITH_KNOTS('',3,(#2490,#2491,#2492,#2493,#2494,
    #2495,#2496,#2497,#2498,#2499,#2500,#2501,#2502),.UNSPECIFIED.,.F.,
  .F.,(4,3,3,3,4),(-8.807014925988,-5.85192686406,-5.095265118995,
    -1.470122077817,-0.206407806315),.UNSPECIFIED.);
#2490 = CARTESIAN_POINT('',(180.60356511402,52.043843766938,
    7.45006147104));
#2491 = CARTESIAN_POINT('',(180.27808290946,51.658006005156,
    6.595614362387));
#2492 = CARTESIAN_POINT('',(179.95198268548,51.270538274677,
    5.737535430354));
#2493 = CARTESIAN_POINT('',(179.62857258369,50.885564781355,
    4.885003796147));
#2494 = CARTESIAN_POINT('',(179.54576217436,50.78699082716,
    4.666709768848));
#2495 = CARTESIAN_POINT('',(179.46312813586,50.688580319858,
    4.448779202883));
#2496 = CARTESIAN_POINT('',(179.3807259909,50.590402162334,
    4.231365662086));
#2497 = CARTESIAN_POINT('',(178.9859398605,50.120033643159,3.1897441058)
  );
#2498 = CARTESIAN_POINT('',(178.58863398768,49.645657026773,
    2.139300739341));
#2499 = CARTESIAN_POINT('',(178.19340913359,49.173005442775,
    1.092655724824));
#2500 = CARTESIAN_POINT('',(178.0556349043,49.00824048168,0.727798331055
    ));
#2501 = CARTESIAN_POINT('',(177.9181135433,48.843685263854,0.36340207644
    ));
#2502 = CARTESIAN_POINT('',(177.78103984042,48.679582104029,
    1.833200258261E-12));
#2503 = ORIENTED_EDGE('',*,*,#2504,.T.);
#2504 = EDGE_CURVE('',#2487,#2505,#2507,.T.);
#2505 = VERTEX_POINT('',#2506);
#2506 = CARTESIAN_POINT('',(182.6951075324,52.043841026745,
    7.450061775131));
#2507 = B_SPLINE_CURVE_WITH_KNOTS('',3,(#2508,#2509,#2510,#2511,#2512,
    #2513),.UNSPECIFIED.,.F.,.F.,(4,2,4),(0.228233700354,1.169590297497,
    2.319779121888),.UNSPECIFIED.);
#2508 = CARTESIAN_POINT('',(180.60356211087,52.043841026745,
    7.450061775137));
#2509 = CARTESIAN_POINT('',(180.91734764325,52.043841026745,
    7.450061775136));
#2510 = CARTESIAN_POINT('',(181.23113317563,52.043841026745,
    7.450061775135));
#2511 = CARTESIAN_POINT('',(181.92831498281,52.043841026745,
    7.450061775133));
#2512 = CARTESIAN_POINT('',(182.31171125761,52.043841026745,
    7.450061775132));
#2513 = CARTESIAN_POINT('',(182.6951075324,52.043841026745,
    7.450061775131));
#2514 = ORIENTED_EDGE('',*,*,#2515,.T.);
#2515 = EDGE_CURVE('',#2505,#2516,#2518,.T.);
#2516 = VERTEX_POINT('',#2517);
#2517 = CARTESIAN_POINT('',(182.6951075324,50.563073654572,
    4.170941870655));
#2518 = LINE('',#2519,#2520);
#2519 = CARTESIAN_POINT('',(182.6951075324,52.176922848157,
    7.744767923936));
#2520 = VECTOR('',#2521,1.);
#2521 = DIRECTION('',(0.,-0.411557753061,-0.911383682044));
#2522 = ORIENTED_EDGE('',*,*,#2523,.T.);
#2523 = EDGE_CURVE('',#2516,#2524,#2526,.T.);
#2524 = VERTEX_POINT('',#2525);
#2525 = CARTESIAN_POINT('',(183.3451075324,50.563073654572,
    4.170941870655));
#2526 = LINE('',#2527,#2528);
#2527 = CARTESIAN_POINT('',(196.7326075324,50.563073654572,
    4.170941870655));
#2528 = VECTOR('',#2529,1.);
#2529 = DIRECTION('',(1.,-2.655288753721E-17,0.));
#2530 = ORIENTED_EDGE('',*,*,#2531,.T.);
#2531 = EDGE_CURVE('',#2524,#2113,#2532,.T.);
#2532 = LINE('',#2533,#2534);
#2533 = CARTESIAN_POINT('',(183.3451075324,52.176922848157,
    7.744767923936));
#2534 = VECTOR('',#2535,1.);
#2535 = DIRECTION('',(0.,0.411557753061,0.911383682044));
#2536 = ORIENTED_EDGE('',*,*,#2121,.T.);
#2537 = ORIENTED_EDGE('',*,*,#2538,.T.);
#2538 = EDGE_CURVE('',#2122,#2539,#2541,.T.);
#2539 = VERTEX_POINT('',#2540);
#2540 = CARTESIAN_POINT('',(194.6451075324,50.563073654557,
    4.170941870655));
#2541 = B_SPLINE_CURVE_WITH_KNOTS('',3,(#2542,#2543,#2544,#2545,#2546,
    #2547,#2548,#2549,#2550),.UNSPECIFIED.,.F.,.F.,(4,2,3,4),(
    0.43592490539,1.422976276872,3.59498948068,4.033882570254),
  .UNSPECIFIED.);
#2542 = CARTESIAN_POINT('',(194.6451075324,52.043841026723,
    7.450061775092));
#2543 = CARTESIAN_POINT('',(194.6451075324,51.908431478529,
    7.150200937323));
#2544 = CARTESIAN_POINT('',(194.6451075324,51.773021930327,
    6.850340099554));
#2545 = CARTESIAN_POINT('',(194.6451075324,51.339642757528,
    5.890633464741));
#2546 = CARTESIAN_POINT('',(194.6451075324,51.041673132931,
    5.230787667699));
#2547 = CARTESIAN_POINT('',(194.6451075324,50.743703508342,
    4.570941870655));
#2548 = CARTESIAN_POINT('',(194.6451075324,50.683493557081,
    4.437608537321));
#2549 = CARTESIAN_POINT('',(194.6451075324,50.623283605819,
    4.304275203988));
#2550 = CARTESIAN_POINT('',(194.6451075324,50.563073654557,
    4.170941870654));
#2551 = ORIENTED_EDGE('',*,*,#2552,.T.);
#2552 = EDGE_CURVE('',#2539,#2553,#2555,.T.);
#2553 = VERTEX_POINT('',#2554);
#2554 = CARTESIAN_POINT('',(195.2951075324,50.563073654572,
    4.170941870655));
#2555 = LINE('',#2556,#2557);
#2556 = CARTESIAN_POINT('',(196.7326075324,50.563073654572,
    4.170941870655));
#2557 = VECTOR('',#2558,1.);
#2558 = DIRECTION('',(1.,-2.655288753721E-17,0.));
#2559 = ORIENTED_EDGE('',*,*,#2560,.T.);
#2560 = EDGE_CURVE('',#2553,#2047,#2561,.T.);
#2561 = LINE('',#2562,#2563);
#2562 = CARTESIAN_POINT('',(195.2951075324,52.176922848157,
    7.744767923936));
#2563 = VECTOR('',#2564,1.);
#2564 = DIRECTION('',(8.317991019612E-14,0.411557753061,0.911383682044)
  );
#2565 = ORIENTED_EDGE('',*,*,#2055,.T.);
#2566 = PLANE('',#2567);
#2567 = AXIS2_PLACEMENT_3D('',#2568,#2569,#2570);
#2568 = CARTESIAN_POINT('',(198.4951075324,52.105025340687,
    7.585552808679));
#2569 = DIRECTION('',(2.419986841255E-17,0.911383682044,-0.411557753061)
  );
#2570 = DIRECTION('',(3.08148791102E-33,-0.411557753061,-0.911383682044)
  );
#2571 = ADVANCED_FACE('',(#2572),#2584,.F.);
#2572 = FACE_BOUND('',#2573,.F.);
#2573 = EDGE_LOOP('',(#2574,#2575,#2582,#2583));
#2574 = ORIENTED_EDGE('',*,*,#2449,.T.);
#2575 = ORIENTED_EDGE('',*,*,#2576,.T.);
#2576 = EDGE_CURVE('',#2450,#1753,#2577,.T.);
#2577 = B_SPLINE_CURVE_WITH_KNOTS('',3,(#2578,#2579,#2580,#2581),
  .UNSPECIFIED.,.F.,.F.,(4,4),(-3.165189211475,-0.313048210635),
  .PIECEWISE_BEZIER_KNOTS.);
#2578 = CARTESIAN_POINT('',(209.33665295397,52.043841026702,
    7.450061775045));
#2579 = CARTESIAN_POINT('',(209.28779934765,52.993353567755,
    7.437523412398));
#2580 = CARTESIAN_POINT('',(209.24746967859,53.942768122746,
    7.391557573438));
#2581 = CARTESIAN_POINT('',(209.21756147257,54.889695193109,
    7.312211272906));
#2582 = ORIENTED_EDGE('',*,*,#1765,.T.);
#2583 = ORIENTED_EDGE('',*,*,#2422,.T.);
#2584 = B_SPLINE_SURFACE_WITH_KNOTS('',3,3,(
    (#2585,#2586,#2587,#2588)
    ,(#2589,#2590,#2591,#2592)
    ,(#2593,#2594,#2595,#2596)
    ,(#2597,#2598,#2599,#2600
    )),.UNSPECIFIED.,.F.,.F.,.F.,(4,4),(4,4),(1.61552056658,
    1.666368510378),(-0.203403964351,-0.133236973623),
  .PIECEWISE_BEZIER_KNOTS.);
#2585 = CARTESIAN_POINT('',(209.33665295391,54.889695193109,
    7.312211272906));
#2586 = CARTESIAN_POINT('',(209.33665295393,53.941285540881,
    7.39168180411));
#2587 = CARTESIAN_POINT('',(209.33665295395,52.991489829816,
    7.437548023154));
#2588 = CARTESIAN_POINT('',(209.33665295397,52.043841026709,
    7.450061775044));
#2589 = CARTESIAN_POINT('',(208.63947114672,54.889695193095,
    7.312211272909));
#2590 = CARTESIAN_POINT('',(208.63947114674,53.941285540866,
    7.391681804113));
#2591 = CARTESIAN_POINT('',(208.63947114676,52.991489829801,
    7.437548023157));
#2592 = CARTESIAN_POINT('',(208.63947114678,52.043841026694,
    7.450061775047));
#2593 = CARTESIAN_POINT('',(207.94228933953,54.88969519308,
    7.312211272911));
#2594 = CARTESIAN_POINT('',(207.94228933955,53.941285540852,
    7.391681804115));
#2595 = CARTESIAN_POINT('',(207.94228933956,52.991489829787,
    7.437548023159));
#2596 = CARTESIAN_POINT('',(207.94228933958,52.04384102668,
    7.450061775049));
#2597 = CARTESIAN_POINT('',(207.24510753234,54.889695193066,
    7.312211272914));
#2598 = CARTESIAN_POINT('',(207.24510753236,53.941285540837,
    7.391681804118));
#2599 = CARTESIAN_POINT('',(207.24510753238,52.991489829772,
    7.437548023162));
#2600 = CARTESIAN_POINT('',(207.2451075324,52.043841026665,
    7.450061775052));
#2601 = ADVANCED_FACE('',(#2602),#2620,.F.);
#2602 = FACE_BOUND('',#2603,.T.);
#2603 = EDGE_LOOP('',(#2604,#2605,#2612,#2613,#2614));
#2604 = ORIENTED_EDGE('',*,*,#2552,.F.);
#2605 = ORIENTED_EDGE('',*,*,#2606,.T.);
#2606 = EDGE_CURVE('',#2539,#1420,#2607,.T.);
#2607 = B_SPLINE_CURVE_WITH_KNOTS('',3,(#2608,#2609,#2610,#2611),
  .UNSPECIFIED.,.F.,.F.,(4,4),(-17.44496754455,-14.3803684448),
  .PIECEWISE_BEZIER_KNOTS.);
#2608 = CARTESIAN_POINT('',(194.6451075324,50.563073654557,
    4.170941870655));
#2609 = CARTESIAN_POINT('',(194.6451075324,51.584606687808,
    4.170941870655));
#2610 = CARTESIAN_POINT('',(194.6451075324,52.606139721058,
    4.170941870655));
#2611 = CARTESIAN_POINT('',(194.6451075324,53.627672754308,
    4.170941870655));
#2612 = ORIENTED_EDGE('',*,*,#1419,.F.);
#2613 = ORIENTED_EDGE('',*,*,#1394,.F.);
#2614 = ORIENTED_EDGE('',*,*,#2615,.F.);
#2615 = EDGE_CURVE('',#2553,#1387,#2616,.T.);
#2616 = LINE('',#2617,#2618);
#2617 = CARTESIAN_POINT('',(195.2951075324,56.470541199109,
    4.170941870655));
#2618 = VECTOR('',#2619,1.);
#2619 = DIRECTION('',(2.021099337273E-13,1.,0.));
#2620 = PLANE('',#2621);
#2621 = AXIS2_PLACEMENT_3D('',#2622,#2623,#2624);
#2622 = CARTESIAN_POINT('',(194.9701075324,56.633041199115,
    4.170941870655));
#2623 = DIRECTION('',(0.,0.,1.));
#2624 = DIRECTION('',(1.,0.,-0.));
#2625 = ADVANCED_FACE('',(#2626),#2632,.T.);
#2626 = FACE_BOUND('',#2627,.T.);
#2627 = EDGE_LOOP('',(#2628,#2629,#2630,#2631));
#2628 = ORIENTED_EDGE('',*,*,#2560,.F.);
#2629 = ORIENTED_EDGE('',*,*,#2615,.T.);
#2630 = ORIENTED_EDGE('',*,*,#1386,.F.);
#2631 = ORIENTED_EDGE('',*,*,#2046,.T.);
#2632 = PLANE('',#2633);
#2633 = AXIS2_PLACEMENT_3D('',#2634,#2635,#2636);
#2634 = CARTESIAN_POINT('',(195.2951075324,56.30804119911,6.070941870655
    ));
#2635 = DIRECTION('',(1.,-2.021099337273E-13,0.));
#2636 = DIRECTION('',(0.,0.,-1.));
#2637 = ADVANCED_FACE('',(#2638),#2644,.F.);
#2638 = FACE_BOUND('',#2639,.F.);
#2639 = EDGE_LOOP('',(#2640,#2641,#2642,#2643));
#2640 = ORIENTED_EDGE('',*,*,#2606,.T.);
#2641 = ORIENTED_EDGE('',*,*,#1428,.F.);
#2642 = ORIENTED_EDGE('',*,*,#2132,.F.);
#2643 = ORIENTED_EDGE('',*,*,#2538,.T.);
#2644 = B_SPLINE_SURFACE_WITH_KNOTS('',1,1,(
    (#2645,#2646,#2647,#2648)
    ,(#2649,#2650,#2651,#2652)
    ,(#2653,#2654,#2655,#2656)
    ,(#2657,#2658,#2659,#2660
    )),.UNSPECIFIED.,.F.,.F.,.F.,(2,1,1,2),(2,1,1,2),(-66.20000000002,
    -3.4354741274E-12,18.000000000003,20.700000000005),(-1.,0.,3.,10.5),
  .UNSPECIFIED.);
#2645 = CARTESIAN_POINT('',(194.64510753238,-18.89195880088,
    3.570941870655));
#2646 = CARTESIAN_POINT('',(194.64510753238,-18.89195880088,
    4.570941870655));
#2647 = CARTESIAN_POINT('',(194.64510753238,-18.89195880088,
    7.570941870655));
#2648 = CARTESIAN_POINT('',(194.64510753238,-18.89195880088,
    15.070941870655));
#2649 = CARTESIAN_POINT('',(194.6451075324,47.30804119911,3.570941870655
    ));
#2650 = CARTESIAN_POINT('',(194.6451075324,47.30804119911,4.570941870655
    ));
#2651 = CARTESIAN_POINT('',(194.6451075324,47.30804119911,7.570941870655
    ));
#2652 = CARTESIAN_POINT('',(194.6451075324,47.30804119911,
    15.070941870655));
#2653 = CARTESIAN_POINT('',(194.6451075324,65.30804119911,3.570941870655
    ));
#2654 = CARTESIAN_POINT('',(194.6451075324,65.30804119911,4.570941870655
    ));
#2655 = CARTESIAN_POINT('',(194.6451075324,65.30804119911,7.570941870655
    ));
#2656 = CARTESIAN_POINT('',(194.6451075324,65.30804119911,
    15.070941870655));
#2657 = CARTESIAN_POINT('',(194.6451075324,68.008041199107,
    3.570941870655));
#2658 = CARTESIAN_POINT('',(194.6451075324,68.008041199107,
    4.570941870655));
#2659 = CARTESIAN_POINT('',(194.6451075324,68.008041199107,
    7.570941870655));
#2660 = CARTESIAN_POINT('',(194.6451075324,68.008041199107,
    15.070941870655));
#2661 = ADVANCED_FACE('',(#2662),#2679,.F.);
#2662 = FACE_BOUND('',#2663,.T.);
#2663 = EDGE_LOOP('',(#2664,#2665,#2672,#2673));
#2664 = ORIENTED_EDGE('',*,*,#2515,.F.);
#2665 = ORIENTED_EDGE('',*,*,#2666,.T.);
#2666 = EDGE_CURVE('',#2505,#2316,#2667,.T.);
#2667 = B_SPLINE_CURVE_WITH_KNOTS('',3,(#2668,#2669,#2670,#2671),
  .UNSPECIFIED.,.F.,.F.,(4,4),(0.258095605723,1.842940296937),
  .PIECEWISE_BEZIER_KNOTS.);
#2668 = CARTESIAN_POINT('',(182.6951075324,52.043841026753,
    7.450061775131));
#2669 = CARTESIAN_POINT('',(182.69510753239,52.571323184908,
    7.443096345702));
#2670 = CARTESIAN_POINT('',(182.69510753238,53.099470515335,
    7.425797386928));
#2671 = CARTESIAN_POINT('',(182.69510753237,53.627673732844,
    7.398121466351));
#2672 = ORIENTED_EDGE('',*,*,#2315,.F.);
#2673 = ORIENTED_EDGE('',*,*,#2674,.T.);
#2674 = EDGE_CURVE('',#2307,#2516,#2675,.T.);
#2675 = LINE('',#2676,#2677);
#2676 = CARTESIAN_POINT('',(182.6951075324,56.470541199116,
    4.170941870655));
#2677 = VECTOR('',#2678,1.);
#2678 = DIRECTION('',(0.,-1.,0.));
#2679 = PLANE('',#2680);
#2680 = AXIS2_PLACEMENT_3D('',#2681,#2682,#2683);
#2681 = CARTESIAN_POINT('',(182.6951075324,56.30804119911,6.070941870655
    ));
#2682 = DIRECTION('',(1.,0.,0.));
#2683 = DIRECTION('',(0.,-1.,0.));
#2684 = ADVANCED_FACE('',(#2685),#2697,.F.);
#2685 = FACE_BOUND('',#2686,.T.);
#2686 = EDGE_LOOP('',(#2687,#2688,#2689,#2690,#2691));
#2687 = ORIENTED_EDGE('',*,*,#2523,.F.);
#2688 = ORIENTED_EDGE('',*,*,#2674,.F.);
#2689 = ORIENTED_EDGE('',*,*,#2306,.F.);
#2690 = ORIENTED_EDGE('',*,*,#2281,.F.);
#2691 = ORIENTED_EDGE('',*,*,#2692,.T.);
#2692 = EDGE_CURVE('',#2274,#2524,#2693,.T.);
#2693 = LINE('',#2694,#2695);
#2694 = CARTESIAN_POINT('',(183.3451075324,56.470541199116,
    4.170941870655));
#2695 = VECTOR('',#2696,1.);
#2696 = DIRECTION('',(0.,-1.,0.));
#2697 = PLANE('',#2698);
#2698 = AXIS2_PLACEMENT_3D('',#2699,#2700,#2701);
#2699 = CARTESIAN_POINT('',(194.9701075324,56.633041199115,
    4.170941870655));
#2700 = DIRECTION('',(0.,0.,1.));
#2701 = DIRECTION('',(1.,0.,-0.));
#2702 = ADVANCED_FACE('',(#2703),#2709,.T.);
#2703 = FACE_BOUND('',#2704,.T.);
#2704 = EDGE_LOOP('',(#2705,#2706,#2707,#2708));
#2705 = ORIENTED_EDGE('',*,*,#2531,.F.);
#2706 = ORIENTED_EDGE('',*,*,#2692,.F.);
#2707 = ORIENTED_EDGE('',*,*,#2273,.F.);
#2708 = ORIENTED_EDGE('',*,*,#2112,.T.);
#2709 = PLANE('',#2710);
#2710 = AXIS2_PLACEMENT_3D('',#2711,#2712,#2713);
#2711 = CARTESIAN_POINT('',(183.3451075324,56.30804119911,6.070941870655
    ));
#2712 = DIRECTION('',(1.,0.,0.));
#2713 = DIRECTION('',(0.,-1.,0.));
#2714 = ADVANCED_FACE('',(#2715),#2727,.F.);
#2715 = FACE_BOUND('',#2716,.F.);
#2716 = EDGE_LOOP('',(#2717,#2718,#2725,#2726));
#2717 = ORIENTED_EDGE('',*,*,#2323,.T.);
#2718 = ORIENTED_EDGE('',*,*,#2719,.T.);
#2719 = EDGE_CURVE('',#2324,#2487,#2720,.T.);
#2720 = B_SPLINE_CURVE_WITH_KNOTS('',3,(#2721,#2722,#2723,#2724),
  .UNSPECIFIED.,.F.,.F.,(4,4),(-3.111051853164,-0.258446329179),
  .PIECEWISE_BEZIER_KNOTS.);
#2721 = CARTESIAN_POINT('',(180.72265359225,54.889695193066,
    7.312211272959));
#2722 = CARTESIAN_POINT('',(180.69274538607,53.942768117639,
    7.391557573929));
#2723 = CARTESIAN_POINT('',(180.65241571674,52.993353559104,
    7.437523412589));
#2724 = CARTESIAN_POINT('',(180.60356211087,52.043841026753,
    7.450061775137));
#2725 = ORIENTED_EDGE('',*,*,#2504,.T.);
#2726 = ORIENTED_EDGE('',*,*,#2666,.T.);
#2727 = B_SPLINE_SURFACE_WITH_KNOTS('',3,3,(
    (#2728,#2729,#2730,#2731)
    ,(#2732,#2733,#2734,#2735)
    ,(#2736,#2737,#2738,#2739)
    ,(#2740,#2741,#2742,#2743
    )),.UNSPECIFIED.,.F.,.F.,.F.,(4,4),(4,4),(2.263208056568,
    2.314056000367),(-0.203403964366,-0.133236973639),
  .PIECEWISE_BEZIER_KNOTS.);
#2728 = CARTESIAN_POINT('',(182.69510753238,54.889695193102,
    7.312211272952));
#2729 = CARTESIAN_POINT('',(182.6951075324,53.941285540888,
    7.391681804168));
#2730 = CARTESIAN_POINT('',(182.69510753242,52.991489829845,
    7.437548023226));
#2731 = CARTESIAN_POINT('',(182.69510753244,52.043841026753,
    7.450061775131));
#2732 = CARTESIAN_POINT('',(181.99792572519,54.889695193087,
    7.312211272954));
#2733 = CARTESIAN_POINT('',(181.99792572521,53.941285540874,
    7.391681804171));
#2734 = CARTESIAN_POINT('',(181.99792572523,52.99148982983,
    7.437548023228));
#2735 = CARTESIAN_POINT('',(181.99792572525,52.043841026738,
    7.450061775133));
#2736 = CARTESIAN_POINT('',(181.300743918,54.889695193066,7.312211272957
    ));
#2737 = CARTESIAN_POINT('',(181.30074391802,53.941285540852,
    7.391681804173));
#2738 = CARTESIAN_POINT('',(181.30074391804,52.991489829808,
    7.437548023231));
#2739 = CARTESIAN_POINT('',(181.30074391806,52.043841026716,
    7.450061775135));
#2740 = CARTESIAN_POINT('',(180.60356211081,54.889695193051,
    7.312211272959));
#2741 = CARTESIAN_POINT('',(180.60356211083,53.941285540837,
    7.391681804176));
#2742 = CARTESIAN_POINT('',(180.60356211084,52.991489829794,
    7.437548023233));
#2743 = CARTESIAN_POINT('',(180.60356211087,52.043841026702,
    7.450061775138));
#2744 = ADVANCED_FACE('',(#2745),#2765,.F.);
#2745 = FACE_BOUND('',#2746,.F.);
#2746 = EDGE_LOOP('',(#2747,#2748,#2749,#2750,#2751,#2752,#2761,#2762,
    #2763,#2764));
#2747 = ORIENTED_EDGE('',*,*,#2251,.F.);
#2748 = ORIENTED_EDGE('',*,*,#2197,.F.);
#2749 = ORIENTED_EDGE('',*,*,#2350,.T.);
#2750 = ORIENTED_EDGE('',*,*,#1581,.F.);
#2751 = ORIENTED_EDGE('',*,*,#1144,.T.);
#2752 = ORIENTED_EDGE('',*,*,#2753,.F.);
#2753 = EDGE_CURVE('',#2479,#1145,#2754,.T.);
#2754 = B_SPLINE_CURVE_WITH_KNOTS('',3,(#2755,#2756,#2757,#2758,#2759,
    #2760),.UNSPECIFIED.,.F.,.F.,(4,2,4),(0.23753315244,7.885787469683,
    15.440286083907),.UNSPECIFIED.);
#2755 = CARTESIAN_POINT('',(177.78103984042,48.679582104014,
    3.415046023747E-12));
#2756 = CARTESIAN_POINT('',(177.7876133374,51.232469937866,
    3.415046023747E-12));
#2757 = CARTESIAN_POINT('',(177.79546066807,53.839686289764,
    3.46389583683E-12));
#2758 = CARTESIAN_POINT('',(177.81439032733,58.917020175962,
    3.46389583683E-12));
#2759 = CARTESIAN_POINT('',(177.82591164319,61.518493591124,
    3.473221710237E-12));
#2760 = CARTESIAN_POINT('',(177.84033029652,64.053266402181,
    3.473221710237E-12));
#2761 = ORIENTED_EDGE('',*,*,#2486,.F.);
#2762 = ORIENTED_EDGE('',*,*,#2719,.F.);
#2763 = ORIENTED_EDGE('',*,*,#2336,.T.);
#2764 = ORIENTED_EDGE('',*,*,#2171,.F.);
#2765 = B_SPLINE_SURFACE_WITH_KNOTS('',3,3,(
    (#2766,#2767,#2768,#2769)
    ,(#2770,#2771,#2772,#2773)
    ,(#2774,#2775,#2776,#2777)
    ,(#2778,#2779,#2780,#2781
    )),.UNSPECIFIED.,.F.,.F.,.F.,(4,4),(4,4),(6.597123961994E-02,
    0.931825699096),(-6.371099647051E-02,0.944692651749),
  .PIECEWISE_BEZIER_KNOTS.);
#2766 = CARTESIAN_POINT('',(180.81364261595,52.02202312689,
    8.047999748383));
#2767 = CARTESIAN_POINT('',(179.80304200621,50.913115520205,
    5.363004694614));
#2768 = CARTESIAN_POINT('',(178.79199239365,49.798021383853,
    2.680809474463));
#2769 = CARTESIAN_POINT('',(177.78103984042,48.679582104029,
    1.504130153762E-12));
#2770 = CARTESIAN_POINT('',(180.80053452626,55.929472400712,
    7.33635670167));
#2771 = CARTESIAN_POINT('',(179.79063029842,55.22845908517,
    4.866707957429));
#2772 = CARTESIAN_POINT('',(178.77990283084,54.520052675834,
    2.399623499937));
#2773 = CARTESIAN_POINT('',(177.76935351672,53.807868727192,
    -6.619441913764E-02));
#2774 = CARTESIAN_POINT('',(180.78327233512,59.835478129426,
    6.616348998781));
#2775 = CARTESIAN_POINT('',(179.77431509352,59.543121940129,
    4.363004338853));
#2776 = CARTESIAN_POINT('',(178.76426793323,59.241791829758,
    2.111882934728));
#2777 = CARTESIAN_POINT('',(177.75435799951,58.936114892007,
    -0.13829722953));
#2778 = CARTESIAN_POINT('',(180.75133949536,63.738458893815,
    5.878813068722));
#2779 = CARTESIAN_POINT('',(179.74633343576,63.856586264883,
    3.845061580957));
#2780 = CARTESIAN_POINT('',(178.73882758376,63.963011446744,
    1.812101636596));
#2781 = CARTESIAN_POINT('',(177.73084472696,64.064289713046,
    -0.220818829066));
#2782 = ADVANCED_FACE('',(#2783),#2803,.T.);
#2783 = FACE_BOUND('',#2784,.T.);
#2784 = EDGE_LOOP('',(#2785,#2786,#2787,#2788,#2789,#2798,#2799,#2800,
    #2801,#2802));
#2785 = ORIENTED_EDGE('',*,*,#1641,.T.);
#2786 = ORIENTED_EDGE('',*,*,#1738,.F.);
#2787 = ORIENTED_EDGE('',*,*,#1027,.T.);
#2788 = ORIENTED_EDGE('',*,*,#1163,.T.);
#2789 = ORIENTED_EDGE('',*,*,#2790,.T.);
#2790 = EDGE_CURVE('',#1156,#2461,#2791,.T.);
#2791 = B_SPLINE_CURVE_WITH_KNOTS('',3,(#2792,#2793,#2794,#2795,#2796,
    #2797),.UNSPECIFIED.,.F.,.F.,(4,2,4),(0.243037704302,7.813628140809,
    15.51959460031),.UNSPECIFIED.);
#2792 = CARTESIAN_POINT('',(212.09988476828,64.053266402174,
    3.419486915845E-12));
#2793 = CARTESIAN_POINT('',(212.11426424078,61.525381508814,
    3.419486915845E-12));
#2794 = CARTESIAN_POINT('',(212.12576120639,58.931328458493,
    2.610356375499E-12));
#2795 = CARTESIAN_POINT('',(212.1447117122,53.853893120227,
    2.610356375499E-12));
#2796 = CARTESIAN_POINT('',(212.15258406734,51.239328408512,
    3.419042826636E-12));
#2797 = CARTESIAN_POINT('',(212.15917522438,48.679582104014,
    3.419042826636E-12));
#2798 = ORIENTED_EDGE('',*,*,#2460,.T.);
#2799 = ORIENTED_EDGE('',*,*,#2576,.T.);
#2800 = ORIENTED_EDGE('',*,*,#1752,.F.);
#2801 = ORIENTED_EDGE('',*,*,#1718,.T.);
#2802 = ORIENTED_EDGE('',*,*,#1686,.T.);
#2803 = B_SPLINE_SURFACE_WITH_KNOTS('',3,3,(
    (#2804,#2805,#2806,#2807)
    ,(#2808,#2809,#2810,#2811)
    ,(#2812,#2813,#2814,#2815)
    ,(#2816,#2817,#2818,#2819
    )),.UNSPECIFIED.,.F.,.F.,.F.,(4,4),(4,4),(6.59712396199E-02,
    0.931825699096),(-6.371104626933E-02,0.944692651749),
  .PIECEWISE_BEZIER_KNOTS.);
#2804 = CARTESIAN_POINT('',(209.12657229912,52.022023291174,
    8.048000146169));
#2805 = CARTESIAN_POINT('',(210.13717295872,50.913115630356,
    5.363004959517));
#2806 = CARTESIAN_POINT('',(211.14822262123,49.798021439077,
    2.680809606852));
#2807 = CARTESIAN_POINT('',(212.15917522438,48.679582104021,
    1.86695103821E-12));
#2808 = CARTESIAN_POINT('',(209.1396803889,55.929472504569,
    7.336357067558));
#2809 = CARTESIAN_POINT('',(210.14958466654,55.228459155158,
    4.866708201083));
#2810 = CARTESIAN_POINT('',(211.16031218406,54.520052710999,
    2.399623621709));
#2811 = CARTESIAN_POINT('',(212.17086154808,53.807868727184,
    -6.619441913731E-02));
#2812 = CARTESIAN_POINT('',(209.15694258018,59.835478172747,
    6.616349332624));
#2813 = CARTESIAN_POINT('',(210.16589987151,59.543121969931,
    4.363004561175));
#2814 = CARTESIAN_POINT('',(211.1759470817,59.241791844848,
    2.111883045851));
#2815 = CARTESIAN_POINT('',(212.18585706529,58.936114892007,
    -0.13829722953));
#2816 = CARTESIAN_POINT('',(209.18887542054,63.738458876316,
    5.878813370025));
#2817 = CARTESIAN_POINT('',(210.19388152949,63.856586254435,
    3.845061781735));
#2818 = CARTESIAN_POINT('',(211.20138743126,63.963011441745,
    1.812101736989));
#2819 = CARTESIAN_POINT('',(212.20937033784,64.064289713046,
    -0.220818829065));
#2820 = ADVANCED_FACE('',(#2821),#2935,.F.);
#2821 = FACE_BOUND('',#2822,.F.);
#2822 = EDGE_LOOP('',(#2823,#2834,#2845,#2854,#2863,#2872,#2881,#2890,
    #2901,#2910,#2919,#2928));
#2823 = ORIENTED_EDGE('',*,*,#2824,.T.);
#2824 = EDGE_CURVE('',#2825,#2827,#2829,.T.);
#2825 = VERTEX_POINT('',#2826);
#2826 = CARTESIAN_POINT('',(194.47010753239,55.808041199125,
    7.224712354837));
#2827 = VERTEX_POINT('',#2828);
#2828 = CARTESIAN_POINT('',(194.47010753239,54.308041199125,
    7.356732339739));
#2829 = B_SPLINE_CURVE_WITH_KNOTS('',3,(#2830,#2831,#2832,#2833),
  .UNSPECIFIED.,.F.,.F.,(4,4),(2.625561995047,4.131541967489),
  .PIECEWISE_BEZIER_KNOTS.);
#2830 = CARTESIAN_POINT('',(194.47010753239,55.808041199125,
    7.224712354837));
#2831 = CARTESIAN_POINT('',(194.47010753239,55.308917766175,
    7.278013310715));
#2832 = CARTESIAN_POINT('',(194.47010753239,54.808831326831,
    7.322028136941));
#2833 = CARTESIAN_POINT('',(194.47010753239,54.308041199125,
    7.356732339739));
#2834 = ORIENTED_EDGE('',*,*,#2835,.T.);
#2835 = EDGE_CURVE('',#2827,#2836,#2838,.T.);
#2836 = VERTEX_POINT('',#2837);
#2837 = CARTESIAN_POINT('',(195.47010753239,54.308041199125,
    7.356732339737));
#2838 = B_SPLINE_CURVE_WITH_KNOTS('',3,(#2839,#2840,#2841,#2842,#2843,
    #2844),.UNSPECIFIED.,.F.,.F.,(4,2,4),(1.499999999968,2.000000000011,
    2.499999999968),.UNSPECIFIED.);
#2839 = CARTESIAN_POINT('',(194.47010753239,54.308041199125,
    7.356732339739));
#2840 = CARTESIAN_POINT('',(194.63677419908,54.308041199125,
    7.356732339738));
#2841 = CARTESIAN_POINT('',(194.80344086575,54.308041199125,
    7.356732339738));
#2842 = CARTESIAN_POINT('',(195.13677419909,54.308041199125,
    7.356732339737));
#2843 = CARTESIAN_POINT('',(195.30344086574,54.308041199125,
    7.356732339737));
#2844 = CARTESIAN_POINT('',(195.47010753239,54.308041199125,
    7.356732339737));
#2845 = ORIENTED_EDGE('',*,*,#2846,.T.);
#2846 = EDGE_CURVE('',#2836,#2847,#2849,.T.);
#2847 = VERTEX_POINT('',#2848);
#2848 = CARTESIAN_POINT('',(195.47010753239,55.808041199125,
    7.224712354836));
#2849 = B_SPLINE_CURVE_WITH_KNOTS('',3,(#2850,#2851,#2852,#2853),
  .UNSPECIFIED.,.F.,.F.,(4,4),(2.744776829221E-02,1.533427740734),
  .PIECEWISE_BEZIER_KNOTS.);
#2850 = CARTESIAN_POINT('',(195.47010753239,54.308041199125,
    7.356732339737));
#2851 = CARTESIAN_POINT('',(195.47010753239,54.808831326831,
    7.322028136939));
#2852 = CARTESIAN_POINT('',(195.47010753239,55.308917766168,
    7.278013310713));
#2853 = CARTESIAN_POINT('',(195.47010753239,55.808041199118,
    7.224712354836));
#2854 = ORIENTED_EDGE('',*,*,#2855,.T.);
#2855 = EDGE_CURVE('',#2847,#2856,#2858,.T.);
#2856 = VERTEX_POINT('',#2857);
#2857 = CARTESIAN_POINT('',(196.97010753239,55.808041199125,
    7.224712354834));
#2858 = B_SPLINE_CURVE_WITH_KNOTS('',3,(#2859,#2860,#2861,#2862),
  .UNSPECIFIED.,.F.,.F.,(4,4),(2.500000000001,4.000000000023),
  .PIECEWISE_BEZIER_KNOTS.);
#2859 = CARTESIAN_POINT('',(195.47010753239,55.808041199125,
    7.224712354836));
#2860 = CARTESIAN_POINT('',(195.9701075324,55.808041199125,
    7.224712354835));
#2861 = CARTESIAN_POINT('',(196.47010753241,55.808041199125,
    7.224712354834));
#2862 = CARTESIAN_POINT('',(196.97010753241,55.808041199125,
    7.224712354834));
#2863 = ORIENTED_EDGE('',*,*,#2864,.T.);
#2864 = EDGE_CURVE('',#2856,#2865,#2867,.T.);
#2865 = VERTEX_POINT('',#2866);
#2866 = CARTESIAN_POINT('',(196.97010753239,56.808041199125,
    7.105325201956));
#2867 = B_SPLINE_CURVE_WITH_KNOTS('',3,(#2868,#2869,#2870,#2871),
  .UNSPECIFIED.,.F.,.F.,(4,4),(0.226065241565,0.250786779269),
  .PIECEWISE_BEZIER_KNOTS.);
#2868 = CARTESIAN_POINT('',(196.97010753242,55.808040132026,
    7.224685126329));
#2869 = CARTESIAN_POINT('',(196.97010753241,56.141740345163,
    7.189044657028));
#2870 = CARTESIAN_POINT('',(196.9701075324,56.475125347715,
    7.149245269984));
#2871 = CARTESIAN_POINT('',(196.9701075324,56.808039786338,
    7.105297851594));
#2872 = ORIENTED_EDGE('',*,*,#2873,.T.);
#2873 = EDGE_CURVE('',#2865,#2874,#2876,.T.);
#2874 = VERTEX_POINT('',#2875);
#2875 = CARTESIAN_POINT('',(195.47010753239,56.808041199125,
    7.105325201957));
#2876 = B_SPLINE_CURVE_WITH_KNOTS('',3,(#2877,#2878,#2879,#2880),
  .UNSPECIFIED.,.F.,.F.,(4,4),(0.,1.499999999999),
  .PIECEWISE_BEZIER_KNOTS.);
#2877 = CARTESIAN_POINT('',(196.97010753239,56.808041199125,
    7.105325201956));
#2878 = CARTESIAN_POINT('',(196.47010753239,56.808041199125,
    7.105325201956));
#2879 = CARTESIAN_POINT('',(195.97010753239,56.808041199125,
    7.105325201956));
#2880 = CARTESIAN_POINT('',(195.47010753239,56.808041199125,
    7.105325201957));
#2881 = ORIENTED_EDGE('',*,*,#2882,.T.);
#2882 = EDGE_CURVE('',#2874,#2883,#2885,.T.);
#2883 = VERTEX_POINT('',#2884);
#2884 = CARTESIAN_POINT('',(195.47010753239,58.308041199125,
    6.878620597266));
#2885 = B_SPLINE_CURVE_WITH_KNOTS('',3,(#2886,#2887,#2888,#2889),
  .UNSPECIFIED.,.F.,.F.,(4,4),(2.540589000533,4.057811964839),
  .PIECEWISE_BEZIER_KNOTS.);
#2886 = CARTESIAN_POINT('',(195.47010753239,56.808041199125,
    7.105325201957));
#2887 = CARTESIAN_POINT('',(195.47010753239,57.309402841143,
    7.039134107934));
#2888 = CARTESIAN_POINT('',(195.47010753239,57.809490685664,
    6.963553030336));
#2889 = CARTESIAN_POINT('',(195.47010753239,58.308041199125,
    6.878620597265));
#2890 = ORIENTED_EDGE('',*,*,#2891,.T.);
#2891 = EDGE_CURVE('',#2883,#2892,#2894,.T.);
#2892 = VERTEX_POINT('',#2893);
#2893 = CARTESIAN_POINT('',(194.47010753239,58.308041199125,
    6.878620597266));
#2894 = B_SPLINE_CURVE_WITH_KNOTS('',3,(#2895,#2896,#2897,#2898,#2899,
    #2900),.UNSPECIFIED.,.F.,.F.,(4,2,4),(1.499999999964,2.000000000011,
    2.499999999964),.UNSPECIFIED.);
#2895 = CARTESIAN_POINT('',(195.47010753239,58.308041199125,
    6.878620597265));
#2896 = CARTESIAN_POINT('',(195.30344086571,58.308041199125,
    6.878620597265));
#2897 = CARTESIAN_POINT('',(195.13677419903,58.308041199125,
    6.878620597265));
#2898 = CARTESIAN_POINT('',(194.8034408657,58.308041199125,
    6.878620597265));
#2899 = CARTESIAN_POINT('',(194.63677419904,58.308041199125,
    6.878620597265));
#2900 = CARTESIAN_POINT('',(194.47010753239,58.308041199125,
    6.878620597265));
#2901 = ORIENTED_EDGE('',*,*,#2902,.T.);
#2902 = EDGE_CURVE('',#2892,#2903,#2905,.T.);
#2903 = VERTEX_POINT('',#2904);
#2904 = CARTESIAN_POINT('',(194.47010753239,56.808041199125,
    7.105325201957));
#2905 = B_SPLINE_CURVE_WITH_KNOTS('',3,(#2906,#2907,#2908,#2909),
  .UNSPECIFIED.,.F.,.F.,(4,4),(0.101177770942,1.618400735248),
  .PIECEWISE_BEZIER_KNOTS.);
#2906 = CARTESIAN_POINT('',(194.4701075324,58.308041199125,
    6.878620597266));
#2907 = CARTESIAN_POINT('',(194.4701075324,57.809490685664,
    6.963553030337));
#2908 = CARTESIAN_POINT('',(194.47010753239,57.309402841143,
    7.039134107936));
#2909 = CARTESIAN_POINT('',(194.47010753239,56.808041199125,
    7.105325201958));
#2910 = ORIENTED_EDGE('',*,*,#2911,.T.);
#2911 = EDGE_CURVE('',#2903,#2912,#2914,.T.);
#2912 = VERTEX_POINT('',#2913);
#2913 = CARTESIAN_POINT('',(192.97010753239,56.808041199125,
    7.105325201958));
#2914 = B_SPLINE_CURVE_WITH_KNOTS('',3,(#2915,#2916,#2917,#2918),
  .UNSPECIFIED.,.F.,.F.,(4,4),(2.499999999999,4.000000000023),
  .PIECEWISE_BEZIER_KNOTS.);
#2915 = CARTESIAN_POINT('',(194.47010753239,56.808041199125,
    7.105325201957));
#2916 = CARTESIAN_POINT('',(193.97010753239,56.808041199125,
    7.105325201957));
#2917 = CARTESIAN_POINT('',(193.47010753238,56.808041199125,
    7.105325201958));
#2918 = CARTESIAN_POINT('',(192.97010753237,56.808041199125,
    7.105325201958));
#2919 = ORIENTED_EDGE('',*,*,#2920,.T.);
#2920 = EDGE_CURVE('',#2912,#2921,#2923,.T.);
#2921 = VERTEX_POINT('',#2922);
#2922 = CARTESIAN_POINT('',(192.97010753239,55.808041199125,
    7.224712354838));
#2923 = B_SPLINE_CURVE_WITH_KNOTS('',3,(#2924,#2925,#2926,#2927),
  .UNSPECIFIED.,.F.,.F.,(4,4),(-0.250786779271,-0.226065241567),
  .PIECEWISE_BEZIER_KNOTS.);
#2924 = CARTESIAN_POINT('',(192.97010753237,56.808039786338,
    7.105297851596));
#2925 = CARTESIAN_POINT('',(192.97010753238,56.475125347715,
    7.149245269987));
#2926 = CARTESIAN_POINT('',(192.97010753238,56.141740345156,
    7.189044657032));
#2927 = CARTESIAN_POINT('',(192.97010753239,55.808040132018,
    7.224685126333));
#2928 = ORIENTED_EDGE('',*,*,#2929,.T.);
#2929 = EDGE_CURVE('',#2921,#2825,#2930,.T.);
#2930 = B_SPLINE_CURVE_WITH_KNOTS('',3,(#2931,#2932,#2933,#2934),
  .UNSPECIFIED.,.F.,.F.,(4,4),(0.,1.500000000001),
  .PIECEWISE_BEZIER_KNOTS.);
#2931 = CARTESIAN_POINT('',(192.97010753239,55.808041199125,
    7.224712354838));
#2932 = CARTESIAN_POINT('',(193.47010753239,55.808041199125,
    7.224712354838));
#2933 = CARTESIAN_POINT('',(193.97010753239,55.808041199125,
    7.224712354837));
#2934 = CARTESIAN_POINT('',(194.47010753239,55.808041199125,
    7.224712354837));
#2935 = B_SPLINE_SURFACE_WITH_KNOTS('',3,3,(
    (#2936,#2937,#2938,#2939)
    ,(#2940,#2941,#2942,#2943)
    ,(#2944,#2945,#2946,#2947)
    ,(#2948,#2949,#2950,#2951
    )),.UNSPECIFIED.,.F.,.F.,.F.,(4,4),(4,4),(1.916165917183,
    2.01341064976),(-0.288008117603,-0.189063181239),
  .PIECEWISE_BEZIER_KNOTS.);
#2936 = CARTESIAN_POINT('',(196.97010753236,58.308041199583,
    6.878620597187));
#2937 = CARTESIAN_POINT('',(196.97010753239,56.982672634804,
    7.104408704691));
#2938 = CARTESIAN_POINT('',(196.97010753242,55.646019181957,
    7.264011943148));
#2939 = CARTESIAN_POINT('',(196.97010753245,54.308041198645,
    7.356732339767));
#2940 = CARTESIAN_POINT('',(195.63677419902,58.308041199554,
    6.878620597192));
#2941 = CARTESIAN_POINT('',(195.63677419905,56.982672634775,
    7.104408704695));
#2942 = CARTESIAN_POINT('',(195.63677419908,55.646019181928,
    7.264011943153));
#2943 = CARTESIAN_POINT('',(195.63677419911,54.308041198616,
    7.356732339772));
#2944 = CARTESIAN_POINT('',(194.30344086567,58.308041199525,
    6.878620597197));
#2945 = CARTESIAN_POINT('',(194.3034408657,56.982672634745,7.1044087047)
  );
#2946 = CARTESIAN_POINT('',(194.30344086574,55.646019181899,
    7.264011943158));
#2947 = CARTESIAN_POINT('',(194.30344086577,54.308041198587,
    7.356732339777));
#2948 = CARTESIAN_POINT('',(192.97010753233,58.308041199496,
    6.878620597202));
#2949 = CARTESIAN_POINT('',(192.97010753236,56.982672634716,
    7.104408704705));
#2950 = CARTESIAN_POINT('',(192.9701075324,55.64601918187,7.264011943162
    ));
#2951 = CARTESIAN_POINT('',(192.97010753243,54.308041198557,
    7.356732339781));
#2952 = ADVANCED_FACE('',(#2953),#3067,.F.);
#2953 = FACE_BOUND('',#2954,.F.);
#2954 = EDGE_LOOP('',(#2955,#2966,#2975,#2986,#2995,#3004,#3013,#3022,
    #3031,#3042,#3051,#3060));
#2955 = ORIENTED_EDGE('',*,*,#2956,.T.);
#2956 = EDGE_CURVE('',#2957,#2959,#2961,.T.);
#2957 = VERTEX_POINT('',#2958);
#2958 = CARTESIAN_POINT('',(204.92010753239,55.808041199125,
    7.224712354825));
#2959 = VERTEX_POINT('',#2960);
#2960 = CARTESIAN_POINT('',(206.42010753239,55.808041199125,
    7.224712354823));
#2961 = B_SPLINE_CURVE_WITH_KNOTS('',3,(#2962,#2963,#2964,#2965),
  .UNSPECIFIED.,.F.,.F.,(4,4),(0.,1.500000000001),
  .PIECEWISE_BEZIER_KNOTS.);
#2962 = CARTESIAN_POINT('',(204.92010753239,55.808041199125,
    7.224712354825));
#2963 = CARTESIAN_POINT('',(205.42010753239,55.808041199125,
    7.224712354824));
#2964 = CARTESIAN_POINT('',(205.92010753239,55.808041199125,
    7.224712354823));
#2965 = CARTESIAN_POINT('',(206.42010753239,55.808041199125,
    7.224712354823));
#2966 = ORIENTED_EDGE('',*,*,#2967,.T.);
#2967 = EDGE_CURVE('',#2959,#2968,#2970,.T.);
#2968 = VERTEX_POINT('',#2969);
#2969 = CARTESIAN_POINT('',(206.42010753239,54.308041199125,
    7.356732339715));
#2970 = B_SPLINE_CURVE_WITH_KNOTS('',3,(#2971,#2972,#2973,#2974),
  .UNSPECIFIED.,.F.,.F.,(4,4),(2.625561995041,4.131541967482),
  .PIECEWISE_BEZIER_KNOTS.);
#2971 = CARTESIAN_POINT('',(206.42010753239,55.808041199132,
    7.224712354823));
#2972 = CARTESIAN_POINT('',(206.42010753239,55.308917766182,
    7.278013310697));
#2973 = CARTESIAN_POINT('',(206.42010753239,54.808831326838,
    7.322028136919));
#2974 = CARTESIAN_POINT('',(206.42010753239,54.308041199132,
    7.356732339714));
#2975 = ORIENTED_EDGE('',*,*,#2976,.T.);
#2976 = EDGE_CURVE('',#2968,#2977,#2979,.T.);
#2977 = VERTEX_POINT('',#2978);
#2978 = CARTESIAN_POINT('',(207.42010753239,54.308041199125,
    7.356732339713));
#2979 = B_SPLINE_CURVE_WITH_KNOTS('',3,(#2980,#2981,#2982,#2983,#2984,
    #2985),.UNSPECIFIED.,.F.,.F.,(4,2,4),(1.499999999968,2.000000000011,
    2.499999999968),.UNSPECIFIED.);
#2980 = CARTESIAN_POINT('',(206.42010753239,54.308041199125,
    7.356732339715));
#2981 = CARTESIAN_POINT('',(206.58677419908,54.308041199125,
    7.356732339715));
#2982 = CARTESIAN_POINT('',(206.75344086575,54.308041199125,
    7.356732339714));
#2983 = CARTESIAN_POINT('',(207.08677419909,54.308041199125,
    7.356732339714));
#2984 = CARTESIAN_POINT('',(207.25344086574,54.308041199125,
    7.356732339713));
#2985 = CARTESIAN_POINT('',(207.42010753239,54.308041199125,
    7.356732339713));
#2986 = ORIENTED_EDGE('',*,*,#2987,.T.);
#2987 = EDGE_CURVE('',#2977,#2988,#2990,.T.);
#2988 = VERTEX_POINT('',#2989);
#2989 = CARTESIAN_POINT('',(207.42010753239,55.808041199125,
    7.224712354822));
#2990 = B_SPLINE_CURVE_WITH_KNOTS('',3,(#2991,#2992,#2993,#2994),
  .UNSPECIFIED.,.F.,.F.,(4,4),(2.744776828959E-02,1.53342774073),
  .PIECEWISE_BEZIER_KNOTS.);
#2991 = CARTESIAN_POINT('',(207.42010753239,54.308041199125,
    7.356732339713));
#2992 = CARTESIAN_POINT('',(207.42010753239,54.808831326831,
    7.322028136918));
#2993 = CARTESIAN_POINT('',(207.42010753239,55.308917766175,
    7.278013310696));
#2994 = CARTESIAN_POINT('',(207.42010753239,55.808041199125,
    7.224712354822));
#2995 = ORIENTED_EDGE('',*,*,#2996,.T.);
#2996 = EDGE_CURVE('',#2988,#2997,#2999,.T.);
#2997 = VERTEX_POINT('',#2998);
#2998 = CARTESIAN_POINT('',(208.92010753239,55.808041199125,
    7.22471235482));
#2999 = B_SPLINE_CURVE_WITH_KNOTS('',3,(#3000,#3001,#3002,#3003),
  .UNSPECIFIED.,.F.,.F.,(4,4),(2.500000000001,4.000000000023),
  .PIECEWISE_BEZIER_KNOTS.);
#3000 = CARTESIAN_POINT('',(207.42010753239,55.808041199125,
    7.224712354822));
#3001 = CARTESIAN_POINT('',(207.9201075324,55.808041199125,
    7.224712354821));
#3002 = CARTESIAN_POINT('',(208.42010753241,55.808041199125,
    7.22471235482));
#3003 = CARTESIAN_POINT('',(208.92010753242,55.808041199125,
    7.22471235482));
#3004 = ORIENTED_EDGE('',*,*,#3005,.T.);
#3005 = EDGE_CURVE('',#2997,#3006,#3008,.T.);
#3006 = VERTEX_POINT('',#3007);
#3007 = CARTESIAN_POINT('',(208.92010753239,56.808041199125,
    7.105325201949));
#3008 = B_SPLINE_CURVE_WITH_KNOTS('',3,(#3009,#3010,#3011,#3012),
  .UNSPECIFIED.,.F.,.F.,(4,4),(0.226065241558,0.250786779262),
  .PIECEWISE_BEZIER_KNOTS.);
#3009 = CARTESIAN_POINT('',(208.92010753242,55.808040132026,
    7.224685126315));
#3010 = CARTESIAN_POINT('',(208.92010753241,56.14174034517,
    7.189044657016));
#3011 = CARTESIAN_POINT('',(208.9201075324,56.47512534773,7.149245269974
    ));
#3012 = CARTESIAN_POINT('',(208.92010753239,56.808039786345,
    7.105297851586));
#3013 = ORIENTED_EDGE('',*,*,#3014,.T.);
#3014 = EDGE_CURVE('',#3006,#3015,#3017,.T.);
#3015 = VERTEX_POINT('',#3016);
#3016 = CARTESIAN_POINT('',(207.42010753239,56.808041199125,
    7.105325201949));
#3017 = B_SPLINE_CURVE_WITH_KNOTS('',3,(#3018,#3019,#3020,#3021),
  .UNSPECIFIED.,.F.,.F.,(4,4),(0.,1.499999999999),
  .PIECEWISE_BEZIER_KNOTS.);
#3018 = CARTESIAN_POINT('',(208.92010753239,56.808041199125,
    7.105325201948));
#3019 = CARTESIAN_POINT('',(208.42010753239,56.808041199125,
    7.105325201949));
#3020 = CARTESIAN_POINT('',(207.92010753239,56.808041199125,
    7.105325201949));
#3021 = CARTESIAN_POINT('',(207.42010753239,56.808041199125,
    7.105325201949));
#3022 = ORIENTED_EDGE('',*,*,#3023,.T.);
#3023 = EDGE_CURVE('',#3015,#3024,#3026,.T.);
#3024 = VERTEX_POINT('',#3025);
#3025 = CARTESIAN_POINT('',(207.42010753239,58.308041199125,
    6.878620597269));
#3026 = B_SPLINE_CURVE_WITH_KNOTS('',3,(#3027,#3028,#3029,#3030),
  .UNSPECIFIED.,.F.,.F.,(4,4),(2.540589000528,4.057811964833),
  .PIECEWISE_BEZIER_KNOTS.);
#3027 = CARTESIAN_POINT('',(207.42010753239,56.808041199125,
    7.105325201949));
#3028 = CARTESIAN_POINT('',(207.42010753239,57.309402841143,
    7.03913410793));
#3029 = CARTESIAN_POINT('',(207.42010753239,57.809490685664,
    6.963553030335));
#3030 = CARTESIAN_POINT('',(207.42010753239,58.308041199125,
    6.878620597268));
#3031 = ORIENTED_EDGE('',*,*,#3032,.T.);
#3032 = EDGE_CURVE('',#3024,#3033,#3035,.T.);
#3033 = VERTEX_POINT('',#3034);
#3034 = CARTESIAN_POINT('',(206.42010753239,58.308041199125,
    6.878620597269));
#3035 = B_SPLINE_CURVE_WITH_KNOTS('',3,(#3036,#3037,#3038,#3039,#3040,
    #3041),.UNSPECIFIED.,.F.,.F.,(4,2,4),(1.499999999964,2.000000000011,
    2.499999999964),.UNSPECIFIED.);
#3036 = CARTESIAN_POINT('',(207.42010753239,58.308041199125,
    6.878620597268));
#3037 = CARTESIAN_POINT('',(207.25344086571,58.308041199125,
    6.878620597268));
#3038 = CARTESIAN_POINT('',(207.08677419903,58.308041199125,
    6.878620597268));
#3039 = CARTESIAN_POINT('',(206.7534408657,58.308041199125,
    6.878620597268));
#3040 = CARTESIAN_POINT('',(206.58677419904,58.308041199125,
    6.878620597268));
#3041 = CARTESIAN_POINT('',(206.42010753239,58.308041199125,
    6.878620597268));
#3042 = ORIENTED_EDGE('',*,*,#3043,.T.);
#3043 = EDGE_CURVE('',#3033,#3044,#3046,.T.);
#3044 = VERTEX_POINT('',#3045);
#3045 = CARTESIAN_POINT('',(206.42010753239,56.808041199125,
    7.10532520195));
#3046 = B_SPLINE_CURVE_WITH_KNOTS('',3,(#3047,#3048,#3049,#3050),
  .UNSPECIFIED.,.F.,.F.,(4,4),(0.101177770938,1.618400735243),
  .PIECEWISE_BEZIER_KNOTS.);
#3047 = CARTESIAN_POINT('',(206.42010753239,58.308041199132,
    6.878620597267));
#3048 = CARTESIAN_POINT('',(206.42010753239,57.809490685671,
    6.963553030335));
#3049 = CARTESIAN_POINT('',(206.42010753239,57.309402841143,
    7.039134107931));
#3050 = CARTESIAN_POINT('',(206.42010753239,56.808041199125,
    7.10532520195));
#3051 = ORIENTED_EDGE('',*,*,#3052,.T.);
#3052 = EDGE_CURVE('',#3044,#3053,#3055,.T.);
#3053 = VERTEX_POINT('',#3054);
#3054 = CARTESIAN_POINT('',(204.92010753239,56.808041199125,
    7.105325201951));
#3055 = B_SPLINE_CURVE_WITH_KNOTS('',3,(#3056,#3057,#3058,#3059),
  .UNSPECIFIED.,.F.,.F.,(4,4),(2.499999999999,4.000000000023),
  .PIECEWISE_BEZIER_KNOTS.);
#3056 = CARTESIAN_POINT('',(206.42010753239,56.808041199125,
    7.10532520195));
#3057 = CARTESIAN_POINT('',(205.92010753239,56.808041199125,
    7.10532520195));
#3058 = CARTESIAN_POINT('',(205.42010753238,56.808041199125,
    7.105325201951));
#3059 = CARTESIAN_POINT('',(204.92010753237,56.808041199125,
    7.105325201951));
#3060 = ORIENTED_EDGE('',*,*,#3061,.T.);
#3061 = EDGE_CURVE('',#3053,#2957,#3062,.T.);
#3062 = B_SPLINE_CURVE_WITH_KNOTS('',3,(#3063,#3064,#3065,#3066),
  .UNSPECIFIED.,.F.,.F.,(4,4),(-0.250786779264,-0.22606524156),
  .PIECEWISE_BEZIER_KNOTS.);
#3063 = CARTESIAN_POINT('',(204.92010753238,56.808039786345,
    7.105297851589));
#3064 = CARTESIAN_POINT('',(204.92010753239,56.47512534773,
    7.149245269977));
#3065 = CARTESIAN_POINT('',(204.92010753239,56.14174034517,7.18904465702
    ));
#3066 = CARTESIAN_POINT('',(204.9201075324,55.808040132033,
    7.224685126319));
#3067 = B_SPLINE_SURFACE_WITH_KNOTS('',3,3,(
    (#3068,#3069,#3070,#3071)
    ,(#3072,#3073,#3074,#3075)
    ,(#3076,#3077,#3078,#3079)
    ,(#3080,#3081,#3082,#3083
    )),.UNSPECIFIED.,.F.,.F.,.F.,(4,4),(4,4),(1.625647278609,
    1.722892011187),(-0.288008117596,-0.189063181232),
  .PIECEWISE_BEZIER_KNOTS.);
#3068 = CARTESIAN_POINT('',(208.92010753236,58.308041199583,
    6.87862059719));
#3069 = CARTESIAN_POINT('',(208.92010753239,56.982672634804,
    7.104408704685));
#3070 = CARTESIAN_POINT('',(208.92010753242,55.646019181957,
    7.264011943133));
#3071 = CARTESIAN_POINT('',(208.92010753245,54.308041198645,
    7.356732339743));
#3072 = CARTESIAN_POINT('',(207.58677419902,58.308041199554,
    6.878620597195));
#3073 = CARTESIAN_POINT('',(207.58677419905,56.982672634775,
    7.104408704689));
#3074 = CARTESIAN_POINT('',(207.58677419908,55.646019181928,
    7.264011943138));
#3075 = CARTESIAN_POINT('',(207.58677419911,54.308041198616,
    7.356732339748));
#3076 = CARTESIAN_POINT('',(206.25344086567,58.308041199525,6.8786205972
    ));
#3077 = CARTESIAN_POINT('',(206.2534408657,56.982672634745,
    7.104408704694));
#3078 = CARTESIAN_POINT('',(206.25344086574,55.646019181899,
    7.264011943143));
#3079 = CARTESIAN_POINT('',(206.25344086577,54.308041198587,
    7.356732339753));
#3080 = CARTESIAN_POINT('',(204.92010753234,58.308041199496,
    6.878620597205));
#3081 = CARTESIAN_POINT('',(204.92010753236,56.982672634716,
    7.104408704699));
#3082 = CARTESIAN_POINT('',(204.9201075324,55.64601918187,7.264011943147
    ));
#3083 = CARTESIAN_POINT('',(204.92010753243,54.308041198557,
    7.356732339757));
#3084 = ADVANCED_FACE('',(#3085),#3199,.F.);
#3085 = FACE_BOUND('',#3086,.F.);
#3086 = EDGE_LOOP('',(#3087,#3098,#3107,#3118,#3127,#3136,#3145,#3154,
    #3163,#3174,#3183,#3192));
#3087 = ORIENTED_EDGE('',*,*,#3088,.T.);
#3088 = EDGE_CURVE('',#3089,#3091,#3093,.T.);
#3089 = VERTEX_POINT('',#3090);
#3090 = CARTESIAN_POINT('',(181.02010753239,55.808041199125,
    7.224712354852));
#3091 = VERTEX_POINT('',#3092);
#3092 = CARTESIAN_POINT('',(182.52010753239,55.808041199125,
    7.224712354851));
#3093 = B_SPLINE_CURVE_WITH_KNOTS('',3,(#3094,#3095,#3096,#3097),
  .UNSPECIFIED.,.F.,.F.,(4,4),(0.,1.500000000001),
  .PIECEWISE_BEZIER_KNOTS.);
#3094 = CARTESIAN_POINT('',(181.02010753239,55.808041199125,
    7.224712354852));
#3095 = CARTESIAN_POINT('',(181.52010753239,55.808041199125,
    7.224712354852));
#3096 = CARTESIAN_POINT('',(182.02010753239,55.808041199125,
    7.224712354851));
#3097 = CARTESIAN_POINT('',(182.52010753239,55.808041199125,
    7.224712354851));
#3098 = ORIENTED_EDGE('',*,*,#3099,.T.);
#3099 = EDGE_CURVE('',#3091,#3100,#3102,.T.);
#3100 = VERTEX_POINT('',#3101);
#3101 = CARTESIAN_POINT('',(182.52010753239,54.308041199125,
    7.356732339763));
#3102 = B_SPLINE_CURVE_WITH_KNOTS('',3,(#3103,#3104,#3105,#3106),
  .UNSPECIFIED.,.F.,.F.,(4,4),(2.625561995054,4.131541967496),
  .PIECEWISE_BEZIER_KNOTS.);
#3103 = CARTESIAN_POINT('',(182.52010753239,55.808041199125,
    7.224712354851));
#3104 = CARTESIAN_POINT('',(182.52010753239,55.308917766175,
    7.278013310733));
#3105 = CARTESIAN_POINT('',(182.5201075324,54.808831326831,
    7.322028136962));
#3106 = CARTESIAN_POINT('',(182.5201075324,54.308041199125,
    7.356732339763));
#3107 = ORIENTED_EDGE('',*,*,#3108,.T.);
#3108 = EDGE_CURVE('',#3100,#3109,#3111,.T.);
#3109 = VERTEX_POINT('',#3110);
#3110 = CARTESIAN_POINT('',(183.52010753239,54.308041199125,
    7.356732339761));
#3111 = B_SPLINE_CURVE_WITH_KNOTS('',3,(#3112,#3113,#3114,#3115,#3116,
    #3117),.UNSPECIFIED.,.F.,.F.,(4,2,4),(1.499999999968,2.000000000011,
    2.499999999968),.UNSPECIFIED.);
#3112 = CARTESIAN_POINT('',(182.52010753239,54.308041199125,
    7.356732339763));
#3113 = CARTESIAN_POINT('',(182.68677419907,54.308041199125,
    7.356732339762));
#3114 = CARTESIAN_POINT('',(182.85344086575,54.308041199125,
    7.356732339762));
#3115 = CARTESIAN_POINT('',(183.18677419909,54.308041199125,
    7.356732339761));
#3116 = CARTESIAN_POINT('',(183.35344086574,54.308041199125,
    7.356732339761));
#3117 = CARTESIAN_POINT('',(183.52010753239,54.308041199125,
    7.356732339761));
#3118 = ORIENTED_EDGE('',*,*,#3119,.T.);
#3119 = EDGE_CURVE('',#3109,#3120,#3122,.T.);
#3120 = VERTEX_POINT('',#3121);
#3121 = CARTESIAN_POINT('',(183.52010753239,55.808041199125,
    7.224712354849));
#3122 = B_SPLINE_CURVE_WITH_KNOTS('',3,(#3123,#3124,#3125,#3126),
  .UNSPECIFIED.,.F.,.F.,(4,4),(2.744776829484E-02,1.533427740737),
  .PIECEWISE_BEZIER_KNOTS.);
#3123 = CARTESIAN_POINT('',(183.52010753239,54.308041199118,
    7.356732339762));
#3124 = CARTESIAN_POINT('',(183.52010753239,54.808831326824,
    7.32202813696));
#3125 = CARTESIAN_POINT('',(183.52010753239,55.308917766182,
    7.27801331073));
#3126 = CARTESIAN_POINT('',(183.52010753239,55.808041199132,
    7.224712354849));
#3127 = ORIENTED_EDGE('',*,*,#3128,.T.);
#3128 = EDGE_CURVE('',#3120,#3129,#3131,.T.);
#3129 = VERTEX_POINT('',#3130);
#3130 = CARTESIAN_POINT('',(185.02010753239,55.808041199125,
    7.224712354848));
#3131 = B_SPLINE_CURVE_WITH_KNOTS('',3,(#3132,#3133,#3134,#3135),
  .UNSPECIFIED.,.F.,.F.,(4,4),(2.500000000001,4.000000000023),
  .PIECEWISE_BEZIER_KNOTS.);
#3132 = CARTESIAN_POINT('',(183.52010753239,55.808041199125,
    7.224712354849));
#3133 = CARTESIAN_POINT('',(184.0201075324,55.808041199125,
    7.224712354849));
#3134 = CARTESIAN_POINT('',(184.52010753241,55.808041199125,
    7.224712354848));
#3135 = CARTESIAN_POINT('',(185.02010753241,55.808041199125,
    7.224712354848));
#3136 = ORIENTED_EDGE('',*,*,#3137,.T.);
#3137 = EDGE_CURVE('',#3129,#3138,#3140,.T.);
#3138 = VERTEX_POINT('',#3139);
#3139 = CARTESIAN_POINT('',(185.02010753239,56.808041199125,
    7.105325201963));
#3140 = B_SPLINE_CURVE_WITH_KNOTS('',3,(#3141,#3142,#3143,#3144),
  .UNSPECIFIED.,.F.,.F.,(4,4),(0.226065241571,0.250786779275),
  .PIECEWISE_BEZIER_KNOTS.);
#3141 = CARTESIAN_POINT('',(185.02010753241,55.808040132026,
    7.224685126343));
#3142 = CARTESIAN_POINT('',(185.02010753241,56.14174034517,7.18904465704
    ));
#3143 = CARTESIAN_POINT('',(185.0201075324,56.47512534773,7.149245269993
    ));
#3144 = CARTESIAN_POINT('',(185.02010753239,56.808039786352,
    7.105297851601));
#3145 = ORIENTED_EDGE('',*,*,#3146,.T.);
#3146 = EDGE_CURVE('',#3138,#3147,#3149,.T.);
#3147 = VERTEX_POINT('',#3148);
#3148 = CARTESIAN_POINT('',(183.52010753239,56.808041199125,
    7.105325201964));
#3149 = B_SPLINE_CURVE_WITH_KNOTS('',3,(#3150,#3151,#3152,#3153),
  .UNSPECIFIED.,.F.,.F.,(4,4),(0.,1.499999999999),
  .PIECEWISE_BEZIER_KNOTS.);
#3150 = CARTESIAN_POINT('',(185.02010753239,56.808041199125,
    7.105325201963));
#3151 = CARTESIAN_POINT('',(184.52010753239,56.808041199125,
    7.105325201963));
#3152 = CARTESIAN_POINT('',(184.02010753239,56.808041199125,
    7.105325201963));
#3153 = CARTESIAN_POINT('',(183.52010753239,56.808041199125,
    7.105325201964));
#3154 = ORIENTED_EDGE('',*,*,#3155,.T.);
#3155 = EDGE_CURVE('',#3147,#3156,#3158,.T.);
#3156 = VERTEX_POINT('',#3157);
#3157 = CARTESIAN_POINT('',(183.52010753239,58.308041199125,
    6.878620597263));
#3158 = B_SPLINE_CURVE_WITH_KNOTS('',3,(#3159,#3160,#3161,#3162),
  .UNSPECIFIED.,.F.,.F.,(4,4),(2.540589000537,4.057811964845),
  .PIECEWISE_BEZIER_KNOTS.);
#3159 = CARTESIAN_POINT('',(183.52010753239,56.808041199132,
    7.105325201964));
#3160 = CARTESIAN_POINT('',(183.52010753239,57.309402841151,
    7.039134107938));
#3161 = CARTESIAN_POINT('',(183.52010753239,57.809490685664,
    6.963553030336));
#3162 = CARTESIAN_POINT('',(183.52010753239,58.308041199125,
    6.878620597262));
#3163 = ORIENTED_EDGE('',*,*,#3164,.T.);
#3164 = EDGE_CURVE('',#3156,#3165,#3167,.T.);
#3165 = VERTEX_POINT('',#3166);
#3166 = CARTESIAN_POINT('',(182.52010753239,58.308041199125,
    6.878620597263));
#3167 = B_SPLINE_CURVE_WITH_KNOTS('',3,(#3168,#3169,#3170,#3171,#3172,
    #3173),.UNSPECIFIED.,.F.,.F.,(4,2,4),(1.499999999964,2.000000000011,
    2.499999999964),.UNSPECIFIED.);
#3168 = CARTESIAN_POINT('',(183.52010753239,58.308041199125,
    6.878620597262));
#3169 = CARTESIAN_POINT('',(183.35344086571,58.308041199125,
    6.878620597262));
#3170 = CARTESIAN_POINT('',(183.18677419903,58.308041199125,
    6.878620597262));
#3171 = CARTESIAN_POINT('',(182.8534408657,58.308041199125,
    6.878620597262));
#3172 = CARTESIAN_POINT('',(182.68677419904,58.308041199125,
    6.878620597262));
#3173 = CARTESIAN_POINT('',(182.52010753239,58.308041199125,
    6.878620597262));
#3174 = ORIENTED_EDGE('',*,*,#3175,.T.);
#3175 = EDGE_CURVE('',#3165,#3176,#3178,.T.);
#3176 = VERTEX_POINT('',#3177);
#3177 = CARTESIAN_POINT('',(182.52010753239,56.808041199125,
    7.105325201964));
#3178 = B_SPLINE_CURVE_WITH_KNOTS('',3,(#3179,#3180,#3181,#3182),
  .UNSPECIFIED.,.F.,.F.,(4,4),(0.101177770946,1.618400735254),
  .PIECEWISE_BEZIER_KNOTS.);
#3179 = CARTESIAN_POINT('',(182.52010753239,58.308041199125,
    6.878620597263));
#3180 = CARTESIAN_POINT('',(182.52010753239,57.809490685664,
    6.963553030337));
#3181 = CARTESIAN_POINT('',(182.52010753239,57.309402841143,
    7.039134107938));
#3182 = CARTESIAN_POINT('',(182.52010753239,56.808041199125,
    7.105325201964));
#3183 = ORIENTED_EDGE('',*,*,#3184,.T.);
#3184 = EDGE_CURVE('',#3176,#3185,#3187,.T.);
#3185 = VERTEX_POINT('',#3186);
#3186 = CARTESIAN_POINT('',(181.02010753239,56.808041199125,
    7.105325201965));
#3187 = B_SPLINE_CURVE_WITH_KNOTS('',3,(#3188,#3189,#3190,#3191),
  .UNSPECIFIED.,.F.,.F.,(4,4),(2.499999999999,4.000000000023),
  .PIECEWISE_BEZIER_KNOTS.);
#3188 = CARTESIAN_POINT('',(182.52010753239,56.808041199125,
    7.105325201964));
#3189 = CARTESIAN_POINT('',(182.02010753238,56.808041199125,
    7.105325201965));
#3190 = CARTESIAN_POINT('',(181.52010753238,56.808041199125,
    7.105325201965));
#3191 = CARTESIAN_POINT('',(181.02010753237,56.808041199125,
    7.105325201965));
#3192 = ORIENTED_EDGE('',*,*,#3193,.T.);
#3193 = EDGE_CURVE('',#3185,#3089,#3194,.T.);
#3194 = B_SPLINE_CURVE_WITH_KNOTS('',3,(#3195,#3196,#3197,#3198),
  .UNSPECIFIED.,.F.,.F.,(4,4),(-0.250786779277,-0.226065241574),
  .PIECEWISE_BEZIER_KNOTS.);
#3195 = CARTESIAN_POINT('',(181.02010753237,56.808039786345,
    7.105297851603));
#3196 = CARTESIAN_POINT('',(181.02010753237,56.47512534773,
    7.149245269996));
#3197 = CARTESIAN_POINT('',(181.02010753238,56.14174034517,
    7.189044657044));
#3198 = CARTESIAN_POINT('',(181.02010753239,55.808040132033,
    7.224685126347));
#3199 = B_SPLINE_SURFACE_WITH_KNOTS('',3,3,(
    (#3200,#3201,#3202,#3203)
    ,(#3204,#3205,#3206,#3207)
    ,(#3208,#3209,#3210,#3211)
    ,(#3212,#3213,#3214,#3215
    )),.UNSPECIFIED.,.F.,.F.,.F.,(4,4),(4,4),(2.206684555757,
    2.303929288334),(-0.28800811761,-0.189063181245),
  .PIECEWISE_BEZIER_KNOTS.);
#3200 = CARTESIAN_POINT('',(185.02010753236,58.308041199591,
    6.878620597184));
#3201 = CARTESIAN_POINT('',(185.02010753239,56.982672634811,
    7.104408704697));
#3202 = CARTESIAN_POINT('',(185.02010753242,55.646019181964,
    7.264011943163));
#3203 = CARTESIAN_POINT('',(185.02010753245,54.308041198645,
    7.356732339791));
#3204 = CARTESIAN_POINT('',(183.68677419902,58.308041199562,
    6.878620597189));
#3205 = CARTESIAN_POINT('',(183.68677419905,56.982672634782,
    7.104408704701));
#3206 = CARTESIAN_POINT('',(183.68677419908,55.646019181935,
    7.264011943168));
#3207 = CARTESIAN_POINT('',(183.68677419911,54.308041198616,
    7.356732339796));
#3208 = CARTESIAN_POINT('',(182.35344086567,58.308041199532,
    6.878620597194));
#3209 = CARTESIAN_POINT('',(182.3534408657,56.982672634753,
    7.104408704706));
#3210 = CARTESIAN_POINT('',(182.35344086574,55.646019181906,
    7.264011943173));
#3211 = CARTESIAN_POINT('',(182.35344086576,54.308041198587,
    7.356732339801));
#3212 = CARTESIAN_POINT('',(181.02010753233,58.308041199503,
    6.878620597199));
#3213 = CARTESIAN_POINT('',(181.02010753236,56.982672634724,
    7.104408704711));
#3214 = CARTESIAN_POINT('',(181.0201075324,55.646019181877,
    7.264011943177));
#3215 = CARTESIAN_POINT('',(181.02010753242,54.308041198557,
    7.356732339805));
#3216 = ADVANCED_FACE('',(#3217),#3236,.T.);
#3217 = FACE_BOUND('',#3218,.T.);
#3218 = EDGE_LOOP('',(#3219,#3220,#3228,#3235));
#3219 = ORIENTED_EDGE('',*,*,#145,.F.);
#3220 = ORIENTED_EDGE('',*,*,#3221,.T.);
#3221 = EDGE_CURVE('',#146,#3222,#3224,.T.);
#3222 = VERTEX_POINT('',#3223);
#3223 = CARTESIAN_POINT('',(176.4451075324,47.55804119911,
    3.420375094265E-12));
#3224 = LINE('',#3225,#3226);
#3225 = CARTESIAN_POINT('',(179.4451075324,52.694053531406,
    7.825000000004));
#3226 = VECTOR('',#3227,1.);
#3227 = DIRECTION('',(-0.305219238612,-0.522536591189,-0.796113514048));
#3228 = ORIENTED_EDGE('',*,*,#3229,.F.);
#3229 = EDGE_CURVE('',#767,#3222,#3230,.T.);
#3230 = CIRCLE('',#3231,0.25);
#3231 = AXIS2_PLACEMENT_3D('',#3232,#3233,#3234);
#3232 = CARTESIAN_POINT('',(176.6951075324,47.55804119911,
    3.420375094265E-12));
#3233 = DIRECTION('',(1.54074395551E-33,0.,-1.));
#3234 = DIRECTION('',(-1.,-7.105427357601E-15,-1.54074395551E-33));
#3235 = ORIENTED_EDGE('',*,*,#766,.F.);
#3236 = B_SPLINE_SURFACE_WITH_KNOTS('',3,3,(
    (#3237,#3238,#3239,#3240)
    ,(#3241,#3242,#3243,#3244)
    ,(#3245,#3246,#3247,#3248)
    ,(#3249,#3250,#3251,#3252)
    ,(#3253,#3254,#3255,#3256)
    ,(#3257,#3258,#3259,#3260)
    ,(#3261,#3262,#3263,#3264
    )),.UNSPECIFIED.,.F.,.F.,.F.,(4,1,1,1,4),(4,4),(-9.444567835963E-08,
    0.285714218253,0.428571374603,0.714285687302,1.),(
    -8.674874166704E-02,1.),.UNSPECIFIED.);
#3237 = CARTESIAN_POINT('',(181.58547714883,51.283101341724,
    8.802664807507));
#3238 = CARTESIAN_POINT('',(179.95535395571,49.958081294186,
    5.868443205006));
#3239 = CARTESIAN_POINT('',(178.3252307626,48.633061246648,
    2.934221602504));
#3240 = CARTESIAN_POINT('',(176.69510756949,47.30804119911,
    3.420375094265E-12));
#3241 = CARTESIAN_POINT('',(181.30421136235,51.28310130052,
    8.802664814139));
#3242 = CARTESIAN_POINT('',(179.75544046869,49.958243510518,
    5.868413026903));
#3243 = CARTESIAN_POINT('',(178.20647854707,48.63289898356,2.93425178724
    ));
#3244 = CARTESIAN_POINT('',(176.65770765341,47.308041193559,
    3.420375094265E-12));
#3245 = CARTESIAN_POINT('',(180.88286288887,51.378613915105,
    8.787289328668));
#3246 = CARTESIAN_POINT('',(179.45581100362,50.026064455487,
    5.85818901716));
#3247 = CARTESIAN_POINT('',(178.02873282547,48.673452608767,
    2.929100311511));
#3248 = CARTESIAN_POINT('',(176.60168094023,47.32090314915,
    3.419931005055E-12));
#3249 = CARTESIAN_POINT('',(180.2834299702,51.750283467445,
    8.727458490342));
#3250 = CARTESIAN_POINT('',(179.02966638112,50.290575370316,
    5.81829287862));
#3251 = CARTESIAN_POINT('',(177.77573792464,48.830661151231,
    2.909165611726));
#3252 = CARTESIAN_POINT('',(176.52197433555,47.370953054102,
    3.420375094265E-12));
#3253 = CARTESIAN_POINT('',(179.83372164509,52.306457397739,
    8.637926398469));
#3254 = CARTESIAN_POINT('',(178.7099028311,50.686304165378,
    5.758608362989));
#3255 = CARTESIAN_POINT('',(177.58599542645,49.066001989267,
    2.879318035484));
#3256 = CARTESIAN_POINT('',(176.46217661245,47.445848756906,
    3.419931005055E-12));
#3257 = CARTESIAN_POINT('',(179.7053537574,52.861865140061,
    8.548517646454));
#3258 = CARTESIAN_POINT('',(178.61866305987,51.081391471787,
    5.699023989425));
#3259 = CARTESIAN_POINT('',(177.53179822992,49.301114951311,
    2.849493657032));
#3260 = CARTESIAN_POINT('',(176.4451075324,47.520641283037,
    3.420375094265E-12));
#3261 = CARTESIAN_POINT('',(179.7053537574,53.139596138419,
    8.503808903548));
#3262 = CARTESIAN_POINT('',(178.61860501573,51.279077825318,5.6692059357
    ));
#3263 = CARTESIAN_POINT('',(177.53185627406,49.418559512211,
    2.834602967852));
#3264 = CARTESIAN_POINT('',(176.4451075324,47.55804119911,
    3.420375094265E-12));
#3265 = ADVANCED_FACE('',(#3266),#3284,.T.);
#3266 = FACE_BOUND('',#3267,.T.);
#3267 = EDGE_LOOP('',(#3268,#3269,#3277,#3283));
#3268 = ORIENTED_EDGE('',*,*,#322,.F.);
#3269 = ORIENTED_EDGE('',*,*,#3270,.T.);
#3270 = EDGE_CURVE('',#323,#3271,#3273,.T.);
#3271 = VERTEX_POINT('',#3272);
#3272 = CARTESIAN_POINT('',(176.4451075324,65.05804119911,
    3.420375094265E-12));
#3273 = LINE('',#3274,#3275);
#3274 = CARTESIAN_POINT('',(179.4451075324,63.063600291018,
    6.175000000007));
#3275 = VECTOR('',#3276,1.);
#3276 = DIRECTION('',(-0.41963821319,0.278981206329,-0.863755322152));
#3277 = ORIENTED_EDGE('',*,*,#3278,.F.);
#3278 = EDGE_CURVE('',#3222,#3271,#3279,.T.);
#3279 = LINE('',#3280,#3281);
#3280 = CARTESIAN_POINT('',(176.4451075324,65.05804119911,
    3.420375094265E-12));
#3281 = VECTOR('',#3282,1.);
#3282 = DIRECTION('',(2.311115933265E-33,1.,0.));
#3283 = ORIENTED_EDGE('',*,*,#3221,.F.);
#3284 = B_SPLINE_SURFACE_WITH_KNOTS('',3,3,(
    (#3285,#3286,#3287,#3288)
    ,(#3289,#3290,#3291,#3292)
    ,(#3293,#3294,#3295,#3296)
    ,(#3297,#3298,#3299,#3300
    )),.UNSPECIFIED.,.F.,.F.,.F.,(4,4),(4,4),(-2.032455559426E-12,
    1.000000000003),(-0.154144085557,1.),.PIECEWISE_BEZIER_KNOTS.);
#3285 = CARTESIAN_POINT('',(179.90753978907,53.485739455762,
    9.031177469485));
#3286 = CARTESIAN_POINT('',(178.75339570351,51.509840036873,
    6.020784979658));
#3287 = CARTESIAN_POINT('',(177.59925161796,49.533940617999,
    3.010392489831));
#3288 = CARTESIAN_POINT('',(176.4451075324,47.55804119911,
    3.420375094265E-12));
#3289 = CARTESIAN_POINT('',(179.90753978907,54.509962795921,
    8.864992651224));
#3290 = CARTESIAN_POINT('',(178.75339570351,52.236288828259,
    5.909995100817));
#3291 = CARTESIAN_POINT('',(177.59925161796,49.962614860604,
    2.95499755041));
#3292 = CARTESIAN_POINT('',(176.4451075324,47.688940892942,
    3.420375094265E-12));
#3293 = CARTESIAN_POINT('',(179.90753978907,61.731945680905,
    7.293024546577));
#3294 = CARTESIAN_POINT('',(178.75339570351,62.797010955714,
    4.862016364386));
#3295 = CARTESIAN_POINT('',(177.59925161796,63.862076230507,
    2.431008182195));
#3296 = CARTESIAN_POINT('',(176.4451075324,64.927141505315,
    3.420375094265E-12));
#3297 = CARTESIAN_POINT('',(179.90753978907,62.75616902105,
    7.126839728319));
#3298 = CARTESIAN_POINT('',(178.75339570351,63.52345974707,
    4.751226485547));
#3299 = CARTESIAN_POINT('',(177.59925161796,64.29075047309,
    2.375613242775));
#3300 = CARTESIAN_POINT('',(176.4451075324,65.05804119911,
    3.420375094265E-12));
#3301 = ADVANCED_FACE('',(#3302),#3321,.T.);
#3302 = FACE_BOUND('',#3303,.T.);
#3303 = EDGE_LOOP('',(#3304,#3305,#3313,#3320));
#3304 = ORIENTED_EDGE('',*,*,#513,.F.);
#3305 = ORIENTED_EDGE('',*,*,#3306,.T.);
#3306 = EDGE_CURVE('',#514,#3307,#3309,.T.);
#3307 = VERTEX_POINT('',#3308);
#3308 = CARTESIAN_POINT('',(176.6951075324,65.30804119911,
    3.420375094265E-12));
#3309 = LINE('',#3310,#3311);
#3310 = CARTESIAN_POINT('',(181.1951075324,64.791858084289,
    5.900000000008));
#3311 = VECTOR('',#3312,1.);
#3312 = DIRECTION('',(-0.604987123112,6.939647502999E-02,-0.793205339192
    ));
#3313 = ORIENTED_EDGE('',*,*,#3314,.F.);
#3314 = EDGE_CURVE('',#3271,#3307,#3315,.T.);
#3315 = CIRCLE('',#3316,0.25);
#3316 = AXIS2_PLACEMENT_3D('',#3317,#3318,#3319);
#3317 = CARTESIAN_POINT('',(176.6951075324,65.05804119911,
    3.420375094265E-12));
#3318 = DIRECTION('',(1.54074395551E-33,0.,-1.));
#3319 = DIRECTION('',(-7.105427357601E-15,1.,-1.094764425254E-47));
#3320 = ORIENTED_EDGE('',*,*,#3270,.F.);
#3321 = B_SPLINE_SURFACE_WITH_KNOTS('',3,3,(
    (#3322,#3323,#3324,#3325)
    ,(#3326,#3327,#3328,#3329)
    ,(#3330,#3331,#3332,#3333)
    ,(#3334,#3335,#3336,#3337)
    ,(#3338,#3339,#3340,#3341)
    ,(#3342,#3343,#3344,#3345)
    ,(#3346,#3347,#3348,#3349
    )),.UNSPECIFIED.,.F.,.F.,.F.,(4,1,1,1,4),(4,4),(-2.852461005743E-12,
    0.285714390631,0.571428781266,0.8571431719,1.000000367217),(
    -0.134873790483,1.),.UNSPECIFIED.);
#3322 = CARTESIAN_POINT('',(179.84972890385,62.794602485839,
    7.007845656243));
#3323 = CARTESIAN_POINT('',(178.71485511336,63.549082056932,
    4.671897104163));
#3324 = CARTESIAN_POINT('',(177.57998132288,64.303561628018,
    2.335948552083));
#3325 = CARTESIAN_POINT('',(176.4451075324,65.05804119911,
    3.420375094265E-12));
#3326 = CARTESIAN_POINT('',(179.84972890385,63.082976266756,
    6.961157040536));
#3327 = CARTESIAN_POINT('',(178.71493465422,63.753815105731,
    4.640768157031));
#3328 = CARTESIAN_POINT('',(177.57990178203,64.42460228641,
    2.320388883508));
#3329 = CARTESIAN_POINT('',(176.4451075324,65.095441125384,
    3.420375094265E-12));
#3330 = CARTESIAN_POINT('',(179.98314504521,63.659505979987,
    6.867815079492));
#3331 = CARTESIAN_POINT('',(178.80953377697,64.163054340148,
    4.578547210119));
#3332 = CARTESIAN_POINT('',(177.63580318971,64.666664364449,
    2.289267869377));
#3333 = CARTESIAN_POINT('',(176.46219192147,65.17021272461,
    3.421263272685E-12));
#3334 = CARTESIAN_POINT('',(180.54323470277,64.353325097341,
    6.755483597629));
#3335 = CARTESIAN_POINT('',(179.20682445033,64.655644704748,
    4.503650272662));
#3336 = CARTESIAN_POINT('',(177.87032355279,64.9578762764,2.25183332497)
  );
#3337 = CARTESIAN_POINT('',(176.53391330035,65.260195883806,
    3.420375094265E-12));
#3338 = CARTESIAN_POINT('',(181.21783882206,64.673937248139,
    6.703575489161));
#3339 = CARTESIAN_POINT('',(179.68533278344,64.883186379011,
    4.469056046227));
#3340 = CARTESIAN_POINT('',(178.15280468279,65.092527755085,
    2.234519442937));
#3341 = CARTESIAN_POINT('',(176.62029864417,65.301776885957,
    3.421263272685E-12));
#3342 = CARTESIAN_POINT('',(181.65600816428,64.722238594179,
    6.695755350393));
#3343 = CARTESIAN_POINT('',(179.99613490731,64.917559268069,
    4.463827015511));
#3344 = CARTESIAN_POINT('',(178.33628097044,65.112720536003,
    2.231928334886));
#3345 = CARTESIAN_POINT('',(176.67640771347,65.308041209893,
    3.420375094265E-12));
#3346 = CARTESIAN_POINT('',(181.80204071571,64.722238511007,
    6.695755363859));
#3347 = CARTESIAN_POINT('',(180.09972970268,64.917506073711,
    4.46383690924));
#3348 = CARTESIAN_POINT('',(178.39741868964,65.112773636407,
    2.231918454622));
#3349 = CARTESIAN_POINT('',(176.6951076766,65.30804119911,
    3.420375094265E-12));
#3350 = ADVANCED_FACE('',(#3351),#3362,.F.);
#3351 = FACE_BOUND('',#3352,.T.);
#3352 = EDGE_LOOP('',(#3353,#3354,#3355,#3361));
#3353 = ORIENTED_EDGE('',*,*,#592,.F.);
#3354 = ORIENTED_EDGE('',*,*,#624,.T.);
#3355 = ORIENTED_EDGE('',*,*,#3356,.F.);
#3356 = EDGE_CURVE('',#3307,#625,#3357,.T.);
#3357 = LINE('',#3358,#3359);
#3358 = CARTESIAN_POINT('',(194.1951075324,65.30804119911,
    3.418598737426E-12));
#3359 = VECTOR('',#3360,1.);
#3360 = DIRECTION('',(1.,3.08148791102E-33,-1.015061051086E-16));
#3361 = ORIENTED_EDGE('',*,*,#3306,.F.);
#3362 = PLANE('',#3363);
#3363 = AXIS2_PLACEMENT_3D('',#3364,#3365,#3366);
#3364 = CARTESIAN_POINT('',(208.7451075324,64.791858084289,
    5.900000000008));
#3365 = DIRECTION('',(7.651222648225E-18,-0.996194698091,
    -8.715574275073E-02));
#3366 = DIRECTION('',(0.,-8.715574275073E-02,0.996194698091));
#3367 = ADVANCED_FACE('',(#3368,#3378),#3384,.T.);
#3368 = FACE_BOUND('',#3369,.T.);
#3369 = EDGE_LOOP('',(#3370,#3371,#3372,#3373,#3374,#3375,#3376,#3377));
#3370 = ORIENTED_EDGE('',*,*,#3356,.T.);
#3371 = ORIENTED_EDGE('',*,*,#632,.F.);
#3372 = ORIENTED_EDGE('',*,*,#681,.F.);
#3373 = ORIENTED_EDGE('',*,*,#717,.F.);
#3374 = ORIENTED_EDGE('',*,*,#774,.T.);
#3375 = ORIENTED_EDGE('',*,*,#3229,.T.);
#3376 = ORIENTED_EDGE('',*,*,#3278,.T.);
#3377 = ORIENTED_EDGE('',*,*,#3314,.T.);
#3378 = FACE_BOUND('',#3379,.T.);
#3379 = EDGE_LOOP('',(#3380,#3381,#3382,#3383));
#3380 = ORIENTED_EDGE('',*,*,#2478,.F.);
#3381 = ORIENTED_EDGE('',*,*,#2790,.F.);
#3382 = ORIENTED_EDGE('',*,*,#1155,.F.);
#3383 = ORIENTED_EDGE('',*,*,#2753,.F.);
#3384 = PLANE('',#3385);
#3385 = AXIS2_PLACEMENT_3D('',#3386,#3387,#3388);
#3386 = CARTESIAN_POINT('',(204.4951075324,56.30804119911,
    3.418598737426E-12));
#3387 = DIRECTION('',(1.007310030931E-16,3.042969312132E-32,-1.));
#3388 = DIRECTION('',(-1.,0.,-1.007310030931E-16));
#3389 = ADVANCED_FACE('',(#3390),#3415,.T.);
#3390 = FACE_BOUND('',#3391,.T.);
#3391 = EDGE_LOOP('',(#3392,#3393,#3401,#3409));
#3392 = ORIENTED_EDGE('',*,*,#2902,.T.);
#3393 = ORIENTED_EDGE('',*,*,#3394,.F.);
#3394 = EDGE_CURVE('',#3395,#2903,#3397,.T.);
#3395 = VERTEX_POINT('',#3396);
#3396 = CARTESIAN_POINT('',(194.47010753239,56.808041199125,
    0.200000000003));
#3397 = LINE('',#3398,#3399);
#3398 = CARTESIAN_POINT('',(194.47010753239,56.808041199125,
    3.416822380586E-12));
#3399 = VECTOR('',#3400,1.);
#3400 = DIRECTION('',(0.,0.,1.));
#3401 = ORIENTED_EDGE('',*,*,#3402,.F.);
#3402 = EDGE_CURVE('',#3403,#3395,#3405,.T.);
#3403 = VERTEX_POINT('',#3404);
#3404 = CARTESIAN_POINT('',(194.47010753239,58.308041199125,
    0.200000000003));
#3405 = LINE('',#3406,#3407);
#3406 = CARTESIAN_POINT('',(194.47010753239,52.062027444626,
    0.200000000003));
#3407 = VECTOR('',#3408,1.);
#3408 = DIRECTION('',(0.,-1.,3.061616997868E-16));
#3409 = ORIENTED_EDGE('',*,*,#3410,.T.);
#3410 = EDGE_CURVE('',#3403,#2892,#3411,.T.);
#3411 = LINE('',#3412,#3413);
#3412 = CARTESIAN_POINT('',(194.47010753239,58.308041199125,
    3.416822380586E-12));
#3413 = VECTOR('',#3414,1.);
#3414 = DIRECTION('',(0.,0.,1.));
#3415 = PLANE('',#3416);
#3416 = AXIS2_PLACEMENT_3D('',#3417,#3418,#3419);
#3417 = CARTESIAN_POINT('',(194.47010753239,56.808041199125,
    3.416822380586E-12));
#3418 = DIRECTION('',(1.,0.,0.));
#3419 = DIRECTION('',(0.,1.,-3.061616997868E-16));
#3420 = ADVANCED_FACE('',(#3421),#3446,.T.);
#3421 = FACE_BOUND('',#3422,.T.);
#3422 = EDGE_LOOP('',(#3423,#3424,#3432,#3440));
#3423 = ORIENTED_EDGE('',*,*,#2929,.T.);
#3424 = ORIENTED_EDGE('',*,*,#3425,.F.);
#3425 = EDGE_CURVE('',#3426,#2825,#3428,.T.);
#3426 = VERTEX_POINT('',#3427);
#3427 = CARTESIAN_POINT('',(194.47010753239,55.808041199125,
    0.200000000003));
#3428 = LINE('',#3429,#3430);
#3429 = CARTESIAN_POINT('',(194.47010753239,55.808041199125,
    3.417710559006E-12));
#3430 = VECTOR('',#3431,1.);
#3431 = DIRECTION('',(0.,0.,1.));
#3432 = ORIENTED_EDGE('',*,*,#3433,.F.);
#3433 = EDGE_CURVE('',#3434,#3426,#3436,.T.);
#3434 = VERTEX_POINT('',#3435);
#3435 = CARTESIAN_POINT('',(192.97010753239,55.808041199125,
    0.200000000003));
#3436 = LINE('',#3437,#3438);
#3437 = CARTESIAN_POINT('',(190.22010753239,55.808041199125,
    0.200000000003));
#3438 = VECTOR('',#3439,1.);
#3439 = DIRECTION('',(1.,0.,0.));
#3440 = ORIENTED_EDGE('',*,*,#3441,.T.);
#3441 = EDGE_CURVE('',#3434,#2921,#3442,.T.);
#3442 = LINE('',#3443,#3444);
#3443 = CARTESIAN_POINT('',(192.97010753239,55.808041199125,
    3.417710559006E-12));
#3444 = VECTOR('',#3445,1.);
#3445 = DIRECTION('',(0.,0.,1.));
#3446 = PLANE('',#3447);
#3447 = AXIS2_PLACEMENT_3D('',#3448,#3449,#3450);
#3448 = CARTESIAN_POINT('',(194.47010753239,55.808041199125,
    3.417710559006E-12));
#3449 = DIRECTION('',(0.,1.,0.));
#3450 = DIRECTION('',(-1.,0.,0.));
#3451 = ADVANCED_FACE('',(#3452),#3470,.T.);
#3452 = FACE_BOUND('',#3453,.T.);
#3453 = EDGE_LOOP('',(#3454,#3455,#3463,#3469));
#3454 = ORIENTED_EDGE('',*,*,#2824,.T.);
#3455 = ORIENTED_EDGE('',*,*,#3456,.F.);
#3456 = EDGE_CURVE('',#3457,#2827,#3459,.T.);
#3457 = VERTEX_POINT('',#3458);
#3458 = CARTESIAN_POINT('',(194.47010753239,54.308041199125,
    0.200000000003));
#3459 = LINE('',#3460,#3461);
#3460 = CARTESIAN_POINT('',(194.47010753239,54.308041199125,
    3.417710559006E-12));
#3461 = VECTOR('',#3462,1.);
#3462 = DIRECTION('',(0.,0.,1.));
#3463 = ORIENTED_EDGE('',*,*,#3464,.F.);
#3464 = EDGE_CURVE('',#3426,#3457,#3465,.T.);
#3465 = LINE('',#3466,#3467);
#3466 = CARTESIAN_POINT('',(194.47010753239,52.062027444626,
    0.200000000003));
#3467 = VECTOR('',#3468,1.);
#3468 = DIRECTION('',(0.,-1.,3.061616997868E-16));
#3469 = ORIENTED_EDGE('',*,*,#3425,.T.);
#3470 = PLANE('',#3471);
#3471 = AXIS2_PLACEMENT_3D('',#3472,#3473,#3474);
#3472 = CARTESIAN_POINT('',(194.47010753239,56.808041199125,
    3.416822380586E-12));
#3473 = DIRECTION('',(1.,0.,0.));
#3474 = DIRECTION('',(0.,1.,-3.061616997868E-16));
#3475 = ADVANCED_FACE('',(#3476),#3494,.T.);
#3476 = FACE_BOUND('',#3477,.T.);
#3477 = EDGE_LOOP('',(#3478,#3479,#3480,#3488));
#3478 = ORIENTED_EDGE('',*,*,#2891,.T.);
#3479 = ORIENTED_EDGE('',*,*,#3410,.F.);
#3480 = ORIENTED_EDGE('',*,*,#3481,.F.);
#3481 = EDGE_CURVE('',#3482,#3403,#3484,.T.);
#3482 = VERTEX_POINT('',#3483);
#3483 = CARTESIAN_POINT('',(195.47010753239,58.308041199125,
    0.200000000003));
#3484 = LINE('',#3485,#3486);
#3485 = CARTESIAN_POINT('',(190.22010753239,58.308041199125,
    0.200000000003));
#3486 = VECTOR('',#3487,1.);
#3487 = DIRECTION('',(-1.,0.,0.));
#3488 = ORIENTED_EDGE('',*,*,#3489,.T.);
#3489 = EDGE_CURVE('',#3482,#2883,#3490,.T.);
#3490 = LINE('',#3491,#3492);
#3491 = CARTESIAN_POINT('',(195.47010753239,58.308041199125,
    3.416822380586E-12));
#3492 = VECTOR('',#3493,1.);
#3493 = DIRECTION('',(0.,0.,1.));
#3494 = PLANE('',#3495);
#3495 = AXIS2_PLACEMENT_3D('',#3496,#3497,#3498);
#3496 = CARTESIAN_POINT('',(194.47010753239,58.308041199125,
    3.416822380586E-12));
#3497 = DIRECTION('',(0.,-1.,0.));
#3498 = DIRECTION('',(1.,0.,0.));
#3499 = ADVANCED_FACE('',(#3500,#3503),#3569,.T.);
#3500 = FACE_BOUND('',#3501,.T.);
#3501 = EDGE_LOOP('',(#3502));
#3502 = ORIENTED_EDGE('',*,*,#1411,.T.);
#3503 = FACE_BOUND('',#3504,.T.);
#3504 = EDGE_LOOP('',(#3505,#3506,#3514,#3520,#3521,#3522,#3530,#3538,
    #3546,#3554,#3562,#3568));
#3505 = ORIENTED_EDGE('',*,*,#3402,.T.);
#3506 = ORIENTED_EDGE('',*,*,#3507,.T.);
#3507 = EDGE_CURVE('',#3395,#3508,#3510,.T.);
#3508 = VERTEX_POINT('',#3509);
#3509 = CARTESIAN_POINT('',(192.97010753239,56.808041199125,
    0.200000000003));
#3510 = LINE('',#3511,#3512);
#3511 = CARTESIAN_POINT('',(189.47010753239,56.808041199125,
    0.200000000003));
#3512 = VECTOR('',#3513,1.);
#3513 = DIRECTION('',(-1.,0.,0.));
#3514 = ORIENTED_EDGE('',*,*,#3515,.T.);
#3515 = EDGE_CURVE('',#3508,#3434,#3516,.T.);
#3516 = LINE('',#3517,#3518);
#3517 = CARTESIAN_POINT('',(192.97010753239,51.562027444626,
    0.200000000003));
#3518 = VECTOR('',#3519,1.);
#3519 = DIRECTION('',(0.,-1.,3.061616997868E-16));
#3520 = ORIENTED_EDGE('',*,*,#3433,.T.);
#3521 = ORIENTED_EDGE('',*,*,#3464,.T.);
#3522 = ORIENTED_EDGE('',*,*,#3523,.T.);
#3523 = EDGE_CURVE('',#3457,#3524,#3526,.T.);
#3524 = VERTEX_POINT('',#3525);
#3525 = CARTESIAN_POINT('',(195.47010753239,54.308041199125,
    0.200000000003));
#3526 = LINE('',#3527,#3528);
#3527 = CARTESIAN_POINT('',(190.72010753239,54.308041199125,
    0.200000000003));
#3528 = VECTOR('',#3529,1.);
#3529 = DIRECTION('',(1.,0.,0.));
#3530 = ORIENTED_EDGE('',*,*,#3531,.T.);
#3531 = EDGE_CURVE('',#3524,#3532,#3534,.T.);
#3532 = VERTEX_POINT('',#3533);
#3533 = CARTESIAN_POINT('',(195.47010753239,55.808041199125,
    0.200000000003));
#3534 = LINE('',#3535,#3536);
#3535 = CARTESIAN_POINT('',(195.47010753239,51.562027444626,
    0.200000000003));
#3536 = VECTOR('',#3537,1.);
#3537 = DIRECTION('',(0.,1.,-3.061616997868E-16));
#3538 = ORIENTED_EDGE('',*,*,#3539,.T.);
#3539 = EDGE_CURVE('',#3532,#3540,#3542,.T.);
#3540 = VERTEX_POINT('',#3541);
#3541 = CARTESIAN_POINT('',(196.97010753239,55.808041199125,
    0.200000000003));
#3542 = LINE('',#3543,#3544);
#3543 = CARTESIAN_POINT('',(190.22010753239,55.808041199125,
    0.200000000003));
#3544 = VECTOR('',#3545,1.);
#3545 = DIRECTION('',(1.,0.,0.));
#3546 = ORIENTED_EDGE('',*,*,#3547,.T.);
#3547 = EDGE_CURVE('',#3540,#3548,#3550,.T.);
#3548 = VERTEX_POINT('',#3549);
#3549 = CARTESIAN_POINT('',(196.97010753239,56.808041199125,
    0.200000000003));
#3550 = LINE('',#3551,#3552);
#3551 = CARTESIAN_POINT('',(196.97010753239,52.062027444626,
    0.200000000003));
#3552 = VECTOR('',#3553,1.);
#3553 = DIRECTION('',(0.,1.,-3.061616997868E-16));
#3554 = ORIENTED_EDGE('',*,*,#3555,.T.);
#3555 = EDGE_CURVE('',#3548,#3556,#3558,.T.);
#3556 = VERTEX_POINT('',#3557);
#3557 = CARTESIAN_POINT('',(195.47010753239,56.808041199125,
    0.200000000003));
#3558 = LINE('',#3559,#3560);
#3559 = CARTESIAN_POINT('',(190.72010753239,56.808041199125,
    0.200000000003));
#3560 = VECTOR('',#3561,1.);
#3561 = DIRECTION('',(-1.,0.,0.));
#3562 = ORIENTED_EDGE('',*,*,#3563,.T.);
#3563 = EDGE_CURVE('',#3556,#3482,#3564,.T.);
#3564 = LINE('',#3565,#3566);
#3565 = CARTESIAN_POINT('',(195.47010753239,52.812027444626,
    0.200000000003));
#3566 = VECTOR('',#3567,1.);
#3567 = DIRECTION('',(0.,1.,-3.061616997868E-16));
#3568 = ORIENTED_EDGE('',*,*,#3481,.T.);
#3569 = PLANE('',#3570);
#3570 = AXIS2_PLACEMENT_3D('',#3571,#3572,#3573);
#3571 = CARTESIAN_POINT('',(185.97010753239,47.316013690128,
    0.200000000003));
#3572 = DIRECTION('',(0.,-3.061616997868E-16,-1.));
#3573 = DIRECTION('',(0.,1.,-3.061616997868E-16));
#3574 = ADVANCED_FACE('',(#3575),#3586,.T.);
#3575 = FACE_BOUND('',#3576,.T.);
#3576 = EDGE_LOOP('',(#3577,#3578,#3584,#3585));
#3577 = ORIENTED_EDGE('',*,*,#2911,.T.);
#3578 = ORIENTED_EDGE('',*,*,#3579,.F.);
#3579 = EDGE_CURVE('',#3508,#2912,#3580,.T.);
#3580 = LINE('',#3581,#3582);
#3581 = CARTESIAN_POINT('',(192.97010753239,56.808041199125,
    3.416822380586E-12));
#3582 = VECTOR('',#3583,1.);
#3583 = DIRECTION('',(0.,0.,1.));
#3584 = ORIENTED_EDGE('',*,*,#3507,.F.);
#3585 = ORIENTED_EDGE('',*,*,#3394,.T.);
#3586 = PLANE('',#3587);
#3587 = AXIS2_PLACEMENT_3D('',#3588,#3589,#3590);
#3588 = CARTESIAN_POINT('',(192.97010753239,56.808041199125,
    3.416822380586E-12));
#3589 = DIRECTION('',(0.,-1.,0.));
#3590 = DIRECTION('',(1.,0.,0.));
#3591 = ADVANCED_FACE('',(#3592),#3598,.T.);
#3592 = FACE_BOUND('',#3593,.T.);
#3593 = EDGE_LOOP('',(#3594,#3595,#3596,#3597));
#3594 = ORIENTED_EDGE('',*,*,#2920,.T.);
#3595 = ORIENTED_EDGE('',*,*,#3441,.F.);
#3596 = ORIENTED_EDGE('',*,*,#3515,.F.);
#3597 = ORIENTED_EDGE('',*,*,#3579,.T.);
#3598 = PLANE('',#3599);
#3599 = AXIS2_PLACEMENT_3D('',#3600,#3601,#3602);
#3600 = CARTESIAN_POINT('',(192.97010753239,55.808041199125,
    3.417710559006E-12));
#3601 = DIRECTION('',(1.,0.,0.));
#3602 = DIRECTION('',(0.,1.,-3.061616997868E-16));
#3603 = ADVANCED_FACE('',(#3604),#3615,.T.);
#3604 = FACE_BOUND('',#3605,.T.);
#3605 = EDGE_LOOP('',(#3606,#3607,#3608,#3609));
#3606 = ORIENTED_EDGE('',*,*,#2882,.T.);
#3607 = ORIENTED_EDGE('',*,*,#3489,.F.);
#3608 = ORIENTED_EDGE('',*,*,#3563,.F.);
#3609 = ORIENTED_EDGE('',*,*,#3610,.T.);
#3610 = EDGE_CURVE('',#3556,#2874,#3611,.T.);
#3611 = LINE('',#3612,#3613);
#3612 = CARTESIAN_POINT('',(195.47010753239,56.808041199125,
    3.416822380586E-12));
#3613 = VECTOR('',#3614,1.);
#3614 = DIRECTION('',(0.,0.,1.));
#3615 = PLANE('',#3616);
#3616 = AXIS2_PLACEMENT_3D('',#3617,#3618,#3619);
#3617 = CARTESIAN_POINT('',(195.47010753239,58.308041199125,
    3.416822380586E-12));
#3618 = DIRECTION('',(-1.,0.,0.));
#3619 = DIRECTION('',(0.,-1.,3.061616997868E-16));
#3620 = ADVANCED_FACE('',(#3621),#3632,.T.);
#3621 = FACE_BOUND('',#3622,.T.);
#3622 = EDGE_LOOP('',(#3623,#3624,#3625,#3626));
#3623 = ORIENTED_EDGE('',*,*,#2873,.T.);
#3624 = ORIENTED_EDGE('',*,*,#3610,.F.);
#3625 = ORIENTED_EDGE('',*,*,#3555,.F.);
#3626 = ORIENTED_EDGE('',*,*,#3627,.T.);
#3627 = EDGE_CURVE('',#3548,#2865,#3628,.T.);
#3628 = LINE('',#3629,#3630);
#3629 = CARTESIAN_POINT('',(196.97010753239,56.808041199125,
    3.416822380586E-12));
#3630 = VECTOR('',#3631,1.);
#3631 = DIRECTION('',(0.,0.,1.));
#3632 = PLANE('',#3633);
#3633 = AXIS2_PLACEMENT_3D('',#3634,#3635,#3636);
#3634 = CARTESIAN_POINT('',(195.47010753239,56.808041199125,
    3.416822380586E-12));
#3635 = DIRECTION('',(0.,-1.,0.));
#3636 = DIRECTION('',(1.,0.,0.));
#3637 = ADVANCED_FACE('',(#3638),#3649,.T.);
#3638 = FACE_BOUND('',#3639,.T.);
#3639 = EDGE_LOOP('',(#3640,#3641,#3642,#3643));
#3640 = ORIENTED_EDGE('',*,*,#2864,.T.);
#3641 = ORIENTED_EDGE('',*,*,#3627,.F.);
#3642 = ORIENTED_EDGE('',*,*,#3547,.F.);
#3643 = ORIENTED_EDGE('',*,*,#3644,.T.);
#3644 = EDGE_CURVE('',#3540,#2856,#3645,.T.);
#3645 = LINE('',#3646,#3647);
#3646 = CARTESIAN_POINT('',(196.97010753239,55.808041199125,
    3.417710559006E-12));
#3647 = VECTOR('',#3648,1.);
#3648 = DIRECTION('',(0.,0.,1.));
#3649 = PLANE('',#3650);
#3650 = AXIS2_PLACEMENT_3D('',#3651,#3652,#3653);
#3651 = CARTESIAN_POINT('',(196.97010753239,56.808041199125,
    3.416822380586E-12));
#3652 = DIRECTION('',(-1.,0.,0.));
#3653 = DIRECTION('',(0.,-1.,3.061616997868E-16));
#3654 = ADVANCED_FACE('',(#3655),#3666,.T.);
#3655 = FACE_BOUND('',#3656,.T.);
#3656 = EDGE_LOOP('',(#3657,#3658,#3659,#3660));
#3657 = ORIENTED_EDGE('',*,*,#2855,.T.);
#3658 = ORIENTED_EDGE('',*,*,#3644,.F.);
#3659 = ORIENTED_EDGE('',*,*,#3539,.F.);
#3660 = ORIENTED_EDGE('',*,*,#3661,.T.);
#3661 = EDGE_CURVE('',#3532,#2847,#3662,.T.);
#3662 = LINE('',#3663,#3664);
#3663 = CARTESIAN_POINT('',(195.47010753239,55.808041199125,
    3.417710559006E-12));
#3664 = VECTOR('',#3665,1.);
#3665 = DIRECTION('',(0.,0.,1.));
#3666 = PLANE('',#3667);
#3667 = AXIS2_PLACEMENT_3D('',#3668,#3669,#3670);
#3668 = CARTESIAN_POINT('',(194.47010753239,55.808041199125,
    3.417710559006E-12));
#3669 = DIRECTION('',(0.,1.,0.));
#3670 = DIRECTION('',(-1.,0.,0.));
#3671 = ADVANCED_FACE('',(#3672),#3683,.T.);
#3672 = FACE_BOUND('',#3673,.T.);
#3673 = EDGE_LOOP('',(#3674,#3675,#3681,#3682));
#3674 = ORIENTED_EDGE('',*,*,#2835,.T.);
#3675 = ORIENTED_EDGE('',*,*,#3676,.F.);
#3676 = EDGE_CURVE('',#3524,#2836,#3677,.T.);
#3677 = LINE('',#3678,#3679);
#3678 = CARTESIAN_POINT('',(195.47010753239,54.308041199125,
    3.417710559006E-12));
#3679 = VECTOR('',#3680,1.);
#3680 = DIRECTION('',(0.,0.,1.));
#3681 = ORIENTED_EDGE('',*,*,#3523,.F.);
#3682 = ORIENTED_EDGE('',*,*,#3456,.T.);
#3683 = PLANE('',#3684);
#3684 = AXIS2_PLACEMENT_3D('',#3685,#3686,#3687);
#3685 = CARTESIAN_POINT('',(195.47010753239,54.308041199125,
    3.418598737426E-12));
#3686 = DIRECTION('',(0.,1.,0.));
#3687 = DIRECTION('',(-1.,0.,0.));
#3688 = ADVANCED_FACE('',(#3689),#3695,.T.);
#3689 = FACE_BOUND('',#3690,.T.);
#3690 = EDGE_LOOP('',(#3691,#3692,#3693,#3694));
#3691 = ORIENTED_EDGE('',*,*,#2846,.T.);
#3692 = ORIENTED_EDGE('',*,*,#3661,.F.);
#3693 = ORIENTED_EDGE('',*,*,#3531,.F.);
#3694 = ORIENTED_EDGE('',*,*,#3676,.T.);
#3695 = PLANE('',#3696);
#3696 = AXIS2_PLACEMENT_3D('',#3697,#3698,#3699);
#3697 = CARTESIAN_POINT('',(195.47010753239,55.808041199125,
    3.417710559006E-12));
#3698 = DIRECTION('',(-1.,0.,0.));
#3699 = DIRECTION('',(0.,-1.,3.061616997868E-16));
#3700 = ADVANCED_FACE('',(#3701),#3726,.T.);
#3701 = FACE_BOUND('',#3702,.T.);
#3702 = EDGE_LOOP('',(#3703,#3704,#3712,#3720));
#3703 = ORIENTED_EDGE('',*,*,#2987,.T.);
#3704 = ORIENTED_EDGE('',*,*,#3705,.F.);
#3705 = EDGE_CURVE('',#3706,#2988,#3708,.T.);
#3706 = VERTEX_POINT('',#3707);
#3707 = CARTESIAN_POINT('',(207.42010753239,55.808041199125,
    0.200000000003));
#3708 = LINE('',#3709,#3710);
#3709 = CARTESIAN_POINT('',(207.42010753239,55.808041199125,
    3.417710559006E-12));
#3710 = VECTOR('',#3711,1.);
#3711 = DIRECTION('',(0.,0.,1.));
#3712 = ORIENTED_EDGE('',*,*,#3713,.F.);
#3713 = EDGE_CURVE('',#3714,#3706,#3716,.T.);
#3714 = VERTEX_POINT('',#3715);
#3715 = CARTESIAN_POINT('',(207.42010753239,54.308041199125,
    0.200000000003));
#3716 = LINE('',#3717,#3718);
#3717 = CARTESIAN_POINT('',(207.42010753239,51.562027444626,
    0.200000000003));
#3718 = VECTOR('',#3719,1.);
#3719 = DIRECTION('',(0.,1.,-3.061616997868E-16));
#3720 = ORIENTED_EDGE('',*,*,#3721,.T.);
#3721 = EDGE_CURVE('',#3714,#2977,#3722,.T.);
#3722 = LINE('',#3723,#3724);
#3723 = CARTESIAN_POINT('',(207.42010753239,54.308041199125,
    3.417710559006E-12));
#3724 = VECTOR('',#3725,1.);
#3725 = DIRECTION('',(0.,0.,1.));
#3726 = PLANE('',#3727);
#3727 = AXIS2_PLACEMENT_3D('',#3728,#3729,#3730);
#3728 = CARTESIAN_POINT('',(207.42010753239,55.808041199125,
    3.417710559006E-12));
#3729 = DIRECTION('',(-1.,0.,0.));
#3730 = DIRECTION('',(0.,-1.,3.061616997868E-16));
#3731 = ADVANCED_FACE('',(#3732),#3750,.T.);
#3732 = FACE_BOUND('',#3733,.T.);
#3733 = EDGE_LOOP('',(#3734,#3735,#3736,#3744));
#3734 = ORIENTED_EDGE('',*,*,#2976,.T.);
#3735 = ORIENTED_EDGE('',*,*,#3721,.F.);
#3736 = ORIENTED_EDGE('',*,*,#3737,.F.);
#3737 = EDGE_CURVE('',#3738,#3714,#3740,.T.);
#3738 = VERTEX_POINT('',#3739);
#3739 = CARTESIAN_POINT('',(206.42010753239,54.308041199125,
    0.200000000003));
#3740 = LINE('',#3741,#3742);
#3741 = CARTESIAN_POINT('',(202.67010753239,54.308041199125,
    0.200000000003));
#3742 = VECTOR('',#3743,1.);
#3743 = DIRECTION('',(1.,0.,0.));
#3744 = ORIENTED_EDGE('',*,*,#3745,.T.);
#3745 = EDGE_CURVE('',#3738,#2968,#3746,.T.);
#3746 = LINE('',#3747,#3748);
#3747 = CARTESIAN_POINT('',(206.42010753239,54.308041199125,
    3.417710559006E-12));
#3748 = VECTOR('',#3749,1.);
#3749 = DIRECTION('',(0.,0.,1.));
#3750 = PLANE('',#3751);
#3751 = AXIS2_PLACEMENT_3D('',#3752,#3753,#3754);
#3752 = CARTESIAN_POINT('',(207.42010753239,54.308041199125,
    3.418598737426E-12));
#3753 = DIRECTION('',(0.,1.,0.));
#3754 = DIRECTION('',(-1.,0.,0.));
#3755 = ADVANCED_FACE('',(#3756),#3774,.T.);
#3756 = FACE_BOUND('',#3757,.T.);
#3757 = EDGE_LOOP('',(#3758,#3759,#3767,#3773));
#3758 = ORIENTED_EDGE('',*,*,#2996,.T.);
#3759 = ORIENTED_EDGE('',*,*,#3760,.F.);
#3760 = EDGE_CURVE('',#3761,#2997,#3763,.T.);
#3761 = VERTEX_POINT('',#3762);
#3762 = CARTESIAN_POINT('',(208.92010753239,55.808041199125,
    0.200000000003));
#3763 = LINE('',#3764,#3765);
#3764 = CARTESIAN_POINT('',(208.92010753239,55.808041199125,
    3.417710559006E-12));
#3765 = VECTOR('',#3766,1.);
#3766 = DIRECTION('',(0.,0.,1.));
#3767 = ORIENTED_EDGE('',*,*,#3768,.F.);
#3768 = EDGE_CURVE('',#3706,#3761,#3769,.T.);
#3769 = LINE('',#3770,#3771);
#3770 = CARTESIAN_POINT('',(202.17010753239,55.808041199125,
    0.200000000003));
#3771 = VECTOR('',#3772,1.);
#3772 = DIRECTION('',(1.,0.,0.));
#3773 = ORIENTED_EDGE('',*,*,#3705,.T.);
#3774 = PLANE('',#3775);
#3775 = AXIS2_PLACEMENT_3D('',#3776,#3777,#3778);
#3776 = CARTESIAN_POINT('',(206.42010753239,55.808041199125,
    3.417710559006E-12));
#3777 = DIRECTION('',(0.,1.,0.));
#3778 = DIRECTION('',(-1.,0.,0.));
#3779 = ADVANCED_FACE('',(#3780),#3798,.T.);
#3780 = FACE_BOUND('',#3781,.T.);
#3781 = EDGE_LOOP('',(#3782,#3783,#3791,#3797));
#3782 = ORIENTED_EDGE('',*,*,#3005,.T.);
#3783 = ORIENTED_EDGE('',*,*,#3784,.F.);
#3784 = EDGE_CURVE('',#3785,#3006,#3787,.T.);
#3785 = VERTEX_POINT('',#3786);
#3786 = CARTESIAN_POINT('',(208.92010753239,56.808041199125,
    0.200000000003));
#3787 = LINE('',#3788,#3789);
#3788 = CARTESIAN_POINT('',(208.92010753239,56.808041199125,
    3.416822380586E-12));
#3789 = VECTOR('',#3790,1.);
#3790 = DIRECTION('',(0.,0.,1.));
#3791 = ORIENTED_EDGE('',*,*,#3792,.F.);
#3792 = EDGE_CURVE('',#3761,#3785,#3793,.T.);
#3793 = LINE('',#3794,#3795);
#3794 = CARTESIAN_POINT('',(208.92010753239,52.062027444626,
    0.200000000003));
#3795 = VECTOR('',#3796,1.);
#3796 = DIRECTION('',(0.,1.,-3.061616997868E-16));
#3797 = ORIENTED_EDGE('',*,*,#3760,.T.);
#3798 = PLANE('',#3799);
#3799 = AXIS2_PLACEMENT_3D('',#3800,#3801,#3802);
#3800 = CARTESIAN_POINT('',(208.92010753239,56.808041199125,
    3.416822380586E-12));
#3801 = DIRECTION('',(-1.,0.,0.));
#3802 = DIRECTION('',(0.,-1.,3.061616997868E-16));
#3803 = ADVANCED_FACE('',(#3804),#3822,.T.);
#3804 = FACE_BOUND('',#3805,.T.);
#3805 = EDGE_LOOP('',(#3806,#3807,#3815,#3821));
#3806 = ORIENTED_EDGE('',*,*,#3014,.T.);
#3807 = ORIENTED_EDGE('',*,*,#3808,.F.);
#3808 = EDGE_CURVE('',#3809,#3015,#3811,.T.);
#3809 = VERTEX_POINT('',#3810);
#3810 = CARTESIAN_POINT('',(207.42010753239,56.808041199125,
    0.200000000003));
#3811 = LINE('',#3812,#3813);
#3812 = CARTESIAN_POINT('',(207.42010753239,56.808041199125,
    3.416822380586E-12));
#3813 = VECTOR('',#3814,1.);
#3814 = DIRECTION('',(0.,0.,1.));
#3815 = ORIENTED_EDGE('',*,*,#3816,.F.);
#3816 = EDGE_CURVE('',#3785,#3809,#3817,.T.);
#3817 = LINE('',#3818,#3819);
#3818 = CARTESIAN_POINT('',(202.67010753239,56.808041199125,
    0.200000000003));
#3819 = VECTOR('',#3820,1.);
#3820 = DIRECTION('',(-1.,0.,0.));
#3821 = ORIENTED_EDGE('',*,*,#3784,.T.);
#3822 = PLANE('',#3823);
#3823 = AXIS2_PLACEMENT_3D('',#3824,#3825,#3826);
#3824 = CARTESIAN_POINT('',(207.42010753239,56.808041199125,
    3.416822380586E-12));
#3825 = DIRECTION('',(0.,-1.,0.));
#3826 = DIRECTION('',(1.,0.,0.));
#3827 = ADVANCED_FACE('',(#3828),#3846,.T.);
#3828 = FACE_BOUND('',#3829,.T.);
#3829 = EDGE_LOOP('',(#3830,#3831,#3839,#3845));
#3830 = ORIENTED_EDGE('',*,*,#3023,.T.);
#3831 = ORIENTED_EDGE('',*,*,#3832,.F.);
#3832 = EDGE_CURVE('',#3833,#3024,#3835,.T.);
#3833 = VERTEX_POINT('',#3834);
#3834 = CARTESIAN_POINT('',(207.42010753239,58.308041199125,
    0.200000000003));
#3835 = LINE('',#3836,#3837);
#3836 = CARTESIAN_POINT('',(207.42010753239,58.308041199125,
    3.416822380586E-12));
#3837 = VECTOR('',#3838,1.);
#3838 = DIRECTION('',(0.,0.,1.));
#3839 = ORIENTED_EDGE('',*,*,#3840,.F.);
#3840 = EDGE_CURVE('',#3809,#3833,#3841,.T.);
#3841 = LINE('',#3842,#3843);
#3842 = CARTESIAN_POINT('',(207.42010753239,52.812027444626,
    0.200000000003));
#3843 = VECTOR('',#3844,1.);
#3844 = DIRECTION('',(0.,1.,-3.061616997868E-16));
#3845 = ORIENTED_EDGE('',*,*,#3808,.T.);
#3846 = PLANE('',#3847);
#3847 = AXIS2_PLACEMENT_3D('',#3848,#3849,#3850);
#3848 = CARTESIAN_POINT('',(207.42010753239,58.308041199125,
    3.416822380586E-12));
#3849 = DIRECTION('',(-1.,0.,0.));
#3850 = DIRECTION('',(0.,-1.,3.061616997868E-16));
#3851 = ADVANCED_FACE('',(#3852),#3877,.T.);
#3852 = FACE_BOUND('',#3853,.T.);
#3853 = EDGE_LOOP('',(#3854,#3855,#3863,#3871));
#3854 = ORIENTED_EDGE('',*,*,#3061,.T.);
#3855 = ORIENTED_EDGE('',*,*,#3856,.F.);
#3856 = EDGE_CURVE('',#3857,#2957,#3859,.T.);
#3857 = VERTEX_POINT('',#3858);
#3858 = CARTESIAN_POINT('',(204.92010753239,55.808041199125,
    0.200000000003));
#3859 = LINE('',#3860,#3861);
#3860 = CARTESIAN_POINT('',(204.92010753239,55.808041199125,
    3.417710559006E-12));
#3861 = VECTOR('',#3862,1.);
#3862 = DIRECTION('',(0.,0.,1.));
#3863 = ORIENTED_EDGE('',*,*,#3864,.F.);
#3864 = EDGE_CURVE('',#3865,#3857,#3867,.T.);
#3865 = VERTEX_POINT('',#3866);
#3866 = CARTESIAN_POINT('',(204.92010753239,56.808041199125,
    0.200000000003));
#3867 = LINE('',#3868,#3869);
#3868 = CARTESIAN_POINT('',(204.92010753239,51.562027444626,
    0.200000000003));
#3869 = VECTOR('',#3870,1.);
#3870 = DIRECTION('',(0.,-1.,3.061616997868E-16));
#3871 = ORIENTED_EDGE('',*,*,#3872,.T.);
#3872 = EDGE_CURVE('',#3865,#3053,#3873,.T.);
#3873 = LINE('',#3874,#3875);
#3874 = CARTESIAN_POINT('',(204.92010753239,56.808041199125,
    3.416822380586E-12));
#3875 = VECTOR('',#3876,1.);
#3876 = DIRECTION('',(0.,0.,1.));
#3877 = PLANE('',#3878);
#3878 = AXIS2_PLACEMENT_3D('',#3879,#3880,#3881);
#3879 = CARTESIAN_POINT('',(204.92010753239,55.808041199125,
    3.417710559006E-12));
#3880 = DIRECTION('',(1.,0.,0.));
#3881 = DIRECTION('',(0.,1.,-3.061616997868E-16));
#3882 = ADVANCED_FACE('',(#3883),#3901,.T.);
#3883 = FACE_BOUND('',#3884,.T.);
#3884 = EDGE_LOOP('',(#3885,#3886,#3887,#3895));
#3885 = ORIENTED_EDGE('',*,*,#3052,.T.);
#3886 = ORIENTED_EDGE('',*,*,#3872,.F.);
#3887 = ORIENTED_EDGE('',*,*,#3888,.F.);
#3888 = EDGE_CURVE('',#3889,#3865,#3891,.T.);
#3889 = VERTEX_POINT('',#3890);
#3890 = CARTESIAN_POINT('',(206.42010753239,56.808041199125,
    0.200000000003));
#3891 = LINE('',#3892,#3893);
#3892 = CARTESIAN_POINT('',(201.42010753239,56.808041199125,
    0.200000000003));
#3893 = VECTOR('',#3894,1.);
#3894 = DIRECTION('',(-1.,0.,0.));
#3895 = ORIENTED_EDGE('',*,*,#3896,.T.);
#3896 = EDGE_CURVE('',#3889,#3044,#3897,.T.);
#3897 = LINE('',#3898,#3899);
#3898 = CARTESIAN_POINT('',(206.42010753239,56.808041199125,
    3.416822380586E-12));
#3899 = VECTOR('',#3900,1.);
#3900 = DIRECTION('',(0.,0.,1.));
#3901 = PLANE('',#3902);
#3902 = AXIS2_PLACEMENT_3D('',#3903,#3904,#3905);
#3903 = CARTESIAN_POINT('',(204.92010753239,56.808041199125,
    3.416822380586E-12));
#3904 = DIRECTION('',(0.,-1.,0.));
#3905 = DIRECTION('',(1.,0.,0.));
#3906 = ADVANCED_FACE('',(#3907,#3910),#3948,.T.);
#3907 = FACE_BOUND('',#3908,.T.);
#3908 = EDGE_LOOP('',(#3909));
#3909 = ORIENTED_EDGE('',*,*,#1803,.T.);
#3910 = FACE_BOUND('',#3911,.T.);
#3911 = EDGE_LOOP('',(#3912,#3920,#3921,#3922,#3930,#3936,#3937,#3938,
    #3939,#3940,#3941,#3942));
#3912 = ORIENTED_EDGE('',*,*,#3913,.T.);
#3913 = EDGE_CURVE('',#3914,#3889,#3916,.T.);
#3914 = VERTEX_POINT('',#3915);
#3915 = CARTESIAN_POINT('',(206.42010753239,58.308041199125,
    0.200000000003));
#3916 = LINE('',#3917,#3918);
#3917 = CARTESIAN_POINT('',(206.42010753239,52.062027444626,
    0.200000000003));
#3918 = VECTOR('',#3919,1.);
#3919 = DIRECTION('',(0.,-1.,3.061616997868E-16));
#3920 = ORIENTED_EDGE('',*,*,#3888,.T.);
#3921 = ORIENTED_EDGE('',*,*,#3864,.T.);
#3922 = ORIENTED_EDGE('',*,*,#3923,.T.);
#3923 = EDGE_CURVE('',#3857,#3924,#3926,.T.);
#3924 = VERTEX_POINT('',#3925);
#3925 = CARTESIAN_POINT('',(206.42010753239,55.808041199125,
    0.200000000003));
#3926 = LINE('',#3927,#3928);
#3927 = CARTESIAN_POINT('',(202.17010753239,55.808041199125,
    0.200000000003));
#3928 = VECTOR('',#3929,1.);
#3929 = DIRECTION('',(1.,0.,0.));
#3930 = ORIENTED_EDGE('',*,*,#3931,.T.);
#3931 = EDGE_CURVE('',#3924,#3738,#3932,.T.);
#3932 = LINE('',#3933,#3934);
#3933 = CARTESIAN_POINT('',(206.42010753239,52.062027444626,
    0.200000000003));
#3934 = VECTOR('',#3935,1.);
#3935 = DIRECTION('',(0.,-1.,3.061616997868E-16));
#3936 = ORIENTED_EDGE('',*,*,#3737,.T.);
#3937 = ORIENTED_EDGE('',*,*,#3713,.T.);
#3938 = ORIENTED_EDGE('',*,*,#3768,.T.);
#3939 = ORIENTED_EDGE('',*,*,#3792,.T.);
#3940 = ORIENTED_EDGE('',*,*,#3816,.T.);
#3941 = ORIENTED_EDGE('',*,*,#3840,.T.);
#3942 = ORIENTED_EDGE('',*,*,#3943,.T.);
#3943 = EDGE_CURVE('',#3833,#3914,#3944,.T.);
#3944 = LINE('',#3945,#3946);
#3945 = CARTESIAN_POINT('',(202.17010753239,58.308041199125,
    0.200000000003));
#3946 = VECTOR('',#3947,1.);
#3947 = DIRECTION('',(-1.,0.,0.));
#3948 = PLANE('',#3949);
#3949 = AXIS2_PLACEMENT_3D('',#3950,#3951,#3952);
#3950 = CARTESIAN_POINT('',(197.92010753239,47.316013690128,
    0.200000000003));
#3951 = DIRECTION('',(0.,-3.061616997868E-16,-1.));
#3952 = DIRECTION('',(0.,1.,-3.061616997868E-16));
#3953 = ADVANCED_FACE('',(#3954),#3965,.T.);
#3954 = FACE_BOUND('',#3955,.T.);
#3955 = EDGE_LOOP('',(#3956,#3957,#3963,#3964));
#3956 = ORIENTED_EDGE('',*,*,#3032,.T.);
#3957 = ORIENTED_EDGE('',*,*,#3958,.F.);
#3958 = EDGE_CURVE('',#3914,#3033,#3959,.T.);
#3959 = LINE('',#3960,#3961);
#3960 = CARTESIAN_POINT('',(206.42010753239,58.308041199125,
    3.416822380586E-12));
#3961 = VECTOR('',#3962,1.);
#3962 = DIRECTION('',(0.,0.,1.));
#3963 = ORIENTED_EDGE('',*,*,#3943,.F.);
#3964 = ORIENTED_EDGE('',*,*,#3832,.T.);
#3965 = PLANE('',#3966);
#3966 = AXIS2_PLACEMENT_3D('',#3967,#3968,#3969);
#3967 = CARTESIAN_POINT('',(206.42010753239,58.308041199125,
    3.416822380586E-12));
#3968 = DIRECTION('',(0.,-1.,0.));
#3969 = DIRECTION('',(1.,0.,0.));
#3970 = ADVANCED_FACE('',(#3971),#3982,.T.);
#3971 = FACE_BOUND('',#3972,.T.);
#3972 = EDGE_LOOP('',(#3973,#3974,#3975,#3976));
#3973 = ORIENTED_EDGE('',*,*,#2967,.T.);
#3974 = ORIENTED_EDGE('',*,*,#3745,.F.);
#3975 = ORIENTED_EDGE('',*,*,#3931,.F.);
#3976 = ORIENTED_EDGE('',*,*,#3977,.T.);
#3977 = EDGE_CURVE('',#3924,#2959,#3978,.T.);
#3978 = LINE('',#3979,#3980);
#3979 = CARTESIAN_POINT('',(206.42010753239,55.808041199125,
    3.417710559006E-12));
#3980 = VECTOR('',#3981,1.);
#3981 = DIRECTION('',(0.,0.,1.));
#3982 = PLANE('',#3983);
#3983 = AXIS2_PLACEMENT_3D('',#3984,#3985,#3986);
#3984 = CARTESIAN_POINT('',(206.42010753239,56.808041199125,
    3.416822380586E-12));
#3985 = DIRECTION('',(1.,0.,0.));
#3986 = DIRECTION('',(0.,1.,-3.061616997868E-16));
#3987 = ADVANCED_FACE('',(#3988),#3994,.T.);
#3988 = FACE_BOUND('',#3989,.T.);
#3989 = EDGE_LOOP('',(#3990,#3991,#3992,#3993));
#3990 = ORIENTED_EDGE('',*,*,#2956,.T.);
#3991 = ORIENTED_EDGE('',*,*,#3977,.F.);
#3992 = ORIENTED_EDGE('',*,*,#3923,.F.);
#3993 = ORIENTED_EDGE('',*,*,#3856,.T.);
#3994 = PLANE('',#3995);
#3995 = AXIS2_PLACEMENT_3D('',#3996,#3997,#3998);
#3996 = CARTESIAN_POINT('',(206.42010753239,55.808041199125,
    3.417710559006E-12));
#3997 = DIRECTION('',(0.,1.,0.));
#3998 = DIRECTION('',(-1.,0.,0.));
#3999 = ADVANCED_FACE('',(#4000),#4006,.T.);
#4000 = FACE_BOUND('',#4001,.T.);
#4001 = EDGE_LOOP('',(#4002,#4003,#4004,#4005));
#4002 = ORIENTED_EDGE('',*,*,#3043,.T.);
#4003 = ORIENTED_EDGE('',*,*,#3896,.F.);
#4004 = ORIENTED_EDGE('',*,*,#3913,.F.);
#4005 = ORIENTED_EDGE('',*,*,#3958,.T.);
#4006 = PLANE('',#4007);
#4007 = AXIS2_PLACEMENT_3D('',#4008,#4009,#4010);
#4008 = CARTESIAN_POINT('',(206.42010753239,56.808041199125,
    3.416822380586E-12));
#4009 = DIRECTION('',(1.,0.,0.));
#4010 = DIRECTION('',(0.,1.,-3.061616997868E-16));
#4011 = ADVANCED_FACE('',(#4012),#4037,.T.);
#4012 = FACE_BOUND('',#4013,.T.);
#4013 = EDGE_LOOP('',(#4014,#4015,#4023,#4031));
#4014 = ORIENTED_EDGE('',*,*,#3119,.T.);
#4015 = ORIENTED_EDGE('',*,*,#4016,.F.);
#4016 = EDGE_CURVE('',#4017,#3120,#4019,.T.);
#4017 = VERTEX_POINT('',#4018);
#4018 = CARTESIAN_POINT('',(183.52010753239,55.808041199125,
    0.200000000003));
#4019 = LINE('',#4020,#4021);
#4020 = CARTESIAN_POINT('',(183.52010753239,55.808041199125,
    3.417710559006E-12));
#4021 = VECTOR('',#4022,1.);
#4022 = DIRECTION('',(0.,0.,1.));
#4023 = ORIENTED_EDGE('',*,*,#4024,.F.);
#4024 = EDGE_CURVE('',#4025,#4017,#4027,.T.);
#4025 = VERTEX_POINT('',#4026);
#4026 = CARTESIAN_POINT('',(183.52010753239,54.308041199125,
    0.200000000003));
#4027 = LINE('',#4028,#4029);
#4028 = CARTESIAN_POINT('',(183.52010753239,51.562027444626,
    0.200000000003));
#4029 = VECTOR('',#4030,1.);
#4030 = DIRECTION('',(0.,1.,-3.061616997868E-16));
#4031 = ORIENTED_EDGE('',*,*,#4032,.T.);
#4032 = EDGE_CURVE('',#4025,#3109,#4033,.T.);
#4033 = LINE('',#4034,#4035);
#4034 = CARTESIAN_POINT('',(183.52010753239,54.308041199125,
    3.417710559006E-12));
#4035 = VECTOR('',#4036,1.);
#4036 = DIRECTION('',(0.,0.,1.));
#4037 = PLANE('',#4038);
#4038 = AXIS2_PLACEMENT_3D('',#4039,#4040,#4041);
#4039 = CARTESIAN_POINT('',(183.52010753239,55.808041199125,
    3.417710559006E-12));
#4040 = DIRECTION('',(-1.,0.,0.));
#4041 = DIRECTION('',(0.,-1.,3.061616997868E-16));
#4042 = ADVANCED_FACE('',(#4043),#4061,.T.);
#4043 = FACE_BOUND('',#4044,.T.);
#4044 = EDGE_LOOP('',(#4045,#4046,#4047,#4055));
#4045 = ORIENTED_EDGE('',*,*,#3108,.T.);
#4046 = ORIENTED_EDGE('',*,*,#4032,.F.);
#4047 = ORIENTED_EDGE('',*,*,#4048,.F.);
#4048 = EDGE_CURVE('',#4049,#4025,#4051,.T.);
#4049 = VERTEX_POINT('',#4050);
#4050 = CARTESIAN_POINT('',(182.52010753239,54.308041199125,
    0.200000000003));
#4051 = LINE('',#4052,#4053);
#4052 = CARTESIAN_POINT('',(178.77010753239,54.308041199125,
    0.200000000003));
#4053 = VECTOR('',#4054,1.);
#4054 = DIRECTION('',(1.,0.,0.));
#4055 = ORIENTED_EDGE('',*,*,#4056,.T.);
#4056 = EDGE_CURVE('',#4049,#3100,#4057,.T.);
#4057 = LINE('',#4058,#4059);
#4058 = CARTESIAN_POINT('',(182.52010753239,54.308041199125,
    3.417710559006E-12));
#4059 = VECTOR('',#4060,1.);
#4060 = DIRECTION('',(0.,0.,1.));
#4061 = PLANE('',#4062);
#4062 = AXIS2_PLACEMENT_3D('',#4063,#4064,#4065);
#4063 = CARTESIAN_POINT('',(183.52010753239,54.308041199125,
    3.418598737426E-12));
#4064 = DIRECTION('',(0.,1.,0.));
#4065 = DIRECTION('',(-1.,0.,0.));
#4066 = ADVANCED_FACE('',(#4067),#4085,.T.);
#4067 = FACE_BOUND('',#4068,.T.);
#4068 = EDGE_LOOP('',(#4069,#4070,#4078,#4084));
#4069 = ORIENTED_EDGE('',*,*,#3128,.T.);
#4070 = ORIENTED_EDGE('',*,*,#4071,.F.);
#4071 = EDGE_CURVE('',#4072,#3129,#4074,.T.);
#4072 = VERTEX_POINT('',#4073);
#4073 = CARTESIAN_POINT('',(185.02010753239,55.808041199125,
    0.200000000003));
#4074 = LINE('',#4075,#4076);
#4075 = CARTESIAN_POINT('',(185.02010753239,55.808041199125,
    3.417710559006E-12));
#4076 = VECTOR('',#4077,1.);
#4077 = DIRECTION('',(0.,0.,1.));
#4078 = ORIENTED_EDGE('',*,*,#4079,.F.);
#4079 = EDGE_CURVE('',#4017,#4072,#4080,.T.);
#4080 = LINE('',#4081,#4082);
#4081 = CARTESIAN_POINT('',(178.27010753239,55.808041199125,
    0.200000000003));
#4082 = VECTOR('',#4083,1.);
#4083 = DIRECTION('',(1.,0.,0.));
#4084 = ORIENTED_EDGE('',*,*,#4016,.T.);
#4085 = PLANE('',#4086);
#4086 = AXIS2_PLACEMENT_3D('',#4087,#4088,#4089);
#4087 = CARTESIAN_POINT('',(182.52010753239,55.808041199125,
    3.417710559006E-12));
#4088 = DIRECTION('',(0.,1.,0.));
#4089 = DIRECTION('',(-1.,0.,0.));
#4090 = ADVANCED_FACE('',(#4091),#4109,.T.);
#4091 = FACE_BOUND('',#4092,.T.);
#4092 = EDGE_LOOP('',(#4093,#4094,#4102,#4108));
#4093 = ORIENTED_EDGE('',*,*,#3137,.T.);
#4094 = ORIENTED_EDGE('',*,*,#4095,.F.);
#4095 = EDGE_CURVE('',#4096,#3138,#4098,.T.);
#4096 = VERTEX_POINT('',#4097);
#4097 = CARTESIAN_POINT('',(185.02010753239,56.808041199125,
    0.200000000003));
#4098 = LINE('',#4099,#4100);
#4099 = CARTESIAN_POINT('',(185.02010753239,56.808041199125,
    3.416822380586E-12));
#4100 = VECTOR('',#4101,1.);
#4101 = DIRECTION('',(0.,0.,1.));
#4102 = ORIENTED_EDGE('',*,*,#4103,.F.);
#4103 = EDGE_CURVE('',#4072,#4096,#4104,.T.);
#4104 = LINE('',#4105,#4106);
#4105 = CARTESIAN_POINT('',(185.02010753239,52.062027444626,
    0.200000000003));
#4106 = VECTOR('',#4107,1.);
#4107 = DIRECTION('',(0.,1.,-3.061616997868E-16));
#4108 = ORIENTED_EDGE('',*,*,#4071,.T.);
#4109 = PLANE('',#4110);
#4110 = AXIS2_PLACEMENT_3D('',#4111,#4112,#4113);
#4111 = CARTESIAN_POINT('',(185.02010753239,56.808041199125,
    3.416822380586E-12));
#4112 = DIRECTION('',(-1.,0.,0.));
#4113 = DIRECTION('',(0.,-1.,3.061616997868E-16));
#4114 = ADVANCED_FACE('',(#4115),#4133,.T.);
#4115 = FACE_BOUND('',#4116,.T.);
#4116 = EDGE_LOOP('',(#4117,#4118,#4126,#4132));
#4117 = ORIENTED_EDGE('',*,*,#3146,.T.);
#4118 = ORIENTED_EDGE('',*,*,#4119,.F.);
#4119 = EDGE_CURVE('',#4120,#3147,#4122,.T.);
#4120 = VERTEX_POINT('',#4121);
#4121 = CARTESIAN_POINT('',(183.52010753239,56.808041199125,
    0.200000000003));
#4122 = LINE('',#4123,#4124);
#4123 = CARTESIAN_POINT('',(183.52010753239,56.808041199125,
    3.416822380586E-12));
#4124 = VECTOR('',#4125,1.);
#4125 = DIRECTION('',(0.,0.,1.));
#4126 = ORIENTED_EDGE('',*,*,#4127,.F.);
#4127 = EDGE_CURVE('',#4096,#4120,#4128,.T.);
#4128 = LINE('',#4129,#4130);
#4129 = CARTESIAN_POINT('',(178.77010753239,56.808041199125,
    0.200000000003));
#4130 = VECTOR('',#4131,1.);
#4131 = DIRECTION('',(-1.,0.,0.));
#4132 = ORIENTED_EDGE('',*,*,#4095,.T.);
#4133 = PLANE('',#4134);
#4134 = AXIS2_PLACEMENT_3D('',#4135,#4136,#4137);
#4135 = CARTESIAN_POINT('',(183.52010753239,56.808041199125,
    3.416822380586E-12));
#4136 = DIRECTION('',(0.,-1.,0.));
#4137 = DIRECTION('',(1.,0.,0.));
#4138 = ADVANCED_FACE('',(#4139),#4157,.T.);
#4139 = FACE_BOUND('',#4140,.T.);
#4140 = EDGE_LOOP('',(#4141,#4142,#4150,#4156));
#4141 = ORIENTED_EDGE('',*,*,#3155,.T.);
#4142 = ORIENTED_EDGE('',*,*,#4143,.F.);
#4143 = EDGE_CURVE('',#4144,#3156,#4146,.T.);
#4144 = VERTEX_POINT('',#4145);
#4145 = CARTESIAN_POINT('',(183.52010753239,58.308041199125,
    0.200000000003));
#4146 = LINE('',#4147,#4148);
#4147 = CARTESIAN_POINT('',(183.52010753239,58.308041199125,
    3.416822380586E-12));
#4148 = VECTOR('',#4149,1.);
#4149 = DIRECTION('',(0.,0.,1.));
#4150 = ORIENTED_EDGE('',*,*,#4151,.F.);
#4151 = EDGE_CURVE('',#4120,#4144,#4152,.T.);
#4152 = LINE('',#4153,#4154);
#4153 = CARTESIAN_POINT('',(183.52010753239,52.812027444626,
    0.200000000003));
#4154 = VECTOR('',#4155,1.);
#4155 = DIRECTION('',(0.,1.,-3.061616997868E-16));
#4156 = ORIENTED_EDGE('',*,*,#4119,.T.);
#4157 = PLANE('',#4158);
#4158 = AXIS2_PLACEMENT_3D('',#4159,#4160,#4161);
#4159 = CARTESIAN_POINT('',(183.52010753239,58.308041199125,
    3.416822380586E-12));
#4160 = DIRECTION('',(-1.,0.,0.));
#4161 = DIRECTION('',(0.,-1.,3.061616997868E-16));
#4162 = ADVANCED_FACE('',(#4163),#4188,.T.);
#4163 = FACE_BOUND('',#4164,.T.);
#4164 = EDGE_LOOP('',(#4165,#4166,#4174,#4182));
#4165 = ORIENTED_EDGE('',*,*,#3193,.T.);
#4166 = ORIENTED_EDGE('',*,*,#4167,.F.);
#4167 = EDGE_CURVE('',#4168,#3089,#4170,.T.);
#4168 = VERTEX_POINT('',#4169);
#4169 = CARTESIAN_POINT('',(181.02010753239,55.808041199125,
    0.200000000003));
#4170 = LINE('',#4171,#4172);
#4171 = CARTESIAN_POINT('',(181.02010753239,55.808041199125,
    3.417710559006E-12));
#4172 = VECTOR('',#4173,1.);
#4173 = DIRECTION('',(0.,0.,1.));
#4174 = ORIENTED_EDGE('',*,*,#4175,.F.);
#4175 = EDGE_CURVE('',#4176,#4168,#4178,.T.);
#4176 = VERTEX_POINT('',#4177);
#4177 = CARTESIAN_POINT('',(181.02010753239,56.808041199125,
    0.200000000003));
#4178 = LINE('',#4179,#4180);
#4179 = CARTESIAN_POINT('',(181.02010753239,51.562027444626,
    0.200000000003));
#4180 = VECTOR('',#4181,1.);
#4181 = DIRECTION('',(0.,-1.,3.061616997868E-16));
#4182 = ORIENTED_EDGE('',*,*,#4183,.T.);
#4183 = EDGE_CURVE('',#4176,#3185,#4184,.T.);
#4184 = LINE('',#4185,#4186);
#4185 = CARTESIAN_POINT('',(181.02010753239,56.808041199125,
    3.416822380586E-12));
#4186 = VECTOR('',#4187,1.);
#4187 = DIRECTION('',(0.,0.,1.));
#4188 = PLANE('',#4189);
#4189 = AXIS2_PLACEMENT_3D('',#4190,#4191,#4192);
#4190 = CARTESIAN_POINT('',(181.02010753239,55.808041199125,
    3.417710559006E-12));
#4191 = DIRECTION('',(1.,0.,0.));
#4192 = DIRECTION('',(0.,1.,-3.061616997868E-16));
#4193 = ADVANCED_FACE('',(#4194),#4212,.T.);
#4194 = FACE_BOUND('',#4195,.T.);
#4195 = EDGE_LOOP('',(#4196,#4197,#4198,#4206));
#4196 = ORIENTED_EDGE('',*,*,#3184,.T.);
#4197 = ORIENTED_EDGE('',*,*,#4183,.F.);
#4198 = ORIENTED_EDGE('',*,*,#4199,.F.);
#4199 = EDGE_CURVE('',#4200,#4176,#4202,.T.);
#4200 = VERTEX_POINT('',#4201);
#4201 = CARTESIAN_POINT('',(182.52010753239,56.808041199125,
    0.200000000003));
#4202 = LINE('',#4203,#4204);
#4203 = CARTESIAN_POINT('',(177.52010753239,56.808041199125,
    0.200000000003));
#4204 = VECTOR('',#4205,1.);
#4205 = DIRECTION('',(-1.,0.,0.));
#4206 = ORIENTED_EDGE('',*,*,#4207,.T.);
#4207 = EDGE_CURVE('',#4200,#3176,#4208,.T.);
#4208 = LINE('',#4209,#4210);
#4209 = CARTESIAN_POINT('',(182.52010753239,56.808041199125,
    3.416822380586E-12));
#4210 = VECTOR('',#4211,1.);
#4211 = DIRECTION('',(0.,0.,1.));
#4212 = PLANE('',#4213);
#4213 = AXIS2_PLACEMENT_3D('',#4214,#4215,#4216);
#4214 = CARTESIAN_POINT('',(181.02010753239,56.808041199125,
    3.416822380586E-12));
#4215 = DIRECTION('',(0.,-1.,0.));
#4216 = DIRECTION('',(1.,0.,0.));
#4217 = ADVANCED_FACE('',(#4218,#4221),#4259,.T.);
#4218 = FACE_BOUND('',#4219,.T.);
#4219 = EDGE_LOOP('',(#4220));
#4220 = ORIENTED_EDGE('',*,*,#2298,.T.);
#4221 = FACE_BOUND('',#4222,.T.);
#4222 = EDGE_LOOP('',(#4223,#4231,#4232,#4233,#4241,#4247,#4248,#4249,
    #4250,#4251,#4252,#4253));
#4223 = ORIENTED_EDGE('',*,*,#4224,.T.);
#4224 = EDGE_CURVE('',#4225,#4200,#4227,.T.);
#4225 = VERTEX_POINT('',#4226);
#4226 = CARTESIAN_POINT('',(182.52010753239,58.308041199125,
    0.200000000003));
#4227 = LINE('',#4228,#4229);
#4228 = CARTESIAN_POINT('',(182.52010753239,52.062027444626,
    0.200000000003));
#4229 = VECTOR('',#4230,1.);
#4230 = DIRECTION('',(0.,-1.,3.061616997868E-16));
#4231 = ORIENTED_EDGE('',*,*,#4199,.T.);
#4232 = ORIENTED_EDGE('',*,*,#4175,.T.);
#4233 = ORIENTED_EDGE('',*,*,#4234,.T.);
#4234 = EDGE_CURVE('',#4168,#4235,#4237,.T.);
#4235 = VERTEX_POINT('',#4236);
#4236 = CARTESIAN_POINT('',(182.52010753239,55.808041199125,
    0.200000000003));
#4237 = LINE('',#4238,#4239);
#4238 = CARTESIAN_POINT('',(178.27010753239,55.808041199125,
    0.200000000003));
#4239 = VECTOR('',#4240,1.);
#4240 = DIRECTION('',(1.,0.,0.));
#4241 = ORIENTED_EDGE('',*,*,#4242,.T.);
#4242 = EDGE_CURVE('',#4235,#4049,#4243,.T.);
#4243 = LINE('',#4244,#4245);
#4244 = CARTESIAN_POINT('',(182.52010753239,52.062027444626,
    0.200000000003));
#4245 = VECTOR('',#4246,1.);
#4246 = DIRECTION('',(0.,-1.,3.061616997868E-16));
#4247 = ORIENTED_EDGE('',*,*,#4048,.T.);
#4248 = ORIENTED_EDGE('',*,*,#4024,.T.);
#4249 = ORIENTED_EDGE('',*,*,#4079,.T.);
#4250 = ORIENTED_EDGE('',*,*,#4103,.T.);
#4251 = ORIENTED_EDGE('',*,*,#4127,.T.);
#4252 = ORIENTED_EDGE('',*,*,#4151,.T.);
#4253 = ORIENTED_EDGE('',*,*,#4254,.T.);
#4254 = EDGE_CURVE('',#4144,#4225,#4255,.T.);
#4255 = LINE('',#4256,#4257);
#4256 = CARTESIAN_POINT('',(178.27010753239,58.308041199125,
    0.200000000003));
#4257 = VECTOR('',#4258,1.);
#4258 = DIRECTION('',(-1.,0.,0.));
#4259 = PLANE('',#4260);
#4260 = AXIS2_PLACEMENT_3D('',#4261,#4262,#4263);
#4261 = CARTESIAN_POINT('',(174.02010753239,47.316013690128,
    0.200000000003));
#4262 = DIRECTION('',(0.,-3.061616997868E-16,-1.));
#4263 = DIRECTION('',(0.,1.,-3.061616997868E-16));
#4264 = ADVANCED_FACE('',(#4265),#4276,.T.);
#4265 = FACE_BOUND('',#4266,.T.);
#4266 = EDGE_LOOP('',(#4267,#4268,#4274,#4275));
#4267 = ORIENTED_EDGE('',*,*,#3164,.T.);
#4268 = ORIENTED_EDGE('',*,*,#4269,.F.);
#4269 = EDGE_CURVE('',#4225,#3165,#4270,.T.);
#4270 = LINE('',#4271,#4272);
#4271 = CARTESIAN_POINT('',(182.52010753239,58.308041199125,
    3.416822380586E-12));
#4272 = VECTOR('',#4273,1.);
#4273 = DIRECTION('',(0.,0.,1.));
#4274 = ORIENTED_EDGE('',*,*,#4254,.F.);
#4275 = ORIENTED_EDGE('',*,*,#4143,.T.);
#4276 = PLANE('',#4277);
#4277 = AXIS2_PLACEMENT_3D('',#4278,#4279,#4280);
#4278 = CARTESIAN_POINT('',(182.52010753239,58.308041199125,
    3.416822380586E-12));
#4279 = DIRECTION('',(0.,-1.,0.));
#4280 = DIRECTION('',(1.,0.,0.));
#4281 = ADVANCED_FACE('',(#4282),#4293,.T.);
#4282 = FACE_BOUND('',#4283,.T.);
#4283 = EDGE_LOOP('',(#4284,#4285,#4286,#4287));
#4284 = ORIENTED_EDGE('',*,*,#3099,.T.);
#4285 = ORIENTED_EDGE('',*,*,#4056,.F.);
#4286 = ORIENTED_EDGE('',*,*,#4242,.F.);
#4287 = ORIENTED_EDGE('',*,*,#4288,.T.);
#4288 = EDGE_CURVE('',#4235,#3091,#4289,.T.);
#4289 = LINE('',#4290,#4291);
#4290 = CARTESIAN_POINT('',(182.52010753239,55.808041199125,
    3.417710559006E-12));
#4291 = VECTOR('',#4292,1.);
#4292 = DIRECTION('',(0.,0.,1.));
#4293 = PLANE('',#4294);
#4294 = AXIS2_PLACEMENT_3D('',#4295,#4296,#4297);
#4295 = CARTESIAN_POINT('',(182.52010753239,56.808041199125,
    3.416822380586E-12));
#4296 = DIRECTION('',(1.,0.,0.));
#4297 = DIRECTION('',(0.,1.,-3.061616997868E-16));
#4298 = ADVANCED_FACE('',(#4299),#4305,.T.);
#4299 = FACE_BOUND('',#4300,.T.);
#4300 = EDGE_LOOP('',(#4301,#4302,#4303,#4304));
#4301 = ORIENTED_EDGE('',*,*,#3088,.T.);
#4302 = ORIENTED_EDGE('',*,*,#4288,.F.);
#4303 = ORIENTED_EDGE('',*,*,#4234,.F.);
#4304 = ORIENTED_EDGE('',*,*,#4167,.T.);
#4305 = PLANE('',#4306);
#4306 = AXIS2_PLACEMENT_3D('',#4307,#4308,#4309);
#4307 = CARTESIAN_POINT('',(182.52010753239,55.808041199125,
    3.417710559006E-12));
#4308 = DIRECTION('',(0.,1.,0.));
#4309 = DIRECTION('',(-1.,0.,0.));
#4310 = ADVANCED_FACE('',(#4311),#4317,.T.);
#4311 = FACE_BOUND('',#4312,.T.);
#4312 = EDGE_LOOP('',(#4313,#4314,#4315,#4316));
#4313 = ORIENTED_EDGE('',*,*,#3175,.T.);
#4314 = ORIENTED_EDGE('',*,*,#4207,.F.);
#4315 = ORIENTED_EDGE('',*,*,#4224,.F.);
#4316 = ORIENTED_EDGE('',*,*,#4269,.T.);
#4317 = PLANE('',#4318);
#4318 = AXIS2_PLACEMENT_3D('',#4319,#4320,#4321);
#4319 = CARTESIAN_POINT('',(182.52010753239,56.808041199125,
    3.416822380586E-12));
#4320 = DIRECTION('',(1.,0.,0.));
#4321 = DIRECTION('',(0.,1.,-3.061616997868E-16));
#4322 = ( GEOMETRIC_REPRESENTATION_CONTEXT(3) 
GLOBAL_UNCERTAINTY_ASSIGNED_CONTEXT((#4326)) 
GLOBAL_UNIT_ASSIGNED_CONTEXT((#4323,#4324,#4325)) REPRESENTATION_CONTEXT
('Context #1','3D Context with UNIT and UNCERTAINTY') );
#4323 = ( LENGTH_UNIT() NAMED_UNIT(*) SI_UNIT(.MILLI.,.METRE.) );
#4324 = ( NAMED_UNIT(*) PLANE_ANGLE_UNIT() SI_UNIT($,.RADIAN.) );
#4325 = ( NAMED_UNIT(*) SI_UNIT($,.STERADIAN.) SOLID_ANGLE_UNIT() );
#4326 = UNCERTAINTY_MEASURE_WITH_UNIT(LENGTH_MEASURE(5.E-04),#4323,
  'distance_accuracy_value','confusion accuracy');
#4327 = PRODUCT_RELATED_PRODUCT_CATEGORY('part',$,(#7));
#4328 = MECHANICAL_DESIGN_GEOMETRIC_PRESENTATION_REPRESENTATION('',(
    #4329),#4322);
#4329 = STYLED_ITEM('color',(#4330),#15);
#4330 = PRESENTATION_STYLE_ASSIGNMENT((#4331,#4337));
#4331 = SURFACE_STYLE_USAGE(.BOTH.,#4332);
#4332 = SURFACE_SIDE_STYLE('',(#4333));
#4333 = SURFACE_STYLE_FILL_AREA(#4334);
#4334 = FILL_AREA_STYLE('',(#4335));
#4335 = FILL_AREA_STYLE_COLOUR('',#4336);
#4336 = DRAUGHTING_PRE_DEFINED_COLOUR('white');
#4337 = CURVE_STYLE('',#4338,POSITIVE_LENGTH_MEASURE(0.1),#4339);
#4338 = DRAUGHTING_PRE_DEFINED_CURVE_FONT('continuous');
#4339 = COLOUR_RGB('',9.803921802644E-02,9.803921802644E-02,
  9.803921802644E-02);
ENDSEC;
END-ISO-10303-21;
