ISO-10303-21;
HEADER;
FILE_DESCRIPTION(('FreeCAD Model'),'2;1');
FILE_NAME('Open CASCADE Shape Model','2026-09-10T09:43:17',('Author'),(
    ''),'Open CASCADE STEP processor 7.8','FreeCAD','Unknown');
FILE_SCHEMA(('AUTOMOTIVE_DESIGN { 1 0 10303 214 1 1 1 1 }'));
ENDSEC;
DATA;
#1 = APPLICATION_PROTOCOL_DEFINITION('international standard',
  'automotive_design',2000,#2);
#2 = APPLICATION_CONTEXT(
  'core data for automotive mechanical design processes');
#3 = SHAPE_DEFINITION_REPRESENTATION(#4,#10);
#4 = PRODUCT_DEFINITION_SHAPE('','',#5);
#5 = PRODUCT_DEFINITION('design','',#6,#9);
#6 = PRODUCT_DEFINITION_FORMATION('','',#7);
#7 = PRODUCT('Product002','Product002','',(#8));
#8 = PRODUCT_CONTEXT('',#2,'mechanical');
#9 = PRODUCT_DEFINITION_CONTEXT('part definition',#2,'design');
#10 = ADVANCED_BREP_SHAPE_REPRESENTATION('',(#11,#15),#7574);
#11 = AXIS2_PLACEMENT_3D('',#12,#13,#14);
#12 = CARTESIAN_POINT('',(0.,0.,0.));
#13 = DIRECTION('',(0.,0.,1.));
#14 = DIRECTION('',(1.,0.,-0.));
#15 = MANIFOLD_SOLID_BREP('',#16);
#16 = CLOSED_SHELL('',(#17,#143,#360,#569,#776,#849,#908,#967,#1046,
    #1127,#1190,#1284,#1372,#1449,#1507,#1589,#1663,#1721,#1779,#1835,
    #1990,#2105,#2234,#2266,#2293,#2318,#2343,#2368,#2393,#2418,#2443,
    #2468,#2493,#2520,#2538,#2570,#2685,#2814,#2846,#2873,#2898,#2923,
    #2948,#2973,#2998,#3023,#3048,#3073,#3100,#3118,#3150,#3191,#3225,
    #3257,#3289,#3321,#3353,#3385,#3417,#3449,#3481,#3515,#3538,#3561,
    #3619,#3726,#3758,#3785,#3810,#3835,#3860,#3885,#3910,#3935,#3960,
    #3985,#4012,#4030,#4062,#4094,#4226,#4358,#4546,#4633,#4811,#4873,
    #4933,#5002,#5073,#5169,#5289,#5353,#5424,#5464,#5513,#5562,#5586,
    #5647,#5697,#5738,#5767,#5808,#5820,#5851,#5875,#5899,#5923,#5947,
    #5971,#5995,#6019,#6043,#6067,#6091,#6108,#6131,#6238,#6260,#6277,
    #6294,#6311,#6328,#6345,#6362,#6379,#6396,#6413,#6430,#6442,#6464,
    #6476,#6488,#6505,#6522,#6534,#6551,#6581,#6593,#6623,#6640,#6652,
    #6669,#6687,#6699,#6716,#6746,#6759,#6783,#6807,#6863,#6880,#6900,
    #6920,#6932,#6949,#6961,#6978,#6995,#7007,#7024,#7041,#7053,#7079,
    #7096,#7108,#7125,#7143,#7155,#7172,#7198,#7210,#7227,#7245,#7257,
    #7280,#7304,#7316,#7333,#7350,#7363,#7386,#7398,#7410,#7427,#7445,
    #7469,#7486,#7516,#7528,#7545,#7562));
#17 = ADVANCED_FACE('',(#18),#126,.F.);
#18 = FACE_BOUND('',#19,.F.);
#19 = EDGE_LOOP('',(#20,#40,#51,#62,#80,#89,#104,#113));
#20 = ORIENTED_EDGE('',*,*,#21,.F.);
#21 = EDGE_CURVE('',#22,#24,#26,.T.);
#22 = VERTEX_POINT('',#23);
#23 = CARTESIAN_POINT('',(208.2117409518,16.00372473021,5.617876111547)
  );
#24 = VERTEX_POINT('',#25);
#25 = CARTESIAN_POINT('',(208.37026273321,9.075000000041,7.128041213554)
  );
#26 = B_SPLINE_CURVE_WITH_KNOTS('',3,(#27,#28,#29,#30,#31,#32,#33,#34,
    #35,#36,#37,#38,#39),.UNSPECIFIED.,.F.,.F.,(4,3,3,3,4),(
    0.243894303545,3.091834934488,3.664460895062,5.942334995868,
    7.346494121995),.UNSPECIFIED.);
#27 = CARTESIAN_POINT('',(208.2117409518,16.00372473021,5.617876111546)
  );
#28 = CARTESIAN_POINT('',(208.27880058393,15.09972668043,5.899792651585)
  );
#29 = CARTESIAN_POINT('',(208.32359057827,14.184264134161,6.150217215165
    ));
#30 = CARTESIAN_POINT('',(208.35094879152,13.260626245968,6.368400873613
    ));
#31 = CARTESIAN_POINT('',(208.35644961657,13.074913444513,6.412270336917
    ));
#32 = CARTESIAN_POINT('',(208.3612457129,12.888870007742,6.4548362565));
#33 = CARTESIAN_POINT('',(208.36537640593,12.702522494669,6.496092369));
#34 = CARTESIAN_POINT('',(208.38180807308,11.96124245121,6.660206890103)
  );
#35 = CARTESIAN_POINT('',(208.38773284238,11.214960987748,6.803641290682
    ));
#36 = CARTESIAN_POINT('',(208.38494148246,10.465187362099,6.925974932299
    ));
#37 = CARTESIAN_POINT('',(208.38322079319,10.003001379733,7.001385552776
    ));
#38 = CARTESIAN_POINT('',(208.37818805396,9.539488143849,7.068777096236)
  );
#39 = CARTESIAN_POINT('',(208.37026273321,9.075000000058,7.128041213553)
  );
#40 = ORIENTED_EDGE('',*,*,#41,.F.);
#41 = EDGE_CURVE('',#42,#22,#44,.T.);
#42 = VERTEX_POINT('',#43);
#43 = CARTESIAN_POINT('',(205.44522276413,16.495225203071,
    3.297806472347E-12));
#44 = B_SPLINE_CURVE_WITH_KNOTS('',3,(#45,#46,#47,#48,#49,#50),
  .UNSPECIFIED.,.F.,.F.,(4,2,4),(-7.128885278456,-3.769419220931,
    -0.869350120803),.UNSPECIFIED.);
#45 = CARTESIAN_POINT('',(205.44522276414,16.495225203078,
    -1.059596854702E-12));
#46 = CARTESIAN_POINT('',(205.94119346547,16.407669198561,1.000769711068
    ));
#47 = CARTESIAN_POINT('',(206.44001114211,16.319369986966,2.010034317736
    ));
#48 = CARTESIAN_POINT('',(207.35797621759,16.156260771153,3.874381185472
    ));
#49 = CARTESIAN_POINT('',(207.78674060319,16.079827278125,4.748020008516
    ));
#50 = CARTESIAN_POINT('',(208.2117409518,16.00372473021,5.617876111547)
  );
#51 = ORIENTED_EDGE('',*,*,#52,.F.);
#52 = EDGE_CURVE('',#53,#42,#55,.T.);
#53 = VERTEX_POINT('',#54);
#54 = CARTESIAN_POINT('',(205.38593230804,1.121540904918,
    3.294253758668E-12));
#55 = B_SPLINE_CURVE_WITH_KNOTS('',3,(#56,#57,#58,#59,#60,#61),
  .UNSPECIFIED.,.F.,.F.,(4,2,4),(0.237540876058,7.885792317169,
    15.440293571283),.UNSPECIFIED.);
#56 = CARTESIAN_POINT('',(205.38593230804,1.121540904911,
    3.293365580248E-12));
#57 = CARTESIAN_POINT('',(205.39250580284,3.674427889986,
    3.293365580248E-12));
#58 = CARTESIAN_POINT('',(205.40035313024,6.281643268405,
    3.343991750171E-12));
#59 = CARTESIAN_POINT('',(205.41928278653,11.358977082156,
    3.343991750171E-12));
#60 = CARTESIAN_POINT('',(205.43080410562,13.960451478655,
    3.301803275235E-12));
#61 = CARTESIAN_POINT('',(205.44522276414,16.495225203071,
    3.301803275235E-12));
#62 = ORIENTED_EDGE('',*,*,#63,.F.);
#63 = EDGE_CURVE('',#64,#53,#66,.T.);
#64 = VERTEX_POINT('',#65);
#65 = CARTESIAN_POINT('',(208.20845457875,4.485799827969,7.450061775612)
  );
#66 = B_SPLINE_CURVE_WITH_KNOTS('',3,(#67,#68,#69,#70,#71,#72,#73,#74,
    #75,#76,#77,#78,#79),.UNSPECIFIED.,.F.,.F.,(4,3,3,3,4),(
    -8.807015304888,-5.852056336533,-5.095676919193,-1.470492112438,
    -0.206416111488),.UNSPECIFIED.);
#67 = CARTESIAN_POINT('',(208.20845763091,4.485802660242,7.450061428076)
  );
#68 = CARTESIAN_POINT('',(207.88298854126,4.099980514427,6.595648575393)
  );
#69 = CARTESIAN_POINT('',(207.55690213386,3.712529250865,5.737606043003)
  );
#70 = CARTESIAN_POINT('',(207.2335062814,3.327572771896,4.885112133079)
  );
#71 = CARTESIAN_POINT('',(207.15072680152,3.229035648239,4.666899679444)
  );
#72 = CARTESIAN_POINT('',(207.06812360463,3.130661899602,4.449050534483)
  );
#73 = CARTESIAN_POINT('',(206.98575215411,3.032520355644,4.231718096644)
  );
#74 = CARTESIAN_POINT('',(206.59096122764,2.562146326534,3.190084448761)
  );
#75 = CARTESIAN_POINT('',(206.19365019804,2.087763692836,2.139627990733)
  );
#76 = CARTESIAN_POINT('',(205.79842009065,1.615105957718,1.092969473952)
  );
#77 = CARTESIAN_POINT('',(205.66060618039,1.450293587736,0.728007138849)
  );
#78 = CARTESIAN_POINT('',(205.52304526566,1.285691060101,0.363506146409)
  );
#79 = CARTESIAN_POINT('',(205.38593230804,1.121540904921,
    8.915294356007E-12));
#80 = ORIENTED_EDGE('',*,*,#81,.F.);
#81 = EDGE_CURVE('',#82,#64,#84,.T.);
#82 = VERTEX_POINT('',#83);
#83 = CARTESIAN_POINT('',(208.35731339596,8.425000000025,7.205639346456)
  );
#84 = B_SPLINE_CURVE_WITH_KNOTS('',3,(#85,#86,#87,#88),.UNSPECIFIED.,.F.
  ,.F.,(4,4),(-4.210557733246,-0.258447367028),
  .PIECEWISE_BEZIER_KNOTS.);
#85 = CARTESIAN_POINT('',(208.35731339596,8.425000000032,7.205639346455)
  );
#86 = CARTESIAN_POINT('',(208.32756843515,7.116483284663,7.351132214423)
  );
#87 = CARTESIAN_POINT('',(208.27613771081,5.8012806638,7.432690782229));
#88 = CARTESIAN_POINT('',(208.2084545786,4.485799827984,7.450061775395)
  );
#89 = ORIENTED_EDGE('',*,*,#90,.T.);
#90 = EDGE_CURVE('',#82,#91,#93,.T.);
#91 = VERTEX_POINT('',#92);
#92 = CARTESIAN_POINT('',(207.14487389878,8.425000000032,4.170941870688)
  );
#93 = B_SPLINE_CURVE_WITH_KNOTS('',3,(#94,#95,#96,#97,#98,#99,#100,#101,
    #102,#103),.UNSPECIFIED.,.F.,.F.,(4,3,3,4),(0.641744963771,
    3.012442507827,3.474128407844,3.9058983315),.UNSPECIFIED.);
#94 = CARTESIAN_POINT('',(208.35748186341,8.425015151869,7.205725727167)
  );
#95 = CARTESIAN_POINT('',(208.06930972036,8.425018137825,6.468922926409)
  );
#96 = CARTESIAN_POINT('',(207.7764549029,8.425040195713,5.732534474244)
  );
#97 = CARTESIAN_POINT('',(207.48070236077,8.425051079642,4.999128937832)
  );
#98 = CARTESIAN_POINT('',(207.42310548219,8.425053199253,4.856300513344)
  );
#99 = CARTESIAN_POINT('',(207.36539872851,8.425055026401,4.713585140886)
  );
#100 = CARTESIAN_POINT('',(207.30759531865,8.425056657098,4.571001752476
    ));
#101 = CARTESIAN_POINT('',(207.25353741075,8.425058182132,4.43765737543)
  );
#102 = CARTESIAN_POINT('',(207.19934974983,8.42505937614,4.304316920091)
  );
#103 = CARTESIAN_POINT('',(207.14504268391,8.425060183912,4.170996334965
    ));
#104 = ORIENTED_EDGE('',*,*,#105,.F.);
#105 = EDGE_CURVE('',#106,#91,#108,.T.);
#106 = VERTEX_POINT('',#107);
#107 = CARTESIAN_POINT('',(207.16984275659,9.075000000041,4.170941870688
    ));
#108 = B_SPLINE_CURVE_WITH_KNOTS('',3,(#109,#110,#111,#112),
  .UNSPECIFIED.,.F.,.F.,(4,4),(-6.678811012781,-6.032584739831),
  .PIECEWISE_BEZIER_KNOTS.);
#109 = CARTESIAN_POINT('',(207.17002436033,9.075063032076,4.171001692026
    ));
#110 = CARTESIAN_POINT('',(207.16158423893,8.858804066542,4.171000006908
    ));
#111 = CARTESIAN_POINT('',(207.15325774103,8.642105011255,4.170998685312
    ));
#112 = CARTESIAN_POINT('',(207.14504268391,8.425060183887,4.170996334959
    ));
#113 = ORIENTED_EDGE('',*,*,#114,.T.);
#114 = EDGE_CURVE('',#106,#24,#115,.T.);
#115 = B_SPLINE_CURVE_WITH_KNOTS('',3,(#116,#117,#118,#119,#120,#121,
    #122,#123,#124,#125),.UNSPECIFIED.,.F.,.F.,(4,3,3,4),(
    -0.432378526737,0.,2.329717103853,2.753936621613),.UNSPECIFIED.);
#116 = CARTESIAN_POINT('',(207.17002436034,9.075063032088,4.171001692027
    ));
#117 = CARTESIAN_POINT('',(207.22513674308,9.075062065693,4.304375098715
    ));
#118 = CARTESIAN_POINT('',(207.28011437608,9.075060689639,4.437716605106
    ));
#119 = CARTESIAN_POINT('',(207.33494620885,9.075058970196,4.57100808665)
  );
#120 = CARTESIAN_POINT('',(207.63038793581,9.075049705595,5.289201579498
    ));
#121 = CARTESIAN_POINT('',(207.92365669633,9.07502890968,6.010951638512)
  );
#122 = CARTESIAN_POINT('',(208.21287726785,9.075020119225,6.733420975178
    ));
#123 = CARTESIAN_POINT('',(208.26554160687,9.075018518566,6.864975829238
    ));
#124 = CARTESIAN_POINT('',(208.31807174255,9.075017442326,6.996554470474
    ));
#125 = CARTESIAN_POINT('',(208.37045638361,9.075017102583,7.128139628105
    ));
#126 = B_SPLINE_SURFACE_WITH_KNOTS('',3,3,(
    (#127,#128,#129,#130)
    ,(#131,#132,#133,#134)
    ,(#135,#136,#137,#138)
    ,(#139,#140,#141,#142
    )),.UNSPECIFIED.,.F.,.F.,.F.,(4,4),(4,4),(6.597123961955E-02,
    0.931825699096),(-6.494158788176E-02,0.944692651749),
  .PIECEWISE_BEZIER_KNOTS.);
#127 = CARTESIAN_POINT('',(208.42223489854,4.46804161933,8.057829550868)
  );
#128 = CARTESIAN_POINT('',(207.4104023069,3.357796378608,5.36955077827)
  );
#129 = CARTESIAN_POINT('',(206.3981185632,2.241345056609,2.684080963139)
  );
#130 = CARTESIAN_POINT('',(205.38593230804,1.121540904918,
    3.083311383989E-12));
#131 = CARTESIAN_POINT('',(208.40912453807,8.373997640745,7.345398268632
    ));
#132 = CARTESIAN_POINT('',(207.39798984514,7.672147534213,4.872728955526
    ));
#133 = CARTESIAN_POINT('',(206.3860285083,6.962880580533,2.402632626649)
  );
#134 = CARTESIAN_POINT('',(205.37424598433,6.249827528081,
    -6.619441913621E-02));
#135 = CARTESIAN_POINT('',(208.39185897618,12.278507269977,
    6.624598688658));
#136 = CARTESIAN_POINT('',(207.38167302392,11.985817095476,
    4.368498181988));
#137 = CARTESIAN_POINT('',(206.37039283043,11.684123659252,
    2.114628910895));
#138 = CARTESIAN_POINT('',(205.35925046713,11.378073692889,
    -0.138297229529));
#139 = CARTESIAN_POINT('',(208.35991128609,16.179985174364,
    5.886258654116));
#140 = CARTESIAN_POINT('',(207.35368563044,16.298286816869,3.85002306266
    ));
#141 = CARTESIAN_POINT('',(206.34495012928,16.404846654113,
    1.814582482902));
#142 = CARTESIAN_POINT('',(205.33573719458,16.506248513935,
    -0.220818829065));
#143 = ADVANCED_FACE('',(#144),#355,.T.);
#144 = FACE_BOUND('',#145,.T.);
#145 = EDGE_LOOP('',(#146,#155,#163,#172,#180,#195,#207,#216,#224,#241,
    #249,#258,#270,#289,#297,#306,#318,#335,#347,#354));
#146 = ORIENTED_EDGE('',*,*,#147,.T.);
#147 = EDGE_CURVE('',#148,#148,#150,.T.);
#148 = VERTEX_POINT('',#149);
#149 = CARTESIAN_POINT('',(263.05625000001,11.750000000022,
    0.200000000003));
#150 = CIRCLE('',#151,3.);
#151 = AXIS2_PLACEMENT_3D('',#152,#153,#154);
#152 = CARTESIAN_POINT('',(263.05625000001,8.750000000022,0.200000000003
    ));
#153 = DIRECTION('',(0.,1.836970198721E-16,1.));
#154 = DIRECTION('',(0.,-1.,1.836970198721E-16));
#155 = ORIENTED_EDGE('',*,*,#156,.T.);
#156 = EDGE_CURVE('',#148,#157,#159,.T.);
#157 = VERTEX_POINT('',#158);
#158 = CARTESIAN_POINT('',(263.05625000001,11.750000000022,
    4.170941870688));
#159 = LINE('',#160,#161);
#160 = CARTESIAN_POINT('',(263.05625000001,11.750000000022,
    13.387974034051));
#161 = VECTOR('',#162,1.);
#162 = DIRECTION('',(0.,-1.224646799147E-16,1.));
#163 = ORIENTED_EDGE('',*,*,#164,.F.);
#164 = EDGE_CURVE('',#165,#157,#167,.T.);
#165 = VERTEX_POINT('',#166);
#166 = CARTESIAN_POINT('',(263.38125000002,11.732343876909,
    4.170941870688));
#167 = CIRCLE('',#168,3.);
#168 = AXIS2_PLACEMENT_3D('',#169,#170,#171);
#169 = CARTESIAN_POINT('',(263.05625000001,8.750000000022,4.170941870688
    ));
#170 = DIRECTION('',(0.,0.,1.));
#171 = DIRECTION('',(0.,-1.,0.));
#172 = ORIENTED_EDGE('',*,*,#173,.F.);
#173 = EDGE_CURVE('',#174,#165,#176,.T.);
#174 = VERTEX_POINT('',#175);
#175 = CARTESIAN_POINT('',(263.38125000001,11.732343876902,
    6.698774312133));
#176 = LINE('',#177,#178);
#177 = CARTESIAN_POINT('',(263.38125000002,11.732343876909,
    13.387974034051));
#178 = VECTOR('',#179,1.);
#179 = DIRECTION('',(0.,1.224646799147E-16,-1.));
#180 = ORIENTED_EDGE('',*,*,#181,.T.);
#181 = EDGE_CURVE('',#174,#182,#184,.T.);
#182 = VERTEX_POINT('',#183);
#183 = CARTESIAN_POINT('',(266.0385938769,9.075000000012,7.128041213517)
  );
#184 = B_SPLINE_CURVE_WITH_KNOTS('',3,(#185,#186,#187,#188,#189,#190,
    #191,#192,#193,#194),.UNSPECIFIED.,.F.,.F.,(4,2,2,2,4),(0.,
    0.845865335037,1.944784575773,3.058647270139,4.095581738179),
  .UNSPECIFIED.);
#185 = CARTESIAN_POINT('',(263.38125,11.732343876909,6.698774312131));
#186 = CARTESIAN_POINT('',(263.6614826279,11.701805613106,6.704755424785
    ));
#187 = CARTESIAN_POINT('',(263.93562958187,11.631974874035,
    6.718449379648));
#188 = CARTESIAN_POINT('',(264.53375231355,11.386375068076,6.76522370245
    ));
#189 = CARTESIAN_POINT('',(264.84273706685,11.187370364409,
    6.802440626725));
#190 = CARTESIAN_POINT('',(265.37707044608,10.686420835584,
    6.890220666851));
#191 = CARTESIAN_POINT('',(265.59696989552,10.387104458947,
    6.940152268849));
#192 = CARTESIAN_POINT('',(265.90621570718,9.747502613456,7.03771534755)
  );
#193 = CARTESIAN_POINT('',(266.00146025189,9.415754582056,7.084564281346
    ));
#194 = CARTESIAN_POINT('',(266.0385938769,9.075000000004,7.128041213517)
  );
#195 = ORIENTED_EDGE('',*,*,#196,.F.);
#196 = EDGE_CURVE('',#197,#182,#199,.T.);
#197 = VERTEX_POINT('',#198);
#198 = CARTESIAN_POINT('',(266.0385938769,9.075000000012,4.170941870688)
  );
#199 = B_SPLINE_CURVE_WITH_KNOTS('',3,(#200,#201,#202,#203,#204,#205,
    #206),.UNSPECIFIED.,.F.,.F.,(4,3,4),(-3.643116608403,-3.243116608403
    ,-0.686017265574),.UNSPECIFIED.);
#200 = CARTESIAN_POINT('',(266.0385938769,9.075000000012,4.170941870688)
  );
#201 = CARTESIAN_POINT('',(266.0385938769,9.075000000012,4.304275204021)
  );
#202 = CARTESIAN_POINT('',(266.0385938769,9.075000000012,4.437608537355)
  );
#203 = CARTESIAN_POINT('',(266.0385938769,9.075000000012,4.570941870688)
  );
#204 = CARTESIAN_POINT('',(266.0385938769,9.075000000012,5.423308318298)
  );
#205 = CARTESIAN_POINT('',(266.0385938769,9.075000000012,6.275674765908)
  );
#206 = CARTESIAN_POINT('',(266.0385938769,9.075000000012,7.128041213517)
  );
#207 = ORIENTED_EDGE('',*,*,#208,.F.);
#208 = EDGE_CURVE('',#209,#197,#211,.T.);
#209 = VERTEX_POINT('',#210);
#210 = CARTESIAN_POINT('',(266.0385938769,8.42500000001,4.170941870688)
  );
#211 = CIRCLE('',#212,3.);
#212 = AXIS2_PLACEMENT_3D('',#213,#214,#215);
#213 = CARTESIAN_POINT('',(263.05625000001,8.750000000022,4.170941870688
    ));
#214 = DIRECTION('',(0.,0.,1.));
#215 = DIRECTION('',(0.,-1.,0.));
#216 = ORIENTED_EDGE('',*,*,#217,.F.);
#217 = EDGE_CURVE('',#218,#209,#220,.T.);
#218 = VERTEX_POINT('',#219);
#219 = CARTESIAN_POINT('',(266.0385938769,8.42500000001,7.205639346396)
  );
#220 = LINE('',#221,#222);
#221 = CARTESIAN_POINT('',(266.0385938769,8.42500000001,13.387974034051)
  );
#222 = VECTOR('',#223,1.);
#223 = DIRECTION('',(0.,1.224646799147E-16,-1.));
#224 = ORIENTED_EDGE('',*,*,#225,.T.);
#225 = EDGE_CURVE('',#218,#226,#228,.T.);
#226 = VERTEX_POINT('',#227);
#227 = CARTESIAN_POINT('',(263.38125000002,5.767656123142,7.412821674096
    ));
#228 = B_SPLINE_CURVE_WITH_KNOTS('',3,(#229,#230,#231,#232,#233,#234,
    #235,#236,#237,#238,#239,#240),.UNSPECIFIED.,.F.,.F.,(4,2,2,2,2,4),(
    6.640366881028E-02,1.195437531838,2.307855594598,3.402997546931,
    3.873988407458,4.146261543772),.UNSPECIFIED.);
#229 = CARTESIAN_POINT('',(266.0385938769,8.42500000001,7.205639346396)
  );
#230 = CARTESIAN_POINT('',(265.99811334336,8.053532703663,7.246942481198
    ));
#231 = CARTESIAN_POINT('',(265.88851391197,7.692130118907,7.281763822231
    ));
#232 = CARTESIAN_POINT('',(265.54325285123,7.032003962369,7.337538953814
    ));
#233 = CARTESIAN_POINT('',(265.31265991847,6.738579679659,7.358263369735
    ));
#234 = CARTESIAN_POINT('',(264.75999275146,6.253957184497,7.388766969175
    ));
#235 = CARTESIAN_POINT('',(264.44414977832,6.065434993441,7.398549328778
    ));
#236 = CARTESIAN_POINT('',(263.9550501437,5.883506144943,7.407489326591)
  );
#237 = CARTESIAN_POINT('',(263.80388405488,5.840416304956,7.409500169441
    ));
#238 = CARTESIAN_POINT('',(263.56110027699,5.791392480729,7.411752620509
    ));
#239 = CARTESIAN_POINT('',(263.47141185732,5.777481483594,7.412380388327
    ));
#240 = CARTESIAN_POINT('',(263.38125000002,5.767656123127,7.412821674096
    ));
#241 = ORIENTED_EDGE('',*,*,#242,.F.);
#242 = EDGE_CURVE('',#243,#226,#245,.T.);
#243 = VERTEX_POINT('',#244);
#244 = CARTESIAN_POINT('',(263.38125000002,5.767656123135,4.170941870688
    ));
#245 = LINE('',#246,#247);
#246 = CARTESIAN_POINT('',(263.38125000002,5.767656123135,
    13.387974034051));
#247 = VECTOR('',#248,1.);
#248 = DIRECTION('',(0.,-1.224646799147E-16,1.));
#249 = ORIENTED_EDGE('',*,*,#250,.F.);
#250 = EDGE_CURVE('',#251,#243,#253,.T.);
#251 = VERTEX_POINT('',#252);
#252 = CARTESIAN_POINT('',(262.73125000001,5.767656123135,4.170941870688
    ));
#253 = CIRCLE('',#254,3.);
#254 = AXIS2_PLACEMENT_3D('',#255,#256,#257);
#255 = CARTESIAN_POINT('',(263.05625000001,8.750000000022,4.170941870688
    ));
#256 = DIRECTION('',(0.,0.,1.));
#257 = DIRECTION('',(0.,-1.,0.));
#258 = ORIENTED_EDGE('',*,*,#259,.F.);
#259 = EDGE_CURVE('',#260,#251,#262,.T.);
#260 = VERTEX_POINT('',#261);
#261 = CARTESIAN_POINT('',(262.73125000001,5.767656123142,7.412821674097
    ));
#262 = B_SPLINE_CURVE_WITH_KNOTS('',3,(#263,#264,#265,#266,#267,#268,
    #269),.UNSPECIFIED.,.F.,.F.,(4,3,4),(-2.841879803409,0.,0.4),
  .UNSPECIFIED.);
#263 = CARTESIAN_POINT('',(262.73125000001,5.767656123142,7.412821674097
    ));
#264 = CARTESIAN_POINT('',(262.73125000001,5.767656123142,6.465528406294
    ));
#265 = CARTESIAN_POINT('',(262.73125000001,5.767656123135,5.518235138491
    ));
#266 = CARTESIAN_POINT('',(262.73125000001,5.767656123135,4.570941870688
    ));
#267 = CARTESIAN_POINT('',(262.73125000001,5.767656123135,4.437608537355
    ));
#268 = CARTESIAN_POINT('',(262.73125000001,5.767656123135,4.304275204021
    ));
#269 = CARTESIAN_POINT('',(262.73125000001,5.767656123135,4.170941870688
    ));
#270 = ORIENTED_EDGE('',*,*,#271,.T.);
#271 = EDGE_CURVE('',#260,#272,#274,.T.);
#272 = VERTEX_POINT('',#273);
#273 = CARTESIAN_POINT('',(260.07390612313,8.42500000001,7.205639346403)
  );
#274 = B_SPLINE_CURVE_WITH_KNOTS('',3,(#275,#276,#277,#278,#279,#280,
    #281,#282,#283,#284,#285,#286,#287,#288),.UNSPECIFIED.,.F.,.F.,(4,2,
    2,2,2,2,4),(0.184622029382,0.265864140235,0.766373532808,
    1.350534292247,2.307666020407,3.346079932292,4.260566263796),
  .UNSPECIFIED.);
#275 = CARTESIAN_POINT('',(262.73125000001,5.767656123135,7.412821674098
    ));
#276 = CARTESIAN_POINT('',(262.70433459344,5.770589221225,7.412689940056
    ));
#277 = CARTESIAN_POINT('',(262.67745740892,5.773886845243,7.412541519234
    ));
#278 = CARTESIAN_POINT('',(262.48532453681,5.800105514027,7.411357535802
    ));
#279 = CARTESIAN_POINT('',(262.32219682954,5.83641206938,7.40970565272)
  );
#280 = CARTESIAN_POINT('',(261.97707646078,5.944061180555,7.404554882785
    ));
#281 = CARTESIAN_POINT('',(261.79731010526,6.019988727923,7.400806455819
    ));
#282 = CARTESIAN_POINT('',(261.3458210858,6.264812795598,7.387715950809)
  );
#283 = CARTESIAN_POINT('',(261.09160139916,6.460523662827,7.376419365432
    ));
#284 = CARTESIAN_POINT('',(260.63592593771,6.94402189611,7.34360594478)
  );
#285 = CARTESIAN_POINT('',(260.44433903132,7.23442668598,7.321489540888)
  );
#286 = CARTESIAN_POINT('',(260.18493767124,7.829191211247,7.268398097154
    ));
#287 = CARTESIAN_POINT('',(260.10670710989,8.124003624544,7.239106879059
    ));
#288 = CARTESIAN_POINT('',(260.07390612313,8.42500000001,7.205639346403)
  );
#289 = ORIENTED_EDGE('',*,*,#290,.F.);
#290 = EDGE_CURVE('',#291,#272,#293,.T.);
#291 = VERTEX_POINT('',#292);
#292 = CARTESIAN_POINT('',(260.07390612313,8.42500000001,4.170941870688)
  );
#293 = LINE('',#294,#295);
#294 = CARTESIAN_POINT('',(260.07390612313,8.42500000001,13.387974034051
    ));
#295 = VECTOR('',#296,1.);
#296 = DIRECTION('',(0.,-1.224646799147E-16,1.));
#297 = ORIENTED_EDGE('',*,*,#298,.F.);
#298 = EDGE_CURVE('',#299,#291,#301,.T.);
#299 = VERTEX_POINT('',#300);
#300 = CARTESIAN_POINT('',(260.07390612312,9.075000000019,4.170941870688
    ));
#301 = CIRCLE('',#302,3.);
#302 = AXIS2_PLACEMENT_3D('',#303,#304,#305);
#303 = CARTESIAN_POINT('',(263.05625000001,8.750000000022,4.170941870688
    ));
#304 = DIRECTION('',(0.,0.,1.));
#305 = DIRECTION('',(0.,-1.,0.));
#306 = ORIENTED_EDGE('',*,*,#307,.F.);
#307 = EDGE_CURVE('',#308,#299,#310,.T.);
#308 = VERTEX_POINT('',#309);
#309 = CARTESIAN_POINT('',(260.07390612312,9.075000000019,7.12804121352)
  );
#310 = B_SPLINE_CURVE_WITH_KNOTS('',3,(#311,#312,#313,#314,#315,#316,
    #317),.UNSPECIFIED.,.F.,.F.,(4,3,4),(-2.557099342832,0.,0.4),
  .UNSPECIFIED.);
#311 = CARTESIAN_POINT('',(260.07390612312,9.075000000019,7.12804121352)
  );
#312 = CARTESIAN_POINT('',(260.07390612312,9.075000000019,6.27567476591)
  );
#313 = CARTESIAN_POINT('',(260.07390612312,9.075000000019,5.423308318299
    ));
#314 = CARTESIAN_POINT('',(260.07390612312,9.075000000019,4.570941870688
    ));
#315 = CARTESIAN_POINT('',(260.07390612312,9.075000000019,4.437608537355
    ));
#316 = CARTESIAN_POINT('',(260.07390612312,9.075000000019,4.304275204021
    ));
#317 = CARTESIAN_POINT('',(260.07390612312,9.075000000019,4.170941870688
    ));
#318 = ORIENTED_EDGE('',*,*,#319,.T.);
#319 = EDGE_CURVE('',#308,#320,#322,.T.);
#320 = VERTEX_POINT('',#321);
#321 = CARTESIAN_POINT('',(262.73125000002,11.732343876902,
    6.698774312131));
#322 = B_SPLINE_CURVE_WITH_KNOTS('',3,(#323,#324,#325,#326,#327,#328,
    #329,#330,#331,#332,#333,#334),.UNSPECIFIED.,.F.,.F.,(4,2,2,2,2,4),(
    5.080279526379E-02,1.210952065666,2.350440447456,3.437927019809,
    3.818629772465,4.147463953875),.UNSPECIFIED.);
#323 = CARTESIAN_POINT('',(260.07390612313,9.075000000012,7.128041213521
    ));
#324 = CARTESIAN_POINT('',(260.11543676136,9.456103521996,7.079416153584
    ));
#325 = CARTESIAN_POINT('',(260.22962009392,9.825609172491,7.026583719438
    ));
#326 = CARTESIAN_POINT('',(260.58742735474,10.495424117937,
    6.922567055791));
#327 = CARTESIAN_POINT('',(260.82582700475,10.791453872094,
    6.872308112493));
#328 = CARTESIAN_POINT('',(261.38759087669,11.268968809811,
    6.787433971658));
#329 = CARTESIAN_POINT('',(261.70224816701,11.45137984569,6.752967236313
    ));
#330 = CARTESIAN_POINT('',(262.16175895378,11.616341314111,
    6.721342256515));
#331 = CARTESIAN_POINT('',(262.28356685031,11.651555835677,
    6.714521718528));
#332 = CARTESIAN_POINT('',(262.51420465681,11.70265523046,6.704584829205
    ));
#333 = CARTESIAN_POINT('',(262.6223417963,11.720475639151,6.70109878177)
  );
#334 = CARTESIAN_POINT('',(262.73125000011,11.732343876916,6.69877431213
    ));
#335 = ORIENTED_EDGE('',*,*,#336,.F.);
#336 = EDGE_CURVE('',#337,#320,#339,.T.);
#337 = VERTEX_POINT('',#338);
#338 = CARTESIAN_POINT('',(262.73125000001,11.732343876909,
    4.170941870688));
#339 = B_SPLINE_CURVE_WITH_KNOTS('',3,(#340,#341,#342,#343,#344,#345,
    #346),.UNSPECIFIED.,.F.,.F.,(4,3,4),(-3.643116608403,-3.243116608403
    ,-1.11528416696),.UNSPECIFIED.);
#340 = CARTESIAN_POINT('',(262.73125000001,11.732343876909,
    4.170941870688));
#341 = CARTESIAN_POINT('',(262.73125000001,11.732343876909,
    4.304275204021));
#342 = CARTESIAN_POINT('',(262.73125000001,11.732343876909,
    4.437608537355));
#343 = CARTESIAN_POINT('',(262.73125000001,11.732343876909,
    4.570941870688));
#344 = CARTESIAN_POINT('',(262.73125000001,11.732343876909,
    5.280219351169));
#345 = CARTESIAN_POINT('',(262.73125000001,11.732343876902,5.98949683165
    ));
#346 = CARTESIAN_POINT('',(262.73125000001,11.732343876902,
    6.698774312131));
#347 = ORIENTED_EDGE('',*,*,#348,.F.);
#348 = EDGE_CURVE('',#157,#337,#349,.T.);
#349 = CIRCLE('',#350,3.);
#350 = AXIS2_PLACEMENT_3D('',#351,#352,#353);
#351 = CARTESIAN_POINT('',(263.05625000001,8.750000000022,4.170941870688
    ));
#352 = DIRECTION('',(0.,0.,1.));
#353 = DIRECTION('',(0.,-1.,0.));
#354 = ORIENTED_EDGE('',*,*,#156,.F.);
#355 = CYLINDRICAL_SURFACE('',#356,3.);
#356 = AXIS2_PLACEMENT_3D('',#357,#358,#359);
#357 = CARTESIAN_POINT('',(263.05625000001,8.750000000022,
    13.387974034051));
#358 = DIRECTION('',(0.,1.224646799147E-16,-1.));
#359 = DIRECTION('',(0.,-1.,-1.224646799147E-16));
#360 = ADVANCED_FACE('',(#361),#564,.T.);
#361 = FACE_BOUND('',#362,.T.);
#362 = EDGE_LOOP('',(#363,#372,#380,#389,#397,#412,#424,#433,#441,#458,
    #466,#475,#483,#502,#510,#519,#531,#548,#556,#563));
#363 = ORIENTED_EDGE('',*,*,#364,.T.);
#364 = EDGE_CURVE('',#365,#365,#367,.T.);
#365 = VERTEX_POINT('',#366);
#366 = CARTESIAN_POINT('',(303.05625000001,11.750000000022,
    0.200000000003));
#367 = CIRCLE('',#368,3.);
#368 = AXIS2_PLACEMENT_3D('',#369,#370,#371);
#369 = CARTESIAN_POINT('',(303.05625000001,8.750000000022,0.200000000003
    ));
#370 = DIRECTION('',(0.,1.836970198721E-16,1.));
#371 = DIRECTION('',(0.,-1.,1.836970198721E-16));
#372 = ORIENTED_EDGE('',*,*,#373,.T.);
#373 = EDGE_CURVE('',#365,#374,#376,.T.);
#374 = VERTEX_POINT('',#375);
#375 = CARTESIAN_POINT('',(303.05625000001,11.750000000022,
    4.170941870688));
#376 = LINE('',#377,#378);
#377 = CARTESIAN_POINT('',(303.05625000001,11.750000000022,
    13.387974034051));
#378 = VECTOR('',#379,1.);
#379 = DIRECTION('',(0.,-1.224646799147E-16,1.));
#380 = ORIENTED_EDGE('',*,*,#381,.F.);
#381 = EDGE_CURVE('',#382,#374,#384,.T.);
#382 = VERTEX_POINT('',#383);
#383 = CARTESIAN_POINT('',(303.38125000002,11.732343876909,
    4.170941870688));
#384 = CIRCLE('',#385,3.);
#385 = AXIS2_PLACEMENT_3D('',#386,#387,#388);
#386 = CARTESIAN_POINT('',(303.05625000001,8.750000000022,4.170941870688
    ));
#387 = DIRECTION('',(0.,0.,1.));
#388 = DIRECTION('',(0.,-1.,0.));
#389 = ORIENTED_EDGE('',*,*,#390,.F.);
#390 = EDGE_CURVE('',#391,#382,#393,.T.);
#391 = VERTEX_POINT('',#392);
#392 = CARTESIAN_POINT('',(303.38125000002,11.732343876916,
    6.698774312165));
#393 = LINE('',#394,#395);
#394 = CARTESIAN_POINT('',(303.38125000002,11.732343876909,
    13.387974034051));
#395 = VECTOR('',#396,1.);
#396 = DIRECTION('',(0.,1.224646799147E-16,-1.));
#397 = ORIENTED_EDGE('',*,*,#398,.T.);
#398 = EDGE_CURVE('',#391,#399,#401,.T.);
#399 = VERTEX_POINT('',#400);
#400 = CARTESIAN_POINT('',(306.0385938769,9.07499999999,7.128041213492)
  );
#401 = B_SPLINE_CURVE_WITH_KNOTS('',3,(#402,#403,#404,#405,#406,#407,
    #408,#409,#410,#411),.UNSPECIFIED.,.F.,.F.,(4,2,2,2,4),(0.,
    0.985717620173,2.141611952925,3.151461491731,4.095552628444),
  .UNSPECIFIED.);
#402 = CARTESIAN_POINT('',(303.38125000001,11.732343876909,
    6.698774312165));
#403 = CARTESIAN_POINT('',(303.7078152671,11.696756528101,6.705744320139
    ));
#404 = CARTESIAN_POINT('',(304.02576453883,11.607853220237,6.72320325111
    ));
#405 = CARTESIAN_POINT('',(304.67087736032,11.307440702934,
    6.779981781801));
#406 = CARTESIAN_POINT('',(304.9838613522,11.080347472875,6.821939577607
    ));
#407 = CARTESIAN_POINT('',(305.47373705286,10.557581216017,
    6.911689607156));
#408 = CARTESIAN_POINT('',(305.65967196788,10.277567129,6.957418219948)
  );
#409 = CARTESIAN_POINT('',(305.9227804216,9.688217260576,7.046067532744)
  );
#410 = CARTESIAN_POINT('',(306.00478356645,9.385258376475,7.088455297124
    ));
#411 = CARTESIAN_POINT('',(306.0385938769,9.074999999983,7.128041213493)
  );
#412 = ORIENTED_EDGE('',*,*,#413,.F.);
#413 = EDGE_CURVE('',#414,#399,#416,.T.);
#414 = VERTEX_POINT('',#415);
#415 = CARTESIAN_POINT('',(306.0385938769,9.074999999997,4.170941870688)
  );
#416 = B_SPLINE_CURVE_WITH_KNOTS('',3,(#417,#418,#419,#420,#421,#422,
    #423),.UNSPECIFIED.,.F.,.F.,(4,3,4),(-3.643116608301,-3.243116608301
    ,-0.686017265497),.UNSPECIFIED.);
#417 = CARTESIAN_POINT('',(306.0385938769,9.074999999997,4.170941870688)
  );
#418 = CARTESIAN_POINT('',(306.0385938769,9.074999999997,4.304275204021)
  );
#419 = CARTESIAN_POINT('',(306.0385938769,9.074999999997,4.437608537355)
  );
#420 = CARTESIAN_POINT('',(306.0385938769,9.074999999997,4.570941870688)
  );
#421 = CARTESIAN_POINT('',(306.0385938769,9.074999999997,5.423308318289)
  );
#422 = CARTESIAN_POINT('',(306.0385938769,9.07499999999,6.275674765891)
  );
#423 = CARTESIAN_POINT('',(306.0385938769,9.07499999999,7.128041213492)
  );
#424 = ORIENTED_EDGE('',*,*,#425,.F.);
#425 = EDGE_CURVE('',#426,#414,#428,.T.);
#426 = VERTEX_POINT('',#427);
#427 = CARTESIAN_POINT('',(306.0385938769,8.424999999996,4.170941870688)
  );
#428 = CIRCLE('',#429,3.);
#429 = AXIS2_PLACEMENT_3D('',#430,#431,#432);
#430 = CARTESIAN_POINT('',(303.05625000001,8.750000000022,4.170941870688
    ));
#431 = DIRECTION('',(0.,0.,1.));
#432 = DIRECTION('',(0.,-1.,0.));
#433 = ORIENTED_EDGE('',*,*,#434,.F.);
#434 = EDGE_CURVE('',#435,#426,#437,.T.);
#435 = VERTEX_POINT('',#436);
#436 = CARTESIAN_POINT('',(306.0385938769,8.424999999996,7.205639346356)
  );
#437 = LINE('',#438,#439);
#438 = CARTESIAN_POINT('',(306.0385938769,8.424999999996,13.387974034051
    ));
#439 = VECTOR('',#440,1.);
#440 = DIRECTION('',(0.,1.224646799147E-16,-1.));
#441 = ORIENTED_EDGE('',*,*,#442,.T.);
#442 = EDGE_CURVE('',#435,#443,#445,.T.);
#443 = VERTEX_POINT('',#444);
#444 = CARTESIAN_POINT('',(303.38125000002,5.767656123135,7.412821673995
    ));
#445 = B_SPLINE_CURVE_WITH_KNOTS('',3,(#446,#447,#448,#449,#450,#451,
    #452,#453,#454,#455,#456,#457),.UNSPECIFIED.,.F.,.F.,(4,2,2,2,2,4),(
    6.640368313827E-02,1.195881385182,2.338920763194,3.36326631713,
    3.835075297259,4.146032820331),.UNSPECIFIED.);
#446 = CARTESIAN_POINT('',(306.0385938769,8.424999999996,7.205639346355)
  );
#447 = CARTESIAN_POINT('',(305.99809744735,8.053386834872,7.246958700175
    ));
#448 = CARTESIAN_POINT('',(305.88842797789,7.691847629831,7.281790911136
    ));
#449 = CARTESIAN_POINT('',(305.53828378227,7.022623033721,7.338328300183
    ));
#450 = CARTESIAN_POINT('',(305.29966863495,6.722209311687,7.359412905277
    ));
#451 = CARTESIAN_POINT('',(304.75219693178,6.25198015754,7.388775076963)
  );
#452 = CARTESIAN_POINT('',(304.45732997888,6.075403469433,7.398014298601
    ));
#453 = CARTESIAN_POINT('',(303.99241841334,5.895476885256,7.406918344838
    ));
#454 = CARTESIAN_POINT('',(303.84156569512,5.850345129395,7.409036733258
    ));
#455 = CARTESIAN_POINT('',(303.58656745296,5.79542712331,7.411570739559)
  );
#456 = CARTESIAN_POINT('',(303.48422396144,5.778877678662,7.412317681008
    ));
#457 = CARTESIAN_POINT('',(303.38125000003,5.76765612312,7.412821673995)
  );
#458 = ORIENTED_EDGE('',*,*,#459,.F.);
#459 = EDGE_CURVE('',#460,#443,#462,.T.);
#460 = VERTEX_POINT('',#461);
#461 = CARTESIAN_POINT('',(303.38125000002,5.767656123135,4.170941870688
    ));
#462 = LINE('',#463,#464);
#463 = CARTESIAN_POINT('',(303.38125000002,5.767656123135,
    13.387974034051));
#464 = VECTOR('',#465,1.);
#465 = DIRECTION('',(0.,-1.224646799147E-16,1.));
#466 = ORIENTED_EDGE('',*,*,#467,.F.);
#467 = EDGE_CURVE('',#468,#460,#470,.T.);
#468 = VERTEX_POINT('',#469);
#469 = CARTESIAN_POINT('',(302.73125000002,5.767656123135,4.170941870688
    ));
#470 = CIRCLE('',#471,3.);
#471 = AXIS2_PLACEMENT_3D('',#472,#473,#474);
#472 = CARTESIAN_POINT('',(303.05625000001,8.750000000022,4.170941870688
    ));
#473 = DIRECTION('',(0.,0.,1.));
#474 = DIRECTION('',(0.,-1.,0.));
#475 = ORIENTED_EDGE('',*,*,#476,.F.);
#476 = EDGE_CURVE('',#477,#468,#479,.T.);
#477 = VERTEX_POINT('',#478);
#478 = CARTESIAN_POINT('',(302.73125000002,5.767656123142,7.412821673996
    ));
#479 = LINE('',#480,#481);
#480 = CARTESIAN_POINT('',(302.73125000002,5.767656123135,
    13.387974034051));
#481 = VECTOR('',#482,1.);
#482 = DIRECTION('',(0.,1.224646799147E-16,-1.));
#483 = ORIENTED_EDGE('',*,*,#484,.T.);
#484 = EDGE_CURVE('',#477,#485,#487,.T.);
#485 = VERTEX_POINT('',#486);
#486 = CARTESIAN_POINT('',(300.07390612313,8.424999999996,7.205639346362
    ));
#487 = B_SPLINE_CURVE_WITH_KNOTS('',3,(#488,#489,#490,#491,#492,#493,
    #494,#495,#496,#497,#498,#499,#500,#501),.UNSPECIFIED.,.F.,.F.,(4,2,
    2,2,2,2,4),(0.27466635649,0.473389353348,0.814650769762,
    1.433460325414,2.371997796839,3.401935304136,4.350592632399),
  .UNSPECIFIED.);
#488 = CARTESIAN_POINT('',(302.73125000001,5.767656123135,7.412821673996
    ));
#489 = CARTESIAN_POINT('',(302.66541784543,5.774830161783,7.41249946687)
  );
#490 = CARTESIAN_POINT('',(302.59983262974,5.784182949625,7.412077665549
    ));
#491 = CARTESIAN_POINT('',(302.42258539837,5.815479888988,7.410650280731
    ));
#492 = CARTESIAN_POINT('',(302.31178610591,5.841613668032,7.409445235249
    ));
#493 = CARTESIAN_POINT('',(302.00501555418,5.932652744545,7.405116548257
    ));
#494 = CARTESIAN_POINT('',(301.81388391705,6.011561334031,7.401248790423
    ));
#495 = CARTESIAN_POINT('',(301.35711083016,6.257865278691,7.388099620347
    ));
#496 = CARTESIAN_POINT('',(301.10684727679,6.448375681655,7.377135915521
    ));
#497 = CARTESIAN_POINT('',(300.65330202342,6.921494846916,7.345244278749
    ));
#498 = CARTESIAN_POINT('',(300.46044832744,7.207618912857,7.323629303919
    ));
#499 = CARTESIAN_POINT('',(300.19083431855,7.807258460562,7.27056619414)
  );
#500 = CARTESIAN_POINT('',(300.10793175337,8.112765753809,7.24035640836)
  );
#501 = CARTESIAN_POINT('',(300.07390612312,8.424999999981,7.205639346363
    ));
#502 = ORIENTED_EDGE('',*,*,#503,.F.);
#503 = EDGE_CURVE('',#504,#485,#506,.T.);
#504 = VERTEX_POINT('',#505);
#505 = CARTESIAN_POINT('',(300.07390612313,8.424999999996,4.170941870688
    ));
#506 = LINE('',#507,#508);
#507 = CARTESIAN_POINT('',(300.07390612313,8.424999999996,
    13.387974034051));
#508 = VECTOR('',#509,1.);
#509 = DIRECTION('',(0.,-1.224646799147E-16,1.));
#510 = ORIENTED_EDGE('',*,*,#511,.F.);
#511 = EDGE_CURVE('',#512,#504,#514,.T.);
#512 = VERTEX_POINT('',#513);
#513 = CARTESIAN_POINT('',(300.07390612312,9.074999999997,4.170941870688
    ));
#514 = CIRCLE('',#515,3.);
#515 = AXIS2_PLACEMENT_3D('',#516,#517,#518);
#516 = CARTESIAN_POINT('',(303.05625000001,8.750000000022,4.170941870688
    ));
#517 = DIRECTION('',(0.,0.,1.));
#518 = DIRECTION('',(0.,-1.,0.));
#519 = ORIENTED_EDGE('',*,*,#520,.F.);
#520 = EDGE_CURVE('',#521,#512,#523,.T.);
#521 = VERTEX_POINT('',#522);
#522 = CARTESIAN_POINT('',(300.07390612312,9.074999999997,7.128041213496
    ));
#523 = B_SPLINE_CURVE_WITH_KNOTS('',3,(#524,#525,#526,#527,#528,#529,
    #530),.UNSPECIFIED.,.F.,.F.,(4,3,4),(-2.557099342808,0.,0.4),
  .UNSPECIFIED.);
#524 = CARTESIAN_POINT('',(300.07390612312,9.074999999997,7.128041213496
    ));
#525 = CARTESIAN_POINT('',(300.07390612312,9.074999999997,6.275674765893
    ));
#526 = CARTESIAN_POINT('',(300.07390612312,9.074999999997,5.423308318291
    ));
#527 = CARTESIAN_POINT('',(300.07390612312,9.074999999997,4.570941870688
    ));
#528 = CARTESIAN_POINT('',(300.07390612312,9.074999999997,4.437608537355
    ));
#529 = CARTESIAN_POINT('',(300.07390612312,9.074999999997,4.304275204021
    ));
#530 = CARTESIAN_POINT('',(300.07390612312,9.074999999997,4.170941870688
    ));
#531 = ORIENTED_EDGE('',*,*,#532,.T.);
#532 = EDGE_CURVE('',#521,#533,#535,.T.);
#533 = VERTEX_POINT('',#534);
#534 = CARTESIAN_POINT('',(302.73125000002,11.732343876916,
    6.698774312163));
#535 = B_SPLINE_CURVE_WITH_KNOTS('',3,(#536,#537,#538,#539,#540,#541,
    #542,#543,#544,#545,#546,#547),.UNSPECIFIED.,.F.,.F.,(4,2,2,2,2,4),(
    5.080278579813E-02,1.210346909276,2.29913145689,3.493070416288,
    3.857649517305,4.147980420932),.UNSPECIFIED.);
#536 = CARTESIAN_POINT('',(300.07390612313,9.074999999997,7.128041213495
    ));
#537 = CARTESIAN_POINT('',(300.11541511393,9.455904875613,7.07944149889)
  );
#538 = CARTESIAN_POINT('',(300.22950124907,9.825225596782,7.0266387494)
  );
#539 = CARTESIAN_POINT('',(300.57919540501,10.48016493897,6.924940931273
    ));
#540 = CARTESIAN_POINT('',(300.8043913135,10.764701763612,6.876845243219
    ));
#541 = CARTESIAN_POINT('',(301.37178646492,11.26371726959,6.788576581458
    ));
#542 = CARTESIAN_POINT('',(301.7179066985,11.46413462588,6.75057737823)
  );
#543 = CARTESIAN_POINT('',(302.2088798847,11.630393625659,6.71862588482)
  );
#544 = CARTESIAN_POINT('',(302.32604426932,11.662307636041,
    6.712435266911));
#545 = CARTESIAN_POINT('',(302.5395314137,11.706746029886,6.703784319831
    ));
#546 = CARTESIAN_POINT('',(302.63509454903,11.721865366431,
    6.700826594899));
#547 = CARTESIAN_POINT('',(302.73125000013,11.732343876924,6.69877431216
    ));
#548 = ORIENTED_EDGE('',*,*,#549,.F.);
#549 = EDGE_CURVE('',#550,#533,#552,.T.);
#550 = VERTEX_POINT('',#551);
#551 = CARTESIAN_POINT('',(302.73125000002,11.732343876909,
    4.170941870688));
#552 = LINE('',#553,#554);
#553 = CARTESIAN_POINT('',(302.73125000002,11.732343876909,
    13.387974034051));
#554 = VECTOR('',#555,1.);
#555 = DIRECTION('',(0.,-1.224646799147E-16,1.));
#556 = ORIENTED_EDGE('',*,*,#557,.F.);
#557 = EDGE_CURVE('',#374,#550,#558,.T.);
#558 = CIRCLE('',#559,3.);
#559 = AXIS2_PLACEMENT_3D('',#560,#561,#562);
#560 = CARTESIAN_POINT('',(303.05625000001,8.750000000022,4.170941870688
    ));
#561 = DIRECTION('',(0.,0.,1.));
#562 = DIRECTION('',(0.,-1.,0.));
#563 = ORIENTED_EDGE('',*,*,#373,.F.);
#564 = CYLINDRICAL_SURFACE('',#565,3.);
#565 = AXIS2_PLACEMENT_3D('',#566,#567,#568);
#566 = CARTESIAN_POINT('',(303.05625000001,8.750000000022,
    13.387974034051));
#567 = DIRECTION('',(0.,1.224646799147E-16,-1.));
#568 = DIRECTION('',(0.,-1.,-1.224646799147E-16));
#569 = ADVANCED_FACE('',(#570),#771,.T.);
#570 = FACE_BOUND('',#571,.T.);
#571 = EDGE_LOOP('',(#572,#581,#589,#598,#606,#623,#635,#644,#652,#669,
    #677,#686,#694,#711,#719,#728,#740,#755,#763,#770));
#572 = ORIENTED_EDGE('',*,*,#573,.T.);
#573 = EDGE_CURVE('',#574,#574,#576,.T.);
#574 = VERTEX_POINT('',#575);
#575 = CARTESIAN_POINT('',(275.00625000001,11.750000000022,
    0.200000000003));
#576 = CIRCLE('',#577,3.);
#577 = AXIS2_PLACEMENT_3D('',#578,#579,#580);
#578 = CARTESIAN_POINT('',(275.00625000001,8.750000000022,0.200000000003
    ));
#579 = DIRECTION('',(0.,1.836970198721E-16,1.));
#580 = DIRECTION('',(0.,-1.,1.836970198721E-16));
#581 = ORIENTED_EDGE('',*,*,#582,.T.);
#582 = EDGE_CURVE('',#574,#583,#585,.T.);
#583 = VERTEX_POINT('',#584);
#584 = CARTESIAN_POINT('',(275.00625000001,11.750000000022,
    4.170941870688));
#585 = LINE('',#586,#587);
#586 = CARTESIAN_POINT('',(275.00625000001,11.750000000022,
    13.387974034051));
#587 = VECTOR('',#588,1.);
#588 = DIRECTION('',(0.,-1.224646799147E-16,1.));
#589 = ORIENTED_EDGE('',*,*,#590,.F.);
#590 = EDGE_CURVE('',#591,#583,#593,.T.);
#591 = VERTEX_POINT('',#592);
#592 = CARTESIAN_POINT('',(275.33125000001,11.732343876909,
    4.170941870688));
#593 = CIRCLE('',#594,3.);
#594 = AXIS2_PLACEMENT_3D('',#595,#596,#597);
#595 = CARTESIAN_POINT('',(275.00625000001,8.750000000022,4.170941870688
    ));
#596 = DIRECTION('',(0.,0.,1.));
#597 = DIRECTION('',(0.,-1.,0.));
#598 = ORIENTED_EDGE('',*,*,#599,.F.);
#599 = EDGE_CURVE('',#600,#591,#602,.T.);
#600 = VERTEX_POINT('',#601);
#601 = CARTESIAN_POINT('',(275.33125000001,11.732343876902,
    6.698774312145));
#602 = LINE('',#603,#604);
#603 = CARTESIAN_POINT('',(275.33125000001,11.732343876909,
    13.387974034051));
#604 = VECTOR('',#605,1.);
#605 = DIRECTION('',(0.,1.224646799147E-16,-1.));
#606 = ORIENTED_EDGE('',*,*,#607,.T.);
#607 = EDGE_CURVE('',#600,#608,#610,.T.);
#608 = VERTEX_POINT('',#609);
#609 = CARTESIAN_POINT('',(277.9885938769,9.075000000012,7.128041213508)
  );
#610 = B_SPLINE_CURVE_WITH_KNOTS('',3,(#611,#612,#613,#614,#615,#616,
    #617,#618,#619,#620,#621,#622),.UNSPECIFIED.,.F.,.F.,(4,2,2,2,2,4),(
    0.,0.459592891958,1.438286739474,2.433418918274,3.330409430625,
    4.092878651374),.UNSPECIFIED.);
#611 = CARTESIAN_POINT('',(275.33125000001,11.732343876909,
    6.698774312141));
#612 = CARTESIAN_POINT('',(275.48351173546,11.71575120146,6.702024092866
    ));
#613 = CARTESIAN_POINT('',(275.63419216219,11.687532902724,
    6.707545025166));
#614 = CARTESIAN_POINT('',(276.09673688488,11.563716309181,
    6.731522410675));
#615 = CARTESIAN_POINT('',(276.39499669684,11.428943434163,
    6.757414617413));
#616 = CARTESIAN_POINT('',(276.94039005675,11.066900172795,
    6.823769426538));
#617 = CARTESIAN_POINT('',(277.18287500898,10.840572940477,
    6.863959842639));
#618 = CARTESIAN_POINT('',(277.5643602011,10.344984654999,6.946216679125
    ));
#619 = CARTESIAN_POINT('',(277.70932483913,10.084608072982,
    6.987264884759));
#620 = CARTESIAN_POINT('',(277.90251871043,9.571621585463,7.062258998973
    ));
#621 = CARTESIAN_POINT('',(277.96128653687,9.325584240993,7.096069129723
    ));
#622 = CARTESIAN_POINT('',(277.9885938769,9.074999999997,7.12804121351)
  );
#623 = ORIENTED_EDGE('',*,*,#624,.F.);
#624 = EDGE_CURVE('',#625,#608,#627,.T.);
#625 = VERTEX_POINT('',#626);
#626 = CARTESIAN_POINT('',(277.9885938769,9.075000000012,4.170941870688)
  );
#627 = B_SPLINE_CURVE_WITH_KNOTS('',3,(#628,#629,#630,#631,#632,#633,
    #634),.UNSPECIFIED.,.F.,.F.,(4,3,4),(-3.643116608373,-3.243116608373
    ,-0.686017265552),.UNSPECIFIED.);
#628 = CARTESIAN_POINT('',(277.9885938769,9.075000000012,4.170941870688)
  );
#629 = CARTESIAN_POINT('',(277.9885938769,9.075000000012,4.304275204021)
  );
#630 = CARTESIAN_POINT('',(277.9885938769,9.075000000012,4.437608537355)
  );
#631 = CARTESIAN_POINT('',(277.9885938769,9.075000000012,4.570941870688)
  );
#632 = CARTESIAN_POINT('',(277.9885938769,9.075000000012,5.423308318295)
  );
#633 = CARTESIAN_POINT('',(277.9885938769,9.075000000012,6.275674765902)
  );
#634 = CARTESIAN_POINT('',(277.9885938769,9.075000000012,7.128041213508)
  );
#635 = ORIENTED_EDGE('',*,*,#636,.F.);
#636 = EDGE_CURVE('',#637,#625,#639,.T.);
#637 = VERTEX_POINT('',#638);
#638 = CARTESIAN_POINT('',(277.9885938769,8.42500000001,4.170941870688)
  );
#639 = CIRCLE('',#640,3.);
#640 = AXIS2_PLACEMENT_3D('',#641,#642,#643);
#641 = CARTESIAN_POINT('',(275.00625000001,8.750000000022,4.170941870688
    ));
#642 = DIRECTION('',(0.,0.,1.));
#643 = DIRECTION('',(0.,-1.,0.));
#644 = ORIENTED_EDGE('',*,*,#645,.F.);
#645 = EDGE_CURVE('',#646,#637,#648,.T.);
#646 = VERTEX_POINT('',#647);
#647 = CARTESIAN_POINT('',(277.9885938769,8.42500000001,7.205639346383)
  );
#648 = LINE('',#649,#650);
#649 = CARTESIAN_POINT('',(277.9885938769,8.42500000001,13.387974034051)
  );
#650 = VECTOR('',#651,1.);
#651 = DIRECTION('',(0.,1.224646799147E-16,-1.));
#652 = ORIENTED_EDGE('',*,*,#653,.T.);
#653 = EDGE_CURVE('',#646,#654,#656,.T.);
#654 = VERTEX_POINT('',#655);
#655 = CARTESIAN_POINT('',(275.33125000001,5.767656123127,7.412821674066
    ));
#656 = B_SPLINE_CURVE_WITH_KNOTS('',3,(#657,#658,#659,#660,#661,#662,
    #663,#664,#665,#666,#667,#668),.UNSPECIFIED.,.F.,.F.,(4,2,2,2,2,4),(
    6.640363705271E-02,1.194455181278,2.141441321289,3.18899526815,
    3.941338162372,4.14524294644),.UNSPECIFIED.);
#657 = CARTESIAN_POINT('',(277.9885938769,8.425000000003,7.205639346384)
  );
#658 = CARTESIAN_POINT('',(277.94814852496,8.053855545593,7.246906584662
    ));
#659 = CARTESIAN_POINT('',(277.83870402938,7.692755352306,7.281703859324
    ));
#660 = CARTESIAN_POINT('',(277.51927464357,7.081537547405,7.333359754269
    ));
#661 = CARTESIAN_POINT('',(277.33038950506,6.82704172386,7.35192457914)
  );
#662 = CARTESIAN_POINT('',(276.85594580261,6.362480370619,7.382459865523
    ));
#663 = CARTESIAN_POINT('',(276.56599328544,6.16368556107,7.393349933566)
  );
#664 = CARTESIAN_POINT('',(276.02010420861,5.915403942308,7.406048940303
    ));
#665 = CARTESIAN_POINT('',(275.77978498403,5.840618040245,7.409502794692
    ));
#666 = CARTESIAN_POINT('',(275.46606510174,5.784669081688,7.412055749832
    ));
#667 = CARTESIAN_POINT('',(275.39878913048,5.775016178952,7.412491112362
    ));
#668 = CARTESIAN_POINT('',(275.33125000001,5.767656123135,7.412821674066
    ));
#669 = ORIENTED_EDGE('',*,*,#670,.F.);
#670 = EDGE_CURVE('',#671,#654,#673,.T.);
#671 = VERTEX_POINT('',#672);
#672 = CARTESIAN_POINT('',(275.33125000001,5.767656123135,4.170941870688
    ));
#673 = LINE('',#674,#675);
#674 = CARTESIAN_POINT('',(275.33125000001,5.767656123135,
    13.387974034051));
#675 = VECTOR('',#676,1.);
#676 = DIRECTION('',(0.,-1.224646799147E-16,1.));
#677 = ORIENTED_EDGE('',*,*,#678,.F.);
#678 = EDGE_CURVE('',#679,#671,#681,.T.);
#679 = VERTEX_POINT('',#680);
#680 = CARTESIAN_POINT('',(274.68125000001,5.767656123135,4.170941870688
    ));
#681 = CIRCLE('',#682,3.);
#682 = AXIS2_PLACEMENT_3D('',#683,#684,#685);
#683 = CARTESIAN_POINT('',(275.00625000001,8.750000000022,4.170941870688
    ));
#684 = DIRECTION('',(0.,0.,1.));
#685 = DIRECTION('',(0.,-1.,0.));
#686 = ORIENTED_EDGE('',*,*,#687,.F.);
#687 = EDGE_CURVE('',#688,#679,#690,.T.);
#688 = VERTEX_POINT('',#689);
#689 = CARTESIAN_POINT('',(274.68125000002,5.767656123127,7.412821674067
    ));
#690 = LINE('',#691,#692);
#691 = CARTESIAN_POINT('',(274.68125000001,5.767656123135,
    13.387974034051));
#692 = VECTOR('',#693,1.);
#693 = DIRECTION('',(0.,1.224646799147E-16,-1.));
#694 = ORIENTED_EDGE('',*,*,#695,.T.);
#695 = EDGE_CURVE('',#688,#696,#698,.T.);
#696 = VERTEX_POINT('',#697);
#697 = CARTESIAN_POINT('',(272.02390612313,8.42500000001,7.20563934639)
  );
#698 = B_SPLINE_CURVE_WITH_KNOTS('',3,(#699,#700,#701,#702,#703,#704,
    #705,#706,#707,#708,#709,#710),.UNSPECIFIED.,.F.,.F.,(4,2,2,2,2,4),(
    0.113502471208,0.515562720979,1.327574831633,2.269791546833,
    3.327481466449,4.189932415266),.UNSPECIFIED.);
#699 = CARTESIAN_POINT('',(274.68125000001,5.767656123135,7.412821674067
    ));
#700 = CARTESIAN_POINT('',(274.54810452561,5.782165609955,7.412170010439
    ));
#701 = CARTESIAN_POINT('',(274.41603956424,5.805579728927,7.411113424433
    ));
#702 = CARTESIAN_POINT('',(274.02321185008,5.902740040168,7.406580900289
    ));
#703 = CARTESIAN_POINT('',(273.77050290361,6.002976200936,7.401785042469
    ));
#704 = CARTESIAN_POINT('',(273.26111851801,6.289697685119,7.386291307398
    ));
#705 = CARTESIAN_POINT('',(273.01350772715,6.485629281531,7.374845004831
    ));
#706 = CARTESIAN_POINT('',(272.56214052148,6.97508558118,7.341337459349)
  );
#707 = CARTESIAN_POINT('',(272.37113378226,7.273642518194,7.318345417931
    ));
#708 = CARTESIAN_POINT('',(272.12619858219,7.862645789544,7.265070118067
    ));
#709 = CARTESIAN_POINT('',(272.05484205685,8.141118176871,7.237203926432
    ));
#710 = CARTESIAN_POINT('',(272.02390612313,8.425000000025,7.205639346388
    ));
#711 = ORIENTED_EDGE('',*,*,#712,.F.);
#712 = EDGE_CURVE('',#713,#696,#715,.T.);
#713 = VERTEX_POINT('',#714);
#714 = CARTESIAN_POINT('',(272.02390612313,8.42500000001,4.170941870688)
  );
#715 = LINE('',#716,#717);
#716 = CARTESIAN_POINT('',(272.02390612313,8.42500000001,13.387974034051
    ));
#717 = VECTOR('',#718,1.);
#718 = DIRECTION('',(0.,-1.224646799147E-16,1.));
#719 = ORIENTED_EDGE('',*,*,#720,.F.);
#720 = EDGE_CURVE('',#721,#713,#723,.T.);
#721 = VERTEX_POINT('',#722);
#722 = CARTESIAN_POINT('',(272.02390612313,9.075000000012,4.170941870688
    ));
#723 = CIRCLE('',#724,3.);
#724 = AXIS2_PLACEMENT_3D('',#725,#726,#727);
#725 = CARTESIAN_POINT('',(275.00625000001,8.750000000022,4.170941870688
    ));
#726 = DIRECTION('',(0.,0.,1.));
#727 = DIRECTION('',(0.,-1.,0.));
#728 = ORIENTED_EDGE('',*,*,#729,.F.);
#729 = EDGE_CURVE('',#730,#721,#732,.T.);
#730 = VERTEX_POINT('',#731);
#731 = CARTESIAN_POINT('',(272.02390612313,9.075000000004,7.128041213514
    ));
#732 = B_SPLINE_CURVE_WITH_KNOTS('',3,(#733,#734,#735,#736,#737,#738,
    #739),.UNSPECIFIED.,.F.,.F.,(4,3,4),(-2.557099342826,0.,0.4),
  .UNSPECIFIED.);
#733 = CARTESIAN_POINT('',(272.02390612313,9.075000000004,7.128041213514
    ));
#734 = CARTESIAN_POINT('',(272.02390612313,9.075000000004,6.275674765906
    ));
#735 = CARTESIAN_POINT('',(272.02390612313,9.075000000012,5.423308318297
    ));
#736 = CARTESIAN_POINT('',(272.02390612313,9.075000000012,4.570941870688
    ));
#737 = CARTESIAN_POINT('',(272.02390612313,9.075000000012,4.437608537355
    ));
#738 = CARTESIAN_POINT('',(272.02390612313,9.075000000012,4.304275204021
    ));
#739 = CARTESIAN_POINT('',(272.02390612313,9.075000000012,4.170941870688
    ));
#740 = ORIENTED_EDGE('',*,*,#741,.T.);
#741 = EDGE_CURVE('',#730,#742,#744,.T.);
#742 = VERTEX_POINT('',#743);
#743 = CARTESIAN_POINT('',(274.68125000001,11.732343876916,
    6.698774312141));
#744 = B_SPLINE_CURVE_WITH_KNOTS('',3,(#745,#746,#747,#748,#749,#750,
    #751,#752,#753,#754),.UNSPECIFIED.,.F.,.F.,(4,2,2,2,4),(
    5.080295380179E-02,1.221106054364,2.424962035257,3.377827334511,
    4.148121334001),.UNSPECIFIED.);
#745 = CARTESIAN_POINT('',(272.02390612313,9.074999999997,7.128041213514
    ));
#746 = CARTESIAN_POINT('',(272.06579998367,9.459436610734,7.078990884248
    ));
#747 = CARTESIAN_POINT('',(272.18162003149,9.832043747163,7.025660036226
    ));
#748 = CARTESIAN_POINT('',(272.55331970778,10.522335425267,
    6.918308231387));
#749 = CARTESIAN_POINT('',(272.80977564751,10.831931276749,
    6.865389217666));
#750 = CARTESIAN_POINT('',(273.36511263293,11.2810552749,6.785016681282)
  );
#751 = CARTESIAN_POINT('',(273.64071068216,11.439917866643,
    6.755098066079));
#752 = CARTESIAN_POINT('',(274.17594664748,11.64416300461,6.716052223858
    ));
#753 = CARTESIAN_POINT('',(274.42613516735,11.704542817068,
    6.704219326038));
#754 = CARTESIAN_POINT('',(274.68125000011,11.732343876916,
    6.698774312139));
#755 = ORIENTED_EDGE('',*,*,#756,.F.);
#756 = EDGE_CURVE('',#757,#742,#759,.T.);
#757 = VERTEX_POINT('',#758);
#758 = CARTESIAN_POINT('',(274.68125000001,11.732343876909,
    4.170941870688));
#759 = LINE('',#760,#761);
#760 = CARTESIAN_POINT('',(274.68125000001,11.732343876909,
    13.387974034051));
#761 = VECTOR('',#762,1.);
#762 = DIRECTION('',(0.,-1.224646799147E-16,1.));
#763 = ORIENTED_EDGE('',*,*,#764,.F.);
#764 = EDGE_CURVE('',#583,#757,#765,.T.);
#765 = CIRCLE('',#766,3.);
#766 = AXIS2_PLACEMENT_3D('',#767,#768,#769);
#767 = CARTESIAN_POINT('',(275.00625000001,8.750000000022,4.170941870688
    ));
#768 = DIRECTION('',(0.,0.,1.));
#769 = DIRECTION('',(0.,-1.,0.));
#770 = ORIENTED_EDGE('',*,*,#582,.F.);
#771 = CYLINDRICAL_SURFACE('',#772,3.);
#772 = AXIS2_PLACEMENT_3D('',#773,#774,#775);
#773 = CARTESIAN_POINT('',(275.00625000001,8.750000000022,
    13.387974034051));
#774 = DIRECTION('',(0.,1.224646799147E-16,-1.));
#775 = DIRECTION('',(0.,-1.,-1.224646799147E-16));
#776 = ADVANCED_FACE('',(#777),#832,.F.);
#777 = FACE_BOUND('',#778,.F.);
#778 = EDGE_LOOP('',(#779,#796,#805,#816,#825));
#779 = ORIENTED_EDGE('',*,*,#780,.T.);
#780 = EDGE_CURVE('',#781,#783,#785,.T.);
#781 = VERTEX_POINT('',#782);
#782 = CARTESIAN_POINT('',(316.0385938769,8.424999999996,7.205639346344)
  );
#783 = VERTEX_POINT('',#784);
#784 = CARTESIAN_POINT('',(313.38125000001,5.767656123135,7.412821673969
    ));
#785 = B_SPLINE_CURVE_WITH_KNOTS('',3,(#786,#787,#788,#789,#790,#791,
    #792,#793,#794,#795),.UNSPECIFIED.,.F.,.F.,(4,2,2,2,4),(
    7.444138484097E-02,1.197406725458,2.398989392491,3.346454350252,
    4.155195188925),.UNSPECIFIED.);
#786 = CARTESIAN_POINT('',(316.0385938769,8.42500000001,7.205639346343)
  );
#787 = CARTESIAN_POINT('',(315.99833585196,8.055574541038,7.246715450962
    ));
#788 = CARTESIAN_POINT('',(315.88971167003,7.696060373179,7.281386971072
    ));
#789 = CARTESIAN_POINT('',(315.53304014933,7.01074999354,7.339381902235)
  );
#790 = CARTESIAN_POINT('',(315.27961856216,6.696533184106,7.361212926704
    ));
#791 = CARTESIAN_POINT('',(314.72884985766,6.239631754805,7.389366586498
    ));
#792 = CARTESIAN_POINT('',(314.45567673691,6.077685905453,7.397874097705
    ));
#793 = CARTESIAN_POINT('',(313.91174096893,5.86196495343,7.408598115086)
  );
#794 = CARTESIAN_POINT('',(313.6490396518,5.796838417475,7.411511011501)
  );
#795 = CARTESIAN_POINT('',(313.38125,5.767656123135,7.412821673969));
#796 = ORIENTED_EDGE('',*,*,#797,.T.);
#797 = EDGE_CURVE('',#783,#798,#800,.T.);
#798 = VERTEX_POINT('',#799);
#799 = CARTESIAN_POINT('',(313.38125000001,4.485799827606,7.450061775059
    ));
#800 = B_SPLINE_CURVE_WITH_KNOTS('',3,(#801,#802,#803,#804),
  .UNSPECIFIED.,.F.,.F.,(4,4),(2.740092918501,4.022639142399),
  .PIECEWISE_BEZIER_KNOTS.);
#801 = CARTESIAN_POINT('',(313.38125000001,5.767658455807,7.412799660018
    ));
#802 = CARTESIAN_POINT('',(313.38125000002,5.340151685123,7.432007828726
    ));
#803 = CARTESIAN_POINT('',(313.38125000003,4.912757499667,7.444423776721
    ));
#804 = CARTESIAN_POINT('',(313.38125000004,4.485799827606,7.450061775059
    ));
#805 = ORIENTED_EDGE('',*,*,#806,.T.);
#806 = EDGE_CURVE('',#798,#807,#809,.T.);
#807 = VERTEX_POINT('',#808);
#808 = CARTESIAN_POINT('',(317.90404542158,4.485799827598,7.450061775044
    ));
#809 = B_SPLINE_CURVE_WITH_KNOTS('',3,(#810,#811,#812,#813,#814,#815),
  .UNSPECIFIED.,.F.,.F.,(4,2,4),(4.371397256189E-02,2.397371547231,
    4.566509394107),.UNSPECIFIED.);
#810 = CARTESIAN_POINT('',(313.38125000001,4.485799827606,7.450061775059
    ));
#811 = CARTESIAN_POINT('',(314.1658025249,4.485799827606,7.450061775056)
  );
#812 = CARTESIAN_POINT('',(314.95035504979,4.485799827606,7.450061775054
    ));
#813 = CARTESIAN_POINT('',(316.45795352364,4.485799827606,7.450061775049
    ));
#814 = CARTESIAN_POINT('',(317.18099947261,4.485799827598,7.450061775047
    ));
#815 = CARTESIAN_POINT('',(317.90404542156,4.485799827598,7.450061775044
    ));
#816 = ORIENTED_EDGE('',*,*,#817,.T.);
#817 = EDGE_CURVE('',#807,#818,#820,.T.);
#818 = VERTEX_POINT('',#819);
#819 = CARTESIAN_POINT('',(317.75518660412,8.424999999988,7.205639346343
    ));
#820 = B_SPLINE_CURVE_WITH_KNOTS('',3,(#821,#822,#823,#824),
  .UNSPECIFIED.,.F.,.F.,(4,4),(-4.024814592433,-7.407258431656E-02),
  .PIECEWISE_BEZIER_KNOTS.);
#821 = CARTESIAN_POINT('',(317.90404542159,4.485799827584,7.450061775045
    ));
#822 = CARTESIAN_POINT('',(317.83636228894,5.80128067125,7.432690781867)
  );
#823 = CARTESIAN_POINT('',(317.78493156486,7.116483289181,7.351132213722
    ));
#824 = CARTESIAN_POINT('',(317.75518660412,8.424999999988,7.205639346343
    ));
#825 = ORIENTED_EDGE('',*,*,#826,.T.);
#826 = EDGE_CURVE('',#818,#781,#827,.T.);
#827 = B_SPLINE_CURVE_WITH_KNOTS('',3,(#828,#829,#830,#831),
  .UNSPECIFIED.,.F.,.F.,(4,4),(0.377092517706,2.093685244954),
  .PIECEWISE_BEZIER_KNOTS.);
#828 = CARTESIAN_POINT('',(317.75518660413,8.424999999996,7.205639346343
    ));
#829 = CARTESIAN_POINT('',(317.18298902838,8.424999999996,7.205639346343
    ));
#830 = CARTESIAN_POINT('',(316.61079145262,8.424999999996,7.205639346344
    ));
#831 = CARTESIAN_POINT('',(316.03859387687,8.424999999996,7.205639346345
    ));
#832 = B_SPLINE_SURFACE_WITH_KNOTS('',3,3,(
    (#833,#834,#835,#836)
    ,(#837,#838,#839,#840)
    ,(#841,#842,#843,#844)
    ,(#845,#846,#847,#848
    )),.UNSPECIFIED.,.F.,.F.,.F.,(4,4),(4,4),(1.61552056658,
    1.725475074397),(-0.230387484882,-0.133236973623),
  .PIECEWISE_BEZIER_KNOTS.);
#833 = CARTESIAN_POINT('',(317.90404542149,8.425000000054,7.205639346336
    ));
#834 = CARTESIAN_POINT('',(317.90404542152,7.114078224527,7.35139963083)
  );
#835 = CARTESIAN_POINT('',(317.90404542155,5.797877839759,7.432735716435
    ));
#836 = CARTESIAN_POINT('',(317.90404542158,4.485799827577,7.450061775045
    ));
#837 = CARTESIAN_POINT('',(316.39644694764,8.425000000017,7.205639346342
    ));
#838 = CARTESIAN_POINT('',(316.39644694767,7.114078224491,7.351399630836
    ));
#839 = CARTESIAN_POINT('',(316.3964469477,5.797877839723,7.43273571644)
  );
#840 = CARTESIAN_POINT('',(316.39644694772,4.48579982754,7.45006177505)
  );
#841 = CARTESIAN_POINT('',(314.88884847378,8.424999999981,7.205639346347
    ));
#842 = CARTESIAN_POINT('',(314.88884847381,7.114078224455,7.351399630841
    ));
#843 = CARTESIAN_POINT('',(314.88884847384,5.797877839694,7.432735716446
    ));
#844 = CARTESIAN_POINT('',(314.88884847387,4.485799827511,7.450061775055
    ));
#845 = CARTESIAN_POINT('',(313.38124999993,8.424999999945,7.205639346353
    ));
#846 = CARTESIAN_POINT('',(313.38124999996,7.114078224418,7.351399630846
    ));
#847 = CARTESIAN_POINT('',(313.38124999998,5.797877839657,7.432735716451
    ));
#848 = CARTESIAN_POINT('',(313.38125000001,4.485799827475,7.450061775061
    ));
#849 = ADVANCED_FACE('',(#850),#891,.F.);
#850 = FACE_BOUND('',#851,.F.);
#851 = EDGE_LOOP('',(#852,#853,#864,#873,#884));
#852 = ORIENTED_EDGE('',*,*,#271,.T.);
#853 = ORIENTED_EDGE('',*,*,#854,.T.);
#854 = EDGE_CURVE('',#272,#855,#857,.T.);
#855 = VERTEX_POINT('',#856);
#856 = CARTESIAN_POINT('',(244.33125000002,8.425000000017,7.205639346418
    ));
#857 = B_SPLINE_CURVE_WITH_KNOTS('',3,(#858,#859,#860,#861,#862,#863),
  .UNSPECIFIED.,.F.,.F.,(4,2,4),(2.841343876841,9.292000000023,
    18.584000000053),.UNSPECIFIED.);
#858 = CARTESIAN_POINT('',(260.07390612313,8.42500000001,7.205639346402)
  );
#859 = CARTESIAN_POINT('',(257.9236874154,8.42500000001,7.205639346404)
  );
#860 = CARTESIAN_POINT('',(255.77346870768,8.425000000017,7.205639346407
    ));
#861 = CARTESIAN_POINT('',(250.52591666661,8.425000000017,7.205639346412
    ));
#862 = CARTESIAN_POINT('',(247.42858333326,8.425000000017,7.205639346415
    ));
#863 = CARTESIAN_POINT('',(244.33124999992,8.425000000017,7.205639346419
    ));
#864 = ORIENTED_EDGE('',*,*,#865,.T.);
#865 = EDGE_CURVE('',#855,#866,#868,.T.);
#866 = VERTEX_POINT('',#867);
#867 = CARTESIAN_POINT('',(244.33125000002,4.485799827708,7.450061775282
    ));
#868 = B_SPLINE_CURVE_WITH_KNOTS('',3,(#869,#870,#871,#872),
  .UNSPECIFIED.,.F.,.F.,(4,4),(-0.230387484921,-0.133236973655),
  .PIECEWISE_BEZIER_KNOTS.);
#869 = CARTESIAN_POINT('',(244.33124999992,8.425000000017,7.205639346419
    ));
#870 = CARTESIAN_POINT('',(244.33124999995,7.114078224404,7.351399630975
    ));
#871 = CARTESIAN_POINT('',(244.33124999998,5.797877839548,7.432735716634
    ));
#872 = CARTESIAN_POINT('',(244.33125000001,4.485799827264,7.450061775288
    ));
#873 = ORIENTED_EDGE('',*,*,#874,.T.);
#874 = EDGE_CURVE('',#866,#875,#877,.T.);
#875 = VERTEX_POINT('',#876);
#876 = CARTESIAN_POINT('',(262.73125,4.485799827678,7.450061775223));
#877 = B_SPLINE_CURVE_WITH_KNOTS('',3,(#878,#879,#880,#881,#882,#883),
  .UNSPECIFIED.,.F.,.F.,(4,2,4),(0.,9.29200000003,18.400000000001),
  .UNSPECIFIED.);
#878 = CARTESIAN_POINT('',(244.33125000001,4.485799827708,7.450061775282
    ));
#879 = CARTESIAN_POINT('',(247.42858333335,4.4857998277,7.450061775272)
  );
#880 = CARTESIAN_POINT('',(250.52591666669,4.4857998277,7.450061775262)
  );
#881 = CARTESIAN_POINT('',(256.65925000003,4.485799827686,7.450061775242
    ));
#882 = CARTESIAN_POINT('',(259.69525000002,4.485799827686,7.450061775233
    ));
#883 = CARTESIAN_POINT('',(262.73125000001,4.485799827678,7.450061775223
    ));
#884 = ORIENTED_EDGE('',*,*,#885,.T.);
#885 = EDGE_CURVE('',#875,#260,#886,.T.);
#886 = B_SPLINE_CURVE_WITH_KNOTS('',3,(#887,#888,#889,#890),
  .UNSPECIFIED.,.F.,.F.,(4,4),(0.258096685326,1.540642558125),
  .PIECEWISE_BEZIER_KNOTS.);
#887 = CARTESIAN_POINT('',(262.73125000001,4.485799827686,7.450061775223
    ));
#888 = CARTESIAN_POINT('',(262.73125000001,4.913262071597,7.444417113974
    ));
#889 = CARTESIAN_POINT('',(262.73125000001,5.340601102733,7.432001968166
    ));
#890 = CARTESIAN_POINT('',(262.73125000001,5.767656123135,7.412821674098
    ));
#891 = B_SPLINE_SURFACE_WITH_KNOTS('',3,3,(
    (#892,#893,#894,#895)
    ,(#896,#897,#898,#899)
    ,(#900,#901,#902,#903)
    ,(#904,#905,#906,#907
    )),.UNSPECIFIED.,.F.,.F.,.F.,(4,4),(4,4),(2.956836500653,
    3.404162270508),(-0.230387484921,-0.133236973655),
  .PIECEWISE_BEZIER_KNOTS.);
#892 = CARTESIAN_POINT('',(262.73124999995,8.425000000425,7.205639346353
    ));
#893 = CARTESIAN_POINT('',(262.73124999998,7.114078224811,7.35139963091)
  );
#894 = CARTESIAN_POINT('',(262.73125000001,5.797877839963,7.432735716569
    ));
#895 = CARTESIAN_POINT('',(262.73125000004,4.485799827678,7.450061775223
    ));
#896 = CARTESIAN_POINT('',(256.59791666661,8.425000000287,7.205639346375
    ));
#897 = CARTESIAN_POINT('',(256.59791666664,7.114078224673,7.351399630932
    ));
#898 = CARTESIAN_POINT('',(256.59791666666,5.797877839825,7.432735716591
    ));
#899 = CARTESIAN_POINT('',(256.59791666669,4.48579982754,7.450061775245)
  );
#900 = CARTESIAN_POINT('',(250.46458333326,8.425000000156,7.205639346397
    ));
#901 = CARTESIAN_POINT('',(250.46458333329,7.114078224542,7.351399630954
    ));
#902 = CARTESIAN_POINT('',(250.46458333332,5.797877839686,7.432735716612
    ));
#903 = CARTESIAN_POINT('',(250.46458333335,4.485799827402,7.450061775266
    ));
#904 = CARTESIAN_POINT('',(244.33124999992,8.425000000017,7.205639346419
    ));
#905 = CARTESIAN_POINT('',(244.33124999995,7.114078224404,7.351399630975
    ));
#906 = CARTESIAN_POINT('',(244.33124999998,5.797877839548,7.432735716634
    ));
#907 = CARTESIAN_POINT('',(244.33125000001,4.485799827264,7.450061775288
    ));
#908 = ADVANCED_FACE('',(#909),#950,.F.);
#909 = FACE_BOUND('',#910,.F.);
#910 = EDGE_LOOP('',(#911,#922,#923,#932,#943));
#911 = ORIENTED_EDGE('',*,*,#912,.T.);
#912 = EDGE_CURVE('',#913,#308,#915,.T.);
#913 = VERTEX_POINT('',#914);
#914 = CARTESIAN_POINT('',(244.33125000002,9.075000000004,7.128041213532
    ));
#915 = B_SPLINE_CURVE_WITH_KNOTS('',3,(#916,#917,#918,#919,#920,#921),
  .UNSPECIFIED.,.F.,.F.,(4,2,4),(0.,9.200000000073,15.742656123083),
  .UNSPECIFIED.);
#916 = CARTESIAN_POINT('',(244.33125000002,9.075000000026,7.12804121353)
  );
#917 = CARTESIAN_POINT('',(247.39791666671,9.075000000026,7.128041213528
    ));
#918 = CARTESIAN_POINT('',(250.4645833334,9.075000000026,7.128041213526)
  );
#919 = CARTESIAN_POINT('',(255.71213537443,9.075000000026,7.128041213522
    ));
#920 = CARTESIAN_POINT('',(257.89302074876,9.075000000019,7.128041213522
    ));
#921 = CARTESIAN_POINT('',(260.0739061231,9.075000000019,7.12804121352)
  );
#922 = ORIENTED_EDGE('',*,*,#319,.T.);
#923 = ORIENTED_EDGE('',*,*,#924,.T.);
#924 = EDGE_CURVE('',#320,#925,#927,.T.);
#925 = VERTEX_POINT('',#926);
#926 = CARTESIAN_POINT('',(262.73125000001,16.003724730188,
    5.617876111735));
#927 = B_SPLINE_CURVE_WITH_KNOTS('',3,(#928,#929,#930,#931),
  .UNSPECIFIED.,.F.,.F.,(4,4),(0.312508955608,0.420848107907),
  .PIECEWISE_BEZIER_KNOTS.);
#928 = CARTESIAN_POINT('',(262.73125000011,11.73227216379,6.698519125551
    ));
#929 = CARTESIAN_POINT('',(262.73125000008,13.176667757572,
    6.415510638531));
#930 = CARTESIAN_POINT('',(262.73125000005,14.6046956317,6.054170684413)
  );
#931 = CARTESIAN_POINT('',(262.73125000001,16.003724730588,
    5.617876111611));
#932 = ORIENTED_EDGE('',*,*,#933,.T.);
#933 = EDGE_CURVE('',#925,#934,#936,.T.);
#934 = VERTEX_POINT('',#935);
#935 = CARTESIAN_POINT('',(244.33125000002,16.003724730108,
    5.617876111855));
#936 = B_SPLINE_CURVE_WITH_KNOTS('',3,(#937,#938,#939,#940,#941,#942),
  .UNSPECIFIED.,.F.,.F.,(4,2,4),(0.,9.200000000077,18.400000000154),
  .UNSPECIFIED.);
#937 = CARTESIAN_POINT('',(262.73125000001,16.003724730188,
    5.617876111736));
#938 = CARTESIAN_POINT('',(259.66458333332,16.003724730188,
    5.617876111726));
#939 = CARTESIAN_POINT('',(256.59791666663,16.003724730188,
    5.617876111715));
#940 = CARTESIAN_POINT('',(250.46458333325,16.003724730188,
    5.617876111694));
#941 = CARTESIAN_POINT('',(247.39791666655,16.003724730188,
    5.617876111687));
#942 = CARTESIAN_POINT('',(244.33124999986,16.003724730188,
    5.617876111677));
#943 = ORIENTED_EDGE('',*,*,#944,.T.);
#944 = EDGE_CURVE('',#934,#913,#945,.T.);
#945 = B_SPLINE_CURVE_WITH_KNOTS('',3,(#946,#947,#948,#949),
  .UNSPECIFIED.,.F.,.F.,(4,4),(-0.420848107907,-0.246456117117),
  .PIECEWISE_BEZIER_KNOTS.);
#946 = CARTESIAN_POINT('',(244.33124999986,16.003724730188,
    5.617876111677));
#947 = CARTESIAN_POINT('',(244.33124999991,13.751727510811,
    6.320173273016));
#948 = CARTESIAN_POINT('',(244.33124999996,11.424591905685,
    6.828256402717));
#949 = CARTESIAN_POINT('',(244.33125000002,9.074999999655,7.128041213577
    ));
#950 = B_SPLINE_SURFACE_WITH_KNOTS('',3,3,(
    (#951,#952,#953,#954)
    ,(#955,#956,#957,#958)
    ,(#959,#960,#961,#962)
    ,(#963,#964,#965,#966
    )),.UNSPECIFIED.,.F.,.F.,.F.,(4,4),(4,4),(2.956836500647,
    3.404162270505),(-0.420848107907,-0.246456117117),
  .PIECEWISE_BEZIER_KNOTS.);
#951 = CARTESIAN_POINT('',(262.73125000001,16.003724730588,
    5.617876111611));
#952 = CARTESIAN_POINT('',(262.73125000007,13.751727511211,6.32017327295
    ));
#953 = CARTESIAN_POINT('',(262.73125000012,11.424591906092,
    6.828256402651));
#954 = CARTESIAN_POINT('',(262.73125000017,9.075000000063,7.128041213512
    ));
#955 = CARTESIAN_POINT('',(256.59791666663,16.00372473045,5.617876111633
    ));
#956 = CARTESIAN_POINT('',(256.59791666668,13.751727511073,
    6.320173272972));
#957 = CARTESIAN_POINT('',(256.59791666673,11.424591905954,
    6.828256402673));
#958 = CARTESIAN_POINT('',(256.59791666679,9.074999999924,7.128041213534
    ));
#959 = CARTESIAN_POINT('',(250.46458333325,16.003724730326,
    5.617876111655));
#960 = CARTESIAN_POINT('',(250.4645833333,13.751727510949,6.320173272994
    ));
#961 = CARTESIAN_POINT('',(250.46458333335,11.424591905823,
    6.828256402695));
#962 = CARTESIAN_POINT('',(250.4645833334,9.074999999793,7.128041213556)
  );
#963 = CARTESIAN_POINT('',(244.33124999986,16.003724730188,
    5.617876111677));
#964 = CARTESIAN_POINT('',(244.33124999991,13.751727510811,
    6.320173273016));
#965 = CARTESIAN_POINT('',(244.33124999996,11.424591905685,
    6.828256402717));
#966 = CARTESIAN_POINT('',(244.33125000002,9.074999999655,7.128041213577
    ));
#967 = ADVANCED_FACE('',(#968),#1029,.F.);
#968 = FACE_BOUND('',#969,.F.);
#969 = EDGE_LOOP('',(#970,#983,#992,#1003,#1022));
#970 = ORIENTED_EDGE('',*,*,#971,.T.);
#971 = EDGE_CURVE('',#972,#974,#976,.T.);
#972 = VERTEX_POINT('',#973);
#973 = CARTESIAN_POINT('',(223.38125000002,4.485799827737,7.45006177535)
  );
#974 = VERTEX_POINT('',#975);
#975 = CARTESIAN_POINT('',(243.68125000002,4.485799827911,7.450061775497
    ));
#976 = B_SPLINE_CURVE_WITH_KNOTS('',3,(#977,#978,#979,#980,#981,#982),
  .UNSPECIFIED.,.F.,.F.,(4,2,4),(0.203000000023,10.251500000053,
    20.503000000106),.UNSPECIFIED.);
#977 = CARTESIAN_POINT('',(223.38125000002,4.485799827737,7.45006177535)
  );
#978 = CARTESIAN_POINT('',(226.73075000003,4.485799827729,7.450061775339
    ));
#979 = CARTESIAN_POINT('',(230.08025000004,4.485799827737,7.450061775328
    ));
#980 = CARTESIAN_POINT('',(236.84691666673,4.485799827722,7.450061775306
    ));
#981 = CARTESIAN_POINT('',(240.26408333342,4.485799827715,7.450061775295
    ));
#982 = CARTESIAN_POINT('',(243.6812500001,4.485799827708,7.450061775284)
  );
#983 = ORIENTED_EDGE('',*,*,#984,.T.);
#984 = EDGE_CURVE('',#974,#985,#987,.T.);
#985 = VERTEX_POINT('',#986);
#986 = CARTESIAN_POINT('',(243.68125000002,8.425000000017,7.205639346419
    ));
#987 = B_SPLINE_CURVE_WITH_KNOTS('',3,(#988,#989,#990,#991),
  .UNSPECIFIED.,.F.,.F.,(4,4),(0.133236973667,0.230387484932),
  .PIECEWISE_BEZIER_KNOTS.);
#988 = CARTESIAN_POINT('',(243.6812500001,4.485799827708,7.450061775284)
  );
#989 = CARTESIAN_POINT('',(243.68125000007,5.797877839977,7.432735716616
    ));
#990 = CARTESIAN_POINT('',(243.68125000005,7.114078224833,7.351399630943
    ));
#991 = CARTESIAN_POINT('',(243.68125000002,8.425000000432,7.205639346374
    ));
#992 = ORIENTED_EDGE('',*,*,#993,.T.);
#993 = EDGE_CURVE('',#985,#994,#996,.T.);
#994 = VERTEX_POINT('',#995);
#995 = CARTESIAN_POINT('',(226.0385938769,8.425000000025,7.205639346437)
  );
#996 = B_SPLINE_CURVE_WITH_KNOTS('',3,(#997,#998,#999,#1000,#1001,#1002)
  ,.UNSPECIFIED.,.F.,.F.,(4,2,4),(0.,10.25150000006,17.642656123124),
  .UNSPECIFIED.);
#997 = CARTESIAN_POINT('',(243.68125000002,8.425000000017,7.205639346419
    ));
#998 = CARTESIAN_POINT('',(240.26408333333,8.425000000017,7.205639346423
    ));
#999 = CARTESIAN_POINT('',(236.84691666665,8.425000000017,7.205639346426
    ));
#1000 = CARTESIAN_POINT('',(230.96603129227,8.425000000017,
    7.205639346432));
#1001 = CARTESIAN_POINT('',(228.50231258459,8.425000000025,
    7.205639346435));
#1002 = CARTESIAN_POINT('',(226.0385938769,8.425000000025,7.205639346438
    ));
#1003 = ORIENTED_EDGE('',*,*,#1004,.T.);
#1004 = EDGE_CURVE('',#994,#1005,#1007,.T.);
#1005 = VERTEX_POINT('',#1006);
#1006 = CARTESIAN_POINT('',(223.38125000002,5.767656123135,
    7.412821674198));
#1007 = B_SPLINE_CURVE_WITH_KNOTS('',3,(#1008,#1009,#1010,#1011,#1012,
    #1013,#1014,#1015,#1016,#1017,#1018,#1019,#1020,#1021),
  .UNSPECIFIED.,.F.,.F.,(4,2,2,2,2,2,4),(6.640364323322E-02,
    1.194646198884,2.196519430777,3.322663343374,3.895320092436,
    4.144370954705,4.145725071292),.UNSPECIFIED.);
#1008 = CARTESIAN_POINT('',(226.0385938769,8.425000000025,7.205639346438
    ));
#1009 = CARTESIAN_POINT('',(225.99814168391,8.053792769104,
    7.246913564793));
#1010 = CARTESIAN_POINT('',(225.88866706921,7.692633773921,
    7.281715520091));
#1011 = CARTESIAN_POINT('',(225.56071945915,7.065212662834,
    7.334738189348));
#1012 = CARTESIAN_POINT('',(225.3582884707,6.797596292774,7.35405772928)
  );
#1013 = CARTESIAN_POINT('',(224.84312284275,6.311217525472,
    7.385569234726));
#1014 = CARTESIAN_POINT('',(224.52451075209,6.107083451257,
    7.396392575779));
#1015 = CARTESIAN_POINT('',(223.99941118035,5.895730405595,
    7.406929170588));
#1016 = CARTESIAN_POINT('',(223.81599255059,5.841528040437,7.40945268865
    ));
#1017 = CARTESIAN_POINT('',(223.54719381195,5.789280102006,
    7.411847792003));
#1018 = CARTESIAN_POINT('',(223.46510027301,5.776831663126,7.41240954063
    ));
#1019 = CARTESIAN_POINT('',(223.38214720238,5.767753997898,
    7.412817278266));
#1020 = CARTESIAN_POINT('',(223.3816986063,5.767705009865,7.412819478552
    ));
#1021 = CARTESIAN_POINT('',(223.38125000002,5.767656123135,
    7.412821674198));
#1022 = ORIENTED_EDGE('',*,*,#1023,.T.);
#1023 = EDGE_CURVE('',#1005,#972,#1024,.T.);
#1024 = B_SPLINE_CURVE_WITH_KNOTS('',3,(#1025,#1026,#1027,#1028),
  .UNSPECIFIED.,.F.,.F.,(4,4),(2.732092086912,4.014637959657),
  .PIECEWISE_BEZIER_KNOTS.);
#1025 = CARTESIAN_POINT('',(223.38125000002,5.767658455814,
    7.412799660248));
#1026 = CARTESIAN_POINT('',(223.38125000003,5.340151685174,
    7.432007828975));
#1027 = CARTESIAN_POINT('',(223.38125000003,4.912757499755,7.44442377699
    ));
#1028 = CARTESIAN_POINT('',(223.38125000004,4.485799827729,7.45006177535
    ));
#1029 = B_SPLINE_SURFACE_WITH_KNOTS('',3,3,(
    (#1030,#1031,#1032,#1033)
    ,(#1034,#1035,#1036,#1037)
    ,(#1038,#1039,#1040,#1041)
    ,(#1042,#1043,#1044,#1045
    )),.UNSPECIFIED.,.F.,.F.,.F.,(4,4),(4,4),(3.419964539549,
    3.91348155738),(-0.230387484932,-0.133236973667),
  .PIECEWISE_BEZIER_KNOTS.);
#1030 = CARTESIAN_POINT('',(243.68125000002,8.425000000432,
    7.205639346374));
#1031 = CARTESIAN_POINT('',(243.68125000005,7.114078224833,
    7.351399630943));
#1032 = CARTESIAN_POINT('',(243.68125000007,5.797877839977,
    7.432735716616));
#1033 = CARTESIAN_POINT('',(243.6812500001,4.485799827708,7.450061775284
    ));
#1034 = CARTESIAN_POINT('',(236.91458333333,8.425000000279,
    7.205639346398));
#1035 = CARTESIAN_POINT('',(236.91458333336,7.11407822468,7.351399630967
    ));
#1036 = CARTESIAN_POINT('',(236.91458333338,5.797877839825,
    7.432735716639));
#1037 = CARTESIAN_POINT('',(236.91458333341,4.485799827555,
    7.450061775308));
#1038 = CARTESIAN_POINT('',(230.14791666662,8.425000000134,
    7.205639346422));
#1039 = CARTESIAN_POINT('',(230.14791666665,7.114078224535,
    7.351399630991));
#1040 = CARTESIAN_POINT('',(230.14791666668,5.797877839679,
    7.432735716664));
#1041 = CARTESIAN_POINT('',(230.14791666671,4.485799827409,
    7.450061775332));
#1042 = CARTESIAN_POINT('',(223.38124999993,8.424999999981,
    7.205639346446));
#1043 = CARTESIAN_POINT('',(223.38124999996,7.114078224382,
    7.351399631015));
#1044 = CARTESIAN_POINT('',(223.38124999998,5.797877839526,
    7.432735716687));
#1045 = CARTESIAN_POINT('',(223.38125000001,4.485799827256,
    7.450061775356));
#1046 = ADVANCED_FACE('',(#1047),#1110,.F.);
#1047 = FACE_BOUND('',#1048,.F.);
#1048 = EDGE_LOOP('',(#1049,#1050,#1061,#1070,#1103));
#1049 = ORIENTED_EDGE('',*,*,#81,.T.);
#1050 = ORIENTED_EDGE('',*,*,#1051,.T.);
#1051 = EDGE_CURVE('',#64,#1052,#1054,.T.);
#1052 = VERTEX_POINT('',#1053);
#1053 = CARTESIAN_POINT('',(212.73125000001,4.485799827751,
    7.450061775384));
#1054 = B_SPLINE_CURVE_WITH_KNOTS('',3,(#1055,#1056,#1057,#1058,#1059,
    #1060),.UNSPECIFIED.,.F.,.F.,(4,2,4),(0.228233700527,2.397371547191,
    4.751029121788),.UNSPECIFIED.);
#1055 = CARTESIAN_POINT('',(208.20845457875,4.485799827758,
    7.450061775399));
#1056 = CARTESIAN_POINT('',(208.93150052764,4.485799827758,
    7.450061775397));
#1057 = CARTESIAN_POINT('',(209.65454647653,4.485799827773,
    7.450061775394));
#1058 = CARTESIAN_POINT('',(211.16214495028,4.485799827773,
    7.450061775389));
#1059 = CARTESIAN_POINT('',(211.94669747515,4.485799827751,
    7.450061775387));
#1060 = CARTESIAN_POINT('',(212.73125000001,4.485799827751,
    7.450061775384));
#1061 = ORIENTED_EDGE('',*,*,#1062,.T.);
#1062 = EDGE_CURVE('',#1052,#1063,#1065,.T.);
#1063 = VERTEX_POINT('',#1064);
#1064 = CARTESIAN_POINT('',(212.73125000003,5.767658464218,
    7.412799580832));
#1065 = B_SPLINE_CURVE_WITH_KNOTS('',3,(#1066,#1067,#1068,#1069),
  .UNSPECIFIED.,.F.,.F.,(4,4),(0.258096695437,1.540642919197),
  .PIECEWISE_BEZIER_KNOTS.);
#1066 = CARTESIAN_POINT('',(212.73125000002,4.485799827758,
    7.450061775384));
#1067 = CARTESIAN_POINT('',(212.73125000001,4.912757499776,
    7.444423777022));
#1068 = CARTESIAN_POINT('',(212.73125,5.340151685188,7.432007829004));
#1069 = CARTESIAN_POINT('',(212.73124999999,5.767658455821,
    7.412799660274));
#1070 = ORIENTED_EDGE('',*,*,#1071,.T.);
#1071 = EDGE_CURVE('',#1063,#1072,#1074,.T.);
#1072 = VERTEX_POINT('',#1073);
#1073 = CARTESIAN_POINT('',(210.07390612313,8.425000000025,
    7.205639346454));
#1074 = B_SPLINE_CURVE_WITH_KNOTS('',3,(#1075,#1076,#1077,#1078,#1079,
    #1080,#1081,#1082,#1083,#1084,#1085,#1086,#1087,#1088,#1089,#1090,
    #1091,#1092,#1093,#1094,#1095,#1096,#1097,#1098,#1099,#1100,#1101,
    #1102),.UNSPECIFIED.,.F.,.F.,(4,3,3,3,3,3,3,3,3,4),(
    4.395409218481E-02,0.49832236266,0.967342104964,1.095714749429,
    1.66212069766,2.272197551689,2.816370152183,3.25556355965,
    3.715522116821,4.12324051026),.UNSPECIFIED.);
#1075 = CARTESIAN_POINT('',(212.73125000002,5.76765845581,7.412799660275
    ));
#1076 = CARTESIAN_POINT('',(212.58078405548,5.784055683025,
    7.412062921751));
#1077 = CARTESIAN_POINT('',(212.43204070945,5.811788543322,
    7.410811310652));
#1078 = CARTESIAN_POINT('',(212.28626814408,5.850499689025,
    7.408992590413));
#1079 = CARTESIAN_POINT('',(212.13579502462,5.890459106885,
    7.407115224072));
#1080 = CARTESIAN_POINT('',(211.98848736527,5.942116322689,
    7.404633441859));
#1081 = CARTESIAN_POINT('',(211.84571802951,6.005078075288,
    7.401434336049));
#1082 = CARTESIAN_POINT('',(211.80664147148,6.022310967537,7.40055872755
    ));
#1083 = CARTESIAN_POINT('',(211.76790489721,6.040390721305,7.39962907758
    ));
#1084 = CARTESIAN_POINT('',(211.72953645627,6.059309254123,7.39864240311
    ));
#1085 = CARTESIAN_POINT('',(211.56024717364,6.142781628041,
    7.394288996794));
#1086 = CARTESIAN_POINT('',(211.39966394877,6.241819597798,
    7.388869566746));
#1087 = CARTESIAN_POINT('',(211.24975661933,6.354885958437,
    7.382144260321));
#1088 = CARTESIAN_POINT('',(211.08829116822,6.476669936537,7.37490042081
    ));
#1089 = CARTESIAN_POINT('',(210.93921133842,6.614729387515,
    7.366139380834));
#1090 = CARTESIAN_POINT('',(210.8049786346,6.767131583491,7.355514468931
    ));
#1091 = CARTESIAN_POINT('',(210.68524657294,6.903070357037,
    7.346037325352));
#1092 = CARTESIAN_POINT('',(210.57834481385,7.049260245901,
    7.335153351463));
#1093 = CARTESIAN_POINT('',(210.485394076,7.203810146683,7.322698990875)
  );
#1094 = CARTESIAN_POINT('',(210.41037495294,7.328545014786,
    7.312647266368));
#1095 = CARTESIAN_POINT('',(210.34444332693,7.458725269743,
    7.301572847846));
#1096 = CARTESIAN_POINT('',(210.28818838616,7.593352926389,
    7.289414721629));
#1097 = CARTESIAN_POINT('',(210.22927369533,7.734345818034,
    7.276681755648));
#1098 = CARTESIAN_POINT('',(210.18135025581,7.879309250655,
    7.262840541745));
#1099 = CARTESIAN_POINT('',(210.14468497492,8.02695336804,7.247902923557
    ));
#1100 = CARTESIAN_POINT('',(210.11218398285,8.157828685831,7.23466185739
    ));
#1101 = CARTESIAN_POINT('',(210.08852906474,8.290810249465,
    7.220559791437));
#1102 = CARTESIAN_POINT('',(210.07390612312,8.425000000037,
    7.205639346453));
#1103 = ORIENTED_EDGE('',*,*,#1104,.T.);
#1104 = EDGE_CURVE('',#1072,#82,#1105,.T.);
#1105 = B_SPLINE_CURVE_WITH_KNOTS('',3,(#1106,#1107,#1108,#1109),
  .UNSPECIFIED.,.F.,.F.,(4,4),(2.70105784939,4.417650576557),
  .PIECEWISE_BEZIER_KNOTS.);
#1106 = CARTESIAN_POINT('',(210.07390612312,8.425000000039,
    7.205639346453));
#1107 = CARTESIAN_POINT('',(209.50170854739,8.425000000025,
    7.205639346455));
#1108 = CARTESIAN_POINT('',(208.92951097168,8.42500000001,7.205639346457
    ));
#1109 = CARTESIAN_POINT('',(208.35731339596,8.424999999996,
    7.205639346459));
#1110 = B_SPLINE_SURFACE_WITH_KNOTS('',3,3,(
    (#1111,#1112,#1113,#1114)
    ,(#1115,#1116,#1117,#1118)
    ,(#1119,#1120,#1121,#1122)
    ,(#1123,#1124,#1125,#1126
    )),.UNSPECIFIED.,.F.,.F.,.F.,(4,4),(4,4),(4.172395657866,
    4.28235016568),(-0.230387484941,-0.133236973684),
  .PIECEWISE_BEZIER_KNOTS.);
#1111 = CARTESIAN_POINT('',(212.73124999996,8.425000000134,7.20563934644
    ));
#1112 = CARTESIAN_POINT('',(212.73124999999,7.114078224644,7.35139963101
    ));
#1113 = CARTESIAN_POINT('',(212.73125000001,5.797877839905,
    7.432735716694));
#1114 = CARTESIAN_POINT('',(212.73125000004,4.485799827744,
    7.450061775385));
#1115 = CARTESIAN_POINT('',(211.22365152614,8.425000000097,
    7.205639346445));
#1116 = CARTESIAN_POINT('',(211.22365152617,7.114078224608,
    7.351399631015));
#1117 = CARTESIAN_POINT('',(211.2236515262,5.797877839868,7.432735716699
    ));
#1118 = CARTESIAN_POINT('',(211.22365152623,4.485799827708,7.45006177539
    ));
#1119 = CARTESIAN_POINT('',(209.71605305232,8.425000000068,7.20563934645
    ));
#1120 = CARTESIAN_POINT('',(209.71605305235,7.114078224578,7.35139963102
    ));
#1121 = CARTESIAN_POINT('',(209.71605305239,5.797877839839,
    7.432735716704));
#1122 = CARTESIAN_POINT('',(209.71605305242,4.485799827678,
    7.450061775395));
#1123 = CARTESIAN_POINT('',(208.20845457851,8.425000000032,
    7.205639346456));
#1124 = CARTESIAN_POINT('',(208.20845457854,7.114078224542,
    7.351399631026));
#1125 = CARTESIAN_POINT('',(208.20845457857,5.797877839803,7.43273571671
    ));
#1126 = CARTESIAN_POINT('',(208.2084545786,4.485799827642,7.450061775401
    ));
#1127 = ADVANCED_FACE('',(#1128),#1173,.F.);
#1128 = FACE_BOUND('',#1129,.F.);
#1129 = EDGE_LOOP('',(#1130,#1141,#1142,#1151,#1166));
#1130 = ORIENTED_EDGE('',*,*,#1131,.T.);
#1131 = EDGE_CURVE('',#1132,#22,#1134,.T.);
#1132 = VERTEX_POINT('',#1133);
#1133 = CARTESIAN_POINT('',(212.73125000001,16.003724730202,
    5.617876111561));
#1134 = B_SPLINE_CURVE_WITH_KNOTS('',3,(#1135,#1136,#1137,#1138,#1139,
    #1140),.UNSPECIFIED.,.F.,.F.,(4,2,4),(0.,2.416934122935,
    4.519509048234),.UNSPECIFIED.);
#1135 = CARTESIAN_POINT('',(212.73125000003,16.00372473021,5.61787611156
    ));
#1136 = CARTESIAN_POINT('',(211.92560529238,16.00372473021,
    5.617876111558));
#1137 = CARTESIAN_POINT('',(211.11996058474,16.00372473021,
    5.617876111555));
#1138 = CARTESIAN_POINT('',(209.61345756866,16.00372473021,
    5.617876111549));
#1139 = CARTESIAN_POINT('',(208.91259926023,16.00372473021,
    5.617876111549));
#1140 = CARTESIAN_POINT('',(208.2117409518,16.00372473021,5.617876111547
    ));
#1141 = ORIENTED_EDGE('',*,*,#21,.T.);
#1142 = ORIENTED_EDGE('',*,*,#1143,.T.);
#1143 = EDGE_CURVE('',#24,#1144,#1146,.T.);
#1144 = VERTEX_POINT('',#1145);
#1145 = CARTESIAN_POINT('',(210.07390612313,9.075000000048,
    7.128041213552));
#1146 = B_SPLINE_CURVE_WITH_KNOTS('',3,(#1147,#1148,#1149,#1150),
  .UNSPECIFIED.,.F.,.F.,(4,4),(0.472880978894,2.17652436881),
  .PIECEWISE_BEZIER_KNOTS.);
#1147 = CARTESIAN_POINT('',(208.37026273321,9.075000000041,
    7.128041213553));
#1148 = CARTESIAN_POINT('',(208.93814386319,9.075000000041,
    7.128041213553));
#1149 = CARTESIAN_POINT('',(209.50602499315,9.075000000041,
    7.128041213553));
#1150 = CARTESIAN_POINT('',(210.07390612313,9.075000000041,
    7.128041213552));
#1151 = ORIENTED_EDGE('',*,*,#1152,.T.);
#1152 = EDGE_CURVE('',#1144,#1153,#1155,.T.);
#1153 = VERTEX_POINT('',#1154);
#1154 = CARTESIAN_POINT('',(212.73125000001,11.732343876916,
    6.698774312091));
#1155 = B_SPLINE_CURVE_WITH_KNOTS('',3,(#1156,#1157,#1158,#1159,#1160,
    #1161,#1162,#1163,#1164,#1165),.UNSPECIFIED.,.F.,.F.,(4,2,2,2,4),(
    5.079966181109E-02,0.861076909413,1.952129898109,3.066996523458,
    4.14772798933),.UNSPECIFIED.);
#1156 = CARTESIAN_POINT('',(210.07390612313,9.075000000063,7.12804121355
    ));
#1157 = CARTESIAN_POINT('',(210.1029184429,9.341229889986,7.094072898878
    ));
#1158 = CARTESIAN_POINT('',(210.16743548985,9.602263612294,
    7.058033248032));
#1159 = CARTESIAN_POINT('',(210.39790956279,10.186331950623,
    6.971994413048));
#1160 = CARTESIAN_POINT('',(210.58954939042,10.495145654357,
    6.922122577617));
#1161 = CARTESIAN_POINT('',(211.07888718637,11.036028156108,
    6.829801841046));
#1162 = CARTESIAN_POINT('',(211.37500195096,11.262062518355,
    6.788359436987));
#1163 = CARTESIAN_POINT('',(212.02600600853,11.590314467423,
    6.726668166057));
#1164 = CARTESIAN_POINT('',(212.37331083093,11.693337566874,
    6.706413945308));
#1165 = CARTESIAN_POINT('',(212.73125000013,11.732343876924,
    6.698774312087));
#1166 = ORIENTED_EDGE('',*,*,#1167,.T.);
#1167 = EDGE_CURVE('',#1153,#1132,#1168,.T.);
#1168 = B_SPLINE_CURVE_WITH_KNOTS('',3,(#1169,#1170,#1171,#1172),
  .UNSPECIFIED.,.F.,.F.,(4,4),(0.312508955636,0.420848107929),
  .PIECEWISE_BEZIER_KNOTS.);
#1169 = CARTESIAN_POINT('',(212.73125000013,11.732272163805,
    6.698519125508));
#1170 = CARTESIAN_POINT('',(212.73125000009,13.176667757485,
    6.415510638465));
#1171 = CARTESIAN_POINT('',(212.73125000006,14.604695631511,
    6.054170684335));
#1172 = CARTESIAN_POINT('',(212.73125000003,16.003724730304,
    5.61787611153));
#1173 = B_SPLINE_SURFACE_WITH_KNOTS('',3,3,(
    (#1174,#1175,#1176,#1177)
    ,(#1178,#1179,#1180,#1181)
    ,(#1182,#1183,#1184,#1185)
    ,(#1186,#1187,#1188,#1189
    )),.UNSPECIFIED.,.F.,.F.,.F.,(4,4),(4,4),(4.17239565786,
    4.282270270053),(-0.420848107929,-0.246456117146),
  .PIECEWISE_BEZIER_KNOTS.);
#1174 = CARTESIAN_POINT('',(212.73125000003,16.003724730304,
    5.61787611153));
#1175 = CARTESIAN_POINT('',(212.73125000008,13.751727511037,
    6.320173272888));
#1176 = CARTESIAN_POINT('',(212.73125000014,11.424591906034,
    6.828256402627));
#1177 = CARTESIAN_POINT('',(212.73125000019,9.075000000106,
    7.128041213543));
#1178 = CARTESIAN_POINT('',(211.22474698396,16.003724730268,
    5.617876111535));
#1179 = CARTESIAN_POINT('',(211.22474698401,13.751727511,6.320173272894)
  );
#1180 = CARTESIAN_POINT('',(211.22474698406,11.424591905998,
    6.828256402632));
#1181 = CARTESIAN_POINT('',(211.22474698412,9.07500000007,7.128041213548
    ));
#1182 = CARTESIAN_POINT('',(209.71824396787,16.003724730246,
    5.617876111541));
#1183 = CARTESIAN_POINT('',(209.71824396792,13.751727510978,
    6.320173272899));
#1184 = CARTESIAN_POINT('',(209.71824396798,11.424591905976,
    6.828256402638));
#1185 = CARTESIAN_POINT('',(209.71824396804,9.075000000048,
    7.128041213554));
#1186 = CARTESIAN_POINT('',(208.2117409518,16.00372473021,5.617876111546
    ));
#1187 = CARTESIAN_POINT('',(208.21174095185,13.751727510942,
    6.320173272904));
#1188 = CARTESIAN_POINT('',(208.2117409519,11.42459190594,6.828256402643
    ));
#1189 = CARTESIAN_POINT('',(208.21174095196,9.075000000012,
    7.128041213559));
#1190 = ADVANCED_FACE('',(#1191),#1267,.F.);
#1191 = FACE_BOUND('',#1192,.F.);
#1192 = EDGE_LOOP('',(#1193,#1212,#1221,#1232,#1241,#1258));
#1193 = ORIENTED_EDGE('',*,*,#1194,.T.);
#1194 = EDGE_CURVE('',#1195,#1197,#1199,.T.);
#1195 = VERTEX_POINT('',#1196);
#1196 = CARTESIAN_POINT('',(216.0385938769,8.425000000025,7.205639346448
    ));
#1197 = VERTEX_POINT('',#1198);
#1198 = CARTESIAN_POINT('',(213.38125000001,5.767656123135,
    7.412821674224));
#1199 = B_SPLINE_CURVE_WITH_KNOTS('',3,(#1200,#1201,#1202,#1203,#1204,
    #1205,#1206,#1207,#1208,#1209,#1210,#1211),.UNSPECIFIED.,.F.,.F.,(4,
    2,2,2,2,4),(6.640368316806E-02,1.195881385184,2.338920763211,
    3.363266317155,3.835075297333,4.146032820677),.UNSPECIFIED.);
#1200 = CARTESIAN_POINT('',(216.0385938769,8.425000000025,7.205639346447
    ));
#1201 = CARTESIAN_POINT('',(215.99809744736,8.053386834923,
    7.246958700284));
#1202 = CARTESIAN_POINT('',(215.8884279779,7.691847629874,7.281790911265
    ));
#1203 = CARTESIAN_POINT('',(215.5382837823,7.022623033765,7.338328300347
    ));
#1204 = CARTESIAN_POINT('',(215.29966863498,6.722209311731,
    7.359412905456));
#1205 = CARTESIAN_POINT('',(214.75219693183,6.251980157576,
    7.388775077166));
#1206 = CARTESIAN_POINT('',(214.45732997894,6.075403469447,
    7.398014298813));
#1207 = CARTESIAN_POINT('',(213.99241841332,5.895476885242,
    7.406918345061));
#1208 = CARTESIAN_POINT('',(213.84156569507,5.850345129387,
    7.409036733483));
#1209 = CARTESIAN_POINT('',(213.58656745297,5.79542712331,7.411570739787
    ));
#1210 = CARTESIAN_POINT('',(213.48422396143,5.778877678684,
    7.412317681236));
#1211 = CARTESIAN_POINT('',(213.38125000001,5.767656123142,
    7.412821674223));
#1212 = ORIENTED_EDGE('',*,*,#1213,.T.);
#1213 = EDGE_CURVE('',#1197,#1214,#1216,.T.);
#1214 = VERTEX_POINT('',#1215);
#1215 = CARTESIAN_POINT('',(213.38125000001,4.485799827955,
    7.450061775595));
#1216 = B_SPLINE_CURVE_WITH_KNOTS('',3,(#1217,#1218,#1219,#1220),
  .UNSPECIFIED.,.F.,.F.,(4,4),(2.732092086942,4.014637959449),
  .PIECEWISE_BEZIER_KNOTS.);
#1217 = CARTESIAN_POINT('',(213.38125000001,5.767658455807,
    7.412799660273));
#1218 = CARTESIAN_POINT('',(213.38125000002,5.340151685246,
    7.432007828999));
#1219 = CARTESIAN_POINT('',(213.38125000003,4.912757499907,
    7.444423777016));
#1220 = CARTESIAN_POINT('',(213.38125000004,4.485799827962,
    7.450061775379));
#1221 = ORIENTED_EDGE('',*,*,#1222,.T.);
#1222 = EDGE_CURVE('',#1214,#1223,#1225,.T.);
#1223 = VERTEX_POINT('',#1224);
#1224 = CARTESIAN_POINT('',(222.73125000002,4.485799827737,
    7.450061775352));
#1225 = B_SPLINE_CURVE_WITH_KNOTS('',3,(#1226,#1227,#1228,#1229,#1230,
    #1231),.UNSPECIFIED.,.F.,.F.,(4,2,4),(9.350000002822E-02,
    4.768500000042,9.443500000062),.UNSPECIFIED.);
#1226 = CARTESIAN_POINT('',(213.38125000001,4.485799827751,
    7.450061775382));
#1227 = CARTESIAN_POINT('',(214.93958333334,4.485799827751,
    7.450061775377));
#1228 = CARTESIAN_POINT('',(216.49791666668,4.485799827751,
    7.450061775372));
#1229 = CARTESIAN_POINT('',(219.61458333336,4.485799827751,
    7.450061775362));
#1230 = CARTESIAN_POINT('',(221.1729166667,4.485799827737,7.450061775357
    ));
#1231 = CARTESIAN_POINT('',(222.73125000004,4.485799827737,
    7.450061775352));
#1232 = ORIENTED_EDGE('',*,*,#1233,.T.);
#1233 = EDGE_CURVE('',#1223,#1234,#1236,.T.);
#1234 = VERTEX_POINT('',#1235);
#1235 = CARTESIAN_POINT('',(222.73125000002,5.767656123142,
    7.412821674199));
#1236 = B_SPLINE_CURVE_WITH_KNOTS('',3,(#1237,#1238,#1239,#1240),
  .UNSPECIFIED.,.F.,.F.,(4,4),(0.258096685281,1.540642558017),
  .PIECEWISE_BEZIER_KNOTS.);
#1237 = CARTESIAN_POINT('',(222.73125000002,4.485799827737,
    7.450061775352));
#1238 = CARTESIAN_POINT('',(222.73125000001,4.912757499762,
    7.444423776992));
#1239 = CARTESIAN_POINT('',(222.73125,5.340151685181,7.432007828976));
#1240 = CARTESIAN_POINT('',(222.73124999999,5.767658455821,
    7.412799660249));
#1241 = ORIENTED_EDGE('',*,*,#1242,.T.);
#1242 = EDGE_CURVE('',#1234,#1243,#1245,.T.);
#1243 = VERTEX_POINT('',#1244);
#1244 = CARTESIAN_POINT('',(220.07390612312,8.425000000025,
    7.205639346443));
#1245 = B_SPLINE_CURVE_WITH_KNOTS('',3,(#1246,#1247,#1248,#1249,#1250,
    #1251,#1252,#1253,#1254,#1255,#1256,#1257),.UNSPECIFIED.,.F.,.F.,(4,
    2,2,2,2,4),(9.394298658913E-02,0.60878734848,1.509542316082,
    2.707279742557,3.497301830203,4.170533041852),.UNSPECIFIED.);
#1246 = CARTESIAN_POINT('',(222.73125000002,5.767656123135,7.4128216742)
  );
#1247 = CARTESIAN_POINT('',(222.56076168694,5.786235034233,
    7.411987240786));
#1248 = CARTESIAN_POINT('',(222.3921254633,5.819405337235,7.41049215393)
  );
#1249 = CARTESIAN_POINT('',(221.93867422446,5.949792926258,7.40431563882
    ));
#1250 = CARTESIAN_POINT('',(221.66426796833,6.07559352761,7.398151371222
    ));
#1251 = CARTESIAN_POINT('',(221.07929508976,6.458517402447,
    7.376468353619));
#1252 = CARTESIAN_POINT('',(220.79262276059,6.741327997108,
    7.358690784079));
#1253 = CARTESIAN_POINT('',(220.42265451977,7.289434719612,
    7.316318344527));
#1254 = CARTESIAN_POINT('',(220.30502629006,7.525426384738,
    7.296275251174));
#1255 = CARTESIAN_POINT('',(220.14687158902,7.984828032386,
    7.252706619129));
#1256 = CARTESIAN_POINT('',(220.09805859988,8.203366181086,
    7.230282623504));
#1257 = CARTESIAN_POINT('',(220.07390612312,8.425000000017,
    7.205639346445));
#1258 = ORIENTED_EDGE('',*,*,#1259,.T.);
#1259 = EDGE_CURVE('',#1243,#1195,#1260,.T.);
#1260 = B_SPLINE_CURVE_WITH_KNOTS('',3,(#1261,#1262,#1263,#1264,#1265,
    #1266),.UNSPECIFIED.,.F.,.F.,(4,2,4),(2.750843876832,4.768500000035,
    6.786156123062),.UNSPECIFIED.);
#1261 = CARTESIAN_POINT('',(220.07390612313,8.42500000001,7.205639346444
    ));
#1262 = CARTESIAN_POINT('',(219.40135408206,8.425000000003,
    7.205639346444));
#1263 = CARTESIAN_POINT('',(218.728802041,8.42500000001,7.205639346445)
  );
#1264 = CARTESIAN_POINT('',(217.38369795892,8.425000000017,
    7.205639346446));
#1265 = CARTESIAN_POINT('',(216.71114591791,8.425000000025,
    7.205639346447));
#1266 = CARTESIAN_POINT('',(216.0385938769,8.425000000025,7.205639346447
    ));
#1267 = B_SPLINE_SURFACE_WITH_KNOTS('',3,3,(
    (#1268,#1269,#1270,#1271)
    ,(#1272,#1273,#1274,#1275)
    ,(#1276,#1277,#1278,#1279)
    ,(#1280,#1281,#1282,#1283
    )),.UNSPECIFIED.,.F.,.F.,.F.,(4,4),(4,4),(3.929283826423,
    4.156593388823),(-0.230387484937,-0.133236973679),
  .PIECEWISE_BEZIER_KNOTS.);
#1268 = CARTESIAN_POINT('',(222.73124999996,8.425000000185,
    7.205639346424));
#1269 = CARTESIAN_POINT('',(222.73124999999,7.114078224673,7.35139963099
    ));
#1270 = CARTESIAN_POINT('',(222.73125000002,5.797877839912,
    7.432735716669));
#1271 = CARTESIAN_POINT('',(222.73125000005,4.485799827729,
    7.450061775352));
#1272 = CARTESIAN_POINT('',(219.61458333328,8.425000000112,
    7.205639346435));
#1273 = CARTESIAN_POINT('',(219.61458333331,7.1140782246,7.351399631001)
  );
#1274 = CARTESIAN_POINT('',(219.61458333334,5.797877839839,7.43273571668
    ));
#1275 = CARTESIAN_POINT('',(219.61458333337,4.485799827657,
    7.450061775363));
#1276 = CARTESIAN_POINT('',(216.49791666661,8.425000000039,
    7.205639346446));
#1277 = CARTESIAN_POINT('',(216.49791666664,7.114078224527,
    7.351399631012));
#1278 = CARTESIAN_POINT('',(216.49791666667,5.797877839781,
    7.432735716691));
#1279 = CARTESIAN_POINT('',(216.4979166667,4.485799827598,7.450061775374
    ));
#1280 = CARTESIAN_POINT('',(213.38124999993,8.424999999967,
    7.205639346457));
#1281 = CARTESIAN_POINT('',(213.38124999996,7.114078224455,
    7.351399631023));
#1282 = CARTESIAN_POINT('',(213.38124999999,5.797877839708,
    7.432735716702));
#1283 = CARTESIAN_POINT('',(213.38125000002,4.485799827526,
    7.450061775385));
#1284 = ADVANCED_FACE('',(#1285),#1355,.F.);
#1285 = FACE_BOUND('',#1286,.F.);
#1286 = EDGE_LOOP('',(#1287,#1298,#1307,#1322,#1333,#1348));
#1287 = ORIENTED_EDGE('',*,*,#1288,.T.);
#1288 = EDGE_CURVE('',#1289,#1291,#1293,.T.);
#1289 = VERTEX_POINT('',#1290);
#1290 = CARTESIAN_POINT('',(222.73125000002,16.003724730202,
    5.617876111598));
#1291 = VERTEX_POINT('',#1292);
#1292 = CARTESIAN_POINT('',(213.38125000001,16.003724730202,
    5.617876111563));
#1293 = B_SPLINE_CURVE_WITH_KNOTS('',3,(#1294,#1295,#1296,#1297),
  .UNSPECIFIED.,.F.,.F.,(4,4),(0.,9.350000000115),
  .PIECEWISE_BEZIER_KNOTS.);
#1294 = CARTESIAN_POINT('',(222.73125000002,16.003724730195,
    5.617876111598));
#1295 = CARTESIAN_POINT('',(219.61458333331,16.003724730122,
    5.617876111609));
#1296 = CARTESIAN_POINT('',(216.49791666661,16.00372473005,5.61787611162
    ));
#1297 = CARTESIAN_POINT('',(213.3812499999,16.003724729977,
    5.617876111631));
#1298 = ORIENTED_EDGE('',*,*,#1299,.T.);
#1299 = EDGE_CURVE('',#1291,#1300,#1302,.T.);
#1300 = VERTEX_POINT('',#1301);
#1301 = CARTESIAN_POINT('',(213.38125000001,11.732343876902,
    6.698774312092));
#1302 = B_SPLINE_CURVE_WITH_KNOTS('',3,(#1303,#1304,#1305,#1306),
  .UNSPECIFIED.,.F.,.F.,(4,4),(-0.420848107926,-0.312508955635),
  .PIECEWISE_BEZIER_KNOTS.);
#1303 = CARTESIAN_POINT('',(213.3812499999,16.003724730202,
    5.617876111561));
#1304 = CARTESIAN_POINT('',(213.38124999993,14.604695631438,
    6.054170684354));
#1305 = CARTESIAN_POINT('',(213.38124999997,13.176667757441,
    6.415510638475));
#1306 = CARTESIAN_POINT('',(213.38125,11.732272163783,6.698519125512));
#1307 = ORIENTED_EDGE('',*,*,#1308,.T.);
#1308 = EDGE_CURVE('',#1300,#1309,#1311,.T.);
#1309 = VERTEX_POINT('',#1310);
#1310 = CARTESIAN_POINT('',(216.0385938769,9.075000000033,7.128041213549
    ));
#1311 = B_SPLINE_CURVE_WITH_KNOTS('',3,(#1312,#1313,#1314,#1315,#1316,
    #1317,#1318,#1319,#1320,#1321),.UNSPECIFIED.,.F.,.F.,(4,2,2,2,4),(0.
    ,0.985717620305,2.141611953417,3.151461492407,4.09555262937),
  .UNSPECIFIED.);
#1312 = CARTESIAN_POINT('',(213.38125,11.732343876909,6.698774312091));
#1313 = CARTESIAN_POINT('',(213.70781526714,11.696756528101,
    6.705744320068));
#1314 = CARTESIAN_POINT('',(214.0257645389,11.607853220194,6.72320325105
    ));
#1315 = CARTESIAN_POINT('',(214.67087736029,11.307440702942,
    6.779981781748));
#1316 = CARTESIAN_POINT('',(214.98386135217,11.080347472911,
    6.82193957756));
#1317 = CARTESIAN_POINT('',(215.47373705287,10.55758121601,
    6.911689607143));
#1318 = CARTESIAN_POINT('',(215.65967196788,10.277567128993,
    6.957418219951));
#1319 = CARTESIAN_POINT('',(215.92278042159,9.688217260591,
    7.046067532774));
#1320 = CARTESIAN_POINT('',(216.00478356644,9.385258376496,
    7.088455297167));
#1321 = CARTESIAN_POINT('',(216.0385938769,9.075000000012,7.128041213552
    ));
#1322 = ORIENTED_EDGE('',*,*,#1323,.T.);
#1323 = EDGE_CURVE('',#1309,#1324,#1326,.T.);
#1324 = VERTEX_POINT('',#1325);
#1325 = CARTESIAN_POINT('',(220.07390612313,9.075000000033,
    7.128041213546));
#1326 = B_SPLINE_CURVE_WITH_KNOTS('',3,(#1327,#1328,#1329,#1330,#1331,
    #1332),.UNSPECIFIED.,.F.,.F.,(4,2,4),(2.65734387689,4.675000000057,
    6.692656123123),.UNSPECIFIED.);
#1327 = CARTESIAN_POINT('',(216.03859387695,9.075000000033,
    7.128041213549));
#1328 = CARTESIAN_POINT('',(216.711145918,9.075000000033,7.128041213549)
  );
#1329 = CARTESIAN_POINT('',(217.38369795906,9.075000000033,
    7.128041213548));
#1330 = CARTESIAN_POINT('',(218.72880204114,9.075000000033,
    7.128041213547));
#1331 = CARTESIAN_POINT('',(219.40135408216,9.075000000033,
    7.128041213547));
#1332 = CARTESIAN_POINT('',(220.07390612318,9.075000000033,
    7.128041213547));
#1333 = ORIENTED_EDGE('',*,*,#1334,.T.);
#1334 = EDGE_CURVE('',#1324,#1335,#1337,.T.);
#1335 = VERTEX_POINT('',#1336);
#1336 = CARTESIAN_POINT('',(222.73125000002,11.732343876902,
    6.698774312101));
#1337 = B_SPLINE_CURVE_WITH_KNOTS('',3,(#1338,#1339,#1340,#1341,#1342,
    #1343,#1344,#1345,#1346,#1347),.UNSPECIFIED.,.F.,.F.,(4,2,2,2,4),(
    5.080280271257E-02,1.211428569959,2.419107623156,3.346562760072,
    4.148049586829),.UNSPECIFIED.);
#1338 = CARTESIAN_POINT('',(220.07390612313,9.075000000041,
    7.128041213546));
#1339 = CARTESIAN_POINT('',(220.11545380669,9.456259937433,
    7.079396196533));
#1340 = CARTESIAN_POINT('',(220.22971370064,9.825911195621,7.02654038692
    ));
#1341 = CARTESIAN_POINT('',(220.59831272677,10.515669437147,
    6.919419408609));
#1342 = CARTESIAN_POINT('',(220.85480533314,10.826916665414,
    6.866262752508));
#1343 = CARTESIAN_POINT('',(221.40371683203,11.272590497545,
    6.786549501717));
#1344 = CARTESIAN_POINT('',(221.67091560086,11.428787336561,
    6.757191354412));
#1345 = CARTESIAN_POINT('',(222.20574296074,11.63922546422,
    6.717022958015));
#1346 = CARTESIAN_POINT('',(222.46580361552,11.703416939403,
    6.704439836276));
#1347 = CARTESIAN_POINT('',(222.73125000012,11.732343876916,
    6.698774312096));
#1348 = ORIENTED_EDGE('',*,*,#1349,.T.);
#1349 = EDGE_CURVE('',#1335,#1289,#1350,.T.);
#1350 = B_SPLINE_CURVE_WITH_KNOTS('',3,(#1351,#1352,#1353,#1354),
  .UNSPECIFIED.,.F.,.F.,(4,4),(0.31250895563,0.420848107926),
  .PIECEWISE_BEZIER_KNOTS.);
#1351 = CARTESIAN_POINT('',(222.73125000012,11.73227216379,
    6.698519125519));
#1352 = CARTESIAN_POINT('',(222.73125000008,13.176667757521,
    6.415510638476));
#1353 = CARTESIAN_POINT('',(222.73125000005,14.604695631591,
    6.054170684341));
#1354 = CARTESIAN_POINT('',(222.73125000002,16.003724730421,
    5.617876111528));
#1355 = B_SPLINE_SURFACE_WITH_KNOTS('',3,3,(
    (#1356,#1357,#1358,#1359)
    ,(#1360,#1361,#1362,#1363)
    ,(#1364,#1365,#1366,#1367)
    ,(#1368,#1369,#1370,#1371
    )),.UNSPECIFIED.,.F.,.F.,.F.,(4,4),(4,4),(3.929283826417,
    4.156593388819),(-0.420848107926,-0.24645611714),
  .PIECEWISE_BEZIER_KNOTS.);
#1356 = CARTESIAN_POINT('',(222.73125000002,16.003724730421,
    5.617876111528));
#1357 = CARTESIAN_POINT('',(222.73125000007,13.75172751111,
    6.320173272893));
#1358 = CARTESIAN_POINT('',(222.73125000012,11.424591906056,
    6.828256402631));
#1359 = CARTESIAN_POINT('',(222.73125000018,9.075000000084,
    7.128041213538));
#1360 = CARTESIAN_POINT('',(219.61458333331,16.003724730348,
    5.617876111539));
#1361 = CARTESIAN_POINT('',(219.61458333336,13.751727511037,
    6.320173272904));
#1362 = CARTESIAN_POINT('',(219.61458333342,11.424591905983,
    6.828256402642));
#1363 = CARTESIAN_POINT('',(219.61458333347,9.075000000012,
    7.128041213549));
#1364 = CARTESIAN_POINT('',(216.49791666661,16.003724730275,
    5.61787611155));
#1365 = CARTESIAN_POINT('',(216.49791666666,13.751727510964,
    6.320173272915));
#1366 = CARTESIAN_POINT('',(216.49791666671,11.424591905918,
    6.828256402653));
#1367 = CARTESIAN_POINT('',(216.49791666677,9.074999999946,7.12804121356
    ));
#1368 = CARTESIAN_POINT('',(213.3812499999,16.003724730202,
    5.617876111561));
#1369 = CARTESIAN_POINT('',(213.38124999995,13.751727510891,
    6.320173272926));
#1370 = CARTESIAN_POINT('',(213.38125000001,11.424591905845,
    6.828256402664));
#1371 = CARTESIAN_POINT('',(213.38125000006,9.074999999873,
    7.128041213571));
#1372 = ADVANCED_FACE('',(#1373),#1432,.F.);
#1373 = FACE_BOUND('',#1374,.F.);
#1374 = EDGE_LOOP('',(#1375,#1394,#1405,#1414,#1425));
#1375 = ORIENTED_EDGE('',*,*,#1376,.T.);
#1376 = EDGE_CURVE('',#1377,#1379,#1381,.T.);
#1377 = VERTEX_POINT('',#1378);
#1378 = CARTESIAN_POINT('',(223.38125000002,11.732343876909,
    6.698774312099));
#1379 = VERTEX_POINT('',#1380);
#1380 = CARTESIAN_POINT('',(226.0385938769,9.075000000033,7.128041213542
    ));
#1381 = B_SPLINE_CURVE_WITH_KNOTS('',3,(#1382,#1383,#1384,#1385,#1386,
    #1387,#1388,#1389,#1390,#1391,#1392,#1393),.UNSPECIFIED.,.F.,.F.,(4,
    2,2,2,2,4),(0.,0.546588795346,1.507381765705,2.530066531564,
    3.369383544355,4.092654831239),.UNSPECIFIED.);
#1382 = CARTESIAN_POINT('',(223.38125000001,11.732343876909,
    6.698774312098));
#1383 = CARTESIAN_POINT('',(223.56233321521,11.712610389637,
    6.70263924074));
#1384 = CARTESIAN_POINT('',(223.74111052353,11.676441637865,
    6.709717716682));
#1385 = CARTESIAN_POINT('',(224.2217930388,11.532762467192,
    6.737452942758));
#1386 = CARTESIAN_POINT('',(224.51092775764,11.392988810338,
    6.76416770339));
#1387 = CARTESIAN_POINT('',(225.05035515267,11.016829671869,
    6.832732368418));
#1388 = CARTESIAN_POINT('',(225.29312315865,10.77746652357,
    6.874899460722));
#1389 = CARTESIAN_POINT('',(225.65273018138,10.278144193559,
    6.95679106565));
#1390 = CARTESIAN_POINT('',(225.78279575619,10.031724736968,
    6.99522042149));
#1391 = CARTESIAN_POINT('',(225.95847112587,9.546364016445,
    7.065726736819));
#1392 = CARTESIAN_POINT('',(226.01268984891,9.312706828445,7.0977121609)
  );
#1393 = CARTESIAN_POINT('',(226.0385938769,9.075000000041,7.128041213542
    ));
#1394 = ORIENTED_EDGE('',*,*,#1395,.T.);
#1395 = EDGE_CURVE('',#1379,#1396,#1398,.T.);
#1396 = VERTEX_POINT('',#1397);
#1397 = CARTESIAN_POINT('',(243.68125000002,9.075000000004,
    7.128041213533));
#1398 = B_SPLINE_CURVE_WITH_KNOTS('',3,(#1399,#1400,#1401,#1402,#1403,
    #1404),.UNSPECIFIED.,.F.,.F.,(4,2,4),(2.657343876876,10.150000000052
    ,20.29999999997),.UNSPECIFIED.);
#1399 = CARTESIAN_POINT('',(226.03859387695,9.075000000033,
    7.128041213542));
#1400 = CARTESIAN_POINT('',(228.536145918,9.075000000033,7.12804121354)
  );
#1401 = CARTESIAN_POINT('',(231.03369795906,9.075000000041,
    7.128041213538));
#1402 = CARTESIAN_POINT('',(236.91458333343,9.075000000041,
    7.128041213534));
#1403 = CARTESIAN_POINT('',(240.29791666674,9.075000000033,
    7.128041213532));
#1404 = CARTESIAN_POINT('',(243.68125000004,9.075000000033,7.12804121353
    ));
#1405 = ORIENTED_EDGE('',*,*,#1406,.T.);
#1406 = EDGE_CURVE('',#1396,#1407,#1409,.T.);
#1407 = VERTEX_POINT('',#1408);
#1408 = CARTESIAN_POINT('',(243.68125000002,16.003724730202,
    5.617876111671));
#1409 = B_SPLINE_CURVE_WITH_KNOTS('',3,(#1410,#1411,#1412,#1413),
  .UNSPECIFIED.,.F.,.F.,(4,4),(0.246456117126,0.42084810792),
  .PIECEWISE_BEZIER_KNOTS.);
#1410 = CARTESIAN_POINT('',(243.68125000018,9.075000000019,
    7.128041213532));
#1411 = CARTESIAN_POINT('',(243.68125000012,11.424591906092,
    6.828256402644));
#1412 = CARTESIAN_POINT('',(243.68125000007,13.751727511248,
    6.320173272907));
#1413 = CARTESIAN_POINT('',(243.68125000002,16.003724730661,
    5.617876111527));
#1414 = ORIENTED_EDGE('',*,*,#1415,.T.);
#1415 = EDGE_CURVE('',#1407,#1416,#1418,.T.);
#1416 = VERTEX_POINT('',#1417);
#1417 = CARTESIAN_POINT('',(223.38125000002,16.003724730202,
    5.617876111598));
#1418 = B_SPLINE_CURVE_WITH_KNOTS('',3,(#1419,#1420,#1421,#1422,#1423,
    #1424),.UNSPECIFIED.,.F.,.F.,(4,2,4),(0.,10.150000000049,
    20.300000000101),.UNSPECIFIED.);
#1419 = CARTESIAN_POINT('',(243.68125000002,16.003724730202,
    5.617876111671));
#1420 = CARTESIAN_POINT('',(240.29791666667,16.003724730202,
    5.617876111659));
#1421 = CARTESIAN_POINT('',(236.91458333332,16.003724730188,
    5.617876111647));
#1422 = CARTESIAN_POINT('',(230.14791666662,16.003724730188,
    5.617876111623));
#1423 = CARTESIAN_POINT('',(226.76458333326,16.003724730202,
    5.61787611161));
#1424 = CARTESIAN_POINT('',(223.38124999991,16.003724730202,
    5.617876111599));
#1425 = ORIENTED_EDGE('',*,*,#1426,.T.);
#1426 = EDGE_CURVE('',#1416,#1377,#1427,.T.);
#1427 = B_SPLINE_CURVE_WITH_KNOTS('',3,(#1428,#1429,#1430,#1431),
  .UNSPECIFIED.,.F.,.F.,(4,4),(-0.42084810792,-0.31250895563),
  .PIECEWISE_BEZIER_KNOTS.);
#1428 = CARTESIAN_POINT('',(223.38124999991,16.003724730202,
    5.617876111599));
#1429 = CARTESIAN_POINT('',(223.38124999994,14.604695631438,
    6.05417068438));
#1430 = CARTESIAN_POINT('',(223.38124999998,13.176667757449,
    6.41551063849));
#1431 = CARTESIAN_POINT('',(223.38125000001,11.732272163798,
    6.698519125517));
#1432 = B_SPLINE_SURFACE_WITH_KNOTS('',3,3,(
    (#1433,#1434,#1435,#1436)
    ,(#1437,#1438,#1439,#1440)
    ,(#1441,#1442,#1443,#1444)
    ,(#1445,#1446,#1447,#1448
    )),.UNSPECIFIED.,.F.,.F.,.F.,(4,4),(4,4),(3.419964539545,
    3.913481557376),(-0.42084810792,-0.246456117126),
  .PIECEWISE_BEZIER_KNOTS.);
#1433 = CARTESIAN_POINT('',(243.68125000002,16.003724730661,
    5.617876111527));
#1434 = CARTESIAN_POINT('',(243.68125000007,13.751727511248,
    6.320173272907));
#1435 = CARTESIAN_POINT('',(243.68125000012,11.424591906092,
    6.828256402644));
#1436 = CARTESIAN_POINT('',(243.68125000018,9.075000000019,
    7.128041213532));
#1437 = CARTESIAN_POINT('',(236.91458333332,16.003724730508,
    5.617876111551));
#1438 = CARTESIAN_POINT('',(236.91458333337,13.751727511095,
    6.320173272931));
#1439 = CARTESIAN_POINT('',(236.91458333342,11.42459190594,
    6.828256402668));
#1440 = CARTESIAN_POINT('',(236.91458333348,9.074999999866,
    7.128041213556));
#1441 = CARTESIAN_POINT('',(230.14791666661,16.003724730355,
    5.617876111575));
#1442 = CARTESIAN_POINT('',(230.14791666666,13.751727510942,
    6.320173272955));
#1443 = CARTESIAN_POINT('',(230.14791666672,11.424591905787,
    6.828256402692));
#1444 = CARTESIAN_POINT('',(230.14791666677,9.074999999713,7.12804121358
    ));
#1445 = CARTESIAN_POINT('',(223.38124999991,16.003724730202,
    5.617876111599));
#1446 = CARTESIAN_POINT('',(223.38124999996,13.751727510789,
    6.320173272979));
#1447 = CARTESIAN_POINT('',(223.38125000002,11.424591905634,
    6.828256402716));
#1448 = CARTESIAN_POINT('',(223.38125000007,9.074999999561,
    7.128041213604));
#1449 = ADVANCED_FACE('',(#1450),#1490,.F.);
#1450 = FACE_BOUND('',#1451,.F.);
#1451 = EDGE_LOOP('',(#1452,#1453,#1462,#1463,#1472,#1483));
#1452 = ORIENTED_EDGE('',*,*,#607,.T.);
#1453 = ORIENTED_EDGE('',*,*,#1454,.T.);
#1454 = EDGE_CURVE('',#608,#521,#1455,.T.);
#1455 = B_SPLINE_CURVE_WITH_KNOTS('',3,(#1456,#1457,#1458,#1459,#1460,
    #1461),.UNSPECIFIED.,.F.,.F.,(4,2,4),(2.657343876902,13.70000000007,
    24.742656123147),.UNSPECIFIED.);
#1456 = CARTESIAN_POINT('',(277.98859387697,9.075000000012,
    7.128041213509));
#1457 = CARTESIAN_POINT('',(281.66947925136,9.075000000012,
    7.128041213507));
#1458 = CARTESIAN_POINT('',(285.35036462574,9.075000000012,
    7.128041213505));
#1459 = CARTESIAN_POINT('',(292.71213537449,9.075000000012,7.1280412135)
  );
#1460 = CARTESIAN_POINT('',(296.39302074885,9.074999999997,
    7.128041213497));
#1461 = CARTESIAN_POINT('',(300.07390612322,9.074999999997,
    7.128041213494));
#1462 = ORIENTED_EDGE('',*,*,#532,.T.);
#1463 = ORIENTED_EDGE('',*,*,#1464,.T.);
#1464 = EDGE_CURVE('',#533,#1465,#1467,.T.);
#1465 = VERTEX_POINT('',#1466);
#1466 = CARTESIAN_POINT('',(302.73125000002,16.003724730173,
    5.617876111879));
#1467 = B_SPLINE_CURVE_WITH_KNOTS('',3,(#1468,#1469,#1470,#1471),
  .UNSPECIFIED.,.F.,.F.,(4,4),(0.312508955586,0.42084810789),
  .PIECEWISE_BEZIER_KNOTS.);
#1468 = CARTESIAN_POINT('',(302.73125000014,11.732272163812,
    6.69851912558));
#1469 = CARTESIAN_POINT('',(302.73125000011,13.17666775766,
    6.415510638581));
#1470 = CARTESIAN_POINT('',(302.73125000008,14.604695631853,
    6.054170684477));
#1471 = CARTESIAN_POINT('',(302.73125000004,16.003724730806,
    5.617876111682));
#1472 = ORIENTED_EDGE('',*,*,#1473,.T.);
#1473 = EDGE_CURVE('',#1465,#1474,#1476,.T.);
#1474 = VERTEX_POINT('',#1475);
#1475 = CARTESIAN_POINT('',(275.33125000002,16.003724730101,
    5.617876111961));
#1476 = B_SPLINE_CURVE_WITH_KNOTS('',3,(#1477,#1478,#1479,#1480,#1481,
    #1482),.UNSPECIFIED.,.F.,.F.,(4,2,4),(0.,13.700000000066,
    27.400000000129),.UNSPECIFIED.);
#1477 = CARTESIAN_POINT('',(302.73125000004,16.003724730181,
    5.617876111878));
#1478 = CARTESIAN_POINT('',(298.16458333335,16.003724730181,
    5.617876111862));
#1479 = CARTESIAN_POINT('',(293.59791666666,16.003724730173,
    5.617876111846));
#1480 = CARTESIAN_POINT('',(284.46458333328,16.003724730173,
    5.617876111814));
#1481 = CARTESIAN_POINT('',(279.89791666659,16.003724730188,
    5.617876111795));
#1482 = CARTESIAN_POINT('',(275.33124999991,16.003724730188,
    5.617876111779));
#1483 = ORIENTED_EDGE('',*,*,#1484,.T.);
#1484 = EDGE_CURVE('',#1474,#600,#1485,.T.);
#1485 = B_SPLINE_CURVE_WITH_KNOTS('',3,(#1486,#1487,#1488,#1489),
  .UNSPECIFIED.,.F.,.F.,(4,4),(-0.42084810789,-0.312508955601),
  .PIECEWISE_BEZIER_KNOTS.);
#1486 = CARTESIAN_POINT('',(275.33124999991,16.003724730195,
    5.617876111779));
#1487 = CARTESIAN_POINT('',(275.33124999994,14.604695631431,
    6.054170684515));
#1488 = CARTESIAN_POINT('',(275.33124999997,13.176667757434,
    6.415510638579));
#1489 = CARTESIAN_POINT('',(275.33125,11.732272163798,6.698519125562));
#1490 = B_SPLINE_SURFACE_WITH_KNOTS('',3,3,(
    (#1491,#1492,#1493,#1494)
    ,(#1495,#1496,#1497,#1498)
    ,(#1499,#1500,#1501,#1502)
    ,(#1503,#1504,#1505,#1506
    )),.UNSPECIFIED.,.F.,.F.,.F.,(4,4),(4,4),(1.984389174877,
    2.650515593032),(-0.42084810789,-0.246456117095),
  .PIECEWISE_BEZIER_KNOTS.);
#1491 = CARTESIAN_POINT('',(302.73125000004,16.003724730806,
    5.617876111682));
#1492 = CARTESIAN_POINT('',(302.73125000009,13.75172751135,
    6.320173273002));
#1493 = CARTESIAN_POINT('',(302.73125000014,11.42459190615,6.82825640267
    ));
#1494 = CARTESIAN_POINT('',(302.7312500002,9.075000000048,7.128041213486
    ));
#1495 = CARTESIAN_POINT('',(293.59791666666,16.003724730603,
    5.617876111714));
#1496 = CARTESIAN_POINT('',(293.59791666672,13.751727511146,
    6.320173273034));
#1497 = CARTESIAN_POINT('',(293.59791666676,11.424591905947,
    6.828256402703));
#1498 = CARTESIAN_POINT('',(293.59791666682,9.074999999844,
    7.128041213518));
#1499 = CARTESIAN_POINT('',(284.46458333329,16.003724730399,
    5.617876111746));
#1500 = CARTESIAN_POINT('',(284.46458333334,13.751727510942,
    6.320173273066));
#1501 = CARTESIAN_POINT('',(284.46458333338,11.424591905743,
    6.828256402735));
#1502 = CARTESIAN_POINT('',(284.46458333344,9.074999999641,
    7.128041213551));
#1503 = CARTESIAN_POINT('',(275.33124999991,16.003724730195,
    5.617876111779));
#1504 = CARTESIAN_POINT('',(275.33124999996,13.751727510738,
    6.320173273099));
#1505 = CARTESIAN_POINT('',(275.33125000001,11.424591905539,
    6.828256402767));
#1506 = CARTESIAN_POINT('',(275.33125000006,9.074999999437,
    7.128041213583));
#1507 = ADVANCED_FACE('',(#1508),#1572,.F.);
#1508 = FACE_BOUND('',#1509,.F.);
#1509 = EDGE_LOOP('',(#1510,#1527,#1536,#1554,#1565));
#1510 = ORIENTED_EDGE('',*,*,#1511,.T.);
#1511 = EDGE_CURVE('',#1512,#1514,#1516,.T.);
#1512 = VERTEX_POINT('',#1513);
#1513 = CARTESIAN_POINT('',(313.38125000001,11.732343876909,
    6.698774312175));
#1514 = VERTEX_POINT('',#1515);
#1515 = CARTESIAN_POINT('',(316.03859387691,9.074999999997,
    7.128041213484));
#1516 = B_SPLINE_CURVE_WITH_KNOTS('',3,(#1517,#1518,#1519,#1520,#1521,
    #1522,#1523,#1524,#1525,#1526),.UNSPECIFIED.,.F.,.F.,(4,2,2,2,4),(0.
    ,1.186193790301,2.383725007498,3.355486256933,4.096307460065),
  .UNSPECIFIED.);
#1517 = CARTESIAN_POINT('',(313.38125,11.732343876909,6.698774312173));
#1518 = CARTESIAN_POINT('',(313.77423241609,11.68951873987,
    6.707161886878));
#1519 = CARTESIAN_POINT('',(314.15401805293,11.569576584894,
    6.730774409222));
#1520 = CARTESIAN_POINT('',(314.84787947863,11.188882892398,
    6.801840185495));
#1521 = CARTESIAN_POINT('',(315.15418156694,10.930692213704,
    6.848650955326));
#1522 = CARTESIAN_POINT('',(315.60150847519,10.370144159766,
    6.94228582224));
#1523 = CARTESIAN_POINT('',(315.7601865493,10.088575788956,
    6.986833122112));
#1524 = CARTESIAN_POINT('',(315.9558175675,9.557714527829,7.064170085431
    ));
#1525 = CARTESIAN_POINT('',(316.01205944162,9.318491724938,
    7.096974064971));
#1526 = CARTESIAN_POINT('',(316.0385938769,9.074999999997,7.128041213484
    ));
#1527 = ORIENTED_EDGE('',*,*,#1528,.T.);
#1528 = EDGE_CURVE('',#1514,#1529,#1531,.T.);
#1529 = VERTEX_POINT('',#1530);
#1530 = CARTESIAN_POINT('',(317.74223726685,9.07499999999,7.128041213483
    ));
#1531 = B_SPLINE_CURVE_WITH_KNOTS('',3,(#1532,#1533,#1534,#1535),
  .UNSPECIFIED.,.F.,.F.,(4,4),(2.657343876915,4.360987266774),
  .PIECEWISE_BEZIER_KNOTS.);
#1532 = CARTESIAN_POINT('',(316.03859387697,9.074999999997,
    7.128041213484));
#1533 = CARTESIAN_POINT('',(316.60647500693,9.074999999997,
    7.128041213484));
#1534 = CARTESIAN_POINT('',(317.17435613688,9.074999999997,
    7.128041213484));
#1535 = CARTESIAN_POINT('',(317.74223726684,9.074999999997,
    7.128041213484));
#1536 = ORIENTED_EDGE('',*,*,#1537,.T.);
#1537 = EDGE_CURVE('',#1529,#1538,#1540,.T.);
#1538 = VERTEX_POINT('',#1539);
#1539 = CARTESIAN_POINT('',(317.90075904789,16.003724730101,
    5.617876112102));
#1540 = B_SPLINE_CURVE_WITH_KNOTS('',3,(#1541,#1542,#1543,#1544,#1545,
    #1546,#1547,#1548,#1549,#1550,#1551,#1552,#1553),.UNSPECIFIED.,.F.,
  .F.,(4,3,3,3,4),(5.054242987511E-02,2.328749254149,3.700264552394,
    6.550011199062,7.157146844606),.UNSPECIFIED.);
#1541 = CARTESIAN_POINT('',(317.74223726685,9.074999999996,
    7.128041213483));
#1542 = CARTESIAN_POINT('',(317.72938605214,9.828190047832,
    7.031941573629));
#1543 = CARTESIAN_POINT('',(317.72414233492,10.578817458791,
    6.914474158193));
#1544 = CARTESIAN_POINT('',(317.72829141402,11.325379558996,
    6.77609069373));
#1545 = CARTESIAN_POINT('',(317.73078922299,11.774821343918,
    6.692781734897));
#1546 = CARTESIAN_POINT('',(317.73669119162,12.222789749144,
    6.601891306117));
#1547 = CARTESIAN_POINT('',(317.74638684321,12.668955545691,
    6.503508978786));
#1548 = CARTESIAN_POINT('',(317.76653255293,13.596002742253,
    6.299089318093));
#1549 = CARTESIAN_POINT('',(317.80308611505,14.515566771696,
    6.062260161729));
#1550 = CARTESIAN_POINT('',(317.86088069673,15.424366376029,
    5.79377863197));
#1551 = CARTESIAN_POINT('',(317.873193774,15.617985214072,5.736578913154
    ));
#1552 = CARTESIAN_POINT('',(317.88647097843,15.811115320142,
    5.677942368108));
#1553 = CARTESIAN_POINT('',(317.90075904804,16.003724730045,
    5.61787611197));
#1554 = ORIENTED_EDGE('',*,*,#1555,.T.);
#1555 = EDGE_CURVE('',#1538,#1556,#1558,.T.);
#1556 = VERTEX_POINT('',#1557);
#1557 = CARTESIAN_POINT('',(313.38125000001,16.003724730173,
    5.617876111913));
#1558 = B_SPLINE_CURVE_WITH_KNOTS('',3,(#1559,#1560,#1561,#1562,#1563,
    #1564),.UNSPECIFIED.,.F.,.F.,(4,2,4),(0.314359197823,2.416934122906,
    4.833868245809),.UNSPECIFIED.);
#1559 = CARTESIAN_POINT('',(317.90075904789,16.003724730173,
    5.61787611193));
#1560 = CARTESIAN_POINT('',(317.19990073953,16.003724730173,
    5.617876111927));
#1561 = CARTESIAN_POINT('',(316.49904243117,16.003724730166,
    5.617876111925));
#1562 = CARTESIAN_POINT('',(314.99253941518,16.003724730166,
    5.61787611192));
#1563 = CARTESIAN_POINT('',(314.18689470754,16.003724730181,
    5.617876111915));
#1564 = CARTESIAN_POINT('',(313.38124999991,16.003724730181,
    5.617876111912));
#1565 = ORIENTED_EDGE('',*,*,#1566,.T.);
#1566 = EDGE_CURVE('',#1556,#1512,#1567,.T.);
#1567 = B_SPLINE_CURVE_WITH_KNOTS('',3,(#1568,#1569,#1570,#1571),
  .UNSPECIFIED.,.F.,.F.,(4,4),(-0.420848107867,-0.31250895558),
  .PIECEWISE_BEZIER_KNOTS.);
#1568 = CARTESIAN_POINT('',(313.38124999991,16.003724730181,
    5.617876111912));
#1569 = CARTESIAN_POINT('',(313.38124999994,14.604695631417,
    6.054170684613));
#1570 = CARTESIAN_POINT('',(313.38124999997,13.176667757434,
    6.415510638643));
#1571 = CARTESIAN_POINT('',(313.38125,11.732272163805,6.698519125592));
#1572 = B_SPLINE_SURFACE_WITH_KNOTS('',3,3,(
    (#1573,#1574,#1575,#1576)
    ,(#1577,#1578,#1579,#1580)
    ,(#1581,#1582,#1583,#1584)
    ,(#1585,#1586,#1587,#1588
    )),.UNSPECIFIED.,.F.,.F.,.F.,(4,4),(4,4),(1.615600462202,
    1.725475074394),(-0.420848107867,-0.246456117085),
  .PIECEWISE_BEZIER_KNOTS.);
#1573 = CARTESIAN_POINT('',(317.90075904805,16.003724730283,
    5.617876111896));
#1574 = CARTESIAN_POINT('',(317.9007590481,13.751727510964,
    6.320173273117));
#1575 = CARTESIAN_POINT('',(317.90075904814,11.424591905932,
    6.828256402712));
#1576 = CARTESIAN_POINT('',(317.9007590482,9.074999999997,7.128041213483
    ));
#1577 = CARTESIAN_POINT('',(316.394256032,16.003724730246,5.617876111902
    ));
#1578 = CARTESIAN_POINT('',(316.39425603205,13.751727510928,
    6.320173273123));
#1579 = CARTESIAN_POINT('',(316.3942560321,11.424591905896,
    6.828256402717));
#1580 = CARTESIAN_POINT('',(316.39425603215,9.074999999961,
    7.128041213488));
#1581 = CARTESIAN_POINT('',(314.88775301595,16.003724730217,
    5.617876111907));
#1582 = CARTESIAN_POINT('',(314.887753016,13.751727510898,6.320173273128
    ));
#1583 = CARTESIAN_POINT('',(314.88775301605,11.424591905867,
    6.828256402722));
#1584 = CARTESIAN_POINT('',(314.88775301611,9.074999999932,
    7.128041213494));
#1585 = CARTESIAN_POINT('',(313.38124999991,16.003724730181,
    5.617876111912));
#1586 = CARTESIAN_POINT('',(313.38124999996,13.751727510862,
    6.320173273133));
#1587 = CARTESIAN_POINT('',(313.38125000001,11.42459190583,
    6.828256402728));
#1588 = CARTESIAN_POINT('',(313.38125000006,9.074999999895,
    7.128041213499));
#1589 = ADVANCED_FACE('',(#1590),#1646,.F.);
#1590 = FACE_BOUND('',#1591,.F.);
#1591 = EDGE_LOOP('',(#1592,#1609,#1618,#1629,#1636,#1637));
#1592 = ORIENTED_EDGE('',*,*,#1593,.T.);
#1593 = EDGE_CURVE('',#1594,#1596,#1598,.T.);
#1594 = VERTEX_POINT('',#1595);
#1595 = CARTESIAN_POINT('',(310.07390612312,9.074999999997,
    7.128041213488));
#1596 = VERTEX_POINT('',#1597);
#1597 = CARTESIAN_POINT('',(312.73125000001,11.732343876909,
    6.698774312173));
#1598 = B_SPLINE_CURVE_WITH_KNOTS('',3,(#1599,#1600,#1601,#1602,#1603,
    #1604,#1605,#1606,#1607,#1608),.UNSPECIFIED.,.F.,.F.,(4,2,2,2,4),(
    5.080280269043E-02,1.211428569956,2.419107623223,3.346562760112,
    4.148049586691),.UNSPECIFIED.);
#1599 = CARTESIAN_POINT('',(310.07390612312,9.075000000004,
    7.128041213487));
#1600 = CARTESIAN_POINT('',(310.11545380668,9.456259937397,
    7.079396196494));
#1601 = CARTESIAN_POINT('',(310.22971370064,9.825911195592,
    7.026540386897));
#1602 = CARTESIAN_POINT('',(310.59831272675,10.515669437125,
    6.919419408623));
#1603 = CARTESIAN_POINT('',(310.85480533312,10.826916665377,
    6.866262752538));
#1604 = CARTESIAN_POINT('',(311.40371683196,11.272590497487,
    6.786549501775));
#1605 = CARTESIAN_POINT('',(311.67091560083,11.428787336561,
    6.757191354473));
#1606 = CARTESIAN_POINT('',(312.20574296076,11.639225464234,
    6.717022958084));
#1607 = CARTESIAN_POINT('',(312.46580361554,11.703416939403,
    6.704439836348));
#1608 = CARTESIAN_POINT('',(312.73125000014,11.732343876916,
    6.69877431217));
#1609 = ORIENTED_EDGE('',*,*,#1610,.T.);
#1610 = EDGE_CURVE('',#1596,#1611,#1613,.T.);
#1611 = VERTEX_POINT('',#1612);
#1612 = CARTESIAN_POINT('',(312.73125000001,16.003724730173,
    5.617876111911));
#1613 = B_SPLINE_CURVE_WITH_KNOTS('',3,(#1614,#1615,#1616,#1617),
  .UNSPECIFIED.,.F.,.F.,(4,4),(0.31250895558,0.420848107873),
  .PIECEWISE_BEZIER_KNOTS.);
#1614 = CARTESIAN_POINT('',(312.73125000014,11.732272163805,
    6.698519125591));
#1615 = CARTESIAN_POINT('',(312.73125000011,13.1766677575,6.415510638629
    ));
#1616 = CARTESIAN_POINT('',(312.73125000008,14.604695631555,
    6.054170684577));
#1617 = CARTESIAN_POINT('',(312.73125000004,16.003724730377,
    5.617876111849));
#1618 = ORIENTED_EDGE('',*,*,#1619,.T.);
#1619 = EDGE_CURVE('',#1611,#1620,#1622,.T.);
#1620 = VERTEX_POINT('',#1621);
#1621 = CARTESIAN_POINT('',(303.38125000002,16.003724730173,
    5.617876111883));
#1622 = B_SPLINE_CURVE_WITH_KNOTS('',3,(#1623,#1624,#1625,#1626,#1627,
    #1628),.UNSPECIFIED.,.F.,.F.,(4,2,4),(0.,4.675000000065,
    9.35000000013),.UNSPECIFIED.);
#1623 = CARTESIAN_POINT('',(312.73125000004,16.003724730166,
    5.617876111912));
#1624 = CARTESIAN_POINT('',(311.17291666669,16.003724730166,
    5.617876111907));
#1625 = CARTESIAN_POINT('',(309.61458333333,16.003724730173,
    5.617876111901));
#1626 = CARTESIAN_POINT('',(306.49791666662,16.003724730173,
    5.61787611189));
#1627 = CARTESIAN_POINT('',(304.93958333327,16.003724730173,
    5.617876111887));
#1628 = CARTESIAN_POINT('',(303.38124999991,16.003724730173,
    5.617876111882));
#1629 = ORIENTED_EDGE('',*,*,#1630,.T.);
#1630 = EDGE_CURVE('',#1620,#391,#1631,.T.);
#1631 = B_SPLINE_CURVE_WITH_KNOTS('',3,(#1632,#1633,#1634,#1635),
  .UNSPECIFIED.,.F.,.F.,(4,4),(-0.420848107873,-0.312508955585),
  .PIECEWISE_BEZIER_KNOTS.);
#1632 = CARTESIAN_POINT('',(303.38124999991,16.003724730173,
    5.617876111882));
#1633 = CARTESIAN_POINT('',(303.38124999995,14.604695631424,
    6.054170684589));
#1634 = CARTESIAN_POINT('',(303.38124999998,13.176667757434,
    6.415510638626));
#1635 = CARTESIAN_POINT('',(303.38125000001,11.732272163805,
    6.698519125582));
#1636 = ORIENTED_EDGE('',*,*,#398,.T.);
#1637 = ORIENTED_EDGE('',*,*,#1638,.T.);
#1638 = EDGE_CURVE('',#399,#1594,#1639,.T.);
#1639 = B_SPLINE_CURVE_WITH_KNOTS('',3,(#1640,#1641,#1642,#1643,#1644,
    #1645),.UNSPECIFIED.,.F.,.F.,(4,2,4),(2.657343876902,4.675000000068,
    6.692656123113),.UNSPECIFIED.);
#1640 = CARTESIAN_POINT('',(306.03859387697,9.075000000004,7.12804121349
    ));
#1641 = CARTESIAN_POINT('',(306.71114591803,9.075000000004,7.12804121349
    ));
#1642 = CARTESIAN_POINT('',(307.38369795908,9.075000000004,7.12804121349
    ));
#1643 = CARTESIAN_POINT('',(308.72880204115,9.075000000004,
    7.128041213489));
#1644 = CARTESIAN_POINT('',(309.40135408217,9.075000000012,
    7.128041213488));
#1645 = CARTESIAN_POINT('',(310.07390612318,9.075000000004,
    7.128041213488));
#1646 = B_SPLINE_SURFACE_WITH_KNOTS('',3,3,(
    (#1647,#1648,#1649,#1650)
    ,(#1651,#1652,#1653,#1654)
    ,(#1655,#1656,#1657,#1658)
    ,(#1659,#1660,#1661,#1662
    )),.UNSPECIFIED.,.F.,.F.,.F.,(4,4),(4,4),(1.741277343434,
    1.968586905836),(-0.420848107873,-0.246456117089),
  .PIECEWISE_BEZIER_KNOTS.);
#1647 = CARTESIAN_POINT('',(312.73125000004,16.003724730377,
    5.617876111849));
#1648 = CARTESIAN_POINT('',(312.73125000009,13.751727511051,
    6.320173273086));
#1649 = CARTESIAN_POINT('',(312.73125000015,11.424591906005,
    6.828256402695));
#1650 = CARTESIAN_POINT('',(312.7312500002,9.075000000055,7.128041213479
    ));
#1651 = CARTESIAN_POINT('',(309.61458333333,16.003724730304,
    5.61787611186));
#1652 = CARTESIAN_POINT('',(309.61458333338,13.751727510978,
    6.320173273097));
#1653 = CARTESIAN_POINT('',(309.61458333343,11.424591905932,
    6.828256402706));
#1654 = CARTESIAN_POINT('',(309.61458333349,9.074999999983,7.12804121349
    ));
#1655 = CARTESIAN_POINT('',(306.49791666663,16.003724730246,
    5.617876111871));
#1656 = CARTESIAN_POINT('',(306.49791666668,13.75172751092,
    6.320173273108));
#1657 = CARTESIAN_POINT('',(306.49791666673,11.424591905867,
    6.828256402717));
#1658 = CARTESIAN_POINT('',(306.49791666678,9.074999999917,
    7.128041213501));
#1659 = CARTESIAN_POINT('',(303.38124999991,16.003724730173,
    5.617876111882));
#1660 = CARTESIAN_POINT('',(303.38124999996,13.751727510848,
    6.320173273119));
#1661 = CARTESIAN_POINT('',(303.38125000002,11.424591905794,
    6.828256402729));
#1662 = CARTESIAN_POINT('',(303.38125000007,9.074999999844,
    7.128041213512));
#1663 = ADVANCED_FACE('',(#1664),#1704,.F.);
#1664 = FACE_BOUND('',#1665,.F.);
#1665 = EDGE_LOOP('',(#1666,#1667,#1676,#1677,#1686,#1697));
#1666 = ORIENTED_EDGE('',*,*,#484,.T.);
#1667 = ORIENTED_EDGE('',*,*,#1668,.T.);
#1668 = EDGE_CURVE('',#485,#646,#1669,.T.);
#1669 = B_SPLINE_CURVE_WITH_KNOTS('',3,(#1670,#1671,#1672,#1673,#1674,
    #1675),.UNSPECIFIED.,.F.,.F.,(4,2,4),(2.931343876837,13.974000000097
    ,25.016656123052),.UNSPECIFIED.);
#1670 = CARTESIAN_POINT('',(300.07390612312,8.424999999996,
    7.205639346362));
#1671 = CARTESIAN_POINT('',(296.39302074871,8.424999999996,
    7.205639346366));
#1672 = CARTESIAN_POINT('',(292.71213537429,8.424999999996,
    7.205639346369));
#1673 = CARTESIAN_POINT('',(285.35036462555,8.424999999996,
    7.205639346377));
#1674 = CARTESIAN_POINT('',(281.66947925123,8.425000000003,
    7.205639346381));
#1675 = CARTESIAN_POINT('',(277.98859387691,8.425000000003,
    7.205639346385));
#1676 = ORIENTED_EDGE('',*,*,#653,.T.);
#1677 = ORIENTED_EDGE('',*,*,#1678,.T.);
#1678 = EDGE_CURVE('',#654,#1679,#1681,.T.);
#1679 = VERTEX_POINT('',#1680);
#1680 = CARTESIAN_POINT('',(275.33125000002,4.485799827664,
    7.450061775182));
#1681 = B_SPLINE_CURVE_WITH_KNOTS('',3,(#1682,#1683,#1684,#1685),
  .UNSPECIFIED.,.F.,.F.,(4,4),(2.732092086895,4.014637959686),
  .PIECEWISE_BEZIER_KNOTS.);
#1682 = CARTESIAN_POINT('',(275.33125000002,5.767656123127,
    7.412821674066));
#1683 = CARTESIAN_POINT('',(275.33125000002,5.340601102733,7.43200196813
    ));
#1684 = CARTESIAN_POINT('',(275.33125000001,4.913262071575,
    7.444417113937));
#1685 = CARTESIAN_POINT('',(275.33125000001,4.485799827671,
    7.450061775182));
#1686 = ORIENTED_EDGE('',*,*,#1687,.T.);
#1687 = EDGE_CURVE('',#1679,#1688,#1690,.T.);
#1688 = VERTEX_POINT('',#1689);
#1689 = CARTESIAN_POINT('',(302.73125000002,4.48579982762,7.450061775093
    ));
#1690 = B_SPLINE_CURVE_WITH_KNOTS('',3,(#1691,#1692,#1693,#1694,#1695,
    #1696),.UNSPECIFIED.,.F.,.F.,(4,2,4),(0.274000000161,13.974000000093
    ,27.674000000163),.UNSPECIFIED.);
#1691 = CARTESIAN_POINT('',(275.33125000001,4.485799827664,
    7.450061775182));
#1692 = CARTESIAN_POINT('',(279.89791666666,4.485799827657,
    7.450061775167));
#1693 = CARTESIAN_POINT('',(284.4645833333,4.485799827642,7.450061775152
    ));
#1694 = CARTESIAN_POINT('',(293.59791666664,4.485799827627,
    7.450061775123));
#1695 = CARTESIAN_POINT('',(298.16458333332,4.485799827627,
    7.450061775108));
#1696 = CARTESIAN_POINT('',(302.73125000001,4.48579982762,7.450061775093
    ));
#1697 = ORIENTED_EDGE('',*,*,#1698,.T.);
#1698 = EDGE_CURVE('',#1688,#477,#1699,.T.);
#1699 = B_SPLINE_CURVE_WITH_KNOTS('',3,(#1700,#1701,#1702,#1703),
  .UNSPECIFIED.,.F.,.F.,(4,4),(0.258096685339,1.54064255818),
  .PIECEWISE_BEZIER_KNOTS.);
#1700 = CARTESIAN_POINT('',(302.73125000001,4.485799827635,
    7.450061775093));
#1701 = CARTESIAN_POINT('',(302.73125,4.912757499696,7.444423776753));
#1702 = CARTESIAN_POINT('',(302.73125,5.340151685137,7.432007828755));
#1703 = CARTESIAN_POINT('',(302.73124999999,5.767658455814,
    7.412799660045));
#1704 = B_SPLINE_SURFACE_WITH_KNOTS('',3,3,(
    (#1705,#1706,#1707,#1708)
    ,(#1709,#1710,#1711,#1712)
    ,(#1713,#1714,#1715,#1716)
    ,(#1717,#1718,#1719,#1720
    )),.UNSPECIFIED.,.F.,.F.,.F.,(4,4),(4,4),(1.984389174883,
    2.650515593036),(-0.230387484902,-0.133236973632),
  .PIECEWISE_BEZIER_KNOTS.);
#1705 = CARTESIAN_POINT('',(302.73124999995,8.425000000556,
    7.205639346296));
#1706 = CARTESIAN_POINT('',(302.73124999998,7.114078224884,
    7.351399630835));
#1707 = CARTESIAN_POINT('',(302.73125000001,5.797877839963,
    7.432735716469));
#1708 = CARTESIAN_POINT('',(302.73125000004,4.48579982762,7.450061775093
    ));
#1709 = CARTESIAN_POINT('',(293.59791666661,8.425000000352,
    7.205639346329));
#1710 = CARTESIAN_POINT('',(293.59791666664,7.11407822468,7.351399630867
    ));
#1711 = CARTESIAN_POINT('',(293.59791666667,5.797877839759,
    7.432735716501));
#1712 = CARTESIAN_POINT('',(293.5979166667,4.485799827416,7.450061775126
    ));
#1713 = CARTESIAN_POINT('',(284.46458333326,8.425000000148,
    7.205639346361));
#1714 = CARTESIAN_POINT('',(284.46458333329,7.114078224477,
    7.351399630899));
#1715 = CARTESIAN_POINT('',(284.46458333332,5.797877839563,
    7.432735716534));
#1716 = CARTESIAN_POINT('',(284.46458333335,4.48579982722,7.450061775158
    ));
#1717 = CARTESIAN_POINT('',(275.33124999992,8.424999999945,
    7.205639346393));
#1718 = CARTESIAN_POINT('',(275.33124999995,7.114078224273,
    7.351399630932));
#1719 = CARTESIAN_POINT('',(275.33124999998,5.797877839359,
    7.432735716566));
#1720 = CARTESIAN_POINT('',(275.33125000001,4.485799827016,
    7.450061775191));
#1721 = ADVANCED_FACE('',(#1722),#1762,.F.);
#1722 = FACE_BOUND('',#1723,.F.);
#1723 = EDGE_LOOP('',(#1724,#1725,#1734,#1745,#1752,#1753));
#1724 = ORIENTED_EDGE('',*,*,#741,.T.);
#1725 = ORIENTED_EDGE('',*,*,#1726,.T.);
#1726 = EDGE_CURVE('',#742,#1727,#1729,.T.);
#1727 = VERTEX_POINT('',#1728);
#1728 = CARTESIAN_POINT('',(274.68125000001,16.003724730188,
    5.617876111777));
#1729 = B_SPLINE_CURVE_WITH_KNOTS('',3,(#1730,#1731,#1732,#1733),
  .UNSPECIFIED.,.F.,.F.,(4,4),(0.312508955601,0.420848107897),
  .PIECEWISE_BEZIER_KNOTS.);
#1730 = CARTESIAN_POINT('',(274.68125000011,11.732272163805,
    6.698519125559));
#1731 = CARTESIAN_POINT('',(274.68125000008,13.176667757536,
    6.415510638559));
#1732 = CARTESIAN_POINT('',(274.68125000005,14.604695631606,
    6.054170684469));
#1733 = CARTESIAN_POINT('',(274.68125000002,16.003724730443,
    5.617876111699));
#1734 = ORIENTED_EDGE('',*,*,#1735,.T.);
#1735 = EDGE_CURVE('',#1727,#1736,#1738,.T.);
#1736 = VERTEX_POINT('',#1737);
#1737 = CARTESIAN_POINT('',(263.38125000002,16.003724730188,
    5.617876111739));
#1738 = B_SPLINE_CURVE_WITH_KNOTS('',3,(#1739,#1740,#1741,#1742,#1743,
    #1744),.UNSPECIFIED.,.F.,.F.,(4,2,4),(0.,5.65000000006,
    11.300000000112),.UNSPECIFIED.);
#1739 = CARTESIAN_POINT('',(274.68125000002,16.003724730188,
    5.617876111776));
#1740 = CARTESIAN_POINT('',(272.79791666667,16.003724730188,
    5.61787611177));
#1741 = CARTESIAN_POINT('',(270.91458333331,16.003724730188,
    5.617876111763));
#1742 = CARTESIAN_POINT('',(267.14791666661,16.003724730188,
    5.61787611175));
#1743 = CARTESIAN_POINT('',(265.26458333326,16.003724730188,
    5.617876111745));
#1744 = CARTESIAN_POINT('',(263.38124999991,16.003724730188,
    5.617876111739));
#1745 = ORIENTED_EDGE('',*,*,#1746,.T.);
#1746 = EDGE_CURVE('',#1736,#174,#1747,.T.);
#1747 = B_SPLINE_CURVE_WITH_KNOTS('',3,(#1748,#1749,#1750,#1751),
  .UNSPECIFIED.,.F.,.F.,(4,4),(-0.420848107897,-0.312508955607),
  .PIECEWISE_BEZIER_KNOTS.);
#1748 = CARTESIAN_POINT('',(263.38124999991,16.003724730188,
    5.617876111739));
#1749 = CARTESIAN_POINT('',(263.38124999994,14.604695631424,
    6.054170684484));
#1750 = CARTESIAN_POINT('',(263.38124999997,13.176667757434,
    6.415510638559));
#1751 = CARTESIAN_POINT('',(263.38125,11.732272163798,6.698519125551));
#1752 = ORIENTED_EDGE('',*,*,#181,.T.);
#1753 = ORIENTED_EDGE('',*,*,#1754,.T.);
#1754 = EDGE_CURVE('',#182,#730,#1755,.T.);
#1755 = B_SPLINE_CURVE_WITH_KNOTS('',3,(#1756,#1757,#1758,#1759,#1760,
    #1761),.UNSPECIFIED.,.F.,.F.,(4,2,4),(2.657343876892,5.65000000006,
    8.642656123128),.UNSPECIFIED.);
#1756 = CARTESIAN_POINT('',(266.03859387695,9.075000000012,
    7.128041213517));
#1757 = CARTESIAN_POINT('',(267.03614591801,9.075000000012,
    7.128041213517));
#1758 = CARTESIAN_POINT('',(268.03369795907,9.075000000012,
    7.128041213516));
#1759 = CARTESIAN_POINT('',(270.02880204115,9.075000000012,
    7.128041213515));
#1760 = CARTESIAN_POINT('',(271.02635408217,9.075000000012,
    7.128041213514));
#1761 = CARTESIAN_POINT('',(272.02390612319,9.075000000012,
    7.128041213514));
#1762 = B_SPLINE_SURFACE_WITH_KNOTS('',3,3,(
    (#1763,#1764,#1765,#1766)
    ,(#1767,#1768,#1769,#1770)
    ,(#1771,#1772,#1773,#1774)
    ,(#1775,#1776,#1777,#1778
    )),.UNSPECIFIED.,.F.,.F.,.F.,(4,4),(4,4),(2.666317862074,
    2.941034231606),(-0.420848107897,-0.24645611711),
  .PIECEWISE_BEZIER_KNOTS.);
#1763 = CARTESIAN_POINT('',(274.68125000002,16.003724730443,
    5.617876111699));
#1764 = CARTESIAN_POINT('',(274.68125000007,13.751727511102,
    6.320173272999));
#1765 = CARTESIAN_POINT('',(274.68125000012,11.424591906034,
    6.828256402668));
#1766 = CARTESIAN_POINT('',(274.68125000018,9.075000000055,
    7.128041213505));
#1767 = CARTESIAN_POINT('',(270.91458333332,16.003724730355,
    5.617876111712));
#1768 = CARTESIAN_POINT('',(270.91458333337,13.751727511015,
    6.320173273012));
#1769 = CARTESIAN_POINT('',(270.91458333342,11.424591905947,
    6.828256402681));
#1770 = CARTESIAN_POINT('',(270.91458333347,9.074999999968,
    7.128041213519));
#1771 = CARTESIAN_POINT('',(267.14791666661,16.003724730275,
    5.617876111725));
#1772 = CARTESIAN_POINT('',(267.14791666666,13.751727510935,
    6.320173273025));
#1773 = CARTESIAN_POINT('',(267.14791666672,11.424591905867,
    6.828256402694));
#1774 = CARTESIAN_POINT('',(267.14791666677,9.074999999888,
    7.128041213532));
#1775 = CARTESIAN_POINT('',(263.38124999991,16.003724730188,
    5.617876111739));
#1776 = CARTESIAN_POINT('',(263.38124999996,13.751727510848,
    6.320173273039));
#1777 = CARTESIAN_POINT('',(263.38125000001,11.424591905779,
    6.828256402708));
#1778 = CARTESIAN_POINT('',(263.38125000007,9.074999999801,
    7.128041213545));
#1779 = ADVANCED_FACE('',(#1780),#1818,.F.);
#1780 = FACE_BOUND('',#1781,.F.);
#1781 = EDGE_LOOP('',(#1782,#1783,#1792,#1803,#1810,#1811));
#1782 = ORIENTED_EDGE('',*,*,#225,.T.);
#1783 = ORIENTED_EDGE('',*,*,#1784,.T.);
#1784 = EDGE_CURVE('',#226,#1785,#1787,.T.);
#1785 = VERTEX_POINT('',#1786);
#1786 = CARTESIAN_POINT('',(263.38125000001,4.485799827678,
    7.450061775221));
#1787 = B_SPLINE_CURVE_WITH_KNOTS('',3,(#1788,#1789,#1790,#1791),
  .UNSPECIFIED.,.F.,.F.,(4,4),(2.732092086888,4.014637959679),
  .PIECEWISE_BEZIER_KNOTS.);
#1788 = CARTESIAN_POINT('',(263.38125000001,5.767658455807,
    7.412799660146));
#1789 = CARTESIAN_POINT('',(263.38125000002,5.340151685152,
    7.432007828864));
#1790 = CARTESIAN_POINT('',(263.38125000003,4.912757499726,
    7.444423776871));
#1791 = CARTESIAN_POINT('',(263.38125000004,4.485799827686,
    7.450061775221));
#1792 = ORIENTED_EDGE('',*,*,#1793,.T.);
#1793 = EDGE_CURVE('',#1785,#1794,#1796,.T.);
#1794 = VERTEX_POINT('',#1795);
#1795 = CARTESIAN_POINT('',(274.68125000001,4.485799827664,
    7.450061775184));
#1796 = B_SPLINE_CURVE_WITH_KNOTS('',3,(#1797,#1798,#1799,#1800,#1801,
    #1802),.UNSPECIFIED.,.F.,.F.,(4,2,4),(0.113000000249,5.763000000148,
    11.413000000272),.UNSPECIFIED.);
#1797 = CARTESIAN_POINT('',(263.38125000001,4.485799827686,
    7.450061775221));
#1798 = CARTESIAN_POINT('',(265.26458333331,4.485799827686,
    7.450061775214));
#1799 = CARTESIAN_POINT('',(267.14791666661,4.485799827693,
    7.450061775208));
#1800 = CARTESIAN_POINT('',(270.91458333329,4.485799827686,
    7.450061775196));
#1801 = CARTESIAN_POINT('',(272.79791666667,4.485799827657,7.45006177519
    ));
#1802 = CARTESIAN_POINT('',(274.68125000003,4.485799827657,
    7.450061775184));
#1803 = ORIENTED_EDGE('',*,*,#1804,.T.);
#1804 = EDGE_CURVE('',#1794,#688,#1805,.T.);
#1805 = B_SPLINE_CURVE_WITH_KNOTS('',3,(#1806,#1807,#1808,#1809),
  .UNSPECIFIED.,.F.,.F.,(4,4),(0.258096685295,1.5406425581),
  .PIECEWISE_BEZIER_KNOTS.);
#1806 = CARTESIAN_POINT('',(274.68125000001,4.485799827649,
    7.450061775184));
#1807 = CARTESIAN_POINT('',(274.68125,4.912757499696,7.444423776837));
#1808 = CARTESIAN_POINT('',(274.68124999999,5.340151685137,
    7.432007828833));
#1809 = CARTESIAN_POINT('',(274.68124999998,5.767658455799,
    7.412799660117));
#1810 = ORIENTED_EDGE('',*,*,#695,.T.);
#1811 = ORIENTED_EDGE('',*,*,#1812,.T.);
#1812 = EDGE_CURVE('',#696,#218,#1813,.T.);
#1813 = B_SPLINE_CURVE_WITH_KNOTS('',3,(#1814,#1815,#1816,#1817),
  .UNSPECIFIED.,.F.,.F.,(4,4),(2.770343876834,8.75565612307),
  .PIECEWISE_BEZIER_KNOTS.);
#1814 = CARTESIAN_POINT('',(272.02390612313,8.425000000003,7.20563934639
    ));
#1815 = CARTESIAN_POINT('',(270.02880204105,8.424999999959,
    7.205639346397));
#1816 = CARTESIAN_POINT('',(268.03369795898,8.424999999916,
    7.205639346404));
#1817 = CARTESIAN_POINT('',(266.0385938769,8.424999999872,7.205639346411
    ));
#1818 = B_SPLINE_SURFACE_WITH_KNOTS('',3,3,(
    (#1819,#1820,#1821,#1822)
    ,(#1823,#1824,#1825,#1826)
    ,(#1827,#1828,#1829,#1830)
    ,(#1831,#1832,#1833,#1834
    )),.UNSPECIFIED.,.F.,.F.,.F.,(4,4),(4,4),(2.666317862079,
    2.94103423161),(-0.230387484909,-0.133236973648),
  .PIECEWISE_BEZIER_KNOTS.);
#1819 = CARTESIAN_POINT('',(274.68124999995,8.425000000199,
    7.205639346366));
#1820 = CARTESIAN_POINT('',(274.68124999998,7.114078224651,
    7.351399630899));
#1821 = CARTESIAN_POINT('',(274.68125000001,5.797877839861,7.43273571654
    ));
#1822 = CARTESIAN_POINT('',(274.68125000004,4.485799827649,
    7.450061775184));
#1823 = CARTESIAN_POINT('',(270.91458333328,8.425000000112,
    7.205639346379));
#1824 = CARTESIAN_POINT('',(270.91458333331,7.114078224564,
    7.351399630912));
#1825 = CARTESIAN_POINT('',(270.91458333333,5.797877839774,
    7.432735716554));
#1826 = CARTESIAN_POINT('',(270.91458333336,4.485799827562,
    7.450061775198));
#1827 = CARTESIAN_POINT('',(267.1479166666,8.425000000039,7.205639346392
    ));
#1828 = CARTESIAN_POINT('',(267.14791666663,7.114078224491,
    7.351399630926));
#1829 = CARTESIAN_POINT('',(267.14791666666,5.797877839701,
    7.432735716567));
#1830 = CARTESIAN_POINT('',(267.14791666669,4.485799827489,
    7.450061775211));
#1831 = CARTESIAN_POINT('',(263.38124999992,8.424999999952,
    7.205639346406));
#1832 = CARTESIAN_POINT('',(263.38124999995,7.114078224404,
    7.351399630939));
#1833 = CARTESIAN_POINT('',(263.38124999998,5.797877839614,
    7.432735716581));
#1834 = CARTESIAN_POINT('',(263.38125000001,4.485799827402,
    7.450061775224));
#1835 = ADVANCED_FACE('',(#1836),#1985,.T.);
#1836 = FACE_BOUND('',#1837,.T.);
#1837 = EDGE_LOOP('',(#1838,#1847,#1855,#1864,#1870,#1871,#1883,#1892,
    #1898,#1899,#1907,#1916,#1924,#1941,#1949,#1958,#1968,#1969,#1977,
    #1984));
#1838 = ORIENTED_EDGE('',*,*,#1839,.T.);
#1839 = EDGE_CURVE('',#1840,#1840,#1842,.T.);
#1840 = VERTEX_POINT('',#1841);
#1841 = CARTESIAN_POINT('',(313.05625000001,11.750000000022,
    0.200000000003));
#1842 = CIRCLE('',#1843,3.);
#1843 = AXIS2_PLACEMENT_3D('',#1844,#1845,#1846);
#1844 = CARTESIAN_POINT('',(313.05625000001,8.750000000022,
    0.200000000003));
#1845 = DIRECTION('',(0.,1.836970198721E-16,1.));
#1846 = DIRECTION('',(0.,-1.,1.836970198721E-16));
#1847 = ORIENTED_EDGE('',*,*,#1848,.T.);
#1848 = EDGE_CURVE('',#1840,#1849,#1851,.T.);
#1849 = VERTEX_POINT('',#1850);
#1850 = CARTESIAN_POINT('',(313.05625000001,11.750000000022,
    4.170941870688));
#1851 = LINE('',#1852,#1853);
#1852 = CARTESIAN_POINT('',(313.05625000001,11.750000000022,
    13.387974034051));
#1853 = VECTOR('',#1854,1.);
#1854 = DIRECTION('',(0.,-1.224646799147E-16,1.));
#1855 = ORIENTED_EDGE('',*,*,#1856,.F.);
#1856 = EDGE_CURVE('',#1857,#1849,#1859,.T.);
#1857 = VERTEX_POINT('',#1858);
#1858 = CARTESIAN_POINT('',(313.38125000001,11.732343876909,
    4.170941870688));
#1859 = CIRCLE('',#1860,3.);
#1860 = AXIS2_PLACEMENT_3D('',#1861,#1862,#1863);
#1861 = CARTESIAN_POINT('',(313.05625000001,8.750000000022,
    4.170941870688));
#1862 = DIRECTION('',(0.,0.,1.));
#1863 = DIRECTION('',(0.,-1.,0.));
#1864 = ORIENTED_EDGE('',*,*,#1865,.F.);
#1865 = EDGE_CURVE('',#1512,#1857,#1866,.T.);
#1866 = LINE('',#1867,#1868);
#1867 = CARTESIAN_POINT('',(313.38125000001,11.732343876909,
    13.387974034051));
#1868 = VECTOR('',#1869,1.);
#1869 = DIRECTION('',(0.,1.224646799147E-16,-1.));
#1870 = ORIENTED_EDGE('',*,*,#1511,.T.);
#1871 = ORIENTED_EDGE('',*,*,#1872,.F.);
#1872 = EDGE_CURVE('',#1873,#1514,#1875,.T.);
#1873 = VERTEX_POINT('',#1874);
#1874 = CARTESIAN_POINT('',(316.0385938769,9.074999999997,4.170941870688
    ));
#1875 = B_SPLINE_CURVE_WITH_KNOTS('',3,(#1876,#1877,#1878,#1879,#1880,
    #1881,#1882),.UNSPECIFIED.,.F.,.F.,(4,3,4),(-3.643116608275,
    -3.243116608275,-0.686017265478),.UNSPECIFIED.);
#1876 = CARTESIAN_POINT('',(316.0385938769,9.075000000004,4.170941870688
    ));
#1877 = CARTESIAN_POINT('',(316.0385938769,9.075000000004,4.304275204021
    ));
#1878 = CARTESIAN_POINT('',(316.0385938769,9.074999999997,4.437608537355
    ));
#1879 = CARTESIAN_POINT('',(316.0385938769,9.074999999997,4.570941870688
    ));
#1880 = CARTESIAN_POINT('',(316.0385938769,9.074999999997,5.423308318287
    ));
#1881 = CARTESIAN_POINT('',(316.03859387691,9.074999999997,
    6.275674765886));
#1882 = CARTESIAN_POINT('',(316.03859387691,9.074999999997,
    7.128041213484));
#1883 = ORIENTED_EDGE('',*,*,#1884,.F.);
#1884 = EDGE_CURVE('',#1885,#1873,#1887,.T.);
#1885 = VERTEX_POINT('',#1886);
#1886 = CARTESIAN_POINT('',(316.0385938769,8.424999999996,4.170941870688
    ));
#1887 = CIRCLE('',#1888,3.);
#1888 = AXIS2_PLACEMENT_3D('',#1889,#1890,#1891);
#1889 = CARTESIAN_POINT('',(313.05625000001,8.750000000022,
    4.170941870688));
#1890 = DIRECTION('',(0.,0.,1.));
#1891 = DIRECTION('',(0.,-1.,0.));
#1892 = ORIENTED_EDGE('',*,*,#1893,.F.);
#1893 = EDGE_CURVE('',#781,#1885,#1894,.T.);
#1894 = LINE('',#1895,#1896);
#1895 = CARTESIAN_POINT('',(316.0385938769,8.424999999996,
    13.387974034051));
#1896 = VECTOR('',#1897,1.);
#1897 = DIRECTION('',(0.,1.224646799147E-16,-1.));
#1898 = ORIENTED_EDGE('',*,*,#780,.T.);
#1899 = ORIENTED_EDGE('',*,*,#1900,.F.);
#1900 = EDGE_CURVE('',#1901,#783,#1903,.T.);
#1901 = VERTEX_POINT('',#1902);
#1902 = CARTESIAN_POINT('',(313.38125000001,5.767656123135,
    4.170941870688));
#1903 = LINE('',#1904,#1905);
#1904 = CARTESIAN_POINT('',(313.38125000001,5.767656123135,
    13.387974034051));
#1905 = VECTOR('',#1906,1.);
#1906 = DIRECTION('',(0.,-1.224646799147E-16,1.));
#1907 = ORIENTED_EDGE('',*,*,#1908,.F.);
#1908 = EDGE_CURVE('',#1909,#1901,#1911,.T.);
#1909 = VERTEX_POINT('',#1910);
#1910 = CARTESIAN_POINT('',(312.73125000001,5.767656123135,
    4.170941870688));
#1911 = CIRCLE('',#1912,3.);
#1912 = AXIS2_PLACEMENT_3D('',#1913,#1914,#1915);
#1913 = CARTESIAN_POINT('',(313.05625000001,8.750000000022,
    4.170941870688));
#1914 = DIRECTION('',(0.,0.,1.));
#1915 = DIRECTION('',(0.,-1.,0.));
#1916 = ORIENTED_EDGE('',*,*,#1917,.F.);
#1917 = EDGE_CURVE('',#1918,#1909,#1920,.T.);
#1918 = VERTEX_POINT('',#1919);
#1919 = CARTESIAN_POINT('',(312.73125000001,5.767656123142,7.41282167397
    ));
#1920 = LINE('',#1921,#1922);
#1921 = CARTESIAN_POINT('',(312.73125000001,5.767656123135,
    13.387974034051));
#1922 = VECTOR('',#1923,1.);
#1923 = DIRECTION('',(0.,1.224646799147E-16,-1.));
#1924 = ORIENTED_EDGE('',*,*,#1925,.T.);
#1925 = EDGE_CURVE('',#1918,#1926,#1928,.T.);
#1926 = VERTEX_POINT('',#1927);
#1927 = CARTESIAN_POINT('',(310.07390612313,8.424999999996,
    7.205639346352));
#1928 = B_SPLINE_CURVE_WITH_KNOTS('',3,(#1929,#1930,#1931,#1932,#1933,
    #1934,#1935,#1936,#1937,#1938,#1939,#1940),.UNSPECIFIED.,.F.,.F.,(4,
    2,2,2,2,4),(9.394298658444E-02,0.608787348303,1.509542315534,
    2.707279741457,3.497301828771,4.170533040358),.UNSPECIFIED.);
#1929 = CARTESIAN_POINT('',(312.73125,5.767656123142,7.41282167397));
#1930 = CARTESIAN_POINT('',(312.56076168695,5.78623503424,7.411987240558
    ));
#1931 = CARTESIAN_POINT('',(312.3921254633,5.819405337228,7.410492153704
    ));
#1932 = CARTESIAN_POINT('',(311.93867422442,5.949792926272,7.4043156386)
  );
#1933 = CARTESIAN_POINT('',(311.66426796828,6.075593527632,
    7.398151371007));
#1934 = CARTESIAN_POINT('',(311.07929508974,6.458517402469,
    7.376468353423));
#1935 = CARTESIAN_POINT('',(310.79262276057,6.741327997108,
    7.358690783899));
#1936 = CARTESIAN_POINT('',(310.42265451972,7.289434719693,
    7.316318344368));
#1937 = CARTESIAN_POINT('',(310.30502629003,7.525426384862,7.29627525102
    ));
#1938 = CARTESIAN_POINT('',(310.14687158904,7.984828032342,
    7.252706619015));
#1939 = CARTESIAN_POINT('',(310.09805859989,8.203366180991,
    7.230282623407));
#1940 = CARTESIAN_POINT('',(310.07390612313,8.424999999996,
    7.205639346351));
#1941 = ORIENTED_EDGE('',*,*,#1942,.F.);
#1942 = EDGE_CURVE('',#1943,#1926,#1945,.T.);
#1943 = VERTEX_POINT('',#1944);
#1944 = CARTESIAN_POINT('',(310.07390612313,8.424999999996,
    4.170941870688));
#1945 = LINE('',#1946,#1947);
#1946 = CARTESIAN_POINT('',(310.07390612313,8.424999999996,
    13.387974034051));
#1947 = VECTOR('',#1948,1.);
#1948 = DIRECTION('',(0.,-1.224646799147E-16,1.));
#1949 = ORIENTED_EDGE('',*,*,#1950,.F.);
#1950 = EDGE_CURVE('',#1951,#1943,#1953,.T.);
#1951 = VERTEX_POINT('',#1952);
#1952 = CARTESIAN_POINT('',(310.07390612312,9.074999999997,
    4.170941870688));
#1953 = CIRCLE('',#1954,3.);
#1954 = AXIS2_PLACEMENT_3D('',#1955,#1956,#1957);
#1955 = CARTESIAN_POINT('',(313.05625000001,8.750000000022,
    4.170941870688));
#1956 = DIRECTION('',(0.,0.,1.));
#1957 = DIRECTION('',(0.,-1.,0.));
#1958 = ORIENTED_EDGE('',*,*,#1959,.F.);
#1959 = EDGE_CURVE('',#1594,#1951,#1960,.T.);
#1960 = B_SPLINE_CURVE_WITH_KNOTS('',3,(#1961,#1962,#1963,#1964,#1965,
    #1966,#1967),.UNSPECIFIED.,.F.,.F.,(4,3,4),(-2.5570993428,0.,0.4),
  .UNSPECIFIED.);
#1961 = CARTESIAN_POINT('',(310.07390612313,9.074999999997,
    7.128041213488));
#1962 = CARTESIAN_POINT('',(310.07390612313,9.074999999997,
    6.275674765888));
#1963 = CARTESIAN_POINT('',(310.07390612313,9.074999999997,
    5.423308318288));
#1964 = CARTESIAN_POINT('',(310.07390612312,9.074999999997,
    4.570941870688));
#1965 = CARTESIAN_POINT('',(310.07390612312,9.074999999997,
    4.437608537355));
#1966 = CARTESIAN_POINT('',(310.07390612312,9.074999999997,
    4.304275204021));
#1967 = CARTESIAN_POINT('',(310.07390612312,9.074999999997,
    4.170941870688));
#1968 = ORIENTED_EDGE('',*,*,#1593,.T.);
#1969 = ORIENTED_EDGE('',*,*,#1970,.F.);
#1970 = EDGE_CURVE('',#1971,#1596,#1973,.T.);
#1971 = VERTEX_POINT('',#1972);
#1972 = CARTESIAN_POINT('',(312.73125000001,11.732343876909,
    4.170941870688));
#1973 = LINE('',#1974,#1975);
#1974 = CARTESIAN_POINT('',(312.73125000001,11.732343876909,
    13.387974034051));
#1975 = VECTOR('',#1976,1.);
#1976 = DIRECTION('',(0.,-1.224646799147E-16,1.));
#1977 = ORIENTED_EDGE('',*,*,#1978,.F.);
#1978 = EDGE_CURVE('',#1849,#1971,#1979,.T.);
#1979 = CIRCLE('',#1980,3.);
#1980 = AXIS2_PLACEMENT_3D('',#1981,#1982,#1983);
#1981 = CARTESIAN_POINT('',(313.05625000001,8.750000000022,
    4.170941870688));
#1982 = DIRECTION('',(0.,0.,1.));
#1983 = DIRECTION('',(0.,-1.,0.));
#1984 = ORIENTED_EDGE('',*,*,#1848,.F.);
#1985 = CYLINDRICAL_SURFACE('',#1986,3.);
#1986 = AXIS2_PLACEMENT_3D('',#1987,#1988,#1989);
#1987 = CARTESIAN_POINT('',(313.05625000001,8.750000000022,
    13.387974034051));
#1988 = DIRECTION('',(0.,1.224646799147E-16,-1.));
#1989 = DIRECTION('',(0.,-1.,-1.224646799147E-16));
#1990 = ADVANCED_FACE('',(#1991,#2002),#2100,.F.);
#1991 = FACE_BOUND('',#1992,.T.);
#1992 = EDGE_LOOP('',(#1993));
#1993 = ORIENTED_EDGE('',*,*,#1994,.F.);
#1994 = EDGE_CURVE('',#1995,#1995,#1997,.T.);
#1995 = VERTEX_POINT('',#1996);
#1996 = CARTESIAN_POINT('',(223.05625000001,11.750000000022,
    0.200000000003));
#1997 = CIRCLE('',#1998,3.);
#1998 = AXIS2_PLACEMENT_3D('',#1999,#2000,#2001);
#1999 = CARTESIAN_POINT('',(223.05625000001,8.750000000022,
    0.200000000003));
#2000 = DIRECTION('',(0.,1.836970198721E-16,1.));
#2001 = DIRECTION('',(0.,-1.,1.836970198721E-16));
#2002 = FACE_BOUND('',#2003,.T.);
#2003 = EDGE_LOOP('',(#2004,#2014,#2022,#2030,#2038,#2046,#2054,#2062,
    #2070,#2078,#2086,#2094));
#2004 = ORIENTED_EDGE('',*,*,#2005,.F.);
#2005 = EDGE_CURVE('',#2006,#2008,#2010,.T.);
#2006 = VERTEX_POINT('',#2007);
#2007 = CARTESIAN_POINT('',(223.55625000001,6.750000000022,
    0.200000000003));
#2008 = VERTEX_POINT('',#2009);
#2009 = CARTESIAN_POINT('',(222.55625000001,6.750000000022,
    0.200000000003));
#2010 = LINE('',#2011,#2012);
#2011 = CARTESIAN_POINT('',(218.30625000001,6.750000000022,
    0.200000000003));
#2012 = VECTOR('',#2013,1.);
#2013 = DIRECTION('',(-1.,0.,0.));
#2014 = ORIENTED_EDGE('',*,*,#2015,.F.);
#2015 = EDGE_CURVE('',#2016,#2006,#2018,.T.);
#2016 = VERTEX_POINT('',#2017);
#2017 = CARTESIAN_POINT('',(223.55625000001,8.250000000022,
    0.200000000003));
#2018 = LINE('',#2019,#2020);
#2019 = CARTESIAN_POINT('',(223.55625000001,12.24601375452,
    0.200000000003));
#2020 = VECTOR('',#2021,1.);
#2021 = DIRECTION('',(0.,-1.,1.836970198721E-16));
#2022 = ORIENTED_EDGE('',*,*,#2023,.F.);
#2023 = EDGE_CURVE('',#2024,#2016,#2026,.T.);
#2024 = VERTEX_POINT('',#2025);
#2025 = CARTESIAN_POINT('',(225.05625000001,8.250000000022,
    0.200000000003));
#2026 = LINE('',#2027,#2028);
#2027 = CARTESIAN_POINT('',(218.80625000001,8.250000000022,
    0.200000000003));
#2028 = VECTOR('',#2029,1.);
#2029 = DIRECTION('',(-1.,0.,0.));
#2030 = ORIENTED_EDGE('',*,*,#2031,.F.);
#2031 = EDGE_CURVE('',#2032,#2024,#2034,.T.);
#2032 = VERTEX_POINT('',#2033);
#2033 = CARTESIAN_POINT('',(225.05625000001,9.250000000022,
    0.200000000003));
#2034 = LINE('',#2035,#2036);
#2035 = CARTESIAN_POINT('',(225.05625000001,12.99601375452,
    0.200000000003));
#2036 = VECTOR('',#2037,1.);
#2037 = DIRECTION('',(0.,-1.,1.836970198721E-16));
#2038 = ORIENTED_EDGE('',*,*,#2039,.F.);
#2039 = EDGE_CURVE('',#2040,#2032,#2042,.T.);
#2040 = VERTEX_POINT('',#2041);
#2041 = CARTESIAN_POINT('',(223.55625000001,9.250000000022,
    0.200000000003));
#2042 = LINE('',#2043,#2044);
#2043 = CARTESIAN_POINT('',(219.55625000001,9.250000000022,
    0.200000000003));
#2044 = VECTOR('',#2045,1.);
#2045 = DIRECTION('',(1.,0.,0.));
#2046 = ORIENTED_EDGE('',*,*,#2047,.F.);
#2047 = EDGE_CURVE('',#2048,#2040,#2050,.T.);
#2048 = VERTEX_POINT('',#2049);
#2049 = CARTESIAN_POINT('',(223.55625000001,10.750000000022,
    0.200000000003));
#2050 = LINE('',#2051,#2052);
#2051 = CARTESIAN_POINT('',(223.55625000001,13.49601375452,
    0.200000000003));
#2052 = VECTOR('',#2053,1.);
#2053 = DIRECTION('',(0.,-1.,1.836970198721E-16));
#2054 = ORIENTED_EDGE('',*,*,#2055,.F.);
#2055 = EDGE_CURVE('',#2056,#2048,#2058,.T.);
#2056 = VERTEX_POINT('',#2057);
#2057 = CARTESIAN_POINT('',(222.55625000001,10.750000000022,
    0.200000000003));
#2058 = LINE('',#2059,#2060);
#2059 = CARTESIAN_POINT('',(218.80625000001,10.750000000022,
    0.200000000003));
#2060 = VECTOR('',#2061,1.);
#2061 = DIRECTION('',(1.,0.,0.));
#2062 = ORIENTED_EDGE('',*,*,#2063,.F.);
#2063 = EDGE_CURVE('',#2064,#2056,#2066,.T.);
#2064 = VERTEX_POINT('',#2065);
#2065 = CARTESIAN_POINT('',(222.55625000001,9.250000000022,
    0.200000000003));
#2066 = LINE('',#2067,#2068);
#2067 = CARTESIAN_POINT('',(222.55625000001,14.24601375452,
    0.200000000003));
#2068 = VECTOR('',#2069,1.);
#2069 = DIRECTION('',(0.,1.,-1.836970198721E-16));
#2070 = ORIENTED_EDGE('',*,*,#2071,.F.);
#2071 = EDGE_CURVE('',#2072,#2064,#2074,.T.);
#2072 = VERTEX_POINT('',#2073);
#2073 = CARTESIAN_POINT('',(221.05625000001,9.250000000022,
    0.200000000003));
#2074 = LINE('',#2075,#2076);
#2075 = CARTESIAN_POINT('',(218.30625000001,9.250000000022,
    0.200000000003));
#2076 = VECTOR('',#2077,1.);
#2077 = DIRECTION('',(1.,0.,0.));
#2078 = ORIENTED_EDGE('',*,*,#2079,.F.);
#2079 = EDGE_CURVE('',#2080,#2072,#2082,.T.);
#2080 = VERTEX_POINT('',#2081);
#2081 = CARTESIAN_POINT('',(221.05625000001,8.250000000022,
    0.200000000003));
#2082 = LINE('',#2083,#2084);
#2083 = CARTESIAN_POINT('',(221.05625000001,13.49601375452,
    0.200000000003));
#2084 = VECTOR('',#2085,1.);
#2085 = DIRECTION('',(0.,1.,-1.836970198721E-16));
#2086 = ORIENTED_EDGE('',*,*,#2087,.F.);
#2087 = EDGE_CURVE('',#2088,#2080,#2090,.T.);
#2088 = VERTEX_POINT('',#2089);
#2089 = CARTESIAN_POINT('',(222.55625000001,8.250000000022,
    0.200000000003));
#2090 = LINE('',#2091,#2092);
#2091 = CARTESIAN_POINT('',(217.55625000001,8.250000000022,
    0.200000000003));
#2092 = VECTOR('',#2093,1.);
#2093 = DIRECTION('',(-1.,0.,0.));
#2094 = ORIENTED_EDGE('',*,*,#2095,.F.);
#2095 = EDGE_CURVE('',#2008,#2088,#2096,.T.);
#2096 = LINE('',#2097,#2098);
#2097 = CARTESIAN_POINT('',(222.55625000001,12.99601375452,
    0.200000000003));
#2098 = VECTOR('',#2099,1.);
#2099 = DIRECTION('',(0.,1.,-1.836970198721E-16));
#2100 = PLANE('',#2101);
#2101 = AXIS2_PLACEMENT_3D('',#2102,#2103,#2104);
#2102 = CARTESIAN_POINT('',(214.05625000001,17.742027509019,
    0.200000000003));
#2103 = DIRECTION('',(0.,1.836970198721E-16,1.));
#2104 = DIRECTION('',(0.,-1.,1.836970198721E-16));
#2105 = ADVANCED_FACE('',(#2106),#2229,.T.);
#2106 = FACE_BOUND('',#2107,.T.);
#2107 = EDGE_LOOP('',(#2108,#2109,#2117,#2126,#2132,#2133,#2145,#2154,
    #2160,#2161,#2169,#2178,#2184,#2185,#2193,#2202,#2212,#2213,#2221,
    #2228));
#2108 = ORIENTED_EDGE('',*,*,#1994,.T.);
#2109 = ORIENTED_EDGE('',*,*,#2110,.T.);
#2110 = EDGE_CURVE('',#1995,#2111,#2113,.T.);
#2111 = VERTEX_POINT('',#2112);
#2112 = CARTESIAN_POINT('',(223.05625000001,11.750000000022,
    4.170941870688));
#2113 = LINE('',#2114,#2115);
#2114 = CARTESIAN_POINT('',(223.05625000001,11.750000000022,
    13.387974034051));
#2115 = VECTOR('',#2116,1.);
#2116 = DIRECTION('',(0.,-1.224646799147E-16,1.));
#2117 = ORIENTED_EDGE('',*,*,#2118,.F.);
#2118 = EDGE_CURVE('',#2119,#2111,#2121,.T.);
#2119 = VERTEX_POINT('',#2120);
#2120 = CARTESIAN_POINT('',(223.38125000002,11.732343876909,
    4.170941870688));
#2121 = CIRCLE('',#2122,3.);
#2122 = AXIS2_PLACEMENT_3D('',#2123,#2124,#2125);
#2123 = CARTESIAN_POINT('',(223.05625000001,8.750000000022,
    4.170941870688));
#2124 = DIRECTION('',(0.,0.,1.));
#2125 = DIRECTION('',(0.,-1.,0.));
#2126 = ORIENTED_EDGE('',*,*,#2127,.F.);
#2127 = EDGE_CURVE('',#1377,#2119,#2128,.T.);
#2128 = LINE('',#2129,#2130);
#2129 = CARTESIAN_POINT('',(223.38125000002,11.732343876909,
    13.387974034051));
#2130 = VECTOR('',#2131,1.);
#2131 = DIRECTION('',(0.,1.224646799147E-16,-1.));
#2132 = ORIENTED_EDGE('',*,*,#1376,.T.);
#2133 = ORIENTED_EDGE('',*,*,#2134,.F.);
#2134 = EDGE_CURVE('',#2135,#1379,#2137,.T.);
#2135 = VERTEX_POINT('',#2136);
#2136 = CARTESIAN_POINT('',(226.0385938769,9.075000000033,4.170941870688
    ));
#2137 = B_SPLINE_CURVE_WITH_KNOTS('',3,(#2138,#2139,#2140,#2141,#2142,
    #2143,#2144),.UNSPECIFIED.,.F.,.F.,(4,3,4),(-3.643116608506,
    -3.243116608506,-0.686017265652),.UNSPECIFIED.);
#2138 = CARTESIAN_POINT('',(226.0385938769,9.075000000033,4.170941870688
    ));
#2139 = CARTESIAN_POINT('',(226.0385938769,9.075000000033,4.304275204021
    ));
#2140 = CARTESIAN_POINT('',(226.0385938769,9.075000000033,4.437608537355
    ));
#2141 = CARTESIAN_POINT('',(226.0385938769,9.075000000033,4.570941870688
    ));
#2142 = CARTESIAN_POINT('',(226.0385938769,9.075000000033,5.423308318306
    ));
#2143 = CARTESIAN_POINT('',(226.0385938769,9.075000000033,6.275674765924
    ));
#2144 = CARTESIAN_POINT('',(226.0385938769,9.075000000033,7.128041213542
    ));
#2145 = ORIENTED_EDGE('',*,*,#2146,.F.);
#2146 = EDGE_CURVE('',#2147,#2135,#2149,.T.);
#2147 = VERTEX_POINT('',#2148);
#2148 = CARTESIAN_POINT('',(226.0385938769,8.425000000025,4.170941870688
    ));
#2149 = CIRCLE('',#2150,3.);
#2150 = AXIS2_PLACEMENT_3D('',#2151,#2152,#2153);
#2151 = CARTESIAN_POINT('',(223.05625000001,8.750000000022,
    4.170941870688));
#2152 = DIRECTION('',(0.,0.,1.));
#2153 = DIRECTION('',(0.,-1.,0.));
#2154 = ORIENTED_EDGE('',*,*,#2155,.F.);
#2155 = EDGE_CURVE('',#994,#2147,#2156,.T.);
#2156 = LINE('',#2157,#2158);
#2157 = CARTESIAN_POINT('',(226.0385938769,8.425000000025,
    13.387974034051));
#2158 = VECTOR('',#2159,1.);
#2159 = DIRECTION('',(0.,1.224646799147E-16,-1.));
#2160 = ORIENTED_EDGE('',*,*,#1004,.T.);
#2161 = ORIENTED_EDGE('',*,*,#2162,.F.);
#2162 = EDGE_CURVE('',#2163,#1005,#2165,.T.);
#2163 = VERTEX_POINT('',#2164);
#2164 = CARTESIAN_POINT('',(223.38125000002,5.767656123135,
    4.170941870688));
#2165 = LINE('',#2166,#2167);
#2166 = CARTESIAN_POINT('',(223.38125000002,5.767656123135,
    13.387974034051));
#2167 = VECTOR('',#2168,1.);
#2168 = DIRECTION('',(0.,-1.224646799147E-16,1.));
#2169 = ORIENTED_EDGE('',*,*,#2170,.F.);
#2170 = EDGE_CURVE('',#2171,#2163,#2173,.T.);
#2171 = VERTEX_POINT('',#2172);
#2172 = CARTESIAN_POINT('',(222.73125000002,5.767656123135,
    4.170941870688));
#2173 = CIRCLE('',#2174,3.);
#2174 = AXIS2_PLACEMENT_3D('',#2175,#2176,#2177);
#2175 = CARTESIAN_POINT('',(223.05625000001,8.750000000022,
    4.170941870688));
#2176 = DIRECTION('',(0.,0.,1.));
#2177 = DIRECTION('',(0.,-1.,0.));
#2178 = ORIENTED_EDGE('',*,*,#2179,.F.);
#2179 = EDGE_CURVE('',#1234,#2171,#2180,.T.);
#2180 = LINE('',#2181,#2182);
#2181 = CARTESIAN_POINT('',(222.73125000002,5.767656123135,
    13.387974034051));
#2182 = VECTOR('',#2183,1.);
#2183 = DIRECTION('',(0.,1.224646799147E-16,-1.));
#2184 = ORIENTED_EDGE('',*,*,#1242,.T.);
#2185 = ORIENTED_EDGE('',*,*,#2186,.F.);
#2186 = EDGE_CURVE('',#2187,#1243,#2189,.T.);
#2187 = VERTEX_POINT('',#2188);
#2188 = CARTESIAN_POINT('',(220.07390612312,8.425000000025,
    4.170941870688));
#2189 = LINE('',#2190,#2191);
#2190 = CARTESIAN_POINT('',(220.07390612312,8.425000000025,
    13.387974034051));
#2191 = VECTOR('',#2192,1.);
#2192 = DIRECTION('',(0.,-1.224646799147E-16,1.));
#2193 = ORIENTED_EDGE('',*,*,#2194,.F.);
#2194 = EDGE_CURVE('',#2195,#2187,#2197,.T.);
#2195 = VERTEX_POINT('',#2196);
#2196 = CARTESIAN_POINT('',(220.07390612313,9.075000000033,
    4.170941870688));
#2197 = CIRCLE('',#2198,3.);
#2198 = AXIS2_PLACEMENT_3D('',#2199,#2200,#2201);
#2199 = CARTESIAN_POINT('',(223.05625000001,8.750000000022,
    4.170941870688));
#2200 = DIRECTION('',(0.,0.,1.));
#2201 = DIRECTION('',(0.,-1.,0.));
#2202 = ORIENTED_EDGE('',*,*,#2203,.F.);
#2203 = EDGE_CURVE('',#1324,#2195,#2204,.T.);
#2204 = B_SPLINE_CURVE_WITH_KNOTS('',3,(#2205,#2206,#2207,#2208,#2209,
    #2210,#2211),.UNSPECIFIED.,.F.,.F.,(4,3,4),(-2.557099342858,0.,0.4),
  .UNSPECIFIED.);
#2205 = CARTESIAN_POINT('',(220.07390612313,9.075000000033,
    7.128041213546));
#2206 = CARTESIAN_POINT('',(220.07390612313,9.075000000033,
    6.275674765927));
#2207 = CARTESIAN_POINT('',(220.07390612313,9.075000000033,
    5.423308318307));
#2208 = CARTESIAN_POINT('',(220.07390612313,9.075000000033,
    4.570941870688));
#2209 = CARTESIAN_POINT('',(220.07390612313,9.075000000033,
    4.437608537355));
#2210 = CARTESIAN_POINT('',(220.07390612313,9.075000000033,
    4.304275204021));
#2211 = CARTESIAN_POINT('',(220.07390612313,9.075000000033,
    4.170941870688));
#2212 = ORIENTED_EDGE('',*,*,#1334,.T.);
#2213 = ORIENTED_EDGE('',*,*,#2214,.F.);
#2214 = EDGE_CURVE('',#2215,#1335,#2217,.T.);
#2215 = VERTEX_POINT('',#2216);
#2216 = CARTESIAN_POINT('',(222.73125000002,11.732343876909,
    4.170941870688));
#2217 = LINE('',#2218,#2219);
#2218 = CARTESIAN_POINT('',(222.73125000002,11.732343876909,
    13.387974034051));
#2219 = VECTOR('',#2220,1.);
#2220 = DIRECTION('',(0.,-1.224646799147E-16,1.));
#2221 = ORIENTED_EDGE('',*,*,#2222,.F.);
#2222 = EDGE_CURVE('',#2111,#2215,#2223,.T.);
#2223 = CIRCLE('',#2224,3.);
#2224 = AXIS2_PLACEMENT_3D('',#2225,#2226,#2227);
#2225 = CARTESIAN_POINT('',(223.05625000001,8.750000000022,
    4.170941870688));
#2226 = DIRECTION('',(0.,0.,1.));
#2227 = DIRECTION('',(0.,-1.,0.));
#2228 = ORIENTED_EDGE('',*,*,#2110,.F.);
#2229 = CYLINDRICAL_SURFACE('',#2230,3.);
#2230 = AXIS2_PLACEMENT_3D('',#2231,#2232,#2233);
#2231 = CARTESIAN_POINT('',(223.05625000001,8.750000000022,
    13.387974034051));
#2232 = DIRECTION('',(0.,1.224646799147E-16,-1.));
#2233 = DIRECTION('',(0.,-1.,-1.224646799147E-16));
#2234 = ADVANCED_FACE('',(#2235),#2261,.T.);
#2235 = FACE_BOUND('',#2236,.T.);
#2236 = EDGE_LOOP('',(#2237,#2248,#2254,#2255));
#2237 = ORIENTED_EDGE('',*,*,#2238,.T.);
#2238 = EDGE_CURVE('',#2239,#2241,#2243,.T.);
#2239 = VERTEX_POINT('',#2240);
#2240 = CARTESIAN_POINT('',(222.55625000001,10.750000000022,
    6.878620597245));
#2241 = VERTEX_POINT('',#2242);
#2242 = CARTESIAN_POINT('',(222.55625000002,9.250000000022,
    7.105325202006));
#2243 = B_SPLINE_CURVE_WITH_KNOTS('',3,(#2244,#2245,#2246,#2247),
  .UNSPECIFIED.,.F.,.F.,(4,4),(0.101177770958,1.618400735267),
  .PIECEWISE_BEZIER_KNOTS.);
#2244 = CARTESIAN_POINT('',(222.55625000001,10.750000000022,
    6.878620597244));
#2245 = CARTESIAN_POINT('',(222.55625000001,10.251449486568,
    6.963553030337));
#2246 = CARTESIAN_POINT('',(222.55625000001,9.751361642033,
    7.039134107961));
#2247 = CARTESIAN_POINT('',(222.55625000001,9.250000000029,
    7.105325202005));
#2248 = ORIENTED_EDGE('',*,*,#2249,.T.);
#2249 = EDGE_CURVE('',#2241,#2064,#2250,.T.);
#2250 = LINE('',#2251,#2252);
#2251 = CARTESIAN_POINT('',(222.55625000001,9.250000000022,
    13.387974034051));
#2252 = VECTOR('',#2253,1.);
#2253 = DIRECTION('',(0.,1.224646799147E-16,-1.));
#2254 = ORIENTED_EDGE('',*,*,#2063,.T.);
#2255 = ORIENTED_EDGE('',*,*,#2256,.F.);
#2256 = EDGE_CURVE('',#2239,#2056,#2257,.T.);
#2257 = LINE('',#2258,#2259);
#2258 = CARTESIAN_POINT('',(222.55625000001,10.750000000022,
    13.387974034051));
#2259 = VECTOR('',#2260,1.);
#2260 = DIRECTION('',(0.,1.224646799147E-16,-1.));
#2261 = PLANE('',#2262);
#2262 = AXIS2_PLACEMENT_3D('',#2263,#2264,#2265);
#2263 = CARTESIAN_POINT('',(222.55625000001,10.750000000022,
    13.387974034051));
#2264 = DIRECTION('',(1.,0.,0.));
#2265 = DIRECTION('',(0.,-1.,1.836970198721E-16));
#2266 = ADVANCED_FACE('',(#2267),#2288,.T.);
#2267 = FACE_BOUND('',#2268,.T.);
#2268 = EDGE_LOOP('',(#2269,#2280,#2281,#2282));
#2269 = ORIENTED_EDGE('',*,*,#2270,.T.);
#2270 = EDGE_CURVE('',#2271,#2239,#2273,.T.);
#2271 = VERTEX_POINT('',#2272);
#2272 = CARTESIAN_POINT('',(223.55625000001,10.750000000022,
    6.878620597245));
#2273 = B_SPLINE_CURVE_WITH_KNOTS('',3,(#2274,#2275,#2276,#2277,#2278,
    #2279),.UNSPECIFIED.,.F.,.F.,(4,2,4),(1.499999999952,2.000000000011,
    2.499999999965),.UNSPECIFIED.);
#2274 = CARTESIAN_POINT('',(223.55625000002,10.750000000029,
    6.878620597246));
#2275 = CARTESIAN_POINT('',(223.38958333334,10.750000000029,
    6.878620597246));
#2276 = CARTESIAN_POINT('',(223.22291666665,10.750000000029,
    6.878620597246));
#2277 = CARTESIAN_POINT('',(222.88958333331,10.750000000029,
    6.878620597245));
#2278 = CARTESIAN_POINT('',(222.72291666666,10.750000000029,
    6.878620597245));
#2279 = CARTESIAN_POINT('',(222.55625000001,10.750000000029,
    6.878620597245));
#2280 = ORIENTED_EDGE('',*,*,#2256,.T.);
#2281 = ORIENTED_EDGE('',*,*,#2055,.T.);
#2282 = ORIENTED_EDGE('',*,*,#2283,.F.);
#2283 = EDGE_CURVE('',#2271,#2048,#2284,.T.);
#2284 = LINE('',#2285,#2286);
#2285 = CARTESIAN_POINT('',(223.55625000001,10.750000000022,
    13.387974034051));
#2286 = VECTOR('',#2287,1.);
#2287 = DIRECTION('',(0.,1.224646799147E-16,-1.));
#2288 = PLANE('',#2289);
#2289 = AXIS2_PLACEMENT_3D('',#2290,#2291,#2292);
#2290 = CARTESIAN_POINT('',(223.55625000001,10.750000000022,
    13.387974034051));
#2291 = DIRECTION('',(0.,-1.,-1.224646799147E-16));
#2292 = DIRECTION('',(-1.,-0.,0.));
#2293 = ADVANCED_FACE('',(#2294),#2313,.T.);
#2294 = FACE_BOUND('',#2295,.T.);
#2295 = EDGE_LOOP('',(#2296,#2305,#2311,#2312));
#2296 = ORIENTED_EDGE('',*,*,#2297,.T.);
#2297 = EDGE_CURVE('',#2241,#2298,#2300,.T.);
#2298 = VERTEX_POINT('',#2299);
#2299 = CARTESIAN_POINT('',(221.05625000001,9.250000000022,
    7.105325202008));
#2300 = B_SPLINE_CURVE_WITH_KNOTS('',3,(#2301,#2302,#2303,#2304),
  .UNSPECIFIED.,.F.,.F.,(4,4),(2.499999999993,4.000000000022),
  .PIECEWISE_BEZIER_KNOTS.);
#2301 = CARTESIAN_POINT('',(222.55625000002,9.250000000029,
    7.105325202006));
#2302 = CARTESIAN_POINT('',(222.05625,9.250000000022,7.105325202007));
#2303 = CARTESIAN_POINT('',(221.55624999999,9.250000000015,
    7.105325202006));
#2304 = CARTESIAN_POINT('',(221.05624999999,9.250000000015,
    7.105325202007));
#2305 = ORIENTED_EDGE('',*,*,#2306,.T.);
#2306 = EDGE_CURVE('',#2298,#2072,#2307,.T.);
#2307 = LINE('',#2308,#2309);
#2308 = CARTESIAN_POINT('',(221.05625000001,9.250000000022,
    13.387974034051));
#2309 = VECTOR('',#2310,1.);
#2310 = DIRECTION('',(0.,1.224646799147E-16,-1.));
#2311 = ORIENTED_EDGE('',*,*,#2071,.T.);
#2312 = ORIENTED_EDGE('',*,*,#2249,.F.);
#2313 = PLANE('',#2314);
#2314 = AXIS2_PLACEMENT_3D('',#2315,#2316,#2317);
#2315 = CARTESIAN_POINT('',(222.55625000001,9.250000000022,
    13.387974034051));
#2316 = DIRECTION('',(0.,-1.,-1.224646799147E-16));
#2317 = DIRECTION('',(-1.,-0.,0.));
#2318 = ADVANCED_FACE('',(#2319),#2338,.T.);
#2319 = FACE_BOUND('',#2320,.T.);
#2320 = EDGE_LOOP('',(#2321,#2330,#2331,#2332));
#2321 = ORIENTED_EDGE('',*,*,#2322,.T.);
#2322 = EDGE_CURVE('',#2323,#2271,#2325,.T.);
#2323 = VERTEX_POINT('',#2324);
#2324 = CARTESIAN_POINT('',(223.55625000001,9.250000000022,
    7.105325202006));
#2325 = B_SPLINE_CURVE_WITH_KNOTS('',3,(#2326,#2327,#2328,#2329),
  .UNSPECIFIED.,.F.,.F.,(4,4),(2.540589000555,4.057811964867),
  .PIECEWISE_BEZIER_KNOTS.);
#2326 = CARTESIAN_POINT('',(223.55625000001,9.250000000015,
    7.105325202006));
#2327 = CARTESIAN_POINT('',(223.55625000001,9.751361642033,
    7.039134107961));
#2328 = CARTESIAN_POINT('',(223.55625000001,10.251449486539,
    6.963553030342));
#2329 = CARTESIAN_POINT('',(223.55625000001,10.75,6.878620597248));
#2330 = ORIENTED_EDGE('',*,*,#2283,.T.);
#2331 = ORIENTED_EDGE('',*,*,#2047,.T.);
#2332 = ORIENTED_EDGE('',*,*,#2333,.F.);
#2333 = EDGE_CURVE('',#2323,#2040,#2334,.T.);
#2334 = LINE('',#2335,#2336);
#2335 = CARTESIAN_POINT('',(223.55625000001,9.250000000022,
    13.387974034051));
#2336 = VECTOR('',#2337,1.);
#2337 = DIRECTION('',(0.,1.224646799147E-16,-1.));
#2338 = PLANE('',#2339);
#2339 = AXIS2_PLACEMENT_3D('',#2340,#2341,#2342);
#2340 = CARTESIAN_POINT('',(223.55625000001,9.250000000022,
    13.387974034051));
#2341 = DIRECTION('',(-1.,0.,0.));
#2342 = DIRECTION('',(0.,1.,-1.836970198721E-16));
#2343 = ADVANCED_FACE('',(#2344),#2363,.T.);
#2344 = FACE_BOUND('',#2345,.T.);
#2345 = EDGE_LOOP('',(#2346,#2355,#2361,#2362));
#2346 = ORIENTED_EDGE('',*,*,#2347,.T.);
#2347 = EDGE_CURVE('',#2298,#2348,#2350,.T.);
#2348 = VERTEX_POINT('',#2349);
#2349 = CARTESIAN_POINT('',(221.05625000001,8.250000000022,
    7.224712354932));
#2350 = B_SPLINE_CURVE_WITH_KNOTS('',3,(#2351,#2352,#2353,#2354),
  .UNSPECIFIED.,.F.,.F.,(4,4),(-0.250786779315,-0.226065241611),
  .PIECEWISE_BEZIER_KNOTS.);
#2351 = CARTESIAN_POINT('',(221.05624999999,9.249998587235,
    7.105297851644));
#2352 = CARTESIAN_POINT('',(221.05625,8.917084148619,7.14924527005));
#2353 = CARTESIAN_POINT('',(221.05625,8.58369914606,7.189044657111));
#2354 = CARTESIAN_POINT('',(221.05625000001,8.249998932923,
    7.224685126427));
#2355 = ORIENTED_EDGE('',*,*,#2356,.T.);
#2356 = EDGE_CURVE('',#2348,#2080,#2357,.T.);
#2357 = LINE('',#2358,#2359);
#2358 = CARTESIAN_POINT('',(221.05625000001,8.250000000022,
    13.387974034051));
#2359 = VECTOR('',#2360,1.);
#2360 = DIRECTION('',(0.,1.224646799147E-16,-1.));
#2361 = ORIENTED_EDGE('',*,*,#2079,.T.);
#2362 = ORIENTED_EDGE('',*,*,#2306,.F.);
#2363 = PLANE('',#2364);
#2364 = AXIS2_PLACEMENT_3D('',#2365,#2366,#2367);
#2365 = CARTESIAN_POINT('',(221.05625000001,9.250000000022,
    13.387974034051));
#2366 = DIRECTION('',(1.,0.,0.));
#2367 = DIRECTION('',(0.,-1.,1.836970198721E-16));
#2368 = ADVANCED_FACE('',(#2369),#2388,.T.);
#2369 = FACE_BOUND('',#2370,.T.);
#2370 = EDGE_LOOP('',(#2371,#2380,#2381,#2382));
#2371 = ORIENTED_EDGE('',*,*,#2372,.T.);
#2372 = EDGE_CURVE('',#2373,#2323,#2375,.T.);
#2373 = VERTEX_POINT('',#2374);
#2374 = CARTESIAN_POINT('',(225.05625000001,9.250000000022,
    7.105325202005));
#2375 = B_SPLINE_CURVE_WITH_KNOTS('',3,(#2376,#2377,#2378,#2379),
  .UNSPECIFIED.,.F.,.F.,(4,4),(0.,1.500000000011),
  .PIECEWISE_BEZIER_KNOTS.);
#2376 = CARTESIAN_POINT('',(225.05625000001,9.250000000022,
    7.105325202005));
#2377 = CARTESIAN_POINT('',(224.55625,9.250000000022,7.105325202005));
#2378 = CARTESIAN_POINT('',(224.05625,9.250000000029,7.105325202006));
#2379 = CARTESIAN_POINT('',(223.55624999999,9.250000000029,
    7.105325202006));
#2380 = ORIENTED_EDGE('',*,*,#2333,.T.);
#2381 = ORIENTED_EDGE('',*,*,#2039,.T.);
#2382 = ORIENTED_EDGE('',*,*,#2383,.F.);
#2383 = EDGE_CURVE('',#2373,#2032,#2384,.T.);
#2384 = LINE('',#2385,#2386);
#2385 = CARTESIAN_POINT('',(225.05625000001,9.250000000022,
    13.387974034051));
#2386 = VECTOR('',#2387,1.);
#2387 = DIRECTION('',(0.,1.224646799147E-16,-1.));
#2388 = PLANE('',#2389);
#2389 = AXIS2_PLACEMENT_3D('',#2390,#2391,#2392);
#2390 = CARTESIAN_POINT('',(225.05625000001,9.250000000022,
    13.387974034051));
#2391 = DIRECTION('',(0.,-1.,-1.224646799147E-16));
#2392 = DIRECTION('',(-1.,-0.,0.));
#2393 = ADVANCED_FACE('',(#2394),#2413,.T.);
#2394 = FACE_BOUND('',#2395,.T.);
#2395 = EDGE_LOOP('',(#2396,#2405,#2411,#2412));
#2396 = ORIENTED_EDGE('',*,*,#2397,.T.);
#2397 = EDGE_CURVE('',#2348,#2398,#2400,.T.);
#2398 = VERTEX_POINT('',#2399);
#2399 = CARTESIAN_POINT('',(222.55625000001,8.250000000022,
    7.224712354931));
#2400 = B_SPLINE_CURVE_WITH_KNOTS('',3,(#2401,#2402,#2403,#2404),
  .UNSPECIFIED.,.F.,.F.,(4,4),(0.,1.499999999985),
  .PIECEWISE_BEZIER_KNOTS.);
#2401 = CARTESIAN_POINT('',(221.05625000001,8.250000000022,
    7.224712354932));
#2402 = CARTESIAN_POINT('',(221.55625000001,8.250000000022,
    7.224712354931));
#2403 = CARTESIAN_POINT('',(222.05625,8.250000000022,7.224712354931));
#2404 = CARTESIAN_POINT('',(222.55624999999,8.250000000022,7.22471235493
    ));
#2405 = ORIENTED_EDGE('',*,*,#2406,.T.);
#2406 = EDGE_CURVE('',#2398,#2088,#2407,.T.);
#2407 = LINE('',#2408,#2409);
#2408 = CARTESIAN_POINT('',(222.55625000001,8.250000000022,
    13.387974034051));
#2409 = VECTOR('',#2410,1.);
#2410 = DIRECTION('',(0.,1.224646799147E-16,-1.));
#2411 = ORIENTED_EDGE('',*,*,#2087,.T.);
#2412 = ORIENTED_EDGE('',*,*,#2356,.F.);
#2413 = PLANE('',#2414);
#2414 = AXIS2_PLACEMENT_3D('',#2415,#2416,#2417);
#2415 = CARTESIAN_POINT('',(221.05625000001,8.250000000022,
    13.387974034051));
#2416 = DIRECTION('',(0.,1.,1.224646799147E-16));
#2417 = DIRECTION('',(1.,0.,-0.));
#2418 = ADVANCED_FACE('',(#2419),#2438,.T.);
#2419 = FACE_BOUND('',#2420,.T.);
#2420 = EDGE_LOOP('',(#2421,#2430,#2431,#2432));
#2421 = ORIENTED_EDGE('',*,*,#2422,.T.);
#2422 = EDGE_CURVE('',#2423,#2373,#2425,.T.);
#2423 = VERTEX_POINT('',#2424);
#2424 = CARTESIAN_POINT('',(225.05625000002,8.250000000022,
    7.224712354927));
#2425 = B_SPLINE_CURVE_WITH_KNOTS('',3,(#2426,#2427,#2428,#2429),
  .UNSPECIFIED.,.F.,.F.,(4,4),(0.226065241609,0.250786779313),
  .PIECEWISE_BEZIER_KNOTS.);
#2426 = CARTESIAN_POINT('',(225.05625000003,8.249998932915,
    7.224685126423));
#2427 = CARTESIAN_POINT('',(225.05625000002,8.583699146053,
    7.189044657107));
#2428 = CARTESIAN_POINT('',(225.05625000002,8.917084148612,
    7.149245270047));
#2429 = CARTESIAN_POINT('',(225.05625000001,9.249998587227,
    7.105297851642));
#2430 = ORIENTED_EDGE('',*,*,#2383,.T.);
#2431 = ORIENTED_EDGE('',*,*,#2031,.T.);
#2432 = ORIENTED_EDGE('',*,*,#2433,.F.);
#2433 = EDGE_CURVE('',#2423,#2024,#2434,.T.);
#2434 = LINE('',#2435,#2436);
#2435 = CARTESIAN_POINT('',(225.05625000001,8.250000000022,
    13.387974034051));
#2436 = VECTOR('',#2437,1.);
#2437 = DIRECTION('',(0.,1.224646799147E-16,-1.));
#2438 = PLANE('',#2439);
#2439 = AXIS2_PLACEMENT_3D('',#2440,#2441,#2442);
#2440 = CARTESIAN_POINT('',(225.05625000001,8.250000000022,
    13.387974034051));
#2441 = DIRECTION('',(-1.,0.,0.));
#2442 = DIRECTION('',(0.,1.,-1.836970198721E-16));
#2443 = ADVANCED_FACE('',(#2444),#2463,.T.);
#2444 = FACE_BOUND('',#2445,.T.);
#2445 = EDGE_LOOP('',(#2446,#2455,#2461,#2462));
#2446 = ORIENTED_EDGE('',*,*,#2447,.T.);
#2447 = EDGE_CURVE('',#2398,#2448,#2450,.T.);
#2448 = VERTEX_POINT('',#2449);
#2449 = CARTESIAN_POINT('',(222.55625000001,6.750000000022,
    7.356732339899));
#2450 = B_SPLINE_CURVE_WITH_KNOTS('',3,(#2451,#2452,#2453,#2454),
  .UNSPECIFIED.,.F.,.F.,(4,4),(2.625561995083,4.131541967529),
  .PIECEWISE_BEZIER_KNOTS.);
#2451 = CARTESIAN_POINT('',(222.55625000002,8.250000000022,7.22471235493
    ));
#2452 = CARTESIAN_POINT('',(222.55625000002,7.750876567065,
    7.278013310831));
#2453 = CARTESIAN_POINT('',(222.55625000001,7.250790127728,
    7.322028137079));
#2454 = CARTESIAN_POINT('',(222.55625000001,6.750000000022,7.3567323399)
  );
#2455 = ORIENTED_EDGE('',*,*,#2456,.T.);
#2456 = EDGE_CURVE('',#2448,#2008,#2457,.T.);
#2457 = LINE('',#2458,#2459);
#2458 = CARTESIAN_POINT('',(222.55625000001,6.750000000022,
    13.387974034051));
#2459 = VECTOR('',#2460,1.);
#2460 = DIRECTION('',(0.,1.224646799147E-16,-1.));
#2461 = ORIENTED_EDGE('',*,*,#2095,.T.);
#2462 = ORIENTED_EDGE('',*,*,#2406,.F.);
#2463 = PLANE('',#2464);
#2464 = AXIS2_PLACEMENT_3D('',#2465,#2466,#2467);
#2465 = CARTESIAN_POINT('',(222.55625000001,8.250000000022,
    13.387974034051));
#2466 = DIRECTION('',(1.,0.,0.));
#2467 = DIRECTION('',(0.,-1.,1.836970198721E-16));
#2468 = ADVANCED_FACE('',(#2469),#2488,.T.);
#2469 = FACE_BOUND('',#2470,.T.);
#2470 = EDGE_LOOP('',(#2471,#2480,#2481,#2482));
#2471 = ORIENTED_EDGE('',*,*,#2472,.T.);
#2472 = EDGE_CURVE('',#2473,#2423,#2475,.T.);
#2473 = VERTEX_POINT('',#2474);
#2474 = CARTESIAN_POINT('',(223.55625000001,8.250000000022,7.22471235493
    ));
#2475 = B_SPLINE_CURVE_WITH_KNOTS('',3,(#2476,#2477,#2478,#2479),
  .UNSPECIFIED.,.F.,.F.,(4,4),(2.499999999996,4.000000000025),
  .PIECEWISE_BEZIER_KNOTS.);
#2476 = CARTESIAN_POINT('',(223.55625,8.250000000022,7.224712354929));
#2477 = CARTESIAN_POINT('',(224.05625000002,8.250000000022,
    7.224712354929));
#2478 = CARTESIAN_POINT('',(224.55625000003,8.250000000029,
    7.224712354928));
#2479 = CARTESIAN_POINT('',(225.05625000004,8.250000000029,
    7.224712354928));
#2480 = ORIENTED_EDGE('',*,*,#2433,.T.);
#2481 = ORIENTED_EDGE('',*,*,#2023,.T.);
#2482 = ORIENTED_EDGE('',*,*,#2483,.F.);
#2483 = EDGE_CURVE('',#2473,#2016,#2484,.T.);
#2484 = LINE('',#2485,#2486);
#2485 = CARTESIAN_POINT('',(223.55625000001,8.250000000022,
    13.387974034051));
#2486 = VECTOR('',#2487,1.);
#2487 = DIRECTION('',(0.,1.224646799147E-16,-1.));
#2488 = PLANE('',#2489);
#2489 = AXIS2_PLACEMENT_3D('',#2490,#2491,#2492);
#2490 = CARTESIAN_POINT('',(223.55625000001,8.250000000022,
    13.387974034051));
#2491 = DIRECTION('',(0.,1.,1.224646799147E-16));
#2492 = DIRECTION('',(1.,0.,-0.));
#2493 = ADVANCED_FACE('',(#2494),#2515,.T.);
#2494 = FACE_BOUND('',#2495,.T.);
#2495 = EDGE_LOOP('',(#2496,#2507,#2513,#2514));
#2496 = ORIENTED_EDGE('',*,*,#2497,.T.);
#2497 = EDGE_CURVE('',#2448,#2498,#2500,.T.);
#2498 = VERTEX_POINT('',#2499);
#2499 = CARTESIAN_POINT('',(223.55625000001,6.750000000022,
    7.356732339898));
#2500 = B_SPLINE_CURVE_WITH_KNOTS('',3,(#2501,#2502,#2503,#2504,#2505,
    #2506),.UNSPECIFIED.,.F.,.F.,(4,2,4),(1.499999999952,2.000000000011,
    2.499999999965),.UNSPECIFIED.);
#2501 = CARTESIAN_POINT('',(222.55625,6.750000000022,7.3567323399));
#2502 = CARTESIAN_POINT('',(222.72291666668,6.750000000022,7.3567323399)
  );
#2503 = CARTESIAN_POINT('',(222.88958333337,6.750000000022,7.3567323399)
  );
#2504 = CARTESIAN_POINT('',(223.22291666671,6.750000000022,
    7.356732339899));
#2505 = CARTESIAN_POINT('',(223.38958333336,6.750000000022,
    7.356732339899));
#2506 = CARTESIAN_POINT('',(223.55625000001,6.750000000022,
    7.356732339898));
#2507 = ORIENTED_EDGE('',*,*,#2508,.T.);
#2508 = EDGE_CURVE('',#2498,#2006,#2509,.T.);
#2509 = LINE('',#2510,#2511);
#2510 = CARTESIAN_POINT('',(223.55625000001,6.750000000022,
    13.387974034051));
#2511 = VECTOR('',#2512,1.);
#2512 = DIRECTION('',(0.,1.224646799147E-16,-1.));
#2513 = ORIENTED_EDGE('',*,*,#2005,.T.);
#2514 = ORIENTED_EDGE('',*,*,#2456,.F.);
#2515 = PLANE('',#2516);
#2516 = AXIS2_PLACEMENT_3D('',#2517,#2518,#2519);
#2517 = CARTESIAN_POINT('',(222.55625000001,6.750000000022,
    13.387974034051));
#2518 = DIRECTION('',(0.,1.,1.224646799147E-16));
#2519 = DIRECTION('',(1.,0.,-0.));
#2520 = ADVANCED_FACE('',(#2521),#2533,.T.);
#2521 = FACE_BOUND('',#2522,.T.);
#2522 = EDGE_LOOP('',(#2523,#2530,#2531,#2532));
#2523 = ORIENTED_EDGE('',*,*,#2524,.T.);
#2524 = EDGE_CURVE('',#2498,#2473,#2525,.T.);
#2525 = B_SPLINE_CURVE_WITH_KNOTS('',3,(#2526,#2527,#2528,#2529),
  .UNSPECIFIED.,.F.,.F.,(4,4),(2.744776832562E-02,1.533427740753),
  .PIECEWISE_BEZIER_KNOTS.);
#2526 = CARTESIAN_POINT('',(223.55625000001,6.750000000058,
    7.356732339896));
#2527 = CARTESIAN_POINT('',(223.55625000001,7.25079012775,7.322028137076
    ));
#2528 = CARTESIAN_POINT('',(223.55625000001,7.750876567079,
    7.278013310829));
#2529 = CARTESIAN_POINT('',(223.55625000001,8.250000000022,
    7.224712354929));
#2530 = ORIENTED_EDGE('',*,*,#2483,.T.);
#2531 = ORIENTED_EDGE('',*,*,#2015,.T.);
#2532 = ORIENTED_EDGE('',*,*,#2508,.F.);
#2533 = PLANE('',#2534);
#2534 = AXIS2_PLACEMENT_3D('',#2535,#2536,#2537);
#2535 = CARTESIAN_POINT('',(223.55625000001,6.750000000022,
    13.387974034051));
#2536 = DIRECTION('',(-1.,0.,0.));
#2537 = DIRECTION('',(0.,1.,-1.836970198721E-16));
#2538 = ADVANCED_FACE('',(#2539),#2553,.F.);
#2539 = FACE_BOUND('',#2540,.F.);
#2540 = EDGE_LOOP('',(#2541,#2542,#2543,#2544,#2545,#2546,#2547,#2548,
    #2549,#2550,#2551,#2552));
#2541 = ORIENTED_EDGE('',*,*,#2297,.T.);
#2542 = ORIENTED_EDGE('',*,*,#2347,.T.);
#2543 = ORIENTED_EDGE('',*,*,#2397,.T.);
#2544 = ORIENTED_EDGE('',*,*,#2447,.T.);
#2545 = ORIENTED_EDGE('',*,*,#2497,.T.);
#2546 = ORIENTED_EDGE('',*,*,#2524,.T.);
#2547 = ORIENTED_EDGE('',*,*,#2472,.T.);
#2548 = ORIENTED_EDGE('',*,*,#2422,.T.);
#2549 = ORIENTED_EDGE('',*,*,#2372,.T.);
#2550 = ORIENTED_EDGE('',*,*,#2322,.T.);
#2551 = ORIENTED_EDGE('',*,*,#2270,.T.);
#2552 = ORIENTED_EDGE('',*,*,#2238,.T.);
#2553 = B_SPLINE_SURFACE_WITH_KNOTS('',3,3,(
    (#2554,#2555,#2556,#2557)
    ,(#2558,#2559,#2560,#2561)
    ,(#2562,#2563,#2564,#2565)
    ,(#2566,#2567,#2568,#2569
    )),.UNSPECIFIED.,.F.,.F.,.F.,(4,4),(4,4),(3.872760325611,
    3.970005058188),(-0.288008117648,-0.189063181283),
  .PIECEWISE_BEZIER_KNOTS.);
#2554 = CARTESIAN_POINT('',(225.05624999998,10.75000000048,
    6.878620597166));
#2555 = CARTESIAN_POINT('',(225.05625,9.424631435708,7.104408704731));
#2556 = CARTESIAN_POINT('',(225.05625000004,8.087977982861,
    7.264011943249));
#2557 = CARTESIAN_POINT('',(225.05625000007,6.749999999542,
    7.356732339929));
#2558 = CARTESIAN_POINT('',(223.72291666664,10.750000000451,
    6.878620597171));
#2559 = CARTESIAN_POINT('',(223.72291666666,9.424631435679,
    7.104408704735));
#2560 = CARTESIAN_POINT('',(223.7229166667,8.087977982832,7.264011943254
    ));
#2561 = CARTESIAN_POINT('',(223.72291666673,6.749999999513,
    7.356732339933));
#2562 = CARTESIAN_POINT('',(222.38958333329,10.750000000422,
    6.878620597176));
#2563 = CARTESIAN_POINT('',(222.38958333332,9.42463143565,7.10440870474)
  );
#2564 = CARTESIAN_POINT('',(222.38958333336,8.087977982796,
    7.264011943259));
#2565 = CARTESIAN_POINT('',(222.38958333339,6.749999999476,
    7.356732339938));
#2566 = CARTESIAN_POINT('',(221.05624999995,10.750000000393,
    6.87862059718));
#2567 = CARTESIAN_POINT('',(221.05624999998,9.424631435621,
    7.104408704745));
#2568 = CARTESIAN_POINT('',(221.05625000002,8.087977982766,
    7.264011943263));
#2569 = CARTESIAN_POINT('',(221.05625000005,6.749999999447,
    7.356732339943));
#2570 = ADVANCED_FACE('',(#2571,#2582),#2680,.F.);
#2571 = FACE_BOUND('',#2572,.T.);
#2572 = EDGE_LOOP('',(#2573));
#2573 = ORIENTED_EDGE('',*,*,#2574,.F.);
#2574 = EDGE_CURVE('',#2575,#2575,#2577,.T.);
#2575 = VERTEX_POINT('',#2576);
#2576 = CARTESIAN_POINT('',(213.05625000001,11.750000000022,
    0.200000000003));
#2577 = CIRCLE('',#2578,3.);
#2578 = AXIS2_PLACEMENT_3D('',#2579,#2580,#2581);
#2579 = CARTESIAN_POINT('',(213.05625000001,8.750000000022,
    0.200000000003));
#2580 = DIRECTION('',(0.,1.836970198721E-16,1.));
#2581 = DIRECTION('',(0.,-1.,1.836970198721E-16));
#2582 = FACE_BOUND('',#2583,.T.);
#2583 = EDGE_LOOP('',(#2584,#2594,#2602,#2610,#2618,#2626,#2634,#2642,
    #2650,#2658,#2666,#2674));
#2584 = ORIENTED_EDGE('',*,*,#2585,.F.);
#2585 = EDGE_CURVE('',#2586,#2588,#2590,.T.);
#2586 = VERTEX_POINT('',#2587);
#2587 = CARTESIAN_POINT('',(213.55625000001,6.750000000022,
    0.200000000003));
#2588 = VERTEX_POINT('',#2589);
#2589 = CARTESIAN_POINT('',(212.55625000001,6.750000000022,
    0.200000000003));
#2590 = LINE('',#2591,#2592);
#2591 = CARTESIAN_POINT('',(208.30625000001,6.750000000022,
    0.200000000003));
#2592 = VECTOR('',#2593,1.);
#2593 = DIRECTION('',(-1.,0.,0.));
#2594 = ORIENTED_EDGE('',*,*,#2595,.F.);
#2595 = EDGE_CURVE('',#2596,#2586,#2598,.T.);
#2596 = VERTEX_POINT('',#2597);
#2597 = CARTESIAN_POINT('',(213.55625000001,8.250000000022,
    0.200000000003));
#2598 = LINE('',#2599,#2600);
#2599 = CARTESIAN_POINT('',(213.55625000001,12.24601375452,
    0.200000000003));
#2600 = VECTOR('',#2601,1.);
#2601 = DIRECTION('',(0.,-1.,1.836970198721E-16));
#2602 = ORIENTED_EDGE('',*,*,#2603,.F.);
#2603 = EDGE_CURVE('',#2604,#2596,#2606,.T.);
#2604 = VERTEX_POINT('',#2605);
#2605 = CARTESIAN_POINT('',(215.05625000001,8.250000000022,
    0.200000000003));
#2606 = LINE('',#2607,#2608);
#2607 = CARTESIAN_POINT('',(208.80625000001,8.250000000022,
    0.200000000003));
#2608 = VECTOR('',#2609,1.);
#2609 = DIRECTION('',(-1.,0.,0.));
#2610 = ORIENTED_EDGE('',*,*,#2611,.F.);
#2611 = EDGE_CURVE('',#2612,#2604,#2614,.T.);
#2612 = VERTEX_POINT('',#2613);
#2613 = CARTESIAN_POINT('',(215.05625000001,9.250000000022,
    0.200000000003));
#2614 = LINE('',#2615,#2616);
#2615 = CARTESIAN_POINT('',(215.05625000001,12.99601375452,
    0.200000000003));
#2616 = VECTOR('',#2617,1.);
#2617 = DIRECTION('',(0.,-1.,1.836970198721E-16));
#2618 = ORIENTED_EDGE('',*,*,#2619,.F.);
#2619 = EDGE_CURVE('',#2620,#2612,#2622,.T.);
#2620 = VERTEX_POINT('',#2621);
#2621 = CARTESIAN_POINT('',(213.55625000001,9.250000000022,
    0.200000000003));
#2622 = LINE('',#2623,#2624);
#2623 = CARTESIAN_POINT('',(209.55625000001,9.250000000022,
    0.200000000003));
#2624 = VECTOR('',#2625,1.);
#2625 = DIRECTION('',(1.,0.,0.));
#2626 = ORIENTED_EDGE('',*,*,#2627,.F.);
#2627 = EDGE_CURVE('',#2628,#2620,#2630,.T.);
#2628 = VERTEX_POINT('',#2629);
#2629 = CARTESIAN_POINT('',(213.55625000001,10.750000000022,
    0.200000000003));
#2630 = LINE('',#2631,#2632);
#2631 = CARTESIAN_POINT('',(213.55625000001,13.49601375452,
    0.200000000003));
#2632 = VECTOR('',#2633,1.);
#2633 = DIRECTION('',(0.,-1.,1.836970198721E-16));
#2634 = ORIENTED_EDGE('',*,*,#2635,.F.);
#2635 = EDGE_CURVE('',#2636,#2628,#2638,.T.);
#2636 = VERTEX_POINT('',#2637);
#2637 = CARTESIAN_POINT('',(212.55625000001,10.750000000022,
    0.200000000003));
#2638 = LINE('',#2639,#2640);
#2639 = CARTESIAN_POINT('',(208.80625000001,10.750000000022,
    0.200000000003));
#2640 = VECTOR('',#2641,1.);
#2641 = DIRECTION('',(1.,0.,0.));
#2642 = ORIENTED_EDGE('',*,*,#2643,.F.);
#2643 = EDGE_CURVE('',#2644,#2636,#2646,.T.);
#2644 = VERTEX_POINT('',#2645);
#2645 = CARTESIAN_POINT('',(212.55625000001,9.250000000022,
    0.200000000003));
#2646 = LINE('',#2647,#2648);
#2647 = CARTESIAN_POINT('',(212.55625000001,14.24601375452,
    0.200000000003));
#2648 = VECTOR('',#2649,1.);
#2649 = DIRECTION('',(0.,1.,-1.836970198721E-16));
#2650 = ORIENTED_EDGE('',*,*,#2651,.F.);
#2651 = EDGE_CURVE('',#2652,#2644,#2654,.T.);
#2652 = VERTEX_POINT('',#2653);
#2653 = CARTESIAN_POINT('',(211.05625000001,9.250000000022,
    0.200000000003));
#2654 = LINE('',#2655,#2656);
#2655 = CARTESIAN_POINT('',(208.30625000001,9.250000000022,
    0.200000000003));
#2656 = VECTOR('',#2657,1.);
#2657 = DIRECTION('',(1.,0.,0.));
#2658 = ORIENTED_EDGE('',*,*,#2659,.F.);
#2659 = EDGE_CURVE('',#2660,#2652,#2662,.T.);
#2660 = VERTEX_POINT('',#2661);
#2661 = CARTESIAN_POINT('',(211.05625000001,8.250000000022,
    0.200000000003));
#2662 = LINE('',#2663,#2664);
#2663 = CARTESIAN_POINT('',(211.05625000001,13.49601375452,
    0.200000000003));
#2664 = VECTOR('',#2665,1.);
#2665 = DIRECTION('',(0.,1.,-1.836970198721E-16));
#2666 = ORIENTED_EDGE('',*,*,#2667,.F.);
#2667 = EDGE_CURVE('',#2668,#2660,#2670,.T.);
#2668 = VERTEX_POINT('',#2669);
#2669 = CARTESIAN_POINT('',(212.55625000001,8.250000000022,
    0.200000000003));
#2670 = LINE('',#2671,#2672);
#2671 = CARTESIAN_POINT('',(207.55625000001,8.250000000022,
    0.200000000003));
#2672 = VECTOR('',#2673,1.);
#2673 = DIRECTION('',(-1.,0.,0.));
#2674 = ORIENTED_EDGE('',*,*,#2675,.F.);
#2675 = EDGE_CURVE('',#2588,#2668,#2676,.T.);
#2676 = LINE('',#2677,#2678);
#2677 = CARTESIAN_POINT('',(212.55625000001,12.99601375452,
    0.200000000003));
#2678 = VECTOR('',#2679,1.);
#2679 = DIRECTION('',(0.,1.,-1.836970198721E-16));
#2680 = PLANE('',#2681);
#2681 = AXIS2_PLACEMENT_3D('',#2682,#2683,#2684);
#2682 = CARTESIAN_POINT('',(204.05625000001,17.742027509019,
    0.200000000003));
#2683 = DIRECTION('',(0.,1.836970198721E-16,1.));
#2684 = DIRECTION('',(0.,-1.,1.836970198721E-16));
#2685 = ADVANCED_FACE('',(#2686),#2809,.T.);
#2686 = FACE_BOUND('',#2687,.T.);
#2687 = EDGE_LOOP('',(#2688,#2689,#2697,#2706,#2712,#2713,#2725,#2734,
    #2740,#2741,#2749,#2758,#2764,#2765,#2773,#2782,#2792,#2793,#2801,
    #2808));
#2688 = ORIENTED_EDGE('',*,*,#2574,.T.);
#2689 = ORIENTED_EDGE('',*,*,#2690,.T.);
#2690 = EDGE_CURVE('',#2575,#2691,#2693,.T.);
#2691 = VERTEX_POINT('',#2692);
#2692 = CARTESIAN_POINT('',(213.05625000001,11.750000000022,
    4.170941870688));
#2693 = LINE('',#2694,#2695);
#2694 = CARTESIAN_POINT('',(213.05625000001,11.750000000022,
    13.387974034051));
#2695 = VECTOR('',#2696,1.);
#2696 = DIRECTION('',(0.,-1.224646799147E-16,1.));
#2697 = ORIENTED_EDGE('',*,*,#2698,.F.);
#2698 = EDGE_CURVE('',#2699,#2691,#2701,.T.);
#2699 = VERTEX_POINT('',#2700);
#2700 = CARTESIAN_POINT('',(213.38125000001,11.732343876909,
    4.170941870688));
#2701 = CIRCLE('',#2702,3.);
#2702 = AXIS2_PLACEMENT_3D('',#2703,#2704,#2705);
#2703 = CARTESIAN_POINT('',(213.05625000001,8.750000000022,
    4.170941870688));
#2704 = DIRECTION('',(0.,0.,1.));
#2705 = DIRECTION('',(0.,-1.,0.));
#2706 = ORIENTED_EDGE('',*,*,#2707,.F.);
#2707 = EDGE_CURVE('',#1300,#2699,#2708,.T.);
#2708 = LINE('',#2709,#2710);
#2709 = CARTESIAN_POINT('',(213.38125000001,11.732343876909,
    13.387974034051));
#2710 = VECTOR('',#2711,1.);
#2711 = DIRECTION('',(0.,1.224646799147E-16,-1.));
#2712 = ORIENTED_EDGE('',*,*,#1308,.T.);
#2713 = ORIENTED_EDGE('',*,*,#2714,.F.);
#2714 = EDGE_CURVE('',#2715,#1309,#2717,.T.);
#2715 = VERTEX_POINT('',#2716);
#2716 = CARTESIAN_POINT('',(216.0385938769,9.075000000033,4.170941870688
    ));
#2717 = B_SPLINE_CURVE_WITH_KNOTS('',3,(#2718,#2719,#2720,#2721,#2722,
    #2723,#2724),.UNSPECIFIED.,.F.,.F.,(4,3,4),(-3.643116608531,
    -3.243116608531,-0.68601726567),.UNSPECIFIED.);
#2718 = CARTESIAN_POINT('',(216.0385938769,9.075000000033,4.170941870688
    ));
#2719 = CARTESIAN_POINT('',(216.0385938769,9.075000000033,4.304275204021
    ));
#2720 = CARTESIAN_POINT('',(216.0385938769,9.075000000033,4.437608537355
    ));
#2721 = CARTESIAN_POINT('',(216.0385938769,9.075000000033,4.570941870688
    ));
#2722 = CARTESIAN_POINT('',(216.0385938769,9.075000000033,5.423308318308
    ));
#2723 = CARTESIAN_POINT('',(216.0385938769,9.075000000033,6.275674765929
    ));
#2724 = CARTESIAN_POINT('',(216.0385938769,9.075000000033,7.128041213549
    ));
#2725 = ORIENTED_EDGE('',*,*,#2726,.F.);
#2726 = EDGE_CURVE('',#2727,#2715,#2729,.T.);
#2727 = VERTEX_POINT('',#2728);
#2728 = CARTESIAN_POINT('',(216.0385938769,8.425000000025,4.170941870688
    ));
#2729 = CIRCLE('',#2730,3.);
#2730 = AXIS2_PLACEMENT_3D('',#2731,#2732,#2733);
#2731 = CARTESIAN_POINT('',(213.05625000001,8.750000000022,
    4.170941870688));
#2732 = DIRECTION('',(0.,0.,1.));
#2733 = DIRECTION('',(0.,-1.,0.));
#2734 = ORIENTED_EDGE('',*,*,#2735,.F.);
#2735 = EDGE_CURVE('',#1195,#2727,#2736,.T.);
#2736 = LINE('',#2737,#2738);
#2737 = CARTESIAN_POINT('',(216.0385938769,8.425000000025,
    13.387974034051));
#2738 = VECTOR('',#2739,1.);
#2739 = DIRECTION('',(0.,1.224646799147E-16,-1.));
#2740 = ORIENTED_EDGE('',*,*,#1194,.T.);
#2741 = ORIENTED_EDGE('',*,*,#2742,.F.);
#2742 = EDGE_CURVE('',#2743,#1197,#2745,.T.);
#2743 = VERTEX_POINT('',#2744);
#2744 = CARTESIAN_POINT('',(213.38125000001,5.767656123135,
    4.170941870688));
#2745 = LINE('',#2746,#2747);
#2746 = CARTESIAN_POINT('',(213.38125000001,5.767656123135,
    13.387974034051));
#2747 = VECTOR('',#2748,1.);
#2748 = DIRECTION('',(0.,-1.224646799147E-16,1.));
#2749 = ORIENTED_EDGE('',*,*,#2750,.F.);
#2750 = EDGE_CURVE('',#2751,#2743,#2753,.T.);
#2751 = VERTEX_POINT('',#2752);
#2752 = CARTESIAN_POINT('',(212.73125000001,5.767656123135,
    4.170941870688));
#2753 = CIRCLE('',#2754,3.);
#2754 = AXIS2_PLACEMENT_3D('',#2755,#2756,#2757);
#2755 = CARTESIAN_POINT('',(213.05625000001,8.750000000022,
    4.170941870688));
#2756 = DIRECTION('',(0.,0.,1.));
#2757 = DIRECTION('',(0.,-1.,0.));
#2758 = ORIENTED_EDGE('',*,*,#2759,.F.);
#2759 = EDGE_CURVE('',#1063,#2751,#2760,.T.);
#2760 = LINE('',#2761,#2762);
#2761 = CARTESIAN_POINT('',(212.73125000001,5.767656123135,
    13.387974034051));
#2762 = VECTOR('',#2763,1.);
#2763 = DIRECTION('',(0.,1.224646799147E-16,-1.));
#2764 = ORIENTED_EDGE('',*,*,#1071,.T.);
#2765 = ORIENTED_EDGE('',*,*,#2766,.F.);
#2766 = EDGE_CURVE('',#2767,#1072,#2769,.T.);
#2767 = VERTEX_POINT('',#2768);
#2768 = CARTESIAN_POINT('',(210.07390612312,8.425000000025,
    4.170941870688));
#2769 = LINE('',#2770,#2771);
#2770 = CARTESIAN_POINT('',(210.07390612312,8.425000000025,
    13.387974034051));
#2771 = VECTOR('',#2772,1.);
#2772 = DIRECTION('',(0.,-1.224646799147E-16,1.));
#2773 = ORIENTED_EDGE('',*,*,#2774,.F.);
#2774 = EDGE_CURVE('',#2775,#2767,#2777,.T.);
#2775 = VERTEX_POINT('',#2776);
#2776 = CARTESIAN_POINT('',(210.07390612313,9.075000000033,
    4.170941870688));
#2777 = CIRCLE('',#2778,3.);
#2778 = AXIS2_PLACEMENT_3D('',#2779,#2780,#2781);
#2779 = CARTESIAN_POINT('',(213.05625000001,8.750000000022,
    4.170941870688));
#2780 = DIRECTION('',(0.,0.,1.));
#2781 = DIRECTION('',(0.,-1.,0.));
#2782 = ORIENTED_EDGE('',*,*,#2783,.F.);
#2783 = EDGE_CURVE('',#1144,#2775,#2784,.T.);
#2784 = B_SPLINE_CURVE_WITH_KNOTS('',3,(#2785,#2786,#2787,#2788,#2789,
    #2790,#2791),.UNSPECIFIED.,.F.,.F.,(4,3,4),(-2.557099342864,0.,0.4),
  .UNSPECIFIED.);
#2785 = CARTESIAN_POINT('',(210.07390612313,9.075000000048,
    7.128041213552));
#2786 = CARTESIAN_POINT('',(210.07390612313,9.075000000048,6.27567476593
    ));
#2787 = CARTESIAN_POINT('',(210.07390612313,9.075000000033,
    5.423308318309));
#2788 = CARTESIAN_POINT('',(210.07390612313,9.075000000033,
    4.570941870688));
#2789 = CARTESIAN_POINT('',(210.07390612313,9.075000000033,
    4.437608537355));
#2790 = CARTESIAN_POINT('',(210.07390612313,9.075000000033,
    4.304275204021));
#2791 = CARTESIAN_POINT('',(210.07390612313,9.075000000033,
    4.170941870688));
#2792 = ORIENTED_EDGE('',*,*,#1152,.T.);
#2793 = ORIENTED_EDGE('',*,*,#2794,.F.);
#2794 = EDGE_CURVE('',#2795,#1153,#2797,.T.);
#2795 = VERTEX_POINT('',#2796);
#2796 = CARTESIAN_POINT('',(212.73125000001,11.732343876909,
    4.170941870688));
#2797 = LINE('',#2798,#2799);
#2798 = CARTESIAN_POINT('',(212.73125000001,11.732343876909,
    13.387974034051));
#2799 = VECTOR('',#2800,1.);
#2800 = DIRECTION('',(0.,-1.224646799147E-16,1.));
#2801 = ORIENTED_EDGE('',*,*,#2802,.F.);
#2802 = EDGE_CURVE('',#2691,#2795,#2803,.T.);
#2803 = CIRCLE('',#2804,3.);
#2804 = AXIS2_PLACEMENT_3D('',#2805,#2806,#2807);
#2805 = CARTESIAN_POINT('',(213.05625000001,8.750000000022,
    4.170941870688));
#2806 = DIRECTION('',(0.,0.,1.));
#2807 = DIRECTION('',(0.,-1.,0.));
#2808 = ORIENTED_EDGE('',*,*,#2690,.F.);
#2809 = CYLINDRICAL_SURFACE('',#2810,3.);
#2810 = AXIS2_PLACEMENT_3D('',#2811,#2812,#2813);
#2811 = CARTESIAN_POINT('',(213.05625000001,8.750000000022,
    13.387974034051));
#2812 = DIRECTION('',(0.,1.224646799147E-16,-1.));
#2813 = DIRECTION('',(0.,-1.,-1.224646799147E-16));
#2814 = ADVANCED_FACE('',(#2815),#2841,.T.);
#2815 = FACE_BOUND('',#2816,.T.);
#2816 = EDGE_LOOP('',(#2817,#2828,#2834,#2835));
#2817 = ORIENTED_EDGE('',*,*,#2818,.T.);
#2818 = EDGE_CURVE('',#2819,#2821,#2823,.T.);
#2819 = VERTEX_POINT('',#2820);
#2820 = CARTESIAN_POINT('',(212.55625000001,10.750000000022,
    6.878620597242));
#2821 = VERTEX_POINT('',#2822);
#2822 = CARTESIAN_POINT('',(212.55625000001,9.250000000022,
    7.105325202012));
#2823 = B_SPLINE_CURVE_WITH_KNOTS('',3,(#2824,#2825,#2826,#2827),
  .UNSPECIFIED.,.F.,.F.,(4,4),(0.101177770987,1.618400735312),
  .PIECEWISE_BEZIER_KNOTS.);
#2824 = CARTESIAN_POINT('',(212.55625000001,10.750000000022,
    6.878620597243));
#2825 = CARTESIAN_POINT('',(212.55625000001,10.251449486554,
    6.963553030341));
#2826 = CARTESIAN_POINT('',(212.55625000001,9.751361642033,
    7.039134107964));
#2827 = CARTESIAN_POINT('',(212.55625000001,9.250000000015,
    7.105325202012));
#2828 = ORIENTED_EDGE('',*,*,#2829,.T.);
#2829 = EDGE_CURVE('',#2821,#2644,#2830,.T.);
#2830 = LINE('',#2831,#2832);
#2831 = CARTESIAN_POINT('',(212.55625000001,9.250000000022,
    13.387974034051));
#2832 = VECTOR('',#2833,1.);
#2833 = DIRECTION('',(0.,1.224646799147E-16,-1.));
#2834 = ORIENTED_EDGE('',*,*,#2643,.T.);
#2835 = ORIENTED_EDGE('',*,*,#2836,.F.);
#2836 = EDGE_CURVE('',#2819,#2636,#2837,.T.);
#2837 = LINE('',#2838,#2839);
#2838 = CARTESIAN_POINT('',(212.55625000001,10.750000000022,
    13.387974034051));
#2839 = VECTOR('',#2840,1.);
#2840 = DIRECTION('',(0.,1.224646799147E-16,-1.));
#2841 = PLANE('',#2842);
#2842 = AXIS2_PLACEMENT_3D('',#2843,#2844,#2845);
#2843 = CARTESIAN_POINT('',(212.55625000001,10.750000000022,
    13.387974034051));
#2844 = DIRECTION('',(1.,0.,0.));
#2845 = DIRECTION('',(0.,-1.,1.836970198721E-16));
#2846 = ADVANCED_FACE('',(#2847),#2868,.T.);
#2847 = FACE_BOUND('',#2848,.T.);
#2848 = EDGE_LOOP('',(#2849,#2860,#2861,#2862));
#2849 = ORIENTED_EDGE('',*,*,#2850,.T.);
#2850 = EDGE_CURVE('',#2851,#2819,#2853,.T.);
#2851 = VERTEX_POINT('',#2852);
#2852 = CARTESIAN_POINT('',(213.55625000002,10.750000000022,
    6.878620597242));
#2853 = B_SPLINE_CURVE_WITH_KNOTS('',3,(#2854,#2855,#2856,#2857,#2858,
    #2859),.UNSPECIFIED.,.F.,.F.,(4,2,4),(1.499999999971,2.000000000007,
    2.499999999958),.UNSPECIFIED.);
#2854 = CARTESIAN_POINT('',(213.55625,10.750000000022,6.878620597243));
#2855 = CARTESIAN_POINT('',(213.38958333332,10.750000000022,
    6.878620597243));
#2856 = CARTESIAN_POINT('',(213.22291666664,10.750000000022,
    6.878620597243));
#2857 = CARTESIAN_POINT('',(212.88958333331,10.750000000022,
    6.878620597243));
#2858 = CARTESIAN_POINT('',(212.72291666666,10.750000000022,
    6.878620597243));
#2859 = CARTESIAN_POINT('',(212.55625000002,10.750000000022,
    6.878620597243));
#2860 = ORIENTED_EDGE('',*,*,#2836,.T.);
#2861 = ORIENTED_EDGE('',*,*,#2635,.T.);
#2862 = ORIENTED_EDGE('',*,*,#2863,.F.);
#2863 = EDGE_CURVE('',#2851,#2628,#2864,.T.);
#2864 = LINE('',#2865,#2866);
#2865 = CARTESIAN_POINT('',(213.55625000001,10.750000000022,
    13.387974034051));
#2866 = VECTOR('',#2867,1.);
#2867 = DIRECTION('',(0.,1.224646799147E-16,-1.));
#2868 = PLANE('',#2869);
#2869 = AXIS2_PLACEMENT_3D('',#2870,#2871,#2872);
#2870 = CARTESIAN_POINT('',(213.55625000001,10.750000000022,
    13.387974034051));
#2871 = DIRECTION('',(0.,-1.,-1.224646799147E-16));
#2872 = DIRECTION('',(-1.,-0.,0.));
#2873 = ADVANCED_FACE('',(#2874),#2893,.T.);
#2874 = FACE_BOUND('',#2875,.T.);
#2875 = EDGE_LOOP('',(#2876,#2885,#2891,#2892));
#2876 = ORIENTED_EDGE('',*,*,#2877,.T.);
#2877 = EDGE_CURVE('',#2821,#2878,#2880,.T.);
#2878 = VERTEX_POINT('',#2879);
#2879 = CARTESIAN_POINT('',(211.05625000002,9.250000000022,
    7.105325202012));
#2880 = B_SPLINE_CURVE_WITH_KNOTS('',3,(#2881,#2882,#2883,#2884),
  .UNSPECIFIED.,.F.,.F.,(4,4),(2.5,4.000000000025),
  .PIECEWISE_BEZIER_KNOTS.);
#2881 = CARTESIAN_POINT('',(212.55625000001,9.250000000022,
    7.105325202012));
#2882 = CARTESIAN_POINT('',(212.05625,9.250000000022,7.105325202012));
#2883 = CARTESIAN_POINT('',(211.55624999999,9.250000000022,
    7.105325202012));
#2884 = CARTESIAN_POINT('',(211.05624999999,9.250000000022,
    7.105325202013));
#2885 = ORIENTED_EDGE('',*,*,#2886,.T.);
#2886 = EDGE_CURVE('',#2878,#2652,#2887,.T.);
#2887 = LINE('',#2888,#2889);
#2888 = CARTESIAN_POINT('',(211.05625000001,9.250000000022,
    13.387974034051));
#2889 = VECTOR('',#2890,1.);
#2890 = DIRECTION('',(0.,1.224646799147E-16,-1.));
#2891 = ORIENTED_EDGE('',*,*,#2651,.T.);
#2892 = ORIENTED_EDGE('',*,*,#2829,.F.);
#2893 = PLANE('',#2894);
#2894 = AXIS2_PLACEMENT_3D('',#2895,#2896,#2897);
#2895 = CARTESIAN_POINT('',(212.55625000001,9.250000000022,
    13.387974034051));
#2896 = DIRECTION('',(0.,-1.,-1.224646799147E-16));
#2897 = DIRECTION('',(-1.,-0.,0.));
#2898 = ADVANCED_FACE('',(#2899),#2918,.T.);
#2899 = FACE_BOUND('',#2900,.T.);
#2900 = EDGE_LOOP('',(#2901,#2910,#2911,#2912));
#2901 = ORIENTED_EDGE('',*,*,#2902,.T.);
#2902 = EDGE_CURVE('',#2903,#2851,#2905,.T.);
#2903 = VERTEX_POINT('',#2904);
#2904 = CARTESIAN_POINT('',(213.55625000002,9.250000000022,
    7.105325202011));
#2905 = B_SPLINE_CURVE_WITH_KNOTS('',3,(#2906,#2907,#2908,#2909),
  .UNSPECIFIED.,.F.,.F.,(4,4),(2.540589000571,4.057811964875),
  .PIECEWISE_BEZIER_KNOTS.);
#2906 = CARTESIAN_POINT('',(213.55625000001,9.250000000036,
    7.105325202009));
#2907 = CARTESIAN_POINT('',(213.55625000001,9.751361642047,
    7.039134107962));
#2908 = CARTESIAN_POINT('',(213.55625000001,10.251449486575,
    6.963553030337));
#2909 = CARTESIAN_POINT('',(213.55625000001,10.750000000022,
    6.878620597243));
#2910 = ORIENTED_EDGE('',*,*,#2863,.T.);
#2911 = ORIENTED_EDGE('',*,*,#2627,.T.);
#2912 = ORIENTED_EDGE('',*,*,#2913,.F.);
#2913 = EDGE_CURVE('',#2903,#2620,#2914,.T.);
#2914 = LINE('',#2915,#2916);
#2915 = CARTESIAN_POINT('',(213.55625000001,9.250000000022,
    13.387974034051));
#2916 = VECTOR('',#2917,1.);
#2917 = DIRECTION('',(0.,1.224646799147E-16,-1.));
#2918 = PLANE('',#2919);
#2919 = AXIS2_PLACEMENT_3D('',#2920,#2921,#2922);
#2920 = CARTESIAN_POINT('',(213.55625000001,9.250000000022,
    13.387974034051));
#2921 = DIRECTION('',(-1.,0.,0.));
#2922 = DIRECTION('',(0.,1.,-1.836970198721E-16));
#2923 = ADVANCED_FACE('',(#2924),#2943,.T.);
#2924 = FACE_BOUND('',#2925,.T.);
#2925 = EDGE_LOOP('',(#2926,#2935,#2941,#2942));
#2926 = ORIENTED_EDGE('',*,*,#2927,.T.);
#2927 = EDGE_CURVE('',#2878,#2928,#2930,.T.);
#2928 = VERTEX_POINT('',#2929);
#2929 = CARTESIAN_POINT('',(211.05625000002,8.250000000022,
    7.224712354944));
#2930 = B_SPLINE_CURVE_WITH_KNOTS('',3,(#2931,#2932,#2933,#2934),
  .UNSPECIFIED.,.F.,.F.,(4,4),(-0.250786779321,-0.226065241617),
  .PIECEWISE_BEZIER_KNOTS.);
#2931 = CARTESIAN_POINT('',(211.05624999999,9.249998587242,
    7.105297851651));
#2932 = CARTESIAN_POINT('',(211.05624999999,8.917084148627,
    7.149245270058));
#2933 = CARTESIAN_POINT('',(211.05625,8.583699146067,7.18904465712));
#2934 = CARTESIAN_POINT('',(211.05625000001,8.24999893293,7.224685126439
    ));
#2935 = ORIENTED_EDGE('',*,*,#2936,.T.);
#2936 = EDGE_CURVE('',#2928,#2660,#2937,.T.);
#2937 = LINE('',#2938,#2939);
#2938 = CARTESIAN_POINT('',(211.05625000001,8.250000000022,
    13.387974034051));
#2939 = VECTOR('',#2940,1.);
#2940 = DIRECTION('',(0.,1.224646799147E-16,-1.));
#2941 = ORIENTED_EDGE('',*,*,#2659,.T.);
#2942 = ORIENTED_EDGE('',*,*,#2886,.F.);
#2943 = PLANE('',#2944);
#2944 = AXIS2_PLACEMENT_3D('',#2945,#2946,#2947);
#2945 = CARTESIAN_POINT('',(211.05625000001,9.250000000022,
    13.387974034051));
#2946 = DIRECTION('',(1.,0.,0.));
#2947 = DIRECTION('',(0.,-1.,1.836970198721E-16));
#2948 = ADVANCED_FACE('',(#2949),#2968,.T.);
#2949 = FACE_BOUND('',#2950,.T.);
#2950 = EDGE_LOOP('',(#2951,#2960,#2961,#2962));
#2951 = ORIENTED_EDGE('',*,*,#2952,.T.);
#2952 = EDGE_CURVE('',#2953,#2903,#2955,.T.);
#2953 = VERTEX_POINT('',#2954);
#2954 = CARTESIAN_POINT('',(215.05625000001,9.250000000022,7.10532520201
    ));
#2955 = B_SPLINE_CURVE_WITH_KNOTS('',3,(#2956,#2957,#2958,#2959),
  .UNSPECIFIED.,.F.,.F.,(4,4),(0.,1.499999999981),
  .PIECEWISE_BEZIER_KNOTS.);
#2956 = CARTESIAN_POINT('',(215.05625000001,9.250000000022,
    7.105325202011));
#2957 = CARTESIAN_POINT('',(214.55625000002,9.250000000022,
    7.105325202011));
#2958 = CARTESIAN_POINT('',(214.05625000002,9.250000000022,
    7.105325202011));
#2959 = CARTESIAN_POINT('',(213.55625000003,9.250000000022,
    7.105325202012));
#2960 = ORIENTED_EDGE('',*,*,#2913,.T.);
#2961 = ORIENTED_EDGE('',*,*,#2619,.T.);
#2962 = ORIENTED_EDGE('',*,*,#2963,.F.);
#2963 = EDGE_CURVE('',#2953,#2612,#2964,.T.);
#2964 = LINE('',#2965,#2966);
#2965 = CARTESIAN_POINT('',(215.05625000001,9.250000000022,
    13.387974034051));
#2966 = VECTOR('',#2967,1.);
#2967 = DIRECTION('',(0.,1.224646799147E-16,-1.));
#2968 = PLANE('',#2969);
#2969 = AXIS2_PLACEMENT_3D('',#2970,#2971,#2972);
#2970 = CARTESIAN_POINT('',(215.05625000001,9.250000000022,
    13.387974034051));
#2971 = DIRECTION('',(0.,-1.,-1.224646799147E-16));
#2972 = DIRECTION('',(-1.,-0.,0.));
#2973 = ADVANCED_FACE('',(#2974),#2993,.T.);
#2974 = FACE_BOUND('',#2975,.T.);
#2975 = EDGE_LOOP('',(#2976,#2985,#2991,#2992));
#2976 = ORIENTED_EDGE('',*,*,#2977,.T.);
#2977 = EDGE_CURVE('',#2928,#2978,#2980,.T.);
#2978 = VERTEX_POINT('',#2979);
#2979 = CARTESIAN_POINT('',(212.55625000001,8.250000000022,
    7.224712354943));
#2980 = B_SPLINE_CURVE_WITH_KNOTS('',3,(#2981,#2982,#2983,#2984),
  .UNSPECIFIED.,.F.,.F.,(4,4),(0.,1.499999999989),
  .PIECEWISE_BEZIER_KNOTS.);
#2981 = CARTESIAN_POINT('',(211.05625000001,8.250000000015,
    7.224712354944));
#2982 = CARTESIAN_POINT('',(211.55625,8.250000000015,7.224712354943));
#2983 = CARTESIAN_POINT('',(212.05625,8.250000000022,7.224712354943));
#2984 = CARTESIAN_POINT('',(212.55624999999,8.250000000022,
    7.224712354942));
#2985 = ORIENTED_EDGE('',*,*,#2986,.T.);
#2986 = EDGE_CURVE('',#2978,#2668,#2987,.T.);
#2987 = LINE('',#2988,#2989);
#2988 = CARTESIAN_POINT('',(212.55625000001,8.250000000022,
    13.387974034051));
#2989 = VECTOR('',#2990,1.);
#2990 = DIRECTION('',(0.,1.224646799147E-16,-1.));
#2991 = ORIENTED_EDGE('',*,*,#2667,.T.);
#2992 = ORIENTED_EDGE('',*,*,#2936,.F.);
#2993 = PLANE('',#2994);
#2994 = AXIS2_PLACEMENT_3D('',#2995,#2996,#2997);
#2995 = CARTESIAN_POINT('',(211.05625000001,8.250000000022,
    13.387974034051));
#2996 = DIRECTION('',(0.,1.,1.224646799147E-16));
#2997 = DIRECTION('',(1.,0.,-0.));
#2998 = ADVANCED_FACE('',(#2999),#3018,.T.);
#2999 = FACE_BOUND('',#3000,.T.);
#3000 = EDGE_LOOP('',(#3001,#3010,#3011,#3012));
#3001 = ORIENTED_EDGE('',*,*,#3002,.T.);
#3002 = EDGE_CURVE('',#3003,#2953,#3005,.T.);
#3003 = VERTEX_POINT('',#3004);
#3004 = CARTESIAN_POINT('',(215.05625000001,8.250000000022,
    7.224712354939));
#3005 = B_SPLINE_CURVE_WITH_KNOTS('',3,(#3006,#3007,#3008,#3009),
  .UNSPECIFIED.,.F.,.F.,(4,4),(0.226065241615,0.250786779318),
  .PIECEWISE_BEZIER_KNOTS.);
#3006 = CARTESIAN_POINT('',(215.05625000003,8.249998932937,
    7.224685126434));
#3007 = CARTESIAN_POINT('',(215.05625000002,8.583699146067,
    7.189044657116));
#3008 = CARTESIAN_POINT('',(215.05625000002,8.917084148619,
    7.149245270055));
#3009 = CARTESIAN_POINT('',(215.05625000001,9.249998587235,
    7.105297851649));
#3010 = ORIENTED_EDGE('',*,*,#2963,.T.);
#3011 = ORIENTED_EDGE('',*,*,#2611,.T.);
#3012 = ORIENTED_EDGE('',*,*,#3013,.F.);
#3013 = EDGE_CURVE('',#3003,#2604,#3014,.T.);
#3014 = LINE('',#3015,#3016);
#3015 = CARTESIAN_POINT('',(215.05625000001,8.250000000022,
    13.387974034051));
#3016 = VECTOR('',#3017,1.);
#3017 = DIRECTION('',(0.,1.224646799147E-16,-1.));
#3018 = PLANE('',#3019);
#3019 = AXIS2_PLACEMENT_3D('',#3020,#3021,#3022);
#3020 = CARTESIAN_POINT('',(215.05625000001,8.250000000022,
    13.387974034051));
#3021 = DIRECTION('',(-1.,0.,0.));
#3022 = DIRECTION('',(0.,1.,-1.836970198721E-16));
#3023 = ADVANCED_FACE('',(#3024),#3043,.T.);
#3024 = FACE_BOUND('',#3025,.T.);
#3025 = EDGE_LOOP('',(#3026,#3035,#3041,#3042));
#3026 = ORIENTED_EDGE('',*,*,#3027,.T.);
#3027 = EDGE_CURVE('',#2978,#3028,#3030,.T.);
#3028 = VERTEX_POINT('',#3029);
#3029 = CARTESIAN_POINT('',(212.55625000001,6.750000000022,7.35673233992
    ));
#3030 = B_SPLINE_CURVE_WITH_KNOTS('',3,(#3031,#3032,#3033,#3034),
  .UNSPECIFIED.,.F.,.F.,(4,4),(2.625561995101,4.131541967558),
  .PIECEWISE_BEZIER_KNOTS.);
#3031 = CARTESIAN_POINT('',(212.55625000002,8.250000000029,
    7.224712354942));
#3032 = CARTESIAN_POINT('',(212.55625000002,7.750876567079,
    7.278013310845));
#3033 = CARTESIAN_POINT('',(212.55625,7.250790127728,7.322028137096));
#3034 = CARTESIAN_POINT('',(212.55625,6.750000000015,7.35673233992));
#3035 = ORIENTED_EDGE('',*,*,#3036,.T.);
#3036 = EDGE_CURVE('',#3028,#2588,#3037,.T.);
#3037 = LINE('',#3038,#3039);
#3038 = CARTESIAN_POINT('',(212.55625000001,6.750000000022,
    13.387974034051));
#3039 = VECTOR('',#3040,1.);
#3040 = DIRECTION('',(0.,1.224646799147E-16,-1.));
#3041 = ORIENTED_EDGE('',*,*,#2675,.T.);
#3042 = ORIENTED_EDGE('',*,*,#2986,.F.);
#3043 = PLANE('',#3044);
#3044 = AXIS2_PLACEMENT_3D('',#3045,#3046,#3047);
#3045 = CARTESIAN_POINT('',(212.55625000001,8.250000000022,
    13.387974034051));
#3046 = DIRECTION('',(1.,0.,0.));
#3047 = DIRECTION('',(0.,-1.,1.836970198721E-16));
#3048 = ADVANCED_FACE('',(#3049),#3068,.T.);
#3049 = FACE_BOUND('',#3050,.T.);
#3050 = EDGE_LOOP('',(#3051,#3060,#3061,#3062));
#3051 = ORIENTED_EDGE('',*,*,#3052,.T.);
#3052 = EDGE_CURVE('',#3053,#3003,#3055,.T.);
#3053 = VERTEX_POINT('',#3054);
#3054 = CARTESIAN_POINT('',(213.55625000001,8.250000000022,
    7.224712354942));
#3055 = B_SPLINE_CURVE_WITH_KNOTS('',3,(#3056,#3057,#3058,#3059),
  .UNSPECIFIED.,.F.,.F.,(4,4),(2.500000000005,4.000000000029),
  .PIECEWISE_BEZIER_KNOTS.);
#3056 = CARTESIAN_POINT('',(213.55625000002,8.250000000022,
    7.224712354941));
#3057 = CARTESIAN_POINT('',(214.05625000002,8.250000000022,7.22471235494
    ));
#3058 = CARTESIAN_POINT('',(214.55625000003,8.250000000022,7.22471235494
    ));
#3059 = CARTESIAN_POINT('',(215.05625000004,8.250000000022,
    7.224712354939));
#3060 = ORIENTED_EDGE('',*,*,#3013,.T.);
#3061 = ORIENTED_EDGE('',*,*,#2603,.T.);
#3062 = ORIENTED_EDGE('',*,*,#3063,.F.);
#3063 = EDGE_CURVE('',#3053,#2596,#3064,.T.);
#3064 = LINE('',#3065,#3066);
#3065 = CARTESIAN_POINT('',(213.55625000001,8.250000000022,
    13.387974034051));
#3066 = VECTOR('',#3067,1.);
#3067 = DIRECTION('',(0.,1.224646799147E-16,-1.));
#3068 = PLANE('',#3069);
#3069 = AXIS2_PLACEMENT_3D('',#3070,#3071,#3072);
#3070 = CARTESIAN_POINT('',(213.55625000001,8.250000000022,
    13.387974034051));
#3071 = DIRECTION('',(0.,1.,1.224646799147E-16));
#3072 = DIRECTION('',(1.,0.,-0.));
#3073 = ADVANCED_FACE('',(#3074),#3095,.T.);
#3074 = FACE_BOUND('',#3075,.T.);
#3075 = EDGE_LOOP('',(#3076,#3087,#3093,#3094));
#3076 = ORIENTED_EDGE('',*,*,#3077,.T.);
#3077 = EDGE_CURVE('',#3028,#3078,#3080,.T.);
#3078 = VERTEX_POINT('',#3079);
#3079 = CARTESIAN_POINT('',(213.55625000002,6.750000000022,
    7.356732339918));
#3080 = B_SPLINE_CURVE_WITH_KNOTS('',3,(#3081,#3082,#3083,#3084,#3085,
    #3086),.UNSPECIFIED.,.F.,.F.,(4,2,4),(1.499999999979,2.000000000007,
    2.49999999997),.UNSPECIFIED.);
#3081 = CARTESIAN_POINT('',(212.55625000003,6.750000000022,
    7.356732339919));
#3082 = CARTESIAN_POINT('',(212.7229166667,6.750000000022,7.356732339919
    ));
#3083 = CARTESIAN_POINT('',(212.88958333338,6.750000000022,
    7.356732339919));
#3084 = CARTESIAN_POINT('',(213.22291666671,6.750000000022,
    7.356732339918));
#3085 = CARTESIAN_POINT('',(213.38958333336,6.750000000022,
    7.356732339918));
#3086 = CARTESIAN_POINT('',(213.55625000002,6.750000000022,
    7.356732339917));
#3087 = ORIENTED_EDGE('',*,*,#3088,.T.);
#3088 = EDGE_CURVE('',#3078,#2586,#3089,.T.);
#3089 = LINE('',#3090,#3091);
#3090 = CARTESIAN_POINT('',(213.55625000001,6.750000000022,
    13.387974034051));
#3091 = VECTOR('',#3092,1.);
#3092 = DIRECTION('',(0.,1.224646799147E-16,-1.));
#3093 = ORIENTED_EDGE('',*,*,#2585,.T.);
#3094 = ORIENTED_EDGE('',*,*,#3036,.F.);
#3095 = PLANE('',#3096);
#3096 = AXIS2_PLACEMENT_3D('',#3097,#3098,#3099);
#3097 = CARTESIAN_POINT('',(212.55625000001,6.750000000022,
    13.387974034051));
#3098 = DIRECTION('',(0.,1.,1.224646799147E-16));
#3099 = DIRECTION('',(1.,0.,-0.));
#3100 = ADVANCED_FACE('',(#3101),#3113,.T.);
#3101 = FACE_BOUND('',#3102,.T.);
#3102 = EDGE_LOOP('',(#3103,#3110,#3111,#3112));
#3103 = ORIENTED_EDGE('',*,*,#3104,.T.);
#3104 = EDGE_CURVE('',#3078,#3053,#3105,.T.);
#3105 = B_SPLINE_CURVE_WITH_KNOTS('',3,(#3106,#3107,#3108,#3109),
  .UNSPECIFIED.,.F.,.F.,(4,4),(2.744776831109E-02,1.533427740753),
  .PIECEWISE_BEZIER_KNOTS.);
#3106 = CARTESIAN_POINT('',(213.55625000001,6.750000000022,
    7.356732339918));
#3107 = CARTESIAN_POINT('',(213.55625000001,7.25079012772,7.322028137095
    ));
#3108 = CARTESIAN_POINT('',(213.55625000001,7.750876567072,
    7.278013310844));
#3109 = CARTESIAN_POINT('',(213.55625000001,8.250000000022,
    7.224712354941));
#3110 = ORIENTED_EDGE('',*,*,#3063,.T.);
#3111 = ORIENTED_EDGE('',*,*,#2595,.T.);
#3112 = ORIENTED_EDGE('',*,*,#3088,.F.);
#3113 = PLANE('',#3114);
#3114 = AXIS2_PLACEMENT_3D('',#3115,#3116,#3117);
#3115 = CARTESIAN_POINT('',(213.55625000001,6.750000000022,
    13.387974034051));
#3116 = DIRECTION('',(-1.,0.,0.));
#3117 = DIRECTION('',(0.,1.,-1.836970198721E-16));
#3118 = ADVANCED_FACE('',(#3119),#3133,.F.);
#3119 = FACE_BOUND('',#3120,.F.);
#3120 = EDGE_LOOP('',(#3121,#3122,#3123,#3124,#3125,#3126,#3127,#3128,
    #3129,#3130,#3131,#3132));
#3121 = ORIENTED_EDGE('',*,*,#2877,.T.);
#3122 = ORIENTED_EDGE('',*,*,#2927,.T.);
#3123 = ORIENTED_EDGE('',*,*,#2977,.T.);
#3124 = ORIENTED_EDGE('',*,*,#3027,.T.);
#3125 = ORIENTED_EDGE('',*,*,#3077,.T.);
#3126 = ORIENTED_EDGE('',*,*,#3104,.T.);
#3127 = ORIENTED_EDGE('',*,*,#3052,.T.);
#3128 = ORIENTED_EDGE('',*,*,#3002,.T.);
#3129 = ORIENTED_EDGE('',*,*,#2952,.T.);
#3130 = ORIENTED_EDGE('',*,*,#2902,.T.);
#3131 = ORIENTED_EDGE('',*,*,#2850,.T.);
#3132 = ORIENTED_EDGE('',*,*,#2818,.T.);
#3133 = B_SPLINE_SURFACE_WITH_KNOTS('',3,3,(
    (#3134,#3135,#3136,#3137)
    ,(#3138,#3139,#3140,#3141)
    ,(#3142,#3143,#3144,#3145)
    ,(#3146,#3147,#3148,#3149
    )),.UNSPECIFIED.,.F.,.F.,.F.,(4,4),(4,4),(4.115872157053,
    4.213116889631),(-0.288008117653,-0.189063181288),
  .PIECEWISE_BEZIER_KNOTS.);
#3134 = CARTESIAN_POINT('',(215.05624999998,10.75000000048,
    6.878620597166));
#3135 = CARTESIAN_POINT('',(215.05625,9.424631435708,7.104408704737));
#3136 = CARTESIAN_POINT('',(215.05625000004,8.087977982854,
    7.264011943262));
#3137 = CARTESIAN_POINT('',(215.05625000007,6.749999999534,
    7.356732339949));
#3138 = CARTESIAN_POINT('',(213.72291666664,10.750000000451,
    6.878620597171));
#3139 = CARTESIAN_POINT('',(213.72291666666,9.424631435679,
    7.104408704742));
#3140 = CARTESIAN_POINT('',(213.7229166667,8.087977982825,7.264011943267
    ));
#3141 = CARTESIAN_POINT('',(213.72291666673,6.749999999505,
    7.356732339953));
#3142 = CARTESIAN_POINT('',(212.38958333329,10.750000000422,
    6.878620597175));
#3143 = CARTESIAN_POINT('',(212.38958333332,9.42463143565,7.104408704746
    ));
#3144 = CARTESIAN_POINT('',(212.38958333335,8.087977982796,
    7.264011943272));
#3145 = CARTESIAN_POINT('',(212.38958333338,6.749999999476,
    7.356732339958));
#3146 = CARTESIAN_POINT('',(211.05624999995,10.750000000393,
    6.87862059718));
#3147 = CARTESIAN_POINT('',(211.05624999998,9.424631435621,
    7.104408704751));
#3148 = CARTESIAN_POINT('',(211.05625000001,8.087977982766,
    7.264011943276));
#3149 = CARTESIAN_POINT('',(211.05625000004,6.749999999447,
    7.356732339963));
#3150 = ADVANCED_FACE('',(#3151),#3186,.T.);
#3151 = FACE_BOUND('',#3152,.T.);
#3152 = EDGE_LOOP('',(#3153,#3164,#3172,#3180));
#3153 = ORIENTED_EDGE('',*,*,#3154,.T.);
#3154 = EDGE_CURVE('',#3155,#3157,#3159,.T.);
#3155 = VERTEX_POINT('',#3156);
#3156 = CARTESIAN_POINT('',(275.50625000001,6.750000000022,
    7.356732339795));
#3157 = VERTEX_POINT('',#3158);
#3158 = CARTESIAN_POINT('',(275.50625000001,8.250000000022,
    7.224712354869));
#3159 = B_SPLINE_CURVE_WITH_KNOTS('',3,(#3160,#3161,#3162,#3163),
  .UNSPECIFIED.,.F.,.F.,(4,4),(2.744776831076E-02,1.533427740745),
  .PIECEWISE_BEZIER_KNOTS.);
#3160 = CARTESIAN_POINT('',(275.50625000002,6.750000000029,
    7.356732339793));
#3161 = CARTESIAN_POINT('',(275.50625000002,7.250790127735,
    7.322028136987));
#3162 = CARTESIAN_POINT('',(275.50625000001,7.750876567072,
    7.278013310755));
#3163 = CARTESIAN_POINT('',(275.50625000001,8.250000000022,
    7.224712354869));
#3164 = ORIENTED_EDGE('',*,*,#3165,.T.);
#3165 = EDGE_CURVE('',#3157,#3166,#3168,.T.);
#3166 = VERTEX_POINT('',#3167);
#3167 = CARTESIAN_POINT('',(275.50625000001,8.250000000022,
    0.200000000003));
#3168 = LINE('',#3169,#3170);
#3169 = CARTESIAN_POINT('',(275.50625000001,8.250000000022,
    13.387974034051));
#3170 = VECTOR('',#3171,1.);
#3171 = DIRECTION('',(0.,1.224646799147E-16,-1.));
#3172 = ORIENTED_EDGE('',*,*,#3173,.T.);
#3173 = EDGE_CURVE('',#3166,#3174,#3176,.T.);
#3174 = VERTEX_POINT('',#3175);
#3175 = CARTESIAN_POINT('',(275.50625000001,6.750000000022,
    0.200000000003));
#3176 = LINE('',#3177,#3178);
#3177 = CARTESIAN_POINT('',(275.50625000001,12.24601375452,
    0.200000000003));
#3178 = VECTOR('',#3179,1.);
#3179 = DIRECTION('',(0.,-1.,1.836970198721E-16));
#3180 = ORIENTED_EDGE('',*,*,#3181,.F.);
#3181 = EDGE_CURVE('',#3155,#3174,#3182,.T.);
#3182 = LINE('',#3183,#3184);
#3183 = CARTESIAN_POINT('',(275.50625000001,6.750000000022,
    13.387974034051));
#3184 = VECTOR('',#3185,1.);
#3185 = DIRECTION('',(0.,1.224646799147E-16,-1.));
#3186 = PLANE('',#3187);
#3187 = AXIS2_PLACEMENT_3D('',#3188,#3189,#3190);
#3188 = CARTESIAN_POINT('',(275.50625000001,6.750000000022,
    13.387974034051));
#3189 = DIRECTION('',(-1.,0.,0.));
#3190 = DIRECTION('',(0.,1.,-1.836970198721E-16));
#3191 = ADVANCED_FACE('',(#3192),#3220,.T.);
#3192 = FACE_BOUND('',#3193,.T.);
#3193 = EDGE_LOOP('',(#3194,#3205,#3206,#3214));
#3194 = ORIENTED_EDGE('',*,*,#3195,.T.);
#3195 = EDGE_CURVE('',#3196,#3155,#3198,.T.);
#3196 = VERTEX_POINT('',#3197);
#3197 = CARTESIAN_POINT('',(274.50625000001,6.750000000022,
    7.356732339796));
#3198 = B_SPLINE_CURVE_WITH_KNOTS('',3,(#3199,#3200,#3201,#3202,#3203,
    #3204),.UNSPECIFIED.,.F.,.F.,(4,2,4),(1.499999999982,2.000000000007,
    2.499999999967),.UNSPECIFIED.);
#3199 = CARTESIAN_POINT('',(274.50625000003,6.750000000022,
    7.356732339796));
#3200 = CARTESIAN_POINT('',(274.6729166667,6.750000000022,7.356732339796
    ));
#3201 = CARTESIAN_POINT('',(274.83958333338,6.750000000015,
    7.356732339795));
#3202 = CARTESIAN_POINT('',(275.17291666671,6.750000000015,
    7.356732339795));
#3203 = CARTESIAN_POINT('',(275.33958333336,6.750000000015,
    7.356732339794));
#3204 = CARTESIAN_POINT('',(275.50625000001,6.750000000015,
    7.356732339794));
#3205 = ORIENTED_EDGE('',*,*,#3181,.T.);
#3206 = ORIENTED_EDGE('',*,*,#3207,.T.);
#3207 = EDGE_CURVE('',#3174,#3208,#3210,.T.);
#3208 = VERTEX_POINT('',#3209);
#3209 = CARTESIAN_POINT('',(274.50625000001,6.750000000022,
    0.200000000003));
#3210 = LINE('',#3211,#3212);
#3211 = CARTESIAN_POINT('',(270.25625000001,6.750000000022,
    0.200000000003));
#3212 = VECTOR('',#3213,1.);
#3213 = DIRECTION('',(-1.,0.,0.));
#3214 = ORIENTED_EDGE('',*,*,#3215,.F.);
#3215 = EDGE_CURVE('',#3196,#3208,#3216,.T.);
#3216 = LINE('',#3217,#3218);
#3217 = CARTESIAN_POINT('',(274.50625000001,6.750000000022,
    13.387974034051));
#3218 = VECTOR('',#3219,1.);
#3219 = DIRECTION('',(0.,1.224646799147E-16,-1.));
#3220 = PLANE('',#3221);
#3221 = AXIS2_PLACEMENT_3D('',#3222,#3223,#3224);
#3222 = CARTESIAN_POINT('',(274.50625000001,6.750000000022,
    13.387974034051));
#3223 = DIRECTION('',(0.,1.,1.224646799147E-16));
#3224 = DIRECTION('',(1.,0.,-0.));
#3225 = ADVANCED_FACE('',(#3226),#3252,.T.);
#3226 = FACE_BOUND('',#3227,.T.);
#3227 = EDGE_LOOP('',(#3228,#3237,#3245,#3251));
#3228 = ORIENTED_EDGE('',*,*,#3229,.T.);
#3229 = EDGE_CURVE('',#3157,#3230,#3232,.T.);
#3230 = VERTEX_POINT('',#3231);
#3231 = CARTESIAN_POINT('',(277.00625000001,8.250000000022,
    7.224712354866));
#3232 = B_SPLINE_CURVE_WITH_KNOTS('',3,(#3233,#3234,#3235,#3236),
  .UNSPECIFIED.,.F.,.F.,(4,4),(2.500000000001,4.000000000029),
  .PIECEWISE_BEZIER_KNOTS.);
#3233 = CARTESIAN_POINT('',(275.50625000001,8.250000000029,
    7.224712354869));
#3234 = CARTESIAN_POINT('',(276.00625000002,8.250000000029,
    7.224712354868));
#3235 = CARTESIAN_POINT('',(276.50625000003,8.250000000022,
    7.224712354868));
#3236 = CARTESIAN_POINT('',(277.00625000004,8.250000000022,
    7.224712354867));
#3237 = ORIENTED_EDGE('',*,*,#3238,.T.);
#3238 = EDGE_CURVE('',#3230,#3239,#3241,.T.);
#3239 = VERTEX_POINT('',#3240);
#3240 = CARTESIAN_POINT('',(277.00625000001,8.250000000022,
    0.200000000003));
#3241 = LINE('',#3242,#3243);
#3242 = CARTESIAN_POINT('',(277.00625000001,8.250000000022,
    13.387974034051));
#3243 = VECTOR('',#3244,1.);
#3244 = DIRECTION('',(0.,1.224646799147E-16,-1.));
#3245 = ORIENTED_EDGE('',*,*,#3246,.T.);
#3246 = EDGE_CURVE('',#3239,#3166,#3247,.T.);
#3247 = LINE('',#3248,#3249);
#3248 = CARTESIAN_POINT('',(270.75625000001,8.250000000022,
    0.200000000003));
#3249 = VECTOR('',#3250,1.);
#3250 = DIRECTION('',(-1.,0.,0.));
#3251 = ORIENTED_EDGE('',*,*,#3165,.F.);
#3252 = PLANE('',#3253);
#3253 = AXIS2_PLACEMENT_3D('',#3254,#3255,#3256);
#3254 = CARTESIAN_POINT('',(275.50625000001,8.250000000022,
    13.387974034051));
#3255 = DIRECTION('',(0.,1.,1.224646799147E-16));
#3256 = DIRECTION('',(1.,0.,-0.));
#3257 = ADVANCED_FACE('',(#3258),#3284,.T.);
#3258 = FACE_BOUND('',#3259,.T.);
#3259 = EDGE_LOOP('',(#3260,#3269,#3270,#3278));
#3260 = ORIENTED_EDGE('',*,*,#3261,.T.);
#3261 = EDGE_CURVE('',#3262,#3196,#3264,.T.);
#3262 = VERTEX_POINT('',#3263);
#3263 = CARTESIAN_POINT('',(274.50625000001,8.250000000022,7.22471235487
    ));
#3264 = B_SPLINE_CURVE_WITH_KNOTS('',3,(#3265,#3266,#3267,#3268),
  .UNSPECIFIED.,.F.,.F.,(4,4),(2.62556199507,4.131541967512),
  .PIECEWISE_BEZIER_KNOTS.);
#3265 = CARTESIAN_POINT('',(274.50625000001,8.250000000022,7.22471235487
    ));
#3266 = CARTESIAN_POINT('',(274.50625000001,7.750876567072,
    7.278013310756));
#3267 = CARTESIAN_POINT('',(274.50625000001,7.250790127706,
    7.322028136992));
#3268 = CARTESIAN_POINT('',(274.50625000001,6.750000000007,
    7.356732339797));
#3269 = ORIENTED_EDGE('',*,*,#3215,.T.);
#3270 = ORIENTED_EDGE('',*,*,#3271,.T.);
#3271 = EDGE_CURVE('',#3208,#3272,#3274,.T.);
#3272 = VERTEX_POINT('',#3273);
#3273 = CARTESIAN_POINT('',(274.50625000001,8.250000000022,
    0.200000000003));
#3274 = LINE('',#3275,#3276);
#3275 = CARTESIAN_POINT('',(274.50625000001,12.99601375452,
    0.200000000003));
#3276 = VECTOR('',#3277,1.);
#3277 = DIRECTION('',(0.,1.,-1.836970198721E-16));
#3278 = ORIENTED_EDGE('',*,*,#3279,.F.);
#3279 = EDGE_CURVE('',#3262,#3272,#3280,.T.);
#3280 = LINE('',#3281,#3282);
#3281 = CARTESIAN_POINT('',(274.50625000001,8.250000000022,
    13.387974034051));
#3282 = VECTOR('',#3283,1.);
#3283 = DIRECTION('',(0.,1.224646799147E-16,-1.));
#3284 = PLANE('',#3285);
#3285 = AXIS2_PLACEMENT_3D('',#3286,#3287,#3288);
#3286 = CARTESIAN_POINT('',(274.50625000001,8.250000000022,
    13.387974034051));
#3287 = DIRECTION('',(1.,0.,0.));
#3288 = DIRECTION('',(0.,-1.,1.836970198721E-16));
#3289 = ADVANCED_FACE('',(#3290),#3316,.T.);
#3290 = FACE_BOUND('',#3291,.T.);
#3291 = EDGE_LOOP('',(#3292,#3301,#3309,#3315));
#3292 = ORIENTED_EDGE('',*,*,#3293,.T.);
#3293 = EDGE_CURVE('',#3230,#3294,#3296,.T.);
#3294 = VERTEX_POINT('',#3295);
#3295 = CARTESIAN_POINT('',(277.00625000001,9.250000000022,
    7.105325201973));
#3296 = B_SPLINE_CURVE_WITH_KNOTS('',3,(#3297,#3298,#3299,#3300),
  .UNSPECIFIED.,.F.,.F.,(4,4),(0.226065241581,0.250786779284),
  .PIECEWISE_BEZIER_KNOTS.);
#3297 = CARTESIAN_POINT('',(277.00625000003,8.249998932915,
    7.224685126361));
#3298 = CARTESIAN_POINT('',(277.00625000002,8.583699146053,
    7.189044657056));
#3299 = CARTESIAN_POINT('',(277.00625000001,8.917084148612,
    7.149245270006));
#3300 = CARTESIAN_POINT('',(277.00625,9.249998587227,7.105297851611));
#3301 = ORIENTED_EDGE('',*,*,#3302,.T.);
#3302 = EDGE_CURVE('',#3294,#3303,#3305,.T.);
#3303 = VERTEX_POINT('',#3304);
#3304 = CARTESIAN_POINT('',(277.00625000001,9.250000000022,
    0.200000000003));
#3305 = LINE('',#3306,#3307);
#3306 = CARTESIAN_POINT('',(277.00625000001,9.250000000022,
    13.387974034051));
#3307 = VECTOR('',#3308,1.);
#3308 = DIRECTION('',(0.,1.224646799147E-16,-1.));
#3309 = ORIENTED_EDGE('',*,*,#3310,.T.);
#3310 = EDGE_CURVE('',#3303,#3239,#3311,.T.);
#3311 = LINE('',#3312,#3313);
#3312 = CARTESIAN_POINT('',(277.00625000001,12.99601375452,
    0.200000000003));
#3313 = VECTOR('',#3314,1.);
#3314 = DIRECTION('',(0.,-1.,1.836970198721E-16));
#3315 = ORIENTED_EDGE('',*,*,#3238,.F.);
#3316 = PLANE('',#3317);
#3317 = AXIS2_PLACEMENT_3D('',#3318,#3319,#3320);
#3318 = CARTESIAN_POINT('',(277.00625000001,8.250000000022,
    13.387974034051));
#3319 = DIRECTION('',(-1.,0.,0.));
#3320 = DIRECTION('',(0.,1.,-1.836970198721E-16));
#3321 = ADVANCED_FACE('',(#3322),#3348,.T.);
#3322 = FACE_BOUND('',#3323,.T.);
#3323 = EDGE_LOOP('',(#3324,#3333,#3334,#3342));
#3324 = ORIENTED_EDGE('',*,*,#3325,.T.);
#3325 = EDGE_CURVE('',#3326,#3262,#3328,.T.);
#3326 = VERTEX_POINT('',#3327);
#3327 = CARTESIAN_POINT('',(273.00625000001,8.250000000022,
    7.224712354872));
#3328 = B_SPLINE_CURVE_WITH_KNOTS('',3,(#3329,#3330,#3331,#3332),
  .UNSPECIFIED.,.F.,.F.,(4,4),(0.,1.500000000019),
  .PIECEWISE_BEZIER_KNOTS.);
#3329 = CARTESIAN_POINT('',(273.00625000001,8.250000000015,
    7.224712354871));
#3330 = CARTESIAN_POINT('',(273.50625000001,8.250000000015,
    7.224712354871));
#3331 = CARTESIAN_POINT('',(274.00625000002,8.250000000022,7.22471235487
    ));
#3332 = CARTESIAN_POINT('',(274.50625000003,8.250000000022,7.22471235487
    ));
#3333 = ORIENTED_EDGE('',*,*,#3279,.T.);
#3334 = ORIENTED_EDGE('',*,*,#3335,.T.);
#3335 = EDGE_CURVE('',#3272,#3336,#3338,.T.);
#3336 = VERTEX_POINT('',#3337);
#3337 = CARTESIAN_POINT('',(273.00625000001,8.250000000022,
    0.200000000003));
#3338 = LINE('',#3339,#3340);
#3339 = CARTESIAN_POINT('',(269.50625000001,8.250000000022,
    0.200000000003));
#3340 = VECTOR('',#3341,1.);
#3341 = DIRECTION('',(-1.,0.,0.));
#3342 = ORIENTED_EDGE('',*,*,#3343,.F.);
#3343 = EDGE_CURVE('',#3326,#3336,#3344,.T.);
#3344 = LINE('',#3345,#3346);
#3345 = CARTESIAN_POINT('',(273.00625000001,8.250000000022,
    13.387974034051));
#3346 = VECTOR('',#3347,1.);
#3347 = DIRECTION('',(0.,1.224646799147E-16,-1.));
#3348 = PLANE('',#3349);
#3349 = AXIS2_PLACEMENT_3D('',#3350,#3351,#3352);
#3350 = CARTESIAN_POINT('',(273.00625000001,8.250000000022,
    13.387974034051));
#3351 = DIRECTION('',(0.,1.,1.224646799147E-16));
#3352 = DIRECTION('',(1.,0.,-0.));
#3353 = ADVANCED_FACE('',(#3354),#3380,.T.);
#3354 = FACE_BOUND('',#3355,.T.);
#3355 = EDGE_LOOP('',(#3356,#3365,#3373,#3379));
#3356 = ORIENTED_EDGE('',*,*,#3357,.T.);
#3357 = EDGE_CURVE('',#3294,#3358,#3360,.T.);
#3358 = VERTEX_POINT('',#3359);
#3359 = CARTESIAN_POINT('',(275.50625000001,9.250000000022,
    7.105325201974));
#3360 = B_SPLINE_CURVE_WITH_KNOTS('',3,(#3361,#3362,#3363,#3364),
  .UNSPECIFIED.,.F.,.F.,(4,4),(0.,1.499999999985),
  .PIECEWISE_BEZIER_KNOTS.);
#3361 = CARTESIAN_POINT('',(277.00625000001,9.250000000022,
    7.105325201974));
#3362 = CARTESIAN_POINT('',(276.50625000002,9.250000000022,
    7.105325201974));
#3363 = CARTESIAN_POINT('',(276.00625000002,9.250000000022,
    7.105325201974));
#3364 = CARTESIAN_POINT('',(275.50625000003,9.250000000022,
    7.105325201975));
#3365 = ORIENTED_EDGE('',*,*,#3366,.T.);
#3366 = EDGE_CURVE('',#3358,#3367,#3369,.T.);
#3367 = VERTEX_POINT('',#3368);
#3368 = CARTESIAN_POINT('',(275.50625000001,9.250000000022,
    0.200000000003));
#3369 = LINE('',#3370,#3371);
#3370 = CARTESIAN_POINT('',(275.50625000001,9.250000000022,
    13.387974034051));
#3371 = VECTOR('',#3372,1.);
#3372 = DIRECTION('',(0.,1.224646799147E-16,-1.));
#3373 = ORIENTED_EDGE('',*,*,#3374,.T.);
#3374 = EDGE_CURVE('',#3367,#3303,#3375,.T.);
#3375 = LINE('',#3376,#3377);
#3376 = CARTESIAN_POINT('',(271.50625000001,9.250000000022,
    0.200000000003));
#3377 = VECTOR('',#3378,1.);
#3378 = DIRECTION('',(1.,0.,0.));
#3379 = ORIENTED_EDGE('',*,*,#3302,.F.);
#3380 = PLANE('',#3381);
#3381 = AXIS2_PLACEMENT_3D('',#3382,#3383,#3384);
#3382 = CARTESIAN_POINT('',(277.00625000001,9.250000000022,
    13.387974034051));
#3383 = DIRECTION('',(0.,-1.,-1.224646799147E-16));
#3384 = DIRECTION('',(-1.,-0.,0.));
#3385 = ADVANCED_FACE('',(#3386),#3412,.T.);
#3386 = FACE_BOUND('',#3387,.T.);
#3387 = EDGE_LOOP('',(#3388,#3397,#3398,#3406));
#3388 = ORIENTED_EDGE('',*,*,#3389,.T.);
#3389 = EDGE_CURVE('',#3390,#3326,#3392,.T.);
#3390 = VERTEX_POINT('',#3391);
#3391 = CARTESIAN_POINT('',(273.00625000001,9.250000000022,
    7.105325201976));
#3392 = B_SPLINE_CURVE_WITH_KNOTS('',3,(#3393,#3394,#3395,#3396),
  .UNSPECIFIED.,.F.,.F.,(4,4),(-0.250786779286,-0.226065241583),
  .PIECEWISE_BEZIER_KNOTS.);
#3393 = CARTESIAN_POINT('',(273.00624999998,9.249998587227,
    7.105297851614));
#3394 = CARTESIAN_POINT('',(273.00624999999,8.917084148619,7.14924527001
    ));
#3395 = CARTESIAN_POINT('',(273.00625,8.583699146067,7.18904465706));
#3396 = CARTESIAN_POINT('',(273.00625000001,8.249998932937,
    7.224685126367));
#3397 = ORIENTED_EDGE('',*,*,#3343,.T.);
#3398 = ORIENTED_EDGE('',*,*,#3399,.T.);
#3399 = EDGE_CURVE('',#3336,#3400,#3402,.T.);
#3400 = VERTEX_POINT('',#3401);
#3401 = CARTESIAN_POINT('',(273.00625000001,9.250000000022,
    0.200000000003));
#3402 = LINE('',#3403,#3404);
#3403 = CARTESIAN_POINT('',(273.00625000001,13.49601375452,
    0.200000000003));
#3404 = VECTOR('',#3405,1.);
#3405 = DIRECTION('',(0.,1.,-1.836970198721E-16));
#3406 = ORIENTED_EDGE('',*,*,#3407,.F.);
#3407 = EDGE_CURVE('',#3390,#3400,#3408,.T.);
#3408 = LINE('',#3409,#3410);
#3409 = CARTESIAN_POINT('',(273.00625000001,9.250000000022,
    13.387974034051));
#3410 = VECTOR('',#3411,1.);
#3411 = DIRECTION('',(0.,1.224646799147E-16,-1.));
#3412 = PLANE('',#3413);
#3413 = AXIS2_PLACEMENT_3D('',#3414,#3415,#3416);
#3414 = CARTESIAN_POINT('',(273.00625000001,9.250000000022,
    13.387974034051));
#3415 = DIRECTION('',(1.,0.,0.));
#3416 = DIRECTION('',(0.,-1.,1.836970198721E-16));
#3417 = ADVANCED_FACE('',(#3418),#3444,.T.);
#3418 = FACE_BOUND('',#3419,.T.);
#3419 = EDGE_LOOP('',(#3420,#3429,#3437,#3443));
#3420 = ORIENTED_EDGE('',*,*,#3421,.T.);
#3421 = EDGE_CURVE('',#3358,#3422,#3424,.T.);
#3422 = VERTEX_POINT('',#3423);
#3423 = CARTESIAN_POINT('',(275.50625000001,10.750000000022,
    6.878620597258));
#3424 = B_SPLINE_CURVE_WITH_KNOTS('',3,(#3425,#3426,#3427,#3428),
  .UNSPECIFIED.,.F.,.F.,(4,4),(2.540589000539,4.057811964858),
  .PIECEWISE_BEZIER_KNOTS.);
#3425 = CARTESIAN_POINT('',(275.50625000001,9.250000000022,
    7.105325201974));
#3426 = CARTESIAN_POINT('',(275.50625000001,9.751361642033,
    7.039134107945));
#3427 = CARTESIAN_POINT('',(275.50625000001,10.251449486554,
    6.963553030339));
#3428 = CARTESIAN_POINT('',(275.50625000001,10.750000000022,
    6.878620597259));
#3429 = ORIENTED_EDGE('',*,*,#3430,.T.);
#3430 = EDGE_CURVE('',#3422,#3431,#3433,.T.);
#3431 = VERTEX_POINT('',#3432);
#3432 = CARTESIAN_POINT('',(275.50625000001,10.750000000022,
    0.200000000003));
#3433 = LINE('',#3434,#3435);
#3434 = CARTESIAN_POINT('',(275.50625000001,10.750000000022,
    13.387974034051));
#3435 = VECTOR('',#3436,1.);
#3436 = DIRECTION('',(0.,1.224646799147E-16,-1.));
#3437 = ORIENTED_EDGE('',*,*,#3438,.T.);
#3438 = EDGE_CURVE('',#3431,#3367,#3439,.T.);
#3439 = LINE('',#3440,#3441);
#3440 = CARTESIAN_POINT('',(275.50625000001,13.49601375452,
    0.200000000003));
#3441 = VECTOR('',#3442,1.);
#3442 = DIRECTION('',(0.,-1.,1.836970198721E-16));
#3443 = ORIENTED_EDGE('',*,*,#3366,.F.);
#3444 = PLANE('',#3445);
#3445 = AXIS2_PLACEMENT_3D('',#3446,#3447,#3448);
#3446 = CARTESIAN_POINT('',(275.50625000001,9.250000000022,
    13.387974034051));
#3447 = DIRECTION('',(-1.,0.,0.));
#3448 = DIRECTION('',(0.,1.,-1.836970198721E-16));
#3449 = ADVANCED_FACE('',(#3450),#3476,.T.);
#3450 = FACE_BOUND('',#3451,.T.);
#3451 = EDGE_LOOP('',(#3452,#3461,#3462,#3470));
#3452 = ORIENTED_EDGE('',*,*,#3453,.T.);
#3453 = EDGE_CURVE('',#3454,#3390,#3456,.T.);
#3454 = VERTEX_POINT('',#3455);
#3455 = CARTESIAN_POINT('',(274.50625000001,9.250000000022,
    7.105325201975));
#3456 = B_SPLINE_CURVE_WITH_KNOTS('',3,(#3457,#3458,#3459,#3460),
  .UNSPECIFIED.,.F.,.F.,(4,4),(2.5,4.000000000025),
  .PIECEWISE_BEZIER_KNOTS.);
#3457 = CARTESIAN_POINT('',(274.50625000001,9.250000000022,
    7.105325201975));
#3458 = CARTESIAN_POINT('',(274.00625,9.250000000022,7.105325201976));
#3459 = CARTESIAN_POINT('',(273.50624999999,9.250000000022,
    7.105325201976));
#3460 = CARTESIAN_POINT('',(273.00624999999,9.250000000022,
    7.105325201976));
#3461 = ORIENTED_EDGE('',*,*,#3407,.T.);
#3462 = ORIENTED_EDGE('',*,*,#3463,.T.);
#3463 = EDGE_CURVE('',#3400,#3464,#3466,.T.);
#3464 = VERTEX_POINT('',#3465);
#3465 = CARTESIAN_POINT('',(274.50625000001,9.250000000022,
    0.200000000003));
#3466 = LINE('',#3467,#3468);
#3467 = CARTESIAN_POINT('',(270.25625000001,9.250000000022,
    0.200000000003));
#3468 = VECTOR('',#3469,1.);
#3469 = DIRECTION('',(1.,0.,0.));
#3470 = ORIENTED_EDGE('',*,*,#3471,.F.);
#3471 = EDGE_CURVE('',#3454,#3464,#3472,.T.);
#3472 = LINE('',#3473,#3474);
#3473 = CARTESIAN_POINT('',(274.50625000001,9.250000000022,
    13.387974034051));
#3474 = VECTOR('',#3475,1.);
#3475 = DIRECTION('',(0.,1.224646799147E-16,-1.));
#3476 = PLANE('',#3477);
#3477 = AXIS2_PLACEMENT_3D('',#3478,#3479,#3480);
#3478 = CARTESIAN_POINT('',(274.50625000001,9.250000000022,
    13.387974034051));
#3479 = DIRECTION('',(0.,-1.,-1.224646799147E-16));
#3480 = DIRECTION('',(-1.,-0.,0.));
#3481 = ADVANCED_FACE('',(#3482),#3510,.T.);
#3482 = FACE_BOUND('',#3483,.T.);
#3483 = EDGE_LOOP('',(#3484,#3495,#3503,#3509));
#3484 = ORIENTED_EDGE('',*,*,#3485,.T.);
#3485 = EDGE_CURVE('',#3422,#3486,#3488,.T.);
#3486 = VERTEX_POINT('',#3487);
#3487 = CARTESIAN_POINT('',(274.50625000001,10.750000000022,
    6.878620597258));
#3488 = B_SPLINE_CURVE_WITH_KNOTS('',3,(#3489,#3490,#3491,#3492,#3493,
    #3494),.UNSPECIFIED.,.F.,.F.,(4,2,4),(1.499999999952,2.000000000011,
    2.499999999967),.UNSPECIFIED.);
#3489 = CARTESIAN_POINT('',(275.50625000003,10.750000000022,
    6.878620597259));
#3490 = CARTESIAN_POINT('',(275.33958333334,10.750000000022,
    6.878620597259));
#3491 = CARTESIAN_POINT('',(275.17291666665,10.750000000022,
    6.878620597259));
#3492 = CARTESIAN_POINT('',(274.83958333332,10.750000000022,
    6.878620597259));
#3493 = CARTESIAN_POINT('',(274.67291666666,10.750000000022,
    6.878620597259));
#3494 = CARTESIAN_POINT('',(274.50625000001,10.750000000022,
    6.878620597259));
#3495 = ORIENTED_EDGE('',*,*,#3496,.T.);
#3496 = EDGE_CURVE('',#3486,#3497,#3499,.T.);
#3497 = VERTEX_POINT('',#3498);
#3498 = CARTESIAN_POINT('',(274.50625000001,10.750000000022,
    0.200000000003));
#3499 = LINE('',#3500,#3501);
#3500 = CARTESIAN_POINT('',(274.50625000001,10.750000000022,
    13.387974034051));
#3501 = VECTOR('',#3502,1.);
#3502 = DIRECTION('',(0.,1.224646799147E-16,-1.));
#3503 = ORIENTED_EDGE('',*,*,#3504,.T.);
#3504 = EDGE_CURVE('',#3497,#3431,#3505,.T.);
#3505 = LINE('',#3506,#3507);
#3506 = CARTESIAN_POINT('',(270.75625000001,10.750000000022,
    0.200000000003));
#3507 = VECTOR('',#3508,1.);
#3508 = DIRECTION('',(1.,0.,0.));
#3509 = ORIENTED_EDGE('',*,*,#3430,.F.);
#3510 = PLANE('',#3511);
#3511 = AXIS2_PLACEMENT_3D('',#3512,#3513,#3514);
#3512 = CARTESIAN_POINT('',(275.50625000001,10.750000000022,
    13.387974034051));
#3513 = DIRECTION('',(0.,-1.,-1.224646799147E-16));
#3514 = DIRECTION('',(-1.,-0.,0.));
#3515 = ADVANCED_FACE('',(#3516),#3533,.T.);
#3516 = FACE_BOUND('',#3517,.T.);
#3517 = EDGE_LOOP('',(#3518,#3525,#3526,#3532));
#3518 = ORIENTED_EDGE('',*,*,#3519,.T.);
#3519 = EDGE_CURVE('',#3486,#3454,#3520,.T.);
#3520 = B_SPLINE_CURVE_WITH_KNOTS('',3,(#3521,#3522,#3523,#3524),
  .UNSPECIFIED.,.F.,.F.,(4,4),(0.101177770964,1.618400735262),
  .PIECEWISE_BEZIER_KNOTS.);
#3521 = CARTESIAN_POINT('',(274.50625000001,10.750000000036,
    6.878620597256));
#3522 = CARTESIAN_POINT('',(274.50625000001,10.251449486568,
    6.963553030337));
#3523 = CARTESIAN_POINT('',(274.50625000001,9.751361642033,
    7.039134107945));
#3524 = CARTESIAN_POINT('',(274.50625000001,9.250000000022,
    7.105325201975));
#3525 = ORIENTED_EDGE('',*,*,#3471,.T.);
#3526 = ORIENTED_EDGE('',*,*,#3527,.T.);
#3527 = EDGE_CURVE('',#3464,#3497,#3528,.T.);
#3528 = LINE('',#3529,#3530);
#3529 = CARTESIAN_POINT('',(274.50625000001,14.24601375452,
    0.200000000003));
#3530 = VECTOR('',#3531,1.);
#3531 = DIRECTION('',(0.,1.,-1.836970198721E-16));
#3532 = ORIENTED_EDGE('',*,*,#3496,.F.);
#3533 = PLANE('',#3534);
#3534 = AXIS2_PLACEMENT_3D('',#3535,#3536,#3537);
#3535 = CARTESIAN_POINT('',(274.50625000001,10.750000000022,
    13.387974034051));
#3536 = DIRECTION('',(1.,0.,0.));
#3537 = DIRECTION('',(0.,-1.,1.836970198721E-16));
#3538 = ADVANCED_FACE('',(#3539,#3542),#3556,.F.);
#3539 = FACE_BOUND('',#3540,.T.);
#3540 = EDGE_LOOP('',(#3541));
#3541 = ORIENTED_EDGE('',*,*,#573,.F.);
#3542 = FACE_BOUND('',#3543,.T.);
#3543 = EDGE_LOOP('',(#3544,#3545,#3546,#3547,#3548,#3549,#3550,#3551,
    #3552,#3553,#3554,#3555));
#3544 = ORIENTED_EDGE('',*,*,#3207,.F.);
#3545 = ORIENTED_EDGE('',*,*,#3173,.F.);
#3546 = ORIENTED_EDGE('',*,*,#3246,.F.);
#3547 = ORIENTED_EDGE('',*,*,#3310,.F.);
#3548 = ORIENTED_EDGE('',*,*,#3374,.F.);
#3549 = ORIENTED_EDGE('',*,*,#3438,.F.);
#3550 = ORIENTED_EDGE('',*,*,#3504,.F.);
#3551 = ORIENTED_EDGE('',*,*,#3527,.F.);
#3552 = ORIENTED_EDGE('',*,*,#3463,.F.);
#3553 = ORIENTED_EDGE('',*,*,#3399,.F.);
#3554 = ORIENTED_EDGE('',*,*,#3335,.F.);
#3555 = ORIENTED_EDGE('',*,*,#3271,.F.);
#3556 = PLANE('',#3557);
#3557 = AXIS2_PLACEMENT_3D('',#3558,#3559,#3560);
#3558 = CARTESIAN_POINT('',(266.00625000001,17.742027509019,
    0.200000000003));
#3559 = DIRECTION('',(0.,1.836970198721E-16,1.));
#3560 = DIRECTION('',(0.,-1.,1.836970198721E-16));
#3561 = ADVANCED_FACE('',(#3562),#3602,.F.);
#3562 = FACE_BOUND('',#3563,.F.);
#3563 = EDGE_LOOP('',(#3564,#3577,#3584,#3585,#3594,#3595));
#3564 = ORIENTED_EDGE('',*,*,#3565,.T.);
#3565 = EDGE_CURVE('',#3566,#3568,#3570,.T.);
#3566 = VERTEX_POINT('',#3567);
#3567 = CARTESIAN_POINT('',(303.38125000002,4.48579982762,7.450061775091
    ));
#3568 = VERTEX_POINT('',#3569);
#3569 = CARTESIAN_POINT('',(312.73125000001,4.485799827809,
    7.450061775273));
#3570 = B_SPLINE_CURVE_WITH_KNOTS('',3,(#3571,#3572,#3573,#3574,#3575,
    #3576),.UNSPECIFIED.,.F.,.F.,(4,2,4),(9.350000000995E-02,
    4.768500000017,9.443499999998),.UNSPECIFIED.);
#3571 = CARTESIAN_POINT('',(303.38125000002,4.485799827627,
    7.450061775091));
#3572 = CARTESIAN_POINT('',(304.93958333336,4.485799827627,
    7.450061775086));
#3573 = CARTESIAN_POINT('',(306.49791666669,4.48579982762,7.450061775081
    ));
#3574 = CARTESIAN_POINT('',(309.61458333335,4.48579982762,7.450061775071
    ));
#3575 = CARTESIAN_POINT('',(311.17291666668,4.485799827606,
    7.450061775066));
#3576 = CARTESIAN_POINT('',(312.73125000001,4.485799827606,
    7.450061775061));
#3577 = ORIENTED_EDGE('',*,*,#3578,.T.);
#3578 = EDGE_CURVE('',#3568,#1918,#3579,.T.);
#3579 = B_SPLINE_CURVE_WITH_KNOTS('',3,(#3580,#3581,#3582,#3583),
  .UNSPECIFIED.,.F.,.F.,(4,4),(0.258096685545,1.540642558207),
  .PIECEWISE_BEZIER_KNOTS.);
#3580 = CARTESIAN_POINT('',(312.73125000001,4.485799827817,
    7.450061775058));
#3581 = CARTESIAN_POINT('',(312.73125000001,4.913262071685,
    7.444417113821));
#3582 = CARTESIAN_POINT('',(312.73125000001,5.340601102806,
    7.432001968024));
#3583 = CARTESIAN_POINT('',(312.73125000001,5.767656123156,
    7.412821673969));
#3584 = ORIENTED_EDGE('',*,*,#1925,.T.);
#3585 = ORIENTED_EDGE('',*,*,#3586,.T.);
#3586 = EDGE_CURVE('',#1926,#435,#3587,.T.);
#3587 = B_SPLINE_CURVE_WITH_KNOTS('',3,(#3588,#3589,#3590,#3591,#3592,
    #3593),.UNSPECIFIED.,.F.,.F.,(4,2,4),(2.750843876829,4.768500000024,
    6.786156123066),.UNSPECIFIED.);
#3588 = CARTESIAN_POINT('',(310.07390612314,8.424999999996,
    7.205639346351));
#3589 = CARTESIAN_POINT('',(309.40135408207,8.424999999996,
    7.205639346352));
#3590 = CARTESIAN_POINT('',(308.72880204101,8.424999999996,
    7.205639346353));
#3591 = CARTESIAN_POINT('',(307.38369795893,8.424999999996,
    7.205639346354));
#3592 = CARTESIAN_POINT('',(306.71114591791,8.424999999996,
    7.205639346355));
#3593 = CARTESIAN_POINT('',(306.0385938769,8.424999999996,7.205639346355
    ));
#3594 = ORIENTED_EDGE('',*,*,#442,.T.);
#3595 = ORIENTED_EDGE('',*,*,#3596,.T.);
#3596 = EDGE_CURVE('',#443,#3566,#3597,.T.);
#3597 = B_SPLINE_CURVE_WITH_KNOTS('',3,(#3598,#3599,#3600,#3601),
  .UNSPECIFIED.,.F.,.F.,(4,4),(2.73209208688,4.014637959714),
  .PIECEWISE_BEZIER_KNOTS.);
#3598 = CARTESIAN_POINT('',(303.38125000003,5.767656123135,
    7.412821673995));
#3599 = CARTESIAN_POINT('',(303.38125000003,5.340601102733,
    7.432001968053));
#3600 = CARTESIAN_POINT('',(303.38125000002,4.913262071546,
    7.444417113853));
#3601 = CARTESIAN_POINT('',(303.38125000002,4.48579982762,7.450061775091
    ));
#3602 = B_SPLINE_SURFACE_WITH_KNOTS('',3,3,(
    (#3603,#3604,#3605,#3606)
    ,(#3607,#3608,#3609,#3610)
    ,(#3611,#3612,#3613,#3614)
    ,(#3615,#3616,#3617,#3618
    )),.UNSPECIFIED.,.F.,.F.,.F.,(4,4),(4,4),(1.74127734344,
    1.96858690584),(-0.230387484887,-0.133236973626),
  .PIECEWISE_BEZIER_KNOTS.);
#3603 = CARTESIAN_POINT('',(312.73124999996,8.425000000163,7.20563934633
    ));
#3604 = CARTESIAN_POINT('',(312.73124999999,7.114078224615,
    7.351399630834));
#3605 = CARTESIAN_POINT('',(312.73125000001,5.797877839817,
    7.432735716447));
#3606 = CARTESIAN_POINT('',(312.73125000004,4.485799827606,
    7.450061775061));
#3607 = CARTESIAN_POINT('',(309.61458333328,8.42500000009,7.205639346342
    ));
#3608 = CARTESIAN_POINT('',(309.61458333331,7.114078224542,
    7.351399630845));
#3609 = CARTESIAN_POINT('',(309.61458333333,5.797877839745,
    7.432735716458));
#3610 = CARTESIAN_POINT('',(309.61458333336,4.485799827533,
    7.450061775072));
#3611 = CARTESIAN_POINT('',(306.49791666661,8.425000000025,
    7.205639346353));
#3612 = CARTESIAN_POINT('',(306.49791666664,7.114078224477,
    7.351399630857));
#3613 = CARTESIAN_POINT('',(306.49791666667,5.797877839679,
    7.432735716469));
#3614 = CARTESIAN_POINT('',(306.4979166667,4.485799827467,7.450061775083
    ));
#3615 = CARTESIAN_POINT('',(303.38124999994,8.424999999952,
    7.205639346364));
#3616 = CARTESIAN_POINT('',(303.38124999996,7.114078224404,
    7.351399630868));
#3617 = CARTESIAN_POINT('',(303.38124999999,5.797877839606,7.43273571648
    ));
#3618 = CARTESIAN_POINT('',(303.38125000002,4.485799827395,
    7.450061775094));
#3619 = ADVANCED_FACE('',(#3620,#3623),#3721,.F.);
#3620 = FACE_BOUND('',#3621,.T.);
#3621 = EDGE_LOOP('',(#3622));
#3622 = ORIENTED_EDGE('',*,*,#147,.F.);
#3623 = FACE_BOUND('',#3624,.T.);
#3624 = EDGE_LOOP('',(#3625,#3635,#3643,#3651,#3659,#3667,#3675,#3683,
    #3691,#3699,#3707,#3715));
#3625 = ORIENTED_EDGE('',*,*,#3626,.F.);
#3626 = EDGE_CURVE('',#3627,#3629,#3631,.T.);
#3627 = VERTEX_POINT('',#3628);
#3628 = CARTESIAN_POINT('',(263.55625000001,6.750000000022,
    0.200000000003));
#3629 = VERTEX_POINT('',#3630);
#3630 = CARTESIAN_POINT('',(262.55625000001,6.750000000022,
    0.200000000003));
#3631 = LINE('',#3632,#3633);
#3632 = CARTESIAN_POINT('',(258.30625000001,6.750000000022,
    0.200000000003));
#3633 = VECTOR('',#3634,1.);
#3634 = DIRECTION('',(-1.,0.,0.));
#3635 = ORIENTED_EDGE('',*,*,#3636,.F.);
#3636 = EDGE_CURVE('',#3637,#3627,#3639,.T.);
#3637 = VERTEX_POINT('',#3638);
#3638 = CARTESIAN_POINT('',(263.55625000001,8.250000000022,
    0.200000000003));
#3639 = LINE('',#3640,#3641);
#3640 = CARTESIAN_POINT('',(263.55625000001,12.24601375452,
    0.200000000003));
#3641 = VECTOR('',#3642,1.);
#3642 = DIRECTION('',(0.,-1.,1.836970198721E-16));
#3643 = ORIENTED_EDGE('',*,*,#3644,.F.);
#3644 = EDGE_CURVE('',#3645,#3637,#3647,.T.);
#3645 = VERTEX_POINT('',#3646);
#3646 = CARTESIAN_POINT('',(265.05625000001,8.250000000022,
    0.200000000003));
#3647 = LINE('',#3648,#3649);
#3648 = CARTESIAN_POINT('',(258.80625000001,8.250000000022,
    0.200000000003));
#3649 = VECTOR('',#3650,1.);
#3650 = DIRECTION('',(-1.,0.,0.));
#3651 = ORIENTED_EDGE('',*,*,#3652,.F.);
#3652 = EDGE_CURVE('',#3653,#3645,#3655,.T.);
#3653 = VERTEX_POINT('',#3654);
#3654 = CARTESIAN_POINT('',(265.05625000001,9.250000000022,
    0.200000000003));
#3655 = LINE('',#3656,#3657);
#3656 = CARTESIAN_POINT('',(265.05625000001,12.99601375452,
    0.200000000003));
#3657 = VECTOR('',#3658,1.);
#3658 = DIRECTION('',(0.,-1.,1.836970198721E-16));
#3659 = ORIENTED_EDGE('',*,*,#3660,.F.);
#3660 = EDGE_CURVE('',#3661,#3653,#3663,.T.);
#3661 = VERTEX_POINT('',#3662);
#3662 = CARTESIAN_POINT('',(263.55625000001,9.250000000022,
    0.200000000003));
#3663 = LINE('',#3664,#3665);
#3664 = CARTESIAN_POINT('',(259.55625000001,9.250000000022,
    0.200000000003));
#3665 = VECTOR('',#3666,1.);
#3666 = DIRECTION('',(1.,0.,0.));
#3667 = ORIENTED_EDGE('',*,*,#3668,.F.);
#3668 = EDGE_CURVE('',#3669,#3661,#3671,.T.);
#3669 = VERTEX_POINT('',#3670);
#3670 = CARTESIAN_POINT('',(263.55625000001,10.750000000022,
    0.200000000003));
#3671 = LINE('',#3672,#3673);
#3672 = CARTESIAN_POINT('',(263.55625000001,13.49601375452,
    0.200000000003));
#3673 = VECTOR('',#3674,1.);
#3674 = DIRECTION('',(0.,-1.,1.836970198721E-16));
#3675 = ORIENTED_EDGE('',*,*,#3676,.F.);
#3676 = EDGE_CURVE('',#3677,#3669,#3679,.T.);
#3677 = VERTEX_POINT('',#3678);
#3678 = CARTESIAN_POINT('',(262.55625000001,10.750000000022,
    0.200000000003));
#3679 = LINE('',#3680,#3681);
#3680 = CARTESIAN_POINT('',(258.80625000001,10.750000000022,
    0.200000000003));
#3681 = VECTOR('',#3682,1.);
#3682 = DIRECTION('',(1.,0.,0.));
#3683 = ORIENTED_EDGE('',*,*,#3684,.F.);
#3684 = EDGE_CURVE('',#3685,#3677,#3687,.T.);
#3685 = VERTEX_POINT('',#3686);
#3686 = CARTESIAN_POINT('',(262.55625000001,9.250000000022,
    0.200000000003));
#3687 = LINE('',#3688,#3689);
#3688 = CARTESIAN_POINT('',(262.55625000001,14.24601375452,
    0.200000000003));
#3689 = VECTOR('',#3690,1.);
#3690 = DIRECTION('',(0.,1.,-1.836970198721E-16));
#3691 = ORIENTED_EDGE('',*,*,#3692,.F.);
#3692 = EDGE_CURVE('',#3693,#3685,#3695,.T.);
#3693 = VERTEX_POINT('',#3694);
#3694 = CARTESIAN_POINT('',(261.05625000001,9.250000000022,
    0.200000000003));
#3695 = LINE('',#3696,#3697);
#3696 = CARTESIAN_POINT('',(258.30625000001,9.250000000022,
    0.200000000003));
#3697 = VECTOR('',#3698,1.);
#3698 = DIRECTION('',(1.,0.,0.));
#3699 = ORIENTED_EDGE('',*,*,#3700,.F.);
#3700 = EDGE_CURVE('',#3701,#3693,#3703,.T.);
#3701 = VERTEX_POINT('',#3702);
#3702 = CARTESIAN_POINT('',(261.05625000001,8.250000000022,
    0.200000000003));
#3703 = LINE('',#3704,#3705);
#3704 = CARTESIAN_POINT('',(261.05625000001,13.49601375452,
    0.200000000003));
#3705 = VECTOR('',#3706,1.);
#3706 = DIRECTION('',(0.,1.,-1.836970198721E-16));
#3707 = ORIENTED_EDGE('',*,*,#3708,.F.);
#3708 = EDGE_CURVE('',#3709,#3701,#3711,.T.);
#3709 = VERTEX_POINT('',#3710);
#3710 = CARTESIAN_POINT('',(262.55625000001,8.250000000022,
    0.200000000003));
#3711 = LINE('',#3712,#3713);
#3712 = CARTESIAN_POINT('',(257.55625000001,8.250000000022,
    0.200000000003));
#3713 = VECTOR('',#3714,1.);
#3714 = DIRECTION('',(-1.,0.,0.));
#3715 = ORIENTED_EDGE('',*,*,#3716,.F.);
#3716 = EDGE_CURVE('',#3629,#3709,#3717,.T.);
#3717 = LINE('',#3718,#3719);
#3718 = CARTESIAN_POINT('',(262.55625000001,12.99601375452,
    0.200000000003));
#3719 = VECTOR('',#3720,1.);
#3720 = DIRECTION('',(0.,1.,-1.836970198721E-16));
#3721 = PLANE('',#3722);
#3722 = AXIS2_PLACEMENT_3D('',#3723,#3724,#3725);
#3723 = CARTESIAN_POINT('',(254.05625000001,17.742027509019,
    0.200000000003));
#3724 = DIRECTION('',(0.,1.836970198721E-16,1.));
#3725 = DIRECTION('',(0.,-1.,1.836970198721E-16));
#3726 = ADVANCED_FACE('',(#3727),#3753,.T.);
#3727 = FACE_BOUND('',#3728,.T.);
#3728 = EDGE_LOOP('',(#3729,#3740,#3746,#3747));
#3729 = ORIENTED_EDGE('',*,*,#3730,.T.);
#3730 = EDGE_CURVE('',#3731,#3733,#3735,.T.);
#3731 = VERTEX_POINT('',#3732);
#3732 = CARTESIAN_POINT('',(262.55625000002,10.750000000022,
    6.878620597255));
#3733 = VERTEX_POINT('',#3734);
#3734 = CARTESIAN_POINT('',(262.55625000001,9.250000000022,
    7.105325201982));
#3735 = B_SPLINE_CURVE_WITH_KNOTS('',3,(#3736,#3737,#3738,#3739),
  .UNSPECIFIED.,.F.,.F.,(4,4),(0.101177770935,1.618400735254),
  .PIECEWISE_BEZIER_KNOTS.);
#3736 = CARTESIAN_POINT('',(262.55625000001,10.750000000029,
    6.878620597255));
#3737 = CARTESIAN_POINT('',(262.55625000001,10.251449486561,
    6.963553030338));
#3738 = CARTESIAN_POINT('',(262.55625000001,9.751361642033,
    7.039134107948));
#3739 = CARTESIAN_POINT('',(262.55625000001,9.250000000022,
    7.105325201982));
#3740 = ORIENTED_EDGE('',*,*,#3741,.T.);
#3741 = EDGE_CURVE('',#3733,#3685,#3742,.T.);
#3742 = LINE('',#3743,#3744);
#3743 = CARTESIAN_POINT('',(262.55625000001,9.250000000022,
    13.387974034051));
#3744 = VECTOR('',#3745,1.);
#3745 = DIRECTION('',(0.,1.224646799147E-16,-1.));
#3746 = ORIENTED_EDGE('',*,*,#3684,.T.);
#3747 = ORIENTED_EDGE('',*,*,#3748,.F.);
#3748 = EDGE_CURVE('',#3731,#3677,#3749,.T.);
#3749 = LINE('',#3750,#3751);
#3750 = CARTESIAN_POINT('',(262.55625000001,10.750000000022,
    13.387974034051));
#3751 = VECTOR('',#3752,1.);
#3752 = DIRECTION('',(0.,1.224646799147E-16,-1.));
#3753 = PLANE('',#3754);
#3754 = AXIS2_PLACEMENT_3D('',#3755,#3756,#3757);
#3755 = CARTESIAN_POINT('',(262.55625000001,10.750000000022,
    13.387974034051));
#3756 = DIRECTION('',(1.,0.,0.));
#3757 = DIRECTION('',(0.,-1.,1.836970198721E-16));
#3758 = ADVANCED_FACE('',(#3759),#3780,.T.);
#3759 = FACE_BOUND('',#3760,.T.);
#3760 = EDGE_LOOP('',(#3761,#3772,#3773,#3774));
#3761 = ORIENTED_EDGE('',*,*,#3762,.T.);
#3762 = EDGE_CURVE('',#3763,#3731,#3765,.T.);
#3763 = VERTEX_POINT('',#3764);
#3764 = CARTESIAN_POINT('',(263.55625000001,10.750000000022,
    6.878620597255));
#3765 = B_SPLINE_CURVE_WITH_KNOTS('',3,(#3766,#3767,#3768,#3769,#3770,
    #3771),.UNSPECIFIED.,.F.,.F.,(4,2,4),(1.499999999967,2.000000000015,
    2.499999999961),.UNSPECIFIED.);
#3766 = CARTESIAN_POINT('',(263.55625000001,10.750000000022,
    6.878620597256));
#3767 = CARTESIAN_POINT('',(263.38958333333,10.750000000022,
    6.878620597256));
#3768 = CARTESIAN_POINT('',(263.22291666665,10.750000000022,
    6.878620597256));
#3769 = CARTESIAN_POINT('',(262.88958333331,10.750000000022,
    6.878620597256));
#3770 = CARTESIAN_POINT('',(262.72291666666,10.750000000022,
    6.878620597256));
#3771 = CARTESIAN_POINT('',(262.55625000002,10.750000000022,
    6.878620597256));
#3772 = ORIENTED_EDGE('',*,*,#3748,.T.);
#3773 = ORIENTED_EDGE('',*,*,#3676,.T.);
#3774 = ORIENTED_EDGE('',*,*,#3775,.F.);
#3775 = EDGE_CURVE('',#3763,#3669,#3776,.T.);
#3776 = LINE('',#3777,#3778);
#3777 = CARTESIAN_POINT('',(263.55625000001,10.750000000022,
    13.387974034051));
#3778 = VECTOR('',#3779,1.);
#3779 = DIRECTION('',(0.,1.224646799147E-16,-1.));
#3780 = PLANE('',#3781);
#3781 = AXIS2_PLACEMENT_3D('',#3782,#3783,#3784);
#3782 = CARTESIAN_POINT('',(263.55625000001,10.750000000022,
    13.387974034051));
#3783 = DIRECTION('',(0.,-1.,-1.224646799147E-16));
#3784 = DIRECTION('',(-1.,-0.,0.));
#3785 = ADVANCED_FACE('',(#3786),#3805,.T.);
#3786 = FACE_BOUND('',#3787,.T.);
#3787 = EDGE_LOOP('',(#3788,#3797,#3803,#3804));
#3788 = ORIENTED_EDGE('',*,*,#3789,.T.);
#3789 = EDGE_CURVE('',#3733,#3790,#3792,.T.);
#3790 = VERTEX_POINT('',#3791);
#3791 = CARTESIAN_POINT('',(261.05625000002,9.250000000022,
    7.105325201984));
#3792 = B_SPLINE_CURVE_WITH_KNOTS('',3,(#3793,#3794,#3795,#3796),
  .UNSPECIFIED.,.F.,.F.,(4,4),(2.499999999998,4.000000000022),
  .PIECEWISE_BEZIER_KNOTS.);
#3793 = CARTESIAN_POINT('',(262.55625000002,9.250000000015,
    7.105325201982));
#3794 = CARTESIAN_POINT('',(262.05625000001,9.250000000015,
    7.105325201982));
#3795 = CARTESIAN_POINT('',(261.55625,9.250000000029,7.105325201982));
#3796 = CARTESIAN_POINT('',(261.05624999999,9.250000000029,
    7.105325201982));
#3797 = ORIENTED_EDGE('',*,*,#3798,.T.);
#3798 = EDGE_CURVE('',#3790,#3693,#3799,.T.);
#3799 = LINE('',#3800,#3801);
#3800 = CARTESIAN_POINT('',(261.05625000001,9.250000000022,
    13.387974034051));
#3801 = VECTOR('',#3802,1.);
#3802 = DIRECTION('',(0.,1.224646799147E-16,-1.));
#3803 = ORIENTED_EDGE('',*,*,#3692,.T.);
#3804 = ORIENTED_EDGE('',*,*,#3741,.F.);
#3805 = PLANE('',#3806);
#3806 = AXIS2_PLACEMENT_3D('',#3807,#3808,#3809);
#3807 = CARTESIAN_POINT('',(262.55625000001,9.250000000022,
    13.387974034051));
#3808 = DIRECTION('',(0.,-1.,-1.224646799147E-16));
#3809 = DIRECTION('',(-1.,-0.,0.));
#3810 = ADVANCED_FACE('',(#3811),#3830,.T.);
#3811 = FACE_BOUND('',#3812,.T.);
#3812 = EDGE_LOOP('',(#3813,#3822,#3823,#3824));
#3813 = ORIENTED_EDGE('',*,*,#3814,.T.);
#3814 = EDGE_CURVE('',#3815,#3763,#3817,.T.);
#3815 = VERTEX_POINT('',#3816);
#3816 = CARTESIAN_POINT('',(263.55625000001,9.250000000022,
    7.105325201982));
#3817 = B_SPLINE_CURVE_WITH_KNOTS('',3,(#3818,#3819,#3820,#3821),
  .UNSPECIFIED.,.F.,.F.,(4,4),(2.540589000553,4.057811964876),
  .PIECEWISE_BEZIER_KNOTS.);
#3818 = CARTESIAN_POINT('',(263.55625000001,9.250000000015,
    7.105325201982));
#3819 = CARTESIAN_POINT('',(263.55625000001,9.751361642026,7.03913410795
    ));
#3820 = CARTESIAN_POINT('',(263.55625000001,10.251449486554,
    6.963553030339));
#3821 = CARTESIAN_POINT('',(263.55625000001,10.750000000029,
    6.878620597254));
#3822 = ORIENTED_EDGE('',*,*,#3775,.T.);
#3823 = ORIENTED_EDGE('',*,*,#3668,.T.);
#3824 = ORIENTED_EDGE('',*,*,#3825,.F.);
#3825 = EDGE_CURVE('',#3815,#3661,#3826,.T.);
#3826 = LINE('',#3827,#3828);
#3827 = CARTESIAN_POINT('',(263.55625000001,9.250000000022,
    13.387974034051));
#3828 = VECTOR('',#3829,1.);
#3829 = DIRECTION('',(0.,1.224646799147E-16,-1.));
#3830 = PLANE('',#3831);
#3831 = AXIS2_PLACEMENT_3D('',#3832,#3833,#3834);
#3832 = CARTESIAN_POINT('',(263.55625000001,9.250000000022,
    13.387974034051));
#3833 = DIRECTION('',(-1.,0.,0.));
#3834 = DIRECTION('',(0.,1.,-1.836970198721E-16));
#3835 = ADVANCED_FACE('',(#3836),#3855,.T.);
#3836 = FACE_BOUND('',#3837,.T.);
#3837 = EDGE_LOOP('',(#3838,#3847,#3853,#3854));
#3838 = ORIENTED_EDGE('',*,*,#3839,.T.);
#3839 = EDGE_CURVE('',#3790,#3840,#3842,.T.);
#3840 = VERTEX_POINT('',#3841);
#3841 = CARTESIAN_POINT('',(261.05625000001,8.250000000022,
    7.224712354886));
#3842 = B_SPLINE_CURVE_WITH_KNOTS('',3,(#3843,#3844,#3845,#3846),
  .UNSPECIFIED.,.F.,.F.,(4,4),(-0.250786779293,-0.226065241589),
  .PIECEWISE_BEZIER_KNOTS.);
#3843 = CARTESIAN_POINT('',(261.05624999999,9.249998587242,7.10529785162
    ));
#3844 = CARTESIAN_POINT('',(261.05625,8.917084148627,7.149245270018));
#3845 = CARTESIAN_POINT('',(261.05625000001,8.583699146067,
    7.189044657071));
#3846 = CARTESIAN_POINT('',(261.05625000002,8.24999893293,7.224685126381
    ));
#3847 = ORIENTED_EDGE('',*,*,#3848,.T.);
#3848 = EDGE_CURVE('',#3840,#3701,#3849,.T.);
#3849 = LINE('',#3850,#3851);
#3850 = CARTESIAN_POINT('',(261.05625000001,8.250000000022,
    13.387974034051));
#3851 = VECTOR('',#3852,1.);
#3852 = DIRECTION('',(0.,1.224646799147E-16,-1.));
#3853 = ORIENTED_EDGE('',*,*,#3700,.T.);
#3854 = ORIENTED_EDGE('',*,*,#3798,.F.);
#3855 = PLANE('',#3856);
#3856 = AXIS2_PLACEMENT_3D('',#3857,#3858,#3859);
#3857 = CARTESIAN_POINT('',(261.05625000001,9.250000000022,
    13.387974034051));
#3858 = DIRECTION('',(1.,0.,0.));
#3859 = DIRECTION('',(0.,-1.,1.836970198721E-16));
#3860 = ADVANCED_FACE('',(#3861),#3880,.T.);
#3861 = FACE_BOUND('',#3862,.T.);
#3862 = EDGE_LOOP('',(#3863,#3872,#3873,#3874));
#3863 = ORIENTED_EDGE('',*,*,#3864,.T.);
#3864 = EDGE_CURVE('',#3865,#3815,#3867,.T.);
#3865 = VERTEX_POINT('',#3866);
#3866 = CARTESIAN_POINT('',(265.05625000002,9.250000000022,
    7.105325201981));
#3867 = B_SPLINE_CURVE_WITH_KNOTS('',3,(#3868,#3869,#3870,#3871),
  .UNSPECIFIED.,.F.,.F.,(4,4),(0.,1.499999999985),
  .PIECEWISE_BEZIER_KNOTS.);
#3868 = CARTESIAN_POINT('',(265.05625000001,9.250000000022,
    7.105325201981));
#3869 = CARTESIAN_POINT('',(264.55625000002,9.250000000022,
    7.105325201981));
#3870 = CARTESIAN_POINT('',(264.05625000002,9.250000000022,
    7.105325201982));
#3871 = CARTESIAN_POINT('',(263.55625000003,9.250000000022,
    7.105325201982));
#3872 = ORIENTED_EDGE('',*,*,#3825,.T.);
#3873 = ORIENTED_EDGE('',*,*,#3660,.T.);
#3874 = ORIENTED_EDGE('',*,*,#3875,.F.);
#3875 = EDGE_CURVE('',#3865,#3653,#3876,.T.);
#3876 = LINE('',#3877,#3878);
#3877 = CARTESIAN_POINT('',(265.05625000001,9.250000000022,
    13.387974034051));
#3878 = VECTOR('',#3879,1.);
#3879 = DIRECTION('',(0.,1.224646799147E-16,-1.));
#3880 = PLANE('',#3881);
#3881 = AXIS2_PLACEMENT_3D('',#3882,#3883,#3884);
#3882 = CARTESIAN_POINT('',(265.05625000001,9.250000000022,
    13.387974034051));
#3883 = DIRECTION('',(0.,-1.,-1.224646799147E-16));
#3884 = DIRECTION('',(-1.,-0.,0.));
#3885 = ADVANCED_FACE('',(#3886),#3905,.T.);
#3886 = FACE_BOUND('',#3887,.T.);
#3887 = EDGE_LOOP('',(#3888,#3897,#3903,#3904));
#3888 = ORIENTED_EDGE('',*,*,#3889,.T.);
#3889 = EDGE_CURVE('',#3840,#3890,#3892,.T.);
#3890 = VERTEX_POINT('',#3891);
#3891 = CARTESIAN_POINT('',(262.55625000001,8.250000000022,
    7.224712354884));
#3892 = B_SPLINE_CURVE_WITH_KNOTS('',3,(#3893,#3894,#3895,#3896),
  .UNSPECIFIED.,.F.,.F.,(4,4),(0.,1.499999999985),
  .PIECEWISE_BEZIER_KNOTS.);
#3893 = CARTESIAN_POINT('',(261.05625000001,8.250000000029,
    7.224712354885));
#3894 = CARTESIAN_POINT('',(261.55625000001,8.250000000029,
    7.224712354884));
#3895 = CARTESIAN_POINT('',(262.05625,8.250000000029,7.224712354884));
#3896 = CARTESIAN_POINT('',(262.55625,8.250000000029,7.224712354883));
#3897 = ORIENTED_EDGE('',*,*,#3898,.T.);
#3898 = EDGE_CURVE('',#3890,#3709,#3899,.T.);
#3899 = LINE('',#3900,#3901);
#3900 = CARTESIAN_POINT('',(262.55625000001,8.250000000022,
    13.387974034051));
#3901 = VECTOR('',#3902,1.);
#3902 = DIRECTION('',(0.,1.224646799147E-16,-1.));
#3903 = ORIENTED_EDGE('',*,*,#3708,.T.);
#3904 = ORIENTED_EDGE('',*,*,#3848,.F.);
#3905 = PLANE('',#3906);
#3906 = AXIS2_PLACEMENT_3D('',#3907,#3908,#3909);
#3907 = CARTESIAN_POINT('',(261.05625000001,8.250000000022,
    13.387974034051));
#3908 = DIRECTION('',(0.,1.,1.224646799147E-16));
#3909 = DIRECTION('',(1.,0.,-0.));
#3910 = ADVANCED_FACE('',(#3911),#3930,.T.);
#3911 = FACE_BOUND('',#3912,.T.);
#3912 = EDGE_LOOP('',(#3913,#3922,#3923,#3924));
#3913 = ORIENTED_EDGE('',*,*,#3914,.T.);
#3914 = EDGE_CURVE('',#3915,#3865,#3917,.T.);
#3915 = VERTEX_POINT('',#3916);
#3916 = CARTESIAN_POINT('',(265.05625000001,8.250000000022,
    7.224712354881));
#3917 = B_SPLINE_CURVE_WITH_KNOTS('',3,(#3918,#3919,#3920,#3921),
  .UNSPECIFIED.,.F.,.F.,(4,4),(0.226065241587,0.250786779291),
  .PIECEWISE_BEZIER_KNOTS.);
#3918 = CARTESIAN_POINT('',(265.05625000003,8.249998932923,
    7.224685126377));
#3919 = CARTESIAN_POINT('',(265.05625000002,8.58369914606,7.189044657068
    ));
#3920 = CARTESIAN_POINT('',(265.05625000002,8.917084148619,
    7.149245270016));
#3921 = CARTESIAN_POINT('',(265.05625000001,9.249998587235,
    7.105297851619));
#3922 = ORIENTED_EDGE('',*,*,#3875,.T.);
#3923 = ORIENTED_EDGE('',*,*,#3652,.T.);
#3924 = ORIENTED_EDGE('',*,*,#3925,.F.);
#3925 = EDGE_CURVE('',#3915,#3645,#3926,.T.);
#3926 = LINE('',#3927,#3928);
#3927 = CARTESIAN_POINT('',(265.05625000001,8.250000000022,
    13.387974034051));
#3928 = VECTOR('',#3929,1.);
#3929 = DIRECTION('',(0.,1.224646799147E-16,-1.));
#3930 = PLANE('',#3931);
#3931 = AXIS2_PLACEMENT_3D('',#3932,#3933,#3934);
#3932 = CARTESIAN_POINT('',(265.05625000001,8.250000000022,
    13.387974034051));
#3933 = DIRECTION('',(-1.,0.,0.));
#3934 = DIRECTION('',(0.,1.,-1.836970198721E-16));
#3935 = ADVANCED_FACE('',(#3936),#3955,.T.);
#3936 = FACE_BOUND('',#3937,.T.);
#3937 = EDGE_LOOP('',(#3938,#3947,#3953,#3954));
#3938 = ORIENTED_EDGE('',*,*,#3939,.T.);
#3939 = EDGE_CURVE('',#3890,#3940,#3942,.T.);
#3940 = VERTEX_POINT('',#3941);
#3941 = CARTESIAN_POINT('',(262.55625000001,6.750000000022,7.35673233982
    ));
#3942 = B_SPLINE_CURVE_WITH_KNOTS('',3,(#3943,#3944,#3945,#3946),
  .UNSPECIFIED.,.F.,.F.,(4,4),(2.625561995044,4.131541967493),
  .PIECEWISE_BEZIER_KNOTS.);
#3943 = CARTESIAN_POINT('',(262.55625000001,8.250000000036,
    7.224712354882));
#3944 = CARTESIAN_POINT('',(262.55625000001,7.750876567086,
    7.278013310772));
#3945 = CARTESIAN_POINT('',(262.55625000001,7.250790127757,
    7.322028137008));
#3946 = CARTESIAN_POINT('',(262.55625000001,6.750000000044,
    7.356732339818));
#3947 = ORIENTED_EDGE('',*,*,#3948,.T.);
#3948 = EDGE_CURVE('',#3940,#3629,#3949,.T.);
#3949 = LINE('',#3950,#3951);
#3950 = CARTESIAN_POINT('',(262.55625000001,6.750000000022,
    13.387974034051));
#3951 = VECTOR('',#3952,1.);
#3952 = DIRECTION('',(0.,1.224646799147E-16,-1.));
#3953 = ORIENTED_EDGE('',*,*,#3716,.T.);
#3954 = ORIENTED_EDGE('',*,*,#3898,.F.);
#3955 = PLANE('',#3956);
#3956 = AXIS2_PLACEMENT_3D('',#3957,#3958,#3959);
#3957 = CARTESIAN_POINT('',(262.55625000001,8.250000000022,
    13.387974034051));
#3958 = DIRECTION('',(1.,0.,0.));
#3959 = DIRECTION('',(0.,-1.,1.836970198721E-16));
#3960 = ADVANCED_FACE('',(#3961),#3980,.T.);
#3961 = FACE_BOUND('',#3962,.T.);
#3962 = EDGE_LOOP('',(#3963,#3972,#3973,#3974));
#3963 = ORIENTED_EDGE('',*,*,#3964,.T.);
#3964 = EDGE_CURVE('',#3965,#3915,#3967,.T.);
#3965 = VERTEX_POINT('',#3966);
#3966 = CARTESIAN_POINT('',(263.55625000002,8.250000000022,
    7.224712354882));
#3967 = B_SPLINE_CURVE_WITH_KNOTS('',3,(#3968,#3969,#3970,#3971),
  .UNSPECIFIED.,.F.,.F.,(4,4),(2.500000000006,4.000000000018),
  .PIECEWISE_BEZIER_KNOTS.);
#3968 = CARTESIAN_POINT('',(263.55625000002,8.250000000029,
    7.224712354882));
#3969 = CARTESIAN_POINT('',(264.05625000002,8.250000000029,
    7.224712354882));
#3970 = CARTESIAN_POINT('',(264.55625000003,8.250000000022,
    7.224712354882));
#3971 = CARTESIAN_POINT('',(265.05625000003,8.250000000022,
    7.224712354881));
#3972 = ORIENTED_EDGE('',*,*,#3925,.T.);
#3973 = ORIENTED_EDGE('',*,*,#3644,.T.);
#3974 = ORIENTED_EDGE('',*,*,#3975,.F.);
#3975 = EDGE_CURVE('',#3965,#3637,#3976,.T.);
#3976 = LINE('',#3977,#3978);
#3977 = CARTESIAN_POINT('',(263.55625000001,8.250000000022,
    13.387974034051));
#3978 = VECTOR('',#3979,1.);
#3979 = DIRECTION('',(0.,1.224646799147E-16,-1.));
#3980 = PLANE('',#3981);
#3981 = AXIS2_PLACEMENT_3D('',#3982,#3983,#3984);
#3982 = CARTESIAN_POINT('',(263.55625000001,8.250000000022,
    13.387974034051));
#3983 = DIRECTION('',(0.,1.,1.224646799147E-16));
#3984 = DIRECTION('',(1.,0.,-0.));
#3985 = ADVANCED_FACE('',(#3986),#4007,.T.);
#3986 = FACE_BOUND('',#3987,.T.);
#3987 = EDGE_LOOP('',(#3988,#3999,#4005,#4006));
#3988 = ORIENTED_EDGE('',*,*,#3989,.T.);
#3989 = EDGE_CURVE('',#3940,#3990,#3992,.T.);
#3990 = VERTEX_POINT('',#3991);
#3991 = CARTESIAN_POINT('',(263.55625000001,6.750000000022,
    7.356732339818));
#3992 = B_SPLINE_CURVE_WITH_KNOTS('',3,(#3993,#3994,#3995,#3996,#3997,
    #3998),.UNSPECIFIED.,.F.,.F.,(4,2,4),(1.499999999975,2.000000000007,
    2.499999999964),.UNSPECIFIED.);
#3993 = CARTESIAN_POINT('',(262.55625000002,6.750000000022,7.35673233982
    ));
#3994 = CARTESIAN_POINT('',(262.7229166667,6.750000000022,7.356732339819
    ));
#3995 = CARTESIAN_POINT('',(262.88958333338,6.750000000022,
    7.356732339819));
#3996 = CARTESIAN_POINT('',(263.22291666671,6.750000000022,
    7.356732339818));
#3997 = CARTESIAN_POINT('',(263.38958333336,6.750000000022,
    7.356732339818));
#3998 = CARTESIAN_POINT('',(263.55625000001,6.750000000022,
    7.356732339818));
#3999 = ORIENTED_EDGE('',*,*,#4000,.T.);
#4000 = EDGE_CURVE('',#3990,#3627,#4001,.T.);
#4001 = LINE('',#4002,#4003);
#4002 = CARTESIAN_POINT('',(263.55625000001,6.750000000022,
    13.387974034051));
#4003 = VECTOR('',#4004,1.);
#4004 = DIRECTION('',(0.,1.224646799147E-16,-1.));
#4005 = ORIENTED_EDGE('',*,*,#3626,.T.);
#4006 = ORIENTED_EDGE('',*,*,#3948,.F.);
#4007 = PLANE('',#4008);
#4008 = AXIS2_PLACEMENT_3D('',#4009,#4010,#4011);
#4009 = CARTESIAN_POINT('',(262.55625000001,6.750000000022,
    13.387974034051));
#4010 = DIRECTION('',(0.,1.,1.224646799147E-16));
#4011 = DIRECTION('',(1.,0.,-0.));
#4012 = ADVANCED_FACE('',(#4013),#4025,.T.);
#4013 = FACE_BOUND('',#4014,.T.);
#4014 = EDGE_LOOP('',(#4015,#4022,#4023,#4024));
#4015 = ORIENTED_EDGE('',*,*,#4016,.T.);
#4016 = EDGE_CURVE('',#3990,#3965,#4017,.T.);
#4017 = B_SPLINE_CURVE_WITH_KNOTS('',3,(#4018,#4019,#4020,#4021),
  .UNSPECIFIED.,.F.,.F.,(4,4),(2.744776831082E-02,1.533427740753),
  .PIECEWISE_BEZIER_KNOTS.);
#4018 = CARTESIAN_POINT('',(263.55625000001,6.750000000022,
    7.356732339818));
#4019 = CARTESIAN_POINT('',(263.55625000001,7.250790127728,
    7.322028137009));
#4020 = CARTESIAN_POINT('',(263.55625000001,7.750876567057,
    7.278013310774));
#4021 = CARTESIAN_POINT('',(263.55625000001,8.250000000015,
    7.224712354884));
#4022 = ORIENTED_EDGE('',*,*,#3975,.T.);
#4023 = ORIENTED_EDGE('',*,*,#3636,.T.);
#4024 = ORIENTED_EDGE('',*,*,#4000,.F.);
#4025 = PLANE('',#4026);
#4026 = AXIS2_PLACEMENT_3D('',#4027,#4028,#4029);
#4027 = CARTESIAN_POINT('',(263.55625000001,6.750000000022,
    13.387974034051));
#4028 = DIRECTION('',(-1.,0.,0.));
#4029 = DIRECTION('',(0.,1.,-1.836970198721E-16));
#4030 = ADVANCED_FACE('',(#4031),#4045,.F.);
#4031 = FACE_BOUND('',#4032,.F.);
#4032 = EDGE_LOOP('',(#4033,#4034,#4035,#4036,#4037,#4038,#4039,#4040,
    #4041,#4042,#4043,#4044));
#4033 = ORIENTED_EDGE('',*,*,#3789,.T.);
#4034 = ORIENTED_EDGE('',*,*,#3839,.T.);
#4035 = ORIENTED_EDGE('',*,*,#3889,.T.);
#4036 = ORIENTED_EDGE('',*,*,#3939,.T.);
#4037 = ORIENTED_EDGE('',*,*,#3989,.T.);
#4038 = ORIENTED_EDGE('',*,*,#4016,.T.);
#4039 = ORIENTED_EDGE('',*,*,#3964,.T.);
#4040 = ORIENTED_EDGE('',*,*,#3914,.T.);
#4041 = ORIENTED_EDGE('',*,*,#3864,.T.);
#4042 = ORIENTED_EDGE('',*,*,#3814,.T.);
#4043 = ORIENTED_EDGE('',*,*,#3762,.T.);
#4044 = ORIENTED_EDGE('',*,*,#3730,.T.);
#4045 = B_SPLINE_SURFACE_WITH_KNOTS('',3,3,(
    (#4046,#4047,#4048,#4049)
    ,(#4050,#4051,#4052,#4053)
    ,(#4054,#4055,#4056,#4057)
    ,(#4058,#4059,#4060,#4061
    )),.UNSPECIFIED.,.F.,.F.,.F.,(4,4),(4,4),(2.900312999841,
    2.997557732418),(-0.288008117626,-0.189063181261),
  .PIECEWISE_BEZIER_KNOTS.);
#4046 = CARTESIAN_POINT('',(265.05624999998,10.750000000495,
    6.878620597175));
#4047 = CARTESIAN_POINT('',(265.05625000001,9.424631435722,
    7.104408704709));
#4048 = CARTESIAN_POINT('',(265.05625000004,8.087977982876,
    7.264011943198));
#4049 = CARTESIAN_POINT('',(265.05625000007,6.749999999556,
    7.356732339847));
#4050 = CARTESIAN_POINT('',(263.72291666664,10.750000000466,
    6.87862059718));
#4051 = CARTESIAN_POINT('',(263.72291666667,9.424631435693,
    7.104408704714));
#4052 = CARTESIAN_POINT('',(263.7229166667,8.087977982846,7.264011943202
    ));
#4053 = CARTESIAN_POINT('',(263.72291666673,6.749999999527,
    7.356732339852));
#4054 = CARTESIAN_POINT('',(262.3895833333,10.750000000437,
    6.878620597185));
#4055 = CARTESIAN_POINT('',(262.38958333333,9.424631435664,
    7.104408704719));
#4056 = CARTESIAN_POINT('',(262.38958333336,8.087977982817,
    7.264011943207));
#4057 = CARTESIAN_POINT('',(262.38958333339,6.749999999498,
    7.356732339857));
#4058 = CARTESIAN_POINT('',(261.05624999996,10.750000000407,
    6.878620597189));
#4059 = CARTESIAN_POINT('',(261.05624999999,9.424631435635,
    7.104408704724));
#4060 = CARTESIAN_POINT('',(261.05625000002,8.087977982788,
    7.264011943212));
#4061 = CARTESIAN_POINT('',(261.05625000005,6.749999999469,
    7.356732339862));
#4062 = ADVANCED_FACE('',(#4063),#4077,.F.);
#4063 = FACE_BOUND('',#4064,.F.);
#4064 = EDGE_LOOP('',(#4065,#4066,#4067,#4068,#4069,#4070,#4071,#4072,
    #4073,#4074,#4075,#4076));
#4065 = ORIENTED_EDGE('',*,*,#3229,.T.);
#4066 = ORIENTED_EDGE('',*,*,#3293,.T.);
#4067 = ORIENTED_EDGE('',*,*,#3357,.T.);
#4068 = ORIENTED_EDGE('',*,*,#3421,.T.);
#4069 = ORIENTED_EDGE('',*,*,#3485,.T.);
#4070 = ORIENTED_EDGE('',*,*,#3519,.T.);
#4071 = ORIENTED_EDGE('',*,*,#3453,.T.);
#4072 = ORIENTED_EDGE('',*,*,#3389,.T.);
#4073 = ORIENTED_EDGE('',*,*,#3325,.T.);
#4074 = ORIENTED_EDGE('',*,*,#3261,.T.);
#4075 = ORIENTED_EDGE('',*,*,#3195,.T.);
#4076 = ORIENTED_EDGE('',*,*,#3154,.T.);
#4077 = B_SPLINE_SURFACE_WITH_KNOTS('',3,3,(
    (#4078,#4079,#4080,#4081)
    ,(#4082,#4083,#4084,#4085)
    ,(#4086,#4087,#4088,#4089)
    ,(#4090,#4091,#4092,#4093
    )),.UNSPECIFIED.,.F.,.F.,.F.,(4,4),(4,4),(2.609794361267,
    2.707039093845),(-0.288008117619,-0.189063181254),
  .PIECEWISE_BEZIER_KNOTS.);
#4078 = CARTESIAN_POINT('',(277.00624999998,10.750000000473,
    6.878620597182));
#4079 = CARTESIAN_POINT('',(277.00625,9.424631435701,7.104408704706));
#4080 = CARTESIAN_POINT('',(277.00625000004,8.087977982854,
    7.264011943184));
#4081 = CARTESIAN_POINT('',(277.00625000007,6.749999999542,
    7.356732339824));
#4082 = CARTESIAN_POINT('',(275.67291666664,10.750000000444,
    6.878620597186));
#4083 = CARTESIAN_POINT('',(275.67291666667,9.424631435671,7.10440870471
    ));
#4084 = CARTESIAN_POINT('',(275.6729166667,8.087977982825,7.264011943189
    ));
#4085 = CARTESIAN_POINT('',(275.67291666673,6.749999999513,
    7.356732339829));
#4086 = CARTESIAN_POINT('',(274.33958333329,10.750000000415,
    6.878620597191));
#4087 = CARTESIAN_POINT('',(274.33958333332,9.424631435642,
    7.104408704715));
#4088 = CARTESIAN_POINT('',(274.33958333336,8.087977982796,
    7.264011943194));
#4089 = CARTESIAN_POINT('',(274.33958333338,6.749999999483,
    7.356732339834));
#4090 = CARTESIAN_POINT('',(273.00624999995,10.750000000386,
    6.878620597196));
#4091 = CARTESIAN_POINT('',(273.00624999998,9.424631435613,7.10440870472
    ));
#4092 = CARTESIAN_POINT('',(273.00625000002,8.087977982766,
    7.264011943198));
#4093 = CARTESIAN_POINT('',(273.00625000004,6.749999999454,
    7.356732339838));
#4094 = ADVANCED_FACE('',(#4095),#4209,.F.);
#4095 = FACE_BOUND('',#4096,.F.);
#4096 = EDGE_LOOP('',(#4097,#4108,#4117,#4126,#4135,#4146,#4155,#4164,
    #4173,#4182,#4191,#4202));
#4097 = ORIENTED_EDGE('',*,*,#4098,.T.);
#4098 = EDGE_CURVE('',#4099,#4101,#4103,.T.);
#4099 = VERTEX_POINT('',#4100);
#4100 = CARTESIAN_POINT('',(313.55625000001,8.250000000022,
    7.224712354824));
#4101 = VERTEX_POINT('',#4102);
#4102 = CARTESIAN_POINT('',(315.05625000001,8.250000000022,
    7.224712354823));
#4103 = B_SPLINE_CURVE_WITH_KNOTS('',3,(#4104,#4105,#4106,#4107),
  .UNSPECIFIED.,.F.,.F.,(4,4),(2.499999999996,4.000000000018),
  .PIECEWISE_BEZIER_KNOTS.);
#4104 = CARTESIAN_POINT('',(313.55625000001,8.250000000015,
    7.224712354825));
#4105 = CARTESIAN_POINT('',(314.05625000002,8.250000000022,
    7.224712354825));
#4106 = CARTESIAN_POINT('',(314.55625000003,8.250000000029,
    7.224712354823));
#4107 = CARTESIAN_POINT('',(315.05625000003,8.250000000029,
    7.224712354823));
#4108 = ORIENTED_EDGE('',*,*,#4109,.T.);
#4109 = EDGE_CURVE('',#4101,#4110,#4112,.T.);
#4110 = VERTEX_POINT('',#4111);
#4111 = CARTESIAN_POINT('',(315.05625000002,9.250000000022,
    7.105325201951));
#4112 = B_SPLINE_CURVE_WITH_KNOTS('',3,(#4113,#4114,#4115,#4116),
  .UNSPECIFIED.,.F.,.F.,(4,4),(0.226065241559,0.250786779263),
  .PIECEWISE_BEZIER_KNOTS.);
#4113 = CARTESIAN_POINT('',(315.05625000004,8.249998932908,
    7.224685126318));
#4114 = CARTESIAN_POINT('',(315.05625000003,8.583699146053,
    7.189044657019));
#4115 = CARTESIAN_POINT('',(315.05625000003,8.917084148619,
    7.149245269976));
#4116 = CARTESIAN_POINT('',(315.05625000002,9.249998587242,
    7.105297851588));
#4117 = ORIENTED_EDGE('',*,*,#4118,.T.);
#4118 = EDGE_CURVE('',#4110,#4119,#4121,.T.);
#4119 = VERTEX_POINT('',#4120);
#4120 = CARTESIAN_POINT('',(313.55625000001,9.250000000022,
    7.105325201951));
#4121 = B_SPLINE_CURVE_WITH_KNOTS('',3,(#4122,#4123,#4124,#4125),
  .UNSPECIFIED.,.F.,.F.,(4,4),(0.,1.499999999985),
  .PIECEWISE_BEZIER_KNOTS.);
#4122 = CARTESIAN_POINT('',(315.05625000001,9.250000000022,7.10532520195
    ));
#4123 = CARTESIAN_POINT('',(314.55625000002,9.250000000022,7.10532520195
    ));
#4124 = CARTESIAN_POINT('',(314.05625000002,9.250000000029,
    7.105325201951));
#4125 = CARTESIAN_POINT('',(313.55625000003,9.250000000029,
    7.105325201951));
#4126 = ORIENTED_EDGE('',*,*,#4127,.T.);
#4127 = EDGE_CURVE('',#4119,#4128,#4130,.T.);
#4128 = VERTEX_POINT('',#4129);
#4129 = CARTESIAN_POINT('',(313.55625000002,10.750000000022,
    6.878620597267));
#4130 = B_SPLINE_CURVE_WITH_KNOTS('',3,(#4131,#4132,#4133,#4134),
  .UNSPECIFIED.,.F.,.F.,(4,4),(2.540589000526,4.057811964829),
  .PIECEWISE_BEZIER_KNOTS.);
#4131 = CARTESIAN_POINT('',(313.55625000001,9.250000000029,7.10532520195
    ));
#4132 = CARTESIAN_POINT('',(313.55625000001,9.75136164204,7.039134107931
    ));
#4133 = CARTESIAN_POINT('',(313.55625000001,10.251449486554,
    6.963553030337));
#4134 = CARTESIAN_POINT('',(313.55625000001,10.750000000007,
    6.87862059727));
#4135 = ORIENTED_EDGE('',*,*,#4136,.T.);
#4136 = EDGE_CURVE('',#4128,#4137,#4139,.T.);
#4137 = VERTEX_POINT('',#4138);
#4138 = CARTESIAN_POINT('',(312.55625000002,10.750000000022,
    6.878620597267));
#4139 = B_SPLINE_CURVE_WITH_KNOTS('',3,(#4140,#4141,#4142,#4143,#4144,
    #4145),.UNSPECIFIED.,.F.,.F.,(4,2,4),(1.499999999964,2.000000000015,
    2.499999999961),.UNSPECIFIED.);
#4140 = CARTESIAN_POINT('',(313.55625000002,10.750000000029,
    6.878620597269));
#4141 = CARTESIAN_POINT('',(313.38958333333,10.750000000029,
    6.878620597269));
#4142 = CARTESIAN_POINT('',(313.22291666665,10.750000000029,
    6.878620597269));
#4143 = CARTESIAN_POINT('',(312.88958333332,10.750000000029,
    6.878620597269));
#4144 = CARTESIAN_POINT('',(312.72291666666,10.750000000022,
    6.878620597268));
#4145 = CARTESIAN_POINT('',(312.55625000002,10.750000000022,
    6.878620597268));
#4146 = ORIENTED_EDGE('',*,*,#4147,.T.);
#4147 = EDGE_CURVE('',#4137,#4148,#4150,.T.);
#4148 = VERTEX_POINT('',#4149);
#4149 = CARTESIAN_POINT('',(312.55625000001,9.250000000022,
    7.105325201951));
#4150 = B_SPLINE_CURVE_WITH_KNOTS('',3,(#4151,#4152,#4153,#4154),
  .UNSPECIFIED.,.F.,.F.,(4,4),(0.101177770949,1.618400735256),
  .PIECEWISE_BEZIER_KNOTS.);
#4151 = CARTESIAN_POINT('',(312.55625000001,10.750000000022,
    6.878620597268));
#4152 = CARTESIAN_POINT('',(312.55625000001,10.251449486561,
    6.963553030336));
#4153 = CARTESIAN_POINT('',(312.55625000001,9.751361642033,
    7.039134107933));
#4154 = CARTESIAN_POINT('',(312.55625000001,9.250000000015,
    7.105325201953));
#4155 = ORIENTED_EDGE('',*,*,#4156,.T.);
#4156 = EDGE_CURVE('',#4148,#4157,#4159,.T.);
#4157 = VERTEX_POINT('',#4158);
#4158 = CARTESIAN_POINT('',(311.05625000001,9.250000000022,
    7.105325201953));
#4159 = B_SPLINE_CURVE_WITH_KNOTS('',3,(#4160,#4161,#4162,#4163),
  .UNSPECIFIED.,.F.,.F.,(4,4),(2.499999999998,4.000000000022),
  .PIECEWISE_BEZIER_KNOTS.);
#4160 = CARTESIAN_POINT('',(312.55625000001,9.250000000022,
    7.105325201952));
#4161 = CARTESIAN_POINT('',(312.05625,9.250000000022,7.105325201952));
#4162 = CARTESIAN_POINT('',(311.55625,9.250000000022,7.105325201953));
#4163 = CARTESIAN_POINT('',(311.05624999999,9.250000000022,
    7.105325201953));
#4164 = ORIENTED_EDGE('',*,*,#4165,.T.);
#4165 = EDGE_CURVE('',#4157,#4166,#4168,.T.);
#4166 = VERTEX_POINT('',#4167);
#4167 = CARTESIAN_POINT('',(311.05625000001,8.250000000022,
    7.224712354828));
#4168 = B_SPLINE_CURVE_WITH_KNOTS('',3,(#4169,#4170,#4171,#4172),
  .UNSPECIFIED.,.F.,.F.,(4,4),(-0.250786779265,-0.226065241562),
  .PIECEWISE_BEZIER_KNOTS.);
#4169 = CARTESIAN_POINT('',(311.05624999999,9.249998587242,7.10529785159
    ));
#4170 = CARTESIAN_POINT('',(311.05624999999,8.917084148627,
    7.149245269979));
#4171 = CARTESIAN_POINT('',(311.05625,8.583699146067,7.189044657023));
#4172 = CARTESIAN_POINT('',(311.05625000001,8.249998932923,
    7.224685126322));
#4173 = ORIENTED_EDGE('',*,*,#4174,.T.);
#4174 = EDGE_CURVE('',#4166,#4175,#4177,.T.);
#4175 = VERTEX_POINT('',#4176);
#4176 = CARTESIAN_POINT('',(312.55625000002,8.250000000022,
    7.224712354826));
#4177 = B_SPLINE_CURVE_WITH_KNOTS('',3,(#4178,#4179,#4180,#4181),
  .UNSPECIFIED.,.F.,.F.,(4,4),(0.,1.5),.PIECEWISE_BEZIER_KNOTS.);
#4178 = CARTESIAN_POINT('',(311.05625000002,8.250000000022,
    7.224712354829));
#4179 = CARTESIAN_POINT('',(311.55625000002,8.250000000022,
    7.224712354828));
#4180 = CARTESIAN_POINT('',(312.05625000002,8.250000000015,
    7.224712354827));
#4181 = CARTESIAN_POINT('',(312.55625000002,8.250000000015,
    7.224712354827));
#4182 = ORIENTED_EDGE('',*,*,#4183,.T.);
#4183 = EDGE_CURVE('',#4175,#4184,#4186,.T.);
#4184 = VERTEX_POINT('',#4185);
#4185 = CARTESIAN_POINT('',(312.55625000001,6.750000000022,7.35673233972
    ));
#4186 = B_SPLINE_CURVE_WITH_KNOTS('',3,(#4187,#4188,#4189,#4190),
  .UNSPECIFIED.,.F.,.F.,(4,4),(2.625561995048,4.131541967497),
  .PIECEWISE_BEZIER_KNOTS.);
#4187 = CARTESIAN_POINT('',(312.55625000001,8.250000000029,
    7.224712354825));
#4188 = CARTESIAN_POINT('',(312.55625000001,7.750876567072,
    7.278013310701));
#4189 = CARTESIAN_POINT('',(312.55625000002,7.250790127735,
    7.322028136923));
#4190 = CARTESIAN_POINT('',(312.55625000002,6.750000000022,7.35673233972
    ));
#4191 = ORIENTED_EDGE('',*,*,#4192,.T.);
#4192 = EDGE_CURVE('',#4184,#4193,#4195,.T.);
#4193 = VERTEX_POINT('',#4194);
#4194 = CARTESIAN_POINT('',(313.55625000001,6.750000000022,
    7.356732339718));
#4195 = B_SPLINE_CURVE_WITH_KNOTS('',3,(#4196,#4197,#4198,#4199,#4200,
    #4201),.UNSPECIFIED.,.F.,.F.,(4,2,4),(1.499999999949,2.000000000011,
    2.499999999967),.UNSPECIFIED.);
#4196 = CARTESIAN_POINT('',(312.55624999999,6.750000000022,7.35673233972
    ));
#4197 = CARTESIAN_POINT('',(312.72291666668,6.750000000022,7.35673233972
    ));
#4198 = CARTESIAN_POINT('',(312.88958333337,6.750000000022,
    7.356732339719));
#4199 = CARTESIAN_POINT('',(313.22291666671,6.750000000022,
    7.356732339719));
#4200 = CARTESIAN_POINT('',(313.38958333336,6.750000000022,
    7.356732339718));
#4201 = CARTESIAN_POINT('',(313.55625000001,6.750000000022,
    7.356732339718));
#4202 = ORIENTED_EDGE('',*,*,#4203,.T.);
#4203 = EDGE_CURVE('',#4193,#4099,#4204,.T.);
#4204 = B_SPLINE_CURVE_WITH_KNOTS('',3,(#4205,#4206,#4207,#4208),
  .UNSPECIFIED.,.F.,.F.,(4,4),(2.744776828895E-02,1.533427740728),
  .PIECEWISE_BEZIER_KNOTS.);
#4205 = CARTESIAN_POINT('',(313.55625000001,6.750000000007,
    7.356732339719));
#4206 = CARTESIAN_POINT('',(313.55625000001,7.25079012772,7.322028136923
    ));
#4207 = CARTESIAN_POINT('',(313.55625000002,7.750876567079,
    7.278013310699));
#4208 = CARTESIAN_POINT('',(313.55625000002,8.250000000029,
    7.224712354824));
#4209 = B_SPLINE_SURFACE_WITH_KNOTS('',3,3,(
    (#4210,#4211,#4212,#4213)
    ,(#4214,#4215,#4216,#4217)
    ,(#4218,#4219,#4220,#4221)
    ,(#4222,#4223,#4224,#4225
    )),.UNSPECIFIED.,.F.,.F.,.F.,(4,4),(4,4),(1.684753842628,
    1.781998575206),(-0.288008117598,-0.189063181233),
  .PIECEWISE_BEZIER_KNOTS.);
#4210 = CARTESIAN_POINT('',(315.05624999998,10.750000000487,
    6.878620597189));
#4211 = CARTESIAN_POINT('',(315.05625000001,9.424631435708,
    7.104408704686));
#4212 = CARTESIAN_POINT('',(315.05625000004,8.087977982854,
    7.264011943137));
#4213 = CARTESIAN_POINT('',(315.05625000007,6.749999999534,
    7.356732339749));
#4214 = CARTESIAN_POINT('',(313.72291666664,10.750000000458,
    6.878620597194));
#4215 = CARTESIAN_POINT('',(313.72291666667,9.424631435679,
    7.104408704691));
#4216 = CARTESIAN_POINT('',(313.7229166667,8.087977982825,7.264011943141
    ));
#4217 = CARTESIAN_POINT('',(313.72291666673,6.749999999505,
    7.356732339753));
#4218 = CARTESIAN_POINT('',(312.38958333329,10.750000000429,
    6.878620597199));
#4219 = CARTESIAN_POINT('',(312.38958333332,9.42463143565,7.104408704695
    ));
#4220 = CARTESIAN_POINT('',(312.38958333335,8.087977982796,
    7.264011943146));
#4221 = CARTESIAN_POINT('',(312.38958333338,6.749999999476,
    7.356732339758));
#4222 = CARTESIAN_POINT('',(311.05624999995,10.7500000004,6.878620597203
    ));
#4223 = CARTESIAN_POINT('',(311.05624999998,9.424631435621,7.1044087047)
  );
#4224 = CARTESIAN_POINT('',(311.05625000001,8.087977982766,
    7.264011943151));
#4225 = CARTESIAN_POINT('',(311.05625000004,6.749999999447,
    7.356732339763));
#4226 = ADVANCED_FACE('',(#4227),#4341,.F.);
#4227 = FACE_BOUND('',#4228,.F.);
#4228 = EDGE_LOOP('',(#4229,#4240,#4249,#4258,#4267,#4278,#4287,#4296,
    #4305,#4314,#4323,#4334));
#4229 = ORIENTED_EDGE('',*,*,#4230,.T.);
#4230 = EDGE_CURVE('',#4231,#4233,#4235,.T.);
#4231 = VERTEX_POINT('',#4232);
#4232 = CARTESIAN_POINT('',(302.55625000001,9.250000000022,
    7.105325201958));
#4233 = VERTEX_POINT('',#4234);
#4234 = CARTESIAN_POINT('',(301.05625000002,9.250000000022,
    7.105325201958));
#4235 = B_SPLINE_CURVE_WITH_KNOTS('',3,(#4236,#4237,#4238,#4239),
  .UNSPECIFIED.,.F.,.F.,(4,4),(2.5,4.000000000025),
  .PIECEWISE_BEZIER_KNOTS.);
#4236 = CARTESIAN_POINT('',(302.55625000001,9.250000000022,
    7.105325201958));
#4237 = CARTESIAN_POINT('',(302.05625,9.250000000022,7.105325201958));
#4238 = CARTESIAN_POINT('',(301.55624999999,9.250000000022,
    7.105325201958));
#4239 = CARTESIAN_POINT('',(301.05624999999,9.250000000022,
    7.105325201958));
#4240 = ORIENTED_EDGE('',*,*,#4241,.T.);
#4241 = EDGE_CURVE('',#4233,#4242,#4244,.T.);
#4242 = VERTEX_POINT('',#4243);
#4243 = CARTESIAN_POINT('',(301.05625000002,8.250000000022,
    7.224712354839));
#4244 = B_SPLINE_CURVE_WITH_KNOTS('',3,(#4245,#4246,#4247,#4248),
  .UNSPECIFIED.,.F.,.F.,(4,4),(-0.250786779271,-0.226065241567),
  .PIECEWISE_BEZIER_KNOTS.);
#4245 = CARTESIAN_POINT('',(301.05624999999,9.249998587242,
    7.105297851596));
#4246 = CARTESIAN_POINT('',(301.05625,8.917084148627,7.149245269987));
#4247 = CARTESIAN_POINT('',(301.05625000001,8.583699146067,
    7.189044657033));
#4248 = CARTESIAN_POINT('',(301.05625000002,8.24999893293,7.224685126334
    ));
#4249 = ORIENTED_EDGE('',*,*,#4250,.T.);
#4250 = EDGE_CURVE('',#4242,#4251,#4253,.T.);
#4251 = VERTEX_POINT('',#4252);
#4252 = CARTESIAN_POINT('',(302.55625000002,8.250000000022,
    7.224712354838));
#4253 = B_SPLINE_CURVE_WITH_KNOTS('',3,(#4254,#4255,#4256,#4257),
  .UNSPECIFIED.,.F.,.F.,(4,4),(0.,1.500000000004),
  .PIECEWISE_BEZIER_KNOTS.);
#4254 = CARTESIAN_POINT('',(301.05625000001,8.250000000022,7.22471235484
    ));
#4255 = CARTESIAN_POINT('',(301.55625000001,8.250000000022,
    7.224712354839));
#4256 = CARTESIAN_POINT('',(302.05625000001,8.250000000022,
    7.224712354838));
#4257 = CARTESIAN_POINT('',(302.55625000001,8.250000000022,
    7.224712354838));
#4258 = ORIENTED_EDGE('',*,*,#4259,.T.);
#4259 = EDGE_CURVE('',#4251,#4260,#4262,.T.);
#4260 = VERTEX_POINT('',#4261);
#4261 = CARTESIAN_POINT('',(302.55625000002,6.750000000022,7.35673233974
    ));
#4262 = B_SPLINE_CURVE_WITH_KNOTS('',3,(#4263,#4264,#4265,#4266),
  .UNSPECIFIED.,.F.,.F.,(4,4),(2.625561995051,4.131541967499),
  .PIECEWISE_BEZIER_KNOTS.);
#4263 = CARTESIAN_POINT('',(302.55625000001,8.250000000029,
    7.224712354836));
#4264 = CARTESIAN_POINT('',(302.55625000001,7.750876567072,
    7.278013310715));
#4265 = CARTESIAN_POINT('',(302.55625000001,7.250790127699,
    7.322028136943));
#4266 = CARTESIAN_POINT('',(302.55625000001,6.750000000007,
    7.356732339741));
#4267 = ORIENTED_EDGE('',*,*,#4268,.T.);
#4268 = EDGE_CURVE('',#4260,#4269,#4271,.T.);
#4269 = VERTEX_POINT('',#4270);
#4270 = CARTESIAN_POINT('',(303.55625000001,6.750000000022,
    7.356732339738));
#4271 = B_SPLINE_CURVE_WITH_KNOTS('',3,(#4272,#4273,#4274,#4275,#4276,
    #4277),.UNSPECIFIED.,.F.,.F.,(4,2,4),(1.499999999956,2.000000000011,
    2.499999999965),.UNSPECIFIED.);
#4272 = CARTESIAN_POINT('',(302.55625,6.750000000029,7.356732339739));
#4273 = CARTESIAN_POINT('',(302.72291666669,6.750000000029,
    7.356732339739));
#4274 = CARTESIAN_POINT('',(302.88958333337,6.750000000029,
    7.356732339739));
#4275 = CARTESIAN_POINT('',(303.2229166667,6.750000000022,7.356732339738
    ));
#4276 = CARTESIAN_POINT('',(303.38958333336,6.750000000029,
    7.356732339738));
#4277 = CARTESIAN_POINT('',(303.55625000001,6.750000000029,
    7.356732339737));
#4278 = ORIENTED_EDGE('',*,*,#4279,.T.);
#4279 = EDGE_CURVE('',#4269,#4280,#4282,.T.);
#4280 = VERTEX_POINT('',#4281);
#4281 = CARTESIAN_POINT('',(303.55625000001,8.250000000022,
    7.224712354836));
#4282 = B_SPLINE_CURVE_WITH_KNOTS('',3,(#4283,#4284,#4285,#4286),
  .UNSPECIFIED.,.F.,.F.,(4,4),(2.744776828907E-02,1.533427740737),
  .PIECEWISE_BEZIER_KNOTS.);
#4283 = CARTESIAN_POINT('',(303.55625000001,6.750000000015,
    7.356732339739));
#4284 = CARTESIAN_POINT('',(303.55625000001,7.25079012772,7.32202813694)
  );
#4285 = CARTESIAN_POINT('',(303.55625000002,7.750876567065,
    7.278013310715));
#4286 = CARTESIAN_POINT('',(303.55625000002,8.250000000022,
    7.224712354836));
#4287 = ORIENTED_EDGE('',*,*,#4288,.T.);
#4288 = EDGE_CURVE('',#4280,#4289,#4291,.T.);
#4289 = VERTEX_POINT('',#4290);
#4290 = CARTESIAN_POINT('',(305.05625000001,8.250000000022,
    7.224712354835));
#4291 = B_SPLINE_CURVE_WITH_KNOTS('',3,(#4292,#4293,#4294,#4295),
  .UNSPECIFIED.,.F.,.F.,(4,4),(2.499999999999,4.000000000022),
  .PIECEWISE_BEZIER_KNOTS.);
#4292 = CARTESIAN_POINT('',(303.55625000001,8.250000000022,
    7.224712354837));
#4293 = CARTESIAN_POINT('',(304.05625000002,8.250000000022,
    7.224712354836));
#4294 = CARTESIAN_POINT('',(304.55625000003,8.250000000015,
    7.224712354836));
#4295 = CARTESIAN_POINT('',(305.05625000003,8.250000000015,
    7.224712354835));
#4296 = ORIENTED_EDGE('',*,*,#4297,.T.);
#4297 = EDGE_CURVE('',#4289,#4298,#4300,.T.);
#4298 = VERTEX_POINT('',#4299);
#4299 = CARTESIAN_POINT('',(305.05625000002,9.250000000022,
    7.105325201956));
#4300 = B_SPLINE_CURVE_WITH_KNOTS('',3,(#4301,#4302,#4303,#4304),
  .UNSPECIFIED.,.F.,.F.,(4,4),(0.226065241565,0.250786779269),
  .PIECEWISE_BEZIER_KNOTS.);
#4301 = CARTESIAN_POINT('',(305.05625000004,8.249998932923,7.22468512633
    ));
#4302 = CARTESIAN_POINT('',(305.05625000003,8.58369914606,7.189044657029
    ));
#4303 = CARTESIAN_POINT('',(305.05625000002,8.917084148612,
    7.149245269985));
#4304 = CARTESIAN_POINT('',(305.05625000001,9.24999858722,7.105297851595
    ));
#4305 = ORIENTED_EDGE('',*,*,#4306,.T.);
#4306 = EDGE_CURVE('',#4298,#4307,#4309,.T.);
#4307 = VERTEX_POINT('',#4308);
#4308 = CARTESIAN_POINT('',(303.55625000001,9.250000000022,
    7.105325201956));
#4309 = B_SPLINE_CURVE_WITH_KNOTS('',3,(#4310,#4311,#4312,#4313),
  .UNSPECIFIED.,.F.,.F.,(4,4),(0.,1.499999999985),
  .PIECEWISE_BEZIER_KNOTS.);
#4310 = CARTESIAN_POINT('',(305.05625000001,9.250000000022,
    7.105325201956));
#4311 = CARTESIAN_POINT('',(304.55625000002,9.250000000022,
    7.105325201957));
#4312 = CARTESIAN_POINT('',(304.05625000002,9.250000000022,
    7.105325201957));
#4313 = CARTESIAN_POINT('',(303.55625000003,9.250000000022,
    7.105325201957));
#4314 = ORIENTED_EDGE('',*,*,#4315,.T.);
#4315 = EDGE_CURVE('',#4307,#4316,#4318,.T.);
#4316 = VERTEX_POINT('',#4317);
#4317 = CARTESIAN_POINT('',(303.55625000001,10.750000000015,
    6.878620597266));
#4318 = B_SPLINE_CURVE_WITH_KNOTS('',3,(#4319,#4320,#4321,#4322),
  .UNSPECIFIED.,.F.,.F.,(4,4),(2.540589000544,4.057811964845),
  .PIECEWISE_BEZIER_KNOTS.);
#4319 = CARTESIAN_POINT('',(303.55625000001,9.250000000029,
    7.105325201955));
#4320 = CARTESIAN_POINT('',(303.55625000001,9.75136164204,7.039134107934
    ));
#4321 = CARTESIAN_POINT('',(303.55625000001,10.251449486575,
    6.963553030334));
#4322 = CARTESIAN_POINT('',(303.55625000001,10.750000000029,
    6.878620597265));
#4323 = ORIENTED_EDGE('',*,*,#4324,.T.);
#4324 = EDGE_CURVE('',#4316,#4325,#4327,.T.);
#4325 = VERTEX_POINT('',#4326);
#4326 = CARTESIAN_POINT('',(302.55625000001,10.750000000022,
    6.878620597264));
#4327 = B_SPLINE_CURVE_WITH_KNOTS('',3,(#4328,#4329,#4330,#4331,#4332,
    #4333),.UNSPECIFIED.,.F.,.F.,(4,2,4),(1.499999999952,2.000000000011,
    2.499999999966),.UNSPECIFIED.);
#4328 = CARTESIAN_POINT('',(303.55625000002,10.750000000022,
    6.878620597265));
#4329 = CARTESIAN_POINT('',(303.38958333334,10.750000000022,
    6.878620597265));
#4330 = CARTESIAN_POINT('',(303.22291666665,10.750000000022,
    6.878620597265));
#4331 = CARTESIAN_POINT('',(302.88958333331,10.750000000022,
    6.878620597265));
#4332 = CARTESIAN_POINT('',(302.72291666666,10.750000000022,
    6.878620597264));
#4333 = CARTESIAN_POINT('',(302.55625000001,10.750000000022,
    6.878620597264));
#4334 = ORIENTED_EDGE('',*,*,#4335,.T.);
#4335 = EDGE_CURVE('',#4325,#4231,#4336,.T.);
#4336 = B_SPLINE_CURVE_WITH_KNOTS('',3,(#4337,#4338,#4339,#4340),
  .UNSPECIFIED.,.F.,.F.,(4,4),(0.101177770935,1.618400735259),
  .PIECEWISE_BEZIER_KNOTS.);
#4337 = CARTESIAN_POINT('',(302.55625000001,10.750000000036,
    6.878620597263));
#4338 = CARTESIAN_POINT('',(302.55625000001,10.251449486568,
    6.963553030335));
#4339 = CARTESIAN_POINT('',(302.55625000001,9.751361642026,
    7.039134107936));
#4340 = CARTESIAN_POINT('',(302.55625000001,9.25,7.10532520196));
#4341 = B_SPLINE_SURFACE_WITH_KNOTS('',3,3,(
    (#4342,#4343,#4344,#4345)
    ,(#4346,#4347,#4348,#4349)
    ,(#4350,#4351,#4352,#4353)
    ,(#4354,#4355,#4356,#4357
    )),.UNSPECIFIED.,.F.,.F.,.F.,(4,4),(4,4),(1.927865674071,
    2.025110406648),(-0.288008117604,-0.189063181239),
  .PIECEWISE_BEZIER_KNOTS.);
#4342 = CARTESIAN_POINT('',(305.05624999998,10.750000000495,
    6.878620597185));
#4343 = CARTESIAN_POINT('',(305.05625000001,9.424631435708,7.10440870469
    ));
#4344 = CARTESIAN_POINT('',(305.05625000004,8.087977982861,
    7.264011943149));
#4345 = CARTESIAN_POINT('',(305.05625000007,6.749999999534,
    7.356732339769));
#4346 = CARTESIAN_POINT('',(303.72291666664,10.750000000466,
    6.878620597189));
#4347 = CARTESIAN_POINT('',(303.72291666667,9.424631435679,
    7.104408704695));
#4348 = CARTESIAN_POINT('',(303.7229166667,8.087977982832,7.264011943154
    ));
#4349 = CARTESIAN_POINT('',(303.72291666673,6.749999999505,
    7.356732339773));
#4350 = CARTESIAN_POINT('',(302.38958333329,10.750000000437,
    6.878620597194));
#4351 = CARTESIAN_POINT('',(302.38958333332,9.42463143565,7.1044087047)
  );
#4352 = CARTESIAN_POINT('',(302.38958333336,8.087977982796,
    7.264011943158));
#4353 = CARTESIAN_POINT('',(302.38958333339,6.749999999469,
    7.356732339778));
#4354 = CARTESIAN_POINT('',(301.05624999995,10.750000000407,
    6.878620597199));
#4355 = CARTESIAN_POINT('',(301.05624999998,9.424631435621,
    7.104408704704));
#4356 = CARTESIAN_POINT('',(301.05625000002,8.087977982766,
    7.264011943163));
#4357 = CARTESIAN_POINT('',(301.05625000005,6.74999999944,7.356732339783
    ));
#4358 = ADVANCED_FACE('',(#4359),#4541,.T.);
#4359 = FACE_BOUND('',#4360,.T.);
#4360 = EDGE_LOOP('',(#4361,#4369,#4370,#4378,#4386,#4392,#4393,#4401,
    #4409,#4415,#4416,#4424,#4432,#4438,#4439,#4447,#4455,#4461,#4462,
    #4470,#4478,#4484,#4485,#4493,#4501,#4507,#4508,#4509,#4517,#4526,
    #4527,#4535));
#4361 = ORIENTED_EDGE('',*,*,#4362,.F.);
#4362 = EDGE_CURVE('',#1611,#4363,#4365,.T.);
#4363 = VERTEX_POINT('',#4364);
#4364 = CARTESIAN_POINT('',(312.73125000001,16.130315073147,
    4.170941870688));
#4365 = LINE('',#4366,#4367);
#4366 = CARTESIAN_POINT('',(312.73125000001,15.948930516104,
    6.244176844582));
#4367 = VECTOR('',#4368,1.);
#4368 = DIRECTION('',(0.,8.715574274948E-02,-0.996194698092));
#4369 = ORIENTED_EDGE('',*,*,#1619,.T.);
#4370 = ORIENTED_EDGE('',*,*,#4371,.F.);
#4371 = EDGE_CURVE('',#4372,#1620,#4374,.T.);
#4372 = VERTEX_POINT('',#4373);
#4373 = CARTESIAN_POINT('',(303.38125000002,16.130315073147,
    4.170941870688));
#4374 = LINE('',#4375,#4376);
#4375 = CARTESIAN_POINT('',(303.38125000002,15.948930516104,
    6.244176844582));
#4376 = VECTOR('',#4377,1.);
#4377 = DIRECTION('',(0.,-8.715574274948E-02,0.996194698092));
#4378 = ORIENTED_EDGE('',*,*,#4379,.T.);
#4379 = EDGE_CURVE('',#4372,#4380,#4382,.T.);
#4380 = VERTEX_POINT('',#4381);
#4381 = CARTESIAN_POINT('',(302.73125000002,16.130315073147,
    4.170941870688));
#4382 = LINE('',#4383,#4384);
#4383 = CARTESIAN_POINT('',(291.05937500001,16.130315073155,
    4.170941870688));
#4384 = VECTOR('',#4385,1.);
#4385 = DIRECTION('',(-1.,-4.214792822518E-18,0.));
#4386 = ORIENTED_EDGE('',*,*,#4387,.F.);
#4387 = EDGE_CURVE('',#1465,#4380,#4388,.T.);
#4388 = LINE('',#4389,#4390);
#4389 = CARTESIAN_POINT('',(302.73125000002,15.948930516104,
    6.244176844582));
#4390 = VECTOR('',#4391,1.);
#4391 = DIRECTION('',(0.,8.715574274948E-02,-0.996194698092));
#4392 = ORIENTED_EDGE('',*,*,#1473,.T.);
#4393 = ORIENTED_EDGE('',*,*,#4394,.F.);
#4394 = EDGE_CURVE('',#4395,#1474,#4397,.T.);
#4395 = VERTEX_POINT('',#4396);
#4396 = CARTESIAN_POINT('',(275.33125000001,16.130315073147,
    4.170941870688));
#4397 = LINE('',#4398,#4399);
#4398 = CARTESIAN_POINT('',(275.33125000001,15.948930516104,
    6.244176844582));
#4399 = VECTOR('',#4400,1.);
#4400 = DIRECTION('',(0.,-8.715574274948E-02,0.996194698092));
#4401 = ORIENTED_EDGE('',*,*,#4402,.T.);
#4402 = EDGE_CURVE('',#4395,#4403,#4405,.T.);
#4403 = VERTEX_POINT('',#4404);
#4404 = CARTESIAN_POINT('',(274.68125000001,16.130315073147,
    4.170941870688));
#4405 = LINE('',#4406,#4407);
#4406 = CARTESIAN_POINT('',(291.05937500001,16.130315073155,
    4.170941870688));
#4407 = VECTOR('',#4408,1.);
#4408 = DIRECTION('',(-1.,-4.214792822518E-18,0.));
#4409 = ORIENTED_EDGE('',*,*,#4410,.F.);
#4410 = EDGE_CURVE('',#1727,#4403,#4411,.T.);
#4411 = LINE('',#4412,#4413);
#4412 = CARTESIAN_POINT('',(274.68125000001,15.948930516104,
    6.244176844582));
#4413 = VECTOR('',#4414,1.);
#4414 = DIRECTION('',(0.,8.715574274948E-02,-0.996194698092));
#4415 = ORIENTED_EDGE('',*,*,#1735,.T.);
#4416 = ORIENTED_EDGE('',*,*,#4417,.F.);
#4417 = EDGE_CURVE('',#4418,#1736,#4420,.T.);
#4418 = VERTEX_POINT('',#4419);
#4419 = CARTESIAN_POINT('',(263.38125000002,16.130315073147,
    4.170941870688));
#4420 = LINE('',#4421,#4422);
#4421 = CARTESIAN_POINT('',(263.38125000002,15.948930516104,
    6.244176844581));
#4422 = VECTOR('',#4423,1.);
#4423 = DIRECTION('',(-1.761504139105E-14,-8.715574274948E-02,
    0.996194698092));
#4424 = ORIENTED_EDGE('',*,*,#4425,.T.);
#4425 = EDGE_CURVE('',#4418,#4426,#4428,.T.);
#4426 = VERTEX_POINT('',#4427);
#4427 = CARTESIAN_POINT('',(262.73125000001,16.130315073147,
    4.170941870688));
#4428 = LINE('',#4429,#4430);
#4429 = CARTESIAN_POINT('',(291.05937500001,16.130315073155,
    4.170941870688));
#4430 = VECTOR('',#4431,1.);
#4431 = DIRECTION('',(-1.,-4.214792822518E-18,0.));
#4432 = ORIENTED_EDGE('',*,*,#4433,.F.);
#4433 = EDGE_CURVE('',#925,#4426,#4434,.T.);
#4434 = LINE('',#4435,#4436);
#4435 = CARTESIAN_POINT('',(262.73125000001,15.988573512572,
    5.791055321572));
#4436 = VECTOR('',#4437,1.);
#4437 = DIRECTION('',(0.,8.715574274948E-02,-0.996194698092));
#4438 = ORIENTED_EDGE('',*,*,#933,.T.);
#4439 = ORIENTED_EDGE('',*,*,#4440,.F.);
#4440 = EDGE_CURVE('',#4441,#934,#4443,.T.);
#4441 = VERTEX_POINT('',#4442);
#4442 = CARTESIAN_POINT('',(244.33125000002,16.130315073147,
    4.170941870688));
#4443 = LINE('',#4444,#4445);
#4444 = CARTESIAN_POINT('',(244.33125000002,15.948930516104,
    6.244176844582));
#4445 = VECTOR('',#4446,1.);
#4446 = DIRECTION('',(0.,-8.715574274948E-02,0.996194698092));
#4447 = ORIENTED_EDGE('',*,*,#4448,.T.);
#4448 = EDGE_CURVE('',#4441,#4449,#4451,.T.);
#4449 = VERTEX_POINT('',#4450);
#4450 = CARTESIAN_POINT('',(243.68125000002,16.130315073147,
    4.170941870688));
#4451 = LINE('',#4452,#4453);
#4452 = CARTESIAN_POINT('',(291.05937500001,16.130315073155,
    4.170941870688));
#4453 = VECTOR('',#4454,1.);
#4454 = DIRECTION('',(-1.,-4.214792822518E-18,0.));
#4455 = ORIENTED_EDGE('',*,*,#4456,.F.);
#4456 = EDGE_CURVE('',#1407,#4449,#4457,.T.);
#4457 = LINE('',#4458,#4459);
#4458 = CARTESIAN_POINT('',(243.68125000002,15.948930516104,
    6.244176844582));
#4459 = VECTOR('',#4460,1.);
#4460 = DIRECTION('',(0.,8.715574274948E-02,-0.996194698092));
#4461 = ORIENTED_EDGE('',*,*,#1415,.T.);
#4462 = ORIENTED_EDGE('',*,*,#4463,.F.);
#4463 = EDGE_CURVE('',#4464,#1416,#4466,.T.);
#4464 = VERTEX_POINT('',#4465);
#4465 = CARTESIAN_POINT('',(223.38125000002,16.130315073147,
    4.170941870688));
#4466 = LINE('',#4467,#4468);
#4467 = CARTESIAN_POINT('',(223.38125000002,15.948930516104,
    6.244176844582));
#4468 = VECTOR('',#4469,1.);
#4469 = DIRECTION('',(0.,-8.715574274948E-02,0.996194698092));
#4470 = ORIENTED_EDGE('',*,*,#4471,.T.);
#4471 = EDGE_CURVE('',#4464,#4472,#4474,.T.);
#4472 = VERTEX_POINT('',#4473);
#4473 = CARTESIAN_POINT('',(222.73125000002,16.130315073147,
    4.170941870688));
#4474 = LINE('',#4475,#4476);
#4475 = CARTESIAN_POINT('',(291.05937500001,16.130315073155,
    4.170941870688));
#4476 = VECTOR('',#4477,1.);
#4477 = DIRECTION('',(-1.,-4.214792822518E-18,0.));
#4478 = ORIENTED_EDGE('',*,*,#4479,.F.);
#4479 = EDGE_CURVE('',#1289,#4472,#4480,.T.);
#4480 = LINE('',#4481,#4482);
#4481 = CARTESIAN_POINT('',(222.73125000002,15.948930516104,
    6.244176844582));
#4482 = VECTOR('',#4483,1.);
#4483 = DIRECTION('',(0.,8.715574274948E-02,-0.996194698092));
#4484 = ORIENTED_EDGE('',*,*,#1288,.T.);
#4485 = ORIENTED_EDGE('',*,*,#4486,.F.);
#4486 = EDGE_CURVE('',#4487,#1291,#4489,.T.);
#4487 = VERTEX_POINT('',#4488);
#4488 = CARTESIAN_POINT('',(213.38125000001,16.130315073147,
    4.170941870688));
#4489 = LINE('',#4490,#4491);
#4490 = CARTESIAN_POINT('',(213.38125000001,15.948930516104,
    6.244176844582));
#4491 = VECTOR('',#4492,1.);
#4492 = DIRECTION('',(0.,-8.715574274948E-02,0.996194698092));
#4493 = ORIENTED_EDGE('',*,*,#4494,.T.);
#4494 = EDGE_CURVE('',#4487,#4495,#4497,.T.);
#4495 = VERTEX_POINT('',#4496);
#4496 = CARTESIAN_POINT('',(212.73125000001,16.130315073147,
    4.170941870688));
#4497 = LINE('',#4498,#4499);
#4498 = CARTESIAN_POINT('',(291.05937500001,16.130315073155,
    4.170941870688));
#4499 = VECTOR('',#4500,1.);
#4500 = DIRECTION('',(-1.,-4.214792822518E-18,0.));
#4501 = ORIENTED_EDGE('',*,*,#4502,.F.);
#4502 = EDGE_CURVE('',#1132,#4495,#4503,.T.);
#4503 = LINE('',#4504,#4505);
#4504 = CARTESIAN_POINT('',(212.73125000001,15.948930516104,
    6.244176844582));
#4505 = VECTOR('',#4506,1.);
#4506 = DIRECTION('',(0.,8.715574274948E-02,-0.996194698092));
#4507 = ORIENTED_EDGE('',*,*,#1131,.T.);
#4508 = ORIENTED_EDGE('',*,*,#41,.F.);
#4509 = ORIENTED_EDGE('',*,*,#4510,.T.);
#4510 = EDGE_CURVE('',#42,#4511,#4513,.T.);
#4511 = VERTEX_POINT('',#4512);
#4512 = CARTESIAN_POINT('',(320.66727723592,16.495225203071,
    3.308464613383E-12));
#4513 = LINE('',#4514,#4515);
#4514 = CARTESIAN_POINT('',(316.06250000001,16.495225203071,
    3.304911899704E-12));
#4515 = VECTOR('',#4516,1.);
#4516 = DIRECTION('',(1.,-4.598028013906E-18,1.007310030931E-16));
#4517 = ORIENTED_EDGE('',*,*,#4518,.F.);
#4518 = EDGE_CURVE('',#1538,#4511,#4519,.T.);
#4519 = B_SPLINE_CURVE_WITH_KNOTS('',3,(#4520,#4521,#4522,#4523,#4524,
    #4525),.UNSPECIFIED.,.F.,.F.,(4,2,4),(-6.647321716071,
    -3.765522473612,-0.398469685932),.UNSPECIFIED.);
#4520 = CARTESIAN_POINT('',(317.90075904794,16.003724730159,
    5.617876112132));
#4521 = CARTESIAN_POINT('',(318.32385970364,16.07948711019,
    4.751908145841));
#4522 = CARTESIAN_POINT('',(318.75063852564,16.155568125163,
    3.882298165452));
#4523 = CARTESIAN_POINT('',(319.66854356789,16.318671608889,
    2.018016815727));
#4524 = CARTESIAN_POINT('',(320.16935515001,16.407324711596,
    1.00470721494));
#4525 = CARTESIAN_POINT('',(320.6672772359,16.495225203071,
    -2.020605904818E-11));
#4526 = ORIENTED_EDGE('',*,*,#1555,.T.);
#4527 = ORIENTED_EDGE('',*,*,#4528,.F.);
#4528 = EDGE_CURVE('',#4529,#1556,#4531,.T.);
#4529 = VERTEX_POINT('',#4530);
#4530 = CARTESIAN_POINT('',(313.38125000001,16.130315073147,
    4.170941870688));
#4531 = LINE('',#4532,#4533);
#4532 = CARTESIAN_POINT('',(313.38125000001,15.948930516104,
    6.244176844582));
#4533 = VECTOR('',#4534,1.);
#4534 = DIRECTION('',(0.,-8.715574274948E-02,0.996194698092));
#4535 = ORIENTED_EDGE('',*,*,#4536,.T.);
#4536 = EDGE_CURVE('',#4529,#4363,#4537,.T.);
#4537 = LINE('',#4538,#4539);
#4538 = CARTESIAN_POINT('',(291.05937500001,16.130315073155,
    4.170941870688));
#4539 = VECTOR('',#4540,1.);
#4540 = DIRECTION('',(-1.,-4.214792822518E-18,0.));
#4541 = PLANE('',#4542);
#4542 = AXIS2_PLACEMENT_3D('',#4543,#4544,#4545);
#4543 = CARTESIAN_POINT('',(319.06250000001,15.988573512572,
    5.791055321572));
#4544 = DIRECTION('',(4.198754263347E-18,-0.996194698092,
    -8.715574274948E-02));
#4545 = DIRECTION('',(9.629649721936E-35,-8.715574274948E-02,
    0.996194698092));
#4546 = ADVANCED_FACE('',(#4547),#4616,.T.);
#4547 = FACE_BOUND('',#4548,.T.);
#4548 = EDGE_LOOP('',(#4549,#4564,#4565,#4566,#4577,#4593,#4594,#4609));
#4549 = ORIENTED_EDGE('',*,*,#4550,.F.);
#4550 = EDGE_CURVE('',#1529,#4551,#4553,.T.);
#4551 = VERTEX_POINT('',#4552);
#4552 = CARTESIAN_POINT('',(318.94265724345,9.07499999999,4.170941870688
    ));
#4553 = B_SPLINE_CURVE_WITH_KNOTS('',3,(#4554,#4555,#4556,#4557,#4558,
    #4559,#4560,#4561,#4562,#4563),.UNSPECIFIED.,.F.,.F.,(4,3,3,4),(
    0.588331004359,2.9189498701,3.343322831289,3.776015696347),
  .UNSPECIFIED.);
#4554 = CARTESIAN_POINT('',(317.74204362534,9.075017099974,
    7.128139624281));
#4555 = CARTESIAN_POINT('',(318.02972928495,9.075018958334,
    6.405501045557));
#4556 = CARTESIAN_POINT('',(318.32180372189,9.075041642117,
    5.683062286886));
#4557 = CARTESIAN_POINT('',(318.61639321631,9.075053277741,
    4.963665040991));
#4558 = CARTESIAN_POINT('',(318.67003382565,9.075055396425,4.83267290667
    ));
#4559 = CARTESIAN_POINT('',(318.72375780004,9.075057269071,
    4.701781549129));
#4560 = CARTESIAN_POINT('',(318.7775537985,9.075058956092,4.571008091482
    ));
#4561 = CARTESIAN_POINT('',(318.83240447664,9.075060676187,
    4.437670798022));
#4562 = CARTESIAN_POINT('',(318.88738219285,9.075062052118,4.30432929492
    ));
#4563 = CARTESIAN_POINT('',(318.94247564634,9.075063018397,4.17100169696
    ));
#4564 = ORIENTED_EDGE('',*,*,#1537,.T.);
#4565 = ORIENTED_EDGE('',*,*,#4518,.T.);
#4566 = ORIENTED_EDGE('',*,*,#4567,.T.);
#4567 = EDGE_CURVE('',#4511,#4568,#4570,.T.);
#4568 = VERTEX_POINT('',#4569);
#4569 = CARTESIAN_POINT('',(320.72656769199,1.121540904918,
    3.304911899704E-12));
#4570 = B_SPLINE_CURVE_WITH_KNOTS('',3,(#4571,#4572,#4573,#4574,#4575,
    #4576),.UNSPECIFIED.,.F.,.F.,(4,2,4),(0.243038157137,7.813599992163,
    15.519594850509),.UNSPECIFIED.);
#4571 = CARTESIAN_POINT('',(320.66727723589,16.495225203064,
    3.310240970222E-12));
#4572 = CARTESIAN_POINT('',(320.68165665402,13.967349866973,
    3.310240970222E-12));
#4573 = CARTESIAN_POINT('',(320.6931535858,11.373307114984,
    2.494893180938E-12));
#4574 = CARTESIAN_POINT('',(320.71210412035,6.29587169367,
    2.494893180938E-12));
#4575 = CARTESIAN_POINT('',(320.71997651028,3.681296789407,
    3.304911899704E-12));
#4576 = CARTESIAN_POINT('',(320.72656769199,1.121540904911,
    3.304911899704E-12));
#4577 = ORIENTED_EDGE('',*,*,#4578,.F.);
#4578 = EDGE_CURVE('',#807,#4568,#4579,.T.);
#4579 = B_SPLINE_CURVE_WITH_KNOTS('',3,(#4580,#4581,#4582,#4583,#4584,
    #4585,#4586,#4587,#4588,#4589,#4590,#4591,#4592),.UNSPECIFIED.,.F.,
  .F.,(4,3,3,3,4),(1.395020237681,4.34717105874,5.083293301974,
    8.713125001228,10.009111983951),.UNSPECIFIED.);
#4580 = CARTESIAN_POINT('',(317.90404237127,4.485802656345,
    7.450061429153));
#4581 = CARTESIAN_POINT('',(318.2287344228,4.100901635321,6.59768844309)
  );
#4582 = CARTESIAN_POINT('',(318.5540004917,3.71442716274,5.741809033609)
  );
#4583 = CARTESIAN_POINT('',(318.87654980476,3.330481923805,
    4.891554439845));
#4584 = CARTESIAN_POINT('',(318.95697785138,3.234744731603,
    4.679542467281));
#4585 = CARTESIAN_POINT('',(319.03723698418,3.13916471304,4.467879995677
    ));
#4586 = CARTESIAN_POINT('',(319.11727619678,3.043805165028,
    4.256708104162));
#4587 = CARTESIAN_POINT('',(319.51195095868,2.573585560359,
    3.215415801345));
#4588 = CARTESIAN_POINT('',(319.9091644233,2.099333705727,2.165248423539
    ));
#4589 = CARTESIAN_POINT('',(320.30431493502,1.626783766166,
    1.118828982291));
#4590 = CARTESIAN_POINT('',(320.44539858898,1.458065593782,
    0.745217727916));
#4591 = CARTESIAN_POINT('',(320.58621928307,1.28956450752,0.37208379255)
  );
#4592 = CARTESIAN_POINT('',(320.72656769199,1.121540904917,
    6.106817246916E-12));
#4593 = ORIENTED_EDGE('',*,*,#817,.T.);
#4594 = ORIENTED_EDGE('',*,*,#4595,.F.);
#4595 = EDGE_CURVE('',#4596,#818,#4598,.T.);
#4596 = VERTEX_POINT('',#4597);
#4597 = CARTESIAN_POINT('',(318.96762610126,8.424999999988,
    4.170941870688));
#4598 = B_SPLINE_CURVE_WITH_KNOTS('',3,(#4599,#4600,#4601,#4602,#4603,
    #4604,#4605,#4606,#4607,#4608),.UNSPECIFIED.,.F.,.F.,(4,3,3,4),(
    -0.377640640952,5.395113402716E-02,2.302721364,2.885165917751),
  .UNSPECIFIED.);
#4599 = CARTESIAN_POINT('',(318.96745732228,8.425060171063,
    4.170996339834));
#4600 = CARTESIAN_POINT('',(318.91315025658,8.425059363071,
    4.304316924982));
#4601 = CARTESIAN_POINT('',(318.85896259587,8.425058168914,4.43765738031
    ));
#4602 = CARTESIAN_POINT('',(318.80490468817,8.425056643799,
    4.571001757301));
#4603 = CARTESIAN_POINT('',(318.52324080907,8.425048697325,
    5.265780672694));
#4604 = CARTESIAN_POINT('',(318.24387245407,8.425030916714,
    5.963693729969));
#4605 = CARTESIAN_POINT('',(317.96832651758,8.425020527328,
    6.662550520846));
#4606 = CARTESIAN_POINT('',(317.89695851926,8.425017836417,
    6.843558489678));
#4607 = CARTESIAN_POINT('',(317.82584690972,8.425015881256,
    7.024629691003));
#4608 = CARTESIAN_POINT('',(317.75501814491,8.425015149042,
    7.205725723823));
#4609 = ORIENTED_EDGE('',*,*,#4610,.T.);
#4610 = EDGE_CURVE('',#4596,#4551,#4611,.T.);
#4611 = B_SPLINE_CURVE_WITH_KNOTS('',3,(#4612,#4613,#4614,#4615),
  .UNSPECIFIED.,.F.,.F.,(4,4),(-8.22564037304,-7.579376995533),
  .PIECEWISE_BEZIER_KNOTS.);
#4612 = CARTESIAN_POINT('',(318.96745732228,8.425060171066,
    4.170996339835));
#4613 = CARTESIAN_POINT('',(318.95924345305,8.642070421913,
    4.170998986778));
#4614 = CARTESIAN_POINT('',(318.95091687716,8.858769992483,4.1710005433)
  );
#4615 = CARTESIAN_POINT('',(318.94247564634,9.075063018412,
    4.171001696961));
#4616 = B_SPLINE_SURFACE_WITH_KNOTS('',3,3,(
    (#4617,#4618,#4619,#4620)
    ,(#4621,#4622,#4623,#4624)
    ,(#4625,#4626,#4627,#4628)
    ,(#4629,#4630,#4631,#4632
    )),.UNSPECIFIED.,.F.,.F.,.F.,(4,4),(4,4),(6.597123961913E-02,
    0.931825699096),(-6.489391189581E-02,0.944692651749),
  .PIECEWISE_BEZIER_KNOTS.);
#4617 = CARTESIAN_POINT('',(317.69040844087,4.467884338446,
    8.057448720873));
#4618 = CARTESIAN_POINT('',(318.70219330278,3.357690919853,
    5.369297167657));
#4619 = CARTESIAN_POINT('',(319.71442923333,2.241292178282,
    2.683954218026));
#4620 = CARTESIAN_POINT('',(320.72656769199,1.121540904911,
    3.626432487636E-12));
#4621 = CARTESIAN_POINT('',(317.70351871334,8.37389821215,7.345047976743
    ));
#4622 = CARTESIAN_POINT('',(318.71460573534,7.672080523706,
    4.872495687967));
#4623 = CARTESIAN_POINT('',(319.72651926916,6.96284690941,2.402516046051
    ));
#4624 = CARTESIAN_POINT('',(320.7382540157,6.249827528074,
    -6.619441913573E-02));
#4625 = CARTESIAN_POINT('',(317.7207841446,12.278465804062,
    6.624279075987));
#4626 = CARTESIAN_POINT('',(318.73092249396,11.985788567501,
    4.368285337669));
#4627 = CARTESIAN_POINT('',(319.7421549168,11.684109207257,
    2.114522525364));
#4628 = CARTESIAN_POINT('',(320.7532495329,11.378073692897,
    -0.138297229529));
#4629 = CARTESIAN_POINT('',(317.75273125904,16.180001933259,
    5.885970194592));
#4630 = CARTESIAN_POINT('',(318.75890966524,16.298296822126,
    3.849830843311));
#4631 = CARTESIAN_POINT('',(319.76759752684,16.404851442414,
    1.814486369121));
#4632 = CARTESIAN_POINT('',(320.77676280545,16.506248513942,
    -0.220818829064));
#4633 = ADVANCED_FACE('',(#4634),#4806,.T.);
#4634 = FACE_BOUND('',#4635,.T.);
#4635 = EDGE_LOOP('',(#4636,#4644,#4645,#4653,#4661,#4667,#4668,#4669,
    #4675,#4676,#4677,#4685,#4693,#4699,#4700,#4708,#4716,#4722,#4723,
    #4731,#4739,#4745,#4746,#4754,#4762,#4768,#4769,#4777,#4785,#4791,
    #4792,#4800));
#4636 = ORIENTED_EDGE('',*,*,#4637,.F.);
#4637 = EDGE_CURVE('',#3566,#4638,#4640,.T.);
#4638 = VERTEX_POINT('',#4639);
#4639 = CARTESIAN_POINT('',(303.38125000002,3.005032455476,
    4.170941870688));
#4640 = LINE('',#4641,#4642);
#4641 = CARTESIAN_POINT('',(303.38125000002,4.618881649061,7.74476792395
    ));
#4642 = VECTOR('',#4643,1.);
#4643 = DIRECTION('',(0.,-0.411557753061,-0.911383682044));
#4644 = ORIENTED_EDGE('',*,*,#3565,.T.);
#4645 = ORIENTED_EDGE('',*,*,#4646,.F.);
#4646 = EDGE_CURVE('',#4647,#3568,#4649,.T.);
#4647 = VERTEX_POINT('',#4648);
#4648 = CARTESIAN_POINT('',(312.73125000001,3.005032455476,
    4.170941870688));
#4649 = LINE('',#4650,#4651);
#4650 = CARTESIAN_POINT('',(312.73125000001,4.618881649061,7.74476792395
    ));
#4651 = VECTOR('',#4652,1.);
#4652 = DIRECTION('',(0.,0.411557753061,0.911383682044));
#4653 = ORIENTED_EDGE('',*,*,#4654,.T.);
#4654 = EDGE_CURVE('',#4647,#4655,#4657,.T.);
#4655 = VERTEX_POINT('',#4656);
#4656 = CARTESIAN_POINT('',(313.38125000001,3.005032455476,
    4.170941870688));
#4657 = LINE('',#4658,#4659);
#4658 = CARTESIAN_POINT('',(285.05937500001,3.005032455476,
    4.170941870688));
#4659 = VECTOR('',#4660,1.);
#4660 = DIRECTION('',(1.,-2.655288753721E-17,0.));
#4661 = ORIENTED_EDGE('',*,*,#4662,.F.);
#4662 = EDGE_CURVE('',#798,#4655,#4663,.T.);
#4663 = LINE('',#4664,#4665);
#4664 = CARTESIAN_POINT('',(313.38125000001,4.618881649061,7.74476792395
    ));
#4665 = VECTOR('',#4666,1.);
#4666 = DIRECTION('',(0.,-0.411557753061,-0.911383682044));
#4667 = ORIENTED_EDGE('',*,*,#806,.T.);
#4668 = ORIENTED_EDGE('',*,*,#4578,.T.);
#4669 = ORIENTED_EDGE('',*,*,#4670,.T.);
#4670 = EDGE_CURVE('',#4568,#53,#4671,.T.);
#4671 = LINE('',#4672,#4673);
#4672 = CARTESIAN_POINT('',(310.06250000001,1.121540904918,
    3.304911899704E-12));
#4673 = VECTOR('',#4674,1.);
#4674 = DIRECTION('',(-1.,-1.893467836216E-17,-1.007310030931E-16));
#4675 = ORIENTED_EDGE('',*,*,#63,.F.);
#4676 = ORIENTED_EDGE('',*,*,#1051,.T.);
#4677 = ORIENTED_EDGE('',*,*,#4678,.F.);
#4678 = EDGE_CURVE('',#4679,#1052,#4681,.T.);
#4679 = VERTEX_POINT('',#4680);
#4680 = CARTESIAN_POINT('',(212.73125000001,3.005032455476,
    4.170941870688));
#4681 = LINE('',#4682,#4683);
#4682 = CARTESIAN_POINT('',(212.73125000001,4.618881649061,7.74476792395
    ));
#4683 = VECTOR('',#4684,1.);
#4684 = DIRECTION('',(0.,0.411557753061,0.911383682044));
#4685 = ORIENTED_EDGE('',*,*,#4686,.T.);
#4686 = EDGE_CURVE('',#4679,#4687,#4689,.T.);
#4687 = VERTEX_POINT('',#4688);
#4688 = CARTESIAN_POINT('',(213.38125000001,3.005032455476,
    4.170941870688));
#4689 = LINE('',#4690,#4691);
#4690 = CARTESIAN_POINT('',(285.05937500001,3.005032455476,
    4.170941870688));
#4691 = VECTOR('',#4692,1.);
#4692 = DIRECTION('',(1.,-2.655288753721E-17,0.));
#4693 = ORIENTED_EDGE('',*,*,#4694,.F.);
#4694 = EDGE_CURVE('',#1214,#4687,#4695,.T.);
#4695 = LINE('',#4696,#4697);
#4696 = CARTESIAN_POINT('',(213.38125000001,4.618881649061,7.74476792395
    ));
#4697 = VECTOR('',#4698,1.);
#4698 = DIRECTION('',(0.,-0.411557753061,-0.911383682044));
#4699 = ORIENTED_EDGE('',*,*,#1222,.T.);
#4700 = ORIENTED_EDGE('',*,*,#4701,.F.);
#4701 = EDGE_CURVE('',#4702,#1223,#4704,.T.);
#4702 = VERTEX_POINT('',#4703);
#4703 = CARTESIAN_POINT('',(222.73125000002,3.005032455476,
    4.170941870688));
#4704 = LINE('',#4705,#4706);
#4705 = CARTESIAN_POINT('',(222.73125000002,4.618881649061,7.74476792395
    ));
#4706 = VECTOR('',#4707,1.);
#4707 = DIRECTION('',(0.,0.411557753061,0.911383682044));
#4708 = ORIENTED_EDGE('',*,*,#4709,.T.);
#4709 = EDGE_CURVE('',#4702,#4710,#4712,.T.);
#4710 = VERTEX_POINT('',#4711);
#4711 = CARTESIAN_POINT('',(223.38125000002,3.005032455476,
    4.170941870688));
#4712 = LINE('',#4713,#4714);
#4713 = CARTESIAN_POINT('',(285.05937500001,3.005032455476,
    4.170941870688));
#4714 = VECTOR('',#4715,1.);
#4715 = DIRECTION('',(1.,-2.655288753721E-17,0.));
#4716 = ORIENTED_EDGE('',*,*,#4717,.F.);
#4717 = EDGE_CURVE('',#972,#4710,#4718,.T.);
#4718 = LINE('',#4719,#4720);
#4719 = CARTESIAN_POINT('',(223.38125000002,4.618881649061,7.74476792395
    ));
#4720 = VECTOR('',#4721,1.);
#4721 = DIRECTION('',(0.,-0.411557753061,-0.911383682044));
#4722 = ORIENTED_EDGE('',*,*,#971,.T.);
#4723 = ORIENTED_EDGE('',*,*,#4724,.F.);
#4724 = EDGE_CURVE('',#4725,#974,#4727,.T.);
#4725 = VERTEX_POINT('',#4726);
#4726 = CARTESIAN_POINT('',(243.68125000002,3.005032455476,
    4.170941870688));
#4727 = LINE('',#4728,#4729);
#4728 = CARTESIAN_POINT('',(243.68125000002,4.618881649061,7.74476792395
    ));
#4729 = VECTOR('',#4730,1.);
#4730 = DIRECTION('',(0.,0.411557753061,0.911383682044));
#4731 = ORIENTED_EDGE('',*,*,#4732,.T.);
#4732 = EDGE_CURVE('',#4725,#4733,#4735,.T.);
#4733 = VERTEX_POINT('',#4734);
#4734 = CARTESIAN_POINT('',(244.33125000002,3.005032455476,
    4.170941870688));
#4735 = LINE('',#4736,#4737);
#4736 = CARTESIAN_POINT('',(285.05937500001,3.005032455476,
    4.170941870688));
#4737 = VECTOR('',#4738,1.);
#4738 = DIRECTION('',(1.,-2.655288753721E-17,0.));
#4739 = ORIENTED_EDGE('',*,*,#4740,.F.);
#4740 = EDGE_CURVE('',#866,#4733,#4741,.T.);
#4741 = LINE('',#4742,#4743);
#4742 = CARTESIAN_POINT('',(244.33125000002,4.618881649061,7.74476792395
    ));
#4743 = VECTOR('',#4744,1.);
#4744 = DIRECTION('',(0.,-0.411557753061,-0.911383682044));
#4745 = ORIENTED_EDGE('',*,*,#874,.T.);
#4746 = ORIENTED_EDGE('',*,*,#4747,.F.);
#4747 = EDGE_CURVE('',#4748,#875,#4750,.T.);
#4748 = VERTEX_POINT('',#4749);
#4749 = CARTESIAN_POINT('',(262.73125000001,3.005032455476,
    4.170941870688));
#4750 = LINE('',#4751,#4752);
#4751 = CARTESIAN_POINT('',(262.73125000001,4.546984141583,
    7.585552808679));
#4752 = VECTOR('',#4753,1.);
#4753 = DIRECTION('',(0.,0.411557753061,0.911383682044));
#4754 = ORIENTED_EDGE('',*,*,#4755,.T.);
#4755 = EDGE_CURVE('',#4748,#4756,#4758,.T.);
#4756 = VERTEX_POINT('',#4757);
#4757 = CARTESIAN_POINT('',(263.38125000002,3.005032455476,
    4.170941870688));
#4758 = LINE('',#4759,#4760);
#4759 = CARTESIAN_POINT('',(285.05937500001,3.005032455476,
    4.170941870688));
#4760 = VECTOR('',#4761,1.);
#4761 = DIRECTION('',(1.,-2.655288753721E-17,0.));
#4762 = ORIENTED_EDGE('',*,*,#4763,.F.);
#4763 = EDGE_CURVE('',#1785,#4756,#4764,.T.);
#4764 = LINE('',#4765,#4766);
#4765 = CARTESIAN_POINT('',(263.38125000002,4.618881649061,
    7.744767923952));
#4766 = VECTOR('',#4767,1.);
#4767 = DIRECTION('',(-8.317991019612E-14,-0.411557753061,
    -0.911383682044));
#4768 = ORIENTED_EDGE('',*,*,#1793,.T.);
#4769 = ORIENTED_EDGE('',*,*,#4770,.F.);
#4770 = EDGE_CURVE('',#4771,#1794,#4773,.T.);
#4771 = VERTEX_POINT('',#4772);
#4772 = CARTESIAN_POINT('',(274.68125000001,3.005032455476,
    4.170941870688));
#4773 = LINE('',#4774,#4775);
#4774 = CARTESIAN_POINT('',(274.68125000001,4.618881649061,7.74476792395
    ));
#4775 = VECTOR('',#4776,1.);
#4776 = DIRECTION('',(0.,0.411557753061,0.911383682044));
#4777 = ORIENTED_EDGE('',*,*,#4778,.T.);
#4778 = EDGE_CURVE('',#4771,#4779,#4781,.T.);
#4779 = VERTEX_POINT('',#4780);
#4780 = CARTESIAN_POINT('',(275.33125000001,3.005032455476,
    4.170941870688));
#4781 = LINE('',#4782,#4783);
#4782 = CARTESIAN_POINT('',(285.05937500001,3.005032455476,
    4.170941870688));
#4783 = VECTOR('',#4784,1.);
#4784 = DIRECTION('',(1.,-2.655288753721E-17,0.));
#4785 = ORIENTED_EDGE('',*,*,#4786,.F.);
#4786 = EDGE_CURVE('',#1679,#4779,#4787,.T.);
#4787 = LINE('',#4788,#4789);
#4788 = CARTESIAN_POINT('',(275.33125000001,4.618881649061,7.74476792395
    ));
#4789 = VECTOR('',#4790,1.);
#4790 = DIRECTION('',(0.,-0.411557753061,-0.911383682044));
#4791 = ORIENTED_EDGE('',*,*,#1687,.T.);
#4792 = ORIENTED_EDGE('',*,*,#4793,.F.);
#4793 = EDGE_CURVE('',#4794,#1688,#4796,.T.);
#4794 = VERTEX_POINT('',#4795);
#4795 = CARTESIAN_POINT('',(302.73125000002,3.005032455476,
    4.170941870688));
#4796 = LINE('',#4797,#4798);
#4797 = CARTESIAN_POINT('',(302.73125000002,4.618881649061,7.74476792395
    ));
#4798 = VECTOR('',#4799,1.);
#4799 = DIRECTION('',(0.,0.411557753061,0.911383682044));
#4800 = ORIENTED_EDGE('',*,*,#4801,.T.);
#4801 = EDGE_CURVE('',#4794,#4638,#4802,.T.);
#4802 = LINE('',#4803,#4804);
#4803 = CARTESIAN_POINT('',(285.05937500001,3.005032455476,
    4.170941870688));
#4804 = VECTOR('',#4805,1.);
#4805 = DIRECTION('',(1.,-2.655288753721E-17,0.));
#4806 = PLANE('',#4807);
#4807 = AXIS2_PLACEMENT_3D('',#4808,#4809,#4810);
#4808 = CARTESIAN_POINT('',(307.06250000001,4.546984141583,
    7.585552808679));
#4809 = DIRECTION('',(2.419986841255E-17,0.911383682044,-0.411557753061)
  );
#4810 = DIRECTION('',(3.08148791102E-33,-0.411557753061,-0.911383682044)
  );
#4811 = ADVANCED_FACE('',(#4812),#4856,.F.);
#4812 = FACE_BOUND('',#4813,.F.);
#4813 = EDGE_LOOP('',(#4814,#4834,#4842,#4850));
#4814 = ORIENTED_EDGE('',*,*,#4815,.T.);
#4815 = EDGE_CURVE('',#4816,#4818,#4820,.T.);
#4816 = VERTEX_POINT('',#4817);
#4817 = CARTESIAN_POINT('',(318.80225377504,5.581554939265,
    8.503808903469));
#4818 = VERTEX_POINT('',#4819);
#4819 = CARTESIAN_POINT('',(318.65787862852,15.236561286714,
    7.00784565633));
#4820 = B_SPLINE_CURVE_WITH_KNOTS('',3,(#4821,#4822,#4823,#4824,#4825,
    #4826,#4827,#4828,#4829,#4830,#4831,#4832,#4833),.UNSPECIFIED.,.F.,
  .F.,(4,2,1,1,2,1,1,1,4),(-9.796998078651,-9.582017506056,
    -8.211527025848,-6.841036545641,-2.729565105018,-1.637739063011,
    -0.545913021004,-0.272956510502,0.),.UNSPECIFIED.);
#4821 = CARTESIAN_POINT('',(318.80225377504,5.581554939265,8.50380890347
    ));
#4822 = CARTESIAN_POINT('',(318.79934383694,5.653892278177,
    8.500556196924));
#4823 = CARTESIAN_POINT('',(318.79608537484,5.725495543476,
    8.497624333918));
#4824 = CARTESIAN_POINT('',(318.77225800837,6.254356356403,
    8.474251512506));
#4825 = CARTESIAN_POINT('',(318.73116270438,7.166167639123,
    8.420921239471));
#4826 = CARTESIAN_POINT('',(318.64495252497,9.441654722577,
    8.213031808285));
#4827 = CARTESIAN_POINT('',(318.60174133948,11.249777912693,
    7.930329444165));
#4828 = CARTESIAN_POINT('',(318.59977066601,12.947979294906,
    7.578275085896));
#4829 = CARTESIAN_POINT('',(318.60405370516,13.658270872191,
    7.421057008997));
#4830 = CARTESIAN_POINT('',(318.62215517536,14.452102236566,
    7.22313726059));
#4831 = CARTESIAN_POINT('',(318.64331220141,14.977039135018,
    7.081585272315));
#4832 = CARTESIAN_POINT('',(318.65205900362,15.151347867162,
    7.032994305314));
#4833 = CARTESIAN_POINT('',(318.65787862851,15.236561286722,
    7.007845656333));
#4834 = ORIENTED_EDGE('',*,*,#4835,.T.);
#4835 = EDGE_CURVE('',#4818,#4836,#4838,.T.);
#4836 = VERTEX_POINT('',#4837);
#4837 = CARTESIAN_POINT('',(322.06250000001,17.500000000007,
    3.308464613383E-12));
#4838 = LINE('',#4839,#4840);
#4839 = CARTESIAN_POINT('',(319.06250000001,15.505559091915,
    6.175000000007));
#4840 = VECTOR('',#4841,1.);
#4841 = DIRECTION('',(0.41963821319,0.278981206329,-0.863755322152));
#4842 = ORIENTED_EDGE('',*,*,#4843,.F.);
#4843 = EDGE_CURVE('',#4844,#4836,#4846,.T.);
#4844 = VERTEX_POINT('',#4845);
#4845 = CARTESIAN_POINT('',(322.06250000001,7.275957614183E-12,
    3.304911899704E-12));
#4846 = LINE('',#4847,#4848);
#4847 = CARTESIAN_POINT('',(322.06250000001,17.500000000007,
    3.308464613383E-12));
#4848 = VECTOR('',#4849,1.);
#4849 = DIRECTION('',(-2.311115933265E-33,1.,0.));
#4850 = ORIENTED_EDGE('',*,*,#4851,.F.);
#4851 = EDGE_CURVE('',#4816,#4844,#4852,.T.);
#4852 = LINE('',#4853,#4854);
#4853 = CARTESIAN_POINT('',(319.06250000001,5.136012332303,
    7.825000000004));
#4854 = VECTOR('',#4855,1.);
#4855 = DIRECTION('',(0.305219238612,-0.522536591189,-0.796113514048));
#4856 = B_SPLINE_SURFACE_WITH_KNOTS('',3,3,(
    (#4857,#4858,#4859,#4860)
    ,(#4861,#4862,#4863,#4864)
    ,(#4865,#4866,#4867,#4868)
    ,(#4869,#4870,#4871,#4872
    )),.UNSPECIFIED.,.F.,.F.,.F.,(4,4),(4,4),(-1.695616666905E-12,
    1.000000000001),(-0.154144121286,1.),.PIECEWISE_BEZIER_KNOTS.);
#4857 = CARTESIAN_POINT('',(318.60006763616,5.927698440173,
    9.031177749064));
#4858 = CARTESIAN_POINT('',(319.75421175744,3.951798960123,
    6.020785166044));
#4859 = CARTESIAN_POINT('',(320.90835587873,1.975899480058,
    3.010392583024));
#4860 = CARTESIAN_POINT('',(322.06250000001,7.275957614183E-12,
    3.308464613383E-12));
#4861 = CARTESIAN_POINT('',(318.60006763616,6.951921807988,
    8.864992925657));
#4862 = CARTESIAN_POINT('',(319.75421175744,4.678247769945,
    5.909995283773));
#4863 = CARTESIAN_POINT('',(320.90835587873,2.404573731888,
    2.954997641888));
#4864 = CARTESIAN_POINT('',(322.06250000001,0.130899693846,
    3.308464613383E-12));
#4865 = CARTESIAN_POINT('',(318.60006763616,14.173904382857,
    7.293024772354));
#4866 = CARTESIAN_POINT('',(319.75421175744,15.238969690618,
    4.862016514904));
#4867 = CARTESIAN_POINT('',(320.90835587873,16.304034998386,
    2.431008257454));
#4868 = CARTESIAN_POINT('',(322.06250000001,17.369100306147,
    3.308464613383E-12));
#4869 = CARTESIAN_POINT('',(318.60006763616,15.198127750678,
    7.126839948946));
#4870 = CARTESIAN_POINT('',(319.75421175744,15.965418500455,
    4.751226632632));
#4871 = CARTESIAN_POINT('',(320.90835587873,16.732709250231,
    2.375613316317));
#4872 = CARTESIAN_POINT('',(322.06250000001,17.500000000007,
    3.308464613383E-12));
#4873 = ADVANCED_FACE('',(#4874),#4912,.F.);
#4874 = FACE_BOUND('',#4875,.F.);
#4875 = EDGE_LOOP('',(#4876,#4887,#4896,#4905));
#4876 = ORIENTED_EDGE('',*,*,#4877,.F.);
#4877 = EDGE_CURVE('',#4878,#4880,#4882,.T.);
#4878 = VERTEX_POINT('',#4879);
#4879 = CARTESIAN_POINT('',(317.05907791227,3.840907994934,
    8.703269387674));
#4880 = VERTEX_POINT('',#4881);
#4881 = CARTESIAN_POINT('',(209.05342208799,3.840907995131,
    8.703269388064));
#4882 = B_SPLINE_CURVE_WITH_KNOTS('',3,(#4883,#4884,#4885,#4886),
  .UNSPECIFIED.,.F.,.F.,(4,4),(0.,108.00565582429),
  .PIECEWISE_BEZIER_KNOTS.);
#4883 = CARTESIAN_POINT('',(317.05907791227,3.840907994942,
    8.703269387674));
#4884 = CARTESIAN_POINT('',(281.05719263752,3.840907995007,
    8.703269387804));
#4885 = CARTESIAN_POINT('',(245.05530736271,3.840907995065,
    8.703269387934));
#4886 = CARTESIAN_POINT('',(209.05342208797,3.840907995131,
    8.703269388064));
#4887 = ORIENTED_EDGE('',*,*,#4888,.F.);
#4888 = EDGE_CURVE('',#4889,#4878,#4891,.T.);
#4889 = VERTEX_POINT('',#4890);
#4890 = CARTESIAN_POINT('',(317.05907791227,3.613744714974,
    8.556159757937));
#4891 = CIRCLE('',#4892,0.25);
#4892 = AXIS2_PLACEMENT_3D('',#4893,#4894,#4895);
#4893 = CARTESIAN_POINT('',(317.05907791227,3.841590635479,
    8.453270319672));
#4894 = DIRECTION('',(-1.,0.,0.));
#4895 = DIRECTION('',(0.,-0.911383682043,0.411557753062));
#4896 = ORIENTED_EDGE('',*,*,#4897,.F.);
#4897 = EDGE_CURVE('',#4898,#4889,#4900,.T.);
#4898 = VERTEX_POINT('',#4899);
#4899 = CARTESIAN_POINT('',(209.05342208798,3.613744715149,
    8.556159758331));
#4900 = B_SPLINE_CURVE_WITH_KNOTS('',3,(#4901,#4902,#4903,#4904),
  .UNSPECIFIED.,.F.,.F.,(4,4),(-108.0056558242,0.),
  .PIECEWISE_BEZIER_KNOTS.);
#4901 = CARTESIAN_POINT('',(209.05342208797,3.613744715141,
    8.556159758327));
#4902 = CARTESIAN_POINT('',(245.05530736271,3.613744715083,
    8.556159758197));
#4903 = CARTESIAN_POINT('',(281.05719263752,3.613744715025,
    8.556159758067));
#4904 = CARTESIAN_POINT('',(317.05907791227,3.613744714967,
    8.556159757937));
#4905 = ORIENTED_EDGE('',*,*,#4906,.F.);
#4906 = EDGE_CURVE('',#4880,#4898,#4907,.T.);
#4907 = CIRCLE('',#4908,0.25);
#4908 = AXIS2_PLACEMENT_3D('',#4909,#4910,#4911);
#4909 = CARTESIAN_POINT('',(209.05342208799,3.84159063566,8.453270320062
    ));
#4910 = DIRECTION('',(1.,-6.394619965954E-11,-1.746097213481E-13));
#4911 = DIRECTION('',(-4.038967834732E-28,-2.730562118376E-03,
    0.999996272008));
#4912 = B_SPLINE_SURFACE_WITH_KNOTS('',3,3,(
    (#4913,#4914,#4915,#4916)
    ,(#4917,#4918,#4919,#4920)
    ,(#4921,#4922,#4923,#4924)
    ,(#4925,#4926,#4927,#4928)
    ,(#4929,#4930,#4931,#4932
  )),.UNSPECIFIED.,.F.,.F.,.F.,(4,1,4),(4,4),(0.,0.571428571429,1.),(0.,
    108.00565582429),.UNSPECIFIED.);
#4913 = CARTESIAN_POINT('',(317.05907791227,3.840907994942,
    8.703269387674));
#4914 = CARTESIAN_POINT('',(281.05719263752,3.840907995007,
    8.703269387804));
#4915 = CARTESIAN_POINT('',(245.05530736271,3.840907995065,
    8.703269387934));
#4916 = CARTESIAN_POINT('',(209.05342208797,3.840907995131,
    8.703269388064));
#4917 = CARTESIAN_POINT('',(317.05907791227,3.786436619928,
    8.703120649645));
#4918 = CARTESIAN_POINT('',(281.05719263752,3.786436619994,
    8.703120649776));
#4919 = CARTESIAN_POINT('',(245.05530736271,3.786436620052,
    8.703120649907));
#4920 = CARTESIAN_POINT('',(209.05342208797,3.786436620117,
    8.703120650038));
#4921 = CARTESIAN_POINT('',(317.05907791227,3.691502381407,
    8.670519838398));
#4922 = CARTESIAN_POINT('',(281.05719263752,3.691502381465,8.67051983853
    ));
#4923 = CARTESIAN_POINT('',(245.05530736271,3.691502381524,
    8.670519838662));
#4924 = CARTESIAN_POINT('',(209.05342208797,3.691502381582,
    8.670519838794));
#4925 = CARTESIAN_POINT('',(317.05907791227,3.630558365177,
    8.593393138486));
#4926 = CARTESIAN_POINT('',(281.05719263752,3.630558365236,
    8.593393138617));
#4927 = CARTESIAN_POINT('',(245.05530736271,3.630558365294,
    8.593393138747));
#4928 = CARTESIAN_POINT('',(209.05342208797,3.630558365352,
    8.593393138878));
#4929 = CARTESIAN_POINT('',(317.05907791227,3.613744714967,
    8.556159757937));
#4930 = CARTESIAN_POINT('',(281.05719263752,3.613744715025,
    8.556159758067));
#4931 = CARTESIAN_POINT('',(245.05530736271,3.613744715083,
    8.556159758197));
#4932 = CARTESIAN_POINT('',(209.05342208797,3.613744715141,
    8.556159758327));
#4933 = ADVANCED_FACE('',(#4934),#4966,.F.);
#4934 = FACE_BOUND('',#4935,.F.);
#4935 = EDGE_LOOP('',(#4936,#4945,#4955,#4956));
#4936 = ORIENTED_EDGE('',*,*,#4937,.F.);
#4937 = EDGE_CURVE('',#4816,#4938,#4940,.T.);
#4938 = VERTEX_POINT('',#4939);
#4939 = CARTESIAN_POINT('',(318.56637855404,5.578128091845,
    8.671829586354));
#4940 = CIRCLE('',#4941,0.249999999999);
#4941 = AXIS2_PLACEMENT_3D('',#4942,#4943,#4944);
#4942 = CARTESIAN_POINT('',(318.56637855404,5.568388576721,
    8.422019374703));
#4943 = DIRECTION('',(4.223042818255E-02,-0.998349421391,
    3.892330591413E-02));
#4944 = DIRECTION('',(0.943500883997,5.266545018234E-02,0.327158115067)
  );
#4945 = ORIENTED_EDGE('',*,*,#4946,.F.);
#4946 = EDGE_CURVE('',#4889,#4816,#4947,.T.);
#4947 = B_SPLINE_CURVE_WITH_KNOTS('',3,(#4948,#4949,#4950,#4951,#4952,
    #4953,#4954),.UNSPECIFIED.,.F.,.F.,(4,1,1,1,4),(-2.563772197753,
    -1.831265855538,-1.46501268443,-0.732506342215,0.),.UNSPECIFIED.);
#4948 = CARTESIAN_POINT('',(317.05907791227,3.613744714967,
    8.556159757937));
#4949 = CARTESIAN_POINT('',(317.34171940988,3.621761724258,
    8.573913211481));
#4950 = CARTESIAN_POINT('',(317.75967816856,3.743631804115,
    8.589753900439));
#4951 = CARTESIAN_POINT('',(318.32105165751,4.166414697254,
    8.592821177666));
#4952 = CARTESIAN_POINT('',(318.70964175453,4.755917538409,8.5734920892)
  );
#4953 = CARTESIAN_POINT('',(318.80785918352,5.306639157527,
    8.531898854882));
#4954 = CARTESIAN_POINT('',(318.80225377504,5.581554939265,8.50380890347
    ));
#4955 = ORIENTED_EDGE('',*,*,#4888,.T.);
#4956 = ORIENTED_EDGE('',*,*,#4957,.F.);
#4957 = EDGE_CURVE('',#4938,#4878,#4958,.T.);
#4958 = B_SPLINE_CURVE_WITH_KNOTS('',3,(#4959,#4960,#4961,#4962,#4963,
    #4964,#4965),.UNSPECIFIED.,.F.,.F.,(4,1,1,1,4),(0.,0.732506342215,
    1.46501268443,1.831265855538,2.563772197753),.UNSPECIFIED.);
#4959 = CARTESIAN_POINT('',(318.56637855404,5.578128091845,
    8.671829586354));
#4960 = CARTESIAN_POINT('',(318.5766899062,5.332885624703,8.681391015817
    ));
#4961 = CARTESIAN_POINT('',(318.50094367399,4.837807670818,
    8.696097469159));
#4962 = CARTESIAN_POINT('',(318.16245357482,4.308631448279,8.70253986813
    ));
#4963 = CARTESIAN_POINT('',(317.66865081564,3.938366915638,
    8.703751675128));
#4964 = CARTESIAN_POINT('',(317.30324669302,3.840907994942,
    8.703269387673));
#4965 = CARTESIAN_POINT('',(317.05907791227,3.840907994942,
    8.703269387674));
#4966 = B_SPLINE_SURFACE_WITH_KNOTS('',3,3,(
    (#4967,#4968,#4969,#4970,#4971,#4972,#4973)
    ,(#4974,#4975,#4976,#4977,#4978,#4979,#4980)
    ,(#4981,#4982,#4983,#4984,#4985,#4986,#4987)
    ,(#4988,#4989,#4990,#4991,#4992,#4993,#4994)
    ,(#4995,#4996,#4997,#4998,#4999,#5000,#5001
  )),.UNSPECIFIED.,.F.,.F.,.F.,(4,1,4),(4,1,1,1,4),(0.,0.571428571429,1.
    ),(0.,0.732506342215,1.46501268443,1.831265855538,2.563772197753),
  .UNSPECIFIED.);
#4967 = CARTESIAN_POINT('',(318.56637855404,5.578128091845,
    8.671829586354));
#4968 = CARTESIAN_POINT('',(318.5766899062,5.332885624703,8.681391015817
    ));
#4969 = CARTESIAN_POINT('',(318.50094367399,4.837807670818,
    8.696097469159));
#4970 = CARTESIAN_POINT('',(318.16245357482,4.308631448279,8.70253986813
    ));
#4971 = CARTESIAN_POINT('',(317.66865081564,3.938366915638,
    8.703751675128));
#4972 = CARTESIAN_POINT('',(317.30324669302,3.840907994942,
    8.703269387673));
#4973 = CARTESIAN_POINT('',(317.05907791227,3.840907994942,
    8.703269387674));
#4974 = CARTESIAN_POINT('',(318.62516381109,5.580610948768,
    8.671732785577));
#4975 = CARTESIAN_POINT('',(318.63228827048,5.3274556943,8.681544427591)
  );
#4976 = CARTESIAN_POINT('',(318.54874001205,4.819246465282,
    8.696461701368));
#4977 = CARTESIAN_POINT('',(318.19810984851,4.276851007984,
    8.702703793801));
#4978 = CARTESIAN_POINT('',(317.68926800571,3.894394668052,8.70363637308
    ));
#4979 = CARTESIAN_POINT('',(317.31246703891,3.790169787411,8.70306872254
    ));
#4980 = CARTESIAN_POINT('',(317.05907791227,3.786436619928,
    8.703120649645));
#4981 = CARTESIAN_POINT('',(318.72759432774,5.583458533212,
    8.633637350222));
#4982 = CARTESIAN_POINT('',(318.72935436888,5.316982199009,
    8.648771337183));
#4983 = CARTESIAN_POINT('',(318.63229163406,4.786327344271,
    8.670652809851));
#4984 = CARTESIAN_POINT('',(318.26045156918,4.221099189119,
    8.679831067565));
#4985 = CARTESIAN_POINT('',(317.72532859787,3.817559193347,8.67951760876
    ));
#4986 = CARTESIAN_POINT('',(317.32851833273,3.701586024516,
    8.675123201067));
#4987 = CARTESIAN_POINT('',(317.05907791227,3.691502381393,
    8.670519838402));
#4988 = CARTESIAN_POINT('',(318.78775021048,5.582565837038,
    8.545473425819));
#4989 = CARTESIAN_POINT('',(318.79106523726,5.309075121935,
    8.569976008769));
#4990 = CARTESIAN_POINT('',(318.69127989427,4.763058682925,
    8.605712001706));
#4991 = CARTESIAN_POINT('',(318.30618146917,4.179886072408,
    8.621864429146));
#4992 = CARTESIAN_POINT('',(317.75135716157,3.761641263962,
    8.619614294316));
#4993 = CARTESIAN_POINT('',(317.33886825534,3.640347080007,
    8.607306486903));
#4994 = CARTESIAN_POINT('',(317.05907791227,3.630558365177,
    8.593393138486));
#4995 = CARTESIAN_POINT('',(318.80225377504,5.581554939265,8.50380890347
    ));
#4996 = CARTESIAN_POINT('',(318.80785918352,5.306639157527,
    8.531898854882));
#4997 = CARTESIAN_POINT('',(318.70964175453,4.755917538409,8.5734920892)
  );
#4998 = CARTESIAN_POINT('',(318.32105165751,4.166414697254,
    8.592821177666));
#4999 = CARTESIAN_POINT('',(317.75967816856,3.743631804115,
    8.589753900439));
#5000 = CARTESIAN_POINT('',(317.34171940988,3.621761724258,
    8.573913211481));
#5001 = CARTESIAN_POINT('',(317.05907791227,3.613744714967,
    8.556159757937));
#5002 = ADVANCED_FACE('',(#5003),#5037,.F.);
#5003 = FACE_BOUND('',#5004,.F.);
#5004 = EDGE_LOOP('',(#5005,#5016,#5026,#5027));
#5005 = ORIENTED_EDGE('',*,*,#5006,.F.);
#5006 = EDGE_CURVE('',#5007,#5009,#5011,.T.);
#5007 = VERTEX_POINT('',#5008);
#5008 = CARTESIAN_POINT('',(207.54612144609,5.578128092049,
    8.671829586643));
#5009 = VERTEX_POINT('',#5010);
#5010 = CARTESIAN_POINT('',(207.3102462251,5.581554939454,8.50380890376)
  );
#5011 = CIRCLE('',#5012,0.25);
#5012 = AXIS2_PLACEMENT_3D('',#5013,#5014,#5015);
#5013 = CARTESIAN_POINT('',(207.54612144609,5.56838857691,8.422019374993
    ));
#5014 = DIRECTION('',(-4.223042815092E-02,-0.99834942139,
    3.89233059787E-02));
#5015 = DIRECTION('',(-3.469446951954E-18,3.895806056014E-02,
    0.999240846602));
#5016 = ORIENTED_EDGE('',*,*,#5017,.F.);
#5017 = EDGE_CURVE('',#4880,#5007,#5018,.T.);
#5018 = B_SPLINE_CURVE_WITH_KNOTS('',3,(#5019,#5020,#5021,#5022,#5023,
    #5024,#5025),.UNSPECIFIED.,.F.,.F.,(4,1,1,1,4),(-2.563772197823,
    -2.197519026706,-1.46501268447,-0.732506342235,0.),.UNSPECIFIED.);
#5019 = CARTESIAN_POINT('',(209.05342208796,3.840907995131,
    8.703269388065));
#5020 = CARTESIAN_POINT('',(208.93133769759,3.840907995131,
    8.703269388066));
#5021 = CARTESIAN_POINT('',(208.56428976374,3.8870784502,8.703376481956)
  );
#5022 = CARTESIAN_POINT('',(208.01703573153,4.201549257639,
    8.703766346203));
#5023 = CARTESIAN_POINT('',(207.61174219429,4.838112266058,
    8.696113506983));
#5024 = CARTESIAN_POINT('',(207.53581009394,5.332885624899,
    8.681391016118));
#5025 = CARTESIAN_POINT('',(207.54612144609,5.578128092049,
    8.671829586639));
#5026 = ORIENTED_EDGE('',*,*,#4906,.T.);
#5027 = ORIENTED_EDGE('',*,*,#5028,.F.);
#5028 = EDGE_CURVE('',#5009,#4898,#5029,.T.);
#5029 = B_SPLINE_CURVE_WITH_KNOTS('',3,(#5030,#5031,#5032,#5033,#5034,
    #5035,#5036),.UNSPECIFIED.,.F.,.F.,(4,1,1,1,4),(0.,0.732506342235,
    1.46501268447,2.197519026706,2.563772197823),.UNSPECIFIED.);
#5030 = CARTESIAN_POINT('',(207.3102462251,5.581554939454,8.50380890376)
  );
#5031 = CARTESIAN_POINT('',(207.30464081663,5.306639157709,
    8.531898855188));
#5032 = CARTESIAN_POINT('',(207.40308324449,4.756167971813,8.57351372444
    ));
#5033 = CARTESIAN_POINT('',(207.86820816452,4.047500695779,
    8.596649665802));
#5034 = CARTESIAN_POINT('',(208.48936637676,3.682582294117,
    8.586239072573));
#5035 = CARTESIAN_POINT('',(208.91210133917,3.617753219798,8.5650364851)
  );
#5036 = CARTESIAN_POINT('',(209.05342208796,3.613744715149,
    8.556159758328));
#5037 = B_SPLINE_SURFACE_WITH_KNOTS('',3,3,(
    (#5038,#5039,#5040,#5041,#5042,#5043,#5044)
    ,(#5045,#5046,#5047,#5048,#5049,#5050,#5051)
    ,(#5052,#5053,#5054,#5055,#5056,#5057,#5058)
    ,(#5059,#5060,#5061,#5062,#5063,#5064,#5065)
    ,(#5066,#5067,#5068,#5069,#5070,#5071,#5072
  )),.UNSPECIFIED.,.F.,.F.,.F.,(4,1,4),(4,1,1,1,4),(0.,0.571428571429,1.
    ),(0.,0.732506342235,1.46501268447,2.197519026706,2.563772197823),
  .UNSPECIFIED.);
#5038 = CARTESIAN_POINT('',(207.3102462251,5.581554939454,8.50380890376)
  );
#5039 = CARTESIAN_POINT('',(207.30464081663,5.306639157709,
    8.531898855188));
#5040 = CARTESIAN_POINT('',(207.40308324449,4.756167971813,8.57351372444
    ));
#5041 = CARTESIAN_POINT('',(207.86820816452,4.047500695779,
    8.596649665802));
#5042 = CARTESIAN_POINT('',(208.48936637676,3.682582294117,
    8.586239072573));
#5043 = CARTESIAN_POINT('',(208.91210133917,3.617753219798,8.5650364851)
  );
#5044 = CARTESIAN_POINT('',(209.05342208796,3.613744715149,
    8.556159758328));
#5045 = CARTESIAN_POINT('',(207.32958431118,5.582902803159,
    8.559361600224));
#5046 = CARTESIAN_POINT('',(207.32707984761,5.309859892142,
    8.582624772493));
#5047 = CARTESIAN_POINT('',(207.42758288762,4.765705237034,
    8.616396743685));
#5048 = CARTESIAN_POINT('',(207.88726730829,4.0671434182,8.634385850587)
  );
#5049 = CARTESIAN_POINT('',(208.4980250044,3.707583748554,8.626944569224
    ));
#5050 = CARTESIAN_POINT('',(208.91399230565,3.641371743906,
    8.612100882974));
#5051 = CARTESIAN_POINT('',(209.05342208796,3.636162915427,
    8.605804265728));
#5052 = CARTESIAN_POINT('',(207.3990911292,5.583252443961,8.643742058107
    ));
#5053 = CARTESIAN_POINT('',(207.39667605746,5.31857082354,8.657494304686
    ));
#5054 = CARTESIAN_POINT('',(207.49213378996,4.791294552248,
    8.677565037561));
#5055 = CARTESIAN_POINT('',(207.93388506558,4.115457427877,
    8.687485434905));
#5056 = CARTESIAN_POINT('',(208.52117529936,3.771227520847,
    8.684816485801));
#5057 = CARTESIAN_POINT('',(208.91982560214,3.709379780768,
    8.680766860129));
#5058 = CARTESIAN_POINT('',(209.05342208796,3.704745812189,
    8.679096208055));
#5059 = CARTESIAN_POINT('',(207.50203250331,5.579990234735,
    8.671756986056));
#5060 = CARTESIAN_POINT('',(207.49407951327,5.328831861116,8.68154215832
    ));
#5061 = CARTESIAN_POINT('',(207.57586362028,4.824186780381,
    8.696452874502));
#5062 = CARTESIAN_POINT('',(207.99209090914,4.175752700423,
    8.703933774423));
#5063 = CARTESIAN_POINT('',(208.55135833649,3.852318963414,
    8.703304603436));
#5064 = CARTESIAN_POINT('',(208.92788662491,3.801441484597,
    8.703154605085));
#5065 = CARTESIAN_POINT('',(209.05342208796,3.800054463871,
    8.703157834545));
#5066 = CARTESIAN_POINT('',(207.54612144609,5.578128092049,
    8.671829586639));
#5067 = CARTESIAN_POINT('',(207.53581009394,5.332885624899,
    8.681391016118));
#5068 = CARTESIAN_POINT('',(207.61174219429,4.838112266058,
    8.696113506983));
#5069 = CARTESIAN_POINT('',(208.01703573153,4.201549257639,
    8.703766346203));
#5070 = CARTESIAN_POINT('',(208.56428976374,3.8870784502,8.703376481956)
  );
#5071 = CARTESIAN_POINT('',(208.93133769759,3.840907995131,
    8.703269388066));
#5072 = CARTESIAN_POINT('',(209.05342208796,3.840907995131,
    8.703269388065));
#5073 = ADVANCED_FACE('',(#5074),#5103,.F.);
#5074 = FACE_BOUND('',#5075,.F.);
#5075 = EDGE_LOOP('',(#5076,#5094,#5101,#5102));
#5076 = ORIENTED_EDGE('',*,*,#5077,.F.);
#5077 = EDGE_CURVE('',#5078,#4938,#5080,.T.);
#5078 = VERTEX_POINT('',#5079);
#5079 = CARTESIAN_POINT('',(318.4360120124,15.286062317486,
    7.134706818172));
#5080 = B_SPLINE_CURVE_WITH_KNOTS('',3,(#5081,#5082,#5083,#5084,#5085,
    #5086,#5087,#5088,#5089,#5090,#5091,#5092,#5093),.UNSPECIFIED.,.F.,
  .F.,(4,1,1,1,2,1,1,2,4),(0.,0.272956510502,0.545913021004,
    1.637739063011,2.729565105018,6.841036545641,8.211527025848,
    9.582017506056,9.796998078651),.UNSPECIFIED.);
#5081 = CARTESIAN_POINT('',(318.4360120124,15.286062317486,
    7.134706818173));
#5082 = CARTESIAN_POINT('',(318.43061810604,15.198127299191,
    7.159528878248));
#5083 = CARTESIAN_POINT('',(318.42184444663,15.021986277068,
    7.208627292696));
#5084 = CARTESIAN_POINT('',(318.40007239755,14.492428509737,
    7.352503711578));
#5085 = CARTESIAN_POINT('',(318.38006239804,13.694140639833,
    7.555390715728));
#5086 = CARTESIAN_POINT('',(318.37413328083,12.979856218793,
    7.717013501019));
#5087 = CARTESIAN_POINT('',(318.37218164704,11.272928510283,
    8.079498687003));
#5088 = CARTESIAN_POINT('',(318.4121369038,9.455943505243,8.371737569709
    ));
#5089 = CARTESIAN_POINT('',(318.49603107463,7.16943186993,8.586798344831
    ));
#5090 = CARTESIAN_POINT('',(318.53635224414,6.252701124526,
    8.642573281283));
#5091 = CARTESIAN_POINT('',(318.56011510091,5.722062590867,
    8.666030441491));
#5092 = CARTESIAN_POINT('',(318.56335231351,5.650103394953,
    8.669023437844));
#5093 = CARTESIAN_POINT('',(318.56637855405,5.578128091845,
    8.671829586354));
#5094 = ORIENTED_EDGE('',*,*,#5095,.F.);
#5095 = EDGE_CURVE('',#4818,#5078,#5096,.T.);
#5096 = CIRCLE('',#5097,0.25);
#5097 = AXIS2_PLACEMENT_3D('',#5098,#5099,#5100);
#5098 = CARTESIAN_POINT('',(318.4360120124,15.21814690411,6.894108612389
    ));
#5099 = DIRECTION('',(-5.928314013987E-02,-0.960700174305,0.271183857163
    ));
#5100 = DIRECTION('',(0.887466464482,7.365753043672E-02,0.454948175763)
  );
#5101 = ORIENTED_EDGE('',*,*,#4815,.F.);
#5102 = ORIENTED_EDGE('',*,*,#4937,.T.);
#5103 = B_SPLINE_SURFACE_WITH_KNOTS('',3,3,(
    (#5104,#5105,#5106,#5107,#5108,#5109,#5110,#5111,#5112,#5113,#5114
      ,#5115,#5116)
    ,(#5117,#5118,#5119,#5120,#5121,#5122,#5123,#5124,#5125,#5126,#5127
      ,#5128,#5129)
    ,(#5130,#5131,#5132,#5133,#5134,#5135,#5136,#5137,#5138,#5139,#5140
      ,#5141,#5142)
    ,(#5143,#5144,#5145,#5146,#5147,#5148,#5149,#5150,#5151,#5152,#5153
      ,#5154,#5155)
    ,(#5156,#5157,#5158,#5159,#5160,#5161,#5162,#5163,#5164,#5165,#5166
      ,#5167,#5168
    )),.UNSPECIFIED.,.F.,.F.,.F.,(4,1,4),(4,1,1,1,2,1,1,2,4),(0.,
    0.571428571429,1.),(0.,0.272956510502,0.545913021004,1.637739063011,
    2.729565105018,6.841036545641,8.211527025848,9.582017506056,
    9.796998078651),.UNSPECIFIED.);
#5104 = CARTESIAN_POINT('',(318.4360120124,15.286062317486,
    7.134706818173));
#5105 = CARTESIAN_POINT('',(318.43061810604,15.198127299191,
    7.159528878248));
#5106 = CARTESIAN_POINT('',(318.42184444663,15.021986277068,
    7.208627292696));
#5107 = CARTESIAN_POINT('',(318.40007239755,14.492428509737,
    7.352503711578));
#5108 = CARTESIAN_POINT('',(318.38006239804,13.694140639833,
    7.555390715728));
#5109 = CARTESIAN_POINT('',(318.37413328083,12.979856218793,
    7.717013501019));
#5110 = CARTESIAN_POINT('',(318.37218164704,11.272928510283,
    8.079498687003));
#5111 = CARTESIAN_POINT('',(318.4121369038,9.455943505243,8.371737569709
    ));
#5112 = CARTESIAN_POINT('',(318.49603107463,7.16943186993,8.586798344831
    ));
#5113 = CARTESIAN_POINT('',(318.53635224414,6.252701124526,
    8.642573281283));
#5114 = CARTESIAN_POINT('',(318.56011510091,5.722062590867,
    8.666030441491));
#5115 = CARTESIAN_POINT('',(318.56335231351,5.650103394953,
    8.669023437844));
#5116 = CARTESIAN_POINT('',(318.56637855405,5.578128091845,
    8.671829586354));
#5117 = CARTESIAN_POINT('',(318.48807373161,15.283086772048,
    7.135546747123));
#5118 = CARTESIAN_POINT('',(318.48251968227,15.195578320607,
    7.160241721742));
#5119 = CARTESIAN_POINT('',(318.47370895983,15.019805686279,
    7.209226394313));
#5120 = CARTESIAN_POINT('',(318.45219723801,14.490925017177,
    7.352891351888));
#5121 = CARTESIAN_POINT('',(318.43295282324,13.693318078724,
    7.55558123243));
#5122 = CARTESIAN_POINT('',(318.42774602277,12.97955547124,
    7.717077460921));
#5123 = CARTESIAN_POINT('',(318.4275605922,11.273718585777,
    8.079330206786));
#5124 = CARTESIAN_POINT('',(318.46914621376,9.457539307063,
    8.371504760652));
#5125 = CARTESIAN_POINT('',(318.55438069072,7.171786330378,
    8.586610449952));
#5126 = CARTESIAN_POINT('',(318.59512121111,6.255332823821,
    8.642427307349));
#5127 = CARTESIAN_POINT('',(318.61896858738,5.724705056658,
    8.665918236477));
#5128 = CARTESIAN_POINT('',(318.62219891899,5.652722421124,
    8.668916973699));
#5129 = CARTESIAN_POINT('',(318.62516381109,5.580610948768,
    8.671732785576));
#5130 = CARTESIAN_POINT('',(318.57893876376,15.269863256348,
    7.108564796665));
#5131 = CARTESIAN_POINT('',(318.57305273896,15.183481743625,
    7.133301558246));
#5132 = CARTESIAN_POINT('',(318.56423351624,15.008251349805,
    7.182042538361));
#5133 = CARTESIAN_POINT('',(318.54312659197,14.481044312233,
    7.325034328293));
#5134 = CARTESIAN_POINT('',(318.52523595921,13.684839734975,
    7.52634240665));
#5135 = CARTESIAN_POINT('',(318.52127052285,12.97239337198,
    7.686650063316));
#5136 = CARTESIAN_POINT('',(318.52412352034,11.269295115082,
    8.046131971068));
#5137 = CARTESIAN_POINT('',(318.56856512484,9.455792890105,
    8.335699122503));
#5138 = CARTESIAN_POINT('',(318.65606477852,7.173038501438,
    8.549015482734));
#5139 = CARTESIAN_POINT('',(318.69757069964,6.258057895146,
    8.604110317519));
#5140 = CARTESIAN_POINT('',(318.72151140014,5.727675582515,
    8.627716587904));
#5141 = CARTESIAN_POINT('',(318.72474949165,5.655820125707,
    8.630660765598));
#5142 = CARTESIAN_POINT('',(318.72759432774,5.583458533212,
    8.633637350221));
#5143 = CARTESIAN_POINT('',(318.64000133232,15.24702994377,
    7.041023952736));
#5144 = CARTESIAN_POINT('',(318.63410195131,15.161551684047,
    7.066048876496));
#5145 = CARTESIAN_POINT('',(318.62532856809,14.986956166664,
    7.114664122315));
#5146 = CARTESIAN_POINT('',(318.60424919519,14.461404617941,
    7.256643785051));
#5147 = CARTESIAN_POINT('',(318.58643604755,13.666853979688,
    7.455561474731));
#5148 = CARTESIAN_POINT('',(318.5824626508,12.955931526623,
    7.613690482126));
#5149 = CARTESIAN_POINT('',(318.58523139235,11.25625554625,
    7.967935875255));
#5150 = CARTESIAN_POINT('',(318.62934470696,9.446506902786,
    8.252607167461));
#5151 = CARTESIAN_POINT('',(318.71638159873,7.168761279994,
    8.462077682772));
#5152 = CARTESIAN_POINT('',(318.75774951415,6.256009151242,
    8.515889038091));
#5153 = CARTESIAN_POINT('',(318.781630841,5.726617603766,8.539362719609)
  );
#5154 = CARTESIAN_POINT('',(318.78488380407,5.654947167117,
    8.542288147808));
#5155 = CARTESIAN_POINT('',(318.78775021048,5.582565837038,
    8.545473425818));
#5156 = CARTESIAN_POINT('',(318.65787862851,15.236561286722,
    7.007845656333));
#5157 = CARTESIAN_POINT('',(318.65205900362,15.151347867162,
    7.032994305314));
#5158 = CARTESIAN_POINT('',(318.64331220141,14.977039135018,
    7.081585272315));
#5159 = CARTESIAN_POINT('',(318.62215517536,14.452102236566,
    7.22313726059));
#5160 = CARTESIAN_POINT('',(318.60405370516,13.658270872191,
    7.421057008997));
#5161 = CARTESIAN_POINT('',(318.59977066601,12.947979294906,
    7.578275085896));
#5162 = CARTESIAN_POINT('',(318.60174133948,11.249777912693,
    7.930329444165));
#5163 = CARTESIAN_POINT('',(318.64495252497,9.441654722577,
    8.213031808285));
#5164 = CARTESIAN_POINT('',(318.73116270438,7.166167639123,
    8.420921239471));
#5165 = CARTESIAN_POINT('',(318.77225800837,6.254356356403,
    8.474251512506));
#5166 = CARTESIAN_POINT('',(318.79608537484,5.725495543476,
    8.497624333918));
#5167 = CARTESIAN_POINT('',(318.79934383694,5.653892278177,
    8.500556196924));
#5168 = CARTESIAN_POINT('',(318.80225377504,5.581554939265,8.50380890347
    ));
#5169 = ADVANCED_FACE('',(#5170),#5218,.F.);
#5170 = FACE_BOUND('',#5171,.F.);
#5171 = EDGE_LOOP('',(#5172,#5191,#5200,#5217));
#5172 = ORIENTED_EDGE('',*,*,#5173,.F.);
#5173 = EDGE_CURVE('',#5174,#5009,#5176,.T.);
#5174 = VERTEX_POINT('',#5175);
#5175 = CARTESIAN_POINT('',(207.45462137135,15.236561286823,
    7.007845655996));
#5176 = B_SPLINE_CURVE_WITH_KNOTS('',3,(#5177,#5178,#5179,#5180,#5181,
    #5182,#5183,#5184,#5185,#5186,#5187,#5188,#5189,#5190),
  .UNSPECIFIED.,.F.,.F.,(4,1,1,1,2,1,1,1,2,4),(0.,0.272956510769,
    0.545913021539,1.637739064616,2.729565107694,5.470546068112,
    6.841036548321,8.211527028531,9.58201750874,9.796998078667),
  .UNSPECIFIED.);
#5177 = CARTESIAN_POINT('',(207.45462137135,15.236561286831,
    7.007845655994));
#5178 = CARTESIAN_POINT('',(207.46044099625,15.151347867191,
    7.032994305005));
#5179 = CARTESIAN_POINT('',(207.46918873742,14.977039735226,
    7.081585305074));
#5180 = CARTESIAN_POINT('',(207.49034409891,14.45210303762,
    7.223137603719));
#5181 = CARTESIAN_POINT('',(207.50845828905,13.658277235962,
    7.421057050981));
#5182 = CARTESIAN_POINT('',(207.51271605162,12.947978389806,
    7.578276830693));
#5183 = CARTESIAN_POINT('',(207.51149625896,11.697160803102,
    7.837597080686));
#5184 = CARTESIAN_POINT('',(207.48880006478,10.345532346735,
    8.071673786338));
#5185 = CARTESIAN_POINT('',(207.43320164897,8.531516038507,
    8.296187129476));
#5186 = CARTESIAN_POINT('',(207.38121898222,7.166111040067,
    8.420919834567));
#5187 = CARTESIAN_POINT('',(207.34025461863,6.254361240157,
    8.474251423892));
#5188 = CARTESIAN_POINT('',(207.31641319938,5.725494915954,
    8.497624328971));
#5189 = CARTESIAN_POINT('',(207.31315616317,5.653892277485,
    8.500556197249));
#5190 = CARTESIAN_POINT('',(207.3102462251,5.581554939461,8.50380890376)
  );
#5191 = ORIENTED_EDGE('',*,*,#5192,.F.);
#5192 = EDGE_CURVE('',#5193,#5174,#5195,.T.);
#5193 = VERTEX_POINT('',#5194);
#5194 = CARTESIAN_POINT('',(207.67648798747,15.286062317609,
    7.134706817833));
#5195 = CIRCLE('',#5196,0.25);
#5196 = AXIS2_PLACEMENT_3D('',#5197,#5198,#5199);
#5197 = CARTESIAN_POINT('',(207.67648798747,15.218146904219,
    6.894108612055));
#5198 = DIRECTION('',(5.928314017408E-02,-0.960700174285,0.271183857225)
  );
#5199 = DIRECTION('',(-2.25514051877E-17,0.271661653575,0.962392823112)
  );
#5200 = ORIENTED_EDGE('',*,*,#5201,.F.);
#5201 = EDGE_CURVE('',#5007,#5193,#5202,.T.);
#5202 = B_SPLINE_CURVE_WITH_KNOTS('',3,(#5203,#5204,#5205,#5206,#5207,
    #5208,#5209,#5210,#5211,#5212,#5213,#5214,#5215,#5216),
  .UNSPECIFIED.,.F.,.F.,(4,2,1,1,1,2,1,1,1,4),(-9.796998078667,
    -9.58201750874,-8.211527028531,-6.841036548321,-5.470546068112,
    -2.729565107694,-1.637739064616,-0.545913021539,-0.272956510769,0.),
  .UNSPECIFIED.);
#5203 = CARTESIAN_POINT('',(207.5461214461,5.578128092049,8.671829586643
    ));
#5204 = CARTESIAN_POINT('',(207.5491476866,5.65010339427,8.669023438163)
  );
#5205 = CARTESIAN_POINT('',(207.55238350133,5.722062458008,
    8.666030360049));
#5206 = CARTESIAN_POINT('',(207.57616023745,6.252702349993,
    8.642573985861));
#5207 = CARTESIAN_POINT('',(207.61635366499,7.16942143417,8.586791415401
    ));
#5208 = CARTESIAN_POINT('',(207.66694167382,8.541352054795,
    8.457769667074));
#5209 = CARTESIAN_POINT('',(207.71999911032,10.364405599838,
    8.225597131612));
#5210 = CARTESIAN_POINT('',(207.74002091767,11.722535602632,
    7.984036704721));
#5211 = CARTESIAN_POINT('',(207.73835262638,12.979854344019,
    7.717012885836));
#5212 = CARTESIAN_POINT('',(207.73244927827,13.694141681379,
    7.555391439879));
#5213 = CARTESIAN_POINT('',(207.7124266716,14.492428307305,
    7.352503703794));
#5214 = CARTESIAN_POINT('',(207.69065644804,15.021986346634,
    7.20862735225));
#5215 = CARTESIAN_POINT('',(207.68188189383,15.198127299234,
    7.159528877936));
#5216 = CARTESIAN_POINT('',(207.67648798747,15.286062317617,
    7.134706817831));
#5217 = ORIENTED_EDGE('',*,*,#5006,.T.);
#5218 = B_SPLINE_SURFACE_WITH_KNOTS('',3,3,(
    (#5219,#5220,#5221,#5222,#5223,#5224,#5225,#5226,#5227,#5228,#5229
      ,#5230,#5231,#5232)
    ,(#5233,#5234,#5235,#5236,#5237,#5238,#5239,#5240,#5241,#5242,#5243
      ,#5244,#5245,#5246)
    ,(#5247,#5248,#5249,#5250,#5251,#5252,#5253,#5254,#5255,#5256,#5257
      ,#5258,#5259,#5260)
    ,(#5261,#5262,#5263,#5264,#5265,#5266,#5267,#5268,#5269,#5270,#5271
      ,#5272,#5273,#5274)
    ,(#5275,#5276,#5277,#5278,#5279,#5280,#5281,#5282,#5283,#5284,#5285
      ,#5286,#5287,#5288
    )),.UNSPECIFIED.,.F.,.F.,.F.,(4,1,4),(4,1,1,1,2,1,1,1,2,4),(0.,
    0.571428571429,1.),(0.,0.272956510769,0.545913021539,1.637739064616,
    2.729565107694,5.470546068112,6.841036548321,8.211527028531,
    9.58201750874,9.796998078667),.UNSPECIFIED.);
#5219 = CARTESIAN_POINT('',(207.45462137135,15.236561286831,
    7.007845655994));
#5220 = CARTESIAN_POINT('',(207.46044099625,15.151347867191,
    7.032994305005));
#5221 = CARTESIAN_POINT('',(207.46918873742,14.977039735226,
    7.081585305074));
#5222 = CARTESIAN_POINT('',(207.49034409891,14.45210303762,
    7.223137603719));
#5223 = CARTESIAN_POINT('',(207.50845828905,13.658277235962,
    7.421057050981));
#5224 = CARTESIAN_POINT('',(207.51271605162,12.947978389806,
    7.578276830693));
#5225 = CARTESIAN_POINT('',(207.51149625896,11.697160803102,
    7.837597080686));
#5226 = CARTESIAN_POINT('',(207.48880006478,10.345532346735,
    8.071673786338));
#5227 = CARTESIAN_POINT('',(207.43320164897,8.531516038507,
    8.296187129476));
#5228 = CARTESIAN_POINT('',(207.38121898222,7.166111040067,
    8.420919834567));
#5229 = CARTESIAN_POINT('',(207.34025461863,6.254361240157,
    8.474251423892));
#5230 = CARTESIAN_POINT('',(207.31641319938,5.725494915954,
    8.497624328971));
#5231 = CARTESIAN_POINT('',(207.31315616317,5.653892277485,
    8.500556197249));
#5232 = CARTESIAN_POINT('',(207.3102462251,5.581554939461,8.50380890376)
  );
#5233 = CARTESIAN_POINT('',(207.47845776627,15.250519496229,
    7.052083384531));
#5234 = CARTESIAN_POINT('',(207.48438362957,15.164953221676,
    7.077067311694));
#5235 = CARTESIAN_POINT('',(207.49316707042,14.990262044339,
    7.125690069266));
#5236 = CARTESIAN_POINT('',(207.51421841103,14.464507059652,
    7.26781375015));
#5237 = CARTESIAN_POINT('',(207.53194916293,13.669719652411,
    7.467061424742));
#5238 = CARTESIAN_POINT('',(207.53579270407,12.958583251537,
    7.625499036386));
#5239 = CARTESIAN_POINT('',(207.53378999257,11.706312190494,
    7.886968703305));
#5240 = CARTESIAN_POINT('',(207.51021012804,10.353090462966,
    8.123132522051));
#5241 = CARTESIAN_POINT('',(207.45357273403,8.536778060974,
    8.349794067577));
#5242 = CARTESIAN_POINT('',(207.40092581919,7.169571776612,
    8.475797988919));
#5243 = CARTESIAN_POINT('',(207.35960001616,6.256563505412,
    8.529766474716));
#5244 = CARTESIAN_POINT('',(207.33568575318,5.726991309806,
    8.553275863291));
#5245 = CARTESIAN_POINT('',(207.33243633868,5.655298534584,
    8.556198503736));
#5246 = CARTESIAN_POINT('',(207.32958431118,5.582902803166,
    8.559361600225));
#5247 = CARTESIAN_POINT('',(207.546293327,15.272703934512,7.115844881413
    ));
#5248 = CARTESIAN_POINT('',(207.5521179737,15.186064761714,7.14052704614
    ));
#5249 = CARTESIAN_POINT('',(207.56095642631,15.010819409988,
    7.189320936505));
#5250 = CARTESIAN_POINT('',(207.58209806005,14.483278374843,
    7.332436833411));
#5251 = CARTESIAN_POINT('',(207.60019011871,13.686885509342,
    7.534081074388));
#5252 = CARTESIAN_POINT('',(207.60428340543,12.974186405787,
    7.694687188346));
#5253 = CARTESIAN_POINT('',(207.60270006172,11.719369550366,
    7.960004286452));
#5254 = CARTESIAN_POINT('',(207.57944700092,10.363499883293,
    8.200004093305));
#5255 = CARTESIAN_POINT('',(207.52301179642,8.543256796816,
    8.430685652806));
#5256 = CARTESIAN_POINT('',(207.47041002547,7.173189434034,8.55895971395
    ));
#5257 = CARTESIAN_POINT('',(207.42914753823,6.257874770185,8.61429630581
    ));
#5258 = CARTESIAN_POINT('',(207.40518413274,5.727475562446,
    8.637844318929));
#5259 = CARTESIAN_POINT('',(207.40195589893,5.655561963489,
    8.640817873324));
#5260 = CARTESIAN_POINT('',(207.39909112921,5.583252443968,
    8.643742058111));
#5261 = CARTESIAN_POINT('',(207.63744169806,15.283830658533,
    7.135336764545));
#5262 = CARTESIAN_POINT('',(207.64295557153,15.196215312681,
    7.160063565387));
#5263 = CARTESIAN_POINT('',(207.65175827419,15.020351284256,
    7.209076595849));
#5264 = CARTESIAN_POINT('',(207.67333259498,14.491299880756,
    7.352794609016));
#5265 = CARTESIAN_POINT('',(207.69278236353,13.693526410716,
    7.555533970762));
#5266 = CARTESIAN_POINT('',(207.69814210852,12.979626961714,
    7.717061244473));
#5267 = CARTESIAN_POINT('',(207.69883616388,11.722916714534,
    7.983955613603));
#5268 = CARTESIAN_POINT('',(207.67785109821,10.365295511765,
    8.225447660941));
#5269 = CARTESIAN_POINT('',(207.62378454176,8.542779060612,
    8.457607895603));
#5270 = CARTESIAN_POINT('',(207.57258982128,7.171185085499,
    8.586651034766));
#5271 = CARTESIAN_POINT('',(207.53208444216,6.254677387456,
    8.642464196225));
#5272 = CARTESIAN_POINT('',(207.50824318727,5.724044036142,8.66594627258
    ));
#5273 = CARTESIAN_POINT('',(207.50501289861,5.652067890194,
    8.668943534759));
#5274 = CARTESIAN_POINT('',(207.50203250332,5.579990234743,8.67175698606
    ));
#5275 = CARTESIAN_POINT('',(207.67648798747,15.286062317617,
    7.134706817831));
#5276 = CARTESIAN_POINT('',(207.68188189383,15.198127299234,
    7.159528877936));
#5277 = CARTESIAN_POINT('',(207.69065644804,15.021986346634,
    7.20862735225));
#5278 = CARTESIAN_POINT('',(207.7124266716,14.492428307305,
    7.352503703794));
#5279 = CARTESIAN_POINT('',(207.73244927827,13.694141681379,
    7.555391439879));
#5280 = CARTESIAN_POINT('',(207.73835262638,12.979854344019,
    7.717012885836));
#5281 = CARTESIAN_POINT('',(207.74002091767,11.722535602632,
    7.984036704721));
#5282 = CARTESIAN_POINT('',(207.71999911032,10.364405599838,
    8.225597131612));
#5283 = CARTESIAN_POINT('',(207.66694167382,8.541352054795,
    8.457769667074));
#5284 = CARTESIAN_POINT('',(207.61635366499,7.16942143417,8.586791415401
    ));
#5285 = CARTESIAN_POINT('',(207.57616023745,6.252702349993,
    8.642573985861));
#5286 = CARTESIAN_POINT('',(207.55238350133,5.722062458008,
    8.666030360049));
#5287 = CARTESIAN_POINT('',(207.5491476866,5.65010339427,8.669023438163)
  );
#5288 = CARTESIAN_POINT('',(207.5461214461,5.578128092049,8.671829586643
    ));
#5289 = ADVANCED_FACE('',(#5290),#5322,.F.);
#5290 = FACE_BOUND('',#5291,.F.);
#5291 = EDGE_LOOP('',(#5292,#5303,#5312,#5321));
#5292 = ORIENTED_EDGE('',*,*,#5293,.F.);
#5293 = EDGE_CURVE('',#5294,#5078,#5296,.T.);
#5294 = VERTEX_POINT('',#5295);
#5295 = CARTESIAN_POINT('',(316.9397411761,17.020279842647,
    6.604371051373));
#5296 = B_SPLINE_CURVE_WITH_KNOTS('',3,(#5297,#5298,#5299,#5300,#5301,
    #5302),.UNSPECIFIED.,.F.,.F.,(4,1,1,4),(0.,0.750691999892,
    1.501383999784,2.627421999623),.UNSPECIFIED.);
#5297 = CARTESIAN_POINT('',(316.9397411761,17.020279842647,
    6.604371051373));
#5298 = CARTESIAN_POINT('',(317.18997184274,17.020279842647,
    6.604371051374));
#5299 = CARTESIAN_POINT('',(317.69058482605,16.887515445815,
    6.648470516265));
#5300 = CARTESIAN_POINT('',(318.31831333963,16.265237372958,
    6.84829550635));
#5301 = CARTESIAN_POINT('',(318.45826370192,15.648824033386,
    7.032307418254));
#5302 = CARTESIAN_POINT('',(318.4360120124,15.286062317486,
    7.134706818172));
#5303 = ORIENTED_EDGE('',*,*,#5304,.F.);
#5304 = EDGE_CURVE('',#5305,#5294,#5307,.T.);
#5305 = VERTEX_POINT('',#5306);
#5306 = CARTESIAN_POINT('',(316.9397411761,17.191058705008,
    6.388728235805));
#5307 = CIRCLE('',#5308,0.25);
#5308 = AXIS2_PLACEMENT_3D('',#5309,#5310,#5311);
#5309 = CARTESIAN_POINT('',(316.9397411761,16.942010030485,
    6.366939300117));
#5310 = DIRECTION('',(1.,0.,0.));
#5311 = DIRECTION('',(-0.,0.996194698091,8.715574275201E-02));
#5312 = ORIENTED_EDGE('',*,*,#5313,.F.);
#5313 = EDGE_CURVE('',#4818,#5305,#5314,.T.);
#5314 = B_SPLINE_CURVE_WITH_KNOTS('',3,(#5315,#5316,#5317,#5318,#5319,
    #5320),.UNSPECIFIED.,.F.,.F.,(4,1,1,4),(-2.627421999623,
    -1.501383999784,-0.750691999892,0.),.UNSPECIFIED.);
#5315 = CARTESIAN_POINT('',(318.65787862852,15.236561286714,
    7.007845656329));
#5316 = CARTESIAN_POINT('',(318.6704217773,15.64565917119,6.91714353689)
  );
#5317 = CARTESIAN_POINT('',(318.49923607861,16.324757243914,
    6.735453994761));
#5318 = CARTESIAN_POINT('',(317.79937682507,17.022914067406,
    6.507140311987));
#5319 = CARTESIAN_POINT('',(317.23064063501,17.188365545895,
    6.419511185288));
#5320 = CARTESIAN_POINT('',(316.9397411761,17.191058705008,
    6.388728235805));
#5321 = ORIENTED_EDGE('',*,*,#5095,.T.);
#5322 = B_SPLINE_SURFACE_WITH_KNOTS('',3,3,(
    (#5323,#5324,#5325,#5326,#5327,#5328)
    ,(#5329,#5330,#5331,#5332,#5333,#5334)
    ,(#5335,#5336,#5337,#5338,#5339,#5340)
    ,(#5341,#5342,#5343,#5344,#5345,#5346)
    ,(#5347,#5348,#5349,#5350,#5351,#5352
    )),.UNSPECIFIED.,.F.,.F.,.F.,(4,1,4),(4,1,1,4),(0.,0.571428571429,1.
    ),(0.,0.750691999892,1.501383999784,2.627421999623),.UNSPECIFIED.);
#5323 = CARTESIAN_POINT('',(316.9397411761,17.020279842647,
    6.604371051373));
#5324 = CARTESIAN_POINT('',(317.18997184274,17.020279842647,
    6.604371051374));
#5325 = CARTESIAN_POINT('',(317.69058482605,16.887515445815,
    6.648470516265));
#5326 = CARTESIAN_POINT('',(318.31831333963,16.265237372958,
    6.84829550635));
#5327 = CARTESIAN_POINT('',(318.45826370192,15.648824033386,
    7.032307418254));
#5328 = CARTESIAN_POINT('',(318.4360120124,15.286062317486,
    7.134706818172));
#5329 = CARTESIAN_POINT('',(316.9397411761,17.072971434543,
    6.587001171487));
#5330 = CARTESIAN_POINT('',(317.19980739662,17.067312340732,
    6.588757291292));
#5331 = CARTESIAN_POINT('',(317.71445282208,16.923131445503,
    6.63676927646));
#5332 = CARTESIAN_POINT('',(318.35761387275,16.284051076138,
    6.842460363614));
#5333 = CARTESIAN_POINT('',(318.50580962084,15.655603515268,
    7.030344721296));
#5334 = CARTESIAN_POINT('',(318.48807373162,15.283086772048,
    7.135546747123));
#5335 = CARTESIAN_POINT('',(316.9397411761,17.154349025586,
    6.524801194751));
#5336 = CARTESIAN_POINT('',(317.21692284823,17.141471463168,
    6.536850672342));
#5337 = CARTESIAN_POINT('',(317.75619647209,16.979642394399,
    6.598394672031));
#5338 = CARTESIAN_POINT('',(318.42632198647,16.311587546516,
    6.814628806174));
#5339 = CARTESIAN_POINT('',(318.58896252008,15.660783303501,
    7.004497358375));
#5340 = CARTESIAN_POINT('',(318.57893876377,15.269863256341,
    7.108564796665));
#5341 = CARTESIAN_POINT('',(316.9397411761,17.187432103783,
    6.430180477506));
#5342 = CARTESIAN_POINT('',(317.22774293812,17.179978186992,
    6.45613646048));
#5343 = CARTESIAN_POINT('',(317.78837274663,17.013511809455,
    6.536228092731));
#5344 = CARTESIAN_POINT('',(318.48035556409,16.323101116111,
    6.76131889965));
#5345 = CARTESIAN_POINT('',(318.65036249622,15.651858810736,
    6.94601497868));
#5346 = CARTESIAN_POINT('',(318.64000133233,15.247029943763,
    7.041023952733));
#5347 = CARTESIAN_POINT('',(316.9397411761,17.191058705008,
    6.388728235805));
#5348 = CARTESIAN_POINT('',(317.23064063501,17.188365545895,
    6.419511185288));
#5349 = CARTESIAN_POINT('',(317.79937682507,17.022914067406,
    6.507140311987));
#5350 = CARTESIAN_POINT('',(318.49923607861,16.324757243914,
    6.735453994761));
#5351 = CARTESIAN_POINT('',(318.6704217773,15.64565917119,6.91714353689)
  );
#5352 = CARTESIAN_POINT('',(318.65787862852,15.236561286714,
    7.007845656329));
#5353 = ADVANCED_FACE('',(#5354),#5388,.F.);
#5354 = FACE_BOUND('',#5355,.F.);
#5355 = EDGE_LOOP('',(#5356,#5368,#5377,#5387));
#5356 = ORIENTED_EDGE('',*,*,#5357,.F.);
#5357 = EDGE_CURVE('',#5358,#5174,#5360,.T.);
#5358 = VERTEX_POINT('',#5359);
#5359 = CARTESIAN_POINT('',(209.17275882359,17.191058705044,
    6.388728235384));
#5360 = B_SPLINE_CURVE_WITH_KNOTS('',3,(#5361,#5362,#5363,#5364,#5365,
    #5366,#5367),.UNSPECIFIED.,.F.,.F.,(4,1,1,1,4),(0.,0.375345999905,
    1.126037999716,1.876729999526,2.627421999337),.UNSPECIFIED.);
#5361 = CARTESIAN_POINT('',(209.17275882359,17.191058705044,
    6.388728235382));
#5362 = CARTESIAN_POINT('',(209.02730909414,17.189712125488,
    6.404119710124));
#5363 = CARTESIAN_POINT('',(208.59392984485,17.127250129633,
    6.459582823102));
#5364 = CARTESIAN_POINT('',(207.97403378345,16.75601101025,
    6.599418838653));
#5365 = CARTESIAN_POINT('',(207.53222656951,16.051079692508,
    6.810619154728));
#5366 = CARTESIAN_POINT('',(207.44625927217,15.509293209929,
    6.947377576322));
#5367 = CARTESIAN_POINT('',(207.45462137134,15.236561286976,
    7.007845655959));
#5368 = ORIENTED_EDGE('',*,*,#5369,.F.);
#5369 = EDGE_CURVE('',#5370,#5358,#5372,.T.);
#5370 = VERTEX_POINT('',#5371);
#5371 = CARTESIAN_POINT('',(209.17275882359,17.020279842698,
    6.604371050946));
#5372 = CIRCLE('',#5373,0.25);
#5373 = AXIS2_PLACEMENT_3D('',#5374,#5375,#5376);
#5374 = CARTESIAN_POINT('',(209.17275882359,16.942010030522,
    6.366939299696));
#5375 = DIRECTION('',(-1.,0.,0.));
#5376 = DIRECTION('',(0.,0.3130792487,0.949727005004));
#5377 = ORIENTED_EDGE('',*,*,#5378,.F.);
#5378 = EDGE_CURVE('',#5193,#5370,#5379,.T.);
#5379 = B_SPLINE_CURVE_WITH_KNOTS('',3,(#5380,#5381,#5382,#5383,#5384,
    #5385,#5386),.UNSPECIFIED.,.F.,.F.,(4,1,1,1,4),(-2.627421999337,
    -1.876729999526,-1.126037999716,-0.375345999905,0.),.UNSPECIFIED.);
#5380 = CARTESIAN_POINT('',(207.67648798746,15.286062317748,
    7.134706817795));
#5381 = CARTESIAN_POINT('',(207.66165352779,15.527903461647,
    7.066440551175));
#5382 = CARTESIAN_POINT('',(207.72591108953,16.015813093581,
    6.923819665629));
#5383 = CARTESIAN_POINT('',(208.11739817409,16.652728065324,
    6.724925166081));
#5384 = CARTESIAN_POINT('',(208.67127757073,16.973297670018,
    6.619845107583));
#5385 = CARTESIAN_POINT('',(209.04764349027,17.020279842698,
    6.604371050943));
#5386 = CARTESIAN_POINT('',(209.17275882359,17.020279842698,
    6.604371050944));
#5387 = ORIENTED_EDGE('',*,*,#5192,.T.);
#5388 = B_SPLINE_SURFACE_WITH_KNOTS('',3,3,(
    (#5389,#5390,#5391,#5392,#5393,#5394,#5395)
    ,(#5396,#5397,#5398,#5399,#5400,#5401,#5402)
    ,(#5403,#5404,#5405,#5406,#5407,#5408,#5409)
    ,(#5410,#5411,#5412,#5413,#5414,#5415,#5416)
    ,(#5417,#5418,#5419,#5420,#5421,#5422,#5423
  )),.UNSPECIFIED.,.F.,.F.,.F.,(4,1,4),(4,1,1,1,4),(0.,0.571428571429,1.
    ),(0.,0.375345999905,1.126037999716,1.876729999526,2.627421999337),
  .UNSPECIFIED.);
#5389 = CARTESIAN_POINT('',(209.17275882359,17.191058705044,
    6.388728235382));
#5390 = CARTESIAN_POINT('',(209.02730909414,17.189712125488,
    6.404119710124));
#5391 = CARTESIAN_POINT('',(208.59392984485,17.127250129633,
    6.459582823102));
#5392 = CARTESIAN_POINT('',(207.97403378345,16.75601101025,
    6.599418838653));
#5393 = CARTESIAN_POINT('',(207.53222656951,16.051079692508,
    6.810619154728));
#5394 = CARTESIAN_POINT('',(207.44625927217,15.509293209929,
    6.947377576322));
#5395 = CARTESIAN_POINT('',(207.45462137134,15.236561286976,
    7.007845655959));
#5396 = CARTESIAN_POINT('',(209.17275882359,17.186223236742,
    6.44399789098));
#5397 = CARTESIAN_POINT('',(209.02922967184,17.181661531438,
    6.456150033597));
#5398 = CARTESIAN_POINT('',(208.60336614002,17.113992187879,
    6.502632728487));
#5399 = CARTESIAN_POINT('',(207.99420529056,16.747302507843,
    6.63514759056));
#5400 = CARTESIAN_POINT('',(207.55829412545,16.052933501625,
    6.846410205179));
#5401 = CARTESIAN_POINT('',(207.47206409721,15.519461598793,
    6.987751134764));
#5402 = CARTESIAN_POINT('',(207.47845776627,15.250519496374,
    7.052083384496));
#5403 = CARTESIAN_POINT('',(209.17275882359,17.144322523462,
    6.537461678921));
#5404 = CARTESIAN_POINT('',(209.03536440427,17.138174566986,
    6.542313645504));
#5405 = CARTESIAN_POINT('',(208.62749115508,17.071278170268,
    6.570686472265));
#5406 = CARTESIAN_POINT('',(208.03980939483,16.719197418657,
    6.689605382544));
#5407 = CARTESIAN_POINT('',(207.61949283715,16.046972372766,
    6.89871013332));
#5408 = CARTESIAN_POINT('',(207.5389440032,15.531475788579,
    7.045849773088));
#5409 = CARTESIAN_POINT('',(207.546293327,15.27270393465,7.115844881376)
  );
#5410 = CARTESIAN_POINT('',(209.17275882359,17.059798536619,
    6.591343641028));
#5411 = CARTESIAN_POINT('',(209.04396266641,17.057705630592,
    6.592020972892));
#5412 = CARTESIAN_POINT('',(208.65814525102,17.004197522627,
    6.609683183621));
#5413 = CARTESIAN_POINT('',(208.09412225391,16.673903025177,
    6.718185000433));
#5414 = CARTESIAN_POINT('',(207.69398771986,16.026483532602,
    6.920641338365));
#5415 = CARTESIAN_POINT('',(207.62484573265,15.530547193703,
    7.065697510265));
#5416 = CARTESIAN_POINT('',(207.63744169805,15.283830658671,
    7.135336764509));
#5417 = CARTESIAN_POINT('',(209.17275882359,17.020279842698,
    6.604371050944));
#5418 = CARTESIAN_POINT('',(209.04764349027,17.020279842698,
    6.604371050943));
#5419 = CARTESIAN_POINT('',(208.67127757073,16.973297670018,
    6.619845107583));
#5420 = CARTESIAN_POINT('',(208.11739817409,16.652728065324,
    6.724925166081));
#5421 = CARTESIAN_POINT('',(207.72591108953,16.015813093581,
    6.923819665629));
#5422 = CARTESIAN_POINT('',(207.66165352779,15.527903461647,
    7.066440551175));
#5423 = CARTESIAN_POINT('',(207.67648798746,15.286062317748,
    7.134706817795));
#5424 = ADVANCED_FACE('',(#5425),#5443,.F.);
#5425 = FACE_BOUND('',#5426,.F.);
#5426 = EDGE_LOOP('',(#5427,#5434,#5435,#5442));
#5427 = ORIENTED_EDGE('',*,*,#5428,.F.);
#5428 = EDGE_CURVE('',#5370,#5294,#5429,.T.);
#5429 = B_SPLINE_CURVE_WITH_KNOTS('',3,(#5430,#5431,#5432,#5433),
  .UNSPECIFIED.,.F.,.F.,(4,4),(0.,107.7669823525),
  .PIECEWISE_BEZIER_KNOTS.);
#5430 = CARTESIAN_POINT('',(209.17275882358,17.020279842698,
    6.604371050945));
#5431 = CARTESIAN_POINT('',(245.09508627439,17.020279842684,
    6.604371051088));
#5432 = CARTESIAN_POINT('',(281.01741372525,17.020279842654,
    6.604371051231));
#5433 = CARTESIAN_POINT('',(316.93974117609,17.02027984264,
    6.604371051374));
#5434 = ORIENTED_EDGE('',*,*,#5369,.T.);
#5435 = ORIENTED_EDGE('',*,*,#5436,.F.);
#5436 = EDGE_CURVE('',#5305,#5358,#5437,.T.);
#5437 = B_SPLINE_CURVE_WITH_KNOTS('',3,(#5438,#5439,#5440,#5441),
  .UNSPECIFIED.,.F.,.F.,(4,4),(-107.7669823525,0.),
  .PIECEWISE_BEZIER_KNOTS.);
#5438 = CARTESIAN_POINT('',(316.93974117609,17.191058705008,
    6.388728235806));
#5439 = CARTESIAN_POINT('',(281.01741372525,17.191058705022,
    6.388728235665));
#5440 = CARTESIAN_POINT('',(245.09508627439,17.19105870503,
    6.388728235523));
#5441 = CARTESIAN_POINT('',(209.17275882358,17.191058705044,
    6.388728235382));
#5442 = ORIENTED_EDGE('',*,*,#5304,.T.);
#5443 = B_SPLINE_SURFACE_WITH_KNOTS('',3,3,(
    (#5444,#5445,#5446,#5447)
    ,(#5448,#5449,#5450,#5451)
    ,(#5452,#5453,#5454,#5455)
    ,(#5456,#5457,#5458,#5459)
    ,(#5460,#5461,#5462,#5463
  )),.UNSPECIFIED.,.F.,.F.,.F.,(4,1,4),(4,4),(0.,0.571428571429,1.),(0.,
    107.7669823525),.UNSPECIFIED.);
#5444 = CARTESIAN_POINT('',(209.17275882358,17.020279842698,
    6.604371050945));
#5445 = CARTESIAN_POINT('',(245.09508627439,17.020279842684,
    6.604371051088));
#5446 = CARTESIAN_POINT('',(281.01741372525,17.020279842654,
    6.604371051231));
#5447 = CARTESIAN_POINT('',(316.93974117609,17.02027984264,
    6.604371051374));
#5448 = CARTESIAN_POINT('',(209.17275882358,17.072971434594,
    6.587001171057));
#5449 = CARTESIAN_POINT('',(245.09508627439,17.07297143458,
    6.587001171201));
#5450 = CARTESIAN_POINT('',(281.01741372525,17.072971434551,
    6.587001171346));
#5451 = CARTESIAN_POINT('',(316.93974117609,17.072971434536,
    6.587001171489));
#5452 = CARTESIAN_POINT('',(209.17275882358,17.15434902563,
    6.524801194319));
#5453 = CARTESIAN_POINT('',(245.09508627439,17.154349025615,
    6.524801194462));
#5454 = CARTESIAN_POINT('',(281.01741372525,17.154349025601,
    6.524801194608));
#5455 = CARTESIAN_POINT('',(316.93974117609,17.154349025586,
    6.524801194751));
#5456 = CARTESIAN_POINT('',(209.17275882358,17.187432103819,
    6.430180477081));
#5457 = CARTESIAN_POINT('',(245.09508627439,17.187432103805,
    6.430180477223));
#5458 = CARTESIAN_POINT('',(281.01741372525,17.187432103798,
    6.430180477366));
#5459 = CARTESIAN_POINT('',(316.93974117609,17.187432103783,
    6.430180477507));
#5460 = CARTESIAN_POINT('',(209.17275882358,17.191058705044,
    6.388728235382));
#5461 = CARTESIAN_POINT('',(245.09508627439,17.19105870503,
    6.388728235523));
#5462 = CARTESIAN_POINT('',(281.01741372525,17.191058705022,
    6.388728235665));
#5463 = CARTESIAN_POINT('',(316.93974117609,17.191058705008,
    6.388728235806));
#5464 = ADVANCED_FACE('',(#5465),#5484,.F.);
#5465 = FACE_BOUND('',#5466,.F.);
#5466 = EDGE_LOOP('',(#5467,#5475,#5482,#5483));
#5467 = ORIENTED_EDGE('',*,*,#5468,.T.);
#5468 = EDGE_CURVE('',#5305,#5469,#5471,.T.);
#5469 = VERTEX_POINT('',#5470);
#5470 = CARTESIAN_POINT('',(321.81250000001,17.750000000007,
    3.308464613383E-12));
#5471 = LINE('',#5472,#5473);
#5472 = CARTESIAN_POINT('',(317.31250000001,17.233816885186,
    5.900000000007));
#5473 = VECTOR('',#5474,1.);
#5474 = DIRECTION('',(0.604987123112,6.939647502999E-02,-0.793205339192)
  );
#5475 = ORIENTED_EDGE('',*,*,#5476,.F.);
#5476 = EDGE_CURVE('',#4836,#5469,#5477,.T.);
#5477 = CIRCLE('',#5478,0.25);
#5478 = AXIS2_PLACEMENT_3D('',#5479,#5480,#5481);
#5479 = CARTESIAN_POINT('',(321.81250000001,17.500000000007,
    3.308464613383E-12));
#5480 = DIRECTION('',(1.54074395551E-33,0.,1.));
#5481 = DIRECTION('',(7.105427357601E-15,1.,-1.094764425254E-47));
#5482 = ORIENTED_EDGE('',*,*,#4835,.F.);
#5483 = ORIENTED_EDGE('',*,*,#5313,.T.);
#5484 = B_SPLINE_SURFACE_WITH_KNOTS('',3,3,(
    (#5485,#5486,#5487,#5488)
    ,(#5489,#5490,#5491,#5492)
    ,(#5493,#5494,#5495,#5496)
    ,(#5497,#5498,#5499,#5500)
    ,(#5501,#5502,#5503,#5504)
    ,(#5505,#5506,#5507,#5508)
    ,(#5509,#5510,#5511,#5512
    )),.UNSPECIFIED.,.F.,.F.,.F.,(4,1,1,1,4),(4,4),(0.,0.285714285714,
    0.571428571429,0.857142857143,1.),(-0.134873790498,1.),
  .UNSPECIFIED.);
#5485 = CARTESIAN_POINT('',(318.65787862852,15.236561286714,
    7.00784565633));
#5486 = CARTESIAN_POINT('',(319.79275241902,15.991040857814,
    4.671897104221));
#5487 = CARTESIAN_POINT('',(320.92762620951,16.745520428907,
    2.335948552112));
#5488 = CARTESIAN_POINT('',(322.06250000001,17.500000000007,
    3.308464613383E-12));
#5489 = CARTESIAN_POINT('',(318.65787862852,15.524934961737,
    6.961157057767));
#5490 = CARTESIAN_POINT('',(319.79267287829,16.195773831401,
    4.640768168525));
#5491 = CARTESIAN_POINT('',(320.92770575025,16.866561042887,
    2.320388889246));
#5492 = CARTESIAN_POINT('',(322.06250000001,17.537399912551,
    3.308464613383E-12));
#5493 = CARTESIAN_POINT('',(318.52446258691,16.101464463573,
    6.86781513095));
#5494 = CARTESIAN_POINT('',(319.69807382624,16.605012915825,
    4.578547244417));
#5495 = CARTESIAN_POINT('',(320.87180438439,17.108623032102,
    2.289267886537));
#5496 = CARTESIAN_POINT('',(322.04541562372,17.612171484354,
    3.309352791803E-12));
#5497 = CARTESIAN_POINT('',(317.96437331894,16.795283449828,
    6.755483670312));
#5498 = CARTESIAN_POINT('',(319.30078342923,17.097603187271,
    4.503650321127));
#5499 = CARTESIAN_POINT('',(320.63728418444,17.399834889111,
    2.251833349189));
#5500 = CARTESIAN_POINT('',(321.97369429473,17.702154626553,
    3.307576434963E-12));
#5501 = CARTESIAN_POINT('',(317.28976959359,17.115895751587,
    6.703575537403));
#5502 = CARTESIAN_POINT('',(318.8222753755,17.325144968796,4.46905607838
    ));
#5503 = CARTESIAN_POINT('',(320.35480321945,17.534486431068,
    2.234519459026));
#5504 = CARTESIAN_POINT('',(321.88730900135,17.743735648277,
    3.308908702593E-12));
#5505 = CARTESIAN_POINT('',(316.85160044058,17.164197311904,
    6.695755363944));
#5506 = CARTESIAN_POINT('',(318.51147338587,17.359518009835,
    4.46382702456));
#5507 = CARTESIAN_POINT('',(320.171327011,17.554679302077,2.231928339387
    ));
#5508 = CARTESIAN_POINT('',(321.83119995629,17.750000000007,
    3.308464613383E-12));
#5509 = CARTESIAN_POINT('',(316.70556794277,17.164197311904,
    6.695755363944));
#5510 = CARTESIAN_POINT('',(318.40787862852,17.359464874608,
    4.463836909297));
#5511 = CARTESIAN_POINT('',(320.11018931427,17.554732437304,
    2.23191845465));
#5512 = CARTESIAN_POINT('',(321.81250000001,17.750000000007,
    3.308464613383E-12));
#5513 = ADVANCED_FACE('',(#5514),#5533,.F.);
#5514 = FACE_BOUND('',#5515,.F.);
#5515 = EDGE_LOOP('',(#5516,#5517,#5518,#5527));
#5516 = ORIENTED_EDGE('',*,*,#4946,.T.);
#5517 = ORIENTED_EDGE('',*,*,#4851,.T.);
#5518 = ORIENTED_EDGE('',*,*,#5519,.F.);
#5519 = EDGE_CURVE('',#5520,#4844,#5522,.T.);
#5520 = VERTEX_POINT('',#5521);
#5521 = CARTESIAN_POINT('',(321.81250000001,-0.249999999993,
    3.304911899704E-12));
#5522 = CIRCLE('',#5523,0.25);
#5523 = AXIS2_PLACEMENT_3D('',#5524,#5525,#5526);
#5524 = CARTESIAN_POINT('',(321.81250000001,7.275957614183E-12,
    3.304911899704E-12));
#5525 = DIRECTION('',(1.54074395551E-33,0.,1.));
#5526 = DIRECTION('',(1.,-7.105427357601E-15,-1.54074395551E-33));
#5527 = ORIENTED_EDGE('',*,*,#5528,.F.);
#5528 = EDGE_CURVE('',#4889,#5520,#5529,.T.);
#5529 = LINE('',#5530,#5531);
#5530 = CARTESIAN_POINT('',(317.31250000001,3.407754539032,
    8.100000000003));
#5531 = VECTOR('',#5532,1.);
#5532 = DIRECTION('',(0.451721702092,-0.36717491249,-0.813099063766));
#5533 = B_SPLINE_SURFACE_WITH_KNOTS('',3,3,(
    (#5534,#5535,#5536,#5537)
    ,(#5538,#5539,#5540,#5541)
    ,(#5542,#5543,#5544,#5545)
    ,(#5546,#5547,#5548,#5549)
    ,(#5550,#5551,#5552,#5553)
    ,(#5554,#5555,#5556,#5557)
    ,(#5558,#5559,#5560,#5561
    )),.UNSPECIFIED.,.F.,.F.,.F.,(4,1,1,1,4),(4,4),(0.,0.285714285714,
    0.571428571429,0.857142857143,1.),(-8.674874165734E-02,1.),
  .UNSPECIFIED.);
#5534 = CARTESIAN_POINT('',(316.92213066255,3.725060142584,
    8.802664807428));
#5535 = CARTESIAN_POINT('',(318.55225377504,2.400040095061,
    5.868443204953));
#5536 = CARTESIAN_POINT('',(320.18237688753,1.07502004753,2.934221602478
    ));
#5537 = CARTESIAN_POINT('',(321.81250000001,-0.249999999993,
    3.304911899704E-12));
#5538 = CARTESIAN_POINT('',(317.20339642246,3.725060142584,
    8.802664807428));
#5539 = CARTESIAN_POINT('',(318.75224765088,2.40011515878,5.868429240864
    ));
#5540 = CARTESIAN_POINT('',(320.30104868414,1.074944983811,
    2.934235566567));
#5541 = CARTESIAN_POINT('',(321.84989991256,-0.249999999993,
    3.304911899704E-12));
#5542 = CARTESIAN_POINT('',(317.76571546369,3.851928366203,8.78224174041
    ));
#5543 = CARTESIAN_POINT('',(319.15201416472,2.490351237466,
    5.854820844401));
#5544 = CARTESIAN_POINT('',(320.53837278333,1.12866150515,2.927420896012
    ));
#5545 = CARTESIAN_POINT('',(321.92467148436,-0.232915623586,
    3.305355988914E-12));
#5546 = CARTESIAN_POINT('',(318.44243300525,4.384529462222,
    8.696504370025));
#5547 = CARTESIAN_POINT('',(319.63320205981,2.869316724376,
    5.797664275482));
#5548 = CARTESIAN_POINT('',(320.823885572,1.354018443213,2.898840094546)
  );
#5549 = CARTESIAN_POINT('',(322.01465462657,-0.161194294633,
    3.304911899704E-12));
#5550 = CARTESIAN_POINT('',(318.75514276517,5.026024852661,
    8.593237350297));
#5551 = CARTESIAN_POINT('',(319.85547718204,3.32575384152,5.728823609119
    ));
#5552 = CARTESIAN_POINT('',(320.95590123141,1.625462009855,
    2.864413741182));
#5553 = CARTESIAN_POINT('',(322.05623564828,-7.480900128576E-02,
    3.304911899704E-12));
#5554 = CARTESIAN_POINT('',(318.80225377504,5.442689453193,
    8.526163272814));
#5555 = CARTESIAN_POINT('',(319.88905414707,3.622220239144,
    5.684109979152));
#5556 = CARTESIAN_POINT('',(320.97569962799,1.801769257785,
    2.842053293665));
#5557 = CARTESIAN_POINT('',(322.06250000001,-1.869995626475E-02,
    3.304911899704E-12));
#5558 = CARTESIAN_POINT('',(318.80225377504,5.581554939257,
    8.503808903472));
#5559 = CARTESIAN_POINT('',(319.8890025167,3.721036626172,5.669205935649
    ));
#5560 = CARTESIAN_POINT('',(320.97575125836,1.860518313093,
    2.834602967826));
#5561 = CARTESIAN_POINT('',(322.06250000001,7.275957614183E-12,
    3.304911899704E-12));
#5562 = ADVANCED_FACE('',(#5563),#5581,.F.);
#5563 = FACE_BOUND('',#5564,.T.);
#5564 = EDGE_LOOP('',(#5565,#5573,#5574,#5575));
#5565 = ORIENTED_EDGE('',*,*,#5566,.F.);
#5566 = EDGE_CURVE('',#5520,#5567,#5569,.T.);
#5567 = VERTEX_POINT('',#5568);
#5568 = CARTESIAN_POINT('',(204.30000000002,-0.249999999993,
    3.304911899704E-12));
#5569 = LINE('',#5570,#5571);
#5570 = CARTESIAN_POINT('',(304.31250000001,-0.249999999993,
    3.304911899704E-12));
#5571 = VECTOR('',#5572,1.);
#5572 = DIRECTION('',(-1.,-3.08148791102E-33,1.015061051086E-16));
#5573 = ORIENTED_EDGE('',*,*,#5528,.F.);
#5574 = ORIENTED_EDGE('',*,*,#4897,.F.);
#5575 = ORIENTED_EDGE('',*,*,#5576,.T.);
#5576 = EDGE_CURVE('',#4898,#5567,#5577,.T.);
#5577 = LINE('',#5578,#5579);
#5578 = CARTESIAN_POINT('',(208.80000000002,3.407754539032,
    8.100000000003));
#5579 = VECTOR('',#5580,1.);
#5580 = DIRECTION('',(-0.451721702092,-0.36717491249,-0.813099063766));
#5581 = PLANE('',#5582);
#5582 = AXIS2_PLACEMENT_3D('',#5583,#5584,#5585);
#5583 = CARTESIAN_POINT('',(308.81250000001,3.407754539032,
    8.100000000003));
#5584 = DIRECTION('',(4.496398124896E-17,0.911383682044,-0.41155775306)
  );
#5585 = DIRECTION('',(-6.162975822039E-33,-0.41155775306,-0.911383682044
    ));
#5586 = ADVANCED_FACE('',(#5587),#5597,.T.);
#5587 = FACE_BOUND('',#5588,.T.);
#5588 = EDGE_LOOP('',(#5589,#5590,#5591,#5592,#5593,#5594,#5595,#5596));
#5589 = ORIENTED_EDGE('',*,*,#4877,.F.);
#5590 = ORIENTED_EDGE('',*,*,#4957,.F.);
#5591 = ORIENTED_EDGE('',*,*,#5077,.F.);
#5592 = ORIENTED_EDGE('',*,*,#5293,.F.);
#5593 = ORIENTED_EDGE('',*,*,#5428,.F.);
#5594 = ORIENTED_EDGE('',*,*,#5378,.F.);
#5595 = ORIENTED_EDGE('',*,*,#5201,.F.);
#5596 = ORIENTED_EDGE('',*,*,#5017,.F.);
#5597 = B_SPLINE_SURFACE_WITH_KNOTS('',3,3,(
    (#5598,#5599,#5600,#5601,#5602,#5603,#5604)
    ,(#5605,#5606,#5607,#5608,#5609,#5610,#5611)
    ,(#5612,#5613,#5614,#5615,#5616,#5617,#5618)
    ,(#5619,#5620,#5621,#5622,#5623,#5624,#5625)
    ,(#5626,#5627,#5628,#5629,#5630,#5631,#5632)
    ,(#5633,#5634,#5635,#5636,#5637,#5638,#5639)
    ,(#5640,#5641,#5642,#5643,#5644,#5645,#5646
  )),.UNSPECIFIED.,.F.,.F.,.F.,(4,3,4),(4,1,1,1,4),(-1.337422357899E-12,
    4.862236628849,7.811779774561),(-0.574482017917,-0.492413158214,
    -0.328275438809,-0.164137719405,4.391948717189E-14),.UNSPECIFIED.);
#5598 = CARTESIAN_POINT('',(384.3557913932,22.299262654735,
    4.453880405606));
#5599 = CARTESIAN_POINT('',(384.35579139323,21.287892560147,
    4.948939790514));
#5600 = CARTESIAN_POINT('',(384.35579139329,18.17608390902,
    6.320241256371));
#5601 = CARTESIAN_POINT('',(384.35579139342,12.665361332489,
    7.979280330897));
#5602 = CARTESIAN_POINT('',(384.35579139358,5.790465584527,
    8.852921357464));
#5603 = CARTESIAN_POINT('',(384.35579139368,1.221395734734,
    8.675062525648));
#5604 = CARTESIAN_POINT('',(384.35579139372,-1.014672403646,
    8.407084295602));
#5605 = CARTESIAN_POINT('',(317.68912472653,22.299262653251,
    4.453880405842));
#5606 = CARTESIAN_POINT('',(317.68912472656,21.287892558663,
    4.948939790751));
#5607 = CARTESIAN_POINT('',(317.68912472663,18.176083907536,
    6.320241256607));
#5608 = CARTESIAN_POINT('',(317.68912472675,12.665361331012,
    7.979280331134));
#5609 = CARTESIAN_POINT('',(317.68912472691,5.79046558305,8.852921357701
    ));
#5610 = CARTESIAN_POINT('',(317.68912472701,1.22139573325,8.675062525884
    ));
#5611 = CARTESIAN_POINT('',(317.68912472707,-1.01467240513,
    8.407084295838));
#5612 = CARTESIAN_POINT('',(251.02245805986,22.299262651759,
    4.453880406078));
#5613 = CARTESIAN_POINT('',(251.02245805989,21.287892557171,
    4.948939790987));
#5614 = CARTESIAN_POINT('',(251.02245805996,18.176083906059,
    6.320241256843));
#5615 = CARTESIAN_POINT('',(251.02245806009,12.665361329513,
    7.97928033137));
#5616 = CARTESIAN_POINT('',(251.02245806024,5.790465581558,
    8.852921357937));
#5617 = CARTESIAN_POINT('',(251.02245806035,1.221395731758,
    8.675062526121));
#5618 = CARTESIAN_POINT('',(251.0224580604,-1.014672406622,
    8.407084296075));
#5619 = CARTESIAN_POINT('',(184.3557913932,22.299262650275,
    4.453880406315));
#5620 = CARTESIAN_POINT('',(184.35579139323,21.287892555687,
    4.948939791224));
#5621 = CARTESIAN_POINT('',(184.35579139329,18.176083904567,
    6.32024125708));
#5622 = CARTESIAN_POINT('',(184.35579139342,12.665361328036,
    7.979280331607));
#5623 = CARTESIAN_POINT('',(184.35579139358,5.790465580074,
    8.852921358174));
#5624 = CARTESIAN_POINT('',(184.35579139368,1.221395730274,
    8.675062526357));
#5625 = CARTESIAN_POINT('',(184.35579139372,-1.014672408106,
    8.407084296311));
#5626 = CARTESIAN_POINT('',(143.91427759534,22.299262649372,
    4.453880406458));
#5627 = CARTESIAN_POINT('',(143.91427759537,21.287892554785,
    4.948939791367));
#5628 = CARTESIAN_POINT('',(143.91427759541,18.176083903665,
    6.320241257223));
#5629 = CARTESIAN_POINT('',(143.91427759554,12.665361327141,
    7.97928033175));
#5630 = CARTESIAN_POINT('',(143.91427759571,5.790465579172,
    8.852921358317));
#5631 = CARTESIAN_POINT('',(143.9142775958,1.221395729372,8.6750625265)
  );
#5632 = CARTESIAN_POINT('',(143.91427759585,-1.014672409008,
    8.407084296455));
#5633 = CARTESIAN_POINT('',(103.47276379747,22.29926264847,
    4.453880406602));
#5634 = CARTESIAN_POINT('',(103.4727637975,21.287892553883,
    4.948939791511));
#5635 = CARTESIAN_POINT('',(103.47276379754,18.176083902756,
    6.320241257367));
#5636 = CARTESIAN_POINT('',(103.47276379767,12.665361326246,
    7.979280331894));
#5637 = CARTESIAN_POINT('',(103.47276379785,5.79046557827,8.852921358461
    ));
#5638 = CARTESIAN_POINT('',(103.47276379794,1.221395728469,
    8.675062526644));
#5639 = CARTESIAN_POINT('',(103.47276379798,-1.01467240991,
    8.407084296598));
#5640 = CARTESIAN_POINT('',(63.031249999611,22.299262647575,
    4.453880406745));
#5641 = CARTESIAN_POINT('',(63.03124999964,21.287892552988,
    4.948939791654));
#5642 = CARTESIAN_POINT('',(63.031249999669,18.176083901853,
    6.32024125751));
#5643 = CARTESIAN_POINT('',(63.0312499998,12.665361325351,7.979280332037
    ));
#5644 = CARTESIAN_POINT('',(63.031249999989,5.790465577375,
    8.852921358604));
#5645 = CARTESIAN_POINT('',(63.031250000062,1.221395727574,
    8.675062526787));
#5646 = CARTESIAN_POINT('',(63.031250000106,-1.014672410805,
    8.407084296742));
#5647 = ADVANCED_FACE('',(#5648,#5686),#5692,.T.);
#5648 = FACE_BOUND('',#5649,.T.);
#5649 = EDGE_LOOP('',(#5650,#5651,#5652,#5653,#5662,#5670,#5679,#5685));
#5650 = ORIENTED_EDGE('',*,*,#4843,.F.);
#5651 = ORIENTED_EDGE('',*,*,#5519,.F.);
#5652 = ORIENTED_EDGE('',*,*,#5566,.T.);
#5653 = ORIENTED_EDGE('',*,*,#5654,.T.);
#5654 = EDGE_CURVE('',#5567,#5655,#5657,.T.);
#5655 = VERTEX_POINT('',#5656);
#5656 = CARTESIAN_POINT('',(204.05000000002,7.275957614183E-12,
    3.304911899704E-12));
#5657 = CIRCLE('',#5658,0.25);
#5658 = AXIS2_PLACEMENT_3D('',#5659,#5660,#5661);
#5659 = CARTESIAN_POINT('',(204.30000000002,7.275957614183E-12,
    3.304911899704E-12));
#5660 = DIRECTION('',(1.54074395551E-33,0.,-1.));
#5661 = DIRECTION('',(-1.,-7.105427357601E-15,-1.54074395551E-33));
#5662 = ORIENTED_EDGE('',*,*,#5663,.T.);
#5663 = EDGE_CURVE('',#5655,#5664,#5666,.T.);
#5664 = VERTEX_POINT('',#5665);
#5665 = CARTESIAN_POINT('',(204.05000000002,17.500000000007,
    3.308464613383E-12));
#5666 = LINE('',#5667,#5668);
#5667 = CARTESIAN_POINT('',(204.05000000002,17.500000000007,
    3.308464613383E-12));
#5668 = VECTOR('',#5669,1.);
#5669 = DIRECTION('',(2.311115933265E-33,1.,0.));
#5670 = ORIENTED_EDGE('',*,*,#5671,.T.);
#5671 = EDGE_CURVE('',#5664,#5672,#5674,.T.);
#5672 = VERTEX_POINT('',#5673);
#5673 = CARTESIAN_POINT('',(204.30000000002,17.750000000007,
    3.308464613383E-12));
#5674 = CIRCLE('',#5675,0.25);
#5675 = AXIS2_PLACEMENT_3D('',#5676,#5677,#5678);
#5676 = CARTESIAN_POINT('',(204.30000000002,17.500000000007,
    3.308464613383E-12));
#5677 = DIRECTION('',(1.54074395551E-33,0.,-1.));
#5678 = DIRECTION('',(-7.105427357601E-15,1.,-1.094764425254E-47));
#5679 = ORIENTED_EDGE('',*,*,#5680,.T.);
#5680 = EDGE_CURVE('',#5672,#5469,#5681,.T.);
#5681 = LINE('',#5682,#5683);
#5682 = CARTESIAN_POINT('',(221.80000000002,17.750000000007,
    3.304911899704E-12));
#5683 = VECTOR('',#5684,1.);
#5684 = DIRECTION('',(1.,3.08148791102E-33,-1.015061051086E-16));
#5685 = ORIENTED_EDGE('',*,*,#5476,.F.);
#5686 = FACE_BOUND('',#5687,.T.);
#5687 = EDGE_LOOP('',(#5688,#5689,#5690,#5691));
#5688 = ORIENTED_EDGE('',*,*,#4567,.F.);
#5689 = ORIENTED_EDGE('',*,*,#4510,.F.);
#5690 = ORIENTED_EDGE('',*,*,#52,.F.);
#5691 = ORIENTED_EDGE('',*,*,#4670,.F.);
#5692 = PLANE('',#5693);
#5693 = AXIS2_PLACEMENT_3D('',#5694,#5695,#5696);
#5694 = CARTESIAN_POINT('',(313.06250000001,8.750000000007,
    3.304911899704E-12));
#5695 = DIRECTION('',(1.007310030931E-16,2.465190328816E-32,-1.));
#5696 = DIRECTION('',(-1.,0.,-1.007310030931E-16));
#5697 = ADVANCED_FACE('',(#5698),#5709,.T.);
#5698 = FACE_BOUND('',#5699,.T.);
#5699 = EDGE_LOOP('',(#5700,#5701,#5702,#5708));
#5700 = ORIENTED_EDGE('',*,*,#5576,.F.);
#5701 = ORIENTED_EDGE('',*,*,#5028,.F.);
#5702 = ORIENTED_EDGE('',*,*,#5703,.T.);
#5703 = EDGE_CURVE('',#5009,#5655,#5704,.T.);
#5704 = LINE('',#5705,#5706);
#5705 = CARTESIAN_POINT('',(207.05000000002,5.136012332303,
    7.825000000004));
#5706 = VECTOR('',#5707,1.);
#5707 = DIRECTION('',(-0.305219238612,-0.522536591189,-0.796113514048));
#5708 = ORIENTED_EDGE('',*,*,#5654,.F.);
#5709 = B_SPLINE_SURFACE_WITH_KNOTS('',3,3,(
    (#5710,#5711,#5712,#5713)
    ,(#5714,#5715,#5716,#5717)
    ,(#5718,#5719,#5720,#5721)
    ,(#5722,#5723,#5724,#5725)
    ,(#5726,#5727,#5728,#5729)
    ,(#5730,#5731,#5732,#5733)
    ,(#5734,#5735,#5736,#5737
    )),.UNSPECIFIED.,.F.,.F.,.F.,(4,1,1,1,4),(4,4),(-4.547993312542E-13,
    0.285714285714,0.571428571429,0.857142857143,1.000000000001),(
    -8.674874169404E-02,1.),.UNSPECIFIED.);
#5710 = CARTESIAN_POINT('',(209.19036933764,3.725060142715,
    8.802664807725));
#5711 = CARTESIAN_POINT('',(207.5602462251,2.400040095148,5.868443205151
    ));
#5712 = CARTESIAN_POINT('',(205.93012311256,1.075020047574,
    2.934221602577));
#5713 = CARTESIAN_POINT('',(204.30000000002,-0.249999999993,
    3.304911899704E-12));
#5714 = CARTESIAN_POINT('',(208.90910357772,3.725060142715,
    8.802664807725));
#5715 = CARTESIAN_POINT('',(207.36025234925,2.400115158867,
    5.868429241062));
#5716 = CARTESIAN_POINT('',(205.81145131594,1.074944983855,
    2.934235566666));
#5717 = CARTESIAN_POINT('',(204.26260008747,-0.249999999993,
    3.304911899704E-12));
#5718 = CARTESIAN_POINT('',(208.34678453647,3.85192836637,8.782241740699
    ));
#5719 = CARTESIAN_POINT('',(206.9604858354,2.490351237582,5.854820844591
    ));
#5720 = CARTESIAN_POINT('',(205.57412721674,1.128661505194,
    2.927420896111));
#5721 = CARTESIAN_POINT('',(204.18782851566,-0.232915623594,
    3.304467810494E-12));
#5722 = CARTESIAN_POINT('',(207.67006699489,4.384529462397,
    8.696504370314));
#5723 = CARTESIAN_POINT('',(206.47929794029,2.8693167245,5.797664275673)
  );
#5724 = CARTESIAN_POINT('',(205.28861442807,1.35401844325,2.898840094644
    ));
#5725 = CARTESIAN_POINT('',(204.09784537346,-0.161194294647,
    3.304467810494E-12));
#5726 = CARTESIAN_POINT('',(207.35735723497,5.02602485285,8.593237350584
    ));
#5727 = CARTESIAN_POINT('',(206.25702281806,3.325753841651,
    5.728823609309));
#5728 = CARTESIAN_POINT('',(205.15659876865,1.625462009913,
    2.864413741278));
#5729 = CARTESIAN_POINT('',(204.05626435174,-7.480900128576E-02,
    3.304911899704E-12));
#5730 = CARTESIAN_POINT('',(207.3102462251,5.442689453383,8.526163273102
    ));
#5731 = CARTESIAN_POINT('',(206.22344585303,3.622220239267,
    5.684109979344));
#5732 = CARTESIAN_POINT('',(205.13680037208,1.801769257851,
    2.842053293761));
#5733 = CARTESIAN_POINT('',(204.05000000002,-1.869995626475E-02,
    3.304911899704E-12));
#5734 = CARTESIAN_POINT('',(207.3102462251,5.581554939454,8.503808903759
    ));
#5735 = CARTESIAN_POINT('',(206.2234974834,3.721036626303,5.669205935841
    ));
#5736 = CARTESIAN_POINT('',(205.13674874171,1.860518313159,
    2.834602967922));
#5737 = CARTESIAN_POINT('',(204.05000000002,7.275957614183E-12,
    3.304911899704E-12));
#5738 = ADVANCED_FACE('',(#5739),#5750,.T.);
#5739 = FACE_BOUND('',#5740,.T.);
#5740 = EDGE_LOOP('',(#5741,#5742,#5743,#5744));
#5741 = ORIENTED_EDGE('',*,*,#5663,.F.);
#5742 = ORIENTED_EDGE('',*,*,#5703,.F.);
#5743 = ORIENTED_EDGE('',*,*,#5173,.F.);
#5744 = ORIENTED_EDGE('',*,*,#5745,.T.);
#5745 = EDGE_CURVE('',#5174,#5664,#5746,.T.);
#5746 = LINE('',#5747,#5748);
#5747 = CARTESIAN_POINT('',(207.05000000002,15.505559091915,
    6.175000000007));
#5748 = VECTOR('',#5749,1.);
#5749 = DIRECTION('',(-0.41963821319,0.278981206329,-0.863755322152));
#5750 = B_SPLINE_SURFACE_WITH_KNOTS('',3,3,(
    (#5751,#5752,#5753,#5754)
    ,(#5755,#5756,#5757,#5758)
    ,(#5759,#5760,#5761,#5762)
    ,(#5763,#5764,#5765,#5766
    )),.UNSPECIFIED.,.F.,.F.,.F.,(4,4),(4,4),(-2.525714724464E-13,1.),(
    -0.154144121265,1.),.PIECEWISE_BEZIER_KNOTS.);
#5751 = CARTESIAN_POINT('',(207.51243236381,5.927698440071,
    9.031177748903));
#5752 = CARTESIAN_POINT('',(206.35828824255,3.95179896005,6.020785165936
    ));
#5753 = CARTESIAN_POINT('',(205.20414412128,1.975899480029,3.01039258297
    ));
#5754 = CARTESIAN_POINT('',(204.05000000002,7.275957614183E-12,
    3.308464613383E-12));
#5755 = CARTESIAN_POINT('',(207.51243236381,6.951921807886,
    8.864992925495));
#5756 = CARTESIAN_POINT('',(206.35828824255,4.678247769894,
    5.909995283664));
#5757 = CARTESIAN_POINT('',(205.20414412128,2.404573731888,
    2.954997641834));
#5758 = CARTESIAN_POINT('',(204.05000000002,0.130899693897,
    3.308464613383E-12));
#5759 = CARTESIAN_POINT('',(207.51243236381,14.1739043829,7.293024772227
    ));
#5760 = CARTESIAN_POINT('',(206.35828824255,15.238969690632,
    4.862016514819));
#5761 = CARTESIAN_POINT('',(205.20414412128,16.304034998386,
    2.431008257411));
#5762 = CARTESIAN_POINT('',(204.05000000002,17.369100306118,
    3.308464613383E-12));
#5763 = CARTESIAN_POINT('',(207.51243236381,15.198127750715,
    7.126839948819));
#5764 = CARTESIAN_POINT('',(206.35828824255,15.965418500477,
    4.751226632547));
#5765 = CARTESIAN_POINT('',(205.20414412128,16.732709250245,
    2.375613316275));
#5766 = CARTESIAN_POINT('',(204.05000000002,17.500000000007,
    3.308464613383E-12));
#5767 = ADVANCED_FACE('',(#5768),#5779,.T.);
#5768 = FACE_BOUND('',#5769,.T.);
#5769 = EDGE_LOOP('',(#5770,#5771,#5777,#5778));
#5770 = ORIENTED_EDGE('',*,*,#5357,.F.);
#5771 = ORIENTED_EDGE('',*,*,#5772,.T.);
#5772 = EDGE_CURVE('',#5358,#5672,#5773,.T.);
#5773 = LINE('',#5774,#5775);
#5774 = CARTESIAN_POINT('',(208.80000000002,17.233816885186,
    5.900000000007));
#5775 = VECTOR('',#5776,1.);
#5776 = DIRECTION('',(-0.604987123112,6.939647502999E-02,-0.793205339192
    ));
#5777 = ORIENTED_EDGE('',*,*,#5671,.F.);
#5778 = ORIENTED_EDGE('',*,*,#5745,.F.);
#5779 = B_SPLINE_SURFACE_WITH_KNOTS('',3,3,(
    (#5780,#5781,#5782,#5783)
    ,(#5784,#5785,#5786,#5787)
    ,(#5788,#5789,#5790,#5791)
    ,(#5792,#5793,#5794,#5795)
    ,(#5796,#5797,#5798,#5799)
    ,(#5800,#5801,#5802,#5803)
    ,(#5804,#5805,#5806,#5807
    )),.UNSPECIFIED.,.F.,.F.,.F.,(4,1,1,1,4),(4,4),(-2.887308616682E-14,
    0.285714285721,0.428571428581,0.714285714301,1.000000000022),(
    -0.134873790443,1.),.UNSPECIFIED.);
#5780 = CARTESIAN_POINT('',(207.45462137135,15.236561286823,
    7.007845655996));
#5781 = CARTESIAN_POINT('',(206.3197475809,15.991040857887,
    4.671897103998));
#5782 = CARTESIAN_POINT('',(205.18487379046,16.745520428944,
    2.335948552001));
#5783 = CARTESIAN_POINT('',(204.05000000002,17.500000000007,
    3.308464613383E-12));
#5784 = CARTESIAN_POINT('',(207.45462137135,15.524934961839,
    6.961157057434));
#5785 = CARTESIAN_POINT('',(206.31991950327,16.195691080138,
    4.640783562516));
#5786 = CARTESIAN_POINT('',(205.1847018681,16.866643794252,
    2.320373494921));
#5787 = CARTESIAN_POINT('',(204.05000000002,17.537399912551,
    3.308464613383E-12));
#5788 = CARTESIAN_POINT('',(207.55506354872,15.956931350404,
    6.891215493026));
#5789 = CARTESIAN_POINT('',(206.39101838843,16.502420753721,
    4.594145339905));
#5790 = CARTESIAN_POINT('',(205.22690712154,17.047937215386,
    2.297070153124));
#5791 = CARTESIAN_POINT('',(204.06286196125,17.593426618703,
    3.309352791803E-12));
#5792 = CARTESIAN_POINT('',(207.94591542771,16.571512545263,
    6.791712878272));
#5793 = CARTESIAN_POINT('',(206.66832037956,16.938662876608,
    4.527819106846));
#5794 = CARTESIAN_POINT('',(205.39050691716,17.30598287964,2.26389377143
    ));
#5795 = CARTESIAN_POINT('',(204.11291186901,17.673133210985,
    3.309796881013E-12));
#5796 = CARTESIAN_POINT('',(208.53079412294,17.032585444344,
    6.717063736004));
#5797 = CARTESIAN_POINT('',(207.08318454652,17.266003546923,
    4.478048144201));
#5798 = CARTESIAN_POINT('',(205.6354171446,17.499512820861,
    2.239015591806));
#5799 = CARTESIAN_POINT('',(204.18780756819,17.732930923441,
    3.308464613383E-12));
#5800 = CARTESIAN_POINT('',(209.11486706147,17.16419731194,
    6.695755363623));
#5801 = CARTESIAN_POINT('',(207.49737510142,17.359405138719,
    4.463848021742));
#5802 = CARTESIAN_POINT('',(205.88009204753,17.554792173229,
    2.231907341883));
#5803 = CARTESIAN_POINT('',(204.26260008748,17.750000000007,
    3.308464613383E-12));
#5804 = CARTESIAN_POINT('',(209.40693205708,17.164197311933,
    6.695755363624));
#5805 = CARTESIAN_POINT('',(207.70462137139,17.359464874629,
    4.463836909084));
#5806 = CARTESIAN_POINT('',(206.00231068571,17.554732437311,
    2.231918454544));
#5807 = CARTESIAN_POINT('',(204.30000000002,17.750000000007,
    3.308464613383E-12));
#5808 = ADVANCED_FACE('',(#5809),#5815,.F.);
#5809 = FACE_BOUND('',#5810,.T.);
#5810 = EDGE_LOOP('',(#5811,#5812,#5813,#5814));
#5811 = ORIENTED_EDGE('',*,*,#5436,.F.);
#5812 = ORIENTED_EDGE('',*,*,#5468,.T.);
#5813 = ORIENTED_EDGE('',*,*,#5680,.F.);
#5814 = ORIENTED_EDGE('',*,*,#5772,.F.);
#5815 = PLANE('',#5816);
#5816 = AXIS2_PLACEMENT_3D('',#5817,#5818,#5819);
#5817 = CARTESIAN_POINT('',(317.31250000001,17.233816885186,
    5.900000000007));
#5818 = DIRECTION('',(7.651222648225E-18,-0.996194698091,
    -8.715574275073E-02));
#5819 = DIRECTION('',(0.,-8.715574275073E-02,0.996194698091));
#5820 = ADVANCED_FACE('',(#5821),#5846,.T.);
#5821 = FACE_BOUND('',#5822,.T.);
#5822 = EDGE_LOOP('',(#5823,#5824,#5832,#5840));
#5823 = ORIENTED_EDGE('',*,*,#4203,.T.);
#5824 = ORIENTED_EDGE('',*,*,#5825,.T.);
#5825 = EDGE_CURVE('',#4099,#5826,#5828,.T.);
#5826 = VERTEX_POINT('',#5827);
#5827 = CARTESIAN_POINT('',(313.55625000001,8.250000000022,
    0.200000000003));
#5828 = LINE('',#5829,#5830);
#5829 = CARTESIAN_POINT('',(313.55625000001,8.250000000022,
    13.387974034051));
#5830 = VECTOR('',#5831,1.);
#5831 = DIRECTION('',(0.,1.224646799147E-16,-1.));
#5832 = ORIENTED_EDGE('',*,*,#5833,.T.);
#5833 = EDGE_CURVE('',#5826,#5834,#5836,.T.);
#5834 = VERTEX_POINT('',#5835);
#5835 = CARTESIAN_POINT('',(313.55625000001,6.750000000022,
    0.200000000003));
#5836 = LINE('',#5837,#5838);
#5837 = CARTESIAN_POINT('',(313.55625000001,12.24601375452,
    0.200000000003));
#5838 = VECTOR('',#5839,1.);
#5839 = DIRECTION('',(0.,-1.,1.836970198721E-16));
#5840 = ORIENTED_EDGE('',*,*,#5841,.F.);
#5841 = EDGE_CURVE('',#4193,#5834,#5842,.T.);
#5842 = LINE('',#5843,#5844);
#5843 = CARTESIAN_POINT('',(313.55625000001,6.750000000022,
    13.387974034051));
#5844 = VECTOR('',#5845,1.);
#5845 = DIRECTION('',(0.,1.224646799147E-16,-1.));
#5846 = PLANE('',#5847);
#5847 = AXIS2_PLACEMENT_3D('',#5848,#5849,#5850);
#5848 = CARTESIAN_POINT('',(313.55625000001,6.750000000022,
    13.387974034051));
#5849 = DIRECTION('',(-1.,0.,0.));
#5850 = DIRECTION('',(0.,1.,-1.836970198721E-16));
#5851 = ADVANCED_FACE('',(#5852),#5870,.T.);
#5852 = FACE_BOUND('',#5853,.T.);
#5853 = EDGE_LOOP('',(#5854,#5855,#5856,#5864));
#5854 = ORIENTED_EDGE('',*,*,#4192,.T.);
#5855 = ORIENTED_EDGE('',*,*,#5841,.T.);
#5856 = ORIENTED_EDGE('',*,*,#5857,.T.);
#5857 = EDGE_CURVE('',#5834,#5858,#5860,.T.);
#5858 = VERTEX_POINT('',#5859);
#5859 = CARTESIAN_POINT('',(312.55625000001,6.750000000022,
    0.200000000003));
#5860 = LINE('',#5861,#5862);
#5861 = CARTESIAN_POINT('',(308.30625000001,6.750000000022,
    0.200000000003));
#5862 = VECTOR('',#5863,1.);
#5863 = DIRECTION('',(-1.,0.,0.));
#5864 = ORIENTED_EDGE('',*,*,#5865,.F.);
#5865 = EDGE_CURVE('',#4184,#5858,#5866,.T.);
#5866 = LINE('',#5867,#5868);
#5867 = CARTESIAN_POINT('',(312.55625000001,6.750000000022,
    13.387974034051));
#5868 = VECTOR('',#5869,1.);
#5869 = DIRECTION('',(0.,1.224646799147E-16,-1.));
#5870 = PLANE('',#5871);
#5871 = AXIS2_PLACEMENT_3D('',#5872,#5873,#5874);
#5872 = CARTESIAN_POINT('',(312.55625000001,6.750000000022,
    13.387974034051));
#5873 = DIRECTION('',(0.,1.,1.224646799147E-16));
#5874 = DIRECTION('',(1.,0.,-0.));
#5875 = ADVANCED_FACE('',(#5876),#5894,.T.);
#5876 = FACE_BOUND('',#5877,.T.);
#5877 = EDGE_LOOP('',(#5878,#5879,#5887,#5893));
#5878 = ORIENTED_EDGE('',*,*,#4098,.T.);
#5879 = ORIENTED_EDGE('',*,*,#5880,.T.);
#5880 = EDGE_CURVE('',#4101,#5881,#5883,.T.);
#5881 = VERTEX_POINT('',#5882);
#5882 = CARTESIAN_POINT('',(315.05625000001,8.250000000022,
    0.200000000003));
#5883 = LINE('',#5884,#5885);
#5884 = CARTESIAN_POINT('',(315.05625000001,8.250000000022,
    13.387974034051));
#5885 = VECTOR('',#5886,1.);
#5886 = DIRECTION('',(0.,1.224646799147E-16,-1.));
#5887 = ORIENTED_EDGE('',*,*,#5888,.T.);
#5888 = EDGE_CURVE('',#5881,#5826,#5889,.T.);
#5889 = LINE('',#5890,#5891);
#5890 = CARTESIAN_POINT('',(308.80625000001,8.250000000022,
    0.200000000003));
#5891 = VECTOR('',#5892,1.);
#5892 = DIRECTION('',(-1.,0.,0.));
#5893 = ORIENTED_EDGE('',*,*,#5825,.F.);
#5894 = PLANE('',#5895);
#5895 = AXIS2_PLACEMENT_3D('',#5896,#5897,#5898);
#5896 = CARTESIAN_POINT('',(313.55625000001,8.250000000022,
    13.387974034051));
#5897 = DIRECTION('',(0.,1.,1.224646799147E-16));
#5898 = DIRECTION('',(1.,0.,-0.));
#5899 = ADVANCED_FACE('',(#5900),#5918,.T.);
#5900 = FACE_BOUND('',#5901,.T.);
#5901 = EDGE_LOOP('',(#5902,#5903,#5904,#5912));
#5902 = ORIENTED_EDGE('',*,*,#4183,.T.);
#5903 = ORIENTED_EDGE('',*,*,#5865,.T.);
#5904 = ORIENTED_EDGE('',*,*,#5905,.T.);
#5905 = EDGE_CURVE('',#5858,#5906,#5908,.T.);
#5906 = VERTEX_POINT('',#5907);
#5907 = CARTESIAN_POINT('',(312.55625000001,8.250000000022,
    0.200000000003));
#5908 = LINE('',#5909,#5910);
#5909 = CARTESIAN_POINT('',(312.55625000001,12.99601375452,
    0.200000000003));
#5910 = VECTOR('',#5911,1.);
#5911 = DIRECTION('',(0.,1.,-1.836970198721E-16));
#5912 = ORIENTED_EDGE('',*,*,#5913,.F.);
#5913 = EDGE_CURVE('',#4175,#5906,#5914,.T.);
#5914 = LINE('',#5915,#5916);
#5915 = CARTESIAN_POINT('',(312.55625000001,8.250000000022,
    13.387974034051));
#5916 = VECTOR('',#5917,1.);
#5917 = DIRECTION('',(0.,1.224646799147E-16,-1.));
#5918 = PLANE('',#5919);
#5919 = AXIS2_PLACEMENT_3D('',#5920,#5921,#5922);
#5920 = CARTESIAN_POINT('',(312.55625000001,8.250000000022,
    13.387974034051));
#5921 = DIRECTION('',(1.,0.,0.));
#5922 = DIRECTION('',(0.,-1.,1.836970198721E-16));
#5923 = ADVANCED_FACE('',(#5924),#5942,.T.);
#5924 = FACE_BOUND('',#5925,.T.);
#5925 = EDGE_LOOP('',(#5926,#5927,#5935,#5941));
#5926 = ORIENTED_EDGE('',*,*,#4109,.T.);
#5927 = ORIENTED_EDGE('',*,*,#5928,.T.);
#5928 = EDGE_CURVE('',#4110,#5929,#5931,.T.);
#5929 = VERTEX_POINT('',#5930);
#5930 = CARTESIAN_POINT('',(315.05625000001,9.250000000022,
    0.200000000003));
#5931 = LINE('',#5932,#5933);
#5932 = CARTESIAN_POINT('',(315.05625000001,9.250000000022,
    13.387974034051));
#5933 = VECTOR('',#5934,1.);
#5934 = DIRECTION('',(0.,1.224646799147E-16,-1.));
#5935 = ORIENTED_EDGE('',*,*,#5936,.T.);
#5936 = EDGE_CURVE('',#5929,#5881,#5937,.T.);
#5937 = LINE('',#5938,#5939);
#5938 = CARTESIAN_POINT('',(315.05625000001,12.99601375452,
    0.200000000003));
#5939 = VECTOR('',#5940,1.);
#5940 = DIRECTION('',(0.,-1.,1.836970198721E-16));
#5941 = ORIENTED_EDGE('',*,*,#5880,.F.);
#5942 = PLANE('',#5943);
#5943 = AXIS2_PLACEMENT_3D('',#5944,#5945,#5946);
#5944 = CARTESIAN_POINT('',(315.05625000001,8.250000000022,
    13.387974034051));
#5945 = DIRECTION('',(-1.,0.,0.));
#5946 = DIRECTION('',(0.,1.,-1.836970198721E-16));
#5947 = ADVANCED_FACE('',(#5948),#5966,.T.);
#5948 = FACE_BOUND('',#5949,.T.);
#5949 = EDGE_LOOP('',(#5950,#5951,#5952,#5960));
#5950 = ORIENTED_EDGE('',*,*,#4174,.T.);
#5951 = ORIENTED_EDGE('',*,*,#5913,.T.);
#5952 = ORIENTED_EDGE('',*,*,#5953,.T.);
#5953 = EDGE_CURVE('',#5906,#5954,#5956,.T.);
#5954 = VERTEX_POINT('',#5955);
#5955 = CARTESIAN_POINT('',(311.05625000001,8.250000000022,
    0.200000000003));
#5956 = LINE('',#5957,#5958);
#5957 = CARTESIAN_POINT('',(307.55625000001,8.250000000022,
    0.200000000003));
#5958 = VECTOR('',#5959,1.);
#5959 = DIRECTION('',(-1.,0.,0.));
#5960 = ORIENTED_EDGE('',*,*,#5961,.F.);
#5961 = EDGE_CURVE('',#4166,#5954,#5962,.T.);
#5962 = LINE('',#5963,#5964);
#5963 = CARTESIAN_POINT('',(311.05625000001,8.250000000022,
    13.387974034051));
#5964 = VECTOR('',#5965,1.);
#5965 = DIRECTION('',(0.,1.224646799147E-16,-1.));
#5966 = PLANE('',#5967);
#5967 = AXIS2_PLACEMENT_3D('',#5968,#5969,#5970);
#5968 = CARTESIAN_POINT('',(311.05625000001,8.250000000022,
    13.387974034051));
#5969 = DIRECTION('',(0.,1.,1.224646799147E-16));
#5970 = DIRECTION('',(1.,0.,-0.));
#5971 = ADVANCED_FACE('',(#5972),#5990,.T.);
#5972 = FACE_BOUND('',#5973,.T.);
#5973 = EDGE_LOOP('',(#5974,#5975,#5983,#5989));
#5974 = ORIENTED_EDGE('',*,*,#4118,.T.);
#5975 = ORIENTED_EDGE('',*,*,#5976,.T.);
#5976 = EDGE_CURVE('',#4119,#5977,#5979,.T.);
#5977 = VERTEX_POINT('',#5978);
#5978 = CARTESIAN_POINT('',(313.55625000001,9.250000000022,
    0.200000000003));
#5979 = LINE('',#5980,#5981);
#5980 = CARTESIAN_POINT('',(313.55625000001,9.250000000022,
    13.387974034051));
#5981 = VECTOR('',#5982,1.);
#5982 = DIRECTION('',(0.,1.224646799147E-16,-1.));
#5983 = ORIENTED_EDGE('',*,*,#5984,.T.);
#5984 = EDGE_CURVE('',#5977,#5929,#5985,.T.);
#5985 = LINE('',#5986,#5987);
#5986 = CARTESIAN_POINT('',(309.55625000001,9.250000000022,
    0.200000000003));
#5987 = VECTOR('',#5988,1.);
#5988 = DIRECTION('',(1.,0.,0.));
#5989 = ORIENTED_EDGE('',*,*,#5928,.F.);
#5990 = PLANE('',#5991);
#5991 = AXIS2_PLACEMENT_3D('',#5992,#5993,#5994);
#5992 = CARTESIAN_POINT('',(315.05625000001,9.250000000022,
    13.387974034051));
#5993 = DIRECTION('',(0.,-1.,-1.224646799147E-16));
#5994 = DIRECTION('',(-1.,-0.,0.));
#5995 = ADVANCED_FACE('',(#5996),#6014,.T.);
#5996 = FACE_BOUND('',#5997,.T.);
#5997 = EDGE_LOOP('',(#5998,#5999,#6000,#6008));
#5998 = ORIENTED_EDGE('',*,*,#4165,.T.);
#5999 = ORIENTED_EDGE('',*,*,#5961,.T.);
#6000 = ORIENTED_EDGE('',*,*,#6001,.T.);
#6001 = EDGE_CURVE('',#5954,#6002,#6004,.T.);
#6002 = VERTEX_POINT('',#6003);
#6003 = CARTESIAN_POINT('',(311.05625000001,9.250000000022,
    0.200000000003));
#6004 = LINE('',#6005,#6006);
#6005 = CARTESIAN_POINT('',(311.05625000001,13.49601375452,
    0.200000000003));
#6006 = VECTOR('',#6007,1.);
#6007 = DIRECTION('',(0.,1.,-1.836970198721E-16));
#6008 = ORIENTED_EDGE('',*,*,#6009,.F.);
#6009 = EDGE_CURVE('',#4157,#6002,#6010,.T.);
#6010 = LINE('',#6011,#6012);
#6011 = CARTESIAN_POINT('',(311.05625000001,9.250000000022,
    13.387974034051));
#6012 = VECTOR('',#6013,1.);
#6013 = DIRECTION('',(0.,1.224646799147E-16,-1.));
#6014 = PLANE('',#6015);
#6015 = AXIS2_PLACEMENT_3D('',#6016,#6017,#6018);
#6016 = CARTESIAN_POINT('',(311.05625000001,9.250000000022,
    13.387974034051));
#6017 = DIRECTION('',(1.,0.,0.));
#6018 = DIRECTION('',(0.,-1.,1.836970198721E-16));
#6019 = ADVANCED_FACE('',(#6020),#6038,.T.);
#6020 = FACE_BOUND('',#6021,.T.);
#6021 = EDGE_LOOP('',(#6022,#6023,#6031,#6037));
#6022 = ORIENTED_EDGE('',*,*,#4127,.T.);
#6023 = ORIENTED_EDGE('',*,*,#6024,.T.);
#6024 = EDGE_CURVE('',#4128,#6025,#6027,.T.);
#6025 = VERTEX_POINT('',#6026);
#6026 = CARTESIAN_POINT('',(313.55625000001,10.750000000022,
    0.200000000003));
#6027 = LINE('',#6028,#6029);
#6028 = CARTESIAN_POINT('',(313.55625000001,10.750000000022,
    13.387974034051));
#6029 = VECTOR('',#6030,1.);
#6030 = DIRECTION('',(0.,1.224646799147E-16,-1.));
#6031 = ORIENTED_EDGE('',*,*,#6032,.T.);
#6032 = EDGE_CURVE('',#6025,#5977,#6033,.T.);
#6033 = LINE('',#6034,#6035);
#6034 = CARTESIAN_POINT('',(313.55625000001,13.49601375452,
    0.200000000003));
#6035 = VECTOR('',#6036,1.);
#6036 = DIRECTION('',(0.,-1.,1.836970198721E-16));
#6037 = ORIENTED_EDGE('',*,*,#5976,.F.);
#6038 = PLANE('',#6039);
#6039 = AXIS2_PLACEMENT_3D('',#6040,#6041,#6042);
#6040 = CARTESIAN_POINT('',(313.55625000001,9.250000000022,
    13.387974034051));
#6041 = DIRECTION('',(-1.,0.,0.));
#6042 = DIRECTION('',(0.,1.,-1.836970198721E-16));
#6043 = ADVANCED_FACE('',(#6044),#6062,.T.);
#6044 = FACE_BOUND('',#6045,.T.);
#6045 = EDGE_LOOP('',(#6046,#6047,#6048,#6056));
#6046 = ORIENTED_EDGE('',*,*,#4156,.T.);
#6047 = ORIENTED_EDGE('',*,*,#6009,.T.);
#6048 = ORIENTED_EDGE('',*,*,#6049,.T.);
#6049 = EDGE_CURVE('',#6002,#6050,#6052,.T.);
#6050 = VERTEX_POINT('',#6051);
#6051 = CARTESIAN_POINT('',(312.55625000001,9.250000000022,
    0.200000000003));
#6052 = LINE('',#6053,#6054);
#6053 = CARTESIAN_POINT('',(308.30625000001,9.250000000022,
    0.200000000003));
#6054 = VECTOR('',#6055,1.);
#6055 = DIRECTION('',(1.,0.,0.));
#6056 = ORIENTED_EDGE('',*,*,#6057,.F.);
#6057 = EDGE_CURVE('',#4148,#6050,#6058,.T.);
#6058 = LINE('',#6059,#6060);
#6059 = CARTESIAN_POINT('',(312.55625000001,9.250000000022,
    13.387974034051));
#6060 = VECTOR('',#6061,1.);
#6061 = DIRECTION('',(0.,1.224646799147E-16,-1.));
#6062 = PLANE('',#6063);
#6063 = AXIS2_PLACEMENT_3D('',#6064,#6065,#6066);
#6064 = CARTESIAN_POINT('',(312.55625000001,9.250000000022,
    13.387974034051));
#6065 = DIRECTION('',(0.,-1.,-1.224646799147E-16));
#6066 = DIRECTION('',(-1.,-0.,0.));
#6067 = ADVANCED_FACE('',(#6068),#6086,.T.);
#6068 = FACE_BOUND('',#6069,.T.);
#6069 = EDGE_LOOP('',(#6070,#6071,#6079,#6085));
#6070 = ORIENTED_EDGE('',*,*,#4136,.T.);
#6071 = ORIENTED_EDGE('',*,*,#6072,.T.);
#6072 = EDGE_CURVE('',#4137,#6073,#6075,.T.);
#6073 = VERTEX_POINT('',#6074);
#6074 = CARTESIAN_POINT('',(312.55625000001,10.750000000022,
    0.200000000003));
#6075 = LINE('',#6076,#6077);
#6076 = CARTESIAN_POINT('',(312.55625000001,10.750000000022,
    13.387974034051));
#6077 = VECTOR('',#6078,1.);
#6078 = DIRECTION('',(0.,1.224646799147E-16,-1.));
#6079 = ORIENTED_EDGE('',*,*,#6080,.T.);
#6080 = EDGE_CURVE('',#6073,#6025,#6081,.T.);
#6081 = LINE('',#6082,#6083);
#6082 = CARTESIAN_POINT('',(308.80625000001,10.750000000022,
    0.200000000003));
#6083 = VECTOR('',#6084,1.);
#6084 = DIRECTION('',(1.,0.,0.));
#6085 = ORIENTED_EDGE('',*,*,#6024,.F.);
#6086 = PLANE('',#6087);
#6087 = AXIS2_PLACEMENT_3D('',#6088,#6089,#6090);
#6088 = CARTESIAN_POINT('',(313.55625000001,10.750000000022,
    13.387974034051));
#6089 = DIRECTION('',(0.,-1.,-1.224646799147E-16));
#6090 = DIRECTION('',(-1.,-0.,0.));
#6091 = ADVANCED_FACE('',(#6092),#6103,.T.);
#6092 = FACE_BOUND('',#6093,.T.);
#6093 = EDGE_LOOP('',(#6094,#6095,#6096,#6102));
#6094 = ORIENTED_EDGE('',*,*,#4147,.T.);
#6095 = ORIENTED_EDGE('',*,*,#6057,.T.);
#6096 = ORIENTED_EDGE('',*,*,#6097,.T.);
#6097 = EDGE_CURVE('',#6050,#6073,#6098,.T.);
#6098 = LINE('',#6099,#6100);
#6099 = CARTESIAN_POINT('',(312.55625000001,14.24601375452,
    0.200000000003));
#6100 = VECTOR('',#6101,1.);
#6101 = DIRECTION('',(0.,1.,-1.836970198721E-16));
#6102 = ORIENTED_EDGE('',*,*,#6072,.F.);
#6103 = PLANE('',#6104);
#6104 = AXIS2_PLACEMENT_3D('',#6105,#6106,#6107);
#6105 = CARTESIAN_POINT('',(312.55625000001,10.750000000022,
    13.387974034051));
#6106 = DIRECTION('',(1.,0.,0.));
#6107 = DIRECTION('',(0.,-1.,1.836970198721E-16));
#6108 = ADVANCED_FACE('',(#6109,#6112),#6126,.F.);
#6109 = FACE_BOUND('',#6110,.T.);
#6110 = EDGE_LOOP('',(#6111));
#6111 = ORIENTED_EDGE('',*,*,#1839,.F.);
#6112 = FACE_BOUND('',#6113,.T.);
#6113 = EDGE_LOOP('',(#6114,#6115,#6116,#6117,#6118,#6119,#6120,#6121,
    #6122,#6123,#6124,#6125));
#6114 = ORIENTED_EDGE('',*,*,#5857,.F.);
#6115 = ORIENTED_EDGE('',*,*,#5833,.F.);
#6116 = ORIENTED_EDGE('',*,*,#5888,.F.);
#6117 = ORIENTED_EDGE('',*,*,#5936,.F.);
#6118 = ORIENTED_EDGE('',*,*,#5984,.F.);
#6119 = ORIENTED_EDGE('',*,*,#6032,.F.);
#6120 = ORIENTED_EDGE('',*,*,#6080,.F.);
#6121 = ORIENTED_EDGE('',*,*,#6097,.F.);
#6122 = ORIENTED_EDGE('',*,*,#6049,.F.);
#6123 = ORIENTED_EDGE('',*,*,#6001,.F.);
#6124 = ORIENTED_EDGE('',*,*,#5953,.F.);
#6125 = ORIENTED_EDGE('',*,*,#5905,.F.);
#6126 = PLANE('',#6127);
#6127 = AXIS2_PLACEMENT_3D('',#6128,#6129,#6130);
#6128 = CARTESIAN_POINT('',(304.05625000001,17.742027509019,
    0.200000000003));
#6129 = DIRECTION('',(0.,1.836970198721E-16,1.));
#6130 = DIRECTION('',(0.,-1.,1.836970198721E-16));
#6131 = ADVANCED_FACE('',(#6132,#6135),#6233,.F.);
#6132 = FACE_BOUND('',#6133,.T.);
#6133 = EDGE_LOOP('',(#6134));
#6134 = ORIENTED_EDGE('',*,*,#364,.F.);
#6135 = FACE_BOUND('',#6136,.T.);
#6136 = EDGE_LOOP('',(#6137,#6147,#6155,#6163,#6171,#6179,#6187,#6195,
    #6203,#6211,#6219,#6227));
#6137 = ORIENTED_EDGE('',*,*,#6138,.F.);
#6138 = EDGE_CURVE('',#6139,#6141,#6143,.T.);
#6139 = VERTEX_POINT('',#6140);
#6140 = CARTESIAN_POINT('',(303.55625000001,6.750000000022,
    0.200000000003));
#6141 = VERTEX_POINT('',#6142);
#6142 = CARTESIAN_POINT('',(302.55625000001,6.750000000022,
    0.200000000003));
#6143 = LINE('',#6144,#6145);
#6144 = CARTESIAN_POINT('',(298.30625000001,6.750000000022,
    0.200000000003));
#6145 = VECTOR('',#6146,1.);
#6146 = DIRECTION('',(-1.,0.,0.));
#6147 = ORIENTED_EDGE('',*,*,#6148,.F.);
#6148 = EDGE_CURVE('',#6149,#6139,#6151,.T.);
#6149 = VERTEX_POINT('',#6150);
#6150 = CARTESIAN_POINT('',(303.55625000001,8.250000000022,
    0.200000000003));
#6151 = LINE('',#6152,#6153);
#6152 = CARTESIAN_POINT('',(303.55625000001,12.24601375452,
    0.200000000003));
#6153 = VECTOR('',#6154,1.);
#6154 = DIRECTION('',(0.,-1.,1.836970198721E-16));
#6155 = ORIENTED_EDGE('',*,*,#6156,.F.);
#6156 = EDGE_CURVE('',#6157,#6149,#6159,.T.);
#6157 = VERTEX_POINT('',#6158);
#6158 = CARTESIAN_POINT('',(305.05625000001,8.250000000022,
    0.200000000003));
#6159 = LINE('',#6160,#6161);
#6160 = CARTESIAN_POINT('',(298.80625000001,8.250000000022,
    0.200000000003));
#6161 = VECTOR('',#6162,1.);
#6162 = DIRECTION('',(-1.,0.,0.));
#6163 = ORIENTED_EDGE('',*,*,#6164,.F.);
#6164 = EDGE_CURVE('',#6165,#6157,#6167,.T.);
#6165 = VERTEX_POINT('',#6166);
#6166 = CARTESIAN_POINT('',(305.05625000001,9.250000000022,
    0.200000000003));
#6167 = LINE('',#6168,#6169);
#6168 = CARTESIAN_POINT('',(305.05625000001,12.99601375452,
    0.200000000003));
#6169 = VECTOR('',#6170,1.);
#6170 = DIRECTION('',(0.,-1.,1.836970198721E-16));
#6171 = ORIENTED_EDGE('',*,*,#6172,.F.);
#6172 = EDGE_CURVE('',#6173,#6165,#6175,.T.);
#6173 = VERTEX_POINT('',#6174);
#6174 = CARTESIAN_POINT('',(303.55625000001,9.250000000022,
    0.200000000003));
#6175 = LINE('',#6176,#6177);
#6176 = CARTESIAN_POINT('',(299.55625000001,9.250000000022,
    0.200000000003));
#6177 = VECTOR('',#6178,1.);
#6178 = DIRECTION('',(1.,0.,0.));
#6179 = ORIENTED_EDGE('',*,*,#6180,.F.);
#6180 = EDGE_CURVE('',#6181,#6173,#6183,.T.);
#6181 = VERTEX_POINT('',#6182);
#6182 = CARTESIAN_POINT('',(303.55625000001,10.750000000022,
    0.200000000003));
#6183 = LINE('',#6184,#6185);
#6184 = CARTESIAN_POINT('',(303.55625000001,13.49601375452,
    0.200000000003));
#6185 = VECTOR('',#6186,1.);
#6186 = DIRECTION('',(0.,-1.,1.836970198721E-16));
#6187 = ORIENTED_EDGE('',*,*,#6188,.F.);
#6188 = EDGE_CURVE('',#6189,#6181,#6191,.T.);
#6189 = VERTEX_POINT('',#6190);
#6190 = CARTESIAN_POINT('',(302.55625000001,10.750000000022,
    0.200000000003));
#6191 = LINE('',#6192,#6193);
#6192 = CARTESIAN_POINT('',(298.80625000001,10.750000000022,
    0.200000000003));
#6193 = VECTOR('',#6194,1.);
#6194 = DIRECTION('',(1.,0.,0.));
#6195 = ORIENTED_EDGE('',*,*,#6196,.F.);
#6196 = EDGE_CURVE('',#6197,#6189,#6199,.T.);
#6197 = VERTEX_POINT('',#6198);
#6198 = CARTESIAN_POINT('',(302.55625000001,9.250000000022,
    0.200000000003));
#6199 = LINE('',#6200,#6201);
#6200 = CARTESIAN_POINT('',(302.55625000001,14.24601375452,
    0.200000000003));
#6201 = VECTOR('',#6202,1.);
#6202 = DIRECTION('',(0.,1.,-1.836970198721E-16));
#6203 = ORIENTED_EDGE('',*,*,#6204,.F.);
#6204 = EDGE_CURVE('',#6205,#6197,#6207,.T.);
#6205 = VERTEX_POINT('',#6206);
#6206 = CARTESIAN_POINT('',(301.05625000001,9.250000000022,
    0.200000000003));
#6207 = LINE('',#6208,#6209);
#6208 = CARTESIAN_POINT('',(298.30625000001,9.250000000022,
    0.200000000003));
#6209 = VECTOR('',#6210,1.);
#6210 = DIRECTION('',(1.,0.,0.));
#6211 = ORIENTED_EDGE('',*,*,#6212,.F.);
#6212 = EDGE_CURVE('',#6213,#6205,#6215,.T.);
#6213 = VERTEX_POINT('',#6214);
#6214 = CARTESIAN_POINT('',(301.05625000001,8.250000000022,
    0.200000000003));
#6215 = LINE('',#6216,#6217);
#6216 = CARTESIAN_POINT('',(301.05625000001,13.49601375452,
    0.200000000003));
#6217 = VECTOR('',#6218,1.);
#6218 = DIRECTION('',(0.,1.,-1.836970198721E-16));
#6219 = ORIENTED_EDGE('',*,*,#6220,.F.);
#6220 = EDGE_CURVE('',#6221,#6213,#6223,.T.);
#6221 = VERTEX_POINT('',#6222);
#6222 = CARTESIAN_POINT('',(302.55625000001,8.250000000022,
    0.200000000003));
#6223 = LINE('',#6224,#6225);
#6224 = CARTESIAN_POINT('',(297.55625000001,8.250000000022,
    0.200000000003));
#6225 = VECTOR('',#6226,1.);
#6226 = DIRECTION('',(-1.,0.,0.));
#6227 = ORIENTED_EDGE('',*,*,#6228,.F.);
#6228 = EDGE_CURVE('',#6141,#6221,#6229,.T.);
#6229 = LINE('',#6230,#6231);
#6230 = CARTESIAN_POINT('',(302.55625000001,12.99601375452,
    0.200000000003));
#6231 = VECTOR('',#6232,1.);
#6232 = DIRECTION('',(0.,1.,-1.836970198721E-16));
#6233 = PLANE('',#6234);
#6234 = AXIS2_PLACEMENT_3D('',#6235,#6236,#6237);
#6235 = CARTESIAN_POINT('',(294.05625000001,17.742027509019,
    0.200000000003));
#6236 = DIRECTION('',(0.,1.836970198721E-16,1.));
#6237 = DIRECTION('',(0.,-1.,1.836970198721E-16));
#6238 = ADVANCED_FACE('',(#6239),#6255,.T.);
#6239 = FACE_BOUND('',#6240,.T.);
#6240 = EDGE_LOOP('',(#6241,#6242,#6248,#6249));
#6241 = ORIENTED_EDGE('',*,*,#4335,.T.);
#6242 = ORIENTED_EDGE('',*,*,#6243,.T.);
#6243 = EDGE_CURVE('',#4231,#6197,#6244,.T.);
#6244 = LINE('',#6245,#6246);
#6245 = CARTESIAN_POINT('',(302.55625000001,9.250000000022,
    13.387974034051));
#6246 = VECTOR('',#6247,1.);
#6247 = DIRECTION('',(0.,1.224646799147E-16,-1.));
#6248 = ORIENTED_EDGE('',*,*,#6196,.T.);
#6249 = ORIENTED_EDGE('',*,*,#6250,.F.);
#6250 = EDGE_CURVE('',#4325,#6189,#6251,.T.);
#6251 = LINE('',#6252,#6253);
#6252 = CARTESIAN_POINT('',(302.55625000001,10.750000000022,
    13.387974034051));
#6253 = VECTOR('',#6254,1.);
#6254 = DIRECTION('',(0.,1.224646799147E-16,-1.));
#6255 = PLANE('',#6256);
#6256 = AXIS2_PLACEMENT_3D('',#6257,#6258,#6259);
#6257 = CARTESIAN_POINT('',(302.55625000001,10.750000000022,
    13.387974034051));
#6258 = DIRECTION('',(1.,0.,0.));
#6259 = DIRECTION('',(0.,-1.,1.836970198721E-16));
#6260 = ADVANCED_FACE('',(#6261),#6272,.T.);
#6261 = FACE_BOUND('',#6262,.T.);
#6262 = EDGE_LOOP('',(#6263,#6264,#6265,#6266));
#6263 = ORIENTED_EDGE('',*,*,#4324,.T.);
#6264 = ORIENTED_EDGE('',*,*,#6250,.T.);
#6265 = ORIENTED_EDGE('',*,*,#6188,.T.);
#6266 = ORIENTED_EDGE('',*,*,#6267,.F.);
#6267 = EDGE_CURVE('',#4316,#6181,#6268,.T.);
#6268 = LINE('',#6269,#6270);
#6269 = CARTESIAN_POINT('',(303.55625000001,10.750000000022,
    13.387974034051));
#6270 = VECTOR('',#6271,1.);
#6271 = DIRECTION('',(0.,1.224646799147E-16,-1.));
#6272 = PLANE('',#6273);
#6273 = AXIS2_PLACEMENT_3D('',#6274,#6275,#6276);
#6274 = CARTESIAN_POINT('',(303.55625000001,10.750000000022,
    13.387974034051));
#6275 = DIRECTION('',(0.,-1.,-1.224646799147E-16));
#6276 = DIRECTION('',(-1.,-0.,0.));
#6277 = ADVANCED_FACE('',(#6278),#6289,.T.);
#6278 = FACE_BOUND('',#6279,.T.);
#6279 = EDGE_LOOP('',(#6280,#6281,#6287,#6288));
#6280 = ORIENTED_EDGE('',*,*,#4230,.T.);
#6281 = ORIENTED_EDGE('',*,*,#6282,.T.);
#6282 = EDGE_CURVE('',#4233,#6205,#6283,.T.);
#6283 = LINE('',#6284,#6285);
#6284 = CARTESIAN_POINT('',(301.05625000001,9.250000000022,
    13.387974034051));
#6285 = VECTOR('',#6286,1.);
#6286 = DIRECTION('',(0.,1.224646799147E-16,-1.));
#6287 = ORIENTED_EDGE('',*,*,#6204,.T.);
#6288 = ORIENTED_EDGE('',*,*,#6243,.F.);
#6289 = PLANE('',#6290);
#6290 = AXIS2_PLACEMENT_3D('',#6291,#6292,#6293);
#6291 = CARTESIAN_POINT('',(302.55625000001,9.250000000022,
    13.387974034051));
#6292 = DIRECTION('',(0.,-1.,-1.224646799147E-16));
#6293 = DIRECTION('',(-1.,-0.,0.));
#6294 = ADVANCED_FACE('',(#6295),#6306,.T.);
#6295 = FACE_BOUND('',#6296,.T.);
#6296 = EDGE_LOOP('',(#6297,#6298,#6299,#6300));
#6297 = ORIENTED_EDGE('',*,*,#4315,.T.);
#6298 = ORIENTED_EDGE('',*,*,#6267,.T.);
#6299 = ORIENTED_EDGE('',*,*,#6180,.T.);
#6300 = ORIENTED_EDGE('',*,*,#6301,.F.);
#6301 = EDGE_CURVE('',#4307,#6173,#6302,.T.);
#6302 = LINE('',#6303,#6304);
#6303 = CARTESIAN_POINT('',(303.55625000001,9.250000000022,
    13.387974034051));
#6304 = VECTOR('',#6305,1.);
#6305 = DIRECTION('',(0.,1.224646799147E-16,-1.));
#6306 = PLANE('',#6307);
#6307 = AXIS2_PLACEMENT_3D('',#6308,#6309,#6310);
#6308 = CARTESIAN_POINT('',(303.55625000001,9.250000000022,
    13.387974034051));
#6309 = DIRECTION('',(-1.,0.,0.));
#6310 = DIRECTION('',(0.,1.,-1.836970198721E-16));
#6311 = ADVANCED_FACE('',(#6312),#6323,.T.);
#6312 = FACE_BOUND('',#6313,.T.);
#6313 = EDGE_LOOP('',(#6314,#6315,#6321,#6322));
#6314 = ORIENTED_EDGE('',*,*,#4241,.T.);
#6315 = ORIENTED_EDGE('',*,*,#6316,.T.);
#6316 = EDGE_CURVE('',#4242,#6213,#6317,.T.);
#6317 = LINE('',#6318,#6319);
#6318 = CARTESIAN_POINT('',(301.05625000001,8.250000000022,
    13.387974034051));
#6319 = VECTOR('',#6320,1.);
#6320 = DIRECTION('',(0.,1.224646799147E-16,-1.));
#6321 = ORIENTED_EDGE('',*,*,#6212,.T.);
#6322 = ORIENTED_EDGE('',*,*,#6282,.F.);
#6323 = PLANE('',#6324);
#6324 = AXIS2_PLACEMENT_3D('',#6325,#6326,#6327);
#6325 = CARTESIAN_POINT('',(301.05625000001,9.250000000022,
    13.387974034051));
#6326 = DIRECTION('',(1.,0.,0.));
#6327 = DIRECTION('',(0.,-1.,1.836970198721E-16));
#6328 = ADVANCED_FACE('',(#6329),#6340,.T.);
#6329 = FACE_BOUND('',#6330,.T.);
#6330 = EDGE_LOOP('',(#6331,#6332,#6333,#6334));
#6331 = ORIENTED_EDGE('',*,*,#4306,.T.);
#6332 = ORIENTED_EDGE('',*,*,#6301,.T.);
#6333 = ORIENTED_EDGE('',*,*,#6172,.T.);
#6334 = ORIENTED_EDGE('',*,*,#6335,.F.);
#6335 = EDGE_CURVE('',#4298,#6165,#6336,.T.);
#6336 = LINE('',#6337,#6338);
#6337 = CARTESIAN_POINT('',(305.05625000001,9.250000000022,
    13.387974034051));
#6338 = VECTOR('',#6339,1.);
#6339 = DIRECTION('',(0.,1.224646799147E-16,-1.));
#6340 = PLANE('',#6341);
#6341 = AXIS2_PLACEMENT_3D('',#6342,#6343,#6344);
#6342 = CARTESIAN_POINT('',(305.05625000001,9.250000000022,
    13.387974034051));
#6343 = DIRECTION('',(0.,-1.,-1.224646799147E-16));
#6344 = DIRECTION('',(-1.,-0.,0.));
#6345 = ADVANCED_FACE('',(#6346),#6357,.T.);
#6346 = FACE_BOUND('',#6347,.T.);
#6347 = EDGE_LOOP('',(#6348,#6349,#6355,#6356));
#6348 = ORIENTED_EDGE('',*,*,#4250,.T.);
#6349 = ORIENTED_EDGE('',*,*,#6350,.T.);
#6350 = EDGE_CURVE('',#4251,#6221,#6351,.T.);
#6351 = LINE('',#6352,#6353);
#6352 = CARTESIAN_POINT('',(302.55625000001,8.250000000022,
    13.387974034051));
#6353 = VECTOR('',#6354,1.);
#6354 = DIRECTION('',(0.,1.224646799147E-16,-1.));
#6355 = ORIENTED_EDGE('',*,*,#6220,.T.);
#6356 = ORIENTED_EDGE('',*,*,#6316,.F.);
#6357 = PLANE('',#6358);
#6358 = AXIS2_PLACEMENT_3D('',#6359,#6360,#6361);
#6359 = CARTESIAN_POINT('',(301.05625000001,8.250000000022,
    13.387974034051));
#6360 = DIRECTION('',(0.,1.,1.224646799147E-16));
#6361 = DIRECTION('',(1.,0.,-0.));
#6362 = ADVANCED_FACE('',(#6363),#6374,.T.);
#6363 = FACE_BOUND('',#6364,.T.);
#6364 = EDGE_LOOP('',(#6365,#6366,#6367,#6368));
#6365 = ORIENTED_EDGE('',*,*,#4297,.T.);
#6366 = ORIENTED_EDGE('',*,*,#6335,.T.);
#6367 = ORIENTED_EDGE('',*,*,#6164,.T.);
#6368 = ORIENTED_EDGE('',*,*,#6369,.F.);
#6369 = EDGE_CURVE('',#4289,#6157,#6370,.T.);
#6370 = LINE('',#6371,#6372);
#6371 = CARTESIAN_POINT('',(305.05625000001,8.250000000022,
    13.387974034051));
#6372 = VECTOR('',#6373,1.);
#6373 = DIRECTION('',(0.,1.224646799147E-16,-1.));
#6374 = PLANE('',#6375);
#6375 = AXIS2_PLACEMENT_3D('',#6376,#6377,#6378);
#6376 = CARTESIAN_POINT('',(305.05625000001,8.250000000022,
    13.387974034051));
#6377 = DIRECTION('',(-1.,0.,0.));
#6378 = DIRECTION('',(0.,1.,-1.836970198721E-16));
#6379 = ADVANCED_FACE('',(#6380),#6391,.T.);
#6380 = FACE_BOUND('',#6381,.T.);
#6381 = EDGE_LOOP('',(#6382,#6383,#6389,#6390));
#6382 = ORIENTED_EDGE('',*,*,#4259,.T.);
#6383 = ORIENTED_EDGE('',*,*,#6384,.T.);
#6384 = EDGE_CURVE('',#4260,#6141,#6385,.T.);
#6385 = LINE('',#6386,#6387);
#6386 = CARTESIAN_POINT('',(302.55625000001,6.750000000022,
    13.387974034051));
#6387 = VECTOR('',#6388,1.);
#6388 = DIRECTION('',(0.,1.224646799147E-16,-1.));
#6389 = ORIENTED_EDGE('',*,*,#6228,.T.);
#6390 = ORIENTED_EDGE('',*,*,#6350,.F.);
#6391 = PLANE('',#6392);
#6392 = AXIS2_PLACEMENT_3D('',#6393,#6394,#6395);
#6393 = CARTESIAN_POINT('',(302.55625000001,8.250000000022,
    13.387974034051));
#6394 = DIRECTION('',(1.,0.,0.));
#6395 = DIRECTION('',(0.,-1.,1.836970198721E-16));
#6396 = ADVANCED_FACE('',(#6397),#6408,.T.);
#6397 = FACE_BOUND('',#6398,.T.);
#6398 = EDGE_LOOP('',(#6399,#6400,#6401,#6402));
#6399 = ORIENTED_EDGE('',*,*,#4288,.T.);
#6400 = ORIENTED_EDGE('',*,*,#6369,.T.);
#6401 = ORIENTED_EDGE('',*,*,#6156,.T.);
#6402 = ORIENTED_EDGE('',*,*,#6403,.F.);
#6403 = EDGE_CURVE('',#4280,#6149,#6404,.T.);
#6404 = LINE('',#6405,#6406);
#6405 = CARTESIAN_POINT('',(303.55625000001,8.250000000022,
    13.387974034051));
#6406 = VECTOR('',#6407,1.);
#6407 = DIRECTION('',(0.,1.224646799147E-16,-1.));
#6408 = PLANE('',#6409);
#6409 = AXIS2_PLACEMENT_3D('',#6410,#6411,#6412);
#6410 = CARTESIAN_POINT('',(303.55625000001,8.250000000022,
    13.387974034051));
#6411 = DIRECTION('',(0.,1.,1.224646799147E-16));
#6412 = DIRECTION('',(1.,0.,-0.));
#6413 = ADVANCED_FACE('',(#6414),#6425,.T.);
#6414 = FACE_BOUND('',#6415,.T.);
#6415 = EDGE_LOOP('',(#6416,#6417,#6423,#6424));
#6416 = ORIENTED_EDGE('',*,*,#4268,.T.);
#6417 = ORIENTED_EDGE('',*,*,#6418,.T.);
#6418 = EDGE_CURVE('',#4269,#6139,#6419,.T.);
#6419 = LINE('',#6420,#6421);
#6420 = CARTESIAN_POINT('',(303.55625000001,6.750000000022,
    13.387974034051));
#6421 = VECTOR('',#6422,1.);
#6422 = DIRECTION('',(0.,1.224646799147E-16,-1.));
#6423 = ORIENTED_EDGE('',*,*,#6138,.T.);
#6424 = ORIENTED_EDGE('',*,*,#6384,.F.);
#6425 = PLANE('',#6426);
#6426 = AXIS2_PLACEMENT_3D('',#6427,#6428,#6429);
#6427 = CARTESIAN_POINT('',(302.55625000001,6.750000000022,
    13.387974034051));
#6428 = DIRECTION('',(0.,1.,1.224646799147E-16));
#6429 = DIRECTION('',(1.,0.,-0.));
#6430 = ADVANCED_FACE('',(#6431),#6437,.T.);
#6431 = FACE_BOUND('',#6432,.T.);
#6432 = EDGE_LOOP('',(#6433,#6434,#6435,#6436));
#6433 = ORIENTED_EDGE('',*,*,#4279,.T.);
#6434 = ORIENTED_EDGE('',*,*,#6403,.T.);
#6435 = ORIENTED_EDGE('',*,*,#6148,.T.);
#6436 = ORIENTED_EDGE('',*,*,#6418,.F.);
#6437 = PLANE('',#6438);
#6438 = AXIS2_PLACEMENT_3D('',#6439,#6440,#6441);
#6439 = CARTESIAN_POINT('',(303.55625000001,6.750000000022,
    13.387974034051));
#6440 = DIRECTION('',(-1.,0.,0.));
#6441 = DIRECTION('',(0.,1.,-1.836970198721E-16));
#6442 = ADVANCED_FACE('',(#6443),#6459,.F.);
#6443 = FACE_BOUND('',#6444,.T.);
#6444 = EDGE_LOOP('',(#6445,#6446,#6452,#6453));
#6445 = ORIENTED_EDGE('',*,*,#4654,.F.);
#6446 = ORIENTED_EDGE('',*,*,#6447,.F.);
#6447 = EDGE_CURVE('',#1909,#4647,#6448,.T.);
#6448 = LINE('',#6449,#6450);
#6449 = CARTESIAN_POINT('',(312.73125000001,8.912500000013,
    4.170941870688));
#6450 = VECTOR('',#6451,1.);
#6451 = DIRECTION('',(0.,-1.,0.));
#6452 = ORIENTED_EDGE('',*,*,#1908,.T.);
#6453 = ORIENTED_EDGE('',*,*,#6454,.T.);
#6454 = EDGE_CURVE('',#1901,#4655,#6455,.T.);
#6455 = LINE('',#6456,#6457);
#6456 = CARTESIAN_POINT('',(313.38125000001,8.912500000013,
    4.170941870688));
#6457 = VECTOR('',#6458,1.);
#6458 = DIRECTION('',(0.,-1.,0.));
#6459 = PLANE('',#6460);
#6460 = AXIS2_PLACEMENT_3D('',#6461,#6462,#6463);
#6461 = CARTESIAN_POINT('',(263.05625000001,9.075000000012,
    4.170941870688));
#6462 = DIRECTION('',(0.,0.,1.));
#6463 = DIRECTION('',(1.,0.,-0.));
#6464 = ADVANCED_FACE('',(#6465),#6471,.F.);
#6465 = FACE_BOUND('',#6466,.T.);
#6466 = EDGE_LOOP('',(#6467,#6468,#6469,#6470));
#6467 = ORIENTED_EDGE('',*,*,#4646,.T.);
#6468 = ORIENTED_EDGE('',*,*,#3578,.T.);
#6469 = ORIENTED_EDGE('',*,*,#1917,.T.);
#6470 = ORIENTED_EDGE('',*,*,#6447,.T.);
#6471 = PLANE('',#6472);
#6472 = AXIS2_PLACEMENT_3D('',#6473,#6474,#6475);
#6473 = CARTESIAN_POINT('',(312.73125000001,8.750000000007,
    6.070941870688));
#6474 = DIRECTION('',(1.,0.,0.));
#6475 = DIRECTION('',(0.,-1.,0.));
#6476 = ADVANCED_FACE('',(#6477),#6483,.T.);
#6477 = FACE_BOUND('',#6478,.T.);
#6478 = EDGE_LOOP('',(#6479,#6480,#6481,#6482));
#6479 = ORIENTED_EDGE('',*,*,#4662,.T.);
#6480 = ORIENTED_EDGE('',*,*,#6454,.F.);
#6481 = ORIENTED_EDGE('',*,*,#1900,.T.);
#6482 = ORIENTED_EDGE('',*,*,#797,.T.);
#6483 = PLANE('',#6484);
#6484 = AXIS2_PLACEMENT_3D('',#6485,#6486,#6487);
#6485 = CARTESIAN_POINT('',(313.38125000001,8.750000000007,
    6.070941870688));
#6486 = DIRECTION('',(1.,0.,0.));
#6487 = DIRECTION('',(0.,-1.,0.));
#6488 = ADVANCED_FACE('',(#6489),#6500,.F.);
#6489 = FACE_BOUND('',#6490,.T.);
#6490 = EDGE_LOOP('',(#6491,#6492,#6493,#6494));
#6491 = ORIENTED_EDGE('',*,*,#4770,.T.);
#6492 = ORIENTED_EDGE('',*,*,#1804,.T.);
#6493 = ORIENTED_EDGE('',*,*,#687,.T.);
#6494 = ORIENTED_EDGE('',*,*,#6495,.T.);
#6495 = EDGE_CURVE('',#679,#4771,#6496,.T.);
#6496 = LINE('',#6497,#6498);
#6497 = CARTESIAN_POINT('',(274.68125000001,8.912500000013,
    4.170941870688));
#6498 = VECTOR('',#6499,1.);
#6499 = DIRECTION('',(0.,-1.,0.));
#6500 = PLANE('',#6501);
#6501 = AXIS2_PLACEMENT_3D('',#6502,#6503,#6504);
#6502 = CARTESIAN_POINT('',(274.68125000001,8.750000000007,
    6.070941870688));
#6503 = DIRECTION('',(1.,0.,0.));
#6504 = DIRECTION('',(0.,-1.,0.));
#6505 = ADVANCED_FACE('',(#6506),#6517,.T.);
#6506 = FACE_BOUND('',#6507,.T.);
#6507 = EDGE_LOOP('',(#6508,#6509,#6515,#6516));
#6508 = ORIENTED_EDGE('',*,*,#4786,.T.);
#6509 = ORIENTED_EDGE('',*,*,#6510,.F.);
#6510 = EDGE_CURVE('',#671,#4779,#6511,.T.);
#6511 = LINE('',#6512,#6513);
#6512 = CARTESIAN_POINT('',(275.33125000001,8.912500000013,
    4.170941870688));
#6513 = VECTOR('',#6514,1.);
#6514 = DIRECTION('',(0.,-1.,0.));
#6515 = ORIENTED_EDGE('',*,*,#670,.T.);
#6516 = ORIENTED_EDGE('',*,*,#1678,.T.);
#6517 = PLANE('',#6518);
#6518 = AXIS2_PLACEMENT_3D('',#6519,#6520,#6521);
#6519 = CARTESIAN_POINT('',(275.33125000001,8.750000000007,
    6.070941870688));
#6520 = DIRECTION('',(1.,0.,0.));
#6521 = DIRECTION('',(0.,-1.,0.));
#6522 = ADVANCED_FACE('',(#6523),#6529,.F.);
#6523 = FACE_BOUND('',#6524,.T.);
#6524 = EDGE_LOOP('',(#6525,#6526,#6527,#6528));
#6525 = ORIENTED_EDGE('',*,*,#4778,.F.);
#6526 = ORIENTED_EDGE('',*,*,#6495,.F.);
#6527 = ORIENTED_EDGE('',*,*,#678,.T.);
#6528 = ORIENTED_EDGE('',*,*,#6510,.T.);
#6529 = PLANE('',#6530);
#6530 = AXIS2_PLACEMENT_3D('',#6531,#6532,#6533);
#6531 = CARTESIAN_POINT('',(263.05625000001,9.075000000012,
    4.170941870688));
#6532 = DIRECTION('',(0.,0.,1.));
#6533 = DIRECTION('',(1.,0.,-0.));
#6534 = ADVANCED_FACE('',(#6535),#6546,.T.);
#6535 = FACE_BOUND('',#6536,.T.);
#6536 = EDGE_LOOP('',(#6537,#6538,#6539,#6540));
#6537 = ORIENTED_EDGE('',*,*,#503,.T.);
#6538 = ORIENTED_EDGE('',*,*,#1668,.T.);
#6539 = ORIENTED_EDGE('',*,*,#645,.T.);
#6540 = ORIENTED_EDGE('',*,*,#6541,.T.);
#6541 = EDGE_CURVE('',#637,#504,#6542,.T.);
#6542 = LINE('',#6543,#6544);
#6543 = CARTESIAN_POINT('',(263.05625000001,8.42500000001,4.170941870688
    ));
#6544 = VECTOR('',#6545,1.);
#6545 = DIRECTION('',(1.,-4.042198674546E-13,0.));
#6546 = PLANE('',#6547);
#6547 = AXIS2_PLACEMENT_3D('',#6548,#6549,#6550);
#6548 = CARTESIAN_POINT('',(263.05625000001,8.42500000001,6.070941870688
    ));
#6549 = DIRECTION('',(-4.042198674546E-13,-1.,0.));
#6550 = DIRECTION('',(-0.,0.,-1.));
#6551 = ADVANCED_FACE('',(#6552),#6564,.F.);
#6552 = FACE_BOUND('',#6553,.F.);
#6553 = EDGE_LOOP('',(#6554,#6555,#6556,#6563));
#6554 = ORIENTED_EDGE('',*,*,#1454,.F.);
#6555 = ORIENTED_EDGE('',*,*,#624,.F.);
#6556 = ORIENTED_EDGE('',*,*,#6557,.T.);
#6557 = EDGE_CURVE('',#625,#512,#6558,.T.);
#6558 = B_SPLINE_CURVE_WITH_KNOTS('',3,(#6559,#6560,#6561,#6562),
  .UNSPECIFIED.,.F.,.F.,(4,4),(-136.4176945932,-114.332382347),
  .PIECEWISE_BEZIER_KNOTS.);
#6559 = CARTESIAN_POINT('',(277.98859387688,9.075000000004,
    4.170941870688));
#6560 = CARTESIAN_POINT('',(285.35036462562,9.074999999997,
    4.170941870688));
#6561 = CARTESIAN_POINT('',(292.71213537436,9.075000000004,
    4.170941870688));
#6562 = CARTESIAN_POINT('',(300.0739061231,9.074999999997,4.170941870688
    ));
#6563 = ORIENTED_EDGE('',*,*,#520,.F.);
#6564 = B_SPLINE_SURFACE_WITH_KNOTS('',1,1,(
    (#6565,#6566,#6567,#6568)
    ,(#6569,#6570,#6571,#6572)
    ,(#6573,#6574,#6575,#6576)
    ,(#6577,#6578,#6579,#6580
    )),.UNSPECIFIED.,.F.,.F.,.F.,(2,1,1,2),(2,1,1,2),(-47.825,
    2.025046796916E-13,18.,160.35003847013),(-1.,0.,3.,10.5),
  .UNSPECIFIED.);
#6565 = CARTESIAN_POINT('',(206.23125000001,9.075000000041,
    3.570941870688));
#6566 = CARTESIAN_POINT('',(206.23125000001,9.075000000041,
    4.570941870688));
#6567 = CARTESIAN_POINT('',(206.23125000001,9.075000000041,
    7.570941870688));
#6568 = CARTESIAN_POINT('',(206.23125000001,9.075000000041,
    15.070941870688));
#6569 = CARTESIAN_POINT('',(254.05625000001,9.075000000019,
    3.570941870688));
#6570 = CARTESIAN_POINT('',(254.05625000001,9.075000000019,
    4.570941870688));
#6571 = CARTESIAN_POINT('',(254.05625000001,9.075000000019,
    7.570941870688));
#6572 = CARTESIAN_POINT('',(254.05625000001,9.075000000019,
    15.070941870688));
#6573 = CARTESIAN_POINT('',(272.05625000001,9.075000000012,
    3.570941870688));
#6574 = CARTESIAN_POINT('',(272.05625000001,9.075000000012,
    4.570941870688));
#6575 = CARTESIAN_POINT('',(272.05625000001,9.075000000012,
    7.570941870688));
#6576 = CARTESIAN_POINT('',(272.05625000001,9.075000000012,
    15.070941870688));
#6577 = CARTESIAN_POINT('',(414.40628847016,9.074999999953,
    3.570941870688));
#6578 = CARTESIAN_POINT('',(414.40628847016,9.074999999953,
    4.570941870688));
#6579 = CARTESIAN_POINT('',(414.40628847016,9.074999999953,
    7.570941870688));
#6580 = CARTESIAN_POINT('',(414.40628847016,9.074999999953,
    15.070941870688));
#6581 = ADVANCED_FACE('',(#6582),#6588,.F.);
#6582 = FACE_BOUND('',#6583,.T.);
#6583 = EDGE_LOOP('',(#6584,#6585,#6586,#6587));
#6584 = ORIENTED_EDGE('',*,*,#511,.T.);
#6585 = ORIENTED_EDGE('',*,*,#6541,.F.);
#6586 = ORIENTED_EDGE('',*,*,#636,.T.);
#6587 = ORIENTED_EDGE('',*,*,#6557,.T.);
#6588 = PLANE('',#6589);
#6589 = AXIS2_PLACEMENT_3D('',#6590,#6591,#6592);
#6590 = CARTESIAN_POINT('',(263.05625000001,9.075000000012,
    4.170941870688));
#6591 = DIRECTION('',(0.,0.,1.));
#6592 = DIRECTION('',(1.,0.,-0.));
#6593 = ADVANCED_FACE('',(#6594),#6606,.F.);
#6594 = FACE_BOUND('',#6595,.F.);
#6595 = EDGE_LOOP('',(#6596,#6597,#6598,#6605));
#6596 = ORIENTED_EDGE('',*,*,#1528,.F.);
#6597 = ORIENTED_EDGE('',*,*,#1872,.F.);
#6598 = ORIENTED_EDGE('',*,*,#6599,.T.);
#6599 = EDGE_CURVE('',#1873,#4551,#6600,.T.);
#6600 = B_SPLINE_CURVE_WITH_KNOTS('',3,(#6601,#6602,#6603,#6604),
  .UNSPECIFIED.,.F.,.F.,(4,4),(-98.36769459325,-95.4636312267),
  .PIECEWISE_BEZIER_KNOTS.);
#6601 = CARTESIAN_POINT('',(316.0385938769,9.074999999997,4.170941870688
    ));
#6602 = CARTESIAN_POINT('',(317.00661499908,9.074999999997,
    4.170941870688));
#6603 = CARTESIAN_POINT('',(317.97463612127,9.074999999997,
    4.170941870688));
#6604 = CARTESIAN_POINT('',(318.94265724345,9.074999999997,
    4.170941870688));
#6605 = ORIENTED_EDGE('',*,*,#4550,.F.);
#6606 = B_SPLINE_SURFACE_WITH_KNOTS('',1,1,(
    (#6607,#6608,#6609,#6610)
    ,(#6611,#6612,#6613,#6614)
    ,(#6615,#6616,#6617,#6618)
    ,(#6619,#6620,#6621,#6622
    )),.UNSPECIFIED.,.F.,.F.,.F.,(2,1,1,2),(2,1,1,2),(-47.825,
    2.025046796916E-13,18.,160.35003847013),(-1.,0.,3.,10.5),
  .UNSPECIFIED.);
#6607 = CARTESIAN_POINT('',(206.23125000001,9.075000000041,
    3.570941870688));
#6608 = CARTESIAN_POINT('',(206.23125000001,9.075000000041,
    4.570941870688));
#6609 = CARTESIAN_POINT('',(206.23125000001,9.075000000041,
    7.570941870688));
#6610 = CARTESIAN_POINT('',(206.23125000001,9.075000000041,
    15.070941870688));
#6611 = CARTESIAN_POINT('',(254.05625000001,9.075000000019,
    3.570941870688));
#6612 = CARTESIAN_POINT('',(254.05625000001,9.075000000019,
    4.570941870688));
#6613 = CARTESIAN_POINT('',(254.05625000001,9.075000000019,
    7.570941870688));
#6614 = CARTESIAN_POINT('',(254.05625000001,9.075000000019,
    15.070941870688));
#6615 = CARTESIAN_POINT('',(272.05625000001,9.075000000012,
    3.570941870688));
#6616 = CARTESIAN_POINT('',(272.05625000001,9.075000000012,
    4.570941870688));
#6617 = CARTESIAN_POINT('',(272.05625000001,9.075000000012,
    7.570941870688));
#6618 = CARTESIAN_POINT('',(272.05625000001,9.075000000012,
    15.070941870688));
#6619 = CARTESIAN_POINT('',(414.40628847016,9.074999999953,
    3.570941870688));
#6620 = CARTESIAN_POINT('',(414.40628847016,9.074999999953,
    4.570941870688));
#6621 = CARTESIAN_POINT('',(414.40628847016,9.074999999953,
    7.570941870688));
#6622 = CARTESIAN_POINT('',(414.40628847016,9.074999999953,
    15.070941870688));
#6623 = ADVANCED_FACE('',(#6624),#6635,.T.);
#6624 = FACE_BOUND('',#6625,.T.);
#6625 = EDGE_LOOP('',(#6626,#6627,#6628,#6629));
#6626 = ORIENTED_EDGE('',*,*,#4595,.T.);
#6627 = ORIENTED_EDGE('',*,*,#826,.T.);
#6628 = ORIENTED_EDGE('',*,*,#1893,.T.);
#6629 = ORIENTED_EDGE('',*,*,#6630,.T.);
#6630 = EDGE_CURVE('',#1885,#4596,#6631,.T.);
#6631 = LINE('',#6632,#6633);
#6632 = CARTESIAN_POINT('',(263.05625000001,8.42500000001,4.170941870688
    ));
#6633 = VECTOR('',#6634,1.);
#6634 = DIRECTION('',(1.,-4.042198674546E-13,0.));
#6635 = PLANE('',#6636);
#6636 = AXIS2_PLACEMENT_3D('',#6637,#6638,#6639);
#6637 = CARTESIAN_POINT('',(263.05625000001,8.42500000001,6.070941870688
    ));
#6638 = DIRECTION('',(-4.042198674546E-13,-1.,0.));
#6639 = DIRECTION('',(-0.,0.,-1.));
#6640 = ADVANCED_FACE('',(#6641),#6647,.F.);
#6641 = FACE_BOUND('',#6642,.T.);
#6642 = EDGE_LOOP('',(#6643,#6644,#6645,#6646));
#6643 = ORIENTED_EDGE('',*,*,#4610,.F.);
#6644 = ORIENTED_EDGE('',*,*,#6630,.F.);
#6645 = ORIENTED_EDGE('',*,*,#1884,.T.);
#6646 = ORIENTED_EDGE('',*,*,#6599,.T.);
#6647 = PLANE('',#6648);
#6648 = AXIS2_PLACEMENT_3D('',#6649,#6650,#6651);
#6649 = CARTESIAN_POINT('',(263.05625000001,9.075000000012,
    4.170941870688));
#6650 = DIRECTION('',(0.,0.,1.));
#6651 = DIRECTION('',(1.,0.,-0.));
#6652 = ADVANCED_FACE('',(#6653),#6664,.T.);
#6653 = FACE_BOUND('',#6654,.T.);
#6654 = EDGE_LOOP('',(#6655,#6656,#6662,#6663));
#6655 = ORIENTED_EDGE('',*,*,#390,.T.);
#6656 = ORIENTED_EDGE('',*,*,#6657,.F.);
#6657 = EDGE_CURVE('',#4372,#382,#6658,.T.);
#6658 = LINE('',#6659,#6660);
#6659 = CARTESIAN_POINT('',(303.38125000002,8.912500000013,
    4.170941870688));
#6660 = VECTOR('',#6661,1.);
#6661 = DIRECTION('',(0.,-1.,0.));
#6662 = ORIENTED_EDGE('',*,*,#4371,.T.);
#6663 = ORIENTED_EDGE('',*,*,#1630,.T.);
#6664 = PLANE('',#6665);
#6665 = AXIS2_PLACEMENT_3D('',#6666,#6667,#6668);
#6666 = CARTESIAN_POINT('',(303.38125000002,8.750000000007,
    6.070941870688));
#6667 = DIRECTION('',(1.,0.,0.));
#6668 = DIRECTION('',(0.,-1.,0.));
#6669 = ADVANCED_FACE('',(#6670),#6682,.F.);
#6670 = FACE_BOUND('',#6671,.T.);
#6671 = EDGE_LOOP('',(#6672,#6673,#6674,#6680,#6681));
#6672 = ORIENTED_EDGE('',*,*,#381,.T.);
#6673 = ORIENTED_EDGE('',*,*,#557,.T.);
#6674 = ORIENTED_EDGE('',*,*,#6675,.F.);
#6675 = EDGE_CURVE('',#4380,#550,#6676,.T.);
#6676 = LINE('',#6677,#6678);
#6677 = CARTESIAN_POINT('',(302.73125000002,8.912500000013,
    4.170941870688));
#6678 = VECTOR('',#6679,1.);
#6679 = DIRECTION('',(0.,-1.,0.));
#6680 = ORIENTED_EDGE('',*,*,#4379,.F.);
#6681 = ORIENTED_EDGE('',*,*,#6657,.T.);
#6682 = PLANE('',#6683);
#6683 = AXIS2_PLACEMENT_3D('',#6684,#6685,#6686);
#6684 = CARTESIAN_POINT('',(263.05625000001,9.075000000012,
    4.170941870688));
#6685 = DIRECTION('',(0.,0.,1.));
#6686 = DIRECTION('',(1.,0.,-0.));
#6687 = ADVANCED_FACE('',(#6688),#6694,.F.);
#6688 = FACE_BOUND('',#6689,.F.);
#6689 = EDGE_LOOP('',(#6690,#6691,#6692,#6693));
#6690 = ORIENTED_EDGE('',*,*,#6675,.F.);
#6691 = ORIENTED_EDGE('',*,*,#4387,.F.);
#6692 = ORIENTED_EDGE('',*,*,#1464,.F.);
#6693 = ORIENTED_EDGE('',*,*,#549,.F.);
#6694 = PLANE('',#6695);
#6695 = AXIS2_PLACEMENT_3D('',#6696,#6697,#6698);
#6696 = CARTESIAN_POINT('',(302.73125000002,8.750000000007,
    6.070941870688));
#6697 = DIRECTION('',(1.,0.,0.));
#6698 = DIRECTION('',(0.,-1.,0.));
#6699 = ADVANCED_FACE('',(#6700),#6711,.T.);
#6700 = FACE_BOUND('',#6701,.T.);
#6701 = EDGE_LOOP('',(#6702,#6703,#6709,#6710));
#6702 = ORIENTED_EDGE('',*,*,#173,.T.);
#6703 = ORIENTED_EDGE('',*,*,#6704,.T.);
#6704 = EDGE_CURVE('',#165,#4418,#6705,.T.);
#6705 = LINE('',#6706,#6707);
#6706 = CARTESIAN_POINT('',(263.38125000002,8.912500000013,
    4.170941870688));
#6707 = VECTOR('',#6708,1.);
#6708 = DIRECTION('',(2.021099337273E-13,1.,0.));
#6709 = ORIENTED_EDGE('',*,*,#4417,.T.);
#6710 = ORIENTED_EDGE('',*,*,#1746,.T.);
#6711 = PLANE('',#6712);
#6712 = AXIS2_PLACEMENT_3D('',#6713,#6714,#6715);
#6713 = CARTESIAN_POINT('',(263.38125000002,8.750000000007,
    6.070941870688));
#6714 = DIRECTION('',(1.,-2.021099337273E-13,0.));
#6715 = DIRECTION('',(0.,0.,-1.));
#6716 = ADVANCED_FACE('',(#6717),#6729,.F.);
#6717 = FACE_BOUND('',#6718,.F.);
#6718 = EDGE_LOOP('',(#6719,#6726,#6727,#6728));
#6719 = ORIENTED_EDGE('',*,*,#6720,.T.);
#6720 = EDGE_CURVE('',#337,#4426,#6721,.T.);
#6721 = B_SPLINE_CURVE_WITH_KNOTS('',3,(#6722,#6723,#6724,#6725),
  .UNSPECIFIED.,.F.,.F.,(4,4),(-8.717656123095,-4.319684926857),
  .PIECEWISE_BEZIER_KNOTS.);
#6722 = CARTESIAN_POINT('',(262.73125000001,11.732343876916,
    4.170941870688));
#6723 = CARTESIAN_POINT('',(262.73125000001,13.198334275665,
    4.170941870688));
#6724 = CARTESIAN_POINT('',(262.73125000001,14.664324674399,
    4.170941870688));
#6725 = CARTESIAN_POINT('',(262.73125000001,16.130315073147,
    4.170941870688));
#6726 = ORIENTED_EDGE('',*,*,#4433,.F.);
#6727 = ORIENTED_EDGE('',*,*,#924,.F.);
#6728 = ORIENTED_EDGE('',*,*,#336,.F.);
#6729 = B_SPLINE_SURFACE_WITH_KNOTS('',1,1,(
    (#6730,#6731,#6732,#6733)
    ,(#6734,#6735,#6736,#6737)
    ,(#6738,#6739,#6740,#6741)
    ,(#6742,#6743,#6744,#6745
    )),.UNSPECIFIED.,.F.,.F.,.F.,(2,1,1,2),(2,1,1,2),(-66.20000000002,
    -3.4354741274E-12,18.000000000003,20.700000000005),(-1.,0.,3.,10.5),
  .UNSPECIFIED.);
#6730 = CARTESIAN_POINT('',(262.73125,-66.44999999999,3.570941870688));
#6731 = CARTESIAN_POINT('',(262.73125,-66.44999999999,4.570941870688));
#6732 = CARTESIAN_POINT('',(262.73125,-66.44999999999,7.570941870688));
#6733 = CARTESIAN_POINT('',(262.73125,-66.44999999999,15.070941870688));
#6734 = CARTESIAN_POINT('',(262.73125000001,-0.249999999993,
    3.570941870688));
#6735 = CARTESIAN_POINT('',(262.73125000001,-0.249999999993,
    4.570941870688));
#6736 = CARTESIAN_POINT('',(262.73125000001,-0.249999999993,
    7.570941870688));
#6737 = CARTESIAN_POINT('',(262.73125000001,-0.249999999993,
    15.070941870688));
#6738 = CARTESIAN_POINT('',(262.73125000001,17.750000000007,
    3.570941870688));
#6739 = CARTESIAN_POINT('',(262.73125000001,17.750000000007,
    4.570941870688));
#6740 = CARTESIAN_POINT('',(262.73125000001,17.750000000007,
    7.570941870688));
#6741 = CARTESIAN_POINT('',(262.73125000001,17.750000000007,
    15.070941870688));
#6742 = CARTESIAN_POINT('',(262.73125000001,20.450000000004,
    3.570941870688));
#6743 = CARTESIAN_POINT('',(262.73125000001,20.450000000004,
    4.570941870688));
#6744 = CARTESIAN_POINT('',(262.73125000001,20.450000000004,
    7.570941870688));
#6745 = CARTESIAN_POINT('',(262.73125000001,20.450000000004,
    15.070941870688));
#6746 = ADVANCED_FACE('',(#6747),#6754,.F.);
#6747 = FACE_BOUND('',#6748,.T.);
#6748 = EDGE_LOOP('',(#6749,#6750,#6751,#6752,#6753));
#6749 = ORIENTED_EDGE('',*,*,#164,.T.);
#6750 = ORIENTED_EDGE('',*,*,#348,.T.);
#6751 = ORIENTED_EDGE('',*,*,#6720,.T.);
#6752 = ORIENTED_EDGE('',*,*,#4425,.F.);
#6753 = ORIENTED_EDGE('',*,*,#6704,.F.);
#6754 = PLANE('',#6755);
#6755 = AXIS2_PLACEMENT_3D('',#6756,#6757,#6758);
#6756 = CARTESIAN_POINT('',(263.05625000001,9.075000000012,
    4.170941870688));
#6757 = DIRECTION('',(0.,0.,1.));
#6758 = DIRECTION('',(1.,0.,-0.));
#6759 = ADVANCED_FACE('',(#6760),#6778,.F.);
#6760 = FACE_BOUND('',#6761,.T.);
#6761 = EDGE_LOOP('',(#6762,#6763,#6771,#6777));
#6762 = ORIENTED_EDGE('',*,*,#4456,.T.);
#6763 = ORIENTED_EDGE('',*,*,#6764,.F.);
#6764 = EDGE_CURVE('',#6765,#4449,#6767,.T.);
#6765 = VERTEX_POINT('',#6766);
#6766 = CARTESIAN_POINT('',(243.68125000002,9.075000000012,
    4.170941870688));
#6767 = LINE('',#6768,#6769);
#6768 = CARTESIAN_POINT('',(243.68125000002,8.912500000013,
    4.170941870688));
#6769 = VECTOR('',#6770,1.);
#6770 = DIRECTION('',(0.,1.,0.));
#6771 = ORIENTED_EDGE('',*,*,#6772,.F.);
#6772 = EDGE_CURVE('',#1396,#6765,#6773,.T.);
#6773 = LINE('',#6774,#6775);
#6774 = CARTESIAN_POINT('',(243.68125000002,9.075000000012,
    6.070941870688));
#6775 = VECTOR('',#6776,1.);
#6776 = DIRECTION('',(0.,0.,-1.));
#6777 = ORIENTED_EDGE('',*,*,#1406,.T.);
#6778 = PLANE('',#6779);
#6779 = AXIS2_PLACEMENT_3D('',#6780,#6781,#6782);
#6780 = CARTESIAN_POINT('',(243.68125000002,8.750000000007,
    6.070941870688));
#6781 = DIRECTION('',(1.,0.,0.));
#6782 = DIRECTION('',(0.,-1.,0.));
#6783 = ADVANCED_FACE('',(#6784),#6802,.F.);
#6784 = FACE_BOUND('',#6785,.T.);
#6785 = EDGE_LOOP('',(#6786,#6787,#6795,#6801));
#6786 = ORIENTED_EDGE('',*,*,#984,.T.);
#6787 = ORIENTED_EDGE('',*,*,#6788,.F.);
#6788 = EDGE_CURVE('',#6789,#985,#6791,.T.);
#6789 = VERTEX_POINT('',#6790);
#6790 = CARTESIAN_POINT('',(243.68125000002,8.425000000017,
    4.170941870688));
#6791 = LINE('',#6792,#6793);
#6792 = CARTESIAN_POINT('',(243.68125000002,8.425000000017,
    6.070941870688));
#6793 = VECTOR('',#6794,1.);
#6794 = DIRECTION('',(0.,0.,1.));
#6795 = ORIENTED_EDGE('',*,*,#6796,.F.);
#6796 = EDGE_CURVE('',#4725,#6789,#6797,.T.);
#6797 = LINE('',#6798,#6799);
#6798 = CARTESIAN_POINT('',(243.68125000002,8.912500000013,
    4.170941870688));
#6799 = VECTOR('',#6800,1.);
#6800 = DIRECTION('',(0.,1.,0.));
#6801 = ORIENTED_EDGE('',*,*,#4724,.T.);
#6802 = PLANE('',#6803);
#6803 = AXIS2_PLACEMENT_3D('',#6804,#6805,#6806);
#6804 = CARTESIAN_POINT('',(243.68125000002,8.750000000007,
    6.070941870688));
#6805 = DIRECTION('',(1.,0.,0.));
#6806 = DIRECTION('',(0.,-1.,0.));
#6807 = ADVANCED_FACE('',(#6808),#6858,.F.);
#6808 = FACE_BOUND('',#6809,.T.);
#6809 = EDGE_LOOP('',(#6810,#6811,#6819,#6826,#6827,#6835,#6841,#6842,
    #6843,#6849,#6850,#6857));
#6810 = ORIENTED_EDGE('',*,*,#4448,.F.);
#6811 = ORIENTED_EDGE('',*,*,#6812,.F.);
#6812 = EDGE_CURVE('',#6813,#4441,#6815,.T.);
#6813 = VERTEX_POINT('',#6814);
#6814 = CARTESIAN_POINT('',(244.33125000002,9.075000000012,
    4.170941870688));
#6815 = LINE('',#6816,#6817);
#6816 = CARTESIAN_POINT('',(244.33125000002,8.912500000013,
    4.170941870688));
#6817 = VECTOR('',#6818,1.);
#6818 = DIRECTION('',(0.,1.,0.));
#6819 = ORIENTED_EDGE('',*,*,#6820,.T.);
#6820 = EDGE_CURVE('',#6813,#299,#6821,.T.);
#6821 = B_SPLINE_CURVE_WITH_KNOTS('',3,(#6822,#6823,#6824,#6825),
  .UNSPECIFIED.,.F.,.F.,(4,4),(-27.72499999997,-11.98234387686),
  .PIECEWISE_BEZIER_KNOTS.);
#6822 = CARTESIAN_POINT('',(244.33125000004,9.075000000033,
    4.170941870688));
#6823 = CARTESIAN_POINT('',(249.57880204108,9.075000000033,
    4.170941870688));
#6824 = CARTESIAN_POINT('',(254.82635408211,9.075000000019,
    4.170941870688));
#6825 = CARTESIAN_POINT('',(260.07390612314,9.075000000012,
    4.170941870688));
#6826 = ORIENTED_EDGE('',*,*,#298,.T.);
#6827 = ORIENTED_EDGE('',*,*,#6828,.F.);
#6828 = EDGE_CURVE('',#6829,#291,#6831,.T.);
#6829 = VERTEX_POINT('',#6830);
#6830 = CARTESIAN_POINT('',(244.33125000002,8.425000000017,
    4.170941870688));
#6831 = LINE('',#6832,#6833);
#6832 = CARTESIAN_POINT('',(263.05625000001,8.42500000001,4.170941870688
    ));
#6833 = VECTOR('',#6834,1.);
#6834 = DIRECTION('',(1.,-4.042198674546E-13,0.));
#6835 = ORIENTED_EDGE('',*,*,#6836,.F.);
#6836 = EDGE_CURVE('',#4733,#6829,#6837,.T.);
#6837 = LINE('',#6838,#6839);
#6838 = CARTESIAN_POINT('',(244.33125000002,8.912500000013,
    4.170941870688));
#6839 = VECTOR('',#6840,1.);
#6840 = DIRECTION('',(0.,1.,0.));
#6841 = ORIENTED_EDGE('',*,*,#4732,.F.);
#6842 = ORIENTED_EDGE('',*,*,#6796,.T.);
#6843 = ORIENTED_EDGE('',*,*,#6844,.F.);
#6844 = EDGE_CURVE('',#2147,#6789,#6845,.T.);
#6845 = LINE('',#6846,#6847);
#6846 = CARTESIAN_POINT('',(263.05625000001,8.42500000001,4.170941870688
    ));
#6847 = VECTOR('',#6848,1.);
#6848 = DIRECTION('',(1.,-4.042198674546E-13,0.));
#6849 = ORIENTED_EDGE('',*,*,#2146,.T.);
#6850 = ORIENTED_EDGE('',*,*,#6851,.T.);
#6851 = EDGE_CURVE('',#2135,#6765,#6852,.T.);
#6852 = B_SPLINE_CURVE_WITH_KNOTS('',3,(#6853,#6854,#6855,#6856),
  .UNSPECIFIED.,.F.,.F.,(4,4),(-46.0176561231,-28.37499999998),
  .PIECEWISE_BEZIER_KNOTS.);
#6853 = CARTESIAN_POINT('',(226.0385938769,9.075000000033,4.170941870688
    ));
#6854 = CARTESIAN_POINT('',(231.91947925128,9.075000000033,
    4.170941870688));
#6855 = CARTESIAN_POINT('',(237.80036462565,9.075000000026,
    4.170941870688));
#6856 = CARTESIAN_POINT('',(243.68125000003,9.075000000019,
    4.170941870688));
#6857 = ORIENTED_EDGE('',*,*,#6764,.T.);
#6858 = PLANE('',#6859);
#6859 = AXIS2_PLACEMENT_3D('',#6860,#6861,#6862);
#6860 = CARTESIAN_POINT('',(263.05625000001,9.075000000012,
    4.170941870688));
#6861 = DIRECTION('',(0.,0.,1.));
#6862 = DIRECTION('',(1.,0.,-0.));
#6863 = ADVANCED_FACE('',(#6864),#6875,.T.);
#6864 = FACE_BOUND('',#6865,.T.);
#6865 = EDGE_LOOP('',(#6866,#6867,#6868,#6874));
#6866 = ORIENTED_EDGE('',*,*,#4440,.T.);
#6867 = ORIENTED_EDGE('',*,*,#944,.T.);
#6868 = ORIENTED_EDGE('',*,*,#6869,.F.);
#6869 = EDGE_CURVE('',#6813,#913,#6870,.T.);
#6870 = LINE('',#6871,#6872);
#6871 = CARTESIAN_POINT('',(244.33125000002,9.075000000012,
    6.070941870688));
#6872 = VECTOR('',#6873,1.);
#6873 = DIRECTION('',(0.,0.,1.));
#6874 = ORIENTED_EDGE('',*,*,#6812,.T.);
#6875 = PLANE('',#6876);
#6876 = AXIS2_PLACEMENT_3D('',#6877,#6878,#6879);
#6877 = CARTESIAN_POINT('',(244.33125000002,8.750000000007,
    6.070941870688));
#6878 = DIRECTION('',(1.,0.,0.));
#6879 = DIRECTION('',(0.,-1.,0.));
#6880 = ADVANCED_FACE('',(#6881),#6887,.F.);
#6881 = FACE_BOUND('',#6882,.F.);
#6882 = EDGE_LOOP('',(#6883,#6884,#6885,#6886));
#6883 = ORIENTED_EDGE('',*,*,#6869,.F.);
#6884 = ORIENTED_EDGE('',*,*,#6820,.T.);
#6885 = ORIENTED_EDGE('',*,*,#307,.F.);
#6886 = ORIENTED_EDGE('',*,*,#912,.F.);
#6887 = B_SPLINE_SURFACE_WITH_KNOTS('',1,1,(
    (#6888,#6889,#6890,#6891)
    ,(#6892,#6893,#6894,#6895)
    ,(#6896,#6897,#6898,#6899
    )),.UNSPECIFIED.,.F.,.F.,.F.,(2,1,2),(2,1,1,2),(-149.1611586694,
    2.025046796916E-13,18.),(-113.9999999999,0.,3.,39.650002000038),
  .UNSPECIFIED.);
#6888 = CARTESIAN_POINT('',(104.89509133052,9.075000000077,
    -109.4290581292));
#6889 = CARTESIAN_POINT('',(104.89509133052,9.075000000077,
    4.570941870688));
#6890 = CARTESIAN_POINT('',(104.89509133052,9.075000000077,
    7.570941870688));
#6891 = CARTESIAN_POINT('',(104.89509133052,9.075000000077,
    44.220943870726));
#6892 = CARTESIAN_POINT('',(254.05625000001,9.075000000019,
    -109.4290581292));
#6893 = CARTESIAN_POINT('',(254.05625000001,9.075000000019,
    4.570941870688));
#6894 = CARTESIAN_POINT('',(254.05625000001,9.075000000019,
    7.570941870688));
#6895 = CARTESIAN_POINT('',(254.05625000001,9.075000000019,
    44.220943870726));
#6896 = CARTESIAN_POINT('',(272.05625000001,9.075000000012,
    -109.4290581292));
#6897 = CARTESIAN_POINT('',(272.05625000001,9.075000000012,
    4.570941870688));
#6898 = CARTESIAN_POINT('',(272.05625000001,9.075000000012,
    7.570941870688));
#6899 = CARTESIAN_POINT('',(272.05625000001,9.075000000012,
    44.220943870726));
#6900 = ADVANCED_FACE('',(#6901),#6907,.F.);
#6901 = FACE_BOUND('',#6902,.F.);
#6902 = EDGE_LOOP('',(#6903,#6904,#6905,#6906));
#6903 = ORIENTED_EDGE('',*,*,#2134,.F.);
#6904 = ORIENTED_EDGE('',*,*,#6851,.T.);
#6905 = ORIENTED_EDGE('',*,*,#6772,.F.);
#6906 = ORIENTED_EDGE('',*,*,#1395,.F.);
#6907 = B_SPLINE_SURFACE_WITH_KNOTS('',1,1,(
    (#6908,#6909,#6910,#6911)
    ,(#6912,#6913,#6914,#6915)
    ,(#6916,#6917,#6918,#6919
    )),.UNSPECIFIED.,.F.,.F.,.F.,(2,1,2),(2,1,1,2),(-149.1611586694,
    2.025046796916E-13,18.),(-113.9999999999,0.,3.,39.650002000038),
  .UNSPECIFIED.);
#6908 = CARTESIAN_POINT('',(104.89509133052,9.075000000077,
    -109.4290581292));
#6909 = CARTESIAN_POINT('',(104.89509133052,9.075000000077,
    4.570941870688));
#6910 = CARTESIAN_POINT('',(104.89509133052,9.075000000077,
    7.570941870688));
#6911 = CARTESIAN_POINT('',(104.89509133052,9.075000000077,
    44.220943870726));
#6912 = CARTESIAN_POINT('',(254.05625000001,9.075000000019,
    -109.4290581292));
#6913 = CARTESIAN_POINT('',(254.05625000001,9.075000000019,
    4.570941870688));
#6914 = CARTESIAN_POINT('',(254.05625000001,9.075000000019,
    7.570941870688));
#6915 = CARTESIAN_POINT('',(254.05625000001,9.075000000019,
    44.220943870726));
#6916 = CARTESIAN_POINT('',(272.05625000001,9.075000000012,
    -109.4290581292));
#6917 = CARTESIAN_POINT('',(272.05625000001,9.075000000012,
    4.570941870688));
#6918 = CARTESIAN_POINT('',(272.05625000001,9.075000000012,
    7.570941870688));
#6919 = CARTESIAN_POINT('',(272.05625000001,9.075000000012,
    44.220943870726));
#6920 = ADVANCED_FACE('',(#6921),#6927,.T.);
#6921 = FACE_BOUND('',#6922,.T.);
#6922 = EDGE_LOOP('',(#6923,#6924,#6925,#6926));
#6923 = ORIENTED_EDGE('',*,*,#2155,.T.);
#6924 = ORIENTED_EDGE('',*,*,#6844,.T.);
#6925 = ORIENTED_EDGE('',*,*,#6788,.T.);
#6926 = ORIENTED_EDGE('',*,*,#993,.T.);
#6927 = PLANE('',#6928);
#6928 = AXIS2_PLACEMENT_3D('',#6929,#6930,#6931);
#6929 = CARTESIAN_POINT('',(263.05625000001,8.42500000001,6.070941870688
    ));
#6930 = DIRECTION('',(-4.042198674546E-13,-1.,0.));
#6931 = DIRECTION('',(-0.,0.,-1.));
#6932 = ADVANCED_FACE('',(#6933),#6944,.T.);
#6933 = FACE_BOUND('',#6934,.T.);
#6934 = EDGE_LOOP('',(#6935,#6936,#6937,#6938));
#6935 = ORIENTED_EDGE('',*,*,#865,.T.);
#6936 = ORIENTED_EDGE('',*,*,#4740,.T.);
#6937 = ORIENTED_EDGE('',*,*,#6836,.T.);
#6938 = ORIENTED_EDGE('',*,*,#6939,.F.);
#6939 = EDGE_CURVE('',#855,#6829,#6940,.T.);
#6940 = LINE('',#6941,#6942);
#6941 = CARTESIAN_POINT('',(244.33125000002,8.425000000017,
    6.070941870688));
#6942 = VECTOR('',#6943,1.);
#6943 = DIRECTION('',(0.,0.,-1.));
#6944 = PLANE('',#6945);
#6945 = AXIS2_PLACEMENT_3D('',#6946,#6947,#6948);
#6946 = CARTESIAN_POINT('',(244.33125000002,8.750000000007,
    6.070941870688));
#6947 = DIRECTION('',(1.,0.,0.));
#6948 = DIRECTION('',(0.,-1.,0.));
#6949 = ADVANCED_FACE('',(#6950),#6956,.T.);
#6950 = FACE_BOUND('',#6951,.T.);
#6951 = EDGE_LOOP('',(#6952,#6953,#6954,#6955));
#6952 = ORIENTED_EDGE('',*,*,#290,.T.);
#6953 = ORIENTED_EDGE('',*,*,#854,.T.);
#6954 = ORIENTED_EDGE('',*,*,#6939,.T.);
#6955 = ORIENTED_EDGE('',*,*,#6828,.T.);
#6956 = PLANE('',#6957);
#6957 = AXIS2_PLACEMENT_3D('',#6958,#6959,#6960);
#6958 = CARTESIAN_POINT('',(263.05625000001,8.42500000001,6.070941870688
    ));
#6959 = DIRECTION('',(-4.042198674546E-13,-1.,0.));
#6960 = DIRECTION('',(-0.,0.,-1.));
#6961 = ADVANCED_FACE('',(#6962),#6973,.T.);
#6962 = FACE_BOUND('',#6963,.T.);
#6963 = EDGE_LOOP('',(#6964,#6965,#6971,#6972));
#6964 = ORIENTED_EDGE('',*,*,#4717,.T.);
#6965 = ORIENTED_EDGE('',*,*,#6966,.T.);
#6966 = EDGE_CURVE('',#4710,#2163,#6967,.T.);
#6967 = LINE('',#6968,#6969);
#6968 = CARTESIAN_POINT('',(223.38125000002,8.912500000013,
    4.170941870688));
#6969 = VECTOR('',#6970,1.);
#6970 = DIRECTION('',(0.,1.,0.));
#6971 = ORIENTED_EDGE('',*,*,#2162,.T.);
#6972 = ORIENTED_EDGE('',*,*,#1023,.T.);
#6973 = PLANE('',#6974);
#6974 = AXIS2_PLACEMENT_3D('',#6975,#6976,#6977);
#6975 = CARTESIAN_POINT('',(223.38125000002,8.750000000007,
    6.070941870688));
#6976 = DIRECTION('',(1.,0.,0.));
#6977 = DIRECTION('',(0.,-1.,0.));
#6978 = ADVANCED_FACE('',(#6979),#6990,.F.);
#6979 = FACE_BOUND('',#6980,.T.);
#6980 = EDGE_LOOP('',(#6981,#6982,#6988,#6989));
#6981 = ORIENTED_EDGE('',*,*,#4709,.F.);
#6982 = ORIENTED_EDGE('',*,*,#6983,.T.);
#6983 = EDGE_CURVE('',#4702,#2171,#6984,.T.);
#6984 = LINE('',#6985,#6986);
#6985 = CARTESIAN_POINT('',(222.73125000002,8.912500000013,
    4.170941870688));
#6986 = VECTOR('',#6987,1.);
#6987 = DIRECTION('',(0.,1.,0.));
#6988 = ORIENTED_EDGE('',*,*,#2170,.T.);
#6989 = ORIENTED_EDGE('',*,*,#6966,.F.);
#6990 = PLANE('',#6991);
#6991 = AXIS2_PLACEMENT_3D('',#6992,#6993,#6994);
#6992 = CARTESIAN_POINT('',(263.05625000001,9.075000000012,
    4.170941870688));
#6993 = DIRECTION('',(0.,0.,1.));
#6994 = DIRECTION('',(1.,0.,-0.));
#6995 = ADVANCED_FACE('',(#6996),#7002,.F.);
#6996 = FACE_BOUND('',#6997,.T.);
#6997 = EDGE_LOOP('',(#6998,#6999,#7000,#7001));
#6998 = ORIENTED_EDGE('',*,*,#4701,.T.);
#6999 = ORIENTED_EDGE('',*,*,#1233,.T.);
#7000 = ORIENTED_EDGE('',*,*,#2179,.T.);
#7001 = ORIENTED_EDGE('',*,*,#6983,.F.);
#7002 = PLANE('',#7003);
#7003 = AXIS2_PLACEMENT_3D('',#7004,#7005,#7006);
#7004 = CARTESIAN_POINT('',(222.73125000002,8.750000000007,
    6.070941870688));
#7005 = DIRECTION('',(1.,0.,0.));
#7006 = DIRECTION('',(0.,-1.,0.));
#7007 = ADVANCED_FACE('',(#7008),#7019,.T.);
#7008 = FACE_BOUND('',#7009,.T.);
#7009 = EDGE_LOOP('',(#7010,#7011,#7017,#7018));
#7010 = ORIENTED_EDGE('',*,*,#4694,.T.);
#7011 = ORIENTED_EDGE('',*,*,#7012,.T.);
#7012 = EDGE_CURVE('',#4687,#2743,#7013,.T.);
#7013 = LINE('',#7014,#7015);
#7014 = CARTESIAN_POINT('',(213.38125000001,8.912500000013,
    4.170941870688));
#7015 = VECTOR('',#7016,1.);
#7016 = DIRECTION('',(0.,1.,0.));
#7017 = ORIENTED_EDGE('',*,*,#2742,.T.);
#7018 = ORIENTED_EDGE('',*,*,#1213,.T.);
#7019 = PLANE('',#7020);
#7020 = AXIS2_PLACEMENT_3D('',#7021,#7022,#7023);
#7021 = CARTESIAN_POINT('',(213.38125000001,8.750000000007,
    6.070941870688));
#7022 = DIRECTION('',(1.,0.,0.));
#7023 = DIRECTION('',(0.,-1.,0.));
#7024 = ADVANCED_FACE('',(#7025),#7036,.F.);
#7025 = FACE_BOUND('',#7026,.T.);
#7026 = EDGE_LOOP('',(#7027,#7028,#7034,#7035));
#7027 = ORIENTED_EDGE('',*,*,#4686,.F.);
#7028 = ORIENTED_EDGE('',*,*,#7029,.T.);
#7029 = EDGE_CURVE('',#4679,#2751,#7030,.T.);
#7030 = LINE('',#7031,#7032);
#7031 = CARTESIAN_POINT('',(212.73125000001,8.912500000013,
    4.170941870688));
#7032 = VECTOR('',#7033,1.);
#7033 = DIRECTION('',(0.,1.,0.));
#7034 = ORIENTED_EDGE('',*,*,#2750,.T.);
#7035 = ORIENTED_EDGE('',*,*,#7012,.F.);
#7036 = PLANE('',#7037);
#7037 = AXIS2_PLACEMENT_3D('',#7038,#7039,#7040);
#7038 = CARTESIAN_POINT('',(263.05625000001,9.075000000012,
    4.170941870688));
#7039 = DIRECTION('',(0.,0.,1.));
#7040 = DIRECTION('',(1.,0.,-0.));
#7041 = ADVANCED_FACE('',(#7042),#7048,.F.);
#7042 = FACE_BOUND('',#7043,.T.);
#7043 = EDGE_LOOP('',(#7044,#7045,#7046,#7047));
#7044 = ORIENTED_EDGE('',*,*,#4678,.T.);
#7045 = ORIENTED_EDGE('',*,*,#1062,.T.);
#7046 = ORIENTED_EDGE('',*,*,#2759,.T.);
#7047 = ORIENTED_EDGE('',*,*,#7029,.F.);
#7048 = PLANE('',#7049);
#7049 = AXIS2_PLACEMENT_3D('',#7050,#7051,#7052);
#7050 = CARTESIAN_POINT('',(212.73125000001,8.750000000007,
    6.070941870688));
#7051 = DIRECTION('',(1.,0.,0.));
#7052 = DIRECTION('',(0.,-1.,0.));
#7053 = ADVANCED_FACE('',(#7054),#7066,.F.);
#7054 = FACE_BOUND('',#7055,.F.);
#7055 = EDGE_LOOP('',(#7056,#7063,#7064,#7065));
#7056 = ORIENTED_EDGE('',*,*,#7057,.T.);
#7057 = EDGE_CURVE('',#106,#2775,#7058,.T.);
#7058 = B_SPLINE_CURVE_WITH_KNOTS('',3,(#7059,#7060,#7061,#7062),
  .UNSPECIFIED.,.F.,.F.,(4,4),(-64.88640724341,-61.98234387687),
  .PIECEWISE_BEZIER_KNOTS.);
#7059 = CARTESIAN_POINT('',(207.16984275659,9.075000000033,
    4.170941870688));
#7060 = CARTESIAN_POINT('',(208.13786387877,9.075000000033,
    4.170941870688));
#7061 = CARTESIAN_POINT('',(209.10588500095,9.075000000033,
    4.170941870688));
#7062 = CARTESIAN_POINT('',(210.07390612314,9.075000000033,
    4.170941870688));
#7063 = ORIENTED_EDGE('',*,*,#2783,.F.);
#7064 = ORIENTED_EDGE('',*,*,#1143,.F.);
#7065 = ORIENTED_EDGE('',*,*,#114,.F.);
#7066 = B_SPLINE_SURFACE_WITH_KNOTS('',1,1,(
    (#7067,#7068,#7069,#7070)
    ,(#7071,#7072,#7073,#7074)
    ,(#7075,#7076,#7077,#7078
    )),.UNSPECIFIED.,.F.,.F.,.F.,(2,1,2),(2,1,1,2),(-149.1611586694,
    2.025046796916E-13,18.),(-113.9999999999,0.,3.,39.650002000038),
  .UNSPECIFIED.);
#7067 = CARTESIAN_POINT('',(104.89509133052,9.075000000077,
    -109.4290581292));
#7068 = CARTESIAN_POINT('',(104.89509133052,9.075000000077,
    4.570941870688));
#7069 = CARTESIAN_POINT('',(104.89509133052,9.075000000077,
    7.570941870688));
#7070 = CARTESIAN_POINT('',(104.89509133052,9.075000000077,
    44.220943870726));
#7071 = CARTESIAN_POINT('',(254.05625000001,9.075000000019,
    -109.4290581292));
#7072 = CARTESIAN_POINT('',(254.05625000001,9.075000000019,
    4.570941870688));
#7073 = CARTESIAN_POINT('',(254.05625000001,9.075000000019,
    7.570941870688));
#7074 = CARTESIAN_POINT('',(254.05625000001,9.075000000019,
    44.220943870726));
#7075 = CARTESIAN_POINT('',(272.05625000001,9.075000000012,
    -109.4290581292));
#7076 = CARTESIAN_POINT('',(272.05625000001,9.075000000012,
    4.570941870688));
#7077 = CARTESIAN_POINT('',(272.05625000001,9.075000000012,
    7.570941870688));
#7078 = CARTESIAN_POINT('',(272.05625000001,9.075000000012,
    44.220943870726));
#7079 = ADVANCED_FACE('',(#7080),#7091,.F.);
#7080 = FACE_BOUND('',#7081,.T.);
#7081 = EDGE_LOOP('',(#7082,#7083,#7084,#7085));
#7082 = ORIENTED_EDGE('',*,*,#105,.F.);
#7083 = ORIENTED_EDGE('',*,*,#7057,.T.);
#7084 = ORIENTED_EDGE('',*,*,#2774,.T.);
#7085 = ORIENTED_EDGE('',*,*,#7086,.F.);
#7086 = EDGE_CURVE('',#91,#2767,#7087,.T.);
#7087 = LINE('',#7088,#7089);
#7088 = CARTESIAN_POINT('',(263.05625000001,8.42500000001,4.170941870688
    ));
#7089 = VECTOR('',#7090,1.);
#7090 = DIRECTION('',(1.,-4.042198674546E-13,0.));
#7091 = PLANE('',#7092);
#7092 = AXIS2_PLACEMENT_3D('',#7093,#7094,#7095);
#7093 = CARTESIAN_POINT('',(263.05625000001,9.075000000012,
    4.170941870688));
#7094 = DIRECTION('',(0.,0.,1.));
#7095 = DIRECTION('',(1.,0.,-0.));
#7096 = ADVANCED_FACE('',(#7097),#7103,.T.);
#7097 = FACE_BOUND('',#7098,.T.);
#7098 = EDGE_LOOP('',(#7099,#7100,#7101,#7102));
#7099 = ORIENTED_EDGE('',*,*,#90,.T.);
#7100 = ORIENTED_EDGE('',*,*,#7086,.T.);
#7101 = ORIENTED_EDGE('',*,*,#2766,.T.);
#7102 = ORIENTED_EDGE('',*,*,#1104,.T.);
#7103 = PLANE('',#7104);
#7104 = AXIS2_PLACEMENT_3D('',#7105,#7106,#7107);
#7105 = CARTESIAN_POINT('',(263.05625000001,8.42500000001,6.070941870688
    ));
#7106 = DIRECTION('',(-4.042198674546E-13,-1.,0.));
#7107 = DIRECTION('',(-0.,0.,-1.));
#7108 = ADVANCED_FACE('',(#7109),#7120,.T.);
#7109 = FACE_BOUND('',#7110,.T.);
#7110 = EDGE_LOOP('',(#7111,#7112,#7113,#7114));
#7111 = ORIENTED_EDGE('',*,*,#4486,.T.);
#7112 = ORIENTED_EDGE('',*,*,#1299,.T.);
#7113 = ORIENTED_EDGE('',*,*,#2707,.T.);
#7114 = ORIENTED_EDGE('',*,*,#7115,.T.);
#7115 = EDGE_CURVE('',#2699,#4487,#7116,.T.);
#7116 = LINE('',#7117,#7118);
#7117 = CARTESIAN_POINT('',(213.38125000001,8.912500000013,
    4.170941870688));
#7118 = VECTOR('',#7119,1.);
#7119 = DIRECTION('',(0.,1.,0.));
#7120 = PLANE('',#7121);
#7121 = AXIS2_PLACEMENT_3D('',#7122,#7123,#7124);
#7122 = CARTESIAN_POINT('',(213.38125000001,8.750000000007,
    6.070941870688));
#7123 = DIRECTION('',(1.,0.,0.));
#7124 = DIRECTION('',(0.,-1.,0.));
#7125 = ADVANCED_FACE('',(#7126),#7138,.F.);
#7126 = FACE_BOUND('',#7127,.T.);
#7127 = EDGE_LOOP('',(#7128,#7129,#7130,#7131,#7132));
#7128 = ORIENTED_EDGE('',*,*,#4494,.F.);
#7129 = ORIENTED_EDGE('',*,*,#7115,.F.);
#7130 = ORIENTED_EDGE('',*,*,#2698,.T.);
#7131 = ORIENTED_EDGE('',*,*,#2802,.T.);
#7132 = ORIENTED_EDGE('',*,*,#7133,.T.);
#7133 = EDGE_CURVE('',#2795,#4495,#7134,.T.);
#7134 = LINE('',#7135,#7136);
#7135 = CARTESIAN_POINT('',(212.73125000001,8.912500000013,
    4.170941870688));
#7136 = VECTOR('',#7137,1.);
#7137 = DIRECTION('',(0.,1.,0.));
#7138 = PLANE('',#7139);
#7139 = AXIS2_PLACEMENT_3D('',#7140,#7141,#7142);
#7140 = CARTESIAN_POINT('',(263.05625000001,9.075000000012,
    4.170941870688));
#7141 = DIRECTION('',(0.,0.,1.));
#7142 = DIRECTION('',(1.,0.,-0.));
#7143 = ADVANCED_FACE('',(#7144),#7150,.F.);
#7144 = FACE_BOUND('',#7145,.F.);
#7145 = EDGE_LOOP('',(#7146,#7147,#7148,#7149));
#7146 = ORIENTED_EDGE('',*,*,#1167,.F.);
#7147 = ORIENTED_EDGE('',*,*,#2794,.F.);
#7148 = ORIENTED_EDGE('',*,*,#7133,.T.);
#7149 = ORIENTED_EDGE('',*,*,#4502,.F.);
#7150 = PLANE('',#7151);
#7151 = AXIS2_PLACEMENT_3D('',#7152,#7153,#7154);
#7152 = CARTESIAN_POINT('',(212.73125000001,8.750000000007,
    6.070941870688));
#7153 = DIRECTION('',(1.,0.,0.));
#7154 = DIRECTION('',(0.,-1.,0.));
#7155 = ADVANCED_FACE('',(#7156),#7167,.T.);
#7156 = FACE_BOUND('',#7157,.T.);
#7157 = EDGE_LOOP('',(#7158,#7159,#7160,#7161));
#7158 = ORIENTED_EDGE('',*,*,#2186,.T.);
#7159 = ORIENTED_EDGE('',*,*,#1259,.T.);
#7160 = ORIENTED_EDGE('',*,*,#2735,.T.);
#7161 = ORIENTED_EDGE('',*,*,#7162,.T.);
#7162 = EDGE_CURVE('',#2727,#2187,#7163,.T.);
#7163 = LINE('',#7164,#7165);
#7164 = CARTESIAN_POINT('',(263.05625000001,8.42500000001,4.170941870688
    ));
#7165 = VECTOR('',#7166,1.);
#7166 = DIRECTION('',(1.,-4.042198674546E-13,0.));
#7167 = PLANE('',#7168);
#7168 = AXIS2_PLACEMENT_3D('',#7169,#7170,#7171);
#7169 = CARTESIAN_POINT('',(263.05625000001,8.42500000001,6.070941870688
    ));
#7170 = DIRECTION('',(-4.042198674546E-13,-1.,0.));
#7171 = DIRECTION('',(-0.,0.,-1.));
#7172 = ADVANCED_FACE('',(#7173),#7185,.F.);
#7173 = FACE_BOUND('',#7174,.F.);
#7174 = EDGE_LOOP('',(#7175,#7176,#7177,#7184));
#7175 = ORIENTED_EDGE('',*,*,#1323,.F.);
#7176 = ORIENTED_EDGE('',*,*,#2714,.F.);
#7177 = ORIENTED_EDGE('',*,*,#7178,.T.);
#7178 = EDGE_CURVE('',#2715,#2195,#7179,.T.);
#7179 = B_SPLINE_CURVE_WITH_KNOTS('',3,(#7180,#7181,#7182,#7183),
  .UNSPECIFIED.,.F.,.F.,(4,4),(-56.0176561231,-51.98234387687),
  .PIECEWISE_BEZIER_KNOTS.);
#7180 = CARTESIAN_POINT('',(216.03859387691,9.075000000033,
    4.170941870688));
#7181 = CARTESIAN_POINT('',(217.38369795898,9.075000000033,
    4.170941870688));
#7182 = CARTESIAN_POINT('',(218.72880204106,9.075000000033,
    4.170941870688));
#7183 = CARTESIAN_POINT('',(220.07390612314,9.075000000033,
    4.170941870688));
#7184 = ORIENTED_EDGE('',*,*,#2203,.F.);
#7185 = B_SPLINE_SURFACE_WITH_KNOTS('',1,1,(
    (#7186,#7187,#7188,#7189)
    ,(#7190,#7191,#7192,#7193)
    ,(#7194,#7195,#7196,#7197
    )),.UNSPECIFIED.,.F.,.F.,.F.,(2,1,2),(2,1,1,2),(-149.1611586694,
    2.025046796916E-13,18.),(-113.9999999999,0.,3.,39.650002000038),
  .UNSPECIFIED.);
#7186 = CARTESIAN_POINT('',(104.89509133052,9.075000000077,
    -109.4290581292));
#7187 = CARTESIAN_POINT('',(104.89509133052,9.075000000077,
    4.570941870688));
#7188 = CARTESIAN_POINT('',(104.89509133052,9.075000000077,
    7.570941870688));
#7189 = CARTESIAN_POINT('',(104.89509133052,9.075000000077,
    44.220943870726));
#7190 = CARTESIAN_POINT('',(254.05625000001,9.075000000019,
    -109.4290581292));
#7191 = CARTESIAN_POINT('',(254.05625000001,9.075000000019,
    4.570941870688));
#7192 = CARTESIAN_POINT('',(254.05625000001,9.075000000019,
    7.570941870688));
#7193 = CARTESIAN_POINT('',(254.05625000001,9.075000000019,
    44.220943870726));
#7194 = CARTESIAN_POINT('',(272.05625000001,9.075000000012,
    -109.4290581292));
#7195 = CARTESIAN_POINT('',(272.05625000001,9.075000000012,
    4.570941870688));
#7196 = CARTESIAN_POINT('',(272.05625000001,9.075000000012,
    7.570941870688));
#7197 = CARTESIAN_POINT('',(272.05625000001,9.075000000012,
    44.220943870726));
#7198 = ADVANCED_FACE('',(#7199),#7205,.F.);
#7199 = FACE_BOUND('',#7200,.T.);
#7200 = EDGE_LOOP('',(#7201,#7202,#7203,#7204));
#7201 = ORIENTED_EDGE('',*,*,#2194,.T.);
#7202 = ORIENTED_EDGE('',*,*,#7162,.F.);
#7203 = ORIENTED_EDGE('',*,*,#2726,.T.);
#7204 = ORIENTED_EDGE('',*,*,#7178,.T.);
#7205 = PLANE('',#7206);
#7206 = AXIS2_PLACEMENT_3D('',#7207,#7208,#7209);
#7207 = CARTESIAN_POINT('',(263.05625000001,9.075000000012,
    4.170941870688));
#7208 = DIRECTION('',(0.,0.,1.));
#7209 = DIRECTION('',(1.,0.,-0.));
#7210 = ADVANCED_FACE('',(#7211),#7222,.F.);
#7211 = FACE_BOUND('',#7212,.F.);
#7212 = EDGE_LOOP('',(#7213,#7214,#7215,#7221));
#7213 = ORIENTED_EDGE('',*,*,#1349,.F.);
#7214 = ORIENTED_EDGE('',*,*,#2214,.F.);
#7215 = ORIENTED_EDGE('',*,*,#7216,.T.);
#7216 = EDGE_CURVE('',#2215,#4472,#7217,.T.);
#7217 = LINE('',#7218,#7219);
#7218 = CARTESIAN_POINT('',(222.73125000002,8.912500000013,
    4.170941870688));
#7219 = VECTOR('',#7220,1.);
#7220 = DIRECTION('',(0.,1.,0.));
#7221 = ORIENTED_EDGE('',*,*,#4479,.F.);
#7222 = PLANE('',#7223);
#7223 = AXIS2_PLACEMENT_3D('',#7224,#7225,#7226);
#7224 = CARTESIAN_POINT('',(222.73125000002,8.750000000007,
    6.070941870688));
#7225 = DIRECTION('',(1.,0.,0.));
#7226 = DIRECTION('',(0.,-1.,0.));
#7227 = ADVANCED_FACE('',(#7228),#7240,.F.);
#7228 = FACE_BOUND('',#7229,.T.);
#7229 = EDGE_LOOP('',(#7230,#7231,#7237,#7238,#7239));
#7230 = ORIENTED_EDGE('',*,*,#4471,.F.);
#7231 = ORIENTED_EDGE('',*,*,#7232,.F.);
#7232 = EDGE_CURVE('',#2119,#4464,#7233,.T.);
#7233 = LINE('',#7234,#7235);
#7234 = CARTESIAN_POINT('',(223.38125000002,8.912500000013,
    4.170941870688));
#7235 = VECTOR('',#7236,1.);
#7236 = DIRECTION('',(0.,1.,0.));
#7237 = ORIENTED_EDGE('',*,*,#2118,.T.);
#7238 = ORIENTED_EDGE('',*,*,#2222,.T.);
#7239 = ORIENTED_EDGE('',*,*,#7216,.T.);
#7240 = PLANE('',#7241);
#7241 = AXIS2_PLACEMENT_3D('',#7242,#7243,#7244);
#7242 = CARTESIAN_POINT('',(263.05625000001,9.075000000012,
    4.170941870688));
#7243 = DIRECTION('',(0.,0.,1.));
#7244 = DIRECTION('',(1.,0.,-0.));
#7245 = ADVANCED_FACE('',(#7246),#7252,.T.);
#7246 = FACE_BOUND('',#7247,.T.);
#7247 = EDGE_LOOP('',(#7248,#7249,#7250,#7251));
#7248 = ORIENTED_EDGE('',*,*,#4463,.T.);
#7249 = ORIENTED_EDGE('',*,*,#1426,.T.);
#7250 = ORIENTED_EDGE('',*,*,#2127,.T.);
#7251 = ORIENTED_EDGE('',*,*,#7232,.T.);
#7252 = PLANE('',#7253);
#7253 = AXIS2_PLACEMENT_3D('',#7254,#7255,#7256);
#7254 = CARTESIAN_POINT('',(223.38125000002,8.750000000007,
    6.070941870688));
#7255 = DIRECTION('',(1.,0.,0.));
#7256 = DIRECTION('',(0.,-1.,0.));
#7257 = ADVANCED_FACE('',(#7258),#7275,.F.);
#7258 = FACE_BOUND('',#7259,.T.);
#7259 = EDGE_LOOP('',(#7260,#7261,#7267,#7268));
#7260 = ORIENTED_EDGE('',*,*,#250,.T.);
#7261 = ORIENTED_EDGE('',*,*,#7262,.F.);
#7262 = EDGE_CURVE('',#4756,#243,#7263,.T.);
#7263 = LINE('',#7264,#7265);
#7264 = CARTESIAN_POINT('',(263.38125000002,8.912500000013,
    4.170941870688));
#7265 = VECTOR('',#7266,1.);
#7266 = DIRECTION('',(2.021099337273E-13,1.,0.));
#7267 = ORIENTED_EDGE('',*,*,#4755,.F.);
#7268 = ORIENTED_EDGE('',*,*,#7269,.T.);
#7269 = EDGE_CURVE('',#4748,#251,#7270,.T.);
#7270 = B_SPLINE_CURVE_WITH_KNOTS('',3,(#7271,#7272,#7273,#7274),
  .UNSPECIFIED.,.F.,.F.,(4,4),(-17.44496754452,-14.68234387687),
  .PIECEWISE_BEZIER_KNOTS.);
#7271 = CARTESIAN_POINT('',(262.73125000001,3.005032455476,
    4.170941870688));
#7272 = CARTESIAN_POINT('',(262.73125000001,3.925907011362,
    4.170941870688));
#7273 = CARTESIAN_POINT('',(262.73125000001,4.846781567248,
    4.170941870688));
#7274 = CARTESIAN_POINT('',(262.73125000001,5.767656123135,
    4.170941870688));
#7275 = PLANE('',#7276);
#7276 = AXIS2_PLACEMENT_3D('',#7277,#7278,#7279);
#7277 = CARTESIAN_POINT('',(263.05625000001,9.075000000012,
    4.170941870688));
#7278 = DIRECTION('',(0.,0.,1.));
#7279 = DIRECTION('',(1.,0.,-0.));
#7280 = ADVANCED_FACE('',(#7281),#7287,.F.);
#7281 = FACE_BOUND('',#7282,.F.);
#7282 = EDGE_LOOP('',(#7283,#7284,#7285,#7286));
#7283 = ORIENTED_EDGE('',*,*,#885,.F.);
#7284 = ORIENTED_EDGE('',*,*,#4747,.F.);
#7285 = ORIENTED_EDGE('',*,*,#7269,.T.);
#7286 = ORIENTED_EDGE('',*,*,#259,.F.);
#7287 = B_SPLINE_SURFACE_WITH_KNOTS('',1,1,(
    (#7288,#7289,#7290,#7291)
    ,(#7292,#7293,#7294,#7295)
    ,(#7296,#7297,#7298,#7299)
    ,(#7300,#7301,#7302,#7303
    )),.UNSPECIFIED.,.F.,.F.,.F.,(2,1,1,2),(2,1,1,2),(-66.20000000002,
    -3.4354741274E-12,18.000000000003,20.700000000005),(-1.,0.,3.,10.5),
  .UNSPECIFIED.);
#7288 = CARTESIAN_POINT('',(262.73125,-66.44999999999,3.570941870688));
#7289 = CARTESIAN_POINT('',(262.73125,-66.44999999999,4.570941870688));
#7290 = CARTESIAN_POINT('',(262.73125,-66.44999999999,7.570941870688));
#7291 = CARTESIAN_POINT('',(262.73125,-66.44999999999,15.070941870688));
#7292 = CARTESIAN_POINT('',(262.73125000001,-0.249999999993,
    3.570941870688));
#7293 = CARTESIAN_POINT('',(262.73125000001,-0.249999999993,
    4.570941870688));
#7294 = CARTESIAN_POINT('',(262.73125000001,-0.249999999993,
    7.570941870688));
#7295 = CARTESIAN_POINT('',(262.73125000001,-0.249999999993,
    15.070941870688));
#7296 = CARTESIAN_POINT('',(262.73125000001,17.750000000007,
    3.570941870688));
#7297 = CARTESIAN_POINT('',(262.73125000001,17.750000000007,
    4.570941870688));
#7298 = CARTESIAN_POINT('',(262.73125000001,17.750000000007,
    7.570941870688));
#7299 = CARTESIAN_POINT('',(262.73125000001,17.750000000007,
    15.070941870688));
#7300 = CARTESIAN_POINT('',(262.73125000001,20.450000000004,
    3.570941870688));
#7301 = CARTESIAN_POINT('',(262.73125000001,20.450000000004,
    4.570941870688));
#7302 = CARTESIAN_POINT('',(262.73125000001,20.450000000004,
    7.570941870688));
#7303 = CARTESIAN_POINT('',(262.73125000001,20.450000000004,
    15.070941870688));
#7304 = ADVANCED_FACE('',(#7305),#7311,.T.);
#7305 = FACE_BOUND('',#7306,.T.);
#7306 = EDGE_LOOP('',(#7307,#7308,#7309,#7310));
#7307 = ORIENTED_EDGE('',*,*,#242,.T.);
#7308 = ORIENTED_EDGE('',*,*,#1784,.T.);
#7309 = ORIENTED_EDGE('',*,*,#4763,.T.);
#7310 = ORIENTED_EDGE('',*,*,#7262,.T.);
#7311 = PLANE('',#7312);
#7312 = AXIS2_PLACEMENT_3D('',#7313,#7314,#7315);
#7313 = CARTESIAN_POINT('',(263.38125000002,8.750000000007,
    6.070941870688));
#7314 = DIRECTION('',(1.,-2.021099337273E-13,0.));
#7315 = DIRECTION('',(0.,0.,-1.));
#7316 = ADVANCED_FACE('',(#7317),#7328,.T.);
#7317 = FACE_BOUND('',#7318,.T.);
#7318 = EDGE_LOOP('',(#7319,#7320,#7321,#7322));
#7319 = ORIENTED_EDGE('',*,*,#4394,.T.);
#7320 = ORIENTED_EDGE('',*,*,#1484,.T.);
#7321 = ORIENTED_EDGE('',*,*,#599,.T.);
#7322 = ORIENTED_EDGE('',*,*,#7323,.F.);
#7323 = EDGE_CURVE('',#4395,#591,#7324,.T.);
#7324 = LINE('',#7325,#7326);
#7325 = CARTESIAN_POINT('',(275.33125000001,8.912500000013,
    4.170941870688));
#7326 = VECTOR('',#7327,1.);
#7327 = DIRECTION('',(0.,-1.,0.));
#7328 = PLANE('',#7329);
#7329 = AXIS2_PLACEMENT_3D('',#7330,#7331,#7332);
#7330 = CARTESIAN_POINT('',(275.33125000001,8.750000000007,
    6.070941870688));
#7331 = DIRECTION('',(1.,0.,0.));
#7332 = DIRECTION('',(0.,-1.,0.));
#7333 = ADVANCED_FACE('',(#7334),#7345,.F.);
#7334 = FACE_BOUND('',#7335,.F.);
#7335 = EDGE_LOOP('',(#7336,#7337,#7338,#7344));
#7336 = ORIENTED_EDGE('',*,*,#1726,.F.);
#7337 = ORIENTED_EDGE('',*,*,#756,.F.);
#7338 = ORIENTED_EDGE('',*,*,#7339,.F.);
#7339 = EDGE_CURVE('',#4403,#757,#7340,.T.);
#7340 = LINE('',#7341,#7342);
#7341 = CARTESIAN_POINT('',(274.68125000001,8.912500000013,
    4.170941870688));
#7342 = VECTOR('',#7343,1.);
#7343 = DIRECTION('',(0.,-1.,0.));
#7344 = ORIENTED_EDGE('',*,*,#4410,.F.);
#7345 = PLANE('',#7346);
#7346 = AXIS2_PLACEMENT_3D('',#7347,#7348,#7349);
#7347 = CARTESIAN_POINT('',(274.68125000001,8.750000000007,
    6.070941870688));
#7348 = DIRECTION('',(1.,0.,0.));
#7349 = DIRECTION('',(0.,-1.,0.));
#7350 = ADVANCED_FACE('',(#7351),#7358,.F.);
#7351 = FACE_BOUND('',#7352,.T.);
#7352 = EDGE_LOOP('',(#7353,#7354,#7355,#7356,#7357));
#7353 = ORIENTED_EDGE('',*,*,#4402,.F.);
#7354 = ORIENTED_EDGE('',*,*,#7323,.T.);
#7355 = ORIENTED_EDGE('',*,*,#590,.T.);
#7356 = ORIENTED_EDGE('',*,*,#764,.T.);
#7357 = ORIENTED_EDGE('',*,*,#7339,.F.);
#7358 = PLANE('',#7359);
#7359 = AXIS2_PLACEMENT_3D('',#7360,#7361,#7362);
#7360 = CARTESIAN_POINT('',(263.05625000001,9.075000000012,
    4.170941870688));
#7361 = DIRECTION('',(0.,0.,1.));
#7362 = DIRECTION('',(1.,0.,-0.));
#7363 = ADVANCED_FACE('',(#7364),#7381,.F.);
#7364 = FACE_BOUND('',#7365,.T.);
#7365 = EDGE_LOOP('',(#7366,#7367,#7373,#7374,#7375));
#7366 = ORIENTED_EDGE('',*,*,#4536,.F.);
#7367 = ORIENTED_EDGE('',*,*,#7368,.T.);
#7368 = EDGE_CURVE('',#4529,#1857,#7369,.T.);
#7369 = LINE('',#7370,#7371);
#7370 = CARTESIAN_POINT('',(313.38125000001,8.912500000013,
    4.170941870688));
#7371 = VECTOR('',#7372,1.);
#7372 = DIRECTION('',(0.,-1.,0.));
#7373 = ORIENTED_EDGE('',*,*,#1856,.T.);
#7374 = ORIENTED_EDGE('',*,*,#1978,.T.);
#7375 = ORIENTED_EDGE('',*,*,#7376,.F.);
#7376 = EDGE_CURVE('',#4363,#1971,#7377,.T.);
#7377 = LINE('',#7378,#7379);
#7378 = CARTESIAN_POINT('',(312.73125000001,8.912500000013,
    4.170941870688));
#7379 = VECTOR('',#7380,1.);
#7380 = DIRECTION('',(0.,-1.,0.));
#7381 = PLANE('',#7382);
#7382 = AXIS2_PLACEMENT_3D('',#7383,#7384,#7385);
#7383 = CARTESIAN_POINT('',(263.05625000001,9.075000000012,
    4.170941870688));
#7384 = DIRECTION('',(0.,0.,1.));
#7385 = DIRECTION('',(1.,0.,-0.));
#7386 = ADVANCED_FACE('',(#7387),#7393,.T.);
#7387 = FACE_BOUND('',#7388,.T.);
#7388 = EDGE_LOOP('',(#7389,#7390,#7391,#7392));
#7389 = ORIENTED_EDGE('',*,*,#4528,.T.);
#7390 = ORIENTED_EDGE('',*,*,#1566,.T.);
#7391 = ORIENTED_EDGE('',*,*,#1865,.T.);
#7392 = ORIENTED_EDGE('',*,*,#7368,.F.);
#7393 = PLANE('',#7394);
#7394 = AXIS2_PLACEMENT_3D('',#7395,#7396,#7397);
#7395 = CARTESIAN_POINT('',(313.38125000001,8.750000000007,
    6.070941870688));
#7396 = DIRECTION('',(1.,0.,0.));
#7397 = DIRECTION('',(0.,-1.,0.));
#7398 = ADVANCED_FACE('',(#7399),#7405,.F.);
#7399 = FACE_BOUND('',#7400,.F.);
#7400 = EDGE_LOOP('',(#7401,#7402,#7403,#7404));
#7401 = ORIENTED_EDGE('',*,*,#1610,.F.);
#7402 = ORIENTED_EDGE('',*,*,#1970,.F.);
#7403 = ORIENTED_EDGE('',*,*,#7376,.F.);
#7404 = ORIENTED_EDGE('',*,*,#4362,.F.);
#7405 = PLANE('',#7406);
#7406 = AXIS2_PLACEMENT_3D('',#7407,#7408,#7409);
#7407 = CARTESIAN_POINT('',(312.73125000001,8.750000000007,
    6.070941870688));
#7408 = DIRECTION('',(1.,0.,0.));
#7409 = DIRECTION('',(0.,-1.,0.));
#7410 = ADVANCED_FACE('',(#7411),#7422,.T.);
#7411 = FACE_BOUND('',#7412,.T.);
#7412 = EDGE_LOOP('',(#7413,#7414,#7420,#7421));
#7413 = ORIENTED_EDGE('',*,*,#434,.T.);
#7414 = ORIENTED_EDGE('',*,*,#7415,.T.);
#7415 = EDGE_CURVE('',#426,#1943,#7416,.T.);
#7416 = LINE('',#7417,#7418);
#7417 = CARTESIAN_POINT('',(263.05625000001,8.42500000001,4.170941870688
    ));
#7418 = VECTOR('',#7419,1.);
#7419 = DIRECTION('',(1.,-4.042198674546E-13,0.));
#7420 = ORIENTED_EDGE('',*,*,#1942,.T.);
#7421 = ORIENTED_EDGE('',*,*,#3586,.T.);
#7422 = PLANE('',#7423);
#7423 = AXIS2_PLACEMENT_3D('',#7424,#7425,#7426);
#7424 = CARTESIAN_POINT('',(263.05625000001,8.42500000001,6.070941870688
    ));
#7425 = DIRECTION('',(-4.042198674546E-13,-1.,0.));
#7426 = DIRECTION('',(-0.,0.,-1.));
#7427 = ADVANCED_FACE('',(#7428),#7440,.F.);
#7428 = FACE_BOUND('',#7429,.T.);
#7429 = EDGE_LOOP('',(#7430,#7431,#7438,#7439));
#7430 = ORIENTED_EDGE('',*,*,#425,.T.);
#7431 = ORIENTED_EDGE('',*,*,#7432,.T.);
#7432 = EDGE_CURVE('',#414,#1951,#7433,.T.);
#7433 = B_SPLINE_CURVE_WITH_KNOTS('',3,(#7434,#7435,#7436,#7437),
  .UNSPECIFIED.,.F.,.F.,(4,4),(-108.3676945932,-104.332382347),
  .PIECEWISE_BEZIER_KNOTS.);
#7434 = CARTESIAN_POINT('',(306.03859387688,9.074999999997,
    4.170941870688));
#7435 = CARTESIAN_POINT('',(307.38369795895,9.074999999997,
    4.170941870688));
#7436 = CARTESIAN_POINT('',(308.72880204103,9.074999999997,
    4.170941870688));
#7437 = CARTESIAN_POINT('',(310.0739061231,9.074999999997,4.170941870688
    ));
#7438 = ORIENTED_EDGE('',*,*,#1950,.T.);
#7439 = ORIENTED_EDGE('',*,*,#7415,.F.);
#7440 = PLANE('',#7441);
#7441 = AXIS2_PLACEMENT_3D('',#7442,#7443,#7444);
#7442 = CARTESIAN_POINT('',(263.05625000001,9.075000000012,
    4.170941870688));
#7443 = DIRECTION('',(0.,0.,1.));
#7444 = DIRECTION('',(1.,0.,-0.));
#7445 = ADVANCED_FACE('',(#7446),#7452,.F.);
#7446 = FACE_BOUND('',#7447,.F.);
#7447 = EDGE_LOOP('',(#7448,#7449,#7450,#7451));
#7448 = ORIENTED_EDGE('',*,*,#7432,.T.);
#7449 = ORIENTED_EDGE('',*,*,#1959,.F.);
#7450 = ORIENTED_EDGE('',*,*,#1638,.F.);
#7451 = ORIENTED_EDGE('',*,*,#413,.F.);
#7452 = B_SPLINE_SURFACE_WITH_KNOTS('',1,1,(
    (#7453,#7454,#7455,#7456)
    ,(#7457,#7458,#7459,#7460)
    ,(#7461,#7462,#7463,#7464)
    ,(#7465,#7466,#7467,#7468
    )),.UNSPECIFIED.,.F.,.F.,.F.,(2,1,1,2),(2,1,1,2),(-47.825,
    2.025046796916E-13,18.,160.35003847013),(-1.,0.,3.,10.5),
  .UNSPECIFIED.);
#7453 = CARTESIAN_POINT('',(206.23125000001,9.075000000041,
    3.570941870688));
#7454 = CARTESIAN_POINT('',(206.23125000001,9.075000000041,
    4.570941870688));
#7455 = CARTESIAN_POINT('',(206.23125000001,9.075000000041,
    7.570941870688));
#7456 = CARTESIAN_POINT('',(206.23125000001,9.075000000041,
    15.070941870688));
#7457 = CARTESIAN_POINT('',(254.05625000001,9.075000000019,
    3.570941870688));
#7458 = CARTESIAN_POINT('',(254.05625000001,9.075000000019,
    4.570941870688));
#7459 = CARTESIAN_POINT('',(254.05625000001,9.075000000019,
    7.570941870688));
#7460 = CARTESIAN_POINT('',(254.05625000001,9.075000000019,
    15.070941870688));
#7461 = CARTESIAN_POINT('',(272.05625000001,9.075000000012,
    3.570941870688));
#7462 = CARTESIAN_POINT('',(272.05625000001,9.075000000012,
    4.570941870688));
#7463 = CARTESIAN_POINT('',(272.05625000001,9.075000000012,
    7.570941870688));
#7464 = CARTESIAN_POINT('',(272.05625000001,9.075000000012,
    15.070941870688));
#7465 = CARTESIAN_POINT('',(414.40628847016,9.074999999953,
    3.570941870688));
#7466 = CARTESIAN_POINT('',(414.40628847016,9.074999999953,
    4.570941870688));
#7467 = CARTESIAN_POINT('',(414.40628847016,9.074999999953,
    7.570941870688));
#7468 = CARTESIAN_POINT('',(414.40628847016,9.074999999953,
    15.070941870688));
#7469 = ADVANCED_FACE('',(#7470),#7481,.T.);
#7470 = FACE_BOUND('',#7471,.T.);
#7471 = EDGE_LOOP('',(#7472,#7473,#7479,#7480));
#7472 = ORIENTED_EDGE('',*,*,#217,.T.);
#7473 = ORIENTED_EDGE('',*,*,#7474,.T.);
#7474 = EDGE_CURVE('',#209,#713,#7475,.T.);
#7475 = LINE('',#7476,#7477);
#7476 = CARTESIAN_POINT('',(263.05625000001,8.42500000001,4.170941870688
    ));
#7477 = VECTOR('',#7478,1.);
#7478 = DIRECTION('',(1.,-4.042198674546E-13,0.));
#7479 = ORIENTED_EDGE('',*,*,#712,.T.);
#7480 = ORIENTED_EDGE('',*,*,#1812,.T.);
#7481 = PLANE('',#7482);
#7482 = AXIS2_PLACEMENT_3D('',#7483,#7484,#7485);
#7483 = CARTESIAN_POINT('',(263.05625000001,8.42500000001,6.070941870688
    ));
#7484 = DIRECTION('',(-4.042198674546E-13,-1.,0.));
#7485 = DIRECTION('',(-0.,0.,-1.));
#7486 = ADVANCED_FACE('',(#7487),#7499,.F.);
#7487 = FACE_BOUND('',#7488,.F.);
#7488 = EDGE_LOOP('',(#7489,#7496,#7497,#7498));
#7489 = ORIENTED_EDGE('',*,*,#7490,.T.);
#7490 = EDGE_CURVE('',#197,#721,#7491,.T.);
#7491 = B_SPLINE_CURVE_WITH_KNOTS('',3,(#7492,#7493,#7494,#7495),
  .UNSPECIFIED.,.F.,.F.,(4,4),(-148.3676945932,-142.382382347),
  .PIECEWISE_BEZIER_KNOTS.);
#7492 = CARTESIAN_POINT('',(266.03859387689,9.075000000019,
    4.170941870688));
#7493 = CARTESIAN_POINT('',(268.03369795897,9.075000000019,
    4.170941870688));
#7494 = CARTESIAN_POINT('',(270.02880204104,9.075000000004,
    4.170941870688));
#7495 = CARTESIAN_POINT('',(272.02390612311,9.075000000004,
    4.170941870688));
#7496 = ORIENTED_EDGE('',*,*,#729,.F.);
#7497 = ORIENTED_EDGE('',*,*,#1754,.F.);
#7498 = ORIENTED_EDGE('',*,*,#196,.F.);
#7499 = B_SPLINE_SURFACE_WITH_KNOTS('',1,1,(
    (#7500,#7501,#7502,#7503)
    ,(#7504,#7505,#7506,#7507)
    ,(#7508,#7509,#7510,#7511)
    ,(#7512,#7513,#7514,#7515
    )),.UNSPECIFIED.,.F.,.F.,.F.,(2,1,1,2),(2,1,1,2),(-47.825,
    2.025046796916E-13,18.,160.35003847013),(-1.,0.,3.,10.5),
  .UNSPECIFIED.);
#7500 = CARTESIAN_POINT('',(206.23125000001,9.075000000041,
    3.570941870688));
#7501 = CARTESIAN_POINT('',(206.23125000001,9.075000000041,
    4.570941870688));
#7502 = CARTESIAN_POINT('',(206.23125000001,9.075000000041,
    7.570941870688));
#7503 = CARTESIAN_POINT('',(206.23125000001,9.075000000041,
    15.070941870688));
#7504 = CARTESIAN_POINT('',(254.05625000001,9.075000000019,
    3.570941870688));
#7505 = CARTESIAN_POINT('',(254.05625000001,9.075000000019,
    4.570941870688));
#7506 = CARTESIAN_POINT('',(254.05625000001,9.075000000019,
    7.570941870688));
#7507 = CARTESIAN_POINT('',(254.05625000001,9.075000000019,
    15.070941870688));
#7508 = CARTESIAN_POINT('',(272.05625000001,9.075000000012,
    3.570941870688));
#7509 = CARTESIAN_POINT('',(272.05625000001,9.075000000012,
    4.570941870688));
#7510 = CARTESIAN_POINT('',(272.05625000001,9.075000000012,
    7.570941870688));
#7511 = CARTESIAN_POINT('',(272.05625000001,9.075000000012,
    15.070941870688));
#7512 = CARTESIAN_POINT('',(414.40628847016,9.074999999953,
    3.570941870688));
#7513 = CARTESIAN_POINT('',(414.40628847016,9.074999999953,
    4.570941870688));
#7514 = CARTESIAN_POINT('',(414.40628847016,9.074999999953,
    7.570941870688));
#7515 = CARTESIAN_POINT('',(414.40628847016,9.074999999953,
    15.070941870688));
#7516 = ADVANCED_FACE('',(#7517),#7523,.F.);
#7517 = FACE_BOUND('',#7518,.T.);
#7518 = EDGE_LOOP('',(#7519,#7520,#7521,#7522));
#7519 = ORIENTED_EDGE('',*,*,#208,.T.);
#7520 = ORIENTED_EDGE('',*,*,#7490,.T.);
#7521 = ORIENTED_EDGE('',*,*,#720,.T.);
#7522 = ORIENTED_EDGE('',*,*,#7474,.F.);
#7523 = PLANE('',#7524);
#7524 = AXIS2_PLACEMENT_3D('',#7525,#7526,#7527);
#7525 = CARTESIAN_POINT('',(263.05625000001,9.075000000012,
    4.170941870688));
#7526 = DIRECTION('',(0.,0.,1.));
#7527 = DIRECTION('',(1.,0.,-0.));
#7528 = ADVANCED_FACE('',(#7529),#7540,.T.);
#7529 = FACE_BOUND('',#7530,.T.);
#7530 = EDGE_LOOP('',(#7531,#7532,#7538,#7539));
#7531 = ORIENTED_EDGE('',*,*,#4637,.T.);
#7532 = ORIENTED_EDGE('',*,*,#7533,.F.);
#7533 = EDGE_CURVE('',#460,#4638,#7534,.T.);
#7534 = LINE('',#7535,#7536);
#7535 = CARTESIAN_POINT('',(303.38125000002,8.912500000013,
    4.170941870688));
#7536 = VECTOR('',#7537,1.);
#7537 = DIRECTION('',(0.,-1.,0.));
#7538 = ORIENTED_EDGE('',*,*,#459,.T.);
#7539 = ORIENTED_EDGE('',*,*,#3596,.T.);
#7540 = PLANE('',#7541);
#7541 = AXIS2_PLACEMENT_3D('',#7542,#7543,#7544);
#7542 = CARTESIAN_POINT('',(303.38125000002,8.750000000007,
    6.070941870688));
#7543 = DIRECTION('',(1.,0.,0.));
#7544 = DIRECTION('',(0.,-1.,0.));
#7545 = ADVANCED_FACE('',(#7546),#7557,.F.);
#7546 = FACE_BOUND('',#7547,.T.);
#7547 = EDGE_LOOP('',(#7548,#7549,#7555,#7556));
#7548 = ORIENTED_EDGE('',*,*,#4801,.F.);
#7549 = ORIENTED_EDGE('',*,*,#7550,.F.);
#7550 = EDGE_CURVE('',#468,#4794,#7551,.T.);
#7551 = LINE('',#7552,#7553);
#7552 = CARTESIAN_POINT('',(302.73125000002,8.912500000013,
    4.170941870688));
#7553 = VECTOR('',#7554,1.);
#7554 = DIRECTION('',(0.,-1.,0.));
#7555 = ORIENTED_EDGE('',*,*,#467,.T.);
#7556 = ORIENTED_EDGE('',*,*,#7533,.T.);
#7557 = PLANE('',#7558);
#7558 = AXIS2_PLACEMENT_3D('',#7559,#7560,#7561);
#7559 = CARTESIAN_POINT('',(263.05625000001,9.075000000012,
    4.170941870688));
#7560 = DIRECTION('',(0.,0.,1.));
#7561 = DIRECTION('',(1.,0.,-0.));
#7562 = ADVANCED_FACE('',(#7563),#7569,.F.);
#7563 = FACE_BOUND('',#7564,.T.);
#7564 = EDGE_LOOP('',(#7565,#7566,#7567,#7568));
#7565 = ORIENTED_EDGE('',*,*,#4793,.T.);
#7566 = ORIENTED_EDGE('',*,*,#1698,.T.);
#7567 = ORIENTED_EDGE('',*,*,#476,.T.);
#7568 = ORIENTED_EDGE('',*,*,#7550,.T.);
#7569 = PLANE('',#7570);
#7570 = AXIS2_PLACEMENT_3D('',#7571,#7572,#7573);
#7571 = CARTESIAN_POINT('',(302.73125000002,8.750000000007,
    6.070941870688));
#7572 = DIRECTION('',(1.,0.,0.));
#7573 = DIRECTION('',(0.,-1.,0.));
#7574 = ( GEOMETRIC_REPRESENTATION_CONTEXT(3) 
GLOBAL_UNCERTAINTY_ASSIGNED_CONTEXT((#7578)) 
GLOBAL_UNIT_ASSIGNED_CONTEXT((#7575,#7576,#7577)) REPRESENTATION_CONTEXT
('Context #1','3D Context with UNIT and UNCERTAINTY') );
#7575 = ( LENGTH_UNIT() NAMED_UNIT(*) SI_UNIT(.MILLI.,.METRE.) );
#7576 = ( NAMED_UNIT(*) PLANE_ANGLE_UNIT() SI_UNIT($,.RADIAN.) );
#7577 = ( NAMED_UNIT(*) SI_UNIT($,.STERADIAN.) SOLID_ANGLE_UNIT() );
#7578 = UNCERTAINTY_MEASURE_WITH_UNIT(LENGTH_MEASURE(1.E-04),#7575,
  'distance_accuracy_value','confusion accuracy');
#7579 = PRODUCT_RELATED_PRODUCT_CATEGORY('part',$,(#7));
#7580 = MECHANICAL_DESIGN_GEOMETRIC_PRESENTATION_REPRESENTATION('',(
    #7581),#7574);
#7581 = STYLED_ITEM('color',(#7582),#15);
#7582 = PRESENTATION_STYLE_ASSIGNMENT((#7583,#7589));
#7583 = SURFACE_STYLE_USAGE(.BOTH.,#7584);
#7584 = SURFACE_SIDE_STYLE('',(#7585));
#7585 = SURFACE_STYLE_FILL_AREA(#7586);
#7586 = FILL_AREA_STYLE('',(#7587));
#7587 = FILL_AREA_STYLE_COLOUR('',#7588);
#7588 = DRAUGHTING_PRE_DEFINED_COLOUR('white');
#7589 = CURVE_STYLE('',#7590,POSITIVE_LENGTH_MEASURE(0.1),#7591);
#7590 = DRAUGHTING_PRE_DEFINED_CURVE_FONT('continuous');
#7591 = COLOUR_RGB('',9.803921802644E-02,9.803921802644E-02,
  9.803921802644E-02);
ENDSEC;
END-ISO-10303-21;
